,datetime,instrument,score,exp_name,rid,weight,real_label,error,abs_error
0,2026-05-21,SH600000,-0.0001628373495605366,EXP_CatBoostModel_Alpha158_csi300_custom_step0_s_20260521_18,b49c474acfe34c72a08b55458ce04d92,0.049,,,
1,2026-05-21,SZ300803,0.05657436168301982,EXP_DEnsembleModel_Alpha158_csi300_custom_step0_s_20260521_16,098c3398601641e8827738cd8a9da176,0.032,,,
2,2026-05-21,SZ300832,0.17432416083809313,EXP_DEnsembleModel_Alpha158_csi300_custom_step0_s_20260521_16,098c3398601641e8827738cd8a9da176,0.032,,,
3,2026-05-21,SZ300866,0.16357918539609412,EXP_DEnsembleModel_Alpha158_csi300_custom_step0_s_20260521_16,098c3398601641e8827738cd8a9da176,0.032,,,
4,2026-05-21,SZ300896,0.06265920013540731,EXP_DEnsembleModel_Alpha158_csi300_custom_step0_s_20260521_16,098c3398601641e8827738cd8a9da176,0.032,,,
5,2026-05-21,SZ300979,-0.030084375079554353,EXP_DEnsembleModel_Alpha158_csi300_custom_step0_s_20260521_16,098c3398601641e8827738cd8a9da176,0.032,,,
6,2026-05-21,SZ300999,-0.02475688101800046,EXP_DEnsembleModel_Alpha158_csi300_custom_step0_s_20260521_16,098c3398601641e8827738cd8a9da176,0.032,,,
7,2026-05-21,SZ301236,-0.03092754453107371,EXP_DEnsembleModel_Alpha158_csi300_custom_step0_s_20260521_16,098c3398601641e8827738cd8a9da176,0.032,,,
8,2026-05-21,SZ301269,-0.09898201076478806,EXP_DEnsembleModel_Alpha158_csi300_custom_step0_s_20260521_16,098c3398601641e8827738cd8a9da176,0.032,,,
9,2026-05-21,SZ302132,-0.005299910088502906,EXP_DEnsembleModel_Alpha158_csi300_custom_step0_s_20260521_16,098c3398601641e8827738cd8a9da176,0.032,,,
10,2026-05-21,SH600000,-0.0447213351726532,EXP_LinearModel_Alpha158_csi300_custom_step0_s_20260521_15,af9a831273e9461d90c7c3d808587b8f,0.097,,,
11,2026-05-21,SH600009,-0.02475671097636223,EXP_LinearModel_Alpha158_csi300_custom_step0_s_20260521_15,af9a831273e9461d90c7c3d808587b8f,0.097,,,
12,2026-05-21,SH600010,-0.004262087866663933,EXP_LinearModel_Alpha158_csi300_custom_step0_s_20260521_15,af9a831273e9461d90c7c3d808587b8f,0.097,,,
13,2026-05-21,SH600011,-0.011480754241347313,EXP_LinearModel_Alpha158_csi300_custom_step0_s_20260521_15,af9a831273e9461d90c7c3d808587b8f,0.097,,,
14,2026-05-21,SH600015,0.005179932340979576,EXP_LinearModel_Alpha158_csi300_custom_step0_s_20260521_15,af9a831273e9461d90c7c3d808587b8f,0.097,,,
15,2026-05-21,SH600016,0.030401751399040222,EXP_LinearModel_Alpha158_csi300_custom_step0_s_20260521_15,af9a831273e9461d90c7c3d808587b8f,0.097,,,
16,2026-05-21,SH600018,0.0819801539182663,EXP_LinearModel_Alpha158_csi300_custom_step0_s_20260521_15,af9a831273e9461d90c7c3d808587b8f,0.097,,,
17,2026-05-21,SH600019,0.043719518929719925,EXP_LinearModel_Alpha158_csi300_custom_step0_s_20260521_15,af9a831273e9461d90c7c3d808587b8f,0.097,,,
18,2026-05-21,SH600066,0.0035102730616927147,EXP_LinearModel_Alpha158_csi300_custom_step0_s_20260521_15,af9a831273e9461d90c7c3d808587b8f,0.097,,,
19,2026-05-21,SH600061,-0.01291398610919714,EXP_LinearModel_Alpha158_csi300_custom_step0_s_20260521_15,af9a831273e9461d90c7c3d808587b8f,0.097,,,
20,2026-05-21,SH600050,-0.012931836768984795,EXP_LinearModel_Alpha158_csi300_custom_step0_s_20260521_15,af9a831273e9461d90c7c3d808587b8f,0.097,,,
21,2026-05-21,SH600048,-0.009585119783878326,EXP_LinearModel_Alpha158_csi300_custom_step0_s_20260521_15,af9a831273e9461d90c7c3d808587b8f,0.097,,,
22,2026-05-21,SH600039,0.13728176057338715,EXP_LinearModel_Alpha158_csi300_custom_step0_s_20260521_15,af9a831273e9461d90c7c3d808587b8f,0.097,,,
23,2026-05-21,SH600036,-0.035808343440294266,EXP_LinearModel_Alpha158_csi300_custom_step0_s_20260521_15,af9a831273e9461d90c7c3d808587b8f,0.097,,,
24,2026-05-21,SZ300782,-0.14554347147672617,EXP_DEnsembleModel_Alpha158_csi300_custom_step0_s_20260521_16,098c3398601641e8827738cd8a9da176,0.032,,,
25,2026-05-21,SH600031,-0.04048862308263779,EXP_LinearModel_Alpha158_csi300_custom_step0_s_20260521_15,af9a831273e9461d90c7c3d808587b8f,0.097,,,
26,2026-05-21,SH600029,-0.05906851217150688,EXP_LinearModel_Alpha158_csi300_custom_step0_s_20260521_15,af9a831273e9461d90c7c3d808587b8f,0.097,,,
27,2026-05-21,SH600028,-0.06744182109832764,EXP_LinearModel_Alpha158_csi300_custom_step0_s_20260521_15,af9a831273e9461d90c7c3d808587b8f,0.097,,,
28,2026-05-21,SH600027,-0.014866214245557785,EXP_LinearModel_Alpha158_csi300_custom_step0_s_20260521_15,af9a831273e9461d90c7c3d808587b8f,0.097,,,
29,2026-05-21,SH600026,-0.0024678304325789213,EXP_LinearModel_Alpha158_csi300_custom_step0_s_20260521_15,af9a831273e9461d90c7c3d808587b8f,0.097,,,
30,2026-05-21,SH600025,0.008527316153049469,EXP_LinearModel_Alpha158_csi300_custom_step0_s_20260521_15,af9a831273e9461d90c7c3d808587b8f,0.097,,,
31,2026-05-21,SH600023,-0.01986878551542759,EXP_LinearModel_Alpha158_csi300_custom_step0_s_20260521_15,af9a831273e9461d90c7c3d808587b8f,0.097,,,
32,2026-05-21,SH600030,0.0030334708280861378,EXP_LinearModel_Alpha158_csi300_custom_step0_s_20260521_15,af9a831273e9461d90c7c3d808587b8f,0.097,,,
33,2026-05-21,SH600085,-0.030380062758922577,EXP_LinearModel_Alpha158_csi300_custom_step0_s_20260521_15,af9a831273e9461d90c7c3d808587b8f,0.097,,,
34,2026-05-21,SZ300760,0.16773669365998936,EXP_DEnsembleModel_Alpha158_csi300_custom_step0_s_20260521_16,098c3398601641e8827738cd8a9da176,0.032,,,
35,2026-05-21,SZ300750,0.08088527279966147,EXP_DEnsembleModel_Alpha158_csi300_custom_step0_s_20260521_16,098c3398601641e8827738cd8a9da176,0.032,,,
36,2026-05-21,SZ002625,0.03563404016411181,EXP_DEnsembleModel_Alpha158_csi300_custom_step0_s_20260521_16,098c3398601641e8827738cd8a9da176,0.032,,,
37,2026-05-21,SZ002648,0.10510041943418834,EXP_DEnsembleModel_Alpha158_csi300_custom_step0_s_20260521_16,098c3398601641e8827738cd8a9da176,0.032,,,
38,2026-05-21,SZ002709,0.31807888530628575,EXP_DEnsembleModel_Alpha158_csi300_custom_step0_s_20260521_16,098c3398601641e8827738cd8a9da176,0.032,,,
39,2026-05-21,SZ002714,0.07744267532980441,EXP_DEnsembleModel_Alpha158_csi300_custom_step0_s_20260521_16,098c3398601641e8827738cd8a9da176,0.032,,,
40,2026-05-21,SZ002736,0.05468187860926804,EXP_DEnsembleModel_Alpha158_csi300_custom_step0_s_20260521_16,098c3398601641e8827738cd8a9da176,0.032,,,
41,2026-05-21,SZ002916,0.12999831424353986,EXP_DEnsembleModel_Alpha158_csi300_custom_step0_s_20260521_16,098c3398601641e8827738cd8a9da176,0.032,,,
42,2026-05-21,SZ002920,-0.04421991682355705,EXP_DEnsembleModel_Alpha158_csi300_custom_step0_s_20260521_16,098c3398601641e8827738cd8a9da176,0.032,,,
43,2026-05-21,SZ002938,0.05184140593884584,EXP_DEnsembleModel_Alpha158_csi300_custom_step0_s_20260521_16,098c3398601641e8827738cd8a9da176,0.032,,,
44,2026-05-21,SZ003816,0.033449477165593745,EXP_DEnsembleModel_Alpha158_csi300_custom_step0_s_20260521_16,098c3398601641e8827738cd8a9da176,0.032,,,
45,2026-05-21,SZ300014,-0.05857888427961822,EXP_DEnsembleModel_Alpha158_csi300_custom_step0_s_20260521_16,098c3398601641e8827738cd8a9da176,0.032,,,
46,2026-05-21,SZ300015,0.07189925127230448,EXP_DEnsembleModel_Alpha158_csi300_custom_step0_s_20260521_16,098c3398601641e8827738cd8a9da176,0.032,,,
47,2026-05-21,SZ300033,0.059017599294302676,EXP_DEnsembleModel_Alpha158_csi300_custom_step0_s_20260521_16,098c3398601641e8827738cd8a9da176,0.032,,,
48,2026-05-21,SZ300059,0.09993585169507344,EXP_DEnsembleModel_Alpha158_csi300_custom_step0_s_20260521_16,098c3398601641e8827738cd8a9da176,0.032,,,
49,2026-05-21,SZ300122,-0.009172648268351654,EXP_DEnsembleModel_Alpha158_csi300_custom_step0_s_20260521_16,098c3398601641e8827738cd8a9da176,0.032,,,
50,2026-05-21,SZ300124,0.1445243381536588,EXP_DEnsembleModel_Alpha158_csi300_custom_step0_s_20260521_16,098c3398601641e8827738cd8a9da176,0.032,,,
51,2026-05-21,SZ300251,0.10665539106268497,EXP_DEnsembleModel_Alpha158_csi300_custom_step0_s_20260521_16,098c3398601641e8827738cd8a9da176,0.032,,,
52,2026-05-21,SZ300274,0.11687531711408959,EXP_DEnsembleModel_Alpha158_csi300_custom_step0_s_20260521_16,098c3398601641e8827738cd8a9da176,0.032,,,
53,2026-05-21,SZ300661,-0.12167486088446276,EXP_DEnsembleModel_Alpha158_csi300_custom_step0_s_20260521_16,098c3398601641e8827738cd8a9da176,0.032,,,
54,2026-05-21,SZ300628,-0.07123747845696972,EXP_DEnsembleModel_Alpha158_csi300_custom_step0_s_20260521_16,098c3398601641e8827738cd8a9da176,0.032,,,
55,2026-05-21,SZ300502,-0.0198074182088914,EXP_DEnsembleModel_Alpha158_csi300_custom_step0_s_20260521_16,098c3398601641e8827738cd8a9da176,0.032,,,
56,2026-05-21,SZ300498,0.030135915706724956,EXP_DEnsembleModel_Alpha158_csi300_custom_step0_s_20260521_16,098c3398601641e8827738cd8a9da176,0.032,,,
57,2026-05-21,SZ300476,0.26921417559853367,EXP_DEnsembleModel_Alpha158_csi300_custom_step0_s_20260521_16,098c3398601641e8827738cd8a9da176,0.032,,,
58,2026-05-21,SZ300442,-0.06978392350271996,EXP_DEnsembleModel_Alpha158_csi300_custom_step0_s_20260521_16,098c3398601641e8827738cd8a9da176,0.032,,,
59,2026-05-21,SZ300759,0.051476789350354435,EXP_DEnsembleModel_Alpha158_csi300_custom_step0_s_20260521_16,098c3398601641e8827738cd8a9da176,0.032,,,
60,2026-05-21,SZ300433,-0.1473030526275914,EXP_DEnsembleModel_Alpha158_csi300_custom_step0_s_20260521_16,098c3398601641e8827738cd8a9da176,0.032,,,
61,2026-05-21,SZ300413,0.02321844298899713,EXP_DEnsembleModel_Alpha158_csi300_custom_step0_s_20260521_16,098c3398601641e8827738cd8a9da176,0.032,,,
62,2026-05-21,SZ300408,-0.019710562765628607,EXP_DEnsembleModel_Alpha158_csi300_custom_step0_s_20260521_16,098c3398601641e8827738cd8a9da176,0.032,,,
63,2026-05-21,SZ300394,-0.0543739211795656,EXP_DEnsembleModel_Alpha158_csi300_custom_step0_s_20260521_16,098c3398601641e8827738cd8a9da176,0.032,,,
64,2026-05-21,SZ300347,0.23579647510297674,EXP_DEnsembleModel_Alpha158_csi300_custom_step0_s_20260521_16,098c3398601641e8827738cd8a9da176,0.032,,,
65,2026-05-21,SZ300316,-0.21202889310554354,EXP_DEnsembleModel_Alpha158_csi300_custom_step0_s_20260521_16,098c3398601641e8827738cd8a9da176,0.032,,,
66,2026-05-21,SZ300308,-0.03707882157489488,EXP_DEnsembleModel_Alpha158_csi300_custom_step0_s_20260521_16,098c3398601641e8827738cd8a9da176,0.032,,,
67,2026-05-21,SZ300418,0.1071008225335095,EXP_DEnsembleModel_Alpha158_csi300_custom_step0_s_20260521_16,098c3398601641e8827738cd8a9da176,0.032,,,
68,2026-05-21,SZ002601,0.007663652086844584,EXP_DEnsembleModel_Alpha158_csi300_custom_step0_s_20260521_16,098c3398601641e8827738cd8a9da176,0.032,,,
69,2026-05-21,SH600089,-0.03776496648788452,EXP_LinearModel_Alpha158_csi300_custom_step0_s_20260521_15,af9a831273e9461d90c7c3d808587b8f,0.097,,,
70,2026-05-21,SH600111,-0.008307383395731449,EXP_LinearModel_Alpha158_csi300_custom_step0_s_20260521_15,af9a831273e9461d90c7c3d808587b8f,0.097,,,
71,2026-05-21,SH600690,-0.02215450629591942,EXP_LinearModel_Alpha158_csi300_custom_step0_s_20260521_15,af9a831273e9461d90c7c3d808587b8f,0.097,,,
72,2026-05-21,SH600741,-0.04708234220743179,EXP_LinearModel_Alpha158_csi300_custom_step0_s_20260521_15,af9a831273e9461d90c7c3d808587b8f,0.097,,,
73,2026-05-21,SH600760,-0.06182349845767021,EXP_LinearModel_Alpha158_csi300_custom_step0_s_20260521_15,af9a831273e9461d90c7c3d808587b8f,0.097,,,
74,2026-05-21,SH600795,-0.024411790072917938,EXP_LinearModel_Alpha158_csi300_custom_step0_s_20260521_15,af9a831273e9461d90c7c3d808587b8f,0.097,,,
75,2026-05-21,SH600803,0.055656928569078445,EXP_LinearModel_Alpha158_csi300_custom_step0_s_20260521_15,af9a831273e9461d90c7c3d808587b8f,0.097,,,
76,2026-05-21,SH600809,-0.08012906461954117,EXP_LinearModel_Alpha158_csi300_custom_step0_s_20260521_15,af9a831273e9461d90c7c3d808587b8f,0.097,,,
77,2026-05-21,SH600845,-0.02598077803850174,EXP_LinearModel_Alpha158_csi300_custom_step0_s_20260521_15,af9a831273e9461d90c7c3d808587b8f,0.097,,,
78,2026-05-21,SH600875,-0.03973072022199631,EXP_LinearModel_Alpha158_csi300_custom_step0_s_20260521_15,af9a831273e9461d90c7c3d808587b8f,0.097,,,
79,2026-05-21,SH600886,0.007391924969851971,EXP_LinearModel_Alpha158_csi300_custom_step0_s_20260521_15,af9a831273e9461d90c7c3d808587b8f,0.097,,,
80,2026-05-21,SH600887,0.06124857813119888,EXP_LinearModel_Alpha158_csi300_custom_step0_s_20260521_15,af9a831273e9461d90c7c3d808587b8f,0.097,,,
81,2026-05-21,SH600893,-0.012779437005519867,EXP_LinearModel_Alpha158_csi300_custom_step0_s_20260521_15,af9a831273e9461d90c7c3d808587b8f,0.097,,,
82,2026-05-21,SH600900,0.028896795585751534,EXP_LinearModel_Alpha158_csi300_custom_step0_s_20260521_15,af9a831273e9461d90c7c3d808587b8f,0.097,,,
83,2026-05-21,SH600905,-0.005825455766171217,EXP_LinearModel_Alpha158_csi300_custom_step0_s_20260521_15,af9a831273e9461d90c7c3d808587b8f,0.097,,,
84,2026-05-21,SH600918,-0.04481429606676102,EXP_LinearModel_Alpha158_csi300_custom_step0_s_20260521_15,af9a831273e9461d90c7c3d808587b8f,0.097,,,
85,2026-05-21,SH600919,0.05629001557826996,EXP_LinearModel_Alpha158_csi300_custom_step0_s_20260521_15,af9a831273e9461d90c7c3d808587b8f,0.097,,,
86,2026-05-21,SH600926,-0.04233292490243912,EXP_LinearModel_Alpha158_csi300_custom_step0_s_20260521_15,af9a831273e9461d90c7c3d808587b8f,0.097,,,
87,2026-05-21,SH600930,-0.01199384406208992,EXP_LinearModel_Alpha158_csi300_custom_step0_s_20260521_15,af9a831273e9461d90c7c3d808587b8f,0.097,,,
88,2026-05-21,SH601077,-0.06168285757303238,EXP_LinearModel_Alpha158_csi300_custom_step0_s_20260521_15,af9a831273e9461d90c7c3d808587b8f,0.097,,,
89,2026-05-21,SH601066,0.013733861967921257,EXP_LinearModel_Alpha158_csi300_custom_step0_s_20260521_15,af9a831273e9461d90c7c3d808587b8f,0.097,,,
90,2026-05-21,SH601059,0.05286616086959839,EXP_LinearModel_Alpha158_csi300_custom_step0_s_20260521_15,af9a831273e9461d90c7c3d808587b8f,0.097,,,
91,2026-05-21,SH601058,-0.07925746589899063,EXP_LinearModel_Alpha158_csi300_custom_step0_s_20260521_15,af9a831273e9461d90c7c3d808587b8f,0.097,,,
92,2026-05-21,SH601021,0.02150401473045349,EXP_LinearModel_Alpha158_csi300_custom_step0_s_20260521_15,af9a831273e9461d90c7c3d808587b8f,0.097,,,
93,2026-05-21,SH601018,0.061281006783246994,EXP_LinearModel_Alpha158_csi300_custom_step0_s_20260521_15,af9a831273e9461d90c7c3d808587b8f,0.097,,,
94,2026-05-21,SH600674,0.01361330971121788,EXP_LinearModel_Alpha158_csi300_custom_step0_s_20260521_15,af9a831273e9461d90c7c3d808587b8f,0.097,,,
95,2026-05-21,SH601012,0.04563964158296585,EXP_LinearModel_Alpha158_csi300_custom_step0_s_20260521_15,af9a831273e9461d90c7c3d808587b8f,0.097,,,
96,2026-05-21,SH601006,0.03857314586639404,EXP_LinearModel_Alpha158_csi300_custom_step0_s_20260521_15,af9a831273e9461d90c7c3d808587b8f,0.097,,,
97,2026-05-21,SH600999,0.03482069447636604,EXP_LinearModel_Alpha158_csi300_custom_step0_s_20260521_15,af9a831273e9461d90c7c3d808587b8f,0.097,,,
98,2026-05-21,SH600989,0.0073300013318657875,EXP_LinearModel_Alpha158_csi300_custom_step0_s_20260521_15,af9a831273e9461d90c7c3d808587b8f,0.097,,,
99,2026-05-21,SH600958,,EXP_LinearModel_Alpha158_csi300_custom_step0_s_20260521_15,af9a831273e9461d90c7c3d808587b8f,0.097,,,
100,2026-05-21,SH600941,-0.03604940325021744,EXP_LinearModel_Alpha158_csi300_custom_step0_s_20260521_15,af9a831273e9461d90c7c3d808587b8f,0.097,,,
101,2026-05-21,SH600938,0.0862618237733841,EXP_LinearModel_Alpha158_csi300_custom_step0_s_20260521_15,af9a831273e9461d90c7c3d808587b8f,0.097,,,
102,2026-05-21,SH601009,-0.060008205473423004,EXP_LinearModel_Alpha158_csi300_custom_step0_s_20260521_15,af9a831273e9461d90c7c3d808587b8f,0.097,,,
103,2026-05-21,SH600104,-0.01232208777219057,EXP_LinearModel_Alpha158_csi300_custom_step0_s_20260521_15,af9a831273e9461d90c7c3d808587b8f,0.097,,,
104,2026-05-21,SH600660,-0.06770718842744827,EXP_LinearModel_Alpha158_csi300_custom_step0_s_20260521_15,af9a831273e9461d90c7c3d808587b8f,0.097,,,
105,2026-05-21,SH600588,-0.03755732625722885,EXP_LinearModel_Alpha158_csi300_custom_step0_s_20260521_15,af9a831273e9461d90c7c3d808587b8f,0.097,,,
106,2026-05-21,SH600115,-0.047845400869846344,EXP_LinearModel_Alpha158_csi300_custom_step0_s_20260521_15,af9a831273e9461d90c7c3d808587b8f,0.097,,,
107,2026-05-21,SH600150,-0.011546222493052483,EXP_LinearModel_Alpha158_csi300_custom_step0_s_20260521_15,af9a831273e9461d90c7c3d808587b8f,0.097,,,
108,2026-05-21,SH600160,-0.019041838124394417,EXP_LinearModel_Alpha158_csi300_custom_step0_s_20260521_15,af9a831273e9461d90c7c3d808587b8f,0.097,,,
109,2026-05-21,SH600161,-0.04787502810359001,EXP_LinearModel_Alpha158_csi300_custom_step0_s_20260521_15,af9a831273e9461d90c7c3d808587b8f,0.097,,,
110,2026-05-21,SH600176,0.024456052109599113,EXP_LinearModel_Alpha158_csi300_custom_step0_s_20260521_15,af9a831273e9461d90c7c3d808587b8f,0.097,,,
111,2026-05-21,SH600183,-0.08517329394817352,EXP_LinearModel_Alpha158_csi300_custom_step0_s_20260521_15,af9a831273e9461d90c7c3d808587b8f,0.097,,,
112,2026-05-21,SH600188,-0.043817318975925446,EXP_LinearModel_Alpha158_csi300_custom_step0_s_20260521_15,af9a831273e9461d90c7c3d808587b8f,0.097,,,
113,2026-05-21,SH600196,-0.058663539588451385,EXP_LinearModel_Alpha158_csi300_custom_step0_s_20260521_15,af9a831273e9461d90c7c3d808587b8f,0.097,,,
114,2026-05-21,SH600219,0.0805753543972969,EXP_LinearModel_Alpha158_csi300_custom_step0_s_20260521_15,af9a831273e9461d90c7c3d808587b8f,0.097,,,
115,2026-05-21,SH600233,-0.01836041733622551,EXP_LinearModel_Alpha158_csi300_custom_step0_s_20260521_15,af9a831273e9461d90c7c3d808587b8f,0.097,,,
116,2026-05-21,SH600276,-0.0693853348493576,EXP_LinearModel_Alpha158_csi300_custom_step0_s_20260521_15,af9a831273e9461d90c7c3d808587b8f,0.097,,,
117,2026-05-21,SH600309,-0.02246488817036152,EXP_LinearModel_Alpha158_csi300_custom_step0_s_20260521_15,af9a831273e9461d90c7c3d808587b8f,0.097,,,
118,2026-05-21,SH600346,0.010885762050747871,EXP_LinearModel_Alpha158_csi300_custom_step0_s_20260521_15,af9a831273e9461d90c7c3d808587b8f,0.097,,,
119,2026-05-21,SH600362,-0.009149112738668919,EXP_LinearModel_Alpha158_csi300_custom_step0_s_20260521_15,af9a831273e9461d90c7c3d808587b8f,0.097,,,
120,2026-05-21,SH600372,0.02577810361981392,EXP_LinearModel_Alpha158_csi300_custom_step0_s_20260521_15,af9a831273e9461d90c7c3d808587b8f,0.097,,,
121,2026-05-21,SH600377,0.024764839559793472,EXP_LinearModel_Alpha158_csi300_custom_step0_s_20260521_15,af9a831273e9461d90c7c3d808587b8f,0.097,,,
122,2026-05-21,SH600406,-0.056975532323122025,EXP_LinearModel_Alpha158_csi300_custom_step0_s_20260521_15,af9a831273e9461d90c7c3d808587b8f,0.097,,,
123,2026-05-21,SH600585,-0.04299924150109291,EXP_LinearModel_Alpha158_csi300_custom_step0_s_20260521_15,af9a831273e9461d90c7c3d808587b8f,0.097,,,
124,2026-05-21,SH600584,-0.058918461203575134,EXP_LinearModel_Alpha158_csi300_custom_step0_s_20260521_15,af9a831273e9461d90c7c3d808587b8f,0.097,,,
125,2026-05-21,SH600570,-0.06212541088461876,EXP_LinearModel_Alpha158_csi300_custom_step0_s_20260521_15,af9a831273e9461d90c7c3d808587b8f,0.097,,,
126,2026-05-21,SH600547,0.03000611998140812,EXP_LinearModel_Alpha158_csi300_custom_step0_s_20260521_15,af9a831273e9461d90c7c3d808587b8f,0.097,,,
127,2026-05-21,SH600522,0.07564373314380646,EXP_LinearModel_Alpha158_csi300_custom_step0_s_20260521_15,af9a831273e9461d90c7c3d808587b8f,0.097,,,
128,2026-05-21,SH600519,-0.057028088718652725,EXP_LinearModel_Alpha158_csi300_custom_step0_s_20260521_15,af9a831273e9461d90c7c3d808587b8f,0.097,,,
129,2026-05-21,SH600600,-0.02930702641606331,EXP_LinearModel_Alpha158_csi300_custom_step0_s_20260521_15,af9a831273e9461d90c7c3d808587b8f,0.097,,,
130,2026-05-21,SH600515,0.0010891440324485302,EXP_LinearModel_Alpha158_csi300_custom_step0_s_20260521_15,af9a831273e9461d90c7c3d808587b8f,0.097,,,
131,2026-05-21,SH600482,0.005443132948130369,EXP_LinearModel_Alpha158_csi300_custom_step0_s_20260521_15,af9a831273e9461d90c7c3d808587b8f,0.097,,,
132,2026-05-21,SH600460,0.03868451341986656,EXP_LinearModel_Alpha158_csi300_custom_step0_s_20260521_15,af9a831273e9461d90c7c3d808587b8f,0.097,,,
133,2026-05-21,SH600438,0.02729366347193718,EXP_LinearModel_Alpha158_csi300_custom_step0_s_20260521_15,af9a831273e9461d90c7c3d808587b8f,0.097,,,
134,2026-05-21,SH600436,-0.055404361337423325,EXP_LinearModel_Alpha158_csi300_custom_step0_s_20260521_15,af9a831273e9461d90c7c3d808587b8f,0.097,,,
135,2026-05-21,SH600426,0.007319685071706772,EXP_LinearModel_Alpha158_csi300_custom_step0_s_20260521_15,af9a831273e9461d90c7c3d808587b8f,0.097,,,
136,2026-05-21,SH600415,-0.04636789858341217,EXP_LinearModel_Alpha158_csi300_custom_step0_s_20260521_15,af9a831273e9461d90c7c3d808587b8f,0.097,,,
137,2026-05-21,SH600489,0.04746094346046448,EXP_LinearModel_Alpha158_csi300_custom_step0_s_20260521_15,af9a831273e9461d90c7c3d808587b8f,0.097,,,
138,2026-05-21,SZ002600,-0.023212799873155603,EXP_DEnsembleModel_Alpha158_csi300_custom_step0_s_20260521_16,098c3398601641e8827738cd8a9da176,0.032,,,
139,2026-05-21,SZ002594,0.052470993397198254,EXP_DEnsembleModel_Alpha158_csi300_custom_step0_s_20260521_16,098c3398601641e8827738cd8a9da176,0.032,,,
140,2026-05-21,SZ002493,0.015876108574549203,EXP_DEnsembleModel_Alpha158_csi300_custom_step0_s_20260521_16,098c3398601641e8827738cd8a9da176,0.032,,,
141,2026-05-21,SH601919,-0.03606955530165968,EXP_DEnsembleModel_Alpha158_csi300_custom_step0_s_20260521_16,098c3398601641e8827738cd8a9da176,0.032,,,
142,2026-05-21,SH601939,0.04567522942056944,EXP_DEnsembleModel_Alpha158_csi300_custom_step0_s_20260521_16,098c3398601641e8827738cd8a9da176,0.032,,,
143,2026-05-21,SH601985,-0.043282410124726674,EXP_DEnsembleModel_Alpha158_csi300_custom_step0_s_20260521_16,098c3398601641e8827738cd8a9da176,0.032,,,
144,2026-05-21,SH601988,-0.07708234245184901,EXP_DEnsembleModel_Alpha158_csi300_custom_step0_s_20260521_16,098c3398601641e8827738cd8a9da176,0.032,,,
145,2026-05-21,SH601995,0.12365543234258423,EXP_DEnsembleModel_Alpha158_csi300_custom_step0_s_20260521_16,098c3398601641e8827738cd8a9da176,0.032,,,
146,2026-05-21,SH601998,-0.01375953829206267,EXP_DEnsembleModel_Alpha158_csi300_custom_step0_s_20260521_16,098c3398601641e8827738cd8a9da176,0.032,,,
147,2026-05-21,SH603019,-0.05845290016309409,EXP_DEnsembleModel_Alpha158_csi300_custom_step0_s_20260521_16,098c3398601641e8827738cd8a9da176,0.032,,,
148,2026-05-21,SH603195,0.03797518673179945,EXP_DEnsembleModel_Alpha158_csi300_custom_step0_s_20260521_16,098c3398601641e8827738cd8a9da176,0.032,,,
149,2026-05-21,SH603259,0.19572214514784128,EXP_DEnsembleModel_Alpha158_csi300_custom_step0_s_20260521_16,098c3398601641e8827738cd8a9da176,0.032,,,
150,2026-05-21,SH603260,-0.015536741681602424,EXP_DEnsembleModel_Alpha158_csi300_custom_step0_s_20260521_16,098c3398601641e8827738cd8a9da176,0.032,,,
151,2026-05-21,SH603288,0.011464177924601984,EXP_DEnsembleModel_Alpha158_csi300_custom_step0_s_20260521_16,098c3398601641e8827738cd8a9da176,0.032,,,
152,2026-05-21,SH603296,-0.03686731798178522,EXP_DEnsembleModel_Alpha158_csi300_custom_step0_s_20260521_16,098c3398601641e8827738cd8a9da176,0.032,,,
153,2026-05-21,SH603369,0.12915418757450312,EXP_DEnsembleModel_Alpha158_csi300_custom_step0_s_20260521_16,098c3398601641e8827738cd8a9da176,0.032,,,
154,2026-05-21,SH603392,-0.036027913169756044,EXP_DEnsembleModel_Alpha158_csi300_custom_step0_s_20260521_16,098c3398601641e8827738cd8a9da176,0.032,,,
155,2026-05-21,SH603501,0.05615551463808781,EXP_DEnsembleModel_Alpha158_csi300_custom_step0_s_20260521_16,098c3398601641e8827738cd8a9da176,0.032,,,
156,2026-05-21,SH603799,0.09391109000731158,EXP_DEnsembleModel_Alpha158_csi300_custom_step0_s_20260521_16,098c3398601641e8827738cd8a9da176,0.032,,,
157,2026-05-21,SH603893,-0.05393597858376185,EXP_DEnsembleModel_Alpha158_csi300_custom_step0_s_20260521_16,098c3398601641e8827738cd8a9da176,0.032,,,
158,2026-05-21,SH688169,0.1505650722357796,EXP_DEnsembleModel_Alpha158_csi300_custom_step0_s_20260521_16,098c3398601641e8827738cd8a9da176,0.032,,,
159,2026-05-21,SH688126,-0.4365638423134683,EXP_DEnsembleModel_Alpha158_csi300_custom_step0_s_20260521_16,098c3398601641e8827738cd8a9da176,0.032,,,
160,2026-05-21,SH688111,0.05812014909385845,EXP_DEnsembleModel_Alpha158_csi300_custom_step0_s_20260521_16,098c3398601641e8827738cd8a9da176,0.032,,,
161,2026-05-21,SH688082,-0.26553658231757243,EXP_DEnsembleModel_Alpha158_csi300_custom_step0_s_20260521_16,098c3398601641e8827738cd8a9da176,0.032,,,
162,2026-05-21,SH688047,0.10824190418935732,EXP_DEnsembleModel_Alpha158_csi300_custom_step0_s_20260521_16,098c3398601641e8827738cd8a9da176,0.032,,,
163,2026-05-21,SH688041,0.04209233904875408,EXP_DEnsembleModel_Alpha158_csi300_custom_step0_s_20260521_16,098c3398601641e8827738cd8a9da176,0.032,,,
164,2026-05-21,SH601916,-0.04392327859146957,EXP_DEnsembleModel_Alpha158_csi300_custom_step0_s_20260521_16,098c3398601641e8827738cd8a9da176,0.032,,,
165,2026-05-21,SH688036,0.12542936467271457,EXP_DEnsembleModel_Alpha158_csi300_custom_step0_s_20260521_16,098c3398601641e8827738cd8a9da176,0.032,,,
166,2026-05-21,SH688009,0.002128813880638202,EXP_DEnsembleModel_Alpha158_csi300_custom_step0_s_20260521_16,098c3398601641e8827738cd8a9da176,0.032,,,
167,2026-05-21,SH688008,-0.2613936762001847,EXP_DEnsembleModel_Alpha158_csi300_custom_step0_s_20260521_16,098c3398601641e8827738cd8a9da176,0.032,,,
168,2026-05-21,SH605499,0.06590431003262721,EXP_DEnsembleModel_Alpha158_csi300_custom_step0_s_20260521_16,098c3398601641e8827738cd8a9da176,0.032,,,
169,2026-05-21,SH605117,0.1852128591361116,EXP_DEnsembleModel_Alpha158_csi300_custom_step0_s_20260521_16,098c3398601641e8827738cd8a9da176,0.032,,,
170,2026-05-21,SH603993,0.044123859817482854,EXP_DEnsembleModel_Alpha158_csi300_custom_step0_s_20260521_16,098c3398601641e8827738cd8a9da176,0.032,,,
171,2026-05-21,SH603986,-0.3310301304690992,EXP_DEnsembleModel_Alpha158_csi300_custom_step0_s_20260521_16,098c3398601641e8827738cd8a9da176,0.032,,,
172,2026-05-21,SH688012,-0.4986898316551833,EXP_DEnsembleModel_Alpha158_csi300_custom_step0_s_20260521_16,098c3398601641e8827738cd8a9da176,0.032,,,
173,2026-05-21,SH688187,-0.07539308916369827,EXP_DEnsembleModel_Alpha158_csi300_custom_step0_s_20260521_16,098c3398601641e8827738cd8a9da176,0.032,,,
174,2026-05-21,SH601901,0.1066379636310384,EXP_DEnsembleModel_Alpha158_csi300_custom_step0_s_20260521_16,098c3398601641e8827738cd8a9da176,0.032,,,
175,2026-05-21,SH601898,0.13244465585543364,EXP_DEnsembleModel_Alpha158_csi300_custom_step0_s_20260521_16,098c3398601641e8827738cd8a9da176,0.032,,,
176,2026-05-21,SH601390,0.02467193587040389,EXP_DEnsembleModel_Alpha158_csi300_custom_step0_s_20260521_16,098c3398601641e8827738cd8a9da176,0.032,,,
177,2026-05-21,SH601398,-0.0676326358648559,EXP_DEnsembleModel_Alpha158_csi300_custom_step0_s_20260521_16,098c3398601641e8827738cd8a9da176,0.032,,,
178,2026-05-21,SH601456,0.0894025451878155,EXP_DEnsembleModel_Alpha158_csi300_custom_step0_s_20260521_16,098c3398601641e8827738cd8a9da176,0.032,,,
179,2026-05-21,SH601600,0.0211522656922901,EXP_DEnsembleModel_Alpha158_csi300_custom_step0_s_20260521_16,098c3398601641e8827738cd8a9da176,0.032,,,
180,2026-05-21,SH601601,0.06592362194375201,EXP_DEnsembleModel_Alpha158_csi300_custom_step0_s_20260521_16,098c3398601641e8827738cd8a9da176,0.032,,,
181,2026-05-21,SH601607,-0.043369645918885084,EXP_DEnsembleModel_Alpha158_csi300_custom_step0_s_20260521_16,098c3398601641e8827738cd8a9da176,0.032,,,
182,2026-05-21,SH601618,-0.05019410841923803,EXP_DEnsembleModel_Alpha158_csi300_custom_step0_s_20260521_16,098c3398601641e8827738cd8a9da176,0.032,,,
183,2026-05-21,SH601628,0.03194980423937679,EXP_DEnsembleModel_Alpha158_csi300_custom_step0_s_20260521_16,098c3398601641e8827738cd8a9da176,0.032,,,
184,2026-05-21,SH601633,-0.020746956370812013,EXP_DEnsembleModel_Alpha158_csi300_custom_step0_s_20260521_16,098c3398601641e8827738cd8a9da176,0.032,,,
185,2026-05-21,SH601658,-0.06703729424658644,EXP_DEnsembleModel_Alpha158_csi300_custom_step0_s_20260521_16,098c3398601641e8827738cd8a9da176,0.032,,,
186,2026-05-21,SH601668,-0.08040751662974749,EXP_DEnsembleModel_Alpha158_csi300_custom_step0_s_20260521_16,098c3398601641e8827738cd8a9da176,0.032,,,
187,2026-05-21,SH601669,0.00950602693667894,EXP_DEnsembleModel_Alpha158_csi300_custom_step0_s_20260521_16,098c3398601641e8827738cd8a9da176,0.032,,,
188,2026-05-21,SH601688,0.1388281330355757,EXP_DEnsembleModel_Alpha158_csi300_custom_step0_s_20260521_16,098c3398601641e8827738cd8a9da176,0.032,,,
189,2026-05-21,SH601689,0.11285369456274762,EXP_DEnsembleModel_Alpha158_csi300_custom_step0_s_20260521_16,098c3398601641e8827738cd8a9da176,0.032,,,
190,2026-05-21,SH601698,0.017636263742025208,EXP_DEnsembleModel_Alpha158_csi300_custom_step0_s_20260521_16,098c3398601641e8827738cd8a9da176,0.032,,,
191,2026-05-21,SH601728,-0.03081876467339725,EXP_DEnsembleModel_Alpha158_csi300_custom_step0_s_20260521_16,098c3398601641e8827738cd8a9da176,0.032,,,
192,2026-05-21,SH601766,-0.06893790106901979,EXP_DEnsembleModel_Alpha158_csi300_custom_step0_s_20260521_16,098c3398601641e8827738cd8a9da176,0.032,,,
193,2026-05-21,SH601888,0.07781636735234067,EXP_DEnsembleModel_Alpha158_csi300_custom_step0_s_20260521_16,098c3398601641e8827738cd8a9da176,0.032,,,
194,2026-05-21,SH601881,0.1020538500147982,EXP_DEnsembleModel_Alpha158_csi300_custom_step0_s_20260521_16,098c3398601641e8827738cd8a9da176,0.032,,,
195,2026-05-21,SH601878,0.05570284665335446,EXP_DEnsembleModel_Alpha158_csi300_custom_step0_s_20260521_16,098c3398601641e8827738cd8a9da176,0.032,,,
196,2026-05-21,SH601877,-0.039702164356223736,EXP_DEnsembleModel_Alpha158_csi300_custom_step0_s_20260521_16,098c3398601641e8827738cd8a9da176,0.032,,,
197,2026-05-21,SH601872,0.058820373377353685,EXP_DEnsembleModel_Alpha158_csi300_custom_step0_s_20260521_16,098c3398601641e8827738cd8a9da176,0.032,,,
198,2026-05-21,SH601868,-0.02892269972976241,EXP_DEnsembleModel_Alpha158_csi300_custom_step0_s_20260521_16,098c3398601641e8827738cd8a9da176,0.032,,,
199,2026-05-21,SH601899,0.03397083000410546,EXP_DEnsembleModel_Alpha158_csi300_custom_step0_s_20260521_16,098c3398601641e8827738cd8a9da176,0.032,,,
200,2026-05-21,SH601857,0.01149353071288736,EXP_DEnsembleModel_Alpha158_csi300_custom_step0_s_20260521_16,098c3398601641e8827738cd8a9da176,0.032,,,
201,2026-05-21,SH601825,-0.10797740084622286,EXP_DEnsembleModel_Alpha158_csi300_custom_step0_s_20260521_16,098c3398601641e8827738cd8a9da176,0.032,,,
202,2026-05-21,SH601818,-0.11696121058442567,EXP_DEnsembleModel_Alpha158_csi300_custom_step0_s_20260521_16,098c3398601641e8827738cd8a9da176,0.032,,,
203,2026-05-21,SH601816,-0.07170404260251363,EXP_DEnsembleModel_Alpha158_csi300_custom_step0_s_20260521_16,098c3398601641e8827738cd8a9da176,0.032,,,
204,2026-05-21,SH601808,-0.025280637050429707,EXP_DEnsembleModel_Alpha158_csi300_custom_step0_s_20260521_16,098c3398601641e8827738cd8a9da176,0.032,,,
205,2026-05-21,SH601800,-0.001515973717975421,EXP_DEnsembleModel_Alpha158_csi300_custom_step0_s_20260521_16,098c3398601641e8827738cd8a9da176,0.032,,,
206,2026-05-21,SH601788,0.023044418006231557,EXP_DEnsembleModel_Alpha158_csi300_custom_step0_s_20260521_16,098c3398601641e8827738cd8a9da176,0.032,,,
207,2026-05-21,SH601838,0.10140215621064756,EXP_DEnsembleModel_Alpha158_csi300_custom_step0_s_20260521_16,098c3398601641e8827738cd8a9da176,0.032,,,
208,2026-05-21,SH688223,0.09293250359132077,EXP_DEnsembleModel_Alpha158_csi300_custom_step0_s_20260521_16,098c3398601641e8827738cd8a9da176,0.032,,,
209,2026-05-21,SH688256,-0.07922979020971326,EXP_DEnsembleModel_Alpha158_csi300_custom_step0_s_20260521_16,098c3398601641e8827738cd8a9da176,0.032,,,
210,2026-05-21,SH688271,-0.14826426268318163,EXP_DEnsembleModel_Alpha158_csi300_custom_step0_s_20260521_16,098c3398601641e8827738cd8a9da176,0.032,,,
211,2026-05-21,SZ000975,0.06828765761737347,EXP_DEnsembleModel_Alpha158_csi300_custom_step0_s_20260521_16,098c3398601641e8827738cd8a9da176,0.032,,,
212,2026-05-21,SZ000977,0.024387423246747714,EXP_DEnsembleModel_Alpha158_csi300_custom_step0_s_20260521_16,098c3398601641e8827738cd8a9da176,0.032,,,
213,2026-05-21,SZ000983,0.01485313417409922,EXP_DEnsembleModel_Alpha158_csi300_custom_step0_s_20260521_16,098c3398601641e8827738cd8a9da176,0.032,,,
214,2026-05-21,SZ000999,-0.043976562080276074,EXP_DEnsembleModel_Alpha158_csi300_custom_step0_s_20260521_16,098c3398601641e8827738cd8a9da176,0.032,,,
215,2026-05-21,SZ001391,-0.0297443743320846,EXP_DEnsembleModel_Alpha158_csi300_custom_step0_s_20260521_16,098c3398601641e8827738cd8a9da176,0.032,,,
216,2026-05-21,SZ001965,0.0701798867735924,EXP_DEnsembleModel_Alpha158_csi300_custom_step0_s_20260521_16,098c3398601641e8827738cd8a9da176,0.032,,,
217,2026-05-21,SZ001979,0.0473812116748682,EXP_DEnsembleModel_Alpha158_csi300_custom_step0_s_20260521_16,098c3398601641e8827738cd8a9da176,0.032,,,
218,2026-05-21,SZ002001,0.1365214385860595,EXP_DEnsembleModel_Alpha158_csi300_custom_step0_s_20260521_16,098c3398601641e8827738cd8a9da176,0.032,,,
219,2026-05-21,SZ002027,0.029122618429985748,EXP_DEnsembleModel_Alpha158_csi300_custom_step0_s_20260521_16,098c3398601641e8827738cd8a9da176,0.032,,,
220,2026-05-21,SZ002028,0.023399101975735873,EXP_DEnsembleModel_Alpha158_csi300_custom_step0_s_20260521_16,098c3398601641e8827738cd8a9da176,0.032,,,
221,2026-05-21,SZ002049,-0.04712622079102883,EXP_DEnsembleModel_Alpha158_csi300_custom_step0_s_20260521_16,098c3398601641e8827738cd8a9da176,0.032,,,
222,2026-05-21,SZ002050,0.14110303890667864,EXP_DEnsembleModel_Alpha158_csi300_custom_step0_s_20260521_16,098c3398601641e8827738cd8a9da176,0.032,,,
223,2026-05-21,SZ002074,-0.02103586212623348,EXP_DEnsembleModel_Alpha158_csi300_custom_step0_s_20260521_16,098c3398601641e8827738cd8a9da176,0.032,,,
224,2026-05-21,SZ002142,0.035253286670596094,EXP_DEnsembleModel_Alpha158_csi300_custom_step0_s_20260521_16,098c3398601641e8827738cd8a9da176,0.032,,,
225,2026-05-21,SZ002179,0.0629656403394065,EXP_DEnsembleModel_Alpha158_csi300_custom_step0_s_20260521_16,098c3398601641e8827738cd8a9da176,0.032,,,
226,2026-05-21,SZ002230,0.09091163128737303,EXP_DEnsembleModel_Alpha158_csi300_custom_step0_s_20260521_16,098c3398601641e8827738cd8a9da176,0.032,,,
227,2026-05-21,SZ002236,-0.05042243474802987,EXP_DEnsembleModel_Alpha158_csi300_custom_step0_s_20260521_16,098c3398601641e8827738cd8a9da176,0.032,,,
228,2026-05-21,SZ002475,-0.020243727678517853,EXP_DEnsembleModel_Alpha158_csi300_custom_step0_s_20260521_16,098c3398601641e8827738cd8a9da176,0.032,,,
229,2026-05-21,SZ002466,0.0074723206313278496,EXP_DEnsembleModel_Alpha158_csi300_custom_step0_s_20260521_16,098c3398601641e8827738cd8a9da176,0.032,,,
230,2026-05-21,SZ002463,0.3737624013241424,EXP_DEnsembleModel_Alpha158_csi300_custom_step0_s_20260521_16,098c3398601641e8827738cd8a9da176,0.032,,,
231,2026-05-21,SZ002460,0.20282968175408447,EXP_DEnsembleModel_Alpha158_csi300_custom_step0_s_20260521_16,098c3398601641e8827738cd8a9da176,0.032,,,
232,2026-05-21,SZ002459,0.030861563223826435,EXP_DEnsembleModel_Alpha158_csi300_custom_step0_s_20260521_16,098c3398601641e8827738cd8a9da176,0.032,,,
233,2026-05-21,SZ002422,0.1149805781325942,EXP_DEnsembleModel_Alpha158_csi300_custom_step0_s_20260521_16,098c3398601641e8827738cd8a9da176,0.032,,,
234,2026-05-21,SZ000963,0.010490941333479168,EXP_DEnsembleModel_Alpha158_csi300_custom_step0_s_20260521_16,098c3398601641e8827738cd8a9da176,0.032,,,
235,2026-05-21,SZ002415,-0.04847716802239323,EXP_DEnsembleModel_Alpha158_csi300_custom_step0_s_20260521_16,098c3398601641e8827738cd8a9da176,0.032,,,
236,2026-05-21,SZ002371,-0.20543728323336896,EXP_DEnsembleModel_Alpha158_csi300_custom_step0_s_20260521_16,098c3398601641e8827738cd8a9da176,0.032,,,
237,2026-05-21,SZ002352,-0.08840969547179472,EXP_DEnsembleModel_Alpha158_csi300_custom_step0_s_20260521_16,098c3398601641e8827738cd8a9da176,0.032,,,
238,2026-05-21,SZ002311,0.0024073445237395965,EXP_DEnsembleModel_Alpha158_csi300_custom_step0_s_20260521_16,098c3398601641e8827738cd8a9da176,0.032,,,
239,2026-05-21,SZ002304,-0.02926243086587638,EXP_DEnsembleModel_Alpha158_csi300_custom_step0_s_20260521_16,098c3398601641e8827738cd8a9da176,0.032,,,
240,2026-05-21,SZ002252,-0.10535555104191503,EXP_DEnsembleModel_Alpha158_csi300_custom_step0_s_20260521_16,098c3398601641e8827738cd8a9da176,0.032,,,
241,2026-05-21,SZ002241,0.15732029208697265,EXP_DEnsembleModel_Alpha158_csi300_custom_step0_s_20260521_16,098c3398601641e8827738cd8a9da176,0.032,,,
242,2026-05-21,SZ002384,0.021900553326223957,EXP_DEnsembleModel_Alpha158_csi300_custom_step0_s_20260521_16,098c3398601641e8827738cd8a9da176,0.032,,,
243,2026-05-21,SZ000938,-0.0401233532890036,EXP_DEnsembleModel_Alpha158_csi300_custom_step0_s_20260521_16,098c3398601641e8827738cd8a9da176,0.032,,,
244,2026-05-21,SZ000895,-0.04301495920140403,EXP_DEnsembleModel_Alpha158_csi300_custom_step0_s_20260521_16,098c3398601641e8827738cd8a9da176,0.032,,,
245,2026-05-21,SZ000876,-0.039651970099655126,EXP_DEnsembleModel_Alpha158_csi300_custom_step0_s_20260521_16,098c3398601641e8827738cd8a9da176,0.032,,,
246,2026-05-21,SZ000338,0.203173656111444,EXP_DEnsembleModel_Alpha158_csi300_custom_step0_s_20260521_16,098c3398601641e8827738cd8a9da176,0.032,,,
247,2026-05-21,SZ000333,0.12469816469399596,EXP_DEnsembleModel_Alpha158_csi300_custom_step0_s_20260521_16,098c3398601641e8827738cd8a9da176,0.032,,,
248,2026-05-21,SZ000301,0.07278868612381922,EXP_DEnsembleModel_Alpha158_csi300_custom_step0_s_20260521_16,098c3398601641e8827738cd8a9da176,0.032,,,
249,2026-05-21,SZ000166,0.07344743415352371,EXP_DEnsembleModel_Alpha158_csi300_custom_step0_s_20260521_16,098c3398601641e8827738cd8a9da176,0.032,,,
250,2026-05-21,SZ000157,0.11345645776467599,EXP_DEnsembleModel_Alpha158_csi300_custom_step0_s_20260521_16,098c3398601641e8827738cd8a9da176,0.032,,,
251,2026-05-21,SZ000100,-0.09984118076791794,EXP_DEnsembleModel_Alpha158_csi300_custom_step0_s_20260521_16,098c3398601641e8827738cd8a9da176,0.032,,,
252,2026-05-21,SZ000408,-0.01864367831168554,EXP_DEnsembleModel_Alpha158_csi300_custom_step0_s_20260521_16,098c3398601641e8827738cd8a9da176,0.032,,,
253,2026-05-21,SZ000063,-0.022819383136522098,EXP_DEnsembleModel_Alpha158_csi300_custom_step0_s_20260521_16,098c3398601641e8827738cd8a9da176,0.032,,,
254,2026-05-21,SZ000001,-0.10463198903517473,EXP_DEnsembleModel_Alpha158_csi300_custom_step0_s_20260521_16,098c3398601641e8827738cd8a9da176,0.032,,,
255,2026-05-21,SH688981,-0.23505266857203774,EXP_DEnsembleModel_Alpha158_csi300_custom_step0_s_20260521_16,098c3398601641e8827738cd8a9da176,0.032,,,
256,2026-05-21,SH688506,0.2868347709259283,EXP_DEnsembleModel_Alpha158_csi300_custom_step0_s_20260521_16,098c3398601641e8827738cd8a9da176,0.032,,,
257,2026-05-21,SH688472,-0.057315000848038054,EXP_DEnsembleModel_Alpha158_csi300_custom_step0_s_20260521_16,098c3398601641e8827738cd8a9da176,0.032,,,
258,2026-05-21,SH688396,-0.16129756558642513,EXP_DEnsembleModel_Alpha158_csi300_custom_step0_s_20260521_16,098c3398601641e8827738cd8a9da176,0.032,,,
259,2026-05-21,SH688303,0.0012356994717978647,EXP_DEnsembleModel_Alpha158_csi300_custom_step0_s_20260521_16,098c3398601641e8827738cd8a9da176,0.032,,,
260,2026-05-21,SZ000002,0.08085546845154536,EXP_DEnsembleModel_Alpha158_csi300_custom_step0_s_20260521_16,098c3398601641e8827738cd8a9da176,0.032,,,
261,2026-05-21,SH601088,0.03993648663163185,EXP_LinearModel_Alpha158_csi300_custom_step0_s_20260521_15,af9a831273e9461d90c7c3d808587b8f,0.097,,,
262,2026-05-21,SZ000425,0.09687836663876268,EXP_DEnsembleModel_Alpha158_csi300_custom_step0_s_20260521_16,098c3398601641e8827738cd8a9da176,0.032,,,
263,2026-05-21,SZ000568,0.03077263515270611,EXP_DEnsembleModel_Alpha158_csi300_custom_step0_s_20260521_16,098c3398601641e8827738cd8a9da176,0.032,,,
264,2026-05-21,SZ000858,0.01876148920426439,EXP_DEnsembleModel_Alpha158_csi300_custom_step0_s_20260521_16,098c3398601641e8827738cd8a9da176,0.032,,,
265,2026-05-21,SZ000807,0.22322456144874966,EXP_DEnsembleModel_Alpha158_csi300_custom_step0_s_20260521_16,098c3398601641e8827738cd8a9da176,0.032,,,
266,2026-05-21,SZ000792,0.1352016780980414,EXP_DEnsembleModel_Alpha158_csi300_custom_step0_s_20260521_16,098c3398601641e8827738cd8a9da176,0.032,,,
267,2026-05-21,SZ000786,-0.03097966917653514,EXP_DEnsembleModel_Alpha158_csi300_custom_step0_s_20260521_16,098c3398601641e8827738cd8a9da176,0.032,,,
268,2026-05-21,SZ000776,0.08650294002831213,EXP_DEnsembleModel_Alpha158_csi300_custom_step0_s_20260521_16,098c3398601641e8827738cd8a9da176,0.032,,,
269,2026-05-21,SZ000768,-0.009935669975297799,EXP_DEnsembleModel_Alpha158_csi300_custom_step0_s_20260521_16,098c3398601641e8827738cd8a9da176,0.032,,,
270,2026-05-21,SZ000538,-0.0973383214380009,EXP_DEnsembleModel_Alpha158_csi300_custom_step0_s_20260521_16,098c3398601641e8827738cd8a9da176,0.032,,,
271,2026-05-21,SZ000725,0.06824072985451468,EXP_DEnsembleModel_Alpha158_csi300_custom_step0_s_20260521_16,098c3398601641e8827738cd8a9da176,0.032,,,
272,2026-05-21,SZ000661,-0.049940534005595706,EXP_DEnsembleModel_Alpha158_csi300_custom_step0_s_20260521_16,098c3398601641e8827738cd8a9da176,0.032,,,
273,2026-05-21,SZ000651,-0.04412084641661517,EXP_DEnsembleModel_Alpha158_csi300_custom_step0_s_20260521_16,098c3398601641e8827738cd8a9da176,0.032,,,
274,2026-05-21,SZ000630,0.05967685373340579,EXP_DEnsembleModel_Alpha158_csi300_custom_step0_s_20260521_16,098c3398601641e8827738cd8a9da176,0.032,,,
275,2026-05-21,SZ000625,0.08418334250187899,EXP_DEnsembleModel_Alpha158_csi300_custom_step0_s_20260521_16,098c3398601641e8827738cd8a9da176,0.032,,,
276,2026-05-21,SZ000617,0.06861157838120766,EXP_DEnsembleModel_Alpha158_csi300_custom_step0_s_20260521_16,098c3398601641e8827738cd8a9da176,0.032,,,
277,2026-05-21,SZ000596,0.04734388268741365,EXP_DEnsembleModel_Alpha158_csi300_custom_step0_s_20260521_16,098c3398601641e8827738cd8a9da176,0.032,,,
278,2026-05-21,SZ000708,-0.04591824641913816,EXP_DEnsembleModel_Alpha158_csi300_custom_step0_s_20260521_16,098c3398601641e8827738cd8a9da176,0.032,,,
279,2026-05-21,SH601377,0.049382000974340895,EXP_DEnsembleModel_Alpha158_csi300_custom_step0_s_20260521_16,098c3398601641e8827738cd8a9da176,0.032,,,
280,2026-05-21,SH601100,-0.05052567645907402,EXP_LinearModel_Alpha158_csi300_custom_step0_s_20260521_15,af9a831273e9461d90c7c3d808587b8f,0.097,,,
281,2026-05-21,SH601117,-0.00280933640897274,EXP_LinearModel_Alpha158_csi300_custom_step0_s_20260521_15,af9a831273e9461d90c7c3d808587b8f,0.097,,,
282,2026-05-21,SZ300274,-0.08691363036632538,EXP_LinearModel_Alpha158_csi300_custom_step0_s_20260521_15,af9a831273e9461d90c7c3d808587b8f,0.097,,,
283,2026-05-21,SZ300308,0.06467115134000778,EXP_LinearModel_Alpha158_csi300_custom_step0_s_20260521_15,af9a831273e9461d90c7c3d808587b8f,0.097,,,
284,2026-05-21,SZ300316,0.02270720899105072,EXP_LinearModel_Alpha158_csi300_custom_step0_s_20260521_15,af9a831273e9461d90c7c3d808587b8f,0.097,,,
285,2026-05-21,SZ300347,-0.03396684303879738,EXP_LinearModel_Alpha158_csi300_custom_step0_s_20260521_15,af9a831273e9461d90c7c3d808587b8f,0.097,,,
286,2026-05-21,SZ300394,0.04339376464486122,EXP_LinearModel_Alpha158_csi300_custom_step0_s_20260521_15,af9a831273e9461d90c7c3d808587b8f,0.097,,,
287,2026-05-21,SZ300408,-0.18157345056533813,EXP_LinearModel_Alpha158_csi300_custom_step0_s_20260521_15,af9a831273e9461d90c7c3d808587b8f,0.097,,,
288,2026-05-21,SZ300413,-0.04293648526072502,EXP_LinearModel_Alpha158_csi300_custom_step0_s_20260521_15,af9a831273e9461d90c7c3d808587b8f,0.097,,,
289,2026-05-21,SZ300418,-0.0730069950222969,EXP_LinearModel_Alpha158_csi300_custom_step0_s_20260521_15,af9a831273e9461d90c7c3d808587b8f,0.097,,,
290,2026-05-21,SZ300433,-0.007926524616777897,EXP_LinearModel_Alpha158_csi300_custom_step0_s_20260521_15,af9a831273e9461d90c7c3d808587b8f,0.097,,,
291,2026-05-21,SZ300442,,EXP_LinearModel_Alpha158_csi300_custom_step0_s_20260521_15,af9a831273e9461d90c7c3d808587b8f,0.097,,,
292,2026-05-21,SZ300476,0.041384730488061905,EXP_LinearModel_Alpha158_csi300_custom_step0_s_20260521_15,af9a831273e9461d90c7c3d808587b8f,0.097,,,
293,2026-05-21,SZ300498,-0.026174573227763176,EXP_LinearModel_Alpha158_csi300_custom_step0_s_20260521_15,af9a831273e9461d90c7c3d808587b8f,0.097,,,
294,2026-05-21,SZ300502,-0.002502231393009424,EXP_LinearModel_Alpha158_csi300_custom_step0_s_20260521_15,af9a831273e9461d90c7c3d808587b8f,0.097,,,
295,2026-05-21,SZ300628,0.010403098538517952,EXP_LinearModel_Alpha158_csi300_custom_step0_s_20260521_15,af9a831273e9461d90c7c3d808587b8f,0.097,,,
296,2026-05-21,SZ300661,-0.027862483635544777,EXP_LinearModel_Alpha158_csi300_custom_step0_s_20260521_15,af9a831273e9461d90c7c3d808587b8f,0.097,,,
297,2026-05-21,SZ300750,-0.013077300041913986,EXP_LinearModel_Alpha158_csi300_custom_step0_s_20260521_15,af9a831273e9461d90c7c3d808587b8f,0.097,,,
298,2026-05-21,SZ300759,-0.05145404487848282,EXP_LinearModel_Alpha158_csi300_custom_step0_s_20260521_15,af9a831273e9461d90c7c3d808587b8f,0.097,,,
299,2026-05-21,SH600010,-0.0668502002954483,EXP_LinearModel_Alpha158_csi300_custom_step0_s_20260521_15,be58d462d3e346feac387754771bbd69,0.116,,,
300,2026-05-21,SH600009,-0.013598283752799034,EXP_LinearModel_Alpha158_csi300_custom_step0_s_20260521_15,be58d462d3e346feac387754771bbd69,0.116,,,
301,2026-05-21,SH600000,-0.001545836916193366,EXP_LinearModel_Alpha158_csi300_custom_step0_s_20260521_15,be58d462d3e346feac387754771bbd69,0.116,,,
302,2026-05-21,SZ302132,-0.01348104327917099,EXP_LinearModel_Alpha158_csi300_custom_step0_s_20260521_15,af9a831273e9461d90c7c3d808587b8f,0.097,,,
303,2026-05-21,SZ301269,-0.07396836578845978,EXP_LinearModel_Alpha158_csi300_custom_step0_s_20260521_15,af9a831273e9461d90c7c3d808587b8f,0.097,,,
304,2026-05-21,SZ301236,-0.04093483090400696,EXP_LinearModel_Alpha158_csi300_custom_step0_s_20260521_15,af9a831273e9461d90c7c3d808587b8f,0.097,,,
305,2026-05-21,SZ300251,-0.11909593641757965,EXP_LinearModel_Alpha158_csi300_custom_step0_s_20260521_15,af9a831273e9461d90c7c3d808587b8f,0.097,,,
306,2026-05-21,SZ300999,-0.06122549995779991,EXP_LinearModel_Alpha158_csi300_custom_step0_s_20260521_15,af9a831273e9461d90c7c3d808587b8f,0.097,,,
307,2026-05-21,SZ300896,-0.0468442440032959,EXP_LinearModel_Alpha158_csi300_custom_step0_s_20260521_15,af9a831273e9461d90c7c3d808587b8f,0.097,,,
308,2026-05-21,SZ300866,-0.0011561836581677198,EXP_LinearModel_Alpha158_csi300_custom_step0_s_20260521_15,af9a831273e9461d90c7c3d808587b8f,0.097,,,
309,2026-05-21,SZ300832,-0.05342307314276695,EXP_LinearModel_Alpha158_csi300_custom_step0_s_20260521_15,af9a831273e9461d90c7c3d808587b8f,0.097,,,
310,2026-05-21,SZ300803,-0.08469560742378235,EXP_LinearModel_Alpha158_csi300_custom_step0_s_20260521_15,af9a831273e9461d90c7c3d808587b8f,0.097,,,
311,2026-05-21,SZ300782,0.12569691240787506,EXP_LinearModel_Alpha158_csi300_custom_step0_s_20260521_15,af9a831273e9461d90c7c3d808587b8f,0.097,,,
312,2026-05-21,SZ300760,-0.0987129881978035,EXP_LinearModel_Alpha158_csi300_custom_step0_s_20260521_15,af9a831273e9461d90c7c3d808587b8f,0.097,,,
313,2026-05-21,SZ300979,0.05817175284028053,EXP_LinearModel_Alpha158_csi300_custom_step0_s_20260521_15,af9a831273e9461d90c7c3d808587b8f,0.097,,,
314,2026-05-21,SH600011,-0.02226860821247101,EXP_LinearModel_Alpha158_csi300_custom_step0_s_20260521_15,be58d462d3e346feac387754771bbd69,0.116,,,
315,2026-05-21,SZ300124,-0.029077690094709396,EXP_LinearModel_Alpha158_csi300_custom_step0_s_20260521_15,af9a831273e9461d90c7c3d808587b8f,0.097,,,
316,2026-05-21,SZ300059,-0.05755094066262245,EXP_LinearModel_Alpha158_csi300_custom_step0_s_20260521_15,af9a831273e9461d90c7c3d808587b8f,0.097,,,
317,2026-05-21,SZ002236,0.0071075535379350185,EXP_LinearModel_Alpha158_csi300_custom_step0_s_20260521_15,af9a831273e9461d90c7c3d808587b8f,0.097,,,
318,2026-05-21,SZ002241,0.02000805363059044,EXP_LinearModel_Alpha158_csi300_custom_step0_s_20260521_15,af9a831273e9461d90c7c3d808587b8f,0.097,,,
319,2026-05-21,SZ002252,0.0057174088433384895,EXP_LinearModel_Alpha158_csi300_custom_step0_s_20260521_15,af9a831273e9461d90c7c3d808587b8f,0.097,,,
320,2026-05-21,SZ002304,-0.050024084746837616,EXP_LinearModel_Alpha158_csi300_custom_step0_s_20260521_15,af9a831273e9461d90c7c3d808587b8f,0.097,,,
321,2026-05-21,SZ002311,-0.03495822101831436,EXP_LinearModel_Alpha158_csi300_custom_step0_s_20260521_15,af9a831273e9461d90c7c3d808587b8f,0.097,,,
322,2026-05-21,SZ002352,-0.05677502974867821,EXP_LinearModel_Alpha158_csi300_custom_step0_s_20260521_15,af9a831273e9461d90c7c3d808587b8f,0.097,,,
323,2026-05-21,SZ002371,-0.17989732325077057,EXP_LinearModel_Alpha158_csi300_custom_step0_s_20260521_15,af9a831273e9461d90c7c3d808587b8f,0.097,,,
324,2026-05-21,SZ002384,-0.046328749507665634,EXP_LinearModel_Alpha158_csi300_custom_step0_s_20260521_15,af9a831273e9461d90c7c3d808587b8f,0.097,,,
325,2026-05-21,SZ002415,0.007499562576413155,EXP_LinearModel_Alpha158_csi300_custom_step0_s_20260521_15,af9a831273e9461d90c7c3d808587b8f,0.097,,,
326,2026-05-21,SZ002422,-0.005534127354621887,EXP_LinearModel_Alpha158_csi300_custom_step0_s_20260521_15,af9a831273e9461d90c7c3d808587b8f,0.097,,,
327,2026-05-21,SZ002459,0.034773025661706924,EXP_LinearModel_Alpha158_csi300_custom_step0_s_20260521_15,af9a831273e9461d90c7c3d808587b8f,0.097,,,
328,2026-05-21,SZ002460,0.016028063371777534,EXP_LinearModel_Alpha158_csi300_custom_step0_s_20260521_15,af9a831273e9461d90c7c3d808587b8f,0.097,,,
329,2026-05-21,SZ002463,-0.021802866831421852,EXP_LinearModel_Alpha158_csi300_custom_step0_s_20260521_15,af9a831273e9461d90c7c3d808587b8f,0.097,,,
330,2026-05-21,SZ002466,0.029766591265797615,EXP_LinearModel_Alpha158_csi300_custom_step0_s_20260521_15,af9a831273e9461d90c7c3d808587b8f,0.097,,,
331,2026-05-21,SZ002475,-0.02986665815114975,EXP_LinearModel_Alpha158_csi300_custom_step0_s_20260521_15,af9a831273e9461d90c7c3d808587b8f,0.097,,,
332,2026-05-21,SZ002493,0.027035808190703392,EXP_LinearModel_Alpha158_csi300_custom_step0_s_20260521_15,af9a831273e9461d90c7c3d808587b8f,0.097,,,
333,2026-05-21,SZ002594,-0.05399706959724426,EXP_LinearModel_Alpha158_csi300_custom_step0_s_20260521_15,af9a831273e9461d90c7c3d808587b8f,0.097,,,
334,2026-05-21,SZ300033,-0.05485372245311737,EXP_LinearModel_Alpha158_csi300_custom_step0_s_20260521_15,af9a831273e9461d90c7c3d808587b8f,0.097,,,
335,2026-05-21,SZ300015,-0.018962474539875984,EXP_LinearModel_Alpha158_csi300_custom_step0_s_20260521_15,af9a831273e9461d90c7c3d808587b8f,0.097,,,
336,2026-05-21,SZ300014,-0.038803596049547195,EXP_LinearModel_Alpha158_csi300_custom_step0_s_20260521_15,af9a831273e9461d90c7c3d808587b8f,0.097,,,
337,2026-05-21,SZ003816,0.02749355137348175,EXP_LinearModel_Alpha158_csi300_custom_step0_s_20260521_15,af9a831273e9461d90c7c3d808587b8f,0.097,,,
338,2026-05-21,SZ002938,-0.1346285343170166,EXP_LinearModel_Alpha158_csi300_custom_step0_s_20260521_15,af9a831273e9461d90c7c3d808587b8f,0.097,,,
339,2026-05-21,SZ002920,0.07160994410514832,EXP_LinearModel_Alpha158_csi300_custom_step0_s_20260521_15,af9a831273e9461d90c7c3d808587b8f,0.097,,,
340,2026-05-21,SZ300122,-0.07547196000814438,EXP_LinearModel_Alpha158_csi300_custom_step0_s_20260521_15,af9a831273e9461d90c7c3d808587b8f,0.097,,,
341,2026-05-21,SZ002916,-0.10607803612947464,EXP_LinearModel_Alpha158_csi300_custom_step0_s_20260521_15,af9a831273e9461d90c7c3d808587b8f,0.097,,,
342,2026-05-21,SZ002714,-0.03794023022055626,EXP_LinearModel_Alpha158_csi300_custom_step0_s_20260521_15,af9a831273e9461d90c7c3d808587b8f,0.097,,,
343,2026-05-21,SZ002709,-0.038048744201660156,EXP_LinearModel_Alpha158_csi300_custom_step0_s_20260521_15,af9a831273e9461d90c7c3d808587b8f,0.097,,,
344,2026-05-21,SZ002648,-0.012487705796957016,EXP_LinearModel_Alpha158_csi300_custom_step0_s_20260521_15,af9a831273e9461d90c7c3d808587b8f,0.097,,,
345,2026-05-21,SZ002625,-0.04705386981368065,EXP_LinearModel_Alpha158_csi300_custom_step0_s_20260521_15,af9a831273e9461d90c7c3d808587b8f,0.097,,,
346,2026-05-21,SZ002601,0.021233290433883667,EXP_LinearModel_Alpha158_csi300_custom_step0_s_20260521_15,af9a831273e9461d90c7c3d808587b8f,0.097,,,
347,2026-05-21,SZ002600,0.04158597066998482,EXP_LinearModel_Alpha158_csi300_custom_step0_s_20260521_15,af9a831273e9461d90c7c3d808587b8f,0.097,,,
348,2026-05-21,SZ002736,-0.032149992883205414,EXP_LinearModel_Alpha158_csi300_custom_step0_s_20260521_15,af9a831273e9461d90c7c3d808587b8f,0.097,,,
349,2026-05-21,SZ002230,-0.06577763706445694,EXP_LinearModel_Alpha158_csi300_custom_step0_s_20260521_15,af9a831273e9461d90c7c3d808587b8f,0.097,,,
350,2026-05-21,SH600015,0.01409472431987524,EXP_LinearModel_Alpha158_csi300_custom_step0_s_20260521_15,be58d462d3e346feac387754771bbd69,0.116,,,
351,2026-05-21,SH600018,0.09751533716917038,EXP_LinearModel_Alpha158_csi300_custom_step0_s_20260521_15,be58d462d3e346feac387754771bbd69,0.116,,,
352,2026-05-21,SH600406,-0.07766272872686386,EXP_LinearModel_Alpha158_csi300_custom_step0_s_20260521_15,be58d462d3e346feac387754771bbd69,0.116,,,
353,2026-05-21,SH600415,-0.053055595606565475,EXP_LinearModel_Alpha158_csi300_custom_step0_s_20260521_15,be58d462d3e346feac387754771bbd69,0.116,,,
354,2026-05-21,SH600426,0.039030853658914566,EXP_LinearModel_Alpha158_csi300_custom_step0_s_20260521_15,be58d462d3e346feac387754771bbd69,0.116,,,
355,2026-05-21,SH600436,-0.04335975646972656,EXP_LinearModel_Alpha158_csi300_custom_step0_s_20260521_15,be58d462d3e346feac387754771bbd69,0.116,,,
356,2026-05-21,SH600438,0.1019284799695015,EXP_LinearModel_Alpha158_csi300_custom_step0_s_20260521_15,be58d462d3e346feac387754771bbd69,0.116,,,
357,2026-05-21,SH600460,0.04406450316309929,EXP_LinearModel_Alpha158_csi300_custom_step0_s_20260521_15,be58d462d3e346feac387754771bbd69,0.116,,,
358,2026-05-21,SH600482,0.03273874521255493,EXP_LinearModel_Alpha158_csi300_custom_step0_s_20260521_15,be58d462d3e346feac387754771bbd69,0.116,,,
359,2026-05-21,SH600489,0.013048631139099598,EXP_LinearModel_Alpha158_csi300_custom_step0_s_20260521_15,be58d462d3e346feac387754771bbd69,0.116,,,
360,2026-05-21,SH600515,-0.0554363951086998,EXP_LinearModel_Alpha158_csi300_custom_step0_s_20260521_15,be58d462d3e346feac387754771bbd69,0.116,,,
361,2026-05-21,SH600519,-0.02251417376101017,EXP_LinearModel_Alpha158_csi300_custom_step0_s_20260521_15,be58d462d3e346feac387754771bbd69,0.116,,,
362,2026-05-21,SH600522,0.1386655867099762,EXP_LinearModel_Alpha158_csi300_custom_step0_s_20260521_15,be58d462d3e346feac387754771bbd69,0.116,,,
363,2026-05-21,SH600547,-0.014401894994080067,EXP_LinearModel_Alpha158_csi300_custom_step0_s_20260521_15,be58d462d3e346feac387754771bbd69,0.116,,,
364,2026-05-21,SH600570,-0.0035499599762260914,EXP_LinearModel_Alpha158_csi300_custom_step0_s_20260521_15,be58d462d3e346feac387754771bbd69,0.116,,,
365,2026-05-21,SH600584,-0.11907625198364258,EXP_LinearModel_Alpha158_csi300_custom_step0_s_20260521_15,be58d462d3e346feac387754771bbd69,0.116,,,
366,2026-05-21,SH600585,-0.08032561838626862,EXP_LinearModel_Alpha158_csi300_custom_step0_s_20260521_15,be58d462d3e346feac387754771bbd69,0.116,,,
367,2026-05-21,SH600588,-0.023085810244083405,EXP_LinearModel_Alpha158_csi300_custom_step0_s_20260521_15,be58d462d3e346feac387754771bbd69,0.116,,,
368,2026-05-21,SH600600,-0.0757514238357544,EXP_LinearModel_Alpha158_csi300_custom_step0_s_20260521_15,be58d462d3e346feac387754771bbd69,0.116,,,
369,2026-05-21,SH600900,-0.025122303515672684,EXP_LinearModel_Alpha158_csi300_custom_step0_s_20260521_15,be58d462d3e346feac387754771bbd69,0.116,,,
370,2026-05-21,SH600893,-0.039608974009752274,EXP_LinearModel_Alpha158_csi300_custom_step0_s_20260521_15,be58d462d3e346feac387754771bbd69,0.116,,,
371,2026-05-21,SH600887,0.018643252551555634,EXP_LinearModel_Alpha158_csi300_custom_step0_s_20260521_15,be58d462d3e346feac387754771bbd69,0.116,,,
372,2026-05-21,SH600886,0.03689176216721535,EXP_LinearModel_Alpha158_csi300_custom_step0_s_20260521_15,be58d462d3e346feac387754771bbd69,0.116,,,
373,2026-05-21,SH600875,0.018773913383483887,EXP_LinearModel_Alpha158_csi300_custom_step0_s_20260521_15,be58d462d3e346feac387754771bbd69,0.116,,,
374,2026-05-21,SH600845,-0.011465304531157017,EXP_LinearModel_Alpha158_csi300_custom_step0_s_20260521_15,be58d462d3e346feac387754771bbd69,0.116,,,
375,2026-05-21,SH600377,0.06070598214864731,EXP_LinearModel_Alpha158_csi300_custom_step0_s_20260521_15,be58d462d3e346feac387754771bbd69,0.116,,,
376,2026-05-21,SH600809,-0.03755014017224312,EXP_LinearModel_Alpha158_csi300_custom_step0_s_20260521_15,be58d462d3e346feac387754771bbd69,0.116,,,
377,2026-05-21,SH600795,-0.015687154605984688,EXP_LinearModel_Alpha158_csi300_custom_step0_s_20260521_15,be58d462d3e346feac387754771bbd69,0.116,,,
378,2026-05-21,SH600760,-0.10116931796073914,EXP_LinearModel_Alpha158_csi300_custom_step0_s_20260521_15,be58d462d3e346feac387754771bbd69,0.116,,,
379,2026-05-21,SH600741,-0.04447390139102936,EXP_LinearModel_Alpha158_csi300_custom_step0_s_20260521_15,be58d462d3e346feac387754771bbd69,0.116,,,
380,2026-05-21,SH600690,-0.053613532334566116,EXP_LinearModel_Alpha158_csi300_custom_step0_s_20260521_15,be58d462d3e346feac387754771bbd69,0.116,,,
381,2026-05-21,SH600674,-0.0004986058920621872,EXP_LinearModel_Alpha158_csi300_custom_step0_s_20260521_15,be58d462d3e346feac387754771bbd69,0.116,,,
382,2026-05-21,SH600660,-0.03549043461680412,EXP_LinearModel_Alpha158_csi300_custom_step0_s_20260521_15,be58d462d3e346feac387754771bbd69,0.116,,,
383,2026-05-21,SH600803,-0.022907759994268417,EXP_LinearModel_Alpha158_csi300_custom_step0_s_20260521_15,be58d462d3e346feac387754771bbd69,0.116,,,
384,2026-05-21,SH600016,0.032018110156059265,EXP_LinearModel_Alpha158_csi300_custom_step0_s_20260521_15,be58d462d3e346feac387754771bbd69,0.116,,,
385,2026-05-21,SH600372,-0.07763245701789856,EXP_LinearModel_Alpha158_csi300_custom_step0_s_20260521_15,be58d462d3e346feac387754771bbd69,0.116,,,
386,2026-05-21,SH600346,-0.008995959535241127,EXP_LinearModel_Alpha158_csi300_custom_step0_s_20260521_15,be58d462d3e346feac387754771bbd69,0.116,,,
387,2026-05-21,SH600019,0.012808374129235744,EXP_LinearModel_Alpha158_csi300_custom_step0_s_20260521_15,be58d462d3e346feac387754771bbd69,0.116,,,
388,2026-05-21,SH600023,0.05351285636425018,EXP_LinearModel_Alpha158_csi300_custom_step0_s_20260521_15,be58d462d3e346feac387754771bbd69,0.116,,,
389,2026-05-21,SH600025,0.0374770425260067,EXP_LinearModel_Alpha158_csi300_custom_step0_s_20260521_15,be58d462d3e346feac387754771bbd69,0.116,,,
390,2026-05-21,SH600026,0.023857345804572105,EXP_LinearModel_Alpha158_csi300_custom_step0_s_20260521_15,be58d462d3e346feac387754771bbd69,0.116,,,
391,2026-05-21,SH600027,0.012680232524871826,EXP_LinearModel_Alpha158_csi300_custom_step0_s_20260521_15,be58d462d3e346feac387754771bbd69,0.116,,,
392,2026-05-21,SH600028,-0.15196308493614197,EXP_LinearModel_Alpha158_csi300_custom_step0_s_20260521_15,be58d462d3e346feac387754771bbd69,0.116,,,
393,2026-05-21,SH600029,-0.1096363440155983,EXP_LinearModel_Alpha158_csi300_custom_step0_s_20260521_15,be58d462d3e346feac387754771bbd69,0.116,,,
394,2026-05-21,SH600030,0.002756378846243024,EXP_LinearModel_Alpha158_csi300_custom_step0_s_20260521_15,be58d462d3e346feac387754771bbd69,0.116,,,
395,2026-05-21,SH600031,-0.04968017712235451,EXP_LinearModel_Alpha158_csi300_custom_step0_s_20260521_15,be58d462d3e346feac387754771bbd69,0.116,,,
396,2026-05-21,SH600036,-0.060586970299482346,EXP_LinearModel_Alpha158_csi300_custom_step0_s_20260521_15,be58d462d3e346feac387754771bbd69,0.116,,,
397,2026-05-21,SH600039,0.21341966092586517,EXP_LinearModel_Alpha158_csi300_custom_step0_s_20260521_15,be58d462d3e346feac387754771bbd69,0.116,,,
398,2026-05-21,SH600048,-0.03160114586353302,EXP_LinearModel_Alpha158_csi300_custom_step0_s_20260521_15,be58d462d3e346feac387754771bbd69,0.116,,,
399,2026-05-21,SH600050,0.02755804732441902,EXP_LinearModel_Alpha158_csi300_custom_step0_s_20260521_15,be58d462d3e346feac387754771bbd69,0.116,,,
400,2026-05-21,SH600061,0.023584691807627678,EXP_LinearModel_Alpha158_csi300_custom_step0_s_20260521_15,be58d462d3e346feac387754771bbd69,0.116,,,
401,2026-05-21,SH600066,-0.01915563829243183,EXP_LinearModel_Alpha158_csi300_custom_step0_s_20260521_15,be58d462d3e346feac387754771bbd69,0.116,,,
402,2026-05-21,SH600085,-0.024032019078731537,EXP_LinearModel_Alpha158_csi300_custom_step0_s_20260521_15,be58d462d3e346feac387754771bbd69,0.116,,,
403,2026-05-21,SH600089,-0.06511056423187256,EXP_LinearModel_Alpha158_csi300_custom_step0_s_20260521_15,be58d462d3e346feac387754771bbd69,0.116,,,
404,2026-05-21,SH600309,-0.040672387927770615,EXP_LinearModel_Alpha158_csi300_custom_step0_s_20260521_15,be58d462d3e346feac387754771bbd69,0.116,,,
405,2026-05-21,SH600276,-0.08980441093444824,EXP_LinearModel_Alpha158_csi300_custom_step0_s_20260521_15,be58d462d3e346feac387754771bbd69,0.116,,,
406,2026-05-21,SH600233,0.006879904307425022,EXP_LinearModel_Alpha158_csi300_custom_step0_s_20260521_15,be58d462d3e346feac387754771bbd69,0.116,,,
407,2026-05-21,SH600219,0.08451766520738602,EXP_LinearModel_Alpha158_csi300_custom_step0_s_20260521_15,be58d462d3e346feac387754771bbd69,0.116,,,
408,2026-05-21,SH600196,-0.1128142923116684,EXP_LinearModel_Alpha158_csi300_custom_step0_s_20260521_15,be58d462d3e346feac387754771bbd69,0.116,,,
409,2026-05-21,SH600188,0.013256918638944626,EXP_LinearModel_Alpha158_csi300_custom_step0_s_20260521_15,be58d462d3e346feac387754771bbd69,0.116,,,
410,2026-05-21,SH600362,-0.048721373081207275,EXP_LinearModel_Alpha158_csi300_custom_step0_s_20260521_15,be58d462d3e346feac387754771bbd69,0.116,,,
411,2026-05-21,SH600183,-0.04456530511379242,EXP_LinearModel_Alpha158_csi300_custom_step0_s_20260521_15,be58d462d3e346feac387754771bbd69,0.116,,,
412,2026-05-21,SH600161,-0.04428604990243912,EXP_LinearModel_Alpha158_csi300_custom_step0_s_20260521_15,be58d462d3e346feac387754771bbd69,0.116,,,
413,2026-05-21,SH600160,-0.030609767884016037,EXP_LinearModel_Alpha158_csi300_custom_step0_s_20260521_15,be58d462d3e346feac387754771bbd69,0.116,,,
414,2026-05-21,SH600150,0.014913078397512436,EXP_LinearModel_Alpha158_csi300_custom_step0_s_20260521_15,be58d462d3e346feac387754771bbd69,0.116,,,
415,2026-05-21,SH600115,-0.10553499311208725,EXP_LinearModel_Alpha158_csi300_custom_step0_s_20260521_15,be58d462d3e346feac387754771bbd69,0.116,,,
416,2026-05-21,SH600111,-0.03031034581363201,EXP_LinearModel_Alpha158_csi300_custom_step0_s_20260521_15,be58d462d3e346feac387754771bbd69,0.116,,,
417,2026-05-21,SH600104,-0.020356131717562675,EXP_LinearModel_Alpha158_csi300_custom_step0_s_20260521_15,be58d462d3e346feac387754771bbd69,0.116,,,
418,2026-05-21,SH600176,-0.023688288405537605,EXP_LinearModel_Alpha158_csi300_custom_step0_s_20260521_15,be58d462d3e346feac387754771bbd69,0.116,,,
419,2026-05-21,SZ002179,0.04850570857524872,EXP_LinearModel_Alpha158_csi300_custom_step0_s_20260521_15,af9a831273e9461d90c7c3d808587b8f,0.097,,,
420,2026-05-21,SZ002142,-0.01067839190363884,EXP_LinearModel_Alpha158_csi300_custom_step0_s_20260521_15,af9a831273e9461d90c7c3d808587b8f,0.097,,,
421,2026-05-21,SZ002074,-0.02996315434575081,EXP_LinearModel_Alpha158_csi300_custom_step0_s_20260521_15,af9a831273e9461d90c7c3d808587b8f,0.097,,,
422,2026-05-21,SH601766,-0.044286228716373444,EXP_LinearModel_Alpha158_csi300_custom_step0_s_20260521_15,af9a831273e9461d90c7c3d808587b8f,0.097,,,
423,2026-05-21,SH601788,-0.04816261678934097,EXP_LinearModel_Alpha158_csi300_custom_step0_s_20260521_15,af9a831273e9461d90c7c3d808587b8f,0.097,,,
424,2026-05-21,SH601800,-0.030166395008563995,EXP_LinearModel_Alpha158_csi300_custom_step0_s_20260521_15,af9a831273e9461d90c7c3d808587b8f,0.097,,,
425,2026-05-21,SH601808,0.03917475789785385,EXP_LinearModel_Alpha158_csi300_custom_step0_s_20260521_15,af9a831273e9461d90c7c3d808587b8f,0.097,,,
426,2026-05-21,SH601816,-0.01005067490041256,EXP_LinearModel_Alpha158_csi300_custom_step0_s_20260521_15,af9a831273e9461d90c7c3d808587b8f,0.097,,,
427,2026-05-21,SH601818,0.12494136393070221,EXP_LinearModel_Alpha158_csi300_custom_step0_s_20260521_15,af9a831273e9461d90c7c3d808587b8f,0.097,,,
428,2026-05-21,SH601825,0.028556304052472115,EXP_LinearModel_Alpha158_csi300_custom_step0_s_20260521_15,af9a831273e9461d90c7c3d808587b8f,0.097,,,
429,2026-05-21,SH601838,0.013358993455767632,EXP_LinearModel_Alpha158_csi300_custom_step0_s_20260521_15,af9a831273e9461d90c7c3d808587b8f,0.097,,,
430,2026-05-21,SH601857,0.008431706577539444,EXP_LinearModel_Alpha158_csi300_custom_step0_s_20260521_15,af9a831273e9461d90c7c3d808587b8f,0.097,,,
431,2026-05-21,SH601868,-0.02457837574183941,EXP_LinearModel_Alpha158_csi300_custom_step0_s_20260521_15,af9a831273e9461d90c7c3d808587b8f,0.097,,,
432,2026-05-21,SH601872,-0.006286537274718285,EXP_LinearModel_Alpha158_csi300_custom_step0_s_20260521_15,af9a831273e9461d90c7c3d808587b8f,0.097,,,
433,2026-05-21,SH601877,0.009865287691354752,EXP_LinearModel_Alpha158_csi300_custom_step0_s_20260521_15,af9a831273e9461d90c7c3d808587b8f,0.097,,,
434,2026-05-21,SH601878,-0.02236611396074295,EXP_LinearModel_Alpha158_csi300_custom_step0_s_20260521_15,af9a831273e9461d90c7c3d808587b8f,0.097,,,
435,2026-05-21,SH601881,-0.03230292722582817,EXP_LinearModel_Alpha158_csi300_custom_step0_s_20260521_15,af9a831273e9461d90c7c3d808587b8f,0.097,,,
436,2026-05-21,SH601888,-0.03895135223865509,EXP_LinearModel_Alpha158_csi300_custom_step0_s_20260521_15,af9a831273e9461d90c7c3d808587b8f,0.097,,,
437,2026-05-21,SH601898,0.014997030608355999,EXP_LinearModel_Alpha158_csi300_custom_step0_s_20260521_15,af9a831273e9461d90c7c3d808587b8f,0.097,,,
438,2026-05-21,SH601899,-0.01142231747508049,EXP_LinearModel_Alpha158_csi300_custom_step0_s_20260521_15,af9a831273e9461d90c7c3d808587b8f,0.097,,,
439,2026-05-21,SH603296,0.022936634719371796,EXP_LinearModel_Alpha158_csi300_custom_step0_s_20260521_15,af9a831273e9461d90c7c3d808587b8f,0.097,,,
440,2026-05-21,SH603288,-0.07250894606113434,EXP_LinearModel_Alpha158_csi300_custom_step0_s_20260521_15,af9a831273e9461d90c7c3d808587b8f,0.097,,,
441,2026-05-21,SH603260,-0.002598006743937731,EXP_LinearModel_Alpha158_csi300_custom_step0_s_20260521_15,af9a831273e9461d90c7c3d808587b8f,0.097,,,
442,2026-05-21,SH603259,-0.010209173895418644,EXP_LinearModel_Alpha158_csi300_custom_step0_s_20260521_15,af9a831273e9461d90c7c3d808587b8f,0.097,,,
443,2026-05-21,SH603195,0.0390910878777504,EXP_LinearModel_Alpha158_csi300_custom_step0_s_20260521_15,af9a831273e9461d90c7c3d808587b8f,0.097,,,
444,2026-05-21,SH603019,0.05726908519864082,EXP_LinearModel_Alpha158_csi300_custom_step0_s_20260521_15,af9a831273e9461d90c7c3d808587b8f,0.097,,,
445,2026-05-21,SH601728,-0.044078461825847626,EXP_LinearModel_Alpha158_csi300_custom_step0_s_20260521_15,af9a831273e9461d90c7c3d808587b8f,0.097,,,
446,2026-05-21,SH601998,-0.027734169736504555,EXP_LinearModel_Alpha158_csi300_custom_step0_s_20260521_15,af9a831273e9461d90c7c3d808587b8f,0.097,,,
447,2026-05-21,SH601988,0.025070538744330406,EXP_LinearModel_Alpha158_csi300_custom_step0_s_20260521_15,af9a831273e9461d90c7c3d808587b8f,0.097,,,
448,2026-05-21,SH601985,-0.010782252997159958,EXP_LinearModel_Alpha158_csi300_custom_step0_s_20260521_15,af9a831273e9461d90c7c3d808587b8f,0.097,,,
449,2026-05-21,SH601939,0.02237085998058319,EXP_LinearModel_Alpha158_csi300_custom_step0_s_20260521_15,af9a831273e9461d90c7c3d808587b8f,0.097,,,
450,2026-05-21,SH601919,-0.0045639220625162125,EXP_LinearModel_Alpha158_csi300_custom_step0_s_20260521_15,af9a831273e9461d90c7c3d808587b8f,0.097,,,
451,2026-05-21,SH601916,0.08020113408565521,EXP_LinearModel_Alpha158_csi300_custom_step0_s_20260521_15,af9a831273e9461d90c7c3d808587b8f,0.097,,,
452,2026-05-21,SH601901,-0.034883271902799606,EXP_LinearModel_Alpha158_csi300_custom_step0_s_20260521_15,af9a831273e9461d90c7c3d808587b8f,0.097,,,
453,2026-05-21,SH601995,0.05870285630226135,EXP_LinearModel_Alpha158_csi300_custom_step0_s_20260521_15,af9a831273e9461d90c7c3d808587b8f,0.097,,,
454,2026-05-21,SH603369,-0.02662741020321846,EXP_LinearModel_Alpha158_csi300_custom_step0_s_20260521_15,af9a831273e9461d90c7c3d808587b8f,0.097,,,
455,2026-05-21,SH601698,-0.018307050690054893,EXP_LinearModel_Alpha158_csi300_custom_step0_s_20260521_15,af9a831273e9461d90c7c3d808587b8f,0.097,,,
456,2026-05-21,SH601688,-0.06432931870222092,EXP_LinearModel_Alpha158_csi300_custom_step0_s_20260521_15,af9a831273e9461d90c7c3d808587b8f,0.097,,,
457,2026-05-21,SH601127,-0.036075420677661896,EXP_LinearModel_Alpha158_csi300_custom_step0_s_20260521_15,af9a831273e9461d90c7c3d808587b8f,0.097,,,
458,2026-05-21,SH601136,-0.03527231141924858,EXP_LinearModel_Alpha158_csi300_custom_step0_s_20260521_15,af9a831273e9461d90c7c3d808587b8f,0.097,,,
459,2026-05-21,SH601138,0.005244511179625988,EXP_LinearModel_Alpha158_csi300_custom_step0_s_20260521_15,af9a831273e9461d90c7c3d808587b8f,0.097,,,
460,2026-05-21,SH601166,-0.04030241072177887,EXP_LinearModel_Alpha158_csi300_custom_step0_s_20260521_15,af9a831273e9461d90c7c3d808587b8f,0.097,,,
461,2026-05-21,SH601169,0.03464532271027565,EXP_LinearModel_Alpha158_csi300_custom_step0_s_20260521_15,af9a831273e9461d90c7c3d808587b8f,0.097,,,
462,2026-05-21,SH601186,0.04215821623802185,EXP_LinearModel_Alpha158_csi300_custom_step0_s_20260521_15,af9a831273e9461d90c7c3d808587b8f,0.097,,,
463,2026-05-21,SH601211,-0.07798273861408234,EXP_LinearModel_Alpha158_csi300_custom_step0_s_20260521_15,af9a831273e9461d90c7c3d808587b8f,0.097,,,
464,2026-05-21,SH601225,0.03915945068001747,EXP_LinearModel_Alpha158_csi300_custom_step0_s_20260521_15,af9a831273e9461d90c7c3d808587b8f,0.097,,,
465,2026-05-21,SH601229,-0.04103917255997658,EXP_LinearModel_Alpha158_csi300_custom_step0_s_20260521_15,af9a831273e9461d90c7c3d808587b8f,0.097,,,
466,2026-05-21,SH601236,-0.015147898346185684,EXP_LinearModel_Alpha158_csi300_custom_step0_s_20260521_15,af9a831273e9461d90c7c3d808587b8f,0.097,,,
467,2026-05-21,SH601238,-0.014849450439214706,EXP_LinearModel_Alpha158_csi300_custom_step0_s_20260521_15,af9a831273e9461d90c7c3d808587b8f,0.097,,,
468,2026-05-21,SH601288,-0.02318575792014599,EXP_LinearModel_Alpha158_csi300_custom_step0_s_20260521_15,af9a831273e9461d90c7c3d808587b8f,0.097,,,
469,2026-05-21,SH601298,0.054274678230285645,EXP_LinearModel_Alpha158_csi300_custom_step0_s_20260521_15,af9a831273e9461d90c7c3d808587b8f,0.097,,,
470,2026-05-21,SH601318,-0.03699462115764618,EXP_LinearModel_Alpha158_csi300_custom_step0_s_20260521_15,af9a831273e9461d90c7c3d808587b8f,0.097,,,
471,2026-05-21,SH601319,-0.0033143209293484688,EXP_LinearModel_Alpha158_csi300_custom_step0_s_20260521_15,af9a831273e9461d90c7c3d808587b8f,0.097,,,
472,2026-05-21,SH601328,-0.012860618531703949,EXP_LinearModel_Alpha158_csi300_custom_step0_s_20260521_15,af9a831273e9461d90c7c3d808587b8f,0.097,,,
473,2026-05-21,SH601336,-0.08771578967571259,EXP_LinearModel_Alpha158_csi300_custom_step0_s_20260521_15,af9a831273e9461d90c7c3d808587b8f,0.097,,,
474,2026-05-21,SH601669,-0.02506304159760475,EXP_LinearModel_Alpha158_csi300_custom_step0_s_20260521_15,af9a831273e9461d90c7c3d808587b8f,0.097,,,
475,2026-05-21,SH601668,0.03220495209097862,EXP_LinearModel_Alpha158_csi300_custom_step0_s_20260521_15,af9a831273e9461d90c7c3d808587b8f,0.097,,,
476,2026-05-21,SH601658,-0.03492574393749237,EXP_LinearModel_Alpha158_csi300_custom_step0_s_20260521_15,af9a831273e9461d90c7c3d808587b8f,0.097,,,
477,2026-05-21,SH601633,-0.027686651796102524,EXP_LinearModel_Alpha158_csi300_custom_step0_s_20260521_15,af9a831273e9461d90c7c3d808587b8f,0.097,,,
478,2026-05-21,SH601628,-0.09537170082330704,EXP_LinearModel_Alpha158_csi300_custom_step0_s_20260521_15,af9a831273e9461d90c7c3d808587b8f,0.097,,,
479,2026-05-21,SH601618,0.07577762007713318,EXP_LinearModel_Alpha158_csi300_custom_step0_s_20260521_15,af9a831273e9461d90c7c3d808587b8f,0.097,,,
480,2026-05-21,SH601689,-0.055425047874450684,EXP_LinearModel_Alpha158_csi300_custom_step0_s_20260521_15,af9a831273e9461d90c7c3d808587b8f,0.097,,,
481,2026-05-21,SH601607,-0.01541798934340477,EXP_LinearModel_Alpha158_csi300_custom_step0_s_20260521_15,af9a831273e9461d90c7c3d808587b8f,0.097,,,
482,2026-05-21,SH601600,0.013231530785560608,EXP_LinearModel_Alpha158_csi300_custom_step0_s_20260521_15,af9a831273e9461d90c7c3d808587b8f,0.097,,,
483,2026-05-21,SH601456,0.02211984246969223,EXP_LinearModel_Alpha158_csi300_custom_step0_s_20260521_15,af9a831273e9461d90c7c3d808587b8f,0.097,,,
484,2026-05-21,SH601398,-0.013985001482069492,EXP_LinearModel_Alpha158_csi300_custom_step0_s_20260521_15,af9a831273e9461d90c7c3d808587b8f,0.097,,,
485,2026-05-21,SH601390,0.053622424602508545,EXP_LinearModel_Alpha158_csi300_custom_step0_s_20260521_15,af9a831273e9461d90c7c3d808587b8f,0.097,,,
486,2026-05-21,SH601377,-0.02258872240781784,EXP_LinearModel_Alpha158_csi300_custom_step0_s_20260521_15,af9a831273e9461d90c7c3d808587b8f,0.097,,,
487,2026-05-21,SH601360,-0.047321368008852005,EXP_LinearModel_Alpha158_csi300_custom_step0_s_20260521_15,af9a831273e9461d90c7c3d808587b8f,0.097,,,
488,2026-05-21,SH601601,-0.04037368670105934,EXP_LinearModel_Alpha158_csi300_custom_step0_s_20260521_15,af9a831273e9461d90c7c3d808587b8f,0.097,,,
489,2026-05-21,SH603392,-0.08190718293190002,EXP_LinearModel_Alpha158_csi300_custom_step0_s_20260521_15,af9a831273e9461d90c7c3d808587b8f,0.097,,,
490,2026-05-21,SH603501,-0.03720850124955177,EXP_LinearModel_Alpha158_csi300_custom_step0_s_20260521_15,af9a831273e9461d90c7c3d808587b8f,0.097,,,
491,2026-05-21,SH603799,-0.057970646768808365,EXP_LinearModel_Alpha158_csi300_custom_step0_s_20260521_15,af9a831273e9461d90c7c3d808587b8f,0.097,,,
492,2026-05-21,SZ000568,-0.0633847787976265,EXP_LinearModel_Alpha158_csi300_custom_step0_s_20260521_15,af9a831273e9461d90c7c3d808587b8f,0.097,,,
493,2026-05-21,SZ000596,-0.05313052982091904,EXP_LinearModel_Alpha158_csi300_custom_step0_s_20260521_15,af9a831273e9461d90c7c3d808587b8f,0.097,,,
494,2026-05-21,SZ000617,-0.028835389763116837,EXP_LinearModel_Alpha158_csi300_custom_step0_s_20260521_15,af9a831273e9461d90c7c3d808587b8f,0.097,,,
495,2026-05-21,SZ000625,-0.05192162096500397,EXP_LinearModel_Alpha158_csi300_custom_step0_s_20260521_15,af9a831273e9461d90c7c3d808587b8f,0.097,,,
496,2026-05-21,SZ000630,0.032069627195596695,EXP_LinearModel_Alpha158_csi300_custom_step0_s_20260521_15,af9a831273e9461d90c7c3d808587b8f,0.097,,,
497,2026-05-21,SZ000651,0.07954606413841248,EXP_LinearModel_Alpha158_csi300_custom_step0_s_20260521_15,af9a831273e9461d90c7c3d808587b8f,0.097,,,
498,2026-05-21,SZ000661,-0.056080352514982224,EXP_LinearModel_Alpha158_csi300_custom_step0_s_20260521_15,af9a831273e9461d90c7c3d808587b8f,0.097,,,
499,2026-05-21,SZ000708,0.01651819609105587,EXP_LinearModel_Alpha158_csi300_custom_step0_s_20260521_15,af9a831273e9461d90c7c3d808587b8f,0.097,,,
500,2026-05-21,SZ000725,0.023620057851076126,EXP_LinearModel_Alpha158_csi300_custom_step0_s_20260521_15,af9a831273e9461d90c7c3d808587b8f,0.097,,,
501,2026-05-21,SZ000768,-0.018214615061879158,EXP_LinearModel_Alpha158_csi300_custom_step0_s_20260521_15,af9a831273e9461d90c7c3d808587b8f,0.097,,,
502,2026-05-21,SZ000776,0.005602538585662842,EXP_LinearModel_Alpha158_csi300_custom_step0_s_20260521_15,af9a831273e9461d90c7c3d808587b8f,0.097,,,
503,2026-05-21,SZ000786,-0.012540108524262905,EXP_LinearModel_Alpha158_csi300_custom_step0_s_20260521_15,af9a831273e9461d90c7c3d808587b8f,0.097,,,
504,2026-05-21,SZ000792,-0.007374390494078398,EXP_LinearModel_Alpha158_csi300_custom_step0_s_20260521_15,af9a831273e9461d90c7c3d808587b8f,0.097,,,
505,2026-05-21,SZ000807,-0.02181335911154747,EXP_LinearModel_Alpha158_csi300_custom_step0_s_20260521_15,af9a831273e9461d90c7c3d808587b8f,0.097,,,
506,2026-05-21,SZ000858,0.0051484378054738045,EXP_LinearModel_Alpha158_csi300_custom_step0_s_20260521_15,af9a831273e9461d90c7c3d808587b8f,0.097,,,
507,2026-05-21,SZ000876,-0.00148480583447963,EXP_LinearModel_Alpha158_csi300_custom_step0_s_20260521_15,af9a831273e9461d90c7c3d808587b8f,0.097,,,
508,2026-05-21,SZ000895,-0.026260696351528168,EXP_LinearModel_Alpha158_csi300_custom_step0_s_20260521_15,af9a831273e9461d90c7c3d808587b8f,0.097,,,
509,2026-05-21,SZ002050,-0.028571825474500656,EXP_LinearModel_Alpha158_csi300_custom_step0_s_20260521_15,af9a831273e9461d90c7c3d808587b8f,0.097,,,
510,2026-05-21,SZ002049,0.05310220643877983,EXP_LinearModel_Alpha158_csi300_custom_step0_s_20260521_15,af9a831273e9461d90c7c3d808587b8f,0.097,,,
511,2026-05-21,SZ002028,0.001598968869075179,EXP_LinearModel_Alpha158_csi300_custom_step0_s_20260521_15,af9a831273e9461d90c7c3d808587b8f,0.097,,,
512,2026-05-21,SZ002027,-0.028436461463570595,EXP_LinearModel_Alpha158_csi300_custom_step0_s_20260521_15,af9a831273e9461d90c7c3d808587b8f,0.097,,,
513,2026-05-21,SZ002001,-0.0010254108346998692,EXP_LinearModel_Alpha158_csi300_custom_step0_s_20260521_15,af9a831273e9461d90c7c3d808587b8f,0.097,,,
514,2026-05-21,SZ001979,-0.03832554817199707,EXP_LinearModel_Alpha158_csi300_custom_step0_s_20260521_15,af9a831273e9461d90c7c3d808587b8f,0.097,,,
515,2026-05-21,SZ000538,-0.0558927059173584,EXP_LinearModel_Alpha158_csi300_custom_step0_s_20260521_15,af9a831273e9461d90c7c3d808587b8f,0.097,,,
516,2026-05-21,SZ001965,0.027761608362197876,EXP_LinearModel_Alpha158_csi300_custom_step0_s_20260521_15,af9a831273e9461d90c7c3d808587b8f,0.097,,,
517,2026-05-21,SZ000999,-0.005899819079786539,EXP_LinearModel_Alpha158_csi300_custom_step0_s_20260521_15,af9a831273e9461d90c7c3d808587b8f,0.097,,,
518,2026-05-21,SZ000983,-0.0015671836445108056,EXP_LinearModel_Alpha158_csi300_custom_step0_s_20260521_15,af9a831273e9461d90c7c3d808587b8f,0.097,,,
519,2026-05-21,SZ000977,0.059614118188619614,EXP_LinearModel_Alpha158_csi300_custom_step0_s_20260521_15,af9a831273e9461d90c7c3d808587b8f,0.097,,,
520,2026-05-21,SZ000975,0.06621122360229492,EXP_LinearModel_Alpha158_csi300_custom_step0_s_20260521_15,af9a831273e9461d90c7c3d808587b8f,0.097,,,
521,2026-05-21,SZ000963,0.005872876383364201,EXP_LinearModel_Alpha158_csi300_custom_step0_s_20260521_15,af9a831273e9461d90c7c3d808587b8f,0.097,,,
522,2026-05-21,SZ000938,0.08905260264873505,EXP_LinearModel_Alpha158_csi300_custom_step0_s_20260521_15,af9a831273e9461d90c7c3d808587b8f,0.097,,,
523,2026-05-21,SZ001391,-0.013968074694275856,EXP_LinearModel_Alpha158_csi300_custom_step0_s_20260521_15,af9a831273e9461d90c7c3d808587b8f,0.097,,,
524,2026-05-21,SZ000425,-0.04847181588411331,EXP_LinearModel_Alpha158_csi300_custom_step0_s_20260521_15,af9a831273e9461d90c7c3d808587b8f,0.097,,,
525,2026-05-21,SZ000408,-0.02720375545322895,EXP_LinearModel_Alpha158_csi300_custom_step0_s_20260521_15,af9a831273e9461d90c7c3d808587b8f,0.097,,,
526,2026-05-21,SZ000338,-0.02359781414270401,EXP_LinearModel_Alpha158_csi300_custom_step0_s_20260521_15,af9a831273e9461d90c7c3d808587b8f,0.097,,,
527,2026-05-21,SH688126,-0.0077164191752672195,EXP_LinearModel_Alpha158_csi300_custom_step0_s_20260521_15,af9a831273e9461d90c7c3d808587b8f,0.097,,,
528,2026-05-21,SH688111,-0.06162736564874649,EXP_LinearModel_Alpha158_csi300_custom_step0_s_20260521_15,af9a831273e9461d90c7c3d808587b8f,0.097,,,
529,2026-05-21,SH688082,-0.08557180315256119,EXP_LinearModel_Alpha158_csi300_custom_step0_s_20260521_15,af9a831273e9461d90c7c3d808587b8f,0.097,,,
530,2026-05-21,SH688047,0.0600544698536396,EXP_LinearModel_Alpha158_csi300_custom_step0_s_20260521_15,af9a831273e9461d90c7c3d808587b8f,0.097,,,
531,2026-05-21,SH688041,0.1185772493481636,EXP_LinearModel_Alpha158_csi300_custom_step0_s_20260521_15,af9a831273e9461d90c7c3d808587b8f,0.097,,,
532,2026-05-21,SH688036,-0.06839245557785034,EXP_LinearModel_Alpha158_csi300_custom_step0_s_20260521_15,af9a831273e9461d90c7c3d808587b8f,0.097,,,
533,2026-05-21,SH688169,-0.10465618968009949,EXP_LinearModel_Alpha158_csi300_custom_step0_s_20260521_15,af9a831273e9461d90c7c3d808587b8f,0.097,,,
534,2026-05-21,SH688012,-0.18070584535598755,EXP_LinearModel_Alpha158_csi300_custom_step0_s_20260521_15,af9a831273e9461d90c7c3d808587b8f,0.097,,,
535,2026-05-21,SH688008,0.057448744773864746,EXP_LinearModel_Alpha158_csi300_custom_step0_s_20260521_15,af9a831273e9461d90c7c3d808587b8f,0.097,,,
536,2026-05-21,SH605499,-0.01699257083237171,EXP_LinearModel_Alpha158_csi300_custom_step0_s_20260521_15,af9a831273e9461d90c7c3d808587b8f,0.097,,,
537,2026-05-21,SH605117,-0.0907633826136589,EXP_LinearModel_Alpha158_csi300_custom_step0_s_20260521_15,af9a831273e9461d90c7c3d808587b8f,0.097,,,
538,2026-05-21,SH603993,-0.015864016488194466,EXP_LinearModel_Alpha158_csi300_custom_step0_s_20260521_15,af9a831273e9461d90c7c3d808587b8f,0.097,,,
539,2026-05-21,SH603986,-0.18292608857154846,EXP_LinearModel_Alpha158_csi300_custom_step0_s_20260521_15,af9a831273e9461d90c7c3d808587b8f,0.097,,,
540,2026-05-21,SH603893,-0.05340278893709183,EXP_LinearModel_Alpha158_csi300_custom_step0_s_20260521_15,af9a831273e9461d90c7c3d808587b8f,0.097,,,
541,2026-05-21,SH688009,0.022393368184566498,EXP_LinearModel_Alpha158_csi300_custom_step0_s_20260521_15,af9a831273e9461d90c7c3d808587b8f,0.097,,,
542,2026-05-21,SH601111,-0.022998057305812836,EXP_LinearModel_Alpha158_csi300_custom_step0_s_20260521_15,af9a831273e9461d90c7c3d808587b8f,0.097,,,
543,2026-05-21,SH688187,0.0013181534595787525,EXP_LinearModel_Alpha158_csi300_custom_step0_s_20260521_15,af9a831273e9461d90c7c3d808587b8f,0.097,,,
544,2026-05-21,SH688256,-0.053673744201660156,EXP_LinearModel_Alpha158_csi300_custom_step0_s_20260521_15,af9a831273e9461d90c7c3d808587b8f,0.097,,,
545,2026-05-21,SZ000333,0.04505939036607742,EXP_LinearModel_Alpha158_csi300_custom_step0_s_20260521_15,af9a831273e9461d90c7c3d808587b8f,0.097,,,
546,2026-05-21,SZ000301,0.023905107751488686,EXP_LinearModel_Alpha158_csi300_custom_step0_s_20260521_15,af9a831273e9461d90c7c3d808587b8f,0.097,,,
547,2026-05-21,SZ000166,-0.011533694341778755,EXP_LinearModel_Alpha158_csi300_custom_step0_s_20260521_15,af9a831273e9461d90c7c3d808587b8f,0.097,,,
548,2026-05-21,SZ000157,-0.04499427229166031,EXP_LinearModel_Alpha158_csi300_custom_step0_s_20260521_15,af9a831273e9461d90c7c3d808587b8f,0.097,,,
549,2026-05-21,SZ000100,0.03511583432555199,EXP_LinearModel_Alpha158_csi300_custom_step0_s_20260521_15,af9a831273e9461d90c7c3d808587b8f,0.097,,,
550,2026-05-21,SZ000063,0.06487230956554413,EXP_LinearModel_Alpha158_csi300_custom_step0_s_20260521_15,af9a831273e9461d90c7c3d808587b8f,0.097,,,
551,2026-05-21,SH688223,0.06512700766324997,EXP_LinearModel_Alpha158_csi300_custom_step0_s_20260521_15,af9a831273e9461d90c7c3d808587b8f,0.097,,,
552,2026-05-21,SZ000002,-0.0005027502775192261,EXP_LinearModel_Alpha158_csi300_custom_step0_s_20260521_15,af9a831273e9461d90c7c3d808587b8f,0.097,,,
553,2026-05-21,SH688981,-0.03586325794458389,EXP_LinearModel_Alpha158_csi300_custom_step0_s_20260521_15,af9a831273e9461d90c7c3d808587b8f,0.097,,,
554,2026-05-21,SH688506,-0.09533344209194183,EXP_LinearModel_Alpha158_csi300_custom_step0_s_20260521_15,af9a831273e9461d90c7c3d808587b8f,0.097,,,
555,2026-05-21,SH688472,0.04238951951265335,EXP_LinearModel_Alpha158_csi300_custom_step0_s_20260521_15,af9a831273e9461d90c7c3d808587b8f,0.097,,,
556,2026-05-21,SH688396,0.08688604831695557,EXP_LinearModel_Alpha158_csi300_custom_step0_s_20260521_15,af9a831273e9461d90c7c3d808587b8f,0.097,,,
557,2026-05-21,SH688303,-0.05215239152312279,EXP_LinearModel_Alpha158_csi300_custom_step0_s_20260521_15,af9a831273e9461d90c7c3d808587b8f,0.097,,,
558,2026-05-21,SH688271,0.0026933103799819946,EXP_LinearModel_Alpha158_csi300_custom_step0_s_20260521_15,af9a831273e9461d90c7c3d808587b8f,0.097,,,
559,2026-05-21,SZ000001,-0.013325397856533527,EXP_LinearModel_Alpha158_csi300_custom_step0_s_20260521_15,af9a831273e9461d90c7c3d808587b8f,0.097,,,
560,2026-05-21,SH601360,0.025375646740766405,EXP_DEnsembleModel_Alpha158_csi300_custom_step0_s_20260521_16,098c3398601641e8827738cd8a9da176,0.032,,,
561,2026-05-21,SH601336,0.05560463886381867,EXP_DEnsembleModel_Alpha158_csi300_custom_step0_s_20260521_16,098c3398601641e8827738cd8a9da176,0.032,,,
562,2026-05-21,SH601328,-0.055642401961130926,EXP_DEnsembleModel_Alpha158_csi300_custom_step0_s_20260521_16,098c3398601641e8827738cd8a9da176,0.032,,,
563,2026-05-21,SH600160,-0.10610006664702135,EXP_DEnsembleModel_Alpha158_csi300_custom_step0_s_20260521_16,826ff18448bd4683a2614aeeb88595e1,0.094,,,
564,2026-05-21,SH600161,-0.06229326502917353,EXP_DEnsembleModel_Alpha158_csi300_custom_step0_s_20260521_16,826ff18448bd4683a2614aeeb88595e1,0.094,,,
565,2026-05-21,SH600176,-0.03296919853766662,EXP_DEnsembleModel_Alpha158_csi300_custom_step0_s_20260521_16,826ff18448bd4683a2614aeeb88595e1,0.094,,,
566,2026-05-21,SH600183,-0.13285889825312153,EXP_DEnsembleModel_Alpha158_csi300_custom_step0_s_20260521_16,826ff18448bd4683a2614aeeb88595e1,0.094,,,
567,2026-05-21,SH600188,-0.11942797160819091,EXP_DEnsembleModel_Alpha158_csi300_custom_step0_s_20260521_16,826ff18448bd4683a2614aeeb88595e1,0.094,,,
568,2026-05-21,SH600196,-0.043286134690197695,EXP_DEnsembleModel_Alpha158_csi300_custom_step0_s_20260521_16,826ff18448bd4683a2614aeeb88595e1,0.094,,,
569,2026-05-21,SH600219,0.06467729579033094,EXP_DEnsembleModel_Alpha158_csi300_custom_step0_s_20260521_16,826ff18448bd4683a2614aeeb88595e1,0.094,,,
570,2026-05-21,SH600233,-0.019306112371400588,EXP_DEnsembleModel_Alpha158_csi300_custom_step0_s_20260521_16,826ff18448bd4683a2614aeeb88595e1,0.094,,,
571,2026-05-21,SH600276,-0.14359245296947099,EXP_DEnsembleModel_Alpha158_csi300_custom_step0_s_20260521_16,826ff18448bd4683a2614aeeb88595e1,0.094,,,
572,2026-05-21,SH600309,-0.04279024796969123,EXP_DEnsembleModel_Alpha158_csi300_custom_step0_s_20260521_16,826ff18448bd4683a2614aeeb88595e1,0.094,,,
573,2026-05-21,SH600346,-0.11753046738378589,EXP_DEnsembleModel_Alpha158_csi300_custom_step0_s_20260521_16,826ff18448bd4683a2614aeeb88595e1,0.094,,,
574,2026-05-21,SH600362,-0.14204457596170322,EXP_DEnsembleModel_Alpha158_csi300_custom_step0_s_20260521_16,826ff18448bd4683a2614aeeb88595e1,0.094,,,
575,2026-05-21,SH600372,-0.151379883641603,EXP_DEnsembleModel_Alpha158_csi300_custom_step0_s_20260521_16,826ff18448bd4683a2614aeeb88595e1,0.094,,,
576,2026-05-21,SH600377,0.10937671190339249,EXP_DEnsembleModel_Alpha158_csi300_custom_step0_s_20260521_16,826ff18448bd4683a2614aeeb88595e1,0.094,,,
577,2026-05-21,SH600406,-0.10053852849351617,EXP_DEnsembleModel_Alpha158_csi300_custom_step0_s_20260521_16,826ff18448bd4683a2614aeeb88595e1,0.094,,,
578,2026-05-21,SH600415,-0.2518846887801297,EXP_DEnsembleModel_Alpha158_csi300_custom_step0_s_20260521_16,826ff18448bd4683a2614aeeb88595e1,0.094,,,
579,2026-05-21,SH600426,-0.05823590126263553,EXP_DEnsembleModel_Alpha158_csi300_custom_step0_s_20260521_16,826ff18448bd4683a2614aeeb88595e1,0.094,,,
580,2026-05-21,SH600600,0.08480029522793438,EXP_DEnsembleModel_Alpha158_csi300_custom_step0_s_20260521_16,826ff18448bd4683a2614aeeb88595e1,0.094,,,
581,2026-05-21,SH600588,-0.13882457837681403,EXP_DEnsembleModel_Alpha158_csi300_custom_step0_s_20260521_16,826ff18448bd4683a2614aeeb88595e1,0.094,,,
582,2026-05-21,SH600585,-0.013586455291749367,EXP_DEnsembleModel_Alpha158_csi300_custom_step0_s_20260521_16,826ff18448bd4683a2614aeeb88595e1,0.094,,,
583,2026-05-21,SH600584,-0.29536566291342675,EXP_DEnsembleModel_Alpha158_csi300_custom_step0_s_20260521_16,826ff18448bd4683a2614aeeb88595e1,0.094,,,
584,2026-05-21,SH600570,-0.007422268250205224,EXP_DEnsembleModel_Alpha158_csi300_custom_step0_s_20260521_16,826ff18448bd4683a2614aeeb88595e1,0.094,,,
585,2026-05-21,SH600547,-0.07126966133849297,EXP_DEnsembleModel_Alpha158_csi300_custom_step0_s_20260521_16,826ff18448bd4683a2614aeeb88595e1,0.094,,,
586,2026-05-21,SH600150,0.00027263698338591,EXP_DEnsembleModel_Alpha158_csi300_custom_step0_s_20260521_16,826ff18448bd4683a2614aeeb88595e1,0.094,,,
587,2026-05-21,SH600522,0.04252756562532569,EXP_DEnsembleModel_Alpha158_csi300_custom_step0_s_20260521_16,826ff18448bd4683a2614aeeb88595e1,0.094,,,
588,2026-05-21,SH600515,-0.0708163416782604,EXP_DEnsembleModel_Alpha158_csi300_custom_step0_s_20260521_16,826ff18448bd4683a2614aeeb88595e1,0.094,,,
589,2026-05-21,SH600489,-0.08802346064719684,EXP_DEnsembleModel_Alpha158_csi300_custom_step0_s_20260521_16,826ff18448bd4683a2614aeeb88595e1,0.094,,,
590,2026-05-21,SH600482,-0.09541188498721441,EXP_DEnsembleModel_Alpha158_csi300_custom_step0_s_20260521_16,826ff18448bd4683a2614aeeb88595e1,0.094,,,
591,2026-05-21,SH600460,-0.04030870548694714,EXP_DEnsembleModel_Alpha158_csi300_custom_step0_s_20260521_16,826ff18448bd4683a2614aeeb88595e1,0.094,,,
592,2026-05-21,SH600438,-0.07256086718173287,EXP_DEnsembleModel_Alpha158_csi300_custom_step0_s_20260521_16,826ff18448bd4683a2614aeeb88595e1,0.094,,,
593,2026-05-21,SH600436,-0.06580980216206803,EXP_DEnsembleModel_Alpha158_csi300_custom_step0_s_20260521_16,826ff18448bd4683a2614aeeb88595e1,0.094,,,
594,2026-05-21,SH600519,-0.011950754463874077,EXP_DEnsembleModel_Alpha158_csi300_custom_step0_s_20260521_16,826ff18448bd4683a2614aeeb88595e1,0.094,,,
595,2026-05-21,SH600660,-0.07247354704893194,EXP_DEnsembleModel_Alpha158_csi300_custom_step0_s_20260521_16,826ff18448bd4683a2614aeeb88595e1,0.094,,,
596,2026-05-21,SH600115,-0.08414709671940981,EXP_DEnsembleModel_Alpha158_csi300_custom_step0_s_20260521_16,826ff18448bd4683a2614aeeb88595e1,0.094,,,
597,2026-05-21,SH600104,-0.010503664182993087,EXP_DEnsembleModel_Alpha158_csi300_custom_step0_s_20260521_16,826ff18448bd4683a2614aeeb88595e1,0.094,,,
598,2026-05-21,SZ300866,-0.009509507715347256,EXP_DEnsembleModel_Alpha158_csi300_custom_step0_s_20260521_16,f7e54c4986db439ea3d1919f2e80528d,0.07,,,
599,2026-05-21,SZ300896,-0.186688985417994,EXP_DEnsembleModel_Alpha158_csi300_custom_step0_s_20260521_16,f7e54c4986db439ea3d1919f2e80528d,0.07,,,
600,2026-05-21,SZ300979,-0.027339314403973032,EXP_DEnsembleModel_Alpha158_csi300_custom_step0_s_20260521_16,f7e54c4986db439ea3d1919f2e80528d,0.07,,,
601,2026-05-21,SZ300999,-0.027084785711172156,EXP_DEnsembleModel_Alpha158_csi300_custom_step0_s_20260521_16,f7e54c4986db439ea3d1919f2e80528d,0.07,,,
602,2026-05-21,SZ301236,-0.22726412815595304,EXP_DEnsembleModel_Alpha158_csi300_custom_step0_s_20260521_16,f7e54c4986db439ea3d1919f2e80528d,0.07,,,
603,2026-05-21,SZ301269,-0.03785460929777229,EXP_DEnsembleModel_Alpha158_csi300_custom_step0_s_20260521_16,f7e54c4986db439ea3d1919f2e80528d,0.07,,,
604,2026-05-21,SZ302132,-0.13995792555863168,EXP_DEnsembleModel_Alpha158_csi300_custom_step0_s_20260521_16,f7e54c4986db439ea3d1919f2e80528d,0.07,,,
605,2026-05-21,SH600000,-0.005980667905269151,EXP_DEnsembleModel_Alpha158_csi300_custom_step0_s_20260521_16,826ff18448bd4683a2614aeeb88595e1,0.094,,,
606,2026-05-21,SH600009,0.032751131254900964,EXP_DEnsembleModel_Alpha158_csi300_custom_step0_s_20260521_16,826ff18448bd4683a2614aeeb88595e1,0.094,,,
607,2026-05-21,SH600010,-0.14821974967492807,EXP_DEnsembleModel_Alpha158_csi300_custom_step0_s_20260521_16,826ff18448bd4683a2614aeeb88595e1,0.094,,,
608,2026-05-21,SH600011,0.04008212702965993,EXP_DEnsembleModel_Alpha158_csi300_custom_step0_s_20260521_16,826ff18448bd4683a2614aeeb88595e1,0.094,,,
609,2026-05-21,SH600015,0.022789695586640606,EXP_DEnsembleModel_Alpha158_csi300_custom_step0_s_20260521_16,826ff18448bd4683a2614aeeb88595e1,0.094,,,
610,2026-05-21,SH600016,0.04384144071677843,EXP_DEnsembleModel_Alpha158_csi300_custom_step0_s_20260521_16,826ff18448bd4683a2614aeeb88595e1,0.094,,,
611,2026-05-21,SH600018,0.17523497283289954,EXP_DEnsembleModel_Alpha158_csi300_custom_step0_s_20260521_16,826ff18448bd4683a2614aeeb88595e1,0.094,,,
612,2026-05-21,SH600019,-0.09994663001983582,EXP_DEnsembleModel_Alpha158_csi300_custom_step0_s_20260521_16,826ff18448bd4683a2614aeeb88595e1,0.094,,,
613,2026-05-21,SH600023,0.02348464712269147,EXP_DEnsembleModel_Alpha158_csi300_custom_step0_s_20260521_16,826ff18448bd4683a2614aeeb88595e1,0.094,,,
614,2026-05-21,SH600025,0.04421580219841216,EXP_DEnsembleModel_Alpha158_csi300_custom_step0_s_20260521_16,826ff18448bd4683a2614aeeb88595e1,0.094,,,
615,2026-05-21,SH600089,-0.10349739426036435,EXP_DEnsembleModel_Alpha158_csi300_custom_step0_s_20260521_16,826ff18448bd4683a2614aeeb88595e1,0.094,,,
616,2026-05-21,SH600085,-0.08744961357765779,EXP_DEnsembleModel_Alpha158_csi300_custom_step0_s_20260521_16,826ff18448bd4683a2614aeeb88595e1,0.094,,,
617,2026-05-21,SH600066,-0.014402300341167294,EXP_DEnsembleModel_Alpha158_csi300_custom_step0_s_20260521_16,826ff18448bd4683a2614aeeb88595e1,0.094,,,
618,2026-05-21,SH600061,0.012422833286310936,EXP_DEnsembleModel_Alpha158_csi300_custom_step0_s_20260521_16,826ff18448bd4683a2614aeeb88595e1,0.094,,,
619,2026-05-21,SH600050,-0.11267404750707918,EXP_DEnsembleModel_Alpha158_csi300_custom_step0_s_20260521_16,826ff18448bd4683a2614aeeb88595e1,0.094,,,
620,2026-05-21,SH600048,-0.13555805604248605,EXP_DEnsembleModel_Alpha158_csi300_custom_step0_s_20260521_16,826ff18448bd4683a2614aeeb88595e1,0.094,,,
621,2026-05-21,SH600111,-0.07556353365411374,EXP_DEnsembleModel_Alpha158_csi300_custom_step0_s_20260521_16,826ff18448bd4683a2614aeeb88595e1,0.094,,,
622,2026-05-21,SH600039,0.06592077564587559,EXP_DEnsembleModel_Alpha158_csi300_custom_step0_s_20260521_16,826ff18448bd4683a2614aeeb88595e1,0.094,,,
623,2026-05-21,SH600031,-0.20412792547257028,EXP_DEnsembleModel_Alpha158_csi300_custom_step0_s_20260521_16,826ff18448bd4683a2614aeeb88595e1,0.094,,,
624,2026-05-21,SH600030,0.012842468391558021,EXP_DEnsembleModel_Alpha158_csi300_custom_step0_s_20260521_16,826ff18448bd4683a2614aeeb88595e1,0.094,,,
625,2026-05-21,SH600029,-0.1163279429220873,EXP_DEnsembleModel_Alpha158_csi300_custom_step0_s_20260521_16,826ff18448bd4683a2614aeeb88595e1,0.094,,,
626,2026-05-21,SH600028,-0.012521169807078155,EXP_DEnsembleModel_Alpha158_csi300_custom_step0_s_20260521_16,826ff18448bd4683a2614aeeb88595e1,0.094,,,
627,2026-05-21,SH600027,0.03687520243923722,EXP_DEnsembleModel_Alpha158_csi300_custom_step0_s_20260521_16,826ff18448bd4683a2614aeeb88595e1,0.094,,,
628,2026-05-21,SH600026,-0.12978503878158262,EXP_DEnsembleModel_Alpha158_csi300_custom_step0_s_20260521_16,826ff18448bd4683a2614aeeb88595e1,0.094,,,
629,2026-05-21,SH600036,-0.018570033566515133,EXP_DEnsembleModel_Alpha158_csi300_custom_step0_s_20260521_16,826ff18448bd4683a2614aeeb88595e1,0.094,,,
630,2026-05-21,SZ300832,-0.1105314433785152,EXP_DEnsembleModel_Alpha158_csi300_custom_step0_s_20260521_16,f7e54c4986db439ea3d1919f2e80528d,0.07,,,
631,2026-05-21,SH600674,0.06353160044975782,EXP_DEnsembleModel_Alpha158_csi300_custom_step0_s_20260521_16,826ff18448bd4683a2614aeeb88595e1,0.094,,,
632,2026-05-21,SH600741,-0.032887380011614696,EXP_DEnsembleModel_Alpha158_csi300_custom_step0_s_20260521_16,826ff18448bd4683a2614aeeb88595e1,0.094,,,
633,2026-05-21,SH601138,-0.05730561490354051,EXP_DEnsembleModel_Alpha158_csi300_custom_step0_s_20260521_16,826ff18448bd4683a2614aeeb88595e1,0.094,,,
634,2026-05-21,SH601166,-0.043252395197679656,EXP_DEnsembleModel_Alpha158_csi300_custom_step0_s_20260521_16,826ff18448bd4683a2614aeeb88595e1,0.094,,,
635,2026-05-21,SH601169,0.010104694421288491,EXP_DEnsembleModel_Alpha158_csi300_custom_step0_s_20260521_16,826ff18448bd4683a2614aeeb88595e1,0.094,,,
636,2026-05-21,SH601186,0.017671952107778093,EXP_DEnsembleModel_Alpha158_csi300_custom_step0_s_20260521_16,826ff18448bd4683a2614aeeb88595e1,0.094,,,
637,2026-05-21,SH601211,-0.0441571959009965,EXP_DEnsembleModel_Alpha158_csi300_custom_step0_s_20260521_16,826ff18448bd4683a2614aeeb88595e1,0.094,,,
638,2026-05-21,SH601225,-0.041902181705714865,EXP_DEnsembleModel_Alpha158_csi300_custom_step0_s_20260521_16,826ff18448bd4683a2614aeeb88595e1,0.094,,,
639,2026-05-21,SH601229,-0.032371088605727696,EXP_DEnsembleModel_Alpha158_csi300_custom_step0_s_20260521_16,826ff18448bd4683a2614aeeb88595e1,0.094,,,
640,2026-05-21,SH601236,0.0027338348712090395,EXP_DEnsembleModel_Alpha158_csi300_custom_step0_s_20260521_16,826ff18448bd4683a2614aeeb88595e1,0.094,,,
641,2026-05-21,SH601238,-0.006480106154285897,EXP_DEnsembleModel_Alpha158_csi300_custom_step0_s_20260521_16,826ff18448bd4683a2614aeeb88595e1,0.094,,,
642,2026-05-21,SH601288,0.01676466170211285,EXP_DEnsembleModel_Alpha158_csi300_custom_step0_s_20260521_16,826ff18448bd4683a2614aeeb88595e1,0.094,,,
643,2026-05-21,SH601298,0.14821423801572747,EXP_DEnsembleModel_Alpha158_csi300_custom_step0_s_20260521_16,826ff18448bd4683a2614aeeb88595e1,0.094,,,
644,2026-05-21,SH601318,-0.09438197113396002,EXP_DEnsembleModel_Alpha158_csi300_custom_step0_s_20260521_16,826ff18448bd4683a2614aeeb88595e1,0.094,,,
645,2026-05-21,SH601319,-0.003562721101797062,EXP_DEnsembleModel_Alpha158_csi300_custom_step0_s_20260521_16,826ff18448bd4683a2614aeeb88595e1,0.094,,,
646,2026-05-21,SH601328,0.02417447810925996,EXP_DEnsembleModel_Alpha158_csi300_custom_step0_s_20260521_16,826ff18448bd4683a2614aeeb88595e1,0.094,,,
647,2026-05-21,SH601336,-0.17533696348557531,EXP_DEnsembleModel_Alpha158_csi300_custom_step0_s_20260521_16,826ff18448bd4683a2614aeeb88595e1,0.094,,,
648,2026-05-21,SH601360,-0.05932756284442007,EXP_DEnsembleModel_Alpha158_csi300_custom_step0_s_20260521_16,826ff18448bd4683a2614aeeb88595e1,0.094,,,
649,2026-05-21,SH601377,-0.07061542581492677,EXP_DEnsembleModel_Alpha158_csi300_custom_step0_s_20260521_16,826ff18448bd4683a2614aeeb88595e1,0.094,,,
650,2026-05-21,SH601689,-0.025372128853838445,EXP_DEnsembleModel_Alpha158_csi300_custom_step0_s_20260521_16,826ff18448bd4683a2614aeeb88595e1,0.094,,,
651,2026-05-21,SH601688,-0.11290659972021945,EXP_DEnsembleModel_Alpha158_csi300_custom_step0_s_20260521_16,826ff18448bd4683a2614aeeb88595e1,0.094,,,
652,2026-05-21,SH601669,-0.07293303873211596,EXP_DEnsembleModel_Alpha158_csi300_custom_step0_s_20260521_16,826ff18448bd4683a2614aeeb88595e1,0.094,,,
653,2026-05-21,SH601668,0.07324026409159962,EXP_DEnsembleModel_Alpha158_csi300_custom_step0_s_20260521_16,826ff18448bd4683a2614aeeb88595e1,0.094,,,
654,2026-05-21,SH601658,-0.018389422706135864,EXP_DEnsembleModel_Alpha158_csi300_custom_step0_s_20260521_16,826ff18448bd4683a2614aeeb88595e1,0.094,,,
655,2026-05-21,SH601633,-0.03962755687635357,EXP_DEnsembleModel_Alpha158_csi300_custom_step0_s_20260521_16,826ff18448bd4683a2614aeeb88595e1,0.094,,,
656,2026-05-21,SH601136,-0.09111603187186261,EXP_DEnsembleModel_Alpha158_csi300_custom_step0_s_20260521_16,826ff18448bd4683a2614aeeb88595e1,0.094,,,
657,2026-05-21,SH601628,-0.1334616171961385,EXP_DEnsembleModel_Alpha158_csi300_custom_step0_s_20260521_16,826ff18448bd4683a2614aeeb88595e1,0.094,,,
658,2026-05-21,SH601607,0.06813590885283993,EXP_DEnsembleModel_Alpha158_csi300_custom_step0_s_20260521_16,826ff18448bd4683a2614aeeb88595e1,0.094,,,
659,2026-05-21,SH601601,-0.09840589800553663,EXP_DEnsembleModel_Alpha158_csi300_custom_step0_s_20260521_16,826ff18448bd4683a2614aeeb88595e1,0.094,,,
660,2026-05-21,SH601600,-0.04083796567752985,EXP_DEnsembleModel_Alpha158_csi300_custom_step0_s_20260521_16,826ff18448bd4683a2614aeeb88595e1,0.094,,,
661,2026-05-21,SH601456,0.018424558263842795,EXP_DEnsembleModel_Alpha158_csi300_custom_step0_s_20260521_16,826ff18448bd4683a2614aeeb88595e1,0.094,,,
662,2026-05-21,SH601398,0.09906388252023628,EXP_DEnsembleModel_Alpha158_csi300_custom_step0_s_20260521_16,826ff18448bd4683a2614aeeb88595e1,0.094,,,
663,2026-05-21,SH601390,-0.04823792891103749,EXP_DEnsembleModel_Alpha158_csi300_custom_step0_s_20260521_16,826ff18448bd4683a2614aeeb88595e1,0.094,,,
664,2026-05-21,SH601618,0.014115191581845824,EXP_DEnsembleModel_Alpha158_csi300_custom_step0_s_20260521_16,826ff18448bd4683a2614aeeb88595e1,0.094,,,
665,2026-05-21,SH600690,-0.02728204063248699,EXP_DEnsembleModel_Alpha158_csi300_custom_step0_s_20260521_16,826ff18448bd4683a2614aeeb88595e1,0.094,,,
666,2026-05-21,SH601127,0.0026138506036159225,EXP_DEnsembleModel_Alpha158_csi300_custom_step0_s_20260521_16,826ff18448bd4683a2614aeeb88595e1,0.094,,,
667,2026-05-21,SH601111,-0.08731669057978642,EXP_DEnsembleModel_Alpha158_csi300_custom_step0_s_20260521_16,826ff18448bd4683a2614aeeb88595e1,0.094,,,
668,2026-05-21,SH600760,-0.1170107836259675,EXP_DEnsembleModel_Alpha158_csi300_custom_step0_s_20260521_16,826ff18448bd4683a2614aeeb88595e1,0.094,,,
669,2026-05-21,SH600795,0.06940191513343137,EXP_DEnsembleModel_Alpha158_csi300_custom_step0_s_20260521_16,826ff18448bd4683a2614aeeb88595e1,0.094,,,
670,2026-05-21,SH600803,-0.002372051011356578,EXP_DEnsembleModel_Alpha158_csi300_custom_step0_s_20260521_16,826ff18448bd4683a2614aeeb88595e1,0.094,,,
671,2026-05-21,SH600809,-0.05846301826538425,EXP_DEnsembleModel_Alpha158_csi300_custom_step0_s_20260521_16,826ff18448bd4683a2614aeeb88595e1,0.094,,,
672,2026-05-21,SH600845,-0.05738857655507804,EXP_DEnsembleModel_Alpha158_csi300_custom_step0_s_20260521_16,826ff18448bd4683a2614aeeb88595e1,0.094,,,
673,2026-05-21,SH600875,-0.09391968861388837,EXP_DEnsembleModel_Alpha158_csi300_custom_step0_s_20260521_16,826ff18448bd4683a2614aeeb88595e1,0.094,,,
674,2026-05-21,SH600886,0.15160602258958378,EXP_DEnsembleModel_Alpha158_csi300_custom_step0_s_20260521_16,826ff18448bd4683a2614aeeb88595e1,0.094,,,
675,2026-05-21,SH600887,0.048190729479856795,EXP_DEnsembleModel_Alpha158_csi300_custom_step0_s_20260521_16,826ff18448bd4683a2614aeeb88595e1,0.094,,,
676,2026-05-21,SH600893,-0.11110694680281749,EXP_DEnsembleModel_Alpha158_csi300_custom_step0_s_20260521_16,826ff18448bd4683a2614aeeb88595e1,0.094,,,
677,2026-05-21,SH600900,0.12947266315435327,EXP_DEnsembleModel_Alpha158_csi300_custom_step0_s_20260521_16,826ff18448bd4683a2614aeeb88595e1,0.094,,,
678,2026-05-21,SH600905,0.017238405362002888,EXP_DEnsembleModel_Alpha158_csi300_custom_step0_s_20260521_16,826ff18448bd4683a2614aeeb88595e1,0.094,,,
679,2026-05-21,SH600918,0.00866933715397643,EXP_DEnsembleModel_Alpha158_csi300_custom_step0_s_20260521_16,826ff18448bd4683a2614aeeb88595e1,0.094,,,
680,2026-05-21,SH600919,0.15115725411724698,EXP_DEnsembleModel_Alpha158_csi300_custom_step0_s_20260521_16,826ff18448bd4683a2614aeeb88595e1,0.094,,,
681,2026-05-21,SH600926,0.026518150994315346,EXP_DEnsembleModel_Alpha158_csi300_custom_step0_s_20260521_16,826ff18448bd4683a2614aeeb88595e1,0.094,,,
682,2026-05-21,SH600930,-0.05929823017975489,EXP_DEnsembleModel_Alpha158_csi300_custom_step0_s_20260521_16,826ff18448bd4683a2614aeeb88595e1,0.094,,,
683,2026-05-21,SH600938,-0.0032840331426654185,EXP_DEnsembleModel_Alpha158_csi300_custom_step0_s_20260521_16,826ff18448bd4683a2614aeeb88595e1,0.094,,,
684,2026-05-21,SH600941,0.08428025405822208,EXP_DEnsembleModel_Alpha158_csi300_custom_step0_s_20260521_16,826ff18448bd4683a2614aeeb88595e1,0.094,,,
685,2026-05-21,SH601100,0.038834457309562864,EXP_DEnsembleModel_Alpha158_csi300_custom_step0_s_20260521_16,826ff18448bd4683a2614aeeb88595e1,0.094,,,
686,2026-05-21,SH601088,0.02392330482114983,EXP_DEnsembleModel_Alpha158_csi300_custom_step0_s_20260521_16,826ff18448bd4683a2614aeeb88595e1,0.094,,,
687,2026-05-21,SH601077,0.08837701749430077,EXP_DEnsembleModel_Alpha158_csi300_custom_step0_s_20260521_16,826ff18448bd4683a2614aeeb88595e1,0.094,,,
688,2026-05-21,SH601066,-0.01770204947416372,EXP_DEnsembleModel_Alpha158_csi300_custom_step0_s_20260521_16,826ff18448bd4683a2614aeeb88595e1,0.094,,,
689,2026-05-21,SH601059,0.08123717684146466,EXP_DEnsembleModel_Alpha158_csi300_custom_step0_s_20260521_16,826ff18448bd4683a2614aeeb88595e1,0.094,,,
690,2026-05-21,SH601058,-0.09811270121951061,EXP_DEnsembleModel_Alpha158_csi300_custom_step0_s_20260521_16,826ff18448bd4683a2614aeeb88595e1,0.094,,,
691,2026-05-21,SH601117,-0.04288951959226476,EXP_DEnsembleModel_Alpha158_csi300_custom_step0_s_20260521_16,826ff18448bd4683a2614aeeb88595e1,0.094,,,
692,2026-05-21,SH601021,-0.10490563634319892,EXP_DEnsembleModel_Alpha158_csi300_custom_step0_s_20260521_16,826ff18448bd4683a2614aeeb88595e1,0.094,,,
693,2026-05-21,SH601012,-0.07461645861209097,EXP_DEnsembleModel_Alpha158_csi300_custom_step0_s_20260521_16,826ff18448bd4683a2614aeeb88595e1,0.094,,,
694,2026-05-21,SH601009,-0.02683538822278249,EXP_DEnsembleModel_Alpha158_csi300_custom_step0_s_20260521_16,826ff18448bd4683a2614aeeb88595e1,0.094,,,
695,2026-05-21,SH601006,0.09925178205687427,EXP_DEnsembleModel_Alpha158_csi300_custom_step0_s_20260521_16,826ff18448bd4683a2614aeeb88595e1,0.094,,,
696,2026-05-21,SH600999,0.04107567887804907,EXP_DEnsembleModel_Alpha158_csi300_custom_step0_s_20260521_16,826ff18448bd4683a2614aeeb88595e1,0.094,,,
697,2026-05-21,SH600989,-0.0754347377362871,EXP_DEnsembleModel_Alpha158_csi300_custom_step0_s_20260521_16,826ff18448bd4683a2614aeeb88595e1,0.094,,,
698,2026-05-21,SH600958,-0.04757059501903639,EXP_DEnsembleModel_Alpha158_csi300_custom_step0_s_20260521_16,826ff18448bd4683a2614aeeb88595e1,0.094,,,
699,2026-05-21,SH601018,0.10825914875647953,EXP_DEnsembleModel_Alpha158_csi300_custom_step0_s_20260521_16,826ff18448bd4683a2614aeeb88595e1,0.094,,,
700,2026-05-21,SZ300803,-0.08283650275883178,EXP_DEnsembleModel_Alpha158_csi300_custom_step0_s_20260521_16,f7e54c4986db439ea3d1919f2e80528d,0.07,,,
701,2026-05-21,SZ300782,0.30979230233893124,EXP_DEnsembleModel_Alpha158_csi300_custom_step0_s_20260521_16,f7e54c4986db439ea3d1919f2e80528d,0.07,,,
702,2026-05-21,SZ300760,-0.0426765599221094,EXP_DEnsembleModel_Alpha158_csi300_custom_step0_s_20260521_16,f7e54c4986db439ea3d1919f2e80528d,0.07,,,
703,2026-05-21,SH688472,-0.12184696276339561,EXP_DEnsembleModel_Alpha158_csi300_custom_step0_s_20260521_16,f7e54c4986db439ea3d1919f2e80528d,0.07,,,
704,2026-05-21,SH688506,-0.10125329157021885,EXP_DEnsembleModel_Alpha158_csi300_custom_step0_s_20260521_16,f7e54c4986db439ea3d1919f2e80528d,0.07,,,
705,2026-05-21,SH688981,0.0098167991797095,EXP_DEnsembleModel_Alpha158_csi300_custom_step0_s_20260521_16,f7e54c4986db439ea3d1919f2e80528d,0.07,,,
706,2026-05-21,SZ000001,0.006326268600528546,EXP_DEnsembleModel_Alpha158_csi300_custom_step0_s_20260521_16,f7e54c4986db439ea3d1919f2e80528d,0.07,,,
707,2026-05-21,SZ000002,-0.13863768630697282,EXP_DEnsembleModel_Alpha158_csi300_custom_step0_s_20260521_16,f7e54c4986db439ea3d1919f2e80528d,0.07,,,
708,2026-05-21,SZ000063,-0.10036957054505143,EXP_DEnsembleModel_Alpha158_csi300_custom_step0_s_20260521_16,f7e54c4986db439ea3d1919f2e80528d,0.07,,,
709,2026-05-21,SZ000100,-0.04509348361231304,EXP_DEnsembleModel_Alpha158_csi300_custom_step0_s_20260521_16,f7e54c4986db439ea3d1919f2e80528d,0.07,,,
710,2026-05-21,SZ000157,-0.08501742487164599,EXP_DEnsembleModel_Alpha158_csi300_custom_step0_s_20260521_16,f7e54c4986db439ea3d1919f2e80528d,0.07,,,
711,2026-05-21,SZ000166,-0.009655412000004795,EXP_DEnsembleModel_Alpha158_csi300_custom_step0_s_20260521_16,f7e54c4986db439ea3d1919f2e80528d,0.07,,,
712,2026-05-21,SZ000301,0.03312002300918645,EXP_DEnsembleModel_Alpha158_csi300_custom_step0_s_20260521_16,f7e54c4986db439ea3d1919f2e80528d,0.07,,,
713,2026-05-21,SZ000333,0.17221665614475193,EXP_DEnsembleModel_Alpha158_csi300_custom_step0_s_20260521_16,f7e54c4986db439ea3d1919f2e80528d,0.07,,,
714,2026-05-21,SZ000338,-0.0025249224064688098,EXP_DEnsembleModel_Alpha158_csi300_custom_step0_s_20260521_16,f7e54c4986db439ea3d1919f2e80528d,0.07,,,
715,2026-05-21,SZ000408,-0.14701127715391124,EXP_DEnsembleModel_Alpha158_csi300_custom_step0_s_20260521_16,f7e54c4986db439ea3d1919f2e80528d,0.07,,,
716,2026-05-21,SZ000425,-0.14278150016593047,EXP_DEnsembleModel_Alpha158_csi300_custom_step0_s_20260521_16,f7e54c4986db439ea3d1919f2e80528d,0.07,,,
717,2026-05-21,SZ000538,0.06114055839679147,EXP_DEnsembleModel_Alpha158_csi300_custom_step0_s_20260521_16,f7e54c4986db439ea3d1919f2e80528d,0.07,,,
718,2026-05-21,SZ000568,-0.03714982538710381,EXP_DEnsembleModel_Alpha158_csi300_custom_step0_s_20260521_16,f7e54c4986db439ea3d1919f2e80528d,0.07,,,
719,2026-05-21,SZ000596,-0.04095664836790243,EXP_DEnsembleModel_Alpha158_csi300_custom_step0_s_20260521_16,f7e54c4986db439ea3d1919f2e80528d,0.07,,,
720,2026-05-21,SZ000876,-0.0753179631384693,EXP_DEnsembleModel_Alpha158_csi300_custom_step0_s_20260521_16,f7e54c4986db439ea3d1919f2e80528d,0.07,,,
721,2026-05-21,SZ000858,0.0006635608167141128,EXP_DEnsembleModel_Alpha158_csi300_custom_step0_s_20260521_16,f7e54c4986db439ea3d1919f2e80528d,0.07,,,
722,2026-05-21,SZ000807,-0.08812263487513543,EXP_DEnsembleModel_Alpha158_csi300_custom_step0_s_20260521_16,f7e54c4986db439ea3d1919f2e80528d,0.07,,,
723,2026-05-21,SZ000792,-0.08015143739675581,EXP_DEnsembleModel_Alpha158_csi300_custom_step0_s_20260521_16,f7e54c4986db439ea3d1919f2e80528d,0.07,,,
724,2026-05-21,SZ000786,-0.1348018942522393,EXP_DEnsembleModel_Alpha158_csi300_custom_step0_s_20260521_16,f7e54c4986db439ea3d1919f2e80528d,0.07,,,
725,2026-05-21,SZ000776,-0.13291412120491253,EXP_DEnsembleModel_Alpha158_csi300_custom_step0_s_20260521_16,f7e54c4986db439ea3d1919f2e80528d,0.07,,,
726,2026-05-21,SH688396,0.014121339339601233,EXP_DEnsembleModel_Alpha158_csi300_custom_step0_s_20260521_16,f7e54c4986db439ea3d1919f2e80528d,0.07,,,
727,2026-05-21,SZ000768,-0.08605562896468928,EXP_DEnsembleModel_Alpha158_csi300_custom_step0_s_20260521_16,f7e54c4986db439ea3d1919f2e80528d,0.07,,,
728,2026-05-21,SZ000708,-0.02353701716108735,EXP_DEnsembleModel_Alpha158_csi300_custom_step0_s_20260521_16,f7e54c4986db439ea3d1919f2e80528d,0.07,,,
729,2026-05-21,SZ000661,-0.11130080252985251,EXP_DEnsembleModel_Alpha158_csi300_custom_step0_s_20260521_16,f7e54c4986db439ea3d1919f2e80528d,0.07,,,
730,2026-05-21,SZ000651,0.03942012852435641,EXP_DEnsembleModel_Alpha158_csi300_custom_step0_s_20260521_16,f7e54c4986db439ea3d1919f2e80528d,0.07,,,
731,2026-05-21,SZ000630,-0.1807359940726058,EXP_DEnsembleModel_Alpha158_csi300_custom_step0_s_20260521_16,f7e54c4986db439ea3d1919f2e80528d,0.07,,,
732,2026-05-21,SZ000625,-0.03054733393008768,EXP_DEnsembleModel_Alpha158_csi300_custom_step0_s_20260521_16,f7e54c4986db439ea3d1919f2e80528d,0.07,,,
733,2026-05-21,SZ000617,-0.07177376080938862,EXP_DEnsembleModel_Alpha158_csi300_custom_step0_s_20260521_16,f7e54c4986db439ea3d1919f2e80528d,0.07,,,
734,2026-05-21,SZ000725,0.034955265941700966,EXP_DEnsembleModel_Alpha158_csi300_custom_step0_s_20260521_16,f7e54c4986db439ea3d1919f2e80528d,0.07,,,
735,2026-05-21,SZ000895,0.021366282304947377,EXP_DEnsembleModel_Alpha158_csi300_custom_step0_s_20260521_16,f7e54c4986db439ea3d1919f2e80528d,0.07,,,
736,2026-05-21,SH688303,-0.1386288262216964,EXP_DEnsembleModel_Alpha158_csi300_custom_step0_s_20260521_16,f7e54c4986db439ea3d1919f2e80528d,0.07,,,
737,2026-05-21,SH688256,-0.09027573917612293,EXP_DEnsembleModel_Alpha158_csi300_custom_step0_s_20260521_16,f7e54c4986db439ea3d1919f2e80528d,0.07,,,
738,2026-05-21,SH601985,0.0638099200033555,EXP_DEnsembleModel_Alpha158_csi300_custom_step0_s_20260521_16,f7e54c4986db439ea3d1919f2e80528d,0.07,,,
739,2026-05-21,SH601988,0.08777778985872778,EXP_DEnsembleModel_Alpha158_csi300_custom_step0_s_20260521_16,f7e54c4986db439ea3d1919f2e80528d,0.07,,,
740,2026-05-21,SH601995,0.106699205649199,EXP_DEnsembleModel_Alpha158_csi300_custom_step0_s_20260521_16,f7e54c4986db439ea3d1919f2e80528d,0.07,,,
741,2026-05-21,SH601998,0.041842542492237796,EXP_DEnsembleModel_Alpha158_csi300_custom_step0_s_20260521_16,f7e54c4986db439ea3d1919f2e80528d,0.07,,,
742,2026-05-21,SH603019,-0.007161349490532527,EXP_DEnsembleModel_Alpha158_csi300_custom_step0_s_20260521_16,f7e54c4986db439ea3d1919f2e80528d,0.07,,,
743,2026-05-21,SH603195,0.021101630323087088,EXP_DEnsembleModel_Alpha158_csi300_custom_step0_s_20260521_16,f7e54c4986db439ea3d1919f2e80528d,0.07,,,
744,2026-05-21,SH603259,-0.15602357423460134,EXP_DEnsembleModel_Alpha158_csi300_custom_step0_s_20260521_16,f7e54c4986db439ea3d1919f2e80528d,0.07,,,
745,2026-05-21,SH603260,-0.16617035694069873,EXP_DEnsembleModel_Alpha158_csi300_custom_step0_s_20260521_16,f7e54c4986db439ea3d1919f2e80528d,0.07,,,
746,2026-05-21,SH603288,-0.05057506052676631,EXP_DEnsembleModel_Alpha158_csi300_custom_step0_s_20260521_16,f7e54c4986db439ea3d1919f2e80528d,0.07,,,
747,2026-05-21,SH603296,-0.07841720459483785,EXP_DEnsembleModel_Alpha158_csi300_custom_step0_s_20260521_16,f7e54c4986db439ea3d1919f2e80528d,0.07,,,
748,2026-05-21,SH603369,-0.09149525605231874,EXP_DEnsembleModel_Alpha158_csi300_custom_step0_s_20260521_16,f7e54c4986db439ea3d1919f2e80528d,0.07,,,
749,2026-05-21,SH603392,-0.10409851172874716,EXP_DEnsembleModel_Alpha158_csi300_custom_step0_s_20260521_16,f7e54c4986db439ea3d1919f2e80528d,0.07,,,
750,2026-05-21,SH603501,-0.08470320086483797,EXP_DEnsembleModel_Alpha158_csi300_custom_step0_s_20260521_16,f7e54c4986db439ea3d1919f2e80528d,0.07,,,
751,2026-05-21,SH603799,-0.09506914603277851,EXP_DEnsembleModel_Alpha158_csi300_custom_step0_s_20260521_16,f7e54c4986db439ea3d1919f2e80528d,0.07,,,
752,2026-05-21,SH603893,-0.04500914748336495,EXP_DEnsembleModel_Alpha158_csi300_custom_step0_s_20260521_16,f7e54c4986db439ea3d1919f2e80528d,0.07,,,
753,2026-05-21,SH603986,-0.13802389725585074,EXP_DEnsembleModel_Alpha158_csi300_custom_step0_s_20260521_16,f7e54c4986db439ea3d1919f2e80528d,0.07,,,
754,2026-05-21,SH603993,-0.19074164443327302,EXP_DEnsembleModel_Alpha158_csi300_custom_step0_s_20260521_16,f7e54c4986db439ea3d1919f2e80528d,0.07,,,
755,2026-05-21,SH688223,-0.01310660726716067,EXP_DEnsembleModel_Alpha158_csi300_custom_step0_s_20260521_16,f7e54c4986db439ea3d1919f2e80528d,0.07,,,
756,2026-05-21,SH688187,0.033395772535416306,EXP_DEnsembleModel_Alpha158_csi300_custom_step0_s_20260521_16,f7e54c4986db439ea3d1919f2e80528d,0.07,,,
757,2026-05-21,SH688169,-0.18728491396524086,EXP_DEnsembleModel_Alpha158_csi300_custom_step0_s_20260521_16,f7e54c4986db439ea3d1919f2e80528d,0.07,,,
758,2026-05-21,SH688126,-0.08819490624522629,EXP_DEnsembleModel_Alpha158_csi300_custom_step0_s_20260521_16,f7e54c4986db439ea3d1919f2e80528d,0.07,,,
759,2026-05-21,SH688111,-0.21551698598345137,EXP_DEnsembleModel_Alpha158_csi300_custom_step0_s_20260521_16,f7e54c4986db439ea3d1919f2e80528d,0.07,,,
760,2026-05-21,SH688082,-0.01171431136200162,EXP_DEnsembleModel_Alpha158_csi300_custom_step0_s_20260521_16,f7e54c4986db439ea3d1919f2e80528d,0.07,,,
761,2026-05-21,SH688271,0.046338454783072455,EXP_DEnsembleModel_Alpha158_csi300_custom_step0_s_20260521_16,f7e54c4986db439ea3d1919f2e80528d,0.07,,,
762,2026-05-21,SH688047,0.02850871847290448,EXP_DEnsembleModel_Alpha158_csi300_custom_step0_s_20260521_16,f7e54c4986db439ea3d1919f2e80528d,0.07,,,
763,2026-05-21,SH688036,-0.05558062057623563,EXP_DEnsembleModel_Alpha158_csi300_custom_step0_s_20260521_16,f7e54c4986db439ea3d1919f2e80528d,0.07,,,
764,2026-05-21,SH688012,-0.03240236600308592,EXP_DEnsembleModel_Alpha158_csi300_custom_step0_s_20260521_16,f7e54c4986db439ea3d1919f2e80528d,0.07,,,
765,2026-05-21,SH688009,0.0453682820484387,EXP_DEnsembleModel_Alpha158_csi300_custom_step0_s_20260521_16,f7e54c4986db439ea3d1919f2e80528d,0.07,,,
766,2026-05-21,SH688008,0.016069498424913866,EXP_DEnsembleModel_Alpha158_csi300_custom_step0_s_20260521_16,f7e54c4986db439ea3d1919f2e80528d,0.07,,,
767,2026-05-21,SH605499,-0.07608921522665851,EXP_DEnsembleModel_Alpha158_csi300_custom_step0_s_20260521_16,f7e54c4986db439ea3d1919f2e80528d,0.07,,,
768,2026-05-21,SH605117,-0.1785290088376692,EXP_DEnsembleModel_Alpha158_csi300_custom_step0_s_20260521_16,f7e54c4986db439ea3d1919f2e80528d,0.07,,,
769,2026-05-21,SH688041,0.10808731842651884,EXP_DEnsembleModel_Alpha158_csi300_custom_step0_s_20260521_16,f7e54c4986db439ea3d1919f2e80528d,0.07,,,
770,2026-05-21,SZ000938,0.03985215564242622,EXP_DEnsembleModel_Alpha158_csi300_custom_step0_s_20260521_16,f7e54c4986db439ea3d1919f2e80528d,0.07,,,
771,2026-05-21,SZ000963,-0.07023382450088902,EXP_DEnsembleModel_Alpha158_csi300_custom_step0_s_20260521_16,f7e54c4986db439ea3d1919f2e80528d,0.07,,,
772,2026-05-21,SZ000975,-0.051413722380242124,EXP_DEnsembleModel_Alpha158_csi300_custom_step0_s_20260521_16,f7e54c4986db439ea3d1919f2e80528d,0.07,,,
773,2026-05-21,SZ002709,-0.10890922154128665,EXP_DEnsembleModel_Alpha158_csi300_custom_step0_s_20260521_16,f7e54c4986db439ea3d1919f2e80528d,0.07,,,
774,2026-05-21,SZ002714,-0.16411469316977773,EXP_DEnsembleModel_Alpha158_csi300_custom_step0_s_20260521_16,f7e54c4986db439ea3d1919f2e80528d,0.07,,,
775,2026-05-21,SZ002736,-0.05189847844178367,EXP_DEnsembleModel_Alpha158_csi300_custom_step0_s_20260521_16,f7e54c4986db439ea3d1919f2e80528d,0.07,,,
776,2026-05-21,SZ002916,-0.12464471656025584,EXP_DEnsembleModel_Alpha158_csi300_custom_step0_s_20260521_16,f7e54c4986db439ea3d1919f2e80528d,0.07,,,
777,2026-05-21,SZ002920,-0.012460130114958978,EXP_DEnsembleModel_Alpha158_csi300_custom_step0_s_20260521_16,f7e54c4986db439ea3d1919f2e80528d,0.07,,,
778,2026-05-21,SZ002938,-0.21674437815188716,EXP_DEnsembleModel_Alpha158_csi300_custom_step0_s_20260521_16,f7e54c4986db439ea3d1919f2e80528d,0.07,,,
779,2026-05-21,SZ003816,-0.06320482262172802,EXP_DEnsembleModel_Alpha158_csi300_custom_step0_s_20260521_16,f7e54c4986db439ea3d1919f2e80528d,0.07,,,
780,2026-05-21,SZ300014,-0.1321431072949778,EXP_DEnsembleModel_Alpha158_csi300_custom_step0_s_20260521_16,f7e54c4986db439ea3d1919f2e80528d,0.07,,,
781,2026-05-21,SZ300015,-0.07424098268949754,EXP_DEnsembleModel_Alpha158_csi300_custom_step0_s_20260521_16,f7e54c4986db439ea3d1919f2e80528d,0.07,,,
782,2026-05-21,SZ300033,-0.01673290642024167,EXP_DEnsembleModel_Alpha158_csi300_custom_step0_s_20260521_16,f7e54c4986db439ea3d1919f2e80528d,0.07,,,
783,2026-05-21,SZ300059,-0.1284596221601214,EXP_DEnsembleModel_Alpha158_csi300_custom_step0_s_20260521_16,f7e54c4986db439ea3d1919f2e80528d,0.07,,,
784,2026-05-21,SZ300122,-0.14492868019902874,EXP_DEnsembleModel_Alpha158_csi300_custom_step0_s_20260521_16,f7e54c4986db439ea3d1919f2e80528d,0.07,,,
785,2026-05-21,SZ300124,-0.0003506192380541389,EXP_DEnsembleModel_Alpha158_csi300_custom_step0_s_20260521_16,f7e54c4986db439ea3d1919f2e80528d,0.07,,,
786,2026-05-21,SZ300251,-0.05962167126370437,EXP_DEnsembleModel_Alpha158_csi300_custom_step0_s_20260521_16,f7e54c4986db439ea3d1919f2e80528d,0.07,,,
787,2026-05-21,SZ300274,-0.12610387131461545,EXP_DEnsembleModel_Alpha158_csi300_custom_step0_s_20260521_16,f7e54c4986db439ea3d1919f2e80528d,0.07,,,
788,2026-05-21,SZ300308,0.13238552929250277,EXP_DEnsembleModel_Alpha158_csi300_custom_step0_s_20260521_16,f7e54c4986db439ea3d1919f2e80528d,0.07,,,
789,2026-05-21,SZ300316,-0.038995723015293283,EXP_DEnsembleModel_Alpha158_csi300_custom_step0_s_20260521_16,f7e54c4986db439ea3d1919f2e80528d,0.07,,,
790,2026-05-21,SZ300759,-0.047500959757713256,EXP_DEnsembleModel_Alpha158_csi300_custom_step0_s_20260521_16,f7e54c4986db439ea3d1919f2e80528d,0.07,,,
791,2026-05-21,SZ300750,-0.08467163432034905,EXP_DEnsembleModel_Alpha158_csi300_custom_step0_s_20260521_16,f7e54c4986db439ea3d1919f2e80528d,0.07,,,
792,2026-05-21,SZ300661,-0.09875154353848938,EXP_DEnsembleModel_Alpha158_csi300_custom_step0_s_20260521_16,f7e54c4986db439ea3d1919f2e80528d,0.07,,,
793,2026-05-21,SZ300628,-0.028584583746070678,EXP_DEnsembleModel_Alpha158_csi300_custom_step0_s_20260521_16,f7e54c4986db439ea3d1919f2e80528d,0.07,,,
794,2026-05-21,SZ300502,-0.04058603294881687,EXP_DEnsembleModel_Alpha158_csi300_custom_step0_s_20260521_16,f7e54c4986db439ea3d1919f2e80528d,0.07,,,
795,2026-05-21,SZ300498,-0.1359185895630016,EXP_DEnsembleModel_Alpha158_csi300_custom_step0_s_20260521_16,f7e54c4986db439ea3d1919f2e80528d,0.07,,,
796,2026-05-21,SZ002648,-0.13566219853061606,EXP_DEnsembleModel_Alpha158_csi300_custom_step0_s_20260521_16,f7e54c4986db439ea3d1919f2e80528d,0.07,,,
797,2026-05-21,SZ300476,-0.050871261150251305,EXP_DEnsembleModel_Alpha158_csi300_custom_step0_s_20260521_16,f7e54c4986db439ea3d1919f2e80528d,0.07,,,
798,2026-05-21,SZ300433,0.1062958041315919,EXP_DEnsembleModel_Alpha158_csi300_custom_step0_s_20260521_16,f7e54c4986db439ea3d1919f2e80528d,0.07,,,
799,2026-05-21,SZ300418,-0.15645646324882947,EXP_DEnsembleModel_Alpha158_csi300_custom_step0_s_20260521_16,f7e54c4986db439ea3d1919f2e80528d,0.07,,,
800,2026-05-21,SZ300413,-0.09210854663287839,EXP_DEnsembleModel_Alpha158_csi300_custom_step0_s_20260521_16,f7e54c4986db439ea3d1919f2e80528d,0.07,,,
801,2026-05-21,SZ300408,-0.13995978127460407,EXP_DEnsembleModel_Alpha158_csi300_custom_step0_s_20260521_16,f7e54c4986db439ea3d1919f2e80528d,0.07,,,
802,2026-05-21,SZ300394,0.08811231458942446,EXP_DEnsembleModel_Alpha158_csi300_custom_step0_s_20260521_16,f7e54c4986db439ea3d1919f2e80528d,0.07,,,
803,2026-05-21,SZ300347,-0.07600332387401541,EXP_DEnsembleModel_Alpha158_csi300_custom_step0_s_20260521_16,f7e54c4986db439ea3d1919f2e80528d,0.07,,,
804,2026-05-21,SZ300442,-0.027779232237747184,EXP_DEnsembleModel_Alpha158_csi300_custom_step0_s_20260521_16,f7e54c4986db439ea3d1919f2e80528d,0.07,,,
805,2026-05-21,SZ002625,-0.13589841808211708,EXP_DEnsembleModel_Alpha158_csi300_custom_step0_s_20260521_16,f7e54c4986db439ea3d1919f2e80528d,0.07,,,
806,2026-05-21,SZ002601,-0.001620754477267816,EXP_DEnsembleModel_Alpha158_csi300_custom_step0_s_20260521_16,f7e54c4986db439ea3d1919f2e80528d,0.07,,,
807,2026-05-21,SZ002600,0.045875300393954786,EXP_DEnsembleModel_Alpha158_csi300_custom_step0_s_20260521_16,f7e54c4986db439ea3d1919f2e80528d,0.07,,,
808,2026-05-21,SZ002179,-0.017400796306274065,EXP_DEnsembleModel_Alpha158_csi300_custom_step0_s_20260521_16,f7e54c4986db439ea3d1919f2e80528d,0.07,,,
809,2026-05-21,SZ002142,0.033487697091970046,EXP_DEnsembleModel_Alpha158_csi300_custom_step0_s_20260521_16,f7e54c4986db439ea3d1919f2e80528d,0.07,,,
810,2026-05-21,SZ002074,-0.0941527053075145,EXP_DEnsembleModel_Alpha158_csi300_custom_step0_s_20260521_16,f7e54c4986db439ea3d1919f2e80528d,0.07,,,
811,2026-05-21,SZ002050,-0.07788067500468944,EXP_DEnsembleModel_Alpha158_csi300_custom_step0_s_20260521_16,f7e54c4986db439ea3d1919f2e80528d,0.07,,,
812,2026-05-21,SZ002049,0.01705625386179431,EXP_DEnsembleModel_Alpha158_csi300_custom_step0_s_20260521_16,f7e54c4986db439ea3d1919f2e80528d,0.07,,,
813,2026-05-21,SZ002028,-0.05670015009407083,EXP_DEnsembleModel_Alpha158_csi300_custom_step0_s_20260521_16,f7e54c4986db439ea3d1919f2e80528d,0.07,,,
814,2026-05-21,SZ002230,-0.08227393143386723,EXP_DEnsembleModel_Alpha158_csi300_custom_step0_s_20260521_16,f7e54c4986db439ea3d1919f2e80528d,0.07,,,
815,2026-05-21,SZ002027,-0.09787063964584394,EXP_DEnsembleModel_Alpha158_csi300_custom_step0_s_20260521_16,f7e54c4986db439ea3d1919f2e80528d,0.07,,,
816,2026-05-21,SZ001979,-0.2052621847781992,EXP_DEnsembleModel_Alpha158_csi300_custom_step0_s_20260521_16,f7e54c4986db439ea3d1919f2e80528d,0.07,,,
817,2026-05-21,SZ001965,0.07044594957971002,EXP_DEnsembleModel_Alpha158_csi300_custom_step0_s_20260521_16,f7e54c4986db439ea3d1919f2e80528d,0.07,,,
818,2026-05-21,SZ001391,0.008962494611550815,EXP_DEnsembleModel_Alpha158_csi300_custom_step0_s_20260521_16,f7e54c4986db439ea3d1919f2e80528d,0.07,,,
819,2026-05-21,SZ000999,0.0025230487337853853,EXP_DEnsembleModel_Alpha158_csi300_custom_step0_s_20260521_16,f7e54c4986db439ea3d1919f2e80528d,0.07,,,
820,2026-05-21,SZ000983,-0.04647380895444498,EXP_DEnsembleModel_Alpha158_csi300_custom_step0_s_20260521_16,f7e54c4986db439ea3d1919f2e80528d,0.07,,,
821,2026-05-21,SZ000977,-0.03287697911947561,EXP_DEnsembleModel_Alpha158_csi300_custom_step0_s_20260521_16,f7e54c4986db439ea3d1919f2e80528d,0.07,,,
822,2026-05-21,SZ002001,-0.04612292287018517,EXP_DEnsembleModel_Alpha158_csi300_custom_step0_s_20260521_16,f7e54c4986db439ea3d1919f2e80528d,0.07,,,
823,2026-05-21,SH601698,-0.07864673694568548,EXP_DEnsembleModel_Alpha158_csi300_custom_step0_s_20260521_16,826ff18448bd4683a2614aeeb88595e1,0.094,,,
824,2026-05-21,SZ002236,-0.0074941486157144,EXP_DEnsembleModel_Alpha158_csi300_custom_step0_s_20260521_16,f7e54c4986db439ea3d1919f2e80528d,0.07,,,
825,2026-05-21,SZ002252,0.0066893320494584825,EXP_DEnsembleModel_Alpha158_csi300_custom_step0_s_20260521_16,f7e54c4986db439ea3d1919f2e80528d,0.07,,,
826,2026-05-21,SZ002594,-0.10000231198692257,EXP_DEnsembleModel_Alpha158_csi300_custom_step0_s_20260521_16,f7e54c4986db439ea3d1919f2e80528d,0.07,,,
827,2026-05-21,SZ002493,-0.15687024263996546,EXP_DEnsembleModel_Alpha158_csi300_custom_step0_s_20260521_16,f7e54c4986db439ea3d1919f2e80528d,0.07,,,
828,2026-05-21,SZ002475,0.13922429240642978,EXP_DEnsembleModel_Alpha158_csi300_custom_step0_s_20260521_16,f7e54c4986db439ea3d1919f2e80528d,0.07,,,
829,2026-05-21,SZ002466,0.017671310897112907,EXP_DEnsembleModel_Alpha158_csi300_custom_step0_s_20260521_16,f7e54c4986db439ea3d1919f2e80528d,0.07,,,
830,2026-05-21,SZ002463,-0.18634411828975483,EXP_DEnsembleModel_Alpha158_csi300_custom_step0_s_20260521_16,f7e54c4986db439ea3d1919f2e80528d,0.07,,,
831,2026-05-21,SZ002460,-0.1281329904171403,EXP_DEnsembleModel_Alpha158_csi300_custom_step0_s_20260521_16,f7e54c4986db439ea3d1919f2e80528d,0.07,,,
832,2026-05-21,SZ002241,0.03955963871925596,EXP_DEnsembleModel_Alpha158_csi300_custom_step0_s_20260521_16,f7e54c4986db439ea3d1919f2e80528d,0.07,,,
833,2026-05-21,SZ002459,-0.1450891446434314,EXP_DEnsembleModel_Alpha158_csi300_custom_step0_s_20260521_16,f7e54c4986db439ea3d1919f2e80528d,0.07,,,
834,2026-05-21,SZ002415,-0.08259321774170728,EXP_DEnsembleModel_Alpha158_csi300_custom_step0_s_20260521_16,f7e54c4986db439ea3d1919f2e80528d,0.07,,,
835,2026-05-21,SZ002384,0.02525191131119241,EXP_DEnsembleModel_Alpha158_csi300_custom_step0_s_20260521_16,f7e54c4986db439ea3d1919f2e80528d,0.07,,,
836,2026-05-21,SZ002371,-0.111386545627902,EXP_DEnsembleModel_Alpha158_csi300_custom_step0_s_20260521_16,f7e54c4986db439ea3d1919f2e80528d,0.07,,,
837,2026-05-21,SZ002352,0.008666168317126808,EXP_DEnsembleModel_Alpha158_csi300_custom_step0_s_20260521_16,f7e54c4986db439ea3d1919f2e80528d,0.07,,,
838,2026-05-21,SZ002311,-0.0016800983422723384,EXP_DEnsembleModel_Alpha158_csi300_custom_step0_s_20260521_16,f7e54c4986db439ea3d1919f2e80528d,0.07,,,
839,2026-05-21,SZ002304,-0.022974281924975266,EXP_DEnsembleModel_Alpha158_csi300_custom_step0_s_20260521_16,f7e54c4986db439ea3d1919f2e80528d,0.07,,,
840,2026-05-21,SZ002422,-0.06359258217737132,EXP_DEnsembleModel_Alpha158_csi300_custom_step0_s_20260521_16,f7e54c4986db439ea3d1919f2e80528d,0.07,,,
841,2026-05-21,SH601728,-0.040373161475930064,EXP_DEnsembleModel_Alpha158_csi300_custom_step0_s_20260521_16,826ff18448bd4683a2614aeeb88595e1,0.094,,,
842,2026-05-21,SH601766,0.01748809389695175,EXP_DEnsembleModel_Alpha158_csi300_custom_step0_s_20260521_16,826ff18448bd4683a2614aeeb88595e1,0.094,,,
843,2026-05-21,SH601788,-0.06151516962014592,EXP_DEnsembleModel_Alpha158_csi300_custom_step0_s_20260521_16,826ff18448bd4683a2614aeeb88595e1,0.094,,,
844,2026-05-21,SH600025,-0.045990497246952144,EXP_DEnsembleModel_Alpha158_csi300_custom_step0_s_20260521_16,098c3398601641e8827738cd8a9da176,0.032,,,
845,2026-05-21,SH600026,-0.05595250815476841,EXP_DEnsembleModel_Alpha158_csi300_custom_step0_s_20260521_16,098c3398601641e8827738cd8a9da176,0.032,,,
846,2026-05-21,SH600027,0.020339017292946116,EXP_DEnsembleModel_Alpha158_csi300_custom_step0_s_20260521_16,098c3398601641e8827738cd8a9da176,0.032,,,
847,2026-05-21,SH600028,-0.09917551315657071,EXP_DEnsembleModel_Alpha158_csi300_custom_step0_s_20260521_16,098c3398601641e8827738cd8a9da176,0.032,,,
848,2026-05-21,SH600029,0.030041730400368685,EXP_DEnsembleModel_Alpha158_csi300_custom_step0_s_20260521_16,098c3398601641e8827738cd8a9da176,0.032,,,
849,2026-05-21,SH600030,0.13828064337308124,EXP_DEnsembleModel_Alpha158_csi300_custom_step0_s_20260521_16,098c3398601641e8827738cd8a9da176,0.032,,,
850,2026-05-21,SH600031,0.0380126721612994,EXP_DEnsembleModel_Alpha158_csi300_custom_step0_s_20260521_16,098c3398601641e8827738cd8a9da176,0.032,,,
851,2026-05-21,SH600036,-0.09730211720980138,EXP_DEnsembleModel_Alpha158_csi300_custom_step0_s_20260521_16,098c3398601641e8827738cd8a9da176,0.032,,,
852,2026-05-21,SH600039,-0.03401731860726345,EXP_DEnsembleModel_Alpha158_csi300_custom_step0_s_20260521_16,098c3398601641e8827738cd8a9da176,0.032,,,
853,2026-05-21,SH600048,-0.0015899897937305528,EXP_DEnsembleModel_Alpha158_csi300_custom_step0_s_20260521_16,098c3398601641e8827738cd8a9da176,0.032,,,
854,2026-05-21,SH600050,-0.031091864834716477,EXP_DEnsembleModel_Alpha158_csi300_custom_step0_s_20260521_16,098c3398601641e8827738cd8a9da176,0.032,,,
855,2026-05-21,SH600061,0.15945273217560996,EXP_DEnsembleModel_Alpha158_csi300_custom_step0_s_20260521_16,098c3398601641e8827738cd8a9da176,0.032,,,
856,2026-05-21,SH600066,0.06295016708013826,EXP_DEnsembleModel_Alpha158_csi300_custom_step0_s_20260521_16,098c3398601641e8827738cd8a9da176,0.032,,,
857,2026-05-21,SH600085,-0.024623227765094895,EXP_DEnsembleModel_Alpha158_csi300_custom_step0_s_20260521_16,098c3398601641e8827738cd8a9da176,0.032,,,
858,2026-05-21,SH600089,0.014506968966348347,EXP_DEnsembleModel_Alpha158_csi300_custom_step0_s_20260521_16,098c3398601641e8827738cd8a9da176,0.032,,,
859,2026-05-21,SH600104,0.00879982021485306,EXP_DEnsembleModel_Alpha158_csi300_custom_step0_s_20260521_16,098c3398601641e8827738cd8a9da176,0.032,,,
860,2026-05-21,SH600111,-0.013797275768164642,EXP_DEnsembleModel_Alpha158_csi300_custom_step0_s_20260521_16,098c3398601641e8827738cd8a9da176,0.032,,,
861,2026-05-21,SH600362,0.013860577844481144,EXP_DEnsembleModel_Alpha158_csi300_custom_step0_s_20260521_16,098c3398601641e8827738cd8a9da176,0.032,,,
862,2026-05-21,SH600346,0.07201222450044036,EXP_DEnsembleModel_Alpha158_csi300_custom_step0_s_20260521_16,098c3398601641e8827738cd8a9da176,0.032,,,
863,2026-05-21,SH600309,0.11127121952580901,EXP_DEnsembleModel_Alpha158_csi300_custom_step0_s_20260521_16,098c3398601641e8827738cd8a9da176,0.032,,,
864,2026-05-21,SH600276,0.08374552664726127,EXP_DEnsembleModel_Alpha158_csi300_custom_step0_s_20260521_16,098c3398601641e8827738cd8a9da176,0.032,,,
865,2026-05-21,SH600233,0.0704961993880423,EXP_DEnsembleModel_Alpha158_csi300_custom_step0_s_20260521_16,098c3398601641e8827738cd8a9da176,0.032,,,
866,2026-05-21,SH600219,0.1573010357505152,EXP_DEnsembleModel_Alpha158_csi300_custom_step0_s_20260521_16,098c3398601641e8827738cd8a9da176,0.032,,,
867,2026-05-21,SH600023,-0.059878018381682274,EXP_DEnsembleModel_Alpha158_csi300_custom_step0_s_20260521_16,098c3398601641e8827738cd8a9da176,0.032,,,
868,2026-05-21,SH600196,-0.04297187763351901,EXP_DEnsembleModel_Alpha158_csi300_custom_step0_s_20260521_16,098c3398601641e8827738cd8a9da176,0.032,,,
869,2026-05-21,SH600183,-0.20631098918630444,EXP_DEnsembleModel_Alpha158_csi300_custom_step0_s_20260521_16,098c3398601641e8827738cd8a9da176,0.032,,,
870,2026-05-21,SH600176,0.17496058018272695,EXP_DEnsembleModel_Alpha158_csi300_custom_step0_s_20260521_16,098c3398601641e8827738cd8a9da176,0.032,,,
871,2026-05-21,SH600161,-0.014429386185307154,EXP_DEnsembleModel_Alpha158_csi300_custom_step0_s_20260521_16,098c3398601641e8827738cd8a9da176,0.032,,,
872,2026-05-21,SH600160,0.1296449770458565,EXP_DEnsembleModel_Alpha158_csi300_custom_step0_s_20260521_16,098c3398601641e8827738cd8a9da176,0.032,,,
873,2026-05-21,SH600150,0.25385829188143966,EXP_DEnsembleModel_Alpha158_csi300_custom_step0_s_20260521_16,098c3398601641e8827738cd8a9da176,0.032,,,
874,2026-05-21,SH600115,0.09647471692125976,EXP_DEnsembleModel_Alpha158_csi300_custom_step0_s_20260521_16,098c3398601641e8827738cd8a9da176,0.032,,,
875,2026-05-21,SH600188,0.03314830423904237,EXP_DEnsembleModel_Alpha158_csi300_custom_step0_s_20260521_16,098c3398601641e8827738cd8a9da176,0.032,,,
876,2026-05-21,SH600372,0.03033252539244993,EXP_DEnsembleModel_Alpha158_csi300_custom_step0_s_20260521_16,098c3398601641e8827738cd8a9da176,0.032,,,
877,2026-05-21,SH600019,-0.07168152137551353,EXP_DEnsembleModel_Alpha158_csi300_custom_step0_s_20260521_16,098c3398601641e8827738cd8a9da176,0.032,,,
878,2026-05-21,SH600016,-0.09660757078056864,EXP_DEnsembleModel_Alpha158_csi300_custom_step0_s_20260521_16,098c3398601641e8827738cd8a9da176,0.032,,,
879,2026-05-21,SZ300316,-0.05902288766480439,EXP_DEnsembleModel_Alpha158_csi300_custom_step0_s_20260521_16,826ff18448bd4683a2614aeeb88595e1,0.094,,,
880,2026-05-21,SZ300347,-0.09299990301690382,EXP_DEnsembleModel_Alpha158_csi300_custom_step0_s_20260521_16,826ff18448bd4683a2614aeeb88595e1,0.094,,,
881,2026-05-21,SZ300394,0.1380462748282825,EXP_DEnsembleModel_Alpha158_csi300_custom_step0_s_20260521_16,826ff18448bd4683a2614aeeb88595e1,0.094,,,
882,2026-05-21,SZ300408,-0.18023207807867672,EXP_DEnsembleModel_Alpha158_csi300_custom_step0_s_20260521_16,826ff18448bd4683a2614aeeb88595e1,0.094,,,
883,2026-05-21,SZ300413,-0.11938183162168414,EXP_DEnsembleModel_Alpha158_csi300_custom_step0_s_20260521_16,826ff18448bd4683a2614aeeb88595e1,0.094,,,
884,2026-05-21,SZ300418,-0.15577635274532073,EXP_DEnsembleModel_Alpha158_csi300_custom_step0_s_20260521_16,826ff18448bd4683a2614aeeb88595e1,0.094,,,
885,2026-05-21,SZ300433,0.08748696783097647,EXP_DEnsembleModel_Alpha158_csi300_custom_step0_s_20260521_16,826ff18448bd4683a2614aeeb88595e1,0.094,,,
886,2026-05-21,SZ300442,0.019270721296290566,EXP_DEnsembleModel_Alpha158_csi300_custom_step0_s_20260521_16,826ff18448bd4683a2614aeeb88595e1,0.094,,,
887,2026-05-21,SZ300476,0.10117296896455118,EXP_DEnsembleModel_Alpha158_csi300_custom_step0_s_20260521_16,826ff18448bd4683a2614aeeb88595e1,0.094,,,
888,2026-05-21,SZ300498,-0.07242465740879835,EXP_DEnsembleModel_Alpha158_csi300_custom_step0_s_20260521_16,826ff18448bd4683a2614aeeb88595e1,0.094,,,
889,2026-05-21,SZ300502,0.040640503239360776,EXP_DEnsembleModel_Alpha158_csi300_custom_step0_s_20260521_16,826ff18448bd4683a2614aeeb88595e1,0.094,,,
890,2026-05-21,SZ300628,0.008248277346114231,EXP_DEnsembleModel_Alpha158_csi300_custom_step0_s_20260521_16,826ff18448bd4683a2614aeeb88595e1,0.094,,,
891,2026-05-21,SZ300661,-0.04500367179089624,EXP_DEnsembleModel_Alpha158_csi300_custom_step0_s_20260521_16,826ff18448bd4683a2614aeeb88595e1,0.094,,,
892,2026-05-21,SZ300750,-0.024654843065823613,EXP_DEnsembleModel_Alpha158_csi300_custom_step0_s_20260521_16,826ff18448bd4683a2614aeeb88595e1,0.094,,,
893,2026-05-21,SZ300759,-0.010694538279095004,EXP_DEnsembleModel_Alpha158_csi300_custom_step0_s_20260521_16,826ff18448bd4683a2614aeeb88595e1,0.094,,,
894,2026-05-21,SZ300760,-0.008416461385158629,EXP_DEnsembleModel_Alpha158_csi300_custom_step0_s_20260521_16,826ff18448bd4683a2614aeeb88595e1,0.094,,,
895,2026-05-21,SZ300782,0.20061922161339893,EXP_DEnsembleModel_Alpha158_csi300_custom_step0_s_20260521_16,826ff18448bd4683a2614aeeb88595e1,0.094,,,
896,2026-05-21,SH600015,-0.10816801587058772,EXP_DEnsembleModel_Alpha158_csi300_custom_step0_s_20260521_16,098c3398601641e8827738cd8a9da176,0.032,,,
897,2026-05-21,SH600011,0.0007832059536751341,EXP_DEnsembleModel_Alpha158_csi300_custom_step0_s_20260521_16,098c3398601641e8827738cd8a9da176,0.032,,,
898,2026-05-21,SH600010,0.09869228613157875,EXP_DEnsembleModel_Alpha158_csi300_custom_step0_s_20260521_16,098c3398601641e8827738cd8a9da176,0.032,,,
899,2026-05-21,SH600009,-0.005384238112579542,EXP_DEnsembleModel_Alpha158_csi300_custom_step0_s_20260521_16,098c3398601641e8827738cd8a9da176,0.032,,,
900,2026-05-21,SH600000,-0.09155127236244431,EXP_DEnsembleModel_Alpha158_csi300_custom_step0_s_20260521_16,098c3398601641e8827738cd8a9da176,0.032,,,
901,2026-05-21,SZ302132,-0.17748695080336716,EXP_DEnsembleModel_Alpha158_csi300_custom_step0_s_20260521_16,826ff18448bd4683a2614aeeb88595e1,0.094,,,
902,2026-05-21,SH600018,0.01415719024461952,EXP_DEnsembleModel_Alpha158_csi300_custom_step0_s_20260521_16,098c3398601641e8827738cd8a9da176,0.032,,,
903,2026-05-21,SZ301269,-0.13496382629381623,EXP_DEnsembleModel_Alpha158_csi300_custom_step0_s_20260521_16,826ff18448bd4683a2614aeeb88595e1,0.094,,,
904,2026-05-21,SZ300999,-0.10512840113830614,EXP_DEnsembleModel_Alpha158_csi300_custom_step0_s_20260521_16,826ff18448bd4683a2614aeeb88595e1,0.094,,,
905,2026-05-21,SZ300979,-0.09083641557425289,EXP_DEnsembleModel_Alpha158_csi300_custom_step0_s_20260521_16,826ff18448bd4683a2614aeeb88595e1,0.094,,,
906,2026-05-21,SZ300896,-0.2435847975141586,EXP_DEnsembleModel_Alpha158_csi300_custom_step0_s_20260521_16,826ff18448bd4683a2614aeeb88595e1,0.094,,,
907,2026-05-21,SZ300866,0.07419895384600897,EXP_DEnsembleModel_Alpha158_csi300_custom_step0_s_20260521_16,826ff18448bd4683a2614aeeb88595e1,0.094,,,
908,2026-05-21,SZ300832,-0.06838287478426656,EXP_DEnsembleModel_Alpha158_csi300_custom_step0_s_20260521_16,826ff18448bd4683a2614aeeb88595e1,0.094,,,
909,2026-05-21,SZ300803,-0.1391538225633063,EXP_DEnsembleModel_Alpha158_csi300_custom_step0_s_20260521_16,826ff18448bd4683a2614aeeb88595e1,0.094,,,
910,2026-05-21,SZ301236,-0.16980688349978068,EXP_DEnsembleModel_Alpha158_csi300_custom_step0_s_20260521_16,826ff18448bd4683a2614aeeb88595e1,0.094,,,
911,2026-05-21,SH600377,0.03281127180695776,EXP_DEnsembleModel_Alpha158_csi300_custom_step0_s_20260521_16,098c3398601641e8827738cd8a9da176,0.032,,,
912,2026-05-21,SH600406,-0.06228394976902299,EXP_DEnsembleModel_Alpha158_csi300_custom_step0_s_20260521_16,098c3398601641e8827738cd8a9da176,0.032,,,
913,2026-05-21,SH600415,0.06812546351117298,EXP_DEnsembleModel_Alpha158_csi300_custom_step0_s_20260521_16,098c3398601641e8827738cd8a9da176,0.032,,,
914,2026-05-21,SH600958,0.05668892750179885,EXP_DEnsembleModel_Alpha158_csi300_custom_step0_s_20260521_16,098c3398601641e8827738cd8a9da176,0.032,,,
915,2026-05-21,SH600989,0.13436625152345327,EXP_DEnsembleModel_Alpha158_csi300_custom_step0_s_20260521_16,098c3398601641e8827738cd8a9da176,0.032,,,
916,2026-05-21,SH600999,-0.12036449645233692,EXP_DEnsembleModel_Alpha158_csi300_custom_step0_s_20260521_16,098c3398601641e8827738cd8a9da176,0.032,,,
917,2026-05-21,SH601006,0.006427609385739334,EXP_DEnsembleModel_Alpha158_csi300_custom_step0_s_20260521_16,098c3398601641e8827738cd8a9da176,0.032,,,
918,2026-05-21,SH601009,-0.10556249410935352,EXP_DEnsembleModel_Alpha158_csi300_custom_step0_s_20260521_16,098c3398601641e8827738cd8a9da176,0.032,,,
919,2026-05-21,SH601012,0.06800485253804249,EXP_DEnsembleModel_Alpha158_csi300_custom_step0_s_20260521_16,098c3398601641e8827738cd8a9da176,0.032,,,
920,2026-05-21,SH601018,0.05975285268899968,EXP_DEnsembleModel_Alpha158_csi300_custom_step0_s_20260521_16,098c3398601641e8827738cd8a9da176,0.032,,,
921,2026-05-21,SH601021,-0.04884925487131363,EXP_DEnsembleModel_Alpha158_csi300_custom_step0_s_20260521_16,098c3398601641e8827738cd8a9da176,0.032,,,
922,2026-05-21,SH601058,0.1382529066767957,EXP_DEnsembleModel_Alpha158_csi300_custom_step0_s_20260521_16,098c3398601641e8827738cd8a9da176,0.032,,,
923,2026-05-21,SH601059,-0.05628472528369317,EXP_DEnsembleModel_Alpha158_csi300_custom_step0_s_20260521_16,098c3398601641e8827738cd8a9da176,0.032,,,
924,2026-05-21,SH601066,0.07313523517597692,EXP_DEnsembleModel_Alpha158_csi300_custom_step0_s_20260521_16,098c3398601641e8827738cd8a9da176,0.032,,,
925,2026-05-21,SH601077,-0.09639144254867921,EXP_DEnsembleModel_Alpha158_csi300_custom_step0_s_20260521_16,098c3398601641e8827738cd8a9da176,0.032,,,
926,2026-05-21,SH601088,-0.06646310953225429,EXP_DEnsembleModel_Alpha158_csi300_custom_step0_s_20260521_16,098c3398601641e8827738cd8a9da176,0.032,,,
927,2026-05-21,SH601100,0.09467813715090385,EXP_DEnsembleModel_Alpha158_csi300_custom_step0_s_20260521_16,098c3398601641e8827738cd8a9da176,0.032,,,
928,2026-05-21,SH601111,0.04322043688912406,EXP_DEnsembleModel_Alpha158_csi300_custom_step0_s_20260521_16,098c3398601641e8827738cd8a9da176,0.032,,,
929,2026-05-21,SH601117,0.002273400890139208,EXP_DEnsembleModel_Alpha158_csi300_custom_step0_s_20260521_16,098c3398601641e8827738cd8a9da176,0.032,,,
930,2026-05-21,SH601127,-0.05705304384098716,EXP_DEnsembleModel_Alpha158_csi300_custom_step0_s_20260521_16,098c3398601641e8827738cd8a9da176,0.032,,,
931,2026-05-21,SH601319,0.07848455969034186,EXP_DEnsembleModel_Alpha158_csi300_custom_step0_s_20260521_16,098c3398601641e8827738cd8a9da176,0.032,,,
932,2026-05-21,SH601318,0.00028735759134082187,EXP_DEnsembleModel_Alpha158_csi300_custom_step0_s_20260521_16,098c3398601641e8827738cd8a9da176,0.032,,,
933,2026-05-21,SH601298,0.027727113328964433,EXP_DEnsembleModel_Alpha158_csi300_custom_step0_s_20260521_16,098c3398601641e8827738cd8a9da176,0.032,,,
934,2026-05-21,SH601288,0.09795072277953602,EXP_DEnsembleModel_Alpha158_csi300_custom_step0_s_20260521_16,098c3398601641e8827738cd8a9da176,0.032,,,
935,2026-05-21,SH601238,0.04032438941920228,EXP_DEnsembleModel_Alpha158_csi300_custom_step0_s_20260521_16,098c3398601641e8827738cd8a9da176,0.032,,,
936,2026-05-21,SH601236,0.023356511630356885,EXP_DEnsembleModel_Alpha158_csi300_custom_step0_s_20260521_16,098c3398601641e8827738cd8a9da176,0.032,,,
937,2026-05-21,SH600941,-0.014432558563379938,EXP_DEnsembleModel_Alpha158_csi300_custom_step0_s_20260521_16,098c3398601641e8827738cd8a9da176,0.032,,,
938,2026-05-21,SH601229,-0.03966891915304748,EXP_DEnsembleModel_Alpha158_csi300_custom_step0_s_20260521_16,098c3398601641e8827738cd8a9da176,0.032,,,
939,2026-05-21,SH601211,0.038080305194620565,EXP_DEnsembleModel_Alpha158_csi300_custom_step0_s_20260521_16,098c3398601641e8827738cd8a9da176,0.032,,,
940,2026-05-21,SH601186,-0.06647677509628794,EXP_DEnsembleModel_Alpha158_csi300_custom_step0_s_20260521_16,098c3398601641e8827738cd8a9da176,0.032,,,
941,2026-05-21,SH601169,-0.05872573079243593,EXP_DEnsembleModel_Alpha158_csi300_custom_step0_s_20260521_16,098c3398601641e8827738cd8a9da176,0.032,,,
942,2026-05-21,SH601166,-0.10863706229133721,EXP_DEnsembleModel_Alpha158_csi300_custom_step0_s_20260521_16,098c3398601641e8827738cd8a9da176,0.032,,,
943,2026-05-21,SH601138,-0.09254509169990272,EXP_DEnsembleModel_Alpha158_csi300_custom_step0_s_20260521_16,098c3398601641e8827738cd8a9da176,0.032,,,
944,2026-05-21,SH601136,0.04381867257934484,EXP_DEnsembleModel_Alpha158_csi300_custom_step0_s_20260521_16,098c3398601641e8827738cd8a9da176,0.032,,,
945,2026-05-21,SH601225,-0.1027836308666695,EXP_DEnsembleModel_Alpha158_csi300_custom_step0_s_20260521_16,098c3398601641e8827738cd8a9da176,0.032,,,
946,2026-05-21,SH600938,0.03387015332620483,EXP_DEnsembleModel_Alpha158_csi300_custom_step0_s_20260521_16,098c3398601641e8827738cd8a9da176,0.032,,,
947,2026-05-21,SH600930,0.04891024646082684,EXP_DEnsembleModel_Alpha158_csi300_custom_step0_s_20260521_16,098c3398601641e8827738cd8a9da176,0.032,,,
948,2026-05-21,SH600926,-0.08752353457837596,EXP_DEnsembleModel_Alpha158_csi300_custom_step0_s_20260521_16,098c3398601641e8827738cd8a9da176,0.032,,,
949,2026-05-21,SH600588,0.0021135410094728683,EXP_DEnsembleModel_Alpha158_csi300_custom_step0_s_20260521_16,098c3398601641e8827738cd8a9da176,0.032,,,
950,2026-05-21,SH600585,-0.03478637444873082,EXP_DEnsembleModel_Alpha158_csi300_custom_step0_s_20260521_16,098c3398601641e8827738cd8a9da176,0.032,,,
951,2026-05-21,SH600584,-0.2843709361093298,EXP_DEnsembleModel_Alpha158_csi300_custom_step0_s_20260521_16,098c3398601641e8827738cd8a9da176,0.032,,,
952,2026-05-21,SH600570,0.11942988636881217,EXP_DEnsembleModel_Alpha158_csi300_custom_step0_s_20260521_16,098c3398601641e8827738cd8a9da176,0.032,,,
953,2026-05-21,SH600547,0.04358803749774447,EXP_DEnsembleModel_Alpha158_csi300_custom_step0_s_20260521_16,098c3398601641e8827738cd8a9da176,0.032,,,
954,2026-05-21,SH600522,-0.009553542996654714,EXP_DEnsembleModel_Alpha158_csi300_custom_step0_s_20260521_16,098c3398601641e8827738cd8a9da176,0.032,,,
955,2026-05-21,SH600600,-0.11578140685708208,EXP_DEnsembleModel_Alpha158_csi300_custom_step0_s_20260521_16,098c3398601641e8827738cd8a9da176,0.032,,,
956,2026-05-21,SH600519,-0.06894539026179032,EXP_DEnsembleModel_Alpha158_csi300_custom_step0_s_20260521_16,098c3398601641e8827738cd8a9da176,0.032,,,
957,2026-05-21,SH600489,0.03491354390628539,EXP_DEnsembleModel_Alpha158_csi300_custom_step0_s_20260521_16,098c3398601641e8827738cd8a9da176,0.032,,,
958,2026-05-21,SH600482,0.0458893766758582,EXP_DEnsembleModel_Alpha158_csi300_custom_step0_s_20260521_16,098c3398601641e8827738cd8a9da176,0.032,,,
959,2026-05-21,SH600460,0.027514534322441886,EXP_DEnsembleModel_Alpha158_csi300_custom_step0_s_20260521_16,098c3398601641e8827738cd8a9da176,0.032,,,
960,2026-05-21,SH600438,0.048278421858824645,EXP_DEnsembleModel_Alpha158_csi300_custom_step0_s_20260521_16,098c3398601641e8827738cd8a9da176,0.032,,,
961,2026-05-21,SH600436,0.003745466624008584,EXP_DEnsembleModel_Alpha158_csi300_custom_step0_s_20260521_16,098c3398601641e8827738cd8a9da176,0.032,,,
962,2026-05-21,SH600426,0.12458932693533427,EXP_DEnsembleModel_Alpha158_csi300_custom_step0_s_20260521_16,098c3398601641e8827738cd8a9da176,0.032,,,
963,2026-05-21,SH600515,0.05455463303018397,EXP_DEnsembleModel_Alpha158_csi300_custom_step0_s_20260521_16,098c3398601641e8827738cd8a9da176,0.032,,,
964,2026-05-21,SZ300308,0.18383339005548954,EXP_DEnsembleModel_Alpha158_csi300_custom_step0_s_20260521_16,826ff18448bd4683a2614aeeb88595e1,0.094,,,
965,2026-05-21,SH600660,-0.03422750370941122,EXP_DEnsembleModel_Alpha158_csi300_custom_step0_s_20260521_16,098c3398601641e8827738cd8a9da176,0.032,,,
966,2026-05-21,SH600690,-0.046817803542055524,EXP_DEnsembleModel_Alpha158_csi300_custom_step0_s_20260521_16,098c3398601641e8827738cd8a9da176,0.032,,,
967,2026-05-21,SH600919,0.01574666992848243,EXP_DEnsembleModel_Alpha158_csi300_custom_step0_s_20260521_16,098c3398601641e8827738cd8a9da176,0.032,,,
968,2026-05-21,SH600918,0.04757812513125736,EXP_DEnsembleModel_Alpha158_csi300_custom_step0_s_20260521_16,098c3398601641e8827738cd8a9da176,0.032,,,
969,2026-05-21,SH600905,-0.01913506934621135,EXP_DEnsembleModel_Alpha158_csi300_custom_step0_s_20260521_16,098c3398601641e8827738cd8a9da176,0.032,,,
970,2026-05-21,SH600900,-0.028489535766627137,EXP_DEnsembleModel_Alpha158_csi300_custom_step0_s_20260521_16,098c3398601641e8827738cd8a9da176,0.032,,,
971,2026-05-21,SH600893,-0.00018904152706236604,EXP_DEnsembleModel_Alpha158_csi300_custom_step0_s_20260521_16,098c3398601641e8827738cd8a9da176,0.032,,,
972,2026-05-21,SH600887,-0.03186380642311414,EXP_DEnsembleModel_Alpha158_csi300_custom_step0_s_20260521_16,098c3398601641e8827738cd8a9da176,0.032,,,
973,2026-05-21,SH600674,-0.009908340732606387,EXP_DEnsembleModel_Alpha158_csi300_custom_step0_s_20260521_16,098c3398601641e8827738cd8a9da176,0.032,,,
974,2026-05-21,SH600886,0.058462793327410646,EXP_DEnsembleModel_Alpha158_csi300_custom_step0_s_20260521_16,098c3398601641e8827738cd8a9da176,0.032,,,
975,2026-05-21,SH600845,-0.05211764357236854,EXP_DEnsembleModel_Alpha158_csi300_custom_step0_s_20260521_16,098c3398601641e8827738cd8a9da176,0.032,,,
976,2026-05-21,SH600809,0.05634257987773053,EXP_DEnsembleModel_Alpha158_csi300_custom_step0_s_20260521_16,098c3398601641e8827738cd8a9da176,0.032,,,
977,2026-05-21,SH600803,-0.09456156361042699,EXP_DEnsembleModel_Alpha158_csi300_custom_step0_s_20260521_16,098c3398601641e8827738cd8a9da176,0.032,,,
978,2026-05-21,SH600795,0.07817116754005801,EXP_DEnsembleModel_Alpha158_csi300_custom_step0_s_20260521_16,098c3398601641e8827738cd8a9da176,0.032,,,
979,2026-05-21,SH600760,-0.1168862863895043,EXP_DEnsembleModel_Alpha158_csi300_custom_step0_s_20260521_16,098c3398601641e8827738cd8a9da176,0.032,,,
980,2026-05-21,SH600741,0.02552866223606072,EXP_DEnsembleModel_Alpha158_csi300_custom_step0_s_20260521_16,098c3398601641e8827738cd8a9da176,0.032,,,
981,2026-05-21,SH600875,0.13518131356408206,EXP_DEnsembleModel_Alpha158_csi300_custom_step0_s_20260521_16,098c3398601641e8827738cd8a9da176,0.032,,,
982,2026-05-21,SH600905,-0.02823552116751671,EXP_LinearModel_Alpha158_csi300_custom_step0_s_20260521_15,be58d462d3e346feac387754771bbd69,0.116,,,
983,2026-05-21,SZ300274,-0.10483451236694466,EXP_DEnsembleModel_Alpha158_csi300_custom_step0_s_20260521_16,826ff18448bd4683a2614aeeb88595e1,0.094,,,
984,2026-05-21,SZ300124,0.020264891154890677,EXP_DEnsembleModel_Alpha158_csi300_custom_step0_s_20260521_16,826ff18448bd4683a2614aeeb88595e1,0.094,,,
985,2026-05-21,SH603993,-0.1940485556477759,EXP_DEnsembleModel_Alpha158_csi300_custom_step0_s_20260521_16,826ff18448bd4683a2614aeeb88595e1,0.094,,,
986,2026-05-21,SH605117,-0.19752060815095396,EXP_DEnsembleModel_Alpha158_csi300_custom_step0_s_20260521_16,826ff18448bd4683a2614aeeb88595e1,0.094,,,
987,2026-05-21,SH605499,-0.02278011350597685,EXP_DEnsembleModel_Alpha158_csi300_custom_step0_s_20260521_16,826ff18448bd4683a2614aeeb88595e1,0.094,,,
988,2026-05-21,SH688008,-0.1487409020383143,EXP_DEnsembleModel_Alpha158_csi300_custom_step0_s_20260521_16,826ff18448bd4683a2614aeeb88595e1,0.094,,,
989,2026-05-21,SH688009,0.028483861377782013,EXP_DEnsembleModel_Alpha158_csi300_custom_step0_s_20260521_16,826ff18448bd4683a2614aeeb88595e1,0.094,,,
990,2026-05-21,SH688012,-0.09806203673719972,EXP_DEnsembleModel_Alpha158_csi300_custom_step0_s_20260521_16,826ff18448bd4683a2614aeeb88595e1,0.094,,,
991,2026-05-21,SH688036,-0.08616770992329686,EXP_DEnsembleModel_Alpha158_csi300_custom_step0_s_20260521_16,826ff18448bd4683a2614aeeb88595e1,0.094,,,
992,2026-05-21,SH688041,0.12260268283613285,EXP_DEnsembleModel_Alpha158_csi300_custom_step0_s_20260521_16,826ff18448bd4683a2614aeeb88595e1,0.094,,,
993,2026-05-21,SH688047,0.1093008138012273,EXP_DEnsembleModel_Alpha158_csi300_custom_step0_s_20260521_16,826ff18448bd4683a2614aeeb88595e1,0.094,,,
994,2026-05-21,SH688082,-0.023173136633012726,EXP_DEnsembleModel_Alpha158_csi300_custom_step0_s_20260521_16,826ff18448bd4683a2614aeeb88595e1,0.094,,,
995,2026-05-21,SH688111,-0.11101295717242235,EXP_DEnsembleModel_Alpha158_csi300_custom_step0_s_20260521_16,826ff18448bd4683a2614aeeb88595e1,0.094,,,
996,2026-05-21,SH688126,-0.20186006964023953,EXP_DEnsembleModel_Alpha158_csi300_custom_step0_s_20260521_16,826ff18448bd4683a2614aeeb88595e1,0.094,,,
997,2026-05-21,SH688169,-0.1055595194415482,EXP_DEnsembleModel_Alpha158_csi300_custom_step0_s_20260521_16,826ff18448bd4683a2614aeeb88595e1,0.094,,,
998,2026-05-21,SH688187,0.03050474208058118,EXP_DEnsembleModel_Alpha158_csi300_custom_step0_s_20260521_16,826ff18448bd4683a2614aeeb88595e1,0.094,,,
999,2026-05-21,SH688223,-0.04960199007989096,EXP_DEnsembleModel_Alpha158_csi300_custom_step0_s_20260521_16,826ff18448bd4683a2614aeeb88595e1,0.094,,,
1000,2026-05-21,SH688256,-0.0017894506185722541,EXP_DEnsembleModel_Alpha158_csi300_custom_step0_s_20260521_16,826ff18448bd4683a2614aeeb88595e1,0.094,,,
1001,2026-05-21,SH688271,0.020922935246042614,EXP_DEnsembleModel_Alpha158_csi300_custom_step0_s_20260521_16,826ff18448bd4683a2614aeeb88595e1,0.094,,,
1002,2026-05-21,SZ000338,0.09263708158212726,EXP_DEnsembleModel_Alpha158_csi300_custom_step0_s_20260521_16,826ff18448bd4683a2614aeeb88595e1,0.094,,,
1003,2026-05-21,SZ000333,0.16786551695547972,EXP_DEnsembleModel_Alpha158_csi300_custom_step0_s_20260521_16,826ff18448bd4683a2614aeeb88595e1,0.094,,,
1004,2026-05-21,SZ000301,0.05923399305913493,EXP_DEnsembleModel_Alpha158_csi300_custom_step0_s_20260521_16,826ff18448bd4683a2614aeeb88595e1,0.094,,,
1005,2026-05-21,SZ000166,-0.008941927330399285,EXP_DEnsembleModel_Alpha158_csi300_custom_step0_s_20260521_16,826ff18448bd4683a2614aeeb88595e1,0.094,,,
1006,2026-05-21,SZ000157,-0.05985323864081334,EXP_DEnsembleModel_Alpha158_csi300_custom_step0_s_20260521_16,826ff18448bd4683a2614aeeb88595e1,0.094,,,
1007,2026-05-21,SZ000100,-0.06940211223489866,EXP_DEnsembleModel_Alpha158_csi300_custom_step0_s_20260521_16,826ff18448bd4683a2614aeeb88595e1,0.094,,,
1008,2026-05-21,SH603986,-0.20830574702246632,EXP_DEnsembleModel_Alpha158_csi300_custom_step0_s_20260521_16,826ff18448bd4683a2614aeeb88595e1,0.094,,,
1009,2026-05-21,SZ000063,-0.046684427305251054,EXP_DEnsembleModel_Alpha158_csi300_custom_step0_s_20260521_16,826ff18448bd4683a2614aeeb88595e1,0.094,,,
1010,2026-05-21,SZ000001,0.007875759899090225,EXP_DEnsembleModel_Alpha158_csi300_custom_step0_s_20260521_16,826ff18448bd4683a2614aeeb88595e1,0.094,,,
1011,2026-05-21,SH688981,-0.09395579208425013,EXP_DEnsembleModel_Alpha158_csi300_custom_step0_s_20260521_16,826ff18448bd4683a2614aeeb88595e1,0.094,,,
1012,2026-05-21,SH688506,-0.0668408218016787,EXP_DEnsembleModel_Alpha158_csi300_custom_step0_s_20260521_16,826ff18448bd4683a2614aeeb88595e1,0.094,,,
1013,2026-05-21,SH688472,-0.06344514958590786,EXP_DEnsembleModel_Alpha158_csi300_custom_step0_s_20260521_16,826ff18448bd4683a2614aeeb88595e1,0.094,,,
1014,2026-05-21,SH688396,0.050486001393567854,EXP_DEnsembleModel_Alpha158_csi300_custom_step0_s_20260521_16,826ff18448bd4683a2614aeeb88595e1,0.094,,,
1015,2026-05-21,SH688303,-0.15261364574850142,EXP_DEnsembleModel_Alpha158_csi300_custom_step0_s_20260521_16,826ff18448bd4683a2614aeeb88595e1,0.094,,,
1016,2026-05-21,SZ000002,-0.20505381509388165,EXP_DEnsembleModel_Alpha158_csi300_custom_step0_s_20260521_16,826ff18448bd4683a2614aeeb88595e1,0.094,,,
1017,2026-05-21,SZ000408,-0.16794328627330282,EXP_DEnsembleModel_Alpha158_csi300_custom_step0_s_20260521_16,826ff18448bd4683a2614aeeb88595e1,0.094,,,
1018,2026-05-21,SH603893,-0.1598153608658673,EXP_DEnsembleModel_Alpha158_csi300_custom_step0_s_20260521_16,826ff18448bd4683a2614aeeb88595e1,0.094,,,
1019,2026-05-21,SH603501,-0.10433214006144405,EXP_DEnsembleModel_Alpha158_csi300_custom_step0_s_20260521_16,826ff18448bd4683a2614aeeb88595e1,0.094,,,
1020,2026-05-21,SH601800,-0.0305925398504375,EXP_DEnsembleModel_Alpha158_csi300_custom_step0_s_20260521_16,826ff18448bd4683a2614aeeb88595e1,0.094,,,
1021,2026-05-21,SH601808,-0.0006085971574082426,EXP_DEnsembleModel_Alpha158_csi300_custom_step0_s_20260521_16,826ff18448bd4683a2614aeeb88595e1,0.094,,,
1022,2026-05-21,SH601816,0.021833531288821772,EXP_DEnsembleModel_Alpha158_csi300_custom_step0_s_20260521_16,826ff18448bd4683a2614aeeb88595e1,0.094,,,
1023,2026-05-21,SH601818,0.08238623862565987,EXP_DEnsembleModel_Alpha158_csi300_custom_step0_s_20260521_16,826ff18448bd4683a2614aeeb88595e1,0.094,,,
1024,2026-05-21,SH601825,0.08646270903545221,EXP_DEnsembleModel_Alpha158_csi300_custom_step0_s_20260521_16,826ff18448bd4683a2614aeeb88595e1,0.094,,,
1025,2026-05-21,SH601838,0.030217154057657902,EXP_DEnsembleModel_Alpha158_csi300_custom_step0_s_20260521_16,826ff18448bd4683a2614aeeb88595e1,0.094,,,
1026,2026-05-21,SH601857,-0.0653470141893591,EXP_DEnsembleModel_Alpha158_csi300_custom_step0_s_20260521_16,826ff18448bd4683a2614aeeb88595e1,0.094,,,
1027,2026-05-21,SH601868,0.03559378258774113,EXP_DEnsembleModel_Alpha158_csi300_custom_step0_s_20260521_16,826ff18448bd4683a2614aeeb88595e1,0.094,,,
1028,2026-05-21,SH601872,-0.1580662494871172,EXP_DEnsembleModel_Alpha158_csi300_custom_step0_s_20260521_16,826ff18448bd4683a2614aeeb88595e1,0.094,,,
1029,2026-05-21,SH601877,-0.07224922549995066,EXP_DEnsembleModel_Alpha158_csi300_custom_step0_s_20260521_16,826ff18448bd4683a2614aeeb88595e1,0.094,,,
1030,2026-05-21,SH601878,0.008018651205301597,EXP_DEnsembleModel_Alpha158_csi300_custom_step0_s_20260521_16,826ff18448bd4683a2614aeeb88595e1,0.094,,,
1031,2026-05-21,SH601881,-0.003315277407503784,EXP_DEnsembleModel_Alpha158_csi300_custom_step0_s_20260521_16,826ff18448bd4683a2614aeeb88595e1,0.094,,,
1032,2026-05-21,SH601888,-0.02409292526231861,EXP_DEnsembleModel_Alpha158_csi300_custom_step0_s_20260521_16,826ff18448bd4683a2614aeeb88595e1,0.094,,,
1033,2026-05-21,SH601898,-0.06092566584126493,EXP_DEnsembleModel_Alpha158_csi300_custom_step0_s_20260521_16,826ff18448bd4683a2614aeeb88595e1,0.094,,,
1034,2026-05-21,SH601899,-0.27285729713344975,EXP_DEnsembleModel_Alpha158_csi300_custom_step0_s_20260521_16,826ff18448bd4683a2614aeeb88595e1,0.094,,,
1035,2026-05-21,SH601901,0.024963395450363402,EXP_DEnsembleModel_Alpha158_csi300_custom_step0_s_20260521_16,826ff18448bd4683a2614aeeb88595e1,0.094,,,
1036,2026-05-21,SH601916,0.10962652373046038,EXP_DEnsembleModel_Alpha158_csi300_custom_step0_s_20260521_16,826ff18448bd4683a2614aeeb88595e1,0.094,,,
1037,2026-05-21,SH603392,-0.10668289098573543,EXP_DEnsembleModel_Alpha158_csi300_custom_step0_s_20260521_16,826ff18448bd4683a2614aeeb88595e1,0.094,,,
1038,2026-05-21,SH603369,0.002710706558941461,EXP_DEnsembleModel_Alpha158_csi300_custom_step0_s_20260521_16,826ff18448bd4683a2614aeeb88595e1,0.094,,,
1039,2026-05-21,SH603296,0.022243139213971107,EXP_DEnsembleModel_Alpha158_csi300_custom_step0_s_20260521_16,826ff18448bd4683a2614aeeb88595e1,0.094,,,
1040,2026-05-21,SH603288,-0.010564834347546384,EXP_DEnsembleModel_Alpha158_csi300_custom_step0_s_20260521_16,826ff18448bd4683a2614aeeb88595e1,0.094,,,
1041,2026-05-21,SH603260,-0.1089215364405725,EXP_DEnsembleModel_Alpha158_csi300_custom_step0_s_20260521_16,826ff18448bd4683a2614aeeb88595e1,0.094,,,
1042,2026-05-21,SH603259,-0.08404502825211103,EXP_DEnsembleModel_Alpha158_csi300_custom_step0_s_20260521_16,826ff18448bd4683a2614aeeb88595e1,0.094,,,
1043,2026-05-21,SH603799,-0.10596227895578045,EXP_DEnsembleModel_Alpha158_csi300_custom_step0_s_20260521_16,826ff18448bd4683a2614aeeb88595e1,0.094,,,
1044,2026-05-21,SH603195,-0.04105097689570531,EXP_DEnsembleModel_Alpha158_csi300_custom_step0_s_20260521_16,826ff18448bd4683a2614aeeb88595e1,0.094,,,
1045,2026-05-21,SH601998,0.0357992961192307,EXP_DEnsembleModel_Alpha158_csi300_custom_step0_s_20260521_16,826ff18448bd4683a2614aeeb88595e1,0.094,,,
1046,2026-05-21,SH601995,0.15636319037447474,EXP_DEnsembleModel_Alpha158_csi300_custom_step0_s_20260521_16,826ff18448bd4683a2614aeeb88595e1,0.094,,,
1047,2026-05-21,SH601988,0.0947785782476847,EXP_DEnsembleModel_Alpha158_csi300_custom_step0_s_20260521_16,826ff18448bd4683a2614aeeb88595e1,0.094,,,
1048,2026-05-21,SH601985,0.026151495859254432,EXP_DEnsembleModel_Alpha158_csi300_custom_step0_s_20260521_16,826ff18448bd4683a2614aeeb88595e1,0.094,,,
1049,2026-05-21,SH601939,0.1145424417729157,EXP_DEnsembleModel_Alpha158_csi300_custom_step0_s_20260521_16,826ff18448bd4683a2614aeeb88595e1,0.094,,,
1050,2026-05-21,SH601919,-0.09134451472833179,EXP_DEnsembleModel_Alpha158_csi300_custom_step0_s_20260521_16,826ff18448bd4683a2614aeeb88595e1,0.094,,,
1051,2026-05-21,SH603019,0.020971555135180217,EXP_DEnsembleModel_Alpha158_csi300_custom_step0_s_20260521_16,826ff18448bd4683a2614aeeb88595e1,0.094,,,
1052,2026-05-21,SZ000425,-0.13561832359728718,EXP_DEnsembleModel_Alpha158_csi300_custom_step0_s_20260521_16,826ff18448bd4683a2614aeeb88595e1,0.094,,,
1053,2026-05-21,SZ000538,0.04850442188601057,EXP_DEnsembleModel_Alpha158_csi300_custom_step0_s_20260521_16,826ff18448bd4683a2614aeeb88595e1,0.094,,,
1054,2026-05-21,SZ000568,0.02315580815601531,EXP_DEnsembleModel_Alpha158_csi300_custom_step0_s_20260521_16,826ff18448bd4683a2614aeeb88595e1,0.094,,,
1055,2026-05-21,SZ002252,-0.018411185253370533,EXP_DEnsembleModel_Alpha158_csi300_custom_step0_s_20260521_16,826ff18448bd4683a2614aeeb88595e1,0.094,,,
1056,2026-05-21,SZ002304,-0.026712832924935193,EXP_DEnsembleModel_Alpha158_csi300_custom_step0_s_20260521_16,826ff18448bd4683a2614aeeb88595e1,0.094,,,
1057,2026-05-21,SZ002311,-0.06629491377347568,EXP_DEnsembleModel_Alpha158_csi300_custom_step0_s_20260521_16,826ff18448bd4683a2614aeeb88595e1,0.094,,,
1058,2026-05-21,SZ002352,0.015072315428893967,EXP_DEnsembleModel_Alpha158_csi300_custom_step0_s_20260521_16,826ff18448bd4683a2614aeeb88595e1,0.094,,,
1059,2026-05-21,SZ002371,-0.2023505978642357,EXP_DEnsembleModel_Alpha158_csi300_custom_step0_s_20260521_16,826ff18448bd4683a2614aeeb88595e1,0.094,,,
1060,2026-05-21,SZ002384,0.07980087235683224,EXP_DEnsembleModel_Alpha158_csi300_custom_step0_s_20260521_16,826ff18448bd4683a2614aeeb88595e1,0.094,,,
1061,2026-05-21,SZ002415,-0.0649256709525943,EXP_DEnsembleModel_Alpha158_csi300_custom_step0_s_20260521_16,826ff18448bd4683a2614aeeb88595e1,0.094,,,
1062,2026-05-21,SZ002422,-0.05637677691435574,EXP_DEnsembleModel_Alpha158_csi300_custom_step0_s_20260521_16,826ff18448bd4683a2614aeeb88595e1,0.094,,,
1063,2026-05-21,SZ002459,-0.15826593325372268,EXP_DEnsembleModel_Alpha158_csi300_custom_step0_s_20260521_16,826ff18448bd4683a2614aeeb88595e1,0.094,,,
1064,2026-05-21,SZ002460,0.03164081317595399,EXP_DEnsembleModel_Alpha158_csi300_custom_step0_s_20260521_16,826ff18448bd4683a2614aeeb88595e1,0.094,,,
1065,2026-05-21,SZ002463,-0.01799707455947407,EXP_DEnsembleModel_Alpha158_csi300_custom_step0_s_20260521_16,826ff18448bd4683a2614aeeb88595e1,0.094,,,
1066,2026-05-21,SZ002466,0.0632149345574242,EXP_DEnsembleModel_Alpha158_csi300_custom_step0_s_20260521_16,826ff18448bd4683a2614aeeb88595e1,0.094,,,
1067,2026-05-21,SZ002475,0.15011336877528053,EXP_DEnsembleModel_Alpha158_csi300_custom_step0_s_20260521_16,826ff18448bd4683a2614aeeb88595e1,0.094,,,
1068,2026-05-21,SZ002493,-0.19915891855642118,EXP_DEnsembleModel_Alpha158_csi300_custom_step0_s_20260521_16,826ff18448bd4683a2614aeeb88595e1,0.094,,,
1069,2026-05-21,SZ002594,-0.059168550312837624,EXP_DEnsembleModel_Alpha158_csi300_custom_step0_s_20260521_16,826ff18448bd4683a2614aeeb88595e1,0.094,,,
1070,2026-05-21,SZ002600,0.08954331154913027,EXP_DEnsembleModel_Alpha158_csi300_custom_step0_s_20260521_16,826ff18448bd4683a2614aeeb88595e1,0.094,,,
1071,2026-05-21,SZ002601,-0.12673100978167165,EXP_DEnsembleModel_Alpha158_csi300_custom_step0_s_20260521_16,826ff18448bd4683a2614aeeb88595e1,0.094,,,
1072,2026-05-21,SZ300122,-0.1041928203397683,EXP_DEnsembleModel_Alpha158_csi300_custom_step0_s_20260521_16,826ff18448bd4683a2614aeeb88595e1,0.094,,,
1073,2026-05-21,SZ300059,-0.08979509643848292,EXP_DEnsembleModel_Alpha158_csi300_custom_step0_s_20260521_16,826ff18448bd4683a2614aeeb88595e1,0.094,,,
1074,2026-05-21,SZ300033,0.07006302058220364,EXP_DEnsembleModel_Alpha158_csi300_custom_step0_s_20260521_16,826ff18448bd4683a2614aeeb88595e1,0.094,,,
1075,2026-05-21,SZ300015,-0.081704809596325,EXP_DEnsembleModel_Alpha158_csi300_custom_step0_s_20260521_16,826ff18448bd4683a2614aeeb88595e1,0.094,,,
1076,2026-05-21,SZ300014,-0.028154845286038288,EXP_DEnsembleModel_Alpha158_csi300_custom_step0_s_20260521_16,826ff18448bd4683a2614aeeb88595e1,0.094,,,
1077,2026-05-21,SZ003816,-0.09680645839740552,EXP_DEnsembleModel_Alpha158_csi300_custom_step0_s_20260521_16,826ff18448bd4683a2614aeeb88595e1,0.094,,,
1078,2026-05-21,SZ002241,0.0650040392085643,EXP_DEnsembleModel_Alpha158_csi300_custom_step0_s_20260521_16,826ff18448bd4683a2614aeeb88595e1,0.094,,,
1079,2026-05-21,SZ002938,-0.08851153885849052,EXP_DEnsembleModel_Alpha158_csi300_custom_step0_s_20260521_16,826ff18448bd4683a2614aeeb88595e1,0.094,,,
1080,2026-05-21,SZ002916,-0.03468182882737916,EXP_DEnsembleModel_Alpha158_csi300_custom_step0_s_20260521_16,826ff18448bd4683a2614aeeb88595e1,0.094,,,
1081,2026-05-21,SZ002736,-0.06899203228075468,EXP_DEnsembleModel_Alpha158_csi300_custom_step0_s_20260521_16,826ff18448bd4683a2614aeeb88595e1,0.094,,,
1082,2026-05-21,SZ002714,-0.18556313538742783,EXP_DEnsembleModel_Alpha158_csi300_custom_step0_s_20260521_16,826ff18448bd4683a2614aeeb88595e1,0.094,,,
1083,2026-05-21,SZ002709,-0.05744915944042317,EXP_DEnsembleModel_Alpha158_csi300_custom_step0_s_20260521_16,826ff18448bd4683a2614aeeb88595e1,0.094,,,
1084,2026-05-21,SZ002648,-0.14328387756356412,EXP_DEnsembleModel_Alpha158_csi300_custom_step0_s_20260521_16,826ff18448bd4683a2614aeeb88595e1,0.094,,,
1085,2026-05-21,SZ002625,-0.15791421001396735,EXP_DEnsembleModel_Alpha158_csi300_custom_step0_s_20260521_16,826ff18448bd4683a2614aeeb88595e1,0.094,,,
1086,2026-05-21,SZ002920,-0.061863262986547686,EXP_DEnsembleModel_Alpha158_csi300_custom_step0_s_20260521_16,826ff18448bd4683a2614aeeb88595e1,0.094,,,
1087,2026-05-21,SZ002236,0.06980288659358695,EXP_DEnsembleModel_Alpha158_csi300_custom_step0_s_20260521_16,826ff18448bd4683a2614aeeb88595e1,0.094,,,
1088,2026-05-21,SZ002230,0.002141453098702489,EXP_DEnsembleModel_Alpha158_csi300_custom_step0_s_20260521_16,826ff18448bd4683a2614aeeb88595e1,0.094,,,
1089,2026-05-21,SZ002179,-0.02905857664355562,EXP_DEnsembleModel_Alpha158_csi300_custom_step0_s_20260521_16,826ff18448bd4683a2614aeeb88595e1,0.094,,,
1090,2026-05-21,SZ000858,0.03473458681216658,EXP_DEnsembleModel_Alpha158_csi300_custom_step0_s_20260521_16,826ff18448bd4683a2614aeeb88595e1,0.094,,,
1091,2026-05-21,SZ000807,-0.016204137898229408,EXP_DEnsembleModel_Alpha158_csi300_custom_step0_s_20260521_16,826ff18448bd4683a2614aeeb88595e1,0.094,,,
1092,2026-05-21,SZ000792,-0.05078183337322537,EXP_DEnsembleModel_Alpha158_csi300_custom_step0_s_20260521_16,826ff18448bd4683a2614aeeb88595e1,0.094,,,
1093,2026-05-21,SZ000786,-0.12164301177895222,EXP_DEnsembleModel_Alpha158_csi300_custom_step0_s_20260521_16,826ff18448bd4683a2614aeeb88595e1,0.094,,,
1094,2026-05-21,SZ000776,-0.022970465302975255,EXP_DEnsembleModel_Alpha158_csi300_custom_step0_s_20260521_16,826ff18448bd4683a2614aeeb88595e1,0.094,,,
1095,2026-05-21,SZ000768,-0.13479188035551318,EXP_DEnsembleModel_Alpha158_csi300_custom_step0_s_20260521_16,826ff18448bd4683a2614aeeb88595e1,0.094,,,
1096,2026-05-21,SZ000876,-0.04054990835589387,EXP_DEnsembleModel_Alpha158_csi300_custom_step0_s_20260521_16,826ff18448bd4683a2614aeeb88595e1,0.094,,,
1097,2026-05-21,SZ000725,0.0813339996989488,EXP_DEnsembleModel_Alpha158_csi300_custom_step0_s_20260521_16,826ff18448bd4683a2614aeeb88595e1,0.094,,,
1098,2026-05-21,SZ000661,-0.1190139513285639,EXP_DEnsembleModel_Alpha158_csi300_custom_step0_s_20260521_16,826ff18448bd4683a2614aeeb88595e1,0.094,,,
1099,2026-05-21,SZ000651,0.05619886489258954,EXP_DEnsembleModel_Alpha158_csi300_custom_step0_s_20260521_16,826ff18448bd4683a2614aeeb88595e1,0.094,,,
1100,2026-05-21,SZ000630,-0.13851991718170029,EXP_DEnsembleModel_Alpha158_csi300_custom_step0_s_20260521_16,826ff18448bd4683a2614aeeb88595e1,0.094,,,
1101,2026-05-21,SZ000625,-0.006042191028798211,EXP_DEnsembleModel_Alpha158_csi300_custom_step0_s_20260521_16,826ff18448bd4683a2614aeeb88595e1,0.094,,,
1102,2026-05-21,SZ000617,-0.11739150896448511,EXP_DEnsembleModel_Alpha158_csi300_custom_step0_s_20260521_16,826ff18448bd4683a2614aeeb88595e1,0.094,,,
1103,2026-05-21,SZ000596,-0.05897611613352197,EXP_DEnsembleModel_Alpha158_csi300_custom_step0_s_20260521_16,826ff18448bd4683a2614aeeb88595e1,0.094,,,
1104,2026-05-21,SZ000708,0.03240416549356036,EXP_DEnsembleModel_Alpha158_csi300_custom_step0_s_20260521_16,826ff18448bd4683a2614aeeb88595e1,0.094,,,
1105,2026-05-21,SZ300251,-0.09677485054310785,EXP_DEnsembleModel_Alpha158_csi300_custom_step0_s_20260521_16,826ff18448bd4683a2614aeeb88595e1,0.094,,,
1106,2026-05-21,SZ000895,0.02209874250909059,EXP_DEnsembleModel_Alpha158_csi300_custom_step0_s_20260521_16,826ff18448bd4683a2614aeeb88595e1,0.094,,,
1107,2026-05-21,SZ000963,-0.0038559975055700722,EXP_DEnsembleModel_Alpha158_csi300_custom_step0_s_20260521_16,826ff18448bd4683a2614aeeb88595e1,0.094,,,
1108,2026-05-21,SZ002142,0.009180910236727971,EXP_DEnsembleModel_Alpha158_csi300_custom_step0_s_20260521_16,826ff18448bd4683a2614aeeb88595e1,0.094,,,
1109,2026-05-21,SZ002074,-0.07158311690839696,EXP_DEnsembleModel_Alpha158_csi300_custom_step0_s_20260521_16,826ff18448bd4683a2614aeeb88595e1,0.094,,,
1110,2026-05-21,SZ002050,0.03824808486807353,EXP_DEnsembleModel_Alpha158_csi300_custom_step0_s_20260521_16,826ff18448bd4683a2614aeeb88595e1,0.094,,,
1111,2026-05-21,SZ002049,-0.020318090036967575,EXP_DEnsembleModel_Alpha158_csi300_custom_step0_s_20260521_16,826ff18448bd4683a2614aeeb88595e1,0.094,,,
1112,2026-05-21,SZ002028,-0.06060942309633024,EXP_DEnsembleModel_Alpha158_csi300_custom_step0_s_20260521_16,826ff18448bd4683a2614aeeb88595e1,0.094,,,
1113,2026-05-21,SZ002027,-0.07642368236643446,EXP_DEnsembleModel_Alpha158_csi300_custom_step0_s_20260521_16,826ff18448bd4683a2614aeeb88595e1,0.094,,,
1114,2026-05-21,SZ000938,0.18149306066055768,EXP_DEnsembleModel_Alpha158_csi300_custom_step0_s_20260521_16,826ff18448bd4683a2614aeeb88595e1,0.094,,,
1115,2026-05-21,SZ002001,-0.10676388303168802,EXP_DEnsembleModel_Alpha158_csi300_custom_step0_s_20260521_16,826ff18448bd4683a2614aeeb88595e1,0.094,,,
1116,2026-05-21,SZ001965,-0.039901085023448246,EXP_DEnsembleModel_Alpha158_csi300_custom_step0_s_20260521_16,826ff18448bd4683a2614aeeb88595e1,0.094,,,
1117,2026-05-21,SZ001391,0.01877261459354972,EXP_DEnsembleModel_Alpha158_csi300_custom_step0_s_20260521_16,826ff18448bd4683a2614aeeb88595e1,0.094,,,
1118,2026-05-21,SZ000999,-0.0075970816975573785,EXP_DEnsembleModel_Alpha158_csi300_custom_step0_s_20260521_16,826ff18448bd4683a2614aeeb88595e1,0.094,,,
1119,2026-05-21,SZ000983,-0.06060893493540251,EXP_DEnsembleModel_Alpha158_csi300_custom_step0_s_20260521_16,826ff18448bd4683a2614aeeb88595e1,0.094,,,
1120,2026-05-21,SZ000977,-0.060304930395817365,EXP_DEnsembleModel_Alpha158_csi300_custom_step0_s_20260521_16,826ff18448bd4683a2614aeeb88595e1,0.094,,,
1121,2026-05-21,SZ000975,-0.05310673881552093,EXP_DEnsembleModel_Alpha158_csi300_custom_step0_s_20260521_16,826ff18448bd4683a2614aeeb88595e1,0.094,,,
1122,2026-05-21,SZ001979,-0.1785927175808861,EXP_DEnsembleModel_Alpha158_csi300_custom_step0_s_20260521_16,826ff18448bd4683a2614aeeb88595e1,0.094,,,
1123,2026-05-21,SH601939,0.09522005036099156,EXP_DEnsembleModel_Alpha158_csi300_custom_step0_s_20260521_16,f7e54c4986db439ea3d1919f2e80528d,0.07,,,
1124,2026-05-21,SH600918,-0.003194443415850401,EXP_LinearModel_Alpha158_csi300_custom_step0_s_20260521_15,be58d462d3e346feac387754771bbd69,0.116,,,
1125,2026-05-21,SH600926,-0.050268299877643585,EXP_LinearModel_Alpha158_csi300_custom_step0_s_20260521_15,be58d462d3e346feac387754771bbd69,0.116,,,
1126,2026-05-21,SZ000858,0.01994510181248188,EXP_XGBModel_Alpha158_csi300_custom_step0_s_20260521_15,252cb05fd4154305949c52dd52d74ded,0.082,,,
1127,2026-05-21,SZ000876,-0.04173631966114044,EXP_XGBModel_Alpha158_csi300_custom_step0_s_20260521_15,252cb05fd4154305949c52dd52d74ded,0.082,,,
1128,2026-05-21,SZ000895,0.005165386013686657,EXP_XGBModel_Alpha158_csi300_custom_step0_s_20260521_15,252cb05fd4154305949c52dd52d74ded,0.082,,,
1129,2026-05-21,SZ000938,0.5871790647506714,EXP_XGBModel_Alpha158_csi300_custom_step0_s_20260521_15,252cb05fd4154305949c52dd52d74ded,0.082,,,
1130,2026-05-21,SZ000963,-0.00925997830927372,EXP_XGBModel_Alpha158_csi300_custom_step0_s_20260521_15,252cb05fd4154305949c52dd52d74ded,0.082,,,
1131,2026-05-21,SZ000975,-0.02062465436756611,EXP_XGBModel_Alpha158_csi300_custom_step0_s_20260521_15,252cb05fd4154305949c52dd52d74ded,0.082,,,
1132,2026-05-21,SZ000977,-0.08158044517040253,EXP_XGBModel_Alpha158_csi300_custom_step0_s_20260521_15,252cb05fd4154305949c52dd52d74ded,0.082,,,
1133,2026-05-21,SZ000983,-0.041408196091651917,EXP_XGBModel_Alpha158_csi300_custom_step0_s_20260521_15,252cb05fd4154305949c52dd52d74ded,0.082,,,
1134,2026-05-21,SZ000999,-0.02555948868393898,EXP_XGBModel_Alpha158_csi300_custom_step0_s_20260521_15,252cb05fd4154305949c52dd52d74ded,0.082,,,
1135,2026-05-21,SZ001391,0.02314062789082527,EXP_XGBModel_Alpha158_csi300_custom_step0_s_20260521_15,252cb05fd4154305949c52dd52d74ded,0.082,,,
1136,2026-05-21,SZ001965,-0.06727322190999985,EXP_XGBModel_Alpha158_csi300_custom_step0_s_20260521_15,252cb05fd4154305949c52dd52d74ded,0.082,,,
1137,2026-05-21,SZ001979,-0.07457517087459564,EXP_XGBModel_Alpha158_csi300_custom_step0_s_20260521_15,252cb05fd4154305949c52dd52d74ded,0.082,,,
1138,2026-05-21,SZ002001,-0.02641136944293976,EXP_XGBModel_Alpha158_csi300_custom_step0_s_20260521_15,252cb05fd4154305949c52dd52d74ded,0.082,,,
1139,2026-05-21,SZ002027,-0.014126761816442013,EXP_XGBModel_Alpha158_csi300_custom_step0_s_20260521_15,252cb05fd4154305949c52dd52d74ded,0.082,,,
1140,2026-05-21,SZ002028,-0.03849231079220772,EXP_XGBModel_Alpha158_csi300_custom_step0_s_20260521_15,252cb05fd4154305949c52dd52d74ded,0.082,,,
1141,2026-05-21,SZ002049,-0.07610168308019638,EXP_XGBModel_Alpha158_csi300_custom_step0_s_20260521_15,252cb05fd4154305949c52dd52d74ded,0.082,,,
1142,2026-05-21,SZ002050,-0.04487668722867966,EXP_XGBModel_Alpha158_csi300_custom_step0_s_20260521_15,252cb05fd4154305949c52dd52d74ded,0.082,,,
1143,2026-05-21,SZ002422,-0.03208146244287491,EXP_XGBModel_Alpha158_csi300_custom_step0_s_20260521_15,252cb05fd4154305949c52dd52d74ded,0.082,,,
1144,2026-05-21,SZ002415,-0.07939863204956055,EXP_XGBModel_Alpha158_csi300_custom_step0_s_20260521_15,252cb05fd4154305949c52dd52d74ded,0.082,,,
1145,2026-05-21,SZ002384,0.43358635902404785,EXP_XGBModel_Alpha158_csi300_custom_step0_s_20260521_15,252cb05fd4154305949c52dd52d74ded,0.082,,,
1146,2026-05-21,SZ002371,0.13828936219215393,EXP_XGBModel_Alpha158_csi300_custom_step0_s_20260521_15,252cb05fd4154305949c52dd52d74ded,0.082,,,
1147,2026-05-21,SZ002352,0.0061214035376906395,EXP_XGBModel_Alpha158_csi300_custom_step0_s_20260521_15,252cb05fd4154305949c52dd52d74ded,0.082,,,
1148,2026-05-21,SZ002311,-0.02734302543103695,EXP_XGBModel_Alpha158_csi300_custom_step0_s_20260521_15,252cb05fd4154305949c52dd52d74ded,0.082,,,
1149,2026-05-21,SZ000807,-0.03408728167414665,EXP_XGBModel_Alpha158_csi300_custom_step0_s_20260521_15,252cb05fd4154305949c52dd52d74ded,0.082,,,
1150,2026-05-21,SZ002304,-0.04174786061048508,EXP_XGBModel_Alpha158_csi300_custom_step0_s_20260521_15,252cb05fd4154305949c52dd52d74ded,0.082,,,
1151,2026-05-21,SZ002241,0.0033611676190048456,EXP_XGBModel_Alpha158_csi300_custom_step0_s_20260521_15,252cb05fd4154305949c52dd52d74ded,0.082,,,
1152,2026-05-21,SZ002236,0.008430618792772293,EXP_XGBModel_Alpha158_csi300_custom_step0_s_20260521_15,252cb05fd4154305949c52dd52d74ded,0.082,,,
1153,2026-05-21,SZ002230,-0.055035077035427094,EXP_XGBModel_Alpha158_csi300_custom_step0_s_20260521_15,252cb05fd4154305949c52dd52d74ded,0.082,,,
1154,2026-05-21,SZ002179,-0.07000375539064407,EXP_XGBModel_Alpha158_csi300_custom_step0_s_20260521_15,252cb05fd4154305949c52dd52d74ded,0.082,,,
1155,2026-05-21,SZ002142,-4.305914626456797e-05,EXP_XGBModel_Alpha158_csi300_custom_step0_s_20260521_15,252cb05fd4154305949c52dd52d74ded,0.082,,,
1156,2026-05-21,SZ002074,-0.06621447205543518,EXP_XGBModel_Alpha158_csi300_custom_step0_s_20260521_15,252cb05fd4154305949c52dd52d74ded,0.082,,,
1157,2026-05-21,SZ002252,-0.011727247387170792,EXP_XGBModel_Alpha158_csi300_custom_step0_s_20260521_15,252cb05fd4154305949c52dd52d74ded,0.082,,,
1158,2026-05-21,SZ002459,-0.09557092189788818,EXP_XGBModel_Alpha158_csi300_custom_step0_s_20260521_15,252cb05fd4154305949c52dd52d74ded,0.082,,,
1159,2026-05-21,SZ000792,-0.0518217459321022,EXP_XGBModel_Alpha158_csi300_custom_step0_s_20260521_15,252cb05fd4154305949c52dd52d74ded,0.082,,,
1160,2026-05-21,SZ000776,-0.06827862560749054,EXP_XGBModel_Alpha158_csi300_custom_step0_s_20260521_15,252cb05fd4154305949c52dd52d74ded,0.082,,,
1161,2026-05-21,SH688187,-0.019455894827842712,EXP_XGBModel_Alpha158_csi300_custom_step0_s_20260521_15,252cb05fd4154305949c52dd52d74ded,0.082,,,
1162,2026-05-21,SH688223,-0.08631058037281036,EXP_XGBModel_Alpha158_csi300_custom_step0_s_20260521_15,252cb05fd4154305949c52dd52d74ded,0.082,,,
1163,2026-05-21,SH688256,-0.157612144947052,EXP_XGBModel_Alpha158_csi300_custom_step0_s_20260521_15,252cb05fd4154305949c52dd52d74ded,0.082,,,
1164,2026-05-21,SH688271,-0.17770497500896454,EXP_XGBModel_Alpha158_csi300_custom_step0_s_20260521_15,252cb05fd4154305949c52dd52d74ded,0.082,,,
1165,2026-05-21,SH688303,-0.0807771235704422,EXP_XGBModel_Alpha158_csi300_custom_step0_s_20260521_15,252cb05fd4154305949c52dd52d74ded,0.082,,,
1166,2026-05-21,SH688396,-0.2864020764827728,EXP_XGBModel_Alpha158_csi300_custom_step0_s_20260521_15,252cb05fd4154305949c52dd52d74ded,0.082,,,
1167,2026-05-21,SH688472,-0.08399206399917603,EXP_XGBModel_Alpha158_csi300_custom_step0_s_20260521_15,252cb05fd4154305949c52dd52d74ded,0.082,,,
1168,2026-05-21,SH688506,-0.08362529426813126,EXP_XGBModel_Alpha158_csi300_custom_step0_s_20260521_15,252cb05fd4154305949c52dd52d74ded,0.082,,,
1169,2026-05-21,SH688981,-0.10878391563892365,EXP_XGBModel_Alpha158_csi300_custom_step0_s_20260521_15,252cb05fd4154305949c52dd52d74ded,0.082,,,
1170,2026-05-21,SZ000001,-0.03229551389813423,EXP_XGBModel_Alpha158_csi300_custom_step0_s_20260521_15,252cb05fd4154305949c52dd52d74ded,0.082,,,
1171,2026-05-21,SZ000002,-0.15061631798744202,EXP_XGBModel_Alpha158_csi300_custom_step0_s_20260521_15,252cb05fd4154305949c52dd52d74ded,0.082,,,
1172,2026-05-21,SZ000063,-0.02936604805290699,EXP_XGBModel_Alpha158_csi300_custom_step0_s_20260521_15,252cb05fd4154305949c52dd52d74ded,0.082,,,
1173,2026-05-21,SZ000100,-0.09020914137363434,EXP_XGBModel_Alpha158_csi300_custom_step0_s_20260521_15,252cb05fd4154305949c52dd52d74ded,0.082,,,
1174,2026-05-21,SZ000157,-0.053579844534397125,EXP_XGBModel_Alpha158_csi300_custom_step0_s_20260521_15,252cb05fd4154305949c52dd52d74ded,0.082,,,
1175,2026-05-21,SZ000166,-0.0002518756955396384,EXP_XGBModel_Alpha158_csi300_custom_step0_s_20260521_15,252cb05fd4154305949c52dd52d74ded,0.082,,,
1176,2026-05-21,SZ000301,0.0011808533454313874,EXP_XGBModel_Alpha158_csi300_custom_step0_s_20260521_15,252cb05fd4154305949c52dd52d74ded,0.082,,,
1177,2026-05-21,SZ000333,0.07792605459690094,EXP_XGBModel_Alpha158_csi300_custom_step0_s_20260521_15,252cb05fd4154305949c52dd52d74ded,0.082,,,
1178,2026-05-21,SZ000768,-0.08487360924482346,EXP_XGBModel_Alpha158_csi300_custom_step0_s_20260521_15,252cb05fd4154305949c52dd52d74ded,0.082,,,
1179,2026-05-21,SZ000725,0.12963934242725372,EXP_XGBModel_Alpha158_csi300_custom_step0_s_20260521_15,252cb05fd4154305949c52dd52d74ded,0.082,,,
1180,2026-05-21,SZ000708,-0.009297804906964302,EXP_XGBModel_Alpha158_csi300_custom_step0_s_20260521_15,252cb05fd4154305949c52dd52d74ded,0.082,,,
1181,2026-05-21,SZ000661,-0.049143947660923004,EXP_XGBModel_Alpha158_csi300_custom_step0_s_20260521_15,252cb05fd4154305949c52dd52d74ded,0.082,,,
1182,2026-05-21,SZ000651,0.009779505431652069,EXP_XGBModel_Alpha158_csi300_custom_step0_s_20260521_15,252cb05fd4154305949c52dd52d74ded,0.082,,,
1183,2026-05-21,SZ000630,-0.14142288267612457,EXP_XGBModel_Alpha158_csi300_custom_step0_s_20260521_15,252cb05fd4154305949c52dd52d74ded,0.082,,,
1184,2026-05-21,SZ000786,-0.012477366253733635,EXP_XGBModel_Alpha158_csi300_custom_step0_s_20260521_15,252cb05fd4154305949c52dd52d74ded,0.082,,,
1185,2026-05-21,SZ000625,-0.013095294125378132,EXP_XGBModel_Alpha158_csi300_custom_step0_s_20260521_15,252cb05fd4154305949c52dd52d74ded,0.082,,,
1186,2026-05-21,SZ000596,0.01765226200222969,EXP_XGBModel_Alpha158_csi300_custom_step0_s_20260521_15,252cb05fd4154305949c52dd52d74ded,0.082,,,
1187,2026-05-21,SZ000568,-0.006512448191642761,EXP_XGBModel_Alpha158_csi300_custom_step0_s_20260521_15,252cb05fd4154305949c52dd52d74ded,0.082,,,
1188,2026-05-21,SZ000538,0.030098535120487213,EXP_XGBModel_Alpha158_csi300_custom_step0_s_20260521_15,252cb05fd4154305949c52dd52d74ded,0.082,,,
1189,2026-05-21,SZ000425,-0.0951022282242775,EXP_XGBModel_Alpha158_csi300_custom_step0_s_20260521_15,252cb05fd4154305949c52dd52d74ded,0.082,,,
1190,2026-05-21,SZ000408,-0.12031536549329758,EXP_XGBModel_Alpha158_csi300_custom_step0_s_20260521_15,252cb05fd4154305949c52dd52d74ded,0.082,,,
1191,2026-05-21,SZ000338,-0.023037342354655266,EXP_XGBModel_Alpha158_csi300_custom_step0_s_20260521_15,252cb05fd4154305949c52dd52d74ded,0.082,,,
1192,2026-05-21,SZ000617,-0.06799483299255371,EXP_XGBModel_Alpha158_csi300_custom_step0_s_20260521_15,252cb05fd4154305949c52dd52d74ded,0.082,,,
1193,2026-05-21,SH688169,-0.03508578985929489,EXP_XGBModel_Alpha158_csi300_custom_step0_s_20260521_15,252cb05fd4154305949c52dd52d74ded,0.082,,,
1194,2026-05-21,SZ002460,-0.01742657460272312,EXP_XGBModel_Alpha158_csi300_custom_step0_s_20260521_15,252cb05fd4154305949c52dd52d74ded,0.082,,,
1195,2026-05-21,SZ002466,-0.04249909147620201,EXP_XGBModel_Alpha158_csi300_custom_step0_s_20260521_15,252cb05fd4154305949c52dd52d74ded,0.082,,,
1196,2026-05-21,SZ300661,-0.13212090730667114,EXP_XGBModel_Alpha158_csi300_custom_step0_s_20260521_15,252cb05fd4154305949c52dd52d74ded,0.082,,,
1197,2026-05-21,SZ300750,-0.033207714557647705,EXP_XGBModel_Alpha158_csi300_custom_step0_s_20260521_15,252cb05fd4154305949c52dd52d74ded,0.082,,,
1198,2026-05-21,SZ300759,-0.011645859107375145,EXP_XGBModel_Alpha158_csi300_custom_step0_s_20260521_15,252cb05fd4154305949c52dd52d74ded,0.082,,,
1199,2026-05-21,SZ300760,-0.038604918867349625,EXP_XGBModel_Alpha158_csi300_custom_step0_s_20260521_15,252cb05fd4154305949c52dd52d74ded,0.082,,,
1200,2026-05-21,SZ300782,0.09891343861818314,EXP_XGBModel_Alpha158_csi300_custom_step0_s_20260521_15,252cb05fd4154305949c52dd52d74ded,0.082,,,
1201,2026-05-21,SZ300803,-0.13488656282424927,EXP_XGBModel_Alpha158_csi300_custom_step0_s_20260521_15,252cb05fd4154305949c52dd52d74ded,0.082,,,
1202,2026-05-21,SZ300832,-0.023924369364976883,EXP_XGBModel_Alpha158_csi300_custom_step0_s_20260521_15,252cb05fd4154305949c52dd52d74ded,0.082,,,
1203,2026-05-21,SZ300866,0.0009336735820397735,EXP_XGBModel_Alpha158_csi300_custom_step0_s_20260521_15,252cb05fd4154305949c52dd52d74ded,0.082,,,
1204,2026-05-21,SZ300896,-0.1332048922777176,EXP_XGBModel_Alpha158_csi300_custom_step0_s_20260521_15,252cb05fd4154305949c52dd52d74ded,0.082,,,
1205,2026-05-21,SZ300979,-0.013760327361524105,EXP_XGBModel_Alpha158_csi300_custom_step0_s_20260521_15,252cb05fd4154305949c52dd52d74ded,0.082,,,
1206,2026-05-21,SZ300999,-0.003179070306941867,EXP_XGBModel_Alpha158_csi300_custom_step0_s_20260521_15,252cb05fd4154305949c52dd52d74ded,0.082,,,
1207,2026-05-21,SZ301236,-0.11289818584918976,EXP_XGBModel_Alpha158_csi300_custom_step0_s_20260521_15,252cb05fd4154305949c52dd52d74ded,0.082,,,
1208,2026-05-21,SZ301269,-0.15314139425754547,EXP_XGBModel_Alpha158_csi300_custom_step0_s_20260521_15,252cb05fd4154305949c52dd52d74ded,0.082,,,
1209,2026-05-21,SZ302132,-0.05459962412714958,EXP_XGBModel_Alpha158_csi300_custom_step0_s_20260521_15,252cb05fd4154305949c52dd52d74ded,0.082,,,
1210,2026-05-21,SH600000,-0.08506592363119125,EXP_XGBModel_Alpha158_csi300_custom_step0_s_20260521_15,a0e1a77afeeb4395ab3bcdfdece5e991,0.074,,,
1211,2026-05-21,SH600009,-0.049975499510765076,EXP_XGBModel_Alpha158_csi300_custom_step0_s_20260521_15,a0e1a77afeeb4395ab3bcdfdece5e991,0.074,,,
1212,2026-05-21,SH600010,0.005612591281533241,EXP_XGBModel_Alpha158_csi300_custom_step0_s_20260521_15,a0e1a77afeeb4395ab3bcdfdece5e991,0.074,,,
1213,2026-05-21,SH600036,-0.0828709527850151,EXP_XGBModel_Alpha158_csi300_custom_step0_s_20260521_15,a0e1a77afeeb4395ab3bcdfdece5e991,0.074,,,
1214,2026-05-21,SH600031,-0.12830795347690582,EXP_XGBModel_Alpha158_csi300_custom_step0_s_20260521_15,a0e1a77afeeb4395ab3bcdfdece5e991,0.074,,,
1215,2026-05-21,SH600030,0.13692903518676758,EXP_XGBModel_Alpha158_csi300_custom_step0_s_20260521_15,a0e1a77afeeb4395ab3bcdfdece5e991,0.074,,,
1216,2026-05-21,SH600029,0.03160061687231064,EXP_XGBModel_Alpha158_csi300_custom_step0_s_20260521_15,a0e1a77afeeb4395ab3bcdfdece5e991,0.074,,,
1217,2026-05-21,SH600028,-0.06928405165672302,EXP_XGBModel_Alpha158_csi300_custom_step0_s_20260521_15,a0e1a77afeeb4395ab3bcdfdece5e991,0.074,,,
1218,2026-05-21,SH600027,0.003885375102981925,EXP_XGBModel_Alpha158_csi300_custom_step0_s_20260521_15,a0e1a77afeeb4395ab3bcdfdece5e991,0.074,,,
1219,2026-05-21,SZ300628,-0.04618958383798599,EXP_XGBModel_Alpha158_csi300_custom_step0_s_20260521_15,252cb05fd4154305949c52dd52d74ded,0.082,,,
1220,2026-05-21,SH600026,-0.006367445923388004,EXP_XGBModel_Alpha158_csi300_custom_step0_s_20260521_15,a0e1a77afeeb4395ab3bcdfdece5e991,0.074,,,
1221,2026-05-21,SH600023,0.058094121515750885,EXP_XGBModel_Alpha158_csi300_custom_step0_s_20260521_15,a0e1a77afeeb4395ab3bcdfdece5e991,0.074,,,
1222,2026-05-21,SH600019,-0.05563564971089363,EXP_XGBModel_Alpha158_csi300_custom_step0_s_20260521_15,a0e1a77afeeb4395ab3bcdfdece5e991,0.074,,,
1223,2026-05-21,SH600018,-0.00014299973554443568,EXP_XGBModel_Alpha158_csi300_custom_step0_s_20260521_15,a0e1a77afeeb4395ab3bcdfdece5e991,0.074,,,
1224,2026-05-21,SH600016,-0.07449473440647125,EXP_XGBModel_Alpha158_csi300_custom_step0_s_20260521_15,a0e1a77afeeb4395ab3bcdfdece5e991,0.074,,,
1225,2026-05-21,SH600015,-0.05418534204363823,EXP_XGBModel_Alpha158_csi300_custom_step0_s_20260521_15,a0e1a77afeeb4395ab3bcdfdece5e991,0.074,,,
1226,2026-05-21,SH600011,0.05024127662181854,EXP_XGBModel_Alpha158_csi300_custom_step0_s_20260521_15,a0e1a77afeeb4395ab3bcdfdece5e991,0.074,,,
1227,2026-05-21,SH600025,-0.05377805233001709,EXP_XGBModel_Alpha158_csi300_custom_step0_s_20260521_15,a0e1a77afeeb4395ab3bcdfdece5e991,0.074,,,
1228,2026-05-21,SZ002463,-0.09909402579069138,EXP_XGBModel_Alpha158_csi300_custom_step0_s_20260521_15,252cb05fd4154305949c52dd52d74ded,0.082,,,
1229,2026-05-21,SZ300502,-0.058553289622068405,EXP_XGBModel_Alpha158_csi300_custom_step0_s_20260521_15,252cb05fd4154305949c52dd52d74ded,0.082,,,
1230,2026-05-21,SZ300476,-0.03349710628390312,EXP_XGBModel_Alpha158_csi300_custom_step0_s_20260521_15,252cb05fd4154305949c52dd52d74ded,0.082,,,
1231,2026-05-21,SZ002475,0.21637389063835144,EXP_XGBModel_Alpha158_csi300_custom_step0_s_20260521_15,252cb05fd4154305949c52dd52d74ded,0.082,,,
1232,2026-05-21,SZ002493,-0.17158134281635284,EXP_XGBModel_Alpha158_csi300_custom_step0_s_20260521_15,252cb05fd4154305949c52dd52d74ded,0.082,,,
1233,2026-05-21,SZ002594,-0.00934832263737917,EXP_XGBModel_Alpha158_csi300_custom_step0_s_20260521_15,252cb05fd4154305949c52dd52d74ded,0.082,,,
1234,2026-05-21,SZ002600,0.028799697756767273,EXP_XGBModel_Alpha158_csi300_custom_step0_s_20260521_15,252cb05fd4154305949c52dd52d74ded,0.082,,,
1235,2026-05-21,SZ002601,-0.06466963142156601,EXP_XGBModel_Alpha158_csi300_custom_step0_s_20260521_15,252cb05fd4154305949c52dd52d74ded,0.082,,,
1236,2026-05-21,SZ002625,-0.05954978987574577,EXP_XGBModel_Alpha158_csi300_custom_step0_s_20260521_15,252cb05fd4154305949c52dd52d74ded,0.082,,,
1237,2026-05-21,SZ002648,-0.06747537106275558,EXP_XGBModel_Alpha158_csi300_custom_step0_s_20260521_15,252cb05fd4154305949c52dd52d74ded,0.082,,,
1238,2026-05-21,SZ002709,-0.11143232136964798,EXP_XGBModel_Alpha158_csi300_custom_step0_s_20260521_15,252cb05fd4154305949c52dd52d74ded,0.082,,,
1239,2026-05-21,SZ002714,-0.08606144040822983,EXP_XGBModel_Alpha158_csi300_custom_step0_s_20260521_15,252cb05fd4154305949c52dd52d74ded,0.082,,,
1240,2026-05-21,SZ002736,0.014060881920158863,EXP_XGBModel_Alpha158_csi300_custom_step0_s_20260521_15,252cb05fd4154305949c52dd52d74ded,0.082,,,
1241,2026-05-21,SZ002916,0.006832316517829895,EXP_XGBModel_Alpha158_csi300_custom_step0_s_20260521_15,252cb05fd4154305949c52dd52d74ded,0.082,,,
1242,2026-05-21,SZ002920,-0.015248112380504608,EXP_XGBModel_Alpha158_csi300_custom_step0_s_20260521_15,252cb05fd4154305949c52dd52d74ded,0.082,,,
1243,2026-05-21,SZ002938,0.09574247151613235,EXP_XGBModel_Alpha158_csi300_custom_step0_s_20260521_15,252cb05fd4154305949c52dd52d74ded,0.082,,,
1244,2026-05-21,SZ003816,-0.09591763466596603,EXP_XGBModel_Alpha158_csi300_custom_step0_s_20260521_15,252cb05fd4154305949c52dd52d74ded,0.082,,,
1245,2026-05-21,SZ300014,-0.04540142044425011,EXP_XGBModel_Alpha158_csi300_custom_step0_s_20260521_15,252cb05fd4154305949c52dd52d74ded,0.082,,,
1246,2026-05-21,SZ300015,-0.10851441323757172,EXP_XGBModel_Alpha158_csi300_custom_step0_s_20260521_15,252cb05fd4154305949c52dd52d74ded,0.082,,,
1247,2026-05-21,SZ300033,0.10923559963703156,EXP_XGBModel_Alpha158_csi300_custom_step0_s_20260521_15,252cb05fd4154305949c52dd52d74ded,0.082,,,
1248,2026-05-21,SZ300442,0.015019884333014488,EXP_XGBModel_Alpha158_csi300_custom_step0_s_20260521_15,252cb05fd4154305949c52dd52d74ded,0.082,,,
1249,2026-05-21,SZ300433,0.08742132782936096,EXP_XGBModel_Alpha158_csi300_custom_step0_s_20260521_15,252cb05fd4154305949c52dd52d74ded,0.082,,,
1250,2026-05-21,SZ300418,-0.13841906189918518,EXP_XGBModel_Alpha158_csi300_custom_step0_s_20260521_15,252cb05fd4154305949c52dd52d74ded,0.082,,,
1251,2026-05-21,SZ300413,-0.06257277727127075,EXP_XGBModel_Alpha158_csi300_custom_step0_s_20260521_15,252cb05fd4154305949c52dd52d74ded,0.082,,,
1252,2026-05-21,SZ300408,0.20321783423423767,EXP_XGBModel_Alpha158_csi300_custom_step0_s_20260521_15,252cb05fd4154305949c52dd52d74ded,0.082,,,
1253,2026-05-21,SZ300394,0.23682163655757904,EXP_XGBModel_Alpha158_csi300_custom_step0_s_20260521_15,252cb05fd4154305949c52dd52d74ded,0.082,,,
1254,2026-05-21,SZ300498,-0.024768855422735214,EXP_XGBModel_Alpha158_csi300_custom_step0_s_20260521_15,252cb05fd4154305949c52dd52d74ded,0.082,,,
1255,2026-05-21,SZ300347,-0.035492125898599625,EXP_XGBModel_Alpha158_csi300_custom_step0_s_20260521_15,252cb05fd4154305949c52dd52d74ded,0.082,,,
1256,2026-05-21,SZ300308,0.37751442193984985,EXP_XGBModel_Alpha158_csi300_custom_step0_s_20260521_15,252cb05fd4154305949c52dd52d74ded,0.082,,,
1257,2026-05-21,SZ300274,-0.07973720133304596,EXP_XGBModel_Alpha158_csi300_custom_step0_s_20260521_15,252cb05fd4154305949c52dd52d74ded,0.082,,,
1258,2026-05-21,SZ300251,-0.08527503907680511,EXP_XGBModel_Alpha158_csi300_custom_step0_s_20260521_15,252cb05fd4154305949c52dd52d74ded,0.082,,,
1259,2026-05-21,SZ300124,-0.004637338221073151,EXP_XGBModel_Alpha158_csi300_custom_step0_s_20260521_15,252cb05fd4154305949c52dd52d74ded,0.082,,,
1260,2026-05-21,SZ300122,-0.02155725099146366,EXP_XGBModel_Alpha158_csi300_custom_step0_s_20260521_15,252cb05fd4154305949c52dd52d74ded,0.082,,,
1261,2026-05-21,SZ300059,-0.04808128997683525,EXP_XGBModel_Alpha158_csi300_custom_step0_s_20260521_15,252cb05fd4154305949c52dd52d74ded,0.082,,,
1262,2026-05-21,SZ300316,-0.11451958119869232,EXP_XGBModel_Alpha158_csi300_custom_step0_s_20260521_15,252cb05fd4154305949c52dd52d74ded,0.082,,,
1263,2026-05-21,SH688126,-0.02085067704319954,EXP_XGBModel_Alpha158_csi300_custom_step0_s_20260521_15,252cb05fd4154305949c52dd52d74ded,0.082,,,
1264,2026-05-21,SH688111,-0.07767040282487869,EXP_XGBModel_Alpha158_csi300_custom_step0_s_20260521_15,252cb05fd4154305949c52dd52d74ded,0.082,,,
1265,2026-05-21,SH688082,0.26634031534194946,EXP_XGBModel_Alpha158_csi300_custom_step0_s_20260521_15,252cb05fd4154305949c52dd52d74ded,0.082,,,
1266,2026-05-21,SH600919,0.09628904610872269,EXP_XGBModel_Alpha158_csi300_custom_step0_s_20260521_15,252cb05fd4154305949c52dd52d74ded,0.082,,,
1267,2026-05-21,SH600926,0.0010059415362775326,EXP_XGBModel_Alpha158_csi300_custom_step0_s_20260521_15,252cb05fd4154305949c52dd52d74ded,0.082,,,
1268,2026-05-21,SH600930,-0.04032737761735916,EXP_XGBModel_Alpha158_csi300_custom_step0_s_20260521_15,252cb05fd4154305949c52dd52d74ded,0.082,,,
1269,2026-05-21,SH600938,0.0052285878919065,EXP_XGBModel_Alpha158_csi300_custom_step0_s_20260521_15,252cb05fd4154305949c52dd52d74ded,0.082,,,
1270,2026-05-21,SH600941,0.03942428156733513,EXP_XGBModel_Alpha158_csi300_custom_step0_s_20260521_15,252cb05fd4154305949c52dd52d74ded,0.082,,,
1271,2026-05-21,SH600958,-0.13305796682834625,EXP_XGBModel_Alpha158_csi300_custom_step0_s_20260521_15,252cb05fd4154305949c52dd52d74ded,0.082,,,
1272,2026-05-21,SH600989,0.0032705089543014765,EXP_XGBModel_Alpha158_csi300_custom_step0_s_20260521_15,252cb05fd4154305949c52dd52d74ded,0.082,,,
1273,2026-05-21,SH600999,0.01738557405769825,EXP_XGBModel_Alpha158_csi300_custom_step0_s_20260521_15,252cb05fd4154305949c52dd52d74ded,0.082,,,
1274,2026-05-21,SH601006,0.077579066157341,EXP_XGBModel_Alpha158_csi300_custom_step0_s_20260521_15,252cb05fd4154305949c52dd52d74ded,0.082,,,
1275,2026-05-21,SH601009,0.0027790525928139687,EXP_XGBModel_Alpha158_csi300_custom_step0_s_20260521_15,252cb05fd4154305949c52dd52d74ded,0.082,,,
1276,2026-05-21,SH601012,-0.06299520283937454,EXP_XGBModel_Alpha158_csi300_custom_step0_s_20260521_15,252cb05fd4154305949c52dd52d74ded,0.082,,,
1277,2026-05-21,SH601018,0.013197229243814945,EXP_XGBModel_Alpha158_csi300_custom_step0_s_20260521_15,252cb05fd4154305949c52dd52d74ded,0.082,,,
1278,2026-05-21,SH601021,-0.041362132877111435,EXP_XGBModel_Alpha158_csi300_custom_step0_s_20260521_15,252cb05fd4154305949c52dd52d74ded,0.082,,,
1279,2026-05-21,SH601058,-0.040071308612823486,EXP_XGBModel_Alpha158_csi300_custom_step0_s_20260521_15,252cb05fd4154305949c52dd52d74ded,0.082,,,
1280,2026-05-21,SH601059,0.02554386295378208,EXP_XGBModel_Alpha158_csi300_custom_step0_s_20260521_15,252cb05fd4154305949c52dd52d74ded,0.082,,,
1281,2026-05-21,SH601066,-0.03308049961924553,EXP_XGBModel_Alpha158_csi300_custom_step0_s_20260521_15,252cb05fd4154305949c52dd52d74ded,0.082,,,
1282,2026-05-21,SH601077,0.02101759985089302,EXP_XGBModel_Alpha158_csi300_custom_step0_s_20260521_15,252cb05fd4154305949c52dd52d74ded,0.082,,,
1283,2026-05-21,SH601236,-0.0016377365682274103,EXP_XGBModel_Alpha158_csi300_custom_step0_s_20260521_15,252cb05fd4154305949c52dd52d74ded,0.082,,,
1284,2026-05-21,SH601229,-0.015381469391286373,EXP_XGBModel_Alpha158_csi300_custom_step0_s_20260521_15,252cb05fd4154305949c52dd52d74ded,0.082,,,
1285,2026-05-21,SH601225,-0.0018544113263487816,EXP_XGBModel_Alpha158_csi300_custom_step0_s_20260521_15,252cb05fd4154305949c52dd52d74ded,0.082,,,
1286,2026-05-21,SH601211,-0.0035548247396945953,EXP_XGBModel_Alpha158_csi300_custom_step0_s_20260521_15,252cb05fd4154305949c52dd52d74ded,0.082,,,
1287,2026-05-21,SH601186,-0.0031531676650047302,EXP_XGBModel_Alpha158_csi300_custom_step0_s_20260521_15,252cb05fd4154305949c52dd52d74ded,0.082,,,
1288,2026-05-21,SH601169,0.008428419940173626,EXP_XGBModel_Alpha158_csi300_custom_step0_s_20260521_15,252cb05fd4154305949c52dd52d74ded,0.082,,,
1289,2026-05-21,SH600918,0.055122118443250656,EXP_XGBModel_Alpha158_csi300_custom_step0_s_20260521_15,252cb05fd4154305949c52dd52d74ded,0.082,,,
1290,2026-05-21,SH601166,0.012615910731256008,EXP_XGBModel_Alpha158_csi300_custom_step0_s_20260521_15,252cb05fd4154305949c52dd52d74ded,0.082,,,
1291,2026-05-21,SH601136,-0.03401171416044235,EXP_XGBModel_Alpha158_csi300_custom_step0_s_20260521_15,252cb05fd4154305949c52dd52d74ded,0.082,,,
1292,2026-05-21,SH601127,-0.08513765782117844,EXP_XGBModel_Alpha158_csi300_custom_step0_s_20260521_15,252cb05fd4154305949c52dd52d74ded,0.082,,,
1293,2026-05-21,SH601117,0.014675022102892399,EXP_XGBModel_Alpha158_csi300_custom_step0_s_20260521_15,252cb05fd4154305949c52dd52d74ded,0.082,,,
1294,2026-05-21,SH601111,-0.038732074201107025,EXP_XGBModel_Alpha158_csi300_custom_step0_s_20260521_15,252cb05fd4154305949c52dd52d74ded,0.082,,,
1295,2026-05-21,SH601100,-0.0430426262319088,EXP_XGBModel_Alpha158_csi300_custom_step0_s_20260521_15,252cb05fd4154305949c52dd52d74ded,0.082,,,
1296,2026-05-21,SH601088,0.00796876847743988,EXP_XGBModel_Alpha158_csi300_custom_step0_s_20260521_15,252cb05fd4154305949c52dd52d74ded,0.082,,,
1297,2026-05-21,SH601138,-0.06985655426979065,EXP_XGBModel_Alpha158_csi300_custom_step0_s_20260521_15,252cb05fd4154305949c52dd52d74ded,0.082,,,
1298,2026-05-21,SH601238,0.007281554397195578,EXP_XGBModel_Alpha158_csi300_custom_step0_s_20260521_15,252cb05fd4154305949c52dd52d74ded,0.082,,,
1299,2026-05-21,SH600905,0.023810885846614838,EXP_XGBModel_Alpha158_csi300_custom_step0_s_20260521_15,252cb05fd4154305949c52dd52d74ded,0.082,,,
1300,2026-05-21,SH600893,-0.06213397905230522,EXP_XGBModel_Alpha158_csi300_custom_step0_s_20260521_15,252cb05fd4154305949c52dd52d74ded,0.082,,,
1301,2026-05-21,SH600372,-0.053627680987119675,EXP_XGBModel_Alpha158_csi300_custom_step0_s_20260521_15,252cb05fd4154305949c52dd52d74ded,0.082,,,
1302,2026-05-21,SH600377,0.06340336799621582,EXP_XGBModel_Alpha158_csi300_custom_step0_s_20260521_15,252cb05fd4154305949c52dd52d74ded,0.082,,,
1303,2026-05-21,SH600406,-0.04788273572921753,EXP_XGBModel_Alpha158_csi300_custom_step0_s_20260521_15,252cb05fd4154305949c52dd52d74ded,0.082,,,
1304,2026-05-21,SH600415,-0.11822542548179626,EXP_XGBModel_Alpha158_csi300_custom_step0_s_20260521_15,252cb05fd4154305949c52dd52d74ded,0.082,,,
1305,2026-05-21,SH600426,-0.05577132850885391,EXP_XGBModel_Alpha158_csi300_custom_step0_s_20260521_15,252cb05fd4154305949c52dd52d74ded,0.082,,,
1306,2026-05-21,SH600436,-0.035522110760211945,EXP_XGBModel_Alpha158_csi300_custom_step0_s_20260521_15,252cb05fd4154305949c52dd52d74ded,0.082,,,
1307,2026-05-21,SH600438,-0.0809943825006485,EXP_XGBModel_Alpha158_csi300_custom_step0_s_20260521_15,252cb05fd4154305949c52dd52d74ded,0.082,,,
1308,2026-05-21,SH600460,-0.04070943221449852,EXP_XGBModel_Alpha158_csi300_custom_step0_s_20260521_15,252cb05fd4154305949c52dd52d74ded,0.082,,,
1309,2026-05-21,SH600482,-0.0791885256767273,EXP_XGBModel_Alpha158_csi300_custom_step0_s_20260521_15,252cb05fd4154305949c52dd52d74ded,0.082,,,
1310,2026-05-21,SH600489,0.08274514228105545,EXP_XGBModel_Alpha158_csi300_custom_step0_s_20260521_15,252cb05fd4154305949c52dd52d74ded,0.082,,,
1311,2026-05-21,SH600515,-0.006190284620970488,EXP_XGBModel_Alpha158_csi300_custom_step0_s_20260521_15,252cb05fd4154305949c52dd52d74ded,0.082,,,
1312,2026-05-21,SH600519,-0.03050539270043373,EXP_XGBModel_Alpha158_csi300_custom_step0_s_20260521_15,252cb05fd4154305949c52dd52d74ded,0.082,,,
1313,2026-05-21,SH600522,0.004697128664702177,EXP_XGBModel_Alpha158_csi300_custom_step0_s_20260521_15,252cb05fd4154305949c52dd52d74ded,0.082,,,
1314,2026-05-21,SH600547,0.07516792416572571,EXP_XGBModel_Alpha158_csi300_custom_step0_s_20260521_15,252cb05fd4154305949c52dd52d74ded,0.082,,,
1315,2026-05-21,SH600570,-0.05148228630423546,EXP_XGBModel_Alpha158_csi300_custom_step0_s_20260521_15,252cb05fd4154305949c52dd52d74ded,0.082,,,
1316,2026-05-21,SH600584,-0.11882279813289642,EXP_XGBModel_Alpha158_csi300_custom_step0_s_20260521_15,252cb05fd4154305949c52dd52d74ded,0.082,,,
1317,2026-05-21,SH600585,-0.04168977215886116,EXP_XGBModel_Alpha158_csi300_custom_step0_s_20260521_15,252cb05fd4154305949c52dd52d74ded,0.082,,,
1318,2026-05-21,SH600887,0.005690186284482479,EXP_XGBModel_Alpha158_csi300_custom_step0_s_20260521_15,252cb05fd4154305949c52dd52d74ded,0.082,,,
1319,2026-05-21,SH600886,0.0634097084403038,EXP_XGBModel_Alpha158_csi300_custom_step0_s_20260521_15,252cb05fd4154305949c52dd52d74ded,0.082,,,
1320,2026-05-21,SH600875,0.05680672451853752,EXP_XGBModel_Alpha158_csi300_custom_step0_s_20260521_15,252cb05fd4154305949c52dd52d74ded,0.082,,,
1321,2026-05-21,SH600845,-0.06760004162788391,EXP_XGBModel_Alpha158_csi300_custom_step0_s_20260521_15,252cb05fd4154305949c52dd52d74ded,0.082,,,
1322,2026-05-21,SH600809,-0.023122819140553474,EXP_XGBModel_Alpha158_csi300_custom_step0_s_20260521_15,252cb05fd4154305949c52dd52d74ded,0.082,,,
1323,2026-05-21,SH600803,0.013030906207859516,EXP_XGBModel_Alpha158_csi300_custom_step0_s_20260521_15,252cb05fd4154305949c52dd52d74ded,0.082,,,
1324,2026-05-21,SH600900,0.06467059999704361,EXP_XGBModel_Alpha158_csi300_custom_step0_s_20260521_15,252cb05fd4154305949c52dd52d74ded,0.082,,,
1325,2026-05-21,SH600795,0.012216898612678051,EXP_XGBModel_Alpha158_csi300_custom_step0_s_20260521_15,252cb05fd4154305949c52dd52d74ded,0.082,,,
1326,2026-05-21,SH600741,0.02812199853360653,EXP_XGBModel_Alpha158_csi300_custom_step0_s_20260521_15,252cb05fd4154305949c52dd52d74ded,0.082,,,
1327,2026-05-21,SH600690,0.03221815824508667,EXP_XGBModel_Alpha158_csi300_custom_step0_s_20260521_15,252cb05fd4154305949c52dd52d74ded,0.082,,,
1328,2026-05-21,SH600674,-0.0021513327956199646,EXP_XGBModel_Alpha158_csi300_custom_step0_s_20260521_15,252cb05fd4154305949c52dd52d74ded,0.082,,,
1329,2026-05-21,SH600660,-0.026247963309288025,EXP_XGBModel_Alpha158_csi300_custom_step0_s_20260521_15,252cb05fd4154305949c52dd52d74ded,0.082,,,
1330,2026-05-21,SH600600,0.02773190103471279,EXP_XGBModel_Alpha158_csi300_custom_step0_s_20260521_15,252cb05fd4154305949c52dd52d74ded,0.082,,,
1331,2026-05-21,SH600588,-0.044780880212783813,EXP_XGBModel_Alpha158_csi300_custom_step0_s_20260521_15,252cb05fd4154305949c52dd52d74ded,0.082,,,
1332,2026-05-21,SH600760,-0.03953437879681587,EXP_XGBModel_Alpha158_csi300_custom_step0_s_20260521_15,252cb05fd4154305949c52dd52d74ded,0.082,,,
1333,2026-05-21,SH601288,0.02222391776740551,EXP_XGBModel_Alpha158_csi300_custom_step0_s_20260521_15,252cb05fd4154305949c52dd52d74ded,0.082,,,
1334,2026-05-21,SH601298,0.06775723397731781,EXP_XGBModel_Alpha158_csi300_custom_step0_s_20260521_15,252cb05fd4154305949c52dd52d74ded,0.082,,,
1335,2026-05-21,SH601318,-0.026326855644583702,EXP_XGBModel_Alpha158_csi300_custom_step0_s_20260521_15,252cb05fd4154305949c52dd52d74ded,0.082,,,
1336,2026-05-21,SH601898,-0.03061278536915779,EXP_XGBModel_Alpha158_csi300_custom_step0_s_20260521_15,252cb05fd4154305949c52dd52d74ded,0.082,,,
1337,2026-05-21,SH601899,-0.1522417813539505,EXP_XGBModel_Alpha158_csi300_custom_step0_s_20260521_15,252cb05fd4154305949c52dd52d74ded,0.082,,,
1338,2026-05-21,SH601901,0.002026867587119341,EXP_XGBModel_Alpha158_csi300_custom_step0_s_20260521_15,252cb05fd4154305949c52dd52d74ded,0.082,,,
1339,2026-05-21,SH601916,0.05623381584882736,EXP_XGBModel_Alpha158_csi300_custom_step0_s_20260521_15,252cb05fd4154305949c52dd52d74ded,0.082,,,
1340,2026-05-21,SH601919,-0.07372242957353592,EXP_XGBModel_Alpha158_csi300_custom_step0_s_20260521_15,252cb05fd4154305949c52dd52d74ded,0.082,,,
1341,2026-05-21,SH601939,0.050680555403232574,EXP_XGBModel_Alpha158_csi300_custom_step0_s_20260521_15,252cb05fd4154305949c52dd52d74ded,0.082,,,
1342,2026-05-21,SH601985,0.003971738275140524,EXP_XGBModel_Alpha158_csi300_custom_step0_s_20260521_15,252cb05fd4154305949c52dd52d74ded,0.082,,,
1343,2026-05-21,SH601988,0.04855412244796753,EXP_XGBModel_Alpha158_csi300_custom_step0_s_20260521_15,252cb05fd4154305949c52dd52d74ded,0.082,,,
1344,2026-05-21,SH601995,0.09577734023332596,EXP_XGBModel_Alpha158_csi300_custom_step0_s_20260521_15,252cb05fd4154305949c52dd52d74ded,0.082,,,
1345,2026-05-21,SH601998,0.0038753761909902096,EXP_XGBModel_Alpha158_csi300_custom_step0_s_20260521_15,252cb05fd4154305949c52dd52d74ded,0.082,,,
1346,2026-05-21,SH603019,-0.060111626982688904,EXP_XGBModel_Alpha158_csi300_custom_step0_s_20260521_15,252cb05fd4154305949c52dd52d74ded,0.082,,,
1347,2026-05-21,SH603195,-0.024699129164218903,EXP_XGBModel_Alpha158_csi300_custom_step0_s_20260521_15,252cb05fd4154305949c52dd52d74ded,0.082,,,
1348,2026-05-21,SH603259,-0.012861974537372589,EXP_XGBModel_Alpha158_csi300_custom_step0_s_20260521_15,252cb05fd4154305949c52dd52d74ded,0.082,,,
1349,2026-05-21,SH603260,-0.0819871574640274,EXP_XGBModel_Alpha158_csi300_custom_step0_s_20260521_15,252cb05fd4154305949c52dd52d74ded,0.082,,,
1350,2026-05-21,SH603288,-0.03337328881025314,EXP_XGBModel_Alpha158_csi300_custom_step0_s_20260521_15,252cb05fd4154305949c52dd52d74ded,0.082,,,
1351,2026-05-21,SH603296,-0.02295658364892006,EXP_XGBModel_Alpha158_csi300_custom_step0_s_20260521_15,252cb05fd4154305949c52dd52d74ded,0.082,,,
1352,2026-05-21,SH603369,-0.014090541750192642,EXP_XGBModel_Alpha158_csi300_custom_step0_s_20260521_15,252cb05fd4154305949c52dd52d74ded,0.082,,,
1353,2026-05-21,SH688047,-0.010923604480922222,EXP_XGBModel_Alpha158_csi300_custom_step0_s_20260521_15,252cb05fd4154305949c52dd52d74ded,0.082,,,
1354,2026-05-21,SH688041,0.33097004890441895,EXP_XGBModel_Alpha158_csi300_custom_step0_s_20260521_15,252cb05fd4154305949c52dd52d74ded,0.082,,,
1355,2026-05-21,SH688036,-0.04418130964040756,EXP_XGBModel_Alpha158_csi300_custom_step0_s_20260521_15,252cb05fd4154305949c52dd52d74ded,0.082,,,
1356,2026-05-21,SH688012,-0.13550883531570435,EXP_XGBModel_Alpha158_csi300_custom_step0_s_20260521_15,252cb05fd4154305949c52dd52d74ded,0.082,,,
1357,2026-05-21,SH688009,-0.00480559142306447,EXP_XGBModel_Alpha158_csi300_custom_step0_s_20260521_15,252cb05fd4154305949c52dd52d74ded,0.082,,,
1358,2026-05-21,SH688008,0.08874503523111343,EXP_XGBModel_Alpha158_csi300_custom_step0_s_20260521_15,252cb05fd4154305949c52dd52d74ded,0.082,,,
1359,2026-05-21,SH601888,0.013239064253866673,EXP_XGBModel_Alpha158_csi300_custom_step0_s_20260521_15,252cb05fd4154305949c52dd52d74ded,0.082,,,
1360,2026-05-21,SH605499,-0.003992424346506596,EXP_XGBModel_Alpha158_csi300_custom_step0_s_20260521_15,252cb05fd4154305949c52dd52d74ded,0.082,,,
1361,2026-05-21,SH603993,-0.10470809787511826,EXP_XGBModel_Alpha158_csi300_custom_step0_s_20260521_15,252cb05fd4154305949c52dd52d74ded,0.082,,,
1362,2026-05-21,SH603986,-0.3631333112716675,EXP_XGBModel_Alpha158_csi300_custom_step0_s_20260521_15,252cb05fd4154305949c52dd52d74ded,0.082,,,
1363,2026-05-21,SH603893,0.011224891990423203,EXP_XGBModel_Alpha158_csi300_custom_step0_s_20260521_15,252cb05fd4154305949c52dd52d74ded,0.082,,,
1364,2026-05-21,SH603799,-0.06798308342695236,EXP_XGBModel_Alpha158_csi300_custom_step0_s_20260521_15,252cb05fd4154305949c52dd52d74ded,0.082,,,
1365,2026-05-21,SH603501,-0.055482588708400726,EXP_XGBModel_Alpha158_csi300_custom_step0_s_20260521_15,252cb05fd4154305949c52dd52d74ded,0.082,,,
1366,2026-05-21,SH603392,-0.04875558614730835,EXP_XGBModel_Alpha158_csi300_custom_step0_s_20260521_15,252cb05fd4154305949c52dd52d74ded,0.082,,,
1367,2026-05-21,SH605117,-0.11045844107866287,EXP_XGBModel_Alpha158_csi300_custom_step0_s_20260521_15,252cb05fd4154305949c52dd52d74ded,0.082,,,
1368,2026-05-21,SH601881,0.09194020181894302,EXP_XGBModel_Alpha158_csi300_custom_step0_s_20260521_15,252cb05fd4154305949c52dd52d74ded,0.082,,,
1369,2026-05-21,SH601878,-0.014878876507282257,EXP_XGBModel_Alpha158_csi300_custom_step0_s_20260521_15,252cb05fd4154305949c52dd52d74ded,0.082,,,
1370,2026-05-21,SH601877,-0.06106095761060715,EXP_XGBModel_Alpha158_csi300_custom_step0_s_20260521_15,252cb05fd4154305949c52dd52d74ded,0.082,,,
1371,2026-05-21,SH601633,-0.038101229816675186,EXP_XGBModel_Alpha158_csi300_custom_step0_s_20260521_15,252cb05fd4154305949c52dd52d74ded,0.082,,,
1372,2026-05-21,SH601628,-0.021478088572621346,EXP_XGBModel_Alpha158_csi300_custom_step0_s_20260521_15,252cb05fd4154305949c52dd52d74ded,0.082,,,
1373,2026-05-21,SH601618,0.0144632738083601,EXP_XGBModel_Alpha158_csi300_custom_step0_s_20260521_15,252cb05fd4154305949c52dd52d74ded,0.082,,,
1374,2026-05-21,SH601607,0.03459010645747185,EXP_XGBModel_Alpha158_csi300_custom_step0_s_20260521_15,252cb05fd4154305949c52dd52d74ded,0.082,,,
1375,2026-05-21,SH601601,-0.026505300775170326,EXP_XGBModel_Alpha158_csi300_custom_step0_s_20260521_15,252cb05fd4154305949c52dd52d74ded,0.082,,,
1376,2026-05-21,SH601600,-0.04368069767951965,EXP_XGBModel_Alpha158_csi300_custom_step0_s_20260521_15,252cb05fd4154305949c52dd52d74ded,0.082,,,
1377,2026-05-21,SH601658,0.02178437076508999,EXP_XGBModel_Alpha158_csi300_custom_step0_s_20260521_15,252cb05fd4154305949c52dd52d74ded,0.082,,,
1378,2026-05-21,SH601456,0.01119138766080141,EXP_XGBModel_Alpha158_csi300_custom_step0_s_20260521_15,252cb05fd4154305949c52dd52d74ded,0.082,,,
1379,2026-05-21,SH601390,-0.012294278480112553,EXP_XGBModel_Alpha158_csi300_custom_step0_s_20260521_15,252cb05fd4154305949c52dd52d74ded,0.082,,,
1380,2026-05-21,SH601377,-0.04088955000042915,EXP_XGBModel_Alpha158_csi300_custom_step0_s_20260521_15,252cb05fd4154305949c52dd52d74ded,0.082,,,
1381,2026-05-21,SH601360,-0.045082952827215195,EXP_XGBModel_Alpha158_csi300_custom_step0_s_20260521_15,252cb05fd4154305949c52dd52d74ded,0.082,,,
1382,2026-05-21,SH601336,-0.040261492133140564,EXP_XGBModel_Alpha158_csi300_custom_step0_s_20260521_15,252cb05fd4154305949c52dd52d74ded,0.082,,,
1383,2026-05-21,SH601328,0.023488717153668404,EXP_XGBModel_Alpha158_csi300_custom_step0_s_20260521_15,252cb05fd4154305949c52dd52d74ded,0.082,,,
1384,2026-05-21,SH601319,-0.012357558123767376,EXP_XGBModel_Alpha158_csi300_custom_step0_s_20260521_15,252cb05fd4154305949c52dd52d74ded,0.082,,,
1385,2026-05-21,SH601398,0.04391034319996834,EXP_XGBModel_Alpha158_csi300_custom_step0_s_20260521_15,252cb05fd4154305949c52dd52d74ded,0.082,,,
1386,2026-05-21,SH600039,0.02449479140341282,EXP_XGBModel_Alpha158_csi300_custom_step0_s_20260521_15,a0e1a77afeeb4395ab3bcdfdece5e991,0.074,,,
1387,2026-05-21,SH601668,0.019743749871850014,EXP_XGBModel_Alpha158_csi300_custom_step0_s_20260521_15,252cb05fd4154305949c52dd52d74ded,0.082,,,
1388,2026-05-21,SH601688,-0.0566134974360466,EXP_XGBModel_Alpha158_csi300_custom_step0_s_20260521_15,252cb05fd4154305949c52dd52d74ded,0.082,,,
1389,2026-05-21,SH601872,-0.08529102802276611,EXP_XGBModel_Alpha158_csi300_custom_step0_s_20260521_15,252cb05fd4154305949c52dd52d74ded,0.082,,,
1390,2026-05-21,SH601868,-0.018833858892321587,EXP_XGBModel_Alpha158_csi300_custom_step0_s_20260521_15,252cb05fd4154305949c52dd52d74ded,0.082,,,
1391,2026-05-21,SH601857,-0.011834891512989998,EXP_XGBModel_Alpha158_csi300_custom_step0_s_20260521_15,252cb05fd4154305949c52dd52d74ded,0.082,,,
1392,2026-05-21,SH601838,0.013459421694278717,EXP_XGBModel_Alpha158_csi300_custom_step0_s_20260521_15,252cb05fd4154305949c52dd52d74ded,0.082,,,
1393,2026-05-21,SH601825,0.03398043289780617,EXP_XGBModel_Alpha158_csi300_custom_step0_s_20260521_15,252cb05fd4154305949c52dd52d74ded,0.082,,,
1394,2026-05-21,SH601818,0.029352588579058647,EXP_XGBModel_Alpha158_csi300_custom_step0_s_20260521_15,252cb05fd4154305949c52dd52d74ded,0.082,,,
1395,2026-05-21,SH601669,-0.045892614871263504,EXP_XGBModel_Alpha158_csi300_custom_step0_s_20260521_15,252cb05fd4154305949c52dd52d74ded,0.082,,,
1396,2026-05-21,SH601816,-0.04258309677243233,EXP_XGBModel_Alpha158_csi300_custom_step0_s_20260521_15,252cb05fd4154305949c52dd52d74ded,0.082,,,
1397,2026-05-21,SH601800,-0.017787301912903786,EXP_XGBModel_Alpha158_csi300_custom_step0_s_20260521_15,252cb05fd4154305949c52dd52d74ded,0.082,,,
1398,2026-05-21,SH601788,-0.05522531643509865,EXP_XGBModel_Alpha158_csi300_custom_step0_s_20260521_15,252cb05fd4154305949c52dd52d74ded,0.082,,,
1399,2026-05-21,SH601766,-0.0034367588814347982,EXP_XGBModel_Alpha158_csi300_custom_step0_s_20260521_15,252cb05fd4154305949c52dd52d74ded,0.082,,,
1400,2026-05-21,SH601728,-0.026746034622192383,EXP_XGBModel_Alpha158_csi300_custom_step0_s_20260521_15,252cb05fd4154305949c52dd52d74ded,0.082,,,
1401,2026-05-21,SH601698,-0.09693939238786697,EXP_XGBModel_Alpha158_csi300_custom_step0_s_20260521_15,252cb05fd4154305949c52dd52d74ded,0.082,,,
1402,2026-05-21,SH601689,-0.017748424783349037,EXP_XGBModel_Alpha158_csi300_custom_step0_s_20260521_15,252cb05fd4154305949c52dd52d74ded,0.082,,,
1403,2026-05-21,SH601808,0.10762837529182434,EXP_XGBModel_Alpha158_csi300_custom_step0_s_20260521_15,252cb05fd4154305949c52dd52d74ded,0.082,,,
1404,2026-05-21,SH600362,-0.12163562327623367,EXP_XGBModel_Alpha158_csi300_custom_step0_s_20260521_15,252cb05fd4154305949c52dd52d74ded,0.082,,,
1405,2026-05-21,SH600048,-0.004841714631766081,EXP_XGBModel_Alpha158_csi300_custom_step0_s_20260521_15,a0e1a77afeeb4395ab3bcdfdece5e991,0.074,,,
1406,2026-05-21,SH600061,0.05044404789805412,EXP_XGBModel_Alpha158_csi300_custom_step0_s_20260521_15,a0e1a77afeeb4395ab3bcdfdece5e991,0.074,,,
1407,2026-05-21,SZ000333,0.010543398559093475,EXP_XGBModel_Alpha158_csi300_custom_step0_s_20260521_15,a0e1a77afeeb4395ab3bcdfdece5e991,0.074,,,
1408,2026-05-21,SZ000338,0.17205914855003357,EXP_XGBModel_Alpha158_csi300_custom_step0_s_20260521_15,a0e1a77afeeb4395ab3bcdfdece5e991,0.074,,,
1409,2026-05-21,SZ000408,-0.07498005032539368,EXP_XGBModel_Alpha158_csi300_custom_step0_s_20260521_15,a0e1a77afeeb4395ab3bcdfdece5e991,0.074,,,
1410,2026-05-21,SZ000425,0.030276652425527573,EXP_XGBModel_Alpha158_csi300_custom_step0_s_20260521_15,a0e1a77afeeb4395ab3bcdfdece5e991,0.074,,,
1411,2026-05-21,SZ000538,-0.05219608172774315,EXP_XGBModel_Alpha158_csi300_custom_step0_s_20260521_15,a0e1a77afeeb4395ab3bcdfdece5e991,0.074,,,
1412,2026-05-21,SZ000568,-0.035318367183208466,EXP_XGBModel_Alpha158_csi300_custom_step0_s_20260521_15,a0e1a77afeeb4395ab3bcdfdece5e991,0.074,,,
1413,2026-05-21,SZ000596,-0.002193230204284191,EXP_XGBModel_Alpha158_csi300_custom_step0_s_20260521_15,a0e1a77afeeb4395ab3bcdfdece5e991,0.074,,,
1414,2026-05-21,SZ000617,0.03752234950661659,EXP_XGBModel_Alpha158_csi300_custom_step0_s_20260521_15,a0e1a77afeeb4395ab3bcdfdece5e991,0.074,,,
1415,2026-05-21,SZ000625,0.3120500445365906,EXP_XGBModel_Alpha158_csi300_custom_step0_s_20260521_15,a0e1a77afeeb4395ab3bcdfdece5e991,0.074,,,
1416,2026-05-21,SZ000630,0.1121092438697815,EXP_XGBModel_Alpha158_csi300_custom_step0_s_20260521_15,a0e1a77afeeb4395ab3bcdfdece5e991,0.074,,,
1417,2026-05-21,SZ000651,-0.015286345034837723,EXP_XGBModel_Alpha158_csi300_custom_step0_s_20260521_15,a0e1a77afeeb4395ab3bcdfdece5e991,0.074,,,
1418,2026-05-21,SZ000661,-0.031938694417476654,EXP_XGBModel_Alpha158_csi300_custom_step0_s_20260521_15,a0e1a77afeeb4395ab3bcdfdece5e991,0.074,,,
1419,2026-05-21,SZ000708,-0.06529293954372406,EXP_XGBModel_Alpha158_csi300_custom_step0_s_20260521_15,a0e1a77afeeb4395ab3bcdfdece5e991,0.074,,,
1420,2026-05-21,SZ000725,0.24363388121128082,EXP_XGBModel_Alpha158_csi300_custom_step0_s_20260521_15,a0e1a77afeeb4395ab3bcdfdece5e991,0.074,,,
1421,2026-05-21,SZ000768,-0.0903390571475029,EXP_XGBModel_Alpha158_csi300_custom_step0_s_20260521_15,a0e1a77afeeb4395ab3bcdfdece5e991,0.074,,,
1422,2026-05-21,SZ000776,-0.025954093784093857,EXP_XGBModel_Alpha158_csi300_custom_step0_s_20260521_15,a0e1a77afeeb4395ab3bcdfdece5e991,0.074,,,
1423,2026-05-21,SZ000786,0.0018134427955374122,EXP_XGBModel_Alpha158_csi300_custom_step0_s_20260521_15,a0e1a77afeeb4395ab3bcdfdece5e991,0.074,,,
1424,2026-05-21,SZ001979,-0.016788452863693237,EXP_XGBModel_Alpha158_csi300_custom_step0_s_20260521_15,a0e1a77afeeb4395ab3bcdfdece5e991,0.074,,,
1425,2026-05-21,SZ001965,0.015703894197940826,EXP_XGBModel_Alpha158_csi300_custom_step0_s_20260521_15,a0e1a77afeeb4395ab3bcdfdece5e991,0.074,,,
1426,2026-05-21,SZ001391,-0.028000254184007645,EXP_XGBModel_Alpha158_csi300_custom_step0_s_20260521_15,a0e1a77afeeb4395ab3bcdfdece5e991,0.074,,,
1427,2026-05-21,SZ000999,-0.030223025009036064,EXP_XGBModel_Alpha158_csi300_custom_step0_s_20260521_15,a0e1a77afeeb4395ab3bcdfdece5e991,0.074,,,
1428,2026-05-21,SZ000983,-0.005441560409963131,EXP_XGBModel_Alpha158_csi300_custom_step0_s_20260521_15,a0e1a77afeeb4395ab3bcdfdece5e991,0.074,,,
1429,2026-05-21,SZ000977,-0.12934477627277374,EXP_XGBModel_Alpha158_csi300_custom_step0_s_20260521_15,a0e1a77afeeb4395ab3bcdfdece5e991,0.074,,,
1430,2026-05-21,SZ000301,0.013562701642513275,EXP_XGBModel_Alpha158_csi300_custom_step0_s_20260521_15,a0e1a77afeeb4395ab3bcdfdece5e991,0.074,,,
1431,2026-05-21,SZ000975,0.16420720517635345,EXP_XGBModel_Alpha158_csi300_custom_step0_s_20260521_15,a0e1a77afeeb4395ab3bcdfdece5e991,0.074,,,
1432,2026-05-21,SZ000938,-0.24229605495929718,EXP_XGBModel_Alpha158_csi300_custom_step0_s_20260521_15,a0e1a77afeeb4395ab3bcdfdece5e991,0.074,,,
1433,2026-05-21,SZ000895,-0.0209044236689806,EXP_XGBModel_Alpha158_csi300_custom_step0_s_20260521_15,a0e1a77afeeb4395ab3bcdfdece5e991,0.074,,,
1434,2026-05-21,SZ000876,-0.04023118317127228,EXP_XGBModel_Alpha158_csi300_custom_step0_s_20260521_15,a0e1a77afeeb4395ab3bcdfdece5e991,0.074,,,
1435,2026-05-21,SZ000858,0.11330963671207428,EXP_XGBModel_Alpha158_csi300_custom_step0_s_20260521_15,a0e1a77afeeb4395ab3bcdfdece5e991,0.074,,,
1436,2026-05-21,SZ000807,0.31960853934288025,EXP_XGBModel_Alpha158_csi300_custom_step0_s_20260521_15,a0e1a77afeeb4395ab3bcdfdece5e991,0.074,,,
1437,2026-05-21,SZ000792,0.0728832557797432,EXP_XGBModel_Alpha158_csi300_custom_step0_s_20260521_15,a0e1a77afeeb4395ab3bcdfdece5e991,0.074,,,
1438,2026-05-21,SZ000963,-0.03575970232486725,EXP_XGBModel_Alpha158_csi300_custom_step0_s_20260521_15,a0e1a77afeeb4395ab3bcdfdece5e991,0.074,,,
1439,2026-05-21,SZ002001,0.09434585273265839,EXP_XGBModel_Alpha158_csi300_custom_step0_s_20260521_15,a0e1a77afeeb4395ab3bcdfdece5e991,0.074,,,
1440,2026-05-21,SZ000166,0.05103427544236183,EXP_XGBModel_Alpha158_csi300_custom_step0_s_20260521_15,a0e1a77afeeb4395ab3bcdfdece5e991,0.074,,,
1441,2026-05-21,SZ000100,-0.16742359101772308,EXP_XGBModel_Alpha158_csi300_custom_step0_s_20260521_15,a0e1a77afeeb4395ab3bcdfdece5e991,0.074,,,
1442,2026-05-21,SH603369,0.02914922870695591,EXP_XGBModel_Alpha158_csi300_custom_step0_s_20260521_15,a0e1a77afeeb4395ab3bcdfdece5e991,0.074,,,
1443,2026-05-21,SH603392,0.09811133146286011,EXP_XGBModel_Alpha158_csi300_custom_step0_s_20260521_15,a0e1a77afeeb4395ab3bcdfdece5e991,0.074,,,
1444,2026-05-21,SH603501,-0.13797008991241455,EXP_XGBModel_Alpha158_csi300_custom_step0_s_20260521_15,a0e1a77afeeb4395ab3bcdfdece5e991,0.074,,,
1445,2026-05-21,SH603799,0.15707796812057495,EXP_XGBModel_Alpha158_csi300_custom_step0_s_20260521_15,a0e1a77afeeb4395ab3bcdfdece5e991,0.074,,,
1446,2026-05-21,SH603893,-0.25908565521240234,EXP_XGBModel_Alpha158_csi300_custom_step0_s_20260521_15,a0e1a77afeeb4395ab3bcdfdece5e991,0.074,,,
1447,2026-05-21,SH603986,-0.9394178986549377,EXP_XGBModel_Alpha158_csi300_custom_step0_s_20260521_15,a0e1a77afeeb4395ab3bcdfdece5e991,0.074,,,
1448,2026-05-21,SH603993,0.05795258656144142,EXP_XGBModel_Alpha158_csi300_custom_step0_s_20260521_15,a0e1a77afeeb4395ab3bcdfdece5e991,0.074,,,
1449,2026-05-21,SH605117,0.15688198804855347,EXP_XGBModel_Alpha158_csi300_custom_step0_s_20260521_15,a0e1a77afeeb4395ab3bcdfdece5e991,0.074,,,
1450,2026-05-21,SH605499,0.06094975396990776,EXP_XGBModel_Alpha158_csi300_custom_step0_s_20260521_15,a0e1a77afeeb4395ab3bcdfdece5e991,0.074,,,
1451,2026-05-21,SH688008,-0.6329293251037598,EXP_XGBModel_Alpha158_csi300_custom_step0_s_20260521_15,a0e1a77afeeb4395ab3bcdfdece5e991,0.074,,,
1452,2026-05-21,SH688009,-0.06108776479959488,EXP_XGBModel_Alpha158_csi300_custom_step0_s_20260521_15,a0e1a77afeeb4395ab3bcdfdece5e991,0.074,,,
1453,2026-05-21,SH688012,-0.6809329390525818,EXP_XGBModel_Alpha158_csi300_custom_step0_s_20260521_15,a0e1a77afeeb4395ab3bcdfdece5e991,0.074,,,
1454,2026-05-21,SH688036,0.06477175652980804,EXP_XGBModel_Alpha158_csi300_custom_step0_s_20260521_15,a0e1a77afeeb4395ab3bcdfdece5e991,0.074,,,
1455,2026-05-21,SH688041,-0.018961193040013313,EXP_XGBModel_Alpha158_csi300_custom_step0_s_20260521_15,a0e1a77afeeb4395ab3bcdfdece5e991,0.074,,,
1456,2026-05-21,SH688047,-0.016597773879766464,EXP_XGBModel_Alpha158_csi300_custom_step0_s_20260521_15,a0e1a77afeeb4395ab3bcdfdece5e991,0.074,,,
1457,2026-05-21,SH688082,-0.33321434259414673,EXP_XGBModel_Alpha158_csi300_custom_step0_s_20260521_15,a0e1a77afeeb4395ab3bcdfdece5e991,0.074,,,
1458,2026-05-21,SH688111,0.2499493509531021,EXP_XGBModel_Alpha158_csi300_custom_step0_s_20260521_15,a0e1a77afeeb4395ab3bcdfdece5e991,0.074,,,
1459,2026-05-21,SZ000063,-0.006605084519833326,EXP_XGBModel_Alpha158_csi300_custom_step0_s_20260521_15,a0e1a77afeeb4395ab3bcdfdece5e991,0.074,,,
1460,2026-05-21,SZ000002,0.22917814552783966,EXP_XGBModel_Alpha158_csi300_custom_step0_s_20260521_15,a0e1a77afeeb4395ab3bcdfdece5e991,0.074,,,
1461,2026-05-21,SZ000001,-0.05147216469049454,EXP_XGBModel_Alpha158_csi300_custom_step0_s_20260521_15,a0e1a77afeeb4395ab3bcdfdece5e991,0.074,,,
1462,2026-05-21,SH688981,-0.7506771087646484,EXP_XGBModel_Alpha158_csi300_custom_step0_s_20260521_15,a0e1a77afeeb4395ab3bcdfdece5e991,0.074,,,
1463,2026-05-21,SH688506,0.14783208072185516,EXP_XGBModel_Alpha158_csi300_custom_step0_s_20260521_15,a0e1a77afeeb4395ab3bcdfdece5e991,0.074,,,
1464,2026-05-21,SH688472,-0.10426109284162521,EXP_XGBModel_Alpha158_csi300_custom_step0_s_20260521_15,a0e1a77afeeb4395ab3bcdfdece5e991,0.074,,,
1465,2026-05-21,SZ000157,0.433727890253067,EXP_XGBModel_Alpha158_csi300_custom_step0_s_20260521_15,a0e1a77afeeb4395ab3bcdfdece5e991,0.074,,,
1466,2026-05-21,SH688396,0.1378762125968933,EXP_XGBModel_Alpha158_csi300_custom_step0_s_20260521_15,a0e1a77afeeb4395ab3bcdfdece5e991,0.074,,,
1467,2026-05-21,SH688271,-0.4208754003047943,EXP_XGBModel_Alpha158_csi300_custom_step0_s_20260521_15,a0e1a77afeeb4395ab3bcdfdece5e991,0.074,,,
1468,2026-05-21,SH688256,-0.1604212373495102,EXP_XGBModel_Alpha158_csi300_custom_step0_s_20260521_15,a0e1a77afeeb4395ab3bcdfdece5e991,0.074,,,
1469,2026-05-21,SH688223,0.04176447540521622,EXP_XGBModel_Alpha158_csi300_custom_step0_s_20260521_15,a0e1a77afeeb4395ab3bcdfdece5e991,0.074,,,
1470,2026-05-21,SH688187,-0.17788413166999817,EXP_XGBModel_Alpha158_csi300_custom_step0_s_20260521_15,a0e1a77afeeb4395ab3bcdfdece5e991,0.074,,,
1471,2026-05-21,SH688169,0.2263738512992859,EXP_XGBModel_Alpha158_csi300_custom_step0_s_20260521_15,a0e1a77afeeb4395ab3bcdfdece5e991,0.074,,,
1472,2026-05-21,SH688126,-0.9917051792144775,EXP_XGBModel_Alpha158_csi300_custom_step0_s_20260521_15,a0e1a77afeeb4395ab3bcdfdece5e991,0.074,,,
1473,2026-05-21,SH688303,0.16330058872699738,EXP_XGBModel_Alpha158_csi300_custom_step0_s_20260521_15,a0e1a77afeeb4395ab3bcdfdece5e991,0.074,,,
1474,2026-05-21,SH603296,-0.09663637727499008,EXP_XGBModel_Alpha158_csi300_custom_step0_s_20260521_15,a0e1a77afeeb4395ab3bcdfdece5e991,0.074,,,
1475,2026-05-21,SZ002027,-0.009179342538118362,EXP_XGBModel_Alpha158_csi300_custom_step0_s_20260521_15,a0e1a77afeeb4395ab3bcdfdece5e991,0.074,,,
1476,2026-05-21,SZ002049,-0.07379286736249924,EXP_XGBModel_Alpha158_csi300_custom_step0_s_20260521_15,a0e1a77afeeb4395ab3bcdfdece5e991,0.074,,,
1477,2026-05-21,SZ300033,-0.02205377258360386,EXP_XGBModel_Alpha158_csi300_custom_step0_s_20260521_15,a0e1a77afeeb4395ab3bcdfdece5e991,0.074,,,
1478,2026-05-21,SZ300059,0.06573651731014252,EXP_XGBModel_Alpha158_csi300_custom_step0_s_20260521_15,a0e1a77afeeb4395ab3bcdfdece5e991,0.074,,,
1479,2026-05-21,SZ300122,0.04796682670712471,EXP_XGBModel_Alpha158_csi300_custom_step0_s_20260521_15,a0e1a77afeeb4395ab3bcdfdece5e991,0.074,,,
1480,2026-05-21,SZ300124,-0.0625348836183548,EXP_XGBModel_Alpha158_csi300_custom_step0_s_20260521_15,a0e1a77afeeb4395ab3bcdfdece5e991,0.074,,,
1481,2026-05-21,SZ300251,0.09133604168891907,EXP_XGBModel_Alpha158_csi300_custom_step0_s_20260521_15,a0e1a77afeeb4395ab3bcdfdece5e991,0.074,,,
1482,2026-05-21,SZ300274,0.3426569402217865,EXP_XGBModel_Alpha158_csi300_custom_step0_s_20260521_15,a0e1a77afeeb4395ab3bcdfdece5e991,0.074,,,
1483,2026-05-21,SZ300308,-0.3242643177509308,EXP_XGBModel_Alpha158_csi300_custom_step0_s_20260521_15,a0e1a77afeeb4395ab3bcdfdece5e991,0.074,,,
1484,2026-05-21,SZ300316,-0.2784438729286194,EXP_XGBModel_Alpha158_csi300_custom_step0_s_20260521_15,a0e1a77afeeb4395ab3bcdfdece5e991,0.074,,,
1485,2026-05-21,SZ300347,0.3659683167934418,EXP_XGBModel_Alpha158_csi300_custom_step0_s_20260521_15,a0e1a77afeeb4395ab3bcdfdece5e991,0.074,,,
1486,2026-05-21,SZ300394,-0.033499594777822495,EXP_XGBModel_Alpha158_csi300_custom_step0_s_20260521_15,a0e1a77afeeb4395ab3bcdfdece5e991,0.074,,,
1487,2026-05-21,SZ300408,-0.008652586489915848,EXP_XGBModel_Alpha158_csi300_custom_step0_s_20260521_15,a0e1a77afeeb4395ab3bcdfdece5e991,0.074,,,
1488,2026-05-21,SZ300413,0.14997141063213348,EXP_XGBModel_Alpha158_csi300_custom_step0_s_20260521_15,a0e1a77afeeb4395ab3bcdfdece5e991,0.074,,,
1489,2026-05-21,SZ300418,0.20642180740833282,EXP_XGBModel_Alpha158_csi300_custom_step0_s_20260521_15,a0e1a77afeeb4395ab3bcdfdece5e991,0.074,,,
1490,2026-05-21,SZ300433,0.1246139407157898,EXP_XGBModel_Alpha158_csi300_custom_step0_s_20260521_15,a0e1a77afeeb4395ab3bcdfdece5e991,0.074,,,
1491,2026-05-21,SZ300442,0.21341243386268616,EXP_XGBModel_Alpha158_csi300_custom_step0_s_20260521_15,a0e1a77afeeb4395ab3bcdfdece5e991,0.074,,,
1492,2026-05-21,SZ300476,-0.07275854051113129,EXP_XGBModel_Alpha158_csi300_custom_step0_s_20260521_15,a0e1a77afeeb4395ab3bcdfdece5e991,0.074,,,
1493,2026-05-21,SZ300498,-0.004313517827540636,EXP_XGBModel_Alpha158_csi300_custom_step0_s_20260521_15,a0e1a77afeeb4395ab3bcdfdece5e991,0.074,,,
1494,2026-05-21,SZ301236,0.024110695347189903,EXP_XGBModel_Alpha158_csi300_custom_step0_s_20260521_15,a0e1a77afeeb4395ab3bcdfdece5e991,0.074,,,
1495,2026-05-21,SZ300999,0.0027715875767171383,EXP_XGBModel_Alpha158_csi300_custom_step0_s_20260521_15,a0e1a77afeeb4395ab3bcdfdece5e991,0.074,,,
1496,2026-05-21,SZ300979,-0.04151490330696106,EXP_XGBModel_Alpha158_csi300_custom_step0_s_20260521_15,a0e1a77afeeb4395ab3bcdfdece5e991,0.074,,,
1497,2026-05-21,SZ300896,0.16386261582374573,EXP_XGBModel_Alpha158_csi300_custom_step0_s_20260521_15,a0e1a77afeeb4395ab3bcdfdece5e991,0.074,,,
1498,2026-05-21,SZ300866,0.024165665730834007,EXP_XGBModel_Alpha158_csi300_custom_step0_s_20260521_15,a0e1a77afeeb4395ab3bcdfdece5e991,0.074,,,
1499,2026-05-21,SZ300832,0.03942190855741501,EXP_XGBModel_Alpha158_csi300_custom_step0_s_20260521_15,a0e1a77afeeb4395ab3bcdfdece5e991,0.074,,,
1500,2026-05-21,SZ300015,-0.031054161489009857,EXP_XGBModel_Alpha158_csi300_custom_step0_s_20260521_15,a0e1a77afeeb4395ab3bcdfdece5e991,0.074,,,
1501,2026-05-21,SZ300803,0.03463666886091232,EXP_XGBModel_Alpha158_csi300_custom_step0_s_20260521_15,a0e1a77afeeb4395ab3bcdfdece5e991,0.074,,,
1502,2026-05-21,SZ300760,0.20848551392555237,EXP_XGBModel_Alpha158_csi300_custom_step0_s_20260521_15,a0e1a77afeeb4395ab3bcdfdece5e991,0.074,,,
1503,2026-05-21,SZ300759,-0.031578000634908676,EXP_XGBModel_Alpha158_csi300_custom_step0_s_20260521_15,a0e1a77afeeb4395ab3bcdfdece5e991,0.074,,,
1504,2026-05-21,SZ300750,0.05384860560297966,EXP_XGBModel_Alpha158_csi300_custom_step0_s_20260521_15,a0e1a77afeeb4395ab3bcdfdece5e991,0.074,,,
1505,2026-05-21,SZ300661,-0.7766010165214539,EXP_XGBModel_Alpha158_csi300_custom_step0_s_20260521_15,a0e1a77afeeb4395ab3bcdfdece5e991,0.074,,,
1506,2026-05-21,SZ300628,-0.05642566829919815,EXP_XGBModel_Alpha158_csi300_custom_step0_s_20260521_15,a0e1a77afeeb4395ab3bcdfdece5e991,0.074,,,
1507,2026-05-21,SZ300502,-0.32043418288230896,EXP_XGBModel_Alpha158_csi300_custom_step0_s_20260521_15,a0e1a77afeeb4395ab3bcdfdece5e991,0.074,,,
1508,2026-05-21,SZ300782,0.24112947285175323,EXP_XGBModel_Alpha158_csi300_custom_step0_s_20260521_15,a0e1a77afeeb4395ab3bcdfdece5e991,0.074,,,
1509,2026-05-21,SZ002028,-0.08156771957874298,EXP_XGBModel_Alpha158_csi300_custom_step0_s_20260521_15,a0e1a77afeeb4395ab3bcdfdece5e991,0.074,,,
1510,2026-05-21,SZ300014,-0.020546002313494682,EXP_XGBModel_Alpha158_csi300_custom_step0_s_20260521_15,a0e1a77afeeb4395ab3bcdfdece5e991,0.074,,,
1511,2026-05-21,SZ002938,0.019468622282147408,EXP_XGBModel_Alpha158_csi300_custom_step0_s_20260521_15,a0e1a77afeeb4395ab3bcdfdece5e991,0.074,,,
1512,2026-05-21,SZ002050,-0.09849863499403,EXP_XGBModel_Alpha158_csi300_custom_step0_s_20260521_15,a0e1a77afeeb4395ab3bcdfdece5e991,0.074,,,
1513,2026-05-21,SZ002074,0.03308376669883728,EXP_XGBModel_Alpha158_csi300_custom_step0_s_20260521_15,a0e1a77afeeb4395ab3bcdfdece5e991,0.074,,,
1514,2026-05-21,SZ002142,-0.008874500170350075,EXP_XGBModel_Alpha158_csi300_custom_step0_s_20260521_15,a0e1a77afeeb4395ab3bcdfdece5e991,0.074,,,
1515,2026-05-21,SZ002179,-0.1824980527162552,EXP_XGBModel_Alpha158_csi300_custom_step0_s_20260521_15,a0e1a77afeeb4395ab3bcdfdece5e991,0.074,,,
1516,2026-05-21,SZ002230,0.1553855538368225,EXP_XGBModel_Alpha158_csi300_custom_step0_s_20260521_15,a0e1a77afeeb4395ab3bcdfdece5e991,0.074,,,
1517,2026-05-21,SZ002236,0.08477480709552765,EXP_XGBModel_Alpha158_csi300_custom_step0_s_20260521_15,a0e1a77afeeb4395ab3bcdfdece5e991,0.074,,,
1518,2026-05-21,SZ002241,0.030040211975574493,EXP_XGBModel_Alpha158_csi300_custom_step0_s_20260521_15,a0e1a77afeeb4395ab3bcdfdece5e991,0.074,,,
1519,2026-05-21,SZ002252,-0.07049571722745895,EXP_XGBModel_Alpha158_csi300_custom_step0_s_20260521_15,a0e1a77afeeb4395ab3bcdfdece5e991,0.074,,,
1520,2026-05-21,SZ002304,-0.06874088943004608,EXP_XGBModel_Alpha158_csi300_custom_step0_s_20260521_15,a0e1a77afeeb4395ab3bcdfdece5e991,0.074,,,
1521,2026-05-21,SZ002311,-0.07948322594165802,EXP_XGBModel_Alpha158_csi300_custom_step0_s_20260521_15,a0e1a77afeeb4395ab3bcdfdece5e991,0.074,,,
1522,2026-05-21,SZ002352,-0.038994889706373215,EXP_XGBModel_Alpha158_csi300_custom_step0_s_20260521_15,a0e1a77afeeb4395ab3bcdfdece5e991,0.074,,,
1523,2026-05-21,SZ002371,-0.41592878103256226,EXP_XGBModel_Alpha158_csi300_custom_step0_s_20260521_15,a0e1a77afeeb4395ab3bcdfdece5e991,0.074,,,
1524,2026-05-21,SZ002384,-0.5574991106987,EXP_XGBModel_Alpha158_csi300_custom_step0_s_20260521_15,a0e1a77afeeb4395ab3bcdfdece5e991,0.074,,,
1525,2026-05-21,SZ002415,-0.012565972283482552,EXP_XGBModel_Alpha158_csi300_custom_step0_s_20260521_15,a0e1a77afeeb4395ab3bcdfdece5e991,0.074,,,
1526,2026-05-21,SZ002422,0.023957861587405205,EXP_XGBModel_Alpha158_csi300_custom_step0_s_20260521_15,a0e1a77afeeb4395ab3bcdfdece5e991,0.074,,,
1527,2026-05-21,SZ002459,0.023261770606040955,EXP_XGBModel_Alpha158_csi300_custom_step0_s_20260521_15,a0e1a77afeeb4395ab3bcdfdece5e991,0.074,,,
1528,2026-05-21,SZ002460,0.21464383602142334,EXP_XGBModel_Alpha158_csi300_custom_step0_s_20260521_15,a0e1a77afeeb4395ab3bcdfdece5e991,0.074,,,
1529,2026-05-21,SZ002920,0.006970853079110384,EXP_XGBModel_Alpha158_csi300_custom_step0_s_20260521_15,a0e1a77afeeb4395ab3bcdfdece5e991,0.074,,,
1530,2026-05-21,SZ002916,0.31290403008461,EXP_XGBModel_Alpha158_csi300_custom_step0_s_20260521_15,a0e1a77afeeb4395ab3bcdfdece5e991,0.074,,,
1531,2026-05-21,SZ002736,-0.02170783467590809,EXP_XGBModel_Alpha158_csi300_custom_step0_s_20260521_15,a0e1a77afeeb4395ab3bcdfdece5e991,0.074,,,
1532,2026-05-21,SZ002714,-0.02357902191579342,EXP_XGBModel_Alpha158_csi300_custom_step0_s_20260521_15,a0e1a77afeeb4395ab3bcdfdece5e991,0.074,,,
1533,2026-05-21,SZ002709,0.5086698532104492,EXP_XGBModel_Alpha158_csi300_custom_step0_s_20260521_15,a0e1a77afeeb4395ab3bcdfdece5e991,0.074,,,
1534,2026-05-21,SZ002648,0.06055406853556633,EXP_XGBModel_Alpha158_csi300_custom_step0_s_20260521_15,a0e1a77afeeb4395ab3bcdfdece5e991,0.074,,,
1535,2026-05-21,SZ003816,0.12841489911079407,EXP_XGBModel_Alpha158_csi300_custom_step0_s_20260521_15,a0e1a77afeeb4395ab3bcdfdece5e991,0.074,,,
1536,2026-05-21,SZ002625,0.002710213651880622,EXP_XGBModel_Alpha158_csi300_custom_step0_s_20260521_15,a0e1a77afeeb4395ab3bcdfdece5e991,0.074,,,
1537,2026-05-21,SZ002600,-0.27531564235687256,EXP_XGBModel_Alpha158_csi300_custom_step0_s_20260521_15,a0e1a77afeeb4395ab3bcdfdece5e991,0.074,,,
1538,2026-05-21,SZ002594,0.10546258091926575,EXP_XGBModel_Alpha158_csi300_custom_step0_s_20260521_15,a0e1a77afeeb4395ab3bcdfdece5e991,0.074,,,
1539,2026-05-21,SZ002493,-0.1531432867050171,EXP_XGBModel_Alpha158_csi300_custom_step0_s_20260521_15,a0e1a77afeeb4395ab3bcdfdece5e991,0.074,,,
1540,2026-05-21,SZ002475,-0.05696877837181091,EXP_XGBModel_Alpha158_csi300_custom_step0_s_20260521_15,a0e1a77afeeb4395ab3bcdfdece5e991,0.074,,,
1541,2026-05-21,SZ002466,0.2865752577781677,EXP_XGBModel_Alpha158_csi300_custom_step0_s_20260521_15,a0e1a77afeeb4395ab3bcdfdece5e991,0.074,,,
1542,2026-05-21,SZ002463,0.32035115361213684,EXP_XGBModel_Alpha158_csi300_custom_step0_s_20260521_15,a0e1a77afeeb4395ab3bcdfdece5e991,0.074,,,
1543,2026-05-21,SZ002601,0.08097150921821594,EXP_XGBModel_Alpha158_csi300_custom_step0_s_20260521_15,a0e1a77afeeb4395ab3bcdfdece5e991,0.074,,,
1544,2026-05-21,SH603288,0.01669502444565296,EXP_XGBModel_Alpha158_csi300_custom_step0_s_20260521_15,a0e1a77afeeb4395ab3bcdfdece5e991,0.074,,,
1545,2026-05-21,SH603260,0.12880274653434753,EXP_XGBModel_Alpha158_csi300_custom_step0_s_20260521_15,a0e1a77afeeb4395ab3bcdfdece5e991,0.074,,,
1546,2026-05-21,SH603259,0.0858457088470459,EXP_XGBModel_Alpha158_csi300_custom_step0_s_20260521_15,a0e1a77afeeb4395ab3bcdfdece5e991,0.074,,,
1547,2026-05-21,SH600585,-0.06784571707248688,EXP_XGBModel_Alpha158_csi300_custom_step0_s_20260521_15,a0e1a77afeeb4395ab3bcdfdece5e991,0.074,,,
1548,2026-05-21,SH600588,0.17277230322360992,EXP_XGBModel_Alpha158_csi300_custom_step0_s_20260521_15,a0e1a77afeeb4395ab3bcdfdece5e991,0.074,,,
1549,2026-05-21,SH600600,-0.02938409335911274,EXP_XGBModel_Alpha158_csi300_custom_step0_s_20260521_15,a0e1a77afeeb4395ab3bcdfdece5e991,0.074,,,
1550,2026-05-21,SH600660,-0.04485143721103668,EXP_XGBModel_Alpha158_csi300_custom_step0_s_20260521_15,a0e1a77afeeb4395ab3bcdfdece5e991,0.074,,,
1551,2026-05-21,SH600674,-0.012988075613975525,EXP_XGBModel_Alpha158_csi300_custom_step0_s_20260521_15,a0e1a77afeeb4395ab3bcdfdece5e991,0.074,,,
1552,2026-05-21,SH600690,-0.0433453768491745,EXP_XGBModel_Alpha158_csi300_custom_step0_s_20260521_15,a0e1a77afeeb4395ab3bcdfdece5e991,0.074,,,
1553,2026-05-21,SH600741,0.2251613438129425,EXP_XGBModel_Alpha158_csi300_custom_step0_s_20260521_15,a0e1a77afeeb4395ab3bcdfdece5e991,0.074,,,
1554,2026-05-21,SH600760,-0.06045597046613693,EXP_XGBModel_Alpha158_csi300_custom_step0_s_20260521_15,a0e1a77afeeb4395ab3bcdfdece5e991,0.074,,,
1555,2026-05-21,SH600795,0.007222803775221109,EXP_XGBModel_Alpha158_csi300_custom_step0_s_20260521_15,a0e1a77afeeb4395ab3bcdfdece5e991,0.074,,,
1556,2026-05-21,SH600803,-0.06179576367139816,EXP_XGBModel_Alpha158_csi300_custom_step0_s_20260521_15,a0e1a77afeeb4395ab3bcdfdece5e991,0.074,,,
1557,2026-05-21,SH600809,0.017319800332188606,EXP_XGBModel_Alpha158_csi300_custom_step0_s_20260521_15,a0e1a77afeeb4395ab3bcdfdece5e991,0.074,,,
1558,2026-05-21,SH600845,0.02617170661687851,EXP_XGBModel_Alpha158_csi300_custom_step0_s_20260521_15,a0e1a77afeeb4395ab3bcdfdece5e991,0.074,,,
1559,2026-05-21,SH600875,0.2237038016319275,EXP_XGBModel_Alpha158_csi300_custom_step0_s_20260521_15,a0e1a77afeeb4395ab3bcdfdece5e991,0.074,,,
1560,2026-05-21,SH600886,-0.00418692035600543,EXP_XGBModel_Alpha158_csi300_custom_step0_s_20260521_15,a0e1a77afeeb4395ab3bcdfdece5e991,0.074,,,
1561,2026-05-21,SH600887,-0.0197049118578434,EXP_XGBModel_Alpha158_csi300_custom_step0_s_20260521_15,a0e1a77afeeb4395ab3bcdfdece5e991,0.074,,,
1562,2026-05-21,SH600893,0.1160823330283165,EXP_XGBModel_Alpha158_csi300_custom_step0_s_20260521_15,a0e1a77afeeb4395ab3bcdfdece5e991,0.074,,,
1563,2026-05-21,SH600900,0.00034307470195926726,EXP_XGBModel_Alpha158_csi300_custom_step0_s_20260521_15,a0e1a77afeeb4395ab3bcdfdece5e991,0.074,,,
1564,2026-05-21,SH601018,0.01109264325350523,EXP_XGBModel_Alpha158_csi300_custom_step0_s_20260521_15,a0e1a77afeeb4395ab3bcdfdece5e991,0.074,,,
1565,2026-05-21,SH601012,-0.0265320036560297,EXP_XGBModel_Alpha158_csi300_custom_step0_s_20260521_15,a0e1a77afeeb4395ab3bcdfdece5e991,0.074,,,
1566,2026-05-21,SH601009,-0.053137704730033875,EXP_XGBModel_Alpha158_csi300_custom_step0_s_20260521_15,a0e1a77afeeb4395ab3bcdfdece5e991,0.074,,,
1567,2026-05-21,SH601006,-0.013895262032747269,EXP_XGBModel_Alpha158_csi300_custom_step0_s_20260521_15,a0e1a77afeeb4395ab3bcdfdece5e991,0.074,,,
1568,2026-05-21,SH600999,-0.16228675842285156,EXP_XGBModel_Alpha158_csi300_custom_step0_s_20260521_15,a0e1a77afeeb4395ab3bcdfdece5e991,0.074,,,
1569,2026-05-21,SH600989,0.056201133877038956,EXP_XGBModel_Alpha158_csi300_custom_step0_s_20260521_15,a0e1a77afeeb4395ab3bcdfdece5e991,0.074,,,
1570,2026-05-21,SH600584,0.21086765825748444,EXP_XGBModel_Alpha158_csi300_custom_step0_s_20260521_15,a0e1a77afeeb4395ab3bcdfdece5e991,0.074,,,
1571,2026-05-21,SH600958,0.08822237700223923,EXP_XGBModel_Alpha158_csi300_custom_step0_s_20260521_15,a0e1a77afeeb4395ab3bcdfdece5e991,0.074,,,
1572,2026-05-21,SH600938,-0.026011303067207336,EXP_XGBModel_Alpha158_csi300_custom_step0_s_20260521_15,a0e1a77afeeb4395ab3bcdfdece5e991,0.074,,,
1573,2026-05-21,SH600930,0.07858914881944656,EXP_XGBModel_Alpha158_csi300_custom_step0_s_20260521_15,a0e1a77afeeb4395ab3bcdfdece5e991,0.074,,,
1574,2026-05-21,SH600926,-0.06344462931156158,EXP_XGBModel_Alpha158_csi300_custom_step0_s_20260521_15,a0e1a77afeeb4395ab3bcdfdece5e991,0.074,,,
1575,2026-05-21,SH600919,0.0024049070198088884,EXP_XGBModel_Alpha158_csi300_custom_step0_s_20260521_15,a0e1a77afeeb4395ab3bcdfdece5e991,0.074,,,
1576,2026-05-21,SH600918,0.022803889587521553,EXP_XGBModel_Alpha158_csi300_custom_step0_s_20260521_15,a0e1a77afeeb4395ab3bcdfdece5e991,0.074,,,
1577,2026-05-21,SH600905,-0.036920614540576935,EXP_XGBModel_Alpha158_csi300_custom_step0_s_20260521_15,a0e1a77afeeb4395ab3bcdfdece5e991,0.074,,,
1578,2026-05-21,SH600941,-0.014554878696799278,EXP_XGBModel_Alpha158_csi300_custom_step0_s_20260521_15,a0e1a77afeeb4395ab3bcdfdece5e991,0.074,,,
1579,2026-05-21,SH601021,0.0006042033201083541,EXP_XGBModel_Alpha158_csi300_custom_step0_s_20260521_15,a0e1a77afeeb4395ab3bcdfdece5e991,0.074,,,
1580,2026-05-21,SH600570,0.1008802056312561,EXP_XGBModel_Alpha158_csi300_custom_step0_s_20260521_15,a0e1a77afeeb4395ab3bcdfdece5e991,0.074,,,
1581,2026-05-21,SH600522,-0.16176585853099823,EXP_XGBModel_Alpha158_csi300_custom_step0_s_20260521_15,a0e1a77afeeb4395ab3bcdfdece5e991,0.074,,,
1582,2026-05-21,SH600066,-0.005586766637861729,EXP_XGBModel_Alpha158_csi300_custom_step0_s_20260521_15,a0e1a77afeeb4395ab3bcdfdece5e991,0.074,,,
1583,2026-05-21,SH600085,-0.04793913662433624,EXP_XGBModel_Alpha158_csi300_custom_step0_s_20260521_15,a0e1a77afeeb4395ab3bcdfdece5e991,0.074,,,
1584,2026-05-21,SH600089,-0.005790788680315018,EXP_XGBModel_Alpha158_csi300_custom_step0_s_20260521_15,a0e1a77afeeb4395ab3bcdfdece5e991,0.074,,,
1585,2026-05-21,SH600104,-0.009231862612068653,EXP_XGBModel_Alpha158_csi300_custom_step0_s_20260521_15,a0e1a77afeeb4395ab3bcdfdece5e991,0.074,,,
1586,2026-05-21,SH600111,-0.13797511160373688,EXP_XGBModel_Alpha158_csi300_custom_step0_s_20260521_15,a0e1a77afeeb4395ab3bcdfdece5e991,0.074,,,
1587,2026-05-21,SH600115,0.025573771446943283,EXP_XGBModel_Alpha158_csi300_custom_step0_s_20260521_15,a0e1a77afeeb4395ab3bcdfdece5e991,0.074,,,
1588,2026-05-21,SH600150,0.268869549036026,EXP_XGBModel_Alpha158_csi300_custom_step0_s_20260521_15,a0e1a77afeeb4395ab3bcdfdece5e991,0.074,,,
1589,2026-05-21,SH600160,0.1962442696094513,EXP_XGBModel_Alpha158_csi300_custom_step0_s_20260521_15,a0e1a77afeeb4395ab3bcdfdece5e991,0.074,,,
1590,2026-05-21,SH600161,-0.03286672756075859,EXP_XGBModel_Alpha158_csi300_custom_step0_s_20260521_15,a0e1a77afeeb4395ab3bcdfdece5e991,0.074,,,
1591,2026-05-21,SH600176,0.3732432723045349,EXP_XGBModel_Alpha158_csi300_custom_step0_s_20260521_15,a0e1a77afeeb4395ab3bcdfdece5e991,0.074,,,
1592,2026-05-21,SH600183,-0.6266867518424988,EXP_XGBModel_Alpha158_csi300_custom_step0_s_20260521_15,a0e1a77afeeb4395ab3bcdfdece5e991,0.074,,,
1593,2026-05-21,SH600188,0.06271979212760925,EXP_XGBModel_Alpha158_csi300_custom_step0_s_20260521_15,a0e1a77afeeb4395ab3bcdfdece5e991,0.074,,,
1594,2026-05-21,SH600196,-0.08827388286590576,EXP_XGBModel_Alpha158_csi300_custom_step0_s_20260521_15,a0e1a77afeeb4395ab3bcdfdece5e991,0.074,,,
1595,2026-05-21,SH600219,0.20653434097766876,EXP_XGBModel_Alpha158_csi300_custom_step0_s_20260521_15,a0e1a77afeeb4395ab3bcdfdece5e991,0.074,,,
1596,2026-05-21,SH600233,0.19103705883026123,EXP_XGBModel_Alpha158_csi300_custom_step0_s_20260521_15,a0e1a77afeeb4395ab3bcdfdece5e991,0.074,,,
1597,2026-05-21,SH600276,-0.02305505983531475,EXP_XGBModel_Alpha158_csi300_custom_step0_s_20260521_15,a0e1a77afeeb4395ab3bcdfdece5e991,0.074,,,
1598,2026-05-21,SH600309,0.019480476155877113,EXP_XGBModel_Alpha158_csi300_custom_step0_s_20260521_15,a0e1a77afeeb4395ab3bcdfdece5e991,0.074,,,
1599,2026-05-21,SH600519,-0.061788205057382584,EXP_XGBModel_Alpha158_csi300_custom_step0_s_20260521_15,a0e1a77afeeb4395ab3bcdfdece5e991,0.074,,,
1600,2026-05-21,SH600515,-0.0013390594394877553,EXP_XGBModel_Alpha158_csi300_custom_step0_s_20260521_15,a0e1a77afeeb4395ab3bcdfdece5e991,0.074,,,
1601,2026-05-21,SH600489,0.18611696362495422,EXP_XGBModel_Alpha158_csi300_custom_step0_s_20260521_15,a0e1a77afeeb4395ab3bcdfdece5e991,0.074,,,
1602,2026-05-21,SH600482,-0.0829191654920578,EXP_XGBModel_Alpha158_csi300_custom_step0_s_20260521_15,a0e1a77afeeb4395ab3bcdfdece5e991,0.074,,,
1603,2026-05-21,SH600460,-0.18191421031951904,EXP_XGBModel_Alpha158_csi300_custom_step0_s_20260521_15,a0e1a77afeeb4395ab3bcdfdece5e991,0.074,,,
1604,2026-05-21,SH600438,0.06252575665712357,EXP_XGBModel_Alpha158_csi300_custom_step0_s_20260521_15,a0e1a77afeeb4395ab3bcdfdece5e991,0.074,,,
1605,2026-05-21,SH600547,-0.033649981021881104,EXP_XGBModel_Alpha158_csi300_custom_step0_s_20260521_15,a0e1a77afeeb4395ab3bcdfdece5e991,0.074,,,
1606,2026-05-21,SH600436,-0.033941883593797684,EXP_XGBModel_Alpha158_csi300_custom_step0_s_20260521_15,a0e1a77afeeb4395ab3bcdfdece5e991,0.074,,,
1607,2026-05-21,SH600415,0.04969143867492676,EXP_XGBModel_Alpha158_csi300_custom_step0_s_20260521_15,a0e1a77afeeb4395ab3bcdfdece5e991,0.074,,,
1608,2026-05-21,SH600406,-0.08213149756193161,EXP_XGBModel_Alpha158_csi300_custom_step0_s_20260521_15,a0e1a77afeeb4395ab3bcdfdece5e991,0.074,,,
1609,2026-05-21,SH600377,-0.004047791473567486,EXP_XGBModel_Alpha158_csi300_custom_step0_s_20260521_15,a0e1a77afeeb4395ab3bcdfdece5e991,0.074,,,
1610,2026-05-21,SH600372,0.021633906289935112,EXP_XGBModel_Alpha158_csi300_custom_step0_s_20260521_15,a0e1a77afeeb4395ab3bcdfdece5e991,0.074,,,
1611,2026-05-21,SH600362,0.01717234216630459,EXP_XGBModel_Alpha158_csi300_custom_step0_s_20260521_15,a0e1a77afeeb4395ab3bcdfdece5e991,0.074,,,
1612,2026-05-21,SH600346,-0.1261117309331894,EXP_XGBModel_Alpha158_csi300_custom_step0_s_20260521_15,a0e1a77afeeb4395ab3bcdfdece5e991,0.074,,,
1613,2026-05-21,SH600426,0.03007771633565426,EXP_XGBModel_Alpha158_csi300_custom_step0_s_20260521_15,a0e1a77afeeb4395ab3bcdfdece5e991,0.074,,,
1614,2026-05-21,SH601058,0.11576330661773682,EXP_XGBModel_Alpha158_csi300_custom_step0_s_20260521_15,a0e1a77afeeb4395ab3bcdfdece5e991,0.074,,,
1615,2026-05-21,SH601059,0.004778802860528231,EXP_XGBModel_Alpha158_csi300_custom_step0_s_20260521_15,a0e1a77afeeb4395ab3bcdfdece5e991,0.074,,,
1616,2026-05-21,SH601066,-0.004442981909960508,EXP_XGBModel_Alpha158_csi300_custom_step0_s_20260521_15,a0e1a77afeeb4395ab3bcdfdece5e991,0.074,,,
1617,2026-05-21,SH601688,0.022757794708013535,EXP_XGBModel_Alpha158_csi300_custom_step0_s_20260521_15,a0e1a77afeeb4395ab3bcdfdece5e991,0.074,,,
1618,2026-05-21,SH601689,0.10783324390649796,EXP_XGBModel_Alpha158_csi300_custom_step0_s_20260521_15,a0e1a77afeeb4395ab3bcdfdece5e991,0.074,,,
1619,2026-05-21,SH601698,-0.12756302952766418,EXP_XGBModel_Alpha158_csi300_custom_step0_s_20260521_15,a0e1a77afeeb4395ab3bcdfdece5e991,0.074,,,
1620,2026-05-21,SH601728,0.010815413668751717,EXP_XGBModel_Alpha158_csi300_custom_step0_s_20260521_15,a0e1a77afeeb4395ab3bcdfdece5e991,0.074,,,
1621,2026-05-21,SH601766,-0.07006204128265381,EXP_XGBModel_Alpha158_csi300_custom_step0_s_20260521_15,a0e1a77afeeb4395ab3bcdfdece5e991,0.074,,,
1622,2026-05-21,SH601788,0.053444553166627884,EXP_XGBModel_Alpha158_csi300_custom_step0_s_20260521_15,a0e1a77afeeb4395ab3bcdfdece5e991,0.074,,,
1623,2026-05-21,SH601800,0.013997609727084637,EXP_XGBModel_Alpha158_csi300_custom_step0_s_20260521_15,a0e1a77afeeb4395ab3bcdfdece5e991,0.074,,,
1624,2026-05-21,SH601808,-0.01633603870868683,EXP_XGBModel_Alpha158_csi300_custom_step0_s_20260521_15,a0e1a77afeeb4395ab3bcdfdece5e991,0.074,,,
1625,2026-05-21,SH601816,-0.04884381964802742,EXP_XGBModel_Alpha158_csi300_custom_step0_s_20260521_15,a0e1a77afeeb4395ab3bcdfdece5e991,0.074,,,
1626,2026-05-21,SH601818,-0.06550991535186768,EXP_XGBModel_Alpha158_csi300_custom_step0_s_20260521_15,a0e1a77afeeb4395ab3bcdfdece5e991,0.074,,,
1627,2026-05-21,SH601825,-0.04759545996785164,EXP_XGBModel_Alpha158_csi300_custom_step0_s_20260521_15,a0e1a77afeeb4395ab3bcdfdece5e991,0.074,,,
1628,2026-05-21,SH601838,0.026600481942296028,EXP_XGBModel_Alpha158_csi300_custom_step0_s_20260521_15,a0e1a77afeeb4395ab3bcdfdece5e991,0.074,,,
1629,2026-05-21,SH601857,-0.037682678550481796,EXP_XGBModel_Alpha158_csi300_custom_step0_s_20260521_15,a0e1a77afeeb4395ab3bcdfdece5e991,0.074,,,
1630,2026-05-21,SH601868,0.01479223370552063,EXP_XGBModel_Alpha158_csi300_custom_step0_s_20260521_15,a0e1a77afeeb4395ab3bcdfdece5e991,0.074,,,
1631,2026-05-21,SH601872,-0.11353445053100586,EXP_XGBModel_Alpha158_csi300_custom_step0_s_20260521_15,a0e1a77afeeb4395ab3bcdfdece5e991,0.074,,,
1632,2026-05-21,SH601877,0.14326533675193787,EXP_XGBModel_Alpha158_csi300_custom_step0_s_20260521_15,a0e1a77afeeb4395ab3bcdfdece5e991,0.074,,,
1633,2026-05-21,SH601878,0.0706687718629837,EXP_XGBModel_Alpha158_csi300_custom_step0_s_20260521_15,a0e1a77afeeb4395ab3bcdfdece5e991,0.074,,,
1634,2026-05-21,SH603195,-0.013956916518509388,EXP_XGBModel_Alpha158_csi300_custom_step0_s_20260521_15,a0e1a77afeeb4395ab3bcdfdece5e991,0.074,,,
1635,2026-05-21,SH603019,-0.21461935341358185,EXP_XGBModel_Alpha158_csi300_custom_step0_s_20260521_15,a0e1a77afeeb4395ab3bcdfdece5e991,0.074,,,
1636,2026-05-21,SH601998,-0.009960832074284554,EXP_XGBModel_Alpha158_csi300_custom_step0_s_20260521_15,a0e1a77afeeb4395ab3bcdfdece5e991,0.074,,,
1637,2026-05-21,SH601995,0.043429795652627945,EXP_XGBModel_Alpha158_csi300_custom_step0_s_20260521_15,a0e1a77afeeb4395ab3bcdfdece5e991,0.074,,,
1638,2026-05-21,SH601988,-0.015855900943279266,EXP_XGBModel_Alpha158_csi300_custom_step0_s_20260521_15,a0e1a77afeeb4395ab3bcdfdece5e991,0.074,,,
1639,2026-05-21,SH601985,-0.005669121164828539,EXP_XGBModel_Alpha158_csi300_custom_step0_s_20260521_15,a0e1a77afeeb4395ab3bcdfdece5e991,0.074,,,
1640,2026-05-21,SH601669,0.05532362312078476,EXP_XGBModel_Alpha158_csi300_custom_step0_s_20260521_15,a0e1a77afeeb4395ab3bcdfdece5e991,0.074,,,
1641,2026-05-21,SH601939,0.0012852596119046211,EXP_XGBModel_Alpha158_csi300_custom_step0_s_20260521_15,a0e1a77afeeb4395ab3bcdfdece5e991,0.074,,,
1642,2026-05-21,SH601916,-0.04427817463874817,EXP_XGBModel_Alpha158_csi300_custom_step0_s_20260521_15,a0e1a77afeeb4395ab3bcdfdece5e991,0.074,,,
1643,2026-05-21,SH601901,0.01858815923333168,EXP_XGBModel_Alpha158_csi300_custom_step0_s_20260521_15,a0e1a77afeeb4395ab3bcdfdece5e991,0.074,,,
1644,2026-05-21,SH601899,-0.1567891538143158,EXP_XGBModel_Alpha158_csi300_custom_step0_s_20260521_15,a0e1a77afeeb4395ab3bcdfdece5e991,0.074,,,
1645,2026-05-21,SH601898,-0.005894809495657682,EXP_XGBModel_Alpha158_csi300_custom_step0_s_20260521_15,a0e1a77afeeb4395ab3bcdfdece5e991,0.074,,,
1646,2026-05-21,SH601888,0.08773718029260635,EXP_XGBModel_Alpha158_csi300_custom_step0_s_20260521_15,a0e1a77afeeb4395ab3bcdfdece5e991,0.074,,,
1647,2026-05-21,SH601881,0.15332402288913727,EXP_XGBModel_Alpha158_csi300_custom_step0_s_20260521_15,a0e1a77afeeb4395ab3bcdfdece5e991,0.074,,,
1648,2026-05-21,SH601919,-0.028837772086262703,EXP_XGBModel_Alpha158_csi300_custom_step0_s_20260521_15,a0e1a77afeeb4395ab3bcdfdece5e991,0.074,,,
1649,2026-05-21,SH601668,-0.04758784547448158,EXP_XGBModel_Alpha158_csi300_custom_step0_s_20260521_15,a0e1a77afeeb4395ab3bcdfdece5e991,0.074,,,
1650,2026-05-21,SH601658,-0.049365732818841934,EXP_XGBModel_Alpha158_csi300_custom_step0_s_20260521_15,a0e1a77afeeb4395ab3bcdfdece5e991,0.074,,,
1651,2026-05-21,SH601633,-0.007030706852674484,EXP_XGBModel_Alpha158_csi300_custom_step0_s_20260521_15,a0e1a77afeeb4395ab3bcdfdece5e991,0.074,,,
1652,2026-05-21,SH601229,-0.03505679592490196,EXP_XGBModel_Alpha158_csi300_custom_step0_s_20260521_15,a0e1a77afeeb4395ab3bcdfdece5e991,0.074,,,
1653,2026-05-21,SH601225,-0.050618208944797516,EXP_XGBModel_Alpha158_csi300_custom_step0_s_20260521_15,a0e1a77afeeb4395ab3bcdfdece5e991,0.074,,,
1654,2026-05-21,SH601211,-0.015561233274638653,EXP_XGBModel_Alpha158_csi300_custom_step0_s_20260521_15,a0e1a77afeeb4395ab3bcdfdece5e991,0.074,,,
1655,2026-05-21,SH601186,-0.03557559847831726,EXP_XGBModel_Alpha158_csi300_custom_step0_s_20260521_15,a0e1a77afeeb4395ab3bcdfdece5e991,0.074,,,
1656,2026-05-21,SH601169,-0.042987093329429626,EXP_XGBModel_Alpha158_csi300_custom_step0_s_20260521_15,a0e1a77afeeb4395ab3bcdfdece5e991,0.074,,,
1657,2026-05-21,SH601166,-0.06040702387690544,EXP_XGBModel_Alpha158_csi300_custom_step0_s_20260521_15,a0e1a77afeeb4395ab3bcdfdece5e991,0.074,,,
1658,2026-05-21,SH601236,0.003949295729398727,EXP_XGBModel_Alpha158_csi300_custom_step0_s_20260521_15,a0e1a77afeeb4395ab3bcdfdece5e991,0.074,,,
1659,2026-05-21,SH601138,-0.051490940153598785,EXP_XGBModel_Alpha158_csi300_custom_step0_s_20260521_15,a0e1a77afeeb4395ab3bcdfdece5e991,0.074,,,
1660,2026-05-21,SH601127,0.017857782542705536,EXP_XGBModel_Alpha158_csi300_custom_step0_s_20260521_15,a0e1a77afeeb4395ab3bcdfdece5e991,0.074,,,
1661,2026-05-21,SH601117,-0.014407901093363762,EXP_XGBModel_Alpha158_csi300_custom_step0_s_20260521_15,a0e1a77afeeb4395ab3bcdfdece5e991,0.074,,,
1662,2026-05-21,SH601111,-0.0036332071758806705,EXP_XGBModel_Alpha158_csi300_custom_step0_s_20260521_15,a0e1a77afeeb4395ab3bcdfdece5e991,0.074,,,
1663,2026-05-21,SH601100,-0.05548880994319916,EXP_XGBModel_Alpha158_csi300_custom_step0_s_20260521_15,a0e1a77afeeb4395ab3bcdfdece5e991,0.074,,,
1664,2026-05-21,SH601088,-0.037753619253635406,EXP_XGBModel_Alpha158_csi300_custom_step0_s_20260521_15,a0e1a77afeeb4395ab3bcdfdece5e991,0.074,,,
1665,2026-05-21,SH601077,-0.06001070514321327,EXP_XGBModel_Alpha158_csi300_custom_step0_s_20260521_15,a0e1a77afeeb4395ab3bcdfdece5e991,0.074,,,
1666,2026-05-21,SH601136,0.06065335497260094,EXP_XGBModel_Alpha158_csi300_custom_step0_s_20260521_15,a0e1a77afeeb4395ab3bcdfdece5e991,0.074,,,
1667,2026-05-21,SH600050,-0.02850021794438362,EXP_XGBModel_Alpha158_csi300_custom_step0_s_20260521_15,a0e1a77afeeb4395ab3bcdfdece5e991,0.074,,,
1668,2026-05-21,SH601238,0.040550146251916885,EXP_XGBModel_Alpha158_csi300_custom_step0_s_20260521_15,a0e1a77afeeb4395ab3bcdfdece5e991,0.074,,,
1669,2026-05-21,SH601298,-0.008161922916769981,EXP_XGBModel_Alpha158_csi300_custom_step0_s_20260521_15,a0e1a77afeeb4395ab3bcdfdece5e991,0.074,,,
1670,2026-05-21,SH601628,-0.07520437985658646,EXP_XGBModel_Alpha158_csi300_custom_step0_s_20260521_15,a0e1a77afeeb4395ab3bcdfdece5e991,0.074,,,
1671,2026-05-21,SH601618,-0.05689176172018051,EXP_XGBModel_Alpha158_csi300_custom_step0_s_20260521_15,a0e1a77afeeb4395ab3bcdfdece5e991,0.074,,,
1672,2026-05-21,SH601607,-0.028905240818858147,EXP_XGBModel_Alpha158_csi300_custom_step0_s_20260521_15,a0e1a77afeeb4395ab3bcdfdece5e991,0.074,,,
1673,2026-05-21,SH601601,0.008359729312360287,EXP_XGBModel_Alpha158_csi300_custom_step0_s_20260521_15,a0e1a77afeeb4395ab3bcdfdece5e991,0.074,,,
1674,2026-05-21,SH601600,0.05156581476330757,EXP_XGBModel_Alpha158_csi300_custom_step0_s_20260521_15,a0e1a77afeeb4395ab3bcdfdece5e991,0.074,,,
1675,2026-05-21,SH601456,0.05485635623335838,EXP_XGBModel_Alpha158_csi300_custom_step0_s_20260521_15,a0e1a77afeeb4395ab3bcdfdece5e991,0.074,,,
1676,2026-05-21,SH601288,0.0008086968446150422,EXP_XGBModel_Alpha158_csi300_custom_step0_s_20260521_15,a0e1a77afeeb4395ab3bcdfdece5e991,0.074,,,
1677,2026-05-21,SH601398,-0.036154113709926605,EXP_XGBModel_Alpha158_csi300_custom_step0_s_20260521_15,a0e1a77afeeb4395ab3bcdfdece5e991,0.074,,,
1678,2026-05-21,SH601377,0.1726759672164917,EXP_XGBModel_Alpha158_csi300_custom_step0_s_20260521_15,a0e1a77afeeb4395ab3bcdfdece5e991,0.074,,,
1679,2026-05-21,SH601360,0.039099741727113724,EXP_XGBModel_Alpha158_csi300_custom_step0_s_20260521_15,a0e1a77afeeb4395ab3bcdfdece5e991,0.074,,,
1680,2026-05-21,SH601336,0.06327005475759506,EXP_XGBModel_Alpha158_csi300_custom_step0_s_20260521_15,a0e1a77afeeb4395ab3bcdfdece5e991,0.074,,,
1681,2026-05-21,SH601328,-0.028326144441962242,EXP_XGBModel_Alpha158_csi300_custom_step0_s_20260521_15,a0e1a77afeeb4395ab3bcdfdece5e991,0.074,,,
1682,2026-05-21,SH601319,0.02269856445491314,EXP_XGBModel_Alpha158_csi300_custom_step0_s_20260521_15,a0e1a77afeeb4395ab3bcdfdece5e991,0.074,,,
1683,2026-05-21,SH601318,-0.06933633238077164,EXP_XGBModel_Alpha158_csi300_custom_step0_s_20260521_15,a0e1a77afeeb4395ab3bcdfdece5e991,0.074,,,
1684,2026-05-21,SH601390,-0.019012225791811943,EXP_XGBModel_Alpha158_csi300_custom_step0_s_20260521_15,a0e1a77afeeb4395ab3bcdfdece5e991,0.074,,,
1685,2026-05-21,SH600346,-0.08141013979911804,EXP_XGBModel_Alpha158_csi300_custom_step0_s_20260521_15,252cb05fd4154305949c52dd52d74ded,0.082,,,
1686,2026-05-21,SH600309,-0.027837784960865974,EXP_XGBModel_Alpha158_csi300_custom_step0_s_20260521_15,252cb05fd4154305949c52dd52d74ded,0.082,,,
1687,2026-05-21,SH600276,-0.07759258896112442,EXP_XGBModel_Alpha158_csi300_custom_step0_s_20260521_15,252cb05fd4154305949c52dd52d74ded,0.082,,,
1688,2026-05-21,SZ002594,-0.06071462482213974,EXP_LinearModel_Alpha158_csi300_custom_step0_s_20260521_15,be58d462d3e346feac387754771bbd69,0.116,,,
1689,2026-05-21,SZ002600,0.0442851260304451,EXP_LinearModel_Alpha158_csi300_custom_step0_s_20260521_15,be58d462d3e346feac387754771bbd69,0.116,,,
1690,2026-05-21,SZ002601,-0.02771640010178089,EXP_LinearModel_Alpha158_csi300_custom_step0_s_20260521_15,be58d462d3e346feac387754771bbd69,0.116,,,
1691,2026-05-21,SZ002625,-0.038269057869911194,EXP_LinearModel_Alpha158_csi300_custom_step0_s_20260521_15,be58d462d3e346feac387754771bbd69,0.116,,,
1692,2026-05-21,SZ002648,0.019751116633415222,EXP_LinearModel_Alpha158_csi300_custom_step0_s_20260521_15,be58d462d3e346feac387754771bbd69,0.116,,,
1693,2026-05-21,SZ002709,0.014934303238987923,EXP_LinearModel_Alpha158_csi300_custom_step0_s_20260521_15,be58d462d3e346feac387754771bbd69,0.116,,,
1694,2026-05-21,SZ002714,-0.04877621680498123,EXP_LinearModel_Alpha158_csi300_custom_step0_s_20260521_15,be58d462d3e346feac387754771bbd69,0.116,,,
1695,2026-05-21,SZ002736,-0.027614356949925423,EXP_LinearModel_Alpha158_csi300_custom_step0_s_20260521_15,be58d462d3e346feac387754771bbd69,0.116,,,
1696,2026-05-21,SZ002916,-0.03529876098036766,EXP_LinearModel_Alpha158_csi300_custom_step0_s_20260521_15,be58d462d3e346feac387754771bbd69,0.116,,,
1697,2026-05-21,SZ002920,0.16544219851493835,EXP_LinearModel_Alpha158_csi300_custom_step0_s_20260521_15,be58d462d3e346feac387754771bbd69,0.116,,,
1698,2026-05-21,SZ002938,-0.08234043419361115,EXP_LinearModel_Alpha158_csi300_custom_step0_s_20260521_15,be58d462d3e346feac387754771bbd69,0.116,,,
1699,2026-05-21,SZ003816,0.06954636424779892,EXP_LinearModel_Alpha158_csi300_custom_step0_s_20260521_15,be58d462d3e346feac387754771bbd69,0.116,,,
1700,2026-05-21,SZ300014,0.018643269315361977,EXP_LinearModel_Alpha158_csi300_custom_step0_s_20260521_15,be58d462d3e346feac387754771bbd69,0.116,,,
1701,2026-05-21,SZ300015,-0.03459232673048973,EXP_LinearModel_Alpha158_csi300_custom_step0_s_20260521_15,be58d462d3e346feac387754771bbd69,0.116,,,
1702,2026-05-21,SZ300033,-0.016498234122991562,EXP_LinearModel_Alpha158_csi300_custom_step0_s_20260521_15,be58d462d3e346feac387754771bbd69,0.116,,,
1703,2026-05-21,SZ300059,-0.05630712956190109,EXP_LinearModel_Alpha158_csi300_custom_step0_s_20260521_15,be58d462d3e346feac387754771bbd69,0.116,,,
1704,2026-05-21,SZ300122,-0.08176140487194061,EXP_LinearModel_Alpha158_csi300_custom_step0_s_20260521_15,be58d462d3e346feac387754771bbd69,0.116,,,
1705,2026-05-21,SZ300498,0.01822933554649353,EXP_LinearModel_Alpha158_csi300_custom_step0_s_20260521_15,be58d462d3e346feac387754771bbd69,0.116,,,
1706,2026-05-21,SZ300476,0.02671574242413044,EXP_LinearModel_Alpha158_csi300_custom_step0_s_20260521_15,be58d462d3e346feac387754771bbd69,0.116,,,
1707,2026-05-21,SZ300442,,EXP_LinearModel_Alpha158_csi300_custom_step0_s_20260521_15,be58d462d3e346feac387754771bbd69,0.116,,,
1708,2026-05-21,SZ300433,-0.029069097712635994,EXP_LinearModel_Alpha158_csi300_custom_step0_s_20260521_15,be58d462d3e346feac387754771bbd69,0.116,,,
1709,2026-05-21,SZ300418,-0.06575115025043488,EXP_LinearModel_Alpha158_csi300_custom_step0_s_20260521_15,be58d462d3e346feac387754771bbd69,0.116,,,
1710,2026-05-21,SZ300413,-0.038540612906217575,EXP_LinearModel_Alpha158_csi300_custom_step0_s_20260521_15,be58d462d3e346feac387754771bbd69,0.116,,,
1711,2026-05-21,SZ002493,-0.022336047142744064,EXP_LinearModel_Alpha158_csi300_custom_step0_s_20260521_15,be58d462d3e346feac387754771bbd69,0.116,,,
1712,2026-05-21,SZ300408,-0.1789828985929489,EXP_LinearModel_Alpha158_csi300_custom_step0_s_20260521_15,be58d462d3e346feac387754771bbd69,0.116,,,
1713,2026-05-21,SZ300347,-0.04543781280517578,EXP_LinearModel_Alpha158_csi300_custom_step0_s_20260521_15,be58d462d3e346feac387754771bbd69,0.116,,,
1714,2026-05-21,SZ300316,0.01565404236316681,EXP_LinearModel_Alpha158_csi300_custom_step0_s_20260521_15,be58d462d3e346feac387754771bbd69,0.116,,,
1715,2026-05-21,SZ300308,0.08361323177814484,EXP_LinearModel_Alpha158_csi300_custom_step0_s_20260521_15,be58d462d3e346feac387754771bbd69,0.116,,,
1716,2026-05-21,SZ300274,-0.19271384179592133,EXP_LinearModel_Alpha158_csi300_custom_step0_s_20260521_15,be58d462d3e346feac387754771bbd69,0.116,,,
1717,2026-05-21,SZ300251,-0.24907642602920532,EXP_LinearModel_Alpha158_csi300_custom_step0_s_20260521_15,be58d462d3e346feac387754771bbd69,0.116,,,
1718,2026-05-21,SZ300124,-0.0066690025851130486,EXP_LinearModel_Alpha158_csi300_custom_step0_s_20260521_15,be58d462d3e346feac387754771bbd69,0.116,,,
1719,2026-05-21,SZ300394,0.1515853852033615,EXP_LinearModel_Alpha158_csi300_custom_step0_s_20260521_15,be58d462d3e346feac387754771bbd69,0.116,,,
1720,2026-05-21,SZ300502,0.0836615264415741,EXP_LinearModel_Alpha158_csi300_custom_step0_s_20260521_15,be58d462d3e346feac387754771bbd69,0.116,,,
1721,2026-05-21,SZ002475,0.0333072654902935,EXP_LinearModel_Alpha158_csi300_custom_step0_s_20260521_15,be58d462d3e346feac387754771bbd69,0.116,,,
1722,2026-05-21,SZ002463,0.04420416057109833,EXP_LinearModel_Alpha158_csi300_custom_step0_s_20260521_15,be58d462d3e346feac387754771bbd69,0.116,,,
1723,2026-05-21,SZ000895,-0.03101183846592903,EXP_LinearModel_Alpha158_csi300_custom_step0_s_20260521_15,be58d462d3e346feac387754771bbd69,0.116,,,
1724,2026-05-21,SZ000938,0.19386334717273712,EXP_LinearModel_Alpha158_csi300_custom_step0_s_20260521_15,be58d462d3e346feac387754771bbd69,0.116,,,
1725,2026-05-21,SZ000963,-0.03742001950740814,EXP_LinearModel_Alpha158_csi300_custom_step0_s_20260521_15,be58d462d3e346feac387754771bbd69,0.116,,,
1726,2026-05-21,SZ000975,0.05193841829895973,EXP_LinearModel_Alpha158_csi300_custom_step0_s_20260521_15,be58d462d3e346feac387754771bbd69,0.116,,,
1727,2026-05-21,SZ000977,0.04909834265708923,EXP_LinearModel_Alpha158_csi300_custom_step0_s_20260521_15,be58d462d3e346feac387754771bbd69,0.116,,,
1728,2026-05-21,SZ000983,-0.020809495821595192,EXP_LinearModel_Alpha158_csi300_custom_step0_s_20260521_15,be58d462d3e346feac387754771bbd69,0.116,,,
1729,2026-05-21,SZ000999,-0.025143099948763847,EXP_LinearModel_Alpha158_csi300_custom_step0_s_20260521_15,be58d462d3e346feac387754771bbd69,0.116,,,
1730,2026-05-21,SZ001391,0.024844400584697723,EXP_LinearModel_Alpha158_csi300_custom_step0_s_20260521_15,be58d462d3e346feac387754771bbd69,0.116,,,
1731,2026-05-21,SZ001965,0.053855229169130325,EXP_LinearModel_Alpha158_csi300_custom_step0_s_20260521_15,be58d462d3e346feac387754771bbd69,0.116,,,
1732,2026-05-21,SZ001979,-0.04644918814301491,EXP_LinearModel_Alpha158_csi300_custom_step0_s_20260521_15,be58d462d3e346feac387754771bbd69,0.116,,,
1733,2026-05-21,SZ002001,-0.011406844481825829,EXP_LinearModel_Alpha158_csi300_custom_step0_s_20260521_15,be58d462d3e346feac387754771bbd69,0.116,,,
1734,2026-05-21,SZ002027,0.03300982713699341,EXP_LinearModel_Alpha158_csi300_custom_step0_s_20260521_15,be58d462d3e346feac387754771bbd69,0.116,,,
1735,2026-05-21,SZ002028,0.04924966022372246,EXP_LinearModel_Alpha158_csi300_custom_step0_s_20260521_15,be58d462d3e346feac387754771bbd69,0.116,,,
1736,2026-05-21,SZ002049,0.05326182767748833,EXP_LinearModel_Alpha158_csi300_custom_step0_s_20260521_15,be58d462d3e346feac387754771bbd69,0.116,,,
1737,2026-05-21,SZ002050,0.009657461196184158,EXP_LinearModel_Alpha158_csi300_custom_step0_s_20260521_15,be58d462d3e346feac387754771bbd69,0.116,,,
1738,2026-05-21,SZ002074,-0.020206540822982788,EXP_LinearModel_Alpha158_csi300_custom_step0_s_20260521_15,be58d462d3e346feac387754771bbd69,0.116,,,
1739,2026-05-21,SZ002142,0.023408617824316025,EXP_LinearModel_Alpha158_csi300_custom_step0_s_20260521_15,be58d462d3e346feac387754771bbd69,0.116,,,
1740,2026-05-21,SZ002460,0.04746633768081665,EXP_LinearModel_Alpha158_csi300_custom_step0_s_20260521_15,be58d462d3e346feac387754771bbd69,0.116,,,
1741,2026-05-21,SZ002459,0.014071362093091011,EXP_LinearModel_Alpha158_csi300_custom_step0_s_20260521_15,be58d462d3e346feac387754771bbd69,0.116,,,
1742,2026-05-21,SZ002422,-0.03476473316550255,EXP_LinearModel_Alpha158_csi300_custom_step0_s_20260521_15,be58d462d3e346feac387754771bbd69,0.116,,,
1743,2026-05-21,SZ002415,0.017262903973460197,EXP_LinearModel_Alpha158_csi300_custom_step0_s_20260521_15,be58d462d3e346feac387754771bbd69,0.116,,,
1744,2026-05-21,SZ002384,0.1110558956861496,EXP_LinearModel_Alpha158_csi300_custom_step0_s_20260521_15,be58d462d3e346feac387754771bbd69,0.116,,,
1745,2026-05-21,SZ002371,-0.15469613671302795,EXP_LinearModel_Alpha158_csi300_custom_step0_s_20260521_15,be58d462d3e346feac387754771bbd69,0.116,,,
1746,2026-05-21,SZ002466,0.049797385931015015,EXP_LinearModel_Alpha158_csi300_custom_step0_s_20260521_15,be58d462d3e346feac387754771bbd69,0.116,,,
1747,2026-05-21,SZ002352,-0.05821116641163826,EXP_LinearModel_Alpha158_csi300_custom_step0_s_20260521_15,be58d462d3e346feac387754771bbd69,0.116,,,
1748,2026-05-21,SZ002304,-0.055763568729162216,EXP_LinearModel_Alpha158_csi300_custom_step0_s_20260521_15,be58d462d3e346feac387754771bbd69,0.116,,,
1749,2026-05-21,SZ002252,-0.023650452494621277,EXP_LinearModel_Alpha158_csi300_custom_step0_s_20260521_15,be58d462d3e346feac387754771bbd69,0.116,,,
1750,2026-05-21,SZ002241,0.021464988589286804,EXP_LinearModel_Alpha158_csi300_custom_step0_s_20260521_15,be58d462d3e346feac387754771bbd69,0.116,,,
1751,2026-05-21,SZ002236,0.042190004140138626,EXP_LinearModel_Alpha158_csi300_custom_step0_s_20260521_15,be58d462d3e346feac387754771bbd69,0.116,,,
1752,2026-05-21,SZ002230,-0.0016253611538559198,EXP_LinearModel_Alpha158_csi300_custom_step0_s_20260521_15,be58d462d3e346feac387754771bbd69,0.116,,,
1753,2026-05-21,SZ002179,-0.005952518433332443,EXP_LinearModel_Alpha158_csi300_custom_step0_s_20260521_15,be58d462d3e346feac387754771bbd69,0.116,,,
1754,2026-05-21,SZ002311,-0.06442900747060776,EXP_LinearModel_Alpha158_csi300_custom_step0_s_20260521_15,be58d462d3e346feac387754771bbd69,0.116,,,
1755,2026-05-21,SZ000876,0.02165616862475872,EXP_LinearModel_Alpha158_csi300_custom_step0_s_20260521_15,be58d462d3e346feac387754771bbd69,0.116,,,
1756,2026-05-21,SZ300628,0.018446486443281174,EXP_LinearModel_Alpha158_csi300_custom_step0_s_20260521_15,be58d462d3e346feac387754771bbd69,0.116,,,
1757,2026-05-21,SZ300750,0.02351030521094799,EXP_LinearModel_Alpha158_csi300_custom_step0_s_20260521_15,be58d462d3e346feac387754771bbd69,0.116,,,
1758,2026-05-21,SH600089,0.049346923828125,EXP_LinearModel_Alpha158_csi300_custom_step0_s_20260521_15,ca1c59eebd6a4cd4ac3edc442a73a136,0.093,,,
1759,2026-05-21,SH600104,-0.05908321589231491,EXP_LinearModel_Alpha158_csi300_custom_step0_s_20260521_15,ca1c59eebd6a4cd4ac3edc442a73a136,0.093,,,
1760,2026-05-21,SH600111,0.1461586207151413,EXP_LinearModel_Alpha158_csi300_custom_step0_s_20260521_15,ca1c59eebd6a4cd4ac3edc442a73a136,0.093,,,
1761,2026-05-21,SH600115,0.23058925569057465,EXP_LinearModel_Alpha158_csi300_custom_step0_s_20260521_15,ca1c59eebd6a4cd4ac3edc442a73a136,0.093,,,
1762,2026-05-21,SH600150,0.2695026695728302,EXP_LinearModel_Alpha158_csi300_custom_step0_s_20260521_15,ca1c59eebd6a4cd4ac3edc442a73a136,0.093,,,
1763,2026-05-21,SH600160,0.10992386937141418,EXP_LinearModel_Alpha158_csi300_custom_step0_s_20260521_15,ca1c59eebd6a4cd4ac3edc442a73a136,0.093,,,
1764,2026-05-21,SH600161,-0.07403850555419922,EXP_LinearModel_Alpha158_csi300_custom_step0_s_20260521_15,ca1c59eebd6a4cd4ac3edc442a73a136,0.093,,,
1765,2026-05-21,SH600176,0.2092653512954712,EXP_LinearModel_Alpha158_csi300_custom_step0_s_20260521_15,ca1c59eebd6a4cd4ac3edc442a73a136,0.093,,,
1766,2026-05-21,SH600183,0.06777685880661011,EXP_LinearModel_Alpha158_csi300_custom_step0_s_20260521_15,ca1c59eebd6a4cd4ac3edc442a73a136,0.093,,,
1767,2026-05-21,SH600188,-0.06081445515155792,EXP_LinearModel_Alpha158_csi300_custom_step0_s_20260521_15,ca1c59eebd6a4cd4ac3edc442a73a136,0.093,,,
1768,2026-05-21,SH600196,-0.05983094871044159,EXP_LinearModel_Alpha158_csi300_custom_step0_s_20260521_15,ca1c59eebd6a4cd4ac3edc442a73a136,0.093,,,
1769,2026-05-21,SH600219,0.04931337386369705,EXP_LinearModel_Alpha158_csi300_custom_step0_s_20260521_15,ca1c59eebd6a4cd4ac3edc442a73a136,0.093,,,
1770,2026-05-21,SH600233,-0.03205564618110657,EXP_LinearModel_Alpha158_csi300_custom_step0_s_20260521_15,ca1c59eebd6a4cd4ac3edc442a73a136,0.093,,,
1771,2026-05-21,SH600276,-0.00039640069007873535,EXP_LinearModel_Alpha158_csi300_custom_step0_s_20260521_15,ca1c59eebd6a4cd4ac3edc442a73a136,0.093,,,
1772,2026-05-21,SH600309,0.03482309728860855,EXP_LinearModel_Alpha158_csi300_custom_step0_s_20260521_15,ca1c59eebd6a4cd4ac3edc442a73a136,0.093,,,
1773,2026-05-21,SH600346,0.07267260551452637,EXP_LinearModel_Alpha158_csi300_custom_step0_s_20260521_15,ca1c59eebd6a4cd4ac3edc442a73a136,0.093,,,
1774,2026-05-21,SH600362,-0.0685977190732956,EXP_LinearModel_Alpha158_csi300_custom_step0_s_20260521_15,ca1c59eebd6a4cd4ac3edc442a73a136,0.093,,,
1775,2026-05-21,SH600547,0.2924465239048004,EXP_LinearModel_Alpha158_csi300_custom_step0_s_20260521_15,ca1c59eebd6a4cd4ac3edc442a73a136,0.093,,,
1776,2026-05-21,SH600522,0.14377492666244507,EXP_LinearModel_Alpha158_csi300_custom_step0_s_20260521_15,ca1c59eebd6a4cd4ac3edc442a73a136,0.093,,,
1777,2026-05-21,SH600519,-0.13073235750198364,EXP_LinearModel_Alpha158_csi300_custom_step0_s_20260521_15,ca1c59eebd6a4cd4ac3edc442a73a136,0.093,,,
1778,2026-05-21,SH600515,-0.03724420815706253,EXP_LinearModel_Alpha158_csi300_custom_step0_s_20260521_15,ca1c59eebd6a4cd4ac3edc442a73a136,0.093,,,
1779,2026-05-21,SH600489,0.25031688809394836,EXP_LinearModel_Alpha158_csi300_custom_step0_s_20260521_15,ca1c59eebd6a4cd4ac3edc442a73a136,0.093,,,
1780,2026-05-21,SH600482,0.11984391510486603,EXP_LinearModel_Alpha158_csi300_custom_step0_s_20260521_15,ca1c59eebd6a4cd4ac3edc442a73a136,0.093,,,
1781,2026-05-21,SH600085,-0.07278025150299072,EXP_LinearModel_Alpha158_csi300_custom_step0_s_20260521_15,ca1c59eebd6a4cd4ac3edc442a73a136,0.093,,,
1782,2026-05-21,SH600460,0.13891124725341797,EXP_LinearModel_Alpha158_csi300_custom_step0_s_20260521_15,ca1c59eebd6a4cd4ac3edc442a73a136,0.093,,,
1783,2026-05-21,SH600436,-0.04373179376125336,EXP_LinearModel_Alpha158_csi300_custom_step0_s_20260521_15,ca1c59eebd6a4cd4ac3edc442a73a136,0.093,,,
1784,2026-05-21,SH600426,0.15955446660518646,EXP_LinearModel_Alpha158_csi300_custom_step0_s_20260521_15,ca1c59eebd6a4cd4ac3edc442a73a136,0.093,,,
1785,2026-05-21,SH600415,0.028844892978668213,EXP_LinearModel_Alpha158_csi300_custom_step0_s_20260521_15,ca1c59eebd6a4cd4ac3edc442a73a136,0.093,,,
1786,2026-05-21,SH600406,0.04182874411344528,EXP_LinearModel_Alpha158_csi300_custom_step0_s_20260521_15,ca1c59eebd6a4cd4ac3edc442a73a136,0.093,,,
1787,2026-05-21,SH600377,0.1025862917304039,EXP_LinearModel_Alpha158_csi300_custom_step0_s_20260521_15,ca1c59eebd6a4cd4ac3edc442a73a136,0.093,,,
1788,2026-05-21,SH600372,0.10346831381320953,EXP_LinearModel_Alpha158_csi300_custom_step0_s_20260521_15,ca1c59eebd6a4cd4ac3edc442a73a136,0.093,,,
1789,2026-05-21,SH600438,0.11254048347473145,EXP_LinearModel_Alpha158_csi300_custom_step0_s_20260521_15,ca1c59eebd6a4cd4ac3edc442a73a136,0.093,,,
1790,2026-05-21,SZ300661,-0.0019648540765047073,EXP_LinearModel_Alpha158_csi300_custom_step0_s_20260521_15,be58d462d3e346feac387754771bbd69,0.116,,,
1791,2026-05-21,SH600066,-0.00754988007247448,EXP_LinearModel_Alpha158_csi300_custom_step0_s_20260521_15,ca1c59eebd6a4cd4ac3edc442a73a136,0.093,,,
1792,2026-05-21,SH600050,-0.08837807178497314,EXP_LinearModel_Alpha158_csi300_custom_step0_s_20260521_15,ca1c59eebd6a4cd4ac3edc442a73a136,0.093,,,
1793,2026-05-21,SZ300759,-0.02737809158861637,EXP_LinearModel_Alpha158_csi300_custom_step0_s_20260521_15,be58d462d3e346feac387754771bbd69,0.116,,,
1794,2026-05-21,SZ300760,-0.03429529070854187,EXP_LinearModel_Alpha158_csi300_custom_step0_s_20260521_15,be58d462d3e346feac387754771bbd69,0.116,,,
1795,2026-05-21,SZ300782,0.1980360895395279,EXP_LinearModel_Alpha158_csi300_custom_step0_s_20260521_15,be58d462d3e346feac387754771bbd69,0.116,,,
1796,2026-05-21,SZ300803,-0.05330441892147064,EXP_LinearModel_Alpha158_csi300_custom_step0_s_20260521_15,be58d462d3e346feac387754771bbd69,0.116,,,
1797,2026-05-21,SZ300832,-0.06402076780796051,EXP_LinearModel_Alpha158_csi300_custom_step0_s_20260521_15,be58d462d3e346feac387754771bbd69,0.116,,,
1798,2026-05-21,SZ300866,0.009507068432867527,EXP_LinearModel_Alpha158_csi300_custom_step0_s_20260521_15,be58d462d3e346feac387754771bbd69,0.116,,,
1799,2026-05-21,SZ300896,-0.07714740186929703,EXP_LinearModel_Alpha158_csi300_custom_step0_s_20260521_15,be58d462d3e346feac387754771bbd69,0.116,,,
1800,2026-05-21,SZ300979,0.029242128133773804,EXP_LinearModel_Alpha158_csi300_custom_step0_s_20260521_15,be58d462d3e346feac387754771bbd69,0.116,,,
1801,2026-05-21,SZ300999,-0.09960997104644775,EXP_LinearModel_Alpha158_csi300_custom_step0_s_20260521_15,be58d462d3e346feac387754771bbd69,0.116,,,
1802,2026-05-21,SZ301236,-0.037889547646045685,EXP_LinearModel_Alpha158_csi300_custom_step0_s_20260521_15,be58d462d3e346feac387754771bbd69,0.116,,,
1803,2026-05-21,SZ301269,-0.04205158352851868,EXP_LinearModel_Alpha158_csi300_custom_step0_s_20260521_15,be58d462d3e346feac387754771bbd69,0.116,,,
1804,2026-05-21,SZ302132,-0.07048950344324112,EXP_LinearModel_Alpha158_csi300_custom_step0_s_20260521_15,be58d462d3e346feac387754771bbd69,0.116,,,
1805,2026-05-21,SH600000,-0.11172675341367722,EXP_LinearModel_Alpha158_csi300_custom_step0_s_20260521_15,ca1c59eebd6a4cd4ac3edc442a73a136,0.093,,,
1806,2026-05-21,SH600009,0.0289357528090477,EXP_LinearModel_Alpha158_csi300_custom_step0_s_20260521_15,ca1c59eebd6a4cd4ac3edc442a73a136,0.093,,,
1807,2026-05-21,SH600010,0.15167203545570374,EXP_LinearModel_Alpha158_csi300_custom_step0_s_20260521_15,ca1c59eebd6a4cd4ac3edc442a73a136,0.093,,,
1808,2026-05-21,SH600011,0.10799442231655121,EXP_LinearModel_Alpha158_csi300_custom_step0_s_20260521_15,ca1c59eebd6a4cd4ac3edc442a73a136,0.093,,,
1809,2026-05-21,SH600015,-0.07114551961421967,EXP_LinearModel_Alpha158_csi300_custom_step0_s_20260521_15,ca1c59eebd6a4cd4ac3edc442a73a136,0.093,,,
1810,2026-05-21,SH600048,-0.12129432708024979,EXP_LinearModel_Alpha158_csi300_custom_step0_s_20260521_15,ca1c59eebd6a4cd4ac3edc442a73a136,0.093,,,
1811,2026-05-21,SH600039,0.04237768054008484,EXP_LinearModel_Alpha158_csi300_custom_step0_s_20260521_15,ca1c59eebd6a4cd4ac3edc442a73a136,0.093,,,
1812,2026-05-21,SH600036,-0.20494884252548218,EXP_LinearModel_Alpha158_csi300_custom_step0_s_20260521_15,ca1c59eebd6a4cd4ac3edc442a73a136,0.093,,,
1813,2026-05-21,SH600031,-0.03228256106376648,EXP_LinearModel_Alpha158_csi300_custom_step0_s_20260521_15,ca1c59eebd6a4cd4ac3edc442a73a136,0.093,,,
1814,2026-05-21,SH600030,0.012002915143966675,EXP_LinearModel_Alpha158_csi300_custom_step0_s_20260521_15,ca1c59eebd6a4cd4ac3edc442a73a136,0.093,,,
1815,2026-05-21,SH600029,0.05475859344005585,EXP_LinearModel_Alpha158_csi300_custom_step0_s_20260521_15,ca1c59eebd6a4cd4ac3edc442a73a136,0.093,,,
1816,2026-05-21,SH600061,0.004191875457763672,EXP_LinearModel_Alpha158_csi300_custom_step0_s_20260521_15,ca1c59eebd6a4cd4ac3edc442a73a136,0.093,,,
1817,2026-05-21,SH600028,0.041715141385793686,EXP_LinearModel_Alpha158_csi300_custom_step0_s_20260521_15,ca1c59eebd6a4cd4ac3edc442a73a136,0.093,,,
1818,2026-05-21,SH600026,0.18917492032051086,EXP_LinearModel_Alpha158_csi300_custom_step0_s_20260521_15,ca1c59eebd6a4cd4ac3edc442a73a136,0.093,,,
1819,2026-05-21,SH600025,0.014519840478897095,EXP_LinearModel_Alpha158_csi300_custom_step0_s_20260521_15,ca1c59eebd6a4cd4ac3edc442a73a136,0.093,,,
1820,2026-05-21,SH600023,0.07601413130760193,EXP_LinearModel_Alpha158_csi300_custom_step0_s_20260521_15,ca1c59eebd6a4cd4ac3edc442a73a136,0.093,,,
1821,2026-05-21,SH600019,-0.04002592712640762,EXP_LinearModel_Alpha158_csi300_custom_step0_s_20260521_15,ca1c59eebd6a4cd4ac3edc442a73a136,0.093,,,
1822,2026-05-21,SH600018,0.03459511697292328,EXP_LinearModel_Alpha158_csi300_custom_step0_s_20260521_15,ca1c59eebd6a4cd4ac3edc442a73a136,0.093,,,
1823,2026-05-21,SH600016,-0.05482470989227295,EXP_LinearModel_Alpha158_csi300_custom_step0_s_20260521_15,ca1c59eebd6a4cd4ac3edc442a73a136,0.093,,,
1824,2026-05-21,SH600027,0.23199543356895447,EXP_LinearModel_Alpha158_csi300_custom_step0_s_20260521_15,ca1c59eebd6a4cd4ac3edc442a73a136,0.093,,,
1825,2026-05-21,SZ000858,0.031193675473332405,EXP_LinearModel_Alpha158_csi300_custom_step0_s_20260521_15,be58d462d3e346feac387754771bbd69,0.116,,,
1826,2026-05-21,SZ000807,0.013596798293292522,EXP_LinearModel_Alpha158_csi300_custom_step0_s_20260521_15,be58d462d3e346feac387754771bbd69,0.116,,,
1827,2026-05-21,SZ000792,-0.05315612256526947,EXP_LinearModel_Alpha158_csi300_custom_step0_s_20260521_15,be58d462d3e346feac387754771bbd69,0.116,,,
1828,2026-05-21,SH601336,-0.06894416362047195,EXP_LinearModel_Alpha158_csi300_custom_step0_s_20260521_15,be58d462d3e346feac387754771bbd69,0.116,,,
1829,2026-05-21,SH601360,-0.014809883199632168,EXP_LinearModel_Alpha158_csi300_custom_step0_s_20260521_15,be58d462d3e346feac387754771bbd69,0.116,,,
1830,2026-05-21,SH601377,0.02007986605167389,EXP_LinearModel_Alpha158_csi300_custom_step0_s_20260521_15,be58d462d3e346feac387754771bbd69,0.116,,,
1831,2026-05-21,SH601390,-0.020016374066472054,EXP_LinearModel_Alpha158_csi300_custom_step0_s_20260521_15,be58d462d3e346feac387754771bbd69,0.116,,,
1832,2026-05-21,SH601398,-0.011985738761723042,EXP_LinearModel_Alpha158_csi300_custom_step0_s_20260521_15,be58d462d3e346feac387754771bbd69,0.116,,,
1833,2026-05-21,SH601456,0.02693801000714302,EXP_LinearModel_Alpha158_csi300_custom_step0_s_20260521_15,be58d462d3e346feac387754771bbd69,0.116,,,
1834,2026-05-21,SH601600,-0.017130525782704353,EXP_LinearModel_Alpha158_csi300_custom_step0_s_20260521_15,be58d462d3e346feac387754771bbd69,0.116,,,
1835,2026-05-21,SH601601,-0.06607221066951752,EXP_LinearModel_Alpha158_csi300_custom_step0_s_20260521_15,be58d462d3e346feac387754771bbd69,0.116,,,
1836,2026-05-21,SH601607,0.010478506796061993,EXP_LinearModel_Alpha158_csi300_custom_step0_s_20260521_15,be58d462d3e346feac387754771bbd69,0.116,,,
1837,2026-05-21,SH601618,0.0640053004026413,EXP_LinearModel_Alpha158_csi300_custom_step0_s_20260521_15,be58d462d3e346feac387754771bbd69,0.116,,,
1838,2026-05-21,SH601628,-0.11431632936000824,EXP_LinearModel_Alpha158_csi300_custom_step0_s_20260521_15,be58d462d3e346feac387754771bbd69,0.116,,,
1839,2026-05-21,SH601633,-0.02528293803334236,EXP_LinearModel_Alpha158_csi300_custom_step0_s_20260521_15,be58d462d3e346feac387754771bbd69,0.116,,,
1840,2026-05-21,SH601658,-0.0005078867543488741,EXP_LinearModel_Alpha158_csi300_custom_step0_s_20260521_15,be58d462d3e346feac387754771bbd69,0.116,,,
1841,2026-05-21,SH601668,0.0215896163135767,EXP_LinearModel_Alpha158_csi300_custom_step0_s_20260521_15,be58d462d3e346feac387754771bbd69,0.116,,,
1842,2026-05-21,SH601669,-0.0284630935639143,EXP_LinearModel_Alpha158_csi300_custom_step0_s_20260521_15,be58d462d3e346feac387754771bbd69,0.116,,,
1843,2026-05-21,SH601688,-0.04485683888196945,EXP_LinearModel_Alpha158_csi300_custom_step0_s_20260521_15,be58d462d3e346feac387754771bbd69,0.116,,,
1844,2026-05-21,SH601689,-0.09105752408504486,EXP_LinearModel_Alpha158_csi300_custom_step0_s_20260521_15,be58d462d3e346feac387754771bbd69,0.116,,,
1845,2026-05-21,SH601877,0.01191333495080471,EXP_LinearModel_Alpha158_csi300_custom_step0_s_20260521_15,be58d462d3e346feac387754771bbd69,0.116,,,
1846,2026-05-21,SH601872,0.04860007390379906,EXP_LinearModel_Alpha158_csi300_custom_step0_s_20260521_15,be58d462d3e346feac387754771bbd69,0.116,,,
1847,2026-05-21,SH601868,0.010162388905882835,EXP_LinearModel_Alpha158_csi300_custom_step0_s_20260521_15,be58d462d3e346feac387754771bbd69,0.116,,,
1848,2026-05-21,SH601857,-0.014881758950650692,EXP_LinearModel_Alpha158_csi300_custom_step0_s_20260521_15,be58d462d3e346feac387754771bbd69,0.116,,,
1849,2026-05-21,SH601838,0.05617409944534302,EXP_LinearModel_Alpha158_csi300_custom_step0_s_20260521_15,be58d462d3e346feac387754771bbd69,0.116,,,
1850,2026-05-21,SH601825,-0.003726230701431632,EXP_LinearModel_Alpha158_csi300_custom_step0_s_20260521_15,be58d462d3e346feac387754771bbd69,0.116,,,
1851,2026-05-21,SH601328,-0.017519287765026093,EXP_LinearModel_Alpha158_csi300_custom_step0_s_20260521_15,be58d462d3e346feac387754771bbd69,0.116,,,
1852,2026-05-21,SH601818,0.13160952925682068,EXP_LinearModel_Alpha158_csi300_custom_step0_s_20260521_15,be58d462d3e346feac387754771bbd69,0.116,,,
1853,2026-05-21,SH601808,-0.05661104992032051,EXP_LinearModel_Alpha158_csi300_custom_step0_s_20260521_15,be58d462d3e346feac387754771bbd69,0.116,,,
1854,2026-05-21,SH601800,-0.020548179745674133,EXP_LinearModel_Alpha158_csi300_custom_step0_s_20260521_15,be58d462d3e346feac387754771bbd69,0.116,,,
1855,2026-05-21,SH601788,-0.011379429139196873,EXP_LinearModel_Alpha158_csi300_custom_step0_s_20260521_15,be58d462d3e346feac387754771bbd69,0.116,,,
1856,2026-05-21,SH601766,-0.06219002604484558,EXP_LinearModel_Alpha158_csi300_custom_step0_s_20260521_15,be58d462d3e346feac387754771bbd69,0.116,,,
1857,2026-05-21,SH601728,-0.02597212605178356,EXP_LinearModel_Alpha158_csi300_custom_step0_s_20260521_15,be58d462d3e346feac387754771bbd69,0.116,,,
1858,2026-05-21,SH601698,-0.040002766996622086,EXP_LinearModel_Alpha158_csi300_custom_step0_s_20260521_15,be58d462d3e346feac387754771bbd69,0.116,,,
1859,2026-05-21,SH601816,-0.019543370231986046,EXP_LinearModel_Alpha158_csi300_custom_step0_s_20260521_15,be58d462d3e346feac387754771bbd69,0.116,,,
1860,2026-05-21,SH601878,0.03361527994275093,EXP_LinearModel_Alpha158_csi300_custom_step0_s_20260521_15,be58d462d3e346feac387754771bbd69,0.116,,,
1861,2026-05-21,SH601319,-0.008051007054746151,EXP_LinearModel_Alpha158_csi300_custom_step0_s_20260521_15,be58d462d3e346feac387754771bbd69,0.116,,,
1862,2026-05-21,SH601298,0.05658271163702011,EXP_LinearModel_Alpha158_csi300_custom_step0_s_20260521_15,be58d462d3e346feac387754771bbd69,0.116,,,
1863,2026-05-21,SH600930,-0.012087222188711166,EXP_LinearModel_Alpha158_csi300_custom_step0_s_20260521_15,be58d462d3e346feac387754771bbd69,0.116,,,
1864,2026-05-21,SH600938,0.05749572068452835,EXP_LinearModel_Alpha158_csi300_custom_step0_s_20260521_15,be58d462d3e346feac387754771bbd69,0.116,,,
1865,2026-05-21,SH600941,-0.0005774202290922403,EXP_LinearModel_Alpha158_csi300_custom_step0_s_20260521_15,be58d462d3e346feac387754771bbd69,0.116,,,
1866,2026-05-21,SH600958,,EXP_LinearModel_Alpha158_csi300_custom_step0_s_20260521_15,be58d462d3e346feac387754771bbd69,0.116,,,
1867,2026-05-21,SH600989,0.02077636681497097,EXP_LinearModel_Alpha158_csi300_custom_step0_s_20260521_15,be58d462d3e346feac387754771bbd69,0.116,,,
1868,2026-05-21,SH600999,0.007415086962282658,EXP_LinearModel_Alpha158_csi300_custom_step0_s_20260521_15,be58d462d3e346feac387754771bbd69,0.116,,,
1869,2026-05-21,SH601006,0.06552780419588089,EXP_LinearModel_Alpha158_csi300_custom_step0_s_20260521_15,be58d462d3e346feac387754771bbd69,0.116,,,
1870,2026-05-21,SH601009,-0.04075956717133522,EXP_LinearModel_Alpha158_csi300_custom_step0_s_20260521_15,be58d462d3e346feac387754771bbd69,0.116,,,
1871,2026-05-21,SH601012,0.029151342809200287,EXP_LinearModel_Alpha158_csi300_custom_step0_s_20260521_15,be58d462d3e346feac387754771bbd69,0.116,,,
1872,2026-05-21,SH601018,0.07804085314273834,EXP_LinearModel_Alpha158_csi300_custom_step0_s_20260521_15,be58d462d3e346feac387754771bbd69,0.116,,,
1873,2026-05-21,SH601021,0.0184529609978199,EXP_LinearModel_Alpha158_csi300_custom_step0_s_20260521_15,be58d462d3e346feac387754771bbd69,0.116,,,
1874,2026-05-21,SH601058,-0.06863321363925934,EXP_LinearModel_Alpha158_csi300_custom_step0_s_20260521_15,be58d462d3e346feac387754771bbd69,0.116,,,
1875,2026-05-21,SH601059,0.03003344126045704,EXP_LinearModel_Alpha158_csi300_custom_step0_s_20260521_15,be58d462d3e346feac387754771bbd69,0.116,,,
1876,2026-05-21,SH601066,-0.002663637511432171,EXP_LinearModel_Alpha158_csi300_custom_step0_s_20260521_15,be58d462d3e346feac387754771bbd69,0.116,,,
1877,2026-05-21,SH601077,0.01964513771235943,EXP_LinearModel_Alpha158_csi300_custom_step0_s_20260521_15,be58d462d3e346feac387754771bbd69,0.116,,,
1878,2026-05-21,SH601088,-0.005670209880918264,EXP_LinearModel_Alpha158_csi300_custom_step0_s_20260521_15,be58d462d3e346feac387754771bbd69,0.116,,,
1879,2026-05-21,SH601100,0.009866351261734962,EXP_LinearModel_Alpha158_csi300_custom_step0_s_20260521_15,be58d462d3e346feac387754771bbd69,0.116,,,
1880,2026-05-21,SH601288,0.015679948031902313,EXP_LinearModel_Alpha158_csi300_custom_step0_s_20260521_15,be58d462d3e346feac387754771bbd69,0.116,,,
1881,2026-05-21,SH601238,0.027368534356355667,EXP_LinearModel_Alpha158_csi300_custom_step0_s_20260521_15,be58d462d3e346feac387754771bbd69,0.116,,,
1882,2026-05-21,SH601236,-0.006223883479833603,EXP_LinearModel_Alpha158_csi300_custom_step0_s_20260521_15,be58d462d3e346feac387754771bbd69,0.116,,,
1883,2026-05-21,SH601229,-0.03940627723932266,EXP_LinearModel_Alpha158_csi300_custom_step0_s_20260521_15,be58d462d3e346feac387754771bbd69,0.116,,,
1884,2026-05-21,SH601225,0.04840555042028427,EXP_LinearModel_Alpha158_csi300_custom_step0_s_20260521_15,be58d462d3e346feac387754771bbd69,0.116,,,
1885,2026-05-21,SH601211,-0.019831234589219093,EXP_LinearModel_Alpha158_csi300_custom_step0_s_20260521_15,be58d462d3e346feac387754771bbd69,0.116,,,
1886,2026-05-21,SH601318,-0.0279257670044899,EXP_LinearModel_Alpha158_csi300_custom_step0_s_20260521_15,be58d462d3e346feac387754771bbd69,0.116,,,
1887,2026-05-21,SH601186,0.023596595972776413,EXP_LinearModel_Alpha158_csi300_custom_step0_s_20260521_15,be58d462d3e346feac387754771bbd69,0.116,,,
1888,2026-05-21,SH601166,-0.06937147676944733,EXP_LinearModel_Alpha158_csi300_custom_step0_s_20260521_15,be58d462d3e346feac387754771bbd69,0.116,,,
1889,2026-05-21,SH601138,0.032915666699409485,EXP_LinearModel_Alpha158_csi300_custom_step0_s_20260521_15,be58d462d3e346feac387754771bbd69,0.116,,,
1890,2026-05-21,SH601136,0.00300203962251544,EXP_LinearModel_Alpha158_csi300_custom_step0_s_20260521_15,be58d462d3e346feac387754771bbd69,0.116,,,
1891,2026-05-21,SH601127,-0.014265323057770729,EXP_LinearModel_Alpha158_csi300_custom_step0_s_20260521_15,be58d462d3e346feac387754771bbd69,0.116,,,
1892,2026-05-21,SH601117,-0.018635088577866554,EXP_LinearModel_Alpha158_csi300_custom_step0_s_20260521_15,be58d462d3e346feac387754771bbd69,0.116,,,
1893,2026-05-21,SH601111,-0.023107120767235756,EXP_LinearModel_Alpha158_csi300_custom_step0_s_20260521_15,be58d462d3e346feac387754771bbd69,0.116,,,
1894,2026-05-21,SH601169,0.010147597640752792,EXP_LinearModel_Alpha158_csi300_custom_step0_s_20260521_15,be58d462d3e346feac387754771bbd69,0.116,,,
1895,2026-05-21,SH601881,0.004481948912143707,EXP_LinearModel_Alpha158_csi300_custom_step0_s_20260521_15,be58d462d3e346feac387754771bbd69,0.116,,,
1896,2026-05-21,SH601888,-0.0855182334780693,EXP_LinearModel_Alpha158_csi300_custom_step0_s_20260521_15,be58d462d3e346feac387754771bbd69,0.116,,,
1897,2026-05-21,SH601898,0.04446394369006157,EXP_LinearModel_Alpha158_csi300_custom_step0_s_20260521_15,be58d462d3e346feac387754771bbd69,0.116,,,
1898,2026-05-21,SH688256,-0.011281783692538738,EXP_LinearModel_Alpha158_csi300_custom_step0_s_20260521_15,be58d462d3e346feac387754771bbd69,0.116,,,
1899,2026-05-21,SH688271,0.08425897359848022,EXP_LinearModel_Alpha158_csi300_custom_step0_s_20260521_15,be58d462d3e346feac387754771bbd69,0.116,,,
1900,2026-05-21,SH688303,0.0257546566426754,EXP_LinearModel_Alpha158_csi300_custom_step0_s_20260521_15,be58d462d3e346feac387754771bbd69,0.116,,,
1901,2026-05-21,SH688396,0.1537092924118042,EXP_LinearModel_Alpha158_csi300_custom_step0_s_20260521_15,be58d462d3e346feac387754771bbd69,0.116,,,
1902,2026-05-21,SH688472,0.020572558045387268,EXP_LinearModel_Alpha158_csi300_custom_step0_s_20260521_15,be58d462d3e346feac387754771bbd69,0.116,,,
1903,2026-05-21,SH688506,-0.05930016189813614,EXP_LinearModel_Alpha158_csi300_custom_step0_s_20260521_15,be58d462d3e346feac387754771bbd69,0.116,,,
1904,2026-05-21,SH688981,-0.04670330882072449,EXP_LinearModel_Alpha158_csi300_custom_step0_s_20260521_15,be58d462d3e346feac387754771bbd69,0.116,,,
1905,2026-05-21,SZ000001,-0.03318304568529129,EXP_LinearModel_Alpha158_csi300_custom_step0_s_20260521_15,be58d462d3e346feac387754771bbd69,0.116,,,
1906,2026-05-21,SZ000002,-0.041540663689374924,EXP_LinearModel_Alpha158_csi300_custom_step0_s_20260521_15,be58d462d3e346feac387754771bbd69,0.116,,,
1907,2026-05-21,SZ000063,0.09417485445737839,EXP_LinearModel_Alpha158_csi300_custom_step0_s_20260521_15,be58d462d3e346feac387754771bbd69,0.116,,,
1908,2026-05-21,SZ000100,0.08369161933660507,EXP_LinearModel_Alpha158_csi300_custom_step0_s_20260521_15,be58d462d3e346feac387754771bbd69,0.116,,,
1909,2026-05-21,SZ000157,-0.0680452361702919,EXP_LinearModel_Alpha158_csi300_custom_step0_s_20260521_15,be58d462d3e346feac387754771bbd69,0.116,,,
1910,2026-05-21,SZ000166,0.026774831116199493,EXP_LinearModel_Alpha158_csi300_custom_step0_s_20260521_15,be58d462d3e346feac387754771bbd69,0.116,,,
1911,2026-05-21,SZ000301,0.05451827123761177,EXP_LinearModel_Alpha158_csi300_custom_step0_s_20260521_15,be58d462d3e346feac387754771bbd69,0.116,,,
1912,2026-05-21,SZ000333,0.031300485134124756,EXP_LinearModel_Alpha158_csi300_custom_step0_s_20260521_15,be58d462d3e346feac387754771bbd69,0.116,,,
1913,2026-05-21,SZ000338,0.0829368308186531,EXP_LinearModel_Alpha158_csi300_custom_step0_s_20260521_15,be58d462d3e346feac387754771bbd69,0.116,,,
1914,2026-05-21,SZ000408,0.03395579010248184,EXP_LinearModel_Alpha158_csi300_custom_step0_s_20260521_15,be58d462d3e346feac387754771bbd69,0.116,,,
1915,2026-05-21,SZ000786,-0.04332191124558449,EXP_LinearModel_Alpha158_csi300_custom_step0_s_20260521_15,be58d462d3e346feac387754771bbd69,0.116,,,
1916,2026-05-21,SZ000776,-0.024062437936663628,EXP_LinearModel_Alpha158_csi300_custom_step0_s_20260521_15,be58d462d3e346feac387754771bbd69,0.116,,,
1917,2026-05-21,SZ000768,-0.09170686453580856,EXP_LinearModel_Alpha158_csi300_custom_step0_s_20260521_15,be58d462d3e346feac387754771bbd69,0.116,,,
1918,2026-05-21,SZ000725,-0.07666399329900742,EXP_LinearModel_Alpha158_csi300_custom_step0_s_20260521_15,be58d462d3e346feac387754771bbd69,0.116,,,
1919,2026-05-21,SZ000708,0.02378755994141102,EXP_LinearModel_Alpha158_csi300_custom_step0_s_20260521_15,be58d462d3e346feac387754771bbd69,0.116,,,
1920,2026-05-21,SZ000661,-0.09691904485225677,EXP_LinearModel_Alpha158_csi300_custom_step0_s_20260521_15,be58d462d3e346feac387754771bbd69,0.116,,,
1921,2026-05-21,SH688223,0.018110204488039017,EXP_LinearModel_Alpha158_csi300_custom_step0_s_20260521_15,be58d462d3e346feac387754771bbd69,0.116,,,
1922,2026-05-21,SZ000651,0.04317435249686241,EXP_LinearModel_Alpha158_csi300_custom_step0_s_20260521_15,be58d462d3e346feac387754771bbd69,0.116,,,
1923,2026-05-21,SZ000625,0.015478399582207203,EXP_LinearModel_Alpha158_csi300_custom_step0_s_20260521_15,be58d462d3e346feac387754771bbd69,0.116,,,
1924,2026-05-21,SZ000617,-0.005859326105564833,EXP_LinearModel_Alpha158_csi300_custom_step0_s_20260521_15,be58d462d3e346feac387754771bbd69,0.116,,,
1925,2026-05-21,SZ000596,-0.06216995418071747,EXP_LinearModel_Alpha158_csi300_custom_step0_s_20260521_15,be58d462d3e346feac387754771bbd69,0.116,,,
1926,2026-05-21,SZ000568,-0.018298696726560593,EXP_LinearModel_Alpha158_csi300_custom_step0_s_20260521_15,be58d462d3e346feac387754771bbd69,0.116,,,
1927,2026-05-21,SZ000538,-0.06525224447250366,EXP_LinearModel_Alpha158_csi300_custom_step0_s_20260521_15,be58d462d3e346feac387754771bbd69,0.116,,,
1928,2026-05-21,SZ000425,-0.07557428628206253,EXP_LinearModel_Alpha158_csi300_custom_step0_s_20260521_15,be58d462d3e346feac387754771bbd69,0.116,,,
1929,2026-05-21,SZ000630,-0.0587463453412056,EXP_LinearModel_Alpha158_csi300_custom_step0_s_20260521_15,be58d462d3e346feac387754771bbd69,0.116,,,
1930,2026-05-21,SH688187,0.014840904623270035,EXP_LinearModel_Alpha158_csi300_custom_step0_s_20260521_15,be58d462d3e346feac387754771bbd69,0.116,,,
1931,2026-05-21,SH688169,-0.08794590830802917,EXP_LinearModel_Alpha158_csi300_custom_step0_s_20260521_15,be58d462d3e346feac387754771bbd69,0.116,,,
1932,2026-05-21,SH688126,-0.010202419012784958,EXP_LinearModel_Alpha158_csi300_custom_step0_s_20260521_15,be58d462d3e346feac387754771bbd69,0.116,,,
1933,2026-05-21,SH603288,-0.11168057471513748,EXP_LinearModel_Alpha158_csi300_custom_step0_s_20260521_15,be58d462d3e346feac387754771bbd69,0.116,,,
1934,2026-05-21,SH603260,0.008315838873386383,EXP_LinearModel_Alpha158_csi300_custom_step0_s_20260521_15,be58d462d3e346feac387754771bbd69,0.116,,,
1935,2026-05-21,SH603259,-0.0003556183073669672,EXP_LinearModel_Alpha158_csi300_custom_step0_s_20260521_15,be58d462d3e346feac387754771bbd69,0.116,,,
1936,2026-05-21,SH603195,0.051672570407390594,EXP_LinearModel_Alpha158_csi300_custom_step0_s_20260521_15,be58d462d3e346feac387754771bbd69,0.116,,,
1937,2026-05-21,SH603019,0.06105886399745941,EXP_LinearModel_Alpha158_csi300_custom_step0_s_20260521_15,be58d462d3e346feac387754771bbd69,0.116,,,
1938,2026-05-21,SH601998,-0.06822740286588669,EXP_LinearModel_Alpha158_csi300_custom_step0_s_20260521_15,be58d462d3e346feac387754771bbd69,0.116,,,
1939,2026-05-21,SH603296,0.05445224046707153,EXP_LinearModel_Alpha158_csi300_custom_step0_s_20260521_15,be58d462d3e346feac387754771bbd69,0.116,,,
1940,2026-05-21,SH601995,0.03231041878461838,EXP_LinearModel_Alpha158_csi300_custom_step0_s_20260521_15,be58d462d3e346feac387754771bbd69,0.116,,,
1941,2026-05-21,SH601985,-0.009779202751815319,EXP_LinearModel_Alpha158_csi300_custom_step0_s_20260521_15,be58d462d3e346feac387754771bbd69,0.116,,,
1942,2026-05-21,SH601939,0.04002421721816063,EXP_LinearModel_Alpha158_csi300_custom_step0_s_20260521_15,be58d462d3e346feac387754771bbd69,0.116,,,
1943,2026-05-21,SH601919,-0.05280686169862747,EXP_LinearModel_Alpha158_csi300_custom_step0_s_20260521_15,be58d462d3e346feac387754771bbd69,0.116,,,
1944,2026-05-21,SH601916,0.11558626592159271,EXP_LinearModel_Alpha158_csi300_custom_step0_s_20260521_15,be58d462d3e346feac387754771bbd69,0.116,,,
1945,2026-05-21,SH601901,0.03190981596708298,EXP_LinearModel_Alpha158_csi300_custom_step0_s_20260521_15,be58d462d3e346feac387754771bbd69,0.116,,,
1946,2026-05-21,SH601899,-0.02942674607038498,EXP_LinearModel_Alpha158_csi300_custom_step0_s_20260521_15,be58d462d3e346feac387754771bbd69,0.116,,,
1947,2026-05-21,SH601988,0.028583792969584465,EXP_LinearModel_Alpha158_csi300_custom_step0_s_20260521_15,be58d462d3e346feac387754771bbd69,0.116,,,
1948,2026-05-21,SH600570,-0.016286253929138184,EXP_LinearModel_Alpha158_csi300_custom_step0_s_20260521_15,ca1c59eebd6a4cd4ac3edc442a73a136,0.093,,,
1949,2026-05-21,SH603369,-0.018779896199703217,EXP_LinearModel_Alpha158_csi300_custom_step0_s_20260521_15,be58d462d3e346feac387754771bbd69,0.116,,,
1950,2026-05-21,SH603501,-0.04808074235916138,EXP_LinearModel_Alpha158_csi300_custom_step0_s_20260521_15,be58d462d3e346feac387754771bbd69,0.116,,,
1951,2026-05-21,SH688111,-0.009811347350478172,EXP_LinearModel_Alpha158_csi300_custom_step0_s_20260521_15,be58d462d3e346feac387754771bbd69,0.116,,,
1952,2026-05-21,SH688082,-0.17182885110378265,EXP_LinearModel_Alpha158_csi300_custom_step0_s_20260521_15,be58d462d3e346feac387754771bbd69,0.116,,,
1953,2026-05-21,SH688047,0.10328392684459686,EXP_LinearModel_Alpha158_csi300_custom_step0_s_20260521_15,be58d462d3e346feac387754771bbd69,0.116,,,
1954,2026-05-21,SH688041,0.09237143397331238,EXP_LinearModel_Alpha158_csi300_custom_step0_s_20260521_15,be58d462d3e346feac387754771bbd69,0.116,,,
1955,2026-05-21,SH688036,-0.07032918184995651,EXP_LinearModel_Alpha158_csi300_custom_step0_s_20260521_15,be58d462d3e346feac387754771bbd69,0.116,,,
1956,2026-05-21,SH688012,-0.22630049288272858,EXP_LinearModel_Alpha158_csi300_custom_step0_s_20260521_15,be58d462d3e346feac387754771bbd69,0.116,,,
1957,2026-05-21,SH603392,-0.14358995854854584,EXP_LinearModel_Alpha158_csi300_custom_step0_s_20260521_15,be58d462d3e346feac387754771bbd69,0.116,,,
1958,2026-05-21,SH688009,0.007624228950589895,EXP_LinearModel_Alpha158_csi300_custom_step0_s_20260521_15,be58d462d3e346feac387754771bbd69,0.116,,,
1959,2026-05-21,SH605499,-0.0363512746989727,EXP_LinearModel_Alpha158_csi300_custom_step0_s_20260521_15,be58d462d3e346feac387754771bbd69,0.116,,,
1960,2026-05-21,SH605117,-0.07424572855234146,EXP_LinearModel_Alpha158_csi300_custom_step0_s_20260521_15,be58d462d3e346feac387754771bbd69,0.116,,,
1961,2026-05-21,SH603993,-0.020352354273200035,EXP_LinearModel_Alpha158_csi300_custom_step0_s_20260521_15,be58d462d3e346feac387754771bbd69,0.116,,,
1962,2026-05-21,SH603986,-0.15967215597629547,EXP_LinearModel_Alpha158_csi300_custom_step0_s_20260521_15,be58d462d3e346feac387754771bbd69,0.116,,,
1963,2026-05-21,SH603893,-0.04256085306406021,EXP_LinearModel_Alpha158_csi300_custom_step0_s_20260521_15,be58d462d3e346feac387754771bbd69,0.116,,,
1964,2026-05-21,SH603799,-0.03399718552827835,EXP_LinearModel_Alpha158_csi300_custom_step0_s_20260521_15,be58d462d3e346feac387754771bbd69,0.116,,,
1965,2026-05-21,SH688008,0.009711096994578838,EXP_LinearModel_Alpha158_csi300_custom_step0_s_20260521_15,be58d462d3e346feac387754771bbd69,0.116,,,
1966,2026-05-21,SH600584,0.04803431034088135,EXP_LinearModel_Alpha158_csi300_custom_step0_s_20260521_15,ca1c59eebd6a4cd4ac3edc442a73a136,0.093,,,
1967,2026-05-21,SH600585,0.10910816490650177,EXP_LinearModel_Alpha158_csi300_custom_step0_s_20260521_15,ca1c59eebd6a4cd4ac3edc442a73a136,0.093,,,
1968,2026-05-21,SH600588,-0.030767425894737244,EXP_LinearModel_Alpha158_csi300_custom_step0_s_20260521_15,ca1c59eebd6a4cd4ac3edc442a73a136,0.093,,,
1969,2026-05-21,SZ002142,0.023637160658836365,EXP_LinearModel_Alpha158_csi300_custom_step0_s_20260521_15,ca1c59eebd6a4cd4ac3edc442a73a136,0.093,,,
1970,2026-05-21,SZ002179,0.12731671333312988,EXP_LinearModel_Alpha158_csi300_custom_step0_s_20260521_15,ca1c59eebd6a4cd4ac3edc442a73a136,0.093,,,
1971,2026-05-21,SZ002230,0.08880844712257385,EXP_LinearModel_Alpha158_csi300_custom_step0_s_20260521_15,ca1c59eebd6a4cd4ac3edc442a73a136,0.093,,,
1972,2026-05-21,SZ002236,-0.08016502857208252,EXP_LinearModel_Alpha158_csi300_custom_step0_s_20260521_15,ca1c59eebd6a4cd4ac3edc442a73a136,0.093,,,
1973,2026-05-21,SZ002241,0.12243282794952393,EXP_LinearModel_Alpha158_csi300_custom_step0_s_20260521_15,ca1c59eebd6a4cd4ac3edc442a73a136,0.093,,,
1974,2026-05-21,SZ002252,-0.038818925619125366,EXP_LinearModel_Alpha158_csi300_custom_step0_s_20260521_15,ca1c59eebd6a4cd4ac3edc442a73a136,0.093,,,
1975,2026-05-21,SZ002304,-0.0436214879155159,EXP_LinearModel_Alpha158_csi300_custom_step0_s_20260521_15,ca1c59eebd6a4cd4ac3edc442a73a136,0.093,,,
1976,2026-05-21,SZ002311,-0.15958824753761292,EXP_LinearModel_Alpha158_csi300_custom_step0_s_20260521_15,ca1c59eebd6a4cd4ac3edc442a73a136,0.093,,,
1977,2026-05-21,SZ002352,-0.020329568535089493,EXP_LinearModel_Alpha158_csi300_custom_step0_s_20260521_15,ca1c59eebd6a4cd4ac3edc442a73a136,0.093,,,
1978,2026-05-21,SZ002371,0.10791903734207153,EXP_LinearModel_Alpha158_csi300_custom_step0_s_20260521_15,ca1c59eebd6a4cd4ac3edc442a73a136,0.093,,,
1979,2026-05-21,SZ002384,0.2244255542755127,EXP_LinearModel_Alpha158_csi300_custom_step0_s_20260521_15,ca1c59eebd6a4cd4ac3edc442a73a136,0.093,,,
1980,2026-05-21,SZ002415,-0.007880598306655884,EXP_LinearModel_Alpha158_csi300_custom_step0_s_20260521_15,ca1c59eebd6a4cd4ac3edc442a73a136,0.093,,,
1981,2026-05-21,SZ002422,0.010565266013145447,EXP_LinearModel_Alpha158_csi300_custom_step0_s_20260521_15,ca1c59eebd6a4cd4ac3edc442a73a136,0.093,,,
1982,2026-05-21,SZ002459,0.022770334035158157,EXP_LinearModel_Alpha158_csi300_custom_step0_s_20260521_15,ca1c59eebd6a4cd4ac3edc442a73a136,0.093,,,
1983,2026-05-21,SZ002460,0.1251257210969925,EXP_LinearModel_Alpha158_csi300_custom_step0_s_20260521_15,ca1c59eebd6a4cd4ac3edc442a73a136,0.093,,,
1984,2026-05-21,SZ002463,0.24549110233783722,EXP_LinearModel_Alpha158_csi300_custom_step0_s_20260521_15,ca1c59eebd6a4cd4ac3edc442a73a136,0.093,,,
1985,2026-05-21,SZ002466,0.20645195245742798,EXP_LinearModel_Alpha158_csi300_custom_step0_s_20260521_15,ca1c59eebd6a4cd4ac3edc442a73a136,0.093,,,
1986,2026-05-21,SZ003816,0.04135870933532715,EXP_LinearModel_Alpha158_csi300_custom_step0_s_20260521_15,ca1c59eebd6a4cd4ac3edc442a73a136,0.093,,,
1987,2026-05-21,SZ002938,0.35797119140625,EXP_LinearModel_Alpha158_csi300_custom_step0_s_20260521_15,ca1c59eebd6a4cd4ac3edc442a73a136,0.093,,,
1988,2026-05-21,SZ002920,0.09248232841491699,EXP_LinearModel_Alpha158_csi300_custom_step0_s_20260521_15,ca1c59eebd6a4cd4ac3edc442a73a136,0.093,,,
1989,2026-05-21,SZ002916,0.2503938674926758,EXP_LinearModel_Alpha158_csi300_custom_step0_s_20260521_15,ca1c59eebd6a4cd4ac3edc442a73a136,0.093,,,
1990,2026-05-21,SZ002736,-0.11440734565258026,EXP_LinearModel_Alpha158_csi300_custom_step0_s_20260521_15,ca1c59eebd6a4cd4ac3edc442a73a136,0.093,,,
1991,2026-05-21,SZ002714,-0.080049529671669,EXP_LinearModel_Alpha158_csi300_custom_step0_s_20260521_15,ca1c59eebd6a4cd4ac3edc442a73a136,0.093,,,
1992,2026-05-21,SZ002074,-0.02063552290201187,EXP_LinearModel_Alpha158_csi300_custom_step0_s_20260521_15,ca1c59eebd6a4cd4ac3edc442a73a136,0.093,,,
1993,2026-05-21,SZ002709,0.2713574767112732,EXP_LinearModel_Alpha158_csi300_custom_step0_s_20260521_15,ca1c59eebd6a4cd4ac3edc442a73a136,0.093,,,
1994,2026-05-21,SZ002625,0.09453120827674866,EXP_LinearModel_Alpha158_csi300_custom_step0_s_20260521_15,ca1c59eebd6a4cd4ac3edc442a73a136,0.093,,,
1995,2026-05-21,SZ002601,0.005422811955213547,EXP_LinearModel_Alpha158_csi300_custom_step0_s_20260521_15,ca1c59eebd6a4cd4ac3edc442a73a136,0.093,,,
1996,2026-05-21,SZ002600,-0.0796661376953125,EXP_LinearModel_Alpha158_csi300_custom_step0_s_20260521_15,ca1c59eebd6a4cd4ac3edc442a73a136,0.093,,,
1997,2026-05-21,SZ002594,-0.0575728714466095,EXP_LinearModel_Alpha158_csi300_custom_step0_s_20260521_15,ca1c59eebd6a4cd4ac3edc442a73a136,0.093,,,
1998,2026-05-21,SZ002493,0.03646651655435562,EXP_LinearModel_Alpha158_csi300_custom_step0_s_20260521_15,ca1c59eebd6a4cd4ac3edc442a73a136,0.093,,,
1999,2026-05-21,SZ002475,0.06755755841732025,EXP_LinearModel_Alpha158_csi300_custom_step0_s_20260521_15,ca1c59eebd6a4cd4ac3edc442a73a136,0.093,,,
2000,2026-05-21,SZ002648,-0.15023653209209442,EXP_LinearModel_Alpha158_csi300_custom_step0_s_20260521_15,ca1c59eebd6a4cd4ac3edc442a73a136,0.093,,,
2001,2026-05-21,SZ300014,0.028174400329589844,EXP_LinearModel_Alpha158_csi300_custom_step0_s_20260521_15,ca1c59eebd6a4cd4ac3edc442a73a136,0.093,,,
2002,2026-05-21,SZ002050,0.07455188035964966,EXP_LinearModel_Alpha158_csi300_custom_step0_s_20260521_15,ca1c59eebd6a4cd4ac3edc442a73a136,0.093,,,
2003,2026-05-21,SZ002028,0.01857447624206543,EXP_LinearModel_Alpha158_csi300_custom_step0_s_20260521_15,ca1c59eebd6a4cd4ac3edc442a73a136,0.093,,,
2004,2026-05-21,SZ000408,0.23642858862876892,EXP_LinearModel_Alpha158_csi300_custom_step0_s_20260521_15,ca1c59eebd6a4cd4ac3edc442a73a136,0.093,,,
2005,2026-05-21,SZ000425,0.07599681615829468,EXP_LinearModel_Alpha158_csi300_custom_step0_s_20260521_15,ca1c59eebd6a4cd4ac3edc442a73a136,0.093,,,
2006,2026-05-21,SZ000538,-0.09408849477767944,EXP_LinearModel_Alpha158_csi300_custom_step0_s_20260521_15,ca1c59eebd6a4cd4ac3edc442a73a136,0.093,,,
2007,2026-05-21,SZ000568,-0.04426601901650429,EXP_LinearModel_Alpha158_csi300_custom_step0_s_20260521_15,ca1c59eebd6a4cd4ac3edc442a73a136,0.093,,,
2008,2026-05-21,SZ000596,0.11048313230276108,EXP_LinearModel_Alpha158_csi300_custom_step0_s_20260521_15,ca1c59eebd6a4cd4ac3edc442a73a136,0.093,,,
2009,2026-05-21,SZ000617,0.2966618537902832,EXP_LinearModel_Alpha158_csi300_custom_step0_s_20260521_15,ca1c59eebd6a4cd4ac3edc442a73a136,0.093,,,
2010,2026-05-21,SZ000625,-0.020391255617141724,EXP_LinearModel_Alpha158_csi300_custom_step0_s_20260521_15,ca1c59eebd6a4cd4ac3edc442a73a136,0.093,,,
2011,2026-05-21,SZ000630,0.17230215668678284,EXP_LinearModel_Alpha158_csi300_custom_step0_s_20260521_15,ca1c59eebd6a4cd4ac3edc442a73a136,0.093,,,
2012,2026-05-21,SZ000651,-0.004133075475692749,EXP_LinearModel_Alpha158_csi300_custom_step0_s_20260521_15,ca1c59eebd6a4cd4ac3edc442a73a136,0.093,,,
2013,2026-05-21,SZ000661,0.06530976295471191,EXP_LinearModel_Alpha158_csi300_custom_step0_s_20260521_15,ca1c59eebd6a4cd4ac3edc442a73a136,0.093,,,
2014,2026-05-21,SZ000708,-0.0803745687007904,EXP_LinearModel_Alpha158_csi300_custom_step0_s_20260521_15,ca1c59eebd6a4cd4ac3edc442a73a136,0.093,,,
2015,2026-05-21,SZ000725,0.12640884518623352,EXP_LinearModel_Alpha158_csi300_custom_step0_s_20260521_15,ca1c59eebd6a4cd4ac3edc442a73a136,0.093,,,
2016,2026-05-21,SZ000768,-0.004749581217765808,EXP_LinearModel_Alpha158_csi300_custom_step0_s_20260521_15,ca1c59eebd6a4cd4ac3edc442a73a136,0.093,,,
2017,2026-05-21,SZ000776,0.036107227206230164,EXP_LinearModel_Alpha158_csi300_custom_step0_s_20260521_15,ca1c59eebd6a4cd4ac3edc442a73a136,0.093,,,
2018,2026-05-21,SZ000786,-0.008512146770954132,EXP_LinearModel_Alpha158_csi300_custom_step0_s_20260521_15,ca1c59eebd6a4cd4ac3edc442a73a136,0.093,,,
2019,2026-05-21,SZ000792,0.01819790154695511,EXP_LinearModel_Alpha158_csi300_custom_step0_s_20260521_15,ca1c59eebd6a4cd4ac3edc442a73a136,0.093,,,
2020,2026-05-21,SZ000807,0.0946887955069542,EXP_LinearModel_Alpha158_csi300_custom_step0_s_20260521_15,ca1c59eebd6a4cd4ac3edc442a73a136,0.093,,,
2021,2026-05-21,SZ002027,0.018968701362609863,EXP_LinearModel_Alpha158_csi300_custom_step0_s_20260521_15,ca1c59eebd6a4cd4ac3edc442a73a136,0.093,,,
2022,2026-05-21,SZ002001,-0.0627143383026123,EXP_LinearModel_Alpha158_csi300_custom_step0_s_20260521_15,ca1c59eebd6a4cd4ac3edc442a73a136,0.093,,,
2023,2026-05-21,SZ001979,-0.09959058463573456,EXP_LinearModel_Alpha158_csi300_custom_step0_s_20260521_15,ca1c59eebd6a4cd4ac3edc442a73a136,0.093,,,
2024,2026-05-21,SZ001965,0.06422983855009079,EXP_LinearModel_Alpha158_csi300_custom_step0_s_20260521_15,ca1c59eebd6a4cd4ac3edc442a73a136,0.093,,,
2025,2026-05-21,SZ001391,-0.11288198083639145,EXP_LinearModel_Alpha158_csi300_custom_step0_s_20260521_15,ca1c59eebd6a4cd4ac3edc442a73a136,0.093,,,
2026,2026-05-21,SZ000999,-0.06283153593540192,EXP_LinearModel_Alpha158_csi300_custom_step0_s_20260521_15,ca1c59eebd6a4cd4ac3edc442a73a136,0.093,,,
2027,2026-05-21,SZ002049,0.16355234384536743,EXP_LinearModel_Alpha158_csi300_custom_step0_s_20260521_15,ca1c59eebd6a4cd4ac3edc442a73a136,0.093,,,
2028,2026-05-21,SZ000983,0.012421999126672745,EXP_LinearModel_Alpha158_csi300_custom_step0_s_20260521_15,ca1c59eebd6a4cd4ac3edc442a73a136,0.093,,,
2029,2026-05-21,SZ000975,0.22319871187210083,EXP_LinearModel_Alpha158_csi300_custom_step0_s_20260521_15,ca1c59eebd6a4cd4ac3edc442a73a136,0.093,,,
2030,2026-05-21,SZ000963,0.09126199781894684,EXP_LinearModel_Alpha158_csi300_custom_step0_s_20260521_15,ca1c59eebd6a4cd4ac3edc442a73a136,0.093,,,
2031,2026-05-21,SZ000938,-0.10151350498199463,EXP_LinearModel_Alpha158_csi300_custom_step0_s_20260521_15,ca1c59eebd6a4cd4ac3edc442a73a136,0.093,,,
2032,2026-05-21,SZ000895,-0.10553190112113953,EXP_LinearModel_Alpha158_csi300_custom_step0_s_20260521_15,ca1c59eebd6a4cd4ac3edc442a73a136,0.093,,,
2033,2026-05-21,SZ000876,-0.005290761590003967,EXP_LinearModel_Alpha158_csi300_custom_step0_s_20260521_15,ca1c59eebd6a4cd4ac3edc442a73a136,0.093,,,
2034,2026-05-21,SZ000858,-0.11887632310390472,EXP_LinearModel_Alpha158_csi300_custom_step0_s_20260521_15,ca1c59eebd6a4cd4ac3edc442a73a136,0.093,,,
2035,2026-05-21,SZ000977,-0.014874830842018127,EXP_LinearModel_Alpha158_csi300_custom_step0_s_20260521_15,ca1c59eebd6a4cd4ac3edc442a73a136,0.093,,,
2036,2026-05-21,SZ300015,0.17800909280776978,EXP_LinearModel_Alpha158_csi300_custom_step0_s_20260521_15,ca1c59eebd6a4cd4ac3edc442a73a136,0.093,,,
2037,2026-05-21,SZ300033,0.2091091275215149,EXP_LinearModel_Alpha158_csi300_custom_step0_s_20260521_15,ca1c59eebd6a4cd4ac3edc442a73a136,0.093,,,
2038,2026-05-21,SZ300059,0.0752565860748291,EXP_LinearModel_Alpha158_csi300_custom_step0_s_20260521_15,ca1c59eebd6a4cd4ac3edc442a73a136,0.093,,,
2039,2026-05-21,SH600016,0.012637239880859852,EXP_XGBModel_Alpha158_csi300_custom_step0_s_20260521_15,252cb05fd4154305949c52dd52d74ded,0.082,,,
2040,2026-05-21,SH600018,0.0740739181637764,EXP_XGBModel_Alpha158_csi300_custom_step0_s_20260521_15,252cb05fd4154305949c52dd52d74ded,0.082,,,
2041,2026-05-21,SH600019,-0.02906896360218525,EXP_XGBModel_Alpha158_csi300_custom_step0_s_20260521_15,252cb05fd4154305949c52dd52d74ded,0.082,,,
2042,2026-05-21,SH600023,0.098359614610672,EXP_XGBModel_Alpha158_csi300_custom_step0_s_20260521_15,252cb05fd4154305949c52dd52d74ded,0.082,,,
2043,2026-05-21,SH600025,0.006008155178278685,EXP_XGBModel_Alpha158_csi300_custom_step0_s_20260521_15,252cb05fd4154305949c52dd52d74ded,0.082,,,
2044,2026-05-21,SH600026,-0.07528258115053177,EXP_XGBModel_Alpha158_csi300_custom_step0_s_20260521_15,252cb05fd4154305949c52dd52d74ded,0.082,,,
2045,2026-05-21,SH600027,-0.005449652671813965,EXP_XGBModel_Alpha158_csi300_custom_step0_s_20260521_15,252cb05fd4154305949c52dd52d74ded,0.082,,,
2046,2026-05-21,SH600028,0.0012307146098464727,EXP_XGBModel_Alpha158_csi300_custom_step0_s_20260521_15,252cb05fd4154305949c52dd52d74ded,0.082,,,
2047,2026-05-21,SH600029,-0.04426362365484238,EXP_XGBModel_Alpha158_csi300_custom_step0_s_20260521_15,252cb05fd4154305949c52dd52d74ded,0.082,,,
2048,2026-05-21,SH600030,-0.0008303643553517759,EXP_XGBModel_Alpha158_csi300_custom_step0_s_20260521_15,252cb05fd4154305949c52dd52d74ded,0.082,,,
2049,2026-05-21,SH600031,-0.16367176175117493,EXP_XGBModel_Alpha158_csi300_custom_step0_s_20260521_15,252cb05fd4154305949c52dd52d74ded,0.082,,,
2050,2026-05-21,SH600036,-0.001948818564414978,EXP_XGBModel_Alpha158_csi300_custom_step0_s_20260521_15,252cb05fd4154305949c52dd52d74ded,0.082,,,
2051,2026-05-21,SH600039,0.03883923590183258,EXP_XGBModel_Alpha158_csi300_custom_step0_s_20260521_15,252cb05fd4154305949c52dd52d74ded,0.082,,,
2052,2026-05-21,SH600048,-0.044907692819833755,EXP_XGBModel_Alpha158_csi300_custom_step0_s_20260521_15,252cb05fd4154305949c52dd52d74ded,0.082,,,
2053,2026-05-21,SH600050,-0.03955558314919472,EXP_XGBModel_Alpha158_csi300_custom_step0_s_20260521_15,252cb05fd4154305949c52dd52d74ded,0.082,,,
2054,2026-05-21,SH600061,-0.024941695854067802,EXP_XGBModel_Alpha158_csi300_custom_step0_s_20260521_15,252cb05fd4154305949c52dd52d74ded,0.082,,,
2055,2026-05-21,SH600066,-0.02160237915813923,EXP_XGBModel_Alpha158_csi300_custom_step0_s_20260521_15,252cb05fd4154305949c52dd52d74ded,0.082,,,
2056,2026-05-21,SH600233,-0.005718524102121592,EXP_XGBModel_Alpha158_csi300_custom_step0_s_20260521_15,252cb05fd4154305949c52dd52d74ded,0.082,,,
2057,2026-05-21,SH600219,-0.02463405765593052,EXP_XGBModel_Alpha158_csi300_custom_step0_s_20260521_15,252cb05fd4154305949c52dd52d74ded,0.082,,,
2058,2026-05-21,SH600196,-0.03813255950808525,EXP_XGBModel_Alpha158_csi300_custom_step0_s_20260521_15,252cb05fd4154305949c52dd52d74ded,0.082,,,
2059,2026-05-21,SH600188,-0.0640733391046524,EXP_XGBModel_Alpha158_csi300_custom_step0_s_20260521_15,252cb05fd4154305949c52dd52d74ded,0.082,,,
2060,2026-05-21,SH600183,-0.35685479640960693,EXP_XGBModel_Alpha158_csi300_custom_step0_s_20260521_15,252cb05fd4154305949c52dd52d74ded,0.082,,,
2061,2026-05-21,SH600176,0.08664504438638687,EXP_XGBModel_Alpha158_csi300_custom_step0_s_20260521_15,252cb05fd4154305949c52dd52d74ded,0.082,,,
2062,2026-05-21,SH600015,-0.0009526916546747088,EXP_XGBModel_Alpha158_csi300_custom_step0_s_20260521_15,252cb05fd4154305949c52dd52d74ded,0.082,,,
2063,2026-05-21,SH600161,-0.0534236803650856,EXP_XGBModel_Alpha158_csi300_custom_step0_s_20260521_15,252cb05fd4154305949c52dd52d74ded,0.082,,,
2064,2026-05-21,SH600150,-0.028125321492552757,EXP_XGBModel_Alpha158_csi300_custom_step0_s_20260521_15,252cb05fd4154305949c52dd52d74ded,0.082,,,
2065,2026-05-21,SH600115,-0.038063373416662216,EXP_XGBModel_Alpha158_csi300_custom_step0_s_20260521_15,252cb05fd4154305949c52dd52d74ded,0.082,,,
2066,2026-05-21,SH600111,-0.09849965572357178,EXP_XGBModel_Alpha158_csi300_custom_step0_s_20260521_15,252cb05fd4154305949c52dd52d74ded,0.082,,,
2067,2026-05-21,SH600104,-0.018456177785992622,EXP_XGBModel_Alpha158_csi300_custom_step0_s_20260521_15,252cb05fd4154305949c52dd52d74ded,0.082,,,
2068,2026-05-21,SH600089,-0.049740228801965714,EXP_XGBModel_Alpha158_csi300_custom_step0_s_20260521_15,252cb05fd4154305949c52dd52d74ded,0.082,,,
2069,2026-05-21,SH600085,-0.016497313976287842,EXP_XGBModel_Alpha158_csi300_custom_step0_s_20260521_15,252cb05fd4154305949c52dd52d74ded,0.082,,,
2070,2026-05-21,SH600160,-0.029352860525250435,EXP_XGBModel_Alpha158_csi300_custom_step0_s_20260521_15,252cb05fd4154305949c52dd52d74ded,0.082,,,
2071,2026-05-21,SH600011,-0.011376536451280117,EXP_XGBModel_Alpha158_csi300_custom_step0_s_20260521_15,252cb05fd4154305949c52dd52d74ded,0.082,,,
2072,2026-05-21,SH600010,-0.0497499480843544,EXP_XGBModel_Alpha158_csi300_custom_step0_s_20260521_15,252cb05fd4154305949c52dd52d74ded,0.082,,,
2073,2026-05-21,SH600009,-0.0030794786289334297,EXP_XGBModel_Alpha158_csi300_custom_step0_s_20260521_15,252cb05fd4154305949c52dd52d74ded,0.082,,,
2074,2026-05-21,SZ300476,0.0849393755197525,EXP_LinearModel_Alpha158_csi300_custom_step0_s_20260521_15,ca1c59eebd6a4cd4ac3edc442a73a136,0.093,,,
2075,2026-05-21,SZ300442,,EXP_LinearModel_Alpha158_csi300_custom_step0_s_20260521_15,ca1c59eebd6a4cd4ac3edc442a73a136,0.093,,,
2076,2026-05-21,SZ300433,-0.03486216068267822,EXP_LinearModel_Alpha158_csi300_custom_step0_s_20260521_15,ca1c59eebd6a4cd4ac3edc442a73a136,0.093,,,
2077,2026-05-21,SZ300418,0.1934223771095276,EXP_LinearModel_Alpha158_csi300_custom_step0_s_20260521_15,ca1c59eebd6a4cd4ac3edc442a73a136,0.093,,,
2078,2026-05-21,SZ300413,0.08125615119934082,EXP_LinearModel_Alpha158_csi300_custom_step0_s_20260521_15,ca1c59eebd6a4cd4ac3edc442a73a136,0.093,,,
2079,2026-05-21,SZ300408,0.2061009705066681,EXP_LinearModel_Alpha158_csi300_custom_step0_s_20260521_15,ca1c59eebd6a4cd4ac3edc442a73a136,0.093,,,
2080,2026-05-21,SZ300498,-0.11745014786720276,EXP_LinearModel_Alpha158_csi300_custom_step0_s_20260521_15,ca1c59eebd6a4cd4ac3edc442a73a136,0.093,,,
2081,2026-05-21,SZ300394,0.030230484902858734,EXP_LinearModel_Alpha158_csi300_custom_step0_s_20260521_15,ca1c59eebd6a4cd4ac3edc442a73a136,0.093,,,
2082,2026-05-21,SZ300316,-0.16445204615592957,EXP_LinearModel_Alpha158_csi300_custom_step0_s_20260521_15,ca1c59eebd6a4cd4ac3edc442a73a136,0.093,,,
2083,2026-05-21,SZ300308,0.030561603605747223,EXP_LinearModel_Alpha158_csi300_custom_step0_s_20260521_15,ca1c59eebd6a4cd4ac3edc442a73a136,0.093,,,
2084,2026-05-21,SZ300274,0.00937873125076294,EXP_LinearModel_Alpha158_csi300_custom_step0_s_20260521_15,ca1c59eebd6a4cd4ac3edc442a73a136,0.093,,,
2085,2026-05-21,SZ300251,0.33671677112579346,EXP_LinearModel_Alpha158_csi300_custom_step0_s_20260521_15,ca1c59eebd6a4cd4ac3edc442a73a136,0.093,,,
2086,2026-05-21,SZ300124,0.18935027718544006,EXP_LinearModel_Alpha158_csi300_custom_step0_s_20260521_15,ca1c59eebd6a4cd4ac3edc442a73a136,0.093,,,
2087,2026-05-21,SZ300122,-0.11813806742429733,EXP_LinearModel_Alpha158_csi300_custom_step0_s_20260521_15,ca1c59eebd6a4cd4ac3edc442a73a136,0.093,,,
2088,2026-05-21,SZ300347,0.06305431574583054,EXP_LinearModel_Alpha158_csi300_custom_step0_s_20260521_15,ca1c59eebd6a4cd4ac3edc442a73a136,0.093,,,
2089,2026-05-21,SZ000338,0.34112548828125,EXP_LinearModel_Alpha158_csi300_custom_step0_s_20260521_15,ca1c59eebd6a4cd4ac3edc442a73a136,0.093,,,
2090,2026-05-21,SZ300502,0.24306531250476837,EXP_LinearModel_Alpha158_csi300_custom_step0_s_20260521_15,ca1c59eebd6a4cd4ac3edc442a73a136,0.093,,,
2091,2026-05-21,SZ300661,0.11176560819149017,EXP_LinearModel_Alpha158_csi300_custom_step0_s_20260521_15,ca1c59eebd6a4cd4ac3edc442a73a136,0.093,,,
2092,2026-05-21,SH600000,0.005050693638622761,EXP_XGBModel_Alpha158_csi300_custom_step0_s_20260521_15,252cb05fd4154305949c52dd52d74ded,0.082,,,
2093,2026-05-21,SZ302132,-0.08658382296562195,EXP_LinearModel_Alpha158_csi300_custom_step0_s_20260521_15,ca1c59eebd6a4cd4ac3edc442a73a136,0.093,,,
2094,2026-05-21,SZ301269,-0.13229972124099731,EXP_LinearModel_Alpha158_csi300_custom_step0_s_20260521_15,ca1c59eebd6a4cd4ac3edc442a73a136,0.093,,,
2095,2026-05-21,SZ301236,0.06837520003318787,EXP_LinearModel_Alpha158_csi300_custom_step0_s_20260521_15,ca1c59eebd6a4cd4ac3edc442a73a136,0.093,,,
2096,2026-05-21,SZ300999,-0.03444787114858627,EXP_LinearModel_Alpha158_csi300_custom_step0_s_20260521_15,ca1c59eebd6a4cd4ac3edc442a73a136,0.093,,,
2097,2026-05-21,SZ300979,-0.09794765710830688,EXP_LinearModel_Alpha158_csi300_custom_step0_s_20260521_15,ca1c59eebd6a4cd4ac3edc442a73a136,0.093,,,
2098,2026-05-21,SZ300628,0.021969720721244812,EXP_LinearModel_Alpha158_csi300_custom_step0_s_20260521_15,ca1c59eebd6a4cd4ac3edc442a73a136,0.093,,,
2099,2026-05-21,SZ300896,0.09883451461791992,EXP_LinearModel_Alpha158_csi300_custom_step0_s_20260521_15,ca1c59eebd6a4cd4ac3edc442a73a136,0.093,,,
2100,2026-05-21,SZ300832,0.044557154178619385,EXP_LinearModel_Alpha158_csi300_custom_step0_s_20260521_15,ca1c59eebd6a4cd4ac3edc442a73a136,0.093,,,
2101,2026-05-21,SZ300803,0.0581015944480896,EXP_LinearModel_Alpha158_csi300_custom_step0_s_20260521_15,ca1c59eebd6a4cd4ac3edc442a73a136,0.093,,,
2102,2026-05-21,SZ300782,-0.0007689595222473145,EXP_LinearModel_Alpha158_csi300_custom_step0_s_20260521_15,ca1c59eebd6a4cd4ac3edc442a73a136,0.093,,,
2103,2026-05-21,SZ300760,0.008570253849029541,EXP_LinearModel_Alpha158_csi300_custom_step0_s_20260521_15,ca1c59eebd6a4cd4ac3edc442a73a136,0.093,,,
2104,2026-05-21,SZ300759,0.0030961185693740845,EXP_LinearModel_Alpha158_csi300_custom_step0_s_20260521_15,ca1c59eebd6a4cd4ac3edc442a73a136,0.093,,,
2105,2026-05-21,SZ300750,-0.09885309636592865,EXP_LinearModel_Alpha158_csi300_custom_step0_s_20260521_15,ca1c59eebd6a4cd4ac3edc442a73a136,0.093,,,
2106,2026-05-21,SZ300866,0.03150482475757599,EXP_LinearModel_Alpha158_csi300_custom_step0_s_20260521_15,ca1c59eebd6a4cd4ac3edc442a73a136,0.093,,,
2107,2026-05-21,SH600919,0.0478164367377758,EXP_LinearModel_Alpha158_csi300_custom_step0_s_20260521_15,be58d462d3e346feac387754771bbd69,0.116,,,
2108,2026-05-21,SZ000333,0.11024701595306396,EXP_LinearModel_Alpha158_csi300_custom_step0_s_20260521_15,ca1c59eebd6a4cd4ac3edc442a73a136,0.093,,,
2109,2026-05-21,SZ000166,-0.01485598087310791,EXP_LinearModel_Alpha158_csi300_custom_step0_s_20260521_15,ca1c59eebd6a4cd4ac3edc442a73a136,0.093,,,
2110,2026-05-21,SH601100,0.04328753054141998,EXP_LinearModel_Alpha158_csi300_custom_step0_s_20260521_15,ca1c59eebd6a4cd4ac3edc442a73a136,0.093,,,
2111,2026-05-21,SH601111,0.058321788907051086,EXP_LinearModel_Alpha158_csi300_custom_step0_s_20260521_15,ca1c59eebd6a4cd4ac3edc442a73a136,0.093,,,
2112,2026-05-21,SH601117,0.16117313504219055,EXP_LinearModel_Alpha158_csi300_custom_step0_s_20260521_15,ca1c59eebd6a4cd4ac3edc442a73a136,0.093,,,
2113,2026-05-21,SH601127,0.19796884059906006,EXP_LinearModel_Alpha158_csi300_custom_step0_s_20260521_15,ca1c59eebd6a4cd4ac3edc442a73a136,0.093,,,
2114,2026-05-21,SH601136,-0.01904401183128357,EXP_LinearModel_Alpha158_csi300_custom_step0_s_20260521_15,ca1c59eebd6a4cd4ac3edc442a73a136,0.093,,,
2115,2026-05-21,SH601138,0.17970764636993408,EXP_LinearModel_Alpha158_csi300_custom_step0_s_20260521_15,ca1c59eebd6a4cd4ac3edc442a73a136,0.093,,,
2116,2026-05-21,SH601166,-0.06806458532810211,EXP_LinearModel_Alpha158_csi300_custom_step0_s_20260521_15,ca1c59eebd6a4cd4ac3edc442a73a136,0.093,,,
2117,2026-05-21,SH601169,-0.08010561764240265,EXP_LinearModel_Alpha158_csi300_custom_step0_s_20260521_15,ca1c59eebd6a4cd4ac3edc442a73a136,0.093,,,
2118,2026-05-21,SH601186,-0.020775511860847473,EXP_LinearModel_Alpha158_csi300_custom_step0_s_20260521_15,ca1c59eebd6a4cd4ac3edc442a73a136,0.093,,,
2119,2026-05-21,SH601211,-0.007903844118118286,EXP_LinearModel_Alpha158_csi300_custom_step0_s_20260521_15,ca1c59eebd6a4cd4ac3edc442a73a136,0.093,,,
2120,2026-05-21,SH601225,-0.039958804845809937,EXP_LinearModel_Alpha158_csi300_custom_step0_s_20260521_15,ca1c59eebd6a4cd4ac3edc442a73a136,0.093,,,
2121,2026-05-21,SH601229,-0.0974586233496666,EXP_LinearModel_Alpha158_csi300_custom_step0_s_20260521_15,ca1c59eebd6a4cd4ac3edc442a73a136,0.093,,,
2122,2026-05-21,SH601236,-0.009705126285552979,EXP_LinearModel_Alpha158_csi300_custom_step0_s_20260521_15,ca1c59eebd6a4cd4ac3edc442a73a136,0.093,,,
2123,2026-05-21,SH601238,-0.05688409507274628,EXP_LinearModel_Alpha158_csi300_custom_step0_s_20260521_15,ca1c59eebd6a4cd4ac3edc442a73a136,0.093,,,
2124,2026-05-21,SH601288,-0.032853275537490845,EXP_LinearModel_Alpha158_csi300_custom_step0_s_20260521_15,ca1c59eebd6a4cd4ac3edc442a73a136,0.093,,,
2125,2026-05-21,SH601298,0.030102811753749847,EXP_LinearModel_Alpha158_csi300_custom_step0_s_20260521_15,ca1c59eebd6a4cd4ac3edc442a73a136,0.093,,,
2126,2026-05-21,SH601318,0.04530595242977142,EXP_LinearModel_Alpha158_csi300_custom_step0_s_20260521_15,ca1c59eebd6a4cd4ac3edc442a73a136,0.093,,,
2127,2026-05-21,SH601633,-0.012600690126419067,EXP_LinearModel_Alpha158_csi300_custom_step0_s_20260521_15,ca1c59eebd6a4cd4ac3edc442a73a136,0.093,,,
2128,2026-05-21,SH601628,0.010303229093551636,EXP_LinearModel_Alpha158_csi300_custom_step0_s_20260521_15,ca1c59eebd6a4cd4ac3edc442a73a136,0.093,,,
2129,2026-05-21,SH601618,0.009651921689510345,EXP_LinearModel_Alpha158_csi300_custom_step0_s_20260521_15,ca1c59eebd6a4cd4ac3edc442a73a136,0.093,,,
2130,2026-05-21,SH601607,-0.040714919567108154,EXP_LinearModel_Alpha158_csi300_custom_step0_s_20260521_15,ca1c59eebd6a4cd4ac3edc442a73a136,0.093,,,
2131,2026-05-21,SH601601,-0.08246979117393494,EXP_LinearModel_Alpha158_csi300_custom_step0_s_20260521_15,ca1c59eebd6a4cd4ac3edc442a73a136,0.093,,,
2132,2026-05-21,SH601600,0.28007930517196655,EXP_LinearModel_Alpha158_csi300_custom_step0_s_20260521_15,ca1c59eebd6a4cd4ac3edc442a73a136,0.093,,,
2133,2026-05-21,SH601088,-0.049840934574604034,EXP_LinearModel_Alpha158_csi300_custom_step0_s_20260521_15,ca1c59eebd6a4cd4ac3edc442a73a136,0.093,,,
2134,2026-05-21,SH601456,0.036956384778022766,EXP_LinearModel_Alpha158_csi300_custom_step0_s_20260521_15,ca1c59eebd6a4cd4ac3edc442a73a136,0.093,,,
2135,2026-05-21,SH601390,-0.007929414510726929,EXP_LinearModel_Alpha158_csi300_custom_step0_s_20260521_15,ca1c59eebd6a4cd4ac3edc442a73a136,0.093,,,
2136,2026-05-21,SH601377,0.030210107564926147,EXP_LinearModel_Alpha158_csi300_custom_step0_s_20260521_15,ca1c59eebd6a4cd4ac3edc442a73a136,0.093,,,
2137,2026-05-21,SH601360,0.017607808113098145,EXP_LinearModel_Alpha158_csi300_custom_step0_s_20260521_15,ca1c59eebd6a4cd4ac3edc442a73a136,0.093,,,
2138,2026-05-21,SH601336,0.036219894886016846,EXP_LinearModel_Alpha158_csi300_custom_step0_s_20260521_15,ca1c59eebd6a4cd4ac3edc442a73a136,0.093,,,
2139,2026-05-21,SH601328,-0.04034876823425293,EXP_LinearModel_Alpha158_csi300_custom_step0_s_20260521_15,ca1c59eebd6a4cd4ac3edc442a73a136,0.093,,,
2140,2026-05-21,SH601319,0.040085919201374054,EXP_LinearModel_Alpha158_csi300_custom_step0_s_20260521_15,ca1c59eebd6a4cd4ac3edc442a73a136,0.093,,,
2141,2026-05-21,SH601398,-0.07777009159326553,EXP_LinearModel_Alpha158_csi300_custom_step0_s_20260521_15,ca1c59eebd6a4cd4ac3edc442a73a136,0.093,,,
2142,2026-05-21,SH601658,-0.03571783006191254,EXP_LinearModel_Alpha158_csi300_custom_step0_s_20260521_15,ca1c59eebd6a4cd4ac3edc442a73a136,0.093,,,
2143,2026-05-21,SH601077,-0.06381610035896301,EXP_LinearModel_Alpha158_csi300_custom_step0_s_20260521_15,ca1c59eebd6a4cd4ac3edc442a73a136,0.093,,,
2144,2026-05-21,SH601059,-0.016943693161010742,EXP_LinearModel_Alpha158_csi300_custom_step0_s_20260521_15,ca1c59eebd6a4cd4ac3edc442a73a136,0.093,,,
2145,2026-05-21,SH600600,-0.040708184242248535,EXP_LinearModel_Alpha158_csi300_custom_step0_s_20260521_15,ca1c59eebd6a4cd4ac3edc442a73a136,0.093,,,
2146,2026-05-21,SH600660,-0.033763617277145386,EXP_LinearModel_Alpha158_csi300_custom_step0_s_20260521_15,ca1c59eebd6a4cd4ac3edc442a73a136,0.093,,,
2147,2026-05-21,SH600674,-0.014658436179161072,EXP_LinearModel_Alpha158_csi300_custom_step0_s_20260521_15,ca1c59eebd6a4cd4ac3edc442a73a136,0.093,,,
2148,2026-05-21,SH600690,-0.06496909260749817,EXP_LinearModel_Alpha158_csi300_custom_step0_s_20260521_15,ca1c59eebd6a4cd4ac3edc442a73a136,0.093,,,
2149,2026-05-21,SH600741,-0.08246341347694397,EXP_LinearModel_Alpha158_csi300_custom_step0_s_20260521_15,ca1c59eebd6a4cd4ac3edc442a73a136,0.093,,,
2150,2026-05-21,SH600760,-0.0415252223610878,EXP_LinearModel_Alpha158_csi300_custom_step0_s_20260521_15,ca1c59eebd6a4cd4ac3edc442a73a136,0.093,,,
2151,2026-05-21,SH600795,0.04765115678310394,EXP_LinearModel_Alpha158_csi300_custom_step0_s_20260521_15,ca1c59eebd6a4cd4ac3edc442a73a136,0.093,,,
2152,2026-05-21,SH600803,-0.03170262649655342,EXP_LinearModel_Alpha158_csi300_custom_step0_s_20260521_15,ca1c59eebd6a4cd4ac3edc442a73a136,0.093,,,
2153,2026-05-21,SH600809,0.06248548626899719,EXP_LinearModel_Alpha158_csi300_custom_step0_s_20260521_15,ca1c59eebd6a4cd4ac3edc442a73a136,0.093,,,
2154,2026-05-21,SH600845,-0.019394613802433014,EXP_LinearModel_Alpha158_csi300_custom_step0_s_20260521_15,ca1c59eebd6a4cd4ac3edc442a73a136,0.093,,,
2155,2026-05-21,SH600875,0.06006684899330139,EXP_LinearModel_Alpha158_csi300_custom_step0_s_20260521_15,ca1c59eebd6a4cd4ac3edc442a73a136,0.093,,,
2156,2026-05-21,SH600886,-0.032009556889534,EXP_LinearModel_Alpha158_csi300_custom_step0_s_20260521_15,ca1c59eebd6a4cd4ac3edc442a73a136,0.093,,,
2157,2026-05-21,SH600887,-0.08090336620807648,EXP_LinearModel_Alpha158_csi300_custom_step0_s_20260521_15,ca1c59eebd6a4cd4ac3edc442a73a136,0.093,,,
2158,2026-05-21,SH600893,0.02986501157283783,EXP_LinearModel_Alpha158_csi300_custom_step0_s_20260521_15,ca1c59eebd6a4cd4ac3edc442a73a136,0.093,,,
2159,2026-05-21,SH600900,0.011963069438934326,EXP_LinearModel_Alpha158_csi300_custom_step0_s_20260521_15,ca1c59eebd6a4cd4ac3edc442a73a136,0.093,,,
2160,2026-05-21,SH600905,0.06713893264532089,EXP_LinearModel_Alpha158_csi300_custom_step0_s_20260521_15,ca1c59eebd6a4cd4ac3edc442a73a136,0.093,,,
2161,2026-05-21,SH600918,-0.05997386574745178,EXP_LinearModel_Alpha158_csi300_custom_step0_s_20260521_15,ca1c59eebd6a4cd4ac3edc442a73a136,0.093,,,
2162,2026-05-21,SH601058,0.07429537177085876,EXP_LinearModel_Alpha158_csi300_custom_step0_s_20260521_15,ca1c59eebd6a4cd4ac3edc442a73a136,0.093,,,
2163,2026-05-21,SH601021,0.09552577137947083,EXP_LinearModel_Alpha158_csi300_custom_step0_s_20260521_15,ca1c59eebd6a4cd4ac3edc442a73a136,0.093,,,
2164,2026-05-21,SH601018,-0.05981647968292236,EXP_LinearModel_Alpha158_csi300_custom_step0_s_20260521_15,ca1c59eebd6a4cd4ac3edc442a73a136,0.093,,,
2165,2026-05-21,SH601012,0.12190113961696625,EXP_LinearModel_Alpha158_csi300_custom_step0_s_20260521_15,ca1c59eebd6a4cd4ac3edc442a73a136,0.093,,,
2166,2026-05-21,SH601009,0.022388651967048645,EXP_LinearModel_Alpha158_csi300_custom_step0_s_20260521_15,ca1c59eebd6a4cd4ac3edc442a73a136,0.093,,,
2167,2026-05-21,SH601006,-0.0034196265041828156,EXP_LinearModel_Alpha158_csi300_custom_step0_s_20260521_15,ca1c59eebd6a4cd4ac3edc442a73a136,0.093,,,
2168,2026-05-21,SH601066,0.03239220380783081,EXP_LinearModel_Alpha158_csi300_custom_step0_s_20260521_15,ca1c59eebd6a4cd4ac3edc442a73a136,0.093,,,
2169,2026-05-21,SH600999,-0.03651285171508789,EXP_LinearModel_Alpha158_csi300_custom_step0_s_20260521_15,ca1c59eebd6a4cd4ac3edc442a73a136,0.093,,,
2170,2026-05-21,SH600958,,EXP_LinearModel_Alpha158_csi300_custom_step0_s_20260521_15,ca1c59eebd6a4cd4ac3edc442a73a136,0.093,,,
2171,2026-05-21,SH600941,0.12136994302272797,EXP_LinearModel_Alpha158_csi300_custom_step0_s_20260521_15,ca1c59eebd6a4cd4ac3edc442a73a136,0.093,,,
2172,2026-05-21,SH600938,0.022372528910636902,EXP_LinearModel_Alpha158_csi300_custom_step0_s_20260521_15,ca1c59eebd6a4cd4ac3edc442a73a136,0.093,,,
2173,2026-05-21,SH600930,0.13623228669166565,EXP_LinearModel_Alpha158_csi300_custom_step0_s_20260521_15,ca1c59eebd6a4cd4ac3edc442a73a136,0.093,,,
2174,2026-05-21,SH600926,-0.031980112195014954,EXP_LinearModel_Alpha158_csi300_custom_step0_s_20260521_15,ca1c59eebd6a4cd4ac3edc442a73a136,0.093,,,
2175,2026-05-21,SH600919,-0.013959214091300964,EXP_LinearModel_Alpha158_csi300_custom_step0_s_20260521_15,ca1c59eebd6a4cd4ac3edc442a73a136,0.093,,,
2176,2026-05-21,SH600989,0.10205736756324768,EXP_LinearModel_Alpha158_csi300_custom_step0_s_20260521_15,ca1c59eebd6a4cd4ac3edc442a73a136,0.093,,,
2177,2026-05-21,SH601668,-0.12856942415237427,EXP_LinearModel_Alpha158_csi300_custom_step0_s_20260521_15,ca1c59eebd6a4cd4ac3edc442a73a136,0.093,,,
2178,2026-05-21,SH601669,0.1404140591621399,EXP_LinearModel_Alpha158_csi300_custom_step0_s_20260521_15,ca1c59eebd6a4cd4ac3edc442a73a136,0.093,,,
2179,2026-05-21,SH601688,0.12700921297073364,EXP_LinearModel_Alpha158_csi300_custom_step0_s_20260521_15,ca1c59eebd6a4cd4ac3edc442a73a136,0.093,,,
2180,2026-05-21,SH603501,0.1874038577079773,EXP_LinearModel_Alpha158_csi300_custom_step0_s_20260521_15,ca1c59eebd6a4cd4ac3edc442a73a136,0.093,,,
2181,2026-05-21,SH603799,0.2226799875497818,EXP_LinearModel_Alpha158_csi300_custom_step0_s_20260521_15,ca1c59eebd6a4cd4ac3edc442a73a136,0.093,,,
2182,2026-05-21,SH603893,0.14282047748565674,EXP_LinearModel_Alpha158_csi300_custom_step0_s_20260521_15,ca1c59eebd6a4cd4ac3edc442a73a136,0.093,,,
2183,2026-05-21,SH603986,0.13167735934257507,EXP_LinearModel_Alpha158_csi300_custom_step0_s_20260521_15,ca1c59eebd6a4cd4ac3edc442a73a136,0.093,,,
2184,2026-05-21,SH603993,0.17013080418109894,EXP_LinearModel_Alpha158_csi300_custom_step0_s_20260521_15,ca1c59eebd6a4cd4ac3edc442a73a136,0.093,,,
2185,2026-05-21,SH605117,0.11729442328214645,EXP_LinearModel_Alpha158_csi300_custom_step0_s_20260521_15,ca1c59eebd6a4cd4ac3edc442a73a136,0.093,,,
2186,2026-05-21,SH605499,0.08795171976089478,EXP_LinearModel_Alpha158_csi300_custom_step0_s_20260521_15,ca1c59eebd6a4cd4ac3edc442a73a136,0.093,,,
2187,2026-05-21,SH688008,0.07068568468093872,EXP_LinearModel_Alpha158_csi300_custom_step0_s_20260521_15,ca1c59eebd6a4cd4ac3edc442a73a136,0.093,,,
2188,2026-05-21,SH688009,0.013632867485284805,EXP_LinearModel_Alpha158_csi300_custom_step0_s_20260521_15,ca1c59eebd6a4cd4ac3edc442a73a136,0.093,,,
2189,2026-05-21,SH688012,-0.1026647686958313,EXP_LinearModel_Alpha158_csi300_custom_step0_s_20260521_15,ca1c59eebd6a4cd4ac3edc442a73a136,0.093,,,
2190,2026-05-21,SH688036,0.09592488408088684,EXP_LinearModel_Alpha158_csi300_custom_step0_s_20260521_15,ca1c59eebd6a4cd4ac3edc442a73a136,0.093,,,
2191,2026-05-21,SH688041,0.13021481037139893,EXP_LinearModel_Alpha158_csi300_custom_step0_s_20260521_15,ca1c59eebd6a4cd4ac3edc442a73a136,0.093,,,
2192,2026-05-21,SH688047,-0.02811455726623535,EXP_LinearModel_Alpha158_csi300_custom_step0_s_20260521_15,ca1c59eebd6a4cd4ac3edc442a73a136,0.093,,,
2193,2026-05-21,SH688082,0.11888682842254639,EXP_LinearModel_Alpha158_csi300_custom_step0_s_20260521_15,ca1c59eebd6a4cd4ac3edc442a73a136,0.093,,,
2194,2026-05-21,SH688111,0.06323352456092834,EXP_LinearModel_Alpha158_csi300_custom_step0_s_20260521_15,ca1c59eebd6a4cd4ac3edc442a73a136,0.093,,,
2195,2026-05-21,SH688126,-0.21401357650756836,EXP_LinearModel_Alpha158_csi300_custom_step0_s_20260521_15,ca1c59eebd6a4cd4ac3edc442a73a136,0.093,,,
2196,2026-05-21,SH688169,0.14039474725723267,EXP_LinearModel_Alpha158_csi300_custom_step0_s_20260521_15,ca1c59eebd6a4cd4ac3edc442a73a136,0.093,,,
2197,2026-05-21,SZ000157,0.12828844785690308,EXP_LinearModel_Alpha158_csi300_custom_step0_s_20260521_15,ca1c59eebd6a4cd4ac3edc442a73a136,0.093,,,
2198,2026-05-21,SZ000100,0.0981602668762207,EXP_LinearModel_Alpha158_csi300_custom_step0_s_20260521_15,ca1c59eebd6a4cd4ac3edc442a73a136,0.093,,,
2199,2026-05-21,SZ000063,-0.004875600337982178,EXP_LinearModel_Alpha158_csi300_custom_step0_s_20260521_15,ca1c59eebd6a4cd4ac3edc442a73a136,0.093,,,
2200,2026-05-21,SZ000002,0.043711185455322266,EXP_LinearModel_Alpha158_csi300_custom_step0_s_20260521_15,ca1c59eebd6a4cd4ac3edc442a73a136,0.093,,,
2201,2026-05-21,SZ000001,-0.08273875713348389,EXP_LinearModel_Alpha158_csi300_custom_step0_s_20260521_15,ca1c59eebd6a4cd4ac3edc442a73a136,0.093,,,
2202,2026-05-21,SH688981,0.14532184600830078,EXP_LinearModel_Alpha158_csi300_custom_step0_s_20260521_15,ca1c59eebd6a4cd4ac3edc442a73a136,0.093,,,
2203,2026-05-21,SH603392,-0.232675239443779,EXP_LinearModel_Alpha158_csi300_custom_step0_s_20260521_15,ca1c59eebd6a4cd4ac3edc442a73a136,0.093,,,
2204,2026-05-21,SH688506,0.07969628274440765,EXP_LinearModel_Alpha158_csi300_custom_step0_s_20260521_15,ca1c59eebd6a4cd4ac3edc442a73a136,0.093,,,
2205,2026-05-21,SH688396,-0.0992690920829773,EXP_LinearModel_Alpha158_csi300_custom_step0_s_20260521_15,ca1c59eebd6a4cd4ac3edc442a73a136,0.093,,,
2206,2026-05-21,SH688303,-0.041636258363723755,EXP_LinearModel_Alpha158_csi300_custom_step0_s_20260521_15,ca1c59eebd6a4cd4ac3edc442a73a136,0.093,,,
2207,2026-05-21,SH688271,0.2195972204208374,EXP_LinearModel_Alpha158_csi300_custom_step0_s_20260521_15,ca1c59eebd6a4cd4ac3edc442a73a136,0.093,,,
2208,2026-05-21,SH688256,0.23924897611141205,EXP_LinearModel_Alpha158_csi300_custom_step0_s_20260521_15,ca1c59eebd6a4cd4ac3edc442a73a136,0.093,,,
2209,2026-05-21,SH688223,0.008304506540298462,EXP_LinearModel_Alpha158_csi300_custom_step0_s_20260521_15,ca1c59eebd6a4cd4ac3edc442a73a136,0.093,,,
2210,2026-05-21,SH688187,-0.10440444946289062,EXP_LinearModel_Alpha158_csi300_custom_step0_s_20260521_15,ca1c59eebd6a4cd4ac3edc442a73a136,0.093,,,
2211,2026-05-21,SH688472,-0.0258304625749588,EXP_LinearModel_Alpha158_csi300_custom_step0_s_20260521_15,ca1c59eebd6a4cd4ac3edc442a73a136,0.093,,,
2212,2026-05-21,SH603369,0.06574925780296326,EXP_LinearModel_Alpha158_csi300_custom_step0_s_20260521_15,ca1c59eebd6a4cd4ac3edc442a73a136,0.093,,,
2213,2026-05-21,SH603296,0.022062165662646294,EXP_LinearModel_Alpha158_csi300_custom_step0_s_20260521_15,ca1c59eebd6a4cd4ac3edc442a73a136,0.093,,,
2214,2026-05-21,SH603288,-0.021325379610061646,EXP_LinearModel_Alpha158_csi300_custom_step0_s_20260521_15,ca1c59eebd6a4cd4ac3edc442a73a136,0.093,,,
2215,2026-05-21,SH601872,0.26373282074928284,EXP_LinearModel_Alpha158_csi300_custom_step0_s_20260521_15,ca1c59eebd6a4cd4ac3edc442a73a136,0.093,,,
2216,2026-05-21,SH601868,0.06319233775138855,EXP_LinearModel_Alpha158_csi300_custom_step0_s_20260521_15,ca1c59eebd6a4cd4ac3edc442a73a136,0.093,,,
2217,2026-05-21,SH601857,0.06543630361557007,EXP_LinearModel_Alpha158_csi300_custom_step0_s_20260521_15,ca1c59eebd6a4cd4ac3edc442a73a136,0.093,,,
2218,2026-05-21,SH601838,0.0402100645005703,EXP_LinearModel_Alpha158_csi300_custom_step0_s_20260521_15,ca1c59eebd6a4cd4ac3edc442a73a136,0.093,,,
2219,2026-05-21,SH601825,-0.052310965955257416,EXP_LinearModel_Alpha158_csi300_custom_step0_s_20260521_15,ca1c59eebd6a4cd4ac3edc442a73a136,0.093,,,
2220,2026-05-21,SH601818,-0.08724294602870941,EXP_LinearModel_Alpha158_csi300_custom_step0_s_20260521_15,ca1c59eebd6a4cd4ac3edc442a73a136,0.093,,,
2221,2026-05-21,SH601877,-0.002725079655647278,EXP_LinearModel_Alpha158_csi300_custom_step0_s_20260521_15,ca1c59eebd6a4cd4ac3edc442a73a136,0.093,,,
2222,2026-05-21,SH601816,0.04961516708135605,EXP_LinearModel_Alpha158_csi300_custom_step0_s_20260521_15,ca1c59eebd6a4cd4ac3edc442a73a136,0.093,,,
2223,2026-05-21,SH601800,-0.019487455487251282,EXP_LinearModel_Alpha158_csi300_custom_step0_s_20260521_15,ca1c59eebd6a4cd4ac3edc442a73a136,0.093,,,
2224,2026-05-21,SH601788,-0.0974428653717041,EXP_LinearModel_Alpha158_csi300_custom_step0_s_20260521_15,ca1c59eebd6a4cd4ac3edc442a73a136,0.093,,,
2225,2026-05-21,SH601766,-0.1358392834663391,EXP_LinearModel_Alpha158_csi300_custom_step0_s_20260521_15,ca1c59eebd6a4cd4ac3edc442a73a136,0.093,,,
2226,2026-05-21,SH601728,-0.13406676054000854,EXP_LinearModel_Alpha158_csi300_custom_step0_s_20260521_15,ca1c59eebd6a4cd4ac3edc442a73a136,0.093,,,
2227,2026-05-21,SH601698,0.18463462591171265,EXP_LinearModel_Alpha158_csi300_custom_step0_s_20260521_15,ca1c59eebd6a4cd4ac3edc442a73a136,0.093,,,
2228,2026-05-21,SH601689,0.08944720029830933,EXP_LinearModel_Alpha158_csi300_custom_step0_s_20260521_15,ca1c59eebd6a4cd4ac3edc442a73a136,0.093,,,
2229,2026-05-21,SH601808,0.175787553191185,EXP_LinearModel_Alpha158_csi300_custom_step0_s_20260521_15,ca1c59eebd6a4cd4ac3edc442a73a136,0.093,,,
2230,2026-05-21,SZ000301,0.2593381106853485,EXP_LinearModel_Alpha158_csi300_custom_step0_s_20260521_15,ca1c59eebd6a4cd4ac3edc442a73a136,0.093,,,
2231,2026-05-21,SH601878,0.03969249129295349,EXP_LinearModel_Alpha158_csi300_custom_step0_s_20260521_15,ca1c59eebd6a4cd4ac3edc442a73a136,0.093,,,
2232,2026-05-21,SH601888,0.13726051151752472,EXP_LinearModel_Alpha158_csi300_custom_step0_s_20260521_15,ca1c59eebd6a4cd4ac3edc442a73a136,0.093,,,
2233,2026-05-21,SH603260,0.04247415065765381,EXP_LinearModel_Alpha158_csi300_custom_step0_s_20260521_15,ca1c59eebd6a4cd4ac3edc442a73a136,0.093,,,
2234,2026-05-21,SH603259,0.0909326821565628,EXP_LinearModel_Alpha158_csi300_custom_step0_s_20260521_15,ca1c59eebd6a4cd4ac3edc442a73a136,0.093,,,
2235,2026-05-21,SH603195,0.11844214797019958,EXP_LinearModel_Alpha158_csi300_custom_step0_s_20260521_15,ca1c59eebd6a4cd4ac3edc442a73a136,0.093,,,
2236,2026-05-21,SH603019,-0.0009365379810333252,EXP_LinearModel_Alpha158_csi300_custom_step0_s_20260521_15,ca1c59eebd6a4cd4ac3edc442a73a136,0.093,,,
2237,2026-05-21,SH601998,-0.0077520981431007385,EXP_LinearModel_Alpha158_csi300_custom_step0_s_20260521_15,ca1c59eebd6a4cd4ac3edc442a73a136,0.093,,,
2238,2026-05-21,SH601995,0.1008910983800888,EXP_LinearModel_Alpha158_csi300_custom_step0_s_20260521_15,ca1c59eebd6a4cd4ac3edc442a73a136,0.093,,,
2239,2026-05-21,SH601881,-0.042989641427993774,EXP_LinearModel_Alpha158_csi300_custom_step0_s_20260521_15,ca1c59eebd6a4cd4ac3edc442a73a136,0.093,,,
2240,2026-05-21,SH601988,0.004858881235122681,EXP_LinearModel_Alpha158_csi300_custom_step0_s_20260521_15,ca1c59eebd6a4cd4ac3edc442a73a136,0.093,,,
2241,2026-05-21,SH601939,0.029267698526382446,EXP_LinearModel_Alpha158_csi300_custom_step0_s_20260521_15,ca1c59eebd6a4cd4ac3edc442a73a136,0.093,,,
2242,2026-05-21,SH601919,-0.00313490629196167,EXP_LinearModel_Alpha158_csi300_custom_step0_s_20260521_15,ca1c59eebd6a4cd4ac3edc442a73a136,0.093,,,
2243,2026-05-21,SH601916,0.06086296588182449,EXP_LinearModel_Alpha158_csi300_custom_step0_s_20260521_15,ca1c59eebd6a4cd4ac3edc442a73a136,0.093,,,
2244,2026-05-21,SH601901,0.00815555453300476,EXP_LinearModel_Alpha158_csi300_custom_step0_s_20260521_15,ca1c59eebd6a4cd4ac3edc442a73a136,0.093,,,
2245,2026-05-21,SH601899,0.1257663369178772,EXP_LinearModel_Alpha158_csi300_custom_step0_s_20260521_15,ca1c59eebd6a4cd4ac3edc442a73a136,0.093,,,
2246,2026-05-21,SH601898,-0.09115495532751083,EXP_LinearModel_Alpha158_csi300_custom_step0_s_20260521_15,ca1c59eebd6a4cd4ac3edc442a73a136,0.093,,,
2247,2026-05-21,SH601985,-0.003178924322128296,EXP_LinearModel_Alpha158_csi300_custom_step0_s_20260521_15,ca1c59eebd6a4cd4ac3edc442a73a136,0.093,,,
2248,2026-05-21,SH601919,0.007712098360991854,EXP_DEnsembleModel_Alpha158_csi300_custom_step0_s_20260521_16,f7e54c4986db439ea3d1919f2e80528d,0.07,,,
2249,2026-05-21,SH601916,0.12953631395304976,EXP_DEnsembleModel_Alpha158_csi300_custom_step0_s_20260521_16,f7e54c4986db439ea3d1919f2e80528d,0.07,,,
2250,2026-05-21,SH601901,-0.015474388744116963,EXP_DEnsembleModel_Alpha158_csi300_custom_step0_s_20260521_16,f7e54c4986db439ea3d1919f2e80528d,0.07,,,
2251,2026-05-21,SH601868,0.035321979869119016,EXP_CatBoostModel_Alpha158_csi300_custom_step0_s_20260521_18,d6749a45a1694d20a6fc46ab87826e4c,0.032,,,
2252,2026-05-21,SH601872,-0.06698260128950131,EXP_CatBoostModel_Alpha158_csi300_custom_step0_s_20260521_18,d6749a45a1694d20a6fc46ab87826e4c,0.032,,,
2253,2026-05-21,SH601877,0.016062458341731145,EXP_CatBoostModel_Alpha158_csi300_custom_step0_s_20260521_18,d6749a45a1694d20a6fc46ab87826e4c,0.032,,,
2254,2026-05-21,SH601878,0.004029012376273303,EXP_CatBoostModel_Alpha158_csi300_custom_step0_s_20260521_18,d6749a45a1694d20a6fc46ab87826e4c,0.032,,,
2255,2026-05-21,SH601881,-0.0014847301197368301,EXP_CatBoostModel_Alpha158_csi300_custom_step0_s_20260521_18,d6749a45a1694d20a6fc46ab87826e4c,0.032,,,
2256,2026-05-21,SH601888,0.04282199615045567,EXP_CatBoostModel_Alpha158_csi300_custom_step0_s_20260521_18,d6749a45a1694d20a6fc46ab87826e4c,0.032,,,
2257,2026-05-21,SH601898,-0.017899923373850633,EXP_CatBoostModel_Alpha158_csi300_custom_step0_s_20260521_18,d6749a45a1694d20a6fc46ab87826e4c,0.032,,,
2258,2026-05-21,SH601899,0.028155226734264818,EXP_CatBoostModel_Alpha158_csi300_custom_step0_s_20260521_18,d6749a45a1694d20a6fc46ab87826e4c,0.032,,,
2259,2026-05-21,SH601901,0.002210199181914863,EXP_CatBoostModel_Alpha158_csi300_custom_step0_s_20260521_18,d6749a45a1694d20a6fc46ab87826e4c,0.032,,,
2260,2026-05-21,SH601916,-0.02052012743599164,EXP_CatBoostModel_Alpha158_csi300_custom_step0_s_20260521_18,d6749a45a1694d20a6fc46ab87826e4c,0.032,,,
2261,2026-05-21,SH601919,-0.016130649009957358,EXP_CatBoostModel_Alpha158_csi300_custom_step0_s_20260521_18,d6749a45a1694d20a6fc46ab87826e4c,0.032,,,
2262,2026-05-21,SH601939,-0.0001749619120213062,EXP_CatBoostModel_Alpha158_csi300_custom_step0_s_20260521_18,d6749a45a1694d20a6fc46ab87826e4c,0.032,,,
2263,2026-05-21,SH601985,-0.016427106081062296,EXP_CatBoostModel_Alpha158_csi300_custom_step0_s_20260521_18,d6749a45a1694d20a6fc46ab87826e4c,0.032,,,
2264,2026-05-21,SH601988,-0.005671970547661187,EXP_CatBoostModel_Alpha158_csi300_custom_step0_s_20260521_18,d6749a45a1694d20a6fc46ab87826e4c,0.032,,,
2265,2026-05-21,SH601995,-0.005803538687040411,EXP_CatBoostModel_Alpha158_csi300_custom_step0_s_20260521_18,d6749a45a1694d20a6fc46ab87826e4c,0.032,,,
2266,2026-05-21,SH601998,-0.008675236130021522,EXP_CatBoostModel_Alpha158_csi300_custom_step0_s_20260521_18,d6749a45a1694d20a6fc46ab87826e4c,0.032,,,
2267,2026-05-21,SH603019,0.020213608900486603,EXP_CatBoostModel_Alpha158_csi300_custom_step0_s_20260521_18,d6749a45a1694d20a6fc46ab87826e4c,0.032,,,
2268,2026-05-21,SH605499,0.006320159738298254,EXP_CatBoostModel_Alpha158_csi300_custom_step0_s_20260521_18,d6749a45a1694d20a6fc46ab87826e4c,0.032,,,
2269,2026-05-21,SH605117,0.05607400157845508,EXP_CatBoostModel_Alpha158_csi300_custom_step0_s_20260521_18,d6749a45a1694d20a6fc46ab87826e4c,0.032,,,
2270,2026-05-21,SH603993,0.06643884624964856,EXP_CatBoostModel_Alpha158_csi300_custom_step0_s_20260521_18,d6749a45a1694d20a6fc46ab87826e4c,0.032,,,
2271,2026-05-21,SH603986,-0.36172021433250995,EXP_CatBoostModel_Alpha158_csi300_custom_step0_s_20260521_18,d6749a45a1694d20a6fc46ab87826e4c,0.032,,,
2272,2026-05-21,SH603893,-0.09902883121415304,EXP_CatBoostModel_Alpha158_csi300_custom_step0_s_20260521_18,d6749a45a1694d20a6fc46ab87826e4c,0.032,,,
2273,2026-05-21,SH603799,0.0007863778644038704,EXP_CatBoostModel_Alpha158_csi300_custom_step0_s_20260521_18,d6749a45a1694d20a6fc46ab87826e4c,0.032,,,
2274,2026-05-21,SH601857,-0.01853534897957954,EXP_CatBoostModel_Alpha158_csi300_custom_step0_s_20260521_18,d6749a45a1694d20a6fc46ab87826e4c,0.032,,,
2275,2026-05-21,SH603501,-0.015695153772180975,EXP_CatBoostModel_Alpha158_csi300_custom_step0_s_20260521_18,d6749a45a1694d20a6fc46ab87826e4c,0.032,,,
2276,2026-05-21,SH603369,0.005174258588880505,EXP_CatBoostModel_Alpha158_csi300_custom_step0_s_20260521_18,d6749a45a1694d20a6fc46ab87826e4c,0.032,,,
2277,2026-05-21,SH603296,-0.0815734756356101,EXP_CatBoostModel_Alpha158_csi300_custom_step0_s_20260521_18,d6749a45a1694d20a6fc46ab87826e4c,0.032,,,
2278,2026-05-21,SH603288,-0.02674659462106966,EXP_CatBoostModel_Alpha158_csi300_custom_step0_s_20260521_18,d6749a45a1694d20a6fc46ab87826e4c,0.032,,,
2279,2026-05-21,SH603260,0.023848717657709795,EXP_CatBoostModel_Alpha158_csi300_custom_step0_s_20260521_18,d6749a45a1694d20a6fc46ab87826e4c,0.032,,,
2280,2026-05-21,SH603259,0.01271824848553467,EXP_CatBoostModel_Alpha158_csi300_custom_step0_s_20260521_18,d6749a45a1694d20a6fc46ab87826e4c,0.032,,,
2281,2026-05-21,SH603195,0.0012929505134936011,EXP_CatBoostModel_Alpha158_csi300_custom_step0_s_20260521_18,d6749a45a1694d20a6fc46ab87826e4c,0.032,,,
2282,2026-05-21,SH603392,-0.003759552897237145,EXP_CatBoostModel_Alpha158_csi300_custom_step0_s_20260521_18,d6749a45a1694d20a6fc46ab87826e4c,0.032,,,
2283,2026-05-21,SH688008,-0.6803865544470861,EXP_CatBoostModel_Alpha158_csi300_custom_step0_s_20260521_18,d6749a45a1694d20a6fc46ab87826e4c,0.032,,,
2284,2026-05-21,SH601838,0.017508456160719325,EXP_CatBoostModel_Alpha158_csi300_custom_step0_s_20260521_18,d6749a45a1694d20a6fc46ab87826e4c,0.032,,,
2285,2026-05-21,SH601818,-0.0337673263935186,EXP_CatBoostModel_Alpha158_csi300_custom_step0_s_20260521_18,d6749a45a1694d20a6fc46ab87826e4c,0.032,,,
2286,2026-05-21,SH601236,-0.014147908514875917,EXP_CatBoostModel_Alpha158_csi300_custom_step0_s_20260521_18,d6749a45a1694d20a6fc46ab87826e4c,0.032,,,
2287,2026-05-21,SH601238,0.001212370013117647,EXP_CatBoostModel_Alpha158_csi300_custom_step0_s_20260521_18,d6749a45a1694d20a6fc46ab87826e4c,0.032,,,
2288,2026-05-21,SH601288,-0.017529735553231385,EXP_CatBoostModel_Alpha158_csi300_custom_step0_s_20260521_18,d6749a45a1694d20a6fc46ab87826e4c,0.032,,,
2289,2026-05-21,SH601298,-0.0038591547416991535,EXP_CatBoostModel_Alpha158_csi300_custom_step0_s_20260521_18,d6749a45a1694d20a6fc46ab87826e4c,0.032,,,
2290,2026-05-21,SH601318,-0.021414996591312668,EXP_CatBoostModel_Alpha158_csi300_custom_step0_s_20260521_18,d6749a45a1694d20a6fc46ab87826e4c,0.032,,,
2291,2026-05-21,SH601319,-0.013684530892598544,EXP_CatBoostModel_Alpha158_csi300_custom_step0_s_20260521_18,d6749a45a1694d20a6fc46ab87826e4c,0.032,,,
2292,2026-05-21,SH601328,-0.03376860237232843,EXP_CatBoostModel_Alpha158_csi300_custom_step0_s_20260521_18,d6749a45a1694d20a6fc46ab87826e4c,0.032,,,
2293,2026-05-21,SH601336,0.00599041901559344,EXP_CatBoostModel_Alpha158_csi300_custom_step0_s_20260521_18,d6749a45a1694d20a6fc46ab87826e4c,0.032,,,
2294,2026-05-21,SH601360,-0.008504082967597623,EXP_CatBoostModel_Alpha158_csi300_custom_step0_s_20260521_18,d6749a45a1694d20a6fc46ab87826e4c,0.032,,,
2295,2026-05-21,SH601377,0.008258436503900504,EXP_CatBoostModel_Alpha158_csi300_custom_step0_s_20260521_18,d6749a45a1694d20a6fc46ab87826e4c,0.032,,,
2296,2026-05-21,SH601390,-0.0023667607136759255,EXP_CatBoostModel_Alpha158_csi300_custom_step0_s_20260521_18,d6749a45a1694d20a6fc46ab87826e4c,0.032,,,
2297,2026-05-21,SH601398,-0.026537347709181872,EXP_CatBoostModel_Alpha158_csi300_custom_step0_s_20260521_18,d6749a45a1694d20a6fc46ab87826e4c,0.032,,,
2298,2026-05-21,SH601456,0.0010716159316565364,EXP_CatBoostModel_Alpha158_csi300_custom_step0_s_20260521_18,d6749a45a1694d20a6fc46ab87826e4c,0.032,,,
2299,2026-05-21,SH601600,-0.011629419804480779,EXP_CatBoostModel_Alpha158_csi300_custom_step0_s_20260521_18,d6749a45a1694d20a6fc46ab87826e4c,0.032,,,
2300,2026-05-21,SH601601,0.025232183311987472,EXP_CatBoostModel_Alpha158_csi300_custom_step0_s_20260521_18,d6749a45a1694d20a6fc46ab87826e4c,0.032,,,
2301,2026-05-21,SH601607,-0.02897698586462252,EXP_CatBoostModel_Alpha158_csi300_custom_step0_s_20260521_18,d6749a45a1694d20a6fc46ab87826e4c,0.032,,,
2302,2026-05-21,SH601618,-0.024766454010144105,EXP_CatBoostModel_Alpha158_csi300_custom_step0_s_20260521_18,d6749a45a1694d20a6fc46ab87826e4c,0.032,,,
2303,2026-05-21,SH601816,-0.031024141875163027,EXP_CatBoostModel_Alpha158_csi300_custom_step0_s_20260521_18,d6749a45a1694d20a6fc46ab87826e4c,0.032,,,
2304,2026-05-21,SH601808,0.00263035239050094,EXP_CatBoostModel_Alpha158_csi300_custom_step0_s_20260521_18,d6749a45a1694d20a6fc46ab87826e4c,0.032,,,
2305,2026-05-21,SH601800,-0.005705314969490327,EXP_CatBoostModel_Alpha158_csi300_custom_step0_s_20260521_18,d6749a45a1694d20a6fc46ab87826e4c,0.032,,,
2306,2026-05-21,SH601788,-0.0015986040934625088,EXP_CatBoostModel_Alpha158_csi300_custom_step0_s_20260521_18,d6749a45a1694d20a6fc46ab87826e4c,0.032,,,
2307,2026-05-21,SH601766,-0.03194176768279906,EXP_CatBoostModel_Alpha158_csi300_custom_step0_s_20260521_18,d6749a45a1694d20a6fc46ab87826e4c,0.032,,,
2308,2026-05-21,SH601728,0.0010623033531200069,EXP_CatBoostModel_Alpha158_csi300_custom_step0_s_20260521_18,d6749a45a1694d20a6fc46ab87826e4c,0.032,,,
2309,2026-05-21,SH601825,-0.029887271421071986,EXP_CatBoostModel_Alpha158_csi300_custom_step0_s_20260521_18,d6749a45a1694d20a6fc46ab87826e4c,0.032,,,
2310,2026-05-21,SH601698,0.10085562630867259,EXP_CatBoostModel_Alpha158_csi300_custom_step0_s_20260521_18,d6749a45a1694d20a6fc46ab87826e4c,0.032,,,
2311,2026-05-21,SH601688,0.02196687255022526,EXP_CatBoostModel_Alpha158_csi300_custom_step0_s_20260521_18,d6749a45a1694d20a6fc46ab87826e4c,0.032,,,
2312,2026-05-21,SH601669,-0.0012541393617973061,EXP_CatBoostModel_Alpha158_csi300_custom_step0_s_20260521_18,d6749a45a1694d20a6fc46ab87826e4c,0.032,,,
2313,2026-05-21,SH601668,-0.03195312689163833,EXP_CatBoostModel_Alpha158_csi300_custom_step0_s_20260521_18,d6749a45a1694d20a6fc46ab87826e4c,0.032,,,
2314,2026-05-21,SH601658,-0.02100078680513829,EXP_CatBoostModel_Alpha158_csi300_custom_step0_s_20260521_18,d6749a45a1694d20a6fc46ab87826e4c,0.032,,,
2315,2026-05-21,SH601633,-0.008362782407196996,EXP_CatBoostModel_Alpha158_csi300_custom_step0_s_20260521_18,d6749a45a1694d20a6fc46ab87826e4c,0.032,,,
2316,2026-05-21,SH601628,-0.01022890268184244,EXP_CatBoostModel_Alpha158_csi300_custom_step0_s_20260521_18,d6749a45a1694d20a6fc46ab87826e4c,0.032,,,
2317,2026-05-21,SH601689,0.004488940807578953,EXP_CatBoostModel_Alpha158_csi300_custom_step0_s_20260521_18,d6749a45a1694d20a6fc46ab87826e4c,0.032,,,
2318,2026-05-21,SH601229,-0.03107749254650663,EXP_CatBoostModel_Alpha158_csi300_custom_step0_s_20260521_18,d6749a45a1694d20a6fc46ab87826e4c,0.032,,,
2319,2026-05-21,SH688009,-0.0189744668932594,EXP_CatBoostModel_Alpha158_csi300_custom_step0_s_20260521_18,d6749a45a1694d20a6fc46ab87826e4c,0.032,,,
2320,2026-05-21,SH688036,0.03895936825470237,EXP_CatBoostModel_Alpha158_csi300_custom_step0_s_20260521_18,d6749a45a1694d20a6fc46ab87826e4c,0.032,,,
2321,2026-05-21,SZ000725,0.0017216779598982401,EXP_CatBoostModel_Alpha158_csi300_custom_step0_s_20260521_18,d6749a45a1694d20a6fc46ab87826e4c,0.032,,,
2322,2026-05-21,SZ000768,0.0024442517634832906,EXP_CatBoostModel_Alpha158_csi300_custom_step0_s_20260521_18,d6749a45a1694d20a6fc46ab87826e4c,0.032,,,
2323,2026-05-21,SZ000776,0.019429593951052072,EXP_CatBoostModel_Alpha158_csi300_custom_step0_s_20260521_18,d6749a45a1694d20a6fc46ab87826e4c,0.032,,,
2324,2026-05-21,SZ000786,-0.018009535005191757,EXP_CatBoostModel_Alpha158_csi300_custom_step0_s_20260521_18,d6749a45a1694d20a6fc46ab87826e4c,0.032,,,
2325,2026-05-21,SZ000792,0.07034753961645233,EXP_CatBoostModel_Alpha158_csi300_custom_step0_s_20260521_18,d6749a45a1694d20a6fc46ab87826e4c,0.032,,,
2326,2026-05-21,SZ000807,0.01825768380247575,EXP_CatBoostModel_Alpha158_csi300_custom_step0_s_20260521_18,d6749a45a1694d20a6fc46ab87826e4c,0.032,,,
2327,2026-05-21,SZ000858,-0.02208303308686188,EXP_CatBoostModel_Alpha158_csi300_custom_step0_s_20260521_18,d6749a45a1694d20a6fc46ab87826e4c,0.032,,,
2328,2026-05-21,SZ000876,-0.023841834122989774,EXP_CatBoostModel_Alpha158_csi300_custom_step0_s_20260521_18,d6749a45a1694d20a6fc46ab87826e4c,0.032,,,
2329,2026-05-21,SZ000895,-0.027973740554921696,EXP_CatBoostModel_Alpha158_csi300_custom_step0_s_20260521_18,d6749a45a1694d20a6fc46ab87826e4c,0.032,,,
2330,2026-05-21,SZ000938,0.02107958806878994,EXP_CatBoostModel_Alpha158_csi300_custom_step0_s_20260521_18,d6749a45a1694d20a6fc46ab87826e4c,0.032,,,
2331,2026-05-21,SZ000963,0.0030501499050438778,EXP_CatBoostModel_Alpha158_csi300_custom_step0_s_20260521_18,d6749a45a1694d20a6fc46ab87826e4c,0.032,,,
2332,2026-05-21,SZ000975,0.03915056453450755,EXP_CatBoostModel_Alpha158_csi300_custom_step0_s_20260521_18,d6749a45a1694d20a6fc46ab87826e4c,0.032,,,
2333,2026-05-21,SZ000977,0.010718101659327562,EXP_CatBoostModel_Alpha158_csi300_custom_step0_s_20260521_18,d6749a45a1694d20a6fc46ab87826e4c,0.032,,,
2334,2026-05-21,SZ000983,-0.013858248293469858,EXP_CatBoostModel_Alpha158_csi300_custom_step0_s_20260521_18,d6749a45a1694d20a6fc46ab87826e4c,0.032,,,
2335,2026-05-21,SZ000999,-0.025813585109670772,EXP_CatBoostModel_Alpha158_csi300_custom_step0_s_20260521_18,d6749a45a1694d20a6fc46ab87826e4c,0.032,,,
2336,2026-05-21,SZ001391,-0.015324881582077385,EXP_CatBoostModel_Alpha158_csi300_custom_step0_s_20260521_18,d6749a45a1694d20a6fc46ab87826e4c,0.032,,,
2337,2026-05-21,SZ001965,0.007589567519470035,EXP_CatBoostModel_Alpha158_csi300_custom_step0_s_20260521_18,d6749a45a1694d20a6fc46ab87826e4c,0.032,,,
2338,2026-05-21,SZ002304,-0.024387399105346437,EXP_CatBoostModel_Alpha158_csi300_custom_step0_s_20260521_18,d6749a45a1694d20a6fc46ab87826e4c,0.032,,,
2339,2026-05-21,SZ002252,-0.0344442296307858,EXP_CatBoostModel_Alpha158_csi300_custom_step0_s_20260521_18,d6749a45a1694d20a6fc46ab87826e4c,0.032,,,
2340,2026-05-21,SZ002241,0.012219055490909713,EXP_CatBoostModel_Alpha158_csi300_custom_step0_s_20260521_18,d6749a45a1694d20a6fc46ab87826e4c,0.032,,,
2341,2026-05-21,SZ002236,-0.018002595832374655,EXP_CatBoostModel_Alpha158_csi300_custom_step0_s_20260521_18,d6749a45a1694d20a6fc46ab87826e4c,0.032,,,
2342,2026-05-21,SZ002230,0.007851500779943423,EXP_CatBoostModel_Alpha158_csi300_custom_step0_s_20260521_18,d6749a45a1694d20a6fc46ab87826e4c,0.032,,,
2343,2026-05-21,SZ002179,-0.009635633214727051,EXP_CatBoostModel_Alpha158_csi300_custom_step0_s_20260521_18,d6749a45a1694d20a6fc46ab87826e4c,0.032,,,
2344,2026-05-21,SZ000708,-0.01915184030391834,EXP_CatBoostModel_Alpha158_csi300_custom_step0_s_20260521_18,d6749a45a1694d20a6fc46ab87826e4c,0.032,,,
2345,2026-05-21,SZ002142,-0.004900223171534384,EXP_CatBoostModel_Alpha158_csi300_custom_step0_s_20260521_18,d6749a45a1694d20a6fc46ab87826e4c,0.032,,,
2346,2026-05-21,SZ002050,-0.016998191400877133,EXP_CatBoostModel_Alpha158_csi300_custom_step0_s_20260521_18,d6749a45a1694d20a6fc46ab87826e4c,0.032,,,
2347,2026-05-21,SZ002049,-0.08434245376478168,EXP_CatBoostModel_Alpha158_csi300_custom_step0_s_20260521_18,d6749a45a1694d20a6fc46ab87826e4c,0.032,,,
2348,2026-05-21,SZ002028,-0.009212614978028262,EXP_CatBoostModel_Alpha158_csi300_custom_step0_s_20260521_18,d6749a45a1694d20a6fc46ab87826e4c,0.032,,,
2349,2026-05-21,SZ002027,-0.014551927296983102,EXP_CatBoostModel_Alpha158_csi300_custom_step0_s_20260521_18,d6749a45a1694d20a6fc46ab87826e4c,0.032,,,
2350,2026-05-21,SZ002001,0.04891068089393033,EXP_CatBoostModel_Alpha158_csi300_custom_step0_s_20260521_18,d6749a45a1694d20a6fc46ab87826e4c,0.032,,,
2351,2026-05-21,SZ001979,0.018141811505354863,EXP_CatBoostModel_Alpha158_csi300_custom_step0_s_20260521_18,d6749a45a1694d20a6fc46ab87826e4c,0.032,,,
2352,2026-05-21,SZ002074,-0.0287598568278971,EXP_CatBoostModel_Alpha158_csi300_custom_step0_s_20260521_18,d6749a45a1694d20a6fc46ab87826e4c,0.032,,,
2353,2026-05-21,SH688012,-0.565997448768999,EXP_CatBoostModel_Alpha158_csi300_custom_step0_s_20260521_18,d6749a45a1694d20a6fc46ab87826e4c,0.032,,,
2354,2026-05-21,SZ000661,-0.02510437630987779,EXP_CatBoostModel_Alpha158_csi300_custom_step0_s_20260521_18,d6749a45a1694d20a6fc46ab87826e4c,0.032,,,
2355,2026-05-21,SZ000630,0.12856427139447513,EXP_CatBoostModel_Alpha158_csi300_custom_step0_s_20260521_18,d6749a45a1694d20a6fc46ab87826e4c,0.032,,,
2356,2026-05-21,SH688041,-0.18994204315114224,EXP_CatBoostModel_Alpha158_csi300_custom_step0_s_20260521_18,d6749a45a1694d20a6fc46ab87826e4c,0.032,,,
2357,2026-05-21,SH688047,-0.014582542643194252,EXP_CatBoostModel_Alpha158_csi300_custom_step0_s_20260521_18,d6749a45a1694d20a6fc46ab87826e4c,0.032,,,
2358,2026-05-21,SH688082,-0.17934298834322465,EXP_CatBoostModel_Alpha158_csi300_custom_step0_s_20260521_18,d6749a45a1694d20a6fc46ab87826e4c,0.032,,,
2359,2026-05-21,SH688111,-0.03156377639048854,EXP_CatBoostModel_Alpha158_csi300_custom_step0_s_20260521_18,d6749a45a1694d20a6fc46ab87826e4c,0.032,,,
2360,2026-05-21,SH688126,-0.5887540238100772,EXP_CatBoostModel_Alpha158_csi300_custom_step0_s_20260521_18,d6749a45a1694d20a6fc46ab87826e4c,0.032,,,
2361,2026-05-21,SH688169,0.01908150313652456,EXP_CatBoostModel_Alpha158_csi300_custom_step0_s_20260521_18,d6749a45a1694d20a6fc46ab87826e4c,0.032,,,
2362,2026-05-21,SH688187,-0.11336946916194596,EXP_CatBoostModel_Alpha158_csi300_custom_step0_s_20260521_18,d6749a45a1694d20a6fc46ab87826e4c,0.032,,,
2363,2026-05-21,SH688223,-0.01585373970193881,EXP_CatBoostModel_Alpha158_csi300_custom_step0_s_20260521_18,d6749a45a1694d20a6fc46ab87826e4c,0.032,,,
2364,2026-05-21,SH688256,-0.3256064158004607,EXP_CatBoostModel_Alpha158_csi300_custom_step0_s_20260521_18,d6749a45a1694d20a6fc46ab87826e4c,0.032,,,
2365,2026-05-21,SH688271,-0.11676218292793732,EXP_CatBoostModel_Alpha158_csi300_custom_step0_s_20260521_18,d6749a45a1694d20a6fc46ab87826e4c,0.032,,,
2366,2026-05-21,SH688303,0.0181302569839681,EXP_CatBoostModel_Alpha158_csi300_custom_step0_s_20260521_18,d6749a45a1694d20a6fc46ab87826e4c,0.032,,,
2367,2026-05-21,SH688396,-0.14059815044004595,EXP_CatBoostModel_Alpha158_csi300_custom_step0_s_20260521_18,d6749a45a1694d20a6fc46ab87826e4c,0.032,,,
2368,2026-05-21,SH688472,-0.018420654773780763,EXP_CatBoostModel_Alpha158_csi300_custom_step0_s_20260521_18,d6749a45a1694d20a6fc46ab87826e4c,0.032,,,
2369,2026-05-21,SH688506,0.037939680596302254,EXP_CatBoostModel_Alpha158_csi300_custom_step0_s_20260521_18,d6749a45a1694d20a6fc46ab87826e4c,0.032,,,
2370,2026-05-21,SH688981,-0.2563528129481207,EXP_CatBoostModel_Alpha158_csi300_custom_step0_s_20260521_18,d6749a45a1694d20a6fc46ab87826e4c,0.032,,,
2371,2026-05-21,SZ000001,-0.03167667494599142,EXP_CatBoostModel_Alpha158_csi300_custom_step0_s_20260521_18,d6749a45a1694d20a6fc46ab87826e4c,0.032,,,
2372,2026-05-21,SZ000002,0.0379071830577428,EXP_CatBoostModel_Alpha158_csi300_custom_step0_s_20260521_18,d6749a45a1694d20a6fc46ab87826e4c,0.032,,,
2373,2026-05-21,SZ000625,0.046036256996831004,EXP_CatBoostModel_Alpha158_csi300_custom_step0_s_20260521_18,d6749a45a1694d20a6fc46ab87826e4c,0.032,,,
2374,2026-05-21,SZ000617,0.06363409748865483,EXP_CatBoostModel_Alpha158_csi300_custom_step0_s_20260521_18,d6749a45a1694d20a6fc46ab87826e4c,0.032,,,
2375,2026-05-21,SZ000596,0.0015615426752987938,EXP_CatBoostModel_Alpha158_csi300_custom_step0_s_20260521_18,d6749a45a1694d20a6fc46ab87826e4c,0.032,,,
2376,2026-05-21,SZ000568,-0.01478142156049354,EXP_CatBoostModel_Alpha158_csi300_custom_step0_s_20260521_18,d6749a45a1694d20a6fc46ab87826e4c,0.032,,,
2377,2026-05-21,SZ000538,-0.0376222123746909,EXP_CatBoostModel_Alpha158_csi300_custom_step0_s_20260521_18,d6749a45a1694d20a6fc46ab87826e4c,0.032,,,
2378,2026-05-21,SZ000425,0.028219011049286816,EXP_CatBoostModel_Alpha158_csi300_custom_step0_s_20260521_18,d6749a45a1694d20a6fc46ab87826e4c,0.032,,,
2379,2026-05-21,SZ000651,-0.03792760157506652,EXP_CatBoostModel_Alpha158_csi300_custom_step0_s_20260521_18,d6749a45a1694d20a6fc46ab87826e4c,0.032,,,
2380,2026-05-21,SZ000408,0.0441353345139866,EXP_CatBoostModel_Alpha158_csi300_custom_step0_s_20260521_18,d6749a45a1694d20a6fc46ab87826e4c,0.032,,,
2381,2026-05-21,SZ000333,0.00272714766536224,EXP_CatBoostModel_Alpha158_csi300_custom_step0_s_20260521_18,d6749a45a1694d20a6fc46ab87826e4c,0.032,,,
2382,2026-05-21,SZ000301,0.018813115583704087,EXP_CatBoostModel_Alpha158_csi300_custom_step0_s_20260521_18,d6749a45a1694d20a6fc46ab87826e4c,0.032,,,
2383,2026-05-21,SZ000166,0.0012911460539680394,EXP_CatBoostModel_Alpha158_csi300_custom_step0_s_20260521_18,d6749a45a1694d20a6fc46ab87826e4c,0.032,,,
2384,2026-05-21,SZ000157,0.05131243155592375,EXP_CatBoostModel_Alpha158_csi300_custom_step0_s_20260521_18,d6749a45a1694d20a6fc46ab87826e4c,0.032,,,
2385,2026-05-21,SZ000100,-0.09449809987424976,EXP_CatBoostModel_Alpha158_csi300_custom_step0_s_20260521_18,d6749a45a1694d20a6fc46ab87826e4c,0.032,,,
2386,2026-05-21,SZ000063,-0.0014502191594011511,EXP_CatBoostModel_Alpha158_csi300_custom_step0_s_20260521_18,d6749a45a1694d20a6fc46ab87826e4c,0.032,,,
2387,2026-05-21,SZ000338,-0.14261393626428004,EXP_CatBoostModel_Alpha158_csi300_custom_step0_s_20260521_18,d6749a45a1694d20a6fc46ab87826e4c,0.032,,,
2388,2026-05-21,SH601225,-0.026916009189857953,EXP_CatBoostModel_Alpha158_csi300_custom_step0_s_20260521_18,d6749a45a1694d20a6fc46ab87826e4c,0.032,,,
2389,2026-05-21,SH601211,0.01141541741729249,EXP_CatBoostModel_Alpha158_csi300_custom_step0_s_20260521_18,d6749a45a1694d20a6fc46ab87826e4c,0.032,,,
2390,2026-05-21,SH601186,-0.027057817343917084,EXP_CatBoostModel_Alpha158_csi300_custom_step0_s_20260521_18,d6749a45a1694d20a6fc46ab87826e4c,0.032,,,
2391,2026-05-21,SZ302132,-0.010306981313070005,EXP_CatBoostModel_Alpha158_csi300_custom_step0_s_20260521_18,573d6f2630944af6aa63d544e43d4ae2,0.052,,,
2392,2026-05-21,SH600000,-0.03232242255764581,EXP_CatBoostModel_Alpha158_csi300_custom_step0_s_20260521_18,d6749a45a1694d20a6fc46ab87826e4c,0.032,,,
2393,2026-05-21,SH600009,-0.03068887941294599,EXP_CatBoostModel_Alpha158_csi300_custom_step0_s_20260521_18,d6749a45a1694d20a6fc46ab87826e4c,0.032,,,
2394,2026-05-21,SH600010,-0.006786410478328631,EXP_CatBoostModel_Alpha158_csi300_custom_step0_s_20260521_18,d6749a45a1694d20a6fc46ab87826e4c,0.032,,,
2395,2026-05-21,SH600011,0.003033929770281084,EXP_CatBoostModel_Alpha158_csi300_custom_step0_s_20260521_18,d6749a45a1694d20a6fc46ab87826e4c,0.032,,,
2396,2026-05-21,SH600015,-0.03269567903200937,EXP_CatBoostModel_Alpha158_csi300_custom_step0_s_20260521_18,d6749a45a1694d20a6fc46ab87826e4c,0.032,,,
2397,2026-05-21,SH600016,-0.025764138435936376,EXP_CatBoostModel_Alpha158_csi300_custom_step0_s_20260521_18,d6749a45a1694d20a6fc46ab87826e4c,0.032,,,
2398,2026-05-21,SH600018,-0.008698155801493482,EXP_CatBoostModel_Alpha158_csi300_custom_step0_s_20260521_18,d6749a45a1694d20a6fc46ab87826e4c,0.032,,,
2399,2026-05-21,SH600019,-0.024078863110651622,EXP_CatBoostModel_Alpha158_csi300_custom_step0_s_20260521_18,d6749a45a1694d20a6fc46ab87826e4c,0.032,,,
2400,2026-05-21,SH600023,-0.04005565844622366,EXP_CatBoostModel_Alpha158_csi300_custom_step0_s_20260521_18,d6749a45a1694d20a6fc46ab87826e4c,0.032,,,
2401,2026-05-21,SH600025,-0.02131168529082186,EXP_CatBoostModel_Alpha158_csi300_custom_step0_s_20260521_18,d6749a45a1694d20a6fc46ab87826e4c,0.032,,,
2402,2026-05-21,SH600026,-0.020122440224350745,EXP_CatBoostModel_Alpha158_csi300_custom_step0_s_20260521_18,d6749a45a1694d20a6fc46ab87826e4c,0.032,,,
2403,2026-05-21,SH600027,0.01850313432544546,EXP_CatBoostModel_Alpha158_csi300_custom_step0_s_20260521_18,d6749a45a1694d20a6fc46ab87826e4c,0.032,,,
2404,2026-05-21,SH600028,-0.006574557735223492,EXP_CatBoostModel_Alpha158_csi300_custom_step0_s_20260521_18,d6749a45a1694d20a6fc46ab87826e4c,0.032,,,
2405,2026-05-21,SH600029,-0.012222665421860061,EXP_CatBoostModel_Alpha158_csi300_custom_step0_s_20260521_18,d6749a45a1694d20a6fc46ab87826e4c,0.032,,,
2406,2026-05-21,SH600030,0.015379025753065677,EXP_CatBoostModel_Alpha158_csi300_custom_step0_s_20260521_18,d6749a45a1694d20a6fc46ab87826e4c,0.032,,,
2407,2026-05-21,SH600031,0.10491343486391698,EXP_CatBoostModel_Alpha158_csi300_custom_step0_s_20260521_18,d6749a45a1694d20a6fc46ab87826e4c,0.032,,,
2408,2026-05-21,SH600161,0.0022284084106929934,EXP_CatBoostModel_Alpha158_csi300_custom_step0_s_20260521_18,d6749a45a1694d20a6fc46ab87826e4c,0.032,,,
2409,2026-05-21,SH600160,0.04396542389778085,EXP_CatBoostModel_Alpha158_csi300_custom_step0_s_20260521_18,d6749a45a1694d20a6fc46ab87826e4c,0.032,,,
2410,2026-05-21,SH600150,0.00048644186523283926,EXP_CatBoostModel_Alpha158_csi300_custom_step0_s_20260521_18,d6749a45a1694d20a6fc46ab87826e4c,0.032,,,
2411,2026-05-21,SH600115,0.011527505252784065,EXP_CatBoostModel_Alpha158_csi300_custom_step0_s_20260521_18,d6749a45a1694d20a6fc46ab87826e4c,0.032,,,
2412,2026-05-21,SH600111,-0.03342950882110062,EXP_CatBoostModel_Alpha158_csi300_custom_step0_s_20260521_18,d6749a45a1694d20a6fc46ab87826e4c,0.032,,,
2413,2026-05-21,SH600104,-0.018863897287438106,EXP_CatBoostModel_Alpha158_csi300_custom_step0_s_20260521_18,d6749a45a1694d20a6fc46ab87826e4c,0.032,,,
2414,2026-05-21,SZ301269,-0.0008369177763579787,EXP_CatBoostModel_Alpha158_csi300_custom_step0_s_20260521_18,573d6f2630944af6aa63d544e43d4ae2,0.052,,,
2415,2026-05-21,SH600089,-0.015313529371702942,EXP_CatBoostModel_Alpha158_csi300_custom_step0_s_20260521_18,d6749a45a1694d20a6fc46ab87826e4c,0.032,,,
2416,2026-05-21,SH600066,0.028003590486980035,EXP_CatBoostModel_Alpha158_csi300_custom_step0_s_20260521_18,d6749a45a1694d20a6fc46ab87826e4c,0.032,,,
2417,2026-05-21,SH600061,0.010332891423670488,EXP_CatBoostModel_Alpha158_csi300_custom_step0_s_20260521_18,d6749a45a1694d20a6fc46ab87826e4c,0.032,,,
2418,2026-05-21,SH600050,-0.021440820140554206,EXP_CatBoostModel_Alpha158_csi300_custom_step0_s_20260521_18,d6749a45a1694d20a6fc46ab87826e4c,0.032,,,
2419,2026-05-21,SH600048,-0.0007208579962497088,EXP_CatBoostModel_Alpha158_csi300_custom_step0_s_20260521_18,d6749a45a1694d20a6fc46ab87826e4c,0.032,,,
2420,2026-05-21,SH600039,-0.007634413218105768,EXP_CatBoostModel_Alpha158_csi300_custom_step0_s_20260521_18,d6749a45a1694d20a6fc46ab87826e4c,0.032,,,
2421,2026-05-21,SH600036,-0.03681172966167741,EXP_CatBoostModel_Alpha158_csi300_custom_step0_s_20260521_18,d6749a45a1694d20a6fc46ab87826e4c,0.032,,,
2422,2026-05-21,SH600085,-0.02755186544736743,EXP_CatBoostModel_Alpha158_csi300_custom_step0_s_20260521_18,d6749a45a1694d20a6fc46ab87826e4c,0.032,,,
2423,2026-05-21,SH600176,-0.03036136222009274,EXP_CatBoostModel_Alpha158_csi300_custom_step0_s_20260521_18,d6749a45a1694d20a6fc46ab87826e4c,0.032,,,
2424,2026-05-21,SZ301236,-0.0017241104878875592,EXP_CatBoostModel_Alpha158_csi300_custom_step0_s_20260521_18,573d6f2630944af6aa63d544e43d4ae2,0.052,,,
2425,2026-05-21,SZ300979,0.00018943267678646803,EXP_CatBoostModel_Alpha158_csi300_custom_step0_s_20260521_18,573d6f2630944af6aa63d544e43d4ae2,0.052,,,
2426,2026-05-21,SZ003816,-0.008150036537395922,EXP_CatBoostModel_Alpha158_csi300_custom_step0_s_20260521_18,573d6f2630944af6aa63d544e43d4ae2,0.052,,,
2427,2026-05-21,SZ300014,-0.0017241104878875592,EXP_CatBoostModel_Alpha158_csi300_custom_step0_s_20260521_18,573d6f2630944af6aa63d544e43d4ae2,0.052,,,
2428,2026-05-21,SZ300015,-0.0017241104878875592,EXP_CatBoostModel_Alpha158_csi300_custom_step0_s_20260521_18,573d6f2630944af6aa63d544e43d4ae2,0.052,,,
2429,2026-05-21,SZ300033,-0.0008369177763579787,EXP_CatBoostModel_Alpha158_csi300_custom_step0_s_20260521_18,573d6f2630944af6aa63d544e43d4ae2,0.052,,,
2430,2026-05-21,SZ300059,-0.0008369177763579787,EXP_CatBoostModel_Alpha158_csi300_custom_step0_s_20260521_18,573d6f2630944af6aa63d544e43d4ae2,0.052,,,
2431,2026-05-21,SZ300122,-0.0009667542060788963,EXP_CatBoostModel_Alpha158_csi300_custom_step0_s_20260521_18,573d6f2630944af6aa63d544e43d4ae2,0.052,,,
2432,2026-05-21,SZ300124,-0.0022588932042611433,EXP_CatBoostModel_Alpha158_csi300_custom_step0_s_20260521_18,573d6f2630944af6aa63d544e43d4ae2,0.052,,,
2433,2026-05-21,SZ300251,-0.010306981313070005,EXP_CatBoostModel_Alpha158_csi300_custom_step0_s_20260521_18,573d6f2630944af6aa63d544e43d4ae2,0.052,,,
2434,2026-05-21,SZ300274,-7.956149454931578e-05,EXP_CatBoostModel_Alpha158_csi300_custom_step0_s_20260521_18,573d6f2630944af6aa63d544e43d4ae2,0.052,,,
2435,2026-05-21,SZ300308,0.010406411268851105,EXP_CatBoostModel_Alpha158_csi300_custom_step0_s_20260521_18,573d6f2630944af6aa63d544e43d4ae2,0.052,,,
2436,2026-05-21,SZ300316,-0.0017241104878875592,EXP_CatBoostModel_Alpha158_csi300_custom_step0_s_20260521_18,573d6f2630944af6aa63d544e43d4ae2,0.052,,,
2437,2026-05-21,SZ300347,-0.003949897826067798,EXP_CatBoostModel_Alpha158_csi300_custom_step0_s_20260521_18,573d6f2630944af6aa63d544e43d4ae2,0.052,,,
2438,2026-05-21,SZ300394,-0.001946750522370379,EXP_CatBoostModel_Alpha158_csi300_custom_step0_s_20260521_18,573d6f2630944af6aa63d544e43d4ae2,0.052,,,
2439,2026-05-21,SZ300408,-0.0077774024016664025,EXP_CatBoostModel_Alpha158_csi300_custom_step0_s_20260521_18,573d6f2630944af6aa63d544e43d4ae2,0.052,,,
2440,2026-05-21,SZ300413,-0.010306981313070005,EXP_CatBoostModel_Alpha158_csi300_custom_step0_s_20260521_18,573d6f2630944af6aa63d544e43d4ae2,0.052,,,
2441,2026-05-21,SZ300418,-0.001946750522370379,EXP_CatBoostModel_Alpha158_csi300_custom_step0_s_20260521_18,573d6f2630944af6aa63d544e43d4ae2,0.052,,,
2442,2026-05-21,SZ300433,-0.0008369177763579787,EXP_CatBoostModel_Alpha158_csi300_custom_step0_s_20260521_18,573d6f2630944af6aa63d544e43d4ae2,0.052,,,
2443,2026-05-21,SZ300896,-0.010306981313070005,EXP_CatBoostModel_Alpha158_csi300_custom_step0_s_20260521_18,573d6f2630944af6aa63d544e43d4ae2,0.052,,,
2444,2026-05-21,SZ300866,-0.0017241104878875592,EXP_CatBoostModel_Alpha158_csi300_custom_step0_s_20260521_18,573d6f2630944af6aa63d544e43d4ae2,0.052,,,
2445,2026-05-21,SZ300832,-0.0017241104878875592,EXP_CatBoostModel_Alpha158_csi300_custom_step0_s_20260521_18,573d6f2630944af6aa63d544e43d4ae2,0.052,,,
2446,2026-05-21,SZ300803,-0.003949897826067798,EXP_CatBoostModel_Alpha158_csi300_custom_step0_s_20260521_18,573d6f2630944af6aa63d544e43d4ae2,0.052,,,
2447,2026-05-21,SZ300782,-0.0008369177763579787,EXP_CatBoostModel_Alpha158_csi300_custom_step0_s_20260521_18,573d6f2630944af6aa63d544e43d4ae2,0.052,,,
2448,2026-05-21,SZ300760,-0.0008369177763579787,EXP_CatBoostModel_Alpha158_csi300_custom_step0_s_20260521_18,573d6f2630944af6aa63d544e43d4ae2,0.052,,,
2449,2026-05-21,SZ300999,-0.00957821777921736,EXP_CatBoostModel_Alpha158_csi300_custom_step0_s_20260521_18,573d6f2630944af6aa63d544e43d4ae2,0.052,,,
2450,2026-05-21,SZ300759,-0.0017241104878875592,EXP_CatBoostModel_Alpha158_csi300_custom_step0_s_20260521_18,573d6f2630944af6aa63d544e43d4ae2,0.052,,,
2451,2026-05-21,SZ300661,0.005832631089036391,EXP_CatBoostModel_Alpha158_csi300_custom_step0_s_20260521_18,573d6f2630944af6aa63d544e43d4ae2,0.052,,,
2452,2026-05-21,SZ300628,-0.0017241104878875592,EXP_CatBoostModel_Alpha158_csi300_custom_step0_s_20260521_18,573d6f2630944af6aa63d544e43d4ae2,0.052,,,
2453,2026-05-21,SZ300502,-0.001946750522370379,EXP_CatBoostModel_Alpha158_csi300_custom_step0_s_20260521_18,573d6f2630944af6aa63d544e43d4ae2,0.052,,,
2454,2026-05-21,SZ300498,-0.001946750522370379,EXP_CatBoostModel_Alpha158_csi300_custom_step0_s_20260521_18,573d6f2630944af6aa63d544e43d4ae2,0.052,,,
2455,2026-05-21,SZ300476,-0.0017241104878875592,EXP_CatBoostModel_Alpha158_csi300_custom_step0_s_20260521_18,573d6f2630944af6aa63d544e43d4ae2,0.052,,,
2456,2026-05-21,SZ300442,-0.001946750522370379,EXP_CatBoostModel_Alpha158_csi300_custom_step0_s_20260521_18,573d6f2630944af6aa63d544e43d4ae2,0.052,,,
2457,2026-05-21,SZ300750,-0.001946750522370379,EXP_CatBoostModel_Alpha158_csi300_custom_step0_s_20260521_18,573d6f2630944af6aa63d544e43d4ae2,0.052,,,
2458,2026-05-21,SH600183,-0.3978359368138305,EXP_CatBoostModel_Alpha158_csi300_custom_step0_s_20260521_18,d6749a45a1694d20a6fc46ab87826e4c,0.032,,,
2459,2026-05-21,SH600188,0.014170085411687511,EXP_CatBoostModel_Alpha158_csi300_custom_step0_s_20260521_18,d6749a45a1694d20a6fc46ab87826e4c,0.032,,,
2460,2026-05-21,SH600196,-0.030484530865484506,EXP_CatBoostModel_Alpha158_csi300_custom_step0_s_20260521_18,d6749a45a1694d20a6fc46ab87826e4c,0.032,,,
2461,2026-05-21,SH600887,-0.004531752572970357,EXP_CatBoostModel_Alpha158_csi300_custom_step0_s_20260521_18,d6749a45a1694d20a6fc46ab87826e4c,0.032,,,
2462,2026-05-21,SH600893,0.004631792596515415,EXP_CatBoostModel_Alpha158_csi300_custom_step0_s_20260521_18,d6749a45a1694d20a6fc46ab87826e4c,0.032,,,
2463,2026-05-21,SH600900,-0.019132717147837697,EXP_CatBoostModel_Alpha158_csi300_custom_step0_s_20260521_18,d6749a45a1694d20a6fc46ab87826e4c,0.032,,,
2464,2026-05-21,SH600905,-0.005665260452730008,EXP_CatBoostModel_Alpha158_csi300_custom_step0_s_20260521_18,d6749a45a1694d20a6fc46ab87826e4c,0.032,,,
2465,2026-05-21,SH600918,-0.004057411120768644,EXP_CatBoostModel_Alpha158_csi300_custom_step0_s_20260521_18,d6749a45a1694d20a6fc46ab87826e4c,0.032,,,
2466,2026-05-21,SH600919,0.009662422818333474,EXP_CatBoostModel_Alpha158_csi300_custom_step0_s_20260521_18,d6749a45a1694d20a6fc46ab87826e4c,0.032,,,
2467,2026-05-21,SH600926,-0.034687542188506136,EXP_CatBoostModel_Alpha158_csi300_custom_step0_s_20260521_18,d6749a45a1694d20a6fc46ab87826e4c,0.032,,,
2468,2026-05-21,SH600930,0.004625715852679239,EXP_CatBoostModel_Alpha158_csi300_custom_step0_s_20260521_18,d6749a45a1694d20a6fc46ab87826e4c,0.032,,,
2469,2026-05-21,SH600938,-0.02272435098058006,EXP_CatBoostModel_Alpha158_csi300_custom_step0_s_20260521_18,d6749a45a1694d20a6fc46ab87826e4c,0.032,,,
2470,2026-05-21,SH600941,-0.005724743702523842,EXP_CatBoostModel_Alpha158_csi300_custom_step0_s_20260521_18,d6749a45a1694d20a6fc46ab87826e4c,0.032,,,
2471,2026-05-21,SH600958,-0.030253094074137017,EXP_CatBoostModel_Alpha158_csi300_custom_step0_s_20260521_18,d6749a45a1694d20a6fc46ab87826e4c,0.032,,,
2472,2026-05-21,SH600989,0.033321823736994126,EXP_CatBoostModel_Alpha158_csi300_custom_step0_s_20260521_18,d6749a45a1694d20a6fc46ab87826e4c,0.032,,,
2473,2026-05-21,SH600999,-0.04872633769548252,EXP_CatBoostModel_Alpha158_csi300_custom_step0_s_20260521_18,d6749a45a1694d20a6fc46ab87826e4c,0.032,,,
2474,2026-05-21,SH601006,0.000718031959503996,EXP_CatBoostModel_Alpha158_csi300_custom_step0_s_20260521_18,d6749a45a1694d20a6fc46ab87826e4c,0.032,,,
2475,2026-05-21,SH601009,-0.029056945640286876,EXP_CatBoostModel_Alpha158_csi300_custom_step0_s_20260521_18,d6749a45a1694d20a6fc46ab87826e4c,0.032,,,
2476,2026-05-21,SH601012,0.007503739933063487,EXP_CatBoostModel_Alpha158_csi300_custom_step0_s_20260521_18,d6749a45a1694d20a6fc46ab87826e4c,0.032,,,
2477,2026-05-21,SH601018,0.014565224619355983,EXP_CatBoostModel_Alpha158_csi300_custom_step0_s_20260521_18,d6749a45a1694d20a6fc46ab87826e4c,0.032,,,
2478,2026-05-21,SH601169,-0.0353978651757025,EXP_CatBoostModel_Alpha158_csi300_custom_step0_s_20260521_18,d6749a45a1694d20a6fc46ab87826e4c,0.032,,,
2479,2026-05-21,SH601166,-0.03603014986315149,EXP_CatBoostModel_Alpha158_csi300_custom_step0_s_20260521_18,d6749a45a1694d20a6fc46ab87826e4c,0.032,,,
2480,2026-05-21,SH601138,-0.017378871750761277,EXP_CatBoostModel_Alpha158_csi300_custom_step0_s_20260521_18,d6749a45a1694d20a6fc46ab87826e4c,0.032,,,
2481,2026-05-21,SH601136,0.005689651656147082,EXP_CatBoostModel_Alpha158_csi300_custom_step0_s_20260521_18,d6749a45a1694d20a6fc46ab87826e4c,0.032,,,
2482,2026-05-21,SH601127,0.08329671439875284,EXP_CatBoostModel_Alpha158_csi300_custom_step0_s_20260521_18,d6749a45a1694d20a6fc46ab87826e4c,0.032,,,
2483,2026-05-21,SH601117,-0.028582467132904837,EXP_CatBoostModel_Alpha158_csi300_custom_step0_s_20260521_18,d6749a45a1694d20a6fc46ab87826e4c,0.032,,,
2484,2026-05-21,SH600886,-0.010288880126224188,EXP_CatBoostModel_Alpha158_csi300_custom_step0_s_20260521_18,d6749a45a1694d20a6fc46ab87826e4c,0.032,,,
2485,2026-05-21,SH601111,-0.025859913188063906,EXP_CatBoostModel_Alpha158_csi300_custom_step0_s_20260521_18,d6749a45a1694d20a6fc46ab87826e4c,0.032,,,
2486,2026-05-21,SH601088,-0.02564288267776558,EXP_CatBoostModel_Alpha158_csi300_custom_step0_s_20260521_18,d6749a45a1694d20a6fc46ab87826e4c,0.032,,,
2487,2026-05-21,SH601077,-0.0318432209153939,EXP_CatBoostModel_Alpha158_csi300_custom_step0_s_20260521_18,d6749a45a1694d20a6fc46ab87826e4c,0.032,,,
2488,2026-05-21,SH601066,0.011794726577811776,EXP_CatBoostModel_Alpha158_csi300_custom_step0_s_20260521_18,d6749a45a1694d20a6fc46ab87826e4c,0.032,,,
2489,2026-05-21,SH601059,-0.00615111824150877,EXP_CatBoostModel_Alpha158_csi300_custom_step0_s_20260521_18,d6749a45a1694d20a6fc46ab87826e4c,0.032,,,
2490,2026-05-21,SH601058,0.009833085411898023,EXP_CatBoostModel_Alpha158_csi300_custom_step0_s_20260521_18,d6749a45a1694d20a6fc46ab87826e4c,0.032,,,
2491,2026-05-21,SH601021,0.008102969278860955,EXP_CatBoostModel_Alpha158_csi300_custom_step0_s_20260521_18,d6749a45a1694d20a6fc46ab87826e4c,0.032,,,
2492,2026-05-21,SH601100,0.016568674049859972,EXP_CatBoostModel_Alpha158_csi300_custom_step0_s_20260521_18,d6749a45a1694d20a6fc46ab87826e4c,0.032,,,
2493,2026-05-21,SH600875,-0.011557786827848485,EXP_CatBoostModel_Alpha158_csi300_custom_step0_s_20260521_18,d6749a45a1694d20a6fc46ab87826e4c,0.032,,,
2494,2026-05-21,SH600845,-0.029812472761025246,EXP_CatBoostModel_Alpha158_csi300_custom_step0_s_20260521_18,d6749a45a1694d20a6fc46ab87826e4c,0.032,,,
2495,2026-05-21,SH600809,0.0008506049597638949,EXP_CatBoostModel_Alpha158_csi300_custom_step0_s_20260521_18,d6749a45a1694d20a6fc46ab87826e4c,0.032,,,
2496,2026-05-21,SH600460,-0.09550410552291491,EXP_CatBoostModel_Alpha158_csi300_custom_step0_s_20260521_18,d6749a45a1694d20a6fc46ab87826e4c,0.032,,,
2497,2026-05-21,SH600438,0.050474936532167905,EXP_CatBoostModel_Alpha158_csi300_custom_step0_s_20260521_18,d6749a45a1694d20a6fc46ab87826e4c,0.032,,,
2498,2026-05-21,SH600436,-0.00618111728139261,EXP_CatBoostModel_Alpha158_csi300_custom_step0_s_20260521_18,d6749a45a1694d20a6fc46ab87826e4c,0.032,,,
2499,2026-05-21,SH600426,0.12034745858898237,EXP_CatBoostModel_Alpha158_csi300_custom_step0_s_20260521_18,d6749a45a1694d20a6fc46ab87826e4c,0.032,,,
2500,2026-05-21,SH600415,-0.0034326178138020585,EXP_CatBoostModel_Alpha158_csi300_custom_step0_s_20260521_18,d6749a45a1694d20a6fc46ab87826e4c,0.032,,,
2501,2026-05-21,SH600406,-0.016921373123926893,EXP_CatBoostModel_Alpha158_csi300_custom_step0_s_20260521_18,d6749a45a1694d20a6fc46ab87826e4c,0.032,,,
2502,2026-05-21,SH600482,0.034939173923722755,EXP_CatBoostModel_Alpha158_csi300_custom_step0_s_20260521_18,d6749a45a1694d20a6fc46ab87826e4c,0.032,,,
2503,2026-05-21,SH600377,0.006426074915187064,EXP_CatBoostModel_Alpha158_csi300_custom_step0_s_20260521_18,d6749a45a1694d20a6fc46ab87826e4c,0.032,,,
2504,2026-05-21,SH600362,0.00959844235675053,EXP_CatBoostModel_Alpha158_csi300_custom_step0_s_20260521_18,d6749a45a1694d20a6fc46ab87826e4c,0.032,,,
2505,2026-05-21,SH600346,0.10371249563256084,EXP_CatBoostModel_Alpha158_csi300_custom_step0_s_20260521_18,d6749a45a1694d20a6fc46ab87826e4c,0.032,,,
2506,2026-05-21,SH600309,-0.018084776889547984,EXP_CatBoostModel_Alpha158_csi300_custom_step0_s_20260521_18,d6749a45a1694d20a6fc46ab87826e4c,0.032,,,
2507,2026-05-21,SH600276,0.010877600299745372,EXP_CatBoostModel_Alpha158_csi300_custom_step0_s_20260521_18,d6749a45a1694d20a6fc46ab87826e4c,0.032,,,
2508,2026-05-21,SH600233,-0.01714184954260198,EXP_CatBoostModel_Alpha158_csi300_custom_step0_s_20260521_18,d6749a45a1694d20a6fc46ab87826e4c,0.032,,,
2509,2026-05-21,SH600219,0.0420315943891551,EXP_CatBoostModel_Alpha158_csi300_custom_step0_s_20260521_18,d6749a45a1694d20a6fc46ab87826e4c,0.032,,,
2510,2026-05-21,SH600372,0.029846002721612672,EXP_CatBoostModel_Alpha158_csi300_custom_step0_s_20260521_18,d6749a45a1694d20a6fc46ab87826e4c,0.032,,,
2511,2026-05-21,SZ002311,-0.009099656091408476,EXP_CatBoostModel_Alpha158_csi300_custom_step0_s_20260521_18,d6749a45a1694d20a6fc46ab87826e4c,0.032,,,
2512,2026-05-21,SH600489,0.044780077995108365,EXP_CatBoostModel_Alpha158_csi300_custom_step0_s_20260521_18,d6749a45a1694d20a6fc46ab87826e4c,0.032,,,
2513,2026-05-21,SH600519,-0.03580190211010467,EXP_CatBoostModel_Alpha158_csi300_custom_step0_s_20260521_18,d6749a45a1694d20a6fc46ab87826e4c,0.032,,,
2514,2026-05-21,SH600803,-0.026637510540462397,EXP_CatBoostModel_Alpha158_csi300_custom_step0_s_20260521_18,d6749a45a1694d20a6fc46ab87826e4c,0.032,,,
2515,2026-05-21,SH600795,-0.004152051637917095,EXP_CatBoostModel_Alpha158_csi300_custom_step0_s_20260521_18,d6749a45a1694d20a6fc46ab87826e4c,0.032,,,
2516,2026-05-21,SH600760,-0.028840698868992206,EXP_CatBoostModel_Alpha158_csi300_custom_step0_s_20260521_18,d6749a45a1694d20a6fc46ab87826e4c,0.032,,,
2517,2026-05-21,SH600741,0.014433617303209379,EXP_CatBoostModel_Alpha158_csi300_custom_step0_s_20260521_18,d6749a45a1694d20a6fc46ab87826e4c,0.032,,,
2518,2026-05-21,SH600690,-0.012961028459469833,EXP_CatBoostModel_Alpha158_csi300_custom_step0_s_20260521_18,d6749a45a1694d20a6fc46ab87826e4c,0.032,,,
2519,2026-05-21,SH600674,-0.01466974107831969,EXP_CatBoostModel_Alpha158_csi300_custom_step0_s_20260521_18,d6749a45a1694d20a6fc46ab87826e4c,0.032,,,
2520,2026-05-21,SH600515,0.010614584341619734,EXP_CatBoostModel_Alpha158_csi300_custom_step0_s_20260521_18,d6749a45a1694d20a6fc46ab87826e4c,0.032,,,
2521,2026-05-21,SH600660,-0.018765887324457404,EXP_CatBoostModel_Alpha158_csi300_custom_step0_s_20260521_18,d6749a45a1694d20a6fc46ab87826e4c,0.032,,,
2522,2026-05-21,SH600588,0.03105574121517787,EXP_CatBoostModel_Alpha158_csi300_custom_step0_s_20260521_18,d6749a45a1694d20a6fc46ab87826e4c,0.032,,,
2523,2026-05-21,SH600585,-0.022691685390230698,EXP_CatBoostModel_Alpha158_csi300_custom_step0_s_20260521_18,d6749a45a1694d20a6fc46ab87826e4c,0.032,,,
2524,2026-05-21,SH600584,-0.3138186224823158,EXP_CatBoostModel_Alpha158_csi300_custom_step0_s_20260521_18,d6749a45a1694d20a6fc46ab87826e4c,0.032,,,
2525,2026-05-21,SH600570,0.013999225093436065,EXP_CatBoostModel_Alpha158_csi300_custom_step0_s_20260521_18,d6749a45a1694d20a6fc46ab87826e4c,0.032,,,
2526,2026-05-21,SH600547,0.15707219364248448,EXP_CatBoostModel_Alpha158_csi300_custom_step0_s_20260521_18,d6749a45a1694d20a6fc46ab87826e4c,0.032,,,
2527,2026-05-21,SH600522,-0.2540571308919588,EXP_CatBoostModel_Alpha158_csi300_custom_step0_s_20260521_18,d6749a45a1694d20a6fc46ab87826e4c,0.032,,,
2528,2026-05-21,SH600600,-0.03478020130024835,EXP_CatBoostModel_Alpha158_csi300_custom_step0_s_20260521_18,d6749a45a1694d20a6fc46ab87826e4c,0.032,,,
2529,2026-05-21,SZ002938,0.006613453521053376,EXP_CatBoostModel_Alpha158_csi300_custom_step0_s_20260521_18,573d6f2630944af6aa63d544e43d4ae2,0.052,,,
2530,2026-05-21,SZ002352,-0.03252849296998627,EXP_CatBoostModel_Alpha158_csi300_custom_step0_s_20260521_18,d6749a45a1694d20a6fc46ab87826e4c,0.032,,,
2531,2026-05-21,SZ002384,-0.07680357587234438,EXP_CatBoostModel_Alpha158_csi300_custom_step0_s_20260521_18,d6749a45a1694d20a6fc46ab87826e4c,0.032,,,
2532,2026-05-21,SH601618,-3.0446986463688705e-10,EXP_LGBModel_Alpha158_csi300_custom_step0_s_20260521_18,80479c8829134680955f691ff1dd7002,0.057,,,
2533,2026-05-21,SH601628,-0.002540953157316907,EXP_LGBModel_Alpha158_csi300_custom_step0_s_20260521_18,80479c8829134680955f691ff1dd7002,0.057,,,
2534,2026-05-21,SH601633,-3.0446986463688705e-10,EXP_LGBModel_Alpha158_csi300_custom_step0_s_20260521_18,80479c8829134680955f691ff1dd7002,0.057,,,
2535,2026-05-21,SH601658,-3.0446986463688705e-10,EXP_LGBModel_Alpha158_csi300_custom_step0_s_20260521_18,80479c8829134680955f691ff1dd7002,0.057,,,
2536,2026-05-21,SH601668,0.0024289609893897836,EXP_LGBModel_Alpha158_csi300_custom_step0_s_20260521_18,80479c8829134680955f691ff1dd7002,0.057,,,
2537,2026-05-21,SH601669,-0.002540953157316907,EXP_LGBModel_Alpha158_csi300_custom_step0_s_20260521_18,80479c8829134680955f691ff1dd7002,0.057,,,
2538,2026-05-21,SH601688,-3.0446986463688705e-10,EXP_LGBModel_Alpha158_csi300_custom_step0_s_20260521_18,80479c8829134680955f691ff1dd7002,0.057,,,
2539,2026-05-21,SH601689,-3.0446986463688705e-10,EXP_LGBModel_Alpha158_csi300_custom_step0_s_20260521_18,80479c8829134680955f691ff1dd7002,0.057,,,
2540,2026-05-21,SH601698,-0.002540953157316907,EXP_LGBModel_Alpha158_csi300_custom_step0_s_20260521_18,80479c8829134680955f691ff1dd7002,0.057,,,
2541,2026-05-21,SH601728,-0.002540953157316907,EXP_LGBModel_Alpha158_csi300_custom_step0_s_20260521_18,80479c8829134680955f691ff1dd7002,0.057,,,
2542,2026-05-21,SH601766,-3.0446986463688705e-10,EXP_LGBModel_Alpha158_csi300_custom_step0_s_20260521_18,80479c8829134680955f691ff1dd7002,0.057,,,
2543,2026-05-21,SH601788,-3.0446986463688705e-10,EXP_LGBModel_Alpha158_csi300_custom_step0_s_20260521_18,80479c8829134680955f691ff1dd7002,0.057,,,
2544,2026-05-21,SH601800,-0.002540953157316907,EXP_LGBModel_Alpha158_csi300_custom_step0_s_20260521_18,80479c8829134680955f691ff1dd7002,0.057,,,
2545,2026-05-21,SH601808,-3.0446986463688705e-10,EXP_LGBModel_Alpha158_csi300_custom_step0_s_20260521_18,80479c8829134680955f691ff1dd7002,0.057,,,
2546,2026-05-21,SH601816,-3.0446986463688705e-10,EXP_LGBModel_Alpha158_csi300_custom_step0_s_20260521_18,80479c8829134680955f691ff1dd7002,0.057,,,
2547,2026-05-21,SH601818,0.0024289609893897836,EXP_LGBModel_Alpha158_csi300_custom_step0_s_20260521_18,80479c8829134680955f691ff1dd7002,0.057,,,
2548,2026-05-21,SH601825,0.0024289609893897836,EXP_LGBModel_Alpha158_csi300_custom_step0_s_20260521_18,80479c8829134680955f691ff1dd7002,0.057,,,
2549,2026-05-21,SH601939,0.0024289609893897836,EXP_LGBModel_Alpha158_csi300_custom_step0_s_20260521_18,80479c8829134680955f691ff1dd7002,0.057,,,
2550,2026-05-21,SH601919,-0.00218236060598338,EXP_LGBModel_Alpha158_csi300_custom_step0_s_20260521_18,80479c8829134680955f691ff1dd7002,0.057,,,
2551,2026-05-21,SH601916,0.0024289609893897836,EXP_LGBModel_Alpha158_csi300_custom_step0_s_20260521_18,80479c8829134680955f691ff1dd7002,0.057,,,
2552,2026-05-21,SH601901,-3.0446986463688705e-10,EXP_LGBModel_Alpha158_csi300_custom_step0_s_20260521_18,80479c8829134680955f691ff1dd7002,0.057,,,
2553,2026-05-21,SH601899,-0.002540953157316907,EXP_LGBModel_Alpha158_csi300_custom_step0_s_20260521_18,80479c8829134680955f691ff1dd7002,0.057,,,
2554,2026-05-21,SH601898,-0.002540953157316907,EXP_LGBModel_Alpha158_csi300_custom_step0_s_20260521_18,80479c8829134680955f691ff1dd7002,0.057,,,
2555,2026-05-21,SH601607,-3.0446986463688705e-10,EXP_LGBModel_Alpha158_csi300_custom_step0_s_20260521_18,80479c8829134680955f691ff1dd7002,0.057,,,
2556,2026-05-21,SH601888,-0.002540953157316907,EXP_LGBModel_Alpha158_csi300_custom_step0_s_20260521_18,80479c8829134680955f691ff1dd7002,0.057,,,
2557,2026-05-21,SH601878,-3.0446986463688705e-10,EXP_LGBModel_Alpha158_csi300_custom_step0_s_20260521_18,80479c8829134680955f691ff1dd7002,0.057,,,
2558,2026-05-21,SH601877,-0.002540953157316907,EXP_LGBModel_Alpha158_csi300_custom_step0_s_20260521_18,80479c8829134680955f691ff1dd7002,0.057,,,
2559,2026-05-21,SH601872,-0.002540953157316907,EXP_LGBModel_Alpha158_csi300_custom_step0_s_20260521_18,80479c8829134680955f691ff1dd7002,0.057,,,
2560,2026-05-21,SH601868,-0.002540953157316907,EXP_LGBModel_Alpha158_csi300_custom_step0_s_20260521_18,80479c8829134680955f691ff1dd7002,0.057,,,
2561,2026-05-21,SH601857,-0.002540953157316907,EXP_LGBModel_Alpha158_csi300_custom_step0_s_20260521_18,80479c8829134680955f691ff1dd7002,0.057,,,
2562,2026-05-21,SH601838,0.0024289609893897836,EXP_LGBModel_Alpha158_csi300_custom_step0_s_20260521_18,80479c8829134680955f691ff1dd7002,0.057,,,
2563,2026-05-21,SH601881,-0.0017501426207716044,EXP_LGBModel_Alpha158_csi300_custom_step0_s_20260521_18,80479c8829134680955f691ff1dd7002,0.057,,,
2564,2026-05-21,SH601985,-3.0446986463688705e-10,EXP_LGBModel_Alpha158_csi300_custom_step0_s_20260521_18,80479c8829134680955f691ff1dd7002,0.057,,,
2565,2026-05-21,SH601601,-3.0446986463688705e-10,EXP_LGBModel_Alpha158_csi300_custom_step0_s_20260521_18,80479c8829134680955f691ff1dd7002,0.057,,,
2566,2026-05-21,SH601456,-0.0017501426207716044,EXP_LGBModel_Alpha158_csi300_custom_step0_s_20260521_18,80479c8829134680955f691ff1dd7002,0.057,,,
2567,2026-05-21,SH601018,-3.0446986463688705e-10,EXP_LGBModel_Alpha158_csi300_custom_step0_s_20260521_18,80479c8829134680955f691ff1dd7002,0.057,,,
2568,2026-05-21,SH601021,-3.0446986463688705e-10,EXP_LGBModel_Alpha158_csi300_custom_step0_s_20260521_18,80479c8829134680955f691ff1dd7002,0.057,,,
2569,2026-05-21,SH601058,-3.0446986463688705e-10,EXP_LGBModel_Alpha158_csi300_custom_step0_s_20260521_18,80479c8829134680955f691ff1dd7002,0.057,,,
2570,2026-05-21,SH601059,-3.0446986463688705e-10,EXP_LGBModel_Alpha158_csi300_custom_step0_s_20260521_18,80479c8829134680955f691ff1dd7002,0.057,,,
2571,2026-05-21,SH601066,0.0024289609893897836,EXP_LGBModel_Alpha158_csi300_custom_step0_s_20260521_18,80479c8829134680955f691ff1dd7002,0.057,,,
2572,2026-05-21,SH601077,-3.0446986463688705e-10,EXP_LGBModel_Alpha158_csi300_custom_step0_s_20260521_18,80479c8829134680955f691ff1dd7002,0.057,,,
2573,2026-05-21,SH601088,0.0024289609893897836,EXP_LGBModel_Alpha158_csi300_custom_step0_s_20260521_18,80479c8829134680955f691ff1dd7002,0.057,,,
2574,2026-05-21,SH601100,-3.0446986463688705e-10,EXP_LGBModel_Alpha158_csi300_custom_step0_s_20260521_18,80479c8829134680955f691ff1dd7002,0.057,,,
2575,2026-05-21,SH601111,-0.0017501426207716044,EXP_LGBModel_Alpha158_csi300_custom_step0_s_20260521_18,80479c8829134680955f691ff1dd7002,0.057,,,
2576,2026-05-21,SH601117,-0.002540953157316907,EXP_LGBModel_Alpha158_csi300_custom_step0_s_20260521_18,80479c8829134680955f691ff1dd7002,0.057,,,
2577,2026-05-21,SH601127,-0.0017501426207716044,EXP_LGBModel_Alpha158_csi300_custom_step0_s_20260521_18,80479c8829134680955f691ff1dd7002,0.057,,,
2578,2026-05-21,SH601136,-0.0017501426207716044,EXP_LGBModel_Alpha158_csi300_custom_step0_s_20260521_18,80479c8829134680955f691ff1dd7002,0.057,,,
2579,2026-05-21,SH601138,-0.002540953157316907,EXP_LGBModel_Alpha158_csi300_custom_step0_s_20260521_18,80479c8829134680955f691ff1dd7002,0.057,,,
2580,2026-05-21,SH601166,-3.0446986463688705e-10,EXP_LGBModel_Alpha158_csi300_custom_step0_s_20260521_18,80479c8829134680955f691ff1dd7002,0.057,,,
2581,2026-05-21,SH601169,-3.0446986463688705e-10,EXP_LGBModel_Alpha158_csi300_custom_step0_s_20260521_18,80479c8829134680955f691ff1dd7002,0.057,,,
2582,2026-05-21,SH601186,-0.002540953157316907,EXP_LGBModel_Alpha158_csi300_custom_step0_s_20260521_18,80479c8829134680955f691ff1dd7002,0.057,,,
2583,2026-05-21,SH601211,-0.0017501426207716044,EXP_LGBModel_Alpha158_csi300_custom_step0_s_20260521_18,80479c8829134680955f691ff1dd7002,0.057,,,
2584,2026-05-21,SH601398,0.0024289609893897836,EXP_LGBModel_Alpha158_csi300_custom_step0_s_20260521_18,80479c8829134680955f691ff1dd7002,0.057,,,
2585,2026-05-21,SH601390,-3.0446986463688705e-10,EXP_LGBModel_Alpha158_csi300_custom_step0_s_20260521_18,80479c8829134680955f691ff1dd7002,0.057,,,
2586,2026-05-21,SH601377,-0.0017501426207716044,EXP_LGBModel_Alpha158_csi300_custom_step0_s_20260521_18,80479c8829134680955f691ff1dd7002,0.057,,,
2587,2026-05-21,SH601360,-0.002540953157316907,EXP_LGBModel_Alpha158_csi300_custom_step0_s_20260521_18,80479c8829134680955f691ff1dd7002,0.057,,,
2588,2026-05-21,SH601336,-0.0017501426207716044,EXP_LGBModel_Alpha158_csi300_custom_step0_s_20260521_18,80479c8829134680955f691ff1dd7002,0.057,,,
2589,2026-05-21,SH601328,-3.0446986463688705e-10,EXP_LGBModel_Alpha158_csi300_custom_step0_s_20260521_18,80479c8829134680955f691ff1dd7002,0.057,,,
2590,2026-05-21,SH601600,-0.002540953157316907,EXP_LGBModel_Alpha158_csi300_custom_step0_s_20260521_18,80479c8829134680955f691ff1dd7002,0.057,,,
2591,2026-05-21,SH601319,-0.002540953157316907,EXP_LGBModel_Alpha158_csi300_custom_step0_s_20260521_18,80479c8829134680955f691ff1dd7002,0.057,,,
2592,2026-05-21,SH601298,0.0024289609893897836,EXP_LGBModel_Alpha158_csi300_custom_step0_s_20260521_18,80479c8829134680955f691ff1dd7002,0.057,,,
2593,2026-05-21,SH601288,-3.0446986463688705e-10,EXP_LGBModel_Alpha158_csi300_custom_step0_s_20260521_18,80479c8829134680955f691ff1dd7002,0.057,,,
2594,2026-05-21,SH601238,-0.0017501426207716044,EXP_LGBModel_Alpha158_csi300_custom_step0_s_20260521_18,80479c8829134680955f691ff1dd7002,0.057,,,
2595,2026-05-21,SH601236,-3.0446986463688705e-10,EXP_LGBModel_Alpha158_csi300_custom_step0_s_20260521_18,80479c8829134680955f691ff1dd7002,0.057,,,
2596,2026-05-21,SH601229,-3.0446986463688705e-10,EXP_LGBModel_Alpha158_csi300_custom_step0_s_20260521_18,80479c8829134680955f691ff1dd7002,0.057,,,
2597,2026-05-21,SH601225,-3.0446986463688705e-10,EXP_LGBModel_Alpha158_csi300_custom_step0_s_20260521_18,80479c8829134680955f691ff1dd7002,0.057,,,
2598,2026-05-21,SH601318,-0.0017501426207716044,EXP_LGBModel_Alpha158_csi300_custom_step0_s_20260521_18,80479c8829134680955f691ff1dd7002,0.057,,,
2599,2026-05-21,SH601012,-3.0446986463688705e-10,EXP_LGBModel_Alpha158_csi300_custom_step0_s_20260521_18,80479c8829134680955f691ff1dd7002,0.057,,,
2600,2026-05-21,SH601988,0.0024289609893897836,EXP_LGBModel_Alpha158_csi300_custom_step0_s_20260521_18,80479c8829134680955f691ff1dd7002,0.057,,,
2601,2026-05-21,SH601998,-0.002540953157316907,EXP_LGBModel_Alpha158_csi300_custom_step0_s_20260521_18,80479c8829134680955f691ff1dd7002,0.057,,,
2602,2026-05-21,SZ000002,-0.002540953157316907,EXP_LGBModel_Alpha158_csi300_custom_step0_s_20260521_18,80479c8829134680955f691ff1dd7002,0.057,,,
2603,2026-05-21,SZ000063,-3.0446986463688705e-10,EXP_LGBModel_Alpha158_csi300_custom_step0_s_20260521_18,80479c8829134680955f691ff1dd7002,0.057,,,
2604,2026-05-21,SZ000100,-3.0446986463688705e-10,EXP_LGBModel_Alpha158_csi300_custom_step0_s_20260521_18,80479c8829134680955f691ff1dd7002,0.057,,,
2605,2026-05-21,SZ000157,-0.002540953157316907,EXP_LGBModel_Alpha158_csi300_custom_step0_s_20260521_18,80479c8829134680955f691ff1dd7002,0.057,,,
2606,2026-05-21,SZ000166,-0.0017501426207716044,EXP_LGBModel_Alpha158_csi300_custom_step0_s_20260521_18,80479c8829134680955f691ff1dd7002,0.057,,,
2607,2026-05-21,SZ000301,0.0024289609893897836,EXP_LGBModel_Alpha158_csi300_custom_step0_s_20260521_18,80479c8829134680955f691ff1dd7002,0.057,,,
2608,2026-05-21,SZ000333,0.0024289609893897836,EXP_LGBModel_Alpha158_csi300_custom_step0_s_20260521_18,80479c8829134680955f691ff1dd7002,0.057,,,
2609,2026-05-21,SZ000338,0.004134268285429812,EXP_LGBModel_Alpha158_csi300_custom_step0_s_20260521_18,80479c8829134680955f691ff1dd7002,0.057,,,
2610,2026-05-21,SZ000408,-0.002540953157316907,EXP_LGBModel_Alpha158_csi300_custom_step0_s_20260521_18,80479c8829134680955f691ff1dd7002,0.057,,,
2611,2026-05-21,SZ000425,-0.0017501426207716044,EXP_LGBModel_Alpha158_csi300_custom_step0_s_20260521_18,80479c8829134680955f691ff1dd7002,0.057,,,
2612,2026-05-21,SZ000538,-3.0446986463688705e-10,EXP_LGBModel_Alpha158_csi300_custom_step0_s_20260521_18,80479c8829134680955f691ff1dd7002,0.057,,,
2613,2026-05-21,SZ000568,-0.002540953157316907,EXP_LGBModel_Alpha158_csi300_custom_step0_s_20260521_18,80479c8829134680955f691ff1dd7002,0.057,,,
2614,2026-05-21,SZ000596,-0.002540953157316907,EXP_LGBModel_Alpha158_csi300_custom_step0_s_20260521_18,80479c8829134680955f691ff1dd7002,0.057,,,
2615,2026-05-21,SZ000617,-3.0446986463688705e-10,EXP_LGBModel_Alpha158_csi300_custom_step0_s_20260521_18,80479c8829134680955f691ff1dd7002,0.057,,,
2616,2026-05-21,SZ000625,-0.0017501426207716044,EXP_LGBModel_Alpha158_csi300_custom_step0_s_20260521_18,80479c8829134680955f691ff1dd7002,0.057,,,
2617,2026-05-21,SZ000630,-0.002540953157316907,EXP_LGBModel_Alpha158_csi300_custom_step0_s_20260521_18,80479c8829134680955f691ff1dd7002,0.057,,,
2618,2026-05-21,SZ000651,-3.0446986463688705e-10,EXP_LGBModel_Alpha158_csi300_custom_step0_s_20260521_18,80479c8829134680955f691ff1dd7002,0.057,,,
2619,2026-05-21,SZ000975,0.004134268285429812,EXP_LGBModel_Alpha158_csi300_custom_step0_s_20260521_18,80479c8829134680955f691ff1dd7002,0.057,,,
2620,2026-05-21,SZ000963,-0.002540953157316907,EXP_LGBModel_Alpha158_csi300_custom_step0_s_20260521_18,80479c8829134680955f691ff1dd7002,0.057,,,
2621,2026-05-21,SZ000938,0.004134268285429812,EXP_LGBModel_Alpha158_csi300_custom_step0_s_20260521_18,80479c8829134680955f691ff1dd7002,0.057,,,
2622,2026-05-21,SZ000895,-3.0446986463688705e-10,EXP_LGBModel_Alpha158_csi300_custom_step0_s_20260521_18,80479c8829134680955f691ff1dd7002,0.057,,,
2623,2026-05-21,SZ000876,-0.002540953157316907,EXP_LGBModel_Alpha158_csi300_custom_step0_s_20260521_18,80479c8829134680955f691ff1dd7002,0.057,,,
2624,2026-05-21,SZ000858,-3.0446986463688705e-10,EXP_LGBModel_Alpha158_csi300_custom_step0_s_20260521_18,80479c8829134680955f691ff1dd7002,0.057,,,
2625,2026-05-21,SZ000001,-3.0446986463688705e-10,EXP_LGBModel_Alpha158_csi300_custom_step0_s_20260521_18,80479c8829134680955f691ff1dd7002,0.057,,,
2626,2026-05-21,SZ000807,-0.002540953157316907,EXP_LGBModel_Alpha158_csi300_custom_step0_s_20260521_18,80479c8829134680955f691ff1dd7002,0.057,,,
2627,2026-05-21,SZ000786,-0.002540953157316907,EXP_LGBModel_Alpha158_csi300_custom_step0_s_20260521_18,80479c8829134680955f691ff1dd7002,0.057,,,
2628,2026-05-21,SZ000776,-3.0446986463688705e-10,EXP_LGBModel_Alpha158_csi300_custom_step0_s_20260521_18,80479c8829134680955f691ff1dd7002,0.057,,,
2629,2026-05-21,SZ000768,-0.002540953157316907,EXP_LGBModel_Alpha158_csi300_custom_step0_s_20260521_18,80479c8829134680955f691ff1dd7002,0.057,,,
2630,2026-05-21,SZ000725,0.0009849327848536376,EXP_LGBModel_Alpha158_csi300_custom_step0_s_20260521_18,80479c8829134680955f691ff1dd7002,0.057,,,
2631,2026-05-21,SZ000708,-3.0446986463688705e-10,EXP_LGBModel_Alpha158_csi300_custom_step0_s_20260521_18,80479c8829134680955f691ff1dd7002,0.057,,,
2632,2026-05-21,SZ000661,-0.002540953157316907,EXP_LGBModel_Alpha158_csi300_custom_step0_s_20260521_18,80479c8829134680955f691ff1dd7002,0.057,,,
2633,2026-05-21,SZ000792,-0.002540953157316907,EXP_LGBModel_Alpha158_csi300_custom_step0_s_20260521_18,80479c8829134680955f691ff1dd7002,0.057,,,
2634,2026-05-21,SH601995,0.0024289609893897836,EXP_LGBModel_Alpha158_csi300_custom_step0_s_20260521_18,80479c8829134680955f691ff1dd7002,0.057,,,
2635,2026-05-21,SH688981,0.0009849327848536376,EXP_LGBModel_Alpha158_csi300_custom_step0_s_20260521_18,80479c8829134680955f691ff1dd7002,0.057,,,
2636,2026-05-21,SH688472,-0.002540953157316907,EXP_LGBModel_Alpha158_csi300_custom_step0_s_20260521_18,80479c8829134680955f691ff1dd7002,0.057,,,
2637,2026-05-21,SH603019,-3.0446986463688705e-10,EXP_LGBModel_Alpha158_csi300_custom_step0_s_20260521_18,80479c8829134680955f691ff1dd7002,0.057,,,
2638,2026-05-21,SH603195,-3.0446986463688705e-10,EXP_LGBModel_Alpha158_csi300_custom_step0_s_20260521_18,80479c8829134680955f691ff1dd7002,0.057,,,
2639,2026-05-21,SH603259,0.0009849327848536376,EXP_LGBModel_Alpha158_csi300_custom_step0_s_20260521_18,80479c8829134680955f691ff1dd7002,0.057,,,
2640,2026-05-21,SH603260,-3.0446986463688705e-10,EXP_LGBModel_Alpha158_csi300_custom_step0_s_20260521_18,80479c8829134680955f691ff1dd7002,0.057,,,
2641,2026-05-21,SH603288,-0.002540953157316907,EXP_LGBModel_Alpha158_csi300_custom_step0_s_20260521_18,80479c8829134680955f691ff1dd7002,0.057,,,
2642,2026-05-21,SH603296,-0.002540953157316907,EXP_LGBModel_Alpha158_csi300_custom_step0_s_20260521_18,80479c8829134680955f691ff1dd7002,0.057,,,
2643,2026-05-21,SH603369,-3.0446986463688705e-10,EXP_LGBModel_Alpha158_csi300_custom_step0_s_20260521_18,80479c8829134680955f691ff1dd7002,0.057,,,
2644,2026-05-21,SH603392,-0.002540953157316907,EXP_LGBModel_Alpha158_csi300_custom_step0_s_20260521_18,80479c8829134680955f691ff1dd7002,0.057,,,
2645,2026-05-21,SH603501,-3.0446986463688705e-10,EXP_LGBModel_Alpha158_csi300_custom_step0_s_20260521_18,80479c8829134680955f691ff1dd7002,0.057,,,
2646,2026-05-21,SH603799,-0.002540953157316907,EXP_LGBModel_Alpha158_csi300_custom_step0_s_20260521_18,80479c8829134680955f691ff1dd7002,0.057,,,
2647,2026-05-21,SH603893,0.0009849327848536376,EXP_LGBModel_Alpha158_csi300_custom_step0_s_20260521_18,80479c8829134680955f691ff1dd7002,0.057,,,
2648,2026-05-21,SH603986,-3.0446986463688705e-10,EXP_LGBModel_Alpha158_csi300_custom_step0_s_20260521_18,80479c8829134680955f691ff1dd7002,0.057,,,
2649,2026-05-21,SH603993,-0.002540953157316907,EXP_LGBModel_Alpha158_csi300_custom_step0_s_20260521_18,80479c8829134680955f691ff1dd7002,0.057,,,
2650,2026-05-21,SH605117,-0.002540953157316907,EXP_LGBModel_Alpha158_csi300_custom_step0_s_20260521_18,80479c8829134680955f691ff1dd7002,0.057,,,
2651,2026-05-21,SH605499,-0.002540953157316907,EXP_LGBModel_Alpha158_csi300_custom_step0_s_20260521_18,80479c8829134680955f691ff1dd7002,0.057,,,
2652,2026-05-21,SH688008,0.004134268285429812,EXP_LGBModel_Alpha158_csi300_custom_step0_s_20260521_18,80479c8829134680955f691ff1dd7002,0.057,,,
2653,2026-05-21,SH688009,-3.0446986463688705e-10,EXP_LGBModel_Alpha158_csi300_custom_step0_s_20260521_18,80479c8829134680955f691ff1dd7002,0.057,,,
2654,2026-05-21,SH688396,0.004134268285429812,EXP_LGBModel_Alpha158_csi300_custom_step0_s_20260521_18,80479c8829134680955f691ff1dd7002,0.057,,,
2655,2026-05-21,SH688303,-0.002540953157316907,EXP_LGBModel_Alpha158_csi300_custom_step0_s_20260521_18,80479c8829134680955f691ff1dd7002,0.057,,,
2656,2026-05-21,SH688271,-3.0446986463688705e-10,EXP_LGBModel_Alpha158_csi300_custom_step0_s_20260521_18,80479c8829134680955f691ff1dd7002,0.057,,,
2657,2026-05-21,SH688256,0.004134268285429812,EXP_LGBModel_Alpha158_csi300_custom_step0_s_20260521_18,80479c8829134680955f691ff1dd7002,0.057,,,
2658,2026-05-21,SH688223,-0.002540953157316907,EXP_LGBModel_Alpha158_csi300_custom_step0_s_20260521_18,80479c8829134680955f691ff1dd7002,0.057,,,
2659,2026-05-21,SH688187,-3.0446986463688705e-10,EXP_LGBModel_Alpha158_csi300_custom_step0_s_20260521_18,80479c8829134680955f691ff1dd7002,0.057,,,
2660,2026-05-21,SH688506,-3.0446986463688705e-10,EXP_LGBModel_Alpha158_csi300_custom_step0_s_20260521_18,80479c8829134680955f691ff1dd7002,0.057,,,
2661,2026-05-21,SH688169,-3.0446986463688705e-10,EXP_LGBModel_Alpha158_csi300_custom_step0_s_20260521_18,80479c8829134680955f691ff1dd7002,0.057,,,
2662,2026-05-21,SH688111,-0.002540953157316907,EXP_LGBModel_Alpha158_csi300_custom_step0_s_20260521_18,80479c8829134680955f691ff1dd7002,0.057,,,
2663,2026-05-21,SH688082,-0.004073697505818094,EXP_LGBModel_Alpha158_csi300_custom_step0_s_20260521_18,80479c8829134680955f691ff1dd7002,0.057,,,
2664,2026-05-21,SH688047,-3.0446986463688705e-10,EXP_LGBModel_Alpha158_csi300_custom_step0_s_20260521_18,80479c8829134680955f691ff1dd7002,0.057,,,
2665,2026-05-21,SH688041,0.004134268285429812,EXP_LGBModel_Alpha158_csi300_custom_step0_s_20260521_18,80479c8829134680955f691ff1dd7002,0.057,,,
2666,2026-05-21,SH688036,0.0009849327848536376,EXP_LGBModel_Alpha158_csi300_custom_step0_s_20260521_18,80479c8829134680955f691ff1dd7002,0.057,,,
2667,2026-05-21,SH688012,-3.0446986463688705e-10,EXP_LGBModel_Alpha158_csi300_custom_step0_s_20260521_18,80479c8829134680955f691ff1dd7002,0.057,,,
2668,2026-05-21,SH688126,-3.0446986463688705e-10,EXP_LGBModel_Alpha158_csi300_custom_step0_s_20260521_18,80479c8829134680955f691ff1dd7002,0.057,,,
2669,2026-05-21,SH601009,-3.0446986463688705e-10,EXP_LGBModel_Alpha158_csi300_custom_step0_s_20260521_18,80479c8829134680955f691ff1dd7002,0.057,,,
2670,2026-05-21,SH601006,0.0024289609893897836,EXP_LGBModel_Alpha158_csi300_custom_step0_s_20260521_18,80479c8829134680955f691ff1dd7002,0.057,,,
2671,2026-05-21,SH600999,0.0009849327848536376,EXP_LGBModel_Alpha158_csi300_custom_step0_s_20260521_18,80479c8829134680955f691ff1dd7002,0.057,,,
2672,2026-05-21,SZ300433,0.08066507098098644,EXP_CatBoostModel_Alpha158_csi300_custom_step0_s_20260521_18,d6749a45a1694d20a6fc46ab87826e4c,0.032,,,
2673,2026-05-21,SZ300442,-0.0302216099704294,EXP_CatBoostModel_Alpha158_csi300_custom_step0_s_20260521_18,d6749a45a1694d20a6fc46ab87826e4c,0.032,,,
2674,2026-05-21,SZ300476,0.033527254617818116,EXP_CatBoostModel_Alpha158_csi300_custom_step0_s_20260521_18,d6749a45a1694d20a6fc46ab87826e4c,0.032,,,
2675,2026-05-21,SZ300498,0.010518402542203518,EXP_CatBoostModel_Alpha158_csi300_custom_step0_s_20260521_18,d6749a45a1694d20a6fc46ab87826e4c,0.032,,,
2676,2026-05-21,SZ300502,-0.08892846502871841,EXP_CatBoostModel_Alpha158_csi300_custom_step0_s_20260521_18,d6749a45a1694d20a6fc46ab87826e4c,0.032,,,
2677,2026-05-21,SZ300628,-0.04431874844801384,EXP_CatBoostModel_Alpha158_csi300_custom_step0_s_20260521_18,d6749a45a1694d20a6fc46ab87826e4c,0.032,,,
2678,2026-05-21,SZ300661,-0.3363078698986962,EXP_CatBoostModel_Alpha158_csi300_custom_step0_s_20260521_18,d6749a45a1694d20a6fc46ab87826e4c,0.032,,,
2679,2026-05-21,SZ300750,0.0034257272532464927,EXP_CatBoostModel_Alpha158_csi300_custom_step0_s_20260521_18,d6749a45a1694d20a6fc46ab87826e4c,0.032,,,
2680,2026-05-21,SZ300759,0.016920904896874287,EXP_CatBoostModel_Alpha158_csi300_custom_step0_s_20260521_18,d6749a45a1694d20a6fc46ab87826e4c,0.032,,,
2681,2026-05-21,SZ300760,0.010274777712153677,EXP_CatBoostModel_Alpha158_csi300_custom_step0_s_20260521_18,d6749a45a1694d20a6fc46ab87826e4c,0.032,,,
2682,2026-05-21,SZ300782,-0.14747764079904366,EXP_CatBoostModel_Alpha158_csi300_custom_step0_s_20260521_18,d6749a45a1694d20a6fc46ab87826e4c,0.032,,,
2683,2026-05-21,SZ300803,-0.021772261980721398,EXP_CatBoostModel_Alpha158_csi300_custom_step0_s_20260521_18,d6749a45a1694d20a6fc46ab87826e4c,0.032,,,
2684,2026-05-21,SZ300832,0.004678703767861034,EXP_CatBoostModel_Alpha158_csi300_custom_step0_s_20260521_18,d6749a45a1694d20a6fc46ab87826e4c,0.032,,,
2685,2026-05-21,SZ300866,0.052254059633825095,EXP_CatBoostModel_Alpha158_csi300_custom_step0_s_20260521_18,d6749a45a1694d20a6fc46ab87826e4c,0.032,,,
2686,2026-05-21,SZ300896,0.05567638387806666,EXP_CatBoostModel_Alpha158_csi300_custom_step0_s_20260521_18,d6749a45a1694d20a6fc46ab87826e4c,0.032,,,
2687,2026-05-21,SZ300979,0.008394047769079165,EXP_CatBoostModel_Alpha158_csi300_custom_step0_s_20260521_18,d6749a45a1694d20a6fc46ab87826e4c,0.032,,,
2688,2026-05-21,SZ300999,-0.02344916368777335,EXP_CatBoostModel_Alpha158_csi300_custom_step0_s_20260521_18,d6749a45a1694d20a6fc46ab87826e4c,0.032,,,
2689,2026-05-21,SH600026,-0.002540953157316907,EXP_LGBModel_Alpha158_csi300_custom_step0_s_20260521_18,80479c8829134680955f691ff1dd7002,0.057,,,
2690,2026-05-21,SH600025,-3.0446986463688705e-10,EXP_LGBModel_Alpha158_csi300_custom_step0_s_20260521_18,80479c8829134680955f691ff1dd7002,0.057,,,
2691,2026-05-21,SH600023,-3.0446986463688705e-10,EXP_LGBModel_Alpha158_csi300_custom_step0_s_20260521_18,80479c8829134680955f691ff1dd7002,0.057,,,
2692,2026-05-21,SH600019,-0.002540953157316907,EXP_LGBModel_Alpha158_csi300_custom_step0_s_20260521_18,80479c8829134680955f691ff1dd7002,0.057,,,
2693,2026-05-21,SH600018,0.0024289609893897836,EXP_LGBModel_Alpha158_csi300_custom_step0_s_20260521_18,80479c8829134680955f691ff1dd7002,0.057,,,
2694,2026-05-21,SH600016,-3.0446986463688705e-10,EXP_LGBModel_Alpha158_csi300_custom_step0_s_20260521_18,80479c8829134680955f691ff1dd7002,0.057,,,
2695,2026-05-21,SZ300418,0.1398613542620801,EXP_CatBoostModel_Alpha158_csi300_custom_step0_s_20260521_18,d6749a45a1694d20a6fc46ab87826e4c,0.032,,,
2696,2026-05-21,SH600015,-3.0446986463688705e-10,EXP_LGBModel_Alpha158_csi300_custom_step0_s_20260521_18,80479c8829134680955f691ff1dd7002,0.057,,,
2697,2026-05-21,SH600010,-0.002540953157316907,EXP_LGBModel_Alpha158_csi300_custom_step0_s_20260521_18,80479c8829134680955f691ff1dd7002,0.057,,,
2698,2026-05-21,SH600009,-0.0017501426207716044,EXP_LGBModel_Alpha158_csi300_custom_step0_s_20260521_18,80479c8829134680955f691ff1dd7002,0.057,,,
2699,2026-05-21,SH600000,-3.0446986463688705e-10,EXP_LGBModel_Alpha158_csi300_custom_step0_s_20260521_18,80479c8829134680955f691ff1dd7002,0.057,,,
2700,2026-05-21,SZ302132,-0.019931577700086644,EXP_CatBoostModel_Alpha158_csi300_custom_step0_s_20260521_18,d6749a45a1694d20a6fc46ab87826e4c,0.032,,,
2701,2026-05-21,SZ301269,-0.15655554955210177,EXP_CatBoostModel_Alpha158_csi300_custom_step0_s_20260521_18,d6749a45a1694d20a6fc46ab87826e4c,0.032,,,
2702,2026-05-21,SZ301236,0.0872711984570952,EXP_CatBoostModel_Alpha158_csi300_custom_step0_s_20260521_18,d6749a45a1694d20a6fc46ab87826e4c,0.032,,,
2703,2026-05-21,SH600011,-0.002540953157316907,EXP_LGBModel_Alpha158_csi300_custom_step0_s_20260521_18,80479c8829134680955f691ff1dd7002,0.057,,,
2704,2026-05-21,SH600027,-0.002540953157316907,EXP_LGBModel_Alpha158_csi300_custom_step0_s_20260521_18,80479c8829134680955f691ff1dd7002,0.057,,,
2705,2026-05-21,SZ300413,0.032789407679777935,EXP_CatBoostModel_Alpha158_csi300_custom_step0_s_20260521_18,d6749a45a1694d20a6fc46ab87826e4c,0.032,,,
2706,2026-05-21,SZ300394,-0.09450991633902689,EXP_CatBoostModel_Alpha158_csi300_custom_step0_s_20260521_18,d6749a45a1694d20a6fc46ab87826e4c,0.032,,,
2707,2026-05-21,SZ002415,-0.008418904387463538,EXP_CatBoostModel_Alpha158_csi300_custom_step0_s_20260521_18,d6749a45a1694d20a6fc46ab87826e4c,0.032,,,
2708,2026-05-21,SZ002422,-0.0031441048463147726,EXP_CatBoostModel_Alpha158_csi300_custom_step0_s_20260521_18,d6749a45a1694d20a6fc46ab87826e4c,0.032,,,
2709,2026-05-21,SZ002459,0.017353446705639552,EXP_CatBoostModel_Alpha158_csi300_custom_step0_s_20260521_18,d6749a45a1694d20a6fc46ab87826e4c,0.032,,,
2710,2026-05-21,SZ002460,0.011550738178470157,EXP_CatBoostModel_Alpha158_csi300_custom_step0_s_20260521_18,d6749a45a1694d20a6fc46ab87826e4c,0.032,,,
2711,2026-05-21,SZ002463,0.0160643686943431,EXP_CatBoostModel_Alpha158_csi300_custom_step0_s_20260521_18,d6749a45a1694d20a6fc46ab87826e4c,0.032,,,
2712,2026-05-21,SZ002466,0.16690770056084242,EXP_CatBoostModel_Alpha158_csi300_custom_step0_s_20260521_18,d6749a45a1694d20a6fc46ab87826e4c,0.032,,,
2713,2026-05-21,SZ002475,-0.09303781576963473,EXP_CatBoostModel_Alpha158_csi300_custom_step0_s_20260521_18,d6749a45a1694d20a6fc46ab87826e4c,0.032,,,
2714,2026-05-21,SZ002493,0.06907043411665405,EXP_CatBoostModel_Alpha158_csi300_custom_step0_s_20260521_18,d6749a45a1694d20a6fc46ab87826e4c,0.032,,,
2715,2026-05-21,SZ002594,0.013391551050213613,EXP_CatBoostModel_Alpha158_csi300_custom_step0_s_20260521_18,d6749a45a1694d20a6fc46ab87826e4c,0.032,,,
2716,2026-05-21,SZ002600,-0.13992351514290355,EXP_CatBoostModel_Alpha158_csi300_custom_step0_s_20260521_18,d6749a45a1694d20a6fc46ab87826e4c,0.032,,,
2717,2026-05-21,SZ002601,0.0330917271013723,EXP_CatBoostModel_Alpha158_csi300_custom_step0_s_20260521_18,d6749a45a1694d20a6fc46ab87826e4c,0.032,,,
2718,2026-05-21,SZ002625,0.015356708397164763,EXP_CatBoostModel_Alpha158_csi300_custom_step0_s_20260521_18,d6749a45a1694d20a6fc46ab87826e4c,0.032,,,
2719,2026-05-21,SZ002648,0.011967953362456084,EXP_CatBoostModel_Alpha158_csi300_custom_step0_s_20260521_18,d6749a45a1694d20a6fc46ab87826e4c,0.032,,,
2720,2026-05-21,SZ002709,0.12316388977546058,EXP_CatBoostModel_Alpha158_csi300_custom_step0_s_20260521_18,d6749a45a1694d20a6fc46ab87826e4c,0.032,,,
2721,2026-05-21,SZ002714,0.0040823668857392645,EXP_CatBoostModel_Alpha158_csi300_custom_step0_s_20260521_18,d6749a45a1694d20a6fc46ab87826e4c,0.032,,,
2722,2026-05-21,SZ002736,-0.0065473890774266135,EXP_CatBoostModel_Alpha158_csi300_custom_step0_s_20260521_18,d6749a45a1694d20a6fc46ab87826e4c,0.032,,,
2723,2026-05-21,SZ002916,-0.23542571898306103,EXP_CatBoostModel_Alpha158_csi300_custom_step0_s_20260521_18,d6749a45a1694d20a6fc46ab87826e4c,0.032,,,
2724,2026-05-21,SZ300347,0.07120796354383681,EXP_CatBoostModel_Alpha158_csi300_custom_step0_s_20260521_18,d6749a45a1694d20a6fc46ab87826e4c,0.032,,,
2725,2026-05-21,SZ300316,-0.3823166871723226,EXP_CatBoostModel_Alpha158_csi300_custom_step0_s_20260521_18,d6749a45a1694d20a6fc46ab87826e4c,0.032,,,
2726,2026-05-21,SZ300308,-0.06747562820448595,EXP_CatBoostModel_Alpha158_csi300_custom_step0_s_20260521_18,d6749a45a1694d20a6fc46ab87826e4c,0.032,,,
2727,2026-05-21,SZ300274,0.06981528714232504,EXP_CatBoostModel_Alpha158_csi300_custom_step0_s_20260521_18,d6749a45a1694d20a6fc46ab87826e4c,0.032,,,
2728,2026-05-21,SZ300251,0.07988692792822343,EXP_CatBoostModel_Alpha158_csi300_custom_step0_s_20260521_18,d6749a45a1694d20a6fc46ab87826e4c,0.032,,,
2729,2026-05-21,SZ300124,0.09455953557421623,EXP_CatBoostModel_Alpha158_csi300_custom_step0_s_20260521_18,d6749a45a1694d20a6fc46ab87826e4c,0.032,,,
2730,2026-05-21,SZ300408,-0.3158517688027096,EXP_CatBoostModel_Alpha158_csi300_custom_step0_s_20260521_18,d6749a45a1694d20a6fc46ab87826e4c,0.032,,,
2731,2026-05-21,SZ300122,-0.0013445731208196355,EXP_CatBoostModel_Alpha158_csi300_custom_step0_s_20260521_18,d6749a45a1694d20a6fc46ab87826e4c,0.032,,,
2732,2026-05-21,SZ300033,-0.11765155815100857,EXP_CatBoostModel_Alpha158_csi300_custom_step0_s_20260521_18,d6749a45a1694d20a6fc46ab87826e4c,0.032,,,
2733,2026-05-21,SZ300015,0.01413131464537,EXP_CatBoostModel_Alpha158_csi300_custom_step0_s_20260521_18,d6749a45a1694d20a6fc46ab87826e4c,0.032,,,
2734,2026-05-21,SZ300014,-0.012559748576668093,EXP_CatBoostModel_Alpha158_csi300_custom_step0_s_20260521_18,d6749a45a1694d20a6fc46ab87826e4c,0.032,,,
2735,2026-05-21,SZ003816,-0.0011423621889190914,EXP_CatBoostModel_Alpha158_csi300_custom_step0_s_20260521_18,d6749a45a1694d20a6fc46ab87826e4c,0.032,,,
2736,2026-05-21,SZ002938,-0.2676372867059213,EXP_CatBoostModel_Alpha158_csi300_custom_step0_s_20260521_18,d6749a45a1694d20a6fc46ab87826e4c,0.032,,,
2737,2026-05-21,SZ002920,-0.03494962413590123,EXP_CatBoostModel_Alpha158_csi300_custom_step0_s_20260521_18,d6749a45a1694d20a6fc46ab87826e4c,0.032,,,
2738,2026-05-21,SZ300059,0.018411006024641453,EXP_CatBoostModel_Alpha158_csi300_custom_step0_s_20260521_18,d6749a45a1694d20a6fc46ab87826e4c,0.032,,,
2739,2026-05-21,SH600028,-3.0446986463688705e-10,EXP_LGBModel_Alpha158_csi300_custom_step0_s_20260521_18,80479c8829134680955f691ff1dd7002,0.057,,,
2740,2026-05-21,SH600029,-0.0017501426207716044,EXP_LGBModel_Alpha158_csi300_custom_step0_s_20260521_18,80479c8829134680955f691ff1dd7002,0.057,,,
2741,2026-05-21,SH600030,-0.0017501426207716044,EXP_LGBModel_Alpha158_csi300_custom_step0_s_20260521_18,80479c8829134680955f691ff1dd7002,0.057,,,
2742,2026-05-21,SH600519,-3.0446986463688705e-10,EXP_LGBModel_Alpha158_csi300_custom_step0_s_20260521_18,80479c8829134680955f691ff1dd7002,0.057,,,
2743,2026-05-21,SH600522,0.004134268285429812,EXP_LGBModel_Alpha158_csi300_custom_step0_s_20260521_18,80479c8829134680955f691ff1dd7002,0.057,,,
2744,2026-05-21,SH600547,-3.0446986463688705e-10,EXP_LGBModel_Alpha158_csi300_custom_step0_s_20260521_18,80479c8829134680955f691ff1dd7002,0.057,,,
2745,2026-05-21,SH600570,-3.0446986463688705e-10,EXP_LGBModel_Alpha158_csi300_custom_step0_s_20260521_18,80479c8829134680955f691ff1dd7002,0.057,,,
2746,2026-05-21,SH600584,-0.004073697505818094,EXP_LGBModel_Alpha158_csi300_custom_step0_s_20260521_18,80479c8829134680955f691ff1dd7002,0.057,,,
2747,2026-05-21,SH600585,-0.002540953157316907,EXP_LGBModel_Alpha158_csi300_custom_step0_s_20260521_18,80479c8829134680955f691ff1dd7002,0.057,,,
2748,2026-05-21,SH600588,-3.0446986463688705e-10,EXP_LGBModel_Alpha158_csi300_custom_step0_s_20260521_18,80479c8829134680955f691ff1dd7002,0.057,,,
2749,2026-05-21,SH600600,0.0024289609893897836,EXP_LGBModel_Alpha158_csi300_custom_step0_s_20260521_18,80479c8829134680955f691ff1dd7002,0.057,,,
2750,2026-05-21,SH600660,-0.002540953157316907,EXP_LGBModel_Alpha158_csi300_custom_step0_s_20260521_18,80479c8829134680955f691ff1dd7002,0.057,,,
2751,2026-05-21,SH600674,-3.0446986463688705e-10,EXP_LGBModel_Alpha158_csi300_custom_step0_s_20260521_18,80479c8829134680955f691ff1dd7002,0.057,,,
2752,2026-05-21,SH600690,-3.0446986463688705e-10,EXP_LGBModel_Alpha158_csi300_custom_step0_s_20260521_18,80479c8829134680955f691ff1dd7002,0.057,,,
2753,2026-05-21,SH600741,-3.0446986463688705e-10,EXP_LGBModel_Alpha158_csi300_custom_step0_s_20260521_18,80479c8829134680955f691ff1dd7002,0.057,,,
2754,2026-05-21,SH600760,-0.002540953157316907,EXP_LGBModel_Alpha158_csi300_custom_step0_s_20260521_18,80479c8829134680955f691ff1dd7002,0.057,,,
2755,2026-05-21,SH600795,-3.0446986463688705e-10,EXP_LGBModel_Alpha158_csi300_custom_step0_s_20260521_18,80479c8829134680955f691ff1dd7002,0.057,,,
2756,2026-05-21,SH600803,0.0024289609893897836,EXP_LGBModel_Alpha158_csi300_custom_step0_s_20260521_18,80479c8829134680955f691ff1dd7002,0.057,,,
2757,2026-05-21,SH600809,-0.0017501426207716044,EXP_LGBModel_Alpha158_csi300_custom_step0_s_20260521_18,80479c8829134680955f691ff1dd7002,0.057,,,
2758,2026-05-21,SH600845,0.0009849327848536376,EXP_LGBModel_Alpha158_csi300_custom_step0_s_20260521_18,80479c8829134680955f691ff1dd7002,0.057,,,
2759,2026-05-21,SH600989,-0.002540953157316907,EXP_LGBModel_Alpha158_csi300_custom_step0_s_20260521_18,80479c8829134680955f691ff1dd7002,0.057,,,
2760,2026-05-21,SH600958,-0.002540953157316907,EXP_LGBModel_Alpha158_csi300_custom_step0_s_20260521_18,80479c8829134680955f691ff1dd7002,0.057,,,
2761,2026-05-21,SH600941,-3.0446986463688705e-10,EXP_LGBModel_Alpha158_csi300_custom_step0_s_20260521_18,80479c8829134680955f691ff1dd7002,0.057,,,
2762,2026-05-21,SH600938,0.0024289609893897836,EXP_LGBModel_Alpha158_csi300_custom_step0_s_20260521_18,80479c8829134680955f691ff1dd7002,0.057,,,
2763,2026-05-21,SH600930,-0.002540953157316907,EXP_LGBModel_Alpha158_csi300_custom_step0_s_20260521_18,80479c8829134680955f691ff1dd7002,0.057,,,
2764,2026-05-21,SH600926,-3.0446986463688705e-10,EXP_LGBModel_Alpha158_csi300_custom_step0_s_20260521_18,80479c8829134680955f691ff1dd7002,0.057,,,
2765,2026-05-21,SH600515,-0.002540953157316907,EXP_LGBModel_Alpha158_csi300_custom_step0_s_20260521_18,80479c8829134680955f691ff1dd7002,0.057,,,
2766,2026-05-21,SH600919,0.0024289609893897836,EXP_LGBModel_Alpha158_csi300_custom_step0_s_20260521_18,80479c8829134680955f691ff1dd7002,0.057,,,
2767,2026-05-21,SH600905,0.0024289609893897836,EXP_LGBModel_Alpha158_csi300_custom_step0_s_20260521_18,80479c8829134680955f691ff1dd7002,0.057,,,
2768,2026-05-21,SH600900,-3.0446986463688705e-10,EXP_LGBModel_Alpha158_csi300_custom_step0_s_20260521_18,80479c8829134680955f691ff1dd7002,0.057,,,
2769,2026-05-21,SH600893,-0.002540953157316907,EXP_LGBModel_Alpha158_csi300_custom_step0_s_20260521_18,80479c8829134680955f691ff1dd7002,0.057,,,
2770,2026-05-21,SH600887,-3.0446986463688705e-10,EXP_LGBModel_Alpha158_csi300_custom_step0_s_20260521_18,80479c8829134680955f691ff1dd7002,0.057,,,
2771,2026-05-21,SH600886,0.0024289609893897836,EXP_LGBModel_Alpha158_csi300_custom_step0_s_20260521_18,80479c8829134680955f691ff1dd7002,0.057,,,
2772,2026-05-21,SH600875,-0.002540953157316907,EXP_LGBModel_Alpha158_csi300_custom_step0_s_20260521_18,80479c8829134680955f691ff1dd7002,0.057,,,
2773,2026-05-21,SH600918,-0.0017501426207716044,EXP_LGBModel_Alpha158_csi300_custom_step0_s_20260521_18,80479c8829134680955f691ff1dd7002,0.057,,,
2774,2026-05-21,SH600489,-3.0446986463688705e-10,EXP_LGBModel_Alpha158_csi300_custom_step0_s_20260521_18,80479c8829134680955f691ff1dd7002,0.057,,,
2775,2026-05-21,SH600482,-0.002540953157316907,EXP_LGBModel_Alpha158_csi300_custom_step0_s_20260521_18,80479c8829134680955f691ff1dd7002,0.057,,,
2776,2026-05-21,SH600460,0.0009849327848536376,EXP_LGBModel_Alpha158_csi300_custom_step0_s_20260521_18,80479c8829134680955f691ff1dd7002,0.057,,,
2777,2026-05-21,SH600160,-0.002540953157316907,EXP_LGBModel_Alpha158_csi300_custom_step0_s_20260521_18,80479c8829134680955f691ff1dd7002,0.057,,,
2778,2026-05-21,SH600150,0.004134268285429812,EXP_LGBModel_Alpha158_csi300_custom_step0_s_20260521_18,80479c8829134680955f691ff1dd7002,0.057,,,
2779,2026-05-21,SH600115,-0.0017501426207716044,EXP_LGBModel_Alpha158_csi300_custom_step0_s_20260521_18,80479c8829134680955f691ff1dd7002,0.057,,,
2780,2026-05-21,SH600111,-0.002540953157316907,EXP_LGBModel_Alpha158_csi300_custom_step0_s_20260521_18,80479c8829134680955f691ff1dd7002,0.057,,,
2781,2026-05-21,SH600104,-3.0446986463688705e-10,EXP_LGBModel_Alpha158_csi300_custom_step0_s_20260521_18,80479c8829134680955f691ff1dd7002,0.057,,,
2782,2026-05-21,SH600089,-0.002540953157316907,EXP_LGBModel_Alpha158_csi300_custom_step0_s_20260521_18,80479c8829134680955f691ff1dd7002,0.057,,,
2783,2026-05-21,SH600161,-0.0017501426207716044,EXP_LGBModel_Alpha158_csi300_custom_step0_s_20260521_18,80479c8829134680955f691ff1dd7002,0.057,,,
2784,2026-05-21,SH600085,-3.0446986463688705e-10,EXP_LGBModel_Alpha158_csi300_custom_step0_s_20260521_18,80479c8829134680955f691ff1dd7002,0.057,,,
2785,2026-05-21,SH600061,-0.0017501426207716044,EXP_LGBModel_Alpha158_csi300_custom_step0_s_20260521_18,80479c8829134680955f691ff1dd7002,0.057,,,
2786,2026-05-21,SH600050,-0.002540953157316907,EXP_LGBModel_Alpha158_csi300_custom_step0_s_20260521_18,80479c8829134680955f691ff1dd7002,0.057,,,
2787,2026-05-21,SH600048,-0.002540953157316907,EXP_LGBModel_Alpha158_csi300_custom_step0_s_20260521_18,80479c8829134680955f691ff1dd7002,0.057,,,
2788,2026-05-21,SH600039,-3.0446986463688705e-10,EXP_LGBModel_Alpha158_csi300_custom_step0_s_20260521_18,80479c8829134680955f691ff1dd7002,0.057,,,
2789,2026-05-21,SH600036,-3.0446986463688705e-10,EXP_LGBModel_Alpha158_csi300_custom_step0_s_20260521_18,80479c8829134680955f691ff1dd7002,0.057,,,
2790,2026-05-21,SH600031,-3.0446986463688705e-10,EXP_LGBModel_Alpha158_csi300_custom_step0_s_20260521_18,80479c8829134680955f691ff1dd7002,0.057,,,
2791,2026-05-21,SH600066,-0.002540953157316907,EXP_LGBModel_Alpha158_csi300_custom_step0_s_20260521_18,80479c8829134680955f691ff1dd7002,0.057,,,
2792,2026-05-21,SZ002371,-0.23577979232132681,EXP_CatBoostModel_Alpha158_csi300_custom_step0_s_20260521_18,d6749a45a1694d20a6fc46ab87826e4c,0.032,,,
2793,2026-05-21,SH600176,0.004134268285429812,EXP_LGBModel_Alpha158_csi300_custom_step0_s_20260521_18,80479c8829134680955f691ff1dd7002,0.057,,,
2794,2026-05-21,SH600188,-0.002540953157316907,EXP_LGBModel_Alpha158_csi300_custom_step0_s_20260521_18,80479c8829134680955f691ff1dd7002,0.057,,,
2795,2026-05-21,SH600438,-0.002540953157316907,EXP_LGBModel_Alpha158_csi300_custom_step0_s_20260521_18,80479c8829134680955f691ff1dd7002,0.057,,,
2796,2026-05-21,SH600436,-0.002540953157316907,EXP_LGBModel_Alpha158_csi300_custom_step0_s_20260521_18,80479c8829134680955f691ff1dd7002,0.057,,,
2797,2026-05-21,SH600426,-3.0446986463688705e-10,EXP_LGBModel_Alpha158_csi300_custom_step0_s_20260521_18,80479c8829134680955f691ff1dd7002,0.057,,,
2798,2026-05-21,SH600415,-0.002540953157316907,EXP_LGBModel_Alpha158_csi300_custom_step0_s_20260521_18,80479c8829134680955f691ff1dd7002,0.057,,,
2799,2026-05-21,SH600406,-0.002540953157316907,EXP_LGBModel_Alpha158_csi300_custom_step0_s_20260521_18,80479c8829134680955f691ff1dd7002,0.057,,,
2800,2026-05-21,SH600377,0.0024289609893897836,EXP_LGBModel_Alpha158_csi300_custom_step0_s_20260521_18,80479c8829134680955f691ff1dd7002,0.057,,,
2801,2026-05-21,SH600183,-3.0446986463688705e-10,EXP_LGBModel_Alpha158_csi300_custom_step0_s_20260521_18,80479c8829134680955f691ff1dd7002,0.057,,,
2802,2026-05-21,SH600372,-0.002540953157316907,EXP_LGBModel_Alpha158_csi300_custom_step0_s_20260521_18,80479c8829134680955f691ff1dd7002,0.057,,,
2803,2026-05-21,SH600346,-0.002540953157316907,EXP_LGBModel_Alpha158_csi300_custom_step0_s_20260521_18,80479c8829134680955f691ff1dd7002,0.057,,,
2804,2026-05-21,SH600309,-3.0446986463688705e-10,EXP_LGBModel_Alpha158_csi300_custom_step0_s_20260521_18,80479c8829134680955f691ff1dd7002,0.057,,,
2805,2026-05-21,SH600276,-0.002540953157316907,EXP_LGBModel_Alpha158_csi300_custom_step0_s_20260521_18,80479c8829134680955f691ff1dd7002,0.057,,,
2806,2026-05-21,SH600233,-0.002540953157316907,EXP_LGBModel_Alpha158_csi300_custom_step0_s_20260521_18,80479c8829134680955f691ff1dd7002,0.057,,,
2807,2026-05-21,SH600219,0.004134268285429812,EXP_LGBModel_Alpha158_csi300_custom_step0_s_20260521_18,80479c8829134680955f691ff1dd7002,0.057,,,
2808,2026-05-21,SH600196,-0.002540953157316907,EXP_LGBModel_Alpha158_csi300_custom_step0_s_20260521_18,80479c8829134680955f691ff1dd7002,0.057,,,
2809,2026-05-21,SH600362,-0.002540953157316907,EXP_LGBModel_Alpha158_csi300_custom_step0_s_20260521_18,80479c8829134680955f691ff1dd7002,0.057,,,
2810,2026-05-21,SZ002920,-7.956149454931578e-05,EXP_CatBoostModel_Alpha158_csi300_custom_step0_s_20260521_18,573d6f2630944af6aa63d544e43d4ae2,0.052,,,
2811,2026-05-21,SZ002916,-0.0008369177763579787,EXP_CatBoostModel_Alpha158_csi300_custom_step0_s_20260521_18,573d6f2630944af6aa63d544e43d4ae2,0.052,,,
2812,2026-05-21,SZ002736,-0.0010595578108407986,EXP_CatBoostModel_Alpha158_csi300_custom_step0_s_20260521_18,573d6f2630944af6aa63d544e43d4ae2,0.052,,,
2813,2026-05-21,SH688082,0.013356382271168324,EXP_CatBoostModel_Alpha158_csi300_custom_step0_s_20260521_18,b49c474acfe34c72a08b55458ce04d92,0.049,,,
2814,2026-05-21,SH688111,-0.0001628373495605366,EXP_CatBoostModel_Alpha158_csi300_custom_step0_s_20260521_18,b49c474acfe34c72a08b55458ce04d92,0.049,,,
2815,2026-05-21,SH688126,0.013356382271168324,EXP_CatBoostModel_Alpha158_csi300_custom_step0_s_20260521_18,b49c474acfe34c72a08b55458ce04d92,0.049,,,
2816,2026-05-21,SH688169,-0.0013630009930822868,EXP_CatBoostModel_Alpha158_csi300_custom_step0_s_20260521_18,b49c474acfe34c72a08b55458ce04d92,0.049,,,
2817,2026-05-21,SH688187,-0.0001628373495605366,EXP_CatBoostModel_Alpha158_csi300_custom_step0_s_20260521_18,b49c474acfe34c72a08b55458ce04d92,0.049,,,
2818,2026-05-21,SH688223,-0.0001628373495605366,EXP_CatBoostModel_Alpha158_csi300_custom_step0_s_20260521_18,b49c474acfe34c72a08b55458ce04d92,0.049,,,
2819,2026-05-21,SH688256,-0.0001628373495605366,EXP_CatBoostModel_Alpha158_csi300_custom_step0_s_20260521_18,b49c474acfe34c72a08b55458ce04d92,0.049,,,
2820,2026-05-21,SH688271,0.0030374344858938676,EXP_CatBoostModel_Alpha158_csi300_custom_step0_s_20260521_18,b49c474acfe34c72a08b55458ce04d92,0.049,,,
2821,2026-05-21,SH688303,-0.0001628373495605366,EXP_CatBoostModel_Alpha158_csi300_custom_step0_s_20260521_18,b49c474acfe34c72a08b55458ce04d92,0.049,,,
2822,2026-05-21,SH688396,-0.0001628373495605366,EXP_CatBoostModel_Alpha158_csi300_custom_step0_s_20260521_18,b49c474acfe34c72a08b55458ce04d92,0.049,,,
2823,2026-05-21,SH688472,-0.0001628373495605366,EXP_CatBoostModel_Alpha158_csi300_custom_step0_s_20260521_18,b49c474acfe34c72a08b55458ce04d92,0.049,,,
2824,2026-05-21,SH688506,0.004184945191539468,EXP_CatBoostModel_Alpha158_csi300_custom_step0_s_20260521_18,b49c474acfe34c72a08b55458ce04d92,0.049,,,
2825,2026-05-21,SH688981,-0.0001628373495605366,EXP_CatBoostModel_Alpha158_csi300_custom_step0_s_20260521_18,b49c474acfe34c72a08b55458ce04d92,0.049,,,
2826,2026-05-21,SZ000001,-0.004754587146294094,EXP_CatBoostModel_Alpha158_csi300_custom_step0_s_20260521_18,b49c474acfe34c72a08b55458ce04d92,0.049,,,
2827,2026-05-21,SZ000002,-0.0001628373495605366,EXP_CatBoostModel_Alpha158_csi300_custom_step0_s_20260521_18,b49c474acfe34c72a08b55458ce04d92,0.049,,,
2828,2026-05-21,SZ000063,-0.0001628373495605366,EXP_CatBoostModel_Alpha158_csi300_custom_step0_s_20260521_18,b49c474acfe34c72a08b55458ce04d92,0.049,,,
2829,2026-05-21,SZ000100,0.0023988324749564414,EXP_CatBoostModel_Alpha158_csi300_custom_step0_s_20260521_18,b49c474acfe34c72a08b55458ce04d92,0.049,,,
2830,2026-05-21,SZ000651,-0.0001628373495605366,EXP_CatBoostModel_Alpha158_csi300_custom_step0_s_20260521_18,b49c474acfe34c72a08b55458ce04d92,0.049,,,
2831,2026-05-21,SZ000630,-0.0001628373495605366,EXP_CatBoostModel_Alpha158_csi300_custom_step0_s_20260521_18,b49c474acfe34c72a08b55458ce04d92,0.049,,,
2832,2026-05-21,SZ000625,-0.0001628373495605366,EXP_CatBoostModel_Alpha158_csi300_custom_step0_s_20260521_18,b49c474acfe34c72a08b55458ce04d92,0.049,,,
2833,2026-05-21,SZ000617,-0.0001628373495605366,EXP_CatBoostModel_Alpha158_csi300_custom_step0_s_20260521_18,b49c474acfe34c72a08b55458ce04d92,0.049,,,
2834,2026-05-21,SZ000596,-0.0001628373495605366,EXP_CatBoostModel_Alpha158_csi300_custom_step0_s_20260521_18,b49c474acfe34c72a08b55458ce04d92,0.049,,,
2835,2026-05-21,SZ000568,-0.0001628373495605366,EXP_CatBoostModel_Alpha158_csi300_custom_step0_s_20260521_18,b49c474acfe34c72a08b55458ce04d92,0.049,,,
2836,2026-05-21,SH688047,-0.0001628373495605366,EXP_CatBoostModel_Alpha158_csi300_custom_step0_s_20260521_18,b49c474acfe34c72a08b55458ce04d92,0.049,,,
2837,2026-05-21,SZ000538,-0.0001628373495605366,EXP_CatBoostModel_Alpha158_csi300_custom_step0_s_20260521_18,b49c474acfe34c72a08b55458ce04d92,0.049,,,
2838,2026-05-21,SZ000408,-0.0001628373495605366,EXP_CatBoostModel_Alpha158_csi300_custom_step0_s_20260521_18,b49c474acfe34c72a08b55458ce04d92,0.049,,,
2839,2026-05-21,SZ000338,-0.0001628373495605366,EXP_CatBoostModel_Alpha158_csi300_custom_step0_s_20260521_18,b49c474acfe34c72a08b55458ce04d92,0.049,,,
2840,2026-05-21,SZ000333,-0.0001628373495605366,EXP_CatBoostModel_Alpha158_csi300_custom_step0_s_20260521_18,b49c474acfe34c72a08b55458ce04d92,0.049,,,
2841,2026-05-21,SZ000301,-0.0001628373495605366,EXP_CatBoostModel_Alpha158_csi300_custom_step0_s_20260521_18,b49c474acfe34c72a08b55458ce04d92,0.049,,,
2842,2026-05-21,SZ000166,0.0023988324749564414,EXP_CatBoostModel_Alpha158_csi300_custom_step0_s_20260521_18,b49c474acfe34c72a08b55458ce04d92,0.049,,,
2843,2026-05-21,SZ000157,-0.0001628373495605366,EXP_CatBoostModel_Alpha158_csi300_custom_step0_s_20260521_18,b49c474acfe34c72a08b55458ce04d92,0.049,,,
2844,2026-05-21,SZ000425,-0.0001628373495605366,EXP_CatBoostModel_Alpha158_csi300_custom_step0_s_20260521_18,b49c474acfe34c72a08b55458ce04d92,0.049,,,
2845,2026-05-21,SZ000661,-0.0001628373495605366,EXP_CatBoostModel_Alpha158_csi300_custom_step0_s_20260521_18,b49c474acfe34c72a08b55458ce04d92,0.049,,,
2846,2026-05-21,SH688041,-0.0001628373495605366,EXP_CatBoostModel_Alpha158_csi300_custom_step0_s_20260521_18,b49c474acfe34c72a08b55458ce04d92,0.049,,,
2847,2026-05-21,SH688012,-0.0001628373495605366,EXP_CatBoostModel_Alpha158_csi300_custom_step0_s_20260521_18,b49c474acfe34c72a08b55458ce04d92,0.049,,,
2848,2026-05-21,SH601877,-0.0001628373495605366,EXP_CatBoostModel_Alpha158_csi300_custom_step0_s_20260521_18,b49c474acfe34c72a08b55458ce04d92,0.049,,,
2849,2026-05-21,SH601878,0.0023988324749564414,EXP_CatBoostModel_Alpha158_csi300_custom_step0_s_20260521_18,b49c474acfe34c72a08b55458ce04d92,0.049,,,
2850,2026-05-21,SH601881,0.0023988324749564414,EXP_CatBoostModel_Alpha158_csi300_custom_step0_s_20260521_18,b49c474acfe34c72a08b55458ce04d92,0.049,,,
2851,2026-05-21,SH601888,-0.0001628373495605366,EXP_CatBoostModel_Alpha158_csi300_custom_step0_s_20260521_18,b49c474acfe34c72a08b55458ce04d92,0.049,,,
2852,2026-05-21,SH601898,-0.0001628373495605366,EXP_CatBoostModel_Alpha158_csi300_custom_step0_s_20260521_18,b49c474acfe34c72a08b55458ce04d92,0.049,,,
2853,2026-05-21,SH601899,-0.0001628373495605366,EXP_CatBoostModel_Alpha158_csi300_custom_step0_s_20260521_18,b49c474acfe34c72a08b55458ce04d92,0.049,,,
2854,2026-05-21,SH601901,0.0023988324749564414,EXP_CatBoostModel_Alpha158_csi300_custom_step0_s_20260521_18,b49c474acfe34c72a08b55458ce04d92,0.049,,,
2855,2026-05-21,SH601916,0.002092276171399846,EXP_CatBoostModel_Alpha158_csi300_custom_step0_s_20260521_18,b49c474acfe34c72a08b55458ce04d92,0.049,,,
2856,2026-05-21,SH601919,-0.0013630009930822868,EXP_CatBoostModel_Alpha158_csi300_custom_step0_s_20260521_18,b49c474acfe34c72a08b55458ce04d92,0.049,,,
2857,2026-05-21,SH601939,-0.0013630009930822868,EXP_CatBoostModel_Alpha158_csi300_custom_step0_s_20260521_18,b49c474acfe34c72a08b55458ce04d92,0.049,,,
2858,2026-05-21,SH601985,0.0023988324749564414,EXP_CatBoostModel_Alpha158_csi300_custom_step0_s_20260521_18,b49c474acfe34c72a08b55458ce04d92,0.049,,,
2859,2026-05-21,SH601988,0.0023988324749564414,EXP_CatBoostModel_Alpha158_csi300_custom_step0_s_20260521_18,b49c474acfe34c72a08b55458ce04d92,0.049,,,
2860,2026-05-21,SH601995,0.0023988324749564414,EXP_CatBoostModel_Alpha158_csi300_custom_step0_s_20260521_18,b49c474acfe34c72a08b55458ce04d92,0.049,,,
2861,2026-05-21,SH601998,0.0023988324749564414,EXP_CatBoostModel_Alpha158_csi300_custom_step0_s_20260521_18,b49c474acfe34c72a08b55458ce04d92,0.049,,,
2862,2026-05-21,SH603019,-0.0001628373495605366,EXP_CatBoostModel_Alpha158_csi300_custom_step0_s_20260521_18,b49c474acfe34c72a08b55458ce04d92,0.049,,,
2863,2026-05-21,SH603195,-0.0013630009930822868,EXP_CatBoostModel_Alpha158_csi300_custom_step0_s_20260521_18,b49c474acfe34c72a08b55458ce04d92,0.049,,,
2864,2026-05-21,SH603259,-0.0013630009930822868,EXP_CatBoostModel_Alpha158_csi300_custom_step0_s_20260521_18,b49c474acfe34c72a08b55458ce04d92,0.049,,,
2865,2026-05-21,SH688009,-0.0001628373495605366,EXP_CatBoostModel_Alpha158_csi300_custom_step0_s_20260521_18,b49c474acfe34c72a08b55458ce04d92,0.049,,,
2866,2026-05-21,SH688008,-0.0001628373495605366,EXP_CatBoostModel_Alpha158_csi300_custom_step0_s_20260521_18,b49c474acfe34c72a08b55458ce04d92,0.049,,,
2867,2026-05-21,SH605499,-0.0001628373495605366,EXP_CatBoostModel_Alpha158_csi300_custom_step0_s_20260521_18,b49c474acfe34c72a08b55458ce04d92,0.049,,,
2868,2026-05-21,SH605117,-0.0001628373495605366,EXP_CatBoostModel_Alpha158_csi300_custom_step0_s_20260521_18,b49c474acfe34c72a08b55458ce04d92,0.049,,,
2869,2026-05-21,SH603993,-0.0001628373495605366,EXP_CatBoostModel_Alpha158_csi300_custom_step0_s_20260521_18,b49c474acfe34c72a08b55458ce04d92,0.049,,,
2870,2026-05-21,SH603986,-0.0001628373495605366,EXP_CatBoostModel_Alpha158_csi300_custom_step0_s_20260521_18,b49c474acfe34c72a08b55458ce04d92,0.049,,,
2871,2026-05-21,SH688036,-0.0001628373495605366,EXP_CatBoostModel_Alpha158_csi300_custom_step0_s_20260521_18,b49c474acfe34c72a08b55458ce04d92,0.049,,,
2872,2026-05-21,SH603893,-0.0001628373495605366,EXP_CatBoostModel_Alpha158_csi300_custom_step0_s_20260521_18,b49c474acfe34c72a08b55458ce04d92,0.049,,,
2873,2026-05-21,SH603501,-0.0001628373495605366,EXP_CatBoostModel_Alpha158_csi300_custom_step0_s_20260521_18,b49c474acfe34c72a08b55458ce04d92,0.049,,,
2874,2026-05-21,SH603392,-0.0001628373495605366,EXP_CatBoostModel_Alpha158_csi300_custom_step0_s_20260521_18,b49c474acfe34c72a08b55458ce04d92,0.049,,,
2875,2026-05-21,SH603369,-0.0013630009930822868,EXP_CatBoostModel_Alpha158_csi300_custom_step0_s_20260521_18,b49c474acfe34c72a08b55458ce04d92,0.049,,,
2876,2026-05-21,SH603296,-0.0001628373495605366,EXP_CatBoostModel_Alpha158_csi300_custom_step0_s_20260521_18,b49c474acfe34c72a08b55458ce04d92,0.049,,,
2877,2026-05-21,SH603288,-0.0001628373495605366,EXP_CatBoostModel_Alpha158_csi300_custom_step0_s_20260521_18,b49c474acfe34c72a08b55458ce04d92,0.049,,,
2878,2026-05-21,SH603260,-0.0001628373495605366,EXP_CatBoostModel_Alpha158_csi300_custom_step0_s_20260521_18,b49c474acfe34c72a08b55458ce04d92,0.049,,,
2879,2026-05-21,SH603799,-0.0001628373495605366,EXP_CatBoostModel_Alpha158_csi300_custom_step0_s_20260521_18,b49c474acfe34c72a08b55458ce04d92,0.049,,,
2880,2026-05-21,SH601872,-0.0013630009930822868,EXP_CatBoostModel_Alpha158_csi300_custom_step0_s_20260521_18,b49c474acfe34c72a08b55458ce04d92,0.049,,,
2881,2026-05-21,SZ000708,-0.0001628373495605366,EXP_CatBoostModel_Alpha158_csi300_custom_step0_s_20260521_18,b49c474acfe34c72a08b55458ce04d92,0.049,,,
2882,2026-05-21,SZ000768,-0.0001628373495605366,EXP_CatBoostModel_Alpha158_csi300_custom_step0_s_20260521_18,b49c474acfe34c72a08b55458ce04d92,0.049,,,
2883,2026-05-21,SZ002459,-0.0001628373495605366,EXP_CatBoostModel_Alpha158_csi300_custom_step0_s_20260521_18,b49c474acfe34c72a08b55458ce04d92,0.049,,,
2884,2026-05-21,SZ002460,-0.0001628373495605366,EXP_CatBoostModel_Alpha158_csi300_custom_step0_s_20260521_18,b49c474acfe34c72a08b55458ce04d92,0.049,,,
2885,2026-05-21,SZ002463,-0.0001628373495605366,EXP_CatBoostModel_Alpha158_csi300_custom_step0_s_20260521_18,b49c474acfe34c72a08b55458ce04d92,0.049,,,
2886,2026-05-21,SZ002466,-0.0001628373495605366,EXP_CatBoostModel_Alpha158_csi300_custom_step0_s_20260521_18,b49c474acfe34c72a08b55458ce04d92,0.049,,,
2887,2026-05-21,SZ002475,-0.0001628373495605366,EXP_CatBoostModel_Alpha158_csi300_custom_step0_s_20260521_18,b49c474acfe34c72a08b55458ce04d92,0.049,,,
2888,2026-05-21,SZ002493,-0.0001628373495605366,EXP_CatBoostModel_Alpha158_csi300_custom_step0_s_20260521_18,b49c474acfe34c72a08b55458ce04d92,0.049,,,
2889,2026-05-21,SZ002594,-0.0001628373495605366,EXP_CatBoostModel_Alpha158_csi300_custom_step0_s_20260521_18,b49c474acfe34c72a08b55458ce04d92,0.049,,,
2890,2026-05-21,SZ002600,-0.0001628373495605366,EXP_CatBoostModel_Alpha158_csi300_custom_step0_s_20260521_18,b49c474acfe34c72a08b55458ce04d92,0.049,,,
2891,2026-05-21,SZ002601,-0.0001628373495605366,EXP_CatBoostModel_Alpha158_csi300_custom_step0_s_20260521_18,b49c474acfe34c72a08b55458ce04d92,0.049,,,
2892,2026-05-21,SZ002625,-0.0001628373495605366,EXP_CatBoostModel_Alpha158_csi300_custom_step0_s_20260521_18,b49c474acfe34c72a08b55458ce04d92,0.049,,,
2893,2026-05-21,SZ002648,-0.0001628373495605366,EXP_CatBoostModel_Alpha158_csi300_custom_step0_s_20260521_18,b49c474acfe34c72a08b55458ce04d92,0.049,,,
2894,2026-05-21,SZ002709,-0.0001628373495605366,EXP_CatBoostModel_Alpha158_csi300_custom_step0_s_20260521_18,b49c474acfe34c72a08b55458ce04d92,0.049,,,
2895,2026-05-21,SZ002714,-0.0001628373495605366,EXP_CatBoostModel_Alpha158_csi300_custom_step0_s_20260521_18,b49c474acfe34c72a08b55458ce04d92,0.049,,,
2896,2026-05-21,SZ002736,-0.0001628373495605366,EXP_CatBoostModel_Alpha158_csi300_custom_step0_s_20260521_18,b49c474acfe34c72a08b55458ce04d92,0.049,,,
2897,2026-05-21,SZ002916,-0.0008275128213139413,EXP_CatBoostModel_Alpha158_csi300_custom_step0_s_20260521_18,b49c474acfe34c72a08b55458ce04d92,0.049,,,
2898,2026-05-21,SZ002920,-0.0013630009930822868,EXP_CatBoostModel_Alpha158_csi300_custom_step0_s_20260521_18,b49c474acfe34c72a08b55458ce04d92,0.049,,,
2899,2026-05-21,SZ002938,-0.0001628373495605366,EXP_CatBoostModel_Alpha158_csi300_custom_step0_s_20260521_18,b49c474acfe34c72a08b55458ce04d92,0.049,,,
2900,2026-05-21,SZ300408,-0.0001628373495605366,EXP_CatBoostModel_Alpha158_csi300_custom_step0_s_20260521_18,b49c474acfe34c72a08b55458ce04d92,0.049,,,
2901,2026-05-21,SZ300394,-0.0001628373495605366,EXP_CatBoostModel_Alpha158_csi300_custom_step0_s_20260521_18,b49c474acfe34c72a08b55458ce04d92,0.049,,,
2902,2026-05-21,SZ300347,0.004184945191539468,EXP_CatBoostModel_Alpha158_csi300_custom_step0_s_20260521_18,b49c474acfe34c72a08b55458ce04d92,0.049,,,
2903,2026-05-21,SZ300316,-0.0001628373495605366,EXP_CatBoostModel_Alpha158_csi300_custom_step0_s_20260521_18,b49c474acfe34c72a08b55458ce04d92,0.049,,,
2904,2026-05-21,SZ300308,-0.0001628373495605366,EXP_CatBoostModel_Alpha158_csi300_custom_step0_s_20260521_18,b49c474acfe34c72a08b55458ce04d92,0.049,,,
2905,2026-05-21,SZ300274,-0.0001628373495605366,EXP_CatBoostModel_Alpha158_csi300_custom_step0_s_20260521_18,b49c474acfe34c72a08b55458ce04d92,0.049,,,
2906,2026-05-21,SZ002422,-0.0013630009930822868,EXP_CatBoostModel_Alpha158_csi300_custom_step0_s_20260521_18,b49c474acfe34c72a08b55458ce04d92,0.049,,,
2907,2026-05-21,SZ300251,-0.0001628373495605366,EXP_CatBoostModel_Alpha158_csi300_custom_step0_s_20260521_18,b49c474acfe34c72a08b55458ce04d92,0.049,,,
2908,2026-05-21,SZ300122,-0.0001628373495605366,EXP_CatBoostModel_Alpha158_csi300_custom_step0_s_20260521_18,b49c474acfe34c72a08b55458ce04d92,0.049,,,
2909,2026-05-21,SZ300059,-0.0013630009930822868,EXP_CatBoostModel_Alpha158_csi300_custom_step0_s_20260521_18,b49c474acfe34c72a08b55458ce04d92,0.049,,,
2910,2026-05-21,SZ300033,-0.0013630009930822868,EXP_CatBoostModel_Alpha158_csi300_custom_step0_s_20260521_18,b49c474acfe34c72a08b55458ce04d92,0.049,,,
2911,2026-05-21,SZ300015,-0.0001628373495605366,EXP_CatBoostModel_Alpha158_csi300_custom_step0_s_20260521_18,b49c474acfe34c72a08b55458ce04d92,0.049,,,
2912,2026-05-21,SZ300014,-0.0001628373495605366,EXP_CatBoostModel_Alpha158_csi300_custom_step0_s_20260521_18,b49c474acfe34c72a08b55458ce04d92,0.049,,,
2913,2026-05-21,SZ003816,-0.0001628373495605366,EXP_CatBoostModel_Alpha158_csi300_custom_step0_s_20260521_18,b49c474acfe34c72a08b55458ce04d92,0.049,,,
2914,2026-05-21,SZ300124,-0.0013630009930822868,EXP_CatBoostModel_Alpha158_csi300_custom_step0_s_20260521_18,b49c474acfe34c72a08b55458ce04d92,0.049,,,
2915,2026-05-21,SZ000725,-0.002620728487923393,EXP_CatBoostModel_Alpha158_csi300_custom_step0_s_20260521_18,b49c474acfe34c72a08b55458ce04d92,0.049,,,
2916,2026-05-21,SZ002415,-0.0001628373495605366,EXP_CatBoostModel_Alpha158_csi300_custom_step0_s_20260521_18,b49c474acfe34c72a08b55458ce04d92,0.049,,,
2917,2026-05-21,SZ002371,-0.0008275128213139413,EXP_CatBoostModel_Alpha158_csi300_custom_step0_s_20260521_18,b49c474acfe34c72a08b55458ce04d92,0.049,,,
2918,2026-05-21,SZ000776,-0.0001628373495605366,EXP_CatBoostModel_Alpha158_csi300_custom_step0_s_20260521_18,b49c474acfe34c72a08b55458ce04d92,0.049,,,
2919,2026-05-21,SZ000786,-0.0001628373495605366,EXP_CatBoostModel_Alpha158_csi300_custom_step0_s_20260521_18,b49c474acfe34c72a08b55458ce04d92,0.049,,,
2920,2026-05-21,SZ000792,-0.0001628373495605366,EXP_CatBoostModel_Alpha158_csi300_custom_step0_s_20260521_18,b49c474acfe34c72a08b55458ce04d92,0.049,,,
2921,2026-05-21,SZ000807,-0.0001628373495605366,EXP_CatBoostModel_Alpha158_csi300_custom_step0_s_20260521_18,b49c474acfe34c72a08b55458ce04d92,0.049,,,
2922,2026-05-21,SZ000858,-0.0001628373495605366,EXP_CatBoostModel_Alpha158_csi300_custom_step0_s_20260521_18,b49c474acfe34c72a08b55458ce04d92,0.049,,,
2923,2026-05-21,SZ000876,-0.0001628373495605366,EXP_CatBoostModel_Alpha158_csi300_custom_step0_s_20260521_18,b49c474acfe34c72a08b55458ce04d92,0.049,,,
2924,2026-05-21,SZ000895,-0.0001628373495605366,EXP_CatBoostModel_Alpha158_csi300_custom_step0_s_20260521_18,b49c474acfe34c72a08b55458ce04d92,0.049,,,
2925,2026-05-21,SZ000938,-0.0001628373495605366,EXP_CatBoostModel_Alpha158_csi300_custom_step0_s_20260521_18,b49c474acfe34c72a08b55458ce04d92,0.049,,,
2926,2026-05-21,SZ000963,-0.0001628373495605366,EXP_CatBoostModel_Alpha158_csi300_custom_step0_s_20260521_18,b49c474acfe34c72a08b55458ce04d92,0.049,,,
2927,2026-05-21,SZ000975,-0.0001628373495605366,EXP_CatBoostModel_Alpha158_csi300_custom_step0_s_20260521_18,b49c474acfe34c72a08b55458ce04d92,0.049,,,
2928,2026-05-21,SZ000977,-0.0001628373495605366,EXP_CatBoostModel_Alpha158_csi300_custom_step0_s_20260521_18,b49c474acfe34c72a08b55458ce04d92,0.049,,,
2929,2026-05-21,SZ000983,-0.0001628373495605366,EXP_CatBoostModel_Alpha158_csi300_custom_step0_s_20260521_18,b49c474acfe34c72a08b55458ce04d92,0.049,,,
2930,2026-05-21,SZ000999,-0.0001628373495605366,EXP_CatBoostModel_Alpha158_csi300_custom_step0_s_20260521_18,b49c474acfe34c72a08b55458ce04d92,0.049,,,
2931,2026-05-21,SZ001391,0.002085258200358008,EXP_CatBoostModel_Alpha158_csi300_custom_step0_s_20260521_18,b49c474acfe34c72a08b55458ce04d92,0.049,,,
2932,2026-05-21,SZ001965,-0.0013630009930822868,EXP_CatBoostModel_Alpha158_csi300_custom_step0_s_20260521_18,b49c474acfe34c72a08b55458ce04d92,0.049,,,
2933,2026-05-21,SZ001979,-0.0001628373495605366,EXP_CatBoostModel_Alpha158_csi300_custom_step0_s_20260521_18,b49c474acfe34c72a08b55458ce04d92,0.049,,,
2934,2026-05-21,SZ002001,-0.0001628373495605366,EXP_CatBoostModel_Alpha158_csi300_custom_step0_s_20260521_18,b49c474acfe34c72a08b55458ce04d92,0.049,,,
2935,2026-05-21,SZ002352,0.0023988324749564414,EXP_CatBoostModel_Alpha158_csi300_custom_step0_s_20260521_18,b49c474acfe34c72a08b55458ce04d92,0.049,,,
2936,2026-05-21,SZ002311,-0.0001628373495605366,EXP_CatBoostModel_Alpha158_csi300_custom_step0_s_20260521_18,b49c474acfe34c72a08b55458ce04d92,0.049,,,
2937,2026-05-21,SZ002304,-0.0001628373495605366,EXP_CatBoostModel_Alpha158_csi300_custom_step0_s_20260521_18,b49c474acfe34c72a08b55458ce04d92,0.049,,,
2938,2026-05-21,SZ002252,-0.0001628373495605366,EXP_CatBoostModel_Alpha158_csi300_custom_step0_s_20260521_18,b49c474acfe34c72a08b55458ce04d92,0.049,,,
2939,2026-05-21,SZ002241,-0.0001628373495605366,EXP_CatBoostModel_Alpha158_csi300_custom_step0_s_20260521_18,b49c474acfe34c72a08b55458ce04d92,0.049,,,
2940,2026-05-21,SZ002236,-0.0001628373495605366,EXP_CatBoostModel_Alpha158_csi300_custom_step0_s_20260521_18,b49c474acfe34c72a08b55458ce04d92,0.049,,,
2941,2026-05-21,SZ002384,-0.0001628373495605366,EXP_CatBoostModel_Alpha158_csi300_custom_step0_s_20260521_18,b49c474acfe34c72a08b55458ce04d92,0.049,,,
2942,2026-05-21,SZ002230,-0.0001628373495605366,EXP_CatBoostModel_Alpha158_csi300_custom_step0_s_20260521_18,b49c474acfe34c72a08b55458ce04d92,0.049,,,
2943,2026-05-21,SZ002142,-0.0013630009930822868,EXP_CatBoostModel_Alpha158_csi300_custom_step0_s_20260521_18,b49c474acfe34c72a08b55458ce04d92,0.049,,,
2944,2026-05-21,SZ002074,-0.0001628373495605366,EXP_CatBoostModel_Alpha158_csi300_custom_step0_s_20260521_18,b49c474acfe34c72a08b55458ce04d92,0.049,,,
2945,2026-05-21,SZ002050,-0.0013630009930822868,EXP_CatBoostModel_Alpha158_csi300_custom_step0_s_20260521_18,b49c474acfe34c72a08b55458ce04d92,0.049,,,
2946,2026-05-21,SZ002049,-0.0001628373495605366,EXP_CatBoostModel_Alpha158_csi300_custom_step0_s_20260521_18,b49c474acfe34c72a08b55458ce04d92,0.049,,,
2947,2026-05-21,SZ002028,-0.0001628373495605366,EXP_CatBoostModel_Alpha158_csi300_custom_step0_s_20260521_18,b49c474acfe34c72a08b55458ce04d92,0.049,,,
2948,2026-05-21,SZ002027,-0.0001628373495605366,EXP_CatBoostModel_Alpha158_csi300_custom_step0_s_20260521_18,b49c474acfe34c72a08b55458ce04d92,0.049,,,
2949,2026-05-21,SZ002179,-0.0001628373495605366,EXP_CatBoostModel_Alpha158_csi300_custom_step0_s_20260521_18,b49c474acfe34c72a08b55458ce04d92,0.049,,,
2950,2026-05-21,SH601868,-0.0001628373495605366,EXP_CatBoostModel_Alpha158_csi300_custom_step0_s_20260521_18,b49c474acfe34c72a08b55458ce04d92,0.049,,,
2951,2026-05-21,SH601857,-0.0001628373495605366,EXP_CatBoostModel_Alpha158_csi300_custom_step0_s_20260521_18,b49c474acfe34c72a08b55458ce04d92,0.049,,,
2952,2026-05-21,SH601838,-0.0013630009930822868,EXP_CatBoostModel_Alpha158_csi300_custom_step0_s_20260521_18,b49c474acfe34c72a08b55458ce04d92,0.049,,,
2953,2026-05-21,SH600276,-0.0013630009930822868,EXP_CatBoostModel_Alpha158_csi300_custom_step0_s_20260521_18,b49c474acfe34c72a08b55458ce04d92,0.049,,,
2954,2026-05-21,SH600309,-0.0001628373495605366,EXP_CatBoostModel_Alpha158_csi300_custom_step0_s_20260521_18,b49c474acfe34c72a08b55458ce04d92,0.049,,,
2955,2026-05-21,SH600346,-0.0001628373495605366,EXP_CatBoostModel_Alpha158_csi300_custom_step0_s_20260521_18,b49c474acfe34c72a08b55458ce04d92,0.049,,,
2956,2026-05-21,SH600362,-0.0001628373495605366,EXP_CatBoostModel_Alpha158_csi300_custom_step0_s_20260521_18,b49c474acfe34c72a08b55458ce04d92,0.049,,,
2957,2026-05-21,SH600372,-0.0001628373495605366,EXP_CatBoostModel_Alpha158_csi300_custom_step0_s_20260521_18,b49c474acfe34c72a08b55458ce04d92,0.049,,,
2958,2026-05-21,SH600377,-0.0013630009930822868,EXP_CatBoostModel_Alpha158_csi300_custom_step0_s_20260521_18,b49c474acfe34c72a08b55458ce04d92,0.049,,,
2959,2026-05-21,SH600406,0.0023988324749564414,EXP_CatBoostModel_Alpha158_csi300_custom_step0_s_20260521_18,b49c474acfe34c72a08b55458ce04d92,0.049,,,
2960,2026-05-21,SH600415,-0.0001628373495605366,EXP_CatBoostModel_Alpha158_csi300_custom_step0_s_20260521_18,b49c474acfe34c72a08b55458ce04d92,0.049,,,
2961,2026-05-21,SH600426,-0.0001628373495605366,EXP_CatBoostModel_Alpha158_csi300_custom_step0_s_20260521_18,b49c474acfe34c72a08b55458ce04d92,0.049,,,
2962,2026-05-21,SH600436,-0.0001628373495605366,EXP_CatBoostModel_Alpha158_csi300_custom_step0_s_20260521_18,b49c474acfe34c72a08b55458ce04d92,0.049,,,
2963,2026-05-21,SH600438,-0.0001628373495605366,EXP_CatBoostModel_Alpha158_csi300_custom_step0_s_20260521_18,b49c474acfe34c72a08b55458ce04d92,0.049,,,
2964,2026-05-21,SH600460,-0.0001628373495605366,EXP_CatBoostModel_Alpha158_csi300_custom_step0_s_20260521_18,b49c474acfe34c72a08b55458ce04d92,0.049,,,
2965,2026-05-21,SH600482,-0.0001628373495605366,EXP_CatBoostModel_Alpha158_csi300_custom_step0_s_20260521_18,b49c474acfe34c72a08b55458ce04d92,0.049,,,
2966,2026-05-21,SH600489,-0.0001628373495605366,EXP_CatBoostModel_Alpha158_csi300_custom_step0_s_20260521_18,b49c474acfe34c72a08b55458ce04d92,0.049,,,
2967,2026-05-21,SH600515,-0.0001628373495605366,EXP_CatBoostModel_Alpha158_csi300_custom_step0_s_20260521_18,b49c474acfe34c72a08b55458ce04d92,0.049,,,
2968,2026-05-21,SH600519,-0.0001628373495605366,EXP_CatBoostModel_Alpha158_csi300_custom_step0_s_20260521_18,b49c474acfe34c72a08b55458ce04d92,0.049,,,
2969,2026-05-21,SH600522,-0.0001628373495605366,EXP_CatBoostModel_Alpha158_csi300_custom_step0_s_20260521_18,b49c474acfe34c72a08b55458ce04d92,0.049,,,
2970,2026-05-21,SH600809,-0.0001628373495605366,EXP_CatBoostModel_Alpha158_csi300_custom_step0_s_20260521_18,b49c474acfe34c72a08b55458ce04d92,0.049,,,
2971,2026-05-21,SH600803,0.00423971657655591,EXP_CatBoostModel_Alpha158_csi300_custom_step0_s_20260521_18,b49c474acfe34c72a08b55458ce04d92,0.049,,,
2972,2026-05-21,SH600795,0.0023988324749564414,EXP_CatBoostModel_Alpha158_csi300_custom_step0_s_20260521_18,b49c474acfe34c72a08b55458ce04d92,0.049,,,
2973,2026-05-21,SH600760,-0.0001628373495605366,EXP_CatBoostModel_Alpha158_csi300_custom_step0_s_20260521_18,b49c474acfe34c72a08b55458ce04d92,0.049,,,
2974,2026-05-21,SH600741,-0.0001628373495605366,EXP_CatBoostModel_Alpha158_csi300_custom_step0_s_20260521_18,b49c474acfe34c72a08b55458ce04d92,0.049,,,
2975,2026-05-21,SH600690,0.0023988324749564414,EXP_CatBoostModel_Alpha158_csi300_custom_step0_s_20260521_18,b49c474acfe34c72a08b55458ce04d92,0.049,,,
2976,2026-05-21,SH600233,-0.0001628373495605366,EXP_CatBoostModel_Alpha158_csi300_custom_step0_s_20260521_18,b49c474acfe34c72a08b55458ce04d92,0.049,,,
2977,2026-05-21,SH600674,0.001141780973934756,EXP_CatBoostModel_Alpha158_csi300_custom_step0_s_20260521_18,b49c474acfe34c72a08b55458ce04d92,0.049,,,
2978,2026-05-21,SH600600,0.0023988324749564414,EXP_CatBoostModel_Alpha158_csi300_custom_step0_s_20260521_18,b49c474acfe34c72a08b55458ce04d92,0.049,,,
2979,2026-05-21,SH600588,-0.0001628373495605366,EXP_CatBoostModel_Alpha158_csi300_custom_step0_s_20260521_18,b49c474acfe34c72a08b55458ce04d92,0.049,,,
2980,2026-05-21,SH600585,-0.0001628373495605366,EXP_CatBoostModel_Alpha158_csi300_custom_step0_s_20260521_18,b49c474acfe34c72a08b55458ce04d92,0.049,,,
2981,2026-05-21,SH600584,0.013356382271168324,EXP_CatBoostModel_Alpha158_csi300_custom_step0_s_20260521_18,b49c474acfe34c72a08b55458ce04d92,0.049,,,
2982,2026-05-21,SH600570,0.0023988324749564414,EXP_CatBoostModel_Alpha158_csi300_custom_step0_s_20260521_18,b49c474acfe34c72a08b55458ce04d92,0.049,,,
2983,2026-05-21,SH600547,-0.0001628373495605366,EXP_CatBoostModel_Alpha158_csi300_custom_step0_s_20260521_18,b49c474acfe34c72a08b55458ce04d92,0.049,,,
2984,2026-05-21,SH600660,-0.0001628373495605366,EXP_CatBoostModel_Alpha158_csi300_custom_step0_s_20260521_18,b49c474acfe34c72a08b55458ce04d92,0.049,,,
2985,2026-05-21,SH600845,-0.0001628373495605366,EXP_CatBoostModel_Alpha158_csi300_custom_step0_s_20260521_18,b49c474acfe34c72a08b55458ce04d92,0.049,,,
2986,2026-05-21,SH600219,-0.0001628373495605366,EXP_CatBoostModel_Alpha158_csi300_custom_step0_s_20260521_18,b49c474acfe34c72a08b55458ce04d92,0.049,,,
2987,2026-05-21,SH600188,-0.0001628373495605366,EXP_CatBoostModel_Alpha158_csi300_custom_step0_s_20260521_18,b49c474acfe34c72a08b55458ce04d92,0.049,,,
2988,2026-05-21,SH600009,-0.0001628373495605366,EXP_CatBoostModel_Alpha158_csi300_custom_step0_s_20260521_18,b49c474acfe34c72a08b55458ce04d92,0.049,,,
2989,2026-05-21,SH600010,-0.0001628373495605366,EXP_CatBoostModel_Alpha158_csi300_custom_step0_s_20260521_18,b49c474acfe34c72a08b55458ce04d92,0.049,,,
2990,2026-05-21,SH600011,-0.0001628373495605366,EXP_CatBoostModel_Alpha158_csi300_custom_step0_s_20260521_18,b49c474acfe34c72a08b55458ce04d92,0.049,,,
2991,2026-05-21,SH600015,-0.0013630009930822868,EXP_CatBoostModel_Alpha158_csi300_custom_step0_s_20260521_18,b49c474acfe34c72a08b55458ce04d92,0.049,,,
2992,2026-05-21,SH600016,0.0023988324749564414,EXP_CatBoostModel_Alpha158_csi300_custom_step0_s_20260521_18,b49c474acfe34c72a08b55458ce04d92,0.049,,,
2993,2026-05-21,SH600018,0.001141780973934756,EXP_CatBoostModel_Alpha158_csi300_custom_step0_s_20260521_18,b49c474acfe34c72a08b55458ce04d92,0.049,,,
2994,2026-05-21,SH600019,-0.0001628373495605366,EXP_CatBoostModel_Alpha158_csi300_custom_step0_s_20260521_18,b49c474acfe34c72a08b55458ce04d92,0.049,,,
2995,2026-05-21,SH600023,-0.0001628373495605366,EXP_CatBoostModel_Alpha158_csi300_custom_step0_s_20260521_18,b49c474acfe34c72a08b55458ce04d92,0.049,,,
2996,2026-05-21,SH600025,0.0023988324749564414,EXP_CatBoostModel_Alpha158_csi300_custom_step0_s_20260521_18,b49c474acfe34c72a08b55458ce04d92,0.049,,,
2997,2026-05-21,SH600026,-0.0001628373495605366,EXP_CatBoostModel_Alpha158_csi300_custom_step0_s_20260521_18,b49c474acfe34c72a08b55458ce04d92,0.049,,,
2998,2026-05-21,SH600027,-0.0001628373495605366,EXP_CatBoostModel_Alpha158_csi300_custom_step0_s_20260521_18,b49c474acfe34c72a08b55458ce04d92,0.049,,,
2999,2026-05-21,SH600028,-0.0001628373495605366,EXP_CatBoostModel_Alpha158_csi300_custom_step0_s_20260521_18,b49c474acfe34c72a08b55458ce04d92,0.049,,,
3000,2026-05-21,SH600029,-0.0001628373495605366,EXP_CatBoostModel_Alpha158_csi300_custom_step0_s_20260521_18,b49c474acfe34c72a08b55458ce04d92,0.049,,,
3001,2026-05-21,SH600030,-0.0001628373495605366,EXP_CatBoostModel_Alpha158_csi300_custom_step0_s_20260521_18,b49c474acfe34c72a08b55458ce04d92,0.049,,,
3002,2026-05-21,SH600031,-0.0001628373495605366,EXP_CatBoostModel_Alpha158_csi300_custom_step0_s_20260521_18,b49c474acfe34c72a08b55458ce04d92,0.049,,,
3003,2026-05-21,SH600036,-0.0001628373495605366,EXP_CatBoostModel_Alpha158_csi300_custom_step0_s_20260521_18,b49c474acfe34c72a08b55458ce04d92,0.049,,,
3004,2026-05-21,SH600039,-0.0001628373495605366,EXP_CatBoostModel_Alpha158_csi300_custom_step0_s_20260521_18,b49c474acfe34c72a08b55458ce04d92,0.049,,,
3005,2026-05-21,SH600183,-0.0001628373495605366,EXP_CatBoostModel_Alpha158_csi300_custom_step0_s_20260521_18,b49c474acfe34c72a08b55458ce04d92,0.049,,,
3006,2026-05-21,SH600176,-0.0001628373495605366,EXP_CatBoostModel_Alpha158_csi300_custom_step0_s_20260521_18,b49c474acfe34c72a08b55458ce04d92,0.049,,,
3007,2026-05-21,SH600161,-0.0013630009930822868,EXP_CatBoostModel_Alpha158_csi300_custom_step0_s_20260521_18,b49c474acfe34c72a08b55458ce04d92,0.049,,,
3008,2026-05-21,SH600160,-0.0001628373495605366,EXP_CatBoostModel_Alpha158_csi300_custom_step0_s_20260521_18,b49c474acfe34c72a08b55458ce04d92,0.049,,,
3009,2026-05-21,SH600150,-0.0001628373495605366,EXP_CatBoostModel_Alpha158_csi300_custom_step0_s_20260521_18,b49c474acfe34c72a08b55458ce04d92,0.049,,,
3010,2026-05-21,SH600115,-0.0001628373495605366,EXP_CatBoostModel_Alpha158_csi300_custom_step0_s_20260521_18,b49c474acfe34c72a08b55458ce04d92,0.049,,,
3011,2026-05-21,SH600196,-0.0001628373495605366,EXP_CatBoostModel_Alpha158_csi300_custom_step0_s_20260521_18,b49c474acfe34c72a08b55458ce04d92,0.049,,,
3012,2026-05-21,SH600111,-0.0001628373495605366,EXP_CatBoostModel_Alpha158_csi300_custom_step0_s_20260521_18,b49c474acfe34c72a08b55458ce04d92,0.049,,,
3013,2026-05-21,SH600089,-0.0001628373495605366,EXP_CatBoostModel_Alpha158_csi300_custom_step0_s_20260521_18,b49c474acfe34c72a08b55458ce04d92,0.049,,,
3014,2026-05-21,SH600085,-0.0001628373495605366,EXP_CatBoostModel_Alpha158_csi300_custom_step0_s_20260521_18,b49c474acfe34c72a08b55458ce04d92,0.049,,,
3015,2026-05-21,SH600066,-0.0001628373495605366,EXP_CatBoostModel_Alpha158_csi300_custom_step0_s_20260521_18,b49c474acfe34c72a08b55458ce04d92,0.049,,,
3016,2026-05-21,SH600061,-0.0001628373495605366,EXP_CatBoostModel_Alpha158_csi300_custom_step0_s_20260521_18,b49c474acfe34c72a08b55458ce04d92,0.049,,,
3017,2026-05-21,SH600050,-0.0001628373495605366,EXP_CatBoostModel_Alpha158_csi300_custom_step0_s_20260521_18,b49c474acfe34c72a08b55458ce04d92,0.049,,,
3018,2026-05-21,SH600048,-0.0001628373495605366,EXP_CatBoostModel_Alpha158_csi300_custom_step0_s_20260521_18,b49c474acfe34c72a08b55458ce04d92,0.049,,,
3019,2026-05-21,SH600104,-0.0001628373495605366,EXP_CatBoostModel_Alpha158_csi300_custom_step0_s_20260521_18,b49c474acfe34c72a08b55458ce04d92,0.049,,,
3020,2026-05-21,SH600875,-0.0001628373495605366,EXP_CatBoostModel_Alpha158_csi300_custom_step0_s_20260521_18,b49c474acfe34c72a08b55458ce04d92,0.049,,,
3021,2026-05-21,SH600886,0.0023988324749564414,EXP_CatBoostModel_Alpha158_csi300_custom_step0_s_20260521_18,b49c474acfe34c72a08b55458ce04d92,0.049,,,
3022,2026-05-21,SH600887,-0.0001628373495605366,EXP_CatBoostModel_Alpha158_csi300_custom_step0_s_20260521_18,b49c474acfe34c72a08b55458ce04d92,0.049,,,
3023,2026-05-21,SH601288,-0.0013630009930822868,EXP_CatBoostModel_Alpha158_csi300_custom_step0_s_20260521_18,b49c474acfe34c72a08b55458ce04d92,0.049,,,
3024,2026-05-21,SH601298,0.0023988324749564414,EXP_CatBoostModel_Alpha158_csi300_custom_step0_s_20260521_18,b49c474acfe34c72a08b55458ce04d92,0.049,,,
3025,2026-05-21,SH601318,-0.0001628373495605366,EXP_CatBoostModel_Alpha158_csi300_custom_step0_s_20260521_18,b49c474acfe34c72a08b55458ce04d92,0.049,,,
3026,2026-05-21,SH601319,-0.0001628373495605366,EXP_CatBoostModel_Alpha158_csi300_custom_step0_s_20260521_18,b49c474acfe34c72a08b55458ce04d92,0.049,,,
3027,2026-05-21,SH601328,0.0023988324749564414,EXP_CatBoostModel_Alpha158_csi300_custom_step0_s_20260521_18,b49c474acfe34c72a08b55458ce04d92,0.049,,,
3028,2026-05-21,SH601336,-0.0001628373495605366,EXP_CatBoostModel_Alpha158_csi300_custom_step0_s_20260521_18,b49c474acfe34c72a08b55458ce04d92,0.049,,,
3029,2026-05-21,SH601360,-0.0001628373495605366,EXP_CatBoostModel_Alpha158_csi300_custom_step0_s_20260521_18,b49c474acfe34c72a08b55458ce04d92,0.049,,,
3030,2026-05-21,SH601377,0.0023988324749564414,EXP_CatBoostModel_Alpha158_csi300_custom_step0_s_20260521_18,b49c474acfe34c72a08b55458ce04d92,0.049,,,
3031,2026-05-21,SH601390,-0.0001628373495605366,EXP_CatBoostModel_Alpha158_csi300_custom_step0_s_20260521_18,b49c474acfe34c72a08b55458ce04d92,0.049,,,
3032,2026-05-21,SH601398,0.0023988324749564414,EXP_CatBoostModel_Alpha158_csi300_custom_step0_s_20260521_18,b49c474acfe34c72a08b55458ce04d92,0.049,,,
3033,2026-05-21,SH601456,0.0023988324749564414,EXP_CatBoostModel_Alpha158_csi300_custom_step0_s_20260521_18,b49c474acfe34c72a08b55458ce04d92,0.049,,,
3034,2026-05-21,SH601600,-0.0001628373495605366,EXP_CatBoostModel_Alpha158_csi300_custom_step0_s_20260521_18,b49c474acfe34c72a08b55458ce04d92,0.049,,,
3035,2026-05-21,SH601601,-0.0001628373495605366,EXP_CatBoostModel_Alpha158_csi300_custom_step0_s_20260521_18,b49c474acfe34c72a08b55458ce04d92,0.049,,,
3036,2026-05-21,SH601607,0.0023988324749564414,EXP_CatBoostModel_Alpha158_csi300_custom_step0_s_20260521_18,b49c474acfe34c72a08b55458ce04d92,0.049,,,
3037,2026-05-21,SH601618,0.0023988324749564414,EXP_CatBoostModel_Alpha158_csi300_custom_step0_s_20260521_18,b49c474acfe34c72a08b55458ce04d92,0.049,,,
3038,2026-05-21,SH601628,-0.0001628373495605366,EXP_CatBoostModel_Alpha158_csi300_custom_step0_s_20260521_18,b49c474acfe34c72a08b55458ce04d92,0.049,,,
3039,2026-05-21,SH601633,-0.0001628373495605366,EXP_CatBoostModel_Alpha158_csi300_custom_step0_s_20260521_18,b49c474acfe34c72a08b55458ce04d92,0.049,,,
3040,2026-05-21,SH601825,-0.0001628373495605366,EXP_CatBoostModel_Alpha158_csi300_custom_step0_s_20260521_18,b49c474acfe34c72a08b55458ce04d92,0.049,,,
3041,2026-05-21,SH601818,0.0023988324749564414,EXP_CatBoostModel_Alpha158_csi300_custom_step0_s_20260521_18,b49c474acfe34c72a08b55458ce04d92,0.049,,,
3042,2026-05-21,SH601816,0.0023988324749564414,EXP_CatBoostModel_Alpha158_csi300_custom_step0_s_20260521_18,b49c474acfe34c72a08b55458ce04d92,0.049,,,
3043,2026-05-21,SH601808,-0.0001628373495605366,EXP_CatBoostModel_Alpha158_csi300_custom_step0_s_20260521_18,b49c474acfe34c72a08b55458ce04d92,0.049,,,
3044,2026-05-21,SH601800,-0.0001628373495605366,EXP_CatBoostModel_Alpha158_csi300_custom_step0_s_20260521_18,b49c474acfe34c72a08b55458ce04d92,0.049,,,
3045,2026-05-21,SH601788,-0.0001628373495605366,EXP_CatBoostModel_Alpha158_csi300_custom_step0_s_20260521_18,b49c474acfe34c72a08b55458ce04d92,0.049,,,
3046,2026-05-21,SH601238,-0.0001628373495605366,EXP_CatBoostModel_Alpha158_csi300_custom_step0_s_20260521_18,b49c474acfe34c72a08b55458ce04d92,0.049,,,
3047,2026-05-21,SH601766,-0.0001628373495605366,EXP_CatBoostModel_Alpha158_csi300_custom_step0_s_20260521_18,b49c474acfe34c72a08b55458ce04d92,0.049,,,
3048,2026-05-21,SH601698,-0.0001628373495605366,EXP_CatBoostModel_Alpha158_csi300_custom_step0_s_20260521_18,b49c474acfe34c72a08b55458ce04d92,0.049,,,
3049,2026-05-21,SH601689,-0.0013630009930822868,EXP_CatBoostModel_Alpha158_csi300_custom_step0_s_20260521_18,b49c474acfe34c72a08b55458ce04d92,0.049,,,
3050,2026-05-21,SH601688,-0.0001628373495605366,EXP_CatBoostModel_Alpha158_csi300_custom_step0_s_20260521_18,b49c474acfe34c72a08b55458ce04d92,0.049,,,
3051,2026-05-21,SH601669,-0.0001628373495605366,EXP_CatBoostModel_Alpha158_csi300_custom_step0_s_20260521_18,b49c474acfe34c72a08b55458ce04d92,0.049,,,
3052,2026-05-21,SH601668,0.001141780973934756,EXP_CatBoostModel_Alpha158_csi300_custom_step0_s_20260521_18,b49c474acfe34c72a08b55458ce04d92,0.049,,,
3053,2026-05-21,SH601658,0.001141780973934756,EXP_CatBoostModel_Alpha158_csi300_custom_step0_s_20260521_18,b49c474acfe34c72a08b55458ce04d92,0.049,,,
3054,2026-05-21,SH601728,-0.0001628373495605366,EXP_CatBoostModel_Alpha158_csi300_custom_step0_s_20260521_18,b49c474acfe34c72a08b55458ce04d92,0.049,,,
3055,2026-05-21,SH601236,-0.0001628373495605366,EXP_CatBoostModel_Alpha158_csi300_custom_step0_s_20260521_18,b49c474acfe34c72a08b55458ce04d92,0.049,,,
3056,2026-05-21,SH601229,-0.0001628373495605366,EXP_CatBoostModel_Alpha158_csi300_custom_step0_s_20260521_18,b49c474acfe34c72a08b55458ce04d92,0.049,,,
3057,2026-05-21,SH601225,-0.0001628373495605366,EXP_CatBoostModel_Alpha158_csi300_custom_step0_s_20260521_18,b49c474acfe34c72a08b55458ce04d92,0.049,,,
3058,2026-05-21,SH601009,-0.0001628373495605366,EXP_CatBoostModel_Alpha158_csi300_custom_step0_s_20260521_18,b49c474acfe34c72a08b55458ce04d92,0.049,,,
3059,2026-05-21,SH601006,0.0023988324749564414,EXP_CatBoostModel_Alpha158_csi300_custom_step0_s_20260521_18,b49c474acfe34c72a08b55458ce04d92,0.049,,,
3060,2026-05-21,SH600999,-0.0001628373495605366,EXP_CatBoostModel_Alpha158_csi300_custom_step0_s_20260521_18,b49c474acfe34c72a08b55458ce04d92,0.049,,,
3061,2026-05-21,SH600989,-0.0001628373495605366,EXP_CatBoostModel_Alpha158_csi300_custom_step0_s_20260521_18,b49c474acfe34c72a08b55458ce04d92,0.049,,,
3062,2026-05-21,SH600958,-0.0001628373495605366,EXP_CatBoostModel_Alpha158_csi300_custom_step0_s_20260521_18,b49c474acfe34c72a08b55458ce04d92,0.049,,,
3063,2026-05-21,SH600941,0.0023988324749564414,EXP_CatBoostModel_Alpha158_csi300_custom_step0_s_20260521_18,b49c474acfe34c72a08b55458ce04d92,0.049,,,
3064,2026-05-21,SH601012,-0.0001628373495605366,EXP_CatBoostModel_Alpha158_csi300_custom_step0_s_20260521_18,b49c474acfe34c72a08b55458ce04d92,0.049,,,
3065,2026-05-21,SH600938,-0.0001628373495605366,EXP_CatBoostModel_Alpha158_csi300_custom_step0_s_20260521_18,b49c474acfe34c72a08b55458ce04d92,0.049,,,
3066,2026-05-21,SH600926,-0.0001628373495605366,EXP_CatBoostModel_Alpha158_csi300_custom_step0_s_20260521_18,b49c474acfe34c72a08b55458ce04d92,0.049,,,
3067,2026-05-21,SH600919,0.0023988324749564414,EXP_CatBoostModel_Alpha158_csi300_custom_step0_s_20260521_18,b49c474acfe34c72a08b55458ce04d92,0.049,,,
3068,2026-05-21,SH600918,0.0023988324749564414,EXP_CatBoostModel_Alpha158_csi300_custom_step0_s_20260521_18,b49c474acfe34c72a08b55458ce04d92,0.049,,,
3069,2026-05-21,SH600905,0.0023988324749564414,EXP_CatBoostModel_Alpha158_csi300_custom_step0_s_20260521_18,b49c474acfe34c72a08b55458ce04d92,0.049,,,
3070,2026-05-21,SH600900,0.0023988324749564414,EXP_CatBoostModel_Alpha158_csi300_custom_step0_s_20260521_18,b49c474acfe34c72a08b55458ce04d92,0.049,,,
3071,2026-05-21,SH600893,-0.0001628373495605366,EXP_CatBoostModel_Alpha158_csi300_custom_step0_s_20260521_18,b49c474acfe34c72a08b55458ce04d92,0.049,,,
3072,2026-05-21,SH600930,-0.0001628373495605366,EXP_CatBoostModel_Alpha158_csi300_custom_step0_s_20260521_18,b49c474acfe34c72a08b55458ce04d92,0.049,,,
3073,2026-05-21,SZ300413,-0.0001628373495605366,EXP_CatBoostModel_Alpha158_csi300_custom_step0_s_20260521_18,b49c474acfe34c72a08b55458ce04d92,0.049,,,
3074,2026-05-21,SH601018,-0.0001628373495605366,EXP_CatBoostModel_Alpha158_csi300_custom_step0_s_20260521_18,b49c474acfe34c72a08b55458ce04d92,0.049,,,
3075,2026-05-21,SH601058,-0.0013630009930822868,EXP_CatBoostModel_Alpha158_csi300_custom_step0_s_20260521_18,b49c474acfe34c72a08b55458ce04d92,0.049,,,
3076,2026-05-21,SH601211,-0.0001628373495605366,EXP_CatBoostModel_Alpha158_csi300_custom_step0_s_20260521_18,b49c474acfe34c72a08b55458ce04d92,0.049,,,
3077,2026-05-21,SH601186,-0.0001628373495605366,EXP_CatBoostModel_Alpha158_csi300_custom_step0_s_20260521_18,b49c474acfe34c72a08b55458ce04d92,0.049,,,
3078,2026-05-21,SH601169,-0.004754587146294094,EXP_CatBoostModel_Alpha158_csi300_custom_step0_s_20260521_18,b49c474acfe34c72a08b55458ce04d92,0.049,,,
3079,2026-05-21,SH601166,-0.0001628373495605366,EXP_CatBoostModel_Alpha158_csi300_custom_step0_s_20260521_18,b49c474acfe34c72a08b55458ce04d92,0.049,,,
3080,2026-05-21,SH601138,-0.0001628373495605366,EXP_CatBoostModel_Alpha158_csi300_custom_step0_s_20260521_18,b49c474acfe34c72a08b55458ce04d92,0.049,,,
3081,2026-05-21,SH601136,-0.0001628373495605366,EXP_CatBoostModel_Alpha158_csi300_custom_step0_s_20260521_18,b49c474acfe34c72a08b55458ce04d92,0.049,,,
3082,2026-05-21,SH601021,-0.0013630009930822868,EXP_CatBoostModel_Alpha158_csi300_custom_step0_s_20260521_18,b49c474acfe34c72a08b55458ce04d92,0.049,,,
3083,2026-05-21,SH601127,-0.0013630009930822868,EXP_CatBoostModel_Alpha158_csi300_custom_step0_s_20260521_18,b49c474acfe34c72a08b55458ce04d92,0.049,,,
3084,2026-05-21,SH601111,-0.0001628373495605366,EXP_CatBoostModel_Alpha158_csi300_custom_step0_s_20260521_18,b49c474acfe34c72a08b55458ce04d92,0.049,,,
3085,2026-05-21,SH601100,-0.0013630009930822868,EXP_CatBoostModel_Alpha158_csi300_custom_step0_s_20260521_18,b49c474acfe34c72a08b55458ce04d92,0.049,,,
3086,2026-05-21,SH601088,-0.0001628373495605366,EXP_CatBoostModel_Alpha158_csi300_custom_step0_s_20260521_18,b49c474acfe34c72a08b55458ce04d92,0.049,,,
3087,2026-05-21,SH601077,-0.0001628373495605366,EXP_CatBoostModel_Alpha158_csi300_custom_step0_s_20260521_18,b49c474acfe34c72a08b55458ce04d92,0.049,,,
3088,2026-05-21,SH601066,-0.0013630009930822868,EXP_CatBoostModel_Alpha158_csi300_custom_step0_s_20260521_18,b49c474acfe34c72a08b55458ce04d92,0.049,,,
3089,2026-05-21,SH601059,0.0023988324749564414,EXP_CatBoostModel_Alpha158_csi300_custom_step0_s_20260521_18,b49c474acfe34c72a08b55458ce04d92,0.049,,,
3090,2026-05-21,SH601117,-0.0001628373495605366,EXP_CatBoostModel_Alpha158_csi300_custom_step0_s_20260521_18,b49c474acfe34c72a08b55458ce04d92,0.049,,,
3091,2026-05-21,SZ300418,-0.0001628373495605366,EXP_CatBoostModel_Alpha158_csi300_custom_step0_s_20260521_18,b49c474acfe34c72a08b55458ce04d92,0.049,,,
3092,2026-05-21,SZ300433,-0.0001628373495605366,EXP_CatBoostModel_Alpha158_csi300_custom_step0_s_20260521_18,b49c474acfe34c72a08b55458ce04d92,0.049,,,
3093,2026-05-21,SZ300442,-0.0001628373495605366,EXP_CatBoostModel_Alpha158_csi300_custom_step0_s_20260521_18,b49c474acfe34c72a08b55458ce04d92,0.049,,,
3094,2026-05-21,SH603259,-0.001946750522370379,EXP_CatBoostModel_Alpha158_csi300_custom_step0_s_20260521_18,573d6f2630944af6aa63d544e43d4ae2,0.052,,,
3095,2026-05-21,SH603260,-0.0017241104878875592,EXP_CatBoostModel_Alpha158_csi300_custom_step0_s_20260521_18,573d6f2630944af6aa63d544e43d4ae2,0.052,,,
3096,2026-05-21,SH603288,-0.0016243592946150044,EXP_CatBoostModel_Alpha158_csi300_custom_step0_s_20260521_18,573d6f2630944af6aa63d544e43d4ae2,0.052,,,
3097,2026-05-21,SH603296,-0.001946750522370379,EXP_CatBoostModel_Alpha158_csi300_custom_step0_s_20260521_18,573d6f2630944af6aa63d544e43d4ae2,0.052,,,
3098,2026-05-21,SH603369,-0.0022588932042611433,EXP_CatBoostModel_Alpha158_csi300_custom_step0_s_20260521_18,573d6f2630944af6aa63d544e43d4ae2,0.052,,,
3099,2026-05-21,SH603392,-0.001946750522370379,EXP_CatBoostModel_Alpha158_csi300_custom_step0_s_20260521_18,573d6f2630944af6aa63d544e43d4ae2,0.052,,,
3100,2026-05-21,SH603501,-0.0022588932042611433,EXP_CatBoostModel_Alpha158_csi300_custom_step0_s_20260521_18,573d6f2630944af6aa63d544e43d4ae2,0.052,,,
3101,2026-05-21,SH603799,-0.004172537860550617,EXP_CatBoostModel_Alpha158_csi300_custom_step0_s_20260521_18,573d6f2630944af6aa63d544e43d4ae2,0.052,,,
3102,2026-05-21,SH603893,-0.0008369177763579787,EXP_CatBoostModel_Alpha158_csi300_custom_step0_s_20260521_18,573d6f2630944af6aa63d544e43d4ae2,0.052,,,
3103,2026-05-21,SH603986,0.005832631089036391,EXP_CatBoostModel_Alpha158_csi300_custom_step0_s_20260521_18,573d6f2630944af6aa63d544e43d4ae2,0.052,,,
3104,2026-05-21,SH603993,-0.004172537860550617,EXP_CatBoostModel_Alpha158_csi300_custom_step0_s_20260521_18,573d6f2630944af6aa63d544e43d4ae2,0.052,,,
3105,2026-05-21,SH605117,-0.0017241104878875592,EXP_CatBoostModel_Alpha158_csi300_custom_step0_s_20260521_18,573d6f2630944af6aa63d544e43d4ae2,0.052,,,
3106,2026-05-21,SH605499,-0.003949897826067798,EXP_CatBoostModel_Alpha158_csi300_custom_step0_s_20260521_18,573d6f2630944af6aa63d544e43d4ae2,0.052,,,
3107,2026-05-21,SH688008,-0.0077774024016664025,EXP_CatBoostModel_Alpha158_csi300_custom_step0_s_20260521_18,573d6f2630944af6aa63d544e43d4ae2,0.052,,,
3108,2026-05-21,SH688009,-0.0016243592946150044,EXP_CatBoostModel_Alpha158_csi300_custom_step0_s_20260521_18,573d6f2630944af6aa63d544e43d4ae2,0.052,,,
3109,2026-05-21,SH688012,-0.0077774024016664025,EXP_CatBoostModel_Alpha158_csi300_custom_step0_s_20260521_18,573d6f2630944af6aa63d544e43d4ae2,0.052,,,
3110,2026-05-21,SH688036,-0.0008369177763579787,EXP_CatBoostModel_Alpha158_csi300_custom_step0_s_20260521_18,573d6f2630944af6aa63d544e43d4ae2,0.052,,,
3111,2026-05-21,SH688506,-0.003949897826067798,EXP_CatBoostModel_Alpha158_csi300_custom_step0_s_20260521_18,573d6f2630944af6aa63d544e43d4ae2,0.052,,,
3112,2026-05-21,SH688472,-0.0017241104878875592,EXP_CatBoostModel_Alpha158_csi300_custom_step0_s_20260521_18,573d6f2630944af6aa63d544e43d4ae2,0.052,,,
3113,2026-05-21,SH688396,-0.0008369177763579787,EXP_CatBoostModel_Alpha158_csi300_custom_step0_s_20260521_18,573d6f2630944af6aa63d544e43d4ae2,0.052,,,
3114,2026-05-21,SH688303,-0.0017241104878875592,EXP_CatBoostModel_Alpha158_csi300_custom_step0_s_20260521_18,573d6f2630944af6aa63d544e43d4ae2,0.052,,,
3115,2026-05-21,SH688271,0.001045015381578547,EXP_CatBoostModel_Alpha158_csi300_custom_step0_s_20260521_18,573d6f2630944af6aa63d544e43d4ae2,0.052,,,
3116,2026-05-21,SH688256,0.005832631089036391,EXP_CatBoostModel_Alpha158_csi300_custom_step0_s_20260521_18,573d6f2630944af6aa63d544e43d4ae2,0.052,,,
3117,2026-05-21,SH603195,0.0004120727112692879,EXP_CatBoostModel_Alpha158_csi300_custom_step0_s_20260521_18,573d6f2630944af6aa63d544e43d4ae2,0.052,,,
3118,2026-05-21,SH688223,-0.001946750522370379,EXP_CatBoostModel_Alpha158_csi300_custom_step0_s_20260521_18,573d6f2630944af6aa63d544e43d4ae2,0.052,,,
3119,2026-05-21,SH688169,-0.0008369177763579787,EXP_CatBoostModel_Alpha158_csi300_custom_step0_s_20260521_18,573d6f2630944af6aa63d544e43d4ae2,0.052,,,
3120,2026-05-21,SH688126,0.005832631089036391,EXP_CatBoostModel_Alpha158_csi300_custom_step0_s_20260521_18,573d6f2630944af6aa63d544e43d4ae2,0.052,,,
3121,2026-05-21,SH688111,-0.0017241104878875592,EXP_CatBoostModel_Alpha158_csi300_custom_step0_s_20260521_18,573d6f2630944af6aa63d544e43d4ae2,0.052,,,
3122,2026-05-21,SH688082,-0.0008369177763579787,EXP_CatBoostModel_Alpha158_csi300_custom_step0_s_20260521_18,573d6f2630944af6aa63d544e43d4ae2,0.052,,,
3123,2026-05-21,SH688047,-0.0017241104878875592,EXP_CatBoostModel_Alpha158_csi300_custom_step0_s_20260521_18,573d6f2630944af6aa63d544e43d4ae2,0.052,,,
3124,2026-05-21,SH688041,0.005832631089036391,EXP_CatBoostModel_Alpha158_csi300_custom_step0_s_20260521_18,573d6f2630944af6aa63d544e43d4ae2,0.052,,,
3125,2026-05-21,SH688187,-7.956149454931578e-05,EXP_CatBoostModel_Alpha158_csi300_custom_step0_s_20260521_18,573d6f2630944af6aa63d544e43d4ae2,0.052,,,
3126,2026-05-21,SH688981,-7.956149454931578e-05,EXP_CatBoostModel_Alpha158_csi300_custom_step0_s_20260521_18,573d6f2630944af6aa63d544e43d4ae2,0.052,,,
3127,2026-05-21,SH603019,-0.0017241104878875592,EXP_CatBoostModel_Alpha158_csi300_custom_step0_s_20260521_18,573d6f2630944af6aa63d544e43d4ae2,0.052,,,
3128,2026-05-21,SH601995,0.0037888640800639263,EXP_CatBoostModel_Alpha158_csi300_custom_step0_s_20260521_18,573d6f2630944af6aa63d544e43d4ae2,0.052,,,
3129,2026-05-21,SH601633,-0.003949897826067798,EXP_CatBoostModel_Alpha158_csi300_custom_step0_s_20260521_18,573d6f2630944af6aa63d544e43d4ae2,0.052,,,
3130,2026-05-21,SH601658,0.0027677230552585787,EXP_CatBoostModel_Alpha158_csi300_custom_step0_s_20260521_18,573d6f2630944af6aa63d544e43d4ae2,0.052,,,
3131,2026-05-21,SH601668,0.0027677230552585787,EXP_CatBoostModel_Alpha158_csi300_custom_step0_s_20260521_18,573d6f2630944af6aa63d544e43d4ae2,0.052,,,
3132,2026-05-21,SH601669,-0.003168558163907222,EXP_CatBoostModel_Alpha158_csi300_custom_step0_s_20260521_18,573d6f2630944af6aa63d544e43d4ae2,0.052,,,
3133,2026-05-21,SH601688,-0.0005731064572731593,EXP_CatBoostModel_Alpha158_csi300_custom_step0_s_20260521_18,573d6f2630944af6aa63d544e43d4ae2,0.052,,,
3134,2026-05-21,SH601689,-0.003949897826067798,EXP_CatBoostModel_Alpha158_csi300_custom_step0_s_20260521_18,573d6f2630944af6aa63d544e43d4ae2,0.052,,,
3135,2026-05-21,SH601698,-0.001946750522370379,EXP_CatBoostModel_Alpha158_csi300_custom_step0_s_20260521_18,573d6f2630944af6aa63d544e43d4ae2,0.052,,,
3136,2026-05-21,SH601728,-0.0008369177763579787,EXP_CatBoostModel_Alpha158_csi300_custom_step0_s_20260521_18,573d6f2630944af6aa63d544e43d4ae2,0.052,,,
3137,2026-05-21,SH601766,-0.00956438994766425,EXP_CatBoostModel_Alpha158_csi300_custom_step0_s_20260521_18,573d6f2630944af6aa63d544e43d4ae2,0.052,,,
3138,2026-05-21,SH601788,-0.005394345502087461,EXP_CatBoostModel_Alpha158_csi300_custom_step0_s_20260521_18,573d6f2630944af6aa63d544e43d4ae2,0.052,,,
3139,2026-05-21,SH601800,-0.003949897826067798,EXP_CatBoostModel_Alpha158_csi300_custom_step0_s_20260521_18,573d6f2630944af6aa63d544e43d4ae2,0.052,,,
3140,2026-05-21,SH601808,0.0011694289930779507,EXP_CatBoostModel_Alpha158_csi300_custom_step0_s_20260521_18,573d6f2630944af6aa63d544e43d4ae2,0.052,,,
3141,2026-05-21,SH601816,0.0027677230552585787,EXP_CatBoostModel_Alpha158_csi300_custom_step0_s_20260521_18,573d6f2630944af6aa63d544e43d4ae2,0.052,,,
3142,2026-05-21,SH601818,0.0027677230552585787,EXP_CatBoostModel_Alpha158_csi300_custom_step0_s_20260521_18,573d6f2630944af6aa63d544e43d4ae2,0.052,,,
3143,2026-05-21,SH601825,0.0027677230552585787,EXP_CatBoostModel_Alpha158_csi300_custom_step0_s_20260521_18,573d6f2630944af6aa63d544e43d4ae2,0.052,,,
3144,2026-05-21,SH601838,0.0014713922447709168,EXP_CatBoostModel_Alpha158_csi300_custom_step0_s_20260521_18,573d6f2630944af6aa63d544e43d4ae2,0.052,,,
3145,2026-05-21,SH601857,0.00018943267678646803,EXP_CatBoostModel_Alpha158_csi300_custom_step0_s_20260521_18,573d6f2630944af6aa63d544e43d4ae2,0.052,,,
3146,2026-05-21,SH601988,0.005070823648048376,EXP_CatBoostModel_Alpha158_csi300_custom_step0_s_20260521_18,573d6f2630944af6aa63d544e43d4ae2,0.052,,,
3147,2026-05-21,SH601985,-0.0010323749647503753,EXP_CatBoostModel_Alpha158_csi300_custom_step0_s_20260521_18,573d6f2630944af6aa63d544e43d4ae2,0.052,,,
3148,2026-05-21,SH601939,0.003679434161091205,EXP_CatBoostModel_Alpha158_csi300_custom_step0_s_20260521_18,573d6f2630944af6aa63d544e43d4ae2,0.052,,,
3149,2026-05-21,SH601919,-0.0005074996787796727,EXP_CatBoostModel_Alpha158_csi300_custom_step0_s_20260521_18,573d6f2630944af6aa63d544e43d4ae2,0.052,,,
3150,2026-05-21,SH601916,0.0027677230552585787,EXP_CatBoostModel_Alpha158_csi300_custom_step0_s_20260521_18,573d6f2630944af6aa63d544e43d4ae2,0.052,,,
3151,2026-05-21,SH601901,-0.002281365452377642,EXP_CatBoostModel_Alpha158_csi300_custom_step0_s_20260521_18,573d6f2630944af6aa63d544e43d4ae2,0.052,,,
3152,2026-05-21,SH601998,9.693113982884053e-05,EXP_CatBoostModel_Alpha158_csi300_custom_step0_s_20260521_18,573d6f2630944af6aa63d544e43d4ae2,0.052,,,
3153,2026-05-21,SH601899,-0.004172537860550617,EXP_CatBoostModel_Alpha158_csi300_custom_step0_s_20260521_18,573d6f2630944af6aa63d544e43d4ae2,0.052,,,
3154,2026-05-21,SH601888,-0.004172537860550617,EXP_CatBoostModel_Alpha158_csi300_custom_step0_s_20260521_18,573d6f2630944af6aa63d544e43d4ae2,0.052,,,
3155,2026-05-21,SH601881,-0.005394345502087461,EXP_CatBoostModel_Alpha158_csi300_custom_step0_s_20260521_18,573d6f2630944af6aa63d544e43d4ae2,0.052,,,
3156,2026-05-21,SH601878,-0.0010323749647503753,EXP_CatBoostModel_Alpha158_csi300_custom_step0_s_20260521_18,573d6f2630944af6aa63d544e43d4ae2,0.052,,,
3157,2026-05-21,SH601877,-0.0008369177763579787,EXP_CatBoostModel_Alpha158_csi300_custom_step0_s_20260521_18,573d6f2630944af6aa63d544e43d4ae2,0.052,,,
3158,2026-05-21,SH601872,-0.0017241104878875592,EXP_CatBoostModel_Alpha158_csi300_custom_step0_s_20260521_18,573d6f2630944af6aa63d544e43d4ae2,0.052,,,
3159,2026-05-21,SH601868,-0.0017241104878875592,EXP_CatBoostModel_Alpha158_csi300_custom_step0_s_20260521_18,573d6f2630944af6aa63d544e43d4ae2,0.052,,,
3160,2026-05-21,SH601898,-0.001946750522370379,EXP_CatBoostModel_Alpha158_csi300_custom_step0_s_20260521_18,573d6f2630944af6aa63d544e43d4ae2,0.052,,,
3161,2026-05-21,SZ000001,0.001965956846071612,EXP_CatBoostModel_Alpha158_csi300_custom_step0_s_20260521_18,573d6f2630944af6aa63d544e43d4ae2,0.052,,,
3162,2026-05-21,SZ000002,-0.010306981313070005,EXP_CatBoostModel_Alpha158_csi300_custom_step0_s_20260521_18,573d6f2630944af6aa63d544e43d4ae2,0.052,,,
3163,2026-05-21,SZ000063,-0.0017241104878875592,EXP_CatBoostModel_Alpha158_csi300_custom_step0_s_20260521_18,573d6f2630944af6aa63d544e43d4ae2,0.052,,,
3164,2026-05-21,SZ002027,-0.003949897826067798,EXP_CatBoostModel_Alpha158_csi300_custom_step0_s_20260521_18,573d6f2630944af6aa63d544e43d4ae2,0.052,,,
3165,2026-05-21,SZ002028,-0.001946750522370379,EXP_CatBoostModel_Alpha158_csi300_custom_step0_s_20260521_18,573d6f2630944af6aa63d544e43d4ae2,0.052,,,
3166,2026-05-21,SZ002049,-0.0008369177763579787,EXP_CatBoostModel_Alpha158_csi300_custom_step0_s_20260521_18,573d6f2630944af6aa63d544e43d4ae2,0.052,,,
3167,2026-05-21,SZ002050,-0.0008369177763579787,EXP_CatBoostModel_Alpha158_csi300_custom_step0_s_20260521_18,573d6f2630944af6aa63d544e43d4ae2,0.052,,,
3168,2026-05-21,SZ002074,-0.001946750522370379,EXP_CatBoostModel_Alpha158_csi300_custom_step0_s_20260521_18,573d6f2630944af6aa63d544e43d4ae2,0.052,,,
3169,2026-05-21,SZ002142,0.00018943267678646803,EXP_CatBoostModel_Alpha158_csi300_custom_step0_s_20260521_18,573d6f2630944af6aa63d544e43d4ae2,0.052,,,
3170,2026-05-21,SZ002179,-0.0008369177763579787,EXP_CatBoostModel_Alpha158_csi300_custom_step0_s_20260521_18,573d6f2630944af6aa63d544e43d4ae2,0.052,,,
3171,2026-05-21,SZ002230,-0.003168558163907222,EXP_CatBoostModel_Alpha158_csi300_custom_step0_s_20260521_18,573d6f2630944af6aa63d544e43d4ae2,0.052,,,
3172,2026-05-21,SZ002236,0.0009320240421922235,EXP_CatBoostModel_Alpha158_csi300_custom_step0_s_20260521_18,573d6f2630944af6aa63d544e43d4ae2,0.052,,,
3173,2026-05-21,SZ002241,-0.0022588932042611433,EXP_CatBoostModel_Alpha158_csi300_custom_step0_s_20260521_18,573d6f2630944af6aa63d544e43d4ae2,0.052,,,
3174,2026-05-21,SZ002252,-0.005394345502087461,EXP_CatBoostModel_Alpha158_csi300_custom_step0_s_20260521_18,573d6f2630944af6aa63d544e43d4ae2,0.052,,,
3175,2026-05-21,SZ002304,-0.004172537860550617,EXP_CatBoostModel_Alpha158_csi300_custom_step0_s_20260521_18,573d6f2630944af6aa63d544e43d4ae2,0.052,,,
3176,2026-05-21,SZ002311,-0.003192541544259135,EXP_CatBoostModel_Alpha158_csi300_custom_step0_s_20260521_18,573d6f2630944af6aa63d544e43d4ae2,0.052,,,
3177,2026-05-21,SZ002352,-0.003168558163907222,EXP_CatBoostModel_Alpha158_csi300_custom_step0_s_20260521_18,573d6f2630944af6aa63d544e43d4ae2,0.052,,,
3178,2026-05-21,SZ002371,-0.0008369177763579787,EXP_CatBoostModel_Alpha158_csi300_custom_step0_s_20260521_18,573d6f2630944af6aa63d544e43d4ae2,0.052,,,
3179,2026-05-21,SZ002384,0.005832631089036391,EXP_CatBoostModel_Alpha158_csi300_custom_step0_s_20260521_18,573d6f2630944af6aa63d544e43d4ae2,0.052,,,
3180,2026-05-21,SZ002415,0.002173792150774372,EXP_CatBoostModel_Alpha158_csi300_custom_step0_s_20260521_18,573d6f2630944af6aa63d544e43d4ae2,0.052,,,
3181,2026-05-21,SZ002714,-0.001946750522370379,EXP_CatBoostModel_Alpha158_csi300_custom_step0_s_20260521_18,573d6f2630944af6aa63d544e43d4ae2,0.052,,,
3182,2026-05-21,SZ002709,-0.0017241104878875592,EXP_CatBoostModel_Alpha158_csi300_custom_step0_s_20260521_18,573d6f2630944af6aa63d544e43d4ae2,0.052,,,
3183,2026-05-21,SZ002648,-0.001946750522370379,EXP_CatBoostModel_Alpha158_csi300_custom_step0_s_20260521_18,573d6f2630944af6aa63d544e43d4ae2,0.052,,,
3184,2026-05-21,SZ002625,-0.0017241104878875592,EXP_CatBoostModel_Alpha158_csi300_custom_step0_s_20260521_18,573d6f2630944af6aa63d544e43d4ae2,0.052,,,
3185,2026-05-21,SZ002601,-0.001946750522370379,EXP_CatBoostModel_Alpha158_csi300_custom_step0_s_20260521_18,573d6f2630944af6aa63d544e43d4ae2,0.052,,,
3186,2026-05-21,SZ002600,-0.0008369177763579787,EXP_CatBoostModel_Alpha158_csi300_custom_step0_s_20260521_18,573d6f2630944af6aa63d544e43d4ae2,0.052,,,
3187,2026-05-21,SZ002001,-0.001946750522370379,EXP_CatBoostModel_Alpha158_csi300_custom_step0_s_20260521_18,573d6f2630944af6aa63d544e43d4ae2,0.052,,,
3188,2026-05-21,SZ002594,-0.004172537860550617,EXP_CatBoostModel_Alpha158_csi300_custom_step0_s_20260521_18,573d6f2630944af6aa63d544e43d4ae2,0.052,,,
3189,2026-05-21,SZ002475,0.010406411268851105,EXP_CatBoostModel_Alpha158_csi300_custom_step0_s_20260521_18,573d6f2630944af6aa63d544e43d4ae2,0.052,,,
3190,2026-05-21,SZ002466,-0.0017241104878875592,EXP_CatBoostModel_Alpha158_csi300_custom_step0_s_20260521_18,573d6f2630944af6aa63d544e43d4ae2,0.052,,,
3191,2026-05-21,SZ002463,-0.0017241104878875592,EXP_CatBoostModel_Alpha158_csi300_custom_step0_s_20260521_18,573d6f2630944af6aa63d544e43d4ae2,0.052,,,
3192,2026-05-21,SZ002460,-0.0017241104878875592,EXP_CatBoostModel_Alpha158_csi300_custom_step0_s_20260521_18,573d6f2630944af6aa63d544e43d4ae2,0.052,,,
3193,2026-05-21,SZ002459,-0.001946750522370379,EXP_CatBoostModel_Alpha158_csi300_custom_step0_s_20260521_18,573d6f2630944af6aa63d544e43d4ae2,0.052,,,
3194,2026-05-21,SZ002422,-0.001946750522370379,EXP_CatBoostModel_Alpha158_csi300_custom_step0_s_20260521_18,573d6f2630944af6aa63d544e43d4ae2,0.052,,,
3195,2026-05-21,SZ002493,-0.004172537860550617,EXP_CatBoostModel_Alpha158_csi300_custom_step0_s_20260521_18,573d6f2630944af6aa63d544e43d4ae2,0.052,,,
3196,2026-05-21,SZ001979,-0.003949897826067798,EXP_CatBoostModel_Alpha158_csi300_custom_step0_s_20260521_18,573d6f2630944af6aa63d544e43d4ae2,0.052,,,
3197,2026-05-21,SZ001965,-0.0008369177763579787,EXP_CatBoostModel_Alpha158_csi300_custom_step0_s_20260521_18,573d6f2630944af6aa63d544e43d4ae2,0.052,,,
3198,2026-05-21,SZ001391,0.0027677230552585787,EXP_CatBoostModel_Alpha158_csi300_custom_step0_s_20260521_18,573d6f2630944af6aa63d544e43d4ae2,0.052,,,
3199,2026-05-21,SZ000630,-0.001946750522370379,EXP_CatBoostModel_Alpha158_csi300_custom_step0_s_20260521_18,573d6f2630944af6aa63d544e43d4ae2,0.052,,,
3200,2026-05-21,SZ000625,-0.003949897826067798,EXP_CatBoostModel_Alpha158_csi300_custom_step0_s_20260521_18,573d6f2630944af6aa63d544e43d4ae2,0.052,,,
3201,2026-05-21,SZ000617,-0.0017241104878875592,EXP_CatBoostModel_Alpha158_csi300_custom_step0_s_20260521_18,573d6f2630944af6aa63d544e43d4ae2,0.052,,,
3202,2026-05-21,SZ000596,-0.001946750522370379,EXP_CatBoostModel_Alpha158_csi300_custom_step0_s_20260521_18,573d6f2630944af6aa63d544e43d4ae2,0.052,,,
3203,2026-05-21,SZ000568,-0.004172537860550617,EXP_CatBoostModel_Alpha158_csi300_custom_step0_s_20260521_18,573d6f2630944af6aa63d544e43d4ae2,0.052,,,
3204,2026-05-21,SZ000538,0.0009181962106391128,EXP_CatBoostModel_Alpha158_csi300_custom_step0_s_20260521_18,573d6f2630944af6aa63d544e43d4ae2,0.052,,,
3205,2026-05-21,SZ000651,0.00018943267678646803,EXP_CatBoostModel_Alpha158_csi300_custom_step0_s_20260521_18,573d6f2630944af6aa63d544e43d4ae2,0.052,,,
3206,2026-05-21,SZ000425,-0.003949897826067798,EXP_CatBoostModel_Alpha158_csi300_custom_step0_s_20260521_18,573d6f2630944af6aa63d544e43d4ae2,0.052,,,
3207,2026-05-21,SZ000338,-0.001946750522370379,EXP_CatBoostModel_Alpha158_csi300_custom_step0_s_20260521_18,573d6f2630944af6aa63d544e43d4ae2,0.052,,,
3208,2026-05-21,SZ000333,0.0037888640800639263,EXP_CatBoostModel_Alpha158_csi300_custom_step0_s_20260521_18,573d6f2630944af6aa63d544e43d4ae2,0.052,,,
3209,2026-05-21,SZ000301,-0.002481533238743963,EXP_CatBoostModel_Alpha158_csi300_custom_step0_s_20260521_18,573d6f2630944af6aa63d544e43d4ae2,0.052,,,
3210,2026-05-21,SZ000166,-0.002281365452377642,EXP_CatBoostModel_Alpha158_csi300_custom_step0_s_20260521_18,573d6f2630944af6aa63d544e43d4ae2,0.052,,,
3211,2026-05-21,SZ000157,-0.0016243592946150044,EXP_CatBoostModel_Alpha158_csi300_custom_step0_s_20260521_18,573d6f2630944af6aa63d544e43d4ae2,0.052,,,
3212,2026-05-21,SZ000100,-0.0003033367194751162,EXP_CatBoostModel_Alpha158_csi300_custom_step0_s_20260521_18,573d6f2630944af6aa63d544e43d4ae2,0.052,,,
3213,2026-05-21,SZ000408,-0.004172537860550617,EXP_CatBoostModel_Alpha158_csi300_custom_step0_s_20260521_18,573d6f2630944af6aa63d544e43d4ae2,0.052,,,
3214,2026-05-21,SH601628,-0.003949897826067798,EXP_CatBoostModel_Alpha158_csi300_custom_step0_s_20260521_18,573d6f2630944af6aa63d544e43d4ae2,0.052,,,
3215,2026-05-21,SZ000661,-0.004172537860550617,EXP_CatBoostModel_Alpha158_csi300_custom_step0_s_20260521_18,573d6f2630944af6aa63d544e43d4ae2,0.052,,,
3216,2026-05-21,SZ000725,-7.956149454931578e-05,EXP_CatBoostModel_Alpha158_csi300_custom_step0_s_20260521_18,573d6f2630944af6aa63d544e43d4ae2,0.052,,,
3217,2026-05-21,SZ000999,0.00018943267678646803,EXP_CatBoostModel_Alpha158_csi300_custom_step0_s_20260521_18,573d6f2630944af6aa63d544e43d4ae2,0.052,,,
3218,2026-05-21,SZ000983,-0.001946750522370379,EXP_CatBoostModel_Alpha158_csi300_custom_step0_s_20260521_18,573d6f2630944af6aa63d544e43d4ae2,0.052,,,
3219,2026-05-21,SZ000977,-0.001946750522370379,EXP_CatBoostModel_Alpha158_csi300_custom_step0_s_20260521_18,573d6f2630944af6aa63d544e43d4ae2,0.052,,,
3220,2026-05-21,SZ000975,-0.004172537860550617,EXP_CatBoostModel_Alpha158_csi300_custom_step0_s_20260521_18,573d6f2630944af6aa63d544e43d4ae2,0.052,,,
3221,2026-05-21,SZ000963,-0.0017241104878875592,EXP_CatBoostModel_Alpha158_csi300_custom_step0_s_20260521_18,573d6f2630944af6aa63d544e43d4ae2,0.052,,,
3222,2026-05-21,SZ000938,-0.0017241104878875592,EXP_CatBoostModel_Alpha158_csi300_custom_step0_s_20260521_18,573d6f2630944af6aa63d544e43d4ae2,0.052,,,
3223,2026-05-21,SZ000708,-0.001946750522370379,EXP_CatBoostModel_Alpha158_csi300_custom_step0_s_20260521_18,573d6f2630944af6aa63d544e43d4ae2,0.052,,,
3224,2026-05-21,SZ000895,0.00018943267678646803,EXP_CatBoostModel_Alpha158_csi300_custom_step0_s_20260521_18,573d6f2630944af6aa63d544e43d4ae2,0.052,,,
3225,2026-05-21,SZ000858,-0.0017241104878875592,EXP_CatBoostModel_Alpha158_csi300_custom_step0_s_20260521_18,573d6f2630944af6aa63d544e43d4ae2,0.052,,,
3226,2026-05-21,SZ000807,-0.0017241104878875592,EXP_CatBoostModel_Alpha158_csi300_custom_step0_s_20260521_18,573d6f2630944af6aa63d544e43d4ae2,0.052,,,
3227,2026-05-21,SZ000792,-0.0017241104878875592,EXP_CatBoostModel_Alpha158_csi300_custom_step0_s_20260521_18,573d6f2630944af6aa63d544e43d4ae2,0.052,,,
3228,2026-05-21,SZ000786,-0.0010595578108407986,EXP_CatBoostModel_Alpha158_csi300_custom_step0_s_20260521_18,573d6f2630944af6aa63d544e43d4ae2,0.052,,,
3229,2026-05-21,SZ000776,-0.003949897826067798,EXP_CatBoostModel_Alpha158_csi300_custom_step0_s_20260521_18,573d6f2630944af6aa63d544e43d4ae2,0.052,,,
3230,2026-05-21,SZ000768,-0.001946750522370379,EXP_CatBoostModel_Alpha158_csi300_custom_step0_s_20260521_18,573d6f2630944af6aa63d544e43d4ae2,0.052,,,
3231,2026-05-21,SZ000876,-0.001946750522370379,EXP_CatBoostModel_Alpha158_csi300_custom_step0_s_20260521_18,573d6f2630944af6aa63d544e43d4ae2,0.052,,,
3232,2026-05-21,SZ000977,-0.002540953157316907,EXP_LGBModel_Alpha158_csi300_custom_step0_s_20260521_18,80479c8829134680955f691ff1dd7002,0.057,,,
3233,2026-05-21,SH601618,-0.0012179869885177341,EXP_CatBoostModel_Alpha158_csi300_custom_step0_s_20260521_18,573d6f2630944af6aa63d544e43d4ae2,0.052,,,
3234,2026-05-21,SH601601,-0.010084341278587185,EXP_CatBoostModel_Alpha158_csi300_custom_step0_s_20260521_18,573d6f2630944af6aa63d544e43d4ae2,0.052,,,
3235,2026-05-21,SH600039,0.0004120727112692879,EXP_CatBoostModel_Alpha158_csi300_custom_step0_s_20260521_18,573d6f2630944af6aa63d544e43d4ae2,0.052,,,
3236,2026-05-21,SH600048,-0.001946750522370379,EXP_CatBoostModel_Alpha158_csi300_custom_step0_s_20260521_18,573d6f2630944af6aa63d544e43d4ae2,0.052,,,
3237,2026-05-21,SH600050,-0.0008369177763579787,EXP_CatBoostModel_Alpha158_csi300_custom_step0_s_20260521_18,573d6f2630944af6aa63d544e43d4ae2,0.052,,,
3238,2026-05-21,SH600061,-0.00031696644543504303,EXP_CatBoostModel_Alpha158_csi300_custom_step0_s_20260521_18,573d6f2630944af6aa63d544e43d4ae2,0.052,,,
3239,2026-05-21,SH600066,-0.001946750522370379,EXP_CatBoostModel_Alpha158_csi300_custom_step0_s_20260521_18,573d6f2630944af6aa63d544e43d4ae2,0.052,,,
3240,2026-05-21,SH600085,-0.008372676571878743,EXP_CatBoostModel_Alpha158_csi300_custom_step0_s_20260521_18,573d6f2630944af6aa63d544e43d4ae2,0.052,,,
3241,2026-05-21,SH600089,-0.001946750522370379,EXP_CatBoostModel_Alpha158_csi300_custom_step0_s_20260521_18,573d6f2630944af6aa63d544e43d4ae2,0.052,,,
3242,2026-05-21,SH600104,-0.0016243592946150044,EXP_CatBoostModel_Alpha158_csi300_custom_step0_s_20260521_18,573d6f2630944af6aa63d544e43d4ae2,0.052,,,
3243,2026-05-21,SH600111,-0.004172537860550617,EXP_CatBoostModel_Alpha158_csi300_custom_step0_s_20260521_18,573d6f2630944af6aa63d544e43d4ae2,0.052,,,
3244,2026-05-21,SH600115,-0.003949897826067798,EXP_CatBoostModel_Alpha158_csi300_custom_step0_s_20260521_18,573d6f2630944af6aa63d544e43d4ae2,0.052,,,
3245,2026-05-21,SH600150,-0.001946750522370379,EXP_CatBoostModel_Alpha158_csi300_custom_step0_s_20260521_18,573d6f2630944af6aa63d544e43d4ae2,0.052,,,
3246,2026-05-21,SH600160,-0.0017241104878875592,EXP_CatBoostModel_Alpha158_csi300_custom_step0_s_20260521_18,573d6f2630944af6aa63d544e43d4ae2,0.052,,,
3247,2026-05-21,SH600161,-0.003949897826067798,EXP_CatBoostModel_Alpha158_csi300_custom_step0_s_20260521_18,573d6f2630944af6aa63d544e43d4ae2,0.052,,,
3248,2026-05-21,SH600176,-7.956149454931578e-05,EXP_CatBoostModel_Alpha158_csi300_custom_step0_s_20260521_18,573d6f2630944af6aa63d544e43d4ae2,0.052,,,
3249,2026-05-21,SH600183,0.005832631089036391,EXP_CatBoostModel_Alpha158_csi300_custom_step0_s_20260521_18,573d6f2630944af6aa63d544e43d4ae2,0.052,,,
3250,2026-05-21,SH600188,-0.001946750522370379,EXP_CatBoostModel_Alpha158_csi300_custom_step0_s_20260521_18,573d6f2630944af6aa63d544e43d4ae2,0.052,,,
3251,2026-05-21,SH600196,-0.003949897826067798,EXP_CatBoostModel_Alpha158_csi300_custom_step0_s_20260521_18,573d6f2630944af6aa63d544e43d4ae2,0.052,,,
3252,2026-05-21,SH600460,-0.0010595578108407986,EXP_CatBoostModel_Alpha158_csi300_custom_step0_s_20260521_18,573d6f2630944af6aa63d544e43d4ae2,0.052,,,
3253,2026-05-21,SH600438,-0.001946750522370379,EXP_CatBoostModel_Alpha158_csi300_custom_step0_s_20260521_18,573d6f2630944af6aa63d544e43d4ae2,0.052,,,
3254,2026-05-21,SH600436,-0.003949897826067798,EXP_CatBoostModel_Alpha158_csi300_custom_step0_s_20260521_18,573d6f2630944af6aa63d544e43d4ae2,0.052,,,
3255,2026-05-21,SH600426,-0.010084341278587185,EXP_CatBoostModel_Alpha158_csi300_custom_step0_s_20260521_18,573d6f2630944af6aa63d544e43d4ae2,0.052,,,
3256,2026-05-21,SH600415,-0.003949897826067798,EXP_CatBoostModel_Alpha158_csi300_custom_step0_s_20260521_18,573d6f2630944af6aa63d544e43d4ae2,0.052,,,
3257,2026-05-21,SH600406,-0.003168558163907222,EXP_CatBoostModel_Alpha158_csi300_custom_step0_s_20260521_18,573d6f2630944af6aa63d544e43d4ae2,0.052,,,
3258,2026-05-21,SH600036,0.00018943267678646803,EXP_CatBoostModel_Alpha158_csi300_custom_step0_s_20260521_18,573d6f2630944af6aa63d544e43d4ae2,0.052,,,
3259,2026-05-21,SH600377,0.0038798052763578707,EXP_CatBoostModel_Alpha158_csi300_custom_step0_s_20260521_18,573d6f2630944af6aa63d544e43d4ae2,0.052,,,
3260,2026-05-21,SH600362,-0.004172537860550617,EXP_CatBoostModel_Alpha158_csi300_custom_step0_s_20260521_18,573d6f2630944af6aa63d544e43d4ae2,0.052,,,
3261,2026-05-21,SH600346,-0.010306981313070005,EXP_CatBoostModel_Alpha158_csi300_custom_step0_s_20260521_18,573d6f2630944af6aa63d544e43d4ae2,0.052,,,
3262,2026-05-21,SH600309,0.0019511521162915522,EXP_CatBoostModel_Alpha158_csi300_custom_step0_s_20260521_18,573d6f2630944af6aa63d544e43d4ae2,0.052,,,
3263,2026-05-21,SH600276,-0.003949897826067798,EXP_CatBoostModel_Alpha158_csi300_custom_step0_s_20260521_18,573d6f2630944af6aa63d544e43d4ae2,0.052,,,
3264,2026-05-21,SH600233,-0.0017241104878875592,EXP_CatBoostModel_Alpha158_csi300_custom_step0_s_20260521_18,573d6f2630944af6aa63d544e43d4ae2,0.052,,,
3265,2026-05-21,SH600219,-0.001946750522370379,EXP_CatBoostModel_Alpha158_csi300_custom_step0_s_20260521_18,573d6f2630944af6aa63d544e43d4ae2,0.052,,,
3266,2026-05-21,SH600372,0.0019511521162915522,EXP_CatBoostModel_Alpha158_csi300_custom_step0_s_20260521_18,573d6f2630944af6aa63d544e43d4ae2,0.052,,,
3267,2026-05-21,SH600482,-0.001946750522370379,EXP_CatBoostModel_Alpha158_csi300_custom_step0_s_20260521_18,573d6f2630944af6aa63d544e43d4ae2,0.052,,,
3268,2026-05-21,SH600031,-0.003949897826067798,EXP_CatBoostModel_Alpha158_csi300_custom_step0_s_20260521_18,573d6f2630944af6aa63d544e43d4ae2,0.052,,,
3269,2026-05-21,SH600029,-0.003949897826067798,EXP_CatBoostModel_Alpha158_csi300_custom_step0_s_20260521_18,573d6f2630944af6aa63d544e43d4ae2,0.052,,,
3270,2026-05-21,SZ300476,-0.0001628373495605366,EXP_CatBoostModel_Alpha158_csi300_custom_step0_s_20260521_18,b49c474acfe34c72a08b55458ce04d92,0.049,,,
3271,2026-05-21,SZ300498,-0.0001628373495605366,EXP_CatBoostModel_Alpha158_csi300_custom_step0_s_20260521_18,b49c474acfe34c72a08b55458ce04d92,0.049,,,
3272,2026-05-21,SZ300502,-0.0001628373495605366,EXP_CatBoostModel_Alpha158_csi300_custom_step0_s_20260521_18,b49c474acfe34c72a08b55458ce04d92,0.049,,,
3273,2026-05-21,SZ300628,-0.0001628373495605366,EXP_CatBoostModel_Alpha158_csi300_custom_step0_s_20260521_18,b49c474acfe34c72a08b55458ce04d92,0.049,,,
3274,2026-05-21,SZ300661,-0.0001628373495605366,EXP_CatBoostModel_Alpha158_csi300_custom_step0_s_20260521_18,b49c474acfe34c72a08b55458ce04d92,0.049,,,
3275,2026-05-21,SZ300750,-0.0001628373495605366,EXP_CatBoostModel_Alpha158_csi300_custom_step0_s_20260521_18,b49c474acfe34c72a08b55458ce04d92,0.049,,,
3276,2026-05-21,SZ300759,-0.0001628373495605366,EXP_CatBoostModel_Alpha158_csi300_custom_step0_s_20260521_18,b49c474acfe34c72a08b55458ce04d92,0.049,,,
3277,2026-05-21,SZ300760,-0.0013630009930822868,EXP_CatBoostModel_Alpha158_csi300_custom_step0_s_20260521_18,b49c474acfe34c72a08b55458ce04d92,0.049,,,
3278,2026-05-21,SZ300782,-0.0001628373495605366,EXP_CatBoostModel_Alpha158_csi300_custom_step0_s_20260521_18,b49c474acfe34c72a08b55458ce04d92,0.049,,,
3279,2026-05-21,SZ300803,-0.0013630009930822868,EXP_CatBoostModel_Alpha158_csi300_custom_step0_s_20260521_18,b49c474acfe34c72a08b55458ce04d92,0.049,,,
3280,2026-05-21,SZ300832,-0.0013630009930822868,EXP_CatBoostModel_Alpha158_csi300_custom_step0_s_20260521_18,b49c474acfe34c72a08b55458ce04d92,0.049,,,
3281,2026-05-21,SZ300866,-0.0001628373495605366,EXP_CatBoostModel_Alpha158_csi300_custom_step0_s_20260521_18,b49c474acfe34c72a08b55458ce04d92,0.049,,,
3282,2026-05-21,SZ300896,-0.0001628373495605366,EXP_CatBoostModel_Alpha158_csi300_custom_step0_s_20260521_18,b49c474acfe34c72a08b55458ce04d92,0.049,,,
3283,2026-05-21,SZ300979,-0.0001628373495605366,EXP_CatBoostModel_Alpha158_csi300_custom_step0_s_20260521_18,b49c474acfe34c72a08b55458ce04d92,0.049,,,
3284,2026-05-21,SZ300999,-0.004754587146294094,EXP_CatBoostModel_Alpha158_csi300_custom_step0_s_20260521_18,b49c474acfe34c72a08b55458ce04d92,0.049,,,
3285,2026-05-21,SZ301236,-0.0001628373495605366,EXP_CatBoostModel_Alpha158_csi300_custom_step0_s_20260521_18,b49c474acfe34c72a08b55458ce04d92,0.049,,,
3286,2026-05-21,SZ301269,-0.0001628373495605366,EXP_CatBoostModel_Alpha158_csi300_custom_step0_s_20260521_18,b49c474acfe34c72a08b55458ce04d92,0.049,,,
3287,2026-05-21,SH600028,0.00018943267678646803,EXP_CatBoostModel_Alpha158_csi300_custom_step0_s_20260521_18,573d6f2630944af6aa63d544e43d4ae2,0.052,,,
3288,2026-05-21,SH600027,-0.0017241104878875592,EXP_CatBoostModel_Alpha158_csi300_custom_step0_s_20260521_18,573d6f2630944af6aa63d544e43d4ae2,0.052,,,
3289,2026-05-21,SH600026,-0.001946750522370379,EXP_CatBoostModel_Alpha158_csi300_custom_step0_s_20260521_18,573d6f2630944af6aa63d544e43d4ae2,0.052,,,
3290,2026-05-21,SH600025,-0.0010323749647503753,EXP_CatBoostModel_Alpha158_csi300_custom_step0_s_20260521_18,573d6f2630944af6aa63d544e43d4ae2,0.052,,,
3291,2026-05-21,SH600023,-7.956149454931578e-05,EXP_CatBoostModel_Alpha158_csi300_custom_step0_s_20260521_18,573d6f2630944af6aa63d544e43d4ae2,0.052,,,
3292,2026-05-21,SH600019,-0.003168558163907222,EXP_CatBoostModel_Alpha158_csi300_custom_step0_s_20260521_18,573d6f2630944af6aa63d544e43d4ae2,0.052,,,
3293,2026-05-21,SH600030,0.0038798052763578707,EXP_CatBoostModel_Alpha158_csi300_custom_step0_s_20260521_18,573d6f2630944af6aa63d544e43d4ae2,0.052,,,
3294,2026-05-21,SH600018,0.0037888640800639263,EXP_CatBoostModel_Alpha158_csi300_custom_step0_s_20260521_18,573d6f2630944af6aa63d544e43d4ae2,0.052,,,
3295,2026-05-21,SH600015,0.0004120727112692879,EXP_CatBoostModel_Alpha158_csi300_custom_step0_s_20260521_18,573d6f2630944af6aa63d544e43d4ae2,0.052,,,
3296,2026-05-21,SH600011,-0.0017241104878875592,EXP_CatBoostModel_Alpha158_csi300_custom_step0_s_20260521_18,573d6f2630944af6aa63d544e43d4ae2,0.052,,,
3297,2026-05-21,SH600010,-0.001946750522370379,EXP_CatBoostModel_Alpha158_csi300_custom_step0_s_20260521_18,573d6f2630944af6aa63d544e43d4ae2,0.052,,,
3298,2026-05-21,SH600009,-0.004172537860550617,EXP_CatBoostModel_Alpha158_csi300_custom_step0_s_20260521_18,573d6f2630944af6aa63d544e43d4ae2,0.052,,,
3299,2026-05-21,SH600000,0.00018943267678646803,EXP_CatBoostModel_Alpha158_csi300_custom_step0_s_20260521_18,573d6f2630944af6aa63d544e43d4ae2,0.052,,,
3300,2026-05-21,SZ302132,-0.0001628373495605366,EXP_CatBoostModel_Alpha158_csi300_custom_step0_s_20260521_18,b49c474acfe34c72a08b55458ce04d92,0.049,,,
3301,2026-05-21,SH600016,0.0009181962106391128,EXP_CatBoostModel_Alpha158_csi300_custom_step0_s_20260521_18,573d6f2630944af6aa63d544e43d4ae2,0.052,,,
3302,2026-05-21,SH600489,-0.004172537860550617,EXP_CatBoostModel_Alpha158_csi300_custom_step0_s_20260521_18,573d6f2630944af6aa63d544e43d4ae2,0.052,,,
3303,2026-05-21,SH600515,0.0019511521162915522,EXP_CatBoostModel_Alpha158_csi300_custom_step0_s_20260521_18,573d6f2630944af6aa63d544e43d4ae2,0.052,,,
3304,2026-05-21,SH600519,0.00018943267678646803,EXP_CatBoostModel_Alpha158_csi300_custom_step0_s_20260521_18,573d6f2630944af6aa63d544e43d4ae2,0.052,,,
3305,2026-05-21,SH601058,-0.003949897826067798,EXP_CatBoostModel_Alpha158_csi300_custom_step0_s_20260521_18,573d6f2630944af6aa63d544e43d4ae2,0.052,,,
3306,2026-05-21,SH601059,0.0022940058692058137,EXP_CatBoostModel_Alpha158_csi300_custom_step0_s_20260521_18,573d6f2630944af6aa63d544e43d4ae2,0.052,,,
3307,2026-05-21,SH601066,0.0004120727112692879,EXP_CatBoostModel_Alpha158_csi300_custom_step0_s_20260521_18,573d6f2630944af6aa63d544e43d4ae2,0.052,,,
3308,2026-05-21,SH601077,0.00018943267678646803,EXP_CatBoostModel_Alpha158_csi300_custom_step0_s_20260521_18,573d6f2630944af6aa63d544e43d4ae2,0.052,,,
3309,2026-05-21,SH601088,0.0027677230552585787,EXP_CatBoostModel_Alpha158_csi300_custom_step0_s_20260521_18,573d6f2630944af6aa63d544e43d4ae2,0.052,,,
3310,2026-05-21,SH601100,-0.0015015369224524806,EXP_CatBoostModel_Alpha158_csi300_custom_step0_s_20260521_18,573d6f2630944af6aa63d544e43d4ae2,0.052,,,
3311,2026-05-21,SH601111,-0.003949897826067798,EXP_CatBoostModel_Alpha158_csi300_custom_step0_s_20260521_18,573d6f2630944af6aa63d544e43d4ae2,0.052,,,
3312,2026-05-21,SH601117,-0.004172537860550617,EXP_CatBoostModel_Alpha158_csi300_custom_step0_s_20260521_18,573d6f2630944af6aa63d544e43d4ae2,0.052,,,
3313,2026-05-21,SH601127,-0.003949897826067798,EXP_CatBoostModel_Alpha158_csi300_custom_step0_s_20260521_18,573d6f2630944af6aa63d544e43d4ae2,0.052,,,
3314,2026-05-21,SH601136,-0.002281365452377642,EXP_CatBoostModel_Alpha158_csi300_custom_step0_s_20260521_18,573d6f2630944af6aa63d544e43d4ae2,0.052,,,
3315,2026-05-21,SH601138,-0.0017241104878875592,EXP_CatBoostModel_Alpha158_csi300_custom_step0_s_20260521_18,573d6f2630944af6aa63d544e43d4ae2,0.052,,,
3316,2026-05-21,SH601166,0.0027677230552585787,EXP_CatBoostModel_Alpha158_csi300_custom_step0_s_20260521_18,573d6f2630944af6aa63d544e43d4ae2,0.052,,,
3317,2026-05-21,SH601169,0.0027677230552585787,EXP_CatBoostModel_Alpha158_csi300_custom_step0_s_20260521_18,573d6f2630944af6aa63d544e43d4ae2,0.052,,,
3318,2026-05-21,SH601186,-0.00957821777921736,EXP_CatBoostModel_Alpha158_csi300_custom_step0_s_20260521_18,573d6f2630944af6aa63d544e43d4ae2,0.052,,,
3319,2026-05-21,SH601211,-0.003949897826067798,EXP_CatBoostModel_Alpha158_csi300_custom_step0_s_20260521_18,573d6f2630944af6aa63d544e43d4ae2,0.052,,,
3320,2026-05-21,SH601225,0.00018943267678646803,EXP_CatBoostModel_Alpha158_csi300_custom_step0_s_20260521_18,573d6f2630944af6aa63d544e43d4ae2,0.052,,,
3321,2026-05-21,SH601229,-0.0024079099118944616,EXP_CatBoostModel_Alpha158_csi300_custom_step0_s_20260521_18,573d6f2630944af6aa63d544e43d4ae2,0.052,,,
3322,2026-05-21,SH601600,-0.0017241104878875592,EXP_CatBoostModel_Alpha158_csi300_custom_step0_s_20260521_18,573d6f2630944af6aa63d544e43d4ae2,0.052,,,
3323,2026-05-21,SH601456,-0.002281365452377642,EXP_CatBoostModel_Alpha158_csi300_custom_step0_s_20260521_18,573d6f2630944af6aa63d544e43d4ae2,0.052,,,
3324,2026-05-21,SH601398,0.0037888640800639263,EXP_CatBoostModel_Alpha158_csi300_custom_step0_s_20260521_18,573d6f2630944af6aa63d544e43d4ae2,0.052,,,
3325,2026-05-21,SH601390,-0.001946750522370379,EXP_CatBoostModel_Alpha158_csi300_custom_step0_s_20260521_18,573d6f2630944af6aa63d544e43d4ae2,0.052,,,
3326,2026-05-21,SH601377,-0.011528788954606848,EXP_CatBoostModel_Alpha158_csi300_custom_step0_s_20260521_18,573d6f2630944af6aa63d544e43d4ae2,0.052,,,
3327,2026-05-21,SH601360,-0.001946750522370379,EXP_CatBoostModel_Alpha158_csi300_custom_step0_s_20260521_18,573d6f2630944af6aa63d544e43d4ae2,0.052,,,
3328,2026-05-21,SH601021,-0.002128856198351398,EXP_CatBoostModel_Alpha158_csi300_custom_step0_s_20260521_18,573d6f2630944af6aa63d544e43d4ae2,0.052,,,
3329,2026-05-21,SH601336,-0.003949897826067798,EXP_CatBoostModel_Alpha158_csi300_custom_step0_s_20260521_18,573d6f2630944af6aa63d544e43d4ae2,0.052,,,
3330,2026-05-21,SH601319,-0.004172537860550617,EXP_CatBoostModel_Alpha158_csi300_custom_step0_s_20260521_18,573d6f2630944af6aa63d544e43d4ae2,0.052,,,
3331,2026-05-21,SH601318,-0.003949897826067798,EXP_CatBoostModel_Alpha158_csi300_custom_step0_s_20260521_18,573d6f2630944af6aa63d544e43d4ae2,0.052,,,
3332,2026-05-21,SH601298,0.0037888640800639263,EXP_CatBoostModel_Alpha158_csi300_custom_step0_s_20260521_18,573d6f2630944af6aa63d544e43d4ae2,0.052,,,
3333,2026-05-21,SH601288,0.00018943267678646803,EXP_CatBoostModel_Alpha158_csi300_custom_step0_s_20260521_18,573d6f2630944af6aa63d544e43d4ae2,0.052,,,
3334,2026-05-21,SH601238,-0.0008369177763579787,EXP_CatBoostModel_Alpha158_csi300_custom_step0_s_20260521_18,573d6f2630944af6aa63d544e43d4ae2,0.052,,,
3335,2026-05-21,SH601236,-0.0008369177763579787,EXP_CatBoostModel_Alpha158_csi300_custom_step0_s_20260521_18,573d6f2630944af6aa63d544e43d4ae2,0.052,,,
3336,2026-05-21,SH601328,0.0027677230552585787,EXP_CatBoostModel_Alpha158_csi300_custom_step0_s_20260521_18,573d6f2630944af6aa63d544e43d4ae2,0.052,,,
3337,2026-05-21,SH601018,0.00018943267678646803,EXP_CatBoostModel_Alpha158_csi300_custom_step0_s_20260521_18,573d6f2630944af6aa63d544e43d4ae2,0.052,,,
3338,2026-05-21,SH601012,-0.001946750522370379,EXP_CatBoostModel_Alpha158_csi300_custom_step0_s_20260521_18,573d6f2630944af6aa63d544e43d4ae2,0.052,,,
3339,2026-05-21,SH601009,0.00018943267678646803,EXP_CatBoostModel_Alpha158_csi300_custom_step0_s_20260521_18,573d6f2630944af6aa63d544e43d4ae2,0.052,,,
3340,2026-05-21,SH600803,0.0027677230552585787,EXP_CatBoostModel_Alpha158_csi300_custom_step0_s_20260521_18,573d6f2630944af6aa63d544e43d4ae2,0.052,,,
3341,2026-05-21,SH600795,0.0022331143389856876,EXP_CatBoostModel_Alpha158_csi300_custom_step0_s_20260521_18,573d6f2630944af6aa63d544e43d4ae2,0.052,,,
3342,2026-05-21,SH600760,-0.004172537860550617,EXP_CatBoostModel_Alpha158_csi300_custom_step0_s_20260521_18,573d6f2630944af6aa63d544e43d4ae2,0.052,,,
3343,2026-05-21,SH600741,-0.010084341278587185,EXP_CatBoostModel_Alpha158_csi300_custom_step0_s_20260521_18,573d6f2630944af6aa63d544e43d4ae2,0.052,,,
3344,2026-05-21,SH600690,0.0027677230552585787,EXP_CatBoostModel_Alpha158_csi300_custom_step0_s_20260521_18,573d6f2630944af6aa63d544e43d4ae2,0.052,,,
3345,2026-05-21,SH600674,-0.0010323749647503753,EXP_CatBoostModel_Alpha158_csi300_custom_step0_s_20260521_18,573d6f2630944af6aa63d544e43d4ae2,0.052,,,
3346,2026-05-21,SH600809,-0.003949897826067798,EXP_CatBoostModel_Alpha158_csi300_custom_step0_s_20260521_18,573d6f2630944af6aa63d544e43d4ae2,0.052,,,
3347,2026-05-21,SH600660,-0.003168558163907222,EXP_CatBoostModel_Alpha158_csi300_custom_step0_s_20260521_18,573d6f2630944af6aa63d544e43d4ae2,0.052,,,
3348,2026-05-21,SH600588,-0.001946750522370379,EXP_CatBoostModel_Alpha158_csi300_custom_step0_s_20260521_18,573d6f2630944af6aa63d544e43d4ae2,0.052,,,
3349,2026-05-21,SH600585,-0.004172537860550617,EXP_CatBoostModel_Alpha158_csi300_custom_step0_s_20260521_18,573d6f2630944af6aa63d544e43d4ae2,0.052,,,
3350,2026-05-21,SH600584,-0.036078126259030646,EXP_CatBoostModel_Alpha158_csi300_custom_step0_s_20260521_18,573d6f2630944af6aa63d544e43d4ae2,0.052,,,
3351,2026-05-21,SH600570,-0.002281365452377642,EXP_CatBoostModel_Alpha158_csi300_custom_step0_s_20260521_18,573d6f2630944af6aa63d544e43d4ae2,0.052,,,
3352,2026-05-21,SH600547,0.0061625538146023355,EXP_CatBoostModel_Alpha158_csi300_custom_step0_s_20260521_18,573d6f2630944af6aa63d544e43d4ae2,0.052,,,
3353,2026-05-21,SH600522,0.005832631089036391,EXP_CatBoostModel_Alpha158_csi300_custom_step0_s_20260521_18,573d6f2630944af6aa63d544e43d4ae2,0.052,,,
3354,2026-05-21,SH600600,0.0027677230552585787,EXP_CatBoostModel_Alpha158_csi300_custom_step0_s_20260521_18,573d6f2630944af6aa63d544e43d4ae2,0.052,,,
3355,2026-05-21,SH601607,0.0009181962106391128,EXP_CatBoostModel_Alpha158_csi300_custom_step0_s_20260521_18,573d6f2630944af6aa63d544e43d4ae2,0.052,,,
3356,2026-05-21,SH600845,-0.0010595578108407986,EXP_CatBoostModel_Alpha158_csi300_custom_step0_s_20260521_18,573d6f2630944af6aa63d544e43d4ae2,0.052,,,
3357,2026-05-21,SH600886,0.0027677230552585787,EXP_CatBoostModel_Alpha158_csi300_custom_step0_s_20260521_18,573d6f2630944af6aa63d544e43d4ae2,0.052,,,
3358,2026-05-21,SH601006,0.003679434161091205,EXP_CatBoostModel_Alpha158_csi300_custom_step0_s_20260521_18,573d6f2630944af6aa63d544e43d4ae2,0.052,,,
3359,2026-05-21,SH600999,-0.0008369177763579787,EXP_CatBoostModel_Alpha158_csi300_custom_step0_s_20260521_18,573d6f2630944af6aa63d544e43d4ae2,0.052,,,
3360,2026-05-21,SH600989,-0.001946750522370379,EXP_CatBoostModel_Alpha158_csi300_custom_step0_s_20260521_18,573d6f2630944af6aa63d544e43d4ae2,0.052,,,
3361,2026-05-21,SH600958,-0.001946750522370379,EXP_CatBoostModel_Alpha158_csi300_custom_step0_s_20260521_18,573d6f2630944af6aa63d544e43d4ae2,0.052,,,
3362,2026-05-21,SH600941,0.002184575950233092,EXP_CatBoostModel_Alpha158_csi300_custom_step0_s_20260521_18,573d6f2630944af6aa63d544e43d4ae2,0.052,,,
3363,2026-05-21,SH600938,0.00018943267678646803,EXP_CatBoostModel_Alpha158_csi300_custom_step0_s_20260521_18,573d6f2630944af6aa63d544e43d4ae2,0.052,,,
3364,2026-05-21,SH600875,-0.001946750522370379,EXP_CatBoostModel_Alpha158_csi300_custom_step0_s_20260521_18,573d6f2630944af6aa63d544e43d4ae2,0.052,,,
3365,2026-05-21,SH600930,-0.001946750522370379,EXP_CatBoostModel_Alpha158_csi300_custom_step0_s_20260521_18,573d6f2630944af6aa63d544e43d4ae2,0.052,,,
3366,2026-05-21,SH600919,0.003679434161091205,EXP_CatBoostModel_Alpha158_csi300_custom_step0_s_20260521_18,573d6f2630944af6aa63d544e43d4ae2,0.052,,,
3367,2026-05-21,SH600918,-0.002281365452377642,EXP_CatBoostModel_Alpha158_csi300_custom_step0_s_20260521_18,573d6f2630944af6aa63d544e43d4ae2,0.052,,,
3368,2026-05-21,SH600905,0.0027677230552585787,EXP_CatBoostModel_Alpha158_csi300_custom_step0_s_20260521_18,573d6f2630944af6aa63d544e43d4ae2,0.052,,,
3369,2026-05-21,SH600900,0.0027677230552585787,EXP_CatBoostModel_Alpha158_csi300_custom_step0_s_20260521_18,573d6f2630944af6aa63d544e43d4ae2,0.052,,,
3370,2026-05-21,SH600893,-0.001946750522370379,EXP_CatBoostModel_Alpha158_csi300_custom_step0_s_20260521_18,573d6f2630944af6aa63d544e43d4ae2,0.052,,,
3371,2026-05-21,SH600887,0.0004120727112692879,EXP_CatBoostModel_Alpha158_csi300_custom_step0_s_20260521_18,573d6f2630944af6aa63d544e43d4ae2,0.052,,,
3372,2026-05-21,SH600926,-0.0010323749647503753,EXP_CatBoostModel_Alpha158_csi300_custom_step0_s_20260521_18,573d6f2630944af6aa63d544e43d4ae2,0.052,,,
3373,2026-05-21,SZ000983,-0.002540953157316907,EXP_LGBModel_Alpha158_csi300_custom_step0_s_20260521_18,80479c8829134680955f691ff1dd7002,0.057,,,
3374,2026-05-21,SZ000999,-3.0446986463688705e-10,EXP_LGBModel_Alpha158_csi300_custom_step0_s_20260521_18,80479c8829134680955f691ff1dd7002,0.057,,,
3375,2026-05-21,SZ001391,-3.0446986463688705e-10,EXP_LGBModel_Alpha158_csi300_custom_step0_s_20260521_18,80479c8829134680955f691ff1dd7002,0.057,,,
3376,2026-05-21,SH600803,0.04833198928278198,EXP_DEnsembleModel_Alpha158_csi300_custom_step0_s_20260521_16,cfbe3c5d0b8a4b80ba7d0b30d9763eeb,0.073,,,
3377,2026-05-21,SH600809,-0.12473670698980589,EXP_DEnsembleModel_Alpha158_csi300_custom_step0_s_20260521_16,cfbe3c5d0b8a4b80ba7d0b30d9763eeb,0.073,,,
3378,2026-05-21,SH600845,-0.06222436751051116,EXP_DEnsembleModel_Alpha158_csi300_custom_step0_s_20260521_16,cfbe3c5d0b8a4b80ba7d0b30d9763eeb,0.073,,,
3379,2026-05-21,SH600875,-0.0890603807156275,EXP_DEnsembleModel_Alpha158_csi300_custom_step0_s_20260521_16,cfbe3c5d0b8a4b80ba7d0b30d9763eeb,0.073,,,
3380,2026-05-21,SH600886,0.08759955368787778,EXP_DEnsembleModel_Alpha158_csi300_custom_step0_s_20260521_16,cfbe3c5d0b8a4b80ba7d0b30d9763eeb,0.073,,,
3381,2026-05-21,SH600887,0.04679504339604848,EXP_DEnsembleModel_Alpha158_csi300_custom_step0_s_20260521_16,cfbe3c5d0b8a4b80ba7d0b30d9763eeb,0.073,,,
3382,2026-05-21,SH600893,-0.04890219054143546,EXP_DEnsembleModel_Alpha158_csi300_custom_step0_s_20260521_16,cfbe3c5d0b8a4b80ba7d0b30d9763eeb,0.073,,,
3383,2026-05-21,SH600900,0.1098564708695531,EXP_DEnsembleModel_Alpha158_csi300_custom_step0_s_20260521_16,cfbe3c5d0b8a4b80ba7d0b30d9763eeb,0.073,,,
3384,2026-05-21,SH600905,0.02139416522546514,EXP_DEnsembleModel_Alpha158_csi300_custom_step0_s_20260521_16,cfbe3c5d0b8a4b80ba7d0b30d9763eeb,0.073,,,
3385,2026-05-21,SH600918,-0.0504798534211112,EXP_DEnsembleModel_Alpha158_csi300_custom_step0_s_20260521_16,cfbe3c5d0b8a4b80ba7d0b30d9763eeb,0.073,,,
3386,2026-05-21,SH600919,0.08798118048674064,EXP_DEnsembleModel_Alpha158_csi300_custom_step0_s_20260521_16,cfbe3c5d0b8a4b80ba7d0b30d9763eeb,0.073,,,
3387,2026-05-21,SH600926,-0.03204016279859855,EXP_DEnsembleModel_Alpha158_csi300_custom_step0_s_20260521_16,cfbe3c5d0b8a4b80ba7d0b30d9763eeb,0.073,,,
3388,2026-05-21,SH600930,-0.08296357096205993,EXP_DEnsembleModel_Alpha158_csi300_custom_step0_s_20260521_16,cfbe3c5d0b8a4b80ba7d0b30d9763eeb,0.073,,,
3389,2026-05-21,SH600938,0.046587039867027405,EXP_DEnsembleModel_Alpha158_csi300_custom_step0_s_20260521_16,cfbe3c5d0b8a4b80ba7d0b30d9763eeb,0.073,,,
3390,2026-05-21,SH600941,0.04471943087394511,EXP_DEnsembleModel_Alpha158_csi300_custom_step0_s_20260521_16,cfbe3c5d0b8a4b80ba7d0b30d9763eeb,0.073,,,
3391,2026-05-21,SH600958,-0.036917189918974906,EXP_DEnsembleModel_Alpha158_csi300_custom_step0_s_20260521_16,cfbe3c5d0b8a4b80ba7d0b30d9763eeb,0.073,,,
3392,2026-05-21,SH600989,-0.04639663813307486,EXP_DEnsembleModel_Alpha158_csi300_custom_step0_s_20260521_16,cfbe3c5d0b8a4b80ba7d0b30d9763eeb,0.073,,,
3393,2026-05-21,SH601117,-0.029837171145578482,EXP_DEnsembleModel_Alpha158_csi300_custom_step0_s_20260521_16,cfbe3c5d0b8a4b80ba7d0b30d9763eeb,0.073,,,
3394,2026-05-21,SH601111,-0.12701189816070768,EXP_DEnsembleModel_Alpha158_csi300_custom_step0_s_20260521_16,cfbe3c5d0b8a4b80ba7d0b30d9763eeb,0.073,,,
3395,2026-05-21,SH601100,-0.057478601828038246,EXP_DEnsembleModel_Alpha158_csi300_custom_step0_s_20260521_16,cfbe3c5d0b8a4b80ba7d0b30d9763eeb,0.073,,,
3396,2026-05-21,SH601088,0.0756967463140553,EXP_DEnsembleModel_Alpha158_csi300_custom_step0_s_20260521_16,cfbe3c5d0b8a4b80ba7d0b30d9763eeb,0.073,,,
3397,2026-05-21,SH601077,0.04169443506889348,EXP_DEnsembleModel_Alpha158_csi300_custom_step0_s_20260521_16,cfbe3c5d0b8a4b80ba7d0b30d9763eeb,0.073,,,
3398,2026-05-21,SH601066,0.016565590557122523,EXP_DEnsembleModel_Alpha158_csi300_custom_step0_s_20260521_16,cfbe3c5d0b8a4b80ba7d0b30d9763eeb,0.073,,,
3399,2026-05-21,SH600795,0.019053388763343226,EXP_DEnsembleModel_Alpha158_csi300_custom_step0_s_20260521_16,cfbe3c5d0b8a4b80ba7d0b30d9763eeb,0.073,,,
3400,2026-05-21,SH601059,0.10854586563626012,EXP_DEnsembleModel_Alpha158_csi300_custom_step0_s_20260521_16,cfbe3c5d0b8a4b80ba7d0b30d9763eeb,0.073,,,
3401,2026-05-21,SH601021,-0.038650408984072224,EXP_DEnsembleModel_Alpha158_csi300_custom_step0_s_20260521_16,cfbe3c5d0b8a4b80ba7d0b30d9763eeb,0.073,,,
3402,2026-05-21,SH601018,0.006308925918895428,EXP_DEnsembleModel_Alpha158_csi300_custom_step0_s_20260521_16,cfbe3c5d0b8a4b80ba7d0b30d9763eeb,0.073,,,
3403,2026-05-21,SH601012,-0.07932928747906345,EXP_DEnsembleModel_Alpha158_csi300_custom_step0_s_20260521_16,cfbe3c5d0b8a4b80ba7d0b30d9763eeb,0.073,,,
3404,2026-05-21,SH601009,-0.062253515018560905,EXP_DEnsembleModel_Alpha158_csi300_custom_step0_s_20260521_16,cfbe3c5d0b8a4b80ba7d0b30d9763eeb,0.073,,,
3405,2026-05-21,SH601006,0.13486209408579838,EXP_DEnsembleModel_Alpha158_csi300_custom_step0_s_20260521_16,cfbe3c5d0b8a4b80ba7d0b30d9763eeb,0.073,,,
3406,2026-05-21,SH600999,0.17736107145265304,EXP_DEnsembleModel_Alpha158_csi300_custom_step0_s_20260521_16,cfbe3c5d0b8a4b80ba7d0b30d9763eeb,0.073,,,
3407,2026-05-21,SH601058,-0.1749335053342795,EXP_DEnsembleModel_Alpha158_csi300_custom_step0_s_20260521_16,cfbe3c5d0b8a4b80ba7d0b30d9763eeb,0.073,,,
3408,2026-05-21,SH601127,-0.03689529053951572,EXP_DEnsembleModel_Alpha158_csi300_custom_step0_s_20260521_16,cfbe3c5d0b8a4b80ba7d0b30d9763eeb,0.073,,,
3409,2026-05-21,SH600760,-0.07190667555888416,EXP_DEnsembleModel_Alpha158_csi300_custom_step0_s_20260521_16,cfbe3c5d0b8a4b80ba7d0b30d9763eeb,0.073,,,
3410,2026-05-21,SH600690,-0.05440883350103853,EXP_DEnsembleModel_Alpha158_csi300_custom_step0_s_20260521_16,cfbe3c5d0b8a4b80ba7d0b30d9763eeb,0.073,,,
3411,2026-05-21,SH600176,-0.05163661486698669,EXP_DEnsembleModel_Alpha158_csi300_custom_step0_s_20260521_16,cfbe3c5d0b8a4b80ba7d0b30d9763eeb,0.073,,,
3412,2026-05-21,SH600183,0.04009512671106072,EXP_DEnsembleModel_Alpha158_csi300_custom_step0_s_20260521_16,cfbe3c5d0b8a4b80ba7d0b30d9763eeb,0.073,,,
3413,2026-05-21,SH600188,-0.04606786903770717,EXP_DEnsembleModel_Alpha158_csi300_custom_step0_s_20260521_16,cfbe3c5d0b8a4b80ba7d0b30d9763eeb,0.073,,,
3414,2026-05-21,SH600196,-0.05057391180639288,EXP_DEnsembleModel_Alpha158_csi300_custom_step0_s_20260521_16,cfbe3c5d0b8a4b80ba7d0b30d9763eeb,0.073,,,
3415,2026-05-21,SH600219,0.10333074413892805,EXP_DEnsembleModel_Alpha158_csi300_custom_step0_s_20260521_16,cfbe3c5d0b8a4b80ba7d0b30d9763eeb,0.073,,,
3416,2026-05-21,SH600233,-0.10777513321511924,EXP_DEnsembleModel_Alpha158_csi300_custom_step0_s_20260521_16,cfbe3c5d0b8a4b80ba7d0b30d9763eeb,0.073,,,
3417,2026-05-21,SH600276,-0.14168261016383163,EXP_DEnsembleModel_Alpha158_csi300_custom_step0_s_20260521_16,cfbe3c5d0b8a4b80ba7d0b30d9763eeb,0.073,,,
3418,2026-05-21,SH600309,-0.03190331687300623,EXP_DEnsembleModel_Alpha158_csi300_custom_step0_s_20260521_16,cfbe3c5d0b8a4b80ba7d0b30d9763eeb,0.073,,,
3419,2026-05-21,SH600346,-0.1508437949530706,EXP_DEnsembleModel_Alpha158_csi300_custom_step0_s_20260521_16,cfbe3c5d0b8a4b80ba7d0b30d9763eeb,0.073,,,
3420,2026-05-21,SH600362,-0.15406531783062477,EXP_DEnsembleModel_Alpha158_csi300_custom_step0_s_20260521_16,cfbe3c5d0b8a4b80ba7d0b30d9763eeb,0.073,,,
3421,2026-05-21,SH600372,-0.10958736364315748,EXP_DEnsembleModel_Alpha158_csi300_custom_step0_s_20260521_16,cfbe3c5d0b8a4b80ba7d0b30d9763eeb,0.073,,,
3422,2026-05-21,SH600377,0.12150144948602604,EXP_DEnsembleModel_Alpha158_csi300_custom_step0_s_20260521_16,cfbe3c5d0b8a4b80ba7d0b30d9763eeb,0.073,,,
3423,2026-05-21,SH600406,-0.0966104746052827,EXP_DEnsembleModel_Alpha158_csi300_custom_step0_s_20260521_16,cfbe3c5d0b8a4b80ba7d0b30d9763eeb,0.073,,,
3424,2026-05-21,SH600415,-0.15691005706707237,EXP_DEnsembleModel_Alpha158_csi300_custom_step0_s_20260521_16,cfbe3c5d0b8a4b80ba7d0b30d9763eeb,0.073,,,
3425,2026-05-21,SH600426,-0.05573668361289805,EXP_DEnsembleModel_Alpha158_csi300_custom_step0_s_20260521_16,cfbe3c5d0b8a4b80ba7d0b30d9763eeb,0.073,,,
3426,2026-05-21,SH600436,-0.09995373910206343,EXP_DEnsembleModel_Alpha158_csi300_custom_step0_s_20260521_16,cfbe3c5d0b8a4b80ba7d0b30d9763eeb,0.073,,,
3427,2026-05-21,SH600438,-0.13753781804086013,EXP_DEnsembleModel_Alpha158_csi300_custom_step0_s_20260521_16,cfbe3c5d0b8a4b80ba7d0b30d9763eeb,0.073,,,
3428,2026-05-21,SH600674,-0.008987666569012032,EXP_DEnsembleModel_Alpha158_csi300_custom_step0_s_20260521_16,cfbe3c5d0b8a4b80ba7d0b30d9763eeb,0.073,,,
3429,2026-05-21,SH600660,-0.09660071859544947,EXP_DEnsembleModel_Alpha158_csi300_custom_step0_s_20260521_16,cfbe3c5d0b8a4b80ba7d0b30d9763eeb,0.073,,,
3430,2026-05-21,SH600600,0.03946494424960718,EXP_DEnsembleModel_Alpha158_csi300_custom_step0_s_20260521_16,cfbe3c5d0b8a4b80ba7d0b30d9763eeb,0.073,,,
3431,2026-05-21,SH600588,-0.13883142265755208,EXP_DEnsembleModel_Alpha158_csi300_custom_step0_s_20260521_16,cfbe3c5d0b8a4b80ba7d0b30d9763eeb,0.073,,,
3432,2026-05-21,SH600585,-0.027029448540831787,EXP_DEnsembleModel_Alpha158_csi300_custom_step0_s_20260521_16,cfbe3c5d0b8a4b80ba7d0b30d9763eeb,0.073,,,
3433,2026-05-21,SH600584,0.01392198049889621,EXP_DEnsembleModel_Alpha158_csi300_custom_step0_s_20260521_16,cfbe3c5d0b8a4b80ba7d0b30d9763eeb,0.073,,,
3434,2026-05-21,SH600741,-0.05319063886915799,EXP_DEnsembleModel_Alpha158_csi300_custom_step0_s_20260521_16,cfbe3c5d0b8a4b80ba7d0b30d9763eeb,0.073,,,
3435,2026-05-21,SH600570,-0.081856123175753,EXP_DEnsembleModel_Alpha158_csi300_custom_step0_s_20260521_16,cfbe3c5d0b8a4b80ba7d0b30d9763eeb,0.073,,,
3436,2026-05-21,SH600522,0.030721283291825767,EXP_DEnsembleModel_Alpha158_csi300_custom_step0_s_20260521_16,cfbe3c5d0b8a4b80ba7d0b30d9763eeb,0.073,,,
3437,2026-05-21,SH600519,0.007733610296429852,EXP_DEnsembleModel_Alpha158_csi300_custom_step0_s_20260521_16,cfbe3c5d0b8a4b80ba7d0b30d9763eeb,0.073,,,
3438,2026-05-21,SH600515,-0.09737395141938411,EXP_DEnsembleModel_Alpha158_csi300_custom_step0_s_20260521_16,cfbe3c5d0b8a4b80ba7d0b30d9763eeb,0.073,,,
3439,2026-05-21,SH600489,-0.0324127723401962,EXP_DEnsembleModel_Alpha158_csi300_custom_step0_s_20260521_16,cfbe3c5d0b8a4b80ba7d0b30d9763eeb,0.073,,,
3440,2026-05-21,SH600482,-0.0530851338662577,EXP_DEnsembleModel_Alpha158_csi300_custom_step0_s_20260521_16,cfbe3c5d0b8a4b80ba7d0b30d9763eeb,0.073,,,
3441,2026-05-21,SH600460,0.09096964714661254,EXP_DEnsembleModel_Alpha158_csi300_custom_step0_s_20260521_16,cfbe3c5d0b8a4b80ba7d0b30d9763eeb,0.073,,,
3442,2026-05-21,SH600547,-0.006756320503379325,EXP_DEnsembleModel_Alpha158_csi300_custom_step0_s_20260521_16,cfbe3c5d0b8a4b80ba7d0b30d9763eeb,0.073,,,
3443,2026-05-21,SH600161,-0.04018422974861776,EXP_DEnsembleModel_Alpha158_csi300_custom_step0_s_20260521_16,cfbe3c5d0b8a4b80ba7d0b30d9763eeb,0.073,,,
3444,2026-05-21,SH601136,-0.17182417096652355,EXP_DEnsembleModel_Alpha158_csi300_custom_step0_s_20260521_16,cfbe3c5d0b8a4b80ba7d0b30d9763eeb,0.073,,,
3445,2026-05-21,SH601166,-0.022322306978355373,EXP_DEnsembleModel_Alpha158_csi300_custom_step0_s_20260521_16,cfbe3c5d0b8a4b80ba7d0b30d9763eeb,0.073,,,
3446,2026-05-21,SH601816,-0.0031517217625039763,EXP_DEnsembleModel_Alpha158_csi300_custom_step0_s_20260521_16,cfbe3c5d0b8a4b80ba7d0b30d9763eeb,0.073,,,
3447,2026-05-21,SH601818,0.06914224849684339,EXP_DEnsembleModel_Alpha158_csi300_custom_step0_s_20260521_16,cfbe3c5d0b8a4b80ba7d0b30d9763eeb,0.073,,,
3448,2026-05-21,SH601825,0.11561823754788385,EXP_DEnsembleModel_Alpha158_csi300_custom_step0_s_20260521_16,cfbe3c5d0b8a4b80ba7d0b30d9763eeb,0.073,,,
3449,2026-05-21,SH601838,0.0075847786369960864,EXP_DEnsembleModel_Alpha158_csi300_custom_step0_s_20260521_16,cfbe3c5d0b8a4b80ba7d0b30d9763eeb,0.073,,,
3450,2026-05-21,SH601857,-0.008306607935875449,EXP_DEnsembleModel_Alpha158_csi300_custom_step0_s_20260521_16,cfbe3c5d0b8a4b80ba7d0b30d9763eeb,0.073,,,
3451,2026-05-21,SH601868,-0.005535918038431,EXP_DEnsembleModel_Alpha158_csi300_custom_step0_s_20260521_16,cfbe3c5d0b8a4b80ba7d0b30d9763eeb,0.073,,,
3452,2026-05-21,SH601872,-0.1303814060696009,EXP_DEnsembleModel_Alpha158_csi300_custom_step0_s_20260521_16,cfbe3c5d0b8a4b80ba7d0b30d9763eeb,0.073,,,
3453,2026-05-21,SH601877,-0.08921077422173201,EXP_DEnsembleModel_Alpha158_csi300_custom_step0_s_20260521_16,cfbe3c5d0b8a4b80ba7d0b30d9763eeb,0.073,,,
3454,2026-05-21,SH601878,-0.04950154849360649,EXP_DEnsembleModel_Alpha158_csi300_custom_step0_s_20260521_16,cfbe3c5d0b8a4b80ba7d0b30d9763eeb,0.073,,,
3455,2026-05-21,SH601881,-0.08631380548320956,EXP_DEnsembleModel_Alpha158_csi300_custom_step0_s_20260521_16,cfbe3c5d0b8a4b80ba7d0b30d9763eeb,0.073,,,
3456,2026-05-21,SH601888,-0.05971673288998918,EXP_DEnsembleModel_Alpha158_csi300_custom_step0_s_20260521_16,cfbe3c5d0b8a4b80ba7d0b30d9763eeb,0.073,,,
3457,2026-05-21,SH601898,-0.06548252545342559,EXP_DEnsembleModel_Alpha158_csi300_custom_step0_s_20260521_16,cfbe3c5d0b8a4b80ba7d0b30d9763eeb,0.073,,,
3458,2026-05-21,SH601899,-0.23361146030559896,EXP_DEnsembleModel_Alpha158_csi300_custom_step0_s_20260521_16,cfbe3c5d0b8a4b80ba7d0b30d9763eeb,0.073,,,
3459,2026-05-21,SH601901,0.0024004079745590244,EXP_DEnsembleModel_Alpha158_csi300_custom_step0_s_20260521_16,cfbe3c5d0b8a4b80ba7d0b30d9763eeb,0.073,,,
3460,2026-05-21,SH601916,0.1262990836660961,EXP_DEnsembleModel_Alpha158_csi300_custom_step0_s_20260521_16,cfbe3c5d0b8a4b80ba7d0b30d9763eeb,0.073,,,
3461,2026-05-21,SH601919,0.05862840121993209,EXP_DEnsembleModel_Alpha158_csi300_custom_step0_s_20260521_16,cfbe3c5d0b8a4b80ba7d0b30d9763eeb,0.073,,,
3462,2026-05-21,SH601939,0.0825517042656525,EXP_DEnsembleModel_Alpha158_csi300_custom_step0_s_20260521_16,cfbe3c5d0b8a4b80ba7d0b30d9763eeb,0.073,,,
3463,2026-05-21,SH603799,-0.09012954864589588,EXP_DEnsembleModel_Alpha158_csi300_custom_step0_s_20260521_16,cfbe3c5d0b8a4b80ba7d0b30d9763eeb,0.073,,,
3464,2026-05-21,SH603501,-0.04455465343586143,EXP_DEnsembleModel_Alpha158_csi300_custom_step0_s_20260521_16,cfbe3c5d0b8a4b80ba7d0b30d9763eeb,0.073,,,
3465,2026-05-21,SH603392,-0.0737409344676466,EXP_DEnsembleModel_Alpha158_csi300_custom_step0_s_20260521_16,cfbe3c5d0b8a4b80ba7d0b30d9763eeb,0.073,,,
3466,2026-05-21,SH603369,-0.07694674782279197,EXP_DEnsembleModel_Alpha158_csi300_custom_step0_s_20260521_16,cfbe3c5d0b8a4b80ba7d0b30d9763eeb,0.073,,,
3467,2026-05-21,SH603296,0.0675059182643124,EXP_DEnsembleModel_Alpha158_csi300_custom_step0_s_20260521_16,cfbe3c5d0b8a4b80ba7d0b30d9763eeb,0.073,,,
3468,2026-05-21,SH603288,-0.07081957579490372,EXP_DEnsembleModel_Alpha158_csi300_custom_step0_s_20260521_16,cfbe3c5d0b8a4b80ba7d0b30d9763eeb,0.073,,,
3469,2026-05-21,SH601808,0.03696320896221497,EXP_DEnsembleModel_Alpha158_csi300_custom_step0_s_20260521_16,cfbe3c5d0b8a4b80ba7d0b30d9763eeb,0.073,,,
3470,2026-05-21,SH603260,-0.130353191003426,EXP_DEnsembleModel_Alpha158_csi300_custom_step0_s_20260521_16,cfbe3c5d0b8a4b80ba7d0b30d9763eeb,0.073,,,
3471,2026-05-21,SH603195,0.03617550747689879,EXP_DEnsembleModel_Alpha158_csi300_custom_step0_s_20260521_16,cfbe3c5d0b8a4b80ba7d0b30d9763eeb,0.073,,,
3472,2026-05-21,SH603019,0.03470573878120068,EXP_DEnsembleModel_Alpha158_csi300_custom_step0_s_20260521_16,cfbe3c5d0b8a4b80ba7d0b30d9763eeb,0.073,,,
3473,2026-05-21,SH601998,0.059864267046190876,EXP_DEnsembleModel_Alpha158_csi300_custom_step0_s_20260521_16,cfbe3c5d0b8a4b80ba7d0b30d9763eeb,0.073,,,
3474,2026-05-21,SH601995,0.10567694552420753,EXP_DEnsembleModel_Alpha158_csi300_custom_step0_s_20260521_16,cfbe3c5d0b8a4b80ba7d0b30d9763eeb,0.073,,,
3475,2026-05-21,SH601988,0.11497349338096995,EXP_DEnsembleModel_Alpha158_csi300_custom_step0_s_20260521_16,cfbe3c5d0b8a4b80ba7d0b30d9763eeb,0.073,,,
3476,2026-05-21,SH601985,0.04481461716030693,EXP_DEnsembleModel_Alpha158_csi300_custom_step0_s_20260521_16,cfbe3c5d0b8a4b80ba7d0b30d9763eeb,0.073,,,
3477,2026-05-21,SH603259,-0.10669703432368033,EXP_DEnsembleModel_Alpha158_csi300_custom_step0_s_20260521_16,cfbe3c5d0b8a4b80ba7d0b30d9763eeb,0.073,,,
3478,2026-05-21,SH601138,0.01495393803719219,EXP_DEnsembleModel_Alpha158_csi300_custom_step0_s_20260521_16,cfbe3c5d0b8a4b80ba7d0b30d9763eeb,0.073,,,
3479,2026-05-21,SH601800,-0.03905508166137143,EXP_DEnsembleModel_Alpha158_csi300_custom_step0_s_20260521_16,cfbe3c5d0b8a4b80ba7d0b30d9763eeb,0.073,,,
3480,2026-05-21,SH601766,-0.04836180808244205,EXP_DEnsembleModel_Alpha158_csi300_custom_step0_s_20260521_16,cfbe3c5d0b8a4b80ba7d0b30d9763eeb,0.073,,,
3481,2026-05-21,SH601169,0.0366143645264995,EXP_DEnsembleModel_Alpha158_csi300_custom_step0_s_20260521_16,cfbe3c5d0b8a4b80ba7d0b30d9763eeb,0.073,,,
3482,2026-05-21,SH601186,-0.011677402737603636,EXP_DEnsembleModel_Alpha158_csi300_custom_step0_s_20260521_16,cfbe3c5d0b8a4b80ba7d0b30d9763eeb,0.073,,,
3483,2026-05-21,SH601211,-0.09340052221814969,EXP_DEnsembleModel_Alpha158_csi300_custom_step0_s_20260521_16,cfbe3c5d0b8a4b80ba7d0b30d9763eeb,0.073,,,
3484,2026-05-21,SH601225,-0.004445451209430704,EXP_DEnsembleModel_Alpha158_csi300_custom_step0_s_20260521_16,cfbe3c5d0b8a4b80ba7d0b30d9763eeb,0.073,,,
3485,2026-05-21,SH601229,-0.06821896324725336,EXP_DEnsembleModel_Alpha158_csi300_custom_step0_s_20260521_16,cfbe3c5d0b8a4b80ba7d0b30d9763eeb,0.073,,,
3486,2026-05-21,SH601236,-0.014403298454587493,EXP_DEnsembleModel_Alpha158_csi300_custom_step0_s_20260521_16,cfbe3c5d0b8a4b80ba7d0b30d9763eeb,0.073,,,
3487,2026-05-21,SH601238,-0.0523540184064397,EXP_DEnsembleModel_Alpha158_csi300_custom_step0_s_20260521_16,cfbe3c5d0b8a4b80ba7d0b30d9763eeb,0.073,,,
3488,2026-05-21,SH601288,-0.02068641526778189,EXP_DEnsembleModel_Alpha158_csi300_custom_step0_s_20260521_16,cfbe3c5d0b8a4b80ba7d0b30d9763eeb,0.073,,,
3489,2026-05-21,SH601298,0.08212355105758568,EXP_DEnsembleModel_Alpha158_csi300_custom_step0_s_20260521_16,cfbe3c5d0b8a4b80ba7d0b30d9763eeb,0.073,,,
3490,2026-05-21,SH601318,-0.14937546710470975,EXP_DEnsembleModel_Alpha158_csi300_custom_step0_s_20260521_16,cfbe3c5d0b8a4b80ba7d0b30d9763eeb,0.073,,,
3491,2026-05-21,SH601319,-0.0883279200306021,EXP_DEnsembleModel_Alpha158_csi300_custom_step0_s_20260521_16,cfbe3c5d0b8a4b80ba7d0b30d9763eeb,0.073,,,
3492,2026-05-21,SH601328,0.025441927314159563,EXP_DEnsembleModel_Alpha158_csi300_custom_step0_s_20260521_16,cfbe3c5d0b8a4b80ba7d0b30d9763eeb,0.073,,,
3493,2026-05-21,SH601336,-0.19928914821972704,EXP_DEnsembleModel_Alpha158_csi300_custom_step0_s_20260521_16,cfbe3c5d0b8a4b80ba7d0b30d9763eeb,0.073,,,
3494,2026-05-21,SH601360,-0.11532670428418153,EXP_DEnsembleModel_Alpha158_csi300_custom_step0_s_20260521_16,cfbe3c5d0b8a4b80ba7d0b30d9763eeb,0.073,,,
3495,2026-05-21,SH601377,-0.10698163790104617,EXP_DEnsembleModel_Alpha158_csi300_custom_step0_s_20260521_16,cfbe3c5d0b8a4b80ba7d0b30d9763eeb,0.073,,,
3496,2026-05-21,SH601390,0.00013885405232840454,EXP_DEnsembleModel_Alpha158_csi300_custom_step0_s_20260521_16,cfbe3c5d0b8a4b80ba7d0b30d9763eeb,0.073,,,
3497,2026-05-21,SH601398,0.0670561408257844,EXP_DEnsembleModel_Alpha158_csi300_custom_step0_s_20260521_16,cfbe3c5d0b8a4b80ba7d0b30d9763eeb,0.073,,,
3498,2026-05-21,SH601728,0.07220508077137155,EXP_DEnsembleModel_Alpha158_csi300_custom_step0_s_20260521_16,cfbe3c5d0b8a4b80ba7d0b30d9763eeb,0.073,,,
3499,2026-05-21,SH601698,-0.1147307034557825,EXP_DEnsembleModel_Alpha158_csi300_custom_step0_s_20260521_16,cfbe3c5d0b8a4b80ba7d0b30d9763eeb,0.073,,,
3500,2026-05-21,SH601689,-0.0333334322670072,EXP_DEnsembleModel_Alpha158_csi300_custom_step0_s_20260521_16,cfbe3c5d0b8a4b80ba7d0b30d9763eeb,0.073,,,
3501,2026-05-21,SH601688,-0.14266379573497298,EXP_DEnsembleModel_Alpha158_csi300_custom_step0_s_20260521_16,cfbe3c5d0b8a4b80ba7d0b30d9763eeb,0.073,,,
3502,2026-05-21,SH601669,-0.06545196198698697,EXP_DEnsembleModel_Alpha158_csi300_custom_step0_s_20260521_16,cfbe3c5d0b8a4b80ba7d0b30d9763eeb,0.073,,,
3503,2026-05-21,SH601668,0.035249677108541065,EXP_DEnsembleModel_Alpha158_csi300_custom_step0_s_20260521_16,cfbe3c5d0b8a4b80ba7d0b30d9763eeb,0.073,,,
3504,2026-05-21,SH601788,-0.08097214909159381,EXP_DEnsembleModel_Alpha158_csi300_custom_step0_s_20260521_16,cfbe3c5d0b8a4b80ba7d0b30d9763eeb,0.073,,,
3505,2026-05-21,SH601658,-0.027296935748336464,EXP_DEnsembleModel_Alpha158_csi300_custom_step0_s_20260521_16,cfbe3c5d0b8a4b80ba7d0b30d9763eeb,0.073,,,
3506,2026-05-21,SH601628,-0.07859370108259729,EXP_DEnsembleModel_Alpha158_csi300_custom_step0_s_20260521_16,cfbe3c5d0b8a4b80ba7d0b30d9763eeb,0.073,,,
3507,2026-05-21,SH601618,-0.0008977039439220258,EXP_DEnsembleModel_Alpha158_csi300_custom_step0_s_20260521_16,cfbe3c5d0b8a4b80ba7d0b30d9763eeb,0.073,,,
3508,2026-05-21,SH601607,0.023138371242036538,EXP_DEnsembleModel_Alpha158_csi300_custom_step0_s_20260521_16,cfbe3c5d0b8a4b80ba7d0b30d9763eeb,0.073,,,
3509,2026-05-21,SH601601,-0.09660691103178466,EXP_DEnsembleModel_Alpha158_csi300_custom_step0_s_20260521_16,cfbe3c5d0b8a4b80ba7d0b30d9763eeb,0.073,,,
3510,2026-05-21,SH601600,-0.07763826428049947,EXP_DEnsembleModel_Alpha158_csi300_custom_step0_s_20260521_16,cfbe3c5d0b8a4b80ba7d0b30d9763eeb,0.073,,,
3511,2026-05-21,SH601456,-0.01785043195009045,EXP_DEnsembleModel_Alpha158_csi300_custom_step0_s_20260521_16,cfbe3c5d0b8a4b80ba7d0b30d9763eeb,0.073,,,
3512,2026-05-21,SH601633,-0.08093616026353985,EXP_DEnsembleModel_Alpha158_csi300_custom_step0_s_20260521_16,cfbe3c5d0b8a4b80ba7d0b30d9763eeb,0.073,,,
3513,2026-05-21,SH600160,-0.12249963726486206,EXP_DEnsembleModel_Alpha158_csi300_custom_step0_s_20260521_16,cfbe3c5d0b8a4b80ba7d0b30d9763eeb,0.073,,,
3514,2026-05-21,SH600150,-0.020227393946808354,EXP_DEnsembleModel_Alpha158_csi300_custom_step0_s_20260521_16,cfbe3c5d0b8a4b80ba7d0b30d9763eeb,0.073,,,
3515,2026-05-21,SH600115,-0.07010187969878305,EXP_DEnsembleModel_Alpha158_csi300_custom_step0_s_20260521_16,cfbe3c5d0b8a4b80ba7d0b30d9763eeb,0.073,,,
3516,2026-05-21,SZ000999,-0.018900647145535777,EXP_LGBModel_Alpha158_csi300_custom_step0_s_20260521_18,d635708e267f4fe3a57ad356209ae40d,0.043,,,
3517,2026-05-21,SZ001391,-0.01567481028895236,EXP_LGBModel_Alpha158_csi300_custom_step0_s_20260521_18,d635708e267f4fe3a57ad356209ae40d,0.043,,,
3518,2026-05-21,SZ001965,0.03001589787750949,EXP_LGBModel_Alpha158_csi300_custom_step0_s_20260521_18,d635708e267f4fe3a57ad356209ae40d,0.043,,,
3519,2026-05-21,SZ001979,0.005496703072738865,EXP_LGBModel_Alpha158_csi300_custom_step0_s_20260521_18,d635708e267f4fe3a57ad356209ae40d,0.043,,,
3520,2026-05-21,SZ002001,0.017467562069939963,EXP_LGBModel_Alpha158_csi300_custom_step0_s_20260521_18,d635708e267f4fe3a57ad356209ae40d,0.043,,,
3521,2026-05-21,SZ002027,-0.00930880086395504,EXP_LGBModel_Alpha158_csi300_custom_step0_s_20260521_18,d635708e267f4fe3a57ad356209ae40d,0.043,,,
3522,2026-05-21,SZ002028,-0.025427382057243028,EXP_LGBModel_Alpha158_csi300_custom_step0_s_20260521_18,d635708e267f4fe3a57ad356209ae40d,0.043,,,
3523,2026-05-21,SZ002049,0.019362087159043785,EXP_LGBModel_Alpha158_csi300_custom_step0_s_20260521_18,d635708e267f4fe3a57ad356209ae40d,0.043,,,
3524,2026-05-21,SZ002050,0.05953324189256996,EXP_LGBModel_Alpha158_csi300_custom_step0_s_20260521_18,d635708e267f4fe3a57ad356209ae40d,0.043,,,
3525,2026-05-21,SZ002074,-0.01574487186587161,EXP_LGBModel_Alpha158_csi300_custom_step0_s_20260521_18,d635708e267f4fe3a57ad356209ae40d,0.043,,,
3526,2026-05-21,SZ002142,0.0120035117431176,EXP_LGBModel_Alpha158_csi300_custom_step0_s_20260521_18,d635708e267f4fe3a57ad356209ae40d,0.043,,,
3527,2026-05-21,SZ002179,0.003443254959104097,EXP_LGBModel_Alpha158_csi300_custom_step0_s_20260521_18,d635708e267f4fe3a57ad356209ae40d,0.043,,,
3528,2026-05-21,SZ002230,0.007569252080756998,EXP_LGBModel_Alpha158_csi300_custom_step0_s_20260521_18,d635708e267f4fe3a57ad356209ae40d,0.043,,,
3529,2026-05-21,SZ002236,-0.021402040948405955,EXP_LGBModel_Alpha158_csi300_custom_step0_s_20260521_18,d635708e267f4fe3a57ad356209ae40d,0.043,,,
3530,2026-05-21,SZ002241,0.05471917225413277,EXP_LGBModel_Alpha158_csi300_custom_step0_s_20260521_18,d635708e267f4fe3a57ad356209ae40d,0.043,,,
3531,2026-05-21,SZ002252,-0.04497483404096468,EXP_LGBModel_Alpha158_csi300_custom_step0_s_20260521_18,d635708e267f4fe3a57ad356209ae40d,0.043,,,
3532,2026-05-21,SZ002304,-0.006321750752031259,EXP_LGBModel_Alpha158_csi300_custom_step0_s_20260521_18,d635708e267f4fe3a57ad356209ae40d,0.043,,,
3533,2026-05-21,SZ002600,-0.007728539502525245,EXP_LGBModel_Alpha158_csi300_custom_step0_s_20260521_18,d635708e267f4fe3a57ad356209ae40d,0.043,,,
3534,2026-05-21,SZ002594,-2.6092331412419338e-05,EXP_LGBModel_Alpha158_csi300_custom_step0_s_20260521_18,d635708e267f4fe3a57ad356209ae40d,0.043,,,
3535,2026-05-21,SZ002493,0.0017816631111068986,EXP_LGBModel_Alpha158_csi300_custom_step0_s_20260521_18,d635708e267f4fe3a57ad356209ae40d,0.043,,,
3536,2026-05-21,SZ002475,0.0011344529314597624,EXP_LGBModel_Alpha158_csi300_custom_step0_s_20260521_18,d635708e267f4fe3a57ad356209ae40d,0.043,,,
3537,2026-05-21,SZ002466,0.007235022451061478,EXP_LGBModel_Alpha158_csi300_custom_step0_s_20260521_18,d635708e267f4fe3a57ad356209ae40d,0.043,,,
3538,2026-05-21,SZ002463,0.1165656076929326,EXP_LGBModel_Alpha158_csi300_custom_step0_s_20260521_18,d635708e267f4fe3a57ad356209ae40d,0.043,,,
3539,2026-05-21,SZ000983,0.002765205615401071,EXP_LGBModel_Alpha158_csi300_custom_step0_s_20260521_18,d635708e267f4fe3a57ad356209ae40d,0.043,,,
3540,2026-05-21,SZ002460,0.05664712909759569,EXP_LGBModel_Alpha158_csi300_custom_step0_s_20260521_18,d635708e267f4fe3a57ad356209ae40d,0.043,,,
3541,2026-05-21,SZ002422,0.01544734628986497,EXP_LGBModel_Alpha158_csi300_custom_step0_s_20260521_18,d635708e267f4fe3a57ad356209ae40d,0.043,,,
3542,2026-05-21,SZ002415,0.003437198205204952,EXP_LGBModel_Alpha158_csi300_custom_step0_s_20260521_18,d635708e267f4fe3a57ad356209ae40d,0.043,,,
3543,2026-05-21,SZ002384,0.028091155149952377,EXP_LGBModel_Alpha158_csi300_custom_step0_s_20260521_18,d635708e267f4fe3a57ad356209ae40d,0.043,,,
3544,2026-05-21,SZ002371,-0.0074588672777274635,EXP_LGBModel_Alpha158_csi300_custom_step0_s_20260521_18,d635708e267f4fe3a57ad356209ae40d,0.043,,,
3545,2026-05-21,SZ002352,-0.058433139709826915,EXP_LGBModel_Alpha158_csi300_custom_step0_s_20260521_18,d635708e267f4fe3a57ad356209ae40d,0.043,,,
3546,2026-05-21,SZ002311,-0.013273316209171994,EXP_LGBModel_Alpha158_csi300_custom_step0_s_20260521_18,d635708e267f4fe3a57ad356209ae40d,0.043,,,
3547,2026-05-21,SZ002459,-0.0007564463772434244,EXP_LGBModel_Alpha158_csi300_custom_step0_s_20260521_18,d635708e267f4fe3a57ad356209ae40d,0.043,,,
3548,2026-05-21,SZ002601,-0.015934110866702957,EXP_LGBModel_Alpha158_csi300_custom_step0_s_20260521_18,d635708e267f4fe3a57ad356209ae40d,0.043,,,
3549,2026-05-21,SZ000977,0.003110999903781311,EXP_LGBModel_Alpha158_csi300_custom_step0_s_20260521_18,d635708e267f4fe3a57ad356209ae40d,0.043,,,
3550,2026-05-21,SZ000963,0.005718509290978966,EXP_LGBModel_Alpha158_csi300_custom_step0_s_20260521_18,d635708e267f4fe3a57ad356209ae40d,0.043,,,
3551,2026-05-21,SH688981,-0.025527459351548352,EXP_LGBModel_Alpha158_csi300_custom_step0_s_20260521_18,d635708e267f4fe3a57ad356209ae40d,0.043,,,
3552,2026-05-21,SZ000001,-0.04911055904528928,EXP_LGBModel_Alpha158_csi300_custom_step0_s_20260521_18,d635708e267f4fe3a57ad356209ae40d,0.043,,,
3553,2026-05-21,SZ000002,0.004329217443917804,EXP_LGBModel_Alpha158_csi300_custom_step0_s_20260521_18,d635708e267f4fe3a57ad356209ae40d,0.043,,,
3554,2026-05-21,SZ000063,0.004680232297423083,EXP_LGBModel_Alpha158_csi300_custom_step0_s_20260521_18,d635708e267f4fe3a57ad356209ae40d,0.043,,,
3555,2026-05-21,SZ000100,-0.003234485806859679,EXP_LGBModel_Alpha158_csi300_custom_step0_s_20260521_18,d635708e267f4fe3a57ad356209ae40d,0.043,,,
3556,2026-05-21,SZ000157,0.0182328933411491,EXP_LGBModel_Alpha158_csi300_custom_step0_s_20260521_18,d635708e267f4fe3a57ad356209ae40d,0.043,,,
3557,2026-05-21,SZ000166,-0.008213506934731416,EXP_LGBModel_Alpha158_csi300_custom_step0_s_20260521_18,d635708e267f4fe3a57ad356209ae40d,0.043,,,
3558,2026-05-21,SZ000301,0.02920614870118662,EXP_LGBModel_Alpha158_csi300_custom_step0_s_20260521_18,d635708e267f4fe3a57ad356209ae40d,0.043,,,
3559,2026-05-21,SZ000333,0.02051137221010807,EXP_LGBModel_Alpha158_csi300_custom_step0_s_20260521_18,d635708e267f4fe3a57ad356209ae40d,0.043,,,
3560,2026-05-21,SZ000338,0.05377256833009587,EXP_LGBModel_Alpha158_csi300_custom_step0_s_20260521_18,d635708e267f4fe3a57ad356209ae40d,0.043,,,
3561,2026-05-21,SZ000408,-0.00514914086516869,EXP_LGBModel_Alpha158_csi300_custom_step0_s_20260521_18,d635708e267f4fe3a57ad356209ae40d,0.043,,,
3562,2026-05-21,SZ000425,0.02224552430985313,EXP_LGBModel_Alpha158_csi300_custom_step0_s_20260521_18,d635708e267f4fe3a57ad356209ae40d,0.043,,,
3563,2026-05-21,SZ000538,-0.0290204027281969,EXP_LGBModel_Alpha158_csi300_custom_step0_s_20260521_18,d635708e267f4fe3a57ad356209ae40d,0.043,,,
3564,2026-05-21,SZ000568,0.0060363382224364465,EXP_LGBModel_Alpha158_csi300_custom_step0_s_20260521_18,d635708e267f4fe3a57ad356209ae40d,0.043,,,
3565,2026-05-21,SZ000596,0.0006620941445678002,EXP_LGBModel_Alpha158_csi300_custom_step0_s_20260521_18,d635708e267f4fe3a57ad356209ae40d,0.043,,,
3566,2026-05-21,SZ000617,0.008290433794280305,EXP_LGBModel_Alpha158_csi300_custom_step0_s_20260521_18,d635708e267f4fe3a57ad356209ae40d,0.043,,,
3567,2026-05-21,SZ000625,0.022833773788791617,EXP_LGBModel_Alpha158_csi300_custom_step0_s_20260521_18,d635708e267f4fe3a57ad356209ae40d,0.043,,,
3568,2026-05-21,SZ000938,0.00602259933514032,EXP_LGBModel_Alpha158_csi300_custom_step0_s_20260521_18,d635708e267f4fe3a57ad356209ae40d,0.043,,,
3569,2026-05-21,SZ000895,-0.020838221300291424,EXP_LGBModel_Alpha158_csi300_custom_step0_s_20260521_18,d635708e267f4fe3a57ad356209ae40d,0.043,,,
3570,2026-05-21,SZ000876,-0.029405129711509267,EXP_LGBModel_Alpha158_csi300_custom_step0_s_20260521_18,d635708e267f4fe3a57ad356209ae40d,0.043,,,
3571,2026-05-21,SZ000858,0.021910385553128124,EXP_LGBModel_Alpha158_csi300_custom_step0_s_20260521_18,d635708e267f4fe3a57ad356209ae40d,0.043,,,
3572,2026-05-21,SZ000807,0.022747877144266022,EXP_LGBModel_Alpha158_csi300_custom_step0_s_20260521_18,d635708e267f4fe3a57ad356209ae40d,0.043,,,
3573,2026-05-21,SZ000792,0.014052241233574965,EXP_LGBModel_Alpha158_csi300_custom_step0_s_20260521_18,d635708e267f4fe3a57ad356209ae40d,0.043,,,
3574,2026-05-21,SZ000975,0.030194666547722408,EXP_LGBModel_Alpha158_csi300_custom_step0_s_20260521_18,d635708e267f4fe3a57ad356209ae40d,0.043,,,
3575,2026-05-21,SZ000786,-0.017047500773586226,EXP_LGBModel_Alpha158_csi300_custom_step0_s_20260521_18,d635708e267f4fe3a57ad356209ae40d,0.043,,,
3576,2026-05-21,SZ000768,-0.010724609419334447,EXP_LGBModel_Alpha158_csi300_custom_step0_s_20260521_18,d635708e267f4fe3a57ad356209ae40d,0.043,,,
3577,2026-05-21,SZ000725,0.01665780819221493,EXP_LGBModel_Alpha158_csi300_custom_step0_s_20260521_18,d635708e267f4fe3a57ad356209ae40d,0.043,,,
3578,2026-05-21,SZ000708,-0.018079496256764922,EXP_LGBModel_Alpha158_csi300_custom_step0_s_20260521_18,d635708e267f4fe3a57ad356209ae40d,0.043,,,
3579,2026-05-21,SZ000661,-0.010511987501371809,EXP_LGBModel_Alpha158_csi300_custom_step0_s_20260521_18,d635708e267f4fe3a57ad356209ae40d,0.043,,,
3580,2026-05-21,SZ000651,-0.015871598124867315,EXP_LGBModel_Alpha158_csi300_custom_step0_s_20260521_18,d635708e267f4fe3a57ad356209ae40d,0.043,,,
3581,2026-05-21,SZ000630,0.0035595026867954577,EXP_LGBModel_Alpha158_csi300_custom_step0_s_20260521_18,d635708e267f4fe3a57ad356209ae40d,0.043,,,
3582,2026-05-21,SZ000776,0.024719120110952297,EXP_LGBModel_Alpha158_csi300_custom_step0_s_20260521_18,d635708e267f4fe3a57ad356209ae40d,0.043,,,
3583,2026-05-21,SZ002625,0.002654679831650668,EXP_LGBModel_Alpha158_csi300_custom_step0_s_20260521_18,d635708e267f4fe3a57ad356209ae40d,0.043,,,
3584,2026-05-21,SZ002648,0.009768238340107753,EXP_LGBModel_Alpha158_csi300_custom_step0_s_20260521_18,d635708e267f4fe3a57ad356209ae40d,0.043,,,
3585,2026-05-21,SZ002709,0.13370983725076113,EXP_LGBModel_Alpha158_csi300_custom_step0_s_20260521_18,d635708e267f4fe3a57ad356209ae40d,0.043,,,
3586,2026-05-21,SZ300979,-0.009787515329922314,EXP_LGBModel_Alpha158_csi300_custom_step0_s_20260521_18,d635708e267f4fe3a57ad356209ae40d,0.043,,,
3587,2026-05-21,SZ300999,-0.013982289051900283,EXP_LGBModel_Alpha158_csi300_custom_step0_s_20260521_18,d635708e267f4fe3a57ad356209ae40d,0.043,,,
3588,2026-05-21,SZ301236,-0.004220527942268255,EXP_LGBModel_Alpha158_csi300_custom_step0_s_20260521_18,d635708e267f4fe3a57ad356209ae40d,0.043,,,
3589,2026-05-21,SZ301269,0.012108371250211934,EXP_LGBModel_Alpha158_csi300_custom_step0_s_20260521_18,d635708e267f4fe3a57ad356209ae40d,0.043,,,
3590,2026-05-21,SZ302132,-0.004548231870996506,EXP_LGBModel_Alpha158_csi300_custom_step0_s_20260521_18,d635708e267f4fe3a57ad356209ae40d,0.043,,,
3591,2026-05-21,SH600000,0.006322780703122458,EXP_DEnsembleModel_Alpha158_csi300_custom_step0_s_20260521_16,cfbe3c5d0b8a4b80ba7d0b30d9763eeb,0.073,,,
3592,2026-05-21,SH600009,-0.008835594110761924,EXP_DEnsembleModel_Alpha158_csi300_custom_step0_s_20260521_16,cfbe3c5d0b8a4b80ba7d0b30d9763eeb,0.073,,,
3593,2026-05-21,SH600010,-0.13249267568283304,EXP_DEnsembleModel_Alpha158_csi300_custom_step0_s_20260521_16,cfbe3c5d0b8a4b80ba7d0b30d9763eeb,0.073,,,
3594,2026-05-21,SH600011,0.03345118455091924,EXP_DEnsembleModel_Alpha158_csi300_custom_step0_s_20260521_16,cfbe3c5d0b8a4b80ba7d0b30d9763eeb,0.073,,,
3595,2026-05-21,SH600015,0.04178376798580541,EXP_DEnsembleModel_Alpha158_csi300_custom_step0_s_20260521_16,cfbe3c5d0b8a4b80ba7d0b30d9763eeb,0.073,,,
3596,2026-05-21,SH600016,0.013102531515530676,EXP_DEnsembleModel_Alpha158_csi300_custom_step0_s_20260521_16,cfbe3c5d0b8a4b80ba7d0b30d9763eeb,0.073,,,
3597,2026-05-21,SH600018,0.11339706527603921,EXP_DEnsembleModel_Alpha158_csi300_custom_step0_s_20260521_16,cfbe3c5d0b8a4b80ba7d0b30d9763eeb,0.073,,,
3598,2026-05-21,SH600019,-0.07734270696162124,EXP_DEnsembleModel_Alpha158_csi300_custom_step0_s_20260521_16,cfbe3c5d0b8a4b80ba7d0b30d9763eeb,0.073,,,
3599,2026-05-21,SH600023,-0.00574468996389697,EXP_DEnsembleModel_Alpha158_csi300_custom_step0_s_20260521_16,cfbe3c5d0b8a4b80ba7d0b30d9763eeb,0.073,,,
3600,2026-05-21,SH600025,0.03825103921579054,EXP_DEnsembleModel_Alpha158_csi300_custom_step0_s_20260521_16,cfbe3c5d0b8a4b80ba7d0b30d9763eeb,0.073,,,
3601,2026-05-21,SH600026,-0.1639440937203718,EXP_DEnsembleModel_Alpha158_csi300_custom_step0_s_20260521_16,cfbe3c5d0b8a4b80ba7d0b30d9763eeb,0.073,,,
3602,2026-05-21,SH600027,0.0023907585629738856,EXP_DEnsembleModel_Alpha158_csi300_custom_step0_s_20260521_16,cfbe3c5d0b8a4b80ba7d0b30d9763eeb,0.073,,,
3603,2026-05-21,SH600111,-0.11767258569767985,EXP_DEnsembleModel_Alpha158_csi300_custom_step0_s_20260521_16,cfbe3c5d0b8a4b80ba7d0b30d9763eeb,0.073,,,
3604,2026-05-21,SH600104,-0.05553831311425771,EXP_DEnsembleModel_Alpha158_csi300_custom_step0_s_20260521_16,cfbe3c5d0b8a4b80ba7d0b30d9763eeb,0.073,,,
3605,2026-05-21,SH600089,-0.1035428877707896,EXP_DEnsembleModel_Alpha158_csi300_custom_step0_s_20260521_16,cfbe3c5d0b8a4b80ba7d0b30d9763eeb,0.073,,,
3606,2026-05-21,SH600085,-0.03726758302421379,EXP_DEnsembleModel_Alpha158_csi300_custom_step0_s_20260521_16,cfbe3c5d0b8a4b80ba7d0b30d9763eeb,0.073,,,
3607,2026-05-21,SH600066,-0.02750676048623003,EXP_DEnsembleModel_Alpha158_csi300_custom_step0_s_20260521_16,cfbe3c5d0b8a4b80ba7d0b30d9763eeb,0.073,,,
3608,2026-05-21,SH600061,-0.11027987268951281,EXP_DEnsembleModel_Alpha158_csi300_custom_step0_s_20260521_16,cfbe3c5d0b8a4b80ba7d0b30d9763eeb,0.073,,,
3609,2026-05-21,SZ300896,-0.0037431891975326873,EXP_LGBModel_Alpha158_csi300_custom_step0_s_20260521_18,d635708e267f4fe3a57ad356209ae40d,0.043,,,
3610,2026-05-21,SH600050,-0.04866775570181981,EXP_DEnsembleModel_Alpha158_csi300_custom_step0_s_20260521_16,cfbe3c5d0b8a4b80ba7d0b30d9763eeb,0.073,,,
3611,2026-05-21,SH600039,0.05519556405559631,EXP_DEnsembleModel_Alpha158_csi300_custom_step0_s_20260521_16,cfbe3c5d0b8a4b80ba7d0b30d9763eeb,0.073,,,
3612,2026-05-21,SH600036,-0.00636260887861093,EXP_DEnsembleModel_Alpha158_csi300_custom_step0_s_20260521_16,cfbe3c5d0b8a4b80ba7d0b30d9763eeb,0.073,,,
3613,2026-05-21,SH600031,-0.23479046450200466,EXP_DEnsembleModel_Alpha158_csi300_custom_step0_s_20260521_16,cfbe3c5d0b8a4b80ba7d0b30d9763eeb,0.073,,,
3614,2026-05-21,SH600030,-0.05762034430400279,EXP_DEnsembleModel_Alpha158_csi300_custom_step0_s_20260521_16,cfbe3c5d0b8a4b80ba7d0b30d9763eeb,0.073,,,
3615,2026-05-21,SH600029,-0.11832860109369504,EXP_DEnsembleModel_Alpha158_csi300_custom_step0_s_20260521_16,cfbe3c5d0b8a4b80ba7d0b30d9763eeb,0.073,,,
3616,2026-05-21,SH600028,0.01853695902897075,EXP_DEnsembleModel_Alpha158_csi300_custom_step0_s_20260521_16,cfbe3c5d0b8a4b80ba7d0b30d9763eeb,0.073,,,
3617,2026-05-21,SH600048,-0.13121105737535313,EXP_DEnsembleModel_Alpha158_csi300_custom_step0_s_20260521_16,cfbe3c5d0b8a4b80ba7d0b30d9763eeb,0.073,,,
3618,2026-05-21,SZ300866,0.0955159321253479,EXP_LGBModel_Alpha158_csi300_custom_step0_s_20260521_18,d635708e267f4fe3a57ad356209ae40d,0.043,,,
3619,2026-05-21,SZ300832,0.06353470928571149,EXP_LGBModel_Alpha158_csi300_custom_step0_s_20260521_18,d635708e267f4fe3a57ad356209ae40d,0.043,,,
3620,2026-05-21,SZ300803,0.02990087697753721,EXP_LGBModel_Alpha158_csi300_custom_step0_s_20260521_18,d635708e267f4fe3a57ad356209ae40d,0.043,,,
3621,2026-05-21,SZ300274,0.04491294388584719,EXP_LGBModel_Alpha158_csi300_custom_step0_s_20260521_18,d635708e267f4fe3a57ad356209ae40d,0.043,,,
3622,2026-05-21,SZ300251,0.021646089187515833,EXP_LGBModel_Alpha158_csi300_custom_step0_s_20260521_18,d635708e267f4fe3a57ad356209ae40d,0.043,,,
3623,2026-05-21,SZ300124,0.05417142997526804,EXP_LGBModel_Alpha158_csi300_custom_step0_s_20260521_18,d635708e267f4fe3a57ad356209ae40d,0.043,,,
3624,2026-05-21,SZ300122,-0.00525111876752442,EXP_LGBModel_Alpha158_csi300_custom_step0_s_20260521_18,d635708e267f4fe3a57ad356209ae40d,0.043,,,
3625,2026-05-21,SZ300059,0.03898597431448654,EXP_LGBModel_Alpha158_csi300_custom_step0_s_20260521_18,d635708e267f4fe3a57ad356209ae40d,0.043,,,
3626,2026-05-21,SZ300033,0.05284486969136098,EXP_LGBModel_Alpha158_csi300_custom_step0_s_20260521_18,d635708e267f4fe3a57ad356209ae40d,0.043,,,
3627,2026-05-21,SZ300308,9.80651611321862e-05,EXP_LGBModel_Alpha158_csi300_custom_step0_s_20260521_18,d635708e267f4fe3a57ad356209ae40d,0.043,,,
3628,2026-05-21,SZ300015,0.028964742121918012,EXP_LGBModel_Alpha158_csi300_custom_step0_s_20260521_18,d635708e267f4fe3a57ad356209ae40d,0.043,,,
3629,2026-05-21,SZ003816,-0.0012664773479691667,EXP_LGBModel_Alpha158_csi300_custom_step0_s_20260521_18,d635708e267f4fe3a57ad356209ae40d,0.043,,,
3630,2026-05-21,SZ002938,0.11343307142069792,EXP_LGBModel_Alpha158_csi300_custom_step0_s_20260521_18,d635708e267f4fe3a57ad356209ae40d,0.043,,,
3631,2026-05-21,SZ002920,-0.017488016494143048,EXP_LGBModel_Alpha158_csi300_custom_step0_s_20260521_18,d635708e267f4fe3a57ad356209ae40d,0.043,,,
3632,2026-05-21,SZ002916,0.019149482661047868,EXP_LGBModel_Alpha158_csi300_custom_step0_s_20260521_18,d635708e267f4fe3a57ad356209ae40d,0.043,,,
3633,2026-05-21,SZ002736,0.0014825955128231955,EXP_LGBModel_Alpha158_csi300_custom_step0_s_20260521_18,d635708e267f4fe3a57ad356209ae40d,0.043,,,
3634,2026-05-21,SZ002714,0.0006304874439559765,EXP_LGBModel_Alpha158_csi300_custom_step0_s_20260521_18,d635708e267f4fe3a57ad356209ae40d,0.043,,,
3635,2026-05-21,SZ300014,-0.012585329823489907,EXP_LGBModel_Alpha158_csi300_custom_step0_s_20260521_18,d635708e267f4fe3a57ad356209ae40d,0.043,,,
3636,2026-05-21,SH603893,0.02281842687346052,EXP_DEnsembleModel_Alpha158_csi300_custom_step0_s_20260521_16,cfbe3c5d0b8a4b80ba7d0b30d9763eeb,0.073,,,
3637,2026-05-21,SZ300316,-0.0173485057555093,EXP_LGBModel_Alpha158_csi300_custom_step0_s_20260521_18,d635708e267f4fe3a57ad356209ae40d,0.043,,,
3638,2026-05-21,SZ300394,-0.012744005955620598,EXP_LGBModel_Alpha158_csi300_custom_step0_s_20260521_18,d635708e267f4fe3a57ad356209ae40d,0.043,,,
3639,2026-05-21,SZ300782,-0.006883654419582777,EXP_LGBModel_Alpha158_csi300_custom_step0_s_20260521_18,d635708e267f4fe3a57ad356209ae40d,0.043,,,
3640,2026-05-21,SZ300760,0.032572379354998356,EXP_LGBModel_Alpha158_csi300_custom_step0_s_20260521_18,d635708e267f4fe3a57ad356209ae40d,0.043,,,
3641,2026-05-21,SZ300759,0.012914760974975558,EXP_LGBModel_Alpha158_csi300_custom_step0_s_20260521_18,d635708e267f4fe3a57ad356209ae40d,0.043,,,
3642,2026-05-21,SZ300750,0.027721975088524163,EXP_LGBModel_Alpha158_csi300_custom_step0_s_20260521_18,d635708e267f4fe3a57ad356209ae40d,0.043,,,
3643,2026-05-21,SZ300661,0.010447049859119774,EXP_LGBModel_Alpha158_csi300_custom_step0_s_20260521_18,d635708e267f4fe3a57ad356209ae40d,0.043,,,
3644,2026-05-21,SZ300628,0.0006743369913352981,EXP_LGBModel_Alpha158_csi300_custom_step0_s_20260521_18,d635708e267f4fe3a57ad356209ae40d,0.043,,,
3645,2026-05-21,SZ300347,0.06013603321756115,EXP_LGBModel_Alpha158_csi300_custom_step0_s_20260521_18,d635708e267f4fe3a57ad356209ae40d,0.043,,,
3646,2026-05-21,SZ300502,-0.005933960564705936,EXP_LGBModel_Alpha158_csi300_custom_step0_s_20260521_18,d635708e267f4fe3a57ad356209ae40d,0.043,,,
3647,2026-05-21,SZ300476,0.13853286960288128,EXP_LGBModel_Alpha158_csi300_custom_step0_s_20260521_18,d635708e267f4fe3a57ad356209ae40d,0.043,,,
3648,2026-05-21,SZ300442,-0.010079678049365534,EXP_LGBModel_Alpha158_csi300_custom_step0_s_20260521_18,d635708e267f4fe3a57ad356209ae40d,0.043,,,
3649,2026-05-21,SZ300433,-0.019856777575087237,EXP_LGBModel_Alpha158_csi300_custom_step0_s_20260521_18,d635708e267f4fe3a57ad356209ae40d,0.043,,,
3650,2026-05-21,SZ300418,0.0077175521445245225,EXP_LGBModel_Alpha158_csi300_custom_step0_s_20260521_18,d635708e267f4fe3a57ad356209ae40d,0.043,,,
3651,2026-05-21,SZ300413,-0.010052254627730208,EXP_LGBModel_Alpha158_csi300_custom_step0_s_20260521_18,d635708e267f4fe3a57ad356209ae40d,0.043,,,
3652,2026-05-21,SZ300408,0.01521691116622171,EXP_LGBModel_Alpha158_csi300_custom_step0_s_20260521_18,d635708e267f4fe3a57ad356209ae40d,0.043,,,
3653,2026-05-21,SZ300498,0.00919199246747061,EXP_LGBModel_Alpha158_csi300_custom_step0_s_20260521_18,d635708e267f4fe3a57ad356209ae40d,0.043,,,
3654,2026-05-21,SH603986,-0.10929284494656194,EXP_DEnsembleModel_Alpha158_csi300_custom_step0_s_20260521_16,cfbe3c5d0b8a4b80ba7d0b30d9763eeb,0.073,,,
3655,2026-05-21,SH603993,-0.16010737296559088,EXP_DEnsembleModel_Alpha158_csi300_custom_step0_s_20260521_16,cfbe3c5d0b8a4b80ba7d0b30d9763eeb,0.073,,,
3656,2026-05-21,SH605117,-0.13024370363984225,EXP_DEnsembleModel_Alpha158_csi300_custom_step0_s_20260521_16,cfbe3c5d0b8a4b80ba7d0b30d9763eeb,0.073,,,
3657,2026-05-21,SH600438,-0.13987211694794252,EXP_DEnsembleModel_Alpha158_csi300_custom_step0_s_20260521_16,f7e54c4986db439ea3d1919f2e80528d,0.07,,,
3658,2026-05-21,SH600460,0.02984005413396964,EXP_DEnsembleModel_Alpha158_csi300_custom_step0_s_20260521_16,f7e54c4986db439ea3d1919f2e80528d,0.07,,,
3659,2026-05-21,SH600482,-0.12060133575957568,EXP_DEnsembleModel_Alpha158_csi300_custom_step0_s_20260521_16,f7e54c4986db439ea3d1919f2e80528d,0.07,,,
3660,2026-05-21,SH600489,-0.0466195132083165,EXP_DEnsembleModel_Alpha158_csi300_custom_step0_s_20260521_16,f7e54c4986db439ea3d1919f2e80528d,0.07,,,
3661,2026-05-21,SH600515,-0.07506222027367651,EXP_DEnsembleModel_Alpha158_csi300_custom_step0_s_20260521_16,f7e54c4986db439ea3d1919f2e80528d,0.07,,,
3662,2026-05-21,SH600519,0.04300294474584457,EXP_DEnsembleModel_Alpha158_csi300_custom_step0_s_20260521_16,f7e54c4986db439ea3d1919f2e80528d,0.07,,,
3663,2026-05-21,SH600522,0.14707146122680206,EXP_DEnsembleModel_Alpha158_csi300_custom_step0_s_20260521_16,f7e54c4986db439ea3d1919f2e80528d,0.07,,,
3664,2026-05-21,SH600547,-0.04916481063073661,EXP_DEnsembleModel_Alpha158_csi300_custom_step0_s_20260521_16,f7e54c4986db439ea3d1919f2e80528d,0.07,,,
3665,2026-05-21,SH600570,-0.04698066032627866,EXP_DEnsembleModel_Alpha158_csi300_custom_step0_s_20260521_16,f7e54c4986db439ea3d1919f2e80528d,0.07,,,
3666,2026-05-21,SH600584,-0.11587381691478124,EXP_DEnsembleModel_Alpha158_csi300_custom_step0_s_20260521_16,f7e54c4986db439ea3d1919f2e80528d,0.07,,,
3667,2026-05-21,SH600585,-0.060948536045120016,EXP_DEnsembleModel_Alpha158_csi300_custom_step0_s_20260521_16,f7e54c4986db439ea3d1919f2e80528d,0.07,,,
3668,2026-05-21,SH600588,-0.13389349525651845,EXP_DEnsembleModel_Alpha158_csi300_custom_step0_s_20260521_16,f7e54c4986db439ea3d1919f2e80528d,0.07,,,
3669,2026-05-21,SH600600,0.07351477401508058,EXP_DEnsembleModel_Alpha158_csi300_custom_step0_s_20260521_16,f7e54c4986db439ea3d1919f2e80528d,0.07,,,
3670,2026-05-21,SH600660,-0.0697057225570449,EXP_DEnsembleModel_Alpha158_csi300_custom_step0_s_20260521_16,f7e54c4986db439ea3d1919f2e80528d,0.07,,,
3671,2026-05-21,SH600674,-0.019032966508043495,EXP_DEnsembleModel_Alpha158_csi300_custom_step0_s_20260521_16,f7e54c4986db439ea3d1919f2e80528d,0.07,,,
3672,2026-05-21,SH600690,-0.00528260545667944,EXP_DEnsembleModel_Alpha158_csi300_custom_step0_s_20260521_16,f7e54c4986db439ea3d1919f2e80528d,0.07,,,
3673,2026-05-21,SH600741,-0.024853634373341836,EXP_DEnsembleModel_Alpha158_csi300_custom_step0_s_20260521_16,f7e54c4986db439ea3d1919f2e80528d,0.07,,,
3674,2026-05-21,SH600926,0.060057648663461694,EXP_DEnsembleModel_Alpha158_csi300_custom_step0_s_20260521_16,f7e54c4986db439ea3d1919f2e80528d,0.07,,,
3675,2026-05-21,SH600919,0.14745997456468798,EXP_DEnsembleModel_Alpha158_csi300_custom_step0_s_20260521_16,f7e54c4986db439ea3d1919f2e80528d,0.07,,,
3676,2026-05-21,SH600918,-0.01820748742177904,EXP_DEnsembleModel_Alpha158_csi300_custom_step0_s_20260521_16,f7e54c4986db439ea3d1919f2e80528d,0.07,,,
3677,2026-05-21,SH600905,0.07614993165936507,EXP_DEnsembleModel_Alpha158_csi300_custom_step0_s_20260521_16,f7e54c4986db439ea3d1919f2e80528d,0.07,,,
3678,2026-05-21,SH600900,0.10844698441689211,EXP_DEnsembleModel_Alpha158_csi300_custom_step0_s_20260521_16,f7e54c4986db439ea3d1919f2e80528d,0.07,,,
3679,2026-05-21,SH600893,-0.05688926913619037,EXP_DEnsembleModel_Alpha158_csi300_custom_step0_s_20260521_16,f7e54c4986db439ea3d1919f2e80528d,0.07,,,
3680,2026-05-21,SH600436,-0.10651430950707524,EXP_DEnsembleModel_Alpha158_csi300_custom_step0_s_20260521_16,f7e54c4986db439ea3d1919f2e80528d,0.07,,,
3681,2026-05-21,SH600887,0.03944969633987044,EXP_DEnsembleModel_Alpha158_csi300_custom_step0_s_20260521_16,f7e54c4986db439ea3d1919f2e80528d,0.07,,,
3682,2026-05-21,SH600875,-0.08982965935575916,EXP_DEnsembleModel_Alpha158_csi300_custom_step0_s_20260521_16,f7e54c4986db439ea3d1919f2e80528d,0.07,,,
3683,2026-05-21,SH600845,-0.03548103017910549,EXP_DEnsembleModel_Alpha158_csi300_custom_step0_s_20260521_16,f7e54c4986db439ea3d1919f2e80528d,0.07,,,
3684,2026-05-21,SH600809,-0.0975391139542232,EXP_DEnsembleModel_Alpha158_csi300_custom_step0_s_20260521_16,f7e54c4986db439ea3d1919f2e80528d,0.07,,,
3685,2026-05-21,SH600803,0.05072146644092289,EXP_DEnsembleModel_Alpha158_csi300_custom_step0_s_20260521_16,f7e54c4986db439ea3d1919f2e80528d,0.07,,,
3686,2026-05-21,SH600795,-0.00168435260163289,EXP_DEnsembleModel_Alpha158_csi300_custom_step0_s_20260521_16,f7e54c4986db439ea3d1919f2e80528d,0.07,,,
3687,2026-05-21,SH600760,-0.08239992700134863,EXP_DEnsembleModel_Alpha158_csi300_custom_step0_s_20260521_16,f7e54c4986db439ea3d1919f2e80528d,0.07,,,
3688,2026-05-21,SH600886,0.09755719203060578,EXP_DEnsembleModel_Alpha158_csi300_custom_step0_s_20260521_16,f7e54c4986db439ea3d1919f2e80528d,0.07,,,
3689,2026-05-21,SH600930,-0.1114440780885614,EXP_DEnsembleModel_Alpha158_csi300_custom_step0_s_20260521_16,f7e54c4986db439ea3d1919f2e80528d,0.07,,,
3690,2026-05-21,SH600426,-0.07548388041514555,EXP_DEnsembleModel_Alpha158_csi300_custom_step0_s_20260521_16,f7e54c4986db439ea3d1919f2e80528d,0.07,,,
3691,2026-05-21,SH600406,-0.08999144924826923,EXP_DEnsembleModel_Alpha158_csi300_custom_step0_s_20260521_16,f7e54c4986db439ea3d1919f2e80528d,0.07,,,
3692,2026-05-21,SH600027,0.0002855134738481251,EXP_DEnsembleModel_Alpha158_csi300_custom_step0_s_20260521_16,f7e54c4986db439ea3d1919f2e80528d,0.07,,,
3693,2026-05-21,SH600028,0.03164384974204554,EXP_DEnsembleModel_Alpha158_csi300_custom_step0_s_20260521_16,f7e54c4986db439ea3d1919f2e80528d,0.07,,,
3694,2026-05-21,SH600029,-0.10946884240327798,EXP_DEnsembleModel_Alpha158_csi300_custom_step0_s_20260521_16,f7e54c4986db439ea3d1919f2e80528d,0.07,,,
3695,2026-05-21,SH600030,-0.07109205388587476,EXP_DEnsembleModel_Alpha158_csi300_custom_step0_s_20260521_16,f7e54c4986db439ea3d1919f2e80528d,0.07,,,
3696,2026-05-21,SH600031,-0.2622507255354683,EXP_DEnsembleModel_Alpha158_csi300_custom_step0_s_20260521_16,f7e54c4986db439ea3d1919f2e80528d,0.07,,,
3697,2026-05-21,SH600036,0.029451344627521178,EXP_DEnsembleModel_Alpha158_csi300_custom_step0_s_20260521_16,f7e54c4986db439ea3d1919f2e80528d,0.07,,,
3698,2026-05-21,SH600039,0.1081639634221599,EXP_DEnsembleModel_Alpha158_csi300_custom_step0_s_20260521_16,f7e54c4986db439ea3d1919f2e80528d,0.07,,,
3699,2026-05-21,SH600048,-0.23394961444336868,EXP_DEnsembleModel_Alpha158_csi300_custom_step0_s_20260521_16,f7e54c4986db439ea3d1919f2e80528d,0.07,,,
3700,2026-05-21,SH600050,-0.07623524329619157,EXP_DEnsembleModel_Alpha158_csi300_custom_step0_s_20260521_16,f7e54c4986db439ea3d1919f2e80528d,0.07,,,
3701,2026-05-21,SH600061,-0.052073246275832284,EXP_DEnsembleModel_Alpha158_csi300_custom_step0_s_20260521_16,f7e54c4986db439ea3d1919f2e80528d,0.07,,,
3702,2026-05-21,SH600066,-0.043326029556994286,EXP_DEnsembleModel_Alpha158_csi300_custom_step0_s_20260521_16,f7e54c4986db439ea3d1919f2e80528d,0.07,,,
3703,2026-05-21,SH600085,0.012928343504683392,EXP_DEnsembleModel_Alpha158_csi300_custom_step0_s_20260521_16,f7e54c4986db439ea3d1919f2e80528d,0.07,,,
3704,2026-05-21,SH600089,-0.1328236707040347,EXP_DEnsembleModel_Alpha158_csi300_custom_step0_s_20260521_16,f7e54c4986db439ea3d1919f2e80528d,0.07,,,
3705,2026-05-21,SH600104,-0.014699310741466881,EXP_DEnsembleModel_Alpha158_csi300_custom_step0_s_20260521_16,f7e54c4986db439ea3d1919f2e80528d,0.07,,,
3706,2026-05-21,SH600111,-0.18979273479847786,EXP_DEnsembleModel_Alpha158_csi300_custom_step0_s_20260521_16,f7e54c4986db439ea3d1919f2e80528d,0.07,,,
3707,2026-05-21,SH600115,-0.1294453737453237,EXP_DEnsembleModel_Alpha158_csi300_custom_step0_s_20260521_16,f7e54c4986db439ea3d1919f2e80528d,0.07,,,
3708,2026-05-21,SH600150,-0.053071265269373426,EXP_DEnsembleModel_Alpha158_csi300_custom_step0_s_20260521_16,f7e54c4986db439ea3d1919f2e80528d,0.07,,,
3709,2026-05-21,SH600377,0.1168927499341821,EXP_DEnsembleModel_Alpha158_csi300_custom_step0_s_20260521_16,f7e54c4986db439ea3d1919f2e80528d,0.07,,,
3710,2026-05-21,SH600372,-0.12690436306820602,EXP_DEnsembleModel_Alpha158_csi300_custom_step0_s_20260521_16,f7e54c4986db439ea3d1919f2e80528d,0.07,,,
3711,2026-05-21,SH600362,-0.17977879156618728,EXP_DEnsembleModel_Alpha158_csi300_custom_step0_s_20260521_16,f7e54c4986db439ea3d1919f2e80528d,0.07,,,
3712,2026-05-21,SH600346,-0.18362348874295337,EXP_DEnsembleModel_Alpha158_csi300_custom_step0_s_20260521_16,f7e54c4986db439ea3d1919f2e80528d,0.07,,,
3713,2026-05-21,SH600309,-0.03304400973422385,EXP_DEnsembleModel_Alpha158_csi300_custom_step0_s_20260521_16,f7e54c4986db439ea3d1919f2e80528d,0.07,,,
3714,2026-05-21,SH600276,-0.1501823615848782,EXP_DEnsembleModel_Alpha158_csi300_custom_step0_s_20260521_16,f7e54c4986db439ea3d1919f2e80528d,0.07,,,
3715,2026-05-21,SH600415,-0.20686814900756653,EXP_DEnsembleModel_Alpha158_csi300_custom_step0_s_20260521_16,f7e54c4986db439ea3d1919f2e80528d,0.07,,,
3716,2026-05-21,SH600233,-0.13934902408480543,EXP_DEnsembleModel_Alpha158_csi300_custom_step0_s_20260521_16,f7e54c4986db439ea3d1919f2e80528d,0.07,,,
3717,2026-05-21,SH600196,-0.05009195004996799,EXP_DEnsembleModel_Alpha158_csi300_custom_step0_s_20260521_16,f7e54c4986db439ea3d1919f2e80528d,0.07,,,
3718,2026-05-21,SH600188,-0.12726172694033636,EXP_DEnsembleModel_Alpha158_csi300_custom_step0_s_20260521_16,f7e54c4986db439ea3d1919f2e80528d,0.07,,,
3719,2026-05-21,SH600183,-0.1430912856999464,EXP_DEnsembleModel_Alpha158_csi300_custom_step0_s_20260521_16,f7e54c4986db439ea3d1919f2e80528d,0.07,,,
3720,2026-05-21,SH600176,-0.11644711613632963,EXP_DEnsembleModel_Alpha158_csi300_custom_step0_s_20260521_16,f7e54c4986db439ea3d1919f2e80528d,0.07,,,
3721,2026-05-21,SH600161,-0.10986791326913727,EXP_DEnsembleModel_Alpha158_csi300_custom_step0_s_20260521_16,f7e54c4986db439ea3d1919f2e80528d,0.07,,,
3722,2026-05-21,SH600160,-0.09217566100457716,EXP_DEnsembleModel_Alpha158_csi300_custom_step0_s_20260521_16,f7e54c4986db439ea3d1919f2e80528d,0.07,,,
3723,2026-05-21,SH600219,0.07639360257063754,EXP_DEnsembleModel_Alpha158_csi300_custom_step0_s_20260521_16,f7e54c4986db439ea3d1919f2e80528d,0.07,,,
3724,2026-05-21,SH600938,0.0803025762053798,EXP_DEnsembleModel_Alpha158_csi300_custom_step0_s_20260521_16,f7e54c4986db439ea3d1919f2e80528d,0.07,,,
3725,2026-05-21,SH600941,0.019404860230619984,EXP_DEnsembleModel_Alpha158_csi300_custom_step0_s_20260521_16,f7e54c4986db439ea3d1919f2e80528d,0.07,,,
3726,2026-05-21,SH600958,-0.08111368608576894,EXP_DEnsembleModel_Alpha158_csi300_custom_step0_s_20260521_16,f7e54c4986db439ea3d1919f2e80528d,0.07,,,
3727,2026-05-21,SH601456,-0.011600060937592001,EXP_DEnsembleModel_Alpha158_csi300_custom_step0_s_20260521_16,f7e54c4986db439ea3d1919f2e80528d,0.07,,,
3728,2026-05-21,SH601600,-0.11470374808173989,EXP_DEnsembleModel_Alpha158_csi300_custom_step0_s_20260521_16,f7e54c4986db439ea3d1919f2e80528d,0.07,,,
3729,2026-05-21,SH601601,-0.12735884835741876,EXP_DEnsembleModel_Alpha158_csi300_custom_step0_s_20260521_16,f7e54c4986db439ea3d1919f2e80528d,0.07,,,
3730,2026-05-21,SH601607,0.07415000907368181,EXP_DEnsembleModel_Alpha158_csi300_custom_step0_s_20260521_16,f7e54c4986db439ea3d1919f2e80528d,0.07,,,
3731,2026-05-21,SH601618,0.047625405439044595,EXP_DEnsembleModel_Alpha158_csi300_custom_step0_s_20260521_16,f7e54c4986db439ea3d1919f2e80528d,0.07,,,
3732,2026-05-21,SH601628,-0.08627580637075023,EXP_DEnsembleModel_Alpha158_csi300_custom_step0_s_20260521_16,f7e54c4986db439ea3d1919f2e80528d,0.07,,,
3733,2026-05-21,SH601633,-0.06108780571377437,EXP_DEnsembleModel_Alpha158_csi300_custom_step0_s_20260521_16,f7e54c4986db439ea3d1919f2e80528d,0.07,,,
3734,2026-05-21,SH601658,0.013088334064605604,EXP_DEnsembleModel_Alpha158_csi300_custom_step0_s_20260521_16,f7e54c4986db439ea3d1919f2e80528d,0.07,,,
3735,2026-05-21,SH601668,0.09562421782653467,EXP_DEnsembleModel_Alpha158_csi300_custom_step0_s_20260521_16,f7e54c4986db439ea3d1919f2e80528d,0.07,,,
3736,2026-05-21,SH601669,-0.048642699188650655,EXP_DEnsembleModel_Alpha158_csi300_custom_step0_s_20260521_16,f7e54c4986db439ea3d1919f2e80528d,0.07,,,
3737,2026-05-21,SH601688,-0.14948879154693143,EXP_DEnsembleModel_Alpha158_csi300_custom_step0_s_20260521_16,f7e54c4986db439ea3d1919f2e80528d,0.07,,,
3738,2026-05-21,SH601689,-0.06318747396768443,EXP_DEnsembleModel_Alpha158_csi300_custom_step0_s_20260521_16,f7e54c4986db439ea3d1919f2e80528d,0.07,,,
3739,2026-05-21,SH601698,-0.124195525885936,EXP_DEnsembleModel_Alpha158_csi300_custom_step0_s_20260521_16,f7e54c4986db439ea3d1919f2e80528d,0.07,,,
3740,2026-05-21,SH601728,0.03659015897356807,EXP_DEnsembleModel_Alpha158_csi300_custom_step0_s_20260521_16,f7e54c4986db439ea3d1919f2e80528d,0.07,,,
3741,2026-05-21,SH601766,-0.03126816397546948,EXP_DEnsembleModel_Alpha158_csi300_custom_step0_s_20260521_16,f7e54c4986db439ea3d1919f2e80528d,0.07,,,
3742,2026-05-21,SH601788,-0.0649722909533285,EXP_DEnsembleModel_Alpha158_csi300_custom_step0_s_20260521_16,f7e54c4986db439ea3d1919f2e80528d,0.07,,,
3743,2026-05-21,SH601800,-0.018293276297727746,EXP_DEnsembleModel_Alpha158_csi300_custom_step0_s_20260521_16,f7e54c4986db439ea3d1919f2e80528d,0.07,,,
3744,2026-05-21,SH601899,-0.2323307787537738,EXP_DEnsembleModel_Alpha158_csi300_custom_step0_s_20260521_16,f7e54c4986db439ea3d1919f2e80528d,0.07,,,
3745,2026-05-21,SH601898,-0.09770499908006113,EXP_DEnsembleModel_Alpha158_csi300_custom_step0_s_20260521_16,f7e54c4986db439ea3d1919f2e80528d,0.07,,,
3746,2026-05-21,SH601888,-0.023697734136363963,EXP_DEnsembleModel_Alpha158_csi300_custom_step0_s_20260521_16,f7e54c4986db439ea3d1919f2e80528d,0.07,,,
3747,2026-05-21,SH601881,-0.03798749012529013,EXP_DEnsembleModel_Alpha158_csi300_custom_step0_s_20260521_16,f7e54c4986db439ea3d1919f2e80528d,0.07,,,
3748,2026-05-21,SH601878,-0.05076611953014878,EXP_DEnsembleModel_Alpha158_csi300_custom_step0_s_20260521_16,f7e54c4986db439ea3d1919f2e80528d,0.07,,,
3749,2026-05-21,SH601877,-0.029675707431876554,EXP_DEnsembleModel_Alpha158_csi300_custom_step0_s_20260521_16,f7e54c4986db439ea3d1919f2e80528d,0.07,,,
3750,2026-05-21,SH601398,0.10197496440262717,EXP_DEnsembleModel_Alpha158_csi300_custom_step0_s_20260521_16,f7e54c4986db439ea3d1919f2e80528d,0.07,,,
3751,2026-05-21,SH601872,-0.12427991185295117,EXP_DEnsembleModel_Alpha158_csi300_custom_step0_s_20260521_16,f7e54c4986db439ea3d1919f2e80528d,0.07,,,
3752,2026-05-21,SH601857,-0.03810378311834484,EXP_DEnsembleModel_Alpha158_csi300_custom_step0_s_20260521_16,f7e54c4986db439ea3d1919f2e80528d,0.07,,,
3753,2026-05-21,SH601838,0.004183251516892702,EXP_DEnsembleModel_Alpha158_csi300_custom_step0_s_20260521_16,f7e54c4986db439ea3d1919f2e80528d,0.07,,,
3754,2026-05-21,SH601825,0.1040174318578139,EXP_DEnsembleModel_Alpha158_csi300_custom_step0_s_20260521_16,f7e54c4986db439ea3d1919f2e80528d,0.07,,,
3755,2026-05-21,SH601818,0.11901314926987967,EXP_DEnsembleModel_Alpha158_csi300_custom_step0_s_20260521_16,f7e54c4986db439ea3d1919f2e80528d,0.07,,,
3756,2026-05-21,SH601816,0.00215909388899568,EXP_DEnsembleModel_Alpha158_csi300_custom_step0_s_20260521_16,f7e54c4986db439ea3d1919f2e80528d,0.07,,,
3757,2026-05-21,SH601808,0.07775159311558938,EXP_DEnsembleModel_Alpha158_csi300_custom_step0_s_20260521_16,f7e54c4986db439ea3d1919f2e80528d,0.07,,,
3758,2026-05-21,SH601868,-0.024955703747299638,EXP_DEnsembleModel_Alpha158_csi300_custom_step0_s_20260521_16,f7e54c4986db439ea3d1919f2e80528d,0.07,,,
3759,2026-05-21,SH601390,0.004684908027501247,EXP_DEnsembleModel_Alpha158_csi300_custom_step0_s_20260521_16,f7e54c4986db439ea3d1919f2e80528d,0.07,,,
3760,2026-05-21,SH601377,-0.09307476821061438,EXP_DEnsembleModel_Alpha158_csi300_custom_step0_s_20260521_16,f7e54c4986db439ea3d1919f2e80528d,0.07,,,
3761,2026-05-21,SH601360,-0.10846820399561245,EXP_DEnsembleModel_Alpha158_csi300_custom_step0_s_20260521_16,f7e54c4986db439ea3d1919f2e80528d,0.07,,,
3762,2026-05-21,SH601111,-0.11870953296933891,EXP_DEnsembleModel_Alpha158_csi300_custom_step0_s_20260521_16,f7e54c4986db439ea3d1919f2e80528d,0.07,,,
3763,2026-05-21,SH601100,-0.059708263380217806,EXP_DEnsembleModel_Alpha158_csi300_custom_step0_s_20260521_16,f7e54c4986db439ea3d1919f2e80528d,0.07,,,
3764,2026-05-21,SH601088,0.0888006009938019,EXP_DEnsembleModel_Alpha158_csi300_custom_step0_s_20260521_16,f7e54c4986db439ea3d1919f2e80528d,0.07,,,
3765,2026-05-21,SH601077,0.08410028466581768,EXP_DEnsembleModel_Alpha158_csi300_custom_step0_s_20260521_16,f7e54c4986db439ea3d1919f2e80528d,0.07,,,
3766,2026-05-21,SH601066,-0.037435399475371785,EXP_DEnsembleModel_Alpha158_csi300_custom_step0_s_20260521_16,f7e54c4986db439ea3d1919f2e80528d,0.07,,,
3767,2026-05-21,SH601059,0.1034996964884111,EXP_DEnsembleModel_Alpha158_csi300_custom_step0_s_20260521_16,f7e54c4986db439ea3d1919f2e80528d,0.07,,,
3768,2026-05-21,SH601117,-0.029096430481745972,EXP_DEnsembleModel_Alpha158_csi300_custom_step0_s_20260521_16,f7e54c4986db439ea3d1919f2e80528d,0.07,,,
3769,2026-05-21,SH601058,-0.18312112052734494,EXP_DEnsembleModel_Alpha158_csi300_custom_step0_s_20260521_16,f7e54c4986db439ea3d1919f2e80528d,0.07,,,
3770,2026-05-21,SH601018,0.028498737996240742,EXP_DEnsembleModel_Alpha158_csi300_custom_step0_s_20260521_16,f7e54c4986db439ea3d1919f2e80528d,0.07,,,
3771,2026-05-21,SH601012,-0.10199265465158885,EXP_DEnsembleModel_Alpha158_csi300_custom_step0_s_20260521_16,f7e54c4986db439ea3d1919f2e80528d,0.07,,,
3772,2026-05-21,SH601009,-0.01081274776808049,EXP_DEnsembleModel_Alpha158_csi300_custom_step0_s_20260521_16,f7e54c4986db439ea3d1919f2e80528d,0.07,,,
3773,2026-05-21,SH601006,0.13065849241690777,EXP_DEnsembleModel_Alpha158_csi300_custom_step0_s_20260521_16,f7e54c4986db439ea3d1919f2e80528d,0.07,,,
3774,2026-05-21,SH600999,0.14322136511454397,EXP_DEnsembleModel_Alpha158_csi300_custom_step0_s_20260521_16,f7e54c4986db439ea3d1919f2e80528d,0.07,,,
3775,2026-05-21,SH600989,-0.07113973649535311,EXP_DEnsembleModel_Alpha158_csi300_custom_step0_s_20260521_16,f7e54c4986db439ea3d1919f2e80528d,0.07,,,
3776,2026-05-21,SH601021,-0.04812138132832547,EXP_DEnsembleModel_Alpha158_csi300_custom_step0_s_20260521_16,f7e54c4986db439ea3d1919f2e80528d,0.07,,,
3777,2026-05-21,SH600026,-0.14578538118408033,EXP_DEnsembleModel_Alpha158_csi300_custom_step0_s_20260521_16,f7e54c4986db439ea3d1919f2e80528d,0.07,,,
3778,2026-05-21,SH601127,-0.031514895383521355,EXP_DEnsembleModel_Alpha158_csi300_custom_step0_s_20260521_16,f7e54c4986db439ea3d1919f2e80528d,0.07,,,
3779,2026-05-21,SH601138,0.0034981725488385,EXP_DEnsembleModel_Alpha158_csi300_custom_step0_s_20260521_16,f7e54c4986db439ea3d1919f2e80528d,0.07,,,
3780,2026-05-21,SH601336,-0.22078171774344793,EXP_DEnsembleModel_Alpha158_csi300_custom_step0_s_20260521_16,f7e54c4986db439ea3d1919f2e80528d,0.07,,,
3781,2026-05-21,SH601328,0.09472615115418404,EXP_DEnsembleModel_Alpha158_csi300_custom_step0_s_20260521_16,f7e54c4986db439ea3d1919f2e80528d,0.07,,,
3782,2026-05-21,SH601319,-0.05661308417763833,EXP_DEnsembleModel_Alpha158_csi300_custom_step0_s_20260521_16,f7e54c4986db439ea3d1919f2e80528d,0.07,,,
3783,2026-05-21,SH601318,-0.11163625048132712,EXP_DEnsembleModel_Alpha158_csi300_custom_step0_s_20260521_16,f7e54c4986db439ea3d1919f2e80528d,0.07,,,
3784,2026-05-21,SH601298,0.10639350028143786,EXP_DEnsembleModel_Alpha158_csi300_custom_step0_s_20260521_16,f7e54c4986db439ea3d1919f2e80528d,0.07,,,
3785,2026-05-21,SH601288,0.020271186942491703,EXP_DEnsembleModel_Alpha158_csi300_custom_step0_s_20260521_16,f7e54c4986db439ea3d1919f2e80528d,0.07,,,
3786,2026-05-21,SH601136,-0.13433469486730482,EXP_DEnsembleModel_Alpha158_csi300_custom_step0_s_20260521_16,f7e54c4986db439ea3d1919f2e80528d,0.07,,,
3787,2026-05-21,SH601238,-0.04902381458525447,EXP_DEnsembleModel_Alpha158_csi300_custom_step0_s_20260521_16,f7e54c4986db439ea3d1919f2e80528d,0.07,,,
3788,2026-05-21,SH601229,0.00023402256908356065,EXP_DEnsembleModel_Alpha158_csi300_custom_step0_s_20260521_16,f7e54c4986db439ea3d1919f2e80528d,0.07,,,
3789,2026-05-21,SH601225,0.022566213974777424,EXP_DEnsembleModel_Alpha158_csi300_custom_step0_s_20260521_16,f7e54c4986db439ea3d1919f2e80528d,0.07,,,
3790,2026-05-21,SH601211,-0.05814508314840911,EXP_DEnsembleModel_Alpha158_csi300_custom_step0_s_20260521_16,f7e54c4986db439ea3d1919f2e80528d,0.07,,,
3791,2026-05-21,SH601186,-0.007134094435937312,EXP_DEnsembleModel_Alpha158_csi300_custom_step0_s_20260521_16,f7e54c4986db439ea3d1919f2e80528d,0.07,,,
3792,2026-05-21,SH601169,0.0666865224090032,EXP_DEnsembleModel_Alpha158_csi300_custom_step0_s_20260521_16,f7e54c4986db439ea3d1919f2e80528d,0.07,,,
3793,2026-05-21,SH601166,0.015070785564191619,EXP_DEnsembleModel_Alpha158_csi300_custom_step0_s_20260521_16,f7e54c4986db439ea3d1919f2e80528d,0.07,,,
3794,2026-05-21,SH601236,-0.026320543416863403,EXP_DEnsembleModel_Alpha158_csi300_custom_step0_s_20260521_16,f7e54c4986db439ea3d1919f2e80528d,0.07,,,
3795,2026-05-21,SH688506,0.07438609851210574,EXP_LGBModel_Alpha158_csi300_custom_step0_s_20260521_18,d635708e267f4fe3a57ad356209ae40d,0.043,,,
3796,2026-05-21,SH600025,0.05748191911134379,EXP_DEnsembleModel_Alpha158_csi300_custom_step0_s_20260521_16,f7e54c4986db439ea3d1919f2e80528d,0.07,,,
3797,2026-05-21,SH600019,-0.06843259075528178,EXP_DEnsembleModel_Alpha158_csi300_custom_step0_s_20260521_16,f7e54c4986db439ea3d1919f2e80528d,0.07,,,
3798,2026-05-21,SZ000625,-0.05430443312956745,EXP_DEnsembleModel_Alpha158_csi300_custom_step0_s_20260521_16,cfbe3c5d0b8a4b80ba7d0b30d9763eeb,0.073,,,
3799,2026-05-21,SZ000630,-0.10744222809039025,EXP_DEnsembleModel_Alpha158_csi300_custom_step0_s_20260521_16,cfbe3c5d0b8a4b80ba7d0b30d9763eeb,0.073,,,
3800,2026-05-21,SZ000651,0.0522389012786611,EXP_DEnsembleModel_Alpha158_csi300_custom_step0_s_20260521_16,cfbe3c5d0b8a4b80ba7d0b30d9763eeb,0.073,,,
3801,2026-05-21,SZ000661,-0.08542707617357849,EXP_DEnsembleModel_Alpha158_csi300_custom_step0_s_20260521_16,cfbe3c5d0b8a4b80ba7d0b30d9763eeb,0.073,,,
3802,2026-05-21,SZ000708,-0.006490808943501508,EXP_DEnsembleModel_Alpha158_csi300_custom_step0_s_20260521_16,cfbe3c5d0b8a4b80ba7d0b30d9763eeb,0.073,,,
3803,2026-05-21,SZ000725,0.07553328911839154,EXP_DEnsembleModel_Alpha158_csi300_custom_step0_s_20260521_16,cfbe3c5d0b8a4b80ba7d0b30d9763eeb,0.073,,,
3804,2026-05-21,SZ000768,-0.09148866891879721,EXP_DEnsembleModel_Alpha158_csi300_custom_step0_s_20260521_16,cfbe3c5d0b8a4b80ba7d0b30d9763eeb,0.073,,,
3805,2026-05-21,SZ000776,-0.06852762233140618,EXP_DEnsembleModel_Alpha158_csi300_custom_step0_s_20260521_16,cfbe3c5d0b8a4b80ba7d0b30d9763eeb,0.073,,,
3806,2026-05-21,SZ000786,-0.11744825468508419,EXP_DEnsembleModel_Alpha158_csi300_custom_step0_s_20260521_16,cfbe3c5d0b8a4b80ba7d0b30d9763eeb,0.073,,,
3807,2026-05-21,SZ000792,-0.10063415529204589,EXP_DEnsembleModel_Alpha158_csi300_custom_step0_s_20260521_16,cfbe3c5d0b8a4b80ba7d0b30d9763eeb,0.073,,,
3808,2026-05-21,SZ000807,-0.06299141402902156,EXP_DEnsembleModel_Alpha158_csi300_custom_step0_s_20260521_16,cfbe3c5d0b8a4b80ba7d0b30d9763eeb,0.073,,,
3809,2026-05-21,SZ000858,-0.02902747710237288,EXP_DEnsembleModel_Alpha158_csi300_custom_step0_s_20260521_16,cfbe3c5d0b8a4b80ba7d0b30d9763eeb,0.073,,,
3810,2026-05-21,SZ000876,-0.09466998598822451,EXP_DEnsembleModel_Alpha158_csi300_custom_step0_s_20260521_16,cfbe3c5d0b8a4b80ba7d0b30d9763eeb,0.073,,,
3811,2026-05-21,SZ000895,-0.015436953906657641,EXP_DEnsembleModel_Alpha158_csi300_custom_step0_s_20260521_16,cfbe3c5d0b8a4b80ba7d0b30d9763eeb,0.073,,,
3812,2026-05-21,SZ000938,0.09605942664128927,EXP_DEnsembleModel_Alpha158_csi300_custom_step0_s_20260521_16,cfbe3c5d0b8a4b80ba7d0b30d9763eeb,0.073,,,
3813,2026-05-21,SZ000963,-0.0460314738262337,EXP_DEnsembleModel_Alpha158_csi300_custom_step0_s_20260521_16,cfbe3c5d0b8a4b80ba7d0b30d9763eeb,0.073,,,
3814,2026-05-21,SZ000975,-0.07384663835433102,EXP_DEnsembleModel_Alpha158_csi300_custom_step0_s_20260521_16,cfbe3c5d0b8a4b80ba7d0b30d9763eeb,0.073,,,
3815,2026-05-21,SZ002179,0.005029126810918921,EXP_DEnsembleModel_Alpha158_csi300_custom_step0_s_20260521_16,cfbe3c5d0b8a4b80ba7d0b30d9763eeb,0.073,,,
3816,2026-05-21,SZ002142,-0.02230585304786797,EXP_DEnsembleModel_Alpha158_csi300_custom_step0_s_20260521_16,cfbe3c5d0b8a4b80ba7d0b30d9763eeb,0.073,,,
3817,2026-05-21,SZ002074,-0.1366163708493231,EXP_DEnsembleModel_Alpha158_csi300_custom_step0_s_20260521_16,cfbe3c5d0b8a4b80ba7d0b30d9763eeb,0.073,,,
3818,2026-05-21,SZ002050,-0.05884900893128473,EXP_DEnsembleModel_Alpha158_csi300_custom_step0_s_20260521_16,cfbe3c5d0b8a4b80ba7d0b30d9763eeb,0.073,,,
3819,2026-05-21,SZ002049,0.04797545051526326,EXP_DEnsembleModel_Alpha158_csi300_custom_step0_s_20260521_16,cfbe3c5d0b8a4b80ba7d0b30d9763eeb,0.073,,,
3820,2026-05-21,SZ002028,-0.05475605446204401,EXP_DEnsembleModel_Alpha158_csi300_custom_step0_s_20260521_16,cfbe3c5d0b8a4b80ba7d0b30d9763eeb,0.073,,,
3821,2026-05-21,SZ000617,-0.05415493741792658,EXP_DEnsembleModel_Alpha158_csi300_custom_step0_s_20260521_16,cfbe3c5d0b8a4b80ba7d0b30d9763eeb,0.073,,,
3822,2026-05-21,SZ002027,-0.10471230261735821,EXP_DEnsembleModel_Alpha158_csi300_custom_step0_s_20260521_16,cfbe3c5d0b8a4b80ba7d0b30d9763eeb,0.073,,,
3823,2026-05-21,SZ001979,-0.12941643737643235,EXP_DEnsembleModel_Alpha158_csi300_custom_step0_s_20260521_16,cfbe3c5d0b8a4b80ba7d0b30d9763eeb,0.073,,,
3824,2026-05-21,SZ001965,0.021346587406677726,EXP_DEnsembleModel_Alpha158_csi300_custom_step0_s_20260521_16,cfbe3c5d0b8a4b80ba7d0b30d9763eeb,0.073,,,
3825,2026-05-21,SZ001391,0.013072970834317384,EXP_DEnsembleModel_Alpha158_csi300_custom_step0_s_20260521_16,cfbe3c5d0b8a4b80ba7d0b30d9763eeb,0.073,,,
3826,2026-05-21,SZ000999,0.03094966617755027,EXP_DEnsembleModel_Alpha158_csi300_custom_step0_s_20260521_16,cfbe3c5d0b8a4b80ba7d0b30d9763eeb,0.073,,,
3827,2026-05-21,SZ000983,-0.09440138795421886,EXP_DEnsembleModel_Alpha158_csi300_custom_step0_s_20260521_16,cfbe3c5d0b8a4b80ba7d0b30d9763eeb,0.073,,,
3828,2026-05-21,SZ000977,0.0036188595924525387,EXP_DEnsembleModel_Alpha158_csi300_custom_step0_s_20260521_16,cfbe3c5d0b8a4b80ba7d0b30d9763eeb,0.073,,,
3829,2026-05-21,SZ002001,-0.01870965033540885,EXP_DEnsembleModel_Alpha158_csi300_custom_step0_s_20260521_16,cfbe3c5d0b8a4b80ba7d0b30d9763eeb,0.073,,,
3830,2026-05-21,SZ002230,-0.10448758185244876,EXP_DEnsembleModel_Alpha158_csi300_custom_step0_s_20260521_16,cfbe3c5d0b8a4b80ba7d0b30d9763eeb,0.073,,,
3831,2026-05-21,SZ000596,-0.06203219023496152,EXP_DEnsembleModel_Alpha158_csi300_custom_step0_s_20260521_16,cfbe3c5d0b8a4b80ba7d0b30d9763eeb,0.073,,,
3832,2026-05-21,SZ000538,0.021932128374827265,EXP_DEnsembleModel_Alpha158_csi300_custom_step0_s_20260521_16,cfbe3c5d0b8a4b80ba7d0b30d9763eeb,0.073,,,
3833,2026-05-21,SH605499,-0.10066098596940921,EXP_DEnsembleModel_Alpha158_csi300_custom_step0_s_20260521_16,cfbe3c5d0b8a4b80ba7d0b30d9763eeb,0.073,,,
3834,2026-05-21,SH688008,-0.01538658067104216,EXP_DEnsembleModel_Alpha158_csi300_custom_step0_s_20260521_16,cfbe3c5d0b8a4b80ba7d0b30d9763eeb,0.073,,,
3835,2026-05-21,SH688009,0.034726827421896055,EXP_DEnsembleModel_Alpha158_csi300_custom_step0_s_20260521_16,cfbe3c5d0b8a4b80ba7d0b30d9763eeb,0.073,,,
3836,2026-05-21,SH688012,0.07786275535038098,EXP_DEnsembleModel_Alpha158_csi300_custom_step0_s_20260521_16,cfbe3c5d0b8a4b80ba7d0b30d9763eeb,0.073,,,
3837,2026-05-21,SH688036,0.03223537962078677,EXP_DEnsembleModel_Alpha158_csi300_custom_step0_s_20260521_16,cfbe3c5d0b8a4b80ba7d0b30d9763eeb,0.073,,,
3838,2026-05-21,SH688041,0.09210552167223793,EXP_DEnsembleModel_Alpha158_csi300_custom_step0_s_20260521_16,cfbe3c5d0b8a4b80ba7d0b30d9763eeb,0.073,,,
3839,2026-05-21,SH688047,0.03264713425056161,EXP_DEnsembleModel_Alpha158_csi300_custom_step0_s_20260521_16,cfbe3c5d0b8a4b80ba7d0b30d9763eeb,0.073,,,
3840,2026-05-21,SH688082,0.08986236991418974,EXP_DEnsembleModel_Alpha158_csi300_custom_step0_s_20260521_16,cfbe3c5d0b8a4b80ba7d0b30d9763eeb,0.073,,,
3841,2026-05-21,SH688111,-0.18583708793687007,EXP_DEnsembleModel_Alpha158_csi300_custom_step0_s_20260521_16,cfbe3c5d0b8a4b80ba7d0b30d9763eeb,0.073,,,
3842,2026-05-21,SH688126,0.030526266971390794,EXP_DEnsembleModel_Alpha158_csi300_custom_step0_s_20260521_16,cfbe3c5d0b8a4b80ba7d0b30d9763eeb,0.073,,,
3843,2026-05-21,SH688169,-0.1474907731928868,EXP_DEnsembleModel_Alpha158_csi300_custom_step0_s_20260521_16,cfbe3c5d0b8a4b80ba7d0b30d9763eeb,0.073,,,
3844,2026-05-21,SH688187,0.002285191355908412,EXP_DEnsembleModel_Alpha158_csi300_custom_step0_s_20260521_16,cfbe3c5d0b8a4b80ba7d0b30d9763eeb,0.073,,,
3845,2026-05-21,SH688223,-0.026839029134372184,EXP_DEnsembleModel_Alpha158_csi300_custom_step0_s_20260521_16,cfbe3c5d0b8a4b80ba7d0b30d9763eeb,0.073,,,
3846,2026-05-21,SH688256,0.03107844041291714,EXP_DEnsembleModel_Alpha158_csi300_custom_step0_s_20260521_16,cfbe3c5d0b8a4b80ba7d0b30d9763eeb,0.073,,,
3847,2026-05-21,SH688271,0.0781246323735794,EXP_DEnsembleModel_Alpha158_csi300_custom_step0_s_20260521_16,cfbe3c5d0b8a4b80ba7d0b30d9763eeb,0.073,,,
3848,2026-05-21,SH688303,-0.18669618102690402,EXP_DEnsembleModel_Alpha158_csi300_custom_step0_s_20260521_16,cfbe3c5d0b8a4b80ba7d0b30d9763eeb,0.073,,,
3849,2026-05-21,SH688396,0.0996349752685915,EXP_DEnsembleModel_Alpha158_csi300_custom_step0_s_20260521_16,cfbe3c5d0b8a4b80ba7d0b30d9763eeb,0.073,,,
3850,2026-05-21,SZ000425,-0.07295501263920559,EXP_DEnsembleModel_Alpha158_csi300_custom_step0_s_20260521_16,cfbe3c5d0b8a4b80ba7d0b30d9763eeb,0.073,,,
3851,2026-05-21,SZ000408,-0.12700738366380085,EXP_DEnsembleModel_Alpha158_csi300_custom_step0_s_20260521_16,cfbe3c5d0b8a4b80ba7d0b30d9763eeb,0.073,,,
3852,2026-05-21,SZ000338,0.09177562902961006,EXP_DEnsembleModel_Alpha158_csi300_custom_step0_s_20260521_16,cfbe3c5d0b8a4b80ba7d0b30d9763eeb,0.073,,,
3853,2026-05-21,SZ000333,0.13624088375280347,EXP_DEnsembleModel_Alpha158_csi300_custom_step0_s_20260521_16,cfbe3c5d0b8a4b80ba7d0b30d9763eeb,0.073,,,
3854,2026-05-21,SZ000301,0.013817829651739248,EXP_DEnsembleModel_Alpha158_csi300_custom_step0_s_20260521_16,cfbe3c5d0b8a4b80ba7d0b30d9763eeb,0.073,,,
3855,2026-05-21,SZ000166,-0.06712301390559916,EXP_DEnsembleModel_Alpha158_csi300_custom_step0_s_20260521_16,cfbe3c5d0b8a4b80ba7d0b30d9763eeb,0.073,,,
3856,2026-05-21,SZ000568,-0.07670349436494507,EXP_DEnsembleModel_Alpha158_csi300_custom_step0_s_20260521_16,cfbe3c5d0b8a4b80ba7d0b30d9763eeb,0.073,,,
3857,2026-05-21,SZ000157,-0.08619724651973326,EXP_DEnsembleModel_Alpha158_csi300_custom_step0_s_20260521_16,cfbe3c5d0b8a4b80ba7d0b30d9763eeb,0.073,,,
3858,2026-05-21,SZ000063,-0.03351725632691472,EXP_DEnsembleModel_Alpha158_csi300_custom_step0_s_20260521_16,cfbe3c5d0b8a4b80ba7d0b30d9763eeb,0.073,,,
3859,2026-05-21,SZ000002,-0.1393307098342005,EXP_DEnsembleModel_Alpha158_csi300_custom_step0_s_20260521_16,cfbe3c5d0b8a4b80ba7d0b30d9763eeb,0.073,,,
3860,2026-05-21,SZ000001,-0.018434503226280225,EXP_DEnsembleModel_Alpha158_csi300_custom_step0_s_20260521_16,cfbe3c5d0b8a4b80ba7d0b30d9763eeb,0.073,,,
3861,2026-05-21,SH688981,0.055785791335935725,EXP_DEnsembleModel_Alpha158_csi300_custom_step0_s_20260521_16,cfbe3c5d0b8a4b80ba7d0b30d9763eeb,0.073,,,
3862,2026-05-21,SH688506,-0.1254916247364313,EXP_DEnsembleModel_Alpha158_csi300_custom_step0_s_20260521_16,cfbe3c5d0b8a4b80ba7d0b30d9763eeb,0.073,,,
3863,2026-05-21,SH688472,-0.06314505606500627,EXP_DEnsembleModel_Alpha158_csi300_custom_step0_s_20260521_16,cfbe3c5d0b8a4b80ba7d0b30d9763eeb,0.073,,,
3864,2026-05-21,SZ000100,-0.009504141619124579,EXP_DEnsembleModel_Alpha158_csi300_custom_step0_s_20260521_16,cfbe3c5d0b8a4b80ba7d0b30d9763eeb,0.073,,,
3865,2026-05-21,SZ002236,-0.02624689357489797,EXP_DEnsembleModel_Alpha158_csi300_custom_step0_s_20260521_16,cfbe3c5d0b8a4b80ba7d0b30d9763eeb,0.073,,,
3866,2026-05-21,SZ002241,-0.015647436133073907,EXP_DEnsembleModel_Alpha158_csi300_custom_step0_s_20260521_16,cfbe3c5d0b8a4b80ba7d0b30d9763eeb,0.073,,,
3867,2026-05-21,SZ002252,-0.03517847594203379,EXP_DEnsembleModel_Alpha158_csi300_custom_step0_s_20260521_16,cfbe3c5d0b8a4b80ba7d0b30d9763eeb,0.073,,,
3868,2026-05-21,SZ300394,-0.015245285518415677,EXP_DEnsembleModel_Alpha158_csi300_custom_step0_s_20260521_16,cfbe3c5d0b8a4b80ba7d0b30d9763eeb,0.073,,,
3869,2026-05-21,SZ300408,-0.0687059187953915,EXP_DEnsembleModel_Alpha158_csi300_custom_step0_s_20260521_16,cfbe3c5d0b8a4b80ba7d0b30d9763eeb,0.073,,,
3870,2026-05-21,SZ300413,-0.10598420384501495,EXP_DEnsembleModel_Alpha158_csi300_custom_step0_s_20260521_16,cfbe3c5d0b8a4b80ba7d0b30d9763eeb,0.073,,,
3871,2026-05-21,SZ300418,-0.14282264526471042,EXP_DEnsembleModel_Alpha158_csi300_custom_step0_s_20260521_16,cfbe3c5d0b8a4b80ba7d0b30d9763eeb,0.073,,,
3872,2026-05-21,SZ300433,0.10975156129576204,EXP_DEnsembleModel_Alpha158_csi300_custom_step0_s_20260521_16,cfbe3c5d0b8a4b80ba7d0b30d9763eeb,0.073,,,
3873,2026-05-21,SZ300442,-0.051340614181447974,EXP_DEnsembleModel_Alpha158_csi300_custom_step0_s_20260521_16,cfbe3c5d0b8a4b80ba7d0b30d9763eeb,0.073,,,
3874,2026-05-21,SZ300476,0.06768393168640711,EXP_DEnsembleModel_Alpha158_csi300_custom_step0_s_20260521_16,cfbe3c5d0b8a4b80ba7d0b30d9763eeb,0.073,,,
3875,2026-05-21,SZ300498,-0.10733827432516241,EXP_DEnsembleModel_Alpha158_csi300_custom_step0_s_20260521_16,cfbe3c5d0b8a4b80ba7d0b30d9763eeb,0.073,,,
3876,2026-05-21,SZ300502,0.10352522297363066,EXP_DEnsembleModel_Alpha158_csi300_custom_step0_s_20260521_16,cfbe3c5d0b8a4b80ba7d0b30d9763eeb,0.073,,,
3877,2026-05-21,SZ300628,0.018763377827349378,EXP_DEnsembleModel_Alpha158_csi300_custom_step0_s_20260521_16,cfbe3c5d0b8a4b80ba7d0b30d9763eeb,0.073,,,
3878,2026-05-21,SZ300661,0.023654875017497193,EXP_DEnsembleModel_Alpha158_csi300_custom_step0_s_20260521_16,cfbe3c5d0b8a4b80ba7d0b30d9763eeb,0.073,,,
3879,2026-05-21,SZ300750,0.016087877948504102,EXP_DEnsembleModel_Alpha158_csi300_custom_step0_s_20260521_16,cfbe3c5d0b8a4b80ba7d0b30d9763eeb,0.073,,,
3880,2026-05-21,SZ300759,-0.06823988922842675,EXP_DEnsembleModel_Alpha158_csi300_custom_step0_s_20260521_16,cfbe3c5d0b8a4b80ba7d0b30d9763eeb,0.073,,,
3881,2026-05-21,SZ300760,-0.0671544347649595,EXP_DEnsembleModel_Alpha158_csi300_custom_step0_s_20260521_16,cfbe3c5d0b8a4b80ba7d0b30d9763eeb,0.073,,,
3882,2026-05-21,SZ300782,0.3340236865185014,EXP_DEnsembleModel_Alpha158_csi300_custom_step0_s_20260521_16,cfbe3c5d0b8a4b80ba7d0b30d9763eeb,0.073,,,
3883,2026-05-21,SZ300803,-0.11157860031260194,EXP_DEnsembleModel_Alpha158_csi300_custom_step0_s_20260521_16,cfbe3c5d0b8a4b80ba7d0b30d9763eeb,0.073,,,
3884,2026-05-21,SZ300832,-0.026226442491420303,EXP_DEnsembleModel_Alpha158_csi300_custom_step0_s_20260521_16,cfbe3c5d0b8a4b80ba7d0b30d9763eeb,0.073,,,
3885,2026-05-21,SH600018,0.14219573752815276,EXP_DEnsembleModel_Alpha158_csi300_custom_step0_s_20260521_16,f7e54c4986db439ea3d1919f2e80528d,0.07,,,
3886,2026-05-21,SH600016,0.062461822410448814,EXP_DEnsembleModel_Alpha158_csi300_custom_step0_s_20260521_16,f7e54c4986db439ea3d1919f2e80528d,0.07,,,
3887,2026-05-21,SH600015,0.07780277505237547,EXP_DEnsembleModel_Alpha158_csi300_custom_step0_s_20260521_16,f7e54c4986db439ea3d1919f2e80528d,0.07,,,
3888,2026-05-21,SH600011,-0.013432198721033873,EXP_DEnsembleModel_Alpha158_csi300_custom_step0_s_20260521_16,f7e54c4986db439ea3d1919f2e80528d,0.07,,,
3889,2026-05-21,SH600010,-0.1351490200438748,EXP_DEnsembleModel_Alpha158_csi300_custom_step0_s_20260521_16,f7e54c4986db439ea3d1919f2e80528d,0.07,,,
3890,2026-05-21,SH600009,-0.0006636150754703777,EXP_DEnsembleModel_Alpha158_csi300_custom_step0_s_20260521_16,f7e54c4986db439ea3d1919f2e80528d,0.07,,,
3891,2026-05-21,SZ300347,-0.08175449458500605,EXP_DEnsembleModel_Alpha158_csi300_custom_step0_s_20260521_16,cfbe3c5d0b8a4b80ba7d0b30d9763eeb,0.073,,,
3892,2026-05-21,SH600000,0.02298369240146256,EXP_DEnsembleModel_Alpha158_csi300_custom_step0_s_20260521_16,f7e54c4986db439ea3d1919f2e80528d,0.07,,,
3893,2026-05-21,SZ301269,-0.009655428242867404,EXP_DEnsembleModel_Alpha158_csi300_custom_step0_s_20260521_16,cfbe3c5d0b8a4b80ba7d0b30d9763eeb,0.073,,,
3894,2026-05-21,SZ301236,-0.2124178130806093,EXP_DEnsembleModel_Alpha158_csi300_custom_step0_s_20260521_16,cfbe3c5d0b8a4b80ba7d0b30d9763eeb,0.073,,,
3895,2026-05-21,SZ300999,-0.10035910036420005,EXP_DEnsembleModel_Alpha158_csi300_custom_step0_s_20260521_16,cfbe3c5d0b8a4b80ba7d0b30d9763eeb,0.073,,,
3896,2026-05-21,SZ300979,-0.050664816047391904,EXP_DEnsembleModel_Alpha158_csi300_custom_step0_s_20260521_16,cfbe3c5d0b8a4b80ba7d0b30d9763eeb,0.073,,,
3897,2026-05-21,SZ300896,-0.16510205332938654,EXP_DEnsembleModel_Alpha158_csi300_custom_step0_s_20260521_16,cfbe3c5d0b8a4b80ba7d0b30d9763eeb,0.073,,,
3898,2026-05-21,SZ300866,0.09799461422840991,EXP_DEnsembleModel_Alpha158_csi300_custom_step0_s_20260521_16,cfbe3c5d0b8a4b80ba7d0b30d9763eeb,0.073,,,
3899,2026-05-21,SZ302132,-0.1504642787534065,EXP_DEnsembleModel_Alpha158_csi300_custom_step0_s_20260521_16,cfbe3c5d0b8a4b80ba7d0b30d9763eeb,0.073,,,
3900,2026-05-21,SZ300316,0.03357984223930625,EXP_DEnsembleModel_Alpha158_csi300_custom_step0_s_20260521_16,cfbe3c5d0b8a4b80ba7d0b30d9763eeb,0.073,,,
3901,2026-05-21,SZ300308,0.12868302986769342,EXP_DEnsembleModel_Alpha158_csi300_custom_step0_s_20260521_16,cfbe3c5d0b8a4b80ba7d0b30d9763eeb,0.073,,,
3902,2026-05-21,SZ300274,-0.10870812225309964,EXP_DEnsembleModel_Alpha158_csi300_custom_step0_s_20260521_16,cfbe3c5d0b8a4b80ba7d0b30d9763eeb,0.073,,,
3903,2026-05-21,SZ002594,-0.05132553285939915,EXP_DEnsembleModel_Alpha158_csi300_custom_step0_s_20260521_16,cfbe3c5d0b8a4b80ba7d0b30d9763eeb,0.073,,,
3904,2026-05-21,SZ002493,-0.11676286495452215,EXP_DEnsembleModel_Alpha158_csi300_custom_step0_s_20260521_16,cfbe3c5d0b8a4b80ba7d0b30d9763eeb,0.073,,,
3905,2026-05-21,SZ002475,0.14992869277475598,EXP_DEnsembleModel_Alpha158_csi300_custom_step0_s_20260521_16,cfbe3c5d0b8a4b80ba7d0b30d9763eeb,0.073,,,
3906,2026-05-21,SZ002466,0.06324912863351836,EXP_DEnsembleModel_Alpha158_csi300_custom_step0_s_20260521_16,cfbe3c5d0b8a4b80ba7d0b30d9763eeb,0.073,,,
3907,2026-05-21,SZ002463,-0.12540640463888778,EXP_DEnsembleModel_Alpha158_csi300_custom_step0_s_20260521_16,cfbe3c5d0b8a4b80ba7d0b30d9763eeb,0.073,,,
3908,2026-05-21,SZ002460,-0.05300310113180461,EXP_DEnsembleModel_Alpha158_csi300_custom_step0_s_20260521_16,cfbe3c5d0b8a4b80ba7d0b30d9763eeb,0.073,,,
3909,2026-05-21,SZ002600,0.10503667460167686,EXP_DEnsembleModel_Alpha158_csi300_custom_step0_s_20260521_16,cfbe3c5d0b8a4b80ba7d0b30d9763eeb,0.073,,,
3910,2026-05-21,SZ002459,-0.08844289106835132,EXP_DEnsembleModel_Alpha158_csi300_custom_step0_s_20260521_16,cfbe3c5d0b8a4b80ba7d0b30d9763eeb,0.073,,,
3911,2026-05-21,SZ002415,-0.041352675464798365,EXP_DEnsembleModel_Alpha158_csi300_custom_step0_s_20260521_16,cfbe3c5d0b8a4b80ba7d0b30d9763eeb,0.073,,,
3912,2026-05-21,SZ002384,0.13624246510882554,EXP_DEnsembleModel_Alpha158_csi300_custom_step0_s_20260521_16,cfbe3c5d0b8a4b80ba7d0b30d9763eeb,0.073,,,
3913,2026-05-21,SZ002371,-0.04770418292020398,EXP_DEnsembleModel_Alpha158_csi300_custom_step0_s_20260521_16,cfbe3c5d0b8a4b80ba7d0b30d9763eeb,0.073,,,
3914,2026-05-21,SZ002352,-0.019244059343514072,EXP_DEnsembleModel_Alpha158_csi300_custom_step0_s_20260521_16,cfbe3c5d0b8a4b80ba7d0b30d9763eeb,0.073,,,
3915,2026-05-21,SZ002311,0.005947085626945998,EXP_DEnsembleModel_Alpha158_csi300_custom_step0_s_20260521_16,cfbe3c5d0b8a4b80ba7d0b30d9763eeb,0.073,,,
3916,2026-05-21,SZ002304,-0.05363410879088108,EXP_DEnsembleModel_Alpha158_csi300_custom_step0_s_20260521_16,cfbe3c5d0b8a4b80ba7d0b30d9763eeb,0.073,,,
3917,2026-05-21,SZ002422,-0.051564946884364526,EXP_DEnsembleModel_Alpha158_csi300_custom_step0_s_20260521_16,cfbe3c5d0b8a4b80ba7d0b30d9763eeb,0.073,,,
3918,2026-05-21,SH600023,-0.04447237895456483,EXP_DEnsembleModel_Alpha158_csi300_custom_step0_s_20260521_16,f7e54c4986db439ea3d1919f2e80528d,0.07,,,
3919,2026-05-21,SZ002601,-0.028600343994455973,EXP_DEnsembleModel_Alpha158_csi300_custom_step0_s_20260521_16,cfbe3c5d0b8a4b80ba7d0b30d9763eeb,0.073,,,
3920,2026-05-21,SZ002648,-0.0633719828441243,EXP_DEnsembleModel_Alpha158_csi300_custom_step0_s_20260521_16,cfbe3c5d0b8a4b80ba7d0b30d9763eeb,0.073,,,
3921,2026-05-21,SZ300251,-0.03154705048288908,EXP_DEnsembleModel_Alpha158_csi300_custom_step0_s_20260521_16,cfbe3c5d0b8a4b80ba7d0b30d9763eeb,0.073,,,
3922,2026-05-21,SZ300124,0.08171402400631105,EXP_DEnsembleModel_Alpha158_csi300_custom_step0_s_20260521_16,cfbe3c5d0b8a4b80ba7d0b30d9763eeb,0.073,,,
3923,2026-05-21,SZ300122,-0.14514799359166566,EXP_DEnsembleModel_Alpha158_csi300_custom_step0_s_20260521_16,cfbe3c5d0b8a4b80ba7d0b30d9763eeb,0.073,,,
3924,2026-05-21,SZ300059,-0.12383415739049011,EXP_DEnsembleModel_Alpha158_csi300_custom_step0_s_20260521_16,cfbe3c5d0b8a4b80ba7d0b30d9763eeb,0.073,,,
3925,2026-05-21,SZ300033,-0.06554649249079116,EXP_DEnsembleModel_Alpha158_csi300_custom_step0_s_20260521_16,cfbe3c5d0b8a4b80ba7d0b30d9763eeb,0.073,,,
3926,2026-05-21,SZ300015,-0.10088096819859461,EXP_DEnsembleModel_Alpha158_csi300_custom_step0_s_20260521_16,cfbe3c5d0b8a4b80ba7d0b30d9763eeb,0.073,,,
3927,2026-05-21,SZ002625,-0.12776709171431522,EXP_DEnsembleModel_Alpha158_csi300_custom_step0_s_20260521_16,cfbe3c5d0b8a4b80ba7d0b30d9763eeb,0.073,,,
3928,2026-05-21,SZ300014,-0.10332386277839802,EXP_DEnsembleModel_Alpha158_csi300_custom_step0_s_20260521_16,cfbe3c5d0b8a4b80ba7d0b30d9763eeb,0.073,,,
3929,2026-05-21,SZ002938,-0.15632213811828904,EXP_DEnsembleModel_Alpha158_csi300_custom_step0_s_20260521_16,cfbe3c5d0b8a4b80ba7d0b30d9763eeb,0.073,,,
3930,2026-05-21,SZ002920,0.062337361251619185,EXP_DEnsembleModel_Alpha158_csi300_custom_step0_s_20260521_16,cfbe3c5d0b8a4b80ba7d0b30d9763eeb,0.073,,,
3931,2026-05-21,SZ002916,-0.11402191376343841,EXP_DEnsembleModel_Alpha158_csi300_custom_step0_s_20260521_16,cfbe3c5d0b8a4b80ba7d0b30d9763eeb,0.073,,,
3932,2026-05-21,SZ002736,-0.04631474446530514,EXP_DEnsembleModel_Alpha158_csi300_custom_step0_s_20260521_16,cfbe3c5d0b8a4b80ba7d0b30d9763eeb,0.073,,,
3933,2026-05-21,SZ002714,-0.14412156496629075,EXP_DEnsembleModel_Alpha158_csi300_custom_step0_s_20260521_16,cfbe3c5d0b8a4b80ba7d0b30d9763eeb,0.073,,,
3934,2026-05-21,SZ002709,-0.11622693543904097,EXP_DEnsembleModel_Alpha158_csi300_custom_step0_s_20260521_16,cfbe3c5d0b8a4b80ba7d0b30d9763eeb,0.073,,,
3935,2026-05-21,SZ003816,-0.004543349958355566,EXP_DEnsembleModel_Alpha158_csi300_custom_step0_s_20260521_16,cfbe3c5d0b8a4b80ba7d0b30d9763eeb,0.073,,,
3936,2026-05-21,SZ301269,-0.3741454780101776,EXP_XGBModel_Alpha158_csi300_custom_step0_s_20260521_15,a0e1a77afeeb4395ab3bcdfdece5e991,0.074,,,
3937,2026-05-21,SH688472,0.003093338458802989,EXP_LGBModel_Alpha158_csi300_custom_step0_s_20260521_18,d635708e267f4fe3a57ad356209ae40d,0.043,,,
3938,2026-05-21,SH688303,-0.0016308788775438385,EXP_LGBModel_Alpha158_csi300_custom_step0_s_20260521_18,d635708e267f4fe3a57ad356209ae40d,0.043,,,
3939,2026-05-21,SH601211,-0.006281993399009274,EXP_LGBModel_Alpha158_csi300_custom_step0_s_20260521_18,1b0a594df1a346e9a61b6cd6817b5b48,0.036,,,
3940,2026-05-21,SH601225,-0.002028148596625357,EXP_LGBModel_Alpha158_csi300_custom_step0_s_20260521_18,1b0a594df1a346e9a61b6cd6817b5b48,0.036,,,
3941,2026-05-21,SH601229,0.0026401300587069075,EXP_LGBModel_Alpha158_csi300_custom_step0_s_20260521_18,1b0a594df1a346e9a61b6cd6817b5b48,0.036,,,
3942,2026-05-21,SH601236,-0.006281993399009274,EXP_LGBModel_Alpha158_csi300_custom_step0_s_20260521_18,1b0a594df1a346e9a61b6cd6817b5b48,0.036,,,
3943,2026-05-21,SH601238,-0.004349604850388506,EXP_LGBModel_Alpha158_csi300_custom_step0_s_20260521_18,1b0a594df1a346e9a61b6cd6817b5b48,0.036,,,
3944,2026-05-21,SH601288,0.0006119818499911297,EXP_LGBModel_Alpha158_csi300_custom_step0_s_20260521_18,1b0a594df1a346e9a61b6cd6817b5b48,0.036,,,
3945,2026-05-21,SH601298,0.00032614159080814444,EXP_LGBModel_Alpha158_csi300_custom_step0_s_20260521_18,1b0a594df1a346e9a61b6cd6817b5b48,0.036,,,
3946,2026-05-21,SH601318,-0.006281993399009274,EXP_LGBModel_Alpha158_csi300_custom_step0_s_20260521_18,1b0a594df1a346e9a61b6cd6817b5b48,0.036,,,
3947,2026-05-21,SH601319,-0.006281993399009274,EXP_LGBModel_Alpha158_csi300_custom_step0_s_20260521_18,1b0a594df1a346e9a61b6cd6817b5b48,0.036,,,
3948,2026-05-21,SH601328,0.0016584853885360836,EXP_LGBModel_Alpha158_csi300_custom_step0_s_20260521_18,1b0a594df1a346e9a61b6cd6817b5b48,0.036,,,
3949,2026-05-21,SH601336,-0.006281993399009274,EXP_LGBModel_Alpha158_csi300_custom_step0_s_20260521_18,1b0a594df1a346e9a61b6cd6817b5b48,0.036,,,
3950,2026-05-21,SH601360,-0.0019323889365303471,EXP_LGBModel_Alpha158_csi300_custom_step0_s_20260521_18,1b0a594df1a346e9a61b6cd6817b5b48,0.036,,,
3951,2026-05-21,SH601377,-0.0019323889365303471,EXP_LGBModel_Alpha158_csi300_custom_step0_s_20260521_18,1b0a594df1a346e9a61b6cd6817b5b48,0.036,,,
3952,2026-05-21,SH601390,-0.002028148596625357,EXP_LGBModel_Alpha158_csi300_custom_step0_s_20260521_18,1b0a594df1a346e9a61b6cd6817b5b48,0.036,,,
3953,2026-05-21,SH601398,0.0025988945426983043,EXP_LGBModel_Alpha158_csi300_custom_step0_s_20260521_18,1b0a594df1a346e9a61b6cd6817b5b48,0.036,,,
3954,2026-05-21,SH601456,-0.006281993399009274,EXP_LGBModel_Alpha158_csi300_custom_step0_s_20260521_18,1b0a594df1a346e9a61b6cd6817b5b48,0.036,,,
3955,2026-05-21,SH601600,-0.006281993399009274,EXP_LGBModel_Alpha158_csi300_custom_step0_s_20260521_18,1b0a594df1a346e9a61b6cd6817b5b48,0.036,,,
3956,2026-05-21,SH601788,-0.006281993399009274,EXP_LGBModel_Alpha158_csi300_custom_step0_s_20260521_18,1b0a594df1a346e9a61b6cd6817b5b48,0.036,,,
3957,2026-05-21,SH601766,-3.8790957941350775e-10,EXP_LGBModel_Alpha158_csi300_custom_step0_s_20260521_18,1b0a594df1a346e9a61b6cd6817b5b48,0.036,,,
3958,2026-05-21,SH601728,-0.003960537145246125,EXP_LGBModel_Alpha158_csi300_custom_step0_s_20260521_18,1b0a594df1a346e9a61b6cd6817b5b48,0.036,,,
3959,2026-05-21,SH601698,-0.004253845190293496,EXP_LGBModel_Alpha158_csi300_custom_step0_s_20260521_18,1b0a594df1a346e9a61b6cd6817b5b48,0.036,,,
3960,2026-05-21,SH601689,0.001059188968045611,EXP_LGBModel_Alpha158_csi300_custom_step0_s_20260521_18,1b0a594df1a346e9a61b6cd6817b5b48,0.036,,,
3961,2026-05-21,SH601688,-0.006281993399009274,EXP_LGBModel_Alpha158_csi300_custom_step0_s_20260521_18,1b0a594df1a346e9a61b6cd6817b5b48,0.036,,,
3962,2026-05-21,SH601186,-3.8790957941350775e-10,EXP_LGBModel_Alpha158_csi300_custom_step0_s_20260521_18,1b0a594df1a346e9a61b6cd6817b5b48,0.036,,,
3963,2026-05-21,SH601669,-0.004349604850388506,EXP_LGBModel_Alpha158_csi300_custom_step0_s_20260521_18,1b0a594df1a346e9a61b6cd6817b5b48,0.036,,,
3964,2026-05-21,SH601658,0.0028301364196604614,EXP_LGBModel_Alpha158_csi300_custom_step0_s_20260521_18,1b0a594df1a346e9a61b6cd6817b5b48,0.036,,,
3965,2026-05-21,SH601633,-0.004349604850388506,EXP_LGBModel_Alpha158_csi300_custom_step0_s_20260521_18,1b0a594df1a346e9a61b6cd6817b5b48,0.036,,,
3966,2026-05-21,SH601628,-0.006281993399009274,EXP_LGBModel_Alpha158_csi300_custom_step0_s_20260521_18,1b0a594df1a346e9a61b6cd6817b5b48,0.036,,,
3967,2026-05-21,SH601618,-0.006281993399009274,EXP_LGBModel_Alpha158_csi300_custom_step0_s_20260521_18,1b0a594df1a346e9a61b6cd6817b5b48,0.036,,,
3968,2026-05-21,SH601607,-3.8790957941350775e-10,EXP_LGBModel_Alpha158_csi300_custom_step0_s_20260521_18,1b0a594df1a346e9a61b6cd6817b5b48,0.036,,,
3969,2026-05-21,SH601601,-0.006281993399009274,EXP_LGBModel_Alpha158_csi300_custom_step0_s_20260521_18,1b0a594df1a346e9a61b6cd6817b5b48,0.036,,,
3970,2026-05-21,SH601668,-3.8790957941350775e-10,EXP_LGBModel_Alpha158_csi300_custom_step0_s_20260521_18,1b0a594df1a346e9a61b6cd6817b5b48,0.036,,,
3971,2026-05-21,SH601800,-0.003962971800874163,EXP_LGBModel_Alpha158_csi300_custom_step0_s_20260521_18,1b0a594df1a346e9a61b6cd6817b5b48,0.036,,,
3972,2026-05-21,SH601169,-3.8790957941350775e-10,EXP_LGBModel_Alpha158_csi300_custom_step0_s_20260521_18,1b0a594df1a346e9a61b6cd6817b5b48,0.036,,,
3973,2026-05-21,SH601138,-0.006281993399009274,EXP_LGBModel_Alpha158_csi300_custom_step0_s_20260521_18,1b0a594df1a346e9a61b6cd6817b5b48,0.036,,,
3974,2026-05-21,SH600845,-0.006281993399009274,EXP_LGBModel_Alpha158_csi300_custom_step0_s_20260521_18,1b0a594df1a346e9a61b6cd6817b5b48,0.036,,,
3975,2026-05-21,SH600875,-0.0019323889365303471,EXP_LGBModel_Alpha158_csi300_custom_step0_s_20260521_18,1b0a594df1a346e9a61b6cd6817b5b48,0.036,,,
3976,2026-05-21,SH600886,0.0034421186575611705,EXP_LGBModel_Alpha158_csi300_custom_step0_s_20260521_18,1b0a594df1a346e9a61b6cd6817b5b48,0.036,,,
3977,2026-05-21,SH600887,-0.0006142675633540762,EXP_LGBModel_Alpha158_csi300_custom_step0_s_20260521_18,1b0a594df1a346e9a61b6cd6817b5b48,0.036,,,
3978,2026-05-21,SH600893,-0.004349604850388506,EXP_LGBModel_Alpha158_csi300_custom_step0_s_20260521_18,1b0a594df1a346e9a61b6cd6817b5b48,0.036,,,
3979,2026-05-21,SH600900,0.00032614159080814444,EXP_LGBModel_Alpha158_csi300_custom_step0_s_20260521_18,1b0a594df1a346e9a61b6cd6817b5b48,0.036,,,
3980,2026-05-21,SH600905,0.00032614159080814444,EXP_LGBModel_Alpha158_csi300_custom_step0_s_20260521_18,1b0a594df1a346e9a61b6cd6817b5b48,0.036,,,
3981,2026-05-21,SH600918,-0.0019323889365303471,EXP_LGBModel_Alpha158_csi300_custom_step0_s_20260521_18,1b0a594df1a346e9a61b6cd6817b5b48,0.036,,,
3982,2026-05-21,SH600919,0.005470266866276948,EXP_LGBModel_Alpha158_csi300_custom_step0_s_20260521_18,1b0a594df1a346e9a61b6cd6817b5b48,0.036,,,
3983,2026-05-21,SH600926,-0.0006142675633540762,EXP_LGBModel_Alpha158_csi300_custom_step0_s_20260521_18,1b0a594df1a346e9a61b6cd6817b5b48,0.036,,,
3984,2026-05-21,SH600930,-0.006281993399009274,EXP_LGBModel_Alpha158_csi300_custom_step0_s_20260521_18,1b0a594df1a346e9a61b6cd6817b5b48,0.036,,,
3985,2026-05-21,SH600938,-3.8790957941350775e-10,EXP_LGBModel_Alpha158_csi300_custom_step0_s_20260521_18,1b0a594df1a346e9a61b6cd6817b5b48,0.036,,,
3986,2026-05-21,SH600941,-0.002642415772069854,EXP_LGBModel_Alpha158_csi300_custom_step0_s_20260521_18,1b0a594df1a346e9a61b6cd6817b5b48,0.036,,,
3987,2026-05-21,SH600958,-3.8790957941350775e-10,EXP_LGBModel_Alpha158_csi300_custom_step0_s_20260521_18,1b0a594df1a346e9a61b6cd6817b5b48,0.036,,,
3988,2026-05-21,SH600989,-0.004349604850388506,EXP_LGBModel_Alpha158_csi300_custom_step0_s_20260521_18,1b0a594df1a346e9a61b6cd6817b5b48,0.036,,,
3989,2026-05-21,SH600999,0.0011985806153778963,EXP_LGBModel_Alpha158_csi300_custom_step0_s_20260521_18,1b0a594df1a346e9a61b6cd6817b5b48,0.036,,,
3990,2026-05-21,SH601006,0.00032614159080814444,EXP_LGBModel_Alpha158_csi300_custom_step0_s_20260521_18,1b0a594df1a346e9a61b6cd6817b5b48,0.036,,,
3991,2026-05-21,SH601136,-0.006281993399009274,EXP_LGBModel_Alpha158_csi300_custom_step0_s_20260521_18,1b0a594df1a346e9a61b6cd6817b5b48,0.036,,,
3992,2026-05-21,SH601127,-0.006281993399009274,EXP_LGBModel_Alpha158_csi300_custom_step0_s_20260521_18,1b0a594df1a346e9a61b6cd6817b5b48,0.036,,,
3993,2026-05-21,SH601117,-3.8790957941350775e-10,EXP_LGBModel_Alpha158_csi300_custom_step0_s_20260521_18,1b0a594df1a346e9a61b6cd6817b5b48,0.036,,,
3994,2026-05-21,SH601111,-0.006281993399009274,EXP_LGBModel_Alpha158_csi300_custom_step0_s_20260521_18,1b0a594df1a346e9a61b6cd6817b5b48,0.036,,,
3995,2026-05-21,SH601100,-0.001282384632510386,EXP_LGBModel_Alpha158_csi300_custom_step0_s_20260521_18,1b0a594df1a346e9a61b6cd6817b5b48,0.036,,,
3996,2026-05-21,SH601088,-0.0006142675633540762,EXP_LGBModel_Alpha158_csi300_custom_step0_s_20260521_18,1b0a594df1a346e9a61b6cd6817b5b48,0.036,,,
3997,2026-05-21,SH601166,0.0028301364196604614,EXP_LGBModel_Alpha158_csi300_custom_step0_s_20260521_18,1b0a594df1a346e9a61b6cd6817b5b48,0.036,,,
3998,2026-05-21,SH601077,-0.0022557827225555107,EXP_LGBModel_Alpha158_csi300_custom_step0_s_20260521_18,1b0a594df1a346e9a61b6cd6817b5b48,0.036,,,
3999,2026-05-21,SH601059,0.00032614159080814444,EXP_LGBModel_Alpha158_csi300_custom_step0_s_20260521_18,1b0a594df1a346e9a61b6cd6817b5b48,0.036,,,
4000,2026-05-21,SH601058,-0.006281993399009274,EXP_LGBModel_Alpha158_csi300_custom_step0_s_20260521_18,1b0a594df1a346e9a61b6cd6817b5b48,0.036,,,
4001,2026-05-21,SH601021,-0.005862371413612027,EXP_LGBModel_Alpha158_csi300_custom_step0_s_20260521_18,1b0a594df1a346e9a61b6cd6817b5b48,0.036,,,
4002,2026-05-21,SH601018,-0.002028148596625357,EXP_LGBModel_Alpha158_csi300_custom_step0_s_20260521_18,1b0a594df1a346e9a61b6cd6817b5b48,0.036,,,
4003,2026-05-21,SH601012,-0.004349604850388506,EXP_LGBModel_Alpha158_csi300_custom_step0_s_20260521_18,1b0a594df1a346e9a61b6cd6817b5b48,0.036,,,
4004,2026-05-21,SH601009,-3.8790957941350775e-10,EXP_LGBModel_Alpha158_csi300_custom_step0_s_20260521_18,1b0a594df1a346e9a61b6cd6817b5b48,0.036,,,
4005,2026-05-21,SH601066,0.00032614159080814444,EXP_LGBModel_Alpha158_csi300_custom_step0_s_20260521_18,1b0a594df1a346e9a61b6cd6817b5b48,0.036,,,
4006,2026-05-21,SH600809,-0.004349604850388506,EXP_LGBModel_Alpha158_csi300_custom_step0_s_20260521_18,1b0a594df1a346e9a61b6cd6817b5b48,0.036,,,
4007,2026-05-21,SH601808,-0.002642415772069854,EXP_LGBModel_Alpha158_csi300_custom_step0_s_20260521_18,1b0a594df1a346e9a61b6cd6817b5b48,0.036,,,
4008,2026-05-21,SH601818,0.0025988945426983043,EXP_LGBModel_Alpha158_csi300_custom_step0_s_20260521_18,1b0a594df1a346e9a61b6cd6817b5b48,0.036,,,
4009,2026-05-21,SH688009,-0.002321456641672729,EXP_LGBModel_Alpha158_csi300_custom_step0_s_20260521_18,1b0a594df1a346e9a61b6cd6817b5b48,0.036,,,
4010,2026-05-21,SH688012,-0.002227537451406051,EXP_LGBModel_Alpha158_csi300_custom_step0_s_20260521_18,1b0a594df1a346e9a61b6cd6817b5b48,0.036,,,
4011,2026-05-21,SH688036,-0.004253845190293496,EXP_LGBModel_Alpha158_csi300_custom_step0_s_20260521_18,1b0a594df1a346e9a61b6cd6817b5b48,0.036,,,
4012,2026-05-21,SH688041,0.008614924293747177,EXP_LGBModel_Alpha158_csi300_custom_step0_s_20260521_18,1b0a594df1a346e9a61b6cd6817b5b48,0.036,,,
4013,2026-05-21,SH688047,0.008614924293747177,EXP_LGBModel_Alpha158_csi300_custom_step0_s_20260521_18,1b0a594df1a346e9a61b6cd6817b5b48,0.036,,,
4014,2026-05-21,SH688082,-0.0060812885266599654,EXP_LGBModel_Alpha158_csi300_custom_step0_s_20260521_18,1b0a594df1a346e9a61b6cd6817b5b48,0.036,,,
4015,2026-05-21,SH688111,-0.004349604850388506,EXP_LGBModel_Alpha158_csi300_custom_step0_s_20260521_18,1b0a594df1a346e9a61b6cd6817b5b48,0.036,,,
4016,2026-05-21,SH688126,-0.004053140317944188,EXP_LGBModel_Alpha158_csi300_custom_step0_s_20260521_18,1b0a594df1a346e9a61b6cd6817b5b48,0.036,,,
4017,2026-05-21,SH688169,-0.0004910900338945163,EXP_LGBModel_Alpha158_csi300_custom_step0_s_20260521_18,1b0a594df1a346e9a61b6cd6817b5b48,0.036,,,
4018,2026-05-21,SH688187,-0.006281993399009274,EXP_LGBModel_Alpha158_csi300_custom_step0_s_20260521_18,1b0a594df1a346e9a61b6cd6817b5b48,0.036,,,
4019,2026-05-21,SH688223,-0.004253845190293496,EXP_LGBModel_Alpha158_csi300_custom_step0_s_20260521_18,1b0a594df1a346e9a61b6cd6817b5b48,0.036,,,
4020,2026-05-21,SH688256,0.010842461357243649,EXP_LGBModel_Alpha158_csi300_custom_step0_s_20260521_18,1b0a594df1a346e9a61b6cd6817b5b48,0.036,,,
4021,2026-05-21,SH688271,-0.002028148596625357,EXP_LGBModel_Alpha158_csi300_custom_step0_s_20260521_18,1b0a594df1a346e9a61b6cd6817b5b48,0.036,,,
4022,2026-05-21,SH688303,-0.004253845190293496,EXP_LGBModel_Alpha158_csi300_custom_step0_s_20260521_18,1b0a594df1a346e9a61b6cd6817b5b48,0.036,,,
4023,2026-05-21,SH688396,0.010842461357243649,EXP_LGBModel_Alpha158_csi300_custom_step0_s_20260521_18,1b0a594df1a346e9a61b6cd6817b5b48,0.036,,,
4024,2026-05-21,SH688472,-0.006281993399009274,EXP_LGBModel_Alpha158_csi300_custom_step0_s_20260521_18,1b0a594df1a346e9a61b6cd6817b5b48,0.036,,,
4025,2026-05-21,SH688506,0.0008047087593804859,EXP_LGBModel_Alpha158_csi300_custom_step0_s_20260521_18,1b0a594df1a346e9a61b6cd6817b5b48,0.036,,,
4026,2026-05-21,SZ000568,-3.8790957941350775e-10,EXP_LGBModel_Alpha158_csi300_custom_step0_s_20260521_18,1b0a594df1a346e9a61b6cd6817b5b48,0.036,,,
4027,2026-05-21,SZ000538,-3.8790957941350775e-10,EXP_LGBModel_Alpha158_csi300_custom_step0_s_20260521_18,1b0a594df1a346e9a61b6cd6817b5b48,0.036,,,
4028,2026-05-21,SZ000425,-0.006281993399009274,EXP_LGBModel_Alpha158_csi300_custom_step0_s_20260521_18,1b0a594df1a346e9a61b6cd6817b5b48,0.036,,,
4029,2026-05-21,SZ000408,-0.006281993399009274,EXP_LGBModel_Alpha158_csi300_custom_step0_s_20260521_18,1b0a594df1a346e9a61b6cd6817b5b48,0.036,,,
4030,2026-05-21,SZ000338,0.01570031043456832,EXP_LGBModel_Alpha158_csi300_custom_step0_s_20260521_18,1b0a594df1a346e9a61b6cd6817b5b48,0.036,,,
4031,2026-05-21,SZ000333,0.00032614159080814444,EXP_LGBModel_Alpha158_csi300_custom_step0_s_20260521_18,1b0a594df1a346e9a61b6cd6817b5b48,0.036,,,
4032,2026-05-21,SH688008,0.002622239200794719,EXP_LGBModel_Alpha158_csi300_custom_step0_s_20260521_18,1b0a594df1a346e9a61b6cd6817b5b48,0.036,,,
4033,2026-05-21,SZ000301,-0.002028148596625357,EXP_LGBModel_Alpha158_csi300_custom_step0_s_20260521_18,1b0a594df1a346e9a61b6cd6817b5b48,0.036,,,
4034,2026-05-21,SZ000157,-0.006281993399009274,EXP_LGBModel_Alpha158_csi300_custom_step0_s_20260521_18,1b0a594df1a346e9a61b6cd6817b5b48,0.036,,,
4035,2026-05-21,SZ000100,-0.0006142675633540762,EXP_LGBModel_Alpha158_csi300_custom_step0_s_20260521_18,1b0a594df1a346e9a61b6cd6817b5b48,0.036,,,
4036,2026-05-21,SZ000063,-0.003960537145246125,EXP_LGBModel_Alpha158_csi300_custom_step0_s_20260521_18,1b0a594df1a346e9a61b6cd6817b5b48,0.036,,,
4037,2026-05-21,SZ000002,-3.8790957941350775e-10,EXP_LGBModel_Alpha158_csi300_custom_step0_s_20260521_18,1b0a594df1a346e9a61b6cd6817b5b48,0.036,,,
4038,2026-05-21,SZ000001,-0.004253845190293496,EXP_LGBModel_Alpha158_csi300_custom_step0_s_20260521_18,1b0a594df1a346e9a61b6cd6817b5b48,0.036,,,
4039,2026-05-21,SH688981,-0.004349604850388506,EXP_LGBModel_Alpha158_csi300_custom_step0_s_20260521_18,1b0a594df1a346e9a61b6cd6817b5b48,0.036,,,
4040,2026-05-21,SZ000166,-0.006281993399009274,EXP_LGBModel_Alpha158_csi300_custom_step0_s_20260521_18,1b0a594df1a346e9a61b6cd6817b5b48,0.036,,,
4041,2026-05-21,SH601816,-0.0022557827225555107,EXP_LGBModel_Alpha158_csi300_custom_step0_s_20260521_18,1b0a594df1a346e9a61b6cd6817b5b48,0.036,,,
4042,2026-05-21,SH605499,-0.006281993399009274,EXP_LGBModel_Alpha158_csi300_custom_step0_s_20260521_18,1b0a594df1a346e9a61b6cd6817b5b48,0.036,,,
4043,2026-05-21,SH603993,-0.0019323889365303471,EXP_LGBModel_Alpha158_csi300_custom_step0_s_20260521_18,1b0a594df1a346e9a61b6cd6817b5b48,0.036,,,
4044,2026-05-21,SH601825,0.005470266866276948,EXP_LGBModel_Alpha158_csi300_custom_step0_s_20260521_18,1b0a594df1a346e9a61b6cd6817b5b48,0.036,,,
4045,2026-05-21,SH601838,0.005470266866276948,EXP_LGBModel_Alpha158_csi300_custom_step0_s_20260521_18,1b0a594df1a346e9a61b6cd6817b5b48,0.036,,,
4046,2026-05-21,SH601857,-0.003960537145246125,EXP_LGBModel_Alpha158_csi300_custom_step0_s_20260521_18,1b0a594df1a346e9a61b6cd6817b5b48,0.036,,,
4047,2026-05-21,SH601868,-0.002028148596625357,EXP_LGBModel_Alpha158_csi300_custom_step0_s_20260521_18,1b0a594df1a346e9a61b6cd6817b5b48,0.036,,,
4048,2026-05-21,SH601872,-0.004349604850388506,EXP_LGBModel_Alpha158_csi300_custom_step0_s_20260521_18,1b0a594df1a346e9a61b6cd6817b5b48,0.036,,,
4049,2026-05-21,SH601877,-0.006281993399009274,EXP_LGBModel_Alpha158_csi300_custom_step0_s_20260521_18,1b0a594df1a346e9a61b6cd6817b5b48,0.036,,,
4050,2026-05-21,SH601878,-0.003960537145246125,EXP_LGBModel_Alpha158_csi300_custom_step0_s_20260521_18,1b0a594df1a346e9a61b6cd6817b5b48,0.036,,,
4051,2026-05-21,SH601881,-0.0019323889365303471,EXP_LGBModel_Alpha158_csi300_custom_step0_s_20260521_18,1b0a594df1a346e9a61b6cd6817b5b48,0.036,,,
4052,2026-05-21,SH601888,-0.004349604850388506,EXP_LGBModel_Alpha158_csi300_custom_step0_s_20260521_18,1b0a594df1a346e9a61b6cd6817b5b48,0.036,,,
4053,2026-05-21,SH601898,-0.006281993399009274,EXP_LGBModel_Alpha158_csi300_custom_step0_s_20260521_18,1b0a594df1a346e9a61b6cd6817b5b48,0.036,,,
4054,2026-05-21,SH601899,-0.006281993399009274,EXP_LGBModel_Alpha158_csi300_custom_step0_s_20260521_18,1b0a594df1a346e9a61b6cd6817b5b48,0.036,,,
4055,2026-05-21,SH601901,-0.0035409151598488776,EXP_LGBModel_Alpha158_csi300_custom_step0_s_20260521_18,1b0a594df1a346e9a61b6cd6817b5b48,0.036,,,
4056,2026-05-21,SH601916,0.00032614159080814444,EXP_LGBModel_Alpha158_csi300_custom_step0_s_20260521_18,1b0a594df1a346e9a61b6cd6817b5b48,0.036,,,
4057,2026-05-21,SH601919,0.00032614159080814444,EXP_LGBModel_Alpha158_csi300_custom_step0_s_20260521_18,1b0a594df1a346e9a61b6cd6817b5b48,0.036,,,
4058,2026-05-21,SH601939,0.001550278614030548,EXP_LGBModel_Alpha158_csi300_custom_step0_s_20260521_18,1b0a594df1a346e9a61b6cd6817b5b48,0.036,,,
4059,2026-05-21,SH601985,-0.0019323889365303471,EXP_LGBModel_Alpha158_csi300_custom_step0_s_20260521_18,1b0a594df1a346e9a61b6cd6817b5b48,0.036,,,
4060,2026-05-21,SH601988,0.00032614159080814444,EXP_LGBModel_Alpha158_csi300_custom_step0_s_20260521_18,1b0a594df1a346e9a61b6cd6817b5b48,0.036,,,
4061,2026-05-21,SH603986,-0.002227537451406051,EXP_LGBModel_Alpha158_csi300_custom_step0_s_20260521_18,1b0a594df1a346e9a61b6cd6817b5b48,0.036,,,
4062,2026-05-21,SH603893,-0.006281993399009274,EXP_LGBModel_Alpha158_csi300_custom_step0_s_20260521_18,1b0a594df1a346e9a61b6cd6817b5b48,0.036,,,
4063,2026-05-21,SH603799,-3.8790957941350775e-10,EXP_LGBModel_Alpha158_csi300_custom_step0_s_20260521_18,1b0a594df1a346e9a61b6cd6817b5b48,0.036,,,
4064,2026-05-21,SH603501,-0.002642415772069854,EXP_LGBModel_Alpha158_csi300_custom_step0_s_20260521_18,1b0a594df1a346e9a61b6cd6817b5b48,0.036,,,
4065,2026-05-21,SH603392,-0.005895360349494931,EXP_LGBModel_Alpha158_csi300_custom_step0_s_20260521_18,1b0a594df1a346e9a61b6cd6817b5b48,0.036,,,
4066,2026-05-21,SH603369,0.00032614159080814444,EXP_LGBModel_Alpha158_csi300_custom_step0_s_20260521_18,1b0a594df1a346e9a61b6cd6817b5b48,0.036,,,
4067,2026-05-21,SH605117,-0.004253845190293496,EXP_LGBModel_Alpha158_csi300_custom_step0_s_20260521_18,1b0a594df1a346e9a61b6cd6817b5b48,0.036,,,
4068,2026-05-21,SH603296,-0.0019323889365303471,EXP_LGBModel_Alpha158_csi300_custom_step0_s_20260521_18,1b0a594df1a346e9a61b6cd6817b5b48,0.036,,,
4069,2026-05-21,SH603260,-0.006281993399009274,EXP_LGBModel_Alpha158_csi300_custom_step0_s_20260521_18,1b0a594df1a346e9a61b6cd6817b5b48,0.036,,,
4070,2026-05-21,SH603259,-0.006281993399009274,EXP_LGBModel_Alpha158_csi300_custom_step0_s_20260521_18,1b0a594df1a346e9a61b6cd6817b5b48,0.036,,,
4071,2026-05-21,SH603195,0.00032614159080814444,EXP_LGBModel_Alpha158_csi300_custom_step0_s_20260521_18,1b0a594df1a346e9a61b6cd6817b5b48,0.036,,,
4072,2026-05-21,SH603019,-0.003960537145246125,EXP_LGBModel_Alpha158_csi300_custom_step0_s_20260521_18,1b0a594df1a346e9a61b6cd6817b5b48,0.036,,,
4073,2026-05-21,SH601998,-0.0019323889365303471,EXP_LGBModel_Alpha158_csi300_custom_step0_s_20260521_18,1b0a594df1a346e9a61b6cd6817b5b48,0.036,,,
4074,2026-05-21,SH601995,0.00032614159080814444,EXP_LGBModel_Alpha158_csi300_custom_step0_s_20260521_18,1b0a594df1a346e9a61b6cd6817b5b48,0.036,,,
4075,2026-05-21,SH603288,-3.8790957941350775e-10,EXP_LGBModel_Alpha158_csi300_custom_step0_s_20260521_18,1b0a594df1a346e9a61b6cd6817b5b48,0.036,,,
4076,2026-05-21,SH600803,-0.002028148596625357,EXP_LGBModel_Alpha158_csi300_custom_step0_s_20260521_18,1b0a594df1a346e9a61b6cd6817b5b48,0.036,,,
4077,2026-05-21,SH600795,-0.0019323889365303471,EXP_LGBModel_Alpha158_csi300_custom_step0_s_20260521_18,1b0a594df1a346e9a61b6cd6817b5b48,0.036,,,
4078,2026-05-21,SH600760,-0.005895360349494931,EXP_LGBModel_Alpha158_csi300_custom_step0_s_20260521_18,1b0a594df1a346e9a61b6cd6817b5b48,0.036,,,
4079,2026-05-21,SZ002916,0.004134268285429812,EXP_LGBModel_Alpha158_csi300_custom_step0_s_20260521_18,80479c8829134680955f691ff1dd7002,0.057,,,
4080,2026-05-21,SZ002920,-3.0446986463688705e-10,EXP_LGBModel_Alpha158_csi300_custom_step0_s_20260521_18,80479c8829134680955f691ff1dd7002,0.057,,,
4081,2026-05-21,SZ002938,-3.0446986463688705e-10,EXP_LGBModel_Alpha158_csi300_custom_step0_s_20260521_18,80479c8829134680955f691ff1dd7002,0.057,,,
4082,2026-05-21,SZ003816,-3.0446986463688705e-10,EXP_LGBModel_Alpha158_csi300_custom_step0_s_20260521_18,80479c8829134680955f691ff1dd7002,0.057,,,
4083,2026-05-21,SZ300014,-0.002540953157316907,EXP_LGBModel_Alpha158_csi300_custom_step0_s_20260521_18,80479c8829134680955f691ff1dd7002,0.057,,,
4084,2026-05-21,SZ300015,-0.002540953157316907,EXP_LGBModel_Alpha158_csi300_custom_step0_s_20260521_18,80479c8829134680955f691ff1dd7002,0.057,,,
4085,2026-05-21,SZ300033,-3.0446986463688705e-10,EXP_LGBModel_Alpha158_csi300_custom_step0_s_20260521_18,80479c8829134680955f691ff1dd7002,0.057,,,
4086,2026-05-21,SZ300059,-3.0446986463688705e-10,EXP_LGBModel_Alpha158_csi300_custom_step0_s_20260521_18,80479c8829134680955f691ff1dd7002,0.057,,,
4087,2026-05-21,SZ300122,-3.0446986463688705e-10,EXP_LGBModel_Alpha158_csi300_custom_step0_s_20260521_18,80479c8829134680955f691ff1dd7002,0.057,,,
4088,2026-05-21,SZ300124,-3.0446986463688705e-10,EXP_LGBModel_Alpha158_csi300_custom_step0_s_20260521_18,80479c8829134680955f691ff1dd7002,0.057,,,
4089,2026-05-21,SZ300251,-3.0446986463688705e-10,EXP_LGBModel_Alpha158_csi300_custom_step0_s_20260521_18,80479c8829134680955f691ff1dd7002,0.057,,,
4090,2026-05-21,SZ300274,-3.0446986463688705e-10,EXP_LGBModel_Alpha158_csi300_custom_step0_s_20260521_18,80479c8829134680955f691ff1dd7002,0.057,,,
4091,2026-05-21,SZ300308,0.004134268285429812,EXP_LGBModel_Alpha158_csi300_custom_step0_s_20260521_18,80479c8829134680955f691ff1dd7002,0.057,,,
4092,2026-05-21,SZ300316,-3.0446986463688705e-10,EXP_LGBModel_Alpha158_csi300_custom_step0_s_20260521_18,80479c8829134680955f691ff1dd7002,0.057,,,
4093,2026-05-21,SZ300347,0.004134268285429812,EXP_LGBModel_Alpha158_csi300_custom_step0_s_20260521_18,80479c8829134680955f691ff1dd7002,0.057,,,
4094,2026-05-21,SZ300394,0.0009849327848536376,EXP_LGBModel_Alpha158_csi300_custom_step0_s_20260521_18,80479c8829134680955f691ff1dd7002,0.057,,,
4095,2026-05-21,SZ300408,-3.0446986463688705e-10,EXP_LGBModel_Alpha158_csi300_custom_step0_s_20260521_18,80479c8829134680955f691ff1dd7002,0.057,,,
4096,2026-05-21,SZ300803,-0.0017501426207716044,EXP_LGBModel_Alpha158_csi300_custom_step0_s_20260521_18,80479c8829134680955f691ff1dd7002,0.057,,,
4097,2026-05-21,SZ300782,0.004134268285429812,EXP_LGBModel_Alpha158_csi300_custom_step0_s_20260521_18,80479c8829134680955f691ff1dd7002,0.057,,,
4098,2026-05-21,SZ300760,-0.0017501426207716044,EXP_LGBModel_Alpha158_csi300_custom_step0_s_20260521_18,80479c8829134680955f691ff1dd7002,0.057,,,
4099,2026-05-21,SZ300759,-3.0446986463688705e-10,EXP_LGBModel_Alpha158_csi300_custom_step0_s_20260521_18,80479c8829134680955f691ff1dd7002,0.057,,,
4100,2026-05-21,SZ300750,0.0009849327848536376,EXP_LGBModel_Alpha158_csi300_custom_step0_s_20260521_18,80479c8829134680955f691ff1dd7002,0.057,,,
4101,2026-05-21,SZ300661,0.004134268285429812,EXP_LGBModel_Alpha158_csi300_custom_step0_s_20260521_18,80479c8829134680955f691ff1dd7002,0.057,,,
4102,2026-05-21,SZ002736,-3.0446986463688705e-10,EXP_LGBModel_Alpha158_csi300_custom_step0_s_20260521_18,80479c8829134680955f691ff1dd7002,0.057,,,
4103,2026-05-21,SZ300628,-0.002540953157316907,EXP_LGBModel_Alpha158_csi300_custom_step0_s_20260521_18,80479c8829134680955f691ff1dd7002,0.057,,,
4104,2026-05-21,SZ300498,-0.002540953157316907,EXP_LGBModel_Alpha158_csi300_custom_step0_s_20260521_18,80479c8829134680955f691ff1dd7002,0.057,,,
4105,2026-05-21,SZ300476,0.004134268285429812,EXP_LGBModel_Alpha158_csi300_custom_step0_s_20260521_18,80479c8829134680955f691ff1dd7002,0.057,,,
4106,2026-05-21,SZ300442,-0.002540953157316907,EXP_LGBModel_Alpha158_csi300_custom_step0_s_20260521_18,80479c8829134680955f691ff1dd7002,0.057,,,
4107,2026-05-21,SZ300433,-3.0446986463688705e-10,EXP_LGBModel_Alpha158_csi300_custom_step0_s_20260521_18,80479c8829134680955f691ff1dd7002,0.057,,,
4108,2026-05-21,SZ300418,-0.002540953157316907,EXP_LGBModel_Alpha158_csi300_custom_step0_s_20260521_18,80479c8829134680955f691ff1dd7002,0.057,,,
4109,2026-05-21,SZ300413,-3.0446986463688705e-10,EXP_LGBModel_Alpha158_csi300_custom_step0_s_20260521_18,80479c8829134680955f691ff1dd7002,0.057,,,
4110,2026-05-21,SZ300502,-3.0446986463688705e-10,EXP_LGBModel_Alpha158_csi300_custom_step0_s_20260521_18,80479c8829134680955f691ff1dd7002,0.057,,,
4111,2026-05-21,SZ300832,-0.002540953157316907,EXP_LGBModel_Alpha158_csi300_custom_step0_s_20260521_18,80479c8829134680955f691ff1dd7002,0.057,,,
4112,2026-05-21,SZ002714,-0.002540953157316907,EXP_LGBModel_Alpha158_csi300_custom_step0_s_20260521_18,80479c8829134680955f691ff1dd7002,0.057,,,
4113,2026-05-21,SZ002648,-0.002540953157316907,EXP_LGBModel_Alpha158_csi300_custom_step0_s_20260521_18,80479c8829134680955f691ff1dd7002,0.057,,,
4114,2026-05-21,SZ001965,-3.0446986463688705e-10,EXP_LGBModel_Alpha158_csi300_custom_step0_s_20260521_18,80479c8829134680955f691ff1dd7002,0.057,,,
4115,2026-05-21,SZ001979,-0.002540953157316907,EXP_LGBModel_Alpha158_csi300_custom_step0_s_20260521_18,80479c8829134680955f691ff1dd7002,0.057,,,
4116,2026-05-21,SZ002001,-3.0446986463688705e-10,EXP_LGBModel_Alpha158_csi300_custom_step0_s_20260521_18,80479c8829134680955f691ff1dd7002,0.057,,,
4117,2026-05-21,SZ002027,-3.0446986463688705e-10,EXP_LGBModel_Alpha158_csi300_custom_step0_s_20260521_18,80479c8829134680955f691ff1dd7002,0.057,,,
4118,2026-05-21,SZ002028,-0.002540953157316907,EXP_LGBModel_Alpha158_csi300_custom_step0_s_20260521_18,80479c8829134680955f691ff1dd7002,0.057,,,
4119,2026-05-21,SZ002049,0.0009849327848536376,EXP_LGBModel_Alpha158_csi300_custom_step0_s_20260521_18,80479c8829134680955f691ff1dd7002,0.057,,,
4120,2026-05-21,SZ002050,-3.0446986463688705e-10,EXP_LGBModel_Alpha158_csi300_custom_step0_s_20260521_18,80479c8829134680955f691ff1dd7002,0.057,,,
4121,2026-05-21,SZ002074,-0.002540953157316907,EXP_LGBModel_Alpha158_csi300_custom_step0_s_20260521_18,80479c8829134680955f691ff1dd7002,0.057,,,
4122,2026-05-21,SZ002142,0.0024289609893897836,EXP_LGBModel_Alpha158_csi300_custom_step0_s_20260521_18,80479c8829134680955f691ff1dd7002,0.057,,,
4123,2026-05-21,SZ002179,-0.002540953157316907,EXP_LGBModel_Alpha158_csi300_custom_step0_s_20260521_18,80479c8829134680955f691ff1dd7002,0.057,,,
4124,2026-05-21,SZ002230,-3.0446986463688705e-10,EXP_LGBModel_Alpha158_csi300_custom_step0_s_20260521_18,80479c8829134680955f691ff1dd7002,0.057,,,
4125,2026-05-21,SZ002236,0.0024289609893897836,EXP_LGBModel_Alpha158_csi300_custom_step0_s_20260521_18,80479c8829134680955f691ff1dd7002,0.057,,,
4126,2026-05-21,SZ002241,0.0024289609893897836,EXP_LGBModel_Alpha158_csi300_custom_step0_s_20260521_18,80479c8829134680955f691ff1dd7002,0.057,,,
4127,2026-05-21,SZ002252,-0.0017501426207716044,EXP_LGBModel_Alpha158_csi300_custom_step0_s_20260521_18,80479c8829134680955f691ff1dd7002,0.057,,,
4128,2026-05-21,SZ002304,-0.0017501426207716044,EXP_LGBModel_Alpha158_csi300_custom_step0_s_20260521_18,80479c8829134680955f691ff1dd7002,0.057,,,
4129,2026-05-21,SZ002311,-0.002540953157316907,EXP_LGBModel_Alpha158_csi300_custom_step0_s_20260521_18,80479c8829134680955f691ff1dd7002,0.057,,,
4130,2026-05-21,SZ002352,-3.0446986463688705e-10,EXP_LGBModel_Alpha158_csi300_custom_step0_s_20260521_18,80479c8829134680955f691ff1dd7002,0.057,,,
4131,2026-05-21,SZ002625,-0.002540953157316907,EXP_LGBModel_Alpha158_csi300_custom_step0_s_20260521_18,80479c8829134680955f691ff1dd7002,0.057,,,
4132,2026-05-21,SZ002601,-3.0446986463688705e-10,EXP_LGBModel_Alpha158_csi300_custom_step0_s_20260521_18,80479c8829134680955f691ff1dd7002,0.057,,,
4133,2026-05-21,SZ002600,-0.002540953157316907,EXP_LGBModel_Alpha158_csi300_custom_step0_s_20260521_18,80479c8829134680955f691ff1dd7002,0.057,,,
4134,2026-05-21,SZ002594,-0.002540953157316907,EXP_LGBModel_Alpha158_csi300_custom_step0_s_20260521_18,80479c8829134680955f691ff1dd7002,0.057,,,
4135,2026-05-21,SZ002493,-0.002540953157316907,EXP_LGBModel_Alpha158_csi300_custom_step0_s_20260521_18,80479c8829134680955f691ff1dd7002,0.057,,,
4136,2026-05-21,SZ002475,0.004134268285429812,EXP_LGBModel_Alpha158_csi300_custom_step0_s_20260521_18,80479c8829134680955f691ff1dd7002,0.057,,,
4137,2026-05-21,SZ002709,0.004134268285429812,EXP_LGBModel_Alpha158_csi300_custom_step0_s_20260521_18,80479c8829134680955f691ff1dd7002,0.057,,,
4138,2026-05-21,SZ002466,0.004134268285429812,EXP_LGBModel_Alpha158_csi300_custom_step0_s_20260521_18,80479c8829134680955f691ff1dd7002,0.057,,,
4139,2026-05-21,SZ002460,-0.002540953157316907,EXP_LGBModel_Alpha158_csi300_custom_step0_s_20260521_18,80479c8829134680955f691ff1dd7002,0.057,,,
4140,2026-05-21,SZ002459,-0.002540953157316907,EXP_LGBModel_Alpha158_csi300_custom_step0_s_20260521_18,80479c8829134680955f691ff1dd7002,0.057,,,
4141,2026-05-21,SZ002422,-0.002540953157316907,EXP_LGBModel_Alpha158_csi300_custom_step0_s_20260521_18,80479c8829134680955f691ff1dd7002,0.057,,,
4142,2026-05-21,SZ002415,-0.002540953157316907,EXP_LGBModel_Alpha158_csi300_custom_step0_s_20260521_18,80479c8829134680955f691ff1dd7002,0.057,,,
4143,2026-05-21,SZ002384,0.004134268285429812,EXP_LGBModel_Alpha158_csi300_custom_step0_s_20260521_18,80479c8829134680955f691ff1dd7002,0.057,,,
4144,2026-05-21,SZ002371,-3.0446986463688705e-10,EXP_LGBModel_Alpha158_csi300_custom_step0_s_20260521_18,80479c8829134680955f691ff1dd7002,0.057,,,
4145,2026-05-21,SZ002463,0.004134268285429812,EXP_LGBModel_Alpha158_csi300_custom_step0_s_20260521_18,80479c8829134680955f691ff1dd7002,0.057,,,
4146,2026-05-21,SZ300866,-0.002540953157316907,EXP_LGBModel_Alpha158_csi300_custom_step0_s_20260521_18,80479c8829134680955f691ff1dd7002,0.057,,,
4147,2026-05-21,SZ300896,-0.002540953157316907,EXP_LGBModel_Alpha158_csi300_custom_step0_s_20260521_18,80479c8829134680955f691ff1dd7002,0.057,,,
4148,2026-05-21,SZ300979,-3.0446986463688705e-10,EXP_LGBModel_Alpha158_csi300_custom_step0_s_20260521_18,80479c8829134680955f691ff1dd7002,0.057,,,
4149,2026-05-21,SH600188,-0.006281993399009274,EXP_LGBModel_Alpha158_csi300_custom_step0_s_20260521_18,1b0a594df1a346e9a61b6cd6817b5b48,0.036,,,
4150,2026-05-21,SH600196,-0.006281993399009274,EXP_LGBModel_Alpha158_csi300_custom_step0_s_20260521_18,1b0a594df1a346e9a61b6cd6817b5b48,0.036,,,
4151,2026-05-21,SH600219,0.007679477132900086,EXP_LGBModel_Alpha158_csi300_custom_step0_s_20260521_18,1b0a594df1a346e9a61b6cd6817b5b48,0.036,,,
4152,2026-05-21,SH600233,-0.004253845190293496,EXP_LGBModel_Alpha158_csi300_custom_step0_s_20260521_18,1b0a594df1a346e9a61b6cd6817b5b48,0.036,,,
4153,2026-05-21,SH600276,-0.006281993399009274,EXP_LGBModel_Alpha158_csi300_custom_step0_s_20260521_18,1b0a594df1a346e9a61b6cd6817b5b48,0.036,,,
4154,2026-05-21,SH600309,-0.004349604850388506,EXP_LGBModel_Alpha158_csi300_custom_step0_s_20260521_18,1b0a594df1a346e9a61b6cd6817b5b48,0.036,,,
4155,2026-05-21,SH600346,-0.0019323889365303471,EXP_LGBModel_Alpha158_csi300_custom_step0_s_20260521_18,1b0a594df1a346e9a61b6cd6817b5b48,0.036,,,
4156,2026-05-21,SH600362,-0.0019323889365303471,EXP_LGBModel_Alpha158_csi300_custom_step0_s_20260521_18,1b0a594df1a346e9a61b6cd6817b5b48,0.036,,,
4157,2026-05-21,SH600372,-0.006281993399009274,EXP_LGBModel_Alpha158_csi300_custom_step0_s_20260521_18,1b0a594df1a346e9a61b6cd6817b5b48,0.036,,,
4158,2026-05-21,SH600377,0.0025988945426983043,EXP_LGBModel_Alpha158_csi300_custom_step0_s_20260521_18,1b0a594df1a346e9a61b6cd6817b5b48,0.036,,,
4159,2026-05-21,SH600406,-0.006281993399009274,EXP_LGBModel_Alpha158_csi300_custom_step0_s_20260521_18,1b0a594df1a346e9a61b6cd6817b5b48,0.036,,,
4160,2026-05-21,SH600415,-0.003960537145246125,EXP_LGBModel_Alpha158_csi300_custom_step0_s_20260521_18,1b0a594df1a346e9a61b6cd6817b5b48,0.036,,,
4161,2026-05-21,SH600426,-0.004253845190293496,EXP_LGBModel_Alpha158_csi300_custom_step0_s_20260521_18,1b0a594df1a346e9a61b6cd6817b5b48,0.036,,,
4162,2026-05-21,SH600436,-0.002321456641672729,EXP_LGBModel_Alpha158_csi300_custom_step0_s_20260521_18,1b0a594df1a346e9a61b6cd6817b5b48,0.036,,,
4163,2026-05-21,SH600438,-0.004253845190293496,EXP_LGBModel_Alpha158_csi300_custom_step0_s_20260521_18,1b0a594df1a346e9a61b6cd6817b5b48,0.036,,,
4164,2026-05-21,SH600460,-0.006281993399009274,EXP_LGBModel_Alpha158_csi300_custom_step0_s_20260521_18,1b0a594df1a346e9a61b6cd6817b5b48,0.036,,,
4165,2026-05-21,SH600482,-0.004253845190293496,EXP_LGBModel_Alpha158_csi300_custom_step0_s_20260521_18,1b0a594df1a346e9a61b6cd6817b5b48,0.036,,,
4166,2026-05-21,SH600741,-0.002321456641672729,EXP_LGBModel_Alpha158_csi300_custom_step0_s_20260521_18,1b0a594df1a346e9a61b6cd6817b5b48,0.036,,,
4167,2026-05-21,SH600690,-0.002028148596625357,EXP_LGBModel_Alpha158_csi300_custom_step0_s_20260521_18,1b0a594df1a346e9a61b6cd6817b5b48,0.036,,,
4168,2026-05-21,SH600674,0.0006119818499911297,EXP_LGBModel_Alpha158_csi300_custom_step0_s_20260521_18,1b0a594df1a346e9a61b6cd6817b5b48,0.036,,,
4169,2026-05-21,SH600660,-3.8790957941350775e-10,EXP_LGBModel_Alpha158_csi300_custom_step0_s_20260521_18,1b0a594df1a346e9a61b6cd6817b5b48,0.036,,,
4170,2026-05-21,SH600600,0.00032614159080814444,EXP_LGBModel_Alpha158_csi300_custom_step0_s_20260521_18,1b0a594df1a346e9a61b6cd6817b5b48,0.036,,,
4171,2026-05-21,SH600588,-0.0019323889365303471,EXP_LGBModel_Alpha158_csi300_custom_step0_s_20260521_18,1b0a594df1a346e9a61b6cd6817b5b48,0.036,,,
4172,2026-05-21,SH600183,0.004857848689415094,EXP_LGBModel_Alpha158_csi300_custom_step0_s_20260521_18,1b0a594df1a346e9a61b6cd6817b5b48,0.036,,,
4173,2026-05-21,SH600585,-0.005895360349494931,EXP_LGBModel_Alpha158_csi300_custom_step0_s_20260521_18,1b0a594df1a346e9a61b6cd6817b5b48,0.036,,,
4174,2026-05-21,SH600570,-0.0019323889365303471,EXP_LGBModel_Alpha158_csi300_custom_step0_s_20260521_18,1b0a594df1a346e9a61b6cd6817b5b48,0.036,,,
4175,2026-05-21,SH600547,0.01570031043456832,EXP_LGBModel_Alpha158_csi300_custom_step0_s_20260521_18,1b0a594df1a346e9a61b6cd6817b5b48,0.036,,,
4176,2026-05-21,SH600522,0.010842461357243649,EXP_LGBModel_Alpha158_csi300_custom_step0_s_20260521_18,1b0a594df1a346e9a61b6cd6817b5b48,0.036,,,
4177,2026-05-21,SH600519,-3.8790957941350775e-10,EXP_LGBModel_Alpha158_csi300_custom_step0_s_20260521_18,1b0a594df1a346e9a61b6cd6817b5b48,0.036,,,
4178,2026-05-21,SH600515,-0.006281993399009274,EXP_LGBModel_Alpha158_csi300_custom_step0_s_20260521_18,1b0a594df1a346e9a61b6cd6817b5b48,0.036,,,
4179,2026-05-21,SH600489,-0.004253845190293496,EXP_LGBModel_Alpha158_csi300_custom_step0_s_20260521_18,1b0a594df1a346e9a61b6cd6817b5b48,0.036,,,
4180,2026-05-21,SH600584,-0.004053140317944188,EXP_LGBModel_Alpha158_csi300_custom_step0_s_20260521_18,1b0a594df1a346e9a61b6cd6817b5b48,0.036,,,
4181,2026-05-21,SH600176,0.007679477132900086,EXP_LGBModel_Alpha158_csi300_custom_step0_s_20260521_18,1b0a594df1a346e9a61b6cd6817b5b48,0.036,,,
4182,2026-05-21,SH600161,-0.006281993399009274,EXP_LGBModel_Alpha158_csi300_custom_step0_s_20260521_18,1b0a594df1a346e9a61b6cd6817b5b48,0.036,,,
4183,2026-05-21,SH600160,-0.006281993399009274,EXP_LGBModel_Alpha158_csi300_custom_step0_s_20260521_18,1b0a594df1a346e9a61b6cd6817b5b48,0.036,,,
4184,2026-05-21,SH600025,-0.002642415772069854,EXP_LGBModel_Alpha158_csi300_custom_step0_s_20260521_18,1b0a594df1a346e9a61b6cd6817b5b48,0.036,,,
4185,2026-05-21,SH600023,-0.006281993399009274,EXP_LGBModel_Alpha158_csi300_custom_step0_s_20260521_18,1b0a594df1a346e9a61b6cd6817b5b48,0.036,,,
4186,2026-05-21,SH600019,-0.004253845190293496,EXP_LGBModel_Alpha158_csi300_custom_step0_s_20260521_18,1b0a594df1a346e9a61b6cd6817b5b48,0.036,,,
4187,2026-05-21,SH600018,-3.8790957941350775e-10,EXP_LGBModel_Alpha158_csi300_custom_step0_s_20260521_18,1b0a594df1a346e9a61b6cd6817b5b48,0.036,,,
4188,2026-05-21,SH600016,-0.0006142675633540762,EXP_LGBModel_Alpha158_csi300_custom_step0_s_20260521_18,1b0a594df1a346e9a61b6cd6817b5b48,0.036,,,
4189,2026-05-21,SH600015,0.0016584853885360836,EXP_LGBModel_Alpha158_csi300_custom_step0_s_20260521_18,1b0a594df1a346e9a61b6cd6817b5b48,0.036,,,
4190,2026-05-21,SH600026,-0.0019323889365303471,EXP_LGBModel_Alpha158_csi300_custom_step0_s_20260521_18,1b0a594df1a346e9a61b6cd6817b5b48,0.036,,,
4191,2026-05-21,SH600011,-0.006281993399009274,EXP_LGBModel_Alpha158_csi300_custom_step0_s_20260521_18,1b0a594df1a346e9a61b6cd6817b5b48,0.036,,,
4192,2026-05-21,SH600009,-0.004349604850388506,EXP_LGBModel_Alpha158_csi300_custom_step0_s_20260521_18,1b0a594df1a346e9a61b6cd6817b5b48,0.036,,,
4193,2026-05-21,SH600000,-0.0006142675633540762,EXP_LGBModel_Alpha158_csi300_custom_step0_s_20260521_18,1b0a594df1a346e9a61b6cd6817b5b48,0.036,,,
4194,2026-05-21,SZ302132,-0.002540953157316907,EXP_LGBModel_Alpha158_csi300_custom_step0_s_20260521_18,80479c8829134680955f691ff1dd7002,0.057,,,
4195,2026-05-21,SZ301269,-3.0446986463688705e-10,EXP_LGBModel_Alpha158_csi300_custom_step0_s_20260521_18,80479c8829134680955f691ff1dd7002,0.057,,,
4196,2026-05-21,SZ301236,-0.002540953157316907,EXP_LGBModel_Alpha158_csi300_custom_step0_s_20260521_18,80479c8829134680955f691ff1dd7002,0.057,,,
4197,2026-05-21,SZ300999,-0.002540953157316907,EXP_LGBModel_Alpha158_csi300_custom_step0_s_20260521_18,80479c8829134680955f691ff1dd7002,0.057,,,
4198,2026-05-21,SH600010,-0.006281993399009274,EXP_LGBModel_Alpha158_csi300_custom_step0_s_20260521_18,1b0a594df1a346e9a61b6cd6817b5b48,0.036,,,
4199,2026-05-21,SZ000596,-0.006281993399009274,EXP_LGBModel_Alpha158_csi300_custom_step0_s_20260521_18,1b0a594df1a346e9a61b6cd6817b5b48,0.036,,,
4200,2026-05-21,SH600027,-0.006281993399009274,EXP_LGBModel_Alpha158_csi300_custom_step0_s_20260521_18,1b0a594df1a346e9a61b6cd6817b5b48,0.036,,,
4201,2026-05-21,SH600029,-0.0019323889365303471,EXP_LGBModel_Alpha158_csi300_custom_step0_s_20260521_18,1b0a594df1a346e9a61b6cd6817b5b48,0.036,,,
4202,2026-05-21,SH600150,0.01570031043456832,EXP_LGBModel_Alpha158_csi300_custom_step0_s_20260521_18,1b0a594df1a346e9a61b6cd6817b5b48,0.036,,,
4203,2026-05-21,SH600115,-0.0019323889365303471,EXP_LGBModel_Alpha158_csi300_custom_step0_s_20260521_18,1b0a594df1a346e9a61b6cd6817b5b48,0.036,,,
4204,2026-05-21,SH600111,-0.006281993399009274,EXP_LGBModel_Alpha158_csi300_custom_step0_s_20260521_18,1b0a594df1a346e9a61b6cd6817b5b48,0.036,,,
4205,2026-05-21,SH600104,-0.005895360349494931,EXP_LGBModel_Alpha158_csi300_custom_step0_s_20260521_18,1b0a594df1a346e9a61b6cd6817b5b48,0.036,,,
4206,2026-05-21,SH600089,-0.006281993399009274,EXP_LGBModel_Alpha158_csi300_custom_step0_s_20260521_18,1b0a594df1a346e9a61b6cd6817b5b48,0.036,,,
4207,2026-05-21,SH600085,-0.001641515547111014,EXP_LGBModel_Alpha158_csi300_custom_step0_s_20260521_18,1b0a594df1a346e9a61b6cd6817b5b48,0.036,,,
4208,2026-05-21,SH600028,-3.8790957941350775e-10,EXP_LGBModel_Alpha158_csi300_custom_step0_s_20260521_18,1b0a594df1a346e9a61b6cd6817b5b48,0.036,,,
4209,2026-05-21,SH600066,-0.0019323889365303471,EXP_LGBModel_Alpha158_csi300_custom_step0_s_20260521_18,1b0a594df1a346e9a61b6cd6817b5b48,0.036,,,
4210,2026-05-21,SH600050,-0.006281993399009274,EXP_LGBModel_Alpha158_csi300_custom_step0_s_20260521_18,1b0a594df1a346e9a61b6cd6817b5b48,0.036,,,
4211,2026-05-21,SH600048,-0.006281993399009274,EXP_LGBModel_Alpha158_csi300_custom_step0_s_20260521_18,1b0a594df1a346e9a61b6cd6817b5b48,0.036,,,
4212,2026-05-21,SH600039,-3.8790957941350775e-10,EXP_LGBModel_Alpha158_csi300_custom_step0_s_20260521_18,1b0a594df1a346e9a61b6cd6817b5b48,0.036,,,
4213,2026-05-21,SH600036,-0.0006142675633540762,EXP_LGBModel_Alpha158_csi300_custom_step0_s_20260521_18,1b0a594df1a346e9a61b6cd6817b5b48,0.036,,,
4214,2026-05-21,SH600031,-0.006281993399009274,EXP_LGBModel_Alpha158_csi300_custom_step0_s_20260521_18,1b0a594df1a346e9a61b6cd6817b5b48,0.036,,,
4215,2026-05-21,SH600030,-0.003960537145246125,EXP_LGBModel_Alpha158_csi300_custom_step0_s_20260521_18,1b0a594df1a346e9a61b6cd6817b5b48,0.036,,,
4216,2026-05-21,SH600061,-0.006281993399009274,EXP_LGBModel_Alpha158_csi300_custom_step0_s_20260521_18,1b0a594df1a346e9a61b6cd6817b5b48,0.036,,,
4217,2026-05-21,SZ000617,-0.003960537145246125,EXP_LGBModel_Alpha158_csi300_custom_step0_s_20260521_18,1b0a594df1a346e9a61b6cd6817b5b48,0.036,,,
4218,2026-05-21,SZ000625,-0.004349604850388506,EXP_LGBModel_Alpha158_csi300_custom_step0_s_20260521_18,1b0a594df1a346e9a61b6cd6817b5b48,0.036,,,
4219,2026-05-21,SZ000630,-0.004253845190293496,EXP_LGBModel_Alpha158_csi300_custom_step0_s_20260521_18,1b0a594df1a346e9a61b6cd6817b5b48,0.036,,,
4220,2026-05-21,SH601006,-0.005948036391188016,EXP_LGBModel_Alpha158_csi300_custom_step0_s_20260521_18,d635708e267f4fe3a57ad356209ae40d,0.043,,,
4221,2026-05-21,SH601009,-0.049803162978175275,EXP_LGBModel_Alpha158_csi300_custom_step0_s_20260521_18,d635708e267f4fe3a57ad356209ae40d,0.043,,,
4222,2026-05-21,SH601012,0.006072924675373322,EXP_LGBModel_Alpha158_csi300_custom_step0_s_20260521_18,d635708e267f4fe3a57ad356209ae40d,0.043,,,
4223,2026-05-21,SH601018,-0.0069214713165609894,EXP_LGBModel_Alpha158_csi300_custom_step0_s_20260521_18,d635708e267f4fe3a57ad356209ae40d,0.043,,,
4224,2026-05-21,SH601021,-0.02069774761907718,EXP_LGBModel_Alpha158_csi300_custom_step0_s_20260521_18,d635708e267f4fe3a57ad356209ae40d,0.043,,,
4225,2026-05-21,SH601058,0.029367227427512046,EXP_LGBModel_Alpha158_csi300_custom_step0_s_20260521_18,d635708e267f4fe3a57ad356209ae40d,0.043,,,
4226,2026-05-21,SH601059,-0.027967158949149112,EXP_LGBModel_Alpha158_csi300_custom_step0_s_20260521_18,d635708e267f4fe3a57ad356209ae40d,0.043,,,
4227,2026-05-21,SH601066,0.0071597665383192795,EXP_LGBModel_Alpha158_csi300_custom_step0_s_20260521_18,d635708e267f4fe3a57ad356209ae40d,0.043,,,
4228,2026-05-21,SH601077,-0.05834527709744853,EXP_LGBModel_Alpha158_csi300_custom_step0_s_20260521_18,d635708e267f4fe3a57ad356209ae40d,0.043,,,
4229,2026-05-21,SH601088,-0.05989423761663718,EXP_LGBModel_Alpha158_csi300_custom_step0_s_20260521_18,d635708e267f4fe3a57ad356209ae40d,0.043,,,
4230,2026-05-21,SH601100,0.016996045863895796,EXP_LGBModel_Alpha158_csi300_custom_step0_s_20260521_18,d635708e267f4fe3a57ad356209ae40d,0.043,,,
4231,2026-05-21,SH601111,-0.00010554293320053456,EXP_LGBModel_Alpha158_csi300_custom_step0_s_20260521_18,d635708e267f4fe3a57ad356209ae40d,0.043,,,
4232,2026-05-21,SH601117,-0.01971926402544707,EXP_LGBModel_Alpha158_csi300_custom_step0_s_20260521_18,d635708e267f4fe3a57ad356209ae40d,0.043,,,
4233,2026-05-21,SH601127,-0.020891355870595697,EXP_LGBModel_Alpha158_csi300_custom_step0_s_20260521_18,d635708e267f4fe3a57ad356209ae40d,0.043,,,
4234,2026-05-21,SH601136,-0.005040645710956619,EXP_LGBModel_Alpha158_csi300_custom_step0_s_20260521_18,d635708e267f4fe3a57ad356209ae40d,0.043,,,
4235,2026-05-21,SH601138,0.0028450231683943865,EXP_LGBModel_Alpha158_csi300_custom_step0_s_20260521_18,d635708e267f4fe3a57ad356209ae40d,0.043,,,
4236,2026-05-21,SH601166,-0.05684059697520151,EXP_LGBModel_Alpha158_csi300_custom_step0_s_20260521_18,d635708e267f4fe3a57ad356209ae40d,0.043,,,
4237,2026-05-21,SH601360,0.0020041250292964913,EXP_LGBModel_Alpha158_csi300_custom_step0_s_20260521_18,d635708e267f4fe3a57ad356209ae40d,0.043,,,
4238,2026-05-21,SH601336,0.002793026746390142,EXP_LGBModel_Alpha158_csi300_custom_step0_s_20260521_18,d635708e267f4fe3a57ad356209ae40d,0.043,,,
4239,2026-05-21,SH601328,-0.030866392833627163,EXP_LGBModel_Alpha158_csi300_custom_step0_s_20260521_18,d635708e267f4fe3a57ad356209ae40d,0.043,,,
4240,2026-05-21,SH601319,0.005821624157507484,EXP_LGBModel_Alpha158_csi300_custom_step0_s_20260521_18,d635708e267f4fe3a57ad356209ae40d,0.043,,,
4241,2026-05-21,SH601318,-0.015384867982031931,EXP_LGBModel_Alpha158_csi300_custom_step0_s_20260521_18,d635708e267f4fe3a57ad356209ae40d,0.043,,,
4242,2026-05-21,SH601298,0.013611114304442578,EXP_LGBModel_Alpha158_csi300_custom_step0_s_20260521_18,d635708e267f4fe3a57ad356209ae40d,0.043,,,
4243,2026-05-21,SH600999,-0.012340636625766056,EXP_LGBModel_Alpha158_csi300_custom_step0_s_20260521_18,d635708e267f4fe3a57ad356209ae40d,0.043,,,
4244,2026-05-21,SH601288,0.021667932701334474,EXP_LGBModel_Alpha158_csi300_custom_step0_s_20260521_18,d635708e267f4fe3a57ad356209ae40d,0.043,,,
4245,2026-05-21,SH601236,-0.006557595847141508,EXP_LGBModel_Alpha158_csi300_custom_step0_s_20260521_18,d635708e267f4fe3a57ad356209ae40d,0.043,,,
4246,2026-05-21,SH601229,-0.020779833219448398,EXP_LGBModel_Alpha158_csi300_custom_step0_s_20260521_18,d635708e267f4fe3a57ad356209ae40d,0.043,,,
4247,2026-05-21,SH601225,-0.0549232863549914,EXP_LGBModel_Alpha158_csi300_custom_step0_s_20260521_18,d635708e267f4fe3a57ad356209ae40d,0.043,,,
4248,2026-05-21,SH601211,-0.02093934203535878,EXP_LGBModel_Alpha158_csi300_custom_step0_s_20260521_18,d635708e267f4fe3a57ad356209ae40d,0.043,,,
4249,2026-05-21,SH601186,-0.022914352955608244,EXP_LGBModel_Alpha158_csi300_custom_step0_s_20260521_18,d635708e267f4fe3a57ad356209ae40d,0.043,,,
4250,2026-05-21,SH601169,-0.022735709134804005,EXP_LGBModel_Alpha158_csi300_custom_step0_s_20260521_18,d635708e267f4fe3a57ad356209ae40d,0.043,,,
4251,2026-05-21,SH601238,-0.0016337146125551586,EXP_LGBModel_Alpha158_csi300_custom_step0_s_20260521_18,d635708e267f4fe3a57ad356209ae40d,0.043,,,
4252,2026-05-21,SH601377,-0.008085636973694013,EXP_LGBModel_Alpha158_csi300_custom_step0_s_20260521_18,d635708e267f4fe3a57ad356209ae40d,0.043,,,
4253,2026-05-21,SH600989,0.018486879980469148,EXP_LGBModel_Alpha158_csi300_custom_step0_s_20260521_18,d635708e267f4fe3a57ad356209ae40d,0.043,,,
4254,2026-05-21,SH600941,-0.011348079703849124,EXP_LGBModel_Alpha158_csi300_custom_step0_s_20260521_18,d635708e267f4fe3a57ad356209ae40d,0.043,,,
4255,2026-05-21,SH600482,0.004089519862665398,EXP_LGBModel_Alpha158_csi300_custom_step0_s_20260521_18,d635708e267f4fe3a57ad356209ae40d,0.043,,,
4256,2026-05-21,SH600489,0.0029803894508058397,EXP_LGBModel_Alpha158_csi300_custom_step0_s_20260521_18,d635708e267f4fe3a57ad356209ae40d,0.043,,,
4257,2026-05-21,SH600515,-0.013151472390747234,EXP_LGBModel_Alpha158_csi300_custom_step0_s_20260521_18,d635708e267f4fe3a57ad356209ae40d,0.043,,,
4258,2026-05-21,SH600519,-0.023866073435125666,EXP_LGBModel_Alpha158_csi300_custom_step0_s_20260521_18,d635708e267f4fe3a57ad356209ae40d,0.043,,,
4259,2026-05-21,SH600522,0.02922275037308099,EXP_LGBModel_Alpha158_csi300_custom_step0_s_20260521_18,d635708e267f4fe3a57ad356209ae40d,0.043,,,
4260,2026-05-21,SH600547,0.004724096682261357,EXP_LGBModel_Alpha158_csi300_custom_step0_s_20260521_18,d635708e267f4fe3a57ad356209ae40d,0.043,,,
4261,2026-05-21,SH600570,0.008672643314022807,EXP_LGBModel_Alpha158_csi300_custom_step0_s_20260521_18,d635708e267f4fe3a57ad356209ae40d,0.043,,,
4262,2026-05-21,SH600584,-0.010637124600046951,EXP_LGBModel_Alpha158_csi300_custom_step0_s_20260521_18,d635708e267f4fe3a57ad356209ae40d,0.043,,,
4263,2026-05-21,SH600585,-0.011434373198529024,EXP_LGBModel_Alpha158_csi300_custom_step0_s_20260521_18,d635708e267f4fe3a57ad356209ae40d,0.043,,,
4264,2026-05-21,SH600588,-0.00555914983482833,EXP_LGBModel_Alpha158_csi300_custom_step0_s_20260521_18,d635708e267f4fe3a57ad356209ae40d,0.043,,,
4265,2026-05-21,SH600600,-0.05781268988694107,EXP_LGBModel_Alpha158_csi300_custom_step0_s_20260521_18,d635708e267f4fe3a57ad356209ae40d,0.043,,,
4266,2026-05-21,SH600660,-0.012115070473580384,EXP_LGBModel_Alpha158_csi300_custom_step0_s_20260521_18,d635708e267f4fe3a57ad356209ae40d,0.043,,,
4267,2026-05-21,SH600674,-0.014664777774072055,EXP_LGBModel_Alpha158_csi300_custom_step0_s_20260521_18,d635708e267f4fe3a57ad356209ae40d,0.043,,,
4268,2026-05-21,SH600690,-0.02372061182098041,EXP_LGBModel_Alpha158_csi300_custom_step0_s_20260521_18,d635708e267f4fe3a57ad356209ae40d,0.043,,,
4269,2026-05-21,SH600741,0.01581285400751719,EXP_LGBModel_Alpha158_csi300_custom_step0_s_20260521_18,d635708e267f4fe3a57ad356209ae40d,0.043,,,
4270,2026-05-21,SH600760,-0.027103642982750187,EXP_LGBModel_Alpha158_csi300_custom_step0_s_20260521_18,d635708e267f4fe3a57ad356209ae40d,0.043,,,
4271,2026-05-21,SH600795,0.0265021656561862,EXP_LGBModel_Alpha158_csi300_custom_step0_s_20260521_18,d635708e267f4fe3a57ad356209ae40d,0.043,,,
4272,2026-05-21,SH600938,-0.0007051057867738011,EXP_LGBModel_Alpha158_csi300_custom_step0_s_20260521_18,d635708e267f4fe3a57ad356209ae40d,0.043,,,
4273,2026-05-21,SH600930,-0.0017540618560542517,EXP_LGBModel_Alpha158_csi300_custom_step0_s_20260521_18,d635708e267f4fe3a57ad356209ae40d,0.043,,,
4274,2026-05-21,SH600926,-0.048807904699224545,EXP_LGBModel_Alpha158_csi300_custom_step0_s_20260521_18,d635708e267f4fe3a57ad356209ae40d,0.043,,,
4275,2026-05-21,SH600919,0.02110967568155112,EXP_LGBModel_Alpha158_csi300_custom_step0_s_20260521_18,d635708e267f4fe3a57ad356209ae40d,0.043,,,
4276,2026-05-21,SH600918,-0.0066031928309198615,EXP_LGBModel_Alpha158_csi300_custom_step0_s_20260521_18,d635708e267f4fe3a57ad356209ae40d,0.043,,,
4277,2026-05-21,SH600905,-0.04010053304312021,EXP_LGBModel_Alpha158_csi300_custom_step0_s_20260521_18,d635708e267f4fe3a57ad356209ae40d,0.043,,,
4278,2026-05-21,SH600958,0.018958061945212445,EXP_LGBModel_Alpha158_csi300_custom_step0_s_20260521_18,d635708e267f4fe3a57ad356209ae40d,0.043,,,
4279,2026-05-21,SH600900,-0.02291031692396718,EXP_LGBModel_Alpha158_csi300_custom_step0_s_20260521_18,d635708e267f4fe3a57ad356209ae40d,0.043,,,
4280,2026-05-21,SH600887,-0.015111561531982703,EXP_LGBModel_Alpha158_csi300_custom_step0_s_20260521_18,d635708e267f4fe3a57ad356209ae40d,0.043,,,
4281,2026-05-21,SH600886,0.014725550912272857,EXP_LGBModel_Alpha158_csi300_custom_step0_s_20260521_18,d635708e267f4fe3a57ad356209ae40d,0.043,,,
4282,2026-05-21,SH600875,0.001036429314504493,EXP_LGBModel_Alpha158_csi300_custom_step0_s_20260521_18,d635708e267f4fe3a57ad356209ae40d,0.043,,,
4283,2026-05-21,SH600845,-0.003119584588548499,EXP_LGBModel_Alpha158_csi300_custom_step0_s_20260521_18,d635708e267f4fe3a57ad356209ae40d,0.043,,,
4284,2026-05-21,SH600809,0.02029751989562105,EXP_LGBModel_Alpha158_csi300_custom_step0_s_20260521_18,d635708e267f4fe3a57ad356209ae40d,0.043,,,
4285,2026-05-21,SH600803,-0.041468544426549646,EXP_LGBModel_Alpha158_csi300_custom_step0_s_20260521_18,d635708e267f4fe3a57ad356209ae40d,0.043,,,
4286,2026-05-21,SH600893,-0.026469543885746162,EXP_LGBModel_Alpha158_csi300_custom_step0_s_20260521_18,d635708e267f4fe3a57ad356209ae40d,0.043,,,
4287,2026-05-21,SH601390,-0.005396785235248818,EXP_LGBModel_Alpha158_csi300_custom_step0_s_20260521_18,d635708e267f4fe3a57ad356209ae40d,0.043,,,
4288,2026-05-21,SH601398,-0.04005130960222105,EXP_LGBModel_Alpha158_csi300_custom_step0_s_20260521_18,d635708e267f4fe3a57ad356209ae40d,0.043,,,
4289,2026-05-21,SH601456,-0.0016674879214949863,EXP_LGBModel_Alpha158_csi300_custom_step0_s_20260521_18,d635708e267f4fe3a57ad356209ae40d,0.043,,,
4290,2026-05-21,SH601995,0.025102678384885276,EXP_LGBModel_Alpha158_csi300_custom_step0_s_20260521_18,d635708e267f4fe3a57ad356209ae40d,0.043,,,
4291,2026-05-21,SH601998,-0.0067996653635065355,EXP_LGBModel_Alpha158_csi300_custom_step0_s_20260521_18,d635708e267f4fe3a57ad356209ae40d,0.043,,,
4292,2026-05-21,SH603019,0.003920011626806826,EXP_LGBModel_Alpha158_csi300_custom_step0_s_20260521_18,d635708e267f4fe3a57ad356209ae40d,0.043,,,
4293,2026-05-21,SH603195,0.01036904074245692,EXP_LGBModel_Alpha158_csi300_custom_step0_s_20260521_18,d635708e267f4fe3a57ad356209ae40d,0.043,,,
4294,2026-05-21,SH603259,0.036801794751379305,EXP_LGBModel_Alpha158_csi300_custom_step0_s_20260521_18,d635708e267f4fe3a57ad356209ae40d,0.043,,,
4295,2026-05-21,SH603260,-0.012781210055253227,EXP_LGBModel_Alpha158_csi300_custom_step0_s_20260521_18,d635708e267f4fe3a57ad356209ae40d,0.043,,,
4296,2026-05-21,SH603288,0.002722829657605274,EXP_LGBModel_Alpha158_csi300_custom_step0_s_20260521_18,d635708e267f4fe3a57ad356209ae40d,0.043,,,
4297,2026-05-21,SH603296,0.0012519535132209454,EXP_LGBModel_Alpha158_csi300_custom_step0_s_20260521_18,d635708e267f4fe3a57ad356209ae40d,0.043,,,
4298,2026-05-21,SH603369,0.046673034920461993,EXP_LGBModel_Alpha158_csi300_custom_step0_s_20260521_18,d635708e267f4fe3a57ad356209ae40d,0.043,,,
4299,2026-05-21,SH603392,-0.011774658388764878,EXP_LGBModel_Alpha158_csi300_custom_step0_s_20260521_18,d635708e267f4fe3a57ad356209ae40d,0.043,,,
4300,2026-05-21,SH603501,0.026924531924271338,EXP_LGBModel_Alpha158_csi300_custom_step0_s_20260521_18,d635708e267f4fe3a57ad356209ae40d,0.043,,,
4301,2026-05-21,SH603799,0.002172347112612053,EXP_LGBModel_Alpha158_csi300_custom_step0_s_20260521_18,d635708e267f4fe3a57ad356209ae40d,0.043,,,
4302,2026-05-21,SH603893,-0.009114554262067821,EXP_LGBModel_Alpha158_csi300_custom_step0_s_20260521_18,d635708e267f4fe3a57ad356209ae40d,0.043,,,
4303,2026-05-21,SH603986,-0.019230884156485717,EXP_LGBModel_Alpha158_csi300_custom_step0_s_20260521_18,d635708e267f4fe3a57ad356209ae40d,0.043,,,
4304,2026-05-21,SH603993,0.0003901072128686291,EXP_LGBModel_Alpha158_csi300_custom_step0_s_20260521_18,d635708e267f4fe3a57ad356209ae40d,0.043,,,
4305,2026-05-21,SH605117,0.07034827143480157,EXP_LGBModel_Alpha158_csi300_custom_step0_s_20260521_18,d635708e267f4fe3a57ad356209ae40d,0.043,,,
4306,2026-05-21,SH605499,0.006997535039856652,EXP_LGBModel_Alpha158_csi300_custom_step0_s_20260521_18,d635708e267f4fe3a57ad356209ae40d,0.043,,,
4307,2026-05-21,SH688271,-0.015885107220459146,EXP_LGBModel_Alpha158_csi300_custom_step0_s_20260521_18,d635708e267f4fe3a57ad356209ae40d,0.043,,,
4308,2026-05-21,SH688256,0.0342841316372372,EXP_LGBModel_Alpha158_csi300_custom_step0_s_20260521_18,d635708e267f4fe3a57ad356209ae40d,0.043,,,
4309,2026-05-21,SH688223,0.0005941830079241564,EXP_LGBModel_Alpha158_csi300_custom_step0_s_20260521_18,d635708e267f4fe3a57ad356209ae40d,0.043,,,
4310,2026-05-21,SH688187,-0.0027855548488476475,EXP_LGBModel_Alpha158_csi300_custom_step0_s_20260521_18,d635708e267f4fe3a57ad356209ae40d,0.043,,,
4311,2026-05-21,SH688169,0.044157084941989,EXP_LGBModel_Alpha158_csi300_custom_step0_s_20260521_18,d635708e267f4fe3a57ad356209ae40d,0.043,,,
4312,2026-05-21,SH688126,-0.023769793174720028,EXP_LGBModel_Alpha158_csi300_custom_step0_s_20260521_18,d635708e267f4fe3a57ad356209ae40d,0.043,,,
4313,2026-05-21,SH601988,-0.04593231398250091,EXP_LGBModel_Alpha158_csi300_custom_step0_s_20260521_18,d635708e267f4fe3a57ad356209ae40d,0.043,,,
4314,2026-05-21,SH688111,0.005591623046275252,EXP_LGBModel_Alpha158_csi300_custom_step0_s_20260521_18,d635708e267f4fe3a57ad356209ae40d,0.043,,,
4315,2026-05-21,SH688047,0.059946163897971194,EXP_LGBModel_Alpha158_csi300_custom_step0_s_20260521_18,d635708e267f4fe3a57ad356209ae40d,0.043,,,
4316,2026-05-21,SH688041,0.05045102846400864,EXP_LGBModel_Alpha158_csi300_custom_step0_s_20260521_18,d635708e267f4fe3a57ad356209ae40d,0.043,,,
4317,2026-05-21,SH688036,0.008528740175815525,EXP_LGBModel_Alpha158_csi300_custom_step0_s_20260521_18,d635708e267f4fe3a57ad356209ae40d,0.043,,,
4318,2026-05-21,SH688012,-0.028956721964704227,EXP_LGBModel_Alpha158_csi300_custom_step0_s_20260521_18,d635708e267f4fe3a57ad356209ae40d,0.043,,,
4319,2026-05-21,SH688009,-0.007424966171286685,EXP_LGBModel_Alpha158_csi300_custom_step0_s_20260521_18,d635708e267f4fe3a57ad356209ae40d,0.043,,,
4320,2026-05-21,SH688008,-0.00941711560979051,EXP_LGBModel_Alpha158_csi300_custom_step0_s_20260521_18,d635708e267f4fe3a57ad356209ae40d,0.043,,,
4321,2026-05-21,SH688082,-0.03248568707065987,EXP_LGBModel_Alpha158_csi300_custom_step0_s_20260521_18,d635708e267f4fe3a57ad356209ae40d,0.043,,,
4322,2026-05-21,SH601985,-0.011291663652248844,EXP_LGBModel_Alpha158_csi300_custom_step0_s_20260521_18,d635708e267f4fe3a57ad356209ae40d,0.043,,,
4323,2026-05-21,SH601939,0.019112719070327876,EXP_LGBModel_Alpha158_csi300_custom_step0_s_20260521_18,d635708e267f4fe3a57ad356209ae40d,0.043,,,
4324,2026-05-21,SH601919,-0.03889824043698371,EXP_LGBModel_Alpha158_csi300_custom_step0_s_20260521_18,d635708e267f4fe3a57ad356209ae40d,0.043,,,
4325,2026-05-21,SH601766,-0.034562266609315,EXP_LGBModel_Alpha158_csi300_custom_step0_s_20260521_18,d635708e267f4fe3a57ad356209ae40d,0.043,,,
4326,2026-05-21,SH601728,-0.005526120088067461,EXP_LGBModel_Alpha158_csi300_custom_step0_s_20260521_18,d635708e267f4fe3a57ad356209ae40d,0.043,,,
4327,2026-05-21,SH601698,-0.0024461546650469306,EXP_LGBModel_Alpha158_csi300_custom_step0_s_20260521_18,d635708e267f4fe3a57ad356209ae40d,0.043,,,
4328,2026-05-21,SH601689,0.06283736412768835,EXP_LGBModel_Alpha158_csi300_custom_step0_s_20260521_18,d635708e267f4fe3a57ad356209ae40d,0.043,,,
4329,2026-05-21,SH601688,0.0261986817419964,EXP_LGBModel_Alpha158_csi300_custom_step0_s_20260521_18,d635708e267f4fe3a57ad356209ae40d,0.043,,,
4330,2026-05-21,SH601669,0.001524092993639739,EXP_LGBModel_Alpha158_csi300_custom_step0_s_20260521_18,d635708e267f4fe3a57ad356209ae40d,0.043,,,
4331,2026-05-21,SH601788,-0.027694033101380355,EXP_LGBModel_Alpha158_csi300_custom_step0_s_20260521_18,d635708e267f4fe3a57ad356209ae40d,0.043,,,
4332,2026-05-21,SH601668,-0.05189396437114031,EXP_LGBModel_Alpha158_csi300_custom_step0_s_20260521_18,d635708e267f4fe3a57ad356209ae40d,0.043,,,
4333,2026-05-21,SH601633,0.002113923573849171,EXP_LGBModel_Alpha158_csi300_custom_step0_s_20260521_18,d635708e267f4fe3a57ad356209ae40d,0.043,,,
4334,2026-05-21,SH601628,-0.012548058546074348,EXP_LGBModel_Alpha158_csi300_custom_step0_s_20260521_18,d635708e267f4fe3a57ad356209ae40d,0.043,,,
4335,2026-05-21,SH601618,-0.0244729982864348,EXP_LGBModel_Alpha158_csi300_custom_step0_s_20260521_18,d635708e267f4fe3a57ad356209ae40d,0.043,,,
4336,2026-05-21,SH601607,-0.023637628947436803,EXP_LGBModel_Alpha158_csi300_custom_step0_s_20260521_18,d635708e267f4fe3a57ad356209ae40d,0.043,,,
4337,2026-05-21,SH601601,0.006607934339553876,EXP_LGBModel_Alpha158_csi300_custom_step0_s_20260521_18,d635708e267f4fe3a57ad356209ae40d,0.043,,,
4338,2026-05-21,SH601600,-0.01507042756708714,EXP_LGBModel_Alpha158_csi300_custom_step0_s_20260521_18,d635708e267f4fe3a57ad356209ae40d,0.043,,,
4339,2026-05-21,SH601658,-0.026604696935332715,EXP_LGBModel_Alpha158_csi300_custom_step0_s_20260521_18,d635708e267f4fe3a57ad356209ae40d,0.043,,,
4340,2026-05-21,SH600460,0.0051948195467141104,EXP_LGBModel_Alpha158_csi300_custom_step0_s_20260521_18,d635708e267f4fe3a57ad356209ae40d,0.043,,,
4341,2026-05-21,SH601800,0.00501946872342767,EXP_LGBModel_Alpha158_csi300_custom_step0_s_20260521_18,d635708e267f4fe3a57ad356209ae40d,0.043,,,
4342,2026-05-21,SH601816,-0.04971536345841712,EXP_LGBModel_Alpha158_csi300_custom_step0_s_20260521_18,d635708e267f4fe3a57ad356209ae40d,0.043,,,
4343,2026-05-21,SH601916,-0.03237618766455958,EXP_LGBModel_Alpha158_csi300_custom_step0_s_20260521_18,d635708e267f4fe3a57ad356209ae40d,0.043,,,
4344,2026-05-21,SH601901,0.0027753378383443762,EXP_LGBModel_Alpha158_csi300_custom_step0_s_20260521_18,d635708e267f4fe3a57ad356209ae40d,0.043,,,
4345,2026-05-21,SH601899,0.004724096682261357,EXP_LGBModel_Alpha158_csi300_custom_step0_s_20260521_18,d635708e267f4fe3a57ad356209ae40d,0.043,,,
4346,2026-05-21,SH601898,0.022775311944587696,EXP_LGBModel_Alpha158_csi300_custom_step0_s_20260521_18,d635708e267f4fe3a57ad356209ae40d,0.043,,,
4347,2026-05-21,SH601888,-0.008042742211326673,EXP_LGBModel_Alpha158_csi300_custom_step0_s_20260521_18,d635708e267f4fe3a57ad356209ae40d,0.043,,,
4348,2026-05-21,SH601881,0.010697509286464726,EXP_LGBModel_Alpha158_csi300_custom_step0_s_20260521_18,d635708e267f4fe3a57ad356209ae40d,0.043,,,
4349,2026-05-21,SH601808,-0.0022445139149980748,EXP_LGBModel_Alpha158_csi300_custom_step0_s_20260521_18,d635708e267f4fe3a57ad356209ae40d,0.043,,,
4350,2026-05-21,SH601878,0.006534637349710789,EXP_LGBModel_Alpha158_csi300_custom_step0_s_20260521_18,d635708e267f4fe3a57ad356209ae40d,0.043,,,
4351,2026-05-21,SH601872,0.002016843068106441,EXP_LGBModel_Alpha158_csi300_custom_step0_s_20260521_18,d635708e267f4fe3a57ad356209ae40d,0.043,,,
4352,2026-05-21,SH601868,-0.008563476419098118,EXP_LGBModel_Alpha158_csi300_custom_step0_s_20260521_18,d635708e267f4fe3a57ad356209ae40d,0.043,,,
4353,2026-05-21,SH601857,-0.014682146989255697,EXP_LGBModel_Alpha158_csi300_custom_step0_s_20260521_18,d635708e267f4fe3a57ad356209ae40d,0.043,,,
4354,2026-05-21,SH601838,0.011105871104074294,EXP_LGBModel_Alpha158_csi300_custom_step0_s_20260521_18,d635708e267f4fe3a57ad356209ae40d,0.043,,,
4355,2026-05-21,SH601825,-0.06502162502793647,EXP_LGBModel_Alpha158_csi300_custom_step0_s_20260521_18,d635708e267f4fe3a57ad356209ae40d,0.043,,,
4356,2026-05-21,SH601818,-0.07376359645168745,EXP_LGBModel_Alpha158_csi300_custom_step0_s_20260521_18,d635708e267f4fe3a57ad356209ae40d,0.043,,,
4357,2026-05-21,SH601877,-0.015789586505523694,EXP_LGBModel_Alpha158_csi300_custom_step0_s_20260521_18,d635708e267f4fe3a57ad356209ae40d,0.043,,,
4358,2026-05-21,SH688396,0.005039534852717022,EXP_LGBModel_Alpha158_csi300_custom_step0_s_20260521_18,d635708e267f4fe3a57ad356209ae40d,0.043,,,
4359,2026-05-21,SH600438,-0.004390078719463819,EXP_LGBModel_Alpha158_csi300_custom_step0_s_20260521_18,d635708e267f4fe3a57ad356209ae40d,0.043,,,
4360,2026-05-21,SH600426,0.00851156678783116,EXP_LGBModel_Alpha158_csi300_custom_step0_s_20260521_18,d635708e267f4fe3a57ad356209ae40d,0.043,,,
4361,2026-05-21,SZ002352,-0.0019323889365303471,EXP_LGBModel_Alpha158_csi300_custom_step0_s_20260521_18,1b0a594df1a346e9a61b6cd6817b5b48,0.036,,,
4362,2026-05-21,SZ002371,-0.004053140317944188,EXP_LGBModel_Alpha158_csi300_custom_step0_s_20260521_18,1b0a594df1a346e9a61b6cd6817b5b48,0.036,,,
4363,2026-05-21,SZ002384,0.010842461357243649,EXP_LGBModel_Alpha158_csi300_custom_step0_s_20260521_18,1b0a594df1a346e9a61b6cd6817b5b48,0.036,,,
4364,2026-05-21,SZ002415,-0.004349604850388506,EXP_LGBModel_Alpha158_csi300_custom_step0_s_20260521_18,1b0a594df1a346e9a61b6cd6817b5b48,0.036,,,
4365,2026-05-21,SZ002422,-0.006281993399009274,EXP_LGBModel_Alpha158_csi300_custom_step0_s_20260521_18,1b0a594df1a346e9a61b6cd6817b5b48,0.036,,,
4366,2026-05-21,SZ002459,-0.006281993399009274,EXP_LGBModel_Alpha158_csi300_custom_step0_s_20260521_18,1b0a594df1a346e9a61b6cd6817b5b48,0.036,,,
4367,2026-05-21,SZ002460,-3.8790957941350775e-10,EXP_LGBModel_Alpha158_csi300_custom_step0_s_20260521_18,1b0a594df1a346e9a61b6cd6817b5b48,0.036,,,
4368,2026-05-21,SZ002463,0.009707625341615865,EXP_LGBModel_Alpha158_csi300_custom_step0_s_20260521_18,1b0a594df1a346e9a61b6cd6817b5b48,0.036,,,
4369,2026-05-21,SZ002466,0.010842461357243649,EXP_LGBModel_Alpha158_csi300_custom_step0_s_20260521_18,1b0a594df1a346e9a61b6cd6817b5b48,0.036,,,
4370,2026-05-21,SZ002475,0.01570031043456832,EXP_LGBModel_Alpha158_csi300_custom_step0_s_20260521_18,1b0a594df1a346e9a61b6cd6817b5b48,0.036,,,
4371,2026-05-21,SZ002493,-0.004253845190293496,EXP_LGBModel_Alpha158_csi300_custom_step0_s_20260521_18,1b0a594df1a346e9a61b6cd6817b5b48,0.036,,,
4372,2026-05-21,SZ002594,-0.006281993399009274,EXP_LGBModel_Alpha158_csi300_custom_step0_s_20260521_18,1b0a594df1a346e9a61b6cd6817b5b48,0.036,,,
4373,2026-05-21,SZ002600,-0.006281993399009274,EXP_LGBModel_Alpha158_csi300_custom_step0_s_20260521_18,1b0a594df1a346e9a61b6cd6817b5b48,0.036,,,
4374,2026-05-21,SZ002601,-0.004349604850388506,EXP_LGBModel_Alpha158_csi300_custom_step0_s_20260521_18,1b0a594df1a346e9a61b6cd6817b5b48,0.036,,,
4375,2026-05-21,SZ002625,-0.004349604850388506,EXP_LGBModel_Alpha158_csi300_custom_step0_s_20260521_18,1b0a594df1a346e9a61b6cd6817b5b48,0.036,,,
4376,2026-05-21,SZ002648,-0.002321456641672729,EXP_LGBModel_Alpha158_csi300_custom_step0_s_20260521_18,1b0a594df1a346e9a61b6cd6817b5b48,0.036,,,
4377,2026-05-21,SZ002709,0.004857848689415094,EXP_LGBModel_Alpha158_csi300_custom_step0_s_20260521_18,1b0a594df1a346e9a61b6cd6817b5b48,0.036,,,
4378,2026-05-21,SZ300274,-0.002703566188353369,EXP_LGBModel_Alpha158_csi300_custom_step0_s_20260521_18,1b0a594df1a346e9a61b6cd6817b5b48,0.036,,,
4379,2026-05-21,SZ300251,0.009707625341615865,EXP_LGBModel_Alpha158_csi300_custom_step0_s_20260521_18,1b0a594df1a346e9a61b6cd6817b5b48,0.036,,,
4380,2026-05-21,SZ300124,-0.001282384632510386,EXP_LGBModel_Alpha158_csi300_custom_step0_s_20260521_18,1b0a594df1a346e9a61b6cd6817b5b48,0.036,,,
4381,2026-05-21,SZ300122,-0.006281993399009274,EXP_LGBModel_Alpha158_csi300_custom_step0_s_20260521_18,1b0a594df1a346e9a61b6cd6817b5b48,0.036,,,
4382,2026-05-21,SZ300059,-0.006281993399009274,EXP_LGBModel_Alpha158_csi300_custom_step0_s_20260521_18,1b0a594df1a346e9a61b6cd6817b5b48,0.036,,,
4383,2026-05-21,SZ300033,-0.006281993399009274,EXP_LGBModel_Alpha158_csi300_custom_step0_s_20260521_18,1b0a594df1a346e9a61b6cd6817b5b48,0.036,,,
4384,2026-05-21,SZ002311,-0.006281993399009274,EXP_LGBModel_Alpha158_csi300_custom_step0_s_20260521_18,1b0a594df1a346e9a61b6cd6817b5b48,0.036,,,
4385,2026-05-21,SZ300015,-0.002028148596625357,EXP_LGBModel_Alpha158_csi300_custom_step0_s_20260521_18,1b0a594df1a346e9a61b6cd6817b5b48,0.036,,,
4386,2026-05-21,SZ003816,-0.006281993399009274,EXP_LGBModel_Alpha158_csi300_custom_step0_s_20260521_18,1b0a594df1a346e9a61b6cd6817b5b48,0.036,,,
4387,2026-05-21,SZ002938,-3.8790957941350775e-10,EXP_LGBModel_Alpha158_csi300_custom_step0_s_20260521_18,1b0a594df1a346e9a61b6cd6817b5b48,0.036,,,
4388,2026-05-21,SZ002920,-0.003960537145246125,EXP_LGBModel_Alpha158_csi300_custom_step0_s_20260521_18,1b0a594df1a346e9a61b6cd6817b5b48,0.036,,,
4389,2026-05-21,SZ002916,0.01570031043456832,EXP_LGBModel_Alpha158_csi300_custom_step0_s_20260521_18,1b0a594df1a346e9a61b6cd6817b5b48,0.036,,,
4390,2026-05-21,SZ002736,-0.004253845190293496,EXP_LGBModel_Alpha158_csi300_custom_step0_s_20260521_18,1b0a594df1a346e9a61b6cd6817b5b48,0.036,,,
4391,2026-05-21,SZ002714,-0.006281993399009274,EXP_LGBModel_Alpha158_csi300_custom_step0_s_20260521_18,1b0a594df1a346e9a61b6cd6817b5b48,0.036,,,
4392,2026-05-21,SZ300014,-0.004349604850388506,EXP_LGBModel_Alpha158_csi300_custom_step0_s_20260521_18,1b0a594df1a346e9a61b6cd6817b5b48,0.036,,,
4393,2026-05-21,SZ300308,0.01570031043456832,EXP_LGBModel_Alpha158_csi300_custom_step0_s_20260521_18,1b0a594df1a346e9a61b6cd6817b5b48,0.036,,,
4394,2026-05-21,SZ002304,-0.003962971800874163,EXP_LGBModel_Alpha158_csi300_custom_step0_s_20260521_18,1b0a594df1a346e9a61b6cd6817b5b48,0.036,,,
4395,2026-05-21,SZ002241,-0.002642415772069854,EXP_LGBModel_Alpha158_csi300_custom_step0_s_20260521_18,1b0a594df1a346e9a61b6cd6817b5b48,0.036,,,
4396,2026-05-21,SZ000651,-0.0006142675633540762,EXP_LGBModel_Alpha158_csi300_custom_step0_s_20260521_18,1b0a594df1a346e9a61b6cd6817b5b48,0.036,,,
4397,2026-05-21,SZ000661,-0.001641515547111014,EXP_LGBModel_Alpha158_csi300_custom_step0_s_20260521_18,1b0a594df1a346e9a61b6cd6817b5b48,0.036,,,
4398,2026-05-21,SZ000708,-0.004349604850388506,EXP_LGBModel_Alpha158_csi300_custom_step0_s_20260521_18,1b0a594df1a346e9a61b6cd6817b5b48,0.036,,,
4399,2026-05-21,SZ000725,0.005079859790586587,EXP_LGBModel_Alpha158_csi300_custom_step0_s_20260521_18,1b0a594df1a346e9a61b6cd6817b5b48,0.036,,,
4400,2026-05-21,SZ000768,-0.006281993399009274,EXP_LGBModel_Alpha158_csi300_custom_step0_s_20260521_18,1b0a594df1a346e9a61b6cd6817b5b48,0.036,,,
4401,2026-05-21,SZ000776,-0.006281993399009274,EXP_LGBModel_Alpha158_csi300_custom_step0_s_20260521_18,1b0a594df1a346e9a61b6cd6817b5b48,0.036,,,
4402,2026-05-21,SZ000786,-0.006281993399009274,EXP_LGBModel_Alpha158_csi300_custom_step0_s_20260521_18,1b0a594df1a346e9a61b6cd6817b5b48,0.036,,,
4403,2026-05-21,SZ000792,-0.002321456641672729,EXP_LGBModel_Alpha158_csi300_custom_step0_s_20260521_18,1b0a594df1a346e9a61b6cd6817b5b48,0.036,,,
4404,2026-05-21,SZ000807,-3.8790957941350775e-10,EXP_LGBModel_Alpha158_csi300_custom_step0_s_20260521_18,1b0a594df1a346e9a61b6cd6817b5b48,0.036,,,
4405,2026-05-21,SZ000858,-0.004349604850388506,EXP_LGBModel_Alpha158_csi300_custom_step0_s_20260521_18,1b0a594df1a346e9a61b6cd6817b5b48,0.036,,,
4406,2026-05-21,SZ000876,-3.8790957941350775e-10,EXP_LGBModel_Alpha158_csi300_custom_step0_s_20260521_18,1b0a594df1a346e9a61b6cd6817b5b48,0.036,,,
4407,2026-05-21,SZ000895,-0.0006142675633540762,EXP_LGBModel_Alpha158_csi300_custom_step0_s_20260521_18,1b0a594df1a346e9a61b6cd6817b5b48,0.036,,,
4408,2026-05-21,SZ000938,0.002821628055575413,EXP_LGBModel_Alpha158_csi300_custom_step0_s_20260521_18,1b0a594df1a346e9a61b6cd6817b5b48,0.036,,,
4409,2026-05-21,SZ000963,-0.005895360349494931,EXP_LGBModel_Alpha158_csi300_custom_step0_s_20260521_18,1b0a594df1a346e9a61b6cd6817b5b48,0.036,,,
4410,2026-05-21,SZ000975,0.009707625341615865,EXP_LGBModel_Alpha158_csi300_custom_step0_s_20260521_18,1b0a594df1a346e9a61b6cd6817b5b48,0.036,,,
4411,2026-05-21,SZ000977,-0.006281993399009274,EXP_LGBModel_Alpha158_csi300_custom_step0_s_20260521_18,1b0a594df1a346e9a61b6cd6817b5b48,0.036,,,
4412,2026-05-21,SZ000983,-0.004349604850388506,EXP_LGBModel_Alpha158_csi300_custom_step0_s_20260521_18,1b0a594df1a346e9a61b6cd6817b5b48,0.036,,,
4413,2026-05-21,SZ002236,-3.8790957941350775e-10,EXP_LGBModel_Alpha158_csi300_custom_step0_s_20260521_18,1b0a594df1a346e9a61b6cd6817b5b48,0.036,,,
4414,2026-05-21,SZ002230,-0.003960537145246125,EXP_LGBModel_Alpha158_csi300_custom_step0_s_20260521_18,1b0a594df1a346e9a61b6cd6817b5b48,0.036,,,
4415,2026-05-21,SZ002179,-0.002703566188353369,EXP_LGBModel_Alpha158_csi300_custom_step0_s_20260521_18,1b0a594df1a346e9a61b6cd6817b5b48,0.036,,,
4416,2026-05-21,SZ002142,0.005470266866276948,EXP_LGBModel_Alpha158_csi300_custom_step0_s_20260521_18,1b0a594df1a346e9a61b6cd6817b5b48,0.036,,,
4417,2026-05-21,SZ002074,-0.006281993399009274,EXP_LGBModel_Alpha158_csi300_custom_step0_s_20260521_18,1b0a594df1a346e9a61b6cd6817b5b48,0.036,,,
4418,2026-05-21,SZ002050,-0.0019323889365303471,EXP_LGBModel_Alpha158_csi300_custom_step0_s_20260521_18,1b0a594df1a346e9a61b6cd6817b5b48,0.036,,,
4419,2026-05-21,SZ002252,-0.005895360349494931,EXP_LGBModel_Alpha158_csi300_custom_step0_s_20260521_18,1b0a594df1a346e9a61b6cd6817b5b48,0.036,,,
4420,2026-05-21,SZ002049,-0.006281993399009274,EXP_LGBModel_Alpha158_csi300_custom_step0_s_20260521_18,1b0a594df1a346e9a61b6cd6817b5b48,0.036,,,
4421,2026-05-21,SZ002027,-0.002028148596625357,EXP_LGBModel_Alpha158_csi300_custom_step0_s_20260521_18,1b0a594df1a346e9a61b6cd6817b5b48,0.036,,,
4422,2026-05-21,SZ002001,-0.002028148596625357,EXP_LGBModel_Alpha158_csi300_custom_step0_s_20260521_18,1b0a594df1a346e9a61b6cd6817b5b48,0.036,,,
4423,2026-05-21,SZ001979,-0.0019323889365303471,EXP_LGBModel_Alpha158_csi300_custom_step0_s_20260521_18,1b0a594df1a346e9a61b6cd6817b5b48,0.036,,,
4424,2026-05-21,SZ001965,-0.0016085266112281099,EXP_LGBModel_Alpha158_csi300_custom_step0_s_20260521_18,1b0a594df1a346e9a61b6cd6817b5b48,0.036,,,
4425,2026-05-21,SZ001391,-0.0006142675633540762,EXP_LGBModel_Alpha158_csi300_custom_step0_s_20260521_18,1b0a594df1a346e9a61b6cd6817b5b48,0.036,,,
4426,2026-05-21,SZ000999,-3.8790957941350775e-10,EXP_LGBModel_Alpha158_csi300_custom_step0_s_20260521_18,1b0a594df1a346e9a61b6cd6817b5b48,0.036,,,
4427,2026-05-21,SZ002028,-0.006281993399009274,EXP_LGBModel_Alpha158_csi300_custom_step0_s_20260521_18,1b0a594df1a346e9a61b6cd6817b5b48,0.036,,,
4428,2026-05-21,SZ300316,-0.002028148596625357,EXP_LGBModel_Alpha158_csi300_custom_step0_s_20260521_18,1b0a594df1a346e9a61b6cd6817b5b48,0.036,,,
4429,2026-05-21,SZ300347,0.01570031043456832,EXP_LGBModel_Alpha158_csi300_custom_step0_s_20260521_18,1b0a594df1a346e9a61b6cd6817b5b48,0.036,,,
4430,2026-05-21,SZ300394,-0.004253845190293496,EXP_LGBModel_Alpha158_csi300_custom_step0_s_20260521_18,1b0a594df1a346e9a61b6cd6817b5b48,0.036,,,
4431,2026-05-21,SH600029,0.006121683487159024,EXP_LGBModel_Alpha158_csi300_custom_step0_s_20260521_18,d635708e267f4fe3a57ad356209ae40d,0.043,,,
4432,2026-05-21,SH600030,0.023881148882914396,EXP_LGBModel_Alpha158_csi300_custom_step0_s_20260521_18,d635708e267f4fe3a57ad356209ae40d,0.043,,,
4433,2026-05-21,SH600031,-0.0020623898604241555,EXP_LGBModel_Alpha158_csi300_custom_step0_s_20260521_18,d635708e267f4fe3a57ad356209ae40d,0.043,,,
4434,2026-05-21,SH600036,-0.03904363087281961,EXP_LGBModel_Alpha158_csi300_custom_step0_s_20260521_18,d635708e267f4fe3a57ad356209ae40d,0.043,,,
4435,2026-05-21,SH600039,-0.0038852018426545247,EXP_LGBModel_Alpha158_csi300_custom_step0_s_20260521_18,d635708e267f4fe3a57ad356209ae40d,0.043,,,
4436,2026-05-21,SH600048,-0.005151480591509728,EXP_LGBModel_Alpha158_csi300_custom_step0_s_20260521_18,d635708e267f4fe3a57ad356209ae40d,0.043,,,
4437,2026-05-21,SH600050,-0.016583083486256926,EXP_LGBModel_Alpha158_csi300_custom_step0_s_20260521_18,d635708e267f4fe3a57ad356209ae40d,0.043,,,
4438,2026-05-21,SH600061,0.012610424257778996,EXP_LGBModel_Alpha158_csi300_custom_step0_s_20260521_18,d635708e267f4fe3a57ad356209ae40d,0.043,,,
4439,2026-05-21,SH600066,0.010824840316655312,EXP_LGBModel_Alpha158_csi300_custom_step0_s_20260521_18,d635708e267f4fe3a57ad356209ae40d,0.043,,,
4440,2026-05-21,SH600085,-0.010140029856342238,EXP_LGBModel_Alpha158_csi300_custom_step0_s_20260521_18,d635708e267f4fe3a57ad356209ae40d,0.043,,,
4441,2026-05-21,SH600089,-0.011853487067176344,EXP_LGBModel_Alpha158_csi300_custom_step0_s_20260521_18,d635708e267f4fe3a57ad356209ae40d,0.043,,,
4442,2026-05-21,SH600104,-0.0006110148846418427,EXP_LGBModel_Alpha158_csi300_custom_step0_s_20260521_18,d635708e267f4fe3a57ad356209ae40d,0.043,,,
4443,2026-05-21,SH600111,0.0018160967192170016,EXP_LGBModel_Alpha158_csi300_custom_step0_s_20260521_18,d635708e267f4fe3a57ad356209ae40d,0.043,,,
4444,2026-05-21,SH600115,0.01853491627907415,EXP_LGBModel_Alpha158_csi300_custom_step0_s_20260521_18,d635708e267f4fe3a57ad356209ae40d,0.043,,,
4445,2026-05-21,SH600150,0.0735054025512088,EXP_LGBModel_Alpha158_csi300_custom_step0_s_20260521_18,d635708e267f4fe3a57ad356209ae40d,0.043,,,
4446,2026-05-21,SH600160,0.01421271684092149,EXP_LGBModel_Alpha158_csi300_custom_step0_s_20260521_18,d635708e267f4fe3a57ad356209ae40d,0.043,,,
4447,2026-05-21,SH600161,-0.01857209874264771,EXP_LGBModel_Alpha158_csi300_custom_step0_s_20260521_18,d635708e267f4fe3a57ad356209ae40d,0.043,,,
4448,2026-05-21,SH600415,-0.004179849448134876,EXP_LGBModel_Alpha158_csi300_custom_step0_s_20260521_18,d635708e267f4fe3a57ad356209ae40d,0.043,,,
4449,2026-05-21,SH600406,-0.02524134453960228,EXP_LGBModel_Alpha158_csi300_custom_step0_s_20260521_18,d635708e267f4fe3a57ad356209ae40d,0.043,,,
4450,2026-05-21,SH600377,0.0176211586310569,EXP_LGBModel_Alpha158_csi300_custom_step0_s_20260521_18,d635708e267f4fe3a57ad356209ae40d,0.043,,,
4451,2026-05-21,SH600372,-0.0070926246593435984,EXP_LGBModel_Alpha158_csi300_custom_step0_s_20260521_18,d635708e267f4fe3a57ad356209ae40d,0.043,,,
4452,2026-05-21,SH600362,-0.0028963819334214998,EXP_LGBModel_Alpha158_csi300_custom_step0_s_20260521_18,d635708e267f4fe3a57ad356209ae40d,0.043,,,
4453,2026-05-21,SH600346,0.005159112524998865,EXP_LGBModel_Alpha158_csi300_custom_step0_s_20260521_18,d635708e267f4fe3a57ad356209ae40d,0.043,,,
4454,2026-05-21,SH600028,-0.031006828461977123,EXP_LGBModel_Alpha158_csi300_custom_step0_s_20260521_18,d635708e267f4fe3a57ad356209ae40d,0.043,,,
4455,2026-05-21,SH600309,0.0068819448077939264,EXP_LGBModel_Alpha158_csi300_custom_step0_s_20260521_18,d635708e267f4fe3a57ad356209ae40d,0.043,,,
4456,2026-05-21,SH600233,0.013867113224089029,EXP_LGBModel_Alpha158_csi300_custom_step0_s_20260521_18,d635708e267f4fe3a57ad356209ae40d,0.043,,,
4457,2026-05-21,SH600219,0.00785401353602532,EXP_LGBModel_Alpha158_csi300_custom_step0_s_20260521_18,d635708e267f4fe3a57ad356209ae40d,0.043,,,
4458,2026-05-21,SH600196,-0.037429627272865654,EXP_LGBModel_Alpha158_csi300_custom_step0_s_20260521_18,d635708e267f4fe3a57ad356209ae40d,0.043,,,
4459,2026-05-21,SH600188,0.0011113257280035282,EXP_LGBModel_Alpha158_csi300_custom_step0_s_20260521_18,d635708e267f4fe3a57ad356209ae40d,0.043,,,
4460,2026-05-21,SH600183,-0.0013475920588924065,EXP_LGBModel_Alpha158_csi300_custom_step0_s_20260521_18,d635708e267f4fe3a57ad356209ae40d,0.043,,,
4461,2026-05-21,SH600176,0.055280531300327874,EXP_LGBModel_Alpha158_csi300_custom_step0_s_20260521_18,d635708e267f4fe3a57ad356209ae40d,0.043,,,
4462,2026-05-21,SH600276,0.01639500616592391,EXP_LGBModel_Alpha158_csi300_custom_step0_s_20260521_18,d635708e267f4fe3a57ad356209ae40d,0.043,,,
4463,2026-05-21,SH600027,0.002452939374116233,EXP_LGBModel_Alpha158_csi300_custom_step0_s_20260521_18,d635708e267f4fe3a57ad356209ae40d,0.043,,,
4464,2026-05-21,SH600026,1.875977182188432e-05,EXP_LGBModel_Alpha158_csi300_custom_step0_s_20260521_18,d635708e267f4fe3a57ad356209ae40d,0.043,,,
4465,2026-05-21,SH600025,-0.03146614875548458,EXP_LGBModel_Alpha158_csi300_custom_step0_s_20260521_18,d635708e267f4fe3a57ad356209ae40d,0.043,,,
4466,2026-05-21,SZ300782,0.005992684705042878,EXP_LGBModel_Alpha158_csi300_custom_step0_s_20260521_18,1b0a594df1a346e9a61b6cd6817b5b48,0.036,,,
4467,2026-05-21,SZ300760,-0.006281993399009274,EXP_LGBModel_Alpha158_csi300_custom_step0_s_20260521_18,1b0a594df1a346e9a61b6cd6817b5b48,0.036,,,
4468,2026-05-21,SZ300759,-0.006281993399009274,EXP_LGBModel_Alpha158_csi300_custom_step0_s_20260521_18,1b0a594df1a346e9a61b6cd6817b5b48,0.036,,,
4469,2026-05-21,SZ300750,-0.004349604850388506,EXP_LGBModel_Alpha158_csi300_custom_step0_s_20260521_18,1b0a594df1a346e9a61b6cd6817b5b48,0.036,,,
4470,2026-05-21,SZ300661,0.009707625341615865,EXP_LGBModel_Alpha158_csi300_custom_step0_s_20260521_18,1b0a594df1a346e9a61b6cd6817b5b48,0.036,,,
4471,2026-05-21,SZ300628,-0.003960537145246125,EXP_LGBModel_Alpha158_csi300_custom_step0_s_20260521_18,1b0a594df1a346e9a61b6cd6817b5b48,0.036,,,
4472,2026-05-21,SZ300803,-0.006281993399009274,EXP_LGBModel_Alpha158_csi300_custom_step0_s_20260521_18,1b0a594df1a346e9a61b6cd6817b5b48,0.036,,,
4473,2026-05-21,SZ300502,-0.004349604850388506,EXP_LGBModel_Alpha158_csi300_custom_step0_s_20260521_18,1b0a594df1a346e9a61b6cd6817b5b48,0.036,,,
4474,2026-05-21,SZ300476,0.007679477132900086,EXP_LGBModel_Alpha158_csi300_custom_step0_s_20260521_18,1b0a594df1a346e9a61b6cd6817b5b48,0.036,,,
4475,2026-05-21,SZ300442,-0.004253845190293496,EXP_LGBModel_Alpha158_csi300_custom_step0_s_20260521_18,1b0a594df1a346e9a61b6cd6817b5b48,0.036,,,
4476,2026-05-21,SZ300433,-0.004053140317944188,EXP_LGBModel_Alpha158_csi300_custom_step0_s_20260521_18,1b0a594df1a346e9a61b6cd6817b5b48,0.036,,,
4477,2026-05-21,SZ300418,-0.002321456641672729,EXP_LGBModel_Alpha158_csi300_custom_step0_s_20260521_18,1b0a594df1a346e9a61b6cd6817b5b48,0.036,,,
4478,2026-05-21,SZ300413,-0.004349604850388506,EXP_LGBModel_Alpha158_csi300_custom_step0_s_20260521_18,1b0a594df1a346e9a61b6cd6817b5b48,0.036,,,
4479,2026-05-21,SZ300408,-3.8790957941350775e-10,EXP_LGBModel_Alpha158_csi300_custom_step0_s_20260521_18,1b0a594df1a346e9a61b6cd6817b5b48,0.036,,,
4480,2026-05-21,SZ300498,-0.006281993399009274,EXP_LGBModel_Alpha158_csi300_custom_step0_s_20260521_18,1b0a594df1a346e9a61b6cd6817b5b48,0.036,,,
4481,2026-05-21,SH600436,0.006903793773831277,EXP_LGBModel_Alpha158_csi300_custom_step0_s_20260521_18,d635708e267f4fe3a57ad356209ae40d,0.043,,,
4482,2026-05-21,SZ300832,-0.004253845190293496,EXP_LGBModel_Alpha158_csi300_custom_step0_s_20260521_18,1b0a594df1a346e9a61b6cd6817b5b48,0.036,,,
4483,2026-05-21,SZ300896,-0.006281993399009274,EXP_LGBModel_Alpha158_csi300_custom_step0_s_20260521_18,1b0a594df1a346e9a61b6cd6817b5b48,0.036,,,
4484,2026-05-21,SH600023,-0.004769179336134608,EXP_LGBModel_Alpha158_csi300_custom_step0_s_20260521_18,d635708e267f4fe3a57ad356209ae40d,0.043,,,
4485,2026-05-21,SH600019,-0.01757985726679294,EXP_LGBModel_Alpha158_csi300_custom_step0_s_20260521_18,d635708e267f4fe3a57ad356209ae40d,0.043,,,
4486,2026-05-21,SH600018,-0.010791785929463399,EXP_LGBModel_Alpha158_csi300_custom_step0_s_20260521_18,d635708e267f4fe3a57ad356209ae40d,0.043,,,
4487,2026-05-21,SH600016,-0.03509286683923049,EXP_LGBModel_Alpha158_csi300_custom_step0_s_20260521_18,d635708e267f4fe3a57ad356209ae40d,0.043,,,
4488,2026-05-21,SH600015,-0.04850332343468274,EXP_LGBModel_Alpha158_csi300_custom_step0_s_20260521_18,d635708e267f4fe3a57ad356209ae40d,0.043,,,
4489,2026-05-21,SH600011,-0.002427634122381672,EXP_LGBModel_Alpha158_csi300_custom_step0_s_20260521_18,d635708e267f4fe3a57ad356209ae40d,0.043,,,
4490,2026-05-21,SZ300866,-0.004349604850388506,EXP_LGBModel_Alpha158_csi300_custom_step0_s_20260521_18,1b0a594df1a346e9a61b6cd6817b5b48,0.036,,,
4491,2026-05-21,SH600010,0.01973321168440515,EXP_LGBModel_Alpha158_csi300_custom_step0_s_20260521_18,d635708e267f4fe3a57ad356209ae40d,0.043,,,
4492,2026-05-21,SH600000,-0.055352974599964265,EXP_LGBModel_Alpha158_csi300_custom_step0_s_20260521_18,d635708e267f4fe3a57ad356209ae40d,0.043,,,
4493,2026-05-21,SZ302132,-0.006281993399009274,EXP_LGBModel_Alpha158_csi300_custom_step0_s_20260521_18,1b0a594df1a346e9a61b6cd6817b5b48,0.036,,,
4494,2026-05-21,SZ301269,-0.006281993399009274,EXP_LGBModel_Alpha158_csi300_custom_step0_s_20260521_18,1b0a594df1a346e9a61b6cd6817b5b48,0.036,,,
4495,2026-05-21,SZ301236,-0.004349604850388506,EXP_LGBModel_Alpha158_csi300_custom_step0_s_20260521_18,1b0a594df1a346e9a61b6cd6817b5b48,0.036,,,
4496,2026-05-21,SZ300999,-0.006281993399009274,EXP_LGBModel_Alpha158_csi300_custom_step0_s_20260521_18,1b0a594df1a346e9a61b6cd6817b5b48,0.036,,,
4497,2026-05-21,SZ300979,-0.002028148596625357,EXP_LGBModel_Alpha158_csi300_custom_step0_s_20260521_18,1b0a594df1a346e9a61b6cd6817b5b48,0.036,,,
4498,2026-05-21,SH600009,-0.009415006327021842,EXP_LGBModel_Alpha158_csi300_custom_step0_s_20260521_18,d635708e267f4fe3a57ad356209ae40d,0.043,,,
4499,2026-05-21,SZ302132,-0.028841303661465645,EXP_XGBModel_Alpha158_csi300_custom_step0_s_20260521_15,a0e1a77afeeb4395ab3bcdfdece5e991,0.074,,,
