,datetime,instrument,score,exp_name,rid,weight,real_label,error,abs_error
0,2026-05-27,SH600000,-0.0009588903026050907,EXP_CatBoostModel_Alpha158_csi300_custom_step0_s_20260527_18,19dad47828fe440f8a241bba396a6f4f,0.043,,,
1,2026-05-27,SZ300803,0.06822601850986791,EXP_DEnsembleModel_Alpha158_csi300_custom_step0_s_20260527_16,4d1cea3c5b0c48958c0e312bb9119907,0.043,,,
2,2026-05-27,SZ300832,0.031174546846088114,EXP_DEnsembleModel_Alpha158_csi300_custom_step0_s_20260527_16,4d1cea3c5b0c48958c0e312bb9119907,0.043,,,
3,2026-05-27,SZ300866,0.17524222125269262,EXP_DEnsembleModel_Alpha158_csi300_custom_step0_s_20260527_16,4d1cea3c5b0c48958c0e312bb9119907,0.043,,,
4,2026-05-27,SZ300896,0.1542139732682983,EXP_DEnsembleModel_Alpha158_csi300_custom_step0_s_20260527_16,4d1cea3c5b0c48958c0e312bb9119907,0.043,,,
5,2026-05-27,SZ300979,0.08577997445619277,EXP_DEnsembleModel_Alpha158_csi300_custom_step0_s_20260527_16,4d1cea3c5b0c48958c0e312bb9119907,0.043,,,
6,2026-05-27,SZ300999,-0.02567864170153601,EXP_DEnsembleModel_Alpha158_csi300_custom_step0_s_20260527_16,4d1cea3c5b0c48958c0e312bb9119907,0.043,,,
7,2026-05-27,SZ301236,0.11526695188063929,EXP_DEnsembleModel_Alpha158_csi300_custom_step0_s_20260527_16,4d1cea3c5b0c48958c0e312bb9119907,0.043,,,
8,2026-05-27,SZ301269,-0.13142599157433071,EXP_DEnsembleModel_Alpha158_csi300_custom_step0_s_20260527_16,4d1cea3c5b0c48958c0e312bb9119907,0.043,,,
9,2026-05-27,SZ302132,0.021613200373477144,EXP_DEnsembleModel_Alpha158_csi300_custom_step0_s_20260527_16,4d1cea3c5b0c48958c0e312bb9119907,0.043,,,
10,2026-05-27,SH600000,-0.008547467179596424,EXP_LinearModel_Alpha158_csi300_custom_step0_s_20260527_16,8ba68131edbd4fa9a71b50375f773e25,0.089,,,
11,2026-05-27,SH600009,-0.037470296025276184,EXP_LinearModel_Alpha158_csi300_custom_step0_s_20260527_16,8ba68131edbd4fa9a71b50375f773e25,0.089,,,
12,2026-05-27,SH600010,-0.019275376573204994,EXP_LinearModel_Alpha158_csi300_custom_step0_s_20260527_16,8ba68131edbd4fa9a71b50375f773e25,0.089,,,
13,2026-05-27,SH600011,0.06457876414060593,EXP_LinearModel_Alpha158_csi300_custom_step0_s_20260527_16,8ba68131edbd4fa9a71b50375f773e25,0.089,,,
14,2026-05-27,SH600015,-0.0037445048801600933,EXP_LinearModel_Alpha158_csi300_custom_step0_s_20260527_16,8ba68131edbd4fa9a71b50375f773e25,0.089,,,
15,2026-05-27,SH600016,0.040057312697172165,EXP_LinearModel_Alpha158_csi300_custom_step0_s_20260527_16,8ba68131edbd4fa9a71b50375f773e25,0.089,,,
16,2026-05-27,SH600018,0.09130042046308517,EXP_LinearModel_Alpha158_csi300_custom_step0_s_20260527_16,8ba68131edbd4fa9a71b50375f773e25,0.089,,,
17,2026-05-27,SH600019,0.014057079330086708,EXP_LinearModel_Alpha158_csi300_custom_step0_s_20260527_16,8ba68131edbd4fa9a71b50375f773e25,0.089,,,
18,2026-05-27,SH600066,0.037932705134153366,EXP_LinearModel_Alpha158_csi300_custom_step0_s_20260527_16,8ba68131edbd4fa9a71b50375f773e25,0.089,,,
19,2026-05-27,SH600061,-0.02398841641843319,EXP_LinearModel_Alpha158_csi300_custom_step0_s_20260527_16,8ba68131edbd4fa9a71b50375f773e25,0.089,,,
20,2026-05-27,SH600050,0.024243418127298355,EXP_LinearModel_Alpha158_csi300_custom_step0_s_20260527_16,8ba68131edbd4fa9a71b50375f773e25,0.089,,,
21,2026-05-27,SH600048,-0.007082443218678236,EXP_LinearModel_Alpha158_csi300_custom_step0_s_20260527_16,8ba68131edbd4fa9a71b50375f773e25,0.089,,,
22,2026-05-27,SH600039,0.0129163833335042,EXP_LinearModel_Alpha158_csi300_custom_step0_s_20260527_16,8ba68131edbd4fa9a71b50375f773e25,0.089,,,
23,2026-05-27,SH600036,-0.04417712241411209,EXP_LinearModel_Alpha158_csi300_custom_step0_s_20260527_16,8ba68131edbd4fa9a71b50375f773e25,0.089,,,
24,2026-05-27,SZ300782,0.2113950164039871,EXP_DEnsembleModel_Alpha158_csi300_custom_step0_s_20260527_16,4d1cea3c5b0c48958c0e312bb9119907,0.043,,,
25,2026-05-27,SH600031,-0.011153599247336388,EXP_LinearModel_Alpha158_csi300_custom_step0_s_20260527_16,8ba68131edbd4fa9a71b50375f773e25,0.089,,,
26,2026-05-27,SH600029,-0.06754037737846375,EXP_LinearModel_Alpha158_csi300_custom_step0_s_20260527_16,8ba68131edbd4fa9a71b50375f773e25,0.089,,,
27,2026-05-27,SH600028,-0.05084290727972984,EXP_LinearModel_Alpha158_csi300_custom_step0_s_20260527_16,8ba68131edbd4fa9a71b50375f773e25,0.089,,,
28,2026-05-27,SH600027,0.02932416833937168,EXP_LinearModel_Alpha158_csi300_custom_step0_s_20260527_16,8ba68131edbd4fa9a71b50375f773e25,0.089,,,
29,2026-05-27,SH600026,0.06007850542664528,EXP_LinearModel_Alpha158_csi300_custom_step0_s_20260527_16,8ba68131edbd4fa9a71b50375f773e25,0.089,,,
30,2026-05-27,SH600025,-0.0006307577714323997,EXP_LinearModel_Alpha158_csi300_custom_step0_s_20260527_16,8ba68131edbd4fa9a71b50375f773e25,0.089,,,
31,2026-05-27,SH600023,-0.044009286910295486,EXP_LinearModel_Alpha158_csi300_custom_step0_s_20260527_16,8ba68131edbd4fa9a71b50375f773e25,0.089,,,
32,2026-05-27,SH600030,-0.07186219096183777,EXP_LinearModel_Alpha158_csi300_custom_step0_s_20260527_16,8ba68131edbd4fa9a71b50375f773e25,0.089,,,
33,2026-05-27,SH600085,-0.005149545148015022,EXP_LinearModel_Alpha158_csi300_custom_step0_s_20260527_16,8ba68131edbd4fa9a71b50375f773e25,0.089,,,
34,2026-05-27,SZ300760,-0.024448434134951486,EXP_DEnsembleModel_Alpha158_csi300_custom_step0_s_20260527_16,4d1cea3c5b0c48958c0e312bb9119907,0.043,,,
35,2026-05-27,SZ300750,0.16505966564482996,EXP_DEnsembleModel_Alpha158_csi300_custom_step0_s_20260527_16,4d1cea3c5b0c48958c0e312bb9119907,0.043,,,
36,2026-05-27,SZ002625,0.045317940314860104,EXP_DEnsembleModel_Alpha158_csi300_custom_step0_s_20260527_16,4d1cea3c5b0c48958c0e312bb9119907,0.043,,,
37,2026-05-27,SZ002648,0.20862616697548717,EXP_DEnsembleModel_Alpha158_csi300_custom_step0_s_20260527_16,4d1cea3c5b0c48958c0e312bb9119907,0.043,,,
38,2026-05-27,SZ002709,0.3434359956652191,EXP_DEnsembleModel_Alpha158_csi300_custom_step0_s_20260527_16,4d1cea3c5b0c48958c0e312bb9119907,0.043,,,
39,2026-05-27,SZ002714,0.027422589098858145,EXP_DEnsembleModel_Alpha158_csi300_custom_step0_s_20260527_16,4d1cea3c5b0c48958c0e312bb9119907,0.043,,,
40,2026-05-27,SZ002736,-0.07016525782469206,EXP_DEnsembleModel_Alpha158_csi300_custom_step0_s_20260527_16,4d1cea3c5b0c48958c0e312bb9119907,0.043,,,
41,2026-05-27,SZ002916,-0.18882870931507093,EXP_DEnsembleModel_Alpha158_csi300_custom_step0_s_20260527_16,4d1cea3c5b0c48958c0e312bb9119907,0.043,,,
42,2026-05-27,SZ002920,0.08550456338159032,EXP_DEnsembleModel_Alpha158_csi300_custom_step0_s_20260527_16,4d1cea3c5b0c48958c0e312bb9119907,0.043,,,
43,2026-05-27,SZ002938,-0.18807578614044543,EXP_DEnsembleModel_Alpha158_csi300_custom_step0_s_20260527_16,4d1cea3c5b0c48958c0e312bb9119907,0.043,,,
44,2026-05-27,SZ003816,0.0717579655022388,EXP_DEnsembleModel_Alpha158_csi300_custom_step0_s_20260527_16,4d1cea3c5b0c48958c0e312bb9119907,0.043,,,
45,2026-05-27,SZ300014,0.11475568106849635,EXP_DEnsembleModel_Alpha158_csi300_custom_step0_s_20260527_16,4d1cea3c5b0c48958c0e312bb9119907,0.043,,,
46,2026-05-27,SZ300015,-0.06481035250637276,EXP_DEnsembleModel_Alpha158_csi300_custom_step0_s_20260527_16,4d1cea3c5b0c48958c0e312bb9119907,0.043,,,
47,2026-05-27,SZ300033,0.18746549119535702,EXP_DEnsembleModel_Alpha158_csi300_custom_step0_s_20260527_16,4d1cea3c5b0c48958c0e312bb9119907,0.043,,,
48,2026-05-27,SZ300059,0.10367072189835073,EXP_DEnsembleModel_Alpha158_csi300_custom_step0_s_20260527_16,4d1cea3c5b0c48958c0e312bb9119907,0.043,,,
49,2026-05-27,SZ300122,-0.045210879167253366,EXP_DEnsembleModel_Alpha158_csi300_custom_step0_s_20260527_16,4d1cea3c5b0c48958c0e312bb9119907,0.043,,,
50,2026-05-27,SZ300124,0.2501682773407931,EXP_DEnsembleModel_Alpha158_csi300_custom_step0_s_20260527_16,4d1cea3c5b0c48958c0e312bb9119907,0.043,,,
51,2026-05-27,SZ300251,0.08289701386848619,EXP_DEnsembleModel_Alpha158_csi300_custom_step0_s_20260527_16,4d1cea3c5b0c48958c0e312bb9119907,0.043,,,
52,2026-05-27,SZ300274,0.25690335580769125,EXP_DEnsembleModel_Alpha158_csi300_custom_step0_s_20260527_16,4d1cea3c5b0c48958c0e312bb9119907,0.043,,,
53,2026-05-27,SZ300661,0.18584726526367404,EXP_DEnsembleModel_Alpha158_csi300_custom_step0_s_20260527_16,4d1cea3c5b0c48958c0e312bb9119907,0.043,,,
54,2026-05-27,SZ300628,0.2095572227723171,EXP_DEnsembleModel_Alpha158_csi300_custom_step0_s_20260527_16,4d1cea3c5b0c48958c0e312bb9119907,0.043,,,
55,2026-05-27,SZ300502,0.22964735393931196,EXP_DEnsembleModel_Alpha158_csi300_custom_step0_s_20260527_16,4d1cea3c5b0c48958c0e312bb9119907,0.043,,,
56,2026-05-27,SZ300498,0.08373164894838318,EXP_DEnsembleModel_Alpha158_csi300_custom_step0_s_20260527_16,4d1cea3c5b0c48958c0e312bb9119907,0.043,,,
57,2026-05-27,SZ300476,0.08995520680956441,EXP_DEnsembleModel_Alpha158_csi300_custom_step0_s_20260527_16,4d1cea3c5b0c48958c0e312bb9119907,0.043,,,
58,2026-05-27,SZ300442,0.08080586317913421,EXP_DEnsembleModel_Alpha158_csi300_custom_step0_s_20260527_16,4d1cea3c5b0c48958c0e312bb9119907,0.043,,,
59,2026-05-27,SZ300759,0.09807944889342453,EXP_DEnsembleModel_Alpha158_csi300_custom_step0_s_20260527_16,4d1cea3c5b0c48958c0e312bb9119907,0.043,,,
60,2026-05-27,SZ300433,0.017797751617373465,EXP_DEnsembleModel_Alpha158_csi300_custom_step0_s_20260527_16,4d1cea3c5b0c48958c0e312bb9119907,0.043,,,
61,2026-05-27,SZ300413,0.10959365802885851,EXP_DEnsembleModel_Alpha158_csi300_custom_step0_s_20260527_16,4d1cea3c5b0c48958c0e312bb9119907,0.043,,,
62,2026-05-27,SZ300408,0.12830350264842502,EXP_DEnsembleModel_Alpha158_csi300_custom_step0_s_20260527_16,4d1cea3c5b0c48958c0e312bb9119907,0.043,,,
63,2026-05-27,SZ300394,0.2502305023395505,EXP_DEnsembleModel_Alpha158_csi300_custom_step0_s_20260527_16,4d1cea3c5b0c48958c0e312bb9119907,0.043,,,
64,2026-05-27,SZ300347,0.19468518766148724,EXP_DEnsembleModel_Alpha158_csi300_custom_step0_s_20260527_16,4d1cea3c5b0c48958c0e312bb9119907,0.043,,,
65,2026-05-27,SZ300316,0.20512789188997066,EXP_DEnsembleModel_Alpha158_csi300_custom_step0_s_20260527_16,4d1cea3c5b0c48958c0e312bb9119907,0.043,,,
66,2026-05-27,SZ300308,0.31909648992232476,EXP_DEnsembleModel_Alpha158_csi300_custom_step0_s_20260527_16,4d1cea3c5b0c48958c0e312bb9119907,0.043,,,
67,2026-05-27,SZ300418,0.0421648163414385,EXP_DEnsembleModel_Alpha158_csi300_custom_step0_s_20260527_16,4d1cea3c5b0c48958c0e312bb9119907,0.043,,,
68,2026-05-27,SZ002601,0.1048575367696223,EXP_DEnsembleModel_Alpha158_csi300_custom_step0_s_20260527_16,4d1cea3c5b0c48958c0e312bb9119907,0.043,,,
69,2026-05-27,SH600089,-0.05110893398523331,EXP_LinearModel_Alpha158_csi300_custom_step0_s_20260527_16,8ba68131edbd4fa9a71b50375f773e25,0.089,,,
70,2026-05-27,SH600111,-0.019441304728388786,EXP_LinearModel_Alpha158_csi300_custom_step0_s_20260527_16,8ba68131edbd4fa9a71b50375f773e25,0.089,,,
71,2026-05-27,SH600690,-0.029800305142998695,EXP_LinearModel_Alpha158_csi300_custom_step0_s_20260527_16,8ba68131edbd4fa9a71b50375f773e25,0.089,,,
72,2026-05-27,SH600741,-0.054236117750406265,EXP_LinearModel_Alpha158_csi300_custom_step0_s_20260527_16,8ba68131edbd4fa9a71b50375f773e25,0.089,,,
73,2026-05-27,SH600760,-0.045373789966106415,EXP_LinearModel_Alpha158_csi300_custom_step0_s_20260527_16,8ba68131edbd4fa9a71b50375f773e25,0.089,,,
74,2026-05-27,SH600795,-0.0006640490610152483,EXP_LinearModel_Alpha158_csi300_custom_step0_s_20260527_16,8ba68131edbd4fa9a71b50375f773e25,0.089,,,
75,2026-05-27,SH600803,0.09094763547182083,EXP_LinearModel_Alpha158_csi300_custom_step0_s_20260527_16,8ba68131edbd4fa9a71b50375f773e25,0.089,,,
76,2026-05-27,SH600809,-0.039663054049015045,EXP_LinearModel_Alpha158_csi300_custom_step0_s_20260527_16,8ba68131edbd4fa9a71b50375f773e25,0.089,,,
77,2026-05-27,SH600845,0.01220785640180111,EXP_LinearModel_Alpha158_csi300_custom_step0_s_20260527_16,8ba68131edbd4fa9a71b50375f773e25,0.089,,,
78,2026-05-27,SH600875,-0.06280522048473358,EXP_LinearModel_Alpha158_csi300_custom_step0_s_20260527_16,8ba68131edbd4fa9a71b50375f773e25,0.089,,,
79,2026-05-27,SH600886,0.011896707117557526,EXP_LinearModel_Alpha158_csi300_custom_step0_s_20260527_16,8ba68131edbd4fa9a71b50375f773e25,0.089,,,
80,2026-05-27,SH600887,-0.0008660284802317619,EXP_LinearModel_Alpha158_csi300_custom_step0_s_20260527_16,8ba68131edbd4fa9a71b50375f773e25,0.089,,,
81,2026-05-27,SH600893,0.008829786442220211,EXP_LinearModel_Alpha158_csi300_custom_step0_s_20260527_16,8ba68131edbd4fa9a71b50375f773e25,0.089,,,
82,2026-05-27,SH600900,0.06200450286269188,EXP_LinearModel_Alpha158_csi300_custom_step0_s_20260527_16,8ba68131edbd4fa9a71b50375f773e25,0.089,,,
83,2026-05-27,SH600905,0.01577751338481903,EXP_LinearModel_Alpha158_csi300_custom_step0_s_20260527_16,8ba68131edbd4fa9a71b50375f773e25,0.089,,,
84,2026-05-27,SH600918,-0.04100079461932182,EXP_LinearModel_Alpha158_csi300_custom_step0_s_20260527_16,8ba68131edbd4fa9a71b50375f773e25,0.089,,,
85,2026-05-27,SH600919,0.049341775476932526,EXP_LinearModel_Alpha158_csi300_custom_step0_s_20260527_16,8ba68131edbd4fa9a71b50375f773e25,0.089,,,
86,2026-05-27,SH600926,-0.047142207622528076,EXP_LinearModel_Alpha158_csi300_custom_step0_s_20260527_16,8ba68131edbd4fa9a71b50375f773e25,0.089,,,
87,2026-05-27,SH600930,-0.0324157290160656,EXP_LinearModel_Alpha158_csi300_custom_step0_s_20260527_16,8ba68131edbd4fa9a71b50375f773e25,0.089,,,
88,2026-05-27,SH601077,-0.03757385537028313,EXP_LinearModel_Alpha158_csi300_custom_step0_s_20260527_16,8ba68131edbd4fa9a71b50375f773e25,0.089,,,
89,2026-05-27,SH601066,-0.008128637447953224,EXP_LinearModel_Alpha158_csi300_custom_step0_s_20260527_16,8ba68131edbd4fa9a71b50375f773e25,0.089,,,
90,2026-05-27,SH601059,0.027609631419181824,EXP_LinearModel_Alpha158_csi300_custom_step0_s_20260527_16,8ba68131edbd4fa9a71b50375f773e25,0.089,,,
91,2026-05-27,SH601058,-0.07256847620010376,EXP_LinearModel_Alpha158_csi300_custom_step0_s_20260527_16,8ba68131edbd4fa9a71b50375f773e25,0.089,,,
92,2026-05-27,SH601021,-0.04591281712055206,EXP_LinearModel_Alpha158_csi300_custom_step0_s_20260527_16,8ba68131edbd4fa9a71b50375f773e25,0.089,,,
93,2026-05-27,SH601018,0.04980869218707085,EXP_LinearModel_Alpha158_csi300_custom_step0_s_20260527_16,8ba68131edbd4fa9a71b50375f773e25,0.089,,,
94,2026-05-27,SH600674,0.017523961141705513,EXP_LinearModel_Alpha158_csi300_custom_step0_s_20260527_16,8ba68131edbd4fa9a71b50375f773e25,0.089,,,
95,2026-05-27,SH601012,0.02150583639740944,EXP_LinearModel_Alpha158_csi300_custom_step0_s_20260527_16,8ba68131edbd4fa9a71b50375f773e25,0.089,,,
96,2026-05-27,SH601006,0.015302920714020729,EXP_LinearModel_Alpha158_csi300_custom_step0_s_20260527_16,8ba68131edbd4fa9a71b50375f773e25,0.089,,,
97,2026-05-27,SH600999,0.03938467428088188,EXP_LinearModel_Alpha158_csi300_custom_step0_s_20260527_16,8ba68131edbd4fa9a71b50375f773e25,0.089,,,
98,2026-05-27,SH600989,0.05124469846487045,EXP_LinearModel_Alpha158_csi300_custom_step0_s_20260527_16,8ba68131edbd4fa9a71b50375f773e25,0.089,,,
99,2026-05-27,SH600958,,EXP_LinearModel_Alpha158_csi300_custom_step0_s_20260527_16,8ba68131edbd4fa9a71b50375f773e25,0.089,,,
100,2026-05-27,SH600941,-0.06412577629089355,EXP_LinearModel_Alpha158_csi300_custom_step0_s_20260527_16,8ba68131edbd4fa9a71b50375f773e25,0.089,,,
101,2026-05-27,SH600938,0.09565599262714386,EXP_LinearModel_Alpha158_csi300_custom_step0_s_20260527_16,8ba68131edbd4fa9a71b50375f773e25,0.089,,,
102,2026-05-27,SH601009,-0.05704773589968681,EXP_LinearModel_Alpha158_csi300_custom_step0_s_20260527_16,8ba68131edbd4fa9a71b50375f773e25,0.089,,,
103,2026-05-27,SH600104,0.012946069240570068,EXP_LinearModel_Alpha158_csi300_custom_step0_s_20260527_16,8ba68131edbd4fa9a71b50375f773e25,0.089,,,
104,2026-05-27,SH600660,-0.08768747746944427,EXP_LinearModel_Alpha158_csi300_custom_step0_s_20260527_16,8ba68131edbd4fa9a71b50375f773e25,0.089,,,
105,2026-05-27,SH600588,0.00468477513641119,EXP_LinearModel_Alpha158_csi300_custom_step0_s_20260527_16,8ba68131edbd4fa9a71b50375f773e25,0.089,,,
106,2026-05-27,SH600115,-0.048497118055820465,EXP_LinearModel_Alpha158_csi300_custom_step0_s_20260527_16,8ba68131edbd4fa9a71b50375f773e25,0.089,,,
107,2026-05-27,SH600150,-0.009974688291549683,EXP_LinearModel_Alpha158_csi300_custom_step0_s_20260527_16,8ba68131edbd4fa9a71b50375f773e25,0.089,,,
108,2026-05-27,SH600160,-0.05625426396727562,EXP_LinearModel_Alpha158_csi300_custom_step0_s_20260527_16,8ba68131edbd4fa9a71b50375f773e25,0.089,,,
109,2026-05-27,SH600161,-0.023130400106310844,EXP_LinearModel_Alpha158_csi300_custom_step0_s_20260527_16,8ba68131edbd4fa9a71b50375f773e25,0.089,,,
110,2026-05-27,SH600176,-0.06767722219228745,EXP_LinearModel_Alpha158_csi300_custom_step0_s_20260527_16,8ba68131edbd4fa9a71b50375f773e25,0.089,,,
111,2026-05-27,SH600183,-0.2589372396469116,EXP_LinearModel_Alpha158_csi300_custom_step0_s_20260527_16,8ba68131edbd4fa9a71b50375f773e25,0.089,,,
112,2026-05-27,SH600188,-0.0031480134930461645,EXP_LinearModel_Alpha158_csi300_custom_step0_s_20260527_16,8ba68131edbd4fa9a71b50375f773e25,0.089,,,
113,2026-05-27,SH600196,-0.04847390949726105,EXP_LinearModel_Alpha158_csi300_custom_step0_s_20260527_16,8ba68131edbd4fa9a71b50375f773e25,0.089,,,
114,2026-05-27,SH600219,0.026353955268859863,EXP_LinearModel_Alpha158_csi300_custom_step0_s_20260527_16,8ba68131edbd4fa9a71b50375f773e25,0.089,,,
115,2026-05-27,SH600233,-0.05351538956165314,EXP_LinearModel_Alpha158_csi300_custom_step0_s_20260527_16,8ba68131edbd4fa9a71b50375f773e25,0.089,,,
116,2026-05-27,SH600276,-0.08524665236473083,EXP_LinearModel_Alpha158_csi300_custom_step0_s_20260527_16,8ba68131edbd4fa9a71b50375f773e25,0.089,,,
117,2026-05-27,SH600309,0.02674277126789093,EXP_LinearModel_Alpha158_csi300_custom_step0_s_20260527_16,8ba68131edbd4fa9a71b50375f773e25,0.089,,,
118,2026-05-27,SH600346,0.04069952666759491,EXP_LinearModel_Alpha158_csi300_custom_step0_s_20260527_16,8ba68131edbd4fa9a71b50375f773e25,0.089,,,
119,2026-05-27,SH600362,-0.016058403998613358,EXP_LinearModel_Alpha158_csi300_custom_step0_s_20260527_16,8ba68131edbd4fa9a71b50375f773e25,0.089,,,
120,2026-05-27,SH600372,-0.02458553947508335,EXP_LinearModel_Alpha158_csi300_custom_step0_s_20260527_16,8ba68131edbd4fa9a71b50375f773e25,0.089,,,
121,2026-05-27,SH600377,0.03937317430973053,EXP_LinearModel_Alpha158_csi300_custom_step0_s_20260527_16,8ba68131edbd4fa9a71b50375f773e25,0.089,,,
122,2026-05-27,SH600406,-0.056305550038814545,EXP_LinearModel_Alpha158_csi300_custom_step0_s_20260527_16,8ba68131edbd4fa9a71b50375f773e25,0.089,,,
123,2026-05-27,SH600585,-0.04868052527308464,EXP_LinearModel_Alpha158_csi300_custom_step0_s_20260527_16,8ba68131edbd4fa9a71b50375f773e25,0.089,,,
124,2026-05-27,SH600584,-0.2678520381450653,EXP_LinearModel_Alpha158_csi300_custom_step0_s_20260527_16,8ba68131edbd4fa9a71b50375f773e25,0.089,,,
125,2026-05-27,SH600570,-0.02978999726474285,EXP_LinearModel_Alpha158_csi300_custom_step0_s_20260527_16,8ba68131edbd4fa9a71b50375f773e25,0.089,,,
126,2026-05-27,SH600547,0.012555040419101715,EXP_LinearModel_Alpha158_csi300_custom_step0_s_20260527_16,8ba68131edbd4fa9a71b50375f773e25,0.089,,,
127,2026-05-27,SH600522,-0.011663543060421944,EXP_LinearModel_Alpha158_csi300_custom_step0_s_20260527_16,8ba68131edbd4fa9a71b50375f773e25,0.089,,,
128,2026-05-27,SH600519,-0.03791772201657295,EXP_LinearModel_Alpha158_csi300_custom_step0_s_20260527_16,8ba68131edbd4fa9a71b50375f773e25,0.089,,,
129,2026-05-27,SH600600,-0.024866363033652306,EXP_LinearModel_Alpha158_csi300_custom_step0_s_20260527_16,8ba68131edbd4fa9a71b50375f773e25,0.089,,,
130,2026-05-27,SH600515,-0.00499486131593585,EXP_LinearModel_Alpha158_csi300_custom_step0_s_20260527_16,8ba68131edbd4fa9a71b50375f773e25,0.089,,,
131,2026-05-27,SH600482,-0.0018476765835657716,EXP_LinearModel_Alpha158_csi300_custom_step0_s_20260527_16,8ba68131edbd4fa9a71b50375f773e25,0.089,,,
132,2026-05-27,SH600460,-0.05215054005384445,EXP_LinearModel_Alpha158_csi300_custom_step0_s_20260527_16,8ba68131edbd4fa9a71b50375f773e25,0.089,,,
133,2026-05-27,SH600438,,EXP_LinearModel_Alpha158_csi300_custom_step0_s_20260527_16,8ba68131edbd4fa9a71b50375f773e25,0.089,,,
134,2026-05-27,SH600436,-0.051045387983322144,EXP_LinearModel_Alpha158_csi300_custom_step0_s_20260527_16,8ba68131edbd4fa9a71b50375f773e25,0.089,,,
135,2026-05-27,SH600426,0.06582368910312653,EXP_LinearModel_Alpha158_csi300_custom_step0_s_20260527_16,8ba68131edbd4fa9a71b50375f773e25,0.089,,,
136,2026-05-27,SH600415,-0.04393990710377693,EXP_LinearModel_Alpha158_csi300_custom_step0_s_20260527_16,8ba68131edbd4fa9a71b50375f773e25,0.089,,,
137,2026-05-27,SH600489,-0.007207703776657581,EXP_LinearModel_Alpha158_csi300_custom_step0_s_20260527_16,8ba68131edbd4fa9a71b50375f773e25,0.089,,,
138,2026-05-27,SZ002600,0.11939252097909762,EXP_DEnsembleModel_Alpha158_csi300_custom_step0_s_20260527_16,4d1cea3c5b0c48958c0e312bb9119907,0.043,,,
139,2026-05-27,SZ002594,-0.02875511195354633,EXP_DEnsembleModel_Alpha158_csi300_custom_step0_s_20260527_16,4d1cea3c5b0c48958c0e312bb9119907,0.043,,,
140,2026-05-27,SZ002493,0.27192451606365253,EXP_DEnsembleModel_Alpha158_csi300_custom_step0_s_20260527_16,4d1cea3c5b0c48958c0e312bb9119907,0.043,,,
141,2026-05-27,SH601919,-0.046809115875872324,EXP_DEnsembleModel_Alpha158_csi300_custom_step0_s_20260527_16,4d1cea3c5b0c48958c0e312bb9119907,0.043,,,
142,2026-05-27,SH601939,0.02829004042629868,EXP_DEnsembleModel_Alpha158_csi300_custom_step0_s_20260527_16,4d1cea3c5b0c48958c0e312bb9119907,0.043,,,
143,2026-05-27,SH601985,-0.08901589885625286,EXP_DEnsembleModel_Alpha158_csi300_custom_step0_s_20260527_16,4d1cea3c5b0c48958c0e312bb9119907,0.043,,,
144,2026-05-27,SH601988,-0.03772056566915027,EXP_DEnsembleModel_Alpha158_csi300_custom_step0_s_20260527_16,4d1cea3c5b0c48958c0e312bb9119907,0.043,,,
145,2026-05-27,SH601995,0.02652252408705422,EXP_DEnsembleModel_Alpha158_csi300_custom_step0_s_20260527_16,4d1cea3c5b0c48958c0e312bb9119907,0.043,,,
146,2026-05-27,SH601998,0.011930877235794246,EXP_DEnsembleModel_Alpha158_csi300_custom_step0_s_20260527_16,4d1cea3c5b0c48958c0e312bb9119907,0.043,,,
147,2026-05-27,SH603019,0.11509861190045027,EXP_DEnsembleModel_Alpha158_csi300_custom_step0_s_20260527_16,4d1cea3c5b0c48958c0e312bb9119907,0.043,,,
148,2026-05-27,SH603195,0.10722273323501458,EXP_DEnsembleModel_Alpha158_csi300_custom_step0_s_20260527_16,4d1cea3c5b0c48958c0e312bb9119907,0.043,,,
149,2026-05-27,SH603259,0.06462811478961002,EXP_DEnsembleModel_Alpha158_csi300_custom_step0_s_20260527_16,4d1cea3c5b0c48958c0e312bb9119907,0.043,,,
150,2026-05-27,SH603260,0.16310248789235018,EXP_DEnsembleModel_Alpha158_csi300_custom_step0_s_20260527_16,4d1cea3c5b0c48958c0e312bb9119907,0.043,,,
151,2026-05-27,SH603288,-0.01979202466893194,EXP_DEnsembleModel_Alpha158_csi300_custom_step0_s_20260527_16,4d1cea3c5b0c48958c0e312bb9119907,0.043,,,
152,2026-05-27,SH603296,0.37544322481803843,EXP_DEnsembleModel_Alpha158_csi300_custom_step0_s_20260527_16,4d1cea3c5b0c48958c0e312bb9119907,0.043,,,
153,2026-05-27,SH603369,-0.004384200683603929,EXP_DEnsembleModel_Alpha158_csi300_custom_step0_s_20260527_16,4d1cea3c5b0c48958c0e312bb9119907,0.043,,,
154,2026-05-27,SH603392,0.042969104174192835,EXP_DEnsembleModel_Alpha158_csi300_custom_step0_s_20260527_16,4d1cea3c5b0c48958c0e312bb9119907,0.043,,,
155,2026-05-27,SH603501,0.14349826218145434,EXP_DEnsembleModel_Alpha158_csi300_custom_step0_s_20260527_16,4d1cea3c5b0c48958c0e312bb9119907,0.043,,,
156,2026-05-27,SH603799,0.10706022070154728,EXP_DEnsembleModel_Alpha158_csi300_custom_step0_s_20260527_16,4d1cea3c5b0c48958c0e312bb9119907,0.043,,,
157,2026-05-27,SH603893,-0.05514870435090718,EXP_DEnsembleModel_Alpha158_csi300_custom_step0_s_20260527_16,4d1cea3c5b0c48958c0e312bb9119907,0.043,,,
158,2026-05-27,SH688169,0.030120683202844795,EXP_DEnsembleModel_Alpha158_csi300_custom_step0_s_20260527_16,4d1cea3c5b0c48958c0e312bb9119907,0.043,,,
159,2026-05-27,SH688126,-0.06522475528356952,EXP_DEnsembleModel_Alpha158_csi300_custom_step0_s_20260527_16,4d1cea3c5b0c48958c0e312bb9119907,0.043,,,
160,2026-05-27,SH688111,0.07402801571385895,EXP_DEnsembleModel_Alpha158_csi300_custom_step0_s_20260527_16,4d1cea3c5b0c48958c0e312bb9119907,0.043,,,
161,2026-05-27,SH688082,-0.444304163821514,EXP_DEnsembleModel_Alpha158_csi300_custom_step0_s_20260527_16,4d1cea3c5b0c48958c0e312bb9119907,0.043,,,
162,2026-05-27,SH688047,0.07303817080032618,EXP_DEnsembleModel_Alpha158_csi300_custom_step0_s_20260527_16,4d1cea3c5b0c48958c0e312bb9119907,0.043,,,
163,2026-05-27,SH688041,0.21058716225503352,EXP_DEnsembleModel_Alpha158_csi300_custom_step0_s_20260527_16,4d1cea3c5b0c48958c0e312bb9119907,0.043,,,
164,2026-05-27,SH601916,-0.09051710642547724,EXP_DEnsembleModel_Alpha158_csi300_custom_step0_s_20260527_16,4d1cea3c5b0c48958c0e312bb9119907,0.043,,,
165,2026-05-27,SH688036,0.1720555404004113,EXP_DEnsembleModel_Alpha158_csi300_custom_step0_s_20260527_16,4d1cea3c5b0c48958c0e312bb9119907,0.043,,,
166,2026-05-27,SH688009,-0.05548982826083004,EXP_DEnsembleModel_Alpha158_csi300_custom_step0_s_20260527_16,4d1cea3c5b0c48958c0e312bb9119907,0.043,,,
167,2026-05-27,SH688008,0.07753450477370182,EXP_DEnsembleModel_Alpha158_csi300_custom_step0_s_20260527_16,4d1cea3c5b0c48958c0e312bb9119907,0.043,,,
168,2026-05-27,SH605499,0.021486861689042746,EXP_DEnsembleModel_Alpha158_csi300_custom_step0_s_20260527_16,4d1cea3c5b0c48958c0e312bb9119907,0.043,,,
169,2026-05-27,SH605117,0.3237166540095939,EXP_DEnsembleModel_Alpha158_csi300_custom_step0_s_20260527_16,4d1cea3c5b0c48958c0e312bb9119907,0.043,,,
170,2026-05-27,SH603993,0.015358520058855839,EXP_DEnsembleModel_Alpha158_csi300_custom_step0_s_20260527_16,4d1cea3c5b0c48958c0e312bb9119907,0.043,,,
171,2026-05-27,SH603986,-0.27434119336860374,EXP_DEnsembleModel_Alpha158_csi300_custom_step0_s_20260527_16,4d1cea3c5b0c48958c0e312bb9119907,0.043,,,
172,2026-05-27,SH688012,-0.08961710617597263,EXP_DEnsembleModel_Alpha158_csi300_custom_step0_s_20260527_16,4d1cea3c5b0c48958c0e312bb9119907,0.043,,,
173,2026-05-27,SH688187,0.19074480516484185,EXP_DEnsembleModel_Alpha158_csi300_custom_step0_s_20260527_16,4d1cea3c5b0c48958c0e312bb9119907,0.043,,,
174,2026-05-27,SH601901,-0.02125272063559352,EXP_DEnsembleModel_Alpha158_csi300_custom_step0_s_20260527_16,4d1cea3c5b0c48958c0e312bb9119907,0.043,,,
175,2026-05-27,SH601898,0.09512173908343292,EXP_DEnsembleModel_Alpha158_csi300_custom_step0_s_20260527_16,4d1cea3c5b0c48958c0e312bb9119907,0.043,,,
176,2026-05-27,SH601390,-0.04213557687587873,EXP_DEnsembleModel_Alpha158_csi300_custom_step0_s_20260527_16,4d1cea3c5b0c48958c0e312bb9119907,0.043,,,
177,2026-05-27,SH601398,-0.13163309692454722,EXP_DEnsembleModel_Alpha158_csi300_custom_step0_s_20260527_16,4d1cea3c5b0c48958c0e312bb9119907,0.043,,,
178,2026-05-27,SH601456,-0.0498164641913181,EXP_DEnsembleModel_Alpha158_csi300_custom_step0_s_20260527_16,4d1cea3c5b0c48958c0e312bb9119907,0.043,,,
179,2026-05-27,SH601600,-0.08656225282185488,EXP_DEnsembleModel_Alpha158_csi300_custom_step0_s_20260527_16,4d1cea3c5b0c48958c0e312bb9119907,0.043,,,
180,2026-05-27,SH601601,-0.044790143849339124,EXP_DEnsembleModel_Alpha158_csi300_custom_step0_s_20260527_16,4d1cea3c5b0c48958c0e312bb9119907,0.043,,,
181,2026-05-27,SH601607,0.011768032701708541,EXP_DEnsembleModel_Alpha158_csi300_custom_step0_s_20260527_16,4d1cea3c5b0c48958c0e312bb9119907,0.043,,,
182,2026-05-27,SH601618,-0.00383301054999774,EXP_DEnsembleModel_Alpha158_csi300_custom_step0_s_20260527_16,4d1cea3c5b0c48958c0e312bb9119907,0.043,,,
183,2026-05-27,SH601628,-0.05294526894599907,EXP_DEnsembleModel_Alpha158_csi300_custom_step0_s_20260527_16,4d1cea3c5b0c48958c0e312bb9119907,0.043,,,
184,2026-05-27,SH601633,0.0032512799622110553,EXP_DEnsembleModel_Alpha158_csi300_custom_step0_s_20260527_16,4d1cea3c5b0c48958c0e312bb9119907,0.043,,,
185,2026-05-27,SH601658,-0.08410098500683218,EXP_DEnsembleModel_Alpha158_csi300_custom_step0_s_20260527_16,4d1cea3c5b0c48958c0e312bb9119907,0.043,,,
186,2026-05-27,SH601668,-0.10714092974049273,EXP_DEnsembleModel_Alpha158_csi300_custom_step0_s_20260527_16,4d1cea3c5b0c48958c0e312bb9119907,0.043,,,
187,2026-05-27,SH601669,-0.0107602524761876,EXP_DEnsembleModel_Alpha158_csi300_custom_step0_s_20260527_16,4d1cea3c5b0c48958c0e312bb9119907,0.043,,,
188,2026-05-27,SH601688,0.08765396709191764,EXP_DEnsembleModel_Alpha158_csi300_custom_step0_s_20260527_16,4d1cea3c5b0c48958c0e312bb9119907,0.043,,,
189,2026-05-27,SH601689,0.13549561515469516,EXP_DEnsembleModel_Alpha158_csi300_custom_step0_s_20260527_16,4d1cea3c5b0c48958c0e312bb9119907,0.043,,,
190,2026-05-27,SH601698,0.07287496704071307,EXP_DEnsembleModel_Alpha158_csi300_custom_step0_s_20260527_16,4d1cea3c5b0c48958c0e312bb9119907,0.043,,,
191,2026-05-27,SH601728,-0.039708314208491316,EXP_DEnsembleModel_Alpha158_csi300_custom_step0_s_20260527_16,4d1cea3c5b0c48958c0e312bb9119907,0.043,,,
192,2026-05-27,SH601766,-0.09197727102161744,EXP_DEnsembleModel_Alpha158_csi300_custom_step0_s_20260527_16,4d1cea3c5b0c48958c0e312bb9119907,0.043,,,
193,2026-05-27,SH601888,0.1725069824929189,EXP_DEnsembleModel_Alpha158_csi300_custom_step0_s_20260527_16,4d1cea3c5b0c48958c0e312bb9119907,0.043,,,
194,2026-05-27,SH601881,0.10673905037824953,EXP_DEnsembleModel_Alpha158_csi300_custom_step0_s_20260527_16,4d1cea3c5b0c48958c0e312bb9119907,0.043,,,
195,2026-05-27,SH601878,0.03255371850997762,EXP_DEnsembleModel_Alpha158_csi300_custom_step0_s_20260527_16,4d1cea3c5b0c48958c0e312bb9119907,0.043,,,
196,2026-05-27,SH601877,0.10616512531717989,EXP_DEnsembleModel_Alpha158_csi300_custom_step0_s_20260527_16,4d1cea3c5b0c48958c0e312bb9119907,0.043,,,
197,2026-05-27,SH601872,0.11845561172307663,EXP_DEnsembleModel_Alpha158_csi300_custom_step0_s_20260527_16,4d1cea3c5b0c48958c0e312bb9119907,0.043,,,
198,2026-05-27,SH601868,0.039963529282640194,EXP_DEnsembleModel_Alpha158_csi300_custom_step0_s_20260527_16,4d1cea3c5b0c48958c0e312bb9119907,0.043,,,
199,2026-05-27,SH601899,0.05369127810158316,EXP_DEnsembleModel_Alpha158_csi300_custom_step0_s_20260527_16,4d1cea3c5b0c48958c0e312bb9119907,0.043,,,
200,2026-05-27,SH601857,0.07551606393668932,EXP_DEnsembleModel_Alpha158_csi300_custom_step0_s_20260527_16,4d1cea3c5b0c48958c0e312bb9119907,0.043,,,
201,2026-05-27,SH601825,-0.1059199053741799,EXP_DEnsembleModel_Alpha158_csi300_custom_step0_s_20260527_16,4d1cea3c5b0c48958c0e312bb9119907,0.043,,,
202,2026-05-27,SH601818,-0.1066554319393151,EXP_DEnsembleModel_Alpha158_csi300_custom_step0_s_20260527_16,4d1cea3c5b0c48958c0e312bb9119907,0.043,,,
203,2026-05-27,SH601816,-0.07249523657976936,EXP_DEnsembleModel_Alpha158_csi300_custom_step0_s_20260527_16,4d1cea3c5b0c48958c0e312bb9119907,0.043,,,
204,2026-05-27,SH601808,0.10131692210941014,EXP_DEnsembleModel_Alpha158_csi300_custom_step0_s_20260527_16,4d1cea3c5b0c48958c0e312bb9119907,0.043,,,
205,2026-05-27,SH601800,0.08507088576402573,EXP_DEnsembleModel_Alpha158_csi300_custom_step0_s_20260527_16,4d1cea3c5b0c48958c0e312bb9119907,0.043,,,
206,2026-05-27,SH601788,-0.014539615457148176,EXP_DEnsembleModel_Alpha158_csi300_custom_step0_s_20260527_16,4d1cea3c5b0c48958c0e312bb9119907,0.043,,,
207,2026-05-27,SH601838,-0.029091207152006242,EXP_DEnsembleModel_Alpha158_csi300_custom_step0_s_20260527_16,4d1cea3c5b0c48958c0e312bb9119907,0.043,,,
208,2026-05-27,SH688223,0.06746942829341146,EXP_DEnsembleModel_Alpha158_csi300_custom_step0_s_20260527_16,4d1cea3c5b0c48958c0e312bb9119907,0.043,,,
209,2026-05-27,SH688256,0.3496604402865732,EXP_DEnsembleModel_Alpha158_csi300_custom_step0_s_20260527_16,4d1cea3c5b0c48958c0e312bb9119907,0.043,,,
210,2026-05-27,SH688271,-0.056349359229719134,EXP_DEnsembleModel_Alpha158_csi300_custom_step0_s_20260527_16,4d1cea3c5b0c48958c0e312bb9119907,0.043,,,
211,2026-05-27,SZ000975,0.1524053502715923,EXP_DEnsembleModel_Alpha158_csi300_custom_step0_s_20260527_16,4d1cea3c5b0c48958c0e312bb9119907,0.043,,,
212,2026-05-27,SZ000977,0.20259773670931203,EXP_DEnsembleModel_Alpha158_csi300_custom_step0_s_20260527_16,4d1cea3c5b0c48958c0e312bb9119907,0.043,,,
213,2026-05-27,SZ000983,0.1273795750841515,EXP_DEnsembleModel_Alpha158_csi300_custom_step0_s_20260527_16,4d1cea3c5b0c48958c0e312bb9119907,0.043,,,
214,2026-05-27,SZ000999,-0.05221263244005024,EXP_DEnsembleModel_Alpha158_csi300_custom_step0_s_20260527_16,4d1cea3c5b0c48958c0e312bb9119907,0.043,,,
215,2026-05-27,SZ001391,-0.07664060220913965,EXP_DEnsembleModel_Alpha158_csi300_custom_step0_s_20260527_16,4d1cea3c5b0c48958c0e312bb9119907,0.043,,,
216,2026-05-27,SZ001965,0.0506665505204423,EXP_DEnsembleModel_Alpha158_csi300_custom_step0_s_20260527_16,4d1cea3c5b0c48958c0e312bb9119907,0.043,,,
217,2026-05-27,SZ001979,0.05031118912579496,EXP_DEnsembleModel_Alpha158_csi300_custom_step0_s_20260527_16,4d1cea3c5b0c48958c0e312bb9119907,0.043,,,
218,2026-05-27,SZ002001,0.0527206706537109,EXP_DEnsembleModel_Alpha158_csi300_custom_step0_s_20260527_16,4d1cea3c5b0c48958c0e312bb9119907,0.043,,,
219,2026-05-27,SZ002027,-0.017594079726066233,EXP_DEnsembleModel_Alpha158_csi300_custom_step0_s_20260527_16,4d1cea3c5b0c48958c0e312bb9119907,0.043,,,
220,2026-05-27,SZ002028,0.0890493905206739,EXP_DEnsembleModel_Alpha158_csi300_custom_step0_s_20260527_16,4d1cea3c5b0c48958c0e312bb9119907,0.043,,,
221,2026-05-27,SZ002049,0.024138976955958073,EXP_DEnsembleModel_Alpha158_csi300_custom_step0_s_20260527_16,4d1cea3c5b0c48958c0e312bb9119907,0.043,,,
222,2026-05-27,SZ002050,0.01236598548121091,EXP_DEnsembleModel_Alpha158_csi300_custom_step0_s_20260527_16,4d1cea3c5b0c48958c0e312bb9119907,0.043,,,
223,2026-05-27,SZ002074,0.0895921016277851,EXP_DEnsembleModel_Alpha158_csi300_custom_step0_s_20260527_16,4d1cea3c5b0c48958c0e312bb9119907,0.043,,,
224,2026-05-27,SZ002142,-0.08793783562185245,EXP_DEnsembleModel_Alpha158_csi300_custom_step0_s_20260527_16,4d1cea3c5b0c48958c0e312bb9119907,0.043,,,
225,2026-05-27,SZ002179,0.09364788573248535,EXP_DEnsembleModel_Alpha158_csi300_custom_step0_s_20260527_16,4d1cea3c5b0c48958c0e312bb9119907,0.043,,,
226,2026-05-27,SZ002230,0.0014945322861150726,EXP_DEnsembleModel_Alpha158_csi300_custom_step0_s_20260527_16,4d1cea3c5b0c48958c0e312bb9119907,0.043,,,
227,2026-05-27,SZ002236,0.17326882041813899,EXP_DEnsembleModel_Alpha158_csi300_custom_step0_s_20260527_16,4d1cea3c5b0c48958c0e312bb9119907,0.043,,,
228,2026-05-27,SZ002475,0.5050738313427877,EXP_DEnsembleModel_Alpha158_csi300_custom_step0_s_20260527_16,4d1cea3c5b0c48958c0e312bb9119907,0.043,,,
229,2026-05-27,SZ002466,0.18943081325278807,EXP_DEnsembleModel_Alpha158_csi300_custom_step0_s_20260527_16,4d1cea3c5b0c48958c0e312bb9119907,0.043,,,
230,2026-05-27,SZ002463,-0.1255185411673827,EXP_DEnsembleModel_Alpha158_csi300_custom_step0_s_20260527_16,4d1cea3c5b0c48958c0e312bb9119907,0.043,,,
231,2026-05-27,SZ002460,0.25781930789027907,EXP_DEnsembleModel_Alpha158_csi300_custom_step0_s_20260527_16,4d1cea3c5b0c48958c0e312bb9119907,0.043,,,
232,2026-05-27,SZ002459,0.18164558323283836,EXP_DEnsembleModel_Alpha158_csi300_custom_step0_s_20260527_16,4d1cea3c5b0c48958c0e312bb9119907,0.043,,,
233,2026-05-27,SZ002422,0.04885235676169326,EXP_DEnsembleModel_Alpha158_csi300_custom_step0_s_20260527_16,4d1cea3c5b0c48958c0e312bb9119907,0.043,,,
234,2026-05-27,SZ000963,-0.05381511495616504,EXP_DEnsembleModel_Alpha158_csi300_custom_step0_s_20260527_16,4d1cea3c5b0c48958c0e312bb9119907,0.043,,,
235,2026-05-27,SZ002415,0.0742169660178472,EXP_DEnsembleModel_Alpha158_csi300_custom_step0_s_20260527_16,4d1cea3c5b0c48958c0e312bb9119907,0.043,,,
236,2026-05-27,SZ002371,0.2685415948700222,EXP_DEnsembleModel_Alpha158_csi300_custom_step0_s_20260527_16,4d1cea3c5b0c48958c0e312bb9119907,0.043,,,
237,2026-05-27,SZ002352,-0.06839364005408158,EXP_DEnsembleModel_Alpha158_csi300_custom_step0_s_20260527_16,4d1cea3c5b0c48958c0e312bb9119907,0.043,,,
238,2026-05-27,SZ002311,-0.05661006574843317,EXP_DEnsembleModel_Alpha158_csi300_custom_step0_s_20260527_16,4d1cea3c5b0c48958c0e312bb9119907,0.043,,,
239,2026-05-27,SZ002304,0.022473022500491255,EXP_DEnsembleModel_Alpha158_csi300_custom_step0_s_20260527_16,4d1cea3c5b0c48958c0e312bb9119907,0.043,,,
240,2026-05-27,SZ002252,-0.07736094743774086,EXP_DEnsembleModel_Alpha158_csi300_custom_step0_s_20260527_16,4d1cea3c5b0c48958c0e312bb9119907,0.043,,,
241,2026-05-27,SZ002241,0.057769833909930415,EXP_DEnsembleModel_Alpha158_csi300_custom_step0_s_20260527_16,4d1cea3c5b0c48958c0e312bb9119907,0.043,,,
242,2026-05-27,SZ002384,0.35859633770738125,EXP_DEnsembleModel_Alpha158_csi300_custom_step0_s_20260527_16,4d1cea3c5b0c48958c0e312bb9119907,0.043,,,
243,2026-05-27,SZ000938,0.21891339771103613,EXP_DEnsembleModel_Alpha158_csi300_custom_step0_s_20260527_16,4d1cea3c5b0c48958c0e312bb9119907,0.043,,,
244,2026-05-27,SZ000895,0.015940232912064714,EXP_DEnsembleModel_Alpha158_csi300_custom_step0_s_20260527_16,4d1cea3c5b0c48958c0e312bb9119907,0.043,,,
245,2026-05-27,SZ000876,-0.010348496628771606,EXP_DEnsembleModel_Alpha158_csi300_custom_step0_s_20260527_16,4d1cea3c5b0c48958c0e312bb9119907,0.043,,,
246,2026-05-27,SZ000338,0.35647118357391183,EXP_DEnsembleModel_Alpha158_csi300_custom_step0_s_20260527_16,4d1cea3c5b0c48958c0e312bb9119907,0.043,,,
247,2026-05-27,SZ000333,0.050277508257676296,EXP_DEnsembleModel_Alpha158_csi300_custom_step0_s_20260527_16,4d1cea3c5b0c48958c0e312bb9119907,0.043,,,
248,2026-05-27,SZ000301,0.1739935912479416,EXP_DEnsembleModel_Alpha158_csi300_custom_step0_s_20260527_16,4d1cea3c5b0c48958c0e312bb9119907,0.043,,,
249,2026-05-27,SZ000166,-0.03340087459310226,EXP_DEnsembleModel_Alpha158_csi300_custom_step0_s_20260527_16,4d1cea3c5b0c48958c0e312bb9119907,0.043,,,
250,2026-05-27,SZ000157,-0.0002603985606064439,EXP_DEnsembleModel_Alpha158_csi300_custom_step0_s_20260527_16,4d1cea3c5b0c48958c0e312bb9119907,0.043,,,
251,2026-05-27,SZ000100,0.08591371360230064,EXP_DEnsembleModel_Alpha158_csi300_custom_step0_s_20260527_16,4d1cea3c5b0c48958c0e312bb9119907,0.043,,,
252,2026-05-27,SZ000408,0.008101303586299307,EXP_DEnsembleModel_Alpha158_csi300_custom_step0_s_20260527_16,4d1cea3c5b0c48958c0e312bb9119907,0.043,,,
253,2026-05-27,SZ000063,0.08654635842216642,EXP_DEnsembleModel_Alpha158_csi300_custom_step0_s_20260527_16,4d1cea3c5b0c48958c0e312bb9119907,0.043,,,
254,2026-05-27,SZ000001,-0.10211100113339638,EXP_DEnsembleModel_Alpha158_csi300_custom_step0_s_20260527_16,4d1cea3c5b0c48958c0e312bb9119907,0.043,,,
255,2026-05-27,SH688981,-0.040827753791711455,EXP_DEnsembleModel_Alpha158_csi300_custom_step0_s_20260527_16,4d1cea3c5b0c48958c0e312bb9119907,0.043,,,
256,2026-05-27,SH688506,0.21525376028706913,EXP_DEnsembleModel_Alpha158_csi300_custom_step0_s_20260527_16,4d1cea3c5b0c48958c0e312bb9119907,0.043,,,
257,2026-05-27,SH688472,0.2622502525809107,EXP_DEnsembleModel_Alpha158_csi300_custom_step0_s_20260527_16,4d1cea3c5b0c48958c0e312bb9119907,0.043,,,
258,2026-05-27,SH688396,0.39092108064595815,EXP_DEnsembleModel_Alpha158_csi300_custom_step0_s_20260527_16,4d1cea3c5b0c48958c0e312bb9119907,0.043,,,
259,2026-05-27,SH688303,0.21579544057617014,EXP_DEnsembleModel_Alpha158_csi300_custom_step0_s_20260527_16,4d1cea3c5b0c48958c0e312bb9119907,0.043,,,
260,2026-05-27,SZ000002,0.2679871154141889,EXP_DEnsembleModel_Alpha158_csi300_custom_step0_s_20260527_16,4d1cea3c5b0c48958c0e312bb9119907,0.043,,,
261,2026-05-27,SH601088,0.0224535521119833,EXP_LinearModel_Alpha158_csi300_custom_step0_s_20260527_16,8ba68131edbd4fa9a71b50375f773e25,0.089,,,
262,2026-05-27,SZ000425,0.1343585203586156,EXP_DEnsembleModel_Alpha158_csi300_custom_step0_s_20260527_16,4d1cea3c5b0c48958c0e312bb9119907,0.043,,,
263,2026-05-27,SZ000568,-0.0191736578134027,EXP_DEnsembleModel_Alpha158_csi300_custom_step0_s_20260527_16,4d1cea3c5b0c48958c0e312bb9119907,0.043,,,
264,2026-05-27,SZ000858,0.09485170032091789,EXP_DEnsembleModel_Alpha158_csi300_custom_step0_s_20260527_16,4d1cea3c5b0c48958c0e312bb9119907,0.043,,,
265,2026-05-27,SZ000807,-0.013558724757231876,EXP_DEnsembleModel_Alpha158_csi300_custom_step0_s_20260527_16,4d1cea3c5b0c48958c0e312bb9119907,0.043,,,
266,2026-05-27,SZ000792,0.101540973538564,EXP_DEnsembleModel_Alpha158_csi300_custom_step0_s_20260527_16,4d1cea3c5b0c48958c0e312bb9119907,0.043,,,
267,2026-05-27,SZ000786,0.019420675279150586,EXP_DEnsembleModel_Alpha158_csi300_custom_step0_s_20260527_16,4d1cea3c5b0c48958c0e312bb9119907,0.043,,,
268,2026-05-27,SZ000776,0.010141366947830263,EXP_DEnsembleModel_Alpha158_csi300_custom_step0_s_20260527_16,4d1cea3c5b0c48958c0e312bb9119907,0.043,,,
269,2026-05-27,SZ000768,0.12117478914900817,EXP_DEnsembleModel_Alpha158_csi300_custom_step0_s_20260527_16,4d1cea3c5b0c48958c0e312bb9119907,0.043,,,
270,2026-05-27,SZ000538,0.006428449542276678,EXP_DEnsembleModel_Alpha158_csi300_custom_step0_s_20260527_16,4d1cea3c5b0c48958c0e312bb9119907,0.043,,,
271,2026-05-27,SZ000725,-0.27547738644247716,EXP_DEnsembleModel_Alpha158_csi300_custom_step0_s_20260527_16,4d1cea3c5b0c48958c0e312bb9119907,0.043,,,
272,2026-05-27,SZ000661,0.068767102094475,EXP_DEnsembleModel_Alpha158_csi300_custom_step0_s_20260527_16,4d1cea3c5b0c48958c0e312bb9119907,0.043,,,
273,2026-05-27,SZ000651,-0.033697257030245245,EXP_DEnsembleModel_Alpha158_csi300_custom_step0_s_20260527_16,4d1cea3c5b0c48958c0e312bb9119907,0.043,,,
274,2026-05-27,SZ000630,0.03128571486682349,EXP_DEnsembleModel_Alpha158_csi300_custom_step0_s_20260527_16,4d1cea3c5b0c48958c0e312bb9119907,0.043,,,
275,2026-05-27,SZ000625,0.04922957897060591,EXP_DEnsembleModel_Alpha158_csi300_custom_step0_s_20260527_16,4d1cea3c5b0c48958c0e312bb9119907,0.043,,,
276,2026-05-27,SZ000617,0.14082661267805965,EXP_DEnsembleModel_Alpha158_csi300_custom_step0_s_20260527_16,4d1cea3c5b0c48958c0e312bb9119907,0.043,,,
277,2026-05-27,SZ000596,0.06718840261494007,EXP_DEnsembleModel_Alpha158_csi300_custom_step0_s_20260527_16,4d1cea3c5b0c48958c0e312bb9119907,0.043,,,
278,2026-05-27,SZ000708,-0.11332695940475711,EXP_DEnsembleModel_Alpha158_csi300_custom_step0_s_20260527_16,4d1cea3c5b0c48958c0e312bb9119907,0.043,,,
279,2026-05-27,SH601377,0.08198498904883675,EXP_DEnsembleModel_Alpha158_csi300_custom_step0_s_20260527_16,4d1cea3c5b0c48958c0e312bb9119907,0.043,,,
280,2026-05-27,SH601100,-0.04964970052242279,EXP_LinearModel_Alpha158_csi300_custom_step0_s_20260527_16,8ba68131edbd4fa9a71b50375f773e25,0.089,,,
281,2026-05-27,SH601117,0.007337726652622223,EXP_LinearModel_Alpha158_csi300_custom_step0_s_20260527_16,8ba68131edbd4fa9a71b50375f773e25,0.089,,,
282,2026-05-27,SZ300274,-0.013376223854720592,EXP_LinearModel_Alpha158_csi300_custom_step0_s_20260527_16,8ba68131edbd4fa9a71b50375f773e25,0.089,,,
283,2026-05-27,SZ300308,-0.13296084105968475,EXP_LinearModel_Alpha158_csi300_custom_step0_s_20260527_16,8ba68131edbd4fa9a71b50375f773e25,0.089,,,
284,2026-05-27,SZ300316,-0.042927760630846024,EXP_LinearModel_Alpha158_csi300_custom_step0_s_20260527_16,8ba68131edbd4fa9a71b50375f773e25,0.089,,,
285,2026-05-27,SZ300347,0.04374069720506668,EXP_LinearModel_Alpha158_csi300_custom_step0_s_20260527_16,8ba68131edbd4fa9a71b50375f773e25,0.089,,,
286,2026-05-27,SZ300394,-0.08218110352754593,EXP_LinearModel_Alpha158_csi300_custom_step0_s_20260527_16,8ba68131edbd4fa9a71b50375f773e25,0.089,,,
287,2026-05-27,SZ300408,-0.2573152184486389,EXP_LinearModel_Alpha158_csi300_custom_step0_s_20260527_16,8ba68131edbd4fa9a71b50375f773e25,0.089,,,
288,2026-05-27,SZ300413,-0.026969963684678078,EXP_LinearModel_Alpha158_csi300_custom_step0_s_20260527_16,8ba68131edbd4fa9a71b50375f773e25,0.089,,,
289,2026-05-27,SZ300418,-0.028997618705034256,EXP_LinearModel_Alpha158_csi300_custom_step0_s_20260527_16,8ba68131edbd4fa9a71b50375f773e25,0.089,,,
290,2026-05-27,SZ300433,-0.024008028209209442,EXP_LinearModel_Alpha158_csi300_custom_step0_s_20260527_16,8ba68131edbd4fa9a71b50375f773e25,0.089,,,
291,2026-05-27,SZ300442,-0.03433606028556824,EXP_LinearModel_Alpha158_csi300_custom_step0_s_20260527_16,8ba68131edbd4fa9a71b50375f773e25,0.089,,,
292,2026-05-27,SZ300476,-0.16928772628307343,EXP_LinearModel_Alpha158_csi300_custom_step0_s_20260527_16,8ba68131edbd4fa9a71b50375f773e25,0.089,,,
293,2026-05-27,SZ300498,0.022871997207403183,EXP_LinearModel_Alpha158_csi300_custom_step0_s_20260527_16,8ba68131edbd4fa9a71b50375f773e25,0.089,,,
294,2026-05-27,SZ300502,-0.1797151118516922,EXP_LinearModel_Alpha158_csi300_custom_step0_s_20260527_16,8ba68131edbd4fa9a71b50375f773e25,0.089,,,
295,2026-05-27,SZ300628,0.037487443536520004,EXP_LinearModel_Alpha158_csi300_custom_step0_s_20260527_16,8ba68131edbd4fa9a71b50375f773e25,0.089,,,
296,2026-05-27,SZ300661,-0.11044695973396301,EXP_LinearModel_Alpha158_csi300_custom_step0_s_20260527_16,8ba68131edbd4fa9a71b50375f773e25,0.089,,,
297,2026-05-27,SZ300750,-0.031791914254426956,EXP_LinearModel_Alpha158_csi300_custom_step0_s_20260527_16,8ba68131edbd4fa9a71b50375f773e25,0.089,,,
298,2026-05-27,SZ300759,0.002012579934671521,EXP_LinearModel_Alpha158_csi300_custom_step0_s_20260527_16,8ba68131edbd4fa9a71b50375f773e25,0.089,,,
299,2026-05-27,SH600010,-0.05806490778923035,EXP_LinearModel_Alpha158_csi300_custom_step0_s_20260527_16,d90ebb3361784193ab36dea9ca2a0f82,0.1,,,
300,2026-05-27,SH600009,0.012418837286531925,EXP_LinearModel_Alpha158_csi300_custom_step0_s_20260527_16,d90ebb3361784193ab36dea9ca2a0f82,0.1,,,
301,2026-05-27,SH600000,-0.0005381028167903423,EXP_LinearModel_Alpha158_csi300_custom_step0_s_20260527_16,d90ebb3361784193ab36dea9ca2a0f82,0.1,,,
302,2026-05-27,SZ302132,-0.04487369582056999,EXP_LinearModel_Alpha158_csi300_custom_step0_s_20260527_16,8ba68131edbd4fa9a71b50375f773e25,0.089,,,
303,2026-05-27,SZ301269,-0.1690567582845688,EXP_LinearModel_Alpha158_csi300_custom_step0_s_20260527_16,8ba68131edbd4fa9a71b50375f773e25,0.089,,,
304,2026-05-27,SZ301236,0.021540522575378418,EXP_LinearModel_Alpha158_csi300_custom_step0_s_20260527_16,8ba68131edbd4fa9a71b50375f773e25,0.089,,,
305,2026-05-27,SZ300251,-0.05086503177881241,EXP_LinearModel_Alpha158_csi300_custom_step0_s_20260527_16,8ba68131edbd4fa9a71b50375f773e25,0.089,,,
306,2026-05-27,SZ300999,-0.025208458304405212,EXP_LinearModel_Alpha158_csi300_custom_step0_s_20260527_16,8ba68131edbd4fa9a71b50375f773e25,0.089,,,
307,2026-05-27,SZ300896,-0.04237610846757889,EXP_LinearModel_Alpha158_csi300_custom_step0_s_20260527_16,8ba68131edbd4fa9a71b50375f773e25,0.089,,,
308,2026-05-27,SZ300866,0.008906030096113682,EXP_LinearModel_Alpha158_csi300_custom_step0_s_20260527_16,8ba68131edbd4fa9a71b50375f773e25,0.089,,,
309,2026-05-27,SZ300832,-0.049789104610681534,EXP_LinearModel_Alpha158_csi300_custom_step0_s_20260527_16,8ba68131edbd4fa9a71b50375f773e25,0.089,,,
310,2026-05-27,SZ300803,-0.03368481621146202,EXP_LinearModel_Alpha158_csi300_custom_step0_s_20260527_16,8ba68131edbd4fa9a71b50375f773e25,0.089,,,
311,2026-05-27,SZ300782,-0.03377785533666611,EXP_LinearModel_Alpha158_csi300_custom_step0_s_20260527_16,8ba68131edbd4fa9a71b50375f773e25,0.089,,,
312,2026-05-27,SZ300760,-0.058379873633384705,EXP_LinearModel_Alpha158_csi300_custom_step0_s_20260527_16,8ba68131edbd4fa9a71b50375f773e25,0.089,,,
313,2026-05-27,SZ300979,0.008916379883885384,EXP_LinearModel_Alpha158_csi300_custom_step0_s_20260527_16,8ba68131edbd4fa9a71b50375f773e25,0.089,,,
314,2026-05-27,SH600011,0.07830461859703064,EXP_LinearModel_Alpha158_csi300_custom_step0_s_20260527_16,d90ebb3361784193ab36dea9ca2a0f82,0.1,,,
315,2026-05-27,SZ300124,-0.041606355458498,EXP_LinearModel_Alpha158_csi300_custom_step0_s_20260527_16,8ba68131edbd4fa9a71b50375f773e25,0.089,,,
316,2026-05-27,SZ300059,-0.02655821666121483,EXP_LinearModel_Alpha158_csi300_custom_step0_s_20260527_16,8ba68131edbd4fa9a71b50375f773e25,0.089,,,
317,2026-05-27,SZ002236,0.002331317402422428,EXP_LinearModel_Alpha158_csi300_custom_step0_s_20260527_16,8ba68131edbd4fa9a71b50375f773e25,0.089,,,
318,2026-05-27,SZ002241,-0.018476087599992752,EXP_LinearModel_Alpha158_csi300_custom_step0_s_20260527_16,8ba68131edbd4fa9a71b50375f773e25,0.089,,,
319,2026-05-27,SZ002252,-0.0055978139862418175,EXP_LinearModel_Alpha158_csi300_custom_step0_s_20260527_16,8ba68131edbd4fa9a71b50375f773e25,0.089,,,
320,2026-05-27,SZ002304,-0.041166093200445175,EXP_LinearModel_Alpha158_csi300_custom_step0_s_20260527_16,8ba68131edbd4fa9a71b50375f773e25,0.089,,,
321,2026-05-27,SZ002311,-0.052480313926935196,EXP_LinearModel_Alpha158_csi300_custom_step0_s_20260527_16,8ba68131edbd4fa9a71b50375f773e25,0.089,,,
322,2026-05-27,SZ002352,-0.011529535055160522,EXP_LinearModel_Alpha158_csi300_custom_step0_s_20260527_16,8ba68131edbd4fa9a71b50375f773e25,0.089,,,
323,2026-05-27,SZ002371,-0.04332656040787697,EXP_LinearModel_Alpha158_csi300_custom_step0_s_20260527_16,8ba68131edbd4fa9a71b50375f773e25,0.089,,,
324,2026-05-27,SZ002384,-0.12116558849811554,EXP_LinearModel_Alpha158_csi300_custom_step0_s_20260527_16,8ba68131edbd4fa9a71b50375f773e25,0.089,,,
325,2026-05-27,SZ002415,0.00022668996825814247,EXP_LinearModel_Alpha158_csi300_custom_step0_s_20260527_16,8ba68131edbd4fa9a71b50375f773e25,0.089,,,
326,2026-05-27,SZ002422,-0.03685153275728226,EXP_LinearModel_Alpha158_csi300_custom_step0_s_20260527_16,8ba68131edbd4fa9a71b50375f773e25,0.089,,,
327,2026-05-27,SZ002459,0.013248070143163204,EXP_LinearModel_Alpha158_csi300_custom_step0_s_20260527_16,8ba68131edbd4fa9a71b50375f773e25,0.089,,,
328,2026-05-27,SZ002460,0.01563209295272827,EXP_LinearModel_Alpha158_csi300_custom_step0_s_20260527_16,8ba68131edbd4fa9a71b50375f773e25,0.089,,,
329,2026-05-27,SZ002463,-0.20164452493190765,EXP_LinearModel_Alpha158_csi300_custom_step0_s_20260527_16,8ba68131edbd4fa9a71b50375f773e25,0.089,,,
330,2026-05-27,SZ002466,0.005514342803508043,EXP_LinearModel_Alpha158_csi300_custom_step0_s_20260527_16,8ba68131edbd4fa9a71b50375f773e25,0.089,,,
331,2026-05-27,SZ002475,-0.08635763078927994,EXP_LinearModel_Alpha158_csi300_custom_step0_s_20260527_16,8ba68131edbd4fa9a71b50375f773e25,0.089,,,
332,2026-05-27,SZ002493,-0.004119486548006535,EXP_LinearModel_Alpha158_csi300_custom_step0_s_20260527_16,8ba68131edbd4fa9a71b50375f773e25,0.089,,,
333,2026-05-27,SZ002594,-0.01983046904206276,EXP_LinearModel_Alpha158_csi300_custom_step0_s_20260527_16,8ba68131edbd4fa9a71b50375f773e25,0.089,,,
334,2026-05-27,SZ300033,0.006712033879011869,EXP_LinearModel_Alpha158_csi300_custom_step0_s_20260527_16,8ba68131edbd4fa9a71b50375f773e25,0.089,,,
335,2026-05-27,SZ300015,-0.050268907099962234,EXP_LinearModel_Alpha158_csi300_custom_step0_s_20260527_16,8ba68131edbd4fa9a71b50375f773e25,0.089,,,
336,2026-05-27,SZ300014,0.010344230569899082,EXP_LinearModel_Alpha158_csi300_custom_step0_s_20260527_16,8ba68131edbd4fa9a71b50375f773e25,0.089,,,
337,2026-05-27,SZ003816,0.007883932441473007,EXP_LinearModel_Alpha158_csi300_custom_step0_s_20260527_16,8ba68131edbd4fa9a71b50375f773e25,0.089,,,
338,2026-05-27,SZ002938,-0.20699012279510498,EXP_LinearModel_Alpha158_csi300_custom_step0_s_20260527_16,8ba68131edbd4fa9a71b50375f773e25,0.089,,,
339,2026-05-27,SZ002920,-0.046296704560518265,EXP_LinearModel_Alpha158_csi300_custom_step0_s_20260527_16,8ba68131edbd4fa9a71b50375f773e25,0.089,,,
340,2026-05-27,SZ300122,-0.043024107813835144,EXP_LinearModel_Alpha158_csi300_custom_step0_s_20260527_16,8ba68131edbd4fa9a71b50375f773e25,0.089,,,
341,2026-05-27,SZ002916,-0.1722029447555542,EXP_LinearModel_Alpha158_csi300_custom_step0_s_20260527_16,8ba68131edbd4fa9a71b50375f773e25,0.089,,,
342,2026-05-27,SZ002714,0.0022490378469228745,EXP_LinearModel_Alpha158_csi300_custom_step0_s_20260527_16,8ba68131edbd4fa9a71b50375f773e25,0.089,,,
343,2026-05-27,SZ002709,-0.02869657799601555,EXP_LinearModel_Alpha158_csi300_custom_step0_s_20260527_16,8ba68131edbd4fa9a71b50375f773e25,0.089,,,
344,2026-05-27,SZ002648,0.0352102629840374,EXP_LinearModel_Alpha158_csi300_custom_step0_s_20260527_16,8ba68131edbd4fa9a71b50375f773e25,0.089,,,
345,2026-05-27,SZ002625,0.036168262362480164,EXP_LinearModel_Alpha158_csi300_custom_step0_s_20260527_16,8ba68131edbd4fa9a71b50375f773e25,0.089,,,
346,2026-05-27,SZ002601,0.03553210571408272,EXP_LinearModel_Alpha158_csi300_custom_step0_s_20260527_16,8ba68131edbd4fa9a71b50375f773e25,0.089,,,
347,2026-05-27,SZ002600,-0.052870769053697586,EXP_LinearModel_Alpha158_csi300_custom_step0_s_20260527_16,8ba68131edbd4fa9a71b50375f773e25,0.089,,,
348,2026-05-27,SZ002736,-0.00529747549444437,EXP_LinearModel_Alpha158_csi300_custom_step0_s_20260527_16,8ba68131edbd4fa9a71b50375f773e25,0.089,,,
349,2026-05-27,SZ002230,0.004998110234737396,EXP_LinearModel_Alpha158_csi300_custom_step0_s_20260527_16,8ba68131edbd4fa9a71b50375f773e25,0.089,,,
350,2026-05-27,SH600015,0.002729064552113414,EXP_LinearModel_Alpha158_csi300_custom_step0_s_20260527_16,d90ebb3361784193ab36dea9ca2a0f82,0.1,,,
351,2026-05-27,SH600018,0.0469471774995327,EXP_LinearModel_Alpha158_csi300_custom_step0_s_20260527_16,d90ebb3361784193ab36dea9ca2a0f82,0.1,,,
352,2026-05-27,SH600406,-0.03991540148854256,EXP_LinearModel_Alpha158_csi300_custom_step0_s_20260527_16,d90ebb3361784193ab36dea9ca2a0f82,0.1,,,
353,2026-05-27,SH600415,-0.029904134571552277,EXP_LinearModel_Alpha158_csi300_custom_step0_s_20260527_16,d90ebb3361784193ab36dea9ca2a0f82,0.1,,,
354,2026-05-27,SH600426,0.046339038759469986,EXP_LinearModel_Alpha158_csi300_custom_step0_s_20260527_16,d90ebb3361784193ab36dea9ca2a0f82,0.1,,,
355,2026-05-27,SH600436,-0.03286074846982956,EXP_LinearModel_Alpha158_csi300_custom_step0_s_20260527_16,d90ebb3361784193ab36dea9ca2a0f82,0.1,,,
356,2026-05-27,SH600438,,EXP_LinearModel_Alpha158_csi300_custom_step0_s_20260527_16,d90ebb3361784193ab36dea9ca2a0f82,0.1,,,
357,2026-05-27,SH600460,0.0029747281223535538,EXP_LinearModel_Alpha158_csi300_custom_step0_s_20260527_16,d90ebb3361784193ab36dea9ca2a0f82,0.1,,,
358,2026-05-27,SH600482,0.08043136447668076,EXP_LinearModel_Alpha158_csi300_custom_step0_s_20260527_16,d90ebb3361784193ab36dea9ca2a0f82,0.1,,,
359,2026-05-27,SH600489,-0.038601312786340714,EXP_LinearModel_Alpha158_csi300_custom_step0_s_20260527_16,d90ebb3361784193ab36dea9ca2a0f82,0.1,,,
360,2026-05-27,SH600515,0.014901738613843918,EXP_LinearModel_Alpha158_csi300_custom_step0_s_20260527_16,d90ebb3361784193ab36dea9ca2a0f82,0.1,,,
361,2026-05-27,SH600519,-0.04208165407180786,EXP_LinearModel_Alpha158_csi300_custom_step0_s_20260527_16,d90ebb3361784193ab36dea9ca2a0f82,0.1,,,
362,2026-05-27,SH600522,0.06291122734546661,EXP_LinearModel_Alpha158_csi300_custom_step0_s_20260527_16,d90ebb3361784193ab36dea9ca2a0f82,0.1,,,
363,2026-05-27,SH600547,-0.01309630274772644,EXP_LinearModel_Alpha158_csi300_custom_step0_s_20260527_16,d90ebb3361784193ab36dea9ca2a0f82,0.1,,,
364,2026-05-27,SH600570,-0.012878509238362312,EXP_LinearModel_Alpha158_csi300_custom_step0_s_20260527_16,d90ebb3361784193ab36dea9ca2a0f82,0.1,,,
365,2026-05-27,SH600584,-0.20022988319396973,EXP_LinearModel_Alpha158_csi300_custom_step0_s_20260527_16,d90ebb3361784193ab36dea9ca2a0f82,0.1,,,
366,2026-05-27,SH600585,-0.04673013463616371,EXP_LinearModel_Alpha158_csi300_custom_step0_s_20260527_16,d90ebb3361784193ab36dea9ca2a0f82,0.1,,,
367,2026-05-27,SH600588,-0.045030392706394196,EXP_LinearModel_Alpha158_csi300_custom_step0_s_20260527_16,d90ebb3361784193ab36dea9ca2a0f82,0.1,,,
368,2026-05-27,SH600600,-0.027232576161623,EXP_LinearModel_Alpha158_csi300_custom_step0_s_20260527_16,d90ebb3361784193ab36dea9ca2a0f82,0.1,,,
369,2026-05-27,SH600900,0.0011673348490148783,EXP_LinearModel_Alpha158_csi300_custom_step0_s_20260527_16,d90ebb3361784193ab36dea9ca2a0f82,0.1,,,
370,2026-05-27,SH600893,-0.026469219475984573,EXP_LinearModel_Alpha158_csi300_custom_step0_s_20260527_16,d90ebb3361784193ab36dea9ca2a0f82,0.1,,,
371,2026-05-27,SH600887,0.031143149361014366,EXP_LinearModel_Alpha158_csi300_custom_step0_s_20260527_16,d90ebb3361784193ab36dea9ca2a0f82,0.1,,,
372,2026-05-27,SH600886,0.019025223329663277,EXP_LinearModel_Alpha158_csi300_custom_step0_s_20260527_16,d90ebb3361784193ab36dea9ca2a0f82,0.1,,,
373,2026-05-27,SH600875,-0.005077796522527933,EXP_LinearModel_Alpha158_csi300_custom_step0_s_20260527_16,d90ebb3361784193ab36dea9ca2a0f82,0.1,,,
374,2026-05-27,SH600845,-0.010698874481022358,EXP_LinearModel_Alpha158_csi300_custom_step0_s_20260527_16,d90ebb3361784193ab36dea9ca2a0f82,0.1,,,
375,2026-05-27,SH600377,0.04170578345656395,EXP_LinearModel_Alpha158_csi300_custom_step0_s_20260527_16,d90ebb3361784193ab36dea9ca2a0f82,0.1,,,
376,2026-05-27,SH600809,-0.028434133157134056,EXP_LinearModel_Alpha158_csi300_custom_step0_s_20260527_16,d90ebb3361784193ab36dea9ca2a0f82,0.1,,,
377,2026-05-27,SH600795,0.023163601756095886,EXP_LinearModel_Alpha158_csi300_custom_step0_s_20260527_16,d90ebb3361784193ab36dea9ca2a0f82,0.1,,,
378,2026-05-27,SH600760,-0.04489997774362564,EXP_LinearModel_Alpha158_csi300_custom_step0_s_20260527_16,d90ebb3361784193ab36dea9ca2a0f82,0.1,,,
379,2026-05-27,SH600741,-0.04976261407136917,EXP_LinearModel_Alpha158_csi300_custom_step0_s_20260527_16,d90ebb3361784193ab36dea9ca2a0f82,0.1,,,
380,2026-05-27,SH600690,-0.04513218253850937,EXP_LinearModel_Alpha158_csi300_custom_step0_s_20260527_16,d90ebb3361784193ab36dea9ca2a0f82,0.1,,,
381,2026-05-27,SH600674,0.021416587755084038,EXP_LinearModel_Alpha158_csi300_custom_step0_s_20260527_16,d90ebb3361784193ab36dea9ca2a0f82,0.1,,,
382,2026-05-27,SH600660,-0.055961865931749344,EXP_LinearModel_Alpha158_csi300_custom_step0_s_20260527_16,d90ebb3361784193ab36dea9ca2a0f82,0.1,,,
383,2026-05-27,SH600803,0.034368038177490234,EXP_LinearModel_Alpha158_csi300_custom_step0_s_20260527_16,d90ebb3361784193ab36dea9ca2a0f82,0.1,,,
384,2026-05-27,SH600016,0.03131946176290512,EXP_LinearModel_Alpha158_csi300_custom_step0_s_20260527_16,d90ebb3361784193ab36dea9ca2a0f82,0.1,,,
385,2026-05-27,SH600372,-0.03613952174782753,EXP_LinearModel_Alpha158_csi300_custom_step0_s_20260527_16,d90ebb3361784193ab36dea9ca2a0f82,0.1,,,
386,2026-05-27,SH600346,0.005935124587267637,EXP_LinearModel_Alpha158_csi300_custom_step0_s_20260527_16,d90ebb3361784193ab36dea9ca2a0f82,0.1,,,
387,2026-05-27,SH600019,0.04522956162691116,EXP_LinearModel_Alpha158_csi300_custom_step0_s_20260527_16,d90ebb3361784193ab36dea9ca2a0f82,0.1,,,
388,2026-05-27,SH600023,-0.0081895487383008,EXP_LinearModel_Alpha158_csi300_custom_step0_s_20260527_16,d90ebb3361784193ab36dea9ca2a0f82,0.1,,,
389,2026-05-27,SH600025,0.017615938559174538,EXP_LinearModel_Alpha158_csi300_custom_step0_s_20260527_16,d90ebb3361784193ab36dea9ca2a0f82,0.1,,,
390,2026-05-27,SH600026,-0.003601024392992258,EXP_LinearModel_Alpha158_csi300_custom_step0_s_20260527_16,d90ebb3361784193ab36dea9ca2a0f82,0.1,,,
391,2026-05-27,SH600027,0.05370420590043068,EXP_LinearModel_Alpha158_csi300_custom_step0_s_20260527_16,d90ebb3361784193ab36dea9ca2a0f82,0.1,,,
392,2026-05-27,SH600028,-0.18844681978225708,EXP_LinearModel_Alpha158_csi300_custom_step0_s_20260527_16,d90ebb3361784193ab36dea9ca2a0f82,0.1,,,
393,2026-05-27,SH600029,-0.07870206236839294,EXP_LinearModel_Alpha158_csi300_custom_step0_s_20260527_16,d90ebb3361784193ab36dea9ca2a0f82,0.1,,,
394,2026-05-27,SH600030,-0.061475157737731934,EXP_LinearModel_Alpha158_csi300_custom_step0_s_20260527_16,d90ebb3361784193ab36dea9ca2a0f82,0.1,,,
395,2026-05-27,SH600031,-0.042443182319402695,EXP_LinearModel_Alpha158_csi300_custom_step0_s_20260527_16,d90ebb3361784193ab36dea9ca2a0f82,0.1,,,
396,2026-05-27,SH600036,-0.018763553351163864,EXP_LinearModel_Alpha158_csi300_custom_step0_s_20260527_16,d90ebb3361784193ab36dea9ca2a0f82,0.1,,,
397,2026-05-27,SH600039,0.06977531313896179,EXP_LinearModel_Alpha158_csi300_custom_step0_s_20260527_16,d90ebb3361784193ab36dea9ca2a0f82,0.1,,,
398,2026-05-27,SH600048,-0.021028216928243637,EXP_LinearModel_Alpha158_csi300_custom_step0_s_20260527_16,d90ebb3361784193ab36dea9ca2a0f82,0.1,,,
399,2026-05-27,SH600050,-0.016134003177285194,EXP_LinearModel_Alpha158_csi300_custom_step0_s_20260527_16,d90ebb3361784193ab36dea9ca2a0f82,0.1,,,
400,2026-05-27,SH600061,0.03782608360052109,EXP_LinearModel_Alpha158_csi300_custom_step0_s_20260527_16,d90ebb3361784193ab36dea9ca2a0f82,0.1,,,
401,2026-05-27,SH600066,0.026077788323163986,EXP_LinearModel_Alpha158_csi300_custom_step0_s_20260527_16,d90ebb3361784193ab36dea9ca2a0f82,0.1,,,
402,2026-05-27,SH600085,0.00999278575181961,EXP_LinearModel_Alpha158_csi300_custom_step0_s_20260527_16,d90ebb3361784193ab36dea9ca2a0f82,0.1,,,
403,2026-05-27,SH600089,-0.016596313565969467,EXP_LinearModel_Alpha158_csi300_custom_step0_s_20260527_16,d90ebb3361784193ab36dea9ca2a0f82,0.1,,,
404,2026-05-27,SH600309,0.030404046177864075,EXP_LinearModel_Alpha158_csi300_custom_step0_s_20260527_16,d90ebb3361784193ab36dea9ca2a0f82,0.1,,,
405,2026-05-27,SH600276,-0.05597710236907005,EXP_LinearModel_Alpha158_csi300_custom_step0_s_20260527_16,d90ebb3361784193ab36dea9ca2a0f82,0.1,,,
406,2026-05-27,SH600233,-0.028287449851632118,EXP_LinearModel_Alpha158_csi300_custom_step0_s_20260527_16,d90ebb3361784193ab36dea9ca2a0f82,0.1,,,
407,2026-05-27,SH600219,0.0058629876002669334,EXP_LinearModel_Alpha158_csi300_custom_step0_s_20260527_16,d90ebb3361784193ab36dea9ca2a0f82,0.1,,,
408,2026-05-27,SH600196,-0.0826759785413742,EXP_LinearModel_Alpha158_csi300_custom_step0_s_20260527_16,d90ebb3361784193ab36dea9ca2a0f82,0.1,,,
409,2026-05-27,SH600188,0.04699903726577759,EXP_LinearModel_Alpha158_csi300_custom_step0_s_20260527_16,d90ebb3361784193ab36dea9ca2a0f82,0.1,,,
410,2026-05-27,SH600362,-0.02244984731078148,EXP_LinearModel_Alpha158_csi300_custom_step0_s_20260527_16,d90ebb3361784193ab36dea9ca2a0f82,0.1,,,
411,2026-05-27,SH600183,-0.2175888866186142,EXP_LinearModel_Alpha158_csi300_custom_step0_s_20260527_16,d90ebb3361784193ab36dea9ca2a0f82,0.1,,,
412,2026-05-27,SH600161,0.016463538631796837,EXP_LinearModel_Alpha158_csi300_custom_step0_s_20260527_16,d90ebb3361784193ab36dea9ca2a0f82,0.1,,,
413,2026-05-27,SH600160,-0.01753232255578041,EXP_LinearModel_Alpha158_csi300_custom_step0_s_20260527_16,d90ebb3361784193ab36dea9ca2a0f82,0.1,,,
414,2026-05-27,SH600150,0.02866002358496189,EXP_LinearModel_Alpha158_csi300_custom_step0_s_20260527_16,d90ebb3361784193ab36dea9ca2a0f82,0.1,,,
415,2026-05-27,SH600115,-0.07121027261018753,EXP_LinearModel_Alpha158_csi300_custom_step0_s_20260527_16,d90ebb3361784193ab36dea9ca2a0f82,0.1,,,
416,2026-05-27,SH600111,-0.06471603363752365,EXP_LinearModel_Alpha158_csi300_custom_step0_s_20260527_16,d90ebb3361784193ab36dea9ca2a0f82,0.1,,,
417,2026-05-27,SH600104,0.01885463483631611,EXP_LinearModel_Alpha158_csi300_custom_step0_s_20260527_16,d90ebb3361784193ab36dea9ca2a0f82,0.1,,,
418,2026-05-27,SH600176,-0.05746064707636833,EXP_LinearModel_Alpha158_csi300_custom_step0_s_20260527_16,d90ebb3361784193ab36dea9ca2a0f82,0.1,,,
419,2026-05-27,SZ002179,-0.005362913012504578,EXP_LinearModel_Alpha158_csi300_custom_step0_s_20260527_16,8ba68131edbd4fa9a71b50375f773e25,0.089,,,
420,2026-05-27,SZ002142,-0.011678059585392475,EXP_LinearModel_Alpha158_csi300_custom_step0_s_20260527_16,8ba68131edbd4fa9a71b50375f773e25,0.089,,,
421,2026-05-27,SZ002074,-0.04992692172527313,EXP_LinearModel_Alpha158_csi300_custom_step0_s_20260527_16,8ba68131edbd4fa9a71b50375f773e25,0.089,,,
422,2026-05-27,SH601766,-0.06278117746114731,EXP_LinearModel_Alpha158_csi300_custom_step0_s_20260527_16,8ba68131edbd4fa9a71b50375f773e25,0.089,,,
423,2026-05-27,SH601788,-0.023200003430247307,EXP_LinearModel_Alpha158_csi300_custom_step0_s_20260527_16,8ba68131edbd4fa9a71b50375f773e25,0.089,,,
424,2026-05-27,SH601800,-0.03838774189352989,EXP_LinearModel_Alpha158_csi300_custom_step0_s_20260527_16,8ba68131edbd4fa9a71b50375f773e25,0.089,,,
425,2026-05-27,SH601808,0.07012074440717697,EXP_LinearModel_Alpha158_csi300_custom_step0_s_20260527_16,8ba68131edbd4fa9a71b50375f773e25,0.089,,,
426,2026-05-27,SH601816,-0.06837039440870285,EXP_LinearModel_Alpha158_csi300_custom_step0_s_20260527_16,8ba68131edbd4fa9a71b50375f773e25,0.089,,,
427,2026-05-27,SH601818,0.12361206114292145,EXP_LinearModel_Alpha158_csi300_custom_step0_s_20260527_16,8ba68131edbd4fa9a71b50375f773e25,0.089,,,
428,2026-05-27,SH601825,-0.016713151708245277,EXP_LinearModel_Alpha158_csi300_custom_step0_s_20260527_16,8ba68131edbd4fa9a71b50375f773e25,0.089,,,
429,2026-05-27,SH601838,0.023636430501937866,EXP_LinearModel_Alpha158_csi300_custom_step0_s_20260527_16,8ba68131edbd4fa9a71b50375f773e25,0.089,,,
430,2026-05-27,SH601857,0.0519808866083622,EXP_LinearModel_Alpha158_csi300_custom_step0_s_20260527_16,8ba68131edbd4fa9a71b50375f773e25,0.089,,,
431,2026-05-27,SH601868,0.024781931191682816,EXP_LinearModel_Alpha158_csi300_custom_step0_s_20260527_16,8ba68131edbd4fa9a71b50375f773e25,0.089,,,
432,2026-05-27,SH601872,0.0012242253869771957,EXP_LinearModel_Alpha158_csi300_custom_step0_s_20260527_16,8ba68131edbd4fa9a71b50375f773e25,0.089,,,
433,2026-05-27,SH601877,0.023434575647115707,EXP_LinearModel_Alpha158_csi300_custom_step0_s_20260527_16,8ba68131edbd4fa9a71b50375f773e25,0.089,,,
434,2026-05-27,SH601878,-0.03187822923064232,EXP_LinearModel_Alpha158_csi300_custom_step0_s_20260527_16,8ba68131edbd4fa9a71b50375f773e25,0.089,,,
435,2026-05-27,SH601881,-4.8111367505043745e-05,EXP_LinearModel_Alpha158_csi300_custom_step0_s_20260527_16,8ba68131edbd4fa9a71b50375f773e25,0.089,,,
436,2026-05-27,SH601888,-0.008577723056077957,EXP_LinearModel_Alpha158_csi300_custom_step0_s_20260527_16,8ba68131edbd4fa9a71b50375f773e25,0.089,,,
437,2026-05-27,SH601898,0.05729252099990845,EXP_LinearModel_Alpha158_csi300_custom_step0_s_20260527_16,8ba68131edbd4fa9a71b50375f773e25,0.089,,,
438,2026-05-27,SH601899,-0.02968236431479454,EXP_LinearModel_Alpha158_csi300_custom_step0_s_20260527_16,8ba68131edbd4fa9a71b50375f773e25,0.089,,,
439,2026-05-27,SH603296,-0.053995996713638306,EXP_LinearModel_Alpha158_csi300_custom_step0_s_20260527_16,8ba68131edbd4fa9a71b50375f773e25,0.089,,,
440,2026-05-27,SH603288,-0.07609570771455765,EXP_LinearModel_Alpha158_csi300_custom_step0_s_20260527_16,8ba68131edbd4fa9a71b50375f773e25,0.089,,,
441,2026-05-27,SH603260,-0.03095032274723053,EXP_LinearModel_Alpha158_csi300_custom_step0_s_20260527_16,8ba68131edbd4fa9a71b50375f773e25,0.089,,,
442,2026-05-27,SH603259,0.06957017630338669,EXP_LinearModel_Alpha158_csi300_custom_step0_s_20260527_16,8ba68131edbd4fa9a71b50375f773e25,0.089,,,
443,2026-05-27,SH603195,0.039565928280353546,EXP_LinearModel_Alpha158_csi300_custom_step0_s_20260527_16,8ba68131edbd4fa9a71b50375f773e25,0.089,,,
444,2026-05-27,SH603019,0.032548680901527405,EXP_LinearModel_Alpha158_csi300_custom_step0_s_20260527_16,8ba68131edbd4fa9a71b50375f773e25,0.089,,,
445,2026-05-27,SH601728,-0.02191510796546936,EXP_LinearModel_Alpha158_csi300_custom_step0_s_20260527_16,8ba68131edbd4fa9a71b50375f773e25,0.089,,,
446,2026-05-27,SH601998,-0.04250079393386841,EXP_LinearModel_Alpha158_csi300_custom_step0_s_20260527_16,8ba68131edbd4fa9a71b50375f773e25,0.089,,,
447,2026-05-27,SH601988,0.0395742692053318,EXP_LinearModel_Alpha158_csi300_custom_step0_s_20260527_16,8ba68131edbd4fa9a71b50375f773e25,0.089,,,
448,2026-05-27,SH601985,-0.02623296156525612,EXP_LinearModel_Alpha158_csi300_custom_step0_s_20260527_16,8ba68131edbd4fa9a71b50375f773e25,0.089,,,
449,2026-05-27,SH601939,0.016601495444774628,EXP_LinearModel_Alpha158_csi300_custom_step0_s_20260527_16,8ba68131edbd4fa9a71b50375f773e25,0.089,,,
450,2026-05-27,SH601919,0.0033377374056726694,EXP_LinearModel_Alpha158_csi300_custom_step0_s_20260527_16,8ba68131edbd4fa9a71b50375f773e25,0.089,,,
451,2026-05-27,SH601916,0.10004725307226181,EXP_LinearModel_Alpha158_csi300_custom_step0_s_20260527_16,8ba68131edbd4fa9a71b50375f773e25,0.089,,,
452,2026-05-27,SH601901,-0.006524136755615473,EXP_LinearModel_Alpha158_csi300_custom_step0_s_20260527_16,8ba68131edbd4fa9a71b50375f773e25,0.089,,,
453,2026-05-27,SH601995,0.02248014137148857,EXP_LinearModel_Alpha158_csi300_custom_step0_s_20260527_16,8ba68131edbd4fa9a71b50375f773e25,0.089,,,
454,2026-05-27,SH603369,0.007765962742269039,EXP_LinearModel_Alpha158_csi300_custom_step0_s_20260527_16,8ba68131edbd4fa9a71b50375f773e25,0.089,,,
455,2026-05-27,SH601698,0.007403222378343344,EXP_LinearModel_Alpha158_csi300_custom_step0_s_20260527_16,8ba68131edbd4fa9a71b50375f773e25,0.089,,,
456,2026-05-27,SH601688,-0.04399317502975464,EXP_LinearModel_Alpha158_csi300_custom_step0_s_20260527_16,8ba68131edbd4fa9a71b50375f773e25,0.089,,,
457,2026-05-27,SH601127,-0.03342796489596367,EXP_LinearModel_Alpha158_csi300_custom_step0_s_20260527_16,8ba68131edbd4fa9a71b50375f773e25,0.089,,,
458,2026-05-27,SH601136,-0.06125502288341522,EXP_LinearModel_Alpha158_csi300_custom_step0_s_20260527_16,8ba68131edbd4fa9a71b50375f773e25,0.089,,,
459,2026-05-27,SH601138,-0.040685832500457764,EXP_LinearModel_Alpha158_csi300_custom_step0_s_20260527_16,8ba68131edbd4fa9a71b50375f773e25,0.089,,,
460,2026-05-27,SH601166,0.04039595276117325,EXP_LinearModel_Alpha158_csi300_custom_step0_s_20260527_16,8ba68131edbd4fa9a71b50375f773e25,0.089,,,
461,2026-05-27,SH601169,0.03555735573172569,EXP_LinearModel_Alpha158_csi300_custom_step0_s_20260527_16,8ba68131edbd4fa9a71b50375f773e25,0.089,,,
462,2026-05-27,SH601186,0.01166575402021408,EXP_LinearModel_Alpha158_csi300_custom_step0_s_20260527_16,8ba68131edbd4fa9a71b50375f773e25,0.089,,,
463,2026-05-27,SH601211,-0.06244521960616112,EXP_LinearModel_Alpha158_csi300_custom_step0_s_20260527_16,8ba68131edbd4fa9a71b50375f773e25,0.089,,,
464,2026-05-27,SH601225,0.033127978444099426,EXP_LinearModel_Alpha158_csi300_custom_step0_s_20260527_16,8ba68131edbd4fa9a71b50375f773e25,0.089,,,
465,2026-05-27,SH601229,-0.04375071823596954,EXP_LinearModel_Alpha158_csi300_custom_step0_s_20260527_16,8ba68131edbd4fa9a71b50375f773e25,0.089,,,
466,2026-05-27,SH601236,-0.03794578090310097,EXP_LinearModel_Alpha158_csi300_custom_step0_s_20260527_16,8ba68131edbd4fa9a71b50375f773e25,0.089,,,
467,2026-05-27,SH601238,0.014739098958671093,EXP_LinearModel_Alpha158_csi300_custom_step0_s_20260527_16,8ba68131edbd4fa9a71b50375f773e25,0.089,,,
468,2026-05-27,SH601288,-0.06681850552558899,EXP_LinearModel_Alpha158_csi300_custom_step0_s_20260527_16,8ba68131edbd4fa9a71b50375f773e25,0.089,,,
469,2026-05-27,SH601298,0.020736241713166237,EXP_LinearModel_Alpha158_csi300_custom_step0_s_20260527_16,8ba68131edbd4fa9a71b50375f773e25,0.089,,,
470,2026-05-27,SH601318,-0.03911415860056877,EXP_LinearModel_Alpha158_csi300_custom_step0_s_20260527_16,8ba68131edbd4fa9a71b50375f773e25,0.089,,,
471,2026-05-27,SH601319,0.0020850677974522114,EXP_LinearModel_Alpha158_csi300_custom_step0_s_20260527_16,8ba68131edbd4fa9a71b50375f773e25,0.089,,,
472,2026-05-27,SH601328,-0.007480699568986893,EXP_LinearModel_Alpha158_csi300_custom_step0_s_20260527_16,8ba68131edbd4fa9a71b50375f773e25,0.089,,,
473,2026-05-27,SH601336,-0.07207070291042328,EXP_LinearModel_Alpha158_csi300_custom_step0_s_20260527_16,8ba68131edbd4fa9a71b50375f773e25,0.089,,,
474,2026-05-27,SH601669,0.009152684360742569,EXP_LinearModel_Alpha158_csi300_custom_step0_s_20260527_16,8ba68131edbd4fa9a71b50375f773e25,0.089,,,
475,2026-05-27,SH601668,0.0008100200211629272,EXP_LinearModel_Alpha158_csi300_custom_step0_s_20260527_16,8ba68131edbd4fa9a71b50375f773e25,0.089,,,
476,2026-05-27,SH601658,0.02451961487531662,EXP_LinearModel_Alpha158_csi300_custom_step0_s_20260527_16,8ba68131edbd4fa9a71b50375f773e25,0.089,,,
477,2026-05-27,SH601633,-0.014163942076265812,EXP_LinearModel_Alpha158_csi300_custom_step0_s_20260527_16,8ba68131edbd4fa9a71b50375f773e25,0.089,,,
478,2026-05-27,SH601628,-0.061002280563116074,EXP_LinearModel_Alpha158_csi300_custom_step0_s_20260527_16,8ba68131edbd4fa9a71b50375f773e25,0.089,,,
479,2026-05-27,SH601618,0.0523105226457119,EXP_LinearModel_Alpha158_csi300_custom_step0_s_20260527_16,8ba68131edbd4fa9a71b50375f773e25,0.089,,,
480,2026-05-27,SH601689,-0.0336860753595829,EXP_LinearModel_Alpha158_csi300_custom_step0_s_20260527_16,8ba68131edbd4fa9a71b50375f773e25,0.089,,,
481,2026-05-27,SH601607,-0.01267986185848713,EXP_LinearModel_Alpha158_csi300_custom_step0_s_20260527_16,8ba68131edbd4fa9a71b50375f773e25,0.089,,,
482,2026-05-27,SH601600,0.011953585781157017,EXP_LinearModel_Alpha158_csi300_custom_step0_s_20260527_16,8ba68131edbd4fa9a71b50375f773e25,0.089,,,
483,2026-05-27,SH601456,-0.03260398656129837,EXP_LinearModel_Alpha158_csi300_custom_step0_s_20260527_16,8ba68131edbd4fa9a71b50375f773e25,0.089,,,
484,2026-05-27,SH601398,-0.0014700618339702487,EXP_LinearModel_Alpha158_csi300_custom_step0_s_20260527_16,8ba68131edbd4fa9a71b50375f773e25,0.089,,,
485,2026-05-27,SH601390,0.054687172174453735,EXP_LinearModel_Alpha158_csi300_custom_step0_s_20260527_16,8ba68131edbd4fa9a71b50375f773e25,0.089,,,
486,2026-05-27,SH601377,-0.01600642502307892,EXP_LinearModel_Alpha158_csi300_custom_step0_s_20260527_16,8ba68131edbd4fa9a71b50375f773e25,0.089,,,
487,2026-05-27,SH601360,-0.003070707432925701,EXP_LinearModel_Alpha158_csi300_custom_step0_s_20260527_16,8ba68131edbd4fa9a71b50375f773e25,0.089,,,
488,2026-05-27,SH601601,-0.0158671997487545,EXP_LinearModel_Alpha158_csi300_custom_step0_s_20260527_16,8ba68131edbd4fa9a71b50375f773e25,0.089,,,
489,2026-05-27,SH603392,-0.04835323244333267,EXP_LinearModel_Alpha158_csi300_custom_step0_s_20260527_16,8ba68131edbd4fa9a71b50375f773e25,0.089,,,
490,2026-05-27,SH603501,-0.08855590969324112,EXP_LinearModel_Alpha158_csi300_custom_step0_s_20260527_16,8ba68131edbd4fa9a71b50375f773e25,0.089,,,
491,2026-05-27,SH603799,-0.05455704778432846,EXP_LinearModel_Alpha158_csi300_custom_step0_s_20260527_16,8ba68131edbd4fa9a71b50375f773e25,0.089,,,
492,2026-05-27,SZ000568,-0.011493854224681854,EXP_LinearModel_Alpha158_csi300_custom_step0_s_20260527_16,8ba68131edbd4fa9a71b50375f773e25,0.089,,,
493,2026-05-27,SZ000596,-0.04598768800497055,EXP_LinearModel_Alpha158_csi300_custom_step0_s_20260527_16,8ba68131edbd4fa9a71b50375f773e25,0.089,,,
494,2026-05-27,SZ000617,0.06670539081096649,EXP_LinearModel_Alpha158_csi300_custom_step0_s_20260527_16,8ba68131edbd4fa9a71b50375f773e25,0.089,,,
495,2026-05-27,SZ000625,-0.041015639901161194,EXP_LinearModel_Alpha158_csi300_custom_step0_s_20260527_16,8ba68131edbd4fa9a71b50375f773e25,0.089,,,
496,2026-05-27,SZ000630,-0.061916857957839966,EXP_LinearModel_Alpha158_csi300_custom_step0_s_20260527_16,8ba68131edbd4fa9a71b50375f773e25,0.089,,,
497,2026-05-27,SZ000651,0.021273575723171234,EXP_LinearModel_Alpha158_csi300_custom_step0_s_20260527_16,8ba68131edbd4fa9a71b50375f773e25,0.089,,,
498,2026-05-27,SZ000661,-0.08604645729064941,EXP_LinearModel_Alpha158_csi300_custom_step0_s_20260527_16,8ba68131edbd4fa9a71b50375f773e25,0.089,,,
499,2026-05-27,SZ000708,0.0015941397286951542,EXP_LinearModel_Alpha158_csi300_custom_step0_s_20260527_16,8ba68131edbd4fa9a71b50375f773e25,0.089,,,
500,2026-05-27,SZ000725,-0.11260299384593964,EXP_LinearModel_Alpha158_csi300_custom_step0_s_20260527_16,8ba68131edbd4fa9a71b50375f773e25,0.089,,,
501,2026-05-27,SZ000768,-0.023505181074142456,EXP_LinearModel_Alpha158_csi300_custom_step0_s_20260527_16,8ba68131edbd4fa9a71b50375f773e25,0.089,,,
502,2026-05-27,SZ000776,-0.007950585335493088,EXP_LinearModel_Alpha158_csi300_custom_step0_s_20260527_16,8ba68131edbd4fa9a71b50375f773e25,0.089,,,
503,2026-05-27,SZ000786,-0.001382369315251708,EXP_LinearModel_Alpha158_csi300_custom_step0_s_20260527_16,8ba68131edbd4fa9a71b50375f773e25,0.089,,,
504,2026-05-27,SZ000792,-0.011696189641952515,EXP_LinearModel_Alpha158_csi300_custom_step0_s_20260527_16,8ba68131edbd4fa9a71b50375f773e25,0.089,,,
505,2026-05-27,SZ000807,0.004415462724864483,EXP_LinearModel_Alpha158_csi300_custom_step0_s_20260527_16,8ba68131edbd4fa9a71b50375f773e25,0.089,,,
506,2026-05-27,SZ000858,0.0034079886972904205,EXP_LinearModel_Alpha158_csi300_custom_step0_s_20260527_16,8ba68131edbd4fa9a71b50375f773e25,0.089,,,
507,2026-05-27,SZ000876,-0.009087909013032913,EXP_LinearModel_Alpha158_csi300_custom_step0_s_20260527_16,8ba68131edbd4fa9a71b50375f773e25,0.089,,,
508,2026-05-27,SZ000895,0.009535816498100758,EXP_LinearModel_Alpha158_csi300_custom_step0_s_20260527_16,8ba68131edbd4fa9a71b50375f773e25,0.089,,,
509,2026-05-27,SZ002050,-0.02407526597380638,EXP_LinearModel_Alpha158_csi300_custom_step0_s_20260527_16,8ba68131edbd4fa9a71b50375f773e25,0.089,,,
510,2026-05-27,SZ002049,-0.06626378744840622,EXP_LinearModel_Alpha158_csi300_custom_step0_s_20260527_16,8ba68131edbd4fa9a71b50375f773e25,0.089,,,
511,2026-05-27,SZ002028,-0.02331969141960144,EXP_LinearModel_Alpha158_csi300_custom_step0_s_20260527_16,8ba68131edbd4fa9a71b50375f773e25,0.089,,,
512,2026-05-27,SZ002027,0.011145777069032192,EXP_LinearModel_Alpha158_csi300_custom_step0_s_20260527_16,8ba68131edbd4fa9a71b50375f773e25,0.089,,,
513,2026-05-27,SZ002001,-0.0012387179303914309,EXP_LinearModel_Alpha158_csi300_custom_step0_s_20260527_16,8ba68131edbd4fa9a71b50375f773e25,0.089,,,
514,2026-05-27,SZ001979,0.00034004379995167255,EXP_LinearModel_Alpha158_csi300_custom_step0_s_20260527_16,8ba68131edbd4fa9a71b50375f773e25,0.089,,,
515,2026-05-27,SZ000538,-0.015508615411818027,EXP_LinearModel_Alpha158_csi300_custom_step0_s_20260527_16,8ba68131edbd4fa9a71b50375f773e25,0.089,,,
516,2026-05-27,SZ001965,0.0112596545368433,EXP_LinearModel_Alpha158_csi300_custom_step0_s_20260527_16,8ba68131edbd4fa9a71b50375f773e25,0.089,,,
517,2026-05-27,SZ000999,-0.010612602345645428,EXP_LinearModel_Alpha158_csi300_custom_step0_s_20260527_16,8ba68131edbd4fa9a71b50375f773e25,0.089,,,
518,2026-05-27,SZ000983,0.006057753227651119,EXP_LinearModel_Alpha158_csi300_custom_step0_s_20260527_16,8ba68131edbd4fa9a71b50375f773e25,0.089,,,
519,2026-05-27,SZ000977,0.051361341029405594,EXP_LinearModel_Alpha158_csi300_custom_step0_s_20260527_16,8ba68131edbd4fa9a71b50375f773e25,0.089,,,
520,2026-05-27,SZ000975,0.012671925127506256,EXP_LinearModel_Alpha158_csi300_custom_step0_s_20260527_16,8ba68131edbd4fa9a71b50375f773e25,0.089,,,
521,2026-05-27,SZ000963,-0.02664206363260746,EXP_LinearModel_Alpha158_csi300_custom_step0_s_20260527_16,8ba68131edbd4fa9a71b50375f773e25,0.089,,,
522,2026-05-27,SZ000938,0.029995543882250786,EXP_LinearModel_Alpha158_csi300_custom_step0_s_20260527_16,8ba68131edbd4fa9a71b50375f773e25,0.089,,,
523,2026-05-27,SZ001391,-0.03809001296758652,EXP_LinearModel_Alpha158_csi300_custom_step0_s_20260527_16,8ba68131edbd4fa9a71b50375f773e25,0.089,,,
524,2026-05-27,SZ000425,-0.0027913725934922695,EXP_LinearModel_Alpha158_csi300_custom_step0_s_20260527_16,8ba68131edbd4fa9a71b50375f773e25,0.089,,,
525,2026-05-27,SZ000408,-0.037710919976234436,EXP_LinearModel_Alpha158_csi300_custom_step0_s_20260527_16,8ba68131edbd4fa9a71b50375f773e25,0.089,,,
526,2026-05-27,SZ000338,-0.044662583619356155,EXP_LinearModel_Alpha158_csi300_custom_step0_s_20260527_16,8ba68131edbd4fa9a71b50375f773e25,0.089,,,
527,2026-05-27,SH688126,-0.055968351662158966,EXP_LinearModel_Alpha158_csi300_custom_step0_s_20260527_16,8ba68131edbd4fa9a71b50375f773e25,0.089,,,
528,2026-05-27,SH688111,-0.05043517053127289,EXP_LinearModel_Alpha158_csi300_custom_step0_s_20260527_16,8ba68131edbd4fa9a71b50375f773e25,0.089,,,
529,2026-05-27,SH688082,-0.0642639696598053,EXP_LinearModel_Alpha158_csi300_custom_step0_s_20260527_16,8ba68131edbd4fa9a71b50375f773e25,0.089,,,
530,2026-05-27,SH688047,0.06278979778289795,EXP_LinearModel_Alpha158_csi300_custom_step0_s_20260527_16,8ba68131edbd4fa9a71b50375f773e25,0.089,,,
531,2026-05-27,SH688041,0.06540334969758987,EXP_LinearModel_Alpha158_csi300_custom_step0_s_20260527_16,8ba68131edbd4fa9a71b50375f773e25,0.089,,,
532,2026-05-27,SH688036,-0.01431843638420105,EXP_LinearModel_Alpha158_csi300_custom_step0_s_20260527_16,8ba68131edbd4fa9a71b50375f773e25,0.089,,,
533,2026-05-27,SH688169,-0.060866497457027435,EXP_LinearModel_Alpha158_csi300_custom_step0_s_20260527_16,8ba68131edbd4fa9a71b50375f773e25,0.089,,,
534,2026-05-27,SH688012,0.04685325548052788,EXP_LinearModel_Alpha158_csi300_custom_step0_s_20260527_16,8ba68131edbd4fa9a71b50375f773e25,0.089,,,
535,2026-05-27,SH688008,-0.029174290597438812,EXP_LinearModel_Alpha158_csi300_custom_step0_s_20260527_16,8ba68131edbd4fa9a71b50375f773e25,0.089,,,
536,2026-05-27,SH605499,-0.013046899810433388,EXP_LinearModel_Alpha158_csi300_custom_step0_s_20260527_16,8ba68131edbd4fa9a71b50375f773e25,0.089,,,
537,2026-05-27,SH605117,-0.07313963025808334,EXP_LinearModel_Alpha158_csi300_custom_step0_s_20260527_16,8ba68131edbd4fa9a71b50375f773e25,0.089,,,
538,2026-05-27,SH603993,-0.0621853768825531,EXP_LinearModel_Alpha158_csi300_custom_step0_s_20260527_16,8ba68131edbd4fa9a71b50375f773e25,0.089,,,
539,2026-05-27,SH603986,-0.0708552747964859,EXP_LinearModel_Alpha158_csi300_custom_step0_s_20260527_16,8ba68131edbd4fa9a71b50375f773e25,0.089,,,
540,2026-05-27,SH603893,-0.07776277512311935,EXP_LinearModel_Alpha158_csi300_custom_step0_s_20260527_16,8ba68131edbd4fa9a71b50375f773e25,0.089,,,
541,2026-05-27,SH688009,0.021423233672976494,EXP_LinearModel_Alpha158_csi300_custom_step0_s_20260527_16,8ba68131edbd4fa9a71b50375f773e25,0.089,,,
542,2026-05-27,SH601111,-0.0390201173722744,EXP_LinearModel_Alpha158_csi300_custom_step0_s_20260527_16,8ba68131edbd4fa9a71b50375f773e25,0.089,,,
543,2026-05-27,SH688187,-0.06786741316318512,EXP_LinearModel_Alpha158_csi300_custom_step0_s_20260527_16,8ba68131edbd4fa9a71b50375f773e25,0.089,,,
544,2026-05-27,SH688256,-0.075928695499897,EXP_LinearModel_Alpha158_csi300_custom_step0_s_20260527_16,8ba68131edbd4fa9a71b50375f773e25,0.089,,,
545,2026-05-27,SZ000333,0.0003247641143389046,EXP_LinearModel_Alpha158_csi300_custom_step0_s_20260527_16,8ba68131edbd4fa9a71b50375f773e25,0.089,,,
546,2026-05-27,SZ000301,-0.013281145133078098,EXP_LinearModel_Alpha158_csi300_custom_step0_s_20260527_16,8ba68131edbd4fa9a71b50375f773e25,0.089,,,
547,2026-05-27,SZ000166,-0.035372406244277954,EXP_LinearModel_Alpha158_csi300_custom_step0_s_20260527_16,8ba68131edbd4fa9a71b50375f773e25,0.089,,,
548,2026-05-27,SZ000157,0.019181016832590103,EXP_LinearModel_Alpha158_csi300_custom_step0_s_20260527_16,8ba68131edbd4fa9a71b50375f773e25,0.089,,,
549,2026-05-27,SZ000100,-0.07385067641735077,EXP_LinearModel_Alpha158_csi300_custom_step0_s_20260527_16,8ba68131edbd4fa9a71b50375f773e25,0.089,,,
550,2026-05-27,SZ000063,0.044630520045757294,EXP_LinearModel_Alpha158_csi300_custom_step0_s_20260527_16,8ba68131edbd4fa9a71b50375f773e25,0.089,,,
551,2026-05-27,SH688223,-0.023505402728915215,EXP_LinearModel_Alpha158_csi300_custom_step0_s_20260527_16,8ba68131edbd4fa9a71b50375f773e25,0.089,,,
552,2026-05-27,SZ000002,-0.006436417810618877,EXP_LinearModel_Alpha158_csi300_custom_step0_s_20260527_16,8ba68131edbd4fa9a71b50375f773e25,0.089,,,
553,2026-05-27,SH688981,-0.10220827907323837,EXP_LinearModel_Alpha158_csi300_custom_step0_s_20260527_16,8ba68131edbd4fa9a71b50375f773e25,0.089,,,
554,2026-05-27,SH688506,-0.061744943261146545,EXP_LinearModel_Alpha158_csi300_custom_step0_s_20260527_16,8ba68131edbd4fa9a71b50375f773e25,0.089,,,
555,2026-05-27,SH688472,-0.0156889408826828,EXP_LinearModel_Alpha158_csi300_custom_step0_s_20260527_16,8ba68131edbd4fa9a71b50375f773e25,0.089,,,
556,2026-05-27,SH688396,-0.023091301321983337,EXP_LinearModel_Alpha158_csi300_custom_step0_s_20260527_16,8ba68131edbd4fa9a71b50375f773e25,0.089,,,
557,2026-05-27,SH688303,-0.04075918719172478,EXP_LinearModel_Alpha158_csi300_custom_step0_s_20260527_16,8ba68131edbd4fa9a71b50375f773e25,0.089,,,
558,2026-05-27,SH688271,-0.06114719435572624,EXP_LinearModel_Alpha158_csi300_custom_step0_s_20260527_16,8ba68131edbd4fa9a71b50375f773e25,0.089,,,
559,2026-05-27,SZ000001,-0.02089063636958599,EXP_LinearModel_Alpha158_csi300_custom_step0_s_20260527_16,8ba68131edbd4fa9a71b50375f773e25,0.089,,,
560,2026-05-27,SH601360,-0.02064073969354449,EXP_DEnsembleModel_Alpha158_csi300_custom_step0_s_20260527_16,4d1cea3c5b0c48958c0e312bb9119907,0.043,,,
561,2026-05-27,SH601336,0.03213733929343217,EXP_DEnsembleModel_Alpha158_csi300_custom_step0_s_20260527_16,4d1cea3c5b0c48958c0e312bb9119907,0.043,,,
562,2026-05-27,SH601328,-0.10838143415222859,EXP_DEnsembleModel_Alpha158_csi300_custom_step0_s_20260527_16,4d1cea3c5b0c48958c0e312bb9119907,0.043,,,
563,2026-05-27,SH600160,-0.12241772723899759,EXP_DEnsembleModel_Alpha158_csi300_custom_step0_s_20260527_16,1533894b095b4e568375f945f4c76702,0.082,,,
564,2026-05-27,SH600161,-0.030015964137353968,EXP_DEnsembleModel_Alpha158_csi300_custom_step0_s_20260527_16,1533894b095b4e568375f945f4c76702,0.082,,,
565,2026-05-27,SH600176,-0.12290103289230685,EXP_DEnsembleModel_Alpha158_csi300_custom_step0_s_20260527_16,1533894b095b4e568375f945f4c76702,0.082,,,
566,2026-05-27,SH600183,-0.19005198403133539,EXP_DEnsembleModel_Alpha158_csi300_custom_step0_s_20260527_16,1533894b095b4e568375f945f4c76702,0.082,,,
567,2026-05-27,SH600188,-0.1089004594807798,EXP_DEnsembleModel_Alpha158_csi300_custom_step0_s_20260527_16,1533894b095b4e568375f945f4c76702,0.082,,,
568,2026-05-27,SH600196,-0.11283582370521111,EXP_DEnsembleModel_Alpha158_csi300_custom_step0_s_20260527_16,1533894b095b4e568375f945f4c76702,0.082,,,
569,2026-05-27,SH600219,-0.1581041423952873,EXP_DEnsembleModel_Alpha158_csi300_custom_step0_s_20260527_16,1533894b095b4e568375f945f4c76702,0.082,,,
570,2026-05-27,SH600233,0.04252338281306889,EXP_DEnsembleModel_Alpha158_csi300_custom_step0_s_20260527_16,1533894b095b4e568375f945f4c76702,0.082,,,
571,2026-05-27,SH600276,-0.12778605357415176,EXP_DEnsembleModel_Alpha158_csi300_custom_step0_s_20260527_16,1533894b095b4e568375f945f4c76702,0.082,,,
572,2026-05-27,SH600309,-0.010694685770759958,EXP_DEnsembleModel_Alpha158_csi300_custom_step0_s_20260527_16,1533894b095b4e568375f945f4c76702,0.082,,,
573,2026-05-27,SH600346,0.23971002891662788,EXP_DEnsembleModel_Alpha158_csi300_custom_step0_s_20260527_16,1533894b095b4e568375f945f4c76702,0.082,,,
574,2026-05-27,SH600362,-0.1532138934355341,EXP_DEnsembleModel_Alpha158_csi300_custom_step0_s_20260527_16,1533894b095b4e568375f945f4c76702,0.082,,,
575,2026-05-27,SH600372,-0.11876159631672917,EXP_DEnsembleModel_Alpha158_csi300_custom_step0_s_20260527_16,1533894b095b4e568375f945f4c76702,0.082,,,
576,2026-05-27,SH600377,0.1173669057760829,EXP_DEnsembleModel_Alpha158_csi300_custom_step0_s_20260527_16,1533894b095b4e568375f945f4c76702,0.082,,,
577,2026-05-27,SH600406,-0.02709351853106138,EXP_DEnsembleModel_Alpha158_csi300_custom_step0_s_20260527_16,1533894b095b4e568375f945f4c76702,0.082,,,
578,2026-05-27,SH600415,-0.13239936728408777,EXP_DEnsembleModel_Alpha158_csi300_custom_step0_s_20260527_16,1533894b095b4e568375f945f4c76702,0.082,,,
579,2026-05-27,SH600426,0.04403111215699826,EXP_DEnsembleModel_Alpha158_csi300_custom_step0_s_20260527_16,1533894b095b4e568375f945f4c76702,0.082,,,
580,2026-05-27,SH600600,0.02926674056216997,EXP_DEnsembleModel_Alpha158_csi300_custom_step0_s_20260527_16,1533894b095b4e568375f945f4c76702,0.082,,,
581,2026-05-27,SH600588,-0.040327701258519436,EXP_DEnsembleModel_Alpha158_csi300_custom_step0_s_20260527_16,1533894b095b4e568375f945f4c76702,0.082,,,
582,2026-05-27,SH600585,-0.04329496537216834,EXP_DEnsembleModel_Alpha158_csi300_custom_step0_s_20260527_16,1533894b095b4e568375f945f4c76702,0.082,,,
583,2026-05-27,SH600584,-0.18232171958379143,EXP_DEnsembleModel_Alpha158_csi300_custom_step0_s_20260527_16,1533894b095b4e568375f945f4c76702,0.082,,,
584,2026-05-27,SH600570,-0.025371147411154243,EXP_DEnsembleModel_Alpha158_csi300_custom_step0_s_20260527_16,1533894b095b4e568375f945f4c76702,0.082,,,
585,2026-05-27,SH600547,0.05758642692343502,EXP_DEnsembleModel_Alpha158_csi300_custom_step0_s_20260527_16,1533894b095b4e568375f945f4c76702,0.082,,,
586,2026-05-27,SH600150,0.007097919294960272,EXP_DEnsembleModel_Alpha158_csi300_custom_step0_s_20260527_16,1533894b095b4e568375f945f4c76702,0.082,,,
587,2026-05-27,SH600522,0.2130152826949061,EXP_DEnsembleModel_Alpha158_csi300_custom_step0_s_20260527_16,1533894b095b4e568375f945f4c76702,0.082,,,
588,2026-05-27,SH600515,0.003583795997470689,EXP_DEnsembleModel_Alpha158_csi300_custom_step0_s_20260527_16,1533894b095b4e568375f945f4c76702,0.082,,,
589,2026-05-27,SH600489,-0.12237472706474854,EXP_DEnsembleModel_Alpha158_csi300_custom_step0_s_20260527_16,1533894b095b4e568375f945f4c76702,0.082,,,
590,2026-05-27,SH600482,0.02926675769719791,EXP_DEnsembleModel_Alpha158_csi300_custom_step0_s_20260527_16,1533894b095b4e568375f945f4c76702,0.082,,,
591,2026-05-27,SH600460,-0.08531876971712772,EXP_DEnsembleModel_Alpha158_csi300_custom_step0_s_20260527_16,1533894b095b4e568375f945f4c76702,0.082,,,
592,2026-05-27,SH600438,-0.04653112325814983,EXP_DEnsembleModel_Alpha158_csi300_custom_step0_s_20260527_16,1533894b095b4e568375f945f4c76702,0.082,,,
593,2026-05-27,SH600436,-0.03848330453502378,EXP_DEnsembleModel_Alpha158_csi300_custom_step0_s_20260527_16,1533894b095b4e568375f945f4c76702,0.082,,,
594,2026-05-27,SH600519,-0.06793235434650774,EXP_DEnsembleModel_Alpha158_csi300_custom_step0_s_20260527_16,1533894b095b4e568375f945f4c76702,0.082,,,
595,2026-05-27,SH600660,0.015105881098004592,EXP_DEnsembleModel_Alpha158_csi300_custom_step0_s_20260527_16,1533894b095b4e568375f945f4c76702,0.082,,,
596,2026-05-27,SH600115,-0.18245462443921207,EXP_DEnsembleModel_Alpha158_csi300_custom_step0_s_20260527_16,1533894b095b4e568375f945f4c76702,0.082,,,
597,2026-05-27,SH600104,0.05713748754901753,EXP_DEnsembleModel_Alpha158_csi300_custom_step0_s_20260527_16,1533894b095b4e568375f945f4c76702,0.082,,,
598,2026-05-27,SZ300866,-0.19587017003932425,EXP_DEnsembleModel_Alpha158_csi300_custom_step0_s_20260527_16,287e1d0f3dfc456490801e8841185f8c,0.069,,,
599,2026-05-27,SZ300896,-0.012236370019581916,EXP_DEnsembleModel_Alpha158_csi300_custom_step0_s_20260527_16,287e1d0f3dfc456490801e8841185f8c,0.069,,,
600,2026-05-27,SZ300979,0.042016805238682654,EXP_DEnsembleModel_Alpha158_csi300_custom_step0_s_20260527_16,287e1d0f3dfc456490801e8841185f8c,0.069,,,
601,2026-05-27,SZ300999,-0.03627539261271934,EXP_DEnsembleModel_Alpha158_csi300_custom_step0_s_20260527_16,287e1d0f3dfc456490801e8841185f8c,0.069,,,
602,2026-05-27,SZ301236,-0.17871642981593283,EXP_DEnsembleModel_Alpha158_csi300_custom_step0_s_20260527_16,287e1d0f3dfc456490801e8841185f8c,0.069,,,
603,2026-05-27,SZ301269,-0.17311289153917014,EXP_DEnsembleModel_Alpha158_csi300_custom_step0_s_20260527_16,287e1d0f3dfc456490801e8841185f8c,0.069,,,
604,2026-05-27,SZ302132,-0.14736090835582022,EXP_DEnsembleModel_Alpha158_csi300_custom_step0_s_20260527_16,287e1d0f3dfc456490801e8841185f8c,0.069,,,
605,2026-05-27,SH600000,-0.05419949137214136,EXP_DEnsembleModel_Alpha158_csi300_custom_step0_s_20260527_16,1533894b095b4e568375f945f4c76702,0.082,,,
606,2026-05-27,SH600009,0.05202092719311854,EXP_DEnsembleModel_Alpha158_csi300_custom_step0_s_20260527_16,1533894b095b4e568375f945f4c76702,0.082,,,
607,2026-05-27,SH600010,-0.15045216794158237,EXP_DEnsembleModel_Alpha158_csi300_custom_step0_s_20260527_16,1533894b095b4e568375f945f4c76702,0.082,,,
608,2026-05-27,SH600011,-0.0009285164785233628,EXP_DEnsembleModel_Alpha158_csi300_custom_step0_s_20260527_16,1533894b095b4e568375f945f4c76702,0.082,,,
609,2026-05-27,SH600015,-0.007063175473943127,EXP_DEnsembleModel_Alpha158_csi300_custom_step0_s_20260527_16,1533894b095b4e568375f945f4c76702,0.082,,,
610,2026-05-27,SH600016,0.03910733595016564,EXP_DEnsembleModel_Alpha158_csi300_custom_step0_s_20260527_16,1533894b095b4e568375f945f4c76702,0.082,,,
611,2026-05-27,SH600018,0.10981678200719477,EXP_DEnsembleModel_Alpha158_csi300_custom_step0_s_20260527_16,1533894b095b4e568375f945f4c76702,0.082,,,
612,2026-05-27,SH600019,0.010004407712289777,EXP_DEnsembleModel_Alpha158_csi300_custom_step0_s_20260527_16,1533894b095b4e568375f945f4c76702,0.082,,,
613,2026-05-27,SH600023,-0.11104862911386776,EXP_DEnsembleModel_Alpha158_csi300_custom_step0_s_20260527_16,1533894b095b4e568375f945f4c76702,0.082,,,
614,2026-05-27,SH600025,0.007937756127562258,EXP_DEnsembleModel_Alpha158_csi300_custom_step0_s_20260527_16,1533894b095b4e568375f945f4c76702,0.082,,,
615,2026-05-27,SH600089,-0.06556488968242051,EXP_DEnsembleModel_Alpha158_csi300_custom_step0_s_20260527_16,1533894b095b4e568375f945f4c76702,0.082,,,
616,2026-05-27,SH600085,-0.04629095593368485,EXP_DEnsembleModel_Alpha158_csi300_custom_step0_s_20260527_16,1533894b095b4e568375f945f4c76702,0.082,,,
617,2026-05-27,SH600066,0.08866258695666777,EXP_DEnsembleModel_Alpha158_csi300_custom_step0_s_20260527_16,1533894b095b4e568375f945f4c76702,0.082,,,
618,2026-05-27,SH600061,0.1251716116880905,EXP_DEnsembleModel_Alpha158_csi300_custom_step0_s_20260527_16,1533894b095b4e568375f945f4c76702,0.082,,,
619,2026-05-27,SH600050,-0.024000549897033735,EXP_DEnsembleModel_Alpha158_csi300_custom_step0_s_20260527_16,1533894b095b4e568375f945f4c76702,0.082,,,
620,2026-05-27,SH600048,-0.06614528384350617,EXP_DEnsembleModel_Alpha158_csi300_custom_step0_s_20260527_16,1533894b095b4e568375f945f4c76702,0.082,,,
621,2026-05-27,SH600111,-0.15920640203874173,EXP_DEnsembleModel_Alpha158_csi300_custom_step0_s_20260527_16,1533894b095b4e568375f945f4c76702,0.082,,,
622,2026-05-27,SH600039,0.012574573777118417,EXP_DEnsembleModel_Alpha158_csi300_custom_step0_s_20260527_16,1533894b095b4e568375f945f4c76702,0.082,,,
623,2026-05-27,SH600031,-0.061089017219240836,EXP_DEnsembleModel_Alpha158_csi300_custom_step0_s_20260527_16,1533894b095b4e568375f945f4c76702,0.082,,,
624,2026-05-27,SH600030,0.09786009205265965,EXP_DEnsembleModel_Alpha158_csi300_custom_step0_s_20260527_16,1533894b095b4e568375f945f4c76702,0.082,,,
625,2026-05-27,SH600029,-0.053443797242201725,EXP_DEnsembleModel_Alpha158_csi300_custom_step0_s_20260527_16,1533894b095b4e568375f945f4c76702,0.082,,,
626,2026-05-27,SH600028,-0.057178837767655304,EXP_DEnsembleModel_Alpha158_csi300_custom_step0_s_20260527_16,1533894b095b4e568375f945f4c76702,0.082,,,
627,2026-05-27,SH600027,-0.1362881433900291,EXP_DEnsembleModel_Alpha158_csi300_custom_step0_s_20260527_16,1533894b095b4e568375f945f4c76702,0.082,,,
628,2026-05-27,SH600026,-0.05375894249260666,EXP_DEnsembleModel_Alpha158_csi300_custom_step0_s_20260527_16,1533894b095b4e568375f945f4c76702,0.082,,,
629,2026-05-27,SH600036,-0.024542833328911173,EXP_DEnsembleModel_Alpha158_csi300_custom_step0_s_20260527_16,1533894b095b4e568375f945f4c76702,0.082,,,
630,2026-05-27,SZ300832,-0.128908409599572,EXP_DEnsembleModel_Alpha158_csi300_custom_step0_s_20260527_16,287e1d0f3dfc456490801e8841185f8c,0.069,,,
631,2026-05-27,SH600674,0.08974821169142262,EXP_DEnsembleModel_Alpha158_csi300_custom_step0_s_20260527_16,1533894b095b4e568375f945f4c76702,0.082,,,
632,2026-05-27,SH600741,0.026631185798611255,EXP_DEnsembleModel_Alpha158_csi300_custom_step0_s_20260527_16,1533894b095b4e568375f945f4c76702,0.082,,,
633,2026-05-27,SH601138,0.0026676645642995773,EXP_DEnsembleModel_Alpha158_csi300_custom_step0_s_20260527_16,1533894b095b4e568375f945f4c76702,0.082,,,
634,2026-05-27,SH601166,0.011536355600407805,EXP_DEnsembleModel_Alpha158_csi300_custom_step0_s_20260527_16,1533894b095b4e568375f945f4c76702,0.082,,,
635,2026-05-27,SH601169,0.013472377619946485,EXP_DEnsembleModel_Alpha158_csi300_custom_step0_s_20260527_16,1533894b095b4e568375f945f4c76702,0.082,,,
636,2026-05-27,SH601186,0.0032845788792721757,EXP_DEnsembleModel_Alpha158_csi300_custom_step0_s_20260527_16,1533894b095b4e568375f945f4c76702,0.082,,,
637,2026-05-27,SH601211,0.03840256422197394,EXP_DEnsembleModel_Alpha158_csi300_custom_step0_s_20260527_16,1533894b095b4e568375f945f4c76702,0.082,,,
638,2026-05-27,SH601225,-0.09558745571290432,EXP_DEnsembleModel_Alpha158_csi300_custom_step0_s_20260527_16,1533894b095b4e568375f945f4c76702,0.082,,,
639,2026-05-27,SH601229,-0.021264252970173227,EXP_DEnsembleModel_Alpha158_csi300_custom_step0_s_20260527_16,1533894b095b4e568375f945f4c76702,0.082,,,
640,2026-05-27,SH601236,-0.05860302605879681,EXP_DEnsembleModel_Alpha158_csi300_custom_step0_s_20260527_16,1533894b095b4e568375f945f4c76702,0.082,,,
641,2026-05-27,SH601238,0.04467391321625711,EXP_DEnsembleModel_Alpha158_csi300_custom_step0_s_20260527_16,1533894b095b4e568375f945f4c76702,0.082,,,
642,2026-05-27,SH601288,0.015079386151466978,EXP_DEnsembleModel_Alpha158_csi300_custom_step0_s_20260527_16,1533894b095b4e568375f945f4c76702,0.082,,,
643,2026-05-27,SH601298,0.08819367829669945,EXP_DEnsembleModel_Alpha158_csi300_custom_step0_s_20260527_16,1533894b095b4e568375f945f4c76702,0.082,,,
644,2026-05-27,SH601318,-0.03638125090117068,EXP_DEnsembleModel_Alpha158_csi300_custom_step0_s_20260527_16,1533894b095b4e568375f945f4c76702,0.082,,,
645,2026-05-27,SH601319,0.007368945744248765,EXP_DEnsembleModel_Alpha158_csi300_custom_step0_s_20260527_16,1533894b095b4e568375f945f4c76702,0.082,,,
646,2026-05-27,SH601328,0.0294957637775087,EXP_DEnsembleModel_Alpha158_csi300_custom_step0_s_20260527_16,1533894b095b4e568375f945f4c76702,0.082,,,
647,2026-05-27,SH601336,-0.04143861568744017,EXP_DEnsembleModel_Alpha158_csi300_custom_step0_s_20260527_16,1533894b095b4e568375f945f4c76702,0.082,,,
648,2026-05-27,SH601360,-0.013000643759318925,EXP_DEnsembleModel_Alpha158_csi300_custom_step0_s_20260527_16,1533894b095b4e568375f945f4c76702,0.082,,,
649,2026-05-27,SH601377,0.06208161352558943,EXP_DEnsembleModel_Alpha158_csi300_custom_step0_s_20260527_16,1533894b095b4e568375f945f4c76702,0.082,,,
650,2026-05-27,SH601689,-0.08528630377295232,EXP_DEnsembleModel_Alpha158_csi300_custom_step0_s_20260527_16,1533894b095b4e568375f945f4c76702,0.082,,,
651,2026-05-27,SH601688,0.10105384448297139,EXP_DEnsembleModel_Alpha158_csi300_custom_step0_s_20260527_16,1533894b095b4e568375f945f4c76702,0.082,,,
652,2026-05-27,SH601669,-0.09224480321902029,EXP_DEnsembleModel_Alpha158_csi300_custom_step0_s_20260527_16,1533894b095b4e568375f945f4c76702,0.082,,,
653,2026-05-27,SH601668,0.032823006945500534,EXP_DEnsembleModel_Alpha158_csi300_custom_step0_s_20260527_16,1533894b095b4e568375f945f4c76702,0.082,,,
654,2026-05-27,SH601658,0.06511207041744879,EXP_DEnsembleModel_Alpha158_csi300_custom_step0_s_20260527_16,1533894b095b4e568375f945f4c76702,0.082,,,
655,2026-05-27,SH601633,0.09405650361197623,EXP_DEnsembleModel_Alpha158_csi300_custom_step0_s_20260527_16,1533894b095b4e568375f945f4c76702,0.082,,,
656,2026-05-27,SH601136,-0.1231844763132105,EXP_DEnsembleModel_Alpha158_csi300_custom_step0_s_20260527_16,1533894b095b4e568375f945f4c76702,0.082,,,
657,2026-05-27,SH601628,0.0032187280271540365,EXP_DEnsembleModel_Alpha158_csi300_custom_step0_s_20260527_16,1533894b095b4e568375f945f4c76702,0.082,,,
658,2026-05-27,SH601607,0.05132877161718857,EXP_DEnsembleModel_Alpha158_csi300_custom_step0_s_20260527_16,1533894b095b4e568375f945f4c76702,0.082,,,
659,2026-05-27,SH601601,-0.010362209319604307,EXP_DEnsembleModel_Alpha158_csi300_custom_step0_s_20260527_16,1533894b095b4e568375f945f4c76702,0.082,,,
660,2026-05-27,SH601600,-0.1436736973257086,EXP_DEnsembleModel_Alpha158_csi300_custom_step0_s_20260527_16,1533894b095b4e568375f945f4c76702,0.082,,,
661,2026-05-27,SH601456,0.04339741225838293,EXP_DEnsembleModel_Alpha158_csi300_custom_step0_s_20260527_16,1533894b095b4e568375f945f4c76702,0.082,,,
662,2026-05-27,SH601398,0.11397576452869493,EXP_DEnsembleModel_Alpha158_csi300_custom_step0_s_20260527_16,1533894b095b4e568375f945f4c76702,0.082,,,
663,2026-05-27,SH601390,0.03566404686908318,EXP_DEnsembleModel_Alpha158_csi300_custom_step0_s_20260527_16,1533894b095b4e568375f945f4c76702,0.082,,,
664,2026-05-27,SH601618,0.07593869032992752,EXP_DEnsembleModel_Alpha158_csi300_custom_step0_s_20260527_16,1533894b095b4e568375f945f4c76702,0.082,,,
665,2026-05-27,SH600690,-0.08127076037798614,EXP_DEnsembleModel_Alpha158_csi300_custom_step0_s_20260527_16,1533894b095b4e568375f945f4c76702,0.082,,,
666,2026-05-27,SH601127,0.0025387951415861243,EXP_DEnsembleModel_Alpha158_csi300_custom_step0_s_20260527_16,1533894b095b4e568375f945f4c76702,0.082,,,
667,2026-05-27,SH601111,0.04314106973748405,EXP_DEnsembleModel_Alpha158_csi300_custom_step0_s_20260527_16,1533894b095b4e568375f945f4c76702,0.082,,,
668,2026-05-27,SH600760,-0.1827448767530721,EXP_DEnsembleModel_Alpha158_csi300_custom_step0_s_20260527_16,1533894b095b4e568375f945f4c76702,0.082,,,
669,2026-05-27,SH600795,0.09381790222453913,EXP_DEnsembleModel_Alpha158_csi300_custom_step0_s_20260527_16,1533894b095b4e568375f945f4c76702,0.082,,,
670,2026-05-27,SH600803,-0.021542802616582455,EXP_DEnsembleModel_Alpha158_csi300_custom_step0_s_20260527_16,1533894b095b4e568375f945f4c76702,0.082,,,
671,2026-05-27,SH600809,0.014414134987130628,EXP_DEnsembleModel_Alpha158_csi300_custom_step0_s_20260527_16,1533894b095b4e568375f945f4c76702,0.082,,,
672,2026-05-27,SH600845,-0.07620022105230238,EXP_DEnsembleModel_Alpha158_csi300_custom_step0_s_20260527_16,1533894b095b4e568375f945f4c76702,0.082,,,
673,2026-05-27,SH600875,-0.07467469834087377,EXP_DEnsembleModel_Alpha158_csi300_custom_step0_s_20260527_16,1533894b095b4e568375f945f4c76702,0.082,,,
674,2026-05-27,SH600886,0.10482957990771335,EXP_DEnsembleModel_Alpha158_csi300_custom_step0_s_20260527_16,1533894b095b4e568375f945f4c76702,0.082,,,
675,2026-05-27,SH600887,-0.03789603459018824,EXP_DEnsembleModel_Alpha158_csi300_custom_step0_s_20260527_16,1533894b095b4e568375f945f4c76702,0.082,,,
676,2026-05-27,SH600893,-0.10383594471744761,EXP_DEnsembleModel_Alpha158_csi300_custom_step0_s_20260527_16,1533894b095b4e568375f945f4c76702,0.082,,,
677,2026-05-27,SH600900,0.1257802659457575,EXP_DEnsembleModel_Alpha158_csi300_custom_step0_s_20260527_16,1533894b095b4e568375f945f4c76702,0.082,,,
678,2026-05-27,SH600905,0.028842819870179445,EXP_DEnsembleModel_Alpha158_csi300_custom_step0_s_20260527_16,1533894b095b4e568375f945f4c76702,0.082,,,
679,2026-05-27,SH600918,-0.010215652732497919,EXP_DEnsembleModel_Alpha158_csi300_custom_step0_s_20260527_16,1533894b095b4e568375f945f4c76702,0.082,,,
680,2026-05-27,SH600919,0.10659116231967644,EXP_DEnsembleModel_Alpha158_csi300_custom_step0_s_20260527_16,1533894b095b4e568375f945f4c76702,0.082,,,
681,2026-05-27,SH600926,0.06435790872933642,EXP_DEnsembleModel_Alpha158_csi300_custom_step0_s_20260527_16,1533894b095b4e568375f945f4c76702,0.082,,,
682,2026-05-27,SH600930,-0.03274846146232282,EXP_DEnsembleModel_Alpha158_csi300_custom_step0_s_20260527_16,1533894b095b4e568375f945f4c76702,0.082,,,
683,2026-05-27,SH600938,-0.08760220929325006,EXP_DEnsembleModel_Alpha158_csi300_custom_step0_s_20260527_16,1533894b095b4e568375f945f4c76702,0.082,,,
684,2026-05-27,SH600941,-0.026448854679871132,EXP_DEnsembleModel_Alpha158_csi300_custom_step0_s_20260527_16,1533894b095b4e568375f945f4c76702,0.082,,,
685,2026-05-27,SH601100,0.009841270460142588,EXP_DEnsembleModel_Alpha158_csi300_custom_step0_s_20260527_16,1533894b095b4e568375f945f4c76702,0.082,,,
686,2026-05-27,SH601088,-0.05077859208712476,EXP_DEnsembleModel_Alpha158_csi300_custom_step0_s_20260527_16,1533894b095b4e568375f945f4c76702,0.082,,,
687,2026-05-27,SH601077,0.05000163359557119,EXP_DEnsembleModel_Alpha158_csi300_custom_step0_s_20260527_16,1533894b095b4e568375f945f4c76702,0.082,,,
688,2026-05-27,SH601066,0.02169338428449189,EXP_DEnsembleModel_Alpha158_csi300_custom_step0_s_20260527_16,1533894b095b4e568375f945f4c76702,0.082,,,
689,2026-05-27,SH601059,0.09723003747524268,EXP_DEnsembleModel_Alpha158_csi300_custom_step0_s_20260527_16,1533894b095b4e568375f945f4c76702,0.082,,,
690,2026-05-27,SH601058,-0.03535021029769904,EXP_DEnsembleModel_Alpha158_csi300_custom_step0_s_20260527_16,1533894b095b4e568375f945f4c76702,0.082,,,
691,2026-05-27,SH601117,0.006251298982487006,EXP_DEnsembleModel_Alpha158_csi300_custom_step0_s_20260527_16,1533894b095b4e568375f945f4c76702,0.082,,,
692,2026-05-27,SH601021,-0.07518842736540196,EXP_DEnsembleModel_Alpha158_csi300_custom_step0_s_20260527_16,1533894b095b4e568375f945f4c76702,0.082,,,
693,2026-05-27,SH601012,-0.028485629649270875,EXP_DEnsembleModel_Alpha158_csi300_custom_step0_s_20260527_16,1533894b095b4e568375f945f4c76702,0.082,,,
694,2026-05-27,SH601009,0.0007058531742452516,EXP_DEnsembleModel_Alpha158_csi300_custom_step0_s_20260527_16,1533894b095b4e568375f945f4c76702,0.082,,,
695,2026-05-27,SH601006,0.04416178760987469,EXP_DEnsembleModel_Alpha158_csi300_custom_step0_s_20260527_16,1533894b095b4e568375f945f4c76702,0.082,,,
696,2026-05-27,SH600999,0.056646341214898754,EXP_DEnsembleModel_Alpha158_csi300_custom_step0_s_20260527_16,1533894b095b4e568375f945f4c76702,0.082,,,
697,2026-05-27,SH600989,0.06595462553316243,EXP_DEnsembleModel_Alpha158_csi300_custom_step0_s_20260527_16,1533894b095b4e568375f945f4c76702,0.082,,,
698,2026-05-27,SH600958,0.00394816376611758,EXP_DEnsembleModel_Alpha158_csi300_custom_step0_s_20260527_16,1533894b095b4e568375f945f4c76702,0.082,,,
699,2026-05-27,SH601018,0.011847011131351821,EXP_DEnsembleModel_Alpha158_csi300_custom_step0_s_20260527_16,1533894b095b4e568375f945f4c76702,0.082,,,
700,2026-05-27,SZ300803,-0.16926724999466153,EXP_DEnsembleModel_Alpha158_csi300_custom_step0_s_20260527_16,287e1d0f3dfc456490801e8841185f8c,0.069,,,
701,2026-05-27,SZ300782,0.08974899178716787,EXP_DEnsembleModel_Alpha158_csi300_custom_step0_s_20260527_16,287e1d0f3dfc456490801e8841185f8c,0.069,,,
702,2026-05-27,SZ300760,-0.0850550429169107,EXP_DEnsembleModel_Alpha158_csi300_custom_step0_s_20260527_16,287e1d0f3dfc456490801e8841185f8c,0.069,,,
703,2026-05-27,SH688472,-0.13836068600492044,EXP_DEnsembleModel_Alpha158_csi300_custom_step0_s_20260527_16,287e1d0f3dfc456490801e8841185f8c,0.069,,,
704,2026-05-27,SH688506,-0.08926588607230351,EXP_DEnsembleModel_Alpha158_csi300_custom_step0_s_20260527_16,287e1d0f3dfc456490801e8841185f8c,0.069,,,
705,2026-05-27,SH688981,-0.032572974242890754,EXP_DEnsembleModel_Alpha158_csi300_custom_step0_s_20260527_16,287e1d0f3dfc456490801e8841185f8c,0.069,,,
706,2026-05-27,SZ000001,0.04863387633498962,EXP_DEnsembleModel_Alpha158_csi300_custom_step0_s_20260527_16,287e1d0f3dfc456490801e8841185f8c,0.069,,,
707,2026-05-27,SZ000002,0.08962872860248045,EXP_DEnsembleModel_Alpha158_csi300_custom_step0_s_20260527_16,287e1d0f3dfc456490801e8841185f8c,0.069,,,
708,2026-05-27,SZ000063,-0.0035451835266738503,EXP_DEnsembleModel_Alpha158_csi300_custom_step0_s_20260527_16,287e1d0f3dfc456490801e8841185f8c,0.069,,,
709,2026-05-27,SZ000100,-0.09354430991511095,EXP_DEnsembleModel_Alpha158_csi300_custom_step0_s_20260527_16,287e1d0f3dfc456490801e8841185f8c,0.069,,,
710,2026-05-27,SZ000157,0.0952819182050225,EXP_DEnsembleModel_Alpha158_csi300_custom_step0_s_20260527_16,287e1d0f3dfc456490801e8841185f8c,0.069,,,
711,2026-05-27,SZ000166,0.09423527131245267,EXP_DEnsembleModel_Alpha158_csi300_custom_step0_s_20260527_16,287e1d0f3dfc456490801e8841185f8c,0.069,,,
712,2026-05-27,SZ000301,-0.01152443974084691,EXP_DEnsembleModel_Alpha158_csi300_custom_step0_s_20260527_16,287e1d0f3dfc456490801e8841185f8c,0.069,,,
713,2026-05-27,SZ000333,0.034341703892169735,EXP_DEnsembleModel_Alpha158_csi300_custom_step0_s_20260527_16,287e1d0f3dfc456490801e8841185f8c,0.069,,,
714,2026-05-27,SZ000338,-0.04967206103925591,EXP_DEnsembleModel_Alpha158_csi300_custom_step0_s_20260527_16,287e1d0f3dfc456490801e8841185f8c,0.069,,,
715,2026-05-27,SZ000408,-0.12582961230423373,EXP_DEnsembleModel_Alpha158_csi300_custom_step0_s_20260527_16,287e1d0f3dfc456490801e8841185f8c,0.069,,,
716,2026-05-27,SZ000425,0.03749815397411278,EXP_DEnsembleModel_Alpha158_csi300_custom_step0_s_20260527_16,287e1d0f3dfc456490801e8841185f8c,0.069,,,
717,2026-05-27,SZ000538,-0.007204235714780334,EXP_DEnsembleModel_Alpha158_csi300_custom_step0_s_20260527_16,287e1d0f3dfc456490801e8841185f8c,0.069,,,
718,2026-05-27,SZ000568,-0.0028820430017865183,EXP_DEnsembleModel_Alpha158_csi300_custom_step0_s_20260527_16,287e1d0f3dfc456490801e8841185f8c,0.069,,,
719,2026-05-27,SZ000596,-0.06727095364258548,EXP_DEnsembleModel_Alpha158_csi300_custom_step0_s_20260527_16,287e1d0f3dfc456490801e8841185f8c,0.069,,,
720,2026-05-27,SZ000876,0.00365035807543866,EXP_DEnsembleModel_Alpha158_csi300_custom_step0_s_20260527_16,287e1d0f3dfc456490801e8841185f8c,0.069,,,
721,2026-05-27,SZ000858,-0.02998114272239141,EXP_DEnsembleModel_Alpha158_csi300_custom_step0_s_20260527_16,287e1d0f3dfc456490801e8841185f8c,0.069,,,
722,2026-05-27,SZ000807,-0.04075598477317402,EXP_DEnsembleModel_Alpha158_csi300_custom_step0_s_20260527_16,287e1d0f3dfc456490801e8841185f8c,0.069,,,
723,2026-05-27,SZ000792,0.00963927506145104,EXP_DEnsembleModel_Alpha158_csi300_custom_step0_s_20260527_16,287e1d0f3dfc456490801e8841185f8c,0.069,,,
724,2026-05-27,SZ000786,-0.10558241641091021,EXP_DEnsembleModel_Alpha158_csi300_custom_step0_s_20260527_16,287e1d0f3dfc456490801e8841185f8c,0.069,,,
725,2026-05-27,SZ000776,-0.015113431461205796,EXP_DEnsembleModel_Alpha158_csi300_custom_step0_s_20260527_16,287e1d0f3dfc456490801e8841185f8c,0.069,,,
726,2026-05-27,SH688396,0.002756395900348722,EXP_DEnsembleModel_Alpha158_csi300_custom_step0_s_20260527_16,287e1d0f3dfc456490801e8841185f8c,0.069,,,
727,2026-05-27,SZ000768,-0.03779831814521573,EXP_DEnsembleModel_Alpha158_csi300_custom_step0_s_20260527_16,287e1d0f3dfc456490801e8841185f8c,0.069,,,
728,2026-05-27,SZ000708,0.030868717846919115,EXP_DEnsembleModel_Alpha158_csi300_custom_step0_s_20260527_16,287e1d0f3dfc456490801e8841185f8c,0.069,,,
729,2026-05-27,SZ000661,-0.018336658349999178,EXP_DEnsembleModel_Alpha158_csi300_custom_step0_s_20260527_16,287e1d0f3dfc456490801e8841185f8c,0.069,,,
730,2026-05-27,SZ000651,-0.006299735942343365,EXP_DEnsembleModel_Alpha158_csi300_custom_step0_s_20260527_16,287e1d0f3dfc456490801e8841185f8c,0.069,,,
731,2026-05-27,SZ000630,-0.22026441392303814,EXP_DEnsembleModel_Alpha158_csi300_custom_step0_s_20260527_16,287e1d0f3dfc456490801e8841185f8c,0.069,,,
732,2026-05-27,SZ000625,-0.04302824795213004,EXP_DEnsembleModel_Alpha158_csi300_custom_step0_s_20260527_16,287e1d0f3dfc456490801e8841185f8c,0.069,,,
733,2026-05-27,SZ000617,-0.001740255764677417,EXP_DEnsembleModel_Alpha158_csi300_custom_step0_s_20260527_16,287e1d0f3dfc456490801e8841185f8c,0.069,,,
734,2026-05-27,SZ000725,0.0391745357859772,EXP_DEnsembleModel_Alpha158_csi300_custom_step0_s_20260527_16,287e1d0f3dfc456490801e8841185f8c,0.069,,,
735,2026-05-27,SZ000895,-0.06524428417113814,EXP_DEnsembleModel_Alpha158_csi300_custom_step0_s_20260527_16,287e1d0f3dfc456490801e8841185f8c,0.069,,,
736,2026-05-27,SH688303,-0.012494387105527683,EXP_DEnsembleModel_Alpha158_csi300_custom_step0_s_20260527_16,287e1d0f3dfc456490801e8841185f8c,0.069,,,
737,2026-05-27,SH688256,-0.08216513596598059,EXP_DEnsembleModel_Alpha158_csi300_custom_step0_s_20260527_16,287e1d0f3dfc456490801e8841185f8c,0.069,,,
738,2026-05-27,SH601985,0.052359585916894484,EXP_DEnsembleModel_Alpha158_csi300_custom_step0_s_20260527_16,287e1d0f3dfc456490801e8841185f8c,0.069,,,
739,2026-05-27,SH601988,0.14464115683330855,EXP_DEnsembleModel_Alpha158_csi300_custom_step0_s_20260527_16,287e1d0f3dfc456490801e8841185f8c,0.069,,,
740,2026-05-27,SH601995,0.06217251793344104,EXP_DEnsembleModel_Alpha158_csi300_custom_step0_s_20260527_16,287e1d0f3dfc456490801e8841185f8c,0.069,,,
741,2026-05-27,SH601998,0.033630578153050664,EXP_DEnsembleModel_Alpha158_csi300_custom_step0_s_20260527_16,287e1d0f3dfc456490801e8841185f8c,0.069,,,
742,2026-05-27,SH603019,-0.06843976720920973,EXP_DEnsembleModel_Alpha158_csi300_custom_step0_s_20260527_16,287e1d0f3dfc456490801e8841185f8c,0.069,,,
743,2026-05-27,SH603195,0.004022789171221928,EXP_DEnsembleModel_Alpha158_csi300_custom_step0_s_20260527_16,287e1d0f3dfc456490801e8841185f8c,0.069,,,
744,2026-05-27,SH603259,0.027372290468076408,EXP_DEnsembleModel_Alpha158_csi300_custom_step0_s_20260527_16,287e1d0f3dfc456490801e8841185f8c,0.069,,,
745,2026-05-27,SH603260,-0.10307051426957765,EXP_DEnsembleModel_Alpha158_csi300_custom_step0_s_20260527_16,287e1d0f3dfc456490801e8841185f8c,0.069,,,
746,2026-05-27,SH603288,-0.05734593542091591,EXP_DEnsembleModel_Alpha158_csi300_custom_step0_s_20260527_16,287e1d0f3dfc456490801e8841185f8c,0.069,,,
747,2026-05-27,SH603296,-0.1436244648416577,EXP_DEnsembleModel_Alpha158_csi300_custom_step0_s_20260527_16,287e1d0f3dfc456490801e8841185f8c,0.069,,,
748,2026-05-27,SH603369,0.039257674769747,EXP_DEnsembleModel_Alpha158_csi300_custom_step0_s_20260527_16,287e1d0f3dfc456490801e8841185f8c,0.069,,,
749,2026-05-27,SH603392,-0.018528150827721745,EXP_DEnsembleModel_Alpha158_csi300_custom_step0_s_20260527_16,287e1d0f3dfc456490801e8841185f8c,0.069,,,
750,2026-05-27,SH603501,-0.15629012474470672,EXP_DEnsembleModel_Alpha158_csi300_custom_step0_s_20260527_16,287e1d0f3dfc456490801e8841185f8c,0.069,,,
751,2026-05-27,SH603799,-0.10032782694971806,EXP_DEnsembleModel_Alpha158_csi300_custom_step0_s_20260527_16,287e1d0f3dfc456490801e8841185f8c,0.069,,,
752,2026-05-27,SH603893,-0.15901152717171968,EXP_DEnsembleModel_Alpha158_csi300_custom_step0_s_20260527_16,287e1d0f3dfc456490801e8841185f8c,0.069,,,
753,2026-05-27,SH603986,-0.14361333446363816,EXP_DEnsembleModel_Alpha158_csi300_custom_step0_s_20260527_16,287e1d0f3dfc456490801e8841185f8c,0.069,,,
754,2026-05-27,SH603993,-0.18869344090047688,EXP_DEnsembleModel_Alpha158_csi300_custom_step0_s_20260527_16,287e1d0f3dfc456490801e8841185f8c,0.069,,,
755,2026-05-27,SH688223,-0.1352741337390073,EXP_DEnsembleModel_Alpha158_csi300_custom_step0_s_20260527_16,287e1d0f3dfc456490801e8841185f8c,0.069,,,
756,2026-05-27,SH688187,-0.05786923998187665,EXP_DEnsembleModel_Alpha158_csi300_custom_step0_s_20260527_16,287e1d0f3dfc456490801e8841185f8c,0.069,,,
757,2026-05-27,SH688169,-0.1704999423019625,EXP_DEnsembleModel_Alpha158_csi300_custom_step0_s_20260527_16,287e1d0f3dfc456490801e8841185f8c,0.069,,,
758,2026-05-27,SH688126,0.06484642229204475,EXP_DEnsembleModel_Alpha158_csi300_custom_step0_s_20260527_16,287e1d0f3dfc456490801e8841185f8c,0.069,,,
759,2026-05-27,SH688111,-0.213684432593373,EXP_DEnsembleModel_Alpha158_csi300_custom_step0_s_20260527_16,287e1d0f3dfc456490801e8841185f8c,0.069,,,
760,2026-05-27,SH688082,-0.04713323816490764,EXP_DEnsembleModel_Alpha158_csi300_custom_step0_s_20260527_16,287e1d0f3dfc456490801e8841185f8c,0.069,,,
761,2026-05-27,SH688271,-0.0577981400248841,EXP_DEnsembleModel_Alpha158_csi300_custom_step0_s_20260527_16,287e1d0f3dfc456490801e8841185f8c,0.069,,,
762,2026-05-27,SH688047,0.027834670263536785,EXP_DEnsembleModel_Alpha158_csi300_custom_step0_s_20260527_16,287e1d0f3dfc456490801e8841185f8c,0.069,,,
763,2026-05-27,SH688036,0.05585669993280779,EXP_DEnsembleModel_Alpha158_csi300_custom_step0_s_20260527_16,287e1d0f3dfc456490801e8841185f8c,0.069,,,
764,2026-05-27,SH688012,0.21308991683631254,EXP_DEnsembleModel_Alpha158_csi300_custom_step0_s_20260527_16,287e1d0f3dfc456490801e8841185f8c,0.069,,,
765,2026-05-27,SH688009,0.05750019276181607,EXP_DEnsembleModel_Alpha158_csi300_custom_step0_s_20260527_16,287e1d0f3dfc456490801e8841185f8c,0.069,,,
766,2026-05-27,SH688008,-0.03382577771354337,EXP_DEnsembleModel_Alpha158_csi300_custom_step0_s_20260527_16,287e1d0f3dfc456490801e8841185f8c,0.069,,,
767,2026-05-27,SH605499,-0.039751741990457105,EXP_DEnsembleModel_Alpha158_csi300_custom_step0_s_20260527_16,287e1d0f3dfc456490801e8841185f8c,0.069,,,
768,2026-05-27,SH605117,-0.26766429330004554,EXP_DEnsembleModel_Alpha158_csi300_custom_step0_s_20260527_16,287e1d0f3dfc456490801e8841185f8c,0.069,,,
769,2026-05-27,SH688041,0.027704118343099462,EXP_DEnsembleModel_Alpha158_csi300_custom_step0_s_20260527_16,287e1d0f3dfc456490801e8841185f8c,0.069,,,
770,2026-05-27,SZ000938,-0.012044932691580032,EXP_DEnsembleModel_Alpha158_csi300_custom_step0_s_20260527_16,287e1d0f3dfc456490801e8841185f8c,0.069,,,
771,2026-05-27,SZ000963,-0.033223483123428314,EXP_DEnsembleModel_Alpha158_csi300_custom_step0_s_20260527_16,287e1d0f3dfc456490801e8841185f8c,0.069,,,
772,2026-05-27,SZ000975,0.2636220137780916,EXP_DEnsembleModel_Alpha158_csi300_custom_step0_s_20260527_16,287e1d0f3dfc456490801e8841185f8c,0.069,,,
773,2026-05-27,SZ002709,-0.11492825757528645,EXP_DEnsembleModel_Alpha158_csi300_custom_step0_s_20260527_16,287e1d0f3dfc456490801e8841185f8c,0.069,,,
774,2026-05-27,SZ002714,0.009226481487188125,EXP_DEnsembleModel_Alpha158_csi300_custom_step0_s_20260527_16,287e1d0f3dfc456490801e8841185f8c,0.069,,,
775,2026-05-27,SZ002736,0.03376726430089325,EXP_DEnsembleModel_Alpha158_csi300_custom_step0_s_20260527_16,287e1d0f3dfc456490801e8841185f8c,0.069,,,
776,2026-05-27,SZ002916,-0.18487666848893344,EXP_DEnsembleModel_Alpha158_csi300_custom_step0_s_20260527_16,287e1d0f3dfc456490801e8841185f8c,0.069,,,
777,2026-05-27,SZ002920,-0.12780778511490062,EXP_DEnsembleModel_Alpha158_csi300_custom_step0_s_20260527_16,287e1d0f3dfc456490801e8841185f8c,0.069,,,
778,2026-05-27,SZ002938,-0.11079326195238921,EXP_DEnsembleModel_Alpha158_csi300_custom_step0_s_20260527_16,287e1d0f3dfc456490801e8841185f8c,0.069,,,
779,2026-05-27,SZ003816,-0.004482595699868537,EXP_DEnsembleModel_Alpha158_csi300_custom_step0_s_20260527_16,287e1d0f3dfc456490801e8841185f8c,0.069,,,
780,2026-05-27,SZ300014,-0.07952327918153378,EXP_DEnsembleModel_Alpha158_csi300_custom_step0_s_20260527_16,287e1d0f3dfc456490801e8841185f8c,0.069,,,
781,2026-05-27,SZ300015,-0.14643486390193966,EXP_DEnsembleModel_Alpha158_csi300_custom_step0_s_20260527_16,287e1d0f3dfc456490801e8841185f8c,0.069,,,
782,2026-05-27,SZ300033,0.010965725435691005,EXP_DEnsembleModel_Alpha158_csi300_custom_step0_s_20260527_16,287e1d0f3dfc456490801e8841185f8c,0.069,,,
783,2026-05-27,SZ300059,-0.013710812318421342,EXP_DEnsembleModel_Alpha158_csi300_custom_step0_s_20260527_16,287e1d0f3dfc456490801e8841185f8c,0.069,,,
784,2026-05-27,SZ300122,-0.13023661665258968,EXP_DEnsembleModel_Alpha158_csi300_custom_step0_s_20260527_16,287e1d0f3dfc456490801e8841185f8c,0.069,,,
785,2026-05-27,SZ300124,0.027896639455550824,EXP_DEnsembleModel_Alpha158_csi300_custom_step0_s_20260527_16,287e1d0f3dfc456490801e8841185f8c,0.069,,,
786,2026-05-27,SZ300251,0.00026026554216664754,EXP_DEnsembleModel_Alpha158_csi300_custom_step0_s_20260527_16,287e1d0f3dfc456490801e8841185f8c,0.069,,,
787,2026-05-27,SZ300274,-0.27694193811202883,EXP_DEnsembleModel_Alpha158_csi300_custom_step0_s_20260527_16,287e1d0f3dfc456490801e8841185f8c,0.069,,,
788,2026-05-27,SZ300308,-0.11972621961690234,EXP_DEnsembleModel_Alpha158_csi300_custom_step0_s_20260527_16,287e1d0f3dfc456490801e8841185f8c,0.069,,,
789,2026-05-27,SZ300316,-0.016873869739966723,EXP_DEnsembleModel_Alpha158_csi300_custom_step0_s_20260527_16,287e1d0f3dfc456490801e8841185f8c,0.069,,,
790,2026-05-27,SZ300759,-0.013672097905392436,EXP_DEnsembleModel_Alpha158_csi300_custom_step0_s_20260527_16,287e1d0f3dfc456490801e8841185f8c,0.069,,,
791,2026-05-27,SZ300750,-0.019885417063814043,EXP_DEnsembleModel_Alpha158_csi300_custom_step0_s_20260527_16,287e1d0f3dfc456490801e8841185f8c,0.069,,,
792,2026-05-27,SZ300661,-0.11266303759429927,EXP_DEnsembleModel_Alpha158_csi300_custom_step0_s_20260527_16,287e1d0f3dfc456490801e8841185f8c,0.069,,,
793,2026-05-27,SZ300628,-0.009055465360083463,EXP_DEnsembleModel_Alpha158_csi300_custom_step0_s_20260527_16,287e1d0f3dfc456490801e8841185f8c,0.069,,,
794,2026-05-27,SZ300502,-0.30951271137340913,EXP_DEnsembleModel_Alpha158_csi300_custom_step0_s_20260527_16,287e1d0f3dfc456490801e8841185f8c,0.069,,,
795,2026-05-27,SZ300498,0.05167385871454026,EXP_DEnsembleModel_Alpha158_csi300_custom_step0_s_20260527_16,287e1d0f3dfc456490801e8841185f8c,0.069,,,
796,2026-05-27,SZ002648,0.08006548207481473,EXP_DEnsembleModel_Alpha158_csi300_custom_step0_s_20260527_16,287e1d0f3dfc456490801e8841185f8c,0.069,,,
797,2026-05-27,SZ300476,-0.22062027743961046,EXP_DEnsembleModel_Alpha158_csi300_custom_step0_s_20260527_16,287e1d0f3dfc456490801e8841185f8c,0.069,,,
798,2026-05-27,SZ300433,-0.17529244486284593,EXP_DEnsembleModel_Alpha158_csi300_custom_step0_s_20260527_16,287e1d0f3dfc456490801e8841185f8c,0.069,,,
799,2026-05-27,SZ300418,-0.11333973686967794,EXP_DEnsembleModel_Alpha158_csi300_custom_step0_s_20260527_16,287e1d0f3dfc456490801e8841185f8c,0.069,,,
800,2026-05-27,SZ300413,0.002588317373935596,EXP_DEnsembleModel_Alpha158_csi300_custom_step0_s_20260527_16,287e1d0f3dfc456490801e8841185f8c,0.069,,,
801,2026-05-27,SZ300408,-0.21759807773474368,EXP_DEnsembleModel_Alpha158_csi300_custom_step0_s_20260527_16,287e1d0f3dfc456490801e8841185f8c,0.069,,,
802,2026-05-27,SZ300394,0.016707099106883075,EXP_DEnsembleModel_Alpha158_csi300_custom_step0_s_20260527_16,287e1d0f3dfc456490801e8841185f8c,0.069,,,
803,2026-05-27,SZ300347,0.04230017191890484,EXP_DEnsembleModel_Alpha158_csi300_custom_step0_s_20260527_16,287e1d0f3dfc456490801e8841185f8c,0.069,,,
804,2026-05-27,SZ300442,-0.12054116237025948,EXP_DEnsembleModel_Alpha158_csi300_custom_step0_s_20260527_16,287e1d0f3dfc456490801e8841185f8c,0.069,,,
805,2026-05-27,SZ002625,-0.019718298263998315,EXP_DEnsembleModel_Alpha158_csi300_custom_step0_s_20260527_16,287e1d0f3dfc456490801e8841185f8c,0.069,,,
806,2026-05-27,SZ002601,0.04367275955854245,EXP_DEnsembleModel_Alpha158_csi300_custom_step0_s_20260527_16,287e1d0f3dfc456490801e8841185f8c,0.069,,,
807,2026-05-27,SZ002600,-0.08715300122936136,EXP_DEnsembleModel_Alpha158_csi300_custom_step0_s_20260527_16,287e1d0f3dfc456490801e8841185f8c,0.069,,,
808,2026-05-27,SZ002179,-0.022527006824267375,EXP_DEnsembleModel_Alpha158_csi300_custom_step0_s_20260527_16,287e1d0f3dfc456490801e8841185f8c,0.069,,,
809,2026-05-27,SZ002142,0.04020351245046892,EXP_DEnsembleModel_Alpha158_csi300_custom_step0_s_20260527_16,287e1d0f3dfc456490801e8841185f8c,0.069,,,
810,2026-05-27,SZ002074,-0.12085943950268284,EXP_DEnsembleModel_Alpha158_csi300_custom_step0_s_20260527_16,287e1d0f3dfc456490801e8841185f8c,0.069,,,
811,2026-05-27,SZ002050,-0.0456223847374515,EXP_DEnsembleModel_Alpha158_csi300_custom_step0_s_20260527_16,287e1d0f3dfc456490801e8841185f8c,0.069,,,
812,2026-05-27,SZ002049,-0.10461985584154121,EXP_DEnsembleModel_Alpha158_csi300_custom_step0_s_20260527_16,287e1d0f3dfc456490801e8841185f8c,0.069,,,
813,2026-05-27,SZ002028,-0.007362066844833722,EXP_DEnsembleModel_Alpha158_csi300_custom_step0_s_20260527_16,287e1d0f3dfc456490801e8841185f8c,0.069,,,
814,2026-05-27,SZ002230,-0.04397516588532449,EXP_DEnsembleModel_Alpha158_csi300_custom_step0_s_20260527_16,287e1d0f3dfc456490801e8841185f8c,0.069,,,
815,2026-05-27,SZ002027,0.0471481371060639,EXP_DEnsembleModel_Alpha158_csi300_custom_step0_s_20260527_16,287e1d0f3dfc456490801e8841185f8c,0.069,,,
816,2026-05-27,SZ001979,-0.10961588745470377,EXP_DEnsembleModel_Alpha158_csi300_custom_step0_s_20260527_16,287e1d0f3dfc456490801e8841185f8c,0.069,,,
817,2026-05-27,SZ001965,0.06965983735305505,EXP_DEnsembleModel_Alpha158_csi300_custom_step0_s_20260527_16,287e1d0f3dfc456490801e8841185f8c,0.069,,,
818,2026-05-27,SZ001391,-0.005917288125680426,EXP_DEnsembleModel_Alpha158_csi300_custom_step0_s_20260527_16,287e1d0f3dfc456490801e8841185f8c,0.069,,,
819,2026-05-27,SZ000999,-0.056107336922382955,EXP_DEnsembleModel_Alpha158_csi300_custom_step0_s_20260527_16,287e1d0f3dfc456490801e8841185f8c,0.069,,,
820,2026-05-27,SZ000983,-0.06740300345263722,EXP_DEnsembleModel_Alpha158_csi300_custom_step0_s_20260527_16,287e1d0f3dfc456490801e8841185f8c,0.069,,,
821,2026-05-27,SZ000977,-0.06610539652059659,EXP_DEnsembleModel_Alpha158_csi300_custom_step0_s_20260527_16,287e1d0f3dfc456490801e8841185f8c,0.069,,,
822,2026-05-27,SZ002001,0.005721684817565638,EXP_DEnsembleModel_Alpha158_csi300_custom_step0_s_20260527_16,287e1d0f3dfc456490801e8841185f8c,0.069,,,
823,2026-05-27,SH601698,-0.04073044738871529,EXP_DEnsembleModel_Alpha158_csi300_custom_step0_s_20260527_16,1533894b095b4e568375f945f4c76702,0.082,,,
824,2026-05-27,SZ002236,0.005795114820026569,EXP_DEnsembleModel_Alpha158_csi300_custom_step0_s_20260527_16,287e1d0f3dfc456490801e8841185f8c,0.069,,,
825,2026-05-27,SZ002252,0.023814953708601812,EXP_DEnsembleModel_Alpha158_csi300_custom_step0_s_20260527_16,287e1d0f3dfc456490801e8841185f8c,0.069,,,
826,2026-05-27,SZ002594,-0.005979669231987052,EXP_DEnsembleModel_Alpha158_csi300_custom_step0_s_20260527_16,287e1d0f3dfc456490801e8841185f8c,0.069,,,
827,2026-05-27,SZ002493,-0.07605369683754866,EXP_DEnsembleModel_Alpha158_csi300_custom_step0_s_20260527_16,287e1d0f3dfc456490801e8841185f8c,0.069,,,
828,2026-05-27,SZ002475,-0.21496334488411553,EXP_DEnsembleModel_Alpha158_csi300_custom_step0_s_20260527_16,287e1d0f3dfc456490801e8841185f8c,0.069,,,
829,2026-05-27,SZ002466,0.020886665590947318,EXP_DEnsembleModel_Alpha158_csi300_custom_step0_s_20260527_16,287e1d0f3dfc456490801e8841185f8c,0.069,,,
830,2026-05-27,SZ002463,-0.2449043296778314,EXP_DEnsembleModel_Alpha158_csi300_custom_step0_s_20260527_16,287e1d0f3dfc456490801e8841185f8c,0.069,,,
831,2026-05-27,SZ002460,-0.07191013348932955,EXP_DEnsembleModel_Alpha158_csi300_custom_step0_s_20260527_16,287e1d0f3dfc456490801e8841185f8c,0.069,,,
832,2026-05-27,SZ002241,0.07594364411816408,EXP_DEnsembleModel_Alpha158_csi300_custom_step0_s_20260527_16,287e1d0f3dfc456490801e8841185f8c,0.069,,,
833,2026-05-27,SZ002459,-0.044989101369207134,EXP_DEnsembleModel_Alpha158_csi300_custom_step0_s_20260527_16,287e1d0f3dfc456490801e8841185f8c,0.069,,,
834,2026-05-27,SZ002415,0.0003537312941529921,EXP_DEnsembleModel_Alpha158_csi300_custom_step0_s_20260527_16,287e1d0f3dfc456490801e8841185f8c,0.069,,,
835,2026-05-27,SZ002384,0.0121462106730156,EXP_DEnsembleModel_Alpha158_csi300_custom_step0_s_20260527_16,287e1d0f3dfc456490801e8841185f8c,0.069,,,
836,2026-05-27,SZ002371,0.023810914405453437,EXP_DEnsembleModel_Alpha158_csi300_custom_step0_s_20260527_16,287e1d0f3dfc456490801e8841185f8c,0.069,,,
837,2026-05-27,SZ002352,0.07529539148294366,EXP_DEnsembleModel_Alpha158_csi300_custom_step0_s_20260527_16,287e1d0f3dfc456490801e8841185f8c,0.069,,,
838,2026-05-27,SZ002311,0.05333789184703573,EXP_DEnsembleModel_Alpha158_csi300_custom_step0_s_20260527_16,287e1d0f3dfc456490801e8841185f8c,0.069,,,
839,2026-05-27,SZ002304,-0.05245681195421053,EXP_DEnsembleModel_Alpha158_csi300_custom_step0_s_20260527_16,287e1d0f3dfc456490801e8841185f8c,0.069,,,
840,2026-05-27,SZ002422,-0.14751944312775142,EXP_DEnsembleModel_Alpha158_csi300_custom_step0_s_20260527_16,287e1d0f3dfc456490801e8841185f8c,0.069,,,
841,2026-05-27,SH601728,-0.0640074297184551,EXP_DEnsembleModel_Alpha158_csi300_custom_step0_s_20260527_16,1533894b095b4e568375f945f4c76702,0.082,,,
842,2026-05-27,SH601766,0.06327163474090423,EXP_DEnsembleModel_Alpha158_csi300_custom_step0_s_20260527_16,1533894b095b4e568375f945f4c76702,0.082,,,
843,2026-05-27,SH601788,-0.015384919030138345,EXP_DEnsembleModel_Alpha158_csi300_custom_step0_s_20260527_16,1533894b095b4e568375f945f4c76702,0.082,,,
844,2026-05-27,SH600025,-0.05991083693406379,EXP_DEnsembleModel_Alpha158_csi300_custom_step0_s_20260527_16,4d1cea3c5b0c48958c0e312bb9119907,0.043,,,
845,2026-05-27,SH600026,0.07222345395558136,EXP_DEnsembleModel_Alpha158_csi300_custom_step0_s_20260527_16,4d1cea3c5b0c48958c0e312bb9119907,0.043,,,
846,2026-05-27,SH600027,0.0681912692637867,EXP_DEnsembleModel_Alpha158_csi300_custom_step0_s_20260527_16,4d1cea3c5b0c48958c0e312bb9119907,0.043,,,
847,2026-05-27,SH600028,0.09652923498014353,EXP_DEnsembleModel_Alpha158_csi300_custom_step0_s_20260527_16,4d1cea3c5b0c48958c0e312bb9119907,0.043,,,
848,2026-05-27,SH600029,-0.015602535636086374,EXP_DEnsembleModel_Alpha158_csi300_custom_step0_s_20260527_16,4d1cea3c5b0c48958c0e312bb9119907,0.043,,,
849,2026-05-27,SH600030,-0.019873021203304923,EXP_DEnsembleModel_Alpha158_csi300_custom_step0_s_20260527_16,4d1cea3c5b0c48958c0e312bb9119907,0.043,,,
850,2026-05-27,SH600031,0.06853921261275252,EXP_DEnsembleModel_Alpha158_csi300_custom_step0_s_20260527_16,4d1cea3c5b0c48958c0e312bb9119907,0.043,,,
851,2026-05-27,SH600036,-0.11236163184333553,EXP_DEnsembleModel_Alpha158_csi300_custom_step0_s_20260527_16,4d1cea3c5b0c48958c0e312bb9119907,0.043,,,
852,2026-05-27,SH600039,0.022586073005006313,EXP_DEnsembleModel_Alpha158_csi300_custom_step0_s_20260527_16,4d1cea3c5b0c48958c0e312bb9119907,0.043,,,
853,2026-05-27,SH600048,0.011044733887194838,EXP_DEnsembleModel_Alpha158_csi300_custom_step0_s_20260527_16,4d1cea3c5b0c48958c0e312bb9119907,0.043,,,
854,2026-05-27,SH600050,-0.03055094120236735,EXP_DEnsembleModel_Alpha158_csi300_custom_step0_s_20260527_16,4d1cea3c5b0c48958c0e312bb9119907,0.043,,,
855,2026-05-27,SH600061,0.015476041052617365,EXP_DEnsembleModel_Alpha158_csi300_custom_step0_s_20260527_16,4d1cea3c5b0c48958c0e312bb9119907,0.043,,,
856,2026-05-27,SH600066,0.008646369299809291,EXP_DEnsembleModel_Alpha158_csi300_custom_step0_s_20260527_16,4d1cea3c5b0c48958c0e312bb9119907,0.043,,,
857,2026-05-27,SH600085,-0.019065837889242408,EXP_DEnsembleModel_Alpha158_csi300_custom_step0_s_20260527_16,4d1cea3c5b0c48958c0e312bb9119907,0.043,,,
858,2026-05-27,SH600089,0.0623626661203724,EXP_DEnsembleModel_Alpha158_csi300_custom_step0_s_20260527_16,4d1cea3c5b0c48958c0e312bb9119907,0.043,,,
859,2026-05-27,SH600104,-0.08110184311524155,EXP_DEnsembleModel_Alpha158_csi300_custom_step0_s_20260527_16,4d1cea3c5b0c48958c0e312bb9119907,0.043,,,
860,2026-05-27,SH600111,0.07114477914494985,EXP_DEnsembleModel_Alpha158_csi300_custom_step0_s_20260527_16,4d1cea3c5b0c48958c0e312bb9119907,0.043,,,
861,2026-05-27,SH600362,0.1246241923170237,EXP_DEnsembleModel_Alpha158_csi300_custom_step0_s_20260527_16,4d1cea3c5b0c48958c0e312bb9119907,0.043,,,
862,2026-05-27,SH600346,0.19893962731998566,EXP_DEnsembleModel_Alpha158_csi300_custom_step0_s_20260527_16,4d1cea3c5b0c48958c0e312bb9119907,0.043,,,
863,2026-05-27,SH600309,0.041953575956682365,EXP_DEnsembleModel_Alpha158_csi300_custom_step0_s_20260527_16,4d1cea3c5b0c48958c0e312bb9119907,0.043,,,
864,2026-05-27,SH600276,-0.05544978061116207,EXP_DEnsembleModel_Alpha158_csi300_custom_step0_s_20260527_16,4d1cea3c5b0c48958c0e312bb9119907,0.043,,,
865,2026-05-27,SH600233,0.05324452903359415,EXP_DEnsembleModel_Alpha158_csi300_custom_step0_s_20260527_16,4d1cea3c5b0c48958c0e312bb9119907,0.043,,,
866,2026-05-27,SH600219,-0.130383981031483,EXP_DEnsembleModel_Alpha158_csi300_custom_step0_s_20260527_16,4d1cea3c5b0c48958c0e312bb9119907,0.043,,,
867,2026-05-27,SH600023,0.02429344620295746,EXP_DEnsembleModel_Alpha158_csi300_custom_step0_s_20260527_16,4d1cea3c5b0c48958c0e312bb9119907,0.043,,,
868,2026-05-27,SH600196,-0.03710377960141066,EXP_DEnsembleModel_Alpha158_csi300_custom_step0_s_20260527_16,4d1cea3c5b0c48958c0e312bb9119907,0.043,,,
869,2026-05-27,SH600183,-0.10682373075844188,EXP_DEnsembleModel_Alpha158_csi300_custom_step0_s_20260527_16,4d1cea3c5b0c48958c0e312bb9119907,0.043,,,
870,2026-05-27,SH600176,0.06496072628395701,EXP_DEnsembleModel_Alpha158_csi300_custom_step0_s_20260527_16,4d1cea3c5b0c48958c0e312bb9119907,0.043,,,
871,2026-05-27,SH600161,-0.0642363856041624,EXP_DEnsembleModel_Alpha158_csi300_custom_step0_s_20260527_16,4d1cea3c5b0c48958c0e312bb9119907,0.043,,,
872,2026-05-27,SH600160,0.06428396801772839,EXP_DEnsembleModel_Alpha158_csi300_custom_step0_s_20260527_16,4d1cea3c5b0c48958c0e312bb9119907,0.043,,,
873,2026-05-27,SH600150,0.4395153252636757,EXP_DEnsembleModel_Alpha158_csi300_custom_step0_s_20260527_16,4d1cea3c5b0c48958c0e312bb9119907,0.043,,,
874,2026-05-27,SH600115,0.031471368992622296,EXP_DEnsembleModel_Alpha158_csi300_custom_step0_s_20260527_16,4d1cea3c5b0c48958c0e312bb9119907,0.043,,,
875,2026-05-27,SH600188,-0.08589180735814121,EXP_DEnsembleModel_Alpha158_csi300_custom_step0_s_20260527_16,4d1cea3c5b0c48958c0e312bb9119907,0.043,,,
876,2026-05-27,SH600372,0.14622835741813775,EXP_DEnsembleModel_Alpha158_csi300_custom_step0_s_20260527_16,4d1cea3c5b0c48958c0e312bb9119907,0.043,,,
877,2026-05-27,SH600019,-0.036678441646803624,EXP_DEnsembleModel_Alpha158_csi300_custom_step0_s_20260527_16,4d1cea3c5b0c48958c0e312bb9119907,0.043,,,
878,2026-05-27,SH600016,-0.132018852271243,EXP_DEnsembleModel_Alpha158_csi300_custom_step0_s_20260527_16,4d1cea3c5b0c48958c0e312bb9119907,0.043,,,
879,2026-05-27,SZ300316,-0.012680480076329327,EXP_DEnsembleModel_Alpha158_csi300_custom_step0_s_20260527_16,1533894b095b4e568375f945f4c76702,0.082,,,
880,2026-05-27,SZ300347,0.016033083814102855,EXP_DEnsembleModel_Alpha158_csi300_custom_step0_s_20260527_16,1533894b095b4e568375f945f4c76702,0.082,,,
881,2026-05-27,SZ300394,0.05344728280777164,EXP_DEnsembleModel_Alpha158_csi300_custom_step0_s_20260527_16,1533894b095b4e568375f945f4c76702,0.082,,,
882,2026-05-27,SZ300408,-0.1413865557664363,EXP_DEnsembleModel_Alpha158_csi300_custom_step0_s_20260527_16,1533894b095b4e568375f945f4c76702,0.082,,,
883,2026-05-27,SZ300413,0.014920249758378168,EXP_DEnsembleModel_Alpha158_csi300_custom_step0_s_20260527_16,1533894b095b4e568375f945f4c76702,0.082,,,
884,2026-05-27,SZ300418,-0.05717197578744321,EXP_DEnsembleModel_Alpha158_csi300_custom_step0_s_20260527_16,1533894b095b4e568375f945f4c76702,0.082,,,
885,2026-05-27,SZ300433,-0.1557803474517791,EXP_DEnsembleModel_Alpha158_csi300_custom_step0_s_20260527_16,1533894b095b4e568375f945f4c76702,0.082,,,
886,2026-05-27,SZ300442,-0.15506202274061373,EXP_DEnsembleModel_Alpha158_csi300_custom_step0_s_20260527_16,1533894b095b4e568375f945f4c76702,0.082,,,
887,2026-05-27,SZ300476,-0.14128050298785486,EXP_DEnsembleModel_Alpha158_csi300_custom_step0_s_20260527_16,1533894b095b4e568375f945f4c76702,0.082,,,
888,2026-05-27,SZ300498,0.02790859448687646,EXP_DEnsembleModel_Alpha158_csi300_custom_step0_s_20260527_16,1533894b095b4e568375f945f4c76702,0.082,,,
889,2026-05-27,SZ300502,-0.06586274239378445,EXP_DEnsembleModel_Alpha158_csi300_custom_step0_s_20260527_16,1533894b095b4e568375f945f4c76702,0.082,,,
890,2026-05-27,SZ300628,0.08404240920472382,EXP_DEnsembleModel_Alpha158_csi300_custom_step0_s_20260527_16,1533894b095b4e568375f945f4c76702,0.082,,,
891,2026-05-27,SZ300661,0.0920062654096634,EXP_DEnsembleModel_Alpha158_csi300_custom_step0_s_20260527_16,1533894b095b4e568375f945f4c76702,0.082,,,
892,2026-05-27,SZ300750,0.030288829034213354,EXP_DEnsembleModel_Alpha158_csi300_custom_step0_s_20260527_16,1533894b095b4e568375f945f4c76702,0.082,,,
893,2026-05-27,SZ300759,-0.039784279730677684,EXP_DEnsembleModel_Alpha158_csi300_custom_step0_s_20260527_16,1533894b095b4e568375f945f4c76702,0.082,,,
894,2026-05-27,SZ300760,-0.07951447558985593,EXP_DEnsembleModel_Alpha158_csi300_custom_step0_s_20260527_16,1533894b095b4e568375f945f4c76702,0.082,,,
895,2026-05-27,SZ300782,0.15722200675081577,EXP_DEnsembleModel_Alpha158_csi300_custom_step0_s_20260527_16,1533894b095b4e568375f945f4c76702,0.082,,,
896,2026-05-27,SH600015,-0.1296895890021123,EXP_DEnsembleModel_Alpha158_csi300_custom_step0_s_20260527_16,4d1cea3c5b0c48958c0e312bb9119907,0.043,,,
897,2026-05-27,SH600011,0.11425710061100278,EXP_DEnsembleModel_Alpha158_csi300_custom_step0_s_20260527_16,4d1cea3c5b0c48958c0e312bb9119907,0.043,,,
898,2026-05-27,SH600010,0.1285203993989851,EXP_DEnsembleModel_Alpha158_csi300_custom_step0_s_20260527_16,4d1cea3c5b0c48958c0e312bb9119907,0.043,,,
899,2026-05-27,SH600009,0.0720067273550343,EXP_DEnsembleModel_Alpha158_csi300_custom_step0_s_20260527_16,4d1cea3c5b0c48958c0e312bb9119907,0.043,,,
900,2026-05-27,SH600000,-0.04606103019677378,EXP_DEnsembleModel_Alpha158_csi300_custom_step0_s_20260527_16,4d1cea3c5b0c48958c0e312bb9119907,0.043,,,
901,2026-05-27,SZ302132,-0.14382305336063622,EXP_DEnsembleModel_Alpha158_csi300_custom_step0_s_20260527_16,1533894b095b4e568375f945f4c76702,0.082,,,
902,2026-05-27,SH600018,-0.0369941401092392,EXP_DEnsembleModel_Alpha158_csi300_custom_step0_s_20260527_16,4d1cea3c5b0c48958c0e312bb9119907,0.043,,,
903,2026-05-27,SZ301269,-0.06840086138449457,EXP_DEnsembleModel_Alpha158_csi300_custom_step0_s_20260527_16,1533894b095b4e568375f945f4c76702,0.082,,,
904,2026-05-27,SZ300999,-0.08139861521105926,EXP_DEnsembleModel_Alpha158_csi300_custom_step0_s_20260527_16,1533894b095b4e568375f945f4c76702,0.082,,,
905,2026-05-27,SZ300979,0.039632351357975125,EXP_DEnsembleModel_Alpha158_csi300_custom_step0_s_20260527_16,1533894b095b4e568375f945f4c76702,0.082,,,
906,2026-05-27,SZ300896,0.02117240498064404,EXP_DEnsembleModel_Alpha158_csi300_custom_step0_s_20260527_16,1533894b095b4e568375f945f4c76702,0.082,,,
907,2026-05-27,SZ300866,-0.0892526516887304,EXP_DEnsembleModel_Alpha158_csi300_custom_step0_s_20260527_16,1533894b095b4e568375f945f4c76702,0.082,,,
908,2026-05-27,SZ300832,-0.13662754416278577,EXP_DEnsembleModel_Alpha158_csi300_custom_step0_s_20260527_16,1533894b095b4e568375f945f4c76702,0.082,,,
909,2026-05-27,SZ300803,-0.1084386508397168,EXP_DEnsembleModel_Alpha158_csi300_custom_step0_s_20260527_16,1533894b095b4e568375f945f4c76702,0.082,,,
910,2026-05-27,SZ301236,-0.22194301534652597,EXP_DEnsembleModel_Alpha158_csi300_custom_step0_s_20260527_16,1533894b095b4e568375f945f4c76702,0.082,,,
911,2026-05-27,SH600377,0.026969458877416832,EXP_DEnsembleModel_Alpha158_csi300_custom_step0_s_20260527_16,4d1cea3c5b0c48958c0e312bb9119907,0.043,,,
912,2026-05-27,SH600406,0.021120944065754144,EXP_DEnsembleModel_Alpha158_csi300_custom_step0_s_20260527_16,4d1cea3c5b0c48958c0e312bb9119907,0.043,,,
913,2026-05-27,SH600415,0.10358197125751398,EXP_DEnsembleModel_Alpha158_csi300_custom_step0_s_20260527_16,4d1cea3c5b0c48958c0e312bb9119907,0.043,,,
914,2026-05-27,SH600958,-0.016208517959417492,EXP_DEnsembleModel_Alpha158_csi300_custom_step0_s_20260527_16,4d1cea3c5b0c48958c0e312bb9119907,0.043,,,
915,2026-05-27,SH600989,0.3148369809505862,EXP_DEnsembleModel_Alpha158_csi300_custom_step0_s_20260527_16,4d1cea3c5b0c48958c0e312bb9119907,0.043,,,
916,2026-05-27,SH600999,0.04506814896521855,EXP_DEnsembleModel_Alpha158_csi300_custom_step0_s_20260527_16,4d1cea3c5b0c48958c0e312bb9119907,0.043,,,
917,2026-05-27,SH601006,-0.07389991579367634,EXP_DEnsembleModel_Alpha158_csi300_custom_step0_s_20260527_16,4d1cea3c5b0c48958c0e312bb9119907,0.043,,,
918,2026-05-27,SH601009,-0.10502135991014591,EXP_DEnsembleModel_Alpha158_csi300_custom_step0_s_20260527_16,4d1cea3c5b0c48958c0e312bb9119907,0.043,,,
919,2026-05-27,SH601012,0.13262823917987263,EXP_DEnsembleModel_Alpha158_csi300_custom_step0_s_20260527_16,4d1cea3c5b0c48958c0e312bb9119907,0.043,,,
920,2026-05-27,SH601018,-0.09790749492191002,EXP_DEnsembleModel_Alpha158_csi300_custom_step0_s_20260527_16,4d1cea3c5b0c48958c0e312bb9119907,0.043,,,
921,2026-05-27,SH601021,-0.02607288556113373,EXP_DEnsembleModel_Alpha158_csi300_custom_step0_s_20260527_16,4d1cea3c5b0c48958c0e312bb9119907,0.043,,,
922,2026-05-27,SH601058,0.01445379608620589,EXP_DEnsembleModel_Alpha158_csi300_custom_step0_s_20260527_16,4d1cea3c5b0c48958c0e312bb9119907,0.043,,,
923,2026-05-27,SH601059,0.0020587893027323727,EXP_DEnsembleModel_Alpha158_csi300_custom_step0_s_20260527_16,4d1cea3c5b0c48958c0e312bb9119907,0.043,,,
924,2026-05-27,SH601066,-0.020096730547171066,EXP_DEnsembleModel_Alpha158_csi300_custom_step0_s_20260527_16,4d1cea3c5b0c48958c0e312bb9119907,0.043,,,
925,2026-05-27,SH601077,-0.10597510204120049,EXP_DEnsembleModel_Alpha158_csi300_custom_step0_s_20260527_16,4d1cea3c5b0c48958c0e312bb9119907,0.043,,,
926,2026-05-27,SH601088,-0.09895511674155036,EXP_DEnsembleModel_Alpha158_csi300_custom_step0_s_20260527_16,4d1cea3c5b0c48958c0e312bb9119907,0.043,,,
927,2026-05-27,SH601100,0.10974844066273348,EXP_DEnsembleModel_Alpha158_csi300_custom_step0_s_20260527_16,4d1cea3c5b0c48958c0e312bb9119907,0.043,,,
928,2026-05-27,SH601111,-0.01917417453141871,EXP_DEnsembleModel_Alpha158_csi300_custom_step0_s_20260527_16,4d1cea3c5b0c48958c0e312bb9119907,0.043,,,
929,2026-05-27,SH601117,-0.06551805678748991,EXP_DEnsembleModel_Alpha158_csi300_custom_step0_s_20260527_16,4d1cea3c5b0c48958c0e312bb9119907,0.043,,,
930,2026-05-27,SH601127,0.004230062159316654,EXP_DEnsembleModel_Alpha158_csi300_custom_step0_s_20260527_16,4d1cea3c5b0c48958c0e312bb9119907,0.043,,,
931,2026-05-27,SH601319,-0.08011974505718986,EXP_DEnsembleModel_Alpha158_csi300_custom_step0_s_20260527_16,4d1cea3c5b0c48958c0e312bb9119907,0.043,,,
932,2026-05-27,SH601318,-0.07854193119569917,EXP_DEnsembleModel_Alpha158_csi300_custom_step0_s_20260527_16,4d1cea3c5b0c48958c0e312bb9119907,0.043,,,
933,2026-05-27,SH601298,0.03209531847745794,EXP_DEnsembleModel_Alpha158_csi300_custom_step0_s_20260527_16,4d1cea3c5b0c48958c0e312bb9119907,0.043,,,
934,2026-05-27,SH601288,-0.13306244419841384,EXP_DEnsembleModel_Alpha158_csi300_custom_step0_s_20260527_16,4d1cea3c5b0c48958c0e312bb9119907,0.043,,,
935,2026-05-27,SH601238,-0.03350013025109641,EXP_DEnsembleModel_Alpha158_csi300_custom_step0_s_20260527_16,4d1cea3c5b0c48958c0e312bb9119907,0.043,,,
936,2026-05-27,SH601236,-0.07572619241344324,EXP_DEnsembleModel_Alpha158_csi300_custom_step0_s_20260527_16,4d1cea3c5b0c48958c0e312bb9119907,0.043,,,
937,2026-05-27,SH600941,0.004671039682729592,EXP_DEnsembleModel_Alpha158_csi300_custom_step0_s_20260527_16,4d1cea3c5b0c48958c0e312bb9119907,0.043,,,
938,2026-05-27,SH601229,-0.12897460794742827,EXP_DEnsembleModel_Alpha158_csi300_custom_step0_s_20260527_16,4d1cea3c5b0c48958c0e312bb9119907,0.043,,,
939,2026-05-27,SH601211,-0.06586968146036827,EXP_DEnsembleModel_Alpha158_csi300_custom_step0_s_20260527_16,4d1cea3c5b0c48958c0e312bb9119907,0.043,,,
940,2026-05-27,SH601186,-0.09264538661356887,EXP_DEnsembleModel_Alpha158_csi300_custom_step0_s_20260527_16,4d1cea3c5b0c48958c0e312bb9119907,0.043,,,
941,2026-05-27,SH601169,-0.11424351946749926,EXP_DEnsembleModel_Alpha158_csi300_custom_step0_s_20260527_16,4d1cea3c5b0c48958c0e312bb9119907,0.043,,,
942,2026-05-27,SH601166,-0.032715897267290406,EXP_DEnsembleModel_Alpha158_csi300_custom_step0_s_20260527_16,4d1cea3c5b0c48958c0e312bb9119907,0.043,,,
943,2026-05-27,SH601138,0.38733225031923973,EXP_DEnsembleModel_Alpha158_csi300_custom_step0_s_20260527_16,4d1cea3c5b0c48958c0e312bb9119907,0.043,,,
944,2026-05-27,SH601136,-0.04484395426248838,EXP_DEnsembleModel_Alpha158_csi300_custom_step0_s_20260527_16,4d1cea3c5b0c48958c0e312bb9119907,0.043,,,
945,2026-05-27,SH601225,-0.12128068761432552,EXP_DEnsembleModel_Alpha158_csi300_custom_step0_s_20260527_16,4d1cea3c5b0c48958c0e312bb9119907,0.043,,,
946,2026-05-27,SH600938,0.04161873687519105,EXP_DEnsembleModel_Alpha158_csi300_custom_step0_s_20260527_16,4d1cea3c5b0c48958c0e312bb9119907,0.043,,,
947,2026-05-27,SH600930,0.016943176919112082,EXP_DEnsembleModel_Alpha158_csi300_custom_step0_s_20260527_16,4d1cea3c5b0c48958c0e312bb9119907,0.043,,,
948,2026-05-27,SH600926,-0.10473470916400868,EXP_DEnsembleModel_Alpha158_csi300_custom_step0_s_20260527_16,4d1cea3c5b0c48958c0e312bb9119907,0.043,,,
949,2026-05-27,SH600588,0.167402829575141,EXP_DEnsembleModel_Alpha158_csi300_custom_step0_s_20260527_16,4d1cea3c5b0c48958c0e312bb9119907,0.043,,,
950,2026-05-27,SH600585,-0.07513410760480996,EXP_DEnsembleModel_Alpha158_csi300_custom_step0_s_20260527_16,4d1cea3c5b0c48958c0e312bb9119907,0.043,,,
951,2026-05-27,SH600584,-0.2774507441915129,EXP_DEnsembleModel_Alpha158_csi300_custom_step0_s_20260527_16,4d1cea3c5b0c48958c0e312bb9119907,0.043,,,
952,2026-05-27,SH600570,-0.022015553957609662,EXP_DEnsembleModel_Alpha158_csi300_custom_step0_s_20260527_16,4d1cea3c5b0c48958c0e312bb9119907,0.043,,,
953,2026-05-27,SH600547,0.1540132967651821,EXP_DEnsembleModel_Alpha158_csi300_custom_step0_s_20260527_16,4d1cea3c5b0c48958c0e312bb9119907,0.043,,,
954,2026-05-27,SH600522,0.2999493236221415,EXP_DEnsembleModel_Alpha158_csi300_custom_step0_s_20260527_16,4d1cea3c5b0c48958c0e312bb9119907,0.043,,,
955,2026-05-27,SH600600,-0.020181726194307286,EXP_DEnsembleModel_Alpha158_csi300_custom_step0_s_20260527_16,4d1cea3c5b0c48958c0e312bb9119907,0.043,,,
956,2026-05-27,SH600519,-0.009840358044136991,EXP_DEnsembleModel_Alpha158_csi300_custom_step0_s_20260527_16,4d1cea3c5b0c48958c0e312bb9119907,0.043,,,
957,2026-05-27,SH600489,0.2148563974594104,EXP_DEnsembleModel_Alpha158_csi300_custom_step0_s_20260527_16,4d1cea3c5b0c48958c0e312bb9119907,0.043,,,
958,2026-05-27,SH600482,0.054447964720591706,EXP_DEnsembleModel_Alpha158_csi300_custom_step0_s_20260527_16,4d1cea3c5b0c48958c0e312bb9119907,0.043,,,
959,2026-05-27,SH600460,-0.0031837810645371782,EXP_DEnsembleModel_Alpha158_csi300_custom_step0_s_20260527_16,4d1cea3c5b0c48958c0e312bb9119907,0.043,,,
960,2026-05-27,SH600438,0.12067615491302384,EXP_DEnsembleModel_Alpha158_csi300_custom_step0_s_20260527_16,4d1cea3c5b0c48958c0e312bb9119907,0.043,,,
961,2026-05-27,SH600436,0.04287534375358322,EXP_DEnsembleModel_Alpha158_csi300_custom_step0_s_20260527_16,4d1cea3c5b0c48958c0e312bb9119907,0.043,,,
962,2026-05-27,SH600426,0.31510864742268585,EXP_DEnsembleModel_Alpha158_csi300_custom_step0_s_20260527_16,4d1cea3c5b0c48958c0e312bb9119907,0.043,,,
963,2026-05-27,SH600515,-0.05492569903565812,EXP_DEnsembleModel_Alpha158_csi300_custom_step0_s_20260527_16,4d1cea3c5b0c48958c0e312bb9119907,0.043,,,
964,2026-05-27,SZ300308,0.14735665255683578,EXP_DEnsembleModel_Alpha158_csi300_custom_step0_s_20260527_16,1533894b095b4e568375f945f4c76702,0.082,,,
965,2026-05-27,SH600660,-0.06155132384041052,EXP_DEnsembleModel_Alpha158_csi300_custom_step0_s_20260527_16,4d1cea3c5b0c48958c0e312bb9119907,0.043,,,
966,2026-05-27,SH600690,-0.015825127483397674,EXP_DEnsembleModel_Alpha158_csi300_custom_step0_s_20260527_16,4d1cea3c5b0c48958c0e312bb9119907,0.043,,,
967,2026-05-27,SH600919,0.0063954218137209735,EXP_DEnsembleModel_Alpha158_csi300_custom_step0_s_20260527_16,4d1cea3c5b0c48958c0e312bb9119907,0.043,,,
968,2026-05-27,SH600918,-0.025434673856054562,EXP_DEnsembleModel_Alpha158_csi300_custom_step0_s_20260527_16,4d1cea3c5b0c48958c0e312bb9119907,0.043,,,
969,2026-05-27,SH600905,-0.03979703496318019,EXP_DEnsembleModel_Alpha158_csi300_custom_step0_s_20260527_16,4d1cea3c5b0c48958c0e312bb9119907,0.043,,,
970,2026-05-27,SH600900,-0.06598118975717392,EXP_DEnsembleModel_Alpha158_csi300_custom_step0_s_20260527_16,4d1cea3c5b0c48958c0e312bb9119907,0.043,,,
971,2026-05-27,SH600893,0.07518226083637027,EXP_DEnsembleModel_Alpha158_csi300_custom_step0_s_20260527_16,4d1cea3c5b0c48958c0e312bb9119907,0.043,,,
972,2026-05-27,SH600887,0.1099566217503363,EXP_DEnsembleModel_Alpha158_csi300_custom_step0_s_20260527_16,4d1cea3c5b0c48958c0e312bb9119907,0.043,,,
973,2026-05-27,SH600674,-0.013116708900256952,EXP_DEnsembleModel_Alpha158_csi300_custom_step0_s_20260527_16,4d1cea3c5b0c48958c0e312bb9119907,0.043,,,
974,2026-05-27,SH600886,-0.061207255452628645,EXP_DEnsembleModel_Alpha158_csi300_custom_step0_s_20260527_16,4d1cea3c5b0c48958c0e312bb9119907,0.043,,,
975,2026-05-27,SH600845,0.038292917268958906,EXP_DEnsembleModel_Alpha158_csi300_custom_step0_s_20260527_16,4d1cea3c5b0c48958c0e312bb9119907,0.043,,,
976,2026-05-27,SH600809,0.10490806662010024,EXP_DEnsembleModel_Alpha158_csi300_custom_step0_s_20260527_16,4d1cea3c5b0c48958c0e312bb9119907,0.043,,,
977,2026-05-27,SH600803,0.0010028203485357662,EXP_DEnsembleModel_Alpha158_csi300_custom_step0_s_20260527_16,4d1cea3c5b0c48958c0e312bb9119907,0.043,,,
978,2026-05-27,SH600795,0.027783876145394234,EXP_DEnsembleModel_Alpha158_csi300_custom_step0_s_20260527_16,4d1cea3c5b0c48958c0e312bb9119907,0.043,,,
979,2026-05-27,SH600760,0.057055490642864845,EXP_DEnsembleModel_Alpha158_csi300_custom_step0_s_20260527_16,4d1cea3c5b0c48958c0e312bb9119907,0.043,,,
980,2026-05-27,SH600741,0.00936270520757194,EXP_DEnsembleModel_Alpha158_csi300_custom_step0_s_20260527_16,4d1cea3c5b0c48958c0e312bb9119907,0.043,,,
981,2026-05-27,SH600875,0.10975885686399355,EXP_DEnsembleModel_Alpha158_csi300_custom_step0_s_20260527_16,4d1cea3c5b0c48958c0e312bb9119907,0.043,,,
982,2026-05-27,SH600905,0.014510217122733593,EXP_LinearModel_Alpha158_csi300_custom_step0_s_20260527_16,d90ebb3361784193ab36dea9ca2a0f82,0.1,,,
983,2026-05-27,SZ300274,-0.07727734486708177,EXP_DEnsembleModel_Alpha158_csi300_custom_step0_s_20260527_16,1533894b095b4e568375f945f4c76702,0.082,,,
984,2026-05-27,SZ300124,-0.03982749468414306,EXP_DEnsembleModel_Alpha158_csi300_custom_step0_s_20260527_16,1533894b095b4e568375f945f4c76702,0.082,,,
985,2026-05-27,SH603993,-0.1494648409182143,EXP_DEnsembleModel_Alpha158_csi300_custom_step0_s_20260527_16,1533894b095b4e568375f945f4c76702,0.082,,,
986,2026-05-27,SH605117,-0.14555516526822987,EXP_DEnsembleModel_Alpha158_csi300_custom_step0_s_20260527_16,1533894b095b4e568375f945f4c76702,0.082,,,
987,2026-05-27,SH605499,-0.08376043056972544,EXP_DEnsembleModel_Alpha158_csi300_custom_step0_s_20260527_16,1533894b095b4e568375f945f4c76702,0.082,,,
988,2026-05-27,SH688008,0.028753544210938457,EXP_DEnsembleModel_Alpha158_csi300_custom_step0_s_20260527_16,1533894b095b4e568375f945f4c76702,0.082,,,
989,2026-05-27,SH688009,0.06280411167690123,EXP_DEnsembleModel_Alpha158_csi300_custom_step0_s_20260527_16,1533894b095b4e568375f945f4c76702,0.082,,,
990,2026-05-27,SH688012,0.19927058991949403,EXP_DEnsembleModel_Alpha158_csi300_custom_step0_s_20260527_16,1533894b095b4e568375f945f4c76702,0.082,,,
991,2026-05-27,SH688036,0.006393613516825045,EXP_DEnsembleModel_Alpha158_csi300_custom_step0_s_20260527_16,1533894b095b4e568375f945f4c76702,0.082,,,
992,2026-05-27,SH688041,0.09033673689163882,EXP_DEnsembleModel_Alpha158_csi300_custom_step0_s_20260527_16,1533894b095b4e568375f945f4c76702,0.082,,,
993,2026-05-27,SH688047,0.05414791598709868,EXP_DEnsembleModel_Alpha158_csi300_custom_step0_s_20260527_16,1533894b095b4e568375f945f4c76702,0.082,,,
994,2026-05-27,SH688082,-0.08117591553526697,EXP_DEnsembleModel_Alpha158_csi300_custom_step0_s_20260527_16,1533894b095b4e568375f945f4c76702,0.082,,,
995,2026-05-27,SH688111,-0.1899827555534959,EXP_DEnsembleModel_Alpha158_csi300_custom_step0_s_20260527_16,1533894b095b4e568375f945f4c76702,0.082,,,
996,2026-05-27,SH688126,0.09532645473542958,EXP_DEnsembleModel_Alpha158_csi300_custom_step0_s_20260527_16,1533894b095b4e568375f945f4c76702,0.082,,,
997,2026-05-27,SH688169,-0.18071492176199475,EXP_DEnsembleModel_Alpha158_csi300_custom_step0_s_20260527_16,1533894b095b4e568375f945f4c76702,0.082,,,
998,2026-05-27,SH688187,0.057451502789905365,EXP_DEnsembleModel_Alpha158_csi300_custom_step0_s_20260527_16,1533894b095b4e568375f945f4c76702,0.082,,,
999,2026-05-27,SH688223,-0.1220350641661417,EXP_DEnsembleModel_Alpha158_csi300_custom_step0_s_20260527_16,1533894b095b4e568375f945f4c76702,0.082,,,
1000,2026-05-27,SH688256,0.14842984570222015,EXP_DEnsembleModel_Alpha158_csi300_custom_step0_s_20260527_16,1533894b095b4e568375f945f4c76702,0.082,,,
1001,2026-05-27,SH688271,-0.047421207834512265,EXP_DEnsembleModel_Alpha158_csi300_custom_step0_s_20260527_16,1533894b095b4e568375f945f4c76702,0.082,,,
1002,2026-05-27,SZ000338,0.0005615540400983342,EXP_DEnsembleModel_Alpha158_csi300_custom_step0_s_20260527_16,1533894b095b4e568375f945f4c76702,0.082,,,
1003,2026-05-27,SZ000333,0.02191081527979358,EXP_DEnsembleModel_Alpha158_csi300_custom_step0_s_20260527_16,1533894b095b4e568375f945f4c76702,0.082,,,
1004,2026-05-27,SZ000301,0.0004564549018818706,EXP_DEnsembleModel_Alpha158_csi300_custom_step0_s_20260527_16,1533894b095b4e568375f945f4c76702,0.082,,,
1005,2026-05-27,SZ000166,0.11848923120127182,EXP_DEnsembleModel_Alpha158_csi300_custom_step0_s_20260527_16,1533894b095b4e568375f945f4c76702,0.082,,,
1006,2026-05-27,SZ000157,0.033674081051558155,EXP_DEnsembleModel_Alpha158_csi300_custom_step0_s_20260527_16,1533894b095b4e568375f945f4c76702,0.082,,,
1007,2026-05-27,SZ000100,-0.022700387997036556,EXP_DEnsembleModel_Alpha158_csi300_custom_step0_s_20260527_16,1533894b095b4e568375f945f4c76702,0.082,,,
1008,2026-05-27,SH603986,-0.1674550175840788,EXP_DEnsembleModel_Alpha158_csi300_custom_step0_s_20260527_16,1533894b095b4e568375f945f4c76702,0.082,,,
1009,2026-05-27,SZ000063,0.03978382799532312,EXP_DEnsembleModel_Alpha158_csi300_custom_step0_s_20260527_16,1533894b095b4e568375f945f4c76702,0.082,,,
1010,2026-05-27,SZ000001,0.06395846829190407,EXP_DEnsembleModel_Alpha158_csi300_custom_step0_s_20260527_16,1533894b095b4e568375f945f4c76702,0.082,,,
1011,2026-05-27,SH688981,-0.03130949211390408,EXP_DEnsembleModel_Alpha158_csi300_custom_step0_s_20260527_16,1533894b095b4e568375f945f4c76702,0.082,,,
1012,2026-05-27,SH688506,-0.0852532851153412,EXP_DEnsembleModel_Alpha158_csi300_custom_step0_s_20260527_16,1533894b095b4e568375f945f4c76702,0.082,,,
1013,2026-05-27,SH688472,-0.03692421442043011,EXP_DEnsembleModel_Alpha158_csi300_custom_step0_s_20260527_16,1533894b095b4e568375f945f4c76702,0.082,,,
1014,2026-05-27,SH688396,0.05868496161766439,EXP_DEnsembleModel_Alpha158_csi300_custom_step0_s_20260527_16,1533894b095b4e568375f945f4c76702,0.082,,,
1015,2026-05-27,SH688303,0.02045140651494085,EXP_DEnsembleModel_Alpha158_csi300_custom_step0_s_20260527_16,1533894b095b4e568375f945f4c76702,0.082,,,
1016,2026-05-27,SZ000002,0.030447070512541793,EXP_DEnsembleModel_Alpha158_csi300_custom_step0_s_20260527_16,1533894b095b4e568375f945f4c76702,0.082,,,
1017,2026-05-27,SZ000408,-0.09601829554479156,EXP_DEnsembleModel_Alpha158_csi300_custom_step0_s_20260527_16,1533894b095b4e568375f945f4c76702,0.082,,,
1018,2026-05-27,SH603893,-0.05971651244212325,EXP_DEnsembleModel_Alpha158_csi300_custom_step0_s_20260527_16,1533894b095b4e568375f945f4c76702,0.082,,,
1019,2026-05-27,SH603501,-0.17146478267283016,EXP_DEnsembleModel_Alpha158_csi300_custom_step0_s_20260527_16,1533894b095b4e568375f945f4c76702,0.082,,,
1020,2026-05-27,SH601800,-0.02511112035068867,EXP_DEnsembleModel_Alpha158_csi300_custom_step0_s_20260527_16,1533894b095b4e568375f945f4c76702,0.082,,,
1021,2026-05-27,SH601808,0.03439927921551608,EXP_DEnsembleModel_Alpha158_csi300_custom_step0_s_20260527_16,1533894b095b4e568375f945f4c76702,0.082,,,
1022,2026-05-27,SH601816,0.04805572706340533,EXP_DEnsembleModel_Alpha158_csi300_custom_step0_s_20260527_16,1533894b095b4e568375f945f4c76702,0.082,,,
1023,2026-05-27,SH601818,0.045576557928887235,EXP_DEnsembleModel_Alpha158_csi300_custom_step0_s_20260527_16,1533894b095b4e568375f945f4c76702,0.082,,,
1024,2026-05-27,SH601825,0.05350985049393827,EXP_DEnsembleModel_Alpha158_csi300_custom_step0_s_20260527_16,1533894b095b4e568375f945f4c76702,0.082,,,
1025,2026-05-27,SH601838,0.11818887310070779,EXP_DEnsembleModel_Alpha158_csi300_custom_step0_s_20260527_16,1533894b095b4e568375f945f4c76702,0.082,,,
1026,2026-05-27,SH601857,-0.08196890057522066,EXP_DEnsembleModel_Alpha158_csi300_custom_step0_s_20260527_16,1533894b095b4e568375f945f4c76702,0.082,,,
1027,2026-05-27,SH601868,-0.017892170544108896,EXP_DEnsembleModel_Alpha158_csi300_custom_step0_s_20260527_16,1533894b095b4e568375f945f4c76702,0.082,,,
1028,2026-05-27,SH601872,-0.07988297377031016,EXP_DEnsembleModel_Alpha158_csi300_custom_step0_s_20260527_16,1533894b095b4e568375f945f4c76702,0.082,,,
1029,2026-05-27,SH601877,-0.0883318295699824,EXP_DEnsembleModel_Alpha158_csi300_custom_step0_s_20260527_16,1533894b095b4e568375f945f4c76702,0.082,,,
1030,2026-05-27,SH601878,0.0661882143567415,EXP_DEnsembleModel_Alpha158_csi300_custom_step0_s_20260527_16,1533894b095b4e568375f945f4c76702,0.082,,,
1031,2026-05-27,SH601881,0.09131869076775474,EXP_DEnsembleModel_Alpha158_csi300_custom_step0_s_20260527_16,1533894b095b4e568375f945f4c76702,0.082,,,
1032,2026-05-27,SH601888,0.05670749569934789,EXP_DEnsembleModel_Alpha158_csi300_custom_step0_s_20260527_16,1533894b095b4e568375f945f4c76702,0.082,,,
1033,2026-05-27,SH601898,-0.022850577638735957,EXP_DEnsembleModel_Alpha158_csi300_custom_step0_s_20260527_16,1533894b095b4e568375f945f4c76702,0.082,,,
1034,2026-05-27,SH601899,-0.06763173489848737,EXP_DEnsembleModel_Alpha158_csi300_custom_step0_s_20260527_16,1533894b095b4e568375f945f4c76702,0.082,,,
1035,2026-05-27,SH601901,0.11811408779016709,EXP_DEnsembleModel_Alpha158_csi300_custom_step0_s_20260527_16,1533894b095b4e568375f945f4c76702,0.082,,,
1036,2026-05-27,SH601916,0.06037975997803626,EXP_DEnsembleModel_Alpha158_csi300_custom_step0_s_20260527_16,1533894b095b4e568375f945f4c76702,0.082,,,
1037,2026-05-27,SH603392,-0.04026552280498681,EXP_DEnsembleModel_Alpha158_csi300_custom_step0_s_20260527_16,1533894b095b4e568375f945f4c76702,0.082,,,
1038,2026-05-27,SH603369,0.06325442885467104,EXP_DEnsembleModel_Alpha158_csi300_custom_step0_s_20260527_16,1533894b095b4e568375f945f4c76702,0.082,,,
1039,2026-05-27,SH603296,-0.06013219779840689,EXP_DEnsembleModel_Alpha158_csi300_custom_step0_s_20260527_16,1533894b095b4e568375f945f4c76702,0.082,,,
1040,2026-05-27,SH603288,-0.03665766336875412,EXP_DEnsembleModel_Alpha158_csi300_custom_step0_s_20260527_16,1533894b095b4e568375f945f4c76702,0.082,,,
1041,2026-05-27,SH603260,-0.02127509549543204,EXP_DEnsembleModel_Alpha158_csi300_custom_step0_s_20260527_16,1533894b095b4e568375f945f4c76702,0.082,,,
1042,2026-05-27,SH603259,0.12725574020789615,EXP_DEnsembleModel_Alpha158_csi300_custom_step0_s_20260527_16,1533894b095b4e568375f945f4c76702,0.082,,,
1043,2026-05-27,SH603799,-0.10924982770584993,EXP_DEnsembleModel_Alpha158_csi300_custom_step0_s_20260527_16,1533894b095b4e568375f945f4c76702,0.082,,,
1044,2026-05-27,SH603195,-0.007583951256908371,EXP_DEnsembleModel_Alpha158_csi300_custom_step0_s_20260527_16,1533894b095b4e568375f945f4c76702,0.082,,,
1045,2026-05-27,SH601998,0.030124335740820726,EXP_DEnsembleModel_Alpha158_csi300_custom_step0_s_20260527_16,1533894b095b4e568375f945f4c76702,0.082,,,
1046,2026-05-27,SH601995,0.14204995088518815,EXP_DEnsembleModel_Alpha158_csi300_custom_step0_s_20260527_16,1533894b095b4e568375f945f4c76702,0.082,,,
1047,2026-05-27,SH601988,0.14303226871071575,EXP_DEnsembleModel_Alpha158_csi300_custom_step0_s_20260527_16,1533894b095b4e568375f945f4c76702,0.082,,,
1048,2026-05-27,SH601985,0.03520646334278678,EXP_DEnsembleModel_Alpha158_csi300_custom_step0_s_20260527_16,1533894b095b4e568375f945f4c76702,0.082,,,
1049,2026-05-27,SH601939,0.1182258918227371,EXP_DEnsembleModel_Alpha158_csi300_custom_step0_s_20260527_16,1533894b095b4e568375f945f4c76702,0.082,,,
1050,2026-05-27,SH601919,-0.07409273736890243,EXP_DEnsembleModel_Alpha158_csi300_custom_step0_s_20260527_16,1533894b095b4e568375f945f4c76702,0.082,,,
1051,2026-05-27,SH603019,-0.025852396133481566,EXP_DEnsembleModel_Alpha158_csi300_custom_step0_s_20260527_16,1533894b095b4e568375f945f4c76702,0.082,,,
1052,2026-05-27,SZ000425,-0.033452654349842584,EXP_DEnsembleModel_Alpha158_csi300_custom_step0_s_20260527_16,1533894b095b4e568375f945f4c76702,0.082,,,
1053,2026-05-27,SZ000538,-0.0559654907048557,EXP_DEnsembleModel_Alpha158_csi300_custom_step0_s_20260527_16,1533894b095b4e568375f945f4c76702,0.082,,,
1054,2026-05-27,SZ000568,0.003271431855433904,EXP_DEnsembleModel_Alpha158_csi300_custom_step0_s_20260527_16,1533894b095b4e568375f945f4c76702,0.082,,,
1055,2026-05-27,SZ002252,-0.019317978478879914,EXP_DEnsembleModel_Alpha158_csi300_custom_step0_s_20260527_16,1533894b095b4e568375f945f4c76702,0.082,,,
1056,2026-05-27,SZ002304,-0.07506324584151876,EXP_DEnsembleModel_Alpha158_csi300_custom_step0_s_20260527_16,1533894b095b4e568375f945f4c76702,0.082,,,
1057,2026-05-27,SZ002311,-0.013188588035089552,EXP_DEnsembleModel_Alpha158_csi300_custom_step0_s_20260527_16,1533894b095b4e568375f945f4c76702,0.082,,,
1058,2026-05-27,SZ002352,0.08004725320654299,EXP_DEnsembleModel_Alpha158_csi300_custom_step0_s_20260527_16,1533894b095b4e568375f945f4c76702,0.082,,,
1059,2026-05-27,SZ002371,0.09721187064323351,EXP_DEnsembleModel_Alpha158_csi300_custom_step0_s_20260527_16,1533894b095b4e568375f945f4c76702,0.082,,,
1060,2026-05-27,SZ002384,0.19452876569197877,EXP_DEnsembleModel_Alpha158_csi300_custom_step0_s_20260527_16,1533894b095b4e568375f945f4c76702,0.082,,,
1061,2026-05-27,SZ002415,0.0803655444463987,EXP_DEnsembleModel_Alpha158_csi300_custom_step0_s_20260527_16,1533894b095b4e568375f945f4c76702,0.082,,,
1062,2026-05-27,SZ002422,-0.11413053769392018,EXP_DEnsembleModel_Alpha158_csi300_custom_step0_s_20260527_16,1533894b095b4e568375f945f4c76702,0.082,,,
1063,2026-05-27,SZ002459,-0.057474352632603955,EXP_DEnsembleModel_Alpha158_csi300_custom_step0_s_20260527_16,1533894b095b4e568375f945f4c76702,0.082,,,
1064,2026-05-27,SZ002460,-0.041391700902720256,EXP_DEnsembleModel_Alpha158_csi300_custom_step0_s_20260527_16,1533894b095b4e568375f945f4c76702,0.082,,,
1065,2026-05-27,SZ002463,-0.19731368135685165,EXP_DEnsembleModel_Alpha158_csi300_custom_step0_s_20260527_16,1533894b095b4e568375f945f4c76702,0.082,,,
1066,2026-05-27,SZ002466,0.05420393971277047,EXP_DEnsembleModel_Alpha158_csi300_custom_step0_s_20260527_16,1533894b095b4e568375f945f4c76702,0.082,,,
1067,2026-05-27,SZ002475,-0.11706470928346235,EXP_DEnsembleModel_Alpha158_csi300_custom_step0_s_20260527_16,1533894b095b4e568375f945f4c76702,0.082,,,
1068,2026-05-27,SZ002493,-0.02890085369687513,EXP_DEnsembleModel_Alpha158_csi300_custom_step0_s_20260527_16,1533894b095b4e568375f945f4c76702,0.082,,,
1069,2026-05-27,SZ002594,0.012869126199855961,EXP_DEnsembleModel_Alpha158_csi300_custom_step0_s_20260527_16,1533894b095b4e568375f945f4c76702,0.082,,,
1070,2026-05-27,SZ002600,0.015114097263784402,EXP_DEnsembleModel_Alpha158_csi300_custom_step0_s_20260527_16,1533894b095b4e568375f945f4c76702,0.082,,,
1071,2026-05-27,SZ002601,-0.02980383727552861,EXP_DEnsembleModel_Alpha158_csi300_custom_step0_s_20260527_16,1533894b095b4e568375f945f4c76702,0.082,,,
1072,2026-05-27,SZ300122,-0.09839139661258285,EXP_DEnsembleModel_Alpha158_csi300_custom_step0_s_20260527_16,1533894b095b4e568375f945f4c76702,0.082,,,
1073,2026-05-27,SZ300059,0.04728881140883524,EXP_DEnsembleModel_Alpha158_csi300_custom_step0_s_20260527_16,1533894b095b4e568375f945f4c76702,0.082,,,
1074,2026-05-27,SZ300033,0.0573903587660887,EXP_DEnsembleModel_Alpha158_csi300_custom_step0_s_20260527_16,1533894b095b4e568375f945f4c76702,0.082,,,
1075,2026-05-27,SZ300015,-0.12614360187520457,EXP_DEnsembleModel_Alpha158_csi300_custom_step0_s_20260527_16,1533894b095b4e568375f945f4c76702,0.082,,,
1076,2026-05-27,SZ300014,0.010338458615542103,EXP_DEnsembleModel_Alpha158_csi300_custom_step0_s_20260527_16,1533894b095b4e568375f945f4c76702,0.082,,,
1077,2026-05-27,SZ003816,-0.03530633673868328,EXP_DEnsembleModel_Alpha158_csi300_custom_step0_s_20260527_16,1533894b095b4e568375f945f4c76702,0.082,,,
1078,2026-05-27,SZ002241,0.06615084737732531,EXP_DEnsembleModel_Alpha158_csi300_custom_step0_s_20260527_16,1533894b095b4e568375f945f4c76702,0.082,,,
1079,2026-05-27,SZ002938,0.029098390766626875,EXP_DEnsembleModel_Alpha158_csi300_custom_step0_s_20260527_16,1533894b095b4e568375f945f4c76702,0.082,,,
1080,2026-05-27,SZ002916,-0.17929384364337983,EXP_DEnsembleModel_Alpha158_csi300_custom_step0_s_20260527_16,1533894b095b4e568375f945f4c76702,0.082,,,
1081,2026-05-27,SZ002736,0.0816512435501769,EXP_DEnsembleModel_Alpha158_csi300_custom_step0_s_20260527_16,1533894b095b4e568375f945f4c76702,0.082,,,
1082,2026-05-27,SZ002714,-0.03045695520036511,EXP_DEnsembleModel_Alpha158_csi300_custom_step0_s_20260527_16,1533894b095b4e568375f945f4c76702,0.082,,,
1083,2026-05-27,SZ002709,-0.027474642652122096,EXP_DEnsembleModel_Alpha158_csi300_custom_step0_s_20260527_16,1533894b095b4e568375f945f4c76702,0.082,,,
1084,2026-05-27,SZ002648,0.041132619997785086,EXP_DEnsembleModel_Alpha158_csi300_custom_step0_s_20260527_16,1533894b095b4e568375f945f4c76702,0.082,,,
1085,2026-05-27,SZ002625,0.030794031591699567,EXP_DEnsembleModel_Alpha158_csi300_custom_step0_s_20260527_16,1533894b095b4e568375f945f4c76702,0.082,,,
1086,2026-05-27,SZ002920,-0.06678736021513573,EXP_DEnsembleModel_Alpha158_csi300_custom_step0_s_20260527_16,1533894b095b4e568375f945f4c76702,0.082,,,
1087,2026-05-27,SZ002236,0.06086987075246046,EXP_DEnsembleModel_Alpha158_csi300_custom_step0_s_20260527_16,1533894b095b4e568375f945f4c76702,0.082,,,
1088,2026-05-27,SZ002230,-0.04870905080535542,EXP_DEnsembleModel_Alpha158_csi300_custom_step0_s_20260527_16,1533894b095b4e568375f945f4c76702,0.082,,,
1089,2026-05-27,SZ002179,0.016414912920493848,EXP_DEnsembleModel_Alpha158_csi300_custom_step0_s_20260527_16,1533894b095b4e568375f945f4c76702,0.082,,,
1090,2026-05-27,SZ000858,-0.019217218423103713,EXP_DEnsembleModel_Alpha158_csi300_custom_step0_s_20260527_16,1533894b095b4e568375f945f4c76702,0.082,,,
1091,2026-05-27,SZ000807,-0.09351488297263004,EXP_DEnsembleModel_Alpha158_csi300_custom_step0_s_20260527_16,1533894b095b4e568375f945f4c76702,0.082,,,
1092,2026-05-27,SZ000792,-0.026142698610047692,EXP_DEnsembleModel_Alpha158_csi300_custom_step0_s_20260527_16,1533894b095b4e568375f945f4c76702,0.082,,,
1093,2026-05-27,SZ000786,-0.12906709437979252,EXP_DEnsembleModel_Alpha158_csi300_custom_step0_s_20260527_16,1533894b095b4e568375f945f4c76702,0.082,,,
1094,2026-05-27,SZ000776,0.023973864846373188,EXP_DEnsembleModel_Alpha158_csi300_custom_step0_s_20260527_16,1533894b095b4e568375f945f4c76702,0.082,,,
1095,2026-05-27,SZ000768,-0.04835451121691026,EXP_DEnsembleModel_Alpha158_csi300_custom_step0_s_20260527_16,1533894b095b4e568375f945f4c76702,0.082,,,
1096,2026-05-27,SZ000876,-0.013612866633966589,EXP_DEnsembleModel_Alpha158_csi300_custom_step0_s_20260527_16,1533894b095b4e568375f945f4c76702,0.082,,,
1097,2026-05-27,SZ000725,-0.16524517961798535,EXP_DEnsembleModel_Alpha158_csi300_custom_step0_s_20260527_16,1533894b095b4e568375f945f4c76702,0.082,,,
1098,2026-05-27,SZ000661,-0.05133994450746439,EXP_DEnsembleModel_Alpha158_csi300_custom_step0_s_20260527_16,1533894b095b4e568375f945f4c76702,0.082,,,
1099,2026-05-27,SZ000651,0.01581383278982004,EXP_DEnsembleModel_Alpha158_csi300_custom_step0_s_20260527_16,1533894b095b4e568375f945f4c76702,0.082,,,
1100,2026-05-27,SZ000630,-0.16704366870890924,EXP_DEnsembleModel_Alpha158_csi300_custom_step0_s_20260527_16,1533894b095b4e568375f945f4c76702,0.082,,,
1101,2026-05-27,SZ000625,-0.026774136868974955,EXP_DEnsembleModel_Alpha158_csi300_custom_step0_s_20260527_16,1533894b095b4e568375f945f4c76702,0.082,,,
1102,2026-05-27,SZ000617,-0.04571804037715495,EXP_DEnsembleModel_Alpha158_csi300_custom_step0_s_20260527_16,1533894b095b4e568375f945f4c76702,0.082,,,
1103,2026-05-27,SZ000596,-0.049709504972744435,EXP_DEnsembleModel_Alpha158_csi300_custom_step0_s_20260527_16,1533894b095b4e568375f945f4c76702,0.082,,,
1104,2026-05-27,SZ000708,0.08516754723983173,EXP_DEnsembleModel_Alpha158_csi300_custom_step0_s_20260527_16,1533894b095b4e568375f945f4c76702,0.082,,,
1105,2026-05-27,SZ300251,-0.004064094010379855,EXP_DEnsembleModel_Alpha158_csi300_custom_step0_s_20260527_16,1533894b095b4e568375f945f4c76702,0.082,,,
1106,2026-05-27,SZ000895,-0.06544596354381428,EXP_DEnsembleModel_Alpha158_csi300_custom_step0_s_20260527_16,1533894b095b4e568375f945f4c76702,0.082,,,
1107,2026-05-27,SZ000963,-0.0405473748959413,EXP_DEnsembleModel_Alpha158_csi300_custom_step0_s_20260527_16,1533894b095b4e568375f945f4c76702,0.082,,,
1108,2026-05-27,SZ002142,0.050626919098026475,EXP_DEnsembleModel_Alpha158_csi300_custom_step0_s_20260527_16,1533894b095b4e568375f945f4c76702,0.082,,,
1109,2026-05-27,SZ002074,-0.1275104058017367,EXP_DEnsembleModel_Alpha158_csi300_custom_step0_s_20260527_16,1533894b095b4e568375f945f4c76702,0.082,,,
1110,2026-05-27,SZ002050,-0.035874875822788435,EXP_DEnsembleModel_Alpha158_csi300_custom_step0_s_20260527_16,1533894b095b4e568375f945f4c76702,0.082,,,
1111,2026-05-27,SZ002049,-0.06617920634093508,EXP_DEnsembleModel_Alpha158_csi300_custom_step0_s_20260527_16,1533894b095b4e568375f945f4c76702,0.082,,,
1112,2026-05-27,SZ002028,-0.043122314290771895,EXP_DEnsembleModel_Alpha158_csi300_custom_step0_s_20260527_16,1533894b095b4e568375f945f4c76702,0.082,,,
1113,2026-05-27,SZ002027,0.05143128041898427,EXP_DEnsembleModel_Alpha158_csi300_custom_step0_s_20260527_16,1533894b095b4e568375f945f4c76702,0.082,,,
1114,2026-05-27,SZ000938,-0.005198596075583429,EXP_DEnsembleModel_Alpha158_csi300_custom_step0_s_20260527_16,1533894b095b4e568375f945f4c76702,0.082,,,
1115,2026-05-27,SZ002001,0.030700573917408852,EXP_DEnsembleModel_Alpha158_csi300_custom_step0_s_20260527_16,1533894b095b4e568375f945f4c76702,0.082,,,
1116,2026-05-27,SZ001965,0.06527733807517754,EXP_DEnsembleModel_Alpha158_csi300_custom_step0_s_20260527_16,1533894b095b4e568375f945f4c76702,0.082,,,
1117,2026-05-27,SZ001391,-0.015740199922101582,EXP_DEnsembleModel_Alpha158_csi300_custom_step0_s_20260527_16,1533894b095b4e568375f945f4c76702,0.082,,,
1118,2026-05-27,SZ000999,-0.06400093907237032,EXP_DEnsembleModel_Alpha158_csi300_custom_step0_s_20260527_16,1533894b095b4e568375f945f4c76702,0.082,,,
1119,2026-05-27,SZ000983,-0.0033263272344332706,EXP_DEnsembleModel_Alpha158_csi300_custom_step0_s_20260527_16,1533894b095b4e568375f945f4c76702,0.082,,,
1120,2026-05-27,SZ000977,-0.11513306551852791,EXP_DEnsembleModel_Alpha158_csi300_custom_step0_s_20260527_16,1533894b095b4e568375f945f4c76702,0.082,,,
1121,2026-05-27,SZ000975,0.2052359516827378,EXP_DEnsembleModel_Alpha158_csi300_custom_step0_s_20260527_16,1533894b095b4e568375f945f4c76702,0.082,,,
1122,2026-05-27,SZ001979,-0.07574260881272081,EXP_DEnsembleModel_Alpha158_csi300_custom_step0_s_20260527_16,1533894b095b4e568375f945f4c76702,0.082,,,
1123,2026-05-27,SH601939,0.1706524867470939,EXP_DEnsembleModel_Alpha158_csi300_custom_step0_s_20260527_16,287e1d0f3dfc456490801e8841185f8c,0.069,,,
1124,2026-05-27,SH600918,-0.017738087102770805,EXP_LinearModel_Alpha158_csi300_custom_step0_s_20260527_16,d90ebb3361784193ab36dea9ca2a0f82,0.1,,,
1125,2026-05-27,SH600926,-0.03844631090760231,EXP_LinearModel_Alpha158_csi300_custom_step0_s_20260527_16,d90ebb3361784193ab36dea9ca2a0f82,0.1,,,
1126,2026-05-27,SZ000858,-0.02722182683646679,EXP_XGBModel_Alpha158_csi300_custom_step0_s_20260527_16,89da24e8feae4090bc3c77fef10eddaa,0.053,,,
1127,2026-05-27,SZ000876,-0.01255750097334385,EXP_XGBModel_Alpha158_csi300_custom_step0_s_20260527_16,89da24e8feae4090bc3c77fef10eddaa,0.053,,,
1128,2026-05-27,SZ000895,-0.04388294741511345,EXP_XGBModel_Alpha158_csi300_custom_step0_s_20260527_16,89da24e8feae4090bc3c77fef10eddaa,0.053,,,
1129,2026-05-27,SZ000938,-0.06919579207897186,EXP_XGBModel_Alpha158_csi300_custom_step0_s_20260527_16,89da24e8feae4090bc3c77fef10eddaa,0.053,,,
1130,2026-05-27,SZ000963,-0.024661628529429436,EXP_XGBModel_Alpha158_csi300_custom_step0_s_20260527_16,89da24e8feae4090bc3c77fef10eddaa,0.053,,,
1131,2026-05-27,SZ000975,0.005940161645412445,EXP_XGBModel_Alpha158_csi300_custom_step0_s_20260527_16,89da24e8feae4090bc3c77fef10eddaa,0.053,,,
1132,2026-05-27,SZ000977,-0.10242928564548492,EXP_XGBModel_Alpha158_csi300_custom_step0_s_20260527_16,89da24e8feae4090bc3c77fef10eddaa,0.053,,,
1133,2026-05-27,SZ000983,-0.006834708154201508,EXP_XGBModel_Alpha158_csi300_custom_step0_s_20260527_16,89da24e8feae4090bc3c77fef10eddaa,0.053,,,
1134,2026-05-27,SZ000999,-0.005428236443549395,EXP_XGBModel_Alpha158_csi300_custom_step0_s_20260527_16,89da24e8feae4090bc3c77fef10eddaa,0.053,,,
1135,2026-05-27,SZ001391,0.012357786297798157,EXP_XGBModel_Alpha158_csi300_custom_step0_s_20260527_16,89da24e8feae4090bc3c77fef10eddaa,0.053,,,
1136,2026-05-27,SZ001965,0.08659857511520386,EXP_XGBModel_Alpha158_csi300_custom_step0_s_20260527_16,89da24e8feae4090bc3c77fef10eddaa,0.053,,,
1137,2026-05-27,SZ001979,-0.04155726358294487,EXP_XGBModel_Alpha158_csi300_custom_step0_s_20260527_16,89da24e8feae4090bc3c77fef10eddaa,0.053,,,
1138,2026-05-27,SZ002001,-0.013864018023014069,EXP_XGBModel_Alpha158_csi300_custom_step0_s_20260527_16,89da24e8feae4090bc3c77fef10eddaa,0.053,,,
1139,2026-05-27,SZ002027,-0.004302904475480318,EXP_XGBModel_Alpha158_csi300_custom_step0_s_20260527_16,89da24e8feae4090bc3c77fef10eddaa,0.053,,,
1140,2026-05-27,SZ002028,0.005809876136481762,EXP_XGBModel_Alpha158_csi300_custom_step0_s_20260527_16,89da24e8feae4090bc3c77fef10eddaa,0.053,,,
1141,2026-05-27,SZ002049,-0.040263883769512177,EXP_XGBModel_Alpha158_csi300_custom_step0_s_20260527_16,89da24e8feae4090bc3c77fef10eddaa,0.053,,,
1142,2026-05-27,SZ002050,-0.13056521117687225,EXP_XGBModel_Alpha158_csi300_custom_step0_s_20260527_16,89da24e8feae4090bc3c77fef10eddaa,0.053,,,
1143,2026-05-27,SZ002422,-0.07538353651762009,EXP_XGBModel_Alpha158_csi300_custom_step0_s_20260527_16,89da24e8feae4090bc3c77fef10eddaa,0.053,,,
1144,2026-05-27,SZ002415,0.019520772621035576,EXP_XGBModel_Alpha158_csi300_custom_step0_s_20260527_16,89da24e8feae4090bc3c77fef10eddaa,0.053,,,
1145,2026-05-27,SZ002384,0.35387328267097473,EXP_XGBModel_Alpha158_csi300_custom_step0_s_20260527_16,89da24e8feae4090bc3c77fef10eddaa,0.053,,,
1146,2026-05-27,SZ002371,-0.0012333632912486792,EXP_XGBModel_Alpha158_csi300_custom_step0_s_20260527_16,89da24e8feae4090bc3c77fef10eddaa,0.053,,,
1147,2026-05-27,SZ002352,0.03783637657761574,EXP_XGBModel_Alpha158_csi300_custom_step0_s_20260527_16,89da24e8feae4090bc3c77fef10eddaa,0.053,,,
1148,2026-05-27,SZ002311,-0.018273405730724335,EXP_XGBModel_Alpha158_csi300_custom_step0_s_20260527_16,89da24e8feae4090bc3c77fef10eddaa,0.053,,,
1149,2026-05-27,SZ000807,-0.04245822876691818,EXP_XGBModel_Alpha158_csi300_custom_step0_s_20260527_16,89da24e8feae4090bc3c77fef10eddaa,0.053,,,
1150,2026-05-27,SZ002304,0.12633764743804932,EXP_XGBModel_Alpha158_csi300_custom_step0_s_20260527_16,89da24e8feae4090bc3c77fef10eddaa,0.053,,,
1151,2026-05-27,SZ002241,0.04223310947418213,EXP_XGBModel_Alpha158_csi300_custom_step0_s_20260527_16,89da24e8feae4090bc3c77fef10eddaa,0.053,,,
1152,2026-05-27,SZ002236,0.04606199264526367,EXP_XGBModel_Alpha158_csi300_custom_step0_s_20260527_16,89da24e8feae4090bc3c77fef10eddaa,0.053,,,
1153,2026-05-27,SZ002230,0.02254951186478138,EXP_XGBModel_Alpha158_csi300_custom_step0_s_20260527_16,89da24e8feae4090bc3c77fef10eddaa,0.053,,,
1154,2026-05-27,SZ002179,0.02291053906083107,EXP_XGBModel_Alpha158_csi300_custom_step0_s_20260527_16,89da24e8feae4090bc3c77fef10eddaa,0.053,,,
1155,2026-05-27,SZ002142,0.01551259309053421,EXP_XGBModel_Alpha158_csi300_custom_step0_s_20260527_16,89da24e8feae4090bc3c77fef10eddaa,0.053,,,
1156,2026-05-27,SZ002074,-0.0441744439303875,EXP_XGBModel_Alpha158_csi300_custom_step0_s_20260527_16,89da24e8feae4090bc3c77fef10eddaa,0.053,,,
1157,2026-05-27,SZ002252,-0.02521308697760105,EXP_XGBModel_Alpha158_csi300_custom_step0_s_20260527_16,89da24e8feae4090bc3c77fef10eddaa,0.053,,,
1158,2026-05-27,SZ002459,-0.018189286813139915,EXP_XGBModel_Alpha158_csi300_custom_step0_s_20260527_16,89da24e8feae4090bc3c77fef10eddaa,0.053,,,
1159,2026-05-27,SZ000792,-0.06365788727998734,EXP_XGBModel_Alpha158_csi300_custom_step0_s_20260527_16,89da24e8feae4090bc3c77fef10eddaa,0.053,,,
1160,2026-05-27,SZ000776,-0.0123582873493433,EXP_XGBModel_Alpha158_csi300_custom_step0_s_20260527_16,89da24e8feae4090bc3c77fef10eddaa,0.053,,,
1161,2026-05-27,SH688187,0.002905929461121559,EXP_XGBModel_Alpha158_csi300_custom_step0_s_20260527_16,89da24e8feae4090bc3c77fef10eddaa,0.053,,,
1162,2026-05-27,SH688223,-0.015624722465872765,EXP_XGBModel_Alpha158_csi300_custom_step0_s_20260527_16,89da24e8feae4090bc3c77fef10eddaa,0.053,,,
1163,2026-05-27,SH688256,-0.28625360131263733,EXP_XGBModel_Alpha158_csi300_custom_step0_s_20260527_16,89da24e8feae4090bc3c77fef10eddaa,0.053,,,
1164,2026-05-27,SH688271,-0.04316118359565735,EXP_XGBModel_Alpha158_csi300_custom_step0_s_20260527_16,89da24e8feae4090bc3c77fef10eddaa,0.053,,,
1165,2026-05-27,SH688303,-0.017106935381889343,EXP_XGBModel_Alpha158_csi300_custom_step0_s_20260527_16,89da24e8feae4090bc3c77fef10eddaa,0.053,,,
1166,2026-05-27,SH688396,0.006991397123783827,EXP_XGBModel_Alpha158_csi300_custom_step0_s_20260527_16,89da24e8feae4090bc3c77fef10eddaa,0.053,,,
1167,2026-05-27,SH688472,-0.03174528107047081,EXP_XGBModel_Alpha158_csi300_custom_step0_s_20260527_16,89da24e8feae4090bc3c77fef10eddaa,0.053,,,
1168,2026-05-27,SH688506,-0.031128516420722008,EXP_XGBModel_Alpha158_csi300_custom_step0_s_20260527_16,89da24e8feae4090bc3c77fef10eddaa,0.053,,,
1169,2026-05-27,SH688981,-0.0984729751944542,EXP_XGBModel_Alpha158_csi300_custom_step0_s_20260527_16,89da24e8feae4090bc3c77fef10eddaa,0.053,,,
1170,2026-05-27,SZ000001,0.021659715101122856,EXP_XGBModel_Alpha158_csi300_custom_step0_s_20260527_16,89da24e8feae4090bc3c77fef10eddaa,0.053,,,
1171,2026-05-27,SZ000002,-0.06716705113649368,EXP_XGBModel_Alpha158_csi300_custom_step0_s_20260527_16,89da24e8feae4090bc3c77fef10eddaa,0.053,,,
1172,2026-05-27,SZ000063,-0.014490418136119843,EXP_XGBModel_Alpha158_csi300_custom_step0_s_20260527_16,89da24e8feae4090bc3c77fef10eddaa,0.053,,,
1173,2026-05-27,SZ000100,-0.03783068433403969,EXP_XGBModel_Alpha158_csi300_custom_step0_s_20260527_16,89da24e8feae4090bc3c77fef10eddaa,0.053,,,
1174,2026-05-27,SZ000157,-0.00974706094712019,EXP_XGBModel_Alpha158_csi300_custom_step0_s_20260527_16,89da24e8feae4090bc3c77fef10eddaa,0.053,,,
1175,2026-05-27,SZ000166,0.01419062726199627,EXP_XGBModel_Alpha158_csi300_custom_step0_s_20260527_16,89da24e8feae4090bc3c77fef10eddaa,0.053,,,
1176,2026-05-27,SZ000301,-0.01705510914325714,EXP_XGBModel_Alpha158_csi300_custom_step0_s_20260527_16,89da24e8feae4090bc3c77fef10eddaa,0.053,,,
1177,2026-05-27,SZ000333,0.01452958770096302,EXP_XGBModel_Alpha158_csi300_custom_step0_s_20260527_16,89da24e8feae4090bc3c77fef10eddaa,0.053,,,
1178,2026-05-27,SZ000768,-0.023757455870509148,EXP_XGBModel_Alpha158_csi300_custom_step0_s_20260527_16,89da24e8feae4090bc3c77fef10eddaa,0.053,,,
1179,2026-05-27,SZ000725,-0.27681586146354675,EXP_XGBModel_Alpha158_csi300_custom_step0_s_20260527_16,89da24e8feae4090bc3c77fef10eddaa,0.053,,,
1180,2026-05-27,SZ000708,0.005312184803187847,EXP_XGBModel_Alpha158_csi300_custom_step0_s_20260527_16,89da24e8feae4090bc3c77fef10eddaa,0.053,,,
1181,2026-05-27,SZ000661,-0.041020236909389496,EXP_XGBModel_Alpha158_csi300_custom_step0_s_20260527_16,89da24e8feae4090bc3c77fef10eddaa,0.053,,,
1182,2026-05-27,SZ000651,0.006760857999324799,EXP_XGBModel_Alpha158_csi300_custom_step0_s_20260527_16,89da24e8feae4090bc3c77fef10eddaa,0.053,,,
1183,2026-05-27,SZ000630,-0.13638952374458313,EXP_XGBModel_Alpha158_csi300_custom_step0_s_20260527_16,89da24e8feae4090bc3c77fef10eddaa,0.053,,,
1184,2026-05-27,SZ000786,-0.10130124539136887,EXP_XGBModel_Alpha158_csi300_custom_step0_s_20260527_16,89da24e8feae4090bc3c77fef10eddaa,0.053,,,
1185,2026-05-27,SZ000625,-0.004208284895867109,EXP_XGBModel_Alpha158_csi300_custom_step0_s_20260527_16,89da24e8feae4090bc3c77fef10eddaa,0.053,,,
1186,2026-05-27,SZ000596,-0.014685945585370064,EXP_XGBModel_Alpha158_csi300_custom_step0_s_20260527_16,89da24e8feae4090bc3c77fef10eddaa,0.053,,,
1187,2026-05-27,SZ000568,0.01380391325801611,EXP_XGBModel_Alpha158_csi300_custom_step0_s_20260527_16,89da24e8feae4090bc3c77fef10eddaa,0.053,,,
1188,2026-05-27,SZ000538,-0.0036552026867866516,EXP_XGBModel_Alpha158_csi300_custom_step0_s_20260527_16,89da24e8feae4090bc3c77fef10eddaa,0.053,,,
1189,2026-05-27,SZ000425,-0.017225386574864388,EXP_XGBModel_Alpha158_csi300_custom_step0_s_20260527_16,89da24e8feae4090bc3c77fef10eddaa,0.053,,,
1190,2026-05-27,SZ000408,-0.027780765667557716,EXP_XGBModel_Alpha158_csi300_custom_step0_s_20260527_16,89da24e8feae4090bc3c77fef10eddaa,0.053,,,
1191,2026-05-27,SZ000338,0.09927128255367279,EXP_XGBModel_Alpha158_csi300_custom_step0_s_20260527_16,89da24e8feae4090bc3c77fef10eddaa,0.053,,,
1192,2026-05-27,SZ000617,0.010552961379289627,EXP_XGBModel_Alpha158_csi300_custom_step0_s_20260527_16,89da24e8feae4090bc3c77fef10eddaa,0.053,,,
1193,2026-05-27,SH688169,-0.10756843537092209,EXP_XGBModel_Alpha158_csi300_custom_step0_s_20260527_16,89da24e8feae4090bc3c77fef10eddaa,0.053,,,
1194,2026-05-27,SZ002460,-0.0027744979597628117,EXP_XGBModel_Alpha158_csi300_custom_step0_s_20260527_16,89da24e8feae4090bc3c77fef10eddaa,0.053,,,
1195,2026-05-27,SZ002466,0.08942967653274536,EXP_XGBModel_Alpha158_csi300_custom_step0_s_20260527_16,89da24e8feae4090bc3c77fef10eddaa,0.053,,,
1196,2026-05-27,SZ300661,0.06499005854129791,EXP_XGBModel_Alpha158_csi300_custom_step0_s_20260527_16,89da24e8feae4090bc3c77fef10eddaa,0.053,,,
1197,2026-05-27,SZ300750,-0.006705878768116236,EXP_XGBModel_Alpha158_csi300_custom_step0_s_20260527_16,89da24e8feae4090bc3c77fef10eddaa,0.053,,,
1198,2026-05-27,SZ300759,-0.023579120635986328,EXP_XGBModel_Alpha158_csi300_custom_step0_s_20260527_16,89da24e8feae4090bc3c77fef10eddaa,0.053,,,
1199,2026-05-27,SZ300760,-0.030564306303858757,EXP_XGBModel_Alpha158_csi300_custom_step0_s_20260527_16,89da24e8feae4090bc3c77fef10eddaa,0.053,,,
1200,2026-05-27,SZ300782,0.015039121732115746,EXP_XGBModel_Alpha158_csi300_custom_step0_s_20260527_16,89da24e8feae4090bc3c77fef10eddaa,0.053,,,
1201,2026-05-27,SZ300803,-0.013139151968061924,EXP_XGBModel_Alpha158_csi300_custom_step0_s_20260527_16,89da24e8feae4090bc3c77fef10eddaa,0.053,,,
1202,2026-05-27,SZ300832,-0.02976791188120842,EXP_XGBModel_Alpha158_csi300_custom_step0_s_20260527_16,89da24e8feae4090bc3c77fef10eddaa,0.053,,,
1203,2026-05-27,SZ300866,-0.0775454193353653,EXP_XGBModel_Alpha158_csi300_custom_step0_s_20260527_16,89da24e8feae4090bc3c77fef10eddaa,0.053,,,
1204,2026-05-27,SZ300896,-0.014622312970459461,EXP_XGBModel_Alpha158_csi300_custom_step0_s_20260527_16,89da24e8feae4090bc3c77fef10eddaa,0.053,,,
1205,2026-05-27,SZ300979,-0.0016371672973036766,EXP_XGBModel_Alpha158_csi300_custom_step0_s_20260527_16,89da24e8feae4090bc3c77fef10eddaa,0.053,,,
1206,2026-05-27,SZ300999,-0.033355675637722015,EXP_XGBModel_Alpha158_csi300_custom_step0_s_20260527_16,89da24e8feae4090bc3c77fef10eddaa,0.053,,,
1207,2026-05-27,SZ301236,-0.16462765634059906,EXP_XGBModel_Alpha158_csi300_custom_step0_s_20260527_16,89da24e8feae4090bc3c77fef10eddaa,0.053,,,
1208,2026-05-27,SZ301269,-0.009968164376914501,EXP_XGBModel_Alpha158_csi300_custom_step0_s_20260527_16,89da24e8feae4090bc3c77fef10eddaa,0.053,,,
1209,2026-05-27,SZ302132,-0.08428709208965302,EXP_XGBModel_Alpha158_csi300_custom_step0_s_20260527_16,89da24e8feae4090bc3c77fef10eddaa,0.053,,,
1210,2026-05-27,SH600000,-0.030474383383989334,EXP_XGBModel_Alpha158_csi300_custom_step0_s_20260527_16,e29fd7dfeadf40bea9589a99fe8eaf79,0.078,,,
1211,2026-05-27,SH600009,-0.008908864110708237,EXP_XGBModel_Alpha158_csi300_custom_step0_s_20260527_16,e29fd7dfeadf40bea9589a99fe8eaf79,0.078,,,
1212,2026-05-27,SH600010,0.1601557433605194,EXP_XGBModel_Alpha158_csi300_custom_step0_s_20260527_16,e29fd7dfeadf40bea9589a99fe8eaf79,0.078,,,
1213,2026-05-27,SH600036,-0.0703129917383194,EXP_XGBModel_Alpha158_csi300_custom_step0_s_20260527_16,e29fd7dfeadf40bea9589a99fe8eaf79,0.078,,,
1214,2026-05-27,SH600031,-0.010405545122921467,EXP_XGBModel_Alpha158_csi300_custom_step0_s_20260527_16,e29fd7dfeadf40bea9589a99fe8eaf79,0.078,,,
1215,2026-05-27,SH600030,-0.01928718015551567,EXP_XGBModel_Alpha158_csi300_custom_step0_s_20260527_16,e29fd7dfeadf40bea9589a99fe8eaf79,0.078,,,
1216,2026-05-27,SH600029,0.0032670339569449425,EXP_XGBModel_Alpha158_csi300_custom_step0_s_20260527_16,e29fd7dfeadf40bea9589a99fe8eaf79,0.078,,,
1217,2026-05-27,SH600028,0.1607362926006317,EXP_XGBModel_Alpha158_csi300_custom_step0_s_20260527_16,e29fd7dfeadf40bea9589a99fe8eaf79,0.078,,,
1218,2026-05-27,SH600027,0.08787868916988373,EXP_XGBModel_Alpha158_csi300_custom_step0_s_20260527_16,e29fd7dfeadf40bea9589a99fe8eaf79,0.078,,,
1219,2026-05-27,SZ300628,0.041791483759880066,EXP_XGBModel_Alpha158_csi300_custom_step0_s_20260527_16,89da24e8feae4090bc3c77fef10eddaa,0.053,,,
1220,2026-05-27,SH600026,0.014052329584956169,EXP_XGBModel_Alpha158_csi300_custom_step0_s_20260527_16,e29fd7dfeadf40bea9589a99fe8eaf79,0.078,,,
1221,2026-05-27,SH600023,0.0020273858681321144,EXP_XGBModel_Alpha158_csi300_custom_step0_s_20260527_16,e29fd7dfeadf40bea9589a99fe8eaf79,0.078,,,
1222,2026-05-27,SH600019,-0.01686019077897072,EXP_XGBModel_Alpha158_csi300_custom_step0_s_20260527_16,e29fd7dfeadf40bea9589a99fe8eaf79,0.078,,,
1223,2026-05-27,SH600018,-0.00860061775892973,EXP_XGBModel_Alpha158_csi300_custom_step0_s_20260527_16,e29fd7dfeadf40bea9589a99fe8eaf79,0.078,,,
1224,2026-05-27,SH600016,-0.0697178840637207,EXP_XGBModel_Alpha158_csi300_custom_step0_s_20260527_16,e29fd7dfeadf40bea9589a99fe8eaf79,0.078,,,
1225,2026-05-27,SH600015,-0.05849815905094147,EXP_XGBModel_Alpha158_csi300_custom_step0_s_20260527_16,e29fd7dfeadf40bea9589a99fe8eaf79,0.078,,,
1226,2026-05-27,SH600011,0.012180560268461704,EXP_XGBModel_Alpha158_csi300_custom_step0_s_20260527_16,e29fd7dfeadf40bea9589a99fe8eaf79,0.078,,,
1227,2026-05-27,SH600025,-0.028299013152718544,EXP_XGBModel_Alpha158_csi300_custom_step0_s_20260527_16,e29fd7dfeadf40bea9589a99fe8eaf79,0.078,,,
1228,2026-05-27,SZ002463,-0.030955316498875618,EXP_XGBModel_Alpha158_csi300_custom_step0_s_20260527_16,89da24e8feae4090bc3c77fef10eddaa,0.053,,,
1229,2026-05-27,SZ300502,-0.05062681436538696,EXP_XGBModel_Alpha158_csi300_custom_step0_s_20260527_16,89da24e8feae4090bc3c77fef10eddaa,0.053,,,
1230,2026-05-27,SZ300476,-0.12382398545742035,EXP_XGBModel_Alpha158_csi300_custom_step0_s_20260527_16,89da24e8feae4090bc3c77fef10eddaa,0.053,,,
1231,2026-05-27,SZ002475,-0.07666844874620438,EXP_XGBModel_Alpha158_csi300_custom_step0_s_20260527_16,89da24e8feae4090bc3c77fef10eddaa,0.053,,,
1232,2026-05-27,SZ002493,-0.0339481346309185,EXP_XGBModel_Alpha158_csi300_custom_step0_s_20260527_16,89da24e8feae4090bc3c77fef10eddaa,0.053,,,
1233,2026-05-27,SZ002594,-0.0017936405492946506,EXP_XGBModel_Alpha158_csi300_custom_step0_s_20260527_16,89da24e8feae4090bc3c77fef10eddaa,0.053,,,
1234,2026-05-27,SZ002600,-0.04101204127073288,EXP_XGBModel_Alpha158_csi300_custom_step0_s_20260527_16,89da24e8feae4090bc3c77fef10eddaa,0.053,,,
1235,2026-05-27,SZ002601,-0.04730197787284851,EXP_XGBModel_Alpha158_csi300_custom_step0_s_20260527_16,89da24e8feae4090bc3c77fef10eddaa,0.053,,,
1236,2026-05-27,SZ002625,0.006441350560635328,EXP_XGBModel_Alpha158_csi300_custom_step0_s_20260527_16,89da24e8feae4090bc3c77fef10eddaa,0.053,,,
1237,2026-05-27,SZ002648,-0.01896945759654045,EXP_XGBModel_Alpha158_csi300_custom_step0_s_20260527_16,89da24e8feae4090bc3c77fef10eddaa,0.053,,,
1238,2026-05-27,SZ002709,0.00029317280859686434,EXP_XGBModel_Alpha158_csi300_custom_step0_s_20260527_16,89da24e8feae4090bc3c77fef10eddaa,0.053,,,
1239,2026-05-27,SZ002714,-0.020463131368160248,EXP_XGBModel_Alpha158_csi300_custom_step0_s_20260527_16,89da24e8feae4090bc3c77fef10eddaa,0.053,,,
1240,2026-05-27,SZ002736,0.015847384929656982,EXP_XGBModel_Alpha158_csi300_custom_step0_s_20260527_16,89da24e8feae4090bc3c77fef10eddaa,0.053,,,
1241,2026-05-27,SZ002916,-0.2590445876121521,EXP_XGBModel_Alpha158_csi300_custom_step0_s_20260527_16,89da24e8feae4090bc3c77fef10eddaa,0.053,,,
1242,2026-05-27,SZ002920,-0.02960532158613205,EXP_XGBModel_Alpha158_csi300_custom_step0_s_20260527_16,89da24e8feae4090bc3c77fef10eddaa,0.053,,,
1243,2026-05-27,SZ002938,-0.32389646768569946,EXP_XGBModel_Alpha158_csi300_custom_step0_s_20260527_16,89da24e8feae4090bc3c77fef10eddaa,0.053,,,
1244,2026-05-27,SZ003816,-0.020463405176997185,EXP_XGBModel_Alpha158_csi300_custom_step0_s_20260527_16,89da24e8feae4090bc3c77fef10eddaa,0.053,,,
1245,2026-05-27,SZ300014,-0.00014659238513559103,EXP_XGBModel_Alpha158_csi300_custom_step0_s_20260527_16,89da24e8feae4090bc3c77fef10eddaa,0.053,,,
1246,2026-05-27,SZ300015,-0.029495466500520706,EXP_XGBModel_Alpha158_csi300_custom_step0_s_20260527_16,89da24e8feae4090bc3c77fef10eddaa,0.053,,,
1247,2026-05-27,SZ300033,-0.00936015136539936,EXP_XGBModel_Alpha158_csi300_custom_step0_s_20260527_16,89da24e8feae4090bc3c77fef10eddaa,0.053,,,
1248,2026-05-27,SZ300442,-0.13141795992851257,EXP_XGBModel_Alpha158_csi300_custom_step0_s_20260527_16,89da24e8feae4090bc3c77fef10eddaa,0.053,,,
1249,2026-05-27,SZ300433,-0.1334972083568573,EXP_XGBModel_Alpha158_csi300_custom_step0_s_20260527_16,89da24e8feae4090bc3c77fef10eddaa,0.053,,,
1250,2026-05-27,SZ300418,-0.061985403299331665,EXP_XGBModel_Alpha158_csi300_custom_step0_s_20260527_16,89da24e8feae4090bc3c77fef10eddaa,0.053,,,
1251,2026-05-27,SZ300413,-0.026371898129582405,EXP_XGBModel_Alpha158_csi300_custom_step0_s_20260527_16,89da24e8feae4090bc3c77fef10eddaa,0.053,,,
1252,2026-05-27,SZ300408,0.1935383528470993,EXP_XGBModel_Alpha158_csi300_custom_step0_s_20260527_16,89da24e8feae4090bc3c77fef10eddaa,0.053,,,
1253,2026-05-27,SZ300394,0.1081009954214096,EXP_XGBModel_Alpha158_csi300_custom_step0_s_20260527_16,89da24e8feae4090bc3c77fef10eddaa,0.053,,,
1254,2026-05-27,SZ300498,0.015942124649882317,EXP_XGBModel_Alpha158_csi300_custom_step0_s_20260527_16,89da24e8feae4090bc3c77fef10eddaa,0.053,,,
1255,2026-05-27,SZ300347,-0.09176700562238693,EXP_XGBModel_Alpha158_csi300_custom_step0_s_20260527_16,89da24e8feae4090bc3c77fef10eddaa,0.053,,,
1256,2026-05-27,SZ300308,-0.018772322684526443,EXP_XGBModel_Alpha158_csi300_custom_step0_s_20260527_16,89da24e8feae4090bc3c77fef10eddaa,0.053,,,
1257,2026-05-27,SZ300274,0.1443064957857132,EXP_XGBModel_Alpha158_csi300_custom_step0_s_20260527_16,89da24e8feae4090bc3c77fef10eddaa,0.053,,,
1258,2026-05-27,SZ300251,0.0018090514931827784,EXP_XGBModel_Alpha158_csi300_custom_step0_s_20260527_16,89da24e8feae4090bc3c77fef10eddaa,0.053,,,
1259,2026-05-27,SZ300124,-0.018109573051333427,EXP_XGBModel_Alpha158_csi300_custom_step0_s_20260527_16,89da24e8feae4090bc3c77fef10eddaa,0.053,,,
1260,2026-05-27,SZ300122,-0.02171950414776802,EXP_XGBModel_Alpha158_csi300_custom_step0_s_20260527_16,89da24e8feae4090bc3c77fef10eddaa,0.053,,,
1261,2026-05-27,SZ300059,0.06250465661287308,EXP_XGBModel_Alpha158_csi300_custom_step0_s_20260527_16,89da24e8feae4090bc3c77fef10eddaa,0.053,,,
1262,2026-05-27,SZ300316,-0.2034125179052353,EXP_XGBModel_Alpha158_csi300_custom_step0_s_20260527_16,89da24e8feae4090bc3c77fef10eddaa,0.053,,,
1263,2026-05-27,SH688126,0.12468060851097107,EXP_XGBModel_Alpha158_csi300_custom_step0_s_20260527_16,89da24e8feae4090bc3c77fef10eddaa,0.053,,,
1264,2026-05-27,SH688111,-0.08417405188083649,EXP_XGBModel_Alpha158_csi300_custom_step0_s_20260527_16,89da24e8feae4090bc3c77fef10eddaa,0.053,,,
1265,2026-05-27,SH688082,0.09870634973049164,EXP_XGBModel_Alpha158_csi300_custom_step0_s_20260527_16,89da24e8feae4090bc3c77fef10eddaa,0.053,,,
1266,2026-05-27,SH600919,0.05237706005573273,EXP_XGBModel_Alpha158_csi300_custom_step0_s_20260527_16,89da24e8feae4090bc3c77fef10eddaa,0.053,,,
1267,2026-05-27,SH600926,0.03472725674510002,EXP_XGBModel_Alpha158_csi300_custom_step0_s_20260527_16,89da24e8feae4090bc3c77fef10eddaa,0.053,,,
1268,2026-05-27,SH600930,-0.010665776208043098,EXP_XGBModel_Alpha158_csi300_custom_step0_s_20260527_16,89da24e8feae4090bc3c77fef10eddaa,0.053,,,
1269,2026-05-27,SH600938,-0.014413898810744286,EXP_XGBModel_Alpha158_csi300_custom_step0_s_20260527_16,89da24e8feae4090bc3c77fef10eddaa,0.053,,,
1270,2026-05-27,SH600941,-0.004094023257493973,EXP_XGBModel_Alpha158_csi300_custom_step0_s_20260527_16,89da24e8feae4090bc3c77fef10eddaa,0.053,,,
1271,2026-05-27,SH600958,0.016670498996973038,EXP_XGBModel_Alpha158_csi300_custom_step0_s_20260527_16,89da24e8feae4090bc3c77fef10eddaa,0.053,,,
1272,2026-05-27,SH600989,-0.022871024906635284,EXP_XGBModel_Alpha158_csi300_custom_step0_s_20260527_16,89da24e8feae4090bc3c77fef10eddaa,0.053,,,
1273,2026-05-27,SH600999,-0.015841733664274216,EXP_XGBModel_Alpha158_csi300_custom_step0_s_20260527_16,89da24e8feae4090bc3c77fef10eddaa,0.053,,,
1274,2026-05-27,SH601006,-0.0040137809701263905,EXP_XGBModel_Alpha158_csi300_custom_step0_s_20260527_16,89da24e8feae4090bc3c77fef10eddaa,0.053,,,
1275,2026-05-27,SH601009,-0.002649474423378706,EXP_XGBModel_Alpha158_csi300_custom_step0_s_20260527_16,89da24e8feae4090bc3c77fef10eddaa,0.053,,,
1276,2026-05-27,SH601012,-0.0128379687666893,EXP_XGBModel_Alpha158_csi300_custom_step0_s_20260527_16,89da24e8feae4090bc3c77fef10eddaa,0.053,,,
1277,2026-05-27,SH601018,0.015999609604477882,EXP_XGBModel_Alpha158_csi300_custom_step0_s_20260527_16,89da24e8feae4090bc3c77fef10eddaa,0.053,,,
1278,2026-05-27,SH601021,-0.029346449300646782,EXP_XGBModel_Alpha158_csi300_custom_step0_s_20260527_16,89da24e8feae4090bc3c77fef10eddaa,0.053,,,
1279,2026-05-27,SH601058,-0.03444958105683327,EXP_XGBModel_Alpha158_csi300_custom_step0_s_20260527_16,89da24e8feae4090bc3c77fef10eddaa,0.053,,,
1280,2026-05-27,SH601059,0.04356055706739426,EXP_XGBModel_Alpha158_csi300_custom_step0_s_20260527_16,89da24e8feae4090bc3c77fef10eddaa,0.053,,,
1281,2026-05-27,SH601066,-0.03918420895934105,EXP_XGBModel_Alpha158_csi300_custom_step0_s_20260527_16,89da24e8feae4090bc3c77fef10eddaa,0.053,,,
1282,2026-05-27,SH601077,0.012119170278310776,EXP_XGBModel_Alpha158_csi300_custom_step0_s_20260527_16,89da24e8feae4090bc3c77fef10eddaa,0.053,,,
1283,2026-05-27,SH601236,0.0017508754972368479,EXP_XGBModel_Alpha158_csi300_custom_step0_s_20260527_16,89da24e8feae4090bc3c77fef10eddaa,0.053,,,
1284,2026-05-27,SH601229,-0.014091705903410912,EXP_XGBModel_Alpha158_csi300_custom_step0_s_20260527_16,89da24e8feae4090bc3c77fef10eddaa,0.053,,,
1285,2026-05-27,SH601225,-0.027193499729037285,EXP_XGBModel_Alpha158_csi300_custom_step0_s_20260527_16,89da24e8feae4090bc3c77fef10eddaa,0.053,,,
1286,2026-05-27,SH601211,0.013819217681884766,EXP_XGBModel_Alpha158_csi300_custom_step0_s_20260527_16,89da24e8feae4090bc3c77fef10eddaa,0.053,,,
1287,2026-05-27,SH601186,-0.003864455036818981,EXP_XGBModel_Alpha158_csi300_custom_step0_s_20260527_16,89da24e8feae4090bc3c77fef10eddaa,0.053,,,
1288,2026-05-27,SH601169,0.01843842677772045,EXP_XGBModel_Alpha158_csi300_custom_step0_s_20260527_16,89da24e8feae4090bc3c77fef10eddaa,0.053,,,
1289,2026-05-27,SH600918,-0.010978695005178452,EXP_XGBModel_Alpha158_csi300_custom_step0_s_20260527_16,89da24e8feae4090bc3c77fef10eddaa,0.053,,,
1290,2026-05-27,SH601166,0.028567498549818993,EXP_XGBModel_Alpha158_csi300_custom_step0_s_20260527_16,89da24e8feae4090bc3c77fef10eddaa,0.053,,,
1291,2026-05-27,SH601136,-0.03565482422709465,EXP_XGBModel_Alpha158_csi300_custom_step0_s_20260527_16,89da24e8feae4090bc3c77fef10eddaa,0.053,,,
1292,2026-05-27,SH601127,-0.0854940116405487,EXP_XGBModel_Alpha158_csi300_custom_step0_s_20260527_16,89da24e8feae4090bc3c77fef10eddaa,0.053,,,
1293,2026-05-27,SH601117,-0.015335137024521828,EXP_XGBModel_Alpha158_csi300_custom_step0_s_20260527_16,89da24e8feae4090bc3c77fef10eddaa,0.053,,,
1294,2026-05-27,SH601111,-0.02292182296514511,EXP_XGBModel_Alpha158_csi300_custom_step0_s_20260527_16,89da24e8feae4090bc3c77fef10eddaa,0.053,,,
1295,2026-05-27,SH601100,-0.008082563057541847,EXP_XGBModel_Alpha158_csi300_custom_step0_s_20260527_16,89da24e8feae4090bc3c77fef10eddaa,0.053,,,
1296,2026-05-27,SH601088,0.01944454200565815,EXP_XGBModel_Alpha158_csi300_custom_step0_s_20260527_16,89da24e8feae4090bc3c77fef10eddaa,0.053,,,
1297,2026-05-27,SH601138,-0.1514880210161209,EXP_XGBModel_Alpha158_csi300_custom_step0_s_20260527_16,89da24e8feae4090bc3c77fef10eddaa,0.053,,,
1298,2026-05-27,SH601238,0.0033921487629413605,EXP_XGBModel_Alpha158_csi300_custom_step0_s_20260527_16,89da24e8feae4090bc3c77fef10eddaa,0.053,,,
1299,2026-05-27,SH600905,0.042845264077186584,EXP_XGBModel_Alpha158_csi300_custom_step0_s_20260527_16,89da24e8feae4090bc3c77fef10eddaa,0.053,,,
1300,2026-05-27,SH600893,-0.03884321451187134,EXP_XGBModel_Alpha158_csi300_custom_step0_s_20260527_16,89da24e8feae4090bc3c77fef10eddaa,0.053,,,
1301,2026-05-27,SH600372,-0.06789456307888031,EXP_XGBModel_Alpha158_csi300_custom_step0_s_20260527_16,89da24e8feae4090bc3c77fef10eddaa,0.053,,,
1302,2026-05-27,SH600377,0.08346933126449585,EXP_XGBModel_Alpha158_csi300_custom_step0_s_20260527_16,89da24e8feae4090bc3c77fef10eddaa,0.053,,,
1303,2026-05-27,SH600406,-0.019578395411372185,EXP_XGBModel_Alpha158_csi300_custom_step0_s_20260527_16,89da24e8feae4090bc3c77fef10eddaa,0.053,,,
1304,2026-05-27,SH600415,-0.06487873941659927,EXP_XGBModel_Alpha158_csi300_custom_step0_s_20260527_16,89da24e8feae4090bc3c77fef10eddaa,0.053,,,
1305,2026-05-27,SH600426,0.03511998802423477,EXP_XGBModel_Alpha158_csi300_custom_step0_s_20260527_16,89da24e8feae4090bc3c77fef10eddaa,0.053,,,
1306,2026-05-27,SH600436,-0.04129992797970772,EXP_XGBModel_Alpha158_csi300_custom_step0_s_20260527_16,89da24e8feae4090bc3c77fef10eddaa,0.053,,,
1307,2026-05-27,SH600438,0.011621154844760895,EXP_XGBModel_Alpha158_csi300_custom_step0_s_20260527_16,89da24e8feae4090bc3c77fef10eddaa,0.053,,,
1308,2026-05-27,SH600460,-0.3754355311393738,EXP_XGBModel_Alpha158_csi300_custom_step0_s_20260527_16,89da24e8feae4090bc3c77fef10eddaa,0.053,,,
1309,2026-05-27,SH600482,0.005872344132512808,EXP_XGBModel_Alpha158_csi300_custom_step0_s_20260527_16,89da24e8feae4090bc3c77fef10eddaa,0.053,,,
1310,2026-05-27,SH600489,-0.043182626366615295,EXP_XGBModel_Alpha158_csi300_custom_step0_s_20260527_16,89da24e8feae4090bc3c77fef10eddaa,0.053,,,
1311,2026-05-27,SH600515,-0.017272310331463814,EXP_XGBModel_Alpha158_csi300_custom_step0_s_20260527_16,89da24e8feae4090bc3c77fef10eddaa,0.053,,,
1312,2026-05-27,SH600519,-0.013117620721459389,EXP_XGBModel_Alpha158_csi300_custom_step0_s_20260527_16,89da24e8feae4090bc3c77fef10eddaa,0.053,,,
1313,2026-05-27,SH600522,0.05764709413051605,EXP_XGBModel_Alpha158_csi300_custom_step0_s_20260527_16,89da24e8feae4090bc3c77fef10eddaa,0.053,,,
1314,2026-05-27,SH600547,0.00240226648747921,EXP_XGBModel_Alpha158_csi300_custom_step0_s_20260527_16,89da24e8feae4090bc3c77fef10eddaa,0.053,,,
1315,2026-05-27,SH600570,-0.04014289006590843,EXP_XGBModel_Alpha158_csi300_custom_step0_s_20260527_16,89da24e8feae4090bc3c77fef10eddaa,0.053,,,
1316,2026-05-27,SH600584,-0.19856667518615723,EXP_XGBModel_Alpha158_csi300_custom_step0_s_20260527_16,89da24e8feae4090bc3c77fef10eddaa,0.053,,,
1317,2026-05-27,SH600585,-0.020085250958800316,EXP_XGBModel_Alpha158_csi300_custom_step0_s_20260527_16,89da24e8feae4090bc3c77fef10eddaa,0.053,,,
1318,2026-05-27,SH600887,-0.02091561071574688,EXP_XGBModel_Alpha158_csi300_custom_step0_s_20260527_16,89da24e8feae4090bc3c77fef10eddaa,0.053,,,
1319,2026-05-27,SH600886,0.05775940790772438,EXP_XGBModel_Alpha158_csi300_custom_step0_s_20260527_16,89da24e8feae4090bc3c77fef10eddaa,0.053,,,
1320,2026-05-27,SH600875,-0.03072563372552395,EXP_XGBModel_Alpha158_csi300_custom_step0_s_20260527_16,89da24e8feae4090bc3c77fef10eddaa,0.053,,,
1321,2026-05-27,SH600845,-0.04376395046710968,EXP_XGBModel_Alpha158_csi300_custom_step0_s_20260527_16,89da24e8feae4090bc3c77fef10eddaa,0.053,,,
1322,2026-05-27,SH600809,0.006913724821060896,EXP_XGBModel_Alpha158_csi300_custom_step0_s_20260527_16,89da24e8feae4090bc3c77fef10eddaa,0.053,,,
1323,2026-05-27,SH600803,-0.031247371807694435,EXP_XGBModel_Alpha158_csi300_custom_step0_s_20260527_16,89da24e8feae4090bc3c77fef10eddaa,0.053,,,
1324,2026-05-27,SH600900,0.06242832913994789,EXP_XGBModel_Alpha158_csi300_custom_step0_s_20260527_16,89da24e8feae4090bc3c77fef10eddaa,0.053,,,
1325,2026-05-27,SH600795,0.042875710874795914,EXP_XGBModel_Alpha158_csi300_custom_step0_s_20260527_16,89da24e8feae4090bc3c77fef10eddaa,0.053,,,
1326,2026-05-27,SH600741,0.009625671431422234,EXP_XGBModel_Alpha158_csi300_custom_step0_s_20260527_16,89da24e8feae4090bc3c77fef10eddaa,0.053,,,
1327,2026-05-27,SH600690,-0.031025810167193413,EXP_XGBModel_Alpha158_csi300_custom_step0_s_20260527_16,89da24e8feae4090bc3c77fef10eddaa,0.053,,,
1328,2026-05-27,SH600674,0.035819102078676224,EXP_XGBModel_Alpha158_csi300_custom_step0_s_20260527_16,89da24e8feae4090bc3c77fef10eddaa,0.053,,,
1329,2026-05-27,SH600660,-0.010282840579748154,EXP_XGBModel_Alpha158_csi300_custom_step0_s_20260527_16,89da24e8feae4090bc3c77fef10eddaa,0.053,,,
1330,2026-05-27,SH600600,0.011237112805247307,EXP_XGBModel_Alpha158_csi300_custom_step0_s_20260527_16,89da24e8feae4090bc3c77fef10eddaa,0.053,,,
1331,2026-05-27,SH600588,-0.08507783710956573,EXP_XGBModel_Alpha158_csi300_custom_step0_s_20260527_16,89da24e8feae4090bc3c77fef10eddaa,0.053,,,
1332,2026-05-27,SH600760,-0.09822802990674973,EXP_XGBModel_Alpha158_csi300_custom_step0_s_20260527_16,89da24e8feae4090bc3c77fef10eddaa,0.053,,,
1333,2026-05-27,SH601288,-0.00013502658111974597,EXP_XGBModel_Alpha158_csi300_custom_step0_s_20260527_16,89da24e8feae4090bc3c77fef10eddaa,0.053,,,
1334,2026-05-27,SH601298,0.03673446550965309,EXP_XGBModel_Alpha158_csi300_custom_step0_s_20260527_16,89da24e8feae4090bc3c77fef10eddaa,0.053,,,
1335,2026-05-27,SH601318,-0.005910420324653387,EXP_XGBModel_Alpha158_csi300_custom_step0_s_20260527_16,89da24e8feae4090bc3c77fef10eddaa,0.053,,,
1336,2026-05-27,SH601898,-0.03682781755924225,EXP_XGBModel_Alpha158_csi300_custom_step0_s_20260527_16,89da24e8feae4090bc3c77fef10eddaa,0.053,,,
1337,2026-05-27,SH601899,-0.04699734225869179,EXP_XGBModel_Alpha158_csi300_custom_step0_s_20260527_16,89da24e8feae4090bc3c77fef10eddaa,0.053,,,
1338,2026-05-27,SH601901,0.03863506019115448,EXP_XGBModel_Alpha158_csi300_custom_step0_s_20260527_16,89da24e8feae4090bc3c77fef10eddaa,0.053,,,
1339,2026-05-27,SH601916,0.04917527362704277,EXP_XGBModel_Alpha158_csi300_custom_step0_s_20260527_16,89da24e8feae4090bc3c77fef10eddaa,0.053,,,
1340,2026-05-27,SH601919,-0.012354925274848938,EXP_XGBModel_Alpha158_csi300_custom_step0_s_20260527_16,89da24e8feae4090bc3c77fef10eddaa,0.053,,,
1341,2026-05-27,SH601939,0.07832962274551392,EXP_XGBModel_Alpha158_csi300_custom_step0_s_20260527_16,89da24e8feae4090bc3c77fef10eddaa,0.053,,,
1342,2026-05-27,SH601985,-0.003884952049702406,EXP_XGBModel_Alpha158_csi300_custom_step0_s_20260527_16,89da24e8feae4090bc3c77fef10eddaa,0.053,,,
1343,2026-05-27,SH601988,0.08859101682901382,EXP_XGBModel_Alpha158_csi300_custom_step0_s_20260527_16,89da24e8feae4090bc3c77fef10eddaa,0.053,,,
1344,2026-05-27,SH601995,0.06097155064344406,EXP_XGBModel_Alpha158_csi300_custom_step0_s_20260527_16,89da24e8feae4090bc3c77fef10eddaa,0.053,,,
1345,2026-05-27,SH601998,-0.013985032215714455,EXP_XGBModel_Alpha158_csi300_custom_step0_s_20260527_16,89da24e8feae4090bc3c77fef10eddaa,0.053,,,
1346,2026-05-27,SH603019,-0.05576612055301666,EXP_XGBModel_Alpha158_csi300_custom_step0_s_20260527_16,89da24e8feae4090bc3c77fef10eddaa,0.053,,,
1347,2026-05-27,SH603195,0.0043495590798556805,EXP_XGBModel_Alpha158_csi300_custom_step0_s_20260527_16,89da24e8feae4090bc3c77fef10eddaa,0.053,,,
1348,2026-05-27,SH603259,0.027384569868445396,EXP_XGBModel_Alpha158_csi300_custom_step0_s_20260527_16,89da24e8feae4090bc3c77fef10eddaa,0.053,,,
1349,2026-05-27,SH603260,-0.019359003752470016,EXP_XGBModel_Alpha158_csi300_custom_step0_s_20260527_16,89da24e8feae4090bc3c77fef10eddaa,0.053,,,
1350,2026-05-27,SH603288,-0.023169832304120064,EXP_XGBModel_Alpha158_csi300_custom_step0_s_20260527_16,89da24e8feae4090bc3c77fef10eddaa,0.053,,,
1351,2026-05-27,SH603296,-0.07185937464237213,EXP_XGBModel_Alpha158_csi300_custom_step0_s_20260527_16,89da24e8feae4090bc3c77fef10eddaa,0.053,,,
1352,2026-05-27,SH603369,-0.006590123288333416,EXP_XGBModel_Alpha158_csi300_custom_step0_s_20260527_16,89da24e8feae4090bc3c77fef10eddaa,0.053,,,
1353,2026-05-27,SH688047,0.021205876022577286,EXP_XGBModel_Alpha158_csi300_custom_step0_s_20260527_16,89da24e8feae4090bc3c77fef10eddaa,0.053,,,
1354,2026-05-27,SH688041,-0.22166645526885986,EXP_XGBModel_Alpha158_csi300_custom_step0_s_20260527_16,89da24e8feae4090bc3c77fef10eddaa,0.053,,,
1355,2026-05-27,SH688036,-0.006549599580466747,EXP_XGBModel_Alpha158_csi300_custom_step0_s_20260527_16,89da24e8feae4090bc3c77fef10eddaa,0.053,,,
1356,2026-05-27,SH688012,0.3651144802570343,EXP_XGBModel_Alpha158_csi300_custom_step0_s_20260527_16,89da24e8feae4090bc3c77fef10eddaa,0.053,,,
1357,2026-05-27,SH688009,0.02484770305454731,EXP_XGBModel_Alpha158_csi300_custom_step0_s_20260527_16,89da24e8feae4090bc3c77fef10eddaa,0.053,,,
1358,2026-05-27,SH688008,-0.3464459180831909,EXP_XGBModel_Alpha158_csi300_custom_step0_s_20260527_16,89da24e8feae4090bc3c77fef10eddaa,0.053,,,
1359,2026-05-27,SH601888,-0.00035185395972803235,EXP_XGBModel_Alpha158_csi300_custom_step0_s_20260527_16,89da24e8feae4090bc3c77fef10eddaa,0.053,,,
1360,2026-05-27,SH605499,-0.044392865151166916,EXP_XGBModel_Alpha158_csi300_custom_step0_s_20260527_16,89da24e8feae4090bc3c77fef10eddaa,0.053,,,
1361,2026-05-27,SH603993,-0.08983210474252701,EXP_XGBModel_Alpha158_csi300_custom_step0_s_20260527_16,89da24e8feae4090bc3c77fef10eddaa,0.053,,,
1362,2026-05-27,SH603986,-0.6030668616294861,EXP_XGBModel_Alpha158_csi300_custom_step0_s_20260527_16,89da24e8feae4090bc3c77fef10eddaa,0.053,,,
1363,2026-05-27,SH603893,-0.032130107283592224,EXP_XGBModel_Alpha158_csi300_custom_step0_s_20260527_16,89da24e8feae4090bc3c77fef10eddaa,0.053,,,
1364,2026-05-27,SH603799,-0.03635274991393089,EXP_XGBModel_Alpha158_csi300_custom_step0_s_20260527_16,89da24e8feae4090bc3c77fef10eddaa,0.053,,,
1365,2026-05-27,SH603501,-0.03897466883063316,EXP_XGBModel_Alpha158_csi300_custom_step0_s_20260527_16,89da24e8feae4090bc3c77fef10eddaa,0.053,,,
1366,2026-05-27,SH603392,-0.07675296068191528,EXP_XGBModel_Alpha158_csi300_custom_step0_s_20260527_16,89da24e8feae4090bc3c77fef10eddaa,0.053,,,
1367,2026-05-27,SH605117,-0.16214624047279358,EXP_XGBModel_Alpha158_csi300_custom_step0_s_20260527_16,89da24e8feae4090bc3c77fef10eddaa,0.053,,,
1368,2026-05-27,SH601881,0.0168472733348608,EXP_XGBModel_Alpha158_csi300_custom_step0_s_20260527_16,89da24e8feae4090bc3c77fef10eddaa,0.053,,,
1369,2026-05-27,SH601878,0.01599973812699318,EXP_XGBModel_Alpha158_csi300_custom_step0_s_20260527_16,89da24e8feae4090bc3c77fef10eddaa,0.053,,,
1370,2026-05-27,SH601877,-0.045014604926109314,EXP_XGBModel_Alpha158_csi300_custom_step0_s_20260527_16,89da24e8feae4090bc3c77fef10eddaa,0.053,,,
1371,2026-05-27,SH601633,0.0016298091504722834,EXP_XGBModel_Alpha158_csi300_custom_step0_s_20260527_16,89da24e8feae4090bc3c77fef10eddaa,0.053,,,
1372,2026-05-27,SH601628,-0.01025218516588211,EXP_XGBModel_Alpha158_csi300_custom_step0_s_20260527_16,89da24e8feae4090bc3c77fef10eddaa,0.053,,,
1373,2026-05-27,SH601618,0.016262715682387352,EXP_XGBModel_Alpha158_csi300_custom_step0_s_20260527_16,89da24e8feae4090bc3c77fef10eddaa,0.053,,,
1374,2026-05-27,SH601607,0.0221267007291317,EXP_XGBModel_Alpha158_csi300_custom_step0_s_20260527_16,89da24e8feae4090bc3c77fef10eddaa,0.053,,,
1375,2026-05-27,SH601601,-0.012347431853413582,EXP_XGBModel_Alpha158_csi300_custom_step0_s_20260527_16,89da24e8feae4090bc3c77fef10eddaa,0.053,,,
1376,2026-05-27,SH601600,-0.06274911016225815,EXP_XGBModel_Alpha158_csi300_custom_step0_s_20260527_16,89da24e8feae4090bc3c77fef10eddaa,0.053,,,
1377,2026-05-27,SH601658,0.021644745022058487,EXP_XGBModel_Alpha158_csi300_custom_step0_s_20260527_16,89da24e8feae4090bc3c77fef10eddaa,0.053,,,
1378,2026-05-27,SH601456,0.009886953979730606,EXP_XGBModel_Alpha158_csi300_custom_step0_s_20260527_16,89da24e8feae4090bc3c77fef10eddaa,0.053,,,
1379,2026-05-27,SH601390,-0.0058230930007994175,EXP_XGBModel_Alpha158_csi300_custom_step0_s_20260527_16,89da24e8feae4090bc3c77fef10eddaa,0.053,,,
1380,2026-05-27,SH601377,0.022370317950844765,EXP_XGBModel_Alpha158_csi300_custom_step0_s_20260527_16,89da24e8feae4090bc3c77fef10eddaa,0.053,,,
1381,2026-05-27,SH601360,-0.011516531929373741,EXP_XGBModel_Alpha158_csi300_custom_step0_s_20260527_16,89da24e8feae4090bc3c77fef10eddaa,0.053,,,
1382,2026-05-27,SH601336,-0.027575615793466568,EXP_XGBModel_Alpha158_csi300_custom_step0_s_20260527_16,89da24e8feae4090bc3c77fef10eddaa,0.053,,,
1383,2026-05-27,SH601328,0.030033867806196213,EXP_XGBModel_Alpha158_csi300_custom_step0_s_20260527_16,89da24e8feae4090bc3c77fef10eddaa,0.053,,,
1384,2026-05-27,SH601319,0.0031367915216833353,EXP_XGBModel_Alpha158_csi300_custom_step0_s_20260527_16,89da24e8feae4090bc3c77fef10eddaa,0.053,,,
1385,2026-05-27,SH601398,0.04464518278837204,EXP_XGBModel_Alpha158_csi300_custom_step0_s_20260527_16,89da24e8feae4090bc3c77fef10eddaa,0.053,,,
1386,2026-05-27,SH600039,0.08530641347169876,EXP_XGBModel_Alpha158_csi300_custom_step0_s_20260527_16,e29fd7dfeadf40bea9589a99fe8eaf79,0.078,,,
1387,2026-05-27,SH601668,0.01629934273660183,EXP_XGBModel_Alpha158_csi300_custom_step0_s_20260527_16,89da24e8feae4090bc3c77fef10eddaa,0.053,,,
1388,2026-05-27,SH601688,0.03209707885980606,EXP_XGBModel_Alpha158_csi300_custom_step0_s_20260527_16,89da24e8feae4090bc3c77fef10eddaa,0.053,,,
1389,2026-05-27,SH601872,-0.07588030397891998,EXP_XGBModel_Alpha158_csi300_custom_step0_s_20260527_16,89da24e8feae4090bc3c77fef10eddaa,0.053,,,
1390,2026-05-27,SH601868,0.010621845722198486,EXP_XGBModel_Alpha158_csi300_custom_step0_s_20260527_16,89da24e8feae4090bc3c77fef10eddaa,0.053,,,
1391,2026-05-27,SH601857,-0.04357164725661278,EXP_XGBModel_Alpha158_csi300_custom_step0_s_20260527_16,89da24e8feae4090bc3c77fef10eddaa,0.053,,,
1392,2026-05-27,SH601838,0.03632304072380066,EXP_XGBModel_Alpha158_csi300_custom_step0_s_20260527_16,89da24e8feae4090bc3c77fef10eddaa,0.053,,,
1393,2026-05-27,SH601825,0.010175058618187904,EXP_XGBModel_Alpha158_csi300_custom_step0_s_20260527_16,89da24e8feae4090bc3c77fef10eddaa,0.053,,,
1394,2026-05-27,SH601818,0.038715723901987076,EXP_XGBModel_Alpha158_csi300_custom_step0_s_20260527_16,89da24e8feae4090bc3c77fef10eddaa,0.053,,,
1395,2026-05-27,SH601669,-0.02887970209121704,EXP_XGBModel_Alpha158_csi300_custom_step0_s_20260527_16,89da24e8feae4090bc3c77fef10eddaa,0.053,,,
1396,2026-05-27,SH601816,0.023381199687719345,EXP_XGBModel_Alpha158_csi300_custom_step0_s_20260527_16,89da24e8feae4090bc3c77fef10eddaa,0.053,,,
1397,2026-05-27,SH601800,-0.013041660189628601,EXP_XGBModel_Alpha158_csi300_custom_step0_s_20260527_16,89da24e8feae4090bc3c77fef10eddaa,0.053,,,
1398,2026-05-27,SH601788,-0.01693868078291416,EXP_XGBModel_Alpha158_csi300_custom_step0_s_20260527_16,89da24e8feae4090bc3c77fef10eddaa,0.053,,,
1399,2026-05-27,SH601766,0.0026272134855389595,EXP_XGBModel_Alpha158_csi300_custom_step0_s_20260527_16,89da24e8feae4090bc3c77fef10eddaa,0.053,,,
1400,2026-05-27,SH601728,-0.038827039301395416,EXP_XGBModel_Alpha158_csi300_custom_step0_s_20260527_16,89da24e8feae4090bc3c77fef10eddaa,0.053,,,
1401,2026-05-27,SH601698,-0.03872227296233177,EXP_XGBModel_Alpha158_csi300_custom_step0_s_20260527_16,89da24e8feae4090bc3c77fef10eddaa,0.053,,,
1402,2026-05-27,SH601689,-0.04833897575736046,EXP_XGBModel_Alpha158_csi300_custom_step0_s_20260527_16,89da24e8feae4090bc3c77fef10eddaa,0.053,,,
1403,2026-05-27,SH601808,-0.0052683912217617035,EXP_XGBModel_Alpha158_csi300_custom_step0_s_20260527_16,89da24e8feae4090bc3c77fef10eddaa,0.053,,,
1404,2026-05-27,SH600362,0.0650637149810791,EXP_XGBModel_Alpha158_csi300_custom_step0_s_20260527_16,89da24e8feae4090bc3c77fef10eddaa,0.053,,,
1405,2026-05-27,SH600048,0.1129223182797432,EXP_XGBModel_Alpha158_csi300_custom_step0_s_20260527_16,e29fd7dfeadf40bea9589a99fe8eaf79,0.078,,,
1406,2026-05-27,SH600061,-0.016519837081432343,EXP_XGBModel_Alpha158_csi300_custom_step0_s_20260527_16,e29fd7dfeadf40bea9589a99fe8eaf79,0.078,,,
1407,2026-05-27,SZ000333,0.0032717599533498287,EXP_XGBModel_Alpha158_csi300_custom_step0_s_20260527_16,e29fd7dfeadf40bea9589a99fe8eaf79,0.078,,,
1408,2026-05-27,SZ000338,0.22673998773097992,EXP_XGBModel_Alpha158_csi300_custom_step0_s_20260527_16,e29fd7dfeadf40bea9589a99fe8eaf79,0.078,,,
1409,2026-05-27,SZ000408,-0.02196972444653511,EXP_XGBModel_Alpha158_csi300_custom_step0_s_20260527_16,e29fd7dfeadf40bea9589a99fe8eaf79,0.078,,,
1410,2026-05-27,SZ000425,-0.017659863457083702,EXP_XGBModel_Alpha158_csi300_custom_step0_s_20260527_16,e29fd7dfeadf40bea9589a99fe8eaf79,0.078,,,
1411,2026-05-27,SZ000538,-0.05924564599990845,EXP_XGBModel_Alpha158_csi300_custom_step0_s_20260527_16,e29fd7dfeadf40bea9589a99fe8eaf79,0.078,,,
1412,2026-05-27,SZ000568,-0.1626964658498764,EXP_XGBModel_Alpha158_csi300_custom_step0_s_20260527_16,e29fd7dfeadf40bea9589a99fe8eaf79,0.078,,,
1413,2026-05-27,SZ000596,0.009258212521672249,EXP_XGBModel_Alpha158_csi300_custom_step0_s_20260527_16,e29fd7dfeadf40bea9589a99fe8eaf79,0.078,,,
1414,2026-05-27,SZ000617,0.09087767452001572,EXP_XGBModel_Alpha158_csi300_custom_step0_s_20260527_16,e29fd7dfeadf40bea9589a99fe8eaf79,0.078,,,
1415,2026-05-27,SZ000625,0.1544201374053955,EXP_XGBModel_Alpha158_csi300_custom_step0_s_20260527_16,e29fd7dfeadf40bea9589a99fe8eaf79,0.078,,,
1416,2026-05-27,SZ000630,0.04159770533442497,EXP_XGBModel_Alpha158_csi300_custom_step0_s_20260527_16,e29fd7dfeadf40bea9589a99fe8eaf79,0.078,,,
1417,2026-05-27,SZ000651,-0.007017966825515032,EXP_XGBModel_Alpha158_csi300_custom_step0_s_20260527_16,e29fd7dfeadf40bea9589a99fe8eaf79,0.078,,,
1418,2026-05-27,SZ000661,-0.0601668581366539,EXP_XGBModel_Alpha158_csi300_custom_step0_s_20260527_16,e29fd7dfeadf40bea9589a99fe8eaf79,0.078,,,
1419,2026-05-27,SZ000708,-0.04367974027991295,EXP_XGBModel_Alpha158_csi300_custom_step0_s_20260527_16,e29fd7dfeadf40bea9589a99fe8eaf79,0.078,,,
1420,2026-05-27,SZ000725,-0.6290273070335388,EXP_XGBModel_Alpha158_csi300_custom_step0_s_20260527_16,e29fd7dfeadf40bea9589a99fe8eaf79,0.078,,,
1421,2026-05-27,SZ000768,0.04115993529558182,EXP_XGBModel_Alpha158_csi300_custom_step0_s_20260527_16,e29fd7dfeadf40bea9589a99fe8eaf79,0.078,,,
1422,2026-05-27,SZ000776,0.018134543672204018,EXP_XGBModel_Alpha158_csi300_custom_step0_s_20260527_16,e29fd7dfeadf40bea9589a99fe8eaf79,0.078,,,
1423,2026-05-27,SZ000786,0.1435195952653885,EXP_XGBModel_Alpha158_csi300_custom_step0_s_20260527_16,e29fd7dfeadf40bea9589a99fe8eaf79,0.078,,,
1424,2026-05-27,SZ001979,0.1442197859287262,EXP_XGBModel_Alpha158_csi300_custom_step0_s_20260527_16,e29fd7dfeadf40bea9589a99fe8eaf79,0.078,,,
1425,2026-05-27,SZ001965,-0.006480091251432896,EXP_XGBModel_Alpha158_csi300_custom_step0_s_20260527_16,e29fd7dfeadf40bea9589a99fe8eaf79,0.078,,,
1426,2026-05-27,SZ001391,-0.0482359416782856,EXP_XGBModel_Alpha158_csi300_custom_step0_s_20260527_16,e29fd7dfeadf40bea9589a99fe8eaf79,0.078,,,
1427,2026-05-27,SZ000999,-0.025257330387830734,EXP_XGBModel_Alpha158_csi300_custom_step0_s_20260527_16,e29fd7dfeadf40bea9589a99fe8eaf79,0.078,,,
1428,2026-05-27,SZ000983,0.024965625256299973,EXP_XGBModel_Alpha158_csi300_custom_step0_s_20260527_16,e29fd7dfeadf40bea9589a99fe8eaf79,0.078,,,
1429,2026-05-27,SZ000977,0.014512227848172188,EXP_XGBModel_Alpha158_csi300_custom_step0_s_20260527_16,e29fd7dfeadf40bea9589a99fe8eaf79,0.078,,,
1430,2026-05-27,SZ000301,0.026767082512378693,EXP_XGBModel_Alpha158_csi300_custom_step0_s_20260527_16,e29fd7dfeadf40bea9589a99fe8eaf79,0.078,,,
1431,2026-05-27,SZ000975,0.06577713787555695,EXP_XGBModel_Alpha158_csi300_custom_step0_s_20260527_16,e29fd7dfeadf40bea9589a99fe8eaf79,0.078,,,
1432,2026-05-27,SZ000938,0.030286738649010658,EXP_XGBModel_Alpha158_csi300_custom_step0_s_20260527_16,e29fd7dfeadf40bea9589a99fe8eaf79,0.078,,,
1433,2026-05-27,SZ000895,-0.04724355787038803,EXP_XGBModel_Alpha158_csi300_custom_step0_s_20260527_16,e29fd7dfeadf40bea9589a99fe8eaf79,0.078,,,
1434,2026-05-27,SZ000876,-0.020672228187322617,EXP_XGBModel_Alpha158_csi300_custom_step0_s_20260527_16,e29fd7dfeadf40bea9589a99fe8eaf79,0.078,,,
1435,2026-05-27,SZ000858,0.2000592201948166,EXP_XGBModel_Alpha158_csi300_custom_step0_s_20260527_16,e29fd7dfeadf40bea9589a99fe8eaf79,0.078,,,
1436,2026-05-27,SZ000807,-0.03359527513384819,EXP_XGBModel_Alpha158_csi300_custom_step0_s_20260527_16,e29fd7dfeadf40bea9589a99fe8eaf79,0.078,,,
1437,2026-05-27,SZ000792,0.6303456425666809,EXP_XGBModel_Alpha158_csi300_custom_step0_s_20260527_16,e29fd7dfeadf40bea9589a99fe8eaf79,0.078,,,
1438,2026-05-27,SZ000963,-0.03289584815502167,EXP_XGBModel_Alpha158_csi300_custom_step0_s_20260527_16,e29fd7dfeadf40bea9589a99fe8eaf79,0.078,,,
1439,2026-05-27,SZ002001,-0.008748626336455345,EXP_XGBModel_Alpha158_csi300_custom_step0_s_20260527_16,e29fd7dfeadf40bea9589a99fe8eaf79,0.078,,,
1440,2026-05-27,SZ000166,-0.04865961894392967,EXP_XGBModel_Alpha158_csi300_custom_step0_s_20260527_16,e29fd7dfeadf40bea9589a99fe8eaf79,0.078,,,
1441,2026-05-27,SZ000100,0.10645254701375961,EXP_XGBModel_Alpha158_csi300_custom_step0_s_20260527_16,e29fd7dfeadf40bea9589a99fe8eaf79,0.078,,,
1442,2026-05-27,SH603369,-0.133054718375206,EXP_XGBModel_Alpha158_csi300_custom_step0_s_20260527_16,e29fd7dfeadf40bea9589a99fe8eaf79,0.078,,,
1443,2026-05-27,SH603392,-0.13902384042739868,EXP_XGBModel_Alpha158_csi300_custom_step0_s_20260527_16,e29fd7dfeadf40bea9589a99fe8eaf79,0.078,,,
1444,2026-05-27,SH603501,0.007232858333736658,EXP_XGBModel_Alpha158_csi300_custom_step0_s_20260527_16,e29fd7dfeadf40bea9589a99fe8eaf79,0.078,,,
1445,2026-05-27,SH603799,0.4631944000720978,EXP_XGBModel_Alpha158_csi300_custom_step0_s_20260527_16,e29fd7dfeadf40bea9589a99fe8eaf79,0.078,,,
1446,2026-05-27,SH603893,0.025134025141596794,EXP_XGBModel_Alpha158_csi300_custom_step0_s_20260527_16,e29fd7dfeadf40bea9589a99fe8eaf79,0.078,,,
1447,2026-05-27,SH603986,-1.7824617624282837,EXP_XGBModel_Alpha158_csi300_custom_step0_s_20260527_16,e29fd7dfeadf40bea9589a99fe8eaf79,0.078,,,
1448,2026-05-27,SH603993,-0.05555027350783348,EXP_XGBModel_Alpha158_csi300_custom_step0_s_20260527_16,e29fd7dfeadf40bea9589a99fe8eaf79,0.078,,,
1449,2026-05-27,SH605117,0.1524711400270462,EXP_XGBModel_Alpha158_csi300_custom_step0_s_20260527_16,e29fd7dfeadf40bea9589a99fe8eaf79,0.078,,,
1450,2026-05-27,SH605499,0.03502243757247925,EXP_XGBModel_Alpha158_csi300_custom_step0_s_20260527_16,e29fd7dfeadf40bea9589a99fe8eaf79,0.078,,,
1451,2026-05-27,SH688008,-0.5778717994689941,EXP_XGBModel_Alpha158_csi300_custom_step0_s_20260527_16,e29fd7dfeadf40bea9589a99fe8eaf79,0.078,,,
1452,2026-05-27,SH688009,-0.0379035584628582,EXP_XGBModel_Alpha158_csi300_custom_step0_s_20260527_16,e29fd7dfeadf40bea9589a99fe8eaf79,0.078,,,
1453,2026-05-27,SH688012,-0.1810981035232544,EXP_XGBModel_Alpha158_csi300_custom_step0_s_20260527_16,e29fd7dfeadf40bea9589a99fe8eaf79,0.078,,,
1454,2026-05-27,SH688036,0.07034517824649811,EXP_XGBModel_Alpha158_csi300_custom_step0_s_20260527_16,e29fd7dfeadf40bea9589a99fe8eaf79,0.078,,,
1455,2026-05-27,SH688041,0.14671245217323303,EXP_XGBModel_Alpha158_csi300_custom_step0_s_20260527_16,e29fd7dfeadf40bea9589a99fe8eaf79,0.078,,,
1456,2026-05-27,SH688047,0.02631709910929203,EXP_XGBModel_Alpha158_csi300_custom_step0_s_20260527_16,e29fd7dfeadf40bea9589a99fe8eaf79,0.078,,,
1457,2026-05-27,SH688082,-0.5951411128044128,EXP_XGBModel_Alpha158_csi300_custom_step0_s_20260527_16,e29fd7dfeadf40bea9589a99fe8eaf79,0.078,,,
1458,2026-05-27,SH688111,0.002434531459584832,EXP_XGBModel_Alpha158_csi300_custom_step0_s_20260527_16,e29fd7dfeadf40bea9589a99fe8eaf79,0.078,,,
1459,2026-05-27,SZ000063,0.02528124861419201,EXP_XGBModel_Alpha158_csi300_custom_step0_s_20260527_16,e29fd7dfeadf40bea9589a99fe8eaf79,0.078,,,
1460,2026-05-27,SZ000002,0.2790794372558594,EXP_XGBModel_Alpha158_csi300_custom_step0_s_20260527_16,e29fd7dfeadf40bea9589a99fe8eaf79,0.078,,,
1461,2026-05-27,SZ000001,-0.042857516556978226,EXP_XGBModel_Alpha158_csi300_custom_step0_s_20260527_16,e29fd7dfeadf40bea9589a99fe8eaf79,0.078,,,
1462,2026-05-27,SH688981,-0.24239765107631683,EXP_XGBModel_Alpha158_csi300_custom_step0_s_20260527_16,e29fd7dfeadf40bea9589a99fe8eaf79,0.078,,,
1463,2026-05-27,SH688506,0.19437682628631592,EXP_XGBModel_Alpha158_csi300_custom_step0_s_20260527_16,e29fd7dfeadf40bea9589a99fe8eaf79,0.078,,,
1464,2026-05-27,SH688472,0.13238869607448578,EXP_XGBModel_Alpha158_csi300_custom_step0_s_20260527_16,e29fd7dfeadf40bea9589a99fe8eaf79,0.078,,,
1465,2026-05-27,SZ000157,-0.0062303259037435055,EXP_XGBModel_Alpha158_csi300_custom_step0_s_20260527_16,e29fd7dfeadf40bea9589a99fe8eaf79,0.078,,,
1466,2026-05-27,SH688396,0.24404719471931458,EXP_XGBModel_Alpha158_csi300_custom_step0_s_20260527_16,e29fd7dfeadf40bea9589a99fe8eaf79,0.078,,,
1467,2026-05-27,SH688271,0.02413872629404068,EXP_XGBModel_Alpha158_csi300_custom_step0_s_20260527_16,e29fd7dfeadf40bea9589a99fe8eaf79,0.078,,,
1468,2026-05-27,SH688256,0.07637138664722443,EXP_XGBModel_Alpha158_csi300_custom_step0_s_20260527_16,e29fd7dfeadf40bea9589a99fe8eaf79,0.078,,,
1469,2026-05-27,SH688223,0.10988209396600723,EXP_XGBModel_Alpha158_csi300_custom_step0_s_20260527_16,e29fd7dfeadf40bea9589a99fe8eaf79,0.078,,,
1470,2026-05-27,SH688187,0.098317451775074,EXP_XGBModel_Alpha158_csi300_custom_step0_s_20260527_16,e29fd7dfeadf40bea9589a99fe8eaf79,0.078,,,
1471,2026-05-27,SH688169,0.12545126676559448,EXP_XGBModel_Alpha158_csi300_custom_step0_s_20260527_16,e29fd7dfeadf40bea9589a99fe8eaf79,0.078,,,
1472,2026-05-27,SH688126,0.11681392788887024,EXP_XGBModel_Alpha158_csi300_custom_step0_s_20260527_16,e29fd7dfeadf40bea9589a99fe8eaf79,0.078,,,
1473,2026-05-27,SH688303,0.06385087966918945,EXP_XGBModel_Alpha158_csi300_custom_step0_s_20260527_16,e29fd7dfeadf40bea9589a99fe8eaf79,0.078,,,
1474,2026-05-27,SH603296,0.30475786328315735,EXP_XGBModel_Alpha158_csi300_custom_step0_s_20260527_16,e29fd7dfeadf40bea9589a99fe8eaf79,0.078,,,
1475,2026-05-27,SZ002027,-0.012896833010017872,EXP_XGBModel_Alpha158_csi300_custom_step0_s_20260527_16,e29fd7dfeadf40bea9589a99fe8eaf79,0.078,,,
1476,2026-05-27,SZ002049,0.14868341386318207,EXP_XGBModel_Alpha158_csi300_custom_step0_s_20260527_16,e29fd7dfeadf40bea9589a99fe8eaf79,0.078,,,
1477,2026-05-27,SZ300033,0.10348908603191376,EXP_XGBModel_Alpha158_csi300_custom_step0_s_20260527_16,e29fd7dfeadf40bea9589a99fe8eaf79,0.078,,,
1478,2026-05-27,SZ300059,-0.0017816757317632437,EXP_XGBModel_Alpha158_csi300_custom_step0_s_20260527_16,e29fd7dfeadf40bea9589a99fe8eaf79,0.078,,,
1479,2026-05-27,SZ300122,-0.08468425273895264,EXP_XGBModel_Alpha158_csi300_custom_step0_s_20260527_16,e29fd7dfeadf40bea9589a99fe8eaf79,0.078,,,
1480,2026-05-27,SZ300124,0.025183873251080513,EXP_XGBModel_Alpha158_csi300_custom_step0_s_20260527_16,e29fd7dfeadf40bea9589a99fe8eaf79,0.078,,,
1481,2026-05-27,SZ300251,0.1372717022895813,EXP_XGBModel_Alpha158_csi300_custom_step0_s_20260527_16,e29fd7dfeadf40bea9589a99fe8eaf79,0.078,,,
1482,2026-05-27,SZ300274,0.37429648637771606,EXP_XGBModel_Alpha158_csi300_custom_step0_s_20260527_16,e29fd7dfeadf40bea9589a99fe8eaf79,0.078,,,
1483,2026-05-27,SZ300308,0.5113722085952759,EXP_XGBModel_Alpha158_csi300_custom_step0_s_20260527_16,e29fd7dfeadf40bea9589a99fe8eaf79,0.078,,,
1484,2026-05-27,SZ300316,-0.09904421865940094,EXP_XGBModel_Alpha158_csi300_custom_step0_s_20260527_16,e29fd7dfeadf40bea9589a99fe8eaf79,0.078,,,
1485,2026-05-27,SZ300347,0.2794250249862671,EXP_XGBModel_Alpha158_csi300_custom_step0_s_20260527_16,e29fd7dfeadf40bea9589a99fe8eaf79,0.078,,,
1486,2026-05-27,SZ300394,-0.007402367889881134,EXP_XGBModel_Alpha158_csi300_custom_step0_s_20260527_16,e29fd7dfeadf40bea9589a99fe8eaf79,0.078,,,
1487,2026-05-27,SZ300408,-0.46364977955818176,EXP_XGBModel_Alpha158_csi300_custom_step0_s_20260527_16,e29fd7dfeadf40bea9589a99fe8eaf79,0.078,,,
1488,2026-05-27,SZ300413,0.03188307210803032,EXP_XGBModel_Alpha158_csi300_custom_step0_s_20260527_16,e29fd7dfeadf40bea9589a99fe8eaf79,0.078,,,
1489,2026-05-27,SZ300418,-0.04622199386358261,EXP_XGBModel_Alpha158_csi300_custom_step0_s_20260527_16,e29fd7dfeadf40bea9589a99fe8eaf79,0.078,,,
1490,2026-05-27,SZ300433,-0.3515004813671112,EXP_XGBModel_Alpha158_csi300_custom_step0_s_20260527_16,e29fd7dfeadf40bea9589a99fe8eaf79,0.078,,,
1491,2026-05-27,SZ300442,0.1843319684267044,EXP_XGBModel_Alpha158_csi300_custom_step0_s_20260527_16,e29fd7dfeadf40bea9589a99fe8eaf79,0.078,,,
1492,2026-05-27,SZ300476,0.14507988095283508,EXP_XGBModel_Alpha158_csi300_custom_step0_s_20260527_16,e29fd7dfeadf40bea9589a99fe8eaf79,0.078,,,
1493,2026-05-27,SZ300498,0.031229950487613678,EXP_XGBModel_Alpha158_csi300_custom_step0_s_20260527_16,e29fd7dfeadf40bea9589a99fe8eaf79,0.078,,,
1494,2026-05-27,SZ301236,0.1509471833705902,EXP_XGBModel_Alpha158_csi300_custom_step0_s_20260527_16,e29fd7dfeadf40bea9589a99fe8eaf79,0.078,,,
1495,2026-05-27,SZ300999,-0.0007990299491211772,EXP_XGBModel_Alpha158_csi300_custom_step0_s_20260527_16,e29fd7dfeadf40bea9589a99fe8eaf79,0.078,,,
1496,2026-05-27,SZ300979,0.12737654149532318,EXP_XGBModel_Alpha158_csi300_custom_step0_s_20260527_16,e29fd7dfeadf40bea9589a99fe8eaf79,0.078,,,
1497,2026-05-27,SZ300896,0.08598941564559937,EXP_XGBModel_Alpha158_csi300_custom_step0_s_20260527_16,e29fd7dfeadf40bea9589a99fe8eaf79,0.078,,,
1498,2026-05-27,SZ300866,0.04323607683181763,EXP_XGBModel_Alpha158_csi300_custom_step0_s_20260527_16,e29fd7dfeadf40bea9589a99fe8eaf79,0.078,,,
1499,2026-05-27,SZ300832,0.02669205144047737,EXP_XGBModel_Alpha158_csi300_custom_step0_s_20260527_16,e29fd7dfeadf40bea9589a99fe8eaf79,0.078,,,
1500,2026-05-27,SZ300015,-0.06351735442876816,EXP_XGBModel_Alpha158_csi300_custom_step0_s_20260527_16,e29fd7dfeadf40bea9589a99fe8eaf79,0.078,,,
1501,2026-05-27,SZ300803,-0.005787938367575407,EXP_XGBModel_Alpha158_csi300_custom_step0_s_20260527_16,e29fd7dfeadf40bea9589a99fe8eaf79,0.078,,,
1502,2026-05-27,SZ300760,-0.018692493438720703,EXP_XGBModel_Alpha158_csi300_custom_step0_s_20260527_16,e29fd7dfeadf40bea9589a99fe8eaf79,0.078,,,
1503,2026-05-27,SZ300759,0.03906272351741791,EXP_XGBModel_Alpha158_csi300_custom_step0_s_20260527_16,e29fd7dfeadf40bea9589a99fe8eaf79,0.078,,,
1504,2026-05-27,SZ300750,0.03017784096300602,EXP_XGBModel_Alpha158_csi300_custom_step0_s_20260527_16,e29fd7dfeadf40bea9589a99fe8eaf79,0.078,,,
1505,2026-05-27,SZ300661,0.2583308219909668,EXP_XGBModel_Alpha158_csi300_custom_step0_s_20260527_16,e29fd7dfeadf40bea9589a99fe8eaf79,0.078,,,
1506,2026-05-27,SZ300628,0.02658672071993351,EXP_XGBModel_Alpha158_csi300_custom_step0_s_20260527_16,e29fd7dfeadf40bea9589a99fe8eaf79,0.078,,,
1507,2026-05-27,SZ300502,-0.014592604711651802,EXP_XGBModel_Alpha158_csi300_custom_step0_s_20260527_16,e29fd7dfeadf40bea9589a99fe8eaf79,0.078,,,
1508,2026-05-27,SZ300782,0.12462302297353745,EXP_XGBModel_Alpha158_csi300_custom_step0_s_20260527_16,e29fd7dfeadf40bea9589a99fe8eaf79,0.078,,,
1509,2026-05-27,SZ002028,0.12408561259508133,EXP_XGBModel_Alpha158_csi300_custom_step0_s_20260527_16,e29fd7dfeadf40bea9589a99fe8eaf79,0.078,,,
1510,2026-05-27,SZ300014,0.005739129614084959,EXP_XGBModel_Alpha158_csi300_custom_step0_s_20260527_16,e29fd7dfeadf40bea9589a99fe8eaf79,0.078,,,
1511,2026-05-27,SZ002938,-0.1545078307390213,EXP_XGBModel_Alpha158_csi300_custom_step0_s_20260527_16,e29fd7dfeadf40bea9589a99fe8eaf79,0.078,,,
1512,2026-05-27,SZ002050,-0.0979752317070961,EXP_XGBModel_Alpha158_csi300_custom_step0_s_20260527_16,e29fd7dfeadf40bea9589a99fe8eaf79,0.078,,,
1513,2026-05-27,SZ002074,0.08739984780550003,EXP_XGBModel_Alpha158_csi300_custom_step0_s_20260527_16,e29fd7dfeadf40bea9589a99fe8eaf79,0.078,,,
1514,2026-05-27,SZ002142,-0.048842694610357285,EXP_XGBModel_Alpha158_csi300_custom_step0_s_20260527_16,e29fd7dfeadf40bea9589a99fe8eaf79,0.078,,,
1515,2026-05-27,SZ002179,-0.09514845907688141,EXP_XGBModel_Alpha158_csi300_custom_step0_s_20260527_16,e29fd7dfeadf40bea9589a99fe8eaf79,0.078,,,
1516,2026-05-27,SZ002230,0.0019677283708006144,EXP_XGBModel_Alpha158_csi300_custom_step0_s_20260527_16,e29fd7dfeadf40bea9589a99fe8eaf79,0.078,,,
1517,2026-05-27,SZ002236,0.04572616145014763,EXP_XGBModel_Alpha158_csi300_custom_step0_s_20260527_16,e29fd7dfeadf40bea9589a99fe8eaf79,0.078,,,
1518,2026-05-27,SZ002241,0.11006203293800354,EXP_XGBModel_Alpha158_csi300_custom_step0_s_20260527_16,e29fd7dfeadf40bea9589a99fe8eaf79,0.078,,,
1519,2026-05-27,SZ002252,-0.015155903995037079,EXP_XGBModel_Alpha158_csi300_custom_step0_s_20260527_16,e29fd7dfeadf40bea9589a99fe8eaf79,0.078,,,
1520,2026-05-27,SZ002304,-0.025587018579244614,EXP_XGBModel_Alpha158_csi300_custom_step0_s_20260527_16,e29fd7dfeadf40bea9589a99fe8eaf79,0.078,,,
1521,2026-05-27,SZ002311,-0.039320483803749084,EXP_XGBModel_Alpha158_csi300_custom_step0_s_20260527_16,e29fd7dfeadf40bea9589a99fe8eaf79,0.078,,,
1522,2026-05-27,SZ002352,-0.019378984346985817,EXP_XGBModel_Alpha158_csi300_custom_step0_s_20260527_16,e29fd7dfeadf40bea9589a99fe8eaf79,0.078,,,
1523,2026-05-27,SZ002371,0.17893624305725098,EXP_XGBModel_Alpha158_csi300_custom_step0_s_20260527_16,e29fd7dfeadf40bea9589a99fe8eaf79,0.078,,,
1524,2026-05-27,SZ002384,0.505364716053009,EXP_XGBModel_Alpha158_csi300_custom_step0_s_20260527_16,e29fd7dfeadf40bea9589a99fe8eaf79,0.078,,,
1525,2026-05-27,SZ002415,0.0001373770646750927,EXP_XGBModel_Alpha158_csi300_custom_step0_s_20260527_16,e29fd7dfeadf40bea9589a99fe8eaf79,0.078,,,
1526,2026-05-27,SZ002422,-0.01896877959370613,EXP_XGBModel_Alpha158_csi300_custom_step0_s_20260527_16,e29fd7dfeadf40bea9589a99fe8eaf79,0.078,,,
1527,2026-05-27,SZ002459,0.09529256075620651,EXP_XGBModel_Alpha158_csi300_custom_step0_s_20260527_16,e29fd7dfeadf40bea9589a99fe8eaf79,0.078,,,
1528,2026-05-27,SZ002460,0.009295640513300896,EXP_XGBModel_Alpha158_csi300_custom_step0_s_20260527_16,e29fd7dfeadf40bea9589a99fe8eaf79,0.078,,,
1529,2026-05-27,SZ002920,0.2787407338619232,EXP_XGBModel_Alpha158_csi300_custom_step0_s_20260527_16,e29fd7dfeadf40bea9589a99fe8eaf79,0.078,,,
1530,2026-05-27,SZ002916,-0.46938979625701904,EXP_XGBModel_Alpha158_csi300_custom_step0_s_20260527_16,e29fd7dfeadf40bea9589a99fe8eaf79,0.078,,,
1531,2026-05-27,SZ002736,-0.04825534299015999,EXP_XGBModel_Alpha158_csi300_custom_step0_s_20260527_16,e29fd7dfeadf40bea9589a99fe8eaf79,0.078,,,
1532,2026-05-27,SZ002714,0.00987323373556137,EXP_XGBModel_Alpha158_csi300_custom_step0_s_20260527_16,e29fd7dfeadf40bea9589a99fe8eaf79,0.078,,,
1533,2026-05-27,SZ002709,0.30508658289909363,EXP_XGBModel_Alpha158_csi300_custom_step0_s_20260527_16,e29fd7dfeadf40bea9589a99fe8eaf79,0.078,,,
1534,2026-05-27,SZ002648,0.15995055437088013,EXP_XGBModel_Alpha158_csi300_custom_step0_s_20260527_16,e29fd7dfeadf40bea9589a99fe8eaf79,0.078,,,
1535,2026-05-27,SZ003816,-0.01907447539269924,EXP_XGBModel_Alpha158_csi300_custom_step0_s_20260527_16,e29fd7dfeadf40bea9589a99fe8eaf79,0.078,,,
1536,2026-05-27,SZ002625,0.0034669607412070036,EXP_XGBModel_Alpha158_csi300_custom_step0_s_20260527_16,e29fd7dfeadf40bea9589a99fe8eaf79,0.078,,,
1537,2026-05-27,SZ002600,-0.03162286430597305,EXP_XGBModel_Alpha158_csi300_custom_step0_s_20260527_16,e29fd7dfeadf40bea9589a99fe8eaf79,0.078,,,
1538,2026-05-27,SZ002594,-0.03438219428062439,EXP_XGBModel_Alpha158_csi300_custom_step0_s_20260527_16,e29fd7dfeadf40bea9589a99fe8eaf79,0.078,,,
1539,2026-05-27,SZ002493,0.07304971665143967,EXP_XGBModel_Alpha158_csi300_custom_step0_s_20260527_16,e29fd7dfeadf40bea9589a99fe8eaf79,0.078,,,
1540,2026-05-27,SZ002475,0.5199449062347412,EXP_XGBModel_Alpha158_csi300_custom_step0_s_20260527_16,e29fd7dfeadf40bea9589a99fe8eaf79,0.078,,,
1541,2026-05-27,SZ002466,-0.05368894711136818,EXP_XGBModel_Alpha158_csi300_custom_step0_s_20260527_16,e29fd7dfeadf40bea9589a99fe8eaf79,0.078,,,
1542,2026-05-27,SZ002463,-0.22280195355415344,EXP_XGBModel_Alpha158_csi300_custom_step0_s_20260527_16,e29fd7dfeadf40bea9589a99fe8eaf79,0.078,,,
1543,2026-05-27,SZ002601,0.2188889980316162,EXP_XGBModel_Alpha158_csi300_custom_step0_s_20260527_16,e29fd7dfeadf40bea9589a99fe8eaf79,0.078,,,
1544,2026-05-27,SH603288,0.008006904274225235,EXP_XGBModel_Alpha158_csi300_custom_step0_s_20260527_16,e29fd7dfeadf40bea9589a99fe8eaf79,0.078,,,
1545,2026-05-27,SH603260,0.055363964289426804,EXP_XGBModel_Alpha158_csi300_custom_step0_s_20260527_16,e29fd7dfeadf40bea9589a99fe8eaf79,0.078,,,
1546,2026-05-27,SH603259,0.002834068611264229,EXP_XGBModel_Alpha158_csi300_custom_step0_s_20260527_16,e29fd7dfeadf40bea9589a99fe8eaf79,0.078,,,
1547,2026-05-27,SH600585,-0.04864906892180443,EXP_XGBModel_Alpha158_csi300_custom_step0_s_20260527_16,e29fd7dfeadf40bea9589a99fe8eaf79,0.078,,,
1548,2026-05-27,SH600588,0.32078999280929565,EXP_XGBModel_Alpha158_csi300_custom_step0_s_20260527_16,e29fd7dfeadf40bea9589a99fe8eaf79,0.078,,,
1549,2026-05-27,SH600600,-0.030002862215042114,EXP_XGBModel_Alpha158_csi300_custom_step0_s_20260527_16,e29fd7dfeadf40bea9589a99fe8eaf79,0.078,,,
1550,2026-05-27,SH600660,-0.03511931374669075,EXP_XGBModel_Alpha158_csi300_custom_step0_s_20260527_16,e29fd7dfeadf40bea9589a99fe8eaf79,0.078,,,
1551,2026-05-27,SH600674,-0.003719824831932783,EXP_XGBModel_Alpha158_csi300_custom_step0_s_20260527_16,e29fd7dfeadf40bea9589a99fe8eaf79,0.078,,,
1552,2026-05-27,SH600690,-0.010610256344079971,EXP_XGBModel_Alpha158_csi300_custom_step0_s_20260527_16,e29fd7dfeadf40bea9589a99fe8eaf79,0.078,,,
1553,2026-05-27,SH600741,-0.028950205072760582,EXP_XGBModel_Alpha158_csi300_custom_step0_s_20260527_16,e29fd7dfeadf40bea9589a99fe8eaf79,0.078,,,
1554,2026-05-27,SH600760,0.09981644153594971,EXP_XGBModel_Alpha158_csi300_custom_step0_s_20260527_16,e29fd7dfeadf40bea9589a99fe8eaf79,0.078,,,
1555,2026-05-27,SH600795,0.0057317838072776794,EXP_XGBModel_Alpha158_csi300_custom_step0_s_20260527_16,e29fd7dfeadf40bea9589a99fe8eaf79,0.078,,,
1556,2026-05-27,SH600803,-0.002717762952670455,EXP_XGBModel_Alpha158_csi300_custom_step0_s_20260527_16,e29fd7dfeadf40bea9589a99fe8eaf79,0.078,,,
1557,2026-05-27,SH600809,0.03529645502567291,EXP_XGBModel_Alpha158_csi300_custom_step0_s_20260527_16,e29fd7dfeadf40bea9589a99fe8eaf79,0.078,,,
1558,2026-05-27,SH600845,0.021798983216285706,EXP_XGBModel_Alpha158_csi300_custom_step0_s_20260527_16,e29fd7dfeadf40bea9589a99fe8eaf79,0.078,,,
1559,2026-05-27,SH600875,0.06056204065680504,EXP_XGBModel_Alpha158_csi300_custom_step0_s_20260527_16,e29fd7dfeadf40bea9589a99fe8eaf79,0.078,,,
1560,2026-05-27,SH600886,-0.022736752405762672,EXP_XGBModel_Alpha158_csi300_custom_step0_s_20260527_16,e29fd7dfeadf40bea9589a99fe8eaf79,0.078,,,
1561,2026-05-27,SH600887,0.025084100663661957,EXP_XGBModel_Alpha158_csi300_custom_step0_s_20260527_16,e29fd7dfeadf40bea9589a99fe8eaf79,0.078,,,
1562,2026-05-27,SH600893,0.051921118050813675,EXP_XGBModel_Alpha158_csi300_custom_step0_s_20260527_16,e29fd7dfeadf40bea9589a99fe8eaf79,0.078,,,
1563,2026-05-27,SH600900,-0.02365201525390148,EXP_XGBModel_Alpha158_csi300_custom_step0_s_20260527_16,e29fd7dfeadf40bea9589a99fe8eaf79,0.078,,,
1564,2026-05-27,SH601018,-0.08534195274114609,EXP_XGBModel_Alpha158_csi300_custom_step0_s_20260527_16,e29fd7dfeadf40bea9589a99fe8eaf79,0.078,,,
1565,2026-05-27,SH601012,0.35671547055244446,EXP_XGBModel_Alpha158_csi300_custom_step0_s_20260527_16,e29fd7dfeadf40bea9589a99fe8eaf79,0.078,,,
1566,2026-05-27,SH601009,-0.06725393235683441,EXP_XGBModel_Alpha158_csi300_custom_step0_s_20260527_16,e29fd7dfeadf40bea9589a99fe8eaf79,0.078,,,
1567,2026-05-27,SH601006,-0.0178085770457983,EXP_XGBModel_Alpha158_csi300_custom_step0_s_20260527_16,e29fd7dfeadf40bea9589a99fe8eaf79,0.078,,,
1568,2026-05-27,SH600999,0.01663825660943985,EXP_XGBModel_Alpha158_csi300_custom_step0_s_20260527_16,e29fd7dfeadf40bea9589a99fe8eaf79,0.078,,,
1569,2026-05-27,SH600989,0.3131711483001709,EXP_XGBModel_Alpha158_csi300_custom_step0_s_20260527_16,e29fd7dfeadf40bea9589a99fe8eaf79,0.078,,,
1570,2026-05-27,SH600584,-1.3023099899291992,EXP_XGBModel_Alpha158_csi300_custom_step0_s_20260527_16,e29fd7dfeadf40bea9589a99fe8eaf79,0.078,,,
1571,2026-05-27,SH600958,-0.004993437323719263,EXP_XGBModel_Alpha158_csi300_custom_step0_s_20260527_16,e29fd7dfeadf40bea9589a99fe8eaf79,0.078,,,
1572,2026-05-27,SH600938,-0.04218697547912598,EXP_XGBModel_Alpha158_csi300_custom_step0_s_20260527_16,e29fd7dfeadf40bea9589a99fe8eaf79,0.078,,,
1573,2026-05-27,SH600930,0.020612535998225212,EXP_XGBModel_Alpha158_csi300_custom_step0_s_20260527_16,e29fd7dfeadf40bea9589a99fe8eaf79,0.078,,,
1574,2026-05-27,SH600926,-0.05098625645041466,EXP_XGBModel_Alpha158_csi300_custom_step0_s_20260527_16,e29fd7dfeadf40bea9589a99fe8eaf79,0.078,,,
1575,2026-05-27,SH600919,-0.004053856711834669,EXP_XGBModel_Alpha158_csi300_custom_step0_s_20260527_16,e29fd7dfeadf40bea9589a99fe8eaf79,0.078,,,
1576,2026-05-27,SH600918,-0.021238120272755623,EXP_XGBModel_Alpha158_csi300_custom_step0_s_20260527_16,e29fd7dfeadf40bea9589a99fe8eaf79,0.078,,,
1577,2026-05-27,SH600905,-0.04316962882876396,EXP_XGBModel_Alpha158_csi300_custom_step0_s_20260527_16,e29fd7dfeadf40bea9589a99fe8eaf79,0.078,,,
1578,2026-05-27,SH600941,0.0036044148728251457,EXP_XGBModel_Alpha158_csi300_custom_step0_s_20260527_16,e29fd7dfeadf40bea9589a99fe8eaf79,0.078,,,
1579,2026-05-27,SH601021,-0.029369477182626724,EXP_XGBModel_Alpha158_csi300_custom_step0_s_20260527_16,e29fd7dfeadf40bea9589a99fe8eaf79,0.078,,,
1580,2026-05-27,SH600570,-0.04372774064540863,EXP_XGBModel_Alpha158_csi300_custom_step0_s_20260527_16,e29fd7dfeadf40bea9589a99fe8eaf79,0.078,,,
1581,2026-05-27,SH600522,0.22047585248947144,EXP_XGBModel_Alpha158_csi300_custom_step0_s_20260527_16,e29fd7dfeadf40bea9589a99fe8eaf79,0.078,,,
1582,2026-05-27,SH600066,-0.004366394132375717,EXP_XGBModel_Alpha158_csi300_custom_step0_s_20260527_16,e29fd7dfeadf40bea9589a99fe8eaf79,0.078,,,
1583,2026-05-27,SH600085,-0.0055085704661905766,EXP_XGBModel_Alpha158_csi300_custom_step0_s_20260527_16,e29fd7dfeadf40bea9589a99fe8eaf79,0.078,,,
1584,2026-05-27,SH600089,0.032584626227617264,EXP_XGBModel_Alpha158_csi300_custom_step0_s_20260527_16,e29fd7dfeadf40bea9589a99fe8eaf79,0.078,,,
1585,2026-05-27,SH600104,-0.019507206976413727,EXP_XGBModel_Alpha158_csi300_custom_step0_s_20260527_16,e29fd7dfeadf40bea9589a99fe8eaf79,0.078,,,
1586,2026-05-27,SH600111,0.1710696667432785,EXP_XGBModel_Alpha158_csi300_custom_step0_s_20260527_16,e29fd7dfeadf40bea9589a99fe8eaf79,0.078,,,
1587,2026-05-27,SH600115,-0.014896580018103123,EXP_XGBModel_Alpha158_csi300_custom_step0_s_20260527_16,e29fd7dfeadf40bea9589a99fe8eaf79,0.078,,,
1588,2026-05-27,SH600150,0.21592184901237488,EXP_XGBModel_Alpha158_csi300_custom_step0_s_20260527_16,e29fd7dfeadf40bea9589a99fe8eaf79,0.078,,,
1589,2026-05-27,SH600160,0.1803034394979477,EXP_XGBModel_Alpha158_csi300_custom_step0_s_20260527_16,e29fd7dfeadf40bea9589a99fe8eaf79,0.078,,,
1590,2026-05-27,SH600161,0.001101582427509129,EXP_XGBModel_Alpha158_csi300_custom_step0_s_20260527_16,e29fd7dfeadf40bea9589a99fe8eaf79,0.078,,,
1591,2026-05-27,SH600176,0.07774171978235245,EXP_XGBModel_Alpha158_csi300_custom_step0_s_20260527_16,e29fd7dfeadf40bea9589a99fe8eaf79,0.078,,,
1592,2026-05-27,SH600183,-0.045049235224723816,EXP_XGBModel_Alpha158_csi300_custom_step0_s_20260527_16,e29fd7dfeadf40bea9589a99fe8eaf79,0.078,,,
1593,2026-05-27,SH600188,0.01567874290049076,EXP_XGBModel_Alpha158_csi300_custom_step0_s_20260527_16,e29fd7dfeadf40bea9589a99fe8eaf79,0.078,,,
1594,2026-05-27,SH600196,-0.021990904584527016,EXP_XGBModel_Alpha158_csi300_custom_step0_s_20260527_16,e29fd7dfeadf40bea9589a99fe8eaf79,0.078,,,
1595,2026-05-27,SH600219,-0.056603118777275085,EXP_XGBModel_Alpha158_csi300_custom_step0_s_20260527_16,e29fd7dfeadf40bea9589a99fe8eaf79,0.078,,,
1596,2026-05-27,SH600233,-0.03214448690414429,EXP_XGBModel_Alpha158_csi300_custom_step0_s_20260527_16,e29fd7dfeadf40bea9589a99fe8eaf79,0.078,,,
1597,2026-05-27,SH600276,-0.035227835178375244,EXP_XGBModel_Alpha158_csi300_custom_step0_s_20260527_16,e29fd7dfeadf40bea9589a99fe8eaf79,0.078,,,
1598,2026-05-27,SH600309,-0.014201671816408634,EXP_XGBModel_Alpha158_csi300_custom_step0_s_20260527_16,e29fd7dfeadf40bea9589a99fe8eaf79,0.078,,,
1599,2026-05-27,SH600519,0.01664968766272068,EXP_XGBModel_Alpha158_csi300_custom_step0_s_20260527_16,e29fd7dfeadf40bea9589a99fe8eaf79,0.078,,,
1600,2026-05-27,SH600515,-0.04185430705547333,EXP_XGBModel_Alpha158_csi300_custom_step0_s_20260527_16,e29fd7dfeadf40bea9589a99fe8eaf79,0.078,,,
1601,2026-05-27,SH600489,0.05527711659669876,EXP_XGBModel_Alpha158_csi300_custom_step0_s_20260527_16,e29fd7dfeadf40bea9589a99fe8eaf79,0.078,,,
1602,2026-05-27,SH600482,0.10902021825313568,EXP_XGBModel_Alpha158_csi300_custom_step0_s_20260527_16,e29fd7dfeadf40bea9589a99fe8eaf79,0.078,,,
1603,2026-05-27,SH600460,0.01972801610827446,EXP_XGBModel_Alpha158_csi300_custom_step0_s_20260527_16,e29fd7dfeadf40bea9589a99fe8eaf79,0.078,,,
1604,2026-05-27,SH600438,0.11271626502275467,EXP_XGBModel_Alpha158_csi300_custom_step0_s_20260527_16,e29fd7dfeadf40bea9589a99fe8eaf79,0.078,,,
1605,2026-05-27,SH600547,1.1023398637771606,EXP_XGBModel_Alpha158_csi300_custom_step0_s_20260527_16,e29fd7dfeadf40bea9589a99fe8eaf79,0.078,,,
1606,2026-05-27,SH600436,-0.0373678095638752,EXP_XGBModel_Alpha158_csi300_custom_step0_s_20260527_16,e29fd7dfeadf40bea9589a99fe8eaf79,0.078,,,
1607,2026-05-27,SH600415,0.01758415438234806,EXP_XGBModel_Alpha158_csi300_custom_step0_s_20260527_16,e29fd7dfeadf40bea9589a99fe8eaf79,0.078,,,
1608,2026-05-27,SH600406,0.001805892214179039,EXP_XGBModel_Alpha158_csi300_custom_step0_s_20260527_16,e29fd7dfeadf40bea9589a99fe8eaf79,0.078,,,
1609,2026-05-27,SH600377,-0.009908684529364109,EXP_XGBModel_Alpha158_csi300_custom_step0_s_20260527_16,e29fd7dfeadf40bea9589a99fe8eaf79,0.078,,,
1610,2026-05-27,SH600372,0.12332525849342346,EXP_XGBModel_Alpha158_csi300_custom_step0_s_20260527_16,e29fd7dfeadf40bea9589a99fe8eaf79,0.078,,,
1611,2026-05-27,SH600362,0.0014875181950628757,EXP_XGBModel_Alpha158_csi300_custom_step0_s_20260527_16,e29fd7dfeadf40bea9589a99fe8eaf79,0.078,,,
1612,2026-05-27,SH600346,0.3915382921695709,EXP_XGBModel_Alpha158_csi300_custom_step0_s_20260527_16,e29fd7dfeadf40bea9589a99fe8eaf79,0.078,,,
1613,2026-05-27,SH600426,0.48546645045280457,EXP_XGBModel_Alpha158_csi300_custom_step0_s_20260527_16,e29fd7dfeadf40bea9589a99fe8eaf79,0.078,,,
1614,2026-05-27,SH601058,-0.019744934514164925,EXP_XGBModel_Alpha158_csi300_custom_step0_s_20260527_16,e29fd7dfeadf40bea9589a99fe8eaf79,0.078,,,
1615,2026-05-27,SH601059,-0.016093002632260323,EXP_XGBModel_Alpha158_csi300_custom_step0_s_20260527_16,e29fd7dfeadf40bea9589a99fe8eaf79,0.078,,,
1616,2026-05-27,SH601066,-0.019595013931393623,EXP_XGBModel_Alpha158_csi300_custom_step0_s_20260527_16,e29fd7dfeadf40bea9589a99fe8eaf79,0.078,,,
1617,2026-05-27,SH601688,-0.004020910244435072,EXP_XGBModel_Alpha158_csi300_custom_step0_s_20260527_16,e29fd7dfeadf40bea9589a99fe8eaf79,0.078,,,
1618,2026-05-27,SH601689,0.1575814038515091,EXP_XGBModel_Alpha158_csi300_custom_step0_s_20260527_16,e29fd7dfeadf40bea9589a99fe8eaf79,0.078,,,
1619,2026-05-27,SH601698,0.11243908852338791,EXP_XGBModel_Alpha158_csi300_custom_step0_s_20260527_16,e29fd7dfeadf40bea9589a99fe8eaf79,0.078,,,
1620,2026-05-27,SH601728,0.12135441601276398,EXP_XGBModel_Alpha158_csi300_custom_step0_s_20260527_16,e29fd7dfeadf40bea9589a99fe8eaf79,0.078,,,
1621,2026-05-27,SH601766,-0.038498297333717346,EXP_XGBModel_Alpha158_csi300_custom_step0_s_20260527_16,e29fd7dfeadf40bea9589a99fe8eaf79,0.078,,,
1622,2026-05-27,SH601788,-0.012920479290187359,EXP_XGBModel_Alpha158_csi300_custom_step0_s_20260527_16,e29fd7dfeadf40bea9589a99fe8eaf79,0.078,,,
1623,2026-05-27,SH601800,-0.0018865889869630337,EXP_XGBModel_Alpha158_csi300_custom_step0_s_20260527_16,e29fd7dfeadf40bea9589a99fe8eaf79,0.078,,,
1624,2026-05-27,SH601808,0.01584780216217041,EXP_XGBModel_Alpha158_csi300_custom_step0_s_20260527_16,e29fd7dfeadf40bea9589a99fe8eaf79,0.078,,,
1625,2026-05-27,SH601816,-0.03804754093289375,EXP_XGBModel_Alpha158_csi300_custom_step0_s_20260527_16,e29fd7dfeadf40bea9589a99fe8eaf79,0.078,,,
1626,2026-05-27,SH601818,-0.05231441184878349,EXP_XGBModel_Alpha158_csi300_custom_step0_s_20260527_16,e29fd7dfeadf40bea9589a99fe8eaf79,0.078,,,
1627,2026-05-27,SH601825,-0.06983477622270584,EXP_XGBModel_Alpha158_csi300_custom_step0_s_20260527_16,e29fd7dfeadf40bea9589a99fe8eaf79,0.078,,,
1628,2026-05-27,SH601838,0.004172188229858875,EXP_XGBModel_Alpha158_csi300_custom_step0_s_20260527_16,e29fd7dfeadf40bea9589a99fe8eaf79,0.078,,,
1629,2026-05-27,SH601857,0.04153439402580261,EXP_XGBModel_Alpha158_csi300_custom_step0_s_20260527_16,e29fd7dfeadf40bea9589a99fe8eaf79,0.078,,,
1630,2026-05-27,SH601868,0.02004520781338215,EXP_XGBModel_Alpha158_csi300_custom_step0_s_20260527_16,e29fd7dfeadf40bea9589a99fe8eaf79,0.078,,,
1631,2026-05-27,SH601872,0.1386779099702835,EXP_XGBModel_Alpha158_csi300_custom_step0_s_20260527_16,e29fd7dfeadf40bea9589a99fe8eaf79,0.078,,,
1632,2026-05-27,SH601877,0.008489732630550861,EXP_XGBModel_Alpha158_csi300_custom_step0_s_20260527_16,e29fd7dfeadf40bea9589a99fe8eaf79,0.078,,,
1633,2026-05-27,SH601878,-0.005931580439209938,EXP_XGBModel_Alpha158_csi300_custom_step0_s_20260527_16,e29fd7dfeadf40bea9589a99fe8eaf79,0.078,,,
1634,2026-05-27,SH603195,0.02259606122970581,EXP_XGBModel_Alpha158_csi300_custom_step0_s_20260527_16,e29fd7dfeadf40bea9589a99fe8eaf79,0.078,,,
1635,2026-05-27,SH603019,-0.04792662709951401,EXP_XGBModel_Alpha158_csi300_custom_step0_s_20260527_16,e29fd7dfeadf40bea9589a99fe8eaf79,0.078,,,
1636,2026-05-27,SH601998,-0.014258095994591713,EXP_XGBModel_Alpha158_csi300_custom_step0_s_20260527_16,e29fd7dfeadf40bea9589a99fe8eaf79,0.078,,,
1637,2026-05-27,SH601995,-0.009370236657559872,EXP_XGBModel_Alpha158_csi300_custom_step0_s_20260527_16,e29fd7dfeadf40bea9589a99fe8eaf79,0.078,,,
1638,2026-05-27,SH601988,-0.024532420560717583,EXP_XGBModel_Alpha158_csi300_custom_step0_s_20260527_16,e29fd7dfeadf40bea9589a99fe8eaf79,0.078,,,
1639,2026-05-27,SH601985,-0.040355365723371506,EXP_XGBModel_Alpha158_csi300_custom_step0_s_20260527_16,e29fd7dfeadf40bea9589a99fe8eaf79,0.078,,,
1640,2026-05-27,SH601669,-0.014581194147467613,EXP_XGBModel_Alpha158_csi300_custom_step0_s_20260527_16,e29fd7dfeadf40bea9589a99fe8eaf79,0.078,,,
1641,2026-05-27,SH601939,-0.011356409639120102,EXP_XGBModel_Alpha158_csi300_custom_step0_s_20260527_16,e29fd7dfeadf40bea9589a99fe8eaf79,0.078,,,
1642,2026-05-27,SH601916,-0.044076140969991684,EXP_XGBModel_Alpha158_csi300_custom_step0_s_20260527_16,e29fd7dfeadf40bea9589a99fe8eaf79,0.078,,,
1643,2026-05-27,SH601901,-0.022545915096998215,EXP_XGBModel_Alpha158_csi300_custom_step0_s_20260527_16,e29fd7dfeadf40bea9589a99fe8eaf79,0.078,,,
1644,2026-05-27,SH601899,-0.019206974655389786,EXP_XGBModel_Alpha158_csi300_custom_step0_s_20260527_16,e29fd7dfeadf40bea9589a99fe8eaf79,0.078,,,
1645,2026-05-27,SH601898,-0.012438351288437843,EXP_XGBModel_Alpha158_csi300_custom_step0_s_20260527_16,e29fd7dfeadf40bea9589a99fe8eaf79,0.078,,,
1646,2026-05-27,SH601888,0.205491304397583,EXP_XGBModel_Alpha158_csi300_custom_step0_s_20260527_16,e29fd7dfeadf40bea9589a99fe8eaf79,0.078,,,
1647,2026-05-27,SH601881,0.005741116125136614,EXP_XGBModel_Alpha158_csi300_custom_step0_s_20260527_16,e29fd7dfeadf40bea9589a99fe8eaf79,0.078,,,
1648,2026-05-27,SH601919,-0.02389567717909813,EXP_XGBModel_Alpha158_csi300_custom_step0_s_20260527_16,e29fd7dfeadf40bea9589a99fe8eaf79,0.078,,,
1649,2026-05-27,SH601668,-0.06193581223487854,EXP_XGBModel_Alpha158_csi300_custom_step0_s_20260527_16,e29fd7dfeadf40bea9589a99fe8eaf79,0.078,,,
1650,2026-05-27,SH601658,-0.04395122826099396,EXP_XGBModel_Alpha158_csi300_custom_step0_s_20260527_16,e29fd7dfeadf40bea9589a99fe8eaf79,0.078,,,
1651,2026-05-27,SH601633,-0.08753961324691772,EXP_XGBModel_Alpha158_csi300_custom_step0_s_20260527_16,e29fd7dfeadf40bea9589a99fe8eaf79,0.078,,,
1652,2026-05-27,SH601229,-0.06106023117899895,EXP_XGBModel_Alpha158_csi300_custom_step0_s_20260527_16,e29fd7dfeadf40bea9589a99fe8eaf79,0.078,,,
1653,2026-05-27,SH601225,-0.12318459898233414,EXP_XGBModel_Alpha158_csi300_custom_step0_s_20260527_16,e29fd7dfeadf40bea9589a99fe8eaf79,0.078,,,
1654,2026-05-27,SH601211,-0.037484098225831985,EXP_XGBModel_Alpha158_csi300_custom_step0_s_20260527_16,e29fd7dfeadf40bea9589a99fe8eaf79,0.078,,,
1655,2026-05-27,SH601186,-0.07580253481864929,EXP_XGBModel_Alpha158_csi300_custom_step0_s_20260527_16,e29fd7dfeadf40bea9589a99fe8eaf79,0.078,,,
1656,2026-05-27,SH601169,-0.08390907198190689,EXP_XGBModel_Alpha158_csi300_custom_step0_s_20260527_16,e29fd7dfeadf40bea9589a99fe8eaf79,0.078,,,
1657,2026-05-27,SH601166,-0.040626734495162964,EXP_XGBModel_Alpha158_csi300_custom_step0_s_20260527_16,e29fd7dfeadf40bea9589a99fe8eaf79,0.078,,,
1658,2026-05-27,SH601236,-0.037857603281736374,EXP_XGBModel_Alpha158_csi300_custom_step0_s_20260527_16,e29fd7dfeadf40bea9589a99fe8eaf79,0.078,,,
1659,2026-05-27,SH601138,0.28963810205459595,EXP_XGBModel_Alpha158_csi300_custom_step0_s_20260527_16,e29fd7dfeadf40bea9589a99fe8eaf79,0.078,,,
1660,2026-05-27,SH601127,0.10271221399307251,EXP_XGBModel_Alpha158_csi300_custom_step0_s_20260527_16,e29fd7dfeadf40bea9589a99fe8eaf79,0.078,,,
1661,2026-05-27,SH601117,-0.06465571373701096,EXP_XGBModel_Alpha158_csi300_custom_step0_s_20260527_16,e29fd7dfeadf40bea9589a99fe8eaf79,0.078,,,
1662,2026-05-27,SH601111,-0.00646649906411767,EXP_XGBModel_Alpha158_csi300_custom_step0_s_20260527_16,e29fd7dfeadf40bea9589a99fe8eaf79,0.078,,,
1663,2026-05-27,SH601100,0.005437423940747976,EXP_XGBModel_Alpha158_csi300_custom_step0_s_20260527_16,e29fd7dfeadf40bea9589a99fe8eaf79,0.078,,,
1664,2026-05-27,SH601088,-0.059177301824092865,EXP_XGBModel_Alpha158_csi300_custom_step0_s_20260527_16,e29fd7dfeadf40bea9589a99fe8eaf79,0.078,,,
1665,2026-05-27,SH601077,-0.07654169946908951,EXP_XGBModel_Alpha158_csi300_custom_step0_s_20260527_16,e29fd7dfeadf40bea9589a99fe8eaf79,0.078,,,
1666,2026-05-27,SH601136,-0.05132250487804413,EXP_XGBModel_Alpha158_csi300_custom_step0_s_20260527_16,e29fd7dfeadf40bea9589a99fe8eaf79,0.078,,,
1667,2026-05-27,SH600050,-0.010884634219110012,EXP_XGBModel_Alpha158_csi300_custom_step0_s_20260527_16,e29fd7dfeadf40bea9589a99fe8eaf79,0.078,,,
1668,2026-05-27,SH601238,-0.05745401233434677,EXP_XGBModel_Alpha158_csi300_custom_step0_s_20260527_16,e29fd7dfeadf40bea9589a99fe8eaf79,0.078,,,
1669,2026-05-27,SH601298,-0.014573712833225727,EXP_XGBModel_Alpha158_csi300_custom_step0_s_20260527_16,e29fd7dfeadf40bea9589a99fe8eaf79,0.078,,,
1670,2026-05-27,SH601628,-0.04638133943080902,EXP_XGBModel_Alpha158_csi300_custom_step0_s_20260527_16,e29fd7dfeadf40bea9589a99fe8eaf79,0.078,,,
1671,2026-05-27,SH601618,-0.020002994686365128,EXP_XGBModel_Alpha158_csi300_custom_step0_s_20260527_16,e29fd7dfeadf40bea9589a99fe8eaf79,0.078,,,
1672,2026-05-27,SH601607,-0.021052749827504158,EXP_XGBModel_Alpha158_csi300_custom_step0_s_20260527_16,e29fd7dfeadf40bea9589a99fe8eaf79,0.078,,,
1673,2026-05-27,SH601601,-0.05552220344543457,EXP_XGBModel_Alpha158_csi300_custom_step0_s_20260527_16,e29fd7dfeadf40bea9589a99fe8eaf79,0.078,,,
1674,2026-05-27,SH601600,0.21209818124771118,EXP_XGBModel_Alpha158_csi300_custom_step0_s_20260527_16,e29fd7dfeadf40bea9589a99fe8eaf79,0.078,,,
1675,2026-05-27,SH601456,-0.05259052664041519,EXP_XGBModel_Alpha158_csi300_custom_step0_s_20260527_16,e29fd7dfeadf40bea9589a99fe8eaf79,0.078,,,
1676,2026-05-27,SH601288,-0.06395166367292404,EXP_XGBModel_Alpha158_csi300_custom_step0_s_20260527_16,e29fd7dfeadf40bea9589a99fe8eaf79,0.078,,,
1677,2026-05-27,SH601398,-0.048196952790021896,EXP_XGBModel_Alpha158_csi300_custom_step0_s_20260527_16,e29fd7dfeadf40bea9589a99fe8eaf79,0.078,,,
1678,2026-05-27,SH601377,-0.0027832682244479656,EXP_XGBModel_Alpha158_csi300_custom_step0_s_20260527_16,e29fd7dfeadf40bea9589a99fe8eaf79,0.078,,,
1679,2026-05-27,SH601360,-0.011815778911113739,EXP_XGBModel_Alpha158_csi300_custom_step0_s_20260527_16,e29fd7dfeadf40bea9589a99fe8eaf79,0.078,,,
1680,2026-05-27,SH601336,0.043436821550130844,EXP_XGBModel_Alpha158_csi300_custom_step0_s_20260527_16,e29fd7dfeadf40bea9589a99fe8eaf79,0.078,,,
1681,2026-05-27,SH601328,-0.06644794344902039,EXP_XGBModel_Alpha158_csi300_custom_step0_s_20260527_16,e29fd7dfeadf40bea9589a99fe8eaf79,0.078,,,
1682,2026-05-27,SH601319,-0.041255053132772446,EXP_XGBModel_Alpha158_csi300_custom_step0_s_20260527_16,e29fd7dfeadf40bea9589a99fe8eaf79,0.078,,,
1683,2026-05-27,SH601318,-0.06633332371711731,EXP_XGBModel_Alpha158_csi300_custom_step0_s_20260527_16,e29fd7dfeadf40bea9589a99fe8eaf79,0.078,,,
1684,2026-05-27,SH601390,-0.03682433441281319,EXP_XGBModel_Alpha158_csi300_custom_step0_s_20260527_16,e29fd7dfeadf40bea9589a99fe8eaf79,0.078,,,
1685,2026-05-27,SH600346,0.18815895915031433,EXP_XGBModel_Alpha158_csi300_custom_step0_s_20260527_16,89da24e8feae4090bc3c77fef10eddaa,0.053,,,
1686,2026-05-27,SH600309,-0.0011184534523636103,EXP_XGBModel_Alpha158_csi300_custom_step0_s_20260527_16,89da24e8feae4090bc3c77fef10eddaa,0.053,,,
1687,2026-05-27,SH600276,-0.016983259469270706,EXP_XGBModel_Alpha158_csi300_custom_step0_s_20260527_16,89da24e8feae4090bc3c77fef10eddaa,0.053,,,
1688,2026-05-27,SZ002594,-0.015419267117977142,EXP_LinearModel_Alpha158_csi300_custom_step0_s_20260527_16,d90ebb3361784193ab36dea9ca2a0f82,0.1,,,
1689,2026-05-27,SZ002600,-0.04210057482123375,EXP_LinearModel_Alpha158_csi300_custom_step0_s_20260527_16,d90ebb3361784193ab36dea9ca2a0f82,0.1,,,
1690,2026-05-27,SZ002601,-0.057453081011772156,EXP_LinearModel_Alpha158_csi300_custom_step0_s_20260527_16,d90ebb3361784193ab36dea9ca2a0f82,0.1,,,
1691,2026-05-27,SZ002625,0.04286355525255203,EXP_LinearModel_Alpha158_csi300_custom_step0_s_20260527_16,d90ebb3361784193ab36dea9ca2a0f82,0.1,,,
1692,2026-05-27,SZ002648,0.003974261227995157,EXP_LinearModel_Alpha158_csi300_custom_step0_s_20260527_16,d90ebb3361784193ab36dea9ca2a0f82,0.1,,,
1693,2026-05-27,SZ002709,0.009207668714225292,EXP_LinearModel_Alpha158_csi300_custom_step0_s_20260527_16,d90ebb3361784193ab36dea9ca2a0f82,0.1,,,
1694,2026-05-27,SZ002714,-0.034354712814092636,EXP_LinearModel_Alpha158_csi300_custom_step0_s_20260527_16,d90ebb3361784193ab36dea9ca2a0f82,0.1,,,
1695,2026-05-27,SZ002736,0.05256444588303566,EXP_LinearModel_Alpha158_csi300_custom_step0_s_20260527_16,d90ebb3361784193ab36dea9ca2a0f82,0.1,,,
1696,2026-05-27,SZ002916,-0.12940524518489838,EXP_LinearModel_Alpha158_csi300_custom_step0_s_20260527_16,d90ebb3361784193ab36dea9ca2a0f82,0.1,,,
1697,2026-05-27,SZ002920,-0.042669638991355896,EXP_LinearModel_Alpha158_csi300_custom_step0_s_20260527_16,d90ebb3361784193ab36dea9ca2a0f82,0.1,,,
1698,2026-05-27,SZ002938,-0.16167233884334564,EXP_LinearModel_Alpha158_csi300_custom_step0_s_20260527_16,d90ebb3361784193ab36dea9ca2a0f82,0.1,,,
1699,2026-05-27,SZ003816,0.024846818298101425,EXP_LinearModel_Alpha158_csi300_custom_step0_s_20260527_16,d90ebb3361784193ab36dea9ca2a0f82,0.1,,,
1700,2026-05-27,SZ300014,0.007060977630317211,EXP_LinearModel_Alpha158_csi300_custom_step0_s_20260527_16,d90ebb3361784193ab36dea9ca2a0f82,0.1,,,
1701,2026-05-27,SZ300015,-0.016712360084056854,EXP_LinearModel_Alpha158_csi300_custom_step0_s_20260527_16,d90ebb3361784193ab36dea9ca2a0f82,0.1,,,
1702,2026-05-27,SZ300033,0.023747649043798447,EXP_LinearModel_Alpha158_csi300_custom_step0_s_20260527_16,d90ebb3361784193ab36dea9ca2a0f82,0.1,,,
1703,2026-05-27,SZ300059,0.025430569425225258,EXP_LinearModel_Alpha158_csi300_custom_step0_s_20260527_16,d90ebb3361784193ab36dea9ca2a0f82,0.1,,,
1704,2026-05-27,SZ300122,-0.04919859394431114,EXP_LinearModel_Alpha158_csi300_custom_step0_s_20260527_16,d90ebb3361784193ab36dea9ca2a0f82,0.1,,,
1705,2026-05-27,SZ300498,0.04689093306660652,EXP_LinearModel_Alpha158_csi300_custom_step0_s_20260527_16,d90ebb3361784193ab36dea9ca2a0f82,0.1,,,
1706,2026-05-27,SZ300476,-0.12066523730754852,EXP_LinearModel_Alpha158_csi300_custom_step0_s_20260527_16,d90ebb3361784193ab36dea9ca2a0f82,0.1,,,
1707,2026-05-27,SZ300442,-0.05134386569261551,EXP_LinearModel_Alpha158_csi300_custom_step0_s_20260527_16,d90ebb3361784193ab36dea9ca2a0f82,0.1,,,
1708,2026-05-27,SZ300433,0.013005159795284271,EXP_LinearModel_Alpha158_csi300_custom_step0_s_20260527_16,d90ebb3361784193ab36dea9ca2a0f82,0.1,,,
1709,2026-05-27,SZ300418,-0.0005062599084340036,EXP_LinearModel_Alpha158_csi300_custom_step0_s_20260527_16,d90ebb3361784193ab36dea9ca2a0f82,0.1,,,
1710,2026-05-27,SZ300413,-0.023139195516705513,EXP_LinearModel_Alpha158_csi300_custom_step0_s_20260527_16,d90ebb3361784193ab36dea9ca2a0f82,0.1,,,
1711,2026-05-27,SZ002493,-0.049087539315223694,EXP_LinearModel_Alpha158_csi300_custom_step0_s_20260527_16,d90ebb3361784193ab36dea9ca2a0f82,0.1,,,
1712,2026-05-27,SZ300408,-0.17887072265148163,EXP_LinearModel_Alpha158_csi300_custom_step0_s_20260527_16,d90ebb3361784193ab36dea9ca2a0f82,0.1,,,
1713,2026-05-27,SZ300347,0.051465943455696106,EXP_LinearModel_Alpha158_csi300_custom_step0_s_20260527_16,d90ebb3361784193ab36dea9ca2a0f82,0.1,,,
1714,2026-05-27,SZ300316,0.03731633722782135,EXP_LinearModel_Alpha158_csi300_custom_step0_s_20260527_16,d90ebb3361784193ab36dea9ca2a0f82,0.1,,,
1715,2026-05-27,SZ300308,-0.07337097078561783,EXP_LinearModel_Alpha158_csi300_custom_step0_s_20260527_16,d90ebb3361784193ab36dea9ca2a0f82,0.1,,,
1716,2026-05-27,SZ300274,-0.027382399886846542,EXP_LinearModel_Alpha158_csi300_custom_step0_s_20260527_16,d90ebb3361784193ab36dea9ca2a0f82,0.1,,,
1717,2026-05-27,SZ300251,0.01974375545978546,EXP_LinearModel_Alpha158_csi300_custom_step0_s_20260527_16,d90ebb3361784193ab36dea9ca2a0f82,0.1,,,
1718,2026-05-27,SZ300124,-0.022828564047813416,EXP_LinearModel_Alpha158_csi300_custom_step0_s_20260527_16,d90ebb3361784193ab36dea9ca2a0f82,0.1,,,
1719,2026-05-27,SZ300394,-0.008818970993161201,EXP_LinearModel_Alpha158_csi300_custom_step0_s_20260527_16,d90ebb3361784193ab36dea9ca2a0f82,0.1,,,
1720,2026-05-27,SZ300502,-0.13117066025733948,EXP_LinearModel_Alpha158_csi300_custom_step0_s_20260527_16,d90ebb3361784193ab36dea9ca2a0f82,0.1,,,
1721,2026-05-27,SZ002475,0.018632210791110992,EXP_LinearModel_Alpha158_csi300_custom_step0_s_20260527_16,d90ebb3361784193ab36dea9ca2a0f82,0.1,,,
1722,2026-05-27,SZ002463,-0.18942946195602417,EXP_LinearModel_Alpha158_csi300_custom_step0_s_20260527_16,d90ebb3361784193ab36dea9ca2a0f82,0.1,,,
1723,2026-05-27,SZ000895,-0.017472919076681137,EXP_LinearModel_Alpha158_csi300_custom_step0_s_20260527_16,d90ebb3361784193ab36dea9ca2a0f82,0.1,,,
1724,2026-05-27,SZ000938,0.13384346663951874,EXP_LinearModel_Alpha158_csi300_custom_step0_s_20260527_16,d90ebb3361784193ab36dea9ca2a0f82,0.1,,,
1725,2026-05-27,SZ000963,0.021273216232657433,EXP_LinearModel_Alpha158_csi300_custom_step0_s_20260527_16,d90ebb3361784193ab36dea9ca2a0f82,0.1,,,
1726,2026-05-27,SZ000975,0.03990287333726883,EXP_LinearModel_Alpha158_csi300_custom_step0_s_20260527_16,d90ebb3361784193ab36dea9ca2a0f82,0.1,,,
1727,2026-05-27,SZ000977,0.10425754636526108,EXP_LinearModel_Alpha158_csi300_custom_step0_s_20260527_16,d90ebb3361784193ab36dea9ca2a0f82,0.1,,,
1728,2026-05-27,SZ000983,-0.013351508416235447,EXP_LinearModel_Alpha158_csi300_custom_step0_s_20260527_16,d90ebb3361784193ab36dea9ca2a0f82,0.1,,,
1729,2026-05-27,SZ000999,-0.010121596977114677,EXP_LinearModel_Alpha158_csi300_custom_step0_s_20260527_16,d90ebb3361784193ab36dea9ca2a0f82,0.1,,,
1730,2026-05-27,SZ001391,-0.03823671489953995,EXP_LinearModel_Alpha158_csi300_custom_step0_s_20260527_16,d90ebb3361784193ab36dea9ca2a0f82,0.1,,,
1731,2026-05-27,SZ001965,0.024098897352814674,EXP_LinearModel_Alpha158_csi300_custom_step0_s_20260527_16,d90ebb3361784193ab36dea9ca2a0f82,0.1,,,
1732,2026-05-27,SZ001979,-0.03301028534770012,EXP_LinearModel_Alpha158_csi300_custom_step0_s_20260527_16,d90ebb3361784193ab36dea9ca2a0f82,0.1,,,
1733,2026-05-27,SZ002001,0.028547044843435287,EXP_LinearModel_Alpha158_csi300_custom_step0_s_20260527_16,d90ebb3361784193ab36dea9ca2a0f82,0.1,,,
1734,2026-05-27,SZ002027,0.023552699014544487,EXP_LinearModel_Alpha158_csi300_custom_step0_s_20260527_16,d90ebb3361784193ab36dea9ca2a0f82,0.1,,,
1735,2026-05-27,SZ002028,0.02081720530986786,EXP_LinearModel_Alpha158_csi300_custom_step0_s_20260527_16,d90ebb3361784193ab36dea9ca2a0f82,0.1,,,
1736,2026-05-27,SZ002049,-0.028921283781528473,EXP_LinearModel_Alpha158_csi300_custom_step0_s_20260527_16,d90ebb3361784193ab36dea9ca2a0f82,0.1,,,
1737,2026-05-27,SZ002050,0.018816828727722168,EXP_LinearModel_Alpha158_csi300_custom_step0_s_20260527_16,d90ebb3361784193ab36dea9ca2a0f82,0.1,,,
1738,2026-05-27,SZ002074,-0.025954589247703552,EXP_LinearModel_Alpha158_csi300_custom_step0_s_20260527_16,d90ebb3361784193ab36dea9ca2a0f82,0.1,,,
1739,2026-05-27,SZ002142,0.012696961872279644,EXP_LinearModel_Alpha158_csi300_custom_step0_s_20260527_16,d90ebb3361784193ab36dea9ca2a0f82,0.1,,,
1740,2026-05-27,SZ002460,0.017138849943876266,EXP_LinearModel_Alpha158_csi300_custom_step0_s_20260527_16,d90ebb3361784193ab36dea9ca2a0f82,0.1,,,
1741,2026-05-27,SZ002459,0.020670611411333084,EXP_LinearModel_Alpha158_csi300_custom_step0_s_20260527_16,d90ebb3361784193ab36dea9ca2a0f82,0.1,,,
1742,2026-05-27,SZ002422,-0.06046435981988907,EXP_LinearModel_Alpha158_csi300_custom_step0_s_20260527_16,d90ebb3361784193ab36dea9ca2a0f82,0.1,,,
1743,2026-05-27,SZ002415,0.0383114330470562,EXP_LinearModel_Alpha158_csi300_custom_step0_s_20260527_16,d90ebb3361784193ab36dea9ca2a0f82,0.1,,,
1744,2026-05-27,SZ002384,0.06180432438850403,EXP_LinearModel_Alpha158_csi300_custom_step0_s_20260527_16,d90ebb3361784193ab36dea9ca2a0f82,0.1,,,
1745,2026-05-27,SZ002371,0.0686551108956337,EXP_LinearModel_Alpha158_csi300_custom_step0_s_20260527_16,d90ebb3361784193ab36dea9ca2a0f82,0.1,,,
1746,2026-05-27,SZ002466,0.006317322142422199,EXP_LinearModel_Alpha158_csi300_custom_step0_s_20260527_16,d90ebb3361784193ab36dea9ca2a0f82,0.1,,,
1747,2026-05-27,SZ002352,-0.0019214777275919914,EXP_LinearModel_Alpha158_csi300_custom_step0_s_20260527_16,d90ebb3361784193ab36dea9ca2a0f82,0.1,,,
1748,2026-05-27,SZ002304,0.022474251687526703,EXP_LinearModel_Alpha158_csi300_custom_step0_s_20260527_16,d90ebb3361784193ab36dea9ca2a0f82,0.1,,,
1749,2026-05-27,SZ002252,0.014522152952849865,EXP_LinearModel_Alpha158_csi300_custom_step0_s_20260527_16,d90ebb3361784193ab36dea9ca2a0f82,0.1,,,
1750,2026-05-27,SZ002241,-0.011130252853035927,EXP_LinearModel_Alpha158_csi300_custom_step0_s_20260527_16,d90ebb3361784193ab36dea9ca2a0f82,0.1,,,
1751,2026-05-27,SZ002236,0.03216004744172096,EXP_LinearModel_Alpha158_csi300_custom_step0_s_20260527_16,d90ebb3361784193ab36dea9ca2a0f82,0.1,,,
1752,2026-05-27,SZ002230,0.03237345069646835,EXP_LinearModel_Alpha158_csi300_custom_step0_s_20260527_16,d90ebb3361784193ab36dea9ca2a0f82,0.1,,,
1753,2026-05-27,SZ002179,0.05114520341157913,EXP_LinearModel_Alpha158_csi300_custom_step0_s_20260527_16,d90ebb3361784193ab36dea9ca2a0f82,0.1,,,
1754,2026-05-27,SZ002311,-0.07546258717775345,EXP_LinearModel_Alpha158_csi300_custom_step0_s_20260527_16,d90ebb3361784193ab36dea9ca2a0f82,0.1,,,
1755,2026-05-27,SZ000876,-0.015366408973932266,EXP_LinearModel_Alpha158_csi300_custom_step0_s_20260527_16,d90ebb3361784193ab36dea9ca2a0f82,0.1,,,
1756,2026-05-27,SZ300628,0.08546335995197296,EXP_LinearModel_Alpha158_csi300_custom_step0_s_20260527_16,d90ebb3361784193ab36dea9ca2a0f82,0.1,,,
1757,2026-05-27,SZ300750,-0.015643220394849777,EXP_LinearModel_Alpha158_csi300_custom_step0_s_20260527_16,d90ebb3361784193ab36dea9ca2a0f82,0.1,,,
1758,2026-05-27,SH600089,0.11741364002227783,EXP_LinearModel_Alpha158_csi300_custom_step0_s_20260527_16,faf44930e64a4f78b9ae202d9e793ee8,0.097,,,
1759,2026-05-27,SH600104,-0.12434719502925873,EXP_LinearModel_Alpha158_csi300_custom_step0_s_20260527_16,faf44930e64a4f78b9ae202d9e793ee8,0.097,,,
1760,2026-05-27,SH600111,0.1758175641298294,EXP_LinearModel_Alpha158_csi300_custom_step0_s_20260527_16,faf44930e64a4f78b9ae202d9e793ee8,0.097,,,
1761,2026-05-27,SH600115,0.12484624981880188,EXP_LinearModel_Alpha158_csi300_custom_step0_s_20260527_16,faf44930e64a4f78b9ae202d9e793ee8,0.097,,,
1762,2026-05-27,SH600150,0.28532564640045166,EXP_LinearModel_Alpha158_csi300_custom_step0_s_20260527_16,faf44930e64a4f78b9ae202d9e793ee8,0.097,,,
1763,2026-05-27,SH600160,0.15192800760269165,EXP_LinearModel_Alpha158_csi300_custom_step0_s_20260527_16,faf44930e64a4f78b9ae202d9e793ee8,0.097,,,
1764,2026-05-27,SH600161,-0.05268852785229683,EXP_LinearModel_Alpha158_csi300_custom_step0_s_20260527_16,faf44930e64a4f78b9ae202d9e793ee8,0.097,,,
1765,2026-05-27,SH600176,0.17686866223812103,EXP_LinearModel_Alpha158_csi300_custom_step0_s_20260527_16,faf44930e64a4f78b9ae202d9e793ee8,0.097,,,
1766,2026-05-27,SH600183,0.12337043881416321,EXP_LinearModel_Alpha158_csi300_custom_step0_s_20260527_16,faf44930e64a4f78b9ae202d9e793ee8,0.097,,,
1767,2026-05-27,SH600188,0.047391269356012344,EXP_LinearModel_Alpha158_csi300_custom_step0_s_20260527_16,faf44930e64a4f78b9ae202d9e793ee8,0.097,,,
1768,2026-05-27,SH600196,-0.0792408362030983,EXP_LinearModel_Alpha158_csi300_custom_step0_s_20260527_16,faf44930e64a4f78b9ae202d9e793ee8,0.097,,,
1769,2026-05-27,SH600219,0.06610466539859772,EXP_LinearModel_Alpha158_csi300_custom_step0_s_20260527_16,faf44930e64a4f78b9ae202d9e793ee8,0.097,,,
1770,2026-05-27,SH600233,-0.005704049952328205,EXP_LinearModel_Alpha158_csi300_custom_step0_s_20260527_16,faf44930e64a4f78b9ae202d9e793ee8,0.097,,,
1771,2026-05-27,SH600276,0.031934477388858795,EXP_LinearModel_Alpha158_csi300_custom_step0_s_20260527_16,faf44930e64a4f78b9ae202d9e793ee8,0.097,,,
1772,2026-05-27,SH600309,0.06264364719390869,EXP_LinearModel_Alpha158_csi300_custom_step0_s_20260527_16,faf44930e64a4f78b9ae202d9e793ee8,0.097,,,
1773,2026-05-27,SH600346,-0.006564825773239136,EXP_LinearModel_Alpha158_csi300_custom_step0_s_20260527_16,faf44930e64a4f78b9ae202d9e793ee8,0.097,,,
1774,2026-05-27,SH600362,-0.022756196558475494,EXP_LinearModel_Alpha158_csi300_custom_step0_s_20260527_16,faf44930e64a4f78b9ae202d9e793ee8,0.097,,,
1775,2026-05-27,SH600547,0.15356886386871338,EXP_LinearModel_Alpha158_csi300_custom_step0_s_20260527_16,faf44930e64a4f78b9ae202d9e793ee8,0.097,,,
1776,2026-05-27,SH600522,0.4121049642562866,EXP_LinearModel_Alpha158_csi300_custom_step0_s_20260527_16,faf44930e64a4f78b9ae202d9e793ee8,0.097,,,
1777,2026-05-27,SH600519,-0.11765223741531372,EXP_LinearModel_Alpha158_csi300_custom_step0_s_20260527_16,faf44930e64a4f78b9ae202d9e793ee8,0.097,,,
1778,2026-05-27,SH600515,0.08657074719667435,EXP_LinearModel_Alpha158_csi300_custom_step0_s_20260527_16,faf44930e64a4f78b9ae202d9e793ee8,0.097,,,
1779,2026-05-27,SH600489,0.09432825446128845,EXP_LinearModel_Alpha158_csi300_custom_step0_s_20260527_16,faf44930e64a4f78b9ae202d9e793ee8,0.097,,,
1780,2026-05-27,SH600482,0.3974873125553131,EXP_LinearModel_Alpha158_csi300_custom_step0_s_20260527_16,faf44930e64a4f78b9ae202d9e793ee8,0.097,,,
1781,2026-05-27,SH600085,-0.0709066390991211,EXP_LinearModel_Alpha158_csi300_custom_step0_s_20260527_16,faf44930e64a4f78b9ae202d9e793ee8,0.097,,,
1782,2026-05-27,SH600460,0.23135751485824585,EXP_LinearModel_Alpha158_csi300_custom_step0_s_20260527_16,faf44930e64a4f78b9ae202d9e793ee8,0.097,,,
1783,2026-05-27,SH600436,-0.0870213657617569,EXP_LinearModel_Alpha158_csi300_custom_step0_s_20260527_16,faf44930e64a4f78b9ae202d9e793ee8,0.097,,,
1784,2026-05-27,SH600426,0.17889361083507538,EXP_LinearModel_Alpha158_csi300_custom_step0_s_20260527_16,faf44930e64a4f78b9ae202d9e793ee8,0.097,,,
1785,2026-05-27,SH600415,0.06539030373096466,EXP_LinearModel_Alpha158_csi300_custom_step0_s_20260527_16,faf44930e64a4f78b9ae202d9e793ee8,0.097,,,
1786,2026-05-27,SH600406,0.12081453204154968,EXP_LinearModel_Alpha158_csi300_custom_step0_s_20260527_16,faf44930e64a4f78b9ae202d9e793ee8,0.097,,,
1787,2026-05-27,SH600377,0.07101640105247498,EXP_LinearModel_Alpha158_csi300_custom_step0_s_20260527_16,faf44930e64a4f78b9ae202d9e793ee8,0.097,,,
1788,2026-05-27,SH600372,0.07825800031423569,EXP_LinearModel_Alpha158_csi300_custom_step0_s_20260527_16,faf44930e64a4f78b9ae202d9e793ee8,0.097,,,
1789,2026-05-27,SH600438,,EXP_LinearModel_Alpha158_csi300_custom_step0_s_20260527_16,faf44930e64a4f78b9ae202d9e793ee8,0.097,,,
1790,2026-05-27,SZ300661,0.004813646897673607,EXP_LinearModel_Alpha158_csi300_custom_step0_s_20260527_16,d90ebb3361784193ab36dea9ca2a0f82,0.1,,,
1791,2026-05-27,SH600066,-0.026018157601356506,EXP_LinearModel_Alpha158_csi300_custom_step0_s_20260527_16,faf44930e64a4f78b9ae202d9e793ee8,0.097,,,
1792,2026-05-27,SH600050,0.009146474301815033,EXP_LinearModel_Alpha158_csi300_custom_step0_s_20260527_16,faf44930e64a4f78b9ae202d9e793ee8,0.097,,,
1793,2026-05-27,SZ300759,0.0036844988353550434,EXP_LinearModel_Alpha158_csi300_custom_step0_s_20260527_16,d90ebb3361784193ab36dea9ca2a0f82,0.1,,,
1794,2026-05-27,SZ300760,-0.05430278554558754,EXP_LinearModel_Alpha158_csi300_custom_step0_s_20260527_16,d90ebb3361784193ab36dea9ca2a0f82,0.1,,,
1795,2026-05-27,SZ300782,0.04787669703364372,EXP_LinearModel_Alpha158_csi300_custom_step0_s_20260527_16,d90ebb3361784193ab36dea9ca2a0f82,0.1,,,
1796,2026-05-27,SZ300803,0.00985909067094326,EXP_LinearModel_Alpha158_csi300_custom_step0_s_20260527_16,d90ebb3361784193ab36dea9ca2a0f82,0.1,,,
1797,2026-05-27,SZ300832,-0.031956739723682404,EXP_LinearModel_Alpha158_csi300_custom_step0_s_20260527_16,d90ebb3361784193ab36dea9ca2a0f82,0.1,,,
1798,2026-05-27,SZ300866,0.03921813517808914,EXP_LinearModel_Alpha158_csi300_custom_step0_s_20260527_16,d90ebb3361784193ab36dea9ca2a0f82,0.1,,,
1799,2026-05-27,SZ300896,-0.038411419838666916,EXP_LinearModel_Alpha158_csi300_custom_step0_s_20260527_16,d90ebb3361784193ab36dea9ca2a0f82,0.1,,,
1800,2026-05-27,SZ300979,-0.00030913157388567924,EXP_LinearModel_Alpha158_csi300_custom_step0_s_20260527_16,d90ebb3361784193ab36dea9ca2a0f82,0.1,,,
1801,2026-05-27,SZ300999,-0.03375229611992836,EXP_LinearModel_Alpha158_csi300_custom_step0_s_20260527_16,d90ebb3361784193ab36dea9ca2a0f82,0.1,,,
1802,2026-05-27,SZ301236,0.006467843893915415,EXP_LinearModel_Alpha158_csi300_custom_step0_s_20260527_16,d90ebb3361784193ab36dea9ca2a0f82,0.1,,,
1803,2026-05-27,SZ301269,-0.22545209527015686,EXP_LinearModel_Alpha158_csi300_custom_step0_s_20260527_16,d90ebb3361784193ab36dea9ca2a0f82,0.1,,,
1804,2026-05-27,SZ302132,-0.06367815285921097,EXP_LinearModel_Alpha158_csi300_custom_step0_s_20260527_16,d90ebb3361784193ab36dea9ca2a0f82,0.1,,,
1805,2026-05-27,SH600000,-0.009472966194152832,EXP_LinearModel_Alpha158_csi300_custom_step0_s_20260527_16,faf44930e64a4f78b9ae202d9e793ee8,0.097,,,
1806,2026-05-27,SH600009,0.01425027847290039,EXP_LinearModel_Alpha158_csi300_custom_step0_s_20260527_16,faf44930e64a4f78b9ae202d9e793ee8,0.097,,,
1807,2026-05-27,SH600010,0.07618257403373718,EXP_LinearModel_Alpha158_csi300_custom_step0_s_20260527_16,faf44930e64a4f78b9ae202d9e793ee8,0.097,,,
1808,2026-05-27,SH600011,0.12931248545646667,EXP_LinearModel_Alpha158_csi300_custom_step0_s_20260527_16,faf44930e64a4f78b9ae202d9e793ee8,0.097,,,
1809,2026-05-27,SH600015,-0.03771498054265976,EXP_LinearModel_Alpha158_csi300_custom_step0_s_20260527_16,faf44930e64a4f78b9ae202d9e793ee8,0.097,,,
1810,2026-05-27,SH600048,0.03517524152994156,EXP_LinearModel_Alpha158_csi300_custom_step0_s_20260527_16,faf44930e64a4f78b9ae202d9e793ee8,0.097,,,
1811,2026-05-27,SH600039,0.031974345445632935,EXP_LinearModel_Alpha158_csi300_custom_step0_s_20260527_16,faf44930e64a4f78b9ae202d9e793ee8,0.097,,,
1812,2026-05-27,SH600036,-0.1848098337650299,EXP_LinearModel_Alpha158_csi300_custom_step0_s_20260527_16,faf44930e64a4f78b9ae202d9e793ee8,0.097,,,
1813,2026-05-27,SH600031,0.027980223298072815,EXP_LinearModel_Alpha158_csi300_custom_step0_s_20260527_16,faf44930e64a4f78b9ae202d9e793ee8,0.097,,,
1814,2026-05-27,SH600030,0.09852498769760132,EXP_LinearModel_Alpha158_csi300_custom_step0_s_20260527_16,faf44930e64a4f78b9ae202d9e793ee8,0.097,,,
1815,2026-05-27,SH600029,0.07799576967954636,EXP_LinearModel_Alpha158_csi300_custom_step0_s_20260527_16,faf44930e64a4f78b9ae202d9e793ee8,0.097,,,
1816,2026-05-27,SH600061,-0.0018147826194763184,EXP_LinearModel_Alpha158_csi300_custom_step0_s_20260527_16,faf44930e64a4f78b9ae202d9e793ee8,0.097,,,
1817,2026-05-27,SH600028,-0.0028831809759140015,EXP_LinearModel_Alpha158_csi300_custom_step0_s_20260527_16,faf44930e64a4f78b9ae202d9e793ee8,0.097,,,
1818,2026-05-27,SH600026,-0.1297203153371811,EXP_LinearModel_Alpha158_csi300_custom_step0_s_20260527_16,faf44930e64a4f78b9ae202d9e793ee8,0.097,,,
1819,2026-05-27,SH600025,-0.009760342538356781,EXP_LinearModel_Alpha158_csi300_custom_step0_s_20260527_16,faf44930e64a4f78b9ae202d9e793ee8,0.097,,,
1820,2026-05-27,SH600023,0.017921283841133118,EXP_LinearModel_Alpha158_csi300_custom_step0_s_20260527_16,faf44930e64a4f78b9ae202d9e793ee8,0.097,,,
1821,2026-05-27,SH600019,-0.04425003007054329,EXP_LinearModel_Alpha158_csi300_custom_step0_s_20260527_16,faf44930e64a4f78b9ae202d9e793ee8,0.097,,,
1822,2026-05-27,SH600018,0.048383262008428574,EXP_LinearModel_Alpha158_csi300_custom_step0_s_20260527_16,faf44930e64a4f78b9ae202d9e793ee8,0.097,,,
1823,2026-05-27,SH600016,-0.20481444895267487,EXP_LinearModel_Alpha158_csi300_custom_step0_s_20260527_16,faf44930e64a4f78b9ae202d9e793ee8,0.097,,,
1824,2026-05-27,SH600027,0.23128153383731842,EXP_LinearModel_Alpha158_csi300_custom_step0_s_20260527_16,faf44930e64a4f78b9ae202d9e793ee8,0.097,,,
1825,2026-05-27,SZ000858,0.06510661542415619,EXP_LinearModel_Alpha158_csi300_custom_step0_s_20260527_16,d90ebb3361784193ab36dea9ca2a0f82,0.1,,,
1826,2026-05-27,SZ000807,0.04192519932985306,EXP_LinearModel_Alpha158_csi300_custom_step0_s_20260527_16,d90ebb3361784193ab36dea9ca2a0f82,0.1,,,
1827,2026-05-27,SZ000792,0.02544253133237362,EXP_LinearModel_Alpha158_csi300_custom_step0_s_20260527_16,d90ebb3361784193ab36dea9ca2a0f82,0.1,,,
1828,2026-05-27,SH601336,-0.05833183228969574,EXP_LinearModel_Alpha158_csi300_custom_step0_s_20260527_16,d90ebb3361784193ab36dea9ca2a0f82,0.1,,,
1829,2026-05-27,SH601360,0.005873576737940311,EXP_LinearModel_Alpha158_csi300_custom_step0_s_20260527_16,d90ebb3361784193ab36dea9ca2a0f82,0.1,,,
1830,2026-05-27,SH601377,0.037495195865631104,EXP_LinearModel_Alpha158_csi300_custom_step0_s_20260527_16,d90ebb3361784193ab36dea9ca2a0f82,0.1,,,
1831,2026-05-27,SH601390,0.062455520033836365,EXP_LinearModel_Alpha158_csi300_custom_step0_s_20260527_16,d90ebb3361784193ab36dea9ca2a0f82,0.1,,,
1832,2026-05-27,SH601398,0.01328947301954031,EXP_LinearModel_Alpha158_csi300_custom_step0_s_20260527_16,d90ebb3361784193ab36dea9ca2a0f82,0.1,,,
1833,2026-05-27,SH601456,0.00798769574612379,EXP_LinearModel_Alpha158_csi300_custom_step0_s_20260527_16,d90ebb3361784193ab36dea9ca2a0f82,0.1,,,
1834,2026-05-27,SH601600,-0.036214783787727356,EXP_LinearModel_Alpha158_csi300_custom_step0_s_20260527_16,d90ebb3361784193ab36dea9ca2a0f82,0.1,,,
1835,2026-05-27,SH601601,-0.009395241737365723,EXP_LinearModel_Alpha158_csi300_custom_step0_s_20260527_16,d90ebb3361784193ab36dea9ca2a0f82,0.1,,,
1836,2026-05-27,SH601607,-0.030902238562703133,EXP_LinearModel_Alpha158_csi300_custom_step0_s_20260527_16,d90ebb3361784193ab36dea9ca2a0f82,0.1,,,
1837,2026-05-27,SH601618,0.054585158824920654,EXP_LinearModel_Alpha158_csi300_custom_step0_s_20260527_16,d90ebb3361784193ab36dea9ca2a0f82,0.1,,,
1838,2026-05-27,SH601628,-0.08183898776769638,EXP_LinearModel_Alpha158_csi300_custom_step0_s_20260527_16,d90ebb3361784193ab36dea9ca2a0f82,0.1,,,
1839,2026-05-27,SH601633,-0.014287354424595833,EXP_LinearModel_Alpha158_csi300_custom_step0_s_20260527_16,d90ebb3361784193ab36dea9ca2a0f82,0.1,,,
1840,2026-05-27,SH601658,0.06593303382396698,EXP_LinearModel_Alpha158_csi300_custom_step0_s_20260527_16,d90ebb3361784193ab36dea9ca2a0f82,0.1,,,
1841,2026-05-27,SH601668,0.01943793147802353,EXP_LinearModel_Alpha158_csi300_custom_step0_s_20260527_16,d90ebb3361784193ab36dea9ca2a0f82,0.1,,,
1842,2026-05-27,SH601669,-0.03498246893286705,EXP_LinearModel_Alpha158_csi300_custom_step0_s_20260527_16,d90ebb3361784193ab36dea9ca2a0f82,0.1,,,
1843,2026-05-27,SH601688,0.009718526154756546,EXP_LinearModel_Alpha158_csi300_custom_step0_s_20260527_16,d90ebb3361784193ab36dea9ca2a0f82,0.1,,,
1844,2026-05-27,SH601689,-0.01260523870587349,EXP_LinearModel_Alpha158_csi300_custom_step0_s_20260527_16,d90ebb3361784193ab36dea9ca2a0f82,0.1,,,
1845,2026-05-27,SH601877,-0.015820911154150963,EXP_LinearModel_Alpha158_csi300_custom_step0_s_20260527_16,d90ebb3361784193ab36dea9ca2a0f82,0.1,,,
1846,2026-05-27,SH601872,-0.05081210657954216,EXP_LinearModel_Alpha158_csi300_custom_step0_s_20260527_16,d90ebb3361784193ab36dea9ca2a0f82,0.1,,,
1847,2026-05-27,SH601868,0.023321323096752167,EXP_LinearModel_Alpha158_csi300_custom_step0_s_20260527_16,d90ebb3361784193ab36dea9ca2a0f82,0.1,,,
1848,2026-05-27,SH601857,0.024027157574892044,EXP_LinearModel_Alpha158_csi300_custom_step0_s_20260527_16,d90ebb3361784193ab36dea9ca2a0f82,0.1,,,
1849,2026-05-27,SH601838,0.09051598608493805,EXP_LinearModel_Alpha158_csi300_custom_step0_s_20260527_16,d90ebb3361784193ab36dea9ca2a0f82,0.1,,,
1850,2026-05-27,SH601825,-0.0449584536254406,EXP_LinearModel_Alpha158_csi300_custom_step0_s_20260527_16,d90ebb3361784193ab36dea9ca2a0f82,0.1,,,
1851,2026-05-27,SH601328,0.02701410837471485,EXP_LinearModel_Alpha158_csi300_custom_step0_s_20260527_16,d90ebb3361784193ab36dea9ca2a0f82,0.1,,,
1852,2026-05-27,SH601818,0.07194358855485916,EXP_LinearModel_Alpha158_csi300_custom_step0_s_20260527_16,d90ebb3361784193ab36dea9ca2a0f82,0.1,,,
1853,2026-05-27,SH601808,-0.06292685866355896,EXP_LinearModel_Alpha158_csi300_custom_step0_s_20260527_16,d90ebb3361784193ab36dea9ca2a0f82,0.1,,,
1854,2026-05-27,SH601800,-0.030437717214226723,EXP_LinearModel_Alpha158_csi300_custom_step0_s_20260527_16,d90ebb3361784193ab36dea9ca2a0f82,0.1,,,
1855,2026-05-27,SH601788,0.016668546944856644,EXP_LinearModel_Alpha158_csi300_custom_step0_s_20260527_16,d90ebb3361784193ab36dea9ca2a0f82,0.1,,,
1856,2026-05-27,SH601766,-0.04315398633480072,EXP_LinearModel_Alpha158_csi300_custom_step0_s_20260527_16,d90ebb3361784193ab36dea9ca2a0f82,0.1,,,
1857,2026-05-27,SH601728,-0.06749662756919861,EXP_LinearModel_Alpha158_csi300_custom_step0_s_20260527_16,d90ebb3361784193ab36dea9ca2a0f82,0.1,,,
1858,2026-05-27,SH601698,-0.03360649198293686,EXP_LinearModel_Alpha158_csi300_custom_step0_s_20260527_16,d90ebb3361784193ab36dea9ca2a0f82,0.1,,,
1859,2026-05-27,SH601816,-0.03868703544139862,EXP_LinearModel_Alpha158_csi300_custom_step0_s_20260527_16,d90ebb3361784193ab36dea9ca2a0f82,0.1,,,
1860,2026-05-27,SH601878,0.050418075174093246,EXP_LinearModel_Alpha158_csi300_custom_step0_s_20260527_16,d90ebb3361784193ab36dea9ca2a0f82,0.1,,,
1861,2026-05-27,SH601319,0.0006170673295855522,EXP_LinearModel_Alpha158_csi300_custom_step0_s_20260527_16,d90ebb3361784193ab36dea9ca2a0f82,0.1,,,
1862,2026-05-27,SH601298,0.013945271261036396,EXP_LinearModel_Alpha158_csi300_custom_step0_s_20260527_16,d90ebb3361784193ab36dea9ca2a0f82,0.1,,,
1863,2026-05-27,SH600930,0.02149767242372036,EXP_LinearModel_Alpha158_csi300_custom_step0_s_20260527_16,d90ebb3361784193ab36dea9ca2a0f82,0.1,,,
1864,2026-05-27,SH600938,0.033104632049798965,EXP_LinearModel_Alpha158_csi300_custom_step0_s_20260527_16,d90ebb3361784193ab36dea9ca2a0f82,0.1,,,
1865,2026-05-27,SH600941,-0.03541960567235947,EXP_LinearModel_Alpha158_csi300_custom_step0_s_20260527_16,d90ebb3361784193ab36dea9ca2a0f82,0.1,,,
1866,2026-05-27,SH600958,,EXP_LinearModel_Alpha158_csi300_custom_step0_s_20260527_16,d90ebb3361784193ab36dea9ca2a0f82,0.1,,,
1867,2026-05-27,SH600989,0.01829766482114792,EXP_LinearModel_Alpha158_csi300_custom_step0_s_20260527_16,d90ebb3361784193ab36dea9ca2a0f82,0.1,,,
1868,2026-05-27,SH600999,0.05140524357557297,EXP_LinearModel_Alpha158_csi300_custom_step0_s_20260527_16,d90ebb3361784193ab36dea9ca2a0f82,0.1,,,
1869,2026-05-27,SH601006,0.004533102735877037,EXP_LinearModel_Alpha158_csi300_custom_step0_s_20260527_16,d90ebb3361784193ab36dea9ca2a0f82,0.1,,,
1870,2026-05-27,SH601009,-0.031114395707845688,EXP_LinearModel_Alpha158_csi300_custom_step0_s_20260527_16,d90ebb3361784193ab36dea9ca2a0f82,0.1,,,
1871,2026-05-27,SH601012,0.09562109410762787,EXP_LinearModel_Alpha158_csi300_custom_step0_s_20260527_16,d90ebb3361784193ab36dea9ca2a0f82,0.1,,,
1872,2026-05-27,SH601018,0.05095447972416878,EXP_LinearModel_Alpha158_csi300_custom_step0_s_20260527_16,d90ebb3361784193ab36dea9ca2a0f82,0.1,,,
1873,2026-05-27,SH601021,-0.01611196994781494,EXP_LinearModel_Alpha158_csi300_custom_step0_s_20260527_16,d90ebb3361784193ab36dea9ca2a0f82,0.1,,,
1874,2026-05-27,SH601058,-0.061317503452301025,EXP_LinearModel_Alpha158_csi300_custom_step0_s_20260527_16,d90ebb3361784193ab36dea9ca2a0f82,0.1,,,
1875,2026-05-27,SH601059,-0.009349665604531765,EXP_LinearModel_Alpha158_csi300_custom_step0_s_20260527_16,d90ebb3361784193ab36dea9ca2a0f82,0.1,,,
1876,2026-05-27,SH601066,-0.04809444397687912,EXP_LinearModel_Alpha158_csi300_custom_step0_s_20260527_16,d90ebb3361784193ab36dea9ca2a0f82,0.1,,,
1877,2026-05-27,SH601077,-0.05698820948600769,EXP_LinearModel_Alpha158_csi300_custom_step0_s_20260527_16,d90ebb3361784193ab36dea9ca2a0f82,0.1,,,
1878,2026-05-27,SH601088,-0.027739636600017548,EXP_LinearModel_Alpha158_csi300_custom_step0_s_20260527_16,d90ebb3361784193ab36dea9ca2a0f82,0.1,,,
1879,2026-05-27,SH601100,-0.0255594365298748,EXP_LinearModel_Alpha158_csi300_custom_step0_s_20260527_16,d90ebb3361784193ab36dea9ca2a0f82,0.1,,,
1880,2026-05-27,SH601288,-0.095218226313591,EXP_LinearModel_Alpha158_csi300_custom_step0_s_20260527_16,d90ebb3361784193ab36dea9ca2a0f82,0.1,,,
1881,2026-05-27,SH601238,0.0652206689119339,EXP_LinearModel_Alpha158_csi300_custom_step0_s_20260527_16,d90ebb3361784193ab36dea9ca2a0f82,0.1,,,
1882,2026-05-27,SH601236,0.004820062313228846,EXP_LinearModel_Alpha158_csi300_custom_step0_s_20260527_16,d90ebb3361784193ab36dea9ca2a0f82,0.1,,,
1883,2026-05-27,SH601229,-0.03199741616845131,EXP_LinearModel_Alpha158_csi300_custom_step0_s_20260527_16,d90ebb3361784193ab36dea9ca2a0f82,0.1,,,
1884,2026-05-27,SH601225,0.006133542396128178,EXP_LinearModel_Alpha158_csi300_custom_step0_s_20260527_16,d90ebb3361784193ab36dea9ca2a0f82,0.1,,,
1885,2026-05-27,SH601211,-0.021340511739253998,EXP_LinearModel_Alpha158_csi300_custom_step0_s_20260527_16,d90ebb3361784193ab36dea9ca2a0f82,0.1,,,
1886,2026-05-27,SH601318,0.006021611392498016,EXP_LinearModel_Alpha158_csi300_custom_step0_s_20260527_16,d90ebb3361784193ab36dea9ca2a0f82,0.1,,,
1887,2026-05-27,SH601186,0.0051391590386629105,EXP_LinearModel_Alpha158_csi300_custom_step0_s_20260527_16,d90ebb3361784193ab36dea9ca2a0f82,0.1,,,
1888,2026-05-27,SH601166,0.03284832090139389,EXP_LinearModel_Alpha158_csi300_custom_step0_s_20260527_16,d90ebb3361784193ab36dea9ca2a0f82,0.1,,,
1889,2026-05-27,SH601138,0.012821469455957413,EXP_LinearModel_Alpha158_csi300_custom_step0_s_20260527_16,d90ebb3361784193ab36dea9ca2a0f82,0.1,,,
1890,2026-05-27,SH601136,-0.04242709279060364,EXP_LinearModel_Alpha158_csi300_custom_step0_s_20260527_16,d90ebb3361784193ab36dea9ca2a0f82,0.1,,,
1891,2026-05-27,SH601127,-0.03826700523495674,EXP_LinearModel_Alpha158_csi300_custom_step0_s_20260527_16,d90ebb3361784193ab36dea9ca2a0f82,0.1,,,
1892,2026-05-27,SH601117,-0.014912267215549946,EXP_LinearModel_Alpha158_csi300_custom_step0_s_20260527_16,d90ebb3361784193ab36dea9ca2a0f82,0.1,,,
1893,2026-05-27,SH601111,-0.0009488031500950456,EXP_LinearModel_Alpha158_csi300_custom_step0_s_20260527_16,d90ebb3361784193ab36dea9ca2a0f82,0.1,,,
1894,2026-05-27,SH601169,0.014247670769691467,EXP_LinearModel_Alpha158_csi300_custom_step0_s_20260527_16,d90ebb3361784193ab36dea9ca2a0f82,0.1,,,
1895,2026-05-27,SH601881,0.03301993012428284,EXP_LinearModel_Alpha158_csi300_custom_step0_s_20260527_16,d90ebb3361784193ab36dea9ca2a0f82,0.1,,,
1896,2026-05-27,SH601888,0.01920342445373535,EXP_LinearModel_Alpha158_csi300_custom_step0_s_20260527_16,d90ebb3361784193ab36dea9ca2a0f82,0.1,,,
1897,2026-05-27,SH601898,0.02800987847149372,EXP_LinearModel_Alpha158_csi300_custom_step0_s_20260527_16,d90ebb3361784193ab36dea9ca2a0f82,0.1,,,
1898,2026-05-27,SH688256,0.043102651834487915,EXP_LinearModel_Alpha158_csi300_custom_step0_s_20260527_16,d90ebb3361784193ab36dea9ca2a0f82,0.1,,,
1899,2026-05-27,SH688271,-0.041444286704063416,EXP_LinearModel_Alpha158_csi300_custom_step0_s_20260527_16,d90ebb3361784193ab36dea9ca2a0f82,0.1,,,
1900,2026-05-27,SH688303,-0.021158939227461815,EXP_LinearModel_Alpha158_csi300_custom_step0_s_20260527_16,d90ebb3361784193ab36dea9ca2a0f82,0.1,,,
1901,2026-05-27,SH688396,0.04775596037507057,EXP_LinearModel_Alpha158_csi300_custom_step0_s_20260527_16,d90ebb3361784193ab36dea9ca2a0f82,0.1,,,
1902,2026-05-27,SH688472,-0.01573796384036541,EXP_LinearModel_Alpha158_csi300_custom_step0_s_20260527_16,d90ebb3361784193ab36dea9ca2a0f82,0.1,,,
1903,2026-05-27,SH688506,-0.03759142756462097,EXP_LinearModel_Alpha158_csi300_custom_step0_s_20260527_16,d90ebb3361784193ab36dea9ca2a0f82,0.1,,,
1904,2026-05-27,SH688981,-0.10518141090869904,EXP_LinearModel_Alpha158_csi300_custom_step0_s_20260527_16,d90ebb3361784193ab36dea9ca2a0f82,0.1,,,
1905,2026-05-27,SZ000001,0.005178419873118401,EXP_LinearModel_Alpha158_csi300_custom_step0_s_20260527_16,d90ebb3361784193ab36dea9ca2a0f82,0.1,,,
1906,2026-05-27,SZ000002,-0.04970942437648773,EXP_LinearModel_Alpha158_csi300_custom_step0_s_20260527_16,d90ebb3361784193ab36dea9ca2a0f82,0.1,,,
1907,2026-05-27,SZ000063,0.07694771885871887,EXP_LinearModel_Alpha158_csi300_custom_step0_s_20260527_16,d90ebb3361784193ab36dea9ca2a0f82,0.1,,,
1908,2026-05-27,SZ000100,-0.0428486242890358,EXP_LinearModel_Alpha158_csi300_custom_step0_s_20260527_16,d90ebb3361784193ab36dea9ca2a0f82,0.1,,,
1909,2026-05-27,SZ000157,0.015587377361953259,EXP_LinearModel_Alpha158_csi300_custom_step0_s_20260527_16,d90ebb3361784193ab36dea9ca2a0f82,0.1,,,
1910,2026-05-27,SZ000166,0.05522250384092331,EXP_LinearModel_Alpha158_csi300_custom_step0_s_20260527_16,d90ebb3361784193ab36dea9ca2a0f82,0.1,,,
1911,2026-05-27,SZ000301,-0.0042345719411969185,EXP_LinearModel_Alpha158_csi300_custom_step0_s_20260527_16,d90ebb3361784193ab36dea9ca2a0f82,0.1,,,
1912,2026-05-27,SZ000333,-0.06076657772064209,EXP_LinearModel_Alpha158_csi300_custom_step0_s_20260527_16,d90ebb3361784193ab36dea9ca2a0f82,0.1,,,
1913,2026-05-27,SZ000338,0.06557716429233551,EXP_LinearModel_Alpha158_csi300_custom_step0_s_20260527_16,d90ebb3361784193ab36dea9ca2a0f82,0.1,,,
1914,2026-05-27,SZ000408,0.045399151742458344,EXP_LinearModel_Alpha158_csi300_custom_step0_s_20260527_16,d90ebb3361784193ab36dea9ca2a0f82,0.1,,,
1915,2026-05-27,SZ000786,-0.06654113531112671,EXP_LinearModel_Alpha158_csi300_custom_step0_s_20260527_16,d90ebb3361784193ab36dea9ca2a0f82,0.1,,,
1916,2026-05-27,SZ000776,-0.011596105061471462,EXP_LinearModel_Alpha158_csi300_custom_step0_s_20260527_16,d90ebb3361784193ab36dea9ca2a0f82,0.1,,,
1917,2026-05-27,SZ000768,-0.06839298456907272,EXP_LinearModel_Alpha158_csi300_custom_step0_s_20260527_16,d90ebb3361784193ab36dea9ca2a0f82,0.1,,,
1918,2026-05-27,SZ000725,-0.18076670169830322,EXP_LinearModel_Alpha158_csi300_custom_step0_s_20260527_16,d90ebb3361784193ab36dea9ca2a0f82,0.1,,,
1919,2026-05-27,SZ000708,0.03222222998738289,EXP_LinearModel_Alpha158_csi300_custom_step0_s_20260527_16,d90ebb3361784193ab36dea9ca2a0f82,0.1,,,
1920,2026-05-27,SZ000661,-0.09888825565576553,EXP_LinearModel_Alpha158_csi300_custom_step0_s_20260527_16,d90ebb3361784193ab36dea9ca2a0f82,0.1,,,
1921,2026-05-27,SH688223,0.02289024367928505,EXP_LinearModel_Alpha158_csi300_custom_step0_s_20260527_16,d90ebb3361784193ab36dea9ca2a0f82,0.1,,,
1922,2026-05-27,SZ000651,0.0099489102140069,EXP_LinearModel_Alpha158_csi300_custom_step0_s_20260527_16,d90ebb3361784193ab36dea9ca2a0f82,0.1,,,
1923,2026-05-27,SZ000625,0.01691415160894394,EXP_LinearModel_Alpha158_csi300_custom_step0_s_20260527_16,d90ebb3361784193ab36dea9ca2a0f82,0.1,,,
1924,2026-05-27,SZ000617,-0.04193156585097313,EXP_LinearModel_Alpha158_csi300_custom_step0_s_20260527_16,d90ebb3361784193ab36dea9ca2a0f82,0.1,,,
1925,2026-05-27,SZ000596,-0.005636728368699551,EXP_LinearModel_Alpha158_csi300_custom_step0_s_20260527_16,d90ebb3361784193ab36dea9ca2a0f82,0.1,,,
1926,2026-05-27,SZ000568,0.019652053713798523,EXP_LinearModel_Alpha158_csi300_custom_step0_s_20260527_16,d90ebb3361784193ab36dea9ca2a0f82,0.1,,,
1927,2026-05-27,SZ000538,-0.03224416822195053,EXP_LinearModel_Alpha158_csi300_custom_step0_s_20260527_16,d90ebb3361784193ab36dea9ca2a0f82,0.1,,,
1928,2026-05-27,SZ000425,-0.03904874622821808,EXP_LinearModel_Alpha158_csi300_custom_step0_s_20260527_16,d90ebb3361784193ab36dea9ca2a0f82,0.1,,,
1929,2026-05-27,SZ000630,-0.09545163810253143,EXP_LinearModel_Alpha158_csi300_custom_step0_s_20260527_16,d90ebb3361784193ab36dea9ca2a0f82,0.1,,,
1930,2026-05-27,SH688187,0.014532042667269707,EXP_LinearModel_Alpha158_csi300_custom_step0_s_20260527_16,d90ebb3361784193ab36dea9ca2a0f82,0.1,,,
1931,2026-05-27,SH688169,-0.05603049322962761,EXP_LinearModel_Alpha158_csi300_custom_step0_s_20260527_16,d90ebb3361784193ab36dea9ca2a0f82,0.1,,,
1932,2026-05-27,SH688126,0.014721068553626537,EXP_LinearModel_Alpha158_csi300_custom_step0_s_20260527_16,d90ebb3361784193ab36dea9ca2a0f82,0.1,,,
1933,2026-05-27,SH603288,-0.08366789668798447,EXP_LinearModel_Alpha158_csi300_custom_step0_s_20260527_16,d90ebb3361784193ab36dea9ca2a0f82,0.1,,,
1934,2026-05-27,SH603260,-0.04873647540807724,EXP_LinearModel_Alpha158_csi300_custom_step0_s_20260527_16,d90ebb3361784193ab36dea9ca2a0f82,0.1,,,
1935,2026-05-27,SH603259,0.0849757045507431,EXP_LinearModel_Alpha158_csi300_custom_step0_s_20260527_16,d90ebb3361784193ab36dea9ca2a0f82,0.1,,,
1936,2026-05-27,SH603195,0.027863983064889908,EXP_LinearModel_Alpha158_csi300_custom_step0_s_20260527_16,d90ebb3361784193ab36dea9ca2a0f82,0.1,,,
1937,2026-05-27,SH603019,0.06338310241699219,EXP_LinearModel_Alpha158_csi300_custom_step0_s_20260527_16,d90ebb3361784193ab36dea9ca2a0f82,0.1,,,
1938,2026-05-27,SH601998,-0.06952118128538132,EXP_LinearModel_Alpha158_csi300_custom_step0_s_20260527_16,d90ebb3361784193ab36dea9ca2a0f82,0.1,,,
1939,2026-05-27,SH603296,0.015711229294538498,EXP_LinearModel_Alpha158_csi300_custom_step0_s_20260527_16,d90ebb3361784193ab36dea9ca2a0f82,0.1,,,
1940,2026-05-27,SH601995,0.02603665180504322,EXP_LinearModel_Alpha158_csi300_custom_step0_s_20260527_16,d90ebb3361784193ab36dea9ca2a0f82,0.1,,,
1941,2026-05-27,SH601985,-0.01027095690369606,EXP_LinearModel_Alpha158_csi300_custom_step0_s_20260527_16,d90ebb3361784193ab36dea9ca2a0f82,0.1,,,
1942,2026-05-27,SH601939,0.014049725607037544,EXP_LinearModel_Alpha158_csi300_custom_step0_s_20260527_16,d90ebb3361784193ab36dea9ca2a0f82,0.1,,,
1943,2026-05-27,SH601919,-0.024824658408761024,EXP_LinearModel_Alpha158_csi300_custom_step0_s_20260527_16,d90ebb3361784193ab36dea9ca2a0f82,0.1,,,
1944,2026-05-27,SH601916,0.07081189751625061,EXP_LinearModel_Alpha158_csi300_custom_step0_s_20260527_16,d90ebb3361784193ab36dea9ca2a0f82,0.1,,,
1945,2026-05-27,SH601901,0.10227180272340775,EXP_LinearModel_Alpha158_csi300_custom_step0_s_20260527_16,d90ebb3361784193ab36dea9ca2a0f82,0.1,,,
1946,2026-05-27,SH601899,-0.00040814769454300404,EXP_LinearModel_Alpha158_csi300_custom_step0_s_20260527_16,d90ebb3361784193ab36dea9ca2a0f82,0.1,,,
1947,2026-05-27,SH601988,0.05864185839891434,EXP_LinearModel_Alpha158_csi300_custom_step0_s_20260527_16,d90ebb3361784193ab36dea9ca2a0f82,0.1,,,
1948,2026-05-27,SH600570,0.06831177324056625,EXP_LinearModel_Alpha158_csi300_custom_step0_s_20260527_16,faf44930e64a4f78b9ae202d9e793ee8,0.097,,,
1949,2026-05-27,SH603369,0.018470678478479385,EXP_LinearModel_Alpha158_csi300_custom_step0_s_20260527_16,d90ebb3361784193ab36dea9ca2a0f82,0.1,,,
1950,2026-05-27,SH603501,-0.0039773122407495975,EXP_LinearModel_Alpha158_csi300_custom_step0_s_20260527_16,d90ebb3361784193ab36dea9ca2a0f82,0.1,,,
1951,2026-05-27,SH688111,-0.05973362177610397,EXP_LinearModel_Alpha158_csi300_custom_step0_s_20260527_16,d90ebb3361784193ab36dea9ca2a0f82,0.1,,,
1952,2026-05-27,SH688082,-0.02337734028697014,EXP_LinearModel_Alpha158_csi300_custom_step0_s_20260527_16,d90ebb3361784193ab36dea9ca2a0f82,0.1,,,
1953,2026-05-27,SH688047,0.09333464503288269,EXP_LinearModel_Alpha158_csi300_custom_step0_s_20260527_16,d90ebb3361784193ab36dea9ca2a0f82,0.1,,,
1954,2026-05-27,SH688041,0.10998427122831345,EXP_LinearModel_Alpha158_csi300_custom_step0_s_20260527_16,d90ebb3361784193ab36dea9ca2a0f82,0.1,,,
1955,2026-05-27,SH688036,0.005673034116625786,EXP_LinearModel_Alpha158_csi300_custom_step0_s_20260527_16,d90ebb3361784193ab36dea9ca2a0f82,0.1,,,
1956,2026-05-27,SH688012,0.1617666780948639,EXP_LinearModel_Alpha158_csi300_custom_step0_s_20260527_16,d90ebb3361784193ab36dea9ca2a0f82,0.1,,,
1957,2026-05-27,SH603392,-0.10669522732496262,EXP_LinearModel_Alpha158_csi300_custom_step0_s_20260527_16,d90ebb3361784193ab36dea9ca2a0f82,0.1,,,
1958,2026-05-27,SH688009,0.01094598975032568,EXP_LinearModel_Alpha158_csi300_custom_step0_s_20260527_16,d90ebb3361784193ab36dea9ca2a0f82,0.1,,,
1959,2026-05-27,SH605499,-0.08169795572757721,EXP_LinearModel_Alpha158_csi300_custom_step0_s_20260527_16,d90ebb3361784193ab36dea9ca2a0f82,0.1,,,
1960,2026-05-27,SH605117,0.010216042399406433,EXP_LinearModel_Alpha158_csi300_custom_step0_s_20260527_16,d90ebb3361784193ab36dea9ca2a0f82,0.1,,,
1961,2026-05-27,SH603993,-0.07620425522327423,EXP_LinearModel_Alpha158_csi300_custom_step0_s_20260527_16,d90ebb3361784193ab36dea9ca2a0f82,0.1,,,
1962,2026-05-27,SH603986,-0.007741523440927267,EXP_LinearModel_Alpha158_csi300_custom_step0_s_20260527_16,d90ebb3361784193ab36dea9ca2a0f82,0.1,,,
1963,2026-05-27,SH603893,-0.01946870982646942,EXP_LinearModel_Alpha158_csi300_custom_step0_s_20260527_16,d90ebb3361784193ab36dea9ca2a0f82,0.1,,,
1964,2026-05-27,SH603799,-0.01803760975599289,EXP_LinearModel_Alpha158_csi300_custom_step0_s_20260527_16,d90ebb3361784193ab36dea9ca2a0f82,0.1,,,
1965,2026-05-27,SH688008,0.12690092623233795,EXP_LinearModel_Alpha158_csi300_custom_step0_s_20260527_16,d90ebb3361784193ab36dea9ca2a0f82,0.1,,,
1966,2026-05-27,SH600584,0.1776917576789856,EXP_LinearModel_Alpha158_csi300_custom_step0_s_20260527_16,faf44930e64a4f78b9ae202d9e793ee8,0.097,,,
1967,2026-05-27,SH600585,-0.007931927219033241,EXP_LinearModel_Alpha158_csi300_custom_step0_s_20260527_16,faf44930e64a4f78b9ae202d9e793ee8,0.097,,,
1968,2026-05-27,SH600588,0.06816192716360092,EXP_LinearModel_Alpha158_csi300_custom_step0_s_20260527_16,faf44930e64a4f78b9ae202d9e793ee8,0.097,,,
1969,2026-05-27,SZ002142,-0.028188781812787056,EXP_LinearModel_Alpha158_csi300_custom_step0_s_20260527_16,faf44930e64a4f78b9ae202d9e793ee8,0.097,,,
1970,2026-05-27,SZ002179,0.18064583837985992,EXP_LinearModel_Alpha158_csi300_custom_step0_s_20260527_16,faf44930e64a4f78b9ae202d9e793ee8,0.097,,,
1971,2026-05-27,SZ002230,0.08577620983123779,EXP_LinearModel_Alpha158_csi300_custom_step0_s_20260527_16,faf44930e64a4f78b9ae202d9e793ee8,0.097,,,
1972,2026-05-27,SZ002236,0.09559614211320877,EXP_LinearModel_Alpha158_csi300_custom_step0_s_20260527_16,faf44930e64a4f78b9ae202d9e793ee8,0.097,,,
1973,2026-05-27,SZ002241,0.15819990634918213,EXP_LinearModel_Alpha158_csi300_custom_step0_s_20260527_16,faf44930e64a4f78b9ae202d9e793ee8,0.097,,,
1974,2026-05-27,SZ002252,0.012231692671775818,EXP_LinearModel_Alpha158_csi300_custom_step0_s_20260527_16,faf44930e64a4f78b9ae202d9e793ee8,0.097,,,
1975,2026-05-27,SZ002304,-0.12455466389656067,EXP_LinearModel_Alpha158_csi300_custom_step0_s_20260527_16,faf44930e64a4f78b9ae202d9e793ee8,0.097,,,
1976,2026-05-27,SZ002311,-0.11298847943544388,EXP_LinearModel_Alpha158_csi300_custom_step0_s_20260527_16,faf44930e64a4f78b9ae202d9e793ee8,0.097,,,
1977,2026-05-27,SZ002352,-0.05342571437358856,EXP_LinearModel_Alpha158_csi300_custom_step0_s_20260527_16,faf44930e64a4f78b9ae202d9e793ee8,0.097,,,
1978,2026-05-27,SZ002371,0.29501527547836304,EXP_LinearModel_Alpha158_csi300_custom_step0_s_20260527_16,faf44930e64a4f78b9ae202d9e793ee8,0.097,,,
1979,2026-05-27,SZ002384,0.49522364139556885,EXP_LinearModel_Alpha158_csi300_custom_step0_s_20260527_16,faf44930e64a4f78b9ae202d9e793ee8,0.097,,,
1980,2026-05-27,SZ002415,0.054032497107982635,EXP_LinearModel_Alpha158_csi300_custom_step0_s_20260527_16,faf44930e64a4f78b9ae202d9e793ee8,0.097,,,
1981,2026-05-27,SZ002422,0.01716141402721405,EXP_LinearModel_Alpha158_csi300_custom_step0_s_20260527_16,faf44930e64a4f78b9ae202d9e793ee8,0.097,,,
1982,2026-05-27,SZ002459,0.11629819869995117,EXP_LinearModel_Alpha158_csi300_custom_step0_s_20260527_16,faf44930e64a4f78b9ae202d9e793ee8,0.097,,,
1983,2026-05-27,SZ002460,0.10858802497386932,EXP_LinearModel_Alpha158_csi300_custom_step0_s_20260527_16,faf44930e64a4f78b9ae202d9e793ee8,0.097,,,
1984,2026-05-27,SZ002463,0.1834053099155426,EXP_LinearModel_Alpha158_csi300_custom_step0_s_20260527_16,faf44930e64a4f78b9ae202d9e793ee8,0.097,,,
1985,2026-05-27,SZ002466,0.13730448484420776,EXP_LinearModel_Alpha158_csi300_custom_step0_s_20260527_16,faf44930e64a4f78b9ae202d9e793ee8,0.097,,,
1986,2026-05-27,SZ003816,0.04104295372962952,EXP_LinearModel_Alpha158_csi300_custom_step0_s_20260527_16,faf44930e64a4f78b9ae202d9e793ee8,0.097,,,
1987,2026-05-27,SZ002938,-0.0025756508111953735,EXP_LinearModel_Alpha158_csi300_custom_step0_s_20260527_16,faf44930e64a4f78b9ae202d9e793ee8,0.097,,,
1988,2026-05-27,SZ002920,0.1216607391834259,EXP_LinearModel_Alpha158_csi300_custom_step0_s_20260527_16,faf44930e64a4f78b9ae202d9e793ee8,0.097,,,
1989,2026-05-27,SZ002916,0.20842993259429932,EXP_LinearModel_Alpha158_csi300_custom_step0_s_20260527_16,faf44930e64a4f78b9ae202d9e793ee8,0.097,,,
1990,2026-05-27,SZ002736,-0.04654094576835632,EXP_LinearModel_Alpha158_csi300_custom_step0_s_20260527_16,faf44930e64a4f78b9ae202d9e793ee8,0.097,,,
1991,2026-05-27,SZ002714,-0.0778723955154419,EXP_LinearModel_Alpha158_csi300_custom_step0_s_20260527_16,faf44930e64a4f78b9ae202d9e793ee8,0.097,,,
1992,2026-05-27,SZ002074,0.0696323812007904,EXP_LinearModel_Alpha158_csi300_custom_step0_s_20260527_16,faf44930e64a4f78b9ae202d9e793ee8,0.097,,,
1993,2026-05-27,SZ002709,0.14991125464439392,EXP_LinearModel_Alpha158_csi300_custom_step0_s_20260527_16,faf44930e64a4f78b9ae202d9e793ee8,0.097,,,
1994,2026-05-27,SZ002625,0.10530054569244385,EXP_LinearModel_Alpha158_csi300_custom_step0_s_20260527_16,faf44930e64a4f78b9ae202d9e793ee8,0.097,,,
1995,2026-05-27,SZ002601,0.037248559296131134,EXP_LinearModel_Alpha158_csi300_custom_step0_s_20260527_16,faf44930e64a4f78b9ae202d9e793ee8,0.097,,,
1996,2026-05-27,SZ002600,-0.03401006758213043,EXP_LinearModel_Alpha158_csi300_custom_step0_s_20260527_16,faf44930e64a4f78b9ae202d9e793ee8,0.097,,,
1997,2026-05-27,SZ002594,0.05646619200706482,EXP_LinearModel_Alpha158_csi300_custom_step0_s_20260527_16,faf44930e64a4f78b9ae202d9e793ee8,0.097,,,
1998,2026-05-27,SZ002493,0.34331953525543213,EXP_LinearModel_Alpha158_csi300_custom_step0_s_20260527_16,faf44930e64a4f78b9ae202d9e793ee8,0.097,,,
1999,2026-05-27,SZ002475,0.35813236236572266,EXP_LinearModel_Alpha158_csi300_custom_step0_s_20260527_16,faf44930e64a4f78b9ae202d9e793ee8,0.097,,,
2000,2026-05-27,SZ002648,0.046051181852817535,EXP_LinearModel_Alpha158_csi300_custom_step0_s_20260527_16,faf44930e64a4f78b9ae202d9e793ee8,0.097,,,
2001,2026-05-27,SZ300014,0.12538649141788483,EXP_LinearModel_Alpha158_csi300_custom_step0_s_20260527_16,faf44930e64a4f78b9ae202d9e793ee8,0.097,,,
2002,2026-05-27,SZ002050,0.13469654321670532,EXP_LinearModel_Alpha158_csi300_custom_step0_s_20260527_16,faf44930e64a4f78b9ae202d9e793ee8,0.097,,,
2003,2026-05-27,SZ002028,0.032513055950403214,EXP_LinearModel_Alpha158_csi300_custom_step0_s_20260527_16,faf44930e64a4f78b9ae202d9e793ee8,0.097,,,
2004,2026-05-27,SZ000408,0.051311906427145004,EXP_LinearModel_Alpha158_csi300_custom_step0_s_20260527_16,faf44930e64a4f78b9ae202d9e793ee8,0.097,,,
2005,2026-05-27,SZ000425,0.02798992395401001,EXP_LinearModel_Alpha158_csi300_custom_step0_s_20260527_16,faf44930e64a4f78b9ae202d9e793ee8,0.097,,,
2006,2026-05-27,SZ000538,-0.10796843469142914,EXP_LinearModel_Alpha158_csi300_custom_step0_s_20260527_16,faf44930e64a4f78b9ae202d9e793ee8,0.097,,,
2007,2026-05-27,SZ000568,-0.122033029794693,EXP_LinearModel_Alpha158_csi300_custom_step0_s_20260527_16,faf44930e64a4f78b9ae202d9e793ee8,0.097,,,
2008,2026-05-27,SZ000596,-0.05848152935504913,EXP_LinearModel_Alpha158_csi300_custom_step0_s_20260527_16,faf44930e64a4f78b9ae202d9e793ee8,0.097,,,
2009,2026-05-27,SZ000617,0.1593291163444519,EXP_LinearModel_Alpha158_csi300_custom_step0_s_20260527_16,faf44930e64a4f78b9ae202d9e793ee8,0.097,,,
2010,2026-05-27,SZ000625,-0.12506824731826782,EXP_LinearModel_Alpha158_csi300_custom_step0_s_20260527_16,faf44930e64a4f78b9ae202d9e793ee8,0.097,,,
2011,2026-05-27,SZ000630,0.13508930802345276,EXP_LinearModel_Alpha158_csi300_custom_step0_s_20260527_16,faf44930e64a4f78b9ae202d9e793ee8,0.097,,,
2012,2026-05-27,SZ000651,-0.04027463495731354,EXP_LinearModel_Alpha158_csi300_custom_step0_s_20260527_16,faf44930e64a4f78b9ae202d9e793ee8,0.097,,,
2013,2026-05-27,SZ000661,-0.056574705988168716,EXP_LinearModel_Alpha158_csi300_custom_step0_s_20260527_16,faf44930e64a4f78b9ae202d9e793ee8,0.097,,,
2014,2026-05-27,SZ000708,-0.052652232348918915,EXP_LinearModel_Alpha158_csi300_custom_step0_s_20260527_16,faf44930e64a4f78b9ae202d9e793ee8,0.097,,,
2015,2026-05-27,SZ000725,-0.09879595041275024,EXP_LinearModel_Alpha158_csi300_custom_step0_s_20260527_16,faf44930e64a4f78b9ae202d9e793ee8,0.097,,,
2016,2026-05-27,SZ000768,0.12098341435194016,EXP_LinearModel_Alpha158_csi300_custom_step0_s_20260527_16,faf44930e64a4f78b9ae202d9e793ee8,0.097,,,
2017,2026-05-27,SZ000776,0.04011528939008713,EXP_LinearModel_Alpha158_csi300_custom_step0_s_20260527_16,faf44930e64a4f78b9ae202d9e793ee8,0.097,,,
2018,2026-05-27,SZ000786,-0.009930260479450226,EXP_LinearModel_Alpha158_csi300_custom_step0_s_20260527_16,faf44930e64a4f78b9ae202d9e793ee8,0.097,,,
2019,2026-05-27,SZ000792,0.03584375977516174,EXP_LinearModel_Alpha158_csi300_custom_step0_s_20260527_16,faf44930e64a4f78b9ae202d9e793ee8,0.097,,,
2020,2026-05-27,SZ000807,-0.03526543080806732,EXP_LinearModel_Alpha158_csi300_custom_step0_s_20260527_16,faf44930e64a4f78b9ae202d9e793ee8,0.097,,,
2021,2026-05-27,SZ002027,-0.011895019561052322,EXP_LinearModel_Alpha158_csi300_custom_step0_s_20260527_16,faf44930e64a4f78b9ae202d9e793ee8,0.097,,,
2022,2026-05-27,SZ002001,-0.06063162535429001,EXP_LinearModel_Alpha158_csi300_custom_step0_s_20260527_16,faf44930e64a4f78b9ae202d9e793ee8,0.097,,,
2023,2026-05-27,SZ001979,-0.030705511569976807,EXP_LinearModel_Alpha158_csi300_custom_step0_s_20260527_16,faf44930e64a4f78b9ae202d9e793ee8,0.097,,,
2024,2026-05-27,SZ001965,0.04908793419599533,EXP_LinearModel_Alpha158_csi300_custom_step0_s_20260527_16,faf44930e64a4f78b9ae202d9e793ee8,0.097,,,
2025,2026-05-27,SZ001391,-0.1371004283428192,EXP_LinearModel_Alpha158_csi300_custom_step0_s_20260527_16,faf44930e64a4f78b9ae202d9e793ee8,0.097,,,
2026,2026-05-27,SZ000999,-0.034522585570812225,EXP_LinearModel_Alpha158_csi300_custom_step0_s_20260527_16,faf44930e64a4f78b9ae202d9e793ee8,0.097,,,
2027,2026-05-27,SZ002049,0.2593197524547577,EXP_LinearModel_Alpha158_csi300_custom_step0_s_20260527_16,faf44930e64a4f78b9ae202d9e793ee8,0.097,,,
2028,2026-05-27,SZ000983,0.07588444650173187,EXP_LinearModel_Alpha158_csi300_custom_step0_s_20260527_16,faf44930e64a4f78b9ae202d9e793ee8,0.097,,,
2029,2026-05-27,SZ000975,-0.08184407651424408,EXP_LinearModel_Alpha158_csi300_custom_step0_s_20260527_16,faf44930e64a4f78b9ae202d9e793ee8,0.097,,,
2030,2026-05-27,SZ000963,-0.05428413301706314,EXP_LinearModel_Alpha158_csi300_custom_step0_s_20260527_16,faf44930e64a4f78b9ae202d9e793ee8,0.097,,,
2031,2026-05-27,SZ000938,0.29527562856674194,EXP_LinearModel_Alpha158_csi300_custom_step0_s_20260527_16,faf44930e64a4f78b9ae202d9e793ee8,0.097,,,
2032,2026-05-27,SZ000895,0.038940757513046265,EXP_LinearModel_Alpha158_csi300_custom_step0_s_20260527_16,faf44930e64a4f78b9ae202d9e793ee8,0.097,,,
2033,2026-05-27,SZ000876,-0.03320740535855293,EXP_LinearModel_Alpha158_csi300_custom_step0_s_20260527_16,faf44930e64a4f78b9ae202d9e793ee8,0.097,,,
2034,2026-05-27,SZ000858,-0.1900457739830017,EXP_LinearModel_Alpha158_csi300_custom_step0_s_20260527_16,faf44930e64a4f78b9ae202d9e793ee8,0.097,,,
2035,2026-05-27,SZ000977,0.2133033573627472,EXP_LinearModel_Alpha158_csi300_custom_step0_s_20260527_16,faf44930e64a4f78b9ae202d9e793ee8,0.097,,,
2036,2026-05-27,SZ300015,0.20636172592639923,EXP_LinearModel_Alpha158_csi300_custom_step0_s_20260527_16,faf44930e64a4f78b9ae202d9e793ee8,0.097,,,
2037,2026-05-27,SZ300033,0.07196211814880371,EXP_LinearModel_Alpha158_csi300_custom_step0_s_20260527_16,faf44930e64a4f78b9ae202d9e793ee8,0.097,,,
2038,2026-05-27,SZ300059,0.07423973083496094,EXP_LinearModel_Alpha158_csi300_custom_step0_s_20260527_16,faf44930e64a4f78b9ae202d9e793ee8,0.097,,,
2039,2026-05-27,SH600016,0.05155877768993378,EXP_XGBModel_Alpha158_csi300_custom_step0_s_20260527_16,89da24e8feae4090bc3c77fef10eddaa,0.053,,,
2040,2026-05-27,SH600018,0.06092843413352966,EXP_XGBModel_Alpha158_csi300_custom_step0_s_20260527_16,89da24e8feae4090bc3c77fef10eddaa,0.053,,,
2041,2026-05-27,SH600019,-0.014864634722471237,EXP_XGBModel_Alpha158_csi300_custom_step0_s_20260527_16,89da24e8feae4090bc3c77fef10eddaa,0.053,,,
2042,2026-05-27,SH600023,-0.03144482150673866,EXP_XGBModel_Alpha158_csi300_custom_step0_s_20260527_16,89da24e8feae4090bc3c77fef10eddaa,0.053,,,
2043,2026-05-27,SH600025,0.003760326188057661,EXP_XGBModel_Alpha158_csi300_custom_step0_s_20260527_16,89da24e8feae4090bc3c77fef10eddaa,0.053,,,
2044,2026-05-27,SH600026,-0.05853375792503357,EXP_XGBModel_Alpha158_csi300_custom_step0_s_20260527_16,89da24e8feae4090bc3c77fef10eddaa,0.053,,,
2045,2026-05-27,SH600027,-0.028610385954380035,EXP_XGBModel_Alpha158_csi300_custom_step0_s_20260527_16,89da24e8feae4090bc3c77fef10eddaa,0.053,,,
2046,2026-05-27,SH600028,-0.047157980501651764,EXP_XGBModel_Alpha158_csi300_custom_step0_s_20260527_16,89da24e8feae4090bc3c77fef10eddaa,0.053,,,
2047,2026-05-27,SH600029,-0.0406302809715271,EXP_XGBModel_Alpha158_csi300_custom_step0_s_20260527_16,89da24e8feae4090bc3c77fef10eddaa,0.053,,,
2048,2026-05-27,SH600030,0.02204151451587677,EXP_XGBModel_Alpha158_csi300_custom_step0_s_20260527_16,89da24e8feae4090bc3c77fef10eddaa,0.053,,,
2049,2026-05-27,SH600031,-0.042306531220674515,EXP_XGBModel_Alpha158_csi300_custom_step0_s_20260527_16,89da24e8feae4090bc3c77fef10eddaa,0.053,,,
2050,2026-05-27,SH600036,0.015704438090324402,EXP_XGBModel_Alpha158_csi300_custom_step0_s_20260527_16,89da24e8feae4090bc3c77fef10eddaa,0.053,,,
2051,2026-05-27,SH600039,-0.010566940531134605,EXP_XGBModel_Alpha158_csi300_custom_step0_s_20260527_16,89da24e8feae4090bc3c77fef10eddaa,0.053,,,
2052,2026-05-27,SH600048,-0.04041598364710808,EXP_XGBModel_Alpha158_csi300_custom_step0_s_20260527_16,89da24e8feae4090bc3c77fef10eddaa,0.053,,,
2053,2026-05-27,SH600050,-0.023072578012943268,EXP_XGBModel_Alpha158_csi300_custom_step0_s_20260527_16,89da24e8feae4090bc3c77fef10eddaa,0.053,,,
2054,2026-05-27,SH600061,0.019137227907776833,EXP_XGBModel_Alpha158_csi300_custom_step0_s_20260527_16,89da24e8feae4090bc3c77fef10eddaa,0.053,,,
2055,2026-05-27,SH600066,0.0014489927561953664,EXP_XGBModel_Alpha158_csi300_custom_step0_s_20260527_16,89da24e8feae4090bc3c77fef10eddaa,0.053,,,
2056,2026-05-27,SH600233,-0.011693334206938744,EXP_XGBModel_Alpha158_csi300_custom_step0_s_20260527_16,89da24e8feae4090bc3c77fef10eddaa,0.053,,,
2057,2026-05-27,SH600219,-0.10815531760454178,EXP_XGBModel_Alpha158_csi300_custom_step0_s_20260527_16,89da24e8feae4090bc3c77fef10eddaa,0.053,,,
2058,2026-05-27,SH600196,-0.019840426743030548,EXP_XGBModel_Alpha158_csi300_custom_step0_s_20260527_16,89da24e8feae4090bc3c77fef10eddaa,0.053,,,
2059,2026-05-27,SH600188,-0.03758184611797333,EXP_XGBModel_Alpha158_csi300_custom_step0_s_20260527_16,89da24e8feae4090bc3c77fef10eddaa,0.053,,,
2060,2026-05-27,SH600183,0.02213847078382969,EXP_XGBModel_Alpha158_csi300_custom_step0_s_20260527_16,89da24e8feae4090bc3c77fef10eddaa,0.053,,,
2061,2026-05-27,SH600176,-0.04222071170806885,EXP_XGBModel_Alpha158_csi300_custom_step0_s_20260527_16,89da24e8feae4090bc3c77fef10eddaa,0.053,,,
2062,2026-05-27,SH600015,0.006503787357360125,EXP_XGBModel_Alpha158_csi300_custom_step0_s_20260527_16,89da24e8feae4090bc3c77fef10eddaa,0.053,,,
2063,2026-05-27,SH600161,-0.015067731961607933,EXP_XGBModel_Alpha158_csi300_custom_step0_s_20260527_16,89da24e8feae4090bc3c77fef10eddaa,0.053,,,
2064,2026-05-27,SH600150,0.00031692913034930825,EXP_XGBModel_Alpha158_csi300_custom_step0_s_20260527_16,89da24e8feae4090bc3c77fef10eddaa,0.053,,,
2065,2026-05-27,SH600115,-0.05364489555358887,EXP_XGBModel_Alpha158_csi300_custom_step0_s_20260527_16,89da24e8feae4090bc3c77fef10eddaa,0.053,,,
2066,2026-05-27,SH600111,-0.0706765428185463,EXP_XGBModel_Alpha158_csi300_custom_step0_s_20260527_16,89da24e8feae4090bc3c77fef10eddaa,0.053,,,
2067,2026-05-27,SH600104,0.001876985072158277,EXP_XGBModel_Alpha158_csi300_custom_step0_s_20260527_16,89da24e8feae4090bc3c77fef10eddaa,0.053,,,
2068,2026-05-27,SH600089,-0.03738284111022949,EXP_XGBModel_Alpha158_csi300_custom_step0_s_20260527_16,89da24e8feae4090bc3c77fef10eddaa,0.053,,,
2069,2026-05-27,SH600085,-0.050771038979291916,EXP_XGBModel_Alpha158_csi300_custom_step0_s_20260527_16,89da24e8feae4090bc3c77fef10eddaa,0.053,,,
2070,2026-05-27,SH600160,-0.09644686430692673,EXP_XGBModel_Alpha158_csi300_custom_step0_s_20260527_16,89da24e8feae4090bc3c77fef10eddaa,0.053,,,
2071,2026-05-27,SH600011,-0.025921989232301712,EXP_XGBModel_Alpha158_csi300_custom_step0_s_20260527_16,89da24e8feae4090bc3c77fef10eddaa,0.053,,,
2072,2026-05-27,SH600010,-0.05651272460818291,EXP_XGBModel_Alpha158_csi300_custom_step0_s_20260527_16,89da24e8feae4090bc3c77fef10eddaa,0.053,,,
2073,2026-05-27,SH600009,0.025749268010258675,EXP_XGBModel_Alpha158_csi300_custom_step0_s_20260527_16,89da24e8feae4090bc3c77fef10eddaa,0.053,,,
2074,2026-05-27,SZ300476,0.29711833596229553,EXP_LinearModel_Alpha158_csi300_custom_step0_s_20260527_16,faf44930e64a4f78b9ae202d9e793ee8,0.097,,,
2075,2026-05-27,SZ300442,0.06955072283744812,EXP_LinearModel_Alpha158_csi300_custom_step0_s_20260527_16,faf44930e64a4f78b9ae202d9e793ee8,0.097,,,
2076,2026-05-27,SZ300433,0.1793055683374405,EXP_LinearModel_Alpha158_csi300_custom_step0_s_20260527_16,faf44930e64a4f78b9ae202d9e793ee8,0.097,,,
2077,2026-05-27,SZ300418,0.07800841331481934,EXP_LinearModel_Alpha158_csi300_custom_step0_s_20260527_16,faf44930e64a4f78b9ae202d9e793ee8,0.097,,,
2078,2026-05-27,SZ300413,0.029911398887634277,EXP_LinearModel_Alpha158_csi300_custom_step0_s_20260527_16,faf44930e64a4f78b9ae202d9e793ee8,0.097,,,
2079,2026-05-27,SZ300408,0.2805019021034241,EXP_LinearModel_Alpha158_csi300_custom_step0_s_20260527_16,faf44930e64a4f78b9ae202d9e793ee8,0.097,,,
2080,2026-05-27,SZ300498,-0.13504889607429504,EXP_LinearModel_Alpha158_csi300_custom_step0_s_20260527_16,faf44930e64a4f78b9ae202d9e793ee8,0.097,,,
2081,2026-05-27,SZ300394,0.146208256483078,EXP_LinearModel_Alpha158_csi300_custom_step0_s_20260527_16,faf44930e64a4f78b9ae202d9e793ee8,0.097,,,
2082,2026-05-27,SZ300316,0.19474241137504578,EXP_LinearModel_Alpha158_csi300_custom_step0_s_20260527_16,faf44930e64a4f78b9ae202d9e793ee8,0.097,,,
2083,2026-05-27,SZ300308,0.16684162616729736,EXP_LinearModel_Alpha158_csi300_custom_step0_s_20260527_16,faf44930e64a4f78b9ae202d9e793ee8,0.097,,,
2084,2026-05-27,SZ300274,0.22280719876289368,EXP_LinearModel_Alpha158_csi300_custom_step0_s_20260527_16,faf44930e64a4f78b9ae202d9e793ee8,0.097,,,
2085,2026-05-27,SZ300251,0.2538308799266815,EXP_LinearModel_Alpha158_csi300_custom_step0_s_20260527_16,faf44930e64a4f78b9ae202d9e793ee8,0.097,,,
2086,2026-05-27,SZ300124,0.1340920776128769,EXP_LinearModel_Alpha158_csi300_custom_step0_s_20260527_16,faf44930e64a4f78b9ae202d9e793ee8,0.097,,,
2087,2026-05-27,SZ300122,-0.023344963788986206,EXP_LinearModel_Alpha158_csi300_custom_step0_s_20260527_16,faf44930e64a4f78b9ae202d9e793ee8,0.097,,,
2088,2026-05-27,SZ300347,0.12060413509607315,EXP_LinearModel_Alpha158_csi300_custom_step0_s_20260527_16,faf44930e64a4f78b9ae202d9e793ee8,0.097,,,
2089,2026-05-27,SZ000338,0.27290189266204834,EXP_LinearModel_Alpha158_csi300_custom_step0_s_20260527_16,faf44930e64a4f78b9ae202d9e793ee8,0.097,,,
2090,2026-05-27,SZ300502,0.09691287577152252,EXP_LinearModel_Alpha158_csi300_custom_step0_s_20260527_16,faf44930e64a4f78b9ae202d9e793ee8,0.097,,,
2091,2026-05-27,SZ300661,0.12667547166347504,EXP_LinearModel_Alpha158_csi300_custom_step0_s_20260527_16,faf44930e64a4f78b9ae202d9e793ee8,0.097,,,
2092,2026-05-27,SH600000,-0.016955144703388214,EXP_XGBModel_Alpha158_csi300_custom_step0_s_20260527_16,89da24e8feae4090bc3c77fef10eddaa,0.053,,,
2093,2026-05-27,SZ302132,0.010717378929257393,EXP_LinearModel_Alpha158_csi300_custom_step0_s_20260527_16,faf44930e64a4f78b9ae202d9e793ee8,0.097,,,
2094,2026-05-27,SZ301269,-0.009139716625213623,EXP_LinearModel_Alpha158_csi300_custom_step0_s_20260527_16,faf44930e64a4f78b9ae202d9e793ee8,0.097,,,
2095,2026-05-27,SZ301236,0.098382867872715,EXP_LinearModel_Alpha158_csi300_custom_step0_s_20260527_16,faf44930e64a4f78b9ae202d9e793ee8,0.097,,,
2096,2026-05-27,SZ300999,-0.04752752184867859,EXP_LinearModel_Alpha158_csi300_custom_step0_s_20260527_16,faf44930e64a4f78b9ae202d9e793ee8,0.097,,,
2097,2026-05-27,SZ300979,-0.024799957871437073,EXP_LinearModel_Alpha158_csi300_custom_step0_s_20260527_16,faf44930e64a4f78b9ae202d9e793ee8,0.097,,,
2098,2026-05-27,SZ300628,0.18521298468112946,EXP_LinearModel_Alpha158_csi300_custom_step0_s_20260527_16,faf44930e64a4f78b9ae202d9e793ee8,0.097,,,
2099,2026-05-27,SZ300896,0.08478568494319916,EXP_LinearModel_Alpha158_csi300_custom_step0_s_20260527_16,faf44930e64a4f78b9ae202d9e793ee8,0.097,,,
2100,2026-05-27,SZ300832,0.1320454329252243,EXP_LinearModel_Alpha158_csi300_custom_step0_s_20260527_16,faf44930e64a4f78b9ae202d9e793ee8,0.097,,,
2101,2026-05-27,SZ300803,-0.0029603540897369385,EXP_LinearModel_Alpha158_csi300_custom_step0_s_20260527_16,faf44930e64a4f78b9ae202d9e793ee8,0.097,,,
2102,2026-05-27,SZ300782,0.07257365435361862,EXP_LinearModel_Alpha158_csi300_custom_step0_s_20260527_16,faf44930e64a4f78b9ae202d9e793ee8,0.097,,,
2103,2026-05-27,SZ300760,0.012856390327215195,EXP_LinearModel_Alpha158_csi300_custom_step0_s_20260527_16,faf44930e64a4f78b9ae202d9e793ee8,0.097,,,
2104,2026-05-27,SZ300759,0.029243744909763336,EXP_LinearModel_Alpha158_csi300_custom_step0_s_20260527_16,faf44930e64a4f78b9ae202d9e793ee8,0.097,,,
2105,2026-05-27,SZ300750,-0.05694454908370972,EXP_LinearModel_Alpha158_csi300_custom_step0_s_20260527_16,faf44930e64a4f78b9ae202d9e793ee8,0.097,,,
2106,2026-05-27,SZ300866,0.24765899777412415,EXP_LinearModel_Alpha158_csi300_custom_step0_s_20260527_16,faf44930e64a4f78b9ae202d9e793ee8,0.097,,,
2107,2026-05-27,SH600919,0.06666000187397003,EXP_LinearModel_Alpha158_csi300_custom_step0_s_20260527_16,d90ebb3361784193ab36dea9ca2a0f82,0.1,,,
2108,2026-05-27,SZ000333,-0.01730988174676895,EXP_LinearModel_Alpha158_csi300_custom_step0_s_20260527_16,faf44930e64a4f78b9ae202d9e793ee8,0.097,,,
2109,2026-05-27,SZ000166,-0.02302989363670349,EXP_LinearModel_Alpha158_csi300_custom_step0_s_20260527_16,faf44930e64a4f78b9ae202d9e793ee8,0.097,,,
2110,2026-05-27,SH601100,0.17094983160495758,EXP_LinearModel_Alpha158_csi300_custom_step0_s_20260527_16,faf44930e64a4f78b9ae202d9e793ee8,0.097,,,
2111,2026-05-27,SH601111,0.02448452264070511,EXP_LinearModel_Alpha158_csi300_custom_step0_s_20260527_16,faf44930e64a4f78b9ae202d9e793ee8,0.097,,,
2112,2026-05-27,SH601117,0.06510921567678452,EXP_LinearModel_Alpha158_csi300_custom_step0_s_20260527_16,faf44930e64a4f78b9ae202d9e793ee8,0.097,,,
2113,2026-05-27,SH601127,0.0037848353385925293,EXP_LinearModel_Alpha158_csi300_custom_step0_s_20260527_16,faf44930e64a4f78b9ae202d9e793ee8,0.097,,,
2114,2026-05-27,SH601136,0.0003007650375366211,EXP_LinearModel_Alpha158_csi300_custom_step0_s_20260527_16,faf44930e64a4f78b9ae202d9e793ee8,0.097,,,
2115,2026-05-27,SH601138,0.2958564758300781,EXP_LinearModel_Alpha158_csi300_custom_step0_s_20260527_16,faf44930e64a4f78b9ae202d9e793ee8,0.097,,,
2116,2026-05-27,SH601166,-0.0319860577583313,EXP_LinearModel_Alpha158_csi300_custom_step0_s_20260527_16,faf44930e64a4f78b9ae202d9e793ee8,0.097,,,
2117,2026-05-27,SH601169,-0.2552669644355774,EXP_LinearModel_Alpha158_csi300_custom_step0_s_20260527_16,faf44930e64a4f78b9ae202d9e793ee8,0.097,,,
2118,2026-05-27,SH601186,-0.09786181896924973,EXP_LinearModel_Alpha158_csi300_custom_step0_s_20260527_16,faf44930e64a4f78b9ae202d9e793ee8,0.097,,,
2119,2026-05-27,SH601211,-0.0894228145480156,EXP_LinearModel_Alpha158_csi300_custom_step0_s_20260527_16,faf44930e64a4f78b9ae202d9e793ee8,0.097,,,
2120,2026-05-27,SH601225,-0.05931762605905533,EXP_LinearModel_Alpha158_csi300_custom_step0_s_20260527_16,faf44930e64a4f78b9ae202d9e793ee8,0.097,,,
2121,2026-05-27,SH601229,-0.09816215932369232,EXP_LinearModel_Alpha158_csi300_custom_step0_s_20260527_16,faf44930e64a4f78b9ae202d9e793ee8,0.097,,,
2122,2026-05-27,SH601236,0.0007567703723907471,EXP_LinearModel_Alpha158_csi300_custom_step0_s_20260527_16,faf44930e64a4f78b9ae202d9e793ee8,0.097,,,
2123,2026-05-27,SH601238,-0.05351364612579346,EXP_LinearModel_Alpha158_csi300_custom_step0_s_20260527_16,faf44930e64a4f78b9ae202d9e793ee8,0.097,,,
2124,2026-05-27,SH601288,-0.12790179252624512,EXP_LinearModel_Alpha158_csi300_custom_step0_s_20260527_16,faf44930e64a4f78b9ae202d9e793ee8,0.097,,,
2125,2026-05-27,SH601298,-0.03046874701976776,EXP_LinearModel_Alpha158_csi300_custom_step0_s_20260527_16,faf44930e64a4f78b9ae202d9e793ee8,0.097,,,
2126,2026-05-27,SH601318,-0.0040819719433784485,EXP_LinearModel_Alpha158_csi300_custom_step0_s_20260527_16,faf44930e64a4f78b9ae202d9e793ee8,0.097,,,
2127,2026-05-27,SH601633,-0.1499263495206833,EXP_LinearModel_Alpha158_csi300_custom_step0_s_20260527_16,faf44930e64a4f78b9ae202d9e793ee8,0.097,,,
2128,2026-05-27,SH601628,-0.038645751774311066,EXP_LinearModel_Alpha158_csi300_custom_step0_s_20260527_16,faf44930e64a4f78b9ae202d9e793ee8,0.097,,,
2129,2026-05-27,SH601618,0.015548773109912872,EXP_LinearModel_Alpha158_csi300_custom_step0_s_20260527_16,faf44930e64a4f78b9ae202d9e793ee8,0.097,,,
2130,2026-05-27,SH601607,-0.08604249358177185,EXP_LinearModel_Alpha158_csi300_custom_step0_s_20260527_16,faf44930e64a4f78b9ae202d9e793ee8,0.097,,,
2131,2026-05-27,SH601601,-0.054807182401418686,EXP_LinearModel_Alpha158_csi300_custom_step0_s_20260527_16,faf44930e64a4f78b9ae202d9e793ee8,0.097,,,
2132,2026-05-27,SH601600,0.089724600315094,EXP_LinearModel_Alpha158_csi300_custom_step0_s_20260527_16,faf44930e64a4f78b9ae202d9e793ee8,0.097,,,
2133,2026-05-27,SH601088,-0.08159389346837997,EXP_LinearModel_Alpha158_csi300_custom_step0_s_20260527_16,faf44930e64a4f78b9ae202d9e793ee8,0.097,,,
2134,2026-05-27,SH601456,0.0627853274345398,EXP_LinearModel_Alpha158_csi300_custom_step0_s_20260527_16,faf44930e64a4f78b9ae202d9e793ee8,0.097,,,
2135,2026-05-27,SH601390,0.005046233534812927,EXP_LinearModel_Alpha158_csi300_custom_step0_s_20260527_16,faf44930e64a4f78b9ae202d9e793ee8,0.097,,,
2136,2026-05-27,SH601377,0.05836223065853119,EXP_LinearModel_Alpha158_csi300_custom_step0_s_20260527_16,faf44930e64a4f78b9ae202d9e793ee8,0.097,,,
2137,2026-05-27,SH601360,0.04727058857679367,EXP_LinearModel_Alpha158_csi300_custom_step0_s_20260527_16,faf44930e64a4f78b9ae202d9e793ee8,0.097,,,
2138,2026-05-27,SH601336,0.08696676045656204,EXP_LinearModel_Alpha158_csi300_custom_step0_s_20260527_16,faf44930e64a4f78b9ae202d9e793ee8,0.097,,,
2139,2026-05-27,SH601328,-0.13646206259727478,EXP_LinearModel_Alpha158_csi300_custom_step0_s_20260527_16,faf44930e64a4f78b9ae202d9e793ee8,0.097,,,
2140,2026-05-27,SH601319,0.052811574190855026,EXP_LinearModel_Alpha158_csi300_custom_step0_s_20260527_16,faf44930e64a4f78b9ae202d9e793ee8,0.097,,,
2141,2026-05-27,SH601398,-0.1029578298330307,EXP_LinearModel_Alpha158_csi300_custom_step0_s_20260527_16,faf44930e64a4f78b9ae202d9e793ee8,0.097,,,
2142,2026-05-27,SH601658,-0.049515251070261,EXP_LinearModel_Alpha158_csi300_custom_step0_s_20260527_16,faf44930e64a4f78b9ae202d9e793ee8,0.097,,,
2143,2026-05-27,SH601077,-0.09803246706724167,EXP_LinearModel_Alpha158_csi300_custom_step0_s_20260527_16,faf44930e64a4f78b9ae202d9e793ee8,0.097,,,
2144,2026-05-27,SH601059,-0.06101157143712044,EXP_LinearModel_Alpha158_csi300_custom_step0_s_20260527_16,faf44930e64a4f78b9ae202d9e793ee8,0.097,,,
2145,2026-05-27,SH600600,-0.05233772099018097,EXP_LinearModel_Alpha158_csi300_custom_step0_s_20260527_16,faf44930e64a4f78b9ae202d9e793ee8,0.097,,,
2146,2026-05-27,SH600660,-0.04417703300714493,EXP_LinearModel_Alpha158_csi300_custom_step0_s_20260527_16,faf44930e64a4f78b9ae202d9e793ee8,0.097,,,
2147,2026-05-27,SH600674,0.04576500877737999,EXP_LinearModel_Alpha158_csi300_custom_step0_s_20260527_16,faf44930e64a4f78b9ae202d9e793ee8,0.097,,,
2148,2026-05-27,SH600690,-0.018797215074300766,EXP_LinearModel_Alpha158_csi300_custom_step0_s_20260527_16,faf44930e64a4f78b9ae202d9e793ee8,0.097,,,
2149,2026-05-27,SH600741,-0.08768162131309509,EXP_LinearModel_Alpha158_csi300_custom_step0_s_20260527_16,faf44930e64a4f78b9ae202d9e793ee8,0.097,,,
2150,2026-05-27,SH600760,-0.03909648582339287,EXP_LinearModel_Alpha158_csi300_custom_step0_s_20260527_16,faf44930e64a4f78b9ae202d9e793ee8,0.097,,,
2151,2026-05-27,SH600795,0.026060447096824646,EXP_LinearModel_Alpha158_csi300_custom_step0_s_20260527_16,faf44930e64a4f78b9ae202d9e793ee8,0.097,,,
2152,2026-05-27,SH600803,-0.05433322489261627,EXP_LinearModel_Alpha158_csi300_custom_step0_s_20260527_16,faf44930e64a4f78b9ae202d9e793ee8,0.097,,,
2153,2026-05-27,SH600809,-0.024524152278900146,EXP_LinearModel_Alpha158_csi300_custom_step0_s_20260527_16,faf44930e64a4f78b9ae202d9e793ee8,0.097,,,
2154,2026-05-27,SH600845,0.12064721435308456,EXP_LinearModel_Alpha158_csi300_custom_step0_s_20260527_16,faf44930e64a4f78b9ae202d9e793ee8,0.097,,,
2155,2026-05-27,SH600875,0.18808171153068542,EXP_LinearModel_Alpha158_csi300_custom_step0_s_20260527_16,faf44930e64a4f78b9ae202d9e793ee8,0.097,,,
2156,2026-05-27,SH600886,-0.052497223019599915,EXP_LinearModel_Alpha158_csi300_custom_step0_s_20260527_16,faf44930e64a4f78b9ae202d9e793ee8,0.097,,,
2157,2026-05-27,SH600887,0.03987659513950348,EXP_LinearModel_Alpha158_csi300_custom_step0_s_20260527_16,faf44930e64a4f78b9ae202d9e793ee8,0.097,,,
2158,2026-05-27,SH600893,0.13456733524799347,EXP_LinearModel_Alpha158_csi300_custom_step0_s_20260527_16,faf44930e64a4f78b9ae202d9e793ee8,0.097,,,
2159,2026-05-27,SH600900,-0.08411294966936111,EXP_LinearModel_Alpha158_csi300_custom_step0_s_20260527_16,faf44930e64a4f78b9ae202d9e793ee8,0.097,,,
2160,2026-05-27,SH600905,0.03838632255792618,EXP_LinearModel_Alpha158_csi300_custom_step0_s_20260527_16,faf44930e64a4f78b9ae202d9e793ee8,0.097,,,
2161,2026-05-27,SH600918,-0.039611369371414185,EXP_LinearModel_Alpha158_csi300_custom_step0_s_20260527_16,faf44930e64a4f78b9ae202d9e793ee8,0.097,,,
2162,2026-05-27,SH601058,-0.04985782876610756,EXP_LinearModel_Alpha158_csi300_custom_step0_s_20260527_16,faf44930e64a4f78b9ae202d9e793ee8,0.097,,,
2163,2026-05-27,SH601021,0.043197594583034515,EXP_LinearModel_Alpha158_csi300_custom_step0_s_20260527_16,faf44930e64a4f78b9ae202d9e793ee8,0.097,,,
2164,2026-05-27,SH601018,-0.027616001665592194,EXP_LinearModel_Alpha158_csi300_custom_step0_s_20260527_16,faf44930e64a4f78b9ae202d9e793ee8,0.097,,,
2165,2026-05-27,SH601012,0.0015007182955741882,EXP_LinearModel_Alpha158_csi300_custom_step0_s_20260527_16,faf44930e64a4f78b9ae202d9e793ee8,0.097,,,
2166,2026-05-27,SH601009,-0.03207454830408096,EXP_LinearModel_Alpha158_csi300_custom_step0_s_20260527_16,faf44930e64a4f78b9ae202d9e793ee8,0.097,,,
2167,2026-05-27,SH601006,-0.041446805000305176,EXP_LinearModel_Alpha158_csi300_custom_step0_s_20260527_16,faf44930e64a4f78b9ae202d9e793ee8,0.097,,,
2168,2026-05-27,SH601066,0.057163044810295105,EXP_LinearModel_Alpha158_csi300_custom_step0_s_20260527_16,faf44930e64a4f78b9ae202d9e793ee8,0.097,,,
2169,2026-05-27,SH600999,0.058557458221912384,EXP_LinearModel_Alpha158_csi300_custom_step0_s_20260527_16,faf44930e64a4f78b9ae202d9e793ee8,0.097,,,
2170,2026-05-27,SH600958,,EXP_LinearModel_Alpha158_csi300_custom_step0_s_20260527_16,faf44930e64a4f78b9ae202d9e793ee8,0.097,,,
2171,2026-05-27,SH600941,0.06889808177947998,EXP_LinearModel_Alpha158_csi300_custom_step0_s_20260527_16,faf44930e64a4f78b9ae202d9e793ee8,0.097,,,
2172,2026-05-27,SH600938,-0.008579667657613754,EXP_LinearModel_Alpha158_csi300_custom_step0_s_20260527_16,faf44930e64a4f78b9ae202d9e793ee8,0.097,,,
2173,2026-05-27,SH600930,0.13140909373760223,EXP_LinearModel_Alpha158_csi300_custom_step0_s_20260527_16,faf44930e64a4f78b9ae202d9e793ee8,0.097,,,
2174,2026-05-27,SH600926,-0.038334500044584274,EXP_LinearModel_Alpha158_csi300_custom_step0_s_20260527_16,faf44930e64a4f78b9ae202d9e793ee8,0.097,,,
2175,2026-05-27,SH600919,-0.036926671862602234,EXP_LinearModel_Alpha158_csi300_custom_step0_s_20260527_16,faf44930e64a4f78b9ae202d9e793ee8,0.097,,,
2176,2026-05-27,SH600989,0.15489760041236877,EXP_LinearModel_Alpha158_csi300_custom_step0_s_20260527_16,faf44930e64a4f78b9ae202d9e793ee8,0.097,,,
2177,2026-05-27,SH601668,-0.06302136182785034,EXP_LinearModel_Alpha158_csi300_custom_step0_s_20260527_16,faf44930e64a4f78b9ae202d9e793ee8,0.097,,,
2178,2026-05-27,SH601669,0.08030429482460022,EXP_LinearModel_Alpha158_csi300_custom_step0_s_20260527_16,faf44930e64a4f78b9ae202d9e793ee8,0.097,,,
2179,2026-05-27,SH601688,0.05428613722324371,EXP_LinearModel_Alpha158_csi300_custom_step0_s_20260527_16,faf44930e64a4f78b9ae202d9e793ee8,0.097,,,
2180,2026-05-27,SH603501,0.269875168800354,EXP_LinearModel_Alpha158_csi300_custom_step0_s_20260527_16,faf44930e64a4f78b9ae202d9e793ee8,0.097,,,
2181,2026-05-27,SH603799,0.14642474055290222,EXP_LinearModel_Alpha158_csi300_custom_step0_s_20260527_16,faf44930e64a4f78b9ae202d9e793ee8,0.097,,,
2182,2026-05-27,SH603893,0.20337796211242676,EXP_LinearModel_Alpha158_csi300_custom_step0_s_20260527_16,faf44930e64a4f78b9ae202d9e793ee8,0.097,,,
2183,2026-05-27,SH603986,0.09278954565525055,EXP_LinearModel_Alpha158_csi300_custom_step0_s_20260527_16,faf44930e64a4f78b9ae202d9e793ee8,0.097,,,
2184,2026-05-27,SH603993,0.11406925320625305,EXP_LinearModel_Alpha158_csi300_custom_step0_s_20260527_16,faf44930e64a4f78b9ae202d9e793ee8,0.097,,,
2185,2026-05-27,SH605117,0.19447430968284607,EXP_LinearModel_Alpha158_csi300_custom_step0_s_20260527_16,faf44930e64a4f78b9ae202d9e793ee8,0.097,,,
2186,2026-05-27,SH605499,-0.0402185395359993,EXP_LinearModel_Alpha158_csi300_custom_step0_s_20260527_16,faf44930e64a4f78b9ae202d9e793ee8,0.097,,,
2187,2026-05-27,SH688008,0.09061993658542633,EXP_LinearModel_Alpha158_csi300_custom_step0_s_20260527_16,faf44930e64a4f78b9ae202d9e793ee8,0.097,,,
2188,2026-05-27,SH688009,-0.06310585886240005,EXP_LinearModel_Alpha158_csi300_custom_step0_s_20260527_16,faf44930e64a4f78b9ae202d9e793ee8,0.097,,,
2189,2026-05-27,SH688012,0.4281187653541565,EXP_LinearModel_Alpha158_csi300_custom_step0_s_20260527_16,faf44930e64a4f78b9ae202d9e793ee8,0.097,,,
2190,2026-05-27,SH688036,0.17839880287647247,EXP_LinearModel_Alpha158_csi300_custom_step0_s_20260527_16,faf44930e64a4f78b9ae202d9e793ee8,0.097,,,
2191,2026-05-27,SH688041,0.1891046017408371,EXP_LinearModel_Alpha158_csi300_custom_step0_s_20260527_16,faf44930e64a4f78b9ae202d9e793ee8,0.097,,,
2192,2026-05-27,SH688047,0.20464810729026794,EXP_LinearModel_Alpha158_csi300_custom_step0_s_20260527_16,faf44930e64a4f78b9ae202d9e793ee8,0.097,,,
2193,2026-05-27,SH688082,-0.05624321103096008,EXP_LinearModel_Alpha158_csi300_custom_step0_s_20260527_16,faf44930e64a4f78b9ae202d9e793ee8,0.097,,,
2194,2026-05-27,SH688111,-0.009393811225891113,EXP_LinearModel_Alpha158_csi300_custom_step0_s_20260527_16,faf44930e64a4f78b9ae202d9e793ee8,0.097,,,
2195,2026-05-27,SH688126,0.24627631902694702,EXP_LinearModel_Alpha158_csi300_custom_step0_s_20260527_16,faf44930e64a4f78b9ae202d9e793ee8,0.097,,,
2196,2026-05-27,SH688169,-0.002886369824409485,EXP_LinearModel_Alpha158_csi300_custom_step0_s_20260527_16,faf44930e64a4f78b9ae202d9e793ee8,0.097,,,
2197,2026-05-27,SZ000157,-0.006291349418461323,EXP_LinearModel_Alpha158_csi300_custom_step0_s_20260527_16,faf44930e64a4f78b9ae202d9e793ee8,0.097,,,
2198,2026-05-27,SZ000100,0.01954859495162964,EXP_LinearModel_Alpha158_csi300_custom_step0_s_20260527_16,faf44930e64a4f78b9ae202d9e793ee8,0.097,,,
2199,2026-05-27,SZ000063,0.2259553223848343,EXP_LinearModel_Alpha158_csi300_custom_step0_s_20260527_16,faf44930e64a4f78b9ae202d9e793ee8,0.097,,,
2200,2026-05-27,SZ000002,0.14246109127998352,EXP_LinearModel_Alpha158_csi300_custom_step0_s_20260527_16,faf44930e64a4f78b9ae202d9e793ee8,0.097,,,
2201,2026-05-27,SZ000001,-0.06434530764818192,EXP_LinearModel_Alpha158_csi300_custom_step0_s_20260527_16,faf44930e64a4f78b9ae202d9e793ee8,0.097,,,
2202,2026-05-27,SH688981,0.14072057604789734,EXP_LinearModel_Alpha158_csi300_custom_step0_s_20260527_16,faf44930e64a4f78b9ae202d9e793ee8,0.097,,,
2203,2026-05-27,SH603392,-0.013023428618907928,EXP_LinearModel_Alpha158_csi300_custom_step0_s_20260527_16,faf44930e64a4f78b9ae202d9e793ee8,0.097,,,
2204,2026-05-27,SH688506,0.06977440416812897,EXP_LinearModel_Alpha158_csi300_custom_step0_s_20260527_16,faf44930e64a4f78b9ae202d9e793ee8,0.097,,,
2205,2026-05-27,SH688396,0.3384366035461426,EXP_LinearModel_Alpha158_csi300_custom_step0_s_20260527_16,faf44930e64a4f78b9ae202d9e793ee8,0.097,,,
2206,2026-05-27,SH688303,0.031954191625118256,EXP_LinearModel_Alpha158_csi300_custom_step0_s_20260527_16,faf44930e64a4f78b9ae202d9e793ee8,0.097,,,
2207,2026-05-27,SH688271,-0.17359866201877594,EXP_LinearModel_Alpha158_csi300_custom_step0_s_20260527_16,faf44930e64a4f78b9ae202d9e793ee8,0.097,,,
2208,2026-05-27,SH688256,0.2959460914134979,EXP_LinearModel_Alpha158_csi300_custom_step0_s_20260527_16,faf44930e64a4f78b9ae202d9e793ee8,0.097,,,
2209,2026-05-27,SH688223,0.10775531828403473,EXP_LinearModel_Alpha158_csi300_custom_step0_s_20260527_16,faf44930e64a4f78b9ae202d9e793ee8,0.097,,,
2210,2026-05-27,SH688187,0.2786804437637329,EXP_LinearModel_Alpha158_csi300_custom_step0_s_20260527_16,faf44930e64a4f78b9ae202d9e793ee8,0.097,,,
2211,2026-05-27,SH688472,0.27145805954933167,EXP_LinearModel_Alpha158_csi300_custom_step0_s_20260527_16,faf44930e64a4f78b9ae202d9e793ee8,0.097,,,
2212,2026-05-27,SH603369,0.06443631649017334,EXP_LinearModel_Alpha158_csi300_custom_step0_s_20260527_16,faf44930e64a4f78b9ae202d9e793ee8,0.097,,,
2213,2026-05-27,SH603296,0.12770062685012817,EXP_LinearModel_Alpha158_csi300_custom_step0_s_20260527_16,faf44930e64a4f78b9ae202d9e793ee8,0.097,,,
2214,2026-05-27,SH603288,-0.06808342039585114,EXP_LinearModel_Alpha158_csi300_custom_step0_s_20260527_16,faf44930e64a4f78b9ae202d9e793ee8,0.097,,,
2215,2026-05-27,SH601872,-0.11337543278932571,EXP_LinearModel_Alpha158_csi300_custom_step0_s_20260527_16,faf44930e64a4f78b9ae202d9e793ee8,0.097,,,
2216,2026-05-27,SH601868,0.17412516474723816,EXP_LinearModel_Alpha158_csi300_custom_step0_s_20260527_16,faf44930e64a4f78b9ae202d9e793ee8,0.097,,,
2217,2026-05-27,SH601857,0.03663836419582367,EXP_LinearModel_Alpha158_csi300_custom_step0_s_20260527_16,faf44930e64a4f78b9ae202d9e793ee8,0.097,,,
2218,2026-05-27,SH601838,-0.019730575382709503,EXP_LinearModel_Alpha158_csi300_custom_step0_s_20260527_16,faf44930e64a4f78b9ae202d9e793ee8,0.097,,,
2219,2026-05-27,SH601825,-0.14642955362796783,EXP_LinearModel_Alpha158_csi300_custom_step0_s_20260527_16,faf44930e64a4f78b9ae202d9e793ee8,0.097,,,
2220,2026-05-27,SH601818,-0.1613539755344391,EXP_LinearModel_Alpha158_csi300_custom_step0_s_20260527_16,faf44930e64a4f78b9ae202d9e793ee8,0.097,,,
2221,2026-05-27,SH601877,0.21111220121383667,EXP_LinearModel_Alpha158_csi300_custom_step0_s_20260527_16,faf44930e64a4f78b9ae202d9e793ee8,0.097,,,
2222,2026-05-27,SH601816,-0.06859046220779419,EXP_LinearModel_Alpha158_csi300_custom_step0_s_20260527_16,faf44930e64a4f78b9ae202d9e793ee8,0.097,,,
2223,2026-05-27,SH601800,-0.009044811129570007,EXP_LinearModel_Alpha158_csi300_custom_step0_s_20260527_16,faf44930e64a4f78b9ae202d9e793ee8,0.097,,,
2224,2026-05-27,SH601788,-0.004566621035337448,EXP_LinearModel_Alpha158_csi300_custom_step0_s_20260527_16,faf44930e64a4f78b9ae202d9e793ee8,0.097,,,
2225,2026-05-27,SH601766,-0.1341615468263626,EXP_LinearModel_Alpha158_csi300_custom_step0_s_20260527_16,faf44930e64a4f78b9ae202d9e793ee8,0.097,,,
2226,2026-05-27,SH601728,-0.07981027662754059,EXP_LinearModel_Alpha158_csi300_custom_step0_s_20260527_16,faf44930e64a4f78b9ae202d9e793ee8,0.097,,,
2227,2026-05-27,SH601698,0.036016929894685745,EXP_LinearModel_Alpha158_csi300_custom_step0_s_20260527_16,faf44930e64a4f78b9ae202d9e793ee8,0.097,,,
2228,2026-05-27,SH601689,0.16428977251052856,EXP_LinearModel_Alpha158_csi300_custom_step0_s_20260527_16,faf44930e64a4f78b9ae202d9e793ee8,0.097,,,
2229,2026-05-27,SH601808,0.1719512641429901,EXP_LinearModel_Alpha158_csi300_custom_step0_s_20260527_16,faf44930e64a4f78b9ae202d9e793ee8,0.097,,,
2230,2026-05-27,SZ000301,0.1828317940235138,EXP_LinearModel_Alpha158_csi300_custom_step0_s_20260527_16,faf44930e64a4f78b9ae202d9e793ee8,0.097,,,
2231,2026-05-27,SH601878,0.025021061301231384,EXP_LinearModel_Alpha158_csi300_custom_step0_s_20260527_16,faf44930e64a4f78b9ae202d9e793ee8,0.097,,,
2232,2026-05-27,SH601888,-0.03472219407558441,EXP_LinearModel_Alpha158_csi300_custom_step0_s_20260527_16,faf44930e64a4f78b9ae202d9e793ee8,0.097,,,
2233,2026-05-27,SH603260,0.10276944190263748,EXP_LinearModel_Alpha158_csi300_custom_step0_s_20260527_16,faf44930e64a4f78b9ae202d9e793ee8,0.097,,,
2234,2026-05-27,SH603259,0.10074041038751602,EXP_LinearModel_Alpha158_csi300_custom_step0_s_20260527_16,faf44930e64a4f78b9ae202d9e793ee8,0.097,,,
2235,2026-05-27,SH603195,0.035930246114730835,EXP_LinearModel_Alpha158_csi300_custom_step0_s_20260527_16,faf44930e64a4f78b9ae202d9e793ee8,0.097,,,
2236,2026-05-27,SH603019,0.1763448566198349,EXP_LinearModel_Alpha158_csi300_custom_step0_s_20260527_16,faf44930e64a4f78b9ae202d9e793ee8,0.097,,,
2237,2026-05-27,SH601998,-0.13524779677391052,EXP_LinearModel_Alpha158_csi300_custom_step0_s_20260527_16,faf44930e64a4f78b9ae202d9e793ee8,0.097,,,
2238,2026-05-27,SH601995,-0.005849301815032959,EXP_LinearModel_Alpha158_csi300_custom_step0_s_20260527_16,faf44930e64a4f78b9ae202d9e793ee8,0.097,,,
2239,2026-05-27,SH601881,0.04028009995818138,EXP_LinearModel_Alpha158_csi300_custom_step0_s_20260527_16,faf44930e64a4f78b9ae202d9e793ee8,0.097,,,
2240,2026-05-27,SH601988,-0.005150102078914642,EXP_LinearModel_Alpha158_csi300_custom_step0_s_20260527_16,faf44930e64a4f78b9ae202d9e793ee8,0.097,,,
2241,2026-05-27,SH601939,0.013711810111999512,EXP_LinearModel_Alpha158_csi300_custom_step0_s_20260527_16,faf44930e64a4f78b9ae202d9e793ee8,0.097,,,
2242,2026-05-27,SH601919,-0.10876338183879852,EXP_LinearModel_Alpha158_csi300_custom_step0_s_20260527_16,faf44930e64a4f78b9ae202d9e793ee8,0.097,,,
2243,2026-05-27,SH601916,-0.12261617183685303,EXP_LinearModel_Alpha158_csi300_custom_step0_s_20260527_16,faf44930e64a4f78b9ae202d9e793ee8,0.097,,,
2244,2026-05-27,SH601901,0.039227455854415894,EXP_LinearModel_Alpha158_csi300_custom_step0_s_20260527_16,faf44930e64a4f78b9ae202d9e793ee8,0.097,,,
2245,2026-05-27,SH601899,0.036837346851825714,EXP_LinearModel_Alpha158_csi300_custom_step0_s_20260527_16,faf44930e64a4f78b9ae202d9e793ee8,0.097,,,
2246,2026-05-27,SH601898,0.08722073584794998,EXP_LinearModel_Alpha158_csi300_custom_step0_s_20260527_16,faf44930e64a4f78b9ae202d9e793ee8,0.097,,,
2247,2026-05-27,SH601985,0.018937576562166214,EXP_LinearModel_Alpha158_csi300_custom_step0_s_20260527_16,faf44930e64a4f78b9ae202d9e793ee8,0.097,,,
2248,2026-05-27,SH601919,-0.04118735097945516,EXP_DEnsembleModel_Alpha158_csi300_custom_step0_s_20260527_16,287e1d0f3dfc456490801e8841185f8c,0.069,,,
2249,2026-05-27,SH601916,0.10920629119723663,EXP_DEnsembleModel_Alpha158_csi300_custom_step0_s_20260527_16,287e1d0f3dfc456490801e8841185f8c,0.069,,,
2250,2026-05-27,SH601901,0.1070859466795669,EXP_DEnsembleModel_Alpha158_csi300_custom_step0_s_20260527_16,287e1d0f3dfc456490801e8841185f8c,0.069,,,
2251,2026-05-27,SH601868,0.0015012879624377454,EXP_CatBoostModel_Alpha158_csi300_custom_step0_s_20260527_18,c7496760e4884d6e8e415b1844c67d6b,0.047,,,
2252,2026-05-27,SH601872,0.003295333269482848,EXP_CatBoostModel_Alpha158_csi300_custom_step0_s_20260527_18,c7496760e4884d6e8e415b1844c67d6b,0.047,,,
2253,2026-05-27,SH601877,0.02333141965110568,EXP_CatBoostModel_Alpha158_csi300_custom_step0_s_20260527_18,c7496760e4884d6e8e415b1844c67d6b,0.047,,,
2254,2026-05-27,SH601878,0.002480044042460586,EXP_CatBoostModel_Alpha158_csi300_custom_step0_s_20260527_18,c7496760e4884d6e8e415b1844c67d6b,0.047,,,
2255,2026-05-27,SH601881,0.001409894772664532,EXP_CatBoostModel_Alpha158_csi300_custom_step0_s_20260527_18,c7496760e4884d6e8e415b1844c67d6b,0.047,,,
2256,2026-05-27,SH601888,0.008634787517730808,EXP_CatBoostModel_Alpha158_csi300_custom_step0_s_20260527_18,c7496760e4884d6e8e415b1844c67d6b,0.047,,,
2257,2026-05-27,SH601898,-0.0037815545590290894,EXP_CatBoostModel_Alpha158_csi300_custom_step0_s_20260527_18,c7496760e4884d6e8e415b1844c67d6b,0.047,,,
2258,2026-05-27,SH601899,-0.004011555687324889,EXP_CatBoostModel_Alpha158_csi300_custom_step0_s_20260527_18,c7496760e4884d6e8e415b1844c67d6b,0.047,,,
2259,2026-05-27,SH601901,-0.009539684941592323,EXP_CatBoostModel_Alpha158_csi300_custom_step0_s_20260527_18,c7496760e4884d6e8e415b1844c67d6b,0.047,,,
2260,2026-05-27,SH601916,-0.010607849107761818,EXP_CatBoostModel_Alpha158_csi300_custom_step0_s_20260527_18,c7496760e4884d6e8e415b1844c67d6b,0.047,,,
2261,2026-05-27,SH601919,-0.0033771203959832275,EXP_CatBoostModel_Alpha158_csi300_custom_step0_s_20260527_18,c7496760e4884d6e8e415b1844c67d6b,0.047,,,
2262,2026-05-27,SH601939,0.0014146975039507827,EXP_CatBoostModel_Alpha158_csi300_custom_step0_s_20260527_18,c7496760e4884d6e8e415b1844c67d6b,0.047,,,
2263,2026-05-27,SH601985,-0.010049322352025448,EXP_CatBoostModel_Alpha158_csi300_custom_step0_s_20260527_18,c7496760e4884d6e8e415b1844c67d6b,0.047,,,
2264,2026-05-27,SH601988,0.0003402785634226929,EXP_CatBoostModel_Alpha158_csi300_custom_step0_s_20260527_18,c7496760e4884d6e8e415b1844c67d6b,0.047,,,
2265,2026-05-27,SH601995,0.0013218698911442528,EXP_CatBoostModel_Alpha158_csi300_custom_step0_s_20260527_18,c7496760e4884d6e8e415b1844c67d6b,0.047,,,
2266,2026-05-27,SH601998,-0.006955789094891415,EXP_CatBoostModel_Alpha158_csi300_custom_step0_s_20260527_18,c7496760e4884d6e8e415b1844c67d6b,0.047,,,
2267,2026-05-27,SH603019,-0.002123025794994111,EXP_CatBoostModel_Alpha158_csi300_custom_step0_s_20260527_18,c7496760e4884d6e8e415b1844c67d6b,0.047,,,
2268,2026-05-27,SH605499,-0.0031150275711526515,EXP_CatBoostModel_Alpha158_csi300_custom_step0_s_20260527_18,c7496760e4884d6e8e415b1844c67d6b,0.047,,,
2269,2026-05-27,SH605117,0.017755570274070518,EXP_CatBoostModel_Alpha158_csi300_custom_step0_s_20260527_18,c7496760e4884d6e8e415b1844c67d6b,0.047,,,
2270,2026-05-27,SH603993,-0.0013708846251783906,EXP_CatBoostModel_Alpha158_csi300_custom_step0_s_20260527_18,c7496760e4884d6e8e415b1844c67d6b,0.047,,,
2271,2026-05-27,SH603986,-0.1573259871443371,EXP_CatBoostModel_Alpha158_csi300_custom_step0_s_20260527_18,c7496760e4884d6e8e415b1844c67d6b,0.047,,,
2272,2026-05-27,SH603893,0.010771503231820793,EXP_CatBoostModel_Alpha158_csi300_custom_step0_s_20260527_18,c7496760e4884d6e8e415b1844c67d6b,0.047,,,
2273,2026-05-27,SH603799,0.01599650755296733,EXP_CatBoostModel_Alpha158_csi300_custom_step0_s_20260527_18,c7496760e4884d6e8e415b1844c67d6b,0.047,,,
2274,2026-05-27,SH601857,-0.0065071305732256664,EXP_CatBoostModel_Alpha158_csi300_custom_step0_s_20260527_18,c7496760e4884d6e8e415b1844c67d6b,0.047,,,
2275,2026-05-27,SH603501,0.002322486061578477,EXP_CatBoostModel_Alpha158_csi300_custom_step0_s_20260527_18,c7496760e4884d6e8e415b1844c67d6b,0.047,,,
2276,2026-05-27,SH603369,0.002372115240369516,EXP_CatBoostModel_Alpha158_csi300_custom_step0_s_20260527_18,c7496760e4884d6e8e415b1844c67d6b,0.047,,,
2277,2026-05-27,SH603296,0.02701012720340044,EXP_CatBoostModel_Alpha158_csi300_custom_step0_s_20260527_18,c7496760e4884d6e8e415b1844c67d6b,0.047,,,
2278,2026-05-27,SH603288,-0.007297427240698156,EXP_CatBoostModel_Alpha158_csi300_custom_step0_s_20260527_18,c7496760e4884d6e8e415b1844c67d6b,0.047,,,
2279,2026-05-27,SH603260,-0.0013505593252524173,EXP_CatBoostModel_Alpha158_csi300_custom_step0_s_20260527_18,c7496760e4884d6e8e415b1844c67d6b,0.047,,,
2280,2026-05-27,SH603259,0.0009446231806577421,EXP_CatBoostModel_Alpha158_csi300_custom_step0_s_20260527_18,c7496760e4884d6e8e415b1844c67d6b,0.047,,,
2281,2026-05-27,SH603195,-0.00042302059299576054,EXP_CatBoostModel_Alpha158_csi300_custom_step0_s_20260527_18,c7496760e4884d6e8e415b1844c67d6b,0.047,,,
2282,2026-05-27,SH603392,-0.0024804218541593383,EXP_CatBoostModel_Alpha158_csi300_custom_step0_s_20260527_18,c7496760e4884d6e8e415b1844c67d6b,0.047,,,
2283,2026-05-27,SH688008,-0.09569285802535599,EXP_CatBoostModel_Alpha158_csi300_custom_step0_s_20260527_18,c7496760e4884d6e8e415b1844c67d6b,0.047,,,
2284,2026-05-27,SH601838,0.0012761772294219585,EXP_CatBoostModel_Alpha158_csi300_custom_step0_s_20260527_18,c7496760e4884d6e8e415b1844c67d6b,0.047,,,
2285,2026-05-27,SH601818,-0.010686402347197201,EXP_CatBoostModel_Alpha158_csi300_custom_step0_s_20260527_18,c7496760e4884d6e8e415b1844c67d6b,0.047,,,
2286,2026-05-27,SH601236,-0.008921934101296965,EXP_CatBoostModel_Alpha158_csi300_custom_step0_s_20260527_18,c7496760e4884d6e8e415b1844c67d6b,0.047,,,
2287,2026-05-27,SH601238,-0.0007176789650727933,EXP_CatBoostModel_Alpha158_csi300_custom_step0_s_20260527_18,c7496760e4884d6e8e415b1844c67d6b,0.047,,,
2288,2026-05-27,SH601288,-0.014452000116727244,EXP_CatBoostModel_Alpha158_csi300_custom_step0_s_20260527_18,c7496760e4884d6e8e415b1844c67d6b,0.047,,,
2289,2026-05-27,SH601298,-0.005962243620561421,EXP_CatBoostModel_Alpha158_csi300_custom_step0_s_20260527_18,c7496760e4884d6e8e415b1844c67d6b,0.047,,,
2290,2026-05-27,SH601318,-0.003526426622838019,EXP_CatBoostModel_Alpha158_csi300_custom_step0_s_20260527_18,c7496760e4884d6e8e415b1844c67d6b,0.047,,,
2291,2026-05-27,SH601319,-0.013052528705607788,EXP_CatBoostModel_Alpha158_csi300_custom_step0_s_20260527_18,c7496760e4884d6e8e415b1844c67d6b,0.047,,,
2292,2026-05-27,SH601328,-0.010857361412381443,EXP_CatBoostModel_Alpha158_csi300_custom_step0_s_20260527_18,c7496760e4884d6e8e415b1844c67d6b,0.047,,,
2293,2026-05-27,SH601336,-0.004444953651331554,EXP_CatBoostModel_Alpha158_csi300_custom_step0_s_20260527_18,c7496760e4884d6e8e415b1844c67d6b,0.047,,,
2294,2026-05-27,SH601360,-0.0072433366835554895,EXP_CatBoostModel_Alpha158_csi300_custom_step0_s_20260527_18,c7496760e4884d6e8e415b1844c67d6b,0.047,,,
2295,2026-05-27,SH601377,0.0023892693800857782,EXP_CatBoostModel_Alpha158_csi300_custom_step0_s_20260527_18,c7496760e4884d6e8e415b1844c67d6b,0.047,,,
2296,2026-05-27,SH601390,-0.005605064868040882,EXP_CatBoostModel_Alpha158_csi300_custom_step0_s_20260527_18,c7496760e4884d6e8e415b1844c67d6b,0.047,,,
2297,2026-05-27,SH601398,-0.00956592492943366,EXP_CatBoostModel_Alpha158_csi300_custom_step0_s_20260527_18,c7496760e4884d6e8e415b1844c67d6b,0.047,,,
2298,2026-05-27,SH601456,-0.014005020564264581,EXP_CatBoostModel_Alpha158_csi300_custom_step0_s_20260527_18,c7496760e4884d6e8e415b1844c67d6b,0.047,,,
2299,2026-05-27,SH601600,-0.009553475223986991,EXP_CatBoostModel_Alpha158_csi300_custom_step0_s_20260527_18,c7496760e4884d6e8e415b1844c67d6b,0.047,,,
2300,2026-05-27,SH601601,-0.0020476050452516966,EXP_CatBoostModel_Alpha158_csi300_custom_step0_s_20260527_18,c7496760e4884d6e8e415b1844c67d6b,0.047,,,
2301,2026-05-27,SH601607,-0.008261301344511567,EXP_CatBoostModel_Alpha158_csi300_custom_step0_s_20260527_18,c7496760e4884d6e8e415b1844c67d6b,0.047,,,
2302,2026-05-27,SH601618,-0.008921934101296965,EXP_CatBoostModel_Alpha158_csi300_custom_step0_s_20260527_18,c7496760e4884d6e8e415b1844c67d6b,0.047,,,
2303,2026-05-27,SH601816,-0.007046195980165048,EXP_CatBoostModel_Alpha158_csi300_custom_step0_s_20260527_18,c7496760e4884d6e8e415b1844c67d6b,0.047,,,
2304,2026-05-27,SH601808,-0.0008896951815239298,EXP_CatBoostModel_Alpha158_csi300_custom_step0_s_20260527_18,c7496760e4884d6e8e415b1844c67d6b,0.047,,,
2305,2026-05-27,SH601800,-0.008973117993895564,EXP_CatBoostModel_Alpha158_csi300_custom_step0_s_20260527_18,c7496760e4884d6e8e415b1844c67d6b,0.047,,,
2306,2026-05-27,SH601788,-0.005613043988520472,EXP_CatBoostModel_Alpha158_csi300_custom_step0_s_20260527_18,c7496760e4884d6e8e415b1844c67d6b,0.047,,,
2307,2026-05-27,SH601766,-0.010142360701479534,EXP_CatBoostModel_Alpha158_csi300_custom_step0_s_20260527_18,c7496760e4884d6e8e415b1844c67d6b,0.047,,,
2308,2026-05-27,SH601728,-0.0015246934419443012,EXP_CatBoostModel_Alpha158_csi300_custom_step0_s_20260527_18,c7496760e4884d6e8e415b1844c67d6b,0.047,,,
2309,2026-05-27,SH601825,-0.014452000116727244,EXP_CatBoostModel_Alpha158_csi300_custom_step0_s_20260527_18,c7496760e4884d6e8e415b1844c67d6b,0.047,,,
2310,2026-05-27,SH601698,0.017562474721453118,EXP_CatBoostModel_Alpha158_csi300_custom_step0_s_20260527_18,c7496760e4884d6e8e415b1844c67d6b,0.047,,,
2311,2026-05-27,SH601688,0.000357432703138955,EXP_CatBoostModel_Alpha158_csi300_custom_step0_s_20260527_18,c7496760e4884d6e8e415b1844c67d6b,0.047,,,
2312,2026-05-27,SH601669,0.0021429306214809456,EXP_CatBoostModel_Alpha158_csi300_custom_step0_s_20260527_18,c7496760e4884d6e8e415b1844c67d6b,0.047,,,
2313,2026-05-27,SH601668,-0.010444433399247744,EXP_CatBoostModel_Alpha158_csi300_custom_step0_s_20260527_18,c7496760e4884d6e8e415b1844c67d6b,0.047,,,
2314,2026-05-27,SH601658,-0.008023337938712086,EXP_CatBoostModel_Alpha158_csi300_custom_step0_s_20260527_18,c7496760e4884d6e8e415b1844c67d6b,0.047,,,
2315,2026-05-27,SH601633,0.006870319271830574,EXP_CatBoostModel_Alpha158_csi300_custom_step0_s_20260527_18,c7496760e4884d6e8e415b1844c67d6b,0.047,,,
2316,2026-05-27,SH601628,-0.004444953651331554,EXP_CatBoostModel_Alpha158_csi300_custom_step0_s_20260527_18,c7496760e4884d6e8e415b1844c67d6b,0.047,,,
2317,2026-05-27,SH601689,0.009466771320367277,EXP_CatBoostModel_Alpha158_csi300_custom_step0_s_20260527_18,c7496760e4884d6e8e415b1844c67d6b,0.047,,,
2318,2026-05-27,SH601229,-0.014075115071051414,EXP_CatBoostModel_Alpha158_csi300_custom_step0_s_20260527_18,c7496760e4884d6e8e415b1844c67d6b,0.047,,,
2319,2026-05-27,SH688009,-0.010454395883748656,EXP_CatBoostModel_Alpha158_csi300_custom_step0_s_20260527_18,c7496760e4884d6e8e415b1844c67d6b,0.047,,,
2320,2026-05-27,SH688036,0.01256789338316618,EXP_CatBoostModel_Alpha158_csi300_custom_step0_s_20260527_18,c7496760e4884d6e8e415b1844c67d6b,0.047,,,
2321,2026-05-27,SZ000725,0.018638032549014225,EXP_CatBoostModel_Alpha158_csi300_custom_step0_s_20260527_18,c7496760e4884d6e8e415b1844c67d6b,0.047,,,
2322,2026-05-27,SZ000768,0.0003761756698234032,EXP_CatBoostModel_Alpha158_csi300_custom_step0_s_20260527_18,c7496760e4884d6e8e415b1844c67d6b,0.047,,,
2323,2026-05-27,SZ000776,-0.009068218097005714,EXP_CatBoostModel_Alpha158_csi300_custom_step0_s_20260527_18,c7496760e4884d6e8e415b1844c67d6b,0.047,,,
2324,2026-05-27,SZ000786,-0.015782171457827617,EXP_CatBoostModel_Alpha158_csi300_custom_step0_s_20260527_18,c7496760e4884d6e8e415b1844c67d6b,0.047,,,
2325,2026-05-27,SZ000792,0.1291419079067614,EXP_CatBoostModel_Alpha158_csi300_custom_step0_s_20260527_18,c7496760e4884d6e8e415b1844c67d6b,0.047,,,
2326,2026-05-27,SZ000807,-0.004536987682581851,EXP_CatBoostModel_Alpha158_csi300_custom_step0_s_20260527_18,c7496760e4884d6e8e415b1844c67d6b,0.047,,,
2327,2026-05-27,SZ000858,0.0010817907736859183,EXP_CatBoostModel_Alpha158_csi300_custom_step0_s_20260527_18,c7496760e4884d6e8e415b1844c67d6b,0.047,,,
2328,2026-05-27,SZ000876,-0.006000822178332414,EXP_CatBoostModel_Alpha158_csi300_custom_step0_s_20260527_18,c7496760e4884d6e8e415b1844c67d6b,0.047,,,
2329,2026-05-27,SZ000895,-0.00667808963840991,EXP_CatBoostModel_Alpha158_csi300_custom_step0_s_20260527_18,c7496760e4884d6e8e415b1844c67d6b,0.047,,,
2330,2026-05-27,SZ000938,0.0006130072312505849,EXP_CatBoostModel_Alpha158_csi300_custom_step0_s_20260527_18,c7496760e4884d6e8e415b1844c67d6b,0.047,,,
2331,2026-05-27,SZ000963,-0.008973117993895564,EXP_CatBoostModel_Alpha158_csi300_custom_step0_s_20260527_18,c7496760e4884d6e8e415b1844c67d6b,0.047,,,
2332,2026-05-27,SZ000975,0.0014724545498352496,EXP_CatBoostModel_Alpha158_csi300_custom_step0_s_20260527_18,c7496760e4884d6e8e415b1844c67d6b,0.047,,,
2333,2026-05-27,SZ000977,0.035618960615467016,EXP_CatBoostModel_Alpha158_csi300_custom_step0_s_20260527_18,c7496760e4884d6e8e415b1844c67d6b,0.047,,,
2334,2026-05-27,SZ000983,0.004223435851207915,EXP_CatBoostModel_Alpha158_csi300_custom_step0_s_20260527_18,c7496760e4884d6e8e415b1844c67d6b,0.047,,,
2335,2026-05-27,SZ000999,-0.007761437879376843,EXP_CatBoostModel_Alpha158_csi300_custom_step0_s_20260527_18,c7496760e4884d6e8e415b1844c67d6b,0.047,,,
2336,2026-05-27,SZ001391,-0.0071237961400392475,EXP_CatBoostModel_Alpha158_csi300_custom_step0_s_20260527_18,c7496760e4884d6e8e415b1844c67d6b,0.047,,,
2337,2026-05-27,SZ001965,-0.00578284513514192,EXP_CatBoostModel_Alpha158_csi300_custom_step0_s_20260527_18,c7496760e4884d6e8e415b1844c67d6b,0.047,,,
2338,2026-05-27,SZ002304,-0.011752299992737745,EXP_CatBoostModel_Alpha158_csi300_custom_step0_s_20260527_18,c7496760e4884d6e8e415b1844c67d6b,0.047,,,
2339,2026-05-27,SZ002252,-0.010454395883748656,EXP_CatBoostModel_Alpha158_csi300_custom_step0_s_20260527_18,c7496760e4884d6e8e415b1844c67d6b,0.047,,,
2340,2026-05-27,SZ002241,0.04080527486186354,EXP_CatBoostModel_Alpha158_csi300_custom_step0_s_20260527_18,c7496760e4884d6e8e415b1844c67d6b,0.047,,,
2341,2026-05-27,SZ002236,-0.00022909395526282727,EXP_CatBoostModel_Alpha158_csi300_custom_step0_s_20260527_18,c7496760e4884d6e8e415b1844c67d6b,0.047,,,
2342,2026-05-27,SZ002230,-0.0007585343055502706,EXP_CatBoostModel_Alpha158_csi300_custom_step0_s_20260527_18,c7496760e4884d6e8e415b1844c67d6b,0.047,,,
2343,2026-05-27,SZ002179,-0.0014015447801942688,EXP_CatBoostModel_Alpha158_csi300_custom_step0_s_20260527_18,c7496760e4884d6e8e415b1844c67d6b,0.047,,,
2344,2026-05-27,SZ000708,-0.004904921604152606,EXP_CatBoostModel_Alpha158_csi300_custom_step0_s_20260527_18,c7496760e4884d6e8e415b1844c67d6b,0.047,,,
2345,2026-05-27,SZ002142,-0.004331729570153777,EXP_CatBoostModel_Alpha158_csi300_custom_step0_s_20260527_18,c7496760e4884d6e8e415b1844c67d6b,0.047,,,
2346,2026-05-27,SZ002050,-0.0012625802591394917,EXP_CatBoostModel_Alpha158_csi300_custom_step0_s_20260527_18,c7496760e4884d6e8e415b1844c67d6b,0.047,,,
2347,2026-05-27,SZ002049,0.04555126827178108,EXP_CatBoostModel_Alpha158_csi300_custom_step0_s_20260527_18,c7496760e4884d6e8e415b1844c67d6b,0.047,,,
2348,2026-05-27,SZ002028,-0.009092893166481207,EXP_CatBoostModel_Alpha158_csi300_custom_step0_s_20260527_18,c7496760e4884d6e8e415b1844c67d6b,0.047,,,
2349,2026-05-27,SZ002027,-0.0007176789650727933,EXP_CatBoostModel_Alpha158_csi300_custom_step0_s_20260527_18,c7496760e4884d6e8e415b1844c67d6b,0.047,,,
2350,2026-05-27,SZ002001,0.007085612702278247,EXP_CatBoostModel_Alpha158_csi300_custom_step0_s_20260527_18,c7496760e4884d6e8e415b1844c67d6b,0.047,,,
2351,2026-05-27,SZ001979,-0.0020539705073698796,EXP_CatBoostModel_Alpha158_csi300_custom_step0_s_20260527_18,c7496760e4884d6e8e415b1844c67d6b,0.047,,,
2352,2026-05-27,SZ002074,0.018093340110817827,EXP_CatBoostModel_Alpha158_csi300_custom_step0_s_20260527_18,c7496760e4884d6e8e415b1844c67d6b,0.047,,,
2353,2026-05-27,SH688012,-0.02106272751906861,EXP_CatBoostModel_Alpha158_csi300_custom_step0_s_20260527_18,c7496760e4884d6e8e415b1844c67d6b,0.047,,,
2354,2026-05-27,SZ000661,-0.007402273746331846,EXP_CatBoostModel_Alpha158_csi300_custom_step0_s_20260527_18,c7496760e4884d6e8e415b1844c67d6b,0.047,,,
2355,2026-05-27,SZ000630,0.0023771050753782414,EXP_CatBoostModel_Alpha158_csi300_custom_step0_s_20260527_18,c7496760e4884d6e8e415b1844c67d6b,0.047,,,
2356,2026-05-27,SH688041,0.0018599234273393578,EXP_CatBoostModel_Alpha158_csi300_custom_step0_s_20260527_18,c7496760e4884d6e8e415b1844c67d6b,0.047,,,
2357,2026-05-27,SH688047,0.00201198859905372,EXP_CatBoostModel_Alpha158_csi300_custom_step0_s_20260527_18,c7496760e4884d6e8e415b1844c67d6b,0.047,,,
2358,2026-05-27,SH688082,-0.10402470277228128,EXP_CatBoostModel_Alpha158_csi300_custom_step0_s_20260527_18,c7496760e4884d6e8e415b1844c67d6b,0.047,,,
2359,2026-05-27,SH688111,-0.0021409513562128503,EXP_CatBoostModel_Alpha158_csi300_custom_step0_s_20260527_18,c7496760e4884d6e8e415b1844c67d6b,0.047,,,
2360,2026-05-27,SH688126,-0.0018789496572425273,EXP_CatBoostModel_Alpha158_csi300_custom_step0_s_20260527_18,c7496760e4884d6e8e415b1844c67d6b,0.047,,,
2361,2026-05-27,SH688169,0.0031949043385498988,EXP_CatBoostModel_Alpha158_csi300_custom_step0_s_20260527_18,c7496760e4884d6e8e415b1844c67d6b,0.047,,,
2362,2026-05-27,SH688187,0.04080527486186354,EXP_CatBoostModel_Alpha158_csi300_custom_step0_s_20260527_18,c7496760e4884d6e8e415b1844c67d6b,0.047,,,
2363,2026-05-27,SH688223,0.021075005883729767,EXP_CatBoostModel_Alpha158_csi300_custom_step0_s_20260527_18,c7496760e4884d6e8e415b1844c67d6b,0.047,,,
2364,2026-05-27,SH688256,0.0376901022340945,EXP_CatBoostModel_Alpha158_csi300_custom_step0_s_20260527_18,c7496760e4884d6e8e415b1844c67d6b,0.047,,,
2365,2026-05-27,SH688271,-0.003967592063705329,EXP_CatBoostModel_Alpha158_csi300_custom_step0_s_20260527_18,c7496760e4884d6e8e415b1844c67d6b,0.047,,,
2366,2026-05-27,SH688303,-0.0008958525489586081,EXP_CatBoostModel_Alpha158_csi300_custom_step0_s_20260527_18,c7496760e4884d6e8e415b1844c67d6b,0.047,,,
2367,2026-05-27,SH688396,0.030368093001181488,EXP_CatBoostModel_Alpha158_csi300_custom_step0_s_20260527_18,c7496760e4884d6e8e415b1844c67d6b,0.047,,,
2368,2026-05-27,SH688472,0.003827759647693587,EXP_CatBoostModel_Alpha158_csi300_custom_step0_s_20260527_18,c7496760e4884d6e8e415b1844c67d6b,0.047,,,
2369,2026-05-27,SH688506,0.009964713597909711,EXP_CatBoostModel_Alpha158_csi300_custom_step0_s_20260527_18,c7496760e4884d6e8e415b1844c67d6b,0.047,,,
2370,2026-05-27,SH688981,-0.0017847073797026079,EXP_CatBoostModel_Alpha158_csi300_custom_step0_s_20260527_18,c7496760e4884d6e8e415b1844c67d6b,0.047,,,
2371,2026-05-27,SZ000001,-0.013842051665714367,EXP_CatBoostModel_Alpha158_csi300_custom_step0_s_20260527_18,c7496760e4884d6e8e415b1844c67d6b,0.047,,,
2372,2026-05-27,SZ000002,0.027479052685060873,EXP_CatBoostModel_Alpha158_csi300_custom_step0_s_20260527_18,c7496760e4884d6e8e415b1844c67d6b,0.047,,,
2373,2026-05-27,SZ000625,0.0010379123841139188,EXP_CatBoostModel_Alpha158_csi300_custom_step0_s_20260527_18,c7496760e4884d6e8e415b1844c67d6b,0.047,,,
2374,2026-05-27,SZ000617,0.0032632447737426405,EXP_CatBoostModel_Alpha158_csi300_custom_step0_s_20260527_18,c7496760e4884d6e8e415b1844c67d6b,0.047,,,
2375,2026-05-27,SZ000596,-0.010233482149476211,EXP_CatBoostModel_Alpha158_csi300_custom_step0_s_20260527_18,c7496760e4884d6e8e415b1844c67d6b,0.047,,,
2376,2026-05-27,SZ000568,-0.00855967629637073,EXP_CatBoostModel_Alpha158_csi300_custom_step0_s_20260527_18,c7496760e4884d6e8e415b1844c67d6b,0.047,,,
2377,2026-05-27,SZ000538,-0.009817077274403145,EXP_CatBoostModel_Alpha158_csi300_custom_step0_s_20260527_18,c7496760e4884d6e8e415b1844c67d6b,0.047,,,
2378,2026-05-27,SZ000425,0.006837332299510642,EXP_CatBoostModel_Alpha158_csi300_custom_step0_s_20260527_18,c7496760e4884d6e8e415b1844c67d6b,0.047,,,
2379,2026-05-27,SZ000651,-0.005949113982050743,EXP_CatBoostModel_Alpha158_csi300_custom_step0_s_20260527_18,c7496760e4884d6e8e415b1844c67d6b,0.047,,,
2380,2026-05-27,SZ000408,-0.0001812330217914516,EXP_CatBoostModel_Alpha158_csi300_custom_step0_s_20260527_18,c7496760e4884d6e8e415b1844c67d6b,0.047,,,
2381,2026-05-27,SZ000333,0.005024166929978591,EXP_CatBoostModel_Alpha158_csi300_custom_step0_s_20260527_18,c7496760e4884d6e8e415b1844c67d6b,0.047,,,
2382,2026-05-27,SZ000301,-0.0007556594475248649,EXP_CatBoostModel_Alpha158_csi300_custom_step0_s_20260527_18,c7496760e4884d6e8e415b1844c67d6b,0.047,,,
2383,2026-05-27,SZ000166,-0.00956592492943366,EXP_CatBoostModel_Alpha158_csi300_custom_step0_s_20260527_18,c7496760e4884d6e8e415b1844c67d6b,0.047,,,
2384,2026-05-27,SZ000157,-0.0004551530158025986,EXP_CatBoostModel_Alpha158_csi300_custom_step0_s_20260527_18,c7496760e4884d6e8e415b1844c67d6b,0.047,,,
2385,2026-05-27,SZ000100,0.001120560150066191,EXP_CatBoostModel_Alpha158_csi300_custom_step0_s_20260527_18,c7496760e4884d6e8e415b1844c67d6b,0.047,,,
2386,2026-05-27,SZ000063,-0.007294938302154932,EXP_CatBoostModel_Alpha158_csi300_custom_step0_s_20260527_18,c7496760e4884d6e8e415b1844c67d6b,0.047,,,
2387,2026-05-27,SZ000338,0.02779718822419029,EXP_CatBoostModel_Alpha158_csi300_custom_step0_s_20260527_18,c7496760e4884d6e8e415b1844c67d6b,0.047,,,
2388,2026-05-27,SH601225,-0.009092893166481207,EXP_CatBoostModel_Alpha158_csi300_custom_step0_s_20260527_18,c7496760e4884d6e8e415b1844c67d6b,0.047,,,
2389,2026-05-27,SH601211,-0.006196358087100387,EXP_CatBoostModel_Alpha158_csi300_custom_step0_s_20260527_18,c7496760e4884d6e8e415b1844c67d6b,0.047,,,
2390,2026-05-27,SH601186,-0.010290109037355598,EXP_CatBoostModel_Alpha158_csi300_custom_step0_s_20260527_18,c7496760e4884d6e8e415b1844c67d6b,0.047,,,
2391,2026-05-27,SZ302132,-0.0013800648103027139,EXP_CatBoostModel_Alpha158_csi300_custom_step0_s_20260527_18,541ea47e4e6645e69b0b198b28e29782,0.049,,,
2392,2026-05-27,SH600000,-0.003581207311573649,EXP_CatBoostModel_Alpha158_csi300_custom_step0_s_20260527_18,c7496760e4884d6e8e415b1844c67d6b,0.047,,,
2393,2026-05-27,SH600009,-0.009092893166481207,EXP_CatBoostModel_Alpha158_csi300_custom_step0_s_20260527_18,c7496760e4884d6e8e415b1844c67d6b,0.047,,,
2394,2026-05-27,SH600010,-0.002173070833145391,EXP_CatBoostModel_Alpha158_csi300_custom_step0_s_20260527_18,c7496760e4884d6e8e415b1844c67d6b,0.047,,,
2395,2026-05-27,SH600011,0.002270411767140613,EXP_CatBoostModel_Alpha158_csi300_custom_step0_s_20260527_18,c7496760e4884d6e8e415b1844c67d6b,0.047,,,
2396,2026-05-27,SH600015,-0.011586462717229242,EXP_CatBoostModel_Alpha158_csi300_custom_step0_s_20260527_18,c7496760e4884d6e8e415b1844c67d6b,0.047,,,
2397,2026-05-27,SH600016,-0.010220014530568767,EXP_CatBoostModel_Alpha158_csi300_custom_step0_s_20260527_18,c7496760e4884d6e8e415b1844c67d6b,0.047,,,
2398,2026-05-27,SH600018,0.001910915851711288,EXP_CatBoostModel_Alpha158_csi300_custom_step0_s_20260527_18,c7496760e4884d6e8e415b1844c67d6b,0.047,,,
2399,2026-05-27,SH600019,-0.006025399021916145,EXP_CatBoostModel_Alpha158_csi300_custom_step0_s_20260527_18,c7496760e4884d6e8e415b1844c67d6b,0.047,,,
2400,2026-05-27,SH600023,0.002992330253031767,EXP_CatBoostModel_Alpha158_csi300_custom_step0_s_20260527_18,c7496760e4884d6e8e415b1844c67d6b,0.047,,,
2401,2026-05-27,SH600025,-0.003581207311573649,EXP_CatBoostModel_Alpha158_csi300_custom_step0_s_20260527_18,c7496760e4884d6e8e415b1844c67d6b,0.047,,,
2402,2026-05-27,SH600026,0.0027735242759032615,EXP_CatBoostModel_Alpha158_csi300_custom_step0_s_20260527_18,c7496760e4884d6e8e415b1844c67d6b,0.047,,,
2403,2026-05-27,SH600027,0.002270411767140613,EXP_CatBoostModel_Alpha158_csi300_custom_step0_s_20260527_18,c7496760e4884d6e8e415b1844c67d6b,0.047,,,
2404,2026-05-27,SH600028,-0.0026804854054313207,EXP_CatBoostModel_Alpha158_csi300_custom_step0_s_20260527_18,c7496760e4884d6e8e415b1844c67d6b,0.047,,,
2405,2026-05-27,SH600029,0.0008214745189077098,EXP_CatBoostModel_Alpha158_csi300_custom_step0_s_20260527_18,c7496760e4884d6e8e415b1844c67d6b,0.047,,,
2406,2026-05-27,SH600030,-0.007477362223357851,EXP_CatBoostModel_Alpha158_csi300_custom_step0_s_20260527_18,c7496760e4884d6e8e415b1844c67d6b,0.047,,,
2407,2026-05-27,SH600031,-0.0022257786291375115,EXP_CatBoostModel_Alpha158_csi300_custom_step0_s_20260527_18,c7496760e4884d6e8e415b1844c67d6b,0.047,,,
2408,2026-05-27,SH600161,-0.0029440685059684097,EXP_CatBoostModel_Alpha158_csi300_custom_step0_s_20260527_18,c7496760e4884d6e8e415b1844c67d6b,0.047,,,
2409,2026-05-27,SH600160,-0.0007343014109838682,EXP_CatBoostModel_Alpha158_csi300_custom_step0_s_20260527_18,c7496760e4884d6e8e415b1844c67d6b,0.047,,,
2410,2026-05-27,SH600150,0.013352168252949985,EXP_CatBoostModel_Alpha158_csi300_custom_step0_s_20260527_18,c7496760e4884d6e8e415b1844c67d6b,0.047,,,
2411,2026-05-27,SH600115,-0.0007343014109838682,EXP_CatBoostModel_Alpha158_csi300_custom_step0_s_20260527_18,c7496760e4884d6e8e415b1844c67d6b,0.047,,,
2412,2026-05-27,SH600111,0.005541072299401909,EXP_CatBoostModel_Alpha158_csi300_custom_step0_s_20260527_18,c7496760e4884d6e8e415b1844c67d6b,0.047,,,
2413,2026-05-27,SH600104,-0.005566420454994444,EXP_CatBoostModel_Alpha158_csi300_custom_step0_s_20260527_18,c7496760e4884d6e8e415b1844c67d6b,0.047,,,
2414,2026-05-27,SZ301269,0.0006253619678251939,EXP_CatBoostModel_Alpha158_csi300_custom_step0_s_20260527_18,541ea47e4e6645e69b0b198b28e29782,0.049,,,
2415,2026-05-27,SH600089,0.0051700911738765554,EXP_CatBoostModel_Alpha158_csi300_custom_step0_s_20260527_18,c7496760e4884d6e8e415b1844c67d6b,0.047,,,
2416,2026-05-27,SH600066,-0.005712457751196311,EXP_CatBoostModel_Alpha158_csi300_custom_step0_s_20260527_18,c7496760e4884d6e8e415b1844c67d6b,0.047,,,
2417,2026-05-27,SH600061,-0.00633722809644241,EXP_CatBoostModel_Alpha158_csi300_custom_step0_s_20260527_18,c7496760e4884d6e8e415b1844c67d6b,0.047,,,
2418,2026-05-27,SH600050,-0.001992303531275892,EXP_CatBoostModel_Alpha158_csi300_custom_step0_s_20260527_18,c7496760e4884d6e8e415b1844c67d6b,0.047,,,
2419,2026-05-27,SH600048,-0.0020539705073698796,EXP_CatBoostModel_Alpha158_csi300_custom_step0_s_20260527_18,c7496760e4884d6e8e415b1844c67d6b,0.047,,,
2420,2026-05-27,SH600039,-0.019151538237539442,EXP_CatBoostModel_Alpha158_csi300_custom_step0_s_20260527_18,c7496760e4884d6e8e415b1844c67d6b,0.047,,,
2421,2026-05-27,SH600036,-0.011581545520303379,EXP_CatBoostModel_Alpha158_csi300_custom_step0_s_20260527_18,c7496760e4884d6e8e415b1844c67d6b,0.047,,,
2422,2026-05-27,SH600085,-0.010233482149476211,EXP_CatBoostModel_Alpha158_csi300_custom_step0_s_20260527_18,c7496760e4884d6e8e415b1844c67d6b,0.047,,,
2423,2026-05-27,SH600176,0.09999953541124607,EXP_CatBoostModel_Alpha158_csi300_custom_step0_s_20260527_18,c7496760e4884d6e8e415b1844c67d6b,0.047,,,
2424,2026-05-27,SZ301236,-0.005599781482115175,EXP_CatBoostModel_Alpha158_csi300_custom_step0_s_20260527_18,541ea47e4e6645e69b0b198b28e29782,0.049,,,
2425,2026-05-27,SZ300979,-0.0013800648103027139,EXP_CatBoostModel_Alpha158_csi300_custom_step0_s_20260527_18,541ea47e4e6645e69b0b198b28e29782,0.049,,,
2426,2026-05-27,SZ003816,-0.0013800648103027139,EXP_CatBoostModel_Alpha158_csi300_custom_step0_s_20260527_18,541ea47e4e6645e69b0b198b28e29782,0.049,,,
2427,2026-05-27,SZ300014,-0.000610512465889629,EXP_CatBoostModel_Alpha158_csi300_custom_step0_s_20260527_18,541ea47e4e6645e69b0b198b28e29782,0.049,,,
2428,2026-05-27,SZ300015,-0.0013800648103027139,EXP_CatBoostModel_Alpha158_csi300_custom_step0_s_20260527_18,541ea47e4e6645e69b0b198b28e29782,0.049,,,
2429,2026-05-27,SZ300033,-0.0013800648103027139,EXP_CatBoostModel_Alpha158_csi300_custom_step0_s_20260527_18,541ea47e4e6645e69b0b198b28e29782,0.049,,,
2430,2026-05-27,SZ300059,0.0014504945061926502,EXP_CatBoostModel_Alpha158_csi300_custom_step0_s_20260527_18,541ea47e4e6645e69b0b198b28e29782,0.049,,,
2431,2026-05-27,SZ300122,0.0006253619678251939,EXP_CatBoostModel_Alpha158_csi300_custom_step0_s_20260527_18,541ea47e4e6645e69b0b198b28e29782,0.049,,,
2432,2026-05-27,SZ300124,-0.0013800648103027139,EXP_CatBoostModel_Alpha158_csi300_custom_step0_s_20260527_18,541ea47e4e6645e69b0b198b28e29782,0.049,,,
2433,2026-05-27,SZ300251,-0.0013800648103027139,EXP_CatBoostModel_Alpha158_csi300_custom_step0_s_20260527_18,541ea47e4e6645e69b0b198b28e29782,0.049,,,
2434,2026-05-27,SZ300274,0.0006253619678251939,EXP_CatBoostModel_Alpha158_csi300_custom_step0_s_20260527_18,541ea47e4e6645e69b0b198b28e29782,0.049,,,
2435,2026-05-27,SZ300308,-0.0013800648103027139,EXP_CatBoostModel_Alpha158_csi300_custom_step0_s_20260527_18,541ea47e4e6645e69b0b198b28e29782,0.049,,,
2436,2026-05-27,SZ300316,-0.0013800648103027139,EXP_CatBoostModel_Alpha158_csi300_custom_step0_s_20260527_18,541ea47e4e6645e69b0b198b28e29782,0.049,,,
2437,2026-05-27,SZ300347,0.014663981954031508,EXP_CatBoostModel_Alpha158_csi300_custom_step0_s_20260527_18,541ea47e4e6645e69b0b198b28e29782,0.049,,,
2438,2026-05-27,SZ300394,-0.0013800648103027139,EXP_CatBoostModel_Alpha158_csi300_custom_step0_s_20260527_18,541ea47e4e6645e69b0b198b28e29782,0.049,,,
2439,2026-05-27,SZ300408,-0.0005783720130645297,EXP_CatBoostModel_Alpha158_csi300_custom_step0_s_20260527_18,541ea47e4e6645e69b0b198b28e29782,0.049,,,
2440,2026-05-27,SZ300413,-0.0013800648103027139,EXP_CatBoostModel_Alpha158_csi300_custom_step0_s_20260527_18,541ea47e4e6645e69b0b198b28e29782,0.049,,,
2441,2026-05-27,SZ300418,-0.0005145796747345673,EXP_CatBoostModel_Alpha158_csi300_custom_step0_s_20260527_18,541ea47e4e6645e69b0b198b28e29782,0.049,,,
2442,2026-05-27,SZ300433,-0.0005783720130645297,EXP_CatBoostModel_Alpha158_csi300_custom_step0_s_20260527_18,541ea47e4e6645e69b0b198b28e29782,0.049,,,
2443,2026-05-27,SZ300896,-0.0013800648103027139,EXP_CatBoostModel_Alpha158_csi300_custom_step0_s_20260527_18,541ea47e4e6645e69b0b198b28e29782,0.049,,,
2444,2026-05-27,SZ300866,-0.0013800648103027139,EXP_CatBoostModel_Alpha158_csi300_custom_step0_s_20260527_18,541ea47e4e6645e69b0b198b28e29782,0.049,,,
2445,2026-05-27,SZ300832,-0.0013800648103027139,EXP_CatBoostModel_Alpha158_csi300_custom_step0_s_20260527_18,541ea47e4e6645e69b0b198b28e29782,0.049,,,
2446,2026-05-27,SZ300803,0.0011096144497969172,EXP_CatBoostModel_Alpha158_csi300_custom_step0_s_20260527_18,541ea47e4e6645e69b0b198b28e29782,0.049,,,
2447,2026-05-27,SZ300782,-0.0013800648103027139,EXP_CatBoostModel_Alpha158_csi300_custom_step0_s_20260527_18,541ea47e4e6645e69b0b198b28e29782,0.049,,,
2448,2026-05-27,SZ300760,-0.0013800648103027139,EXP_CatBoostModel_Alpha158_csi300_custom_step0_s_20260527_18,541ea47e4e6645e69b0b198b28e29782,0.049,,,
2449,2026-05-27,SZ300999,0.0006253619678251939,EXP_CatBoostModel_Alpha158_csi300_custom_step0_s_20260527_18,541ea47e4e6645e69b0b198b28e29782,0.049,,,
2450,2026-05-27,SZ300759,-0.0013800648103027139,EXP_CatBoostModel_Alpha158_csi300_custom_step0_s_20260527_18,541ea47e4e6645e69b0b198b28e29782,0.049,,,
2451,2026-05-27,SZ300661,-0.0005783720130645297,EXP_CatBoostModel_Alpha158_csi300_custom_step0_s_20260527_18,541ea47e4e6645e69b0b198b28e29782,0.049,,,
2452,2026-05-27,SZ300628,0.0011096144497969172,EXP_CatBoostModel_Alpha158_csi300_custom_step0_s_20260527_18,541ea47e4e6645e69b0b198b28e29782,0.049,,,
2453,2026-05-27,SZ300502,-0.0013800648103027139,EXP_CatBoostModel_Alpha158_csi300_custom_step0_s_20260527_18,541ea47e4e6645e69b0b198b28e29782,0.049,,,
2454,2026-05-27,SZ300498,-0.0005145796747345673,EXP_CatBoostModel_Alpha158_csi300_custom_step0_s_20260527_18,541ea47e4e6645e69b0b198b28e29782,0.049,,,
2455,2026-05-27,SZ300476,-0.0013800648103027139,EXP_CatBoostModel_Alpha158_csi300_custom_step0_s_20260527_18,541ea47e4e6645e69b0b198b28e29782,0.049,,,
2456,2026-05-27,SZ300442,-0.005599781482115175,EXP_CatBoostModel_Alpha158_csi300_custom_step0_s_20260527_18,541ea47e4e6645e69b0b198b28e29782,0.049,,,
2457,2026-05-27,SZ300750,0.0006253619678251939,EXP_CatBoostModel_Alpha158_csi300_custom_step0_s_20260527_18,541ea47e4e6645e69b0b198b28e29782,0.049,,,
2458,2026-05-27,SH600183,0.02152190616010632,EXP_CatBoostModel_Alpha158_csi300_custom_step0_s_20260527_18,c7496760e4884d6e8e415b1844c67d6b,0.047,,,
2459,2026-05-27,SH600188,0.002372115240369516,EXP_CatBoostModel_Alpha158_csi300_custom_step0_s_20260527_18,c7496760e4884d6e8e415b1844c67d6b,0.047,,,
2460,2026-05-27,SH600196,-0.014955270490376737,EXP_CatBoostModel_Alpha158_csi300_custom_step0_s_20260527_18,c7496760e4884d6e8e415b1844c67d6b,0.047,,,
2461,2026-05-27,SH600887,0.0037245084575463464,EXP_CatBoostModel_Alpha158_csi300_custom_step0_s_20260527_18,c7496760e4884d6e8e415b1844c67d6b,0.047,,,
2462,2026-05-27,SH600893,-0.0019871425394469397,EXP_CatBoostModel_Alpha158_csi300_custom_step0_s_20260527_18,c7496760e4884d6e8e415b1844c67d6b,0.047,,,
2463,2026-05-27,SH600900,-0.0013301817984648213,EXP_CatBoostModel_Alpha158_csi300_custom_step0_s_20260527_18,c7496760e4884d6e8e415b1844c67d6b,0.047,,,
2464,2026-05-27,SH600905,-0.002930635744542795,EXP_CatBoostModel_Alpha158_csi300_custom_step0_s_20260527_18,c7496760e4884d6e8e415b1844c67d6b,0.047,,,
2465,2026-05-27,SH600918,-0.009746982767616314,EXP_CatBoostModel_Alpha158_csi300_custom_step0_s_20260527_18,c7496760e4884d6e8e415b1844c67d6b,0.047,,,
2466,2026-05-27,SH600919,-0.011851180285586517,EXP_CatBoostModel_Alpha158_csi300_custom_step0_s_20260527_18,c7496760e4884d6e8e415b1844c67d6b,0.047,,,
2467,2026-05-27,SH600926,-0.014452000116727244,EXP_CatBoostModel_Alpha158_csi300_custom_step0_s_20260527_18,c7496760e4884d6e8e415b1844c67d6b,0.047,,,
2468,2026-05-27,SH600930,0.0012761772294219585,EXP_CatBoostModel_Alpha158_csi300_custom_step0_s_20260527_18,c7496760e4884d6e8e415b1844c67d6b,0.047,,,
2469,2026-05-27,SH600938,-0.0005467198998885516,EXP_CatBoostModel_Alpha158_csi300_custom_step0_s_20260527_18,c7496760e4884d6e8e415b1844c67d6b,0.047,,,
2470,2026-05-27,SH600941,0.0037245084575463464,EXP_CatBoostModel_Alpha158_csi300_custom_step0_s_20260527_18,c7496760e4884d6e8e415b1844c67d6b,0.047,,,
2471,2026-05-27,SH600958,-0.0056999015992797095,EXP_CatBoostModel_Alpha158_csi300_custom_step0_s_20260527_18,c7496760e4884d6e8e415b1844c67d6b,0.047,,,
2472,2026-05-27,SH600989,0.013974833539343708,EXP_CatBoostModel_Alpha158_csi300_custom_step0_s_20260527_18,c7496760e4884d6e8e415b1844c67d6b,0.047,,,
2473,2026-05-27,SH600999,0.0014146975039507827,EXP_CatBoostModel_Alpha158_csi300_custom_step0_s_20260527_18,c7496760e4884d6e8e415b1844c67d6b,0.047,,,
2474,2026-05-27,SH601006,-0.014452000116727244,EXP_CatBoostModel_Alpha158_csi300_custom_step0_s_20260527_18,c7496760e4884d6e8e415b1844c67d6b,0.047,,,
2475,2026-05-27,SH601009,-0.0071685763233538015,EXP_CatBoostModel_Alpha158_csi300_custom_step0_s_20260527_18,c7496760e4884d6e8e415b1844c67d6b,0.047,,,
2476,2026-05-27,SH601012,0.01017026955807546,EXP_CatBoostModel_Alpha158_csi300_custom_step0_s_20260527_18,c7496760e4884d6e8e415b1844c67d6b,0.047,,,
2477,2026-05-27,SH601018,-0.010454395883748656,EXP_CatBoostModel_Alpha158_csi300_custom_step0_s_20260527_18,c7496760e4884d6e8e415b1844c67d6b,0.047,,,
2478,2026-05-27,SH601169,-0.01422943943294356,EXP_CatBoostModel_Alpha158_csi300_custom_step0_s_20260527_18,c7496760e4884d6e8e415b1844c67d6b,0.047,,,
2479,2026-05-27,SH601166,-0.00901013613728399,EXP_CatBoostModel_Alpha158_csi300_custom_step0_s_20260527_18,c7496760e4884d6e8e415b1844c67d6b,0.047,,,
2480,2026-05-27,SH601138,0.02169376477402899,EXP_CatBoostModel_Alpha158_csi300_custom_step0_s_20260527_18,c7496760e4884d6e8e415b1844c67d6b,0.047,,,
2481,2026-05-27,SH601136,-0.006062662947255075,EXP_CatBoostModel_Alpha158_csi300_custom_step0_s_20260527_18,c7496760e4884d6e8e415b1844c67d6b,0.047,,,
2482,2026-05-27,SH601127,-0.008689927637848422,EXP_CatBoostModel_Alpha158_csi300_custom_step0_s_20260527_18,c7496760e4884d6e8e415b1844c67d6b,0.047,,,
2483,2026-05-27,SH601117,-0.0020630416888066452,EXP_CatBoostModel_Alpha158_csi300_custom_step0_s_20260527_18,c7496760e4884d6e8e415b1844c67d6b,0.047,,,
2484,2026-05-27,SH600886,-0.0007585343055502706,EXP_CatBoostModel_Alpha158_csi300_custom_step0_s_20260527_18,c7496760e4884d6e8e415b1844c67d6b,0.047,,,
2485,2026-05-27,SH601111,0.001926645234464982,EXP_CatBoostModel_Alpha158_csi300_custom_step0_s_20260527_18,c7496760e4884d6e8e415b1844c67d6b,0.047,,,
2486,2026-05-27,SH601088,-0.010335727825652952,EXP_CatBoostModel_Alpha158_csi300_custom_step0_s_20260527_18,c7496760e4884d6e8e415b1844c67d6b,0.047,,,
2487,2026-05-27,SH601077,-0.00916674199223208,EXP_CatBoostModel_Alpha158_csi300_custom_step0_s_20260527_18,c7496760e4884d6e8e415b1844c67d6b,0.047,,,
2488,2026-05-27,SH601066,-0.000381639922468461,EXP_CatBoostModel_Alpha158_csi300_custom_step0_s_20260527_18,c7496760e4884d6e8e415b1844c67d6b,0.047,,,
2489,2026-05-27,SH601059,-0.001975435748785297,EXP_CatBoostModel_Alpha158_csi300_custom_step0_s_20260527_18,c7496760e4884d6e8e415b1844c67d6b,0.047,,,
2490,2026-05-27,SH601058,-0.011332746622847781,EXP_CatBoostModel_Alpha158_csi300_custom_step0_s_20260527_18,c7496760e4884d6e8e415b1844c67d6b,0.047,,,
2491,2026-05-27,SH601021,-0.0034984502823764314,EXP_CatBoostModel_Alpha158_csi300_custom_step0_s_20260527_18,c7496760e4884d6e8e415b1844c67d6b,0.047,,,
2492,2026-05-27,SH601100,-0.0011437281042507887,EXP_CatBoostModel_Alpha158_csi300_custom_step0_s_20260527_18,c7496760e4884d6e8e415b1844c67d6b,0.047,,,
2493,2026-05-27,SH600875,-0.006418343433146395,EXP_CatBoostModel_Alpha158_csi300_custom_step0_s_20260527_18,c7496760e4884d6e8e415b1844c67d6b,0.047,,,
2494,2026-05-27,SH600845,-0.004759479317875289,EXP_CatBoostModel_Alpha158_csi300_custom_step0_s_20260527_18,c7496760e4884d6e8e415b1844c67d6b,0.047,,,
2495,2026-05-27,SH600809,-0.010233482149476211,EXP_CatBoostModel_Alpha158_csi300_custom_step0_s_20260527_18,c7496760e4884d6e8e415b1844c67d6b,0.047,,,
2496,2026-05-27,SH600460,0.02562209959126395,EXP_CatBoostModel_Alpha158_csi300_custom_step0_s_20260527_18,c7496760e4884d6e8e415b1844c67d6b,0.047,,,
2497,2026-05-27,SH600438,-0.005546022804929324,EXP_CatBoostModel_Alpha158_csi300_custom_step0_s_20260527_18,c7496760e4884d6e8e415b1844c67d6b,0.047,,,
2498,2026-05-27,SH600436,-0.011334551303073979,EXP_CatBoostModel_Alpha158_csi300_custom_step0_s_20260527_18,c7496760e4884d6e8e415b1844c67d6b,0.047,,,
2499,2026-05-27,SH600426,0.0488355628816046,EXP_CatBoostModel_Alpha158_csi300_custom_step0_s_20260527_18,c7496760e4884d6e8e415b1844c67d6b,0.047,,,
2500,2026-05-27,SH600415,-0.0017105635136808416,EXP_CatBoostModel_Alpha158_csi300_custom_step0_s_20260527_18,c7496760e4884d6e8e415b1844c67d6b,0.047,,,
2501,2026-05-27,SH600406,-0.007454360207392411,EXP_CatBoostModel_Alpha158_csi300_custom_step0_s_20260527_18,c7496760e4884d6e8e415b1844c67d6b,0.047,,,
2502,2026-05-27,SH600482,0.009026744875832196,EXP_CatBoostModel_Alpha158_csi300_custom_step0_s_20260527_18,c7496760e4884d6e8e415b1844c67d6b,0.047,,,
2503,2026-05-27,SH600377,-0.0016812983949007054,EXP_CatBoostModel_Alpha158_csi300_custom_step0_s_20260527_18,c7496760e4884d6e8e415b1844c67d6b,0.047,,,
2504,2026-05-27,SH600362,-0.0007411946756093082,EXP_CatBoostModel_Alpha158_csi300_custom_step0_s_20260527_18,c7496760e4884d6e8e415b1844c67d6b,0.047,,,
2505,2026-05-27,SH600346,0.0488355628816046,EXP_CatBoostModel_Alpha158_csi300_custom_step0_s_20260527_18,c7496760e4884d6e8e415b1844c67d6b,0.047,,,
2506,2026-05-27,SH600309,0.01942315907742313,EXP_CatBoostModel_Alpha158_csi300_custom_step0_s_20260527_18,c7496760e4884d6e8e415b1844c67d6b,0.047,,,
2507,2026-05-27,SH600276,-0.014955270490376737,EXP_CatBoostModel_Alpha158_csi300_custom_step0_s_20260527_18,c7496760e4884d6e8e415b1844c67d6b,0.047,,,
2508,2026-05-27,SH600233,-0.005846497816440269,EXP_CatBoostModel_Alpha158_csi300_custom_step0_s_20260527_18,c7496760e4884d6e8e415b1844c67d6b,0.047,,,
2509,2026-05-27,SH600219,-0.006900305891852195,EXP_CatBoostModel_Alpha158_csi300_custom_step0_s_20260527_18,c7496760e4884d6e8e415b1844c67d6b,0.047,,,
2510,2026-05-27,SH600372,0.008782096837062124,EXP_CatBoostModel_Alpha158_csi300_custom_step0_s_20260527_18,c7496760e4884d6e8e415b1844c67d6b,0.047,,,
2511,2026-05-27,SZ002311,-0.0029266605550699685,EXP_CatBoostModel_Alpha158_csi300_custom_step0_s_20260527_18,c7496760e4884d6e8e415b1844c67d6b,0.047,,,
2512,2026-05-27,SH600489,0.0050277130196428755,EXP_CatBoostModel_Alpha158_csi300_custom_step0_s_20260527_18,c7496760e4884d6e8e415b1844c67d6b,0.047,,,
2513,2026-05-27,SH600519,-0.009817077274403145,EXP_CatBoostModel_Alpha158_csi300_custom_step0_s_20260527_18,c7496760e4884d6e8e415b1844c67d6b,0.047,,,
2514,2026-05-27,SH600803,-0.010686402347197201,EXP_CatBoostModel_Alpha158_csi300_custom_step0_s_20260527_18,c7496760e4884d6e8e415b1844c67d6b,0.047,,,
2515,2026-05-27,SH600795,-0.00019444030819452832,EXP_CatBoostModel_Alpha158_csi300_custom_step0_s_20260527_18,c7496760e4884d6e8e415b1844c67d6b,0.047,,,
2516,2026-05-27,SH600760,0.0015076534245559285,EXP_CatBoostModel_Alpha158_csi300_custom_step0_s_20260527_18,c7496760e4884d6e8e415b1844c67d6b,0.047,,,
2517,2026-05-27,SH600741,-0.0010426918860344727,EXP_CatBoostModel_Alpha158_csi300_custom_step0_s_20260527_18,c7496760e4884d6e8e415b1844c67d6b,0.047,,,
2518,2026-05-27,SH600690,-0.008090243228147862,EXP_CatBoostModel_Alpha158_csi300_custom_step0_s_20260527_18,c7496760e4884d6e8e415b1844c67d6b,0.047,,,
2519,2026-05-27,SH600674,0.001910915851711288,EXP_CatBoostModel_Alpha158_csi300_custom_step0_s_20260527_18,c7496760e4884d6e8e415b1844c67d6b,0.047,,,
2520,2026-05-27,SH600515,-0.004444953651331554,EXP_CatBoostModel_Alpha158_csi300_custom_step0_s_20260527_18,c7496760e4884d6e8e415b1844c67d6b,0.047,,,
2521,2026-05-27,SH600660,-0.008442557884310144,EXP_CatBoostModel_Alpha158_csi300_custom_step0_s_20260527_18,c7496760e4884d6e8e415b1844c67d6b,0.047,,,
2522,2026-05-27,SH600588,0.009576876556078386,EXP_CatBoostModel_Alpha158_csi300_custom_step0_s_20260527_18,c7496760e4884d6e8e415b1844c67d6b,0.047,,,
2523,2026-05-27,SH600585,-0.004733962538968363,EXP_CatBoostModel_Alpha158_csi300_custom_step0_s_20260527_18,c7496760e4884d6e8e415b1844c67d6b,0.047,,,
2524,2026-05-27,SH600584,-0.03496419501756923,EXP_CatBoostModel_Alpha158_csi300_custom_step0_s_20260527_18,c7496760e4884d6e8e415b1844c67d6b,0.047,,,
2525,2026-05-27,SH600570,-0.006193869148557164,EXP_CatBoostModel_Alpha158_csi300_custom_step0_s_20260527_18,c7496760e4884d6e8e415b1844c67d6b,0.047,,,
2526,2026-05-27,SH600547,0.008322439940251777,EXP_CatBoostModel_Alpha158_csi300_custom_step0_s_20260527_18,c7496760e4884d6e8e415b1844c67d6b,0.047,,,
2527,2026-05-27,SH600522,0.029746160229645137,EXP_CatBoostModel_Alpha158_csi300_custom_step0_s_20260527_18,c7496760e4884d6e8e415b1844c67d6b,0.047,,,
2528,2026-05-27,SH600600,-0.009092893166481207,EXP_CatBoostModel_Alpha158_csi300_custom_step0_s_20260527_18,c7496760e4884d6e8e415b1844c67d6b,0.047,,,
2529,2026-05-27,SZ002938,-0.0005783720130645297,EXP_CatBoostModel_Alpha158_csi300_custom_step0_s_20260527_18,541ea47e4e6645e69b0b198b28e29782,0.049,,,
2530,2026-05-27,SZ002352,-0.005644971391319191,EXP_CatBoostModel_Alpha158_csi300_custom_step0_s_20260527_18,c7496760e4884d6e8e415b1844c67d6b,0.047,,,
2531,2026-05-27,SZ002384,0.03679846785923079,EXP_CatBoostModel_Alpha158_csi300_custom_step0_s_20260527_18,c7496760e4884d6e8e415b1844c67d6b,0.047,,,
2532,2026-05-27,SH601618,-2.682882726878059e-10,EXP_LGBModel_Alpha158_csi300_custom_step0_s_20260527_18,0f7a292b059a4373a786bd091abfef3d,0.072,,,
2533,2026-05-27,SH601628,-2.682882726878059e-10,EXP_LGBModel_Alpha158_csi300_custom_step0_s_20260527_18,0f7a292b059a4373a786bd091abfef3d,0.072,,,
2534,2026-05-27,SH601633,-0.0019307613550152043,EXP_LGBModel_Alpha158_csi300_custom_step0_s_20260527_18,0f7a292b059a4373a786bd091abfef3d,0.072,,,
2535,2026-05-27,SH601658,0.002366204723331103,EXP_LGBModel_Alpha158_csi300_custom_step0_s_20260527_18,0f7a292b059a4373a786bd091abfef3d,0.072,,,
2536,2026-05-27,SH601668,-2.682882726878059e-10,EXP_LGBModel_Alpha158_csi300_custom_step0_s_20260527_18,0f7a292b059a4373a786bd091abfef3d,0.072,,,
2537,2026-05-27,SH601669,-0.0025205994555204457,EXP_LGBModel_Alpha158_csi300_custom_step0_s_20260527_18,0f7a292b059a4373a786bd091abfef3d,0.072,,,
2538,2026-05-27,SH601688,-2.682882726878059e-10,EXP_LGBModel_Alpha158_csi300_custom_step0_s_20260527_18,0f7a292b059a4373a786bd091abfef3d,0.072,,,
2539,2026-05-27,SH601689,-2.682882726878059e-10,EXP_LGBModel_Alpha158_csi300_custom_step0_s_20260527_18,0f7a292b059a4373a786bd091abfef3d,0.072,,,
2540,2026-05-27,SH601698,-0.0025205994555204457,EXP_LGBModel_Alpha158_csi300_custom_step0_s_20260527_18,0f7a292b059a4373a786bd091abfef3d,0.072,,,
2541,2026-05-27,SH601728,-0.0025205994555204457,EXP_LGBModel_Alpha158_csi300_custom_step0_s_20260527_18,0f7a292b059a4373a786bd091abfef3d,0.072,,,
2542,2026-05-27,SH601766,-2.682882726878059e-10,EXP_LGBModel_Alpha158_csi300_custom_step0_s_20260527_18,0f7a292b059a4373a786bd091abfef3d,0.072,,,
2543,2026-05-27,SH601788,-0.0025205994555204457,EXP_LGBModel_Alpha158_csi300_custom_step0_s_20260527_18,0f7a292b059a4373a786bd091abfef3d,0.072,,,
2544,2026-05-27,SH601800,-0.0025205994555204457,EXP_LGBModel_Alpha158_csi300_custom_step0_s_20260527_18,0f7a292b059a4373a786bd091abfef3d,0.072,,,
2545,2026-05-27,SH601808,-0.00011946844827986863,EXP_LGBModel_Alpha158_csi300_custom_step0_s_20260527_18,0f7a292b059a4373a786bd091abfef3d,0.072,,,
2546,2026-05-27,SH601816,-2.682882726878059e-10,EXP_LGBModel_Alpha158_csi300_custom_step0_s_20260527_18,0f7a292b059a4373a786bd091abfef3d,0.072,,,
2547,2026-05-27,SH601818,-2.682882726878059e-10,EXP_LGBModel_Alpha158_csi300_custom_step0_s_20260527_18,0f7a292b059a4373a786bd091abfef3d,0.072,,,
2548,2026-05-27,SH601825,-2.682882726878059e-10,EXP_LGBModel_Alpha158_csi300_custom_step0_s_20260527_18,0f7a292b059a4373a786bd091abfef3d,0.072,,,
2549,2026-05-27,SH601939,-2.682882726878059e-10,EXP_LGBModel_Alpha158_csi300_custom_step0_s_20260527_18,0f7a292b059a4373a786bd091abfef3d,0.072,,,
2550,2026-05-27,SH601919,-0.0025205994555204457,EXP_LGBModel_Alpha158_csi300_custom_step0_s_20260527_18,0f7a292b059a4373a786bd091abfef3d,0.072,,,
2551,2026-05-27,SH601916,-2.682882726878059e-10,EXP_LGBModel_Alpha158_csi300_custom_step0_s_20260527_18,0f7a292b059a4373a786bd091abfef3d,0.072,,,
2552,2026-05-27,SH601901,0.002366204723331103,EXP_LGBModel_Alpha158_csi300_custom_step0_s_20260527_18,0f7a292b059a4373a786bd091abfef3d,0.072,,,
2553,2026-05-27,SH601899,-0.0025205994555204457,EXP_LGBModel_Alpha158_csi300_custom_step0_s_20260527_18,0f7a292b059a4373a786bd091abfef3d,0.072,,,
2554,2026-05-27,SH601898,-0.0025205994555204457,EXP_LGBModel_Alpha158_csi300_custom_step0_s_20260527_18,0f7a292b059a4373a786bd091abfef3d,0.072,,,
2555,2026-05-27,SH601607,0.002366204723331103,EXP_LGBModel_Alpha158_csi300_custom_step0_s_20260527_18,0f7a292b059a4373a786bd091abfef3d,0.072,,,
2556,2026-05-27,SH601888,-0.0019307613550152043,EXP_LGBModel_Alpha158_csi300_custom_step0_s_20260527_18,0f7a292b059a4373a786bd091abfef3d,0.072,,,
2557,2026-05-27,SH601878,-2.682882726878059e-10,EXP_LGBModel_Alpha158_csi300_custom_step0_s_20260527_18,0f7a292b059a4373a786bd091abfef3d,0.072,,,
2558,2026-05-27,SH601877,-0.0025205994555204457,EXP_LGBModel_Alpha158_csi300_custom_step0_s_20260527_18,0f7a292b059a4373a786bd091abfef3d,0.072,,,
2559,2026-05-27,SH601872,-0.0025205994555204457,EXP_LGBModel_Alpha158_csi300_custom_step0_s_20260527_18,0f7a292b059a4373a786bd091abfef3d,0.072,,,
2560,2026-05-27,SH601868,-0.0025205994555204457,EXP_LGBModel_Alpha158_csi300_custom_step0_s_20260527_18,0f7a292b059a4373a786bd091abfef3d,0.072,,,
2561,2026-05-27,SH601857,-0.00011946844827986863,EXP_LGBModel_Alpha158_csi300_custom_step0_s_20260527_18,0f7a292b059a4373a786bd091abfef3d,0.072,,,
2562,2026-05-27,SH601838,0.002366204723331103,EXP_LGBModel_Alpha158_csi300_custom_step0_s_20260527_18,0f7a292b059a4373a786bd091abfef3d,0.072,,,
2563,2026-05-27,SH601881,-2.682882726878059e-10,EXP_LGBModel_Alpha158_csi300_custom_step0_s_20260527_18,0f7a292b059a4373a786bd091abfef3d,0.072,,,
2564,2026-05-27,SH601985,-2.682882726878059e-10,EXP_LGBModel_Alpha158_csi300_custom_step0_s_20260527_18,0f7a292b059a4373a786bd091abfef3d,0.072,,,
2565,2026-05-27,SH601601,-0.0025205994555204457,EXP_LGBModel_Alpha158_csi300_custom_step0_s_20260527_18,0f7a292b059a4373a786bd091abfef3d,0.072,,,
2566,2026-05-27,SH601456,-2.682882726878059e-10,EXP_LGBModel_Alpha158_csi300_custom_step0_s_20260527_18,0f7a292b059a4373a786bd091abfef3d,0.072,,,
2567,2026-05-27,SH601018,-2.682882726878059e-10,EXP_LGBModel_Alpha158_csi300_custom_step0_s_20260527_18,0f7a292b059a4373a786bd091abfef3d,0.072,,,
2568,2026-05-27,SH601021,-0.0025205994555204457,EXP_LGBModel_Alpha158_csi300_custom_step0_s_20260527_18,0f7a292b059a4373a786bd091abfef3d,0.072,,,
2569,2026-05-27,SH601058,-2.682882726878059e-10,EXP_LGBModel_Alpha158_csi300_custom_step0_s_20260527_18,0f7a292b059a4373a786bd091abfef3d,0.072,,,
2570,2026-05-27,SH601059,0.002366204723331103,EXP_LGBModel_Alpha158_csi300_custom_step0_s_20260527_18,0f7a292b059a4373a786bd091abfef3d,0.072,,,
2571,2026-05-27,SH601066,0.002050253491757551,EXP_LGBModel_Alpha158_csi300_custom_step0_s_20260527_18,0f7a292b059a4373a786bd091abfef3d,0.072,,,
2572,2026-05-27,SH601077,-2.682882726878059e-10,EXP_LGBModel_Alpha158_csi300_custom_step0_s_20260527_18,0f7a292b059a4373a786bd091abfef3d,0.072,,,
2573,2026-05-27,SH601088,-0.0010001643825638712,EXP_LGBModel_Alpha158_csi300_custom_step0_s_20260527_18,0f7a292b059a4373a786bd091abfef3d,0.072,,,
2574,2026-05-27,SH601100,-0.0025205994555204457,EXP_LGBModel_Alpha158_csi300_custom_step0_s_20260527_18,0f7a292b059a4373a786bd091abfef3d,0.072,,,
2575,2026-05-27,SH601111,-0.0025205994555204457,EXP_LGBModel_Alpha158_csi300_custom_step0_s_20260527_18,0f7a292b059a4373a786bd091abfef3d,0.072,,,
2576,2026-05-27,SH601117,-0.0025205994555204457,EXP_LGBModel_Alpha158_csi300_custom_step0_s_20260527_18,0f7a292b059a4373a786bd091abfef3d,0.072,,,
2577,2026-05-27,SH601127,-2.682882726878059e-10,EXP_LGBModel_Alpha158_csi300_custom_step0_s_20260527_18,0f7a292b059a4373a786bd091abfef3d,0.072,,,
2578,2026-05-27,SH601136,-0.0025205994555204457,EXP_LGBModel_Alpha158_csi300_custom_step0_s_20260527_18,0f7a292b059a4373a786bd091abfef3d,0.072,,,
2579,2026-05-27,SH601138,0.0011169257952465784,EXP_LGBModel_Alpha158_csi300_custom_step0_s_20260527_18,0f7a292b059a4373a786bd091abfef3d,0.072,,,
2580,2026-05-27,SH601166,-2.682882726878059e-10,EXP_LGBModel_Alpha158_csi300_custom_step0_s_20260527_18,0f7a292b059a4373a786bd091abfef3d,0.072,,,
2581,2026-05-27,SH601169,-2.682882726878059e-10,EXP_LGBModel_Alpha158_csi300_custom_step0_s_20260527_18,0f7a292b059a4373a786bd091abfef3d,0.072,,,
2582,2026-05-27,SH601186,-2.682882726878059e-10,EXP_LGBModel_Alpha158_csi300_custom_step0_s_20260527_18,0f7a292b059a4373a786bd091abfef3d,0.072,,,
2583,2026-05-27,SH601211,-2.682882726878059e-10,EXP_LGBModel_Alpha158_csi300_custom_step0_s_20260527_18,0f7a292b059a4373a786bd091abfef3d,0.072,,,
2584,2026-05-27,SH601398,0.002366204723331103,EXP_LGBModel_Alpha158_csi300_custom_step0_s_20260527_18,0f7a292b059a4373a786bd091abfef3d,0.072,,,
2585,2026-05-27,SH601390,-0.00011946844827986863,EXP_LGBModel_Alpha158_csi300_custom_step0_s_20260527_18,0f7a292b059a4373a786bd091abfef3d,0.072,,,
2586,2026-05-27,SH601377,-2.682882726878059e-10,EXP_LGBModel_Alpha158_csi300_custom_step0_s_20260527_18,0f7a292b059a4373a786bd091abfef3d,0.072,,,
2587,2026-05-27,SH601360,-2.682882726878059e-10,EXP_LGBModel_Alpha158_csi300_custom_step0_s_20260527_18,0f7a292b059a4373a786bd091abfef3d,0.072,,,
2588,2026-05-27,SH601336,-0.0019307613550152043,EXP_LGBModel_Alpha158_csi300_custom_step0_s_20260527_18,0f7a292b059a4373a786bd091abfef3d,0.072,,,
2589,2026-05-27,SH601328,-2.682882726878059e-10,EXP_LGBModel_Alpha158_csi300_custom_step0_s_20260527_18,0f7a292b059a4373a786bd091abfef3d,0.072,,,
2590,2026-05-27,SH601600,-2.682882726878059e-10,EXP_LGBModel_Alpha158_csi300_custom_step0_s_20260527_18,0f7a292b059a4373a786bd091abfef3d,0.072,,,
2591,2026-05-27,SH601319,-2.682882726878059e-10,EXP_LGBModel_Alpha158_csi300_custom_step0_s_20260527_18,0f7a292b059a4373a786bd091abfef3d,0.072,,,
2592,2026-05-27,SH601298,0.002366204723331103,EXP_LGBModel_Alpha158_csi300_custom_step0_s_20260527_18,0f7a292b059a4373a786bd091abfef3d,0.072,,,
2593,2026-05-27,SH601288,-2.682882726878059e-10,EXP_LGBModel_Alpha158_csi300_custom_step0_s_20260527_18,0f7a292b059a4373a786bd091abfef3d,0.072,,,
2594,2026-05-27,SH601238,-0.0019307613550152043,EXP_LGBModel_Alpha158_csi300_custom_step0_s_20260527_18,0f7a292b059a4373a786bd091abfef3d,0.072,,,
2595,2026-05-27,SH601236,-2.682882726878059e-10,EXP_LGBModel_Alpha158_csi300_custom_step0_s_20260527_18,0f7a292b059a4373a786bd091abfef3d,0.072,,,
2596,2026-05-27,SH601229,-0.0019307613550152043,EXP_LGBModel_Alpha158_csi300_custom_step0_s_20260527_18,0f7a292b059a4373a786bd091abfef3d,0.072,,,
2597,2026-05-27,SH601225,-0.00011946844827986863,EXP_LGBModel_Alpha158_csi300_custom_step0_s_20260527_18,0f7a292b059a4373a786bd091abfef3d,0.072,,,
2598,2026-05-27,SH601318,-2.682882726878059e-10,EXP_LGBModel_Alpha158_csi300_custom_step0_s_20260527_18,0f7a292b059a4373a786bd091abfef3d,0.072,,,
2599,2026-05-27,SH601012,-0.00011946844827986863,EXP_LGBModel_Alpha158_csi300_custom_step0_s_20260527_18,0f7a292b059a4373a786bd091abfef3d,0.072,,,
2600,2026-05-27,SH601988,0.002366204723331103,EXP_LGBModel_Alpha158_csi300_custom_step0_s_20260527_18,0f7a292b059a4373a786bd091abfef3d,0.072,,,
2601,2026-05-27,SH601998,-0.0025205994555204457,EXP_LGBModel_Alpha158_csi300_custom_step0_s_20260527_18,0f7a292b059a4373a786bd091abfef3d,0.072,,,
2602,2026-05-27,SZ000002,-0.0019307613550152043,EXP_LGBModel_Alpha158_csi300_custom_step0_s_20260527_18,0f7a292b059a4373a786bd091abfef3d,0.072,,,
2603,2026-05-27,SZ000063,0.0011169257952465784,EXP_LGBModel_Alpha158_csi300_custom_step0_s_20260527_18,0f7a292b059a4373a786bd091abfef3d,0.072,,,
2604,2026-05-27,SZ000100,-0.0019307613550152043,EXP_LGBModel_Alpha158_csi300_custom_step0_s_20260527_18,0f7a292b059a4373a786bd091abfef3d,0.072,,,
2605,2026-05-27,SZ000157,-0.0025205994555204457,EXP_LGBModel_Alpha158_csi300_custom_step0_s_20260527_18,0f7a292b059a4373a786bd091abfef3d,0.072,,,
2606,2026-05-27,SZ000166,-2.682882726878059e-10,EXP_LGBModel_Alpha158_csi300_custom_step0_s_20260527_18,0f7a292b059a4373a786bd091abfef3d,0.072,,,
2607,2026-05-27,SZ000301,-0.0025205994555204457,EXP_LGBModel_Alpha158_csi300_custom_step0_s_20260527_18,0f7a292b059a4373a786bd091abfef3d,0.072,,,
2608,2026-05-27,SZ000333,0.002366204723331103,EXP_LGBModel_Alpha158_csi300_custom_step0_s_20260527_18,0f7a292b059a4373a786bd091abfef3d,0.072,,,
2609,2026-05-27,SZ000338,0.004422620945545305,EXP_LGBModel_Alpha158_csi300_custom_step0_s_20260527_18,0f7a292b059a4373a786bd091abfef3d,0.072,,,
2610,2026-05-27,SZ000408,-0.0025205994555204457,EXP_LGBModel_Alpha158_csi300_custom_step0_s_20260527_18,0f7a292b059a4373a786bd091abfef3d,0.072,,,
2611,2026-05-27,SZ000425,-0.00011946844827986863,EXP_LGBModel_Alpha158_csi300_custom_step0_s_20260527_18,0f7a292b059a4373a786bd091abfef3d,0.072,,,
2612,2026-05-27,SZ000538,-2.682882726878059e-10,EXP_LGBModel_Alpha158_csi300_custom_step0_s_20260527_18,0f7a292b059a4373a786bd091abfef3d,0.072,,,
2613,2026-05-27,SZ000568,-2.682882726878059e-10,EXP_LGBModel_Alpha158_csi300_custom_step0_s_20260527_18,0f7a292b059a4373a786bd091abfef3d,0.072,,,
2614,2026-05-27,SZ000596,-0.0019307613550152043,EXP_LGBModel_Alpha158_csi300_custom_step0_s_20260527_18,0f7a292b059a4373a786bd091abfef3d,0.072,,,
2615,2026-05-27,SZ000617,-2.682882726878059e-10,EXP_LGBModel_Alpha158_csi300_custom_step0_s_20260527_18,0f7a292b059a4373a786bd091abfef3d,0.072,,,
2616,2026-05-27,SZ000625,0.004422620945545305,EXP_LGBModel_Alpha158_csi300_custom_step0_s_20260527_18,0f7a292b059a4373a786bd091abfef3d,0.072,,,
2617,2026-05-27,SZ000630,-0.0025205994555204457,EXP_LGBModel_Alpha158_csi300_custom_step0_s_20260527_18,0f7a292b059a4373a786bd091abfef3d,0.072,,,
2618,2026-05-27,SZ000651,-2.682882726878059e-10,EXP_LGBModel_Alpha158_csi300_custom_step0_s_20260527_18,0f7a292b059a4373a786bd091abfef3d,0.072,,,
2619,2026-05-27,SZ000975,0.004422620945545305,EXP_LGBModel_Alpha158_csi300_custom_step0_s_20260527_18,0f7a292b059a4373a786bd091abfef3d,0.072,,,
2620,2026-05-27,SZ000963,-2.682882726878059e-10,EXP_LGBModel_Alpha158_csi300_custom_step0_s_20260527_18,0f7a292b059a4373a786bd091abfef3d,0.072,,,
2621,2026-05-27,SZ000938,-0.00011946844827986863,EXP_LGBModel_Alpha158_csi300_custom_step0_s_20260527_18,0f7a292b059a4373a786bd091abfef3d,0.072,,,
2622,2026-05-27,SZ000895,-0.0019307613550152043,EXP_LGBModel_Alpha158_csi300_custom_step0_s_20260527_18,0f7a292b059a4373a786bd091abfef3d,0.072,,,
2623,2026-05-27,SZ000876,-0.0025205994555204457,EXP_LGBModel_Alpha158_csi300_custom_step0_s_20260527_18,0f7a292b059a4373a786bd091abfef3d,0.072,,,
2624,2026-05-27,SZ000858,-2.682882726878059e-10,EXP_LGBModel_Alpha158_csi300_custom_step0_s_20260527_18,0f7a292b059a4373a786bd091abfef3d,0.072,,,
2625,2026-05-27,SZ000001,-2.682882726878059e-10,EXP_LGBModel_Alpha158_csi300_custom_step0_s_20260527_18,0f7a292b059a4373a786bd091abfef3d,0.072,,,
2626,2026-05-27,SZ000807,0.0011169257952465784,EXP_LGBModel_Alpha158_csi300_custom_step0_s_20260527_18,0f7a292b059a4373a786bd091abfef3d,0.072,,,
2627,2026-05-27,SZ000786,-2.682882726878059e-10,EXP_LGBModel_Alpha158_csi300_custom_step0_s_20260527_18,0f7a292b059a4373a786bd091abfef3d,0.072,,,
2628,2026-05-27,SZ000776,-2.682882726878059e-10,EXP_LGBModel_Alpha158_csi300_custom_step0_s_20260527_18,0f7a292b059a4373a786bd091abfef3d,0.072,,,
2629,2026-05-27,SZ000768,-0.0025205994555204457,EXP_LGBModel_Alpha158_csi300_custom_step0_s_20260527_18,0f7a292b059a4373a786bd091abfef3d,0.072,,,
2630,2026-05-27,SZ000725,-0.001414003996956542,EXP_LGBModel_Alpha158_csi300_custom_step0_s_20260527_18,0f7a292b059a4373a786bd091abfef3d,0.072,,,
2631,2026-05-27,SZ000708,-2.682882726878059e-10,EXP_LGBModel_Alpha158_csi300_custom_step0_s_20260527_18,0f7a292b059a4373a786bd091abfef3d,0.072,,,
2632,2026-05-27,SZ000661,-0.0025205994555204457,EXP_LGBModel_Alpha158_csi300_custom_step0_s_20260527_18,0f7a292b059a4373a786bd091abfef3d,0.072,,,
2633,2026-05-27,SZ000792,-2.682882726878059e-10,EXP_LGBModel_Alpha158_csi300_custom_step0_s_20260527_18,0f7a292b059a4373a786bd091abfef3d,0.072,,,
2634,2026-05-27,SH601995,0.002366204723331103,EXP_LGBModel_Alpha158_csi300_custom_step0_s_20260527_18,0f7a292b059a4373a786bd091abfef3d,0.072,,,
2635,2026-05-27,SH688981,-2.682882726878059e-10,EXP_LGBModel_Alpha158_csi300_custom_step0_s_20260527_18,0f7a292b059a4373a786bd091abfef3d,0.072,,,
2636,2026-05-27,SH688472,-0.0025205994555204457,EXP_LGBModel_Alpha158_csi300_custom_step0_s_20260527_18,0f7a292b059a4373a786bd091abfef3d,0.072,,,
2637,2026-05-27,SH603019,-0.0025205994555204457,EXP_LGBModel_Alpha158_csi300_custom_step0_s_20260527_18,0f7a292b059a4373a786bd091abfef3d,0.072,,,
2638,2026-05-27,SH603195,0.002366204723331103,EXP_LGBModel_Alpha158_csi300_custom_step0_s_20260527_18,0f7a292b059a4373a786bd091abfef3d,0.072,,,
2639,2026-05-27,SH603259,0.002366204723331103,EXP_LGBModel_Alpha158_csi300_custom_step0_s_20260527_18,0f7a292b059a4373a786bd091abfef3d,0.072,,,
2640,2026-05-27,SH603260,-0.0025205994555204457,EXP_LGBModel_Alpha158_csi300_custom_step0_s_20260527_18,0f7a292b059a4373a786bd091abfef3d,0.072,,,
2641,2026-05-27,SH603288,-2.682882726878059e-10,EXP_LGBModel_Alpha158_csi300_custom_step0_s_20260527_18,0f7a292b059a4373a786bd091abfef3d,0.072,,,
2642,2026-05-27,SH603296,-0.0025205994555204457,EXP_LGBModel_Alpha158_csi300_custom_step0_s_20260527_18,0f7a292b059a4373a786bd091abfef3d,0.072,,,
2643,2026-05-27,SH603369,-2.682882726878059e-10,EXP_LGBModel_Alpha158_csi300_custom_step0_s_20260527_18,0f7a292b059a4373a786bd091abfef3d,0.072,,,
2644,2026-05-27,SH603392,-0.0025205994555204457,EXP_LGBModel_Alpha158_csi300_custom_step0_s_20260527_18,0f7a292b059a4373a786bd091abfef3d,0.072,,,
2645,2026-05-27,SH603501,-0.0025205994555204457,EXP_LGBModel_Alpha158_csi300_custom_step0_s_20260527_18,0f7a292b059a4373a786bd091abfef3d,0.072,,,
2646,2026-05-27,SH603799,-0.0025205994555204457,EXP_LGBModel_Alpha158_csi300_custom_step0_s_20260527_18,0f7a292b059a4373a786bd091abfef3d,0.072,,,
2647,2026-05-27,SH603893,-2.682882726878059e-10,EXP_LGBModel_Alpha158_csi300_custom_step0_s_20260527_18,0f7a292b059a4373a786bd091abfef3d,0.072,,,
2648,2026-05-27,SH603986,-0.001414003996956542,EXP_LGBModel_Alpha158_csi300_custom_step0_s_20260527_18,0f7a292b059a4373a786bd091abfef3d,0.072,,,
2649,2026-05-27,SH603993,-0.0025205994555204457,EXP_LGBModel_Alpha158_csi300_custom_step0_s_20260527_18,0f7a292b059a4373a786bd091abfef3d,0.072,,,
2650,2026-05-27,SH605117,-0.0025205994555204457,EXP_LGBModel_Alpha158_csi300_custom_step0_s_20260527_18,0f7a292b059a4373a786bd091abfef3d,0.072,,,
2651,2026-05-27,SH605499,-0.0025205994555204457,EXP_LGBModel_Alpha158_csi300_custom_step0_s_20260527_18,0f7a292b059a4373a786bd091abfef3d,0.072,,,
2652,2026-05-27,SH688008,0.004422620945545305,EXP_LGBModel_Alpha158_csi300_custom_step0_s_20260527_18,0f7a292b059a4373a786bd091abfef3d,0.072,,,
2653,2026-05-27,SH688009,-2.682882726878059e-10,EXP_LGBModel_Alpha158_csi300_custom_step0_s_20260527_18,0f7a292b059a4373a786bd091abfef3d,0.072,,,
2654,2026-05-27,SH688396,0.004422620945545305,EXP_LGBModel_Alpha158_csi300_custom_step0_s_20260527_18,0f7a292b059a4373a786bd091abfef3d,0.072,,,
2655,2026-05-27,SH688303,-0.0019307613550152043,EXP_LGBModel_Alpha158_csi300_custom_step0_s_20260527_18,0f7a292b059a4373a786bd091abfef3d,0.072,,,
2656,2026-05-27,SH688271,0.002050253491757551,EXP_LGBModel_Alpha158_csi300_custom_step0_s_20260527_18,0f7a292b059a4373a786bd091abfef3d,0.072,,,
2657,2026-05-27,SH688256,0.004422620945545305,EXP_LGBModel_Alpha158_csi300_custom_step0_s_20260527_18,0f7a292b059a4373a786bd091abfef3d,0.072,,,
2658,2026-05-27,SH688223,-0.0025205994555204457,EXP_LGBModel_Alpha158_csi300_custom_step0_s_20260527_18,0f7a292b059a4373a786bd091abfef3d,0.072,,,
2659,2026-05-27,SH688187,-0.0025205994555204457,EXP_LGBModel_Alpha158_csi300_custom_step0_s_20260527_18,0f7a292b059a4373a786bd091abfef3d,0.072,,,
2660,2026-05-27,SH688506,0.004422620945545305,EXP_LGBModel_Alpha158_csi300_custom_step0_s_20260527_18,0f7a292b059a4373a786bd091abfef3d,0.072,,,
2661,2026-05-27,SH688169,-0.0025205994555204457,EXP_LGBModel_Alpha158_csi300_custom_step0_s_20260527_18,0f7a292b059a4373a786bd091abfef3d,0.072,,,
2662,2026-05-27,SH688111,-0.0025205994555204457,EXP_LGBModel_Alpha158_csi300_custom_step0_s_20260527_18,0f7a292b059a4373a786bd091abfef3d,0.072,,,
2663,2026-05-27,SH688082,-0.001414003996956542,EXP_LGBModel_Alpha158_csi300_custom_step0_s_20260527_18,0f7a292b059a4373a786bd091abfef3d,0.072,,,
2664,2026-05-27,SH688047,-2.682882726878059e-10,EXP_LGBModel_Alpha158_csi300_custom_step0_s_20260527_18,0f7a292b059a4373a786bd091abfef3d,0.072,,,
2665,2026-05-27,SH688041,0.004422620945545305,EXP_LGBModel_Alpha158_csi300_custom_step0_s_20260527_18,0f7a292b059a4373a786bd091abfef3d,0.072,,,
2666,2026-05-27,SH688036,-0.0025205994555204457,EXP_LGBModel_Alpha158_csi300_custom_step0_s_20260527_18,0f7a292b059a4373a786bd091abfef3d,0.072,,,
2667,2026-05-27,SH688012,0.004422620945545305,EXP_LGBModel_Alpha158_csi300_custom_step0_s_20260527_18,0f7a292b059a4373a786bd091abfef3d,0.072,,,
2668,2026-05-27,SH688126,0.004422620945545305,EXP_LGBModel_Alpha158_csi300_custom_step0_s_20260527_18,0f7a292b059a4373a786bd091abfef3d,0.072,,,
2669,2026-05-27,SH601009,-0.0019307613550152043,EXP_LGBModel_Alpha158_csi300_custom_step0_s_20260527_18,0f7a292b059a4373a786bd091abfef3d,0.072,,,
2670,2026-05-27,SH601006,-0.0025205994555204457,EXP_LGBModel_Alpha158_csi300_custom_step0_s_20260527_18,0f7a292b059a4373a786bd091abfef3d,0.072,,,
2671,2026-05-27,SH600999,-0.0025205994555204457,EXP_LGBModel_Alpha158_csi300_custom_step0_s_20260527_18,0f7a292b059a4373a786bd091abfef3d,0.072,,,
2672,2026-05-27,SZ300433,0.02312429333971292,EXP_CatBoostModel_Alpha158_csi300_custom_step0_s_20260527_18,c7496760e4884d6e8e415b1844c67d6b,0.047,,,
2673,2026-05-27,SZ300442,0.013428736262264426,EXP_CatBoostModel_Alpha158_csi300_custom_step0_s_20260527_18,c7496760e4884d6e8e415b1844c67d6b,0.047,,,
2674,2026-05-27,SZ300476,0.061781601171451664,EXP_CatBoostModel_Alpha158_csi300_custom_step0_s_20260527_18,c7496760e4884d6e8e415b1844c67d6b,0.047,,,
2675,2026-05-27,SZ300498,0.02412009153798368,EXP_CatBoostModel_Alpha158_csi300_custom_step0_s_20260527_18,c7496760e4884d6e8e415b1844c67d6b,0.047,,,
2676,2026-05-27,SZ300502,0.022576227048972698,EXP_CatBoostModel_Alpha158_csi300_custom_step0_s_20260527_18,c7496760e4884d6e8e415b1844c67d6b,0.047,,,
2677,2026-05-27,SZ300628,0.005024166929978591,EXP_CatBoostModel_Alpha158_csi300_custom_step0_s_20260527_18,c7496760e4884d6e8e415b1844c67d6b,0.047,,,
2678,2026-05-27,SZ300661,0.01541389408107714,EXP_CatBoostModel_Alpha158_csi300_custom_step0_s_20260527_18,c7496760e4884d6e8e415b1844c67d6b,0.047,,,
2679,2026-05-27,SZ300750,-0.0044830486049176055,EXP_CatBoostModel_Alpha158_csi300_custom_step0_s_20260527_18,c7496760e4884d6e8e415b1844c67d6b,0.047,,,
2680,2026-05-27,SZ300759,0.00841553878245715,EXP_CatBoostModel_Alpha158_csi300_custom_step0_s_20260527_18,c7496760e4884d6e8e415b1844c67d6b,0.047,,,
2681,2026-05-27,SZ300760,0.017860573751376306,EXP_CatBoostModel_Alpha158_csi300_custom_step0_s_20260527_18,c7496760e4884d6e8e415b1844c67d6b,0.047,,,
2682,2026-05-27,SZ300782,0.029674887434658893,EXP_CatBoostModel_Alpha158_csi300_custom_step0_s_20260527_18,c7496760e4884d6e8e415b1844c67d6b,0.047,,,
2683,2026-05-27,SZ300803,0.00446225154061637,EXP_CatBoostModel_Alpha158_csi300_custom_step0_s_20260527_18,c7496760e4884d6e8e415b1844c67d6b,0.047,,,
2684,2026-05-27,SZ300832,0.005024166929978591,EXP_CatBoostModel_Alpha158_csi300_custom_step0_s_20260527_18,c7496760e4884d6e8e415b1844c67d6b,0.047,,,
2685,2026-05-27,SZ300866,0.02381839707664651,EXP_CatBoostModel_Alpha158_csi300_custom_step0_s_20260527_18,c7496760e4884d6e8e415b1844c67d6b,0.047,,,
2686,2026-05-27,SZ300896,-0.010233482149476211,EXP_CatBoostModel_Alpha158_csi300_custom_step0_s_20260527_18,c7496760e4884d6e8e415b1844c67d6b,0.047,,,
2687,2026-05-27,SZ300979,0.004860280312649525,EXP_CatBoostModel_Alpha158_csi300_custom_step0_s_20260527_18,c7496760e4884d6e8e415b1844c67d6b,0.047,,,
2688,2026-05-27,SZ300999,-0.003581207311573649,EXP_CatBoostModel_Alpha158_csi300_custom_step0_s_20260527_18,c7496760e4884d6e8e415b1844c67d6b,0.047,,,
2689,2026-05-27,SH600026,-0.0025205994555204457,EXP_LGBModel_Alpha158_csi300_custom_step0_s_20260527_18,0f7a292b059a4373a786bd091abfef3d,0.072,,,
2690,2026-05-27,SH600025,-0.0025205994555204457,EXP_LGBModel_Alpha158_csi300_custom_step0_s_20260527_18,0f7a292b059a4373a786bd091abfef3d,0.072,,,
2691,2026-05-27,SH600023,-2.682882726878059e-10,EXP_LGBModel_Alpha158_csi300_custom_step0_s_20260527_18,0f7a292b059a4373a786bd091abfef3d,0.072,,,
2692,2026-05-27,SH600019,-0.0025205994555204457,EXP_LGBModel_Alpha158_csi300_custom_step0_s_20260527_18,0f7a292b059a4373a786bd091abfef3d,0.072,,,
2693,2026-05-27,SH600018,0.002366204723331103,EXP_LGBModel_Alpha158_csi300_custom_step0_s_20260527_18,0f7a292b059a4373a786bd091abfef3d,0.072,,,
2694,2026-05-27,SH600016,-2.682882726878059e-10,EXP_LGBModel_Alpha158_csi300_custom_step0_s_20260527_18,0f7a292b059a4373a786bd091abfef3d,0.072,,,
2695,2026-05-27,SZ300418,0.004916260449211122,EXP_CatBoostModel_Alpha158_csi300_custom_step0_s_20260527_18,c7496760e4884d6e8e415b1844c67d6b,0.047,,,
2696,2026-05-27,SH600015,0.002366204723331103,EXP_LGBModel_Alpha158_csi300_custom_step0_s_20260527_18,0f7a292b059a4373a786bd091abfef3d,0.072,,,
2697,2026-05-27,SH600010,-0.0025205994555204457,EXP_LGBModel_Alpha158_csi300_custom_step0_s_20260527_18,0f7a292b059a4373a786bd091abfef3d,0.072,,,
2698,2026-05-27,SH600009,-2.682882726878059e-10,EXP_LGBModel_Alpha158_csi300_custom_step0_s_20260527_18,0f7a292b059a4373a786bd091abfef3d,0.072,,,
2699,2026-05-27,SH600000,-2.682882726878059e-10,EXP_LGBModel_Alpha158_csi300_custom_step0_s_20260527_18,0f7a292b059a4373a786bd091abfef3d,0.072,,,
2700,2026-05-27,SZ302132,0.01074631801053238,EXP_CatBoostModel_Alpha158_csi300_custom_step0_s_20260527_18,c7496760e4884d6e8e415b1844c67d6b,0.047,,,
2701,2026-05-27,SZ301269,-0.008768774421952332,EXP_CatBoostModel_Alpha158_csi300_custom_step0_s_20260527_18,c7496760e4884d6e8e415b1844c67d6b,0.047,,,
2702,2026-05-27,SZ301236,0.004916260449211122,EXP_CatBoostModel_Alpha158_csi300_custom_step0_s_20260527_18,c7496760e4884d6e8e415b1844c67d6b,0.047,,,
2703,2026-05-27,SH600011,-2.682882726878059e-10,EXP_LGBModel_Alpha158_csi300_custom_step0_s_20260527_18,0f7a292b059a4373a786bd091abfef3d,0.072,,,
2704,2026-05-27,SH600027,-0.0025205994555204457,EXP_LGBModel_Alpha158_csi300_custom_step0_s_20260527_18,0f7a292b059a4373a786bd091abfef3d,0.072,,,
2705,2026-05-27,SZ300413,-0.002451628478850186,EXP_CatBoostModel_Alpha158_csi300_custom_step0_s_20260527_18,c7496760e4884d6e8e415b1844c67d6b,0.047,,,
2706,2026-05-27,SZ300394,0.029560294091222423,EXP_CatBoostModel_Alpha158_csi300_custom_step0_s_20260527_18,c7496760e4884d6e8e415b1844c67d6b,0.047,,,
2707,2026-05-27,SZ002415,0.0014376983094548505,EXP_CatBoostModel_Alpha158_csi300_custom_step0_s_20260527_18,c7496760e4884d6e8e415b1844c67d6b,0.047,,,
2708,2026-05-27,SZ002422,0.0018598290297983351,EXP_CatBoostModel_Alpha158_csi300_custom_step0_s_20260527_18,c7496760e4884d6e8e415b1844c67d6b,0.047,,,
2709,2026-05-27,SZ002459,0.0013253469265322362,EXP_CatBoostModel_Alpha158_csi300_custom_step0_s_20260527_18,c7496760e4884d6e8e415b1844c67d6b,0.047,,,
2710,2026-05-27,SZ002460,0.06402570777979713,EXP_CatBoostModel_Alpha158_csi300_custom_step0_s_20260527_18,c7496760e4884d6e8e415b1844c67d6b,0.047,,,
2711,2026-05-27,SZ002463,0.022397961123326864,EXP_CatBoostModel_Alpha158_csi300_custom_step0_s_20260527_18,c7496760e4884d6e8e415b1844c67d6b,0.047,,,
2712,2026-05-27,SZ002466,0.025405528793208784,EXP_CatBoostModel_Alpha158_csi300_custom_step0_s_20260527_18,c7496760e4884d6e8e415b1844c67d6b,0.047,,,
2713,2026-05-27,SZ002475,0.022762093187395416,EXP_CatBoostModel_Alpha158_csi300_custom_step0_s_20260527_18,c7496760e4884d6e8e415b1844c67d6b,0.047,,,
2714,2026-05-27,SZ002493,-0.00645237382995591,EXP_CatBoostModel_Alpha158_csi300_custom_step0_s_20260527_18,c7496760e4884d6e8e415b1844c67d6b,0.047,,,
2715,2026-05-27,SZ002594,-0.004844015780724958,EXP_CatBoostModel_Alpha158_csi300_custom_step0_s_20260527_18,c7496760e4884d6e8e415b1844c67d6b,0.047,,,
2716,2026-05-27,SZ002600,0.014619065329081787,EXP_CatBoostModel_Alpha158_csi300_custom_step0_s_20260527_18,c7496760e4884d6e8e415b1844c67d6b,0.047,,,
2717,2026-05-27,SZ002601,-0.017619842861221768,EXP_CatBoostModel_Alpha158_csi300_custom_step0_s_20260527_18,c7496760e4884d6e8e415b1844c67d6b,0.047,,,
2718,2026-05-27,SZ002625,0.003989321384668948,EXP_CatBoostModel_Alpha158_csi300_custom_step0_s_20260527_18,c7496760e4884d6e8e415b1844c67d6b,0.047,,,
2719,2026-05-27,SZ002648,0.04144061427244734,EXP_CatBoostModel_Alpha158_csi300_custom_step0_s_20260527_18,c7496760e4884d6e8e415b1844c67d6b,0.047,,,
2720,2026-05-27,SZ002709,0.05370776801726555,EXP_CatBoostModel_Alpha158_csi300_custom_step0_s_20260527_18,c7496760e4884d6e8e415b1844c67d6b,0.047,,,
2721,2026-05-27,SZ002714,0.018093232997244222,EXP_CatBoostModel_Alpha158_csi300_custom_step0_s_20260527_18,c7496760e4884d6e8e415b1844c67d6b,0.047,,,
2722,2026-05-27,SZ002736,-0.008229063494119934,EXP_CatBoostModel_Alpha158_csi300_custom_step0_s_20260527_18,c7496760e4884d6e8e415b1844c67d6b,0.047,,,
2723,2026-05-27,SZ002916,-0.00017400654929636012,EXP_CatBoostModel_Alpha158_csi300_custom_step0_s_20260527_18,c7496760e4884d6e8e415b1844c67d6b,0.047,,,
2724,2026-05-27,SZ300347,0.01833038632350599,EXP_CatBoostModel_Alpha158_csi300_custom_step0_s_20260527_18,c7496760e4884d6e8e415b1844c67d6b,0.047,,,
2725,2026-05-27,SZ300316,0.046661765219875924,EXP_CatBoostModel_Alpha158_csi300_custom_step0_s_20260527_18,c7496760e4884d6e8e415b1844c67d6b,0.047,,,
2726,2026-05-27,SZ300308,0.11605866243637492,EXP_CatBoostModel_Alpha158_csi300_custom_step0_s_20260527_18,c7496760e4884d6e8e415b1844c67d6b,0.047,,,
2727,2026-05-27,SZ300274,0.02562209959126395,EXP_CatBoostModel_Alpha158_csi300_custom_step0_s_20260527_18,c7496760e4884d6e8e415b1844c67d6b,0.047,,,
2728,2026-05-27,SZ300251,0.0026375667035774975,EXP_CatBoostModel_Alpha158_csi300_custom_step0_s_20260527_18,c7496760e4884d6e8e415b1844c67d6b,0.047,,,
2729,2026-05-27,SZ300124,0.022357468296537446,EXP_CatBoostModel_Alpha158_csi300_custom_step0_s_20260527_18,c7496760e4884d6e8e415b1844c67d6b,0.047,,,
2730,2026-05-27,SZ300408,0.02562209959126395,EXP_CatBoostModel_Alpha158_csi300_custom_step0_s_20260527_18,c7496760e4884d6e8e415b1844c67d6b,0.047,,,
2731,2026-05-27,SZ300122,-0.007402273746331846,EXP_CatBoostModel_Alpha158_csi300_custom_step0_s_20260527_18,c7496760e4884d6e8e415b1844c67d6b,0.047,,,
2732,2026-05-27,SZ300033,0.00010224220363964616,EXP_CatBoostModel_Alpha158_csi300_custom_step0_s_20260527_18,c7496760e4884d6e8e415b1844c67d6b,0.047,,,
2733,2026-05-27,SZ300015,6.659939241667238e-05,EXP_CatBoostModel_Alpha158_csi300_custom_step0_s_20260527_18,c7496760e4884d6e8e415b1844c67d6b,0.047,,,
2734,2026-05-27,SZ300014,-0.0097787753731824,EXP_CatBoostModel_Alpha158_csi300_custom_step0_s_20260527_18,c7496760e4884d6e8e415b1844c67d6b,0.047,,,
2735,2026-05-27,SZ003816,-0.0014427384640347334,EXP_CatBoostModel_Alpha158_csi300_custom_step0_s_20260527_18,c7496760e4884d6e8e415b1844c67d6b,0.047,,,
2736,2026-05-27,SZ002938,-0.02665274359122525,EXP_CatBoostModel_Alpha158_csi300_custom_step0_s_20260527_18,c7496760e4884d6e8e415b1844c67d6b,0.047,,,
2737,2026-05-27,SZ002920,-0.00022909395526282727,EXP_CatBoostModel_Alpha158_csi300_custom_step0_s_20260527_18,c7496760e4884d6e8e415b1844c67d6b,0.047,,,
2738,2026-05-27,SZ300059,0.026902404936695833,EXP_CatBoostModel_Alpha158_csi300_custom_step0_s_20260527_18,c7496760e4884d6e8e415b1844c67d6b,0.047,,,
2739,2026-05-27,SH600028,-0.0025205994555204457,EXP_LGBModel_Alpha158_csi300_custom_step0_s_20260527_18,0f7a292b059a4373a786bd091abfef3d,0.072,,,
2740,2026-05-27,SH600029,-0.0025205994555204457,EXP_LGBModel_Alpha158_csi300_custom_step0_s_20260527_18,0f7a292b059a4373a786bd091abfef3d,0.072,,,
2741,2026-05-27,SH600030,-2.682882726878059e-10,EXP_LGBModel_Alpha158_csi300_custom_step0_s_20260527_18,0f7a292b059a4373a786bd091abfef3d,0.072,,,
2742,2026-05-27,SH600519,-2.682882726878059e-10,EXP_LGBModel_Alpha158_csi300_custom_step0_s_20260527_18,0f7a292b059a4373a786bd091abfef3d,0.072,,,
2743,2026-05-27,SH600522,-2.682882726878059e-10,EXP_LGBModel_Alpha158_csi300_custom_step0_s_20260527_18,0f7a292b059a4373a786bd091abfef3d,0.072,,,
2744,2026-05-27,SH600547,-2.682882726878059e-10,EXP_LGBModel_Alpha158_csi300_custom_step0_s_20260527_18,0f7a292b059a4373a786bd091abfef3d,0.072,,,
2745,2026-05-27,SH600570,-2.682882726878059e-10,EXP_LGBModel_Alpha158_csi300_custom_step0_s_20260527_18,0f7a292b059a4373a786bd091abfef3d,0.072,,,
2746,2026-05-27,SH600584,-0.001414003996956542,EXP_LGBModel_Alpha158_csi300_custom_step0_s_20260527_18,0f7a292b059a4373a786bd091abfef3d,0.072,,,
2747,2026-05-27,SH600585,-0.0025205994555204457,EXP_LGBModel_Alpha158_csi300_custom_step0_s_20260527_18,0f7a292b059a4373a786bd091abfef3d,0.072,,,
2748,2026-05-27,SH600588,-0.00011946844827986863,EXP_LGBModel_Alpha158_csi300_custom_step0_s_20260527_18,0f7a292b059a4373a786bd091abfef3d,0.072,,,
2749,2026-05-27,SH600600,0.002366204723331103,EXP_LGBModel_Alpha158_csi300_custom_step0_s_20260527_18,0f7a292b059a4373a786bd091abfef3d,0.072,,,
2750,2026-05-27,SH600660,-0.0025205994555204457,EXP_LGBModel_Alpha158_csi300_custom_step0_s_20260527_18,0f7a292b059a4373a786bd091abfef3d,0.072,,,
2751,2026-05-27,SH600674,0.002366204723331103,EXP_LGBModel_Alpha158_csi300_custom_step0_s_20260527_18,0f7a292b059a4373a786bd091abfef3d,0.072,,,
2752,2026-05-27,SH600690,-2.682882726878059e-10,EXP_LGBModel_Alpha158_csi300_custom_step0_s_20260527_18,0f7a292b059a4373a786bd091abfef3d,0.072,,,
2753,2026-05-27,SH600741,-2.682882726878059e-10,EXP_LGBModel_Alpha158_csi300_custom_step0_s_20260527_18,0f7a292b059a4373a786bd091abfef3d,0.072,,,
2754,2026-05-27,SH600760,-0.0025205994555204457,EXP_LGBModel_Alpha158_csi300_custom_step0_s_20260527_18,0f7a292b059a4373a786bd091abfef3d,0.072,,,
2755,2026-05-27,SH600795,0.002366204723331103,EXP_LGBModel_Alpha158_csi300_custom_step0_s_20260527_18,0f7a292b059a4373a786bd091abfef3d,0.072,,,
2756,2026-05-27,SH600803,-2.682882726878059e-10,EXP_LGBModel_Alpha158_csi300_custom_step0_s_20260527_18,0f7a292b059a4373a786bd091abfef3d,0.072,,,
2757,2026-05-27,SH600809,-2.682882726878059e-10,EXP_LGBModel_Alpha158_csi300_custom_step0_s_20260527_18,0f7a292b059a4373a786bd091abfef3d,0.072,,,
2758,2026-05-27,SH600845,-0.0025205994555204457,EXP_LGBModel_Alpha158_csi300_custom_step0_s_20260527_18,0f7a292b059a4373a786bd091abfef3d,0.072,,,
2759,2026-05-27,SH600989,-0.00011946844827986863,EXP_LGBModel_Alpha158_csi300_custom_step0_s_20260527_18,0f7a292b059a4373a786bd091abfef3d,0.072,,,
2760,2026-05-27,SH600958,-2.682882726878059e-10,EXP_LGBModel_Alpha158_csi300_custom_step0_s_20260527_18,0f7a292b059a4373a786bd091abfef3d,0.072,,,
2761,2026-05-27,SH600941,-2.682882726878059e-10,EXP_LGBModel_Alpha158_csi300_custom_step0_s_20260527_18,0f7a292b059a4373a786bd091abfef3d,0.072,,,
2762,2026-05-27,SH600938,-0.00011946844827986863,EXP_LGBModel_Alpha158_csi300_custom_step0_s_20260527_18,0f7a292b059a4373a786bd091abfef3d,0.072,,,
2763,2026-05-27,SH600930,-0.0025205994555204457,EXP_LGBModel_Alpha158_csi300_custom_step0_s_20260527_18,0f7a292b059a4373a786bd091abfef3d,0.072,,,
2764,2026-05-27,SH600926,-2.682882726878059e-10,EXP_LGBModel_Alpha158_csi300_custom_step0_s_20260527_18,0f7a292b059a4373a786bd091abfef3d,0.072,,,
2765,2026-05-27,SH600515,-0.0025205994555204457,EXP_LGBModel_Alpha158_csi300_custom_step0_s_20260527_18,0f7a292b059a4373a786bd091abfef3d,0.072,,,
2766,2026-05-27,SH600919,0.002366204723331103,EXP_LGBModel_Alpha158_csi300_custom_step0_s_20260527_18,0f7a292b059a4373a786bd091abfef3d,0.072,,,
2767,2026-05-27,SH600905,-2.682882726878059e-10,EXP_LGBModel_Alpha158_csi300_custom_step0_s_20260527_18,0f7a292b059a4373a786bd091abfef3d,0.072,,,
2768,2026-05-27,SH600900,0.002366204723331103,EXP_LGBModel_Alpha158_csi300_custom_step0_s_20260527_18,0f7a292b059a4373a786bd091abfef3d,0.072,,,
2769,2026-05-27,SH600893,-0.0025205994555204457,EXP_LGBModel_Alpha158_csi300_custom_step0_s_20260527_18,0f7a292b059a4373a786bd091abfef3d,0.072,,,
2770,2026-05-27,SH600887,-2.682882726878059e-10,EXP_LGBModel_Alpha158_csi300_custom_step0_s_20260527_18,0f7a292b059a4373a786bd091abfef3d,0.072,,,
2771,2026-05-27,SH600886,0.002366204723331103,EXP_LGBModel_Alpha158_csi300_custom_step0_s_20260527_18,0f7a292b059a4373a786bd091abfef3d,0.072,,,
2772,2026-05-27,SH600875,-0.0025205994555204457,EXP_LGBModel_Alpha158_csi300_custom_step0_s_20260527_18,0f7a292b059a4373a786bd091abfef3d,0.072,,,
2773,2026-05-27,SH600918,-0.0019307613550152043,EXP_LGBModel_Alpha158_csi300_custom_step0_s_20260527_18,0f7a292b059a4373a786bd091abfef3d,0.072,,,
2774,2026-05-27,SH600489,-0.0025205994555204457,EXP_LGBModel_Alpha158_csi300_custom_step0_s_20260527_18,0f7a292b059a4373a786bd091abfef3d,0.072,,,
2775,2026-05-27,SH600482,-2.682882726878059e-10,EXP_LGBModel_Alpha158_csi300_custom_step0_s_20260527_18,0f7a292b059a4373a786bd091abfef3d,0.072,,,
2776,2026-05-27,SH600460,-2.682882726878059e-10,EXP_LGBModel_Alpha158_csi300_custom_step0_s_20260527_18,0f7a292b059a4373a786bd091abfef3d,0.072,,,
2777,2026-05-27,SH600160,-0.0025205994555204457,EXP_LGBModel_Alpha158_csi300_custom_step0_s_20260527_18,0f7a292b059a4373a786bd091abfef3d,0.072,,,
2778,2026-05-27,SH600150,-0.0025205994555204457,EXP_LGBModel_Alpha158_csi300_custom_step0_s_20260527_18,0f7a292b059a4373a786bd091abfef3d,0.072,,,
2779,2026-05-27,SH600115,-0.0025205994555204457,EXP_LGBModel_Alpha158_csi300_custom_step0_s_20260527_18,0f7a292b059a4373a786bd091abfef3d,0.072,,,
2780,2026-05-27,SH600111,-0.0025205994555204457,EXP_LGBModel_Alpha158_csi300_custom_step0_s_20260527_18,0f7a292b059a4373a786bd091abfef3d,0.072,,,
2781,2026-05-27,SH600104,-0.00011946844827986863,EXP_LGBModel_Alpha158_csi300_custom_step0_s_20260527_18,0f7a292b059a4373a786bd091abfef3d,0.072,,,
2782,2026-05-27,SH600089,-0.0025205994555204457,EXP_LGBModel_Alpha158_csi300_custom_step0_s_20260527_18,0f7a292b059a4373a786bd091abfef3d,0.072,,,
2783,2026-05-27,SH600161,-0.0025205994555204457,EXP_LGBModel_Alpha158_csi300_custom_step0_s_20260527_18,0f7a292b059a4373a786bd091abfef3d,0.072,,,
2784,2026-05-27,SH600085,-0.0019307613550152043,EXP_LGBModel_Alpha158_csi300_custom_step0_s_20260527_18,0f7a292b059a4373a786bd091abfef3d,0.072,,,
2785,2026-05-27,SH600061,-2.682882726878059e-10,EXP_LGBModel_Alpha158_csi300_custom_step0_s_20260527_18,0f7a292b059a4373a786bd091abfef3d,0.072,,,
2786,2026-05-27,SH600050,-0.0025205994555204457,EXP_LGBModel_Alpha158_csi300_custom_step0_s_20260527_18,0f7a292b059a4373a786bd091abfef3d,0.072,,,
2787,2026-05-27,SH600048,-0.0025205994555204457,EXP_LGBModel_Alpha158_csi300_custom_step0_s_20260527_18,0f7a292b059a4373a786bd091abfef3d,0.072,,,
2788,2026-05-27,SH600039,-2.682882726878059e-10,EXP_LGBModel_Alpha158_csi300_custom_step0_s_20260527_18,0f7a292b059a4373a786bd091abfef3d,0.072,,,
2789,2026-05-27,SH600036,-2.682882726878059e-10,EXP_LGBModel_Alpha158_csi300_custom_step0_s_20260527_18,0f7a292b059a4373a786bd091abfef3d,0.072,,,
2790,2026-05-27,SH600031,-2.682882726878059e-10,EXP_LGBModel_Alpha158_csi300_custom_step0_s_20260527_18,0f7a292b059a4373a786bd091abfef3d,0.072,,,
2791,2026-05-27,SH600066,-0.0010001643825638712,EXP_LGBModel_Alpha158_csi300_custom_step0_s_20260527_18,0f7a292b059a4373a786bd091abfef3d,0.072,,,
2792,2026-05-27,SZ002371,0.06538683659058142,EXP_CatBoostModel_Alpha158_csi300_custom_step0_s_20260527_18,c7496760e4884d6e8e415b1844c67d6b,0.047,,,
2793,2026-05-27,SH600176,-0.00011946844827986863,EXP_LGBModel_Alpha158_csi300_custom_step0_s_20260527_18,0f7a292b059a4373a786bd091abfef3d,0.072,,,
2794,2026-05-27,SH600188,-0.0025205994555204457,EXP_LGBModel_Alpha158_csi300_custom_step0_s_20260527_18,0f7a292b059a4373a786bd091abfef3d,0.072,,,
2795,2026-05-27,SH600438,-0.0025205994555204457,EXP_LGBModel_Alpha158_csi300_custom_step0_s_20260527_18,0f7a292b059a4373a786bd091abfef3d,0.072,,,
2796,2026-05-27,SH600436,-0.0019307613550152043,EXP_LGBModel_Alpha158_csi300_custom_step0_s_20260527_18,0f7a292b059a4373a786bd091abfef3d,0.072,,,
2797,2026-05-27,SH600426,-2.682882726878059e-10,EXP_LGBModel_Alpha158_csi300_custom_step0_s_20260527_18,0f7a292b059a4373a786bd091abfef3d,0.072,,,
2798,2026-05-27,SH600415,-0.0025205994555204457,EXP_LGBModel_Alpha158_csi300_custom_step0_s_20260527_18,0f7a292b059a4373a786bd091abfef3d,0.072,,,
2799,2026-05-27,SH600406,-0.0025205994555204457,EXP_LGBModel_Alpha158_csi300_custom_step0_s_20260527_18,0f7a292b059a4373a786bd091abfef3d,0.072,,,
2800,2026-05-27,SH600377,0.002366204723331103,EXP_LGBModel_Alpha158_csi300_custom_step0_s_20260527_18,0f7a292b059a4373a786bd091abfef3d,0.072,,,
2801,2026-05-27,SH600183,-0.001414003996956542,EXP_LGBModel_Alpha158_csi300_custom_step0_s_20260527_18,0f7a292b059a4373a786bd091abfef3d,0.072,,,
2802,2026-05-27,SH600372,-0.0025205994555204457,EXP_LGBModel_Alpha158_csi300_custom_step0_s_20260527_18,0f7a292b059a4373a786bd091abfef3d,0.072,,,
2803,2026-05-27,SH600346,-2.682882726878059e-10,EXP_LGBModel_Alpha158_csi300_custom_step0_s_20260527_18,0f7a292b059a4373a786bd091abfef3d,0.072,,,
2804,2026-05-27,SH600309,-2.682882726878059e-10,EXP_LGBModel_Alpha158_csi300_custom_step0_s_20260527_18,0f7a292b059a4373a786bd091abfef3d,0.072,,,
2805,2026-05-27,SH600276,-0.0025205994555204457,EXP_LGBModel_Alpha158_csi300_custom_step0_s_20260527_18,0f7a292b059a4373a786bd091abfef3d,0.072,,,
2806,2026-05-27,SH600233,-0.0025205994555204457,EXP_LGBModel_Alpha158_csi300_custom_step0_s_20260527_18,0f7a292b059a4373a786bd091abfef3d,0.072,,,
2807,2026-05-27,SH600219,-2.682882726878059e-10,EXP_LGBModel_Alpha158_csi300_custom_step0_s_20260527_18,0f7a292b059a4373a786bd091abfef3d,0.072,,,
2808,2026-05-27,SH600196,-0.0019307613550152043,EXP_LGBModel_Alpha158_csi300_custom_step0_s_20260527_18,0f7a292b059a4373a786bd091abfef3d,0.072,,,
2809,2026-05-27,SH600362,-0.0025205994555204457,EXP_LGBModel_Alpha158_csi300_custom_step0_s_20260527_18,0f7a292b059a4373a786bd091abfef3d,0.072,,,
2810,2026-05-27,SZ002920,0.0006253619678251939,EXP_CatBoostModel_Alpha158_csi300_custom_step0_s_20260527_18,541ea47e4e6645e69b0b198b28e29782,0.049,,,
2811,2026-05-27,SZ002916,-0.0013800648103027139,EXP_CatBoostModel_Alpha158_csi300_custom_step0_s_20260527_18,541ea47e4e6645e69b0b198b28e29782,0.049,,,
2812,2026-05-27,SZ002736,0.0011096144497969172,EXP_CatBoostModel_Alpha158_csi300_custom_step0_s_20260527_18,541ea47e4e6645e69b0b198b28e29782,0.049,,,
2813,2026-05-27,SH688082,-0.00023258735466955542,EXP_CatBoostModel_Alpha158_csi300_custom_step0_s_20260527_18,19dad47828fe440f8a241bba396a6f4f,0.043,,,
2814,2026-05-27,SH688111,-0.00023258735466955542,EXP_CatBoostModel_Alpha158_csi300_custom_step0_s_20260527_18,19dad47828fe440f8a241bba396a6f4f,0.043,,,
2815,2026-05-27,SH688126,-0.0009588903026050907,EXP_CatBoostModel_Alpha158_csi300_custom_step0_s_20260527_18,19dad47828fe440f8a241bba396a6f4f,0.043,,,
2816,2026-05-27,SH688169,-0.00023258735466955542,EXP_CatBoostModel_Alpha158_csi300_custom_step0_s_20260527_18,19dad47828fe440f8a241bba396a6f4f,0.043,,,
2817,2026-05-27,SH688187,0.006715519984203392,EXP_CatBoostModel_Alpha158_csi300_custom_step0_s_20260527_18,19dad47828fe440f8a241bba396a6f4f,0.043,,,
2818,2026-05-27,SH688223,-0.00023258735466955542,EXP_CatBoostModel_Alpha158_csi300_custom_step0_s_20260527_18,19dad47828fe440f8a241bba396a6f4f,0.043,,,
2819,2026-05-27,SH688256,-0.00023258735466955542,EXP_CatBoostModel_Alpha158_csi300_custom_step0_s_20260527_18,19dad47828fe440f8a241bba396a6f4f,0.043,,,
2820,2026-05-27,SH688271,-0.0009588903026050907,EXP_CatBoostModel_Alpha158_csi300_custom_step0_s_20260527_18,19dad47828fe440f8a241bba396a6f4f,0.043,,,
2821,2026-05-27,SH688303,-0.00023258735466955542,EXP_CatBoostModel_Alpha158_csi300_custom_step0_s_20260527_18,19dad47828fe440f8a241bba396a6f4f,0.043,,,
2822,2026-05-27,SH688396,-0.0009588903026050907,EXP_CatBoostModel_Alpha158_csi300_custom_step0_s_20260527_18,19dad47828fe440f8a241bba396a6f4f,0.043,,,
2823,2026-05-27,SH688472,-0.0020954321965130137,EXP_CatBoostModel_Alpha158_csi300_custom_step0_s_20260527_18,19dad47828fe440f8a241bba396a6f4f,0.043,,,
2824,2026-05-27,SH688506,-0.0020954321965130137,EXP_CatBoostModel_Alpha158_csi300_custom_step0_s_20260527_18,19dad47828fe440f8a241bba396a6f4f,0.043,,,
2825,2026-05-27,SH688981,-0.00023258735466955542,EXP_CatBoostModel_Alpha158_csi300_custom_step0_s_20260527_18,19dad47828fe440f8a241bba396a6f4f,0.043,,,
2826,2026-05-27,SZ000001,0.0011553603853625505,EXP_CatBoostModel_Alpha158_csi300_custom_step0_s_20260527_18,19dad47828fe440f8a241bba396a6f4f,0.043,,,
2827,2026-05-27,SZ000002,-0.00023258735466955542,EXP_CatBoostModel_Alpha158_csi300_custom_step0_s_20260527_18,19dad47828fe440f8a241bba396a6f4f,0.043,,,
2828,2026-05-27,SZ000063,-0.00023258735466955542,EXP_CatBoostModel_Alpha158_csi300_custom_step0_s_20260527_18,19dad47828fe440f8a241bba396a6f4f,0.043,,,
2829,2026-05-27,SZ000100,-0.0021282796256140387,EXP_CatBoostModel_Alpha158_csi300_custom_step0_s_20260527_18,19dad47828fe440f8a241bba396a6f4f,0.043,,,
2830,2026-05-27,SZ000651,-0.00023258735466955542,EXP_CatBoostModel_Alpha158_csi300_custom_step0_s_20260527_18,19dad47828fe440f8a241bba396a6f4f,0.043,,,
2831,2026-05-27,SZ000630,-0.00023258735466955542,EXP_CatBoostModel_Alpha158_csi300_custom_step0_s_20260527_18,19dad47828fe440f8a241bba396a6f4f,0.043,,,
2832,2026-05-27,SZ000625,-0.00023258735466955542,EXP_CatBoostModel_Alpha158_csi300_custom_step0_s_20260527_18,19dad47828fe440f8a241bba396a6f4f,0.043,,,
2833,2026-05-27,SZ000617,-0.00023258735466955542,EXP_CatBoostModel_Alpha158_csi300_custom_step0_s_20260527_18,19dad47828fe440f8a241bba396a6f4f,0.043,,,
2834,2026-05-27,SZ000596,-0.0020954321965130137,EXP_CatBoostModel_Alpha158_csi300_custom_step0_s_20260527_18,19dad47828fe440f8a241bba396a6f4f,0.043,,,
2835,2026-05-27,SZ000568,-0.0009588903026050907,EXP_CatBoostModel_Alpha158_csi300_custom_step0_s_20260527_18,19dad47828fe440f8a241bba396a6f4f,0.043,,,
2836,2026-05-27,SH688047,-0.00023258735466955542,EXP_CatBoostModel_Alpha158_csi300_custom_step0_s_20260527_18,19dad47828fe440f8a241bba396a6f4f,0.043,,,
2837,2026-05-27,SZ000538,-0.0020954321965130137,EXP_CatBoostModel_Alpha158_csi300_custom_step0_s_20260527_18,19dad47828fe440f8a241bba396a6f4f,0.043,,,
2838,2026-05-27,SZ000408,-0.00023258735466955542,EXP_CatBoostModel_Alpha158_csi300_custom_step0_s_20260527_18,19dad47828fe440f8a241bba396a6f4f,0.043,,,
2839,2026-05-27,SZ000338,-0.00023258735466955542,EXP_CatBoostModel_Alpha158_csi300_custom_step0_s_20260527_18,19dad47828fe440f8a241bba396a6f4f,0.043,,,
2840,2026-05-27,SZ000333,0.0011553603853625505,EXP_CatBoostModel_Alpha158_csi300_custom_step0_s_20260527_18,19dad47828fe440f8a241bba396a6f4f,0.043,,,
2841,2026-05-27,SZ000301,-0.00023258735466955542,EXP_CatBoostModel_Alpha158_csi300_custom_step0_s_20260527_18,19dad47828fe440f8a241bba396a6f4f,0.043,,,
2842,2026-05-27,SZ000166,-0.00023258735466955542,EXP_CatBoostModel_Alpha158_csi300_custom_step0_s_20260527_18,19dad47828fe440f8a241bba396a6f4f,0.043,,,
2843,2026-05-27,SZ000157,-0.00023258735466955542,EXP_CatBoostModel_Alpha158_csi300_custom_step0_s_20260527_18,19dad47828fe440f8a241bba396a6f4f,0.043,,,
2844,2026-05-27,SZ000425,-0.00023258735466955542,EXP_CatBoostModel_Alpha158_csi300_custom_step0_s_20260527_18,19dad47828fe440f8a241bba396a6f4f,0.043,,,
2845,2026-05-27,SZ000661,-0.00023258735466955542,EXP_CatBoostModel_Alpha158_csi300_custom_step0_s_20260527_18,19dad47828fe440f8a241bba396a6f4f,0.043,,,
2846,2026-05-27,SH688041,-0.00023258735466955542,EXP_CatBoostModel_Alpha158_csi300_custom_step0_s_20260527_18,19dad47828fe440f8a241bba396a6f4f,0.043,,,
2847,2026-05-27,SH688012,-0.00023258735466955542,EXP_CatBoostModel_Alpha158_csi300_custom_step0_s_20260527_18,19dad47828fe440f8a241bba396a6f4f,0.043,,,
2848,2026-05-27,SH601877,-0.00023258735466955542,EXP_CatBoostModel_Alpha158_csi300_custom_step0_s_20260527_18,19dad47828fe440f8a241bba396a6f4f,0.043,,,
2849,2026-05-27,SH601878,0.002093031623381406,EXP_CatBoostModel_Alpha158_csi300_custom_step0_s_20260527_18,19dad47828fe440f8a241bba396a6f4f,0.043,,,
2850,2026-05-27,SH601881,0.002093031623381406,EXP_CatBoostModel_Alpha158_csi300_custom_step0_s_20260527_18,19dad47828fe440f8a241bba396a6f4f,0.043,,,
2851,2026-05-27,SH601888,-0.00023258735466955542,EXP_CatBoostModel_Alpha158_csi300_custom_step0_s_20260527_18,19dad47828fe440f8a241bba396a6f4f,0.043,,,
2852,2026-05-27,SH601898,-0.00023258735466955542,EXP_CatBoostModel_Alpha158_csi300_custom_step0_s_20260527_18,19dad47828fe440f8a241bba396a6f4f,0.043,,,
2853,2026-05-27,SH601899,-0.00023258735466955542,EXP_CatBoostModel_Alpha158_csi300_custom_step0_s_20260527_18,19dad47828fe440f8a241bba396a6f4f,0.043,,,
2854,2026-05-27,SH601901,0.002093031623381406,EXP_CatBoostModel_Alpha158_csi300_custom_step0_s_20260527_18,19dad47828fe440f8a241bba396a6f4f,0.043,,,
2855,2026-05-27,SH601916,0.0025136054637837314,EXP_CatBoostModel_Alpha158_csi300_custom_step0_s_20260527_18,19dad47828fe440f8a241bba396a6f4f,0.043,,,
2856,2026-05-27,SH601919,-0.0021282796256140387,EXP_CatBoostModel_Alpha158_csi300_custom_step0_s_20260527_18,19dad47828fe440f8a241bba396a6f4f,0.043,,,
2857,2026-05-27,SH601939,0.002985007549210261,EXP_CatBoostModel_Alpha158_csi300_custom_step0_s_20260527_18,19dad47828fe440f8a241bba396a6f4f,0.043,,,
2858,2026-05-27,SH601985,0.0011553603853625505,EXP_CatBoostModel_Alpha158_csi300_custom_step0_s_20260527_18,19dad47828fe440f8a241bba396a6f4f,0.043,,,
2859,2026-05-27,SH601988,0.002985007549210261,EXP_CatBoostModel_Alpha158_csi300_custom_step0_s_20260527_18,19dad47828fe440f8a241bba396a6f4f,0.043,,,
2860,2026-05-27,SH601995,0.002985007549210261,EXP_CatBoostModel_Alpha158_csi300_custom_step0_s_20260527_18,19dad47828fe440f8a241bba396a6f4f,0.043,,,
2861,2026-05-27,SH601998,-0.00023258735466955542,EXP_CatBoostModel_Alpha158_csi300_custom_step0_s_20260527_18,19dad47828fe440f8a241bba396a6f4f,0.043,,,
2862,2026-05-27,SH603019,-0.00023258735466955542,EXP_CatBoostModel_Alpha158_csi300_custom_step0_s_20260527_18,19dad47828fe440f8a241bba396a6f4f,0.043,,,
2863,2026-05-27,SH603195,-0.0009588903026050907,EXP_CatBoostModel_Alpha158_csi300_custom_step0_s_20260527_18,19dad47828fe440f8a241bba396a6f4f,0.043,,,
2864,2026-05-27,SH603259,-0.00023258735466955542,EXP_CatBoostModel_Alpha158_csi300_custom_step0_s_20260527_18,19dad47828fe440f8a241bba396a6f4f,0.043,,,
2865,2026-05-27,SH688009,-0.00023258735466955542,EXP_CatBoostModel_Alpha158_csi300_custom_step0_s_20260527_18,19dad47828fe440f8a241bba396a6f4f,0.043,,,
2866,2026-05-27,SH688008,-0.00023258735466955542,EXP_CatBoostModel_Alpha158_csi300_custom_step0_s_20260527_18,19dad47828fe440f8a241bba396a6f4f,0.043,,,
2867,2026-05-27,SH605499,-0.00023258735466955542,EXP_CatBoostModel_Alpha158_csi300_custom_step0_s_20260527_18,19dad47828fe440f8a241bba396a6f4f,0.043,,,
2868,2026-05-27,SH605117,-0.0009588903026050907,EXP_CatBoostModel_Alpha158_csi300_custom_step0_s_20260527_18,19dad47828fe440f8a241bba396a6f4f,0.043,,,
2869,2026-05-27,SH603993,-0.00023258735466955542,EXP_CatBoostModel_Alpha158_csi300_custom_step0_s_20260527_18,19dad47828fe440f8a241bba396a6f4f,0.043,,,
2870,2026-05-27,SH603986,-0.00023258735466955542,EXP_CatBoostModel_Alpha158_csi300_custom_step0_s_20260527_18,19dad47828fe440f8a241bba396a6f4f,0.043,,,
2871,2026-05-27,SH688036,-0.00023258735466955542,EXP_CatBoostModel_Alpha158_csi300_custom_step0_s_20260527_18,19dad47828fe440f8a241bba396a6f4f,0.043,,,
2872,2026-05-27,SH603893,-0.0032091015311572803,EXP_CatBoostModel_Alpha158_csi300_custom_step0_s_20260527_18,19dad47828fe440f8a241bba396a6f4f,0.043,,,
2873,2026-05-27,SH603501,-0.00023258735466955542,EXP_CatBoostModel_Alpha158_csi300_custom_step0_s_20260527_18,19dad47828fe440f8a241bba396a6f4f,0.043,,,
2874,2026-05-27,SH603392,0.0007742738970990329,EXP_CatBoostModel_Alpha158_csi300_custom_step0_s_20260527_18,19dad47828fe440f8a241bba396a6f4f,0.043,,,
2875,2026-05-27,SH603369,-0.0009588903026050907,EXP_CatBoostModel_Alpha158_csi300_custom_step0_s_20260527_18,19dad47828fe440f8a241bba396a6f4f,0.043,,,
2876,2026-05-27,SH603296,-0.00023258735466955542,EXP_CatBoostModel_Alpha158_csi300_custom_step0_s_20260527_18,19dad47828fe440f8a241bba396a6f4f,0.043,,,
2877,2026-05-27,SH603288,-0.0009588903026050907,EXP_CatBoostModel_Alpha158_csi300_custom_step0_s_20260527_18,19dad47828fe440f8a241bba396a6f4f,0.043,,,
2878,2026-05-27,SH603260,-0.00023258735466955542,EXP_CatBoostModel_Alpha158_csi300_custom_step0_s_20260527_18,19dad47828fe440f8a241bba396a6f4f,0.043,,,
2879,2026-05-27,SH603799,-0.00023258735466955542,EXP_CatBoostModel_Alpha158_csi300_custom_step0_s_20260527_18,19dad47828fe440f8a241bba396a6f4f,0.043,,,
2880,2026-05-27,SH601872,-0.00023258735466955542,EXP_CatBoostModel_Alpha158_csi300_custom_step0_s_20260527_18,19dad47828fe440f8a241bba396a6f4f,0.043,,,
2881,2026-05-27,SZ000708,-0.00023258735466955542,EXP_CatBoostModel_Alpha158_csi300_custom_step0_s_20260527_18,19dad47828fe440f8a241bba396a6f4f,0.043,,,
2882,2026-05-27,SZ000768,-0.00023258735466955542,EXP_CatBoostModel_Alpha158_csi300_custom_step0_s_20260527_18,19dad47828fe440f8a241bba396a6f4f,0.043,,,
2883,2026-05-27,SZ002459,-0.00023258735466955542,EXP_CatBoostModel_Alpha158_csi300_custom_step0_s_20260527_18,19dad47828fe440f8a241bba396a6f4f,0.043,,,
2884,2026-05-27,SZ002460,-0.00023258735466955542,EXP_CatBoostModel_Alpha158_csi300_custom_step0_s_20260527_18,19dad47828fe440f8a241bba396a6f4f,0.043,,,
2885,2026-05-27,SZ002463,-0.00023258735466955542,EXP_CatBoostModel_Alpha158_csi300_custom_step0_s_20260527_18,19dad47828fe440f8a241bba396a6f4f,0.043,,,
2886,2026-05-27,SZ002466,-0.00023258735466955542,EXP_CatBoostModel_Alpha158_csi300_custom_step0_s_20260527_18,19dad47828fe440f8a241bba396a6f4f,0.043,,,
2887,2026-05-27,SZ002475,-0.00023258735466955542,EXP_CatBoostModel_Alpha158_csi300_custom_step0_s_20260527_18,19dad47828fe440f8a241bba396a6f4f,0.043,,,
2888,2026-05-27,SZ002493,-0.00023258735466955542,EXP_CatBoostModel_Alpha158_csi300_custom_step0_s_20260527_18,19dad47828fe440f8a241bba396a6f4f,0.043,,,
2889,2026-05-27,SZ002594,-0.00023258735466955542,EXP_CatBoostModel_Alpha158_csi300_custom_step0_s_20260527_18,19dad47828fe440f8a241bba396a6f4f,0.043,,,
2890,2026-05-27,SZ002600,-0.00023258735466955542,EXP_CatBoostModel_Alpha158_csi300_custom_step0_s_20260527_18,19dad47828fe440f8a241bba396a6f4f,0.043,,,
2891,2026-05-27,SZ002601,-0.00023258735466955542,EXP_CatBoostModel_Alpha158_csi300_custom_step0_s_20260527_18,19dad47828fe440f8a241bba396a6f4f,0.043,,,
2892,2026-05-27,SZ002625,-0.0009588903026050907,EXP_CatBoostModel_Alpha158_csi300_custom_step0_s_20260527_18,19dad47828fe440f8a241bba396a6f4f,0.043,,,
2893,2026-05-27,SZ002648,-0.00023258735466955542,EXP_CatBoostModel_Alpha158_csi300_custom_step0_s_20260527_18,19dad47828fe440f8a241bba396a6f4f,0.043,,,
2894,2026-05-27,SZ002709,-0.0009588903026050907,EXP_CatBoostModel_Alpha158_csi300_custom_step0_s_20260527_18,19dad47828fe440f8a241bba396a6f4f,0.043,,,
2895,2026-05-27,SZ002714,-0.00023258735466955542,EXP_CatBoostModel_Alpha158_csi300_custom_step0_s_20260527_18,19dad47828fe440f8a241bba396a6f4f,0.043,,,
2896,2026-05-27,SZ002736,-0.00023258735466955542,EXP_CatBoostModel_Alpha158_csi300_custom_step0_s_20260527_18,19dad47828fe440f8a241bba396a6f4f,0.043,,,
2897,2026-05-27,SZ002916,-0.00023258735466955542,EXP_CatBoostModel_Alpha158_csi300_custom_step0_s_20260527_18,19dad47828fe440f8a241bba396a6f4f,0.043,,,
2898,2026-05-27,SZ002920,-0.0009588903026050907,EXP_CatBoostModel_Alpha158_csi300_custom_step0_s_20260527_18,19dad47828fe440f8a241bba396a6f4f,0.043,,,
2899,2026-05-27,SZ002938,-0.00023258735466955542,EXP_CatBoostModel_Alpha158_csi300_custom_step0_s_20260527_18,19dad47828fe440f8a241bba396a6f4f,0.043,,,
2900,2026-05-27,SZ300408,-0.010502764574580513,EXP_CatBoostModel_Alpha158_csi300_custom_step0_s_20260527_18,19dad47828fe440f8a241bba396a6f4f,0.043,,,
2901,2026-05-27,SZ300394,0.006715519984203392,EXP_CatBoostModel_Alpha158_csi300_custom_step0_s_20260527_18,19dad47828fe440f8a241bba396a6f4f,0.043,,,
2902,2026-05-27,SZ300347,0.0007742738970990329,EXP_CatBoostModel_Alpha158_csi300_custom_step0_s_20260527_18,19dad47828fe440f8a241bba396a6f4f,0.043,,,
2903,2026-05-27,SZ300316,-0.00023258735466955542,EXP_CatBoostModel_Alpha158_csi300_custom_step0_s_20260527_18,19dad47828fe440f8a241bba396a6f4f,0.043,,,
2904,2026-05-27,SZ300308,-0.0009588903026050907,EXP_CatBoostModel_Alpha158_csi300_custom_step0_s_20260527_18,19dad47828fe440f8a241bba396a6f4f,0.043,,,
2905,2026-05-27,SZ300274,-0.0032091015311572803,EXP_CatBoostModel_Alpha158_csi300_custom_step0_s_20260527_18,19dad47828fe440f8a241bba396a6f4f,0.043,,,
2906,2026-05-27,SZ002422,-0.0020954321965130137,EXP_CatBoostModel_Alpha158_csi300_custom_step0_s_20260527_18,19dad47828fe440f8a241bba396a6f4f,0.043,,,
2907,2026-05-27,SZ300251,-0.0009588903026050907,EXP_CatBoostModel_Alpha158_csi300_custom_step0_s_20260527_18,19dad47828fe440f8a241bba396a6f4f,0.043,,,
2908,2026-05-27,SZ300122,-0.0020954321965130137,EXP_CatBoostModel_Alpha158_csi300_custom_step0_s_20260527_18,19dad47828fe440f8a241bba396a6f4f,0.043,,,
2909,2026-05-27,SZ300059,-0.0006317901413227834,EXP_CatBoostModel_Alpha158_csi300_custom_step0_s_20260527_18,19dad47828fe440f8a241bba396a6f4f,0.043,,,
2910,2026-05-27,SZ300033,-0.00023258735466955542,EXP_CatBoostModel_Alpha158_csi300_custom_step0_s_20260527_18,19dad47828fe440f8a241bba396a6f4f,0.043,,,
2911,2026-05-27,SZ300015,-0.0020954321965130137,EXP_CatBoostModel_Alpha158_csi300_custom_step0_s_20260527_18,19dad47828fe440f8a241bba396a6f4f,0.043,,,
2912,2026-05-27,SZ300014,-0.0009588903026050907,EXP_CatBoostModel_Alpha158_csi300_custom_step0_s_20260527_18,19dad47828fe440f8a241bba396a6f4f,0.043,,,
2913,2026-05-27,SZ003816,-0.00023258735466955542,EXP_CatBoostModel_Alpha158_csi300_custom_step0_s_20260527_18,19dad47828fe440f8a241bba396a6f4f,0.043,,,
2914,2026-05-27,SZ300124,-0.00023258735466955542,EXP_CatBoostModel_Alpha158_csi300_custom_step0_s_20260527_18,19dad47828fe440f8a241bba396a6f4f,0.043,,,
2915,2026-05-27,SZ000725,0.01380381540428222,EXP_CatBoostModel_Alpha158_csi300_custom_step0_s_20260527_18,19dad47828fe440f8a241bba396a6f4f,0.043,,,
2916,2026-05-27,SZ002415,-0.00023258735466955542,EXP_CatBoostModel_Alpha158_csi300_custom_step0_s_20260527_18,19dad47828fe440f8a241bba396a6f4f,0.043,,,
2917,2026-05-27,SZ002371,-0.00023258735466955542,EXP_CatBoostModel_Alpha158_csi300_custom_step0_s_20260527_18,19dad47828fe440f8a241bba396a6f4f,0.043,,,
2918,2026-05-27,SZ000776,-0.00023258735466955542,EXP_CatBoostModel_Alpha158_csi300_custom_step0_s_20260527_18,19dad47828fe440f8a241bba396a6f4f,0.043,,,
2919,2026-05-27,SZ000786,-0.00023258735466955542,EXP_CatBoostModel_Alpha158_csi300_custom_step0_s_20260527_18,19dad47828fe440f8a241bba396a6f4f,0.043,,,
2920,2026-05-27,SZ000792,-0.00023258735466955542,EXP_CatBoostModel_Alpha158_csi300_custom_step0_s_20260527_18,19dad47828fe440f8a241bba396a6f4f,0.043,,,
2921,2026-05-27,SZ000807,-0.00023258735466955542,EXP_CatBoostModel_Alpha158_csi300_custom_step0_s_20260527_18,19dad47828fe440f8a241bba396a6f4f,0.043,,,
2922,2026-05-27,SZ000858,-0.0020954321965130137,EXP_CatBoostModel_Alpha158_csi300_custom_step0_s_20260527_18,19dad47828fe440f8a241bba396a6f4f,0.043,,,
2923,2026-05-27,SZ000876,-0.00023258735466955542,EXP_CatBoostModel_Alpha158_csi300_custom_step0_s_20260527_18,19dad47828fe440f8a241bba396a6f4f,0.043,,,
2924,2026-05-27,SZ000895,-0.0020954321965130137,EXP_CatBoostModel_Alpha158_csi300_custom_step0_s_20260527_18,19dad47828fe440f8a241bba396a6f4f,0.043,,,
2925,2026-05-27,SZ000938,-0.00023258735466955542,EXP_CatBoostModel_Alpha158_csi300_custom_step0_s_20260527_18,19dad47828fe440f8a241bba396a6f4f,0.043,,,
2926,2026-05-27,SZ000963,-0.0009588903026050907,EXP_CatBoostModel_Alpha158_csi300_custom_step0_s_20260527_18,19dad47828fe440f8a241bba396a6f4f,0.043,,,
2927,2026-05-27,SZ000975,-0.00023258735466955542,EXP_CatBoostModel_Alpha158_csi300_custom_step0_s_20260527_18,19dad47828fe440f8a241bba396a6f4f,0.043,,,
2928,2026-05-27,SZ000977,-0.00023258735466955542,EXP_CatBoostModel_Alpha158_csi300_custom_step0_s_20260527_18,19dad47828fe440f8a241bba396a6f4f,0.043,,,
2929,2026-05-27,SZ000983,-0.0009588903026050907,EXP_CatBoostModel_Alpha158_csi300_custom_step0_s_20260527_18,19dad47828fe440f8a241bba396a6f4f,0.043,,,
2930,2026-05-27,SZ000999,-0.0009588903026050907,EXP_CatBoostModel_Alpha158_csi300_custom_step0_s_20260527_18,19dad47828fe440f8a241bba396a6f4f,0.043,,,
2931,2026-05-27,SZ001391,0.0011553603853625505,EXP_CatBoostModel_Alpha158_csi300_custom_step0_s_20260527_18,19dad47828fe440f8a241bba396a6f4f,0.043,,,
2932,2026-05-27,SZ001965,-0.00023258735466955542,EXP_CatBoostModel_Alpha158_csi300_custom_step0_s_20260527_18,19dad47828fe440f8a241bba396a6f4f,0.043,,,
2933,2026-05-27,SZ001979,-0.00023258735466955542,EXP_CatBoostModel_Alpha158_csi300_custom_step0_s_20260527_18,19dad47828fe440f8a241bba396a6f4f,0.043,,,
2934,2026-05-27,SZ002001,-0.00023258735466955542,EXP_CatBoostModel_Alpha158_csi300_custom_step0_s_20260527_18,19dad47828fe440f8a241bba396a6f4f,0.043,,,
2935,2026-05-27,SZ002352,0.0011553603853625505,EXP_CatBoostModel_Alpha158_csi300_custom_step0_s_20260527_18,19dad47828fe440f8a241bba396a6f4f,0.043,,,
2936,2026-05-27,SZ002311,-0.00023258735466955542,EXP_CatBoostModel_Alpha158_csi300_custom_step0_s_20260527_18,19dad47828fe440f8a241bba396a6f4f,0.043,,,
2937,2026-05-27,SZ002304,-0.0009588903026050907,EXP_CatBoostModel_Alpha158_csi300_custom_step0_s_20260527_18,19dad47828fe440f8a241bba396a6f4f,0.043,,,
2938,2026-05-27,SZ002252,-0.00023258735466955542,EXP_CatBoostModel_Alpha158_csi300_custom_step0_s_20260527_18,19dad47828fe440f8a241bba396a6f4f,0.043,,,
2939,2026-05-27,SZ002241,-0.0009588903026050907,EXP_CatBoostModel_Alpha158_csi300_custom_step0_s_20260527_18,19dad47828fe440f8a241bba396a6f4f,0.043,,,
2940,2026-05-27,SZ002236,-0.0021282796256140387,EXP_CatBoostModel_Alpha158_csi300_custom_step0_s_20260527_18,19dad47828fe440f8a241bba396a6f4f,0.043,,,
2941,2026-05-27,SZ002384,-0.0009588903026050907,EXP_CatBoostModel_Alpha158_csi300_custom_step0_s_20260527_18,19dad47828fe440f8a241bba396a6f4f,0.043,,,
2942,2026-05-27,SZ002230,0.0024910185845601995,EXP_CatBoostModel_Alpha158_csi300_custom_step0_s_20260527_18,19dad47828fe440f8a241bba396a6f4f,0.043,,,
2943,2026-05-27,SZ002142,-0.00023258735466955542,EXP_CatBoostModel_Alpha158_csi300_custom_step0_s_20260527_18,19dad47828fe440f8a241bba396a6f4f,0.043,,,
2944,2026-05-27,SZ002074,-0.00023258735466955542,EXP_CatBoostModel_Alpha158_csi300_custom_step0_s_20260527_18,19dad47828fe440f8a241bba396a6f4f,0.043,,,
2945,2026-05-27,SZ002050,-0.00023258735466955542,EXP_CatBoostModel_Alpha158_csi300_custom_step0_s_20260527_18,19dad47828fe440f8a241bba396a6f4f,0.043,,,
2946,2026-05-27,SZ002049,-0.0009588903026050907,EXP_CatBoostModel_Alpha158_csi300_custom_step0_s_20260527_18,19dad47828fe440f8a241bba396a6f4f,0.043,,,
2947,2026-05-27,SZ002028,-0.0009588903026050907,EXP_CatBoostModel_Alpha158_csi300_custom_step0_s_20260527_18,19dad47828fe440f8a241bba396a6f4f,0.043,,,
2948,2026-05-27,SZ002027,-0.00023258735466955542,EXP_CatBoostModel_Alpha158_csi300_custom_step0_s_20260527_18,19dad47828fe440f8a241bba396a6f4f,0.043,,,
2949,2026-05-27,SZ002179,-0.00023258735466955542,EXP_CatBoostModel_Alpha158_csi300_custom_step0_s_20260527_18,19dad47828fe440f8a241bba396a6f4f,0.043,,,
2950,2026-05-27,SH601868,-0.00023258735466955542,EXP_CatBoostModel_Alpha158_csi300_custom_step0_s_20260527_18,19dad47828fe440f8a241bba396a6f4f,0.043,,,
2951,2026-05-27,SH601857,-0.00023258735466955542,EXP_CatBoostModel_Alpha158_csi300_custom_step0_s_20260527_18,19dad47828fe440f8a241bba396a6f4f,0.043,,,
2952,2026-05-27,SH601838,-0.00023258735466955542,EXP_CatBoostModel_Alpha158_csi300_custom_step0_s_20260527_18,19dad47828fe440f8a241bba396a6f4f,0.043,,,
2953,2026-05-27,SH600276,-0.0020954321965130137,EXP_CatBoostModel_Alpha158_csi300_custom_step0_s_20260527_18,19dad47828fe440f8a241bba396a6f4f,0.043,,,
2954,2026-05-27,SH600309,-0.00023258735466955542,EXP_CatBoostModel_Alpha158_csi300_custom_step0_s_20260527_18,19dad47828fe440f8a241bba396a6f4f,0.043,,,
2955,2026-05-27,SH600346,-0.00023258735466955542,EXP_CatBoostModel_Alpha158_csi300_custom_step0_s_20260527_18,19dad47828fe440f8a241bba396a6f4f,0.043,,,
2956,2026-05-27,SH600362,-0.00023258735466955542,EXP_CatBoostModel_Alpha158_csi300_custom_step0_s_20260527_18,19dad47828fe440f8a241bba396a6f4f,0.043,,,
2957,2026-05-27,SH600372,-0.00023258735466955542,EXP_CatBoostModel_Alpha158_csi300_custom_step0_s_20260527_18,19dad47828fe440f8a241bba396a6f4f,0.043,,,
2958,2026-05-27,SH600377,0.0024910185845601995,EXP_CatBoostModel_Alpha158_csi300_custom_step0_s_20260527_18,19dad47828fe440f8a241bba396a6f4f,0.043,,,
2959,2026-05-27,SH600406,0.0011553603853625505,EXP_CatBoostModel_Alpha158_csi300_custom_step0_s_20260527_18,19dad47828fe440f8a241bba396a6f4f,0.043,,,
2960,2026-05-27,SH600415,-0.00023258735466955542,EXP_CatBoostModel_Alpha158_csi300_custom_step0_s_20260527_18,19dad47828fe440f8a241bba396a6f4f,0.043,,,
2961,2026-05-27,SH600426,-0.00023258735466955542,EXP_CatBoostModel_Alpha158_csi300_custom_step0_s_20260527_18,19dad47828fe440f8a241bba396a6f4f,0.043,,,
2962,2026-05-27,SH600436,-0.0020954321965130137,EXP_CatBoostModel_Alpha158_csi300_custom_step0_s_20260527_18,19dad47828fe440f8a241bba396a6f4f,0.043,,,
2963,2026-05-27,SH600438,-0.00023258735466955542,EXP_CatBoostModel_Alpha158_csi300_custom_step0_s_20260527_18,19dad47828fe440f8a241bba396a6f4f,0.043,,,
2964,2026-05-27,SH600460,-0.0009588903026050907,EXP_CatBoostModel_Alpha158_csi300_custom_step0_s_20260527_18,19dad47828fe440f8a241bba396a6f4f,0.043,,,
2965,2026-05-27,SH600482,-0.0009588903026050907,EXP_CatBoostModel_Alpha158_csi300_custom_step0_s_20260527_18,19dad47828fe440f8a241bba396a6f4f,0.043,,,
2966,2026-05-27,SH600489,-0.00023258735466955542,EXP_CatBoostModel_Alpha158_csi300_custom_step0_s_20260527_18,19dad47828fe440f8a241bba396a6f4f,0.043,,,
2967,2026-05-27,SH600515,-0.00023258735466955542,EXP_CatBoostModel_Alpha158_csi300_custom_step0_s_20260527_18,19dad47828fe440f8a241bba396a6f4f,0.043,,,
2968,2026-05-27,SH600519,-0.0020954321965130137,EXP_CatBoostModel_Alpha158_csi300_custom_step0_s_20260527_18,19dad47828fe440f8a241bba396a6f4f,0.043,,,
2969,2026-05-27,SH600522,-0.00023258735466955542,EXP_CatBoostModel_Alpha158_csi300_custom_step0_s_20260527_18,19dad47828fe440f8a241bba396a6f4f,0.043,,,
2970,2026-05-27,SH600809,-0.0009588903026050907,EXP_CatBoostModel_Alpha158_csi300_custom_step0_s_20260527_18,19dad47828fe440f8a241bba396a6f4f,0.043,,,
2971,2026-05-27,SH600803,-0.00023258735466955542,EXP_CatBoostModel_Alpha158_csi300_custom_step0_s_20260527_18,19dad47828fe440f8a241bba396a6f4f,0.043,,,
2972,2026-05-27,SH600795,-0.0021282796256140387,EXP_CatBoostModel_Alpha158_csi300_custom_step0_s_20260527_18,19dad47828fe440f8a241bba396a6f4f,0.043,,,
2973,2026-05-27,SH600760,-0.00023258735466955542,EXP_CatBoostModel_Alpha158_csi300_custom_step0_s_20260527_18,19dad47828fe440f8a241bba396a6f4f,0.043,,,
2974,2026-05-27,SH600741,-0.00023258735466955542,EXP_CatBoostModel_Alpha158_csi300_custom_step0_s_20260527_18,19dad47828fe440f8a241bba396a6f4f,0.043,,,
2975,2026-05-27,SH600690,0.0011553603853625505,EXP_CatBoostModel_Alpha158_csi300_custom_step0_s_20260527_18,19dad47828fe440f8a241bba396a6f4f,0.043,,,
2976,2026-05-27,SH600233,-0.00023258735466955542,EXP_CatBoostModel_Alpha158_csi300_custom_step0_s_20260527_18,19dad47828fe440f8a241bba396a6f4f,0.043,,,
2977,2026-05-27,SH600674,-0.0021282796256140387,EXP_CatBoostModel_Alpha158_csi300_custom_step0_s_20260527_18,19dad47828fe440f8a241bba396a6f4f,0.043,,,
2978,2026-05-27,SH600600,0.0011553603853625505,EXP_CatBoostModel_Alpha158_csi300_custom_step0_s_20260527_18,19dad47828fe440f8a241bba396a6f4f,0.043,,,
2979,2026-05-27,SH600588,-0.00023258735466955542,EXP_CatBoostModel_Alpha158_csi300_custom_step0_s_20260527_18,19dad47828fe440f8a241bba396a6f4f,0.043,,,
2980,2026-05-27,SH600585,-0.00023258735466955542,EXP_CatBoostModel_Alpha158_csi300_custom_step0_s_20260527_18,19dad47828fe440f8a241bba396a6f4f,0.043,,,
2981,2026-05-27,SH600584,-0.00023258735466955542,EXP_CatBoostModel_Alpha158_csi300_custom_step0_s_20260527_18,19dad47828fe440f8a241bba396a6f4f,0.043,,,
2982,2026-05-27,SH600570,-0.0006317901413227834,EXP_CatBoostModel_Alpha158_csi300_custom_step0_s_20260527_18,19dad47828fe440f8a241bba396a6f4f,0.043,,,
2983,2026-05-27,SH600547,-0.00023258735466955542,EXP_CatBoostModel_Alpha158_csi300_custom_step0_s_20260527_18,19dad47828fe440f8a241bba396a6f4f,0.043,,,
2984,2026-05-27,SH600660,-0.00023258735466955542,EXP_CatBoostModel_Alpha158_csi300_custom_step0_s_20260527_18,19dad47828fe440f8a241bba396a6f4f,0.043,,,
2985,2026-05-27,SH600845,-0.00023258735466955542,EXP_CatBoostModel_Alpha158_csi300_custom_step0_s_20260527_18,19dad47828fe440f8a241bba396a6f4f,0.043,,,
2986,2026-05-27,SH600219,-0.00023258735466955542,EXP_CatBoostModel_Alpha158_csi300_custom_step0_s_20260527_18,19dad47828fe440f8a241bba396a6f4f,0.043,,,
2987,2026-05-27,SH600188,-0.0009588903026050907,EXP_CatBoostModel_Alpha158_csi300_custom_step0_s_20260527_18,19dad47828fe440f8a241bba396a6f4f,0.043,,,
2988,2026-05-27,SH600009,-0.00023258735466955542,EXP_CatBoostModel_Alpha158_csi300_custom_step0_s_20260527_18,19dad47828fe440f8a241bba396a6f4f,0.043,,,
2989,2026-05-27,SH600010,-0.00023258735466955542,EXP_CatBoostModel_Alpha158_csi300_custom_step0_s_20260527_18,19dad47828fe440f8a241bba396a6f4f,0.043,,,
2990,2026-05-27,SH600011,-0.0009588903026050907,EXP_CatBoostModel_Alpha158_csi300_custom_step0_s_20260527_18,19dad47828fe440f8a241bba396a6f4f,0.043,,,
2991,2026-05-27,SH600015,-0.00023258735466955542,EXP_CatBoostModel_Alpha158_csi300_custom_step0_s_20260527_18,19dad47828fe440f8a241bba396a6f4f,0.043,,,
2992,2026-05-27,SH600016,0.0011553603853625505,EXP_CatBoostModel_Alpha158_csi300_custom_step0_s_20260527_18,19dad47828fe440f8a241bba396a6f4f,0.043,,,
2993,2026-05-27,SH600018,0.0024910185845601995,EXP_CatBoostModel_Alpha158_csi300_custom_step0_s_20260527_18,19dad47828fe440f8a241bba396a6f4f,0.043,,,
2994,2026-05-27,SH600019,-0.00023258735466955542,EXP_CatBoostModel_Alpha158_csi300_custom_step0_s_20260527_18,19dad47828fe440f8a241bba396a6f4f,0.043,,,
2995,2026-05-27,SH600023,-0.00023258735466955542,EXP_CatBoostModel_Alpha158_csi300_custom_step0_s_20260527_18,19dad47828fe440f8a241bba396a6f4f,0.043,,,
2996,2026-05-27,SH600025,0.0024910185845601995,EXP_CatBoostModel_Alpha158_csi300_custom_step0_s_20260527_18,19dad47828fe440f8a241bba396a6f4f,0.043,,,
2997,2026-05-27,SH600026,-0.00023258735466955542,EXP_CatBoostModel_Alpha158_csi300_custom_step0_s_20260527_18,19dad47828fe440f8a241bba396a6f4f,0.043,,,
2998,2026-05-27,SH600027,-0.0009588903026050907,EXP_CatBoostModel_Alpha158_csi300_custom_step0_s_20260527_18,19dad47828fe440f8a241bba396a6f4f,0.043,,,
2999,2026-05-27,SH600028,-0.00023258735466955542,EXP_CatBoostModel_Alpha158_csi300_custom_step0_s_20260527_18,19dad47828fe440f8a241bba396a6f4f,0.043,,,
3000,2026-05-27,SH600029,-0.00023258735466955542,EXP_CatBoostModel_Alpha158_csi300_custom_step0_s_20260527_18,19dad47828fe440f8a241bba396a6f4f,0.043,,,
3001,2026-05-27,SH600030,0.002093031623381406,EXP_CatBoostModel_Alpha158_csi300_custom_step0_s_20260527_18,19dad47828fe440f8a241bba396a6f4f,0.043,,,
3002,2026-05-27,SH600031,-0.00023258735466955542,EXP_CatBoostModel_Alpha158_csi300_custom_step0_s_20260527_18,19dad47828fe440f8a241bba396a6f4f,0.043,,,
3003,2026-05-27,SH600036,-0.00023258735466955542,EXP_CatBoostModel_Alpha158_csi300_custom_step0_s_20260527_18,19dad47828fe440f8a241bba396a6f4f,0.043,,,
3004,2026-05-27,SH600039,-0.0032091015311572803,EXP_CatBoostModel_Alpha158_csi300_custom_step0_s_20260527_18,19dad47828fe440f8a241bba396a6f4f,0.043,,,
3005,2026-05-27,SH600183,-0.00023258735466955542,EXP_CatBoostModel_Alpha158_csi300_custom_step0_s_20260527_18,19dad47828fe440f8a241bba396a6f4f,0.043,,,
3006,2026-05-27,SH600176,-0.00023258735466955542,EXP_CatBoostModel_Alpha158_csi300_custom_step0_s_20260527_18,19dad47828fe440f8a241bba396a6f4f,0.043,,,
3007,2026-05-27,SH600161,-0.00023258735466955542,EXP_CatBoostModel_Alpha158_csi300_custom_step0_s_20260527_18,19dad47828fe440f8a241bba396a6f4f,0.043,,,
3008,2026-05-27,SH600160,-0.00023258735466955542,EXP_CatBoostModel_Alpha158_csi300_custom_step0_s_20260527_18,19dad47828fe440f8a241bba396a6f4f,0.043,,,
3009,2026-05-27,SH600150,-0.00023258735466955542,EXP_CatBoostModel_Alpha158_csi300_custom_step0_s_20260527_18,19dad47828fe440f8a241bba396a6f4f,0.043,,,
3010,2026-05-27,SH600115,-0.00023258735466955542,EXP_CatBoostModel_Alpha158_csi300_custom_step0_s_20260527_18,19dad47828fe440f8a241bba396a6f4f,0.043,,,
3011,2026-05-27,SH600196,-0.0020954321965130137,EXP_CatBoostModel_Alpha158_csi300_custom_step0_s_20260527_18,19dad47828fe440f8a241bba396a6f4f,0.043,,,
3012,2026-05-27,SH600111,-0.00023258735466955542,EXP_CatBoostModel_Alpha158_csi300_custom_step0_s_20260527_18,19dad47828fe440f8a241bba396a6f4f,0.043,,,
3013,2026-05-27,SH600089,-0.00023258735466955542,EXP_CatBoostModel_Alpha158_csi300_custom_step0_s_20260527_18,19dad47828fe440f8a241bba396a6f4f,0.043,,,
3014,2026-05-27,SH600085,-0.0020954321965130137,EXP_CatBoostModel_Alpha158_csi300_custom_step0_s_20260527_18,19dad47828fe440f8a241bba396a6f4f,0.043,,,
3015,2026-05-27,SH600066,-0.00023258735466955542,EXP_CatBoostModel_Alpha158_csi300_custom_step0_s_20260527_18,19dad47828fe440f8a241bba396a6f4f,0.043,,,
3016,2026-05-27,SH600061,-0.00023258735466955542,EXP_CatBoostModel_Alpha158_csi300_custom_step0_s_20260527_18,19dad47828fe440f8a241bba396a6f4f,0.043,,,
3017,2026-05-27,SH600050,-0.00023258735466955542,EXP_CatBoostModel_Alpha158_csi300_custom_step0_s_20260527_18,19dad47828fe440f8a241bba396a6f4f,0.043,,,
3018,2026-05-27,SH600048,-0.00023258735466955542,EXP_CatBoostModel_Alpha158_csi300_custom_step0_s_20260527_18,19dad47828fe440f8a241bba396a6f4f,0.043,,,
3019,2026-05-27,SH600104,-0.00023258735466955542,EXP_CatBoostModel_Alpha158_csi300_custom_step0_s_20260527_18,19dad47828fe440f8a241bba396a6f4f,0.043,,,
3020,2026-05-27,SH600875,-0.0009588903026050907,EXP_CatBoostModel_Alpha158_csi300_custom_step0_s_20260527_18,19dad47828fe440f8a241bba396a6f4f,0.043,,,
3021,2026-05-27,SH600886,0.002985007549210261,EXP_CatBoostModel_Alpha158_csi300_custom_step0_s_20260527_18,19dad47828fe440f8a241bba396a6f4f,0.043,,,
3022,2026-05-27,SH600887,-0.0020954321965130137,EXP_CatBoostModel_Alpha158_csi300_custom_step0_s_20260527_18,19dad47828fe440f8a241bba396a6f4f,0.043,,,
3023,2026-05-27,SH601288,-0.00023258735466955542,EXP_CatBoostModel_Alpha158_csi300_custom_step0_s_20260527_18,19dad47828fe440f8a241bba396a6f4f,0.043,,,
3024,2026-05-27,SH601298,0.0011553603853625505,EXP_CatBoostModel_Alpha158_csi300_custom_step0_s_20260527_18,19dad47828fe440f8a241bba396a6f4f,0.043,,,
3025,2026-05-27,SH601318,-0.00023258735466955542,EXP_CatBoostModel_Alpha158_csi300_custom_step0_s_20260527_18,19dad47828fe440f8a241bba396a6f4f,0.043,,,
3026,2026-05-27,SH601319,-0.00023258735466955542,EXP_CatBoostModel_Alpha158_csi300_custom_step0_s_20260527_18,19dad47828fe440f8a241bba396a6f4f,0.043,,,
3027,2026-05-27,SH601328,0.0011553603853625505,EXP_CatBoostModel_Alpha158_csi300_custom_step0_s_20260527_18,19dad47828fe440f8a241bba396a6f4f,0.043,,,
3028,2026-05-27,SH601336,-0.00023258735466955542,EXP_CatBoostModel_Alpha158_csi300_custom_step0_s_20260527_18,19dad47828fe440f8a241bba396a6f4f,0.043,,,
3029,2026-05-27,SH601360,-0.00023258735466955542,EXP_CatBoostModel_Alpha158_csi300_custom_step0_s_20260527_18,19dad47828fe440f8a241bba396a6f4f,0.043,,,
3030,2026-05-27,SH601377,0.002093031623381406,EXP_CatBoostModel_Alpha158_csi300_custom_step0_s_20260527_18,19dad47828fe440f8a241bba396a6f4f,0.043,,,
3031,2026-05-27,SH601390,-0.00023258735466955542,EXP_CatBoostModel_Alpha158_csi300_custom_step0_s_20260527_18,19dad47828fe440f8a241bba396a6f4f,0.043,,,
3032,2026-05-27,SH601398,0.0011553603853625505,EXP_CatBoostModel_Alpha158_csi300_custom_step0_s_20260527_18,19dad47828fe440f8a241bba396a6f4f,0.043,,,
3033,2026-05-27,SH601456,-0.0006317901413227834,EXP_CatBoostModel_Alpha158_csi300_custom_step0_s_20260527_18,19dad47828fe440f8a241bba396a6f4f,0.043,,,
3034,2026-05-27,SH601600,-0.00023258735466955542,EXP_CatBoostModel_Alpha158_csi300_custom_step0_s_20260527_18,19dad47828fe440f8a241bba396a6f4f,0.043,,,
3035,2026-05-27,SH601601,-0.00023258735466955542,EXP_CatBoostModel_Alpha158_csi300_custom_step0_s_20260527_18,19dad47828fe440f8a241bba396a6f4f,0.043,,,
3036,2026-05-27,SH601607,0.0011553603853625505,EXP_CatBoostModel_Alpha158_csi300_custom_step0_s_20260527_18,19dad47828fe440f8a241bba396a6f4f,0.043,,,
3037,2026-05-27,SH601618,0.0011553603853625505,EXP_CatBoostModel_Alpha158_csi300_custom_step0_s_20260527_18,19dad47828fe440f8a241bba396a6f4f,0.043,,,
3038,2026-05-27,SH601628,-0.00023258735466955542,EXP_CatBoostModel_Alpha158_csi300_custom_step0_s_20260527_18,19dad47828fe440f8a241bba396a6f4f,0.043,,,
3039,2026-05-27,SH601633,-0.00023258735466955542,EXP_CatBoostModel_Alpha158_csi300_custom_step0_s_20260527_18,19dad47828fe440f8a241bba396a6f4f,0.043,,,
3040,2026-05-27,SH601825,-0.00023258735466955542,EXP_CatBoostModel_Alpha158_csi300_custom_step0_s_20260527_18,19dad47828fe440f8a241bba396a6f4f,0.043,,,
3041,2026-05-27,SH601818,0.0030516355748787384,EXP_CatBoostModel_Alpha158_csi300_custom_step0_s_20260527_18,19dad47828fe440f8a241bba396a6f4f,0.043,,,
3042,2026-05-27,SH601816,0.0011553603853625505,EXP_CatBoostModel_Alpha158_csi300_custom_step0_s_20260527_18,19dad47828fe440f8a241bba396a6f4f,0.043,,,
3043,2026-05-27,SH601808,-0.00023258735466955542,EXP_CatBoostModel_Alpha158_csi300_custom_step0_s_20260527_18,19dad47828fe440f8a241bba396a6f4f,0.043,,,
3044,2026-05-27,SH601800,-0.00023258735466955542,EXP_CatBoostModel_Alpha158_csi300_custom_step0_s_20260527_18,19dad47828fe440f8a241bba396a6f4f,0.043,,,
3045,2026-05-27,SH601788,-0.00023258735466955542,EXP_CatBoostModel_Alpha158_csi300_custom_step0_s_20260527_18,19dad47828fe440f8a241bba396a6f4f,0.043,,,
3046,2026-05-27,SH601238,-0.00023258735466955542,EXP_CatBoostModel_Alpha158_csi300_custom_step0_s_20260527_18,19dad47828fe440f8a241bba396a6f4f,0.043,,,
3047,2026-05-27,SH601766,0.0011553603853625505,EXP_CatBoostModel_Alpha158_csi300_custom_step0_s_20260527_18,19dad47828fe440f8a241bba396a6f4f,0.043,,,
3048,2026-05-27,SH601698,-0.00023258735466955542,EXP_CatBoostModel_Alpha158_csi300_custom_step0_s_20260527_18,19dad47828fe440f8a241bba396a6f4f,0.043,,,
3049,2026-05-27,SH601689,-0.00023258735466955542,EXP_CatBoostModel_Alpha158_csi300_custom_step0_s_20260527_18,19dad47828fe440f8a241bba396a6f4f,0.043,,,
3050,2026-05-27,SH601688,0.002093031623381406,EXP_CatBoostModel_Alpha158_csi300_custom_step0_s_20260527_18,19dad47828fe440f8a241bba396a6f4f,0.043,,,
3051,2026-05-27,SH601669,-0.00023258735466955542,EXP_CatBoostModel_Alpha158_csi300_custom_step0_s_20260527_18,19dad47828fe440f8a241bba396a6f4f,0.043,,,
3052,2026-05-27,SH601668,0.0011553603853625505,EXP_CatBoostModel_Alpha158_csi300_custom_step0_s_20260527_18,19dad47828fe440f8a241bba396a6f4f,0.043,,,
3053,2026-05-27,SH601658,0.0011553603853625505,EXP_CatBoostModel_Alpha158_csi300_custom_step0_s_20260527_18,19dad47828fe440f8a241bba396a6f4f,0.043,,,
3054,2026-05-27,SH601728,-0.00023258735466955542,EXP_CatBoostModel_Alpha158_csi300_custom_step0_s_20260527_18,19dad47828fe440f8a241bba396a6f4f,0.043,,,
3055,2026-05-27,SH601236,-0.0020954321965130137,EXP_CatBoostModel_Alpha158_csi300_custom_step0_s_20260527_18,19dad47828fe440f8a241bba396a6f4f,0.043,,,
3056,2026-05-27,SH601229,-0.00023258735466955542,EXP_CatBoostModel_Alpha158_csi300_custom_step0_s_20260527_18,19dad47828fe440f8a241bba396a6f4f,0.043,,,
3057,2026-05-27,SH601225,-0.0009588903026050907,EXP_CatBoostModel_Alpha158_csi300_custom_step0_s_20260527_18,19dad47828fe440f8a241bba396a6f4f,0.043,,,
3058,2026-05-27,SH601009,-0.00023258735466955542,EXP_CatBoostModel_Alpha158_csi300_custom_step0_s_20260527_18,19dad47828fe440f8a241bba396a6f4f,0.043,,,
3059,2026-05-27,SH601006,-0.0006317901413227834,EXP_CatBoostModel_Alpha158_csi300_custom_step0_s_20260527_18,19dad47828fe440f8a241bba396a6f4f,0.043,,,
3060,2026-05-27,SH600999,-0.00023258735466955542,EXP_CatBoostModel_Alpha158_csi300_custom_step0_s_20260527_18,19dad47828fe440f8a241bba396a6f4f,0.043,,,
3061,2026-05-27,SH600989,-0.00023258735466955542,EXP_CatBoostModel_Alpha158_csi300_custom_step0_s_20260527_18,19dad47828fe440f8a241bba396a6f4f,0.043,,,
3062,2026-05-27,SH600958,0.0005128022493213472,EXP_CatBoostModel_Alpha158_csi300_custom_step0_s_20260527_18,19dad47828fe440f8a241bba396a6f4f,0.043,,,
3063,2026-05-27,SH600941,-0.0021282796256140387,EXP_CatBoostModel_Alpha158_csi300_custom_step0_s_20260527_18,19dad47828fe440f8a241bba396a6f4f,0.043,,,
3064,2026-05-27,SH601012,-0.00023258735466955542,EXP_CatBoostModel_Alpha158_csi300_custom_step0_s_20260527_18,19dad47828fe440f8a241bba396a6f4f,0.043,,,
3065,2026-05-27,SH600938,-0.00023258735466955542,EXP_CatBoostModel_Alpha158_csi300_custom_step0_s_20260527_18,19dad47828fe440f8a241bba396a6f4f,0.043,,,
3066,2026-05-27,SH600926,-0.00023258735466955542,EXP_CatBoostModel_Alpha158_csi300_custom_step0_s_20260527_18,19dad47828fe440f8a241bba396a6f4f,0.043,,,
3067,2026-05-27,SH600919,0.0024910185845601995,EXP_CatBoostModel_Alpha158_csi300_custom_step0_s_20260527_18,19dad47828fe440f8a241bba396a6f4f,0.043,,,
3068,2026-05-27,SH600918,-0.0020954321965130137,EXP_CatBoostModel_Alpha158_csi300_custom_step0_s_20260527_18,19dad47828fe440f8a241bba396a6f4f,0.043,,,
3069,2026-05-27,SH600905,0.0011553603853625505,EXP_CatBoostModel_Alpha158_csi300_custom_step0_s_20260527_18,19dad47828fe440f8a241bba396a6f4f,0.043,,,
3070,2026-05-27,SH600900,0.0024910185845601995,EXP_CatBoostModel_Alpha158_csi300_custom_step0_s_20260527_18,19dad47828fe440f8a241bba396a6f4f,0.043,,,
3071,2026-05-27,SH600893,-0.00023258735466955542,EXP_CatBoostModel_Alpha158_csi300_custom_step0_s_20260527_18,19dad47828fe440f8a241bba396a6f4f,0.043,,,
3072,2026-05-27,SH600930,-0.0009588903026050907,EXP_CatBoostModel_Alpha158_csi300_custom_step0_s_20260527_18,19dad47828fe440f8a241bba396a6f4f,0.043,,,
3073,2026-05-27,SZ300413,-0.00023258735466955542,EXP_CatBoostModel_Alpha158_csi300_custom_step0_s_20260527_18,19dad47828fe440f8a241bba396a6f4f,0.043,,,
3074,2026-05-27,SH601018,-0.00023258735466955542,EXP_CatBoostModel_Alpha158_csi300_custom_step0_s_20260527_18,19dad47828fe440f8a241bba396a6f4f,0.043,,,
3075,2026-05-27,SH601058,-0.00023258735466955542,EXP_CatBoostModel_Alpha158_csi300_custom_step0_s_20260527_18,19dad47828fe440f8a241bba396a6f4f,0.043,,,
3076,2026-05-27,SH601211,-0.00023258735466955542,EXP_CatBoostModel_Alpha158_csi300_custom_step0_s_20260527_18,19dad47828fe440f8a241bba396a6f4f,0.043,,,
3077,2026-05-27,SH601186,-0.00023258735466955542,EXP_CatBoostModel_Alpha158_csi300_custom_step0_s_20260527_18,19dad47828fe440f8a241bba396a6f4f,0.043,,,
3078,2026-05-27,SH601169,-0.00023258735466955542,EXP_CatBoostModel_Alpha158_csi300_custom_step0_s_20260527_18,19dad47828fe440f8a241bba396a6f4f,0.043,,,
3079,2026-05-27,SH601166,0.002985007549210261,EXP_CatBoostModel_Alpha158_csi300_custom_step0_s_20260527_18,19dad47828fe440f8a241bba396a6f4f,0.043,,,
3080,2026-05-27,SH601138,-0.00023258735466955542,EXP_CatBoostModel_Alpha158_csi300_custom_step0_s_20260527_18,19dad47828fe440f8a241bba396a6f4f,0.043,,,
3081,2026-05-27,SH601136,-0.00023258735466955542,EXP_CatBoostModel_Alpha158_csi300_custom_step0_s_20260527_18,19dad47828fe440f8a241bba396a6f4f,0.043,,,
3082,2026-05-27,SH601021,-0.0009621962513543413,EXP_CatBoostModel_Alpha158_csi300_custom_step0_s_20260527_18,19dad47828fe440f8a241bba396a6f4f,0.043,,,
3083,2026-05-27,SH601127,-0.00023258735466955542,EXP_CatBoostModel_Alpha158_csi300_custom_step0_s_20260527_18,19dad47828fe440f8a241bba396a6f4f,0.043,,,
3084,2026-05-27,SH601111,-0.00023258735466955542,EXP_CatBoostModel_Alpha158_csi300_custom_step0_s_20260527_18,19dad47828fe440f8a241bba396a6f4f,0.043,,,
3085,2026-05-27,SH601100,-0.00023258735466955542,EXP_CatBoostModel_Alpha158_csi300_custom_step0_s_20260527_18,19dad47828fe440f8a241bba396a6f4f,0.043,,,
3086,2026-05-27,SH601088,-0.0021282796256140387,EXP_CatBoostModel_Alpha158_csi300_custom_step0_s_20260527_18,19dad47828fe440f8a241bba396a6f4f,0.043,,,
3087,2026-05-27,SH601077,-0.00023258735466955542,EXP_CatBoostModel_Alpha158_csi300_custom_step0_s_20260527_18,19dad47828fe440f8a241bba396a6f4f,0.043,,,
3088,2026-05-27,SH601066,-0.0009588903026050907,EXP_CatBoostModel_Alpha158_csi300_custom_step0_s_20260527_18,19dad47828fe440f8a241bba396a6f4f,0.043,,,
3089,2026-05-27,SH601059,0.002985007549210261,EXP_CatBoostModel_Alpha158_csi300_custom_step0_s_20260527_18,19dad47828fe440f8a241bba396a6f4f,0.043,,,
3090,2026-05-27,SH601117,-0.00023258735466955542,EXP_CatBoostModel_Alpha158_csi300_custom_step0_s_20260527_18,19dad47828fe440f8a241bba396a6f4f,0.043,,,
3091,2026-05-27,SZ300418,-0.00023258735466955542,EXP_CatBoostModel_Alpha158_csi300_custom_step0_s_20260527_18,19dad47828fe440f8a241bba396a6f4f,0.043,,,
3092,2026-05-27,SZ300433,-0.017657063428224186,EXP_CatBoostModel_Alpha158_csi300_custom_step0_s_20260527_18,19dad47828fe440f8a241bba396a6f4f,0.043,,,
3093,2026-05-27,SZ300442,-0.00023258735466955542,EXP_CatBoostModel_Alpha158_csi300_custom_step0_s_20260527_18,19dad47828fe440f8a241bba396a6f4f,0.043,,,
3094,2026-05-27,SH603259,0.0011096144497969172,EXP_CatBoostModel_Alpha158_csi300_custom_step0_s_20260527_18,541ea47e4e6645e69b0b198b28e29782,0.049,,,
3095,2026-05-27,SH603260,-0.0013800648103027139,EXP_CatBoostModel_Alpha158_csi300_custom_step0_s_20260527_18,541ea47e4e6645e69b0b198b28e29782,0.049,,,
3096,2026-05-27,SH603288,0.0006253619678251939,EXP_CatBoostModel_Alpha158_csi300_custom_step0_s_20260527_18,541ea47e4e6645e69b0b198b28e29782,0.049,,,
3097,2026-05-27,SH603296,-0.0013800648103027139,EXP_CatBoostModel_Alpha158_csi300_custom_step0_s_20260527_18,541ea47e4e6645e69b0b198b28e29782,0.049,,,
3098,2026-05-27,SH603369,-0.0013800648103027139,EXP_CatBoostModel_Alpha158_csi300_custom_step0_s_20260527_18,541ea47e4e6645e69b0b198b28e29782,0.049,,,
3099,2026-05-27,SH603392,-0.0013800648103027139,EXP_CatBoostModel_Alpha158_csi300_custom_step0_s_20260527_18,541ea47e4e6645e69b0b198b28e29782,0.049,,,
3100,2026-05-27,SH603501,-0.0013800648103027139,EXP_CatBoostModel_Alpha158_csi300_custom_step0_s_20260527_18,541ea47e4e6645e69b0b198b28e29782,0.049,,,
3101,2026-05-27,SH603799,-0.0013800648103027139,EXP_CatBoostModel_Alpha158_csi300_custom_step0_s_20260527_18,541ea47e4e6645e69b0b198b28e29782,0.049,,,
3102,2026-05-27,SH603893,0.0006253619678251939,EXP_CatBoostModel_Alpha158_csi300_custom_step0_s_20260527_18,541ea47e4e6645e69b0b198b28e29782,0.049,,,
3103,2026-05-27,SH603986,-0.05891839126585904,EXP_CatBoostModel_Alpha158_csi300_custom_step0_s_20260527_18,541ea47e4e6645e69b0b198b28e29782,0.049,,,
3104,2026-05-27,SH603993,-0.0013800648103027139,EXP_CatBoostModel_Alpha158_csi300_custom_step0_s_20260527_18,541ea47e4e6645e69b0b198b28e29782,0.049,,,
3105,2026-05-27,SH605117,-0.0013800648103027139,EXP_CatBoostModel_Alpha158_csi300_custom_step0_s_20260527_18,541ea47e4e6645e69b0b198b28e29782,0.049,,,
3106,2026-05-27,SH605499,-0.0013800648103027139,EXP_CatBoostModel_Alpha158_csi300_custom_step0_s_20260527_18,541ea47e4e6645e69b0b198b28e29782,0.049,,,
3107,2026-05-27,SH688008,0.014663981954031508,EXP_CatBoostModel_Alpha158_csi300_custom_step0_s_20260527_18,541ea47e4e6645e69b0b198b28e29782,0.049,,,
3108,2026-05-27,SH688009,0.0011096144497969172,EXP_CatBoostModel_Alpha158_csi300_custom_step0_s_20260527_18,541ea47e4e6645e69b0b198b28e29782,0.049,,,
3109,2026-05-27,SH688012,0.014663981954031508,EXP_CatBoostModel_Alpha158_csi300_custom_step0_s_20260527_18,541ea47e4e6645e69b0b198b28e29782,0.049,,,
3110,2026-05-27,SH688036,-0.0013800648103027139,EXP_CatBoostModel_Alpha158_csi300_custom_step0_s_20260527_18,541ea47e4e6645e69b0b198b28e29782,0.049,,,
3111,2026-05-27,SH688506,-0.0013800648103027139,EXP_CatBoostModel_Alpha158_csi300_custom_step0_s_20260527_18,541ea47e4e6645e69b0b198b28e29782,0.049,,,
3112,2026-05-27,SH688472,-0.0013800648103027139,EXP_CatBoostModel_Alpha158_csi300_custom_step0_s_20260527_18,541ea47e4e6645e69b0b198b28e29782,0.049,,,
3113,2026-05-27,SH688396,0.0006253619678251939,EXP_CatBoostModel_Alpha158_csi300_custom_step0_s_20260527_18,541ea47e4e6645e69b0b198b28e29782,0.049,,,
3114,2026-05-27,SH688303,-0.0013800648103027139,EXP_CatBoostModel_Alpha158_csi300_custom_step0_s_20260527_18,541ea47e4e6645e69b0b198b28e29782,0.049,,,
3115,2026-05-27,SH688271,0.0006253619678251939,EXP_CatBoostModel_Alpha158_csi300_custom_step0_s_20260527_18,541ea47e4e6645e69b0b198b28e29782,0.049,,,
3116,2026-05-27,SH688256,-0.0005783720130645297,EXP_CatBoostModel_Alpha158_csi300_custom_step0_s_20260527_18,541ea47e4e6645e69b0b198b28e29782,0.049,,,
3117,2026-05-27,SH603195,0.000348988943678575,EXP_CatBoostModel_Alpha158_csi300_custom_step0_s_20260527_18,541ea47e4e6645e69b0b198b28e29782,0.049,,,
3118,2026-05-27,SH688223,-0.005599781482115175,EXP_CatBoostModel_Alpha158_csi300_custom_step0_s_20260527_18,541ea47e4e6645e69b0b198b28e29782,0.049,,,
3119,2026-05-27,SH688169,-0.0013800648103027139,EXP_CatBoostModel_Alpha158_csi300_custom_step0_s_20260527_18,541ea47e4e6645e69b0b198b28e29782,0.049,,,
3120,2026-05-27,SH688126,0.007639280733191871,EXP_CatBoostModel_Alpha158_csi300_custom_step0_s_20260527_18,541ea47e4e6645e69b0b198b28e29782,0.049,,,
3121,2026-05-27,SH688111,-0.005599781482115175,EXP_CatBoostModel_Alpha158_csi300_custom_step0_s_20260527_18,541ea47e4e6645e69b0b198b28e29782,0.049,,,
3122,2026-05-27,SH688082,-0.0005783720130645297,EXP_CatBoostModel_Alpha158_csi300_custom_step0_s_20260527_18,541ea47e4e6645e69b0b198b28e29782,0.049,,,
3123,2026-05-27,SH688047,-0.0013800648103027139,EXP_CatBoostModel_Alpha158_csi300_custom_step0_s_20260527_18,541ea47e4e6645e69b0b198b28e29782,0.049,,,
3124,2026-05-27,SH688041,-0.0013800648103027139,EXP_CatBoostModel_Alpha158_csi300_custom_step0_s_20260527_18,541ea47e4e6645e69b0b198b28e29782,0.049,,,
3125,2026-05-27,SH688187,0.0006253619678251939,EXP_CatBoostModel_Alpha158_csi300_custom_step0_s_20260527_18,541ea47e4e6645e69b0b198b28e29782,0.049,,,
3126,2026-05-27,SH688981,-0.0013800648103027139,EXP_CatBoostModel_Alpha158_csi300_custom_step0_s_20260527_18,541ea47e4e6645e69b0b198b28e29782,0.049,,,
3127,2026-05-27,SH603019,-0.0013800648103027139,EXP_CatBoostModel_Alpha158_csi300_custom_step0_s_20260527_18,541ea47e4e6645e69b0b198b28e29782,0.049,,,
3128,2026-05-27,SH601995,0.002367149209187246,EXP_CatBoostModel_Alpha158_csi300_custom_step0_s_20260527_18,541ea47e4e6645e69b0b198b28e29782,0.049,,,
3129,2026-05-27,SH601633,-0.0013800648103027139,EXP_CatBoostModel_Alpha158_csi300_custom_step0_s_20260527_18,541ea47e4e6645e69b0b198b28e29782,0.049,,,
3130,2026-05-27,SH601658,0.0014504945061926502,EXP_CatBoostModel_Alpha158_csi300_custom_step0_s_20260527_18,541ea47e4e6645e69b0b198b28e29782,0.049,,,
3131,2026-05-27,SH601668,0.0014504945061926502,EXP_CatBoostModel_Alpha158_csi300_custom_step0_s_20260527_18,541ea47e4e6645e69b0b198b28e29782,0.049,,,
3132,2026-05-27,SH601669,-0.0005145796747345673,EXP_CatBoostModel_Alpha158_csi300_custom_step0_s_20260527_18,541ea47e4e6645e69b0b198b28e29782,0.049,,,
3133,2026-05-27,SH601688,0.0014504945061926502,EXP_CatBoostModel_Alpha158_csi300_custom_step0_s_20260527_18,541ea47e4e6645e69b0b198b28e29782,0.049,,,
3134,2026-05-27,SH601689,0.0006253619678251939,EXP_CatBoostModel_Alpha158_csi300_custom_step0_s_20260527_18,541ea47e4e6645e69b0b198b28e29782,0.049,,,
3135,2026-05-27,SH601698,-0.0013800648103027139,EXP_CatBoostModel_Alpha158_csi300_custom_step0_s_20260527_18,541ea47e4e6645e69b0b198b28e29782,0.049,,,
3136,2026-05-27,SH601728,-0.0013800648103027139,EXP_CatBoostModel_Alpha158_csi300_custom_step0_s_20260527_18,541ea47e4e6645e69b0b198b28e29782,0.049,,,
3137,2026-05-27,SH601766,-0.0013800648103027139,EXP_CatBoostModel_Alpha158_csi300_custom_step0_s_20260527_18,541ea47e4e6645e69b0b198b28e29782,0.049,,,
3138,2026-05-27,SH601788,-0.0013800648103027139,EXP_CatBoostModel_Alpha158_csi300_custom_step0_s_20260527_18,541ea47e4e6645e69b0b198b28e29782,0.049,,,
3139,2026-05-27,SH601800,-0.0013800648103027139,EXP_CatBoostModel_Alpha158_csi300_custom_step0_s_20260527_18,541ea47e4e6645e69b0b198b28e29782,0.049,,,
3140,2026-05-27,SH601808,-0.0005145796747345673,EXP_CatBoostModel_Alpha158_csi300_custom_step0_s_20260527_18,541ea47e4e6645e69b0b198b28e29782,0.049,,,
3141,2026-05-27,SH601816,-0.003189427970595632,EXP_CatBoostModel_Alpha158_csi300_custom_step0_s_20260527_18,541ea47e4e6645e69b0b198b28e29782,0.049,,,
3142,2026-05-27,SH601818,0.0014504945061926502,EXP_CatBoostModel_Alpha158_csi300_custom_step0_s_20260527_18,541ea47e4e6645e69b0b198b28e29782,0.049,,,
3143,2026-05-27,SH601825,-0.0005145796747345673,EXP_CatBoostModel_Alpha158_csi300_custom_step0_s_20260527_18,541ea47e4e6645e69b0b198b28e29782,0.049,,,
3144,2026-05-27,SH601838,-0.000610512465889629,EXP_CatBoostModel_Alpha158_csi300_custom_step0_s_20260527_18,541ea47e4e6645e69b0b198b28e29782,0.049,,,
3145,2026-05-27,SH601857,-0.0013800648103027139,EXP_CatBoostModel_Alpha158_csi300_custom_step0_s_20260527_18,541ea47e4e6645e69b0b198b28e29782,0.049,,,
3146,2026-05-27,SH601988,0.002367149209187246,EXP_CatBoostModel_Alpha158_csi300_custom_step0_s_20260527_18,541ea47e4e6645e69b0b198b28e29782,0.049,,,
3147,2026-05-27,SH601985,0.0014504945061926502,EXP_CatBoostModel_Alpha158_csi300_custom_step0_s_20260527_18,541ea47e4e6645e69b0b198b28e29782,0.049,,,
3148,2026-05-27,SH601939,0.004543879133530537,EXP_CatBoostModel_Alpha158_csi300_custom_step0_s_20260527_18,541ea47e4e6645e69b0b198b28e29782,0.049,,,
3149,2026-05-27,SH601919,0.0014504945061926502,EXP_CatBoostModel_Alpha158_csi300_custom_step0_s_20260527_18,541ea47e4e6645e69b0b198b28e29782,0.049,,,
3150,2026-05-27,SH601916,0.0014504945061926502,EXP_CatBoostModel_Alpha158_csi300_custom_step0_s_20260527_18,541ea47e4e6645e69b0b198b28e29782,0.049,,,
3151,2026-05-27,SH601901,0.0014504945061926502,EXP_CatBoostModel_Alpha158_csi300_custom_step0_s_20260527_18,541ea47e4e6645e69b0b198b28e29782,0.049,,,
3152,2026-05-27,SH601998,-0.0013800648103027139,EXP_CatBoostModel_Alpha158_csi300_custom_step0_s_20260527_18,541ea47e4e6645e69b0b198b28e29782,0.049,,,
3153,2026-05-27,SH601899,-0.0013800648103027139,EXP_CatBoostModel_Alpha158_csi300_custom_step0_s_20260527_18,541ea47e4e6645e69b0b198b28e29782,0.049,,,
3154,2026-05-27,SH601888,0.0006253619678251939,EXP_CatBoostModel_Alpha158_csi300_custom_step0_s_20260527_18,541ea47e4e6645e69b0b198b28e29782,0.049,,,
3155,2026-05-27,SH601881,0.0014504945061926502,EXP_CatBoostModel_Alpha158_csi300_custom_step0_s_20260527_18,541ea47e4e6645e69b0b198b28e29782,0.049,,,
3156,2026-05-27,SH601878,0.0014504945061926502,EXP_CatBoostModel_Alpha158_csi300_custom_step0_s_20260527_18,541ea47e4e6645e69b0b198b28e29782,0.049,,,
3157,2026-05-27,SH601877,-0.0013800648103027139,EXP_CatBoostModel_Alpha158_csi300_custom_step0_s_20260527_18,541ea47e4e6645e69b0b198b28e29782,0.049,,,
3158,2026-05-27,SH601872,-0.0013800648103027139,EXP_CatBoostModel_Alpha158_csi300_custom_step0_s_20260527_18,541ea47e4e6645e69b0b198b28e29782,0.049,,,
3159,2026-05-27,SH601868,-0.0013800648103027139,EXP_CatBoostModel_Alpha158_csi300_custom_step0_s_20260527_18,541ea47e4e6645e69b0b198b28e29782,0.049,,,
3160,2026-05-27,SH601898,-0.0013800648103027139,EXP_CatBoostModel_Alpha158_csi300_custom_step0_s_20260527_18,541ea47e4e6645e69b0b198b28e29782,0.049,,,
3161,2026-05-27,SZ000001,0.0014504945061926502,EXP_CatBoostModel_Alpha158_csi300_custom_step0_s_20260527_18,541ea47e4e6645e69b0b198b28e29782,0.049,,,
3162,2026-05-27,SZ000002,-0.0013800648103027139,EXP_CatBoostModel_Alpha158_csi300_custom_step0_s_20260527_18,541ea47e4e6645e69b0b198b28e29782,0.049,,,
3163,2026-05-27,SZ000063,-0.0013800648103027139,EXP_CatBoostModel_Alpha158_csi300_custom_step0_s_20260527_18,541ea47e4e6645e69b0b198b28e29782,0.049,,,
3164,2026-05-27,SZ002027,-0.0013800648103027139,EXP_CatBoostModel_Alpha158_csi300_custom_step0_s_20260527_18,541ea47e4e6645e69b0b198b28e29782,0.049,,,
3165,2026-05-27,SZ002028,-0.0013800648103027139,EXP_CatBoostModel_Alpha158_csi300_custom_step0_s_20260527_18,541ea47e4e6645e69b0b198b28e29782,0.049,,,
3166,2026-05-27,SZ002049,0.0006253619678251939,EXP_CatBoostModel_Alpha158_csi300_custom_step0_s_20260527_18,541ea47e4e6645e69b0b198b28e29782,0.049,,,
3167,2026-05-27,SZ002050,0.0006253619678251939,EXP_CatBoostModel_Alpha158_csi300_custom_step0_s_20260527_18,541ea47e4e6645e69b0b198b28e29782,0.049,,,
3168,2026-05-27,SZ002074,-0.0013800648103027139,EXP_CatBoostModel_Alpha158_csi300_custom_step0_s_20260527_18,541ea47e4e6645e69b0b198b28e29782,0.049,,,
3169,2026-05-27,SZ002142,0.0011096144497969172,EXP_CatBoostModel_Alpha158_csi300_custom_step0_s_20260527_18,541ea47e4e6645e69b0b198b28e29782,0.049,,,
3170,2026-05-27,SZ002179,-0.0013800648103027139,EXP_CatBoostModel_Alpha158_csi300_custom_step0_s_20260527_18,541ea47e4e6645e69b0b198b28e29782,0.049,,,
3171,2026-05-27,SZ002230,-0.0019114730621948401,EXP_CatBoostModel_Alpha158_csi300_custom_step0_s_20260527_18,541ea47e4e6645e69b0b198b28e29782,0.049,,,
3172,2026-05-27,SZ002236,0.0014504945061926502,EXP_CatBoostModel_Alpha158_csi300_custom_step0_s_20260527_18,541ea47e4e6645e69b0b198b28e29782,0.049,,,
3173,2026-05-27,SZ002241,0.0006253619678251939,EXP_CatBoostModel_Alpha158_csi300_custom_step0_s_20260527_18,541ea47e4e6645e69b0b198b28e29782,0.049,,,
3174,2026-05-27,SZ002252,-0.0013800648103027139,EXP_CatBoostModel_Alpha158_csi300_custom_step0_s_20260527_18,541ea47e4e6645e69b0b198b28e29782,0.049,,,
3175,2026-05-27,SZ002304,0.0006253619678251939,EXP_CatBoostModel_Alpha158_csi300_custom_step0_s_20260527_18,541ea47e4e6645e69b0b198b28e29782,0.049,,,
3176,2026-05-27,SZ002311,-0.0013800648103027139,EXP_CatBoostModel_Alpha158_csi300_custom_step0_s_20260527_18,541ea47e4e6645e69b0b198b28e29782,0.049,,,
3177,2026-05-27,SZ002352,0.0014504945061926502,EXP_CatBoostModel_Alpha158_csi300_custom_step0_s_20260527_18,541ea47e4e6645e69b0b198b28e29782,0.049,,,
3178,2026-05-27,SZ002371,-0.0013800648103027139,EXP_CatBoostModel_Alpha158_csi300_custom_step0_s_20260527_18,541ea47e4e6645e69b0b198b28e29782,0.049,,,
3179,2026-05-27,SZ002384,0.014663981954031508,EXP_CatBoostModel_Alpha158_csi300_custom_step0_s_20260527_18,541ea47e4e6645e69b0b198b28e29782,0.049,,,
3180,2026-05-27,SZ002415,0.0011096144497969172,EXP_CatBoostModel_Alpha158_csi300_custom_step0_s_20260527_18,541ea47e4e6645e69b0b198b28e29782,0.049,,,
3181,2026-05-27,SZ002714,-0.0005145796747345673,EXP_CatBoostModel_Alpha158_csi300_custom_step0_s_20260527_18,541ea47e4e6645e69b0b198b28e29782,0.049,,,
3182,2026-05-27,SZ002709,-0.0013800648103027139,EXP_CatBoostModel_Alpha158_csi300_custom_step0_s_20260527_18,541ea47e4e6645e69b0b198b28e29782,0.049,,,
3183,2026-05-27,SZ002648,-0.0013800648103027139,EXP_CatBoostModel_Alpha158_csi300_custom_step0_s_20260527_18,541ea47e4e6645e69b0b198b28e29782,0.049,,,
3184,2026-05-27,SZ002625,0.0006253619678251939,EXP_CatBoostModel_Alpha158_csi300_custom_step0_s_20260527_18,541ea47e4e6645e69b0b198b28e29782,0.049,,,
3185,2026-05-27,SZ002601,-0.005599781482115175,EXP_CatBoostModel_Alpha158_csi300_custom_step0_s_20260527_18,541ea47e4e6645e69b0b198b28e29782,0.049,,,
3186,2026-05-27,SZ002600,-0.0013800648103027139,EXP_CatBoostModel_Alpha158_csi300_custom_step0_s_20260527_18,541ea47e4e6645e69b0b198b28e29782,0.049,,,
3187,2026-05-27,SZ002001,-0.0013800648103027139,EXP_CatBoostModel_Alpha158_csi300_custom_step0_s_20260527_18,541ea47e4e6645e69b0b198b28e29782,0.049,,,
3188,2026-05-27,SZ002594,-0.0013800648103027139,EXP_CatBoostModel_Alpha158_csi300_custom_step0_s_20260527_18,541ea47e4e6645e69b0b198b28e29782,0.049,,,
3189,2026-05-27,SZ002475,-0.0013800648103027139,EXP_CatBoostModel_Alpha158_csi300_custom_step0_s_20260527_18,541ea47e4e6645e69b0b198b28e29782,0.049,,,
3190,2026-05-27,SZ002466,-0.0005145796747345673,EXP_CatBoostModel_Alpha158_csi300_custom_step0_s_20260527_18,541ea47e4e6645e69b0b198b28e29782,0.049,,,
3191,2026-05-27,SZ002463,-0.0013800648103027139,EXP_CatBoostModel_Alpha158_csi300_custom_step0_s_20260527_18,541ea47e4e6645e69b0b198b28e29782,0.049,,,
3192,2026-05-27,SZ002460,-0.0005145796747345673,EXP_CatBoostModel_Alpha158_csi300_custom_step0_s_20260527_18,541ea47e4e6645e69b0b198b28e29782,0.049,,,
3193,2026-05-27,SZ002459,-0.005599781482115175,EXP_CatBoostModel_Alpha158_csi300_custom_step0_s_20260527_18,541ea47e4e6645e69b0b198b28e29782,0.049,,,
3194,2026-05-27,SZ002422,-0.0013800648103027139,EXP_CatBoostModel_Alpha158_csi300_custom_step0_s_20260527_18,541ea47e4e6645e69b0b198b28e29782,0.049,,,
3195,2026-05-27,SZ002493,-0.0013800648103027139,EXP_CatBoostModel_Alpha158_csi300_custom_step0_s_20260527_18,541ea47e4e6645e69b0b198b28e29782,0.049,,,
3196,2026-05-27,SZ001979,-0.0013800648103027139,EXP_CatBoostModel_Alpha158_csi300_custom_step0_s_20260527_18,541ea47e4e6645e69b0b198b28e29782,0.049,,,
3197,2026-05-27,SZ001965,0.0011096144497969172,EXP_CatBoostModel_Alpha158_csi300_custom_step0_s_20260527_18,541ea47e4e6645e69b0b198b28e29782,0.049,,,
3198,2026-05-27,SZ001391,-0.003189427970595632,EXP_CatBoostModel_Alpha158_csi300_custom_step0_s_20260527_18,541ea47e4e6645e69b0b198b28e29782,0.049,,,
3199,2026-05-27,SZ000630,-0.0013800648103027139,EXP_CatBoostModel_Alpha158_csi300_custom_step0_s_20260527_18,541ea47e4e6645e69b0b198b28e29782,0.049,,,
3200,2026-05-27,SZ000625,-0.0005145796747345673,EXP_CatBoostModel_Alpha158_csi300_custom_step0_s_20260527_18,541ea47e4e6645e69b0b198b28e29782,0.049,,,
3201,2026-05-27,SZ000617,-0.005599781482115175,EXP_CatBoostModel_Alpha158_csi300_custom_step0_s_20260527_18,541ea47e4e6645e69b0b198b28e29782,0.049,,,
3202,2026-05-27,SZ000596,0.0006253619678251939,EXP_CatBoostModel_Alpha158_csi300_custom_step0_s_20260527_18,541ea47e4e6645e69b0b198b28e29782,0.049,,,
3203,2026-05-27,SZ000568,0.000348988943678575,EXP_CatBoostModel_Alpha158_csi300_custom_step0_s_20260527_18,541ea47e4e6645e69b0b198b28e29782,0.049,,,
3204,2026-05-27,SZ000538,0.000348988943678575,EXP_CatBoostModel_Alpha158_csi300_custom_step0_s_20260527_18,541ea47e4e6645e69b0b198b28e29782,0.049,,,
3205,2026-05-27,SZ000651,0.0011096144497969172,EXP_CatBoostModel_Alpha158_csi300_custom_step0_s_20260527_18,541ea47e4e6645e69b0b198b28e29782,0.049,,,
3206,2026-05-27,SZ000425,-0.0013800648103027139,EXP_CatBoostModel_Alpha158_csi300_custom_step0_s_20260527_18,541ea47e4e6645e69b0b198b28e29782,0.049,,,
3207,2026-05-27,SZ000338,-0.0013800648103027139,EXP_CatBoostModel_Alpha158_csi300_custom_step0_s_20260527_18,541ea47e4e6645e69b0b198b28e29782,0.049,,,
3208,2026-05-27,SZ000333,0.002367149209187246,EXP_CatBoostModel_Alpha158_csi300_custom_step0_s_20260527_18,541ea47e4e6645e69b0b198b28e29782,0.049,,,
3209,2026-05-27,SZ000301,-0.0013800648103027139,EXP_CatBoostModel_Alpha158_csi300_custom_step0_s_20260527_18,541ea47e4e6645e69b0b198b28e29782,0.049,,,
3210,2026-05-27,SZ000166,0.0011096144497969172,EXP_CatBoostModel_Alpha158_csi300_custom_step0_s_20260527_18,541ea47e4e6645e69b0b198b28e29782,0.049,,,
3211,2026-05-27,SZ000157,-0.0013800648103027139,EXP_CatBoostModel_Alpha158_csi300_custom_step0_s_20260527_18,541ea47e4e6645e69b0b198b28e29782,0.049,,,
3212,2026-05-27,SZ000100,-0.0019114730621948401,EXP_CatBoostModel_Alpha158_csi300_custom_step0_s_20260527_18,541ea47e4e6645e69b0b198b28e29782,0.049,,,
3213,2026-05-27,SZ000408,-0.0013800648103027139,EXP_CatBoostModel_Alpha158_csi300_custom_step0_s_20260527_18,541ea47e4e6645e69b0b198b28e29782,0.049,,,
3214,2026-05-27,SH601628,-0.0013800648103027139,EXP_CatBoostModel_Alpha158_csi300_custom_step0_s_20260527_18,541ea47e4e6645e69b0b198b28e29782,0.049,,,
3215,2026-05-27,SZ000661,0.0006253619678251939,EXP_CatBoostModel_Alpha158_csi300_custom_step0_s_20260527_18,541ea47e4e6645e69b0b198b28e29782,0.049,,,
3216,2026-05-27,SZ000725,0.0006253619678251939,EXP_CatBoostModel_Alpha158_csi300_custom_step0_s_20260527_18,541ea47e4e6645e69b0b198b28e29782,0.049,,,
3217,2026-05-27,SZ000999,-0.000610512465889629,EXP_CatBoostModel_Alpha158_csi300_custom_step0_s_20260527_18,541ea47e4e6645e69b0b198b28e29782,0.049,,,
3218,2026-05-27,SZ000983,0.0011096144497969172,EXP_CatBoostModel_Alpha158_csi300_custom_step0_s_20260527_18,541ea47e4e6645e69b0b198b28e29782,0.049,,,
3219,2026-05-27,SZ000977,-0.005599781482115175,EXP_CatBoostModel_Alpha158_csi300_custom_step0_s_20260527_18,541ea47e4e6645e69b0b198b28e29782,0.049,,,
3220,2026-05-27,SZ000975,0.0006253619678251939,EXP_CatBoostModel_Alpha158_csi300_custom_step0_s_20260527_18,541ea47e4e6645e69b0b198b28e29782,0.049,,,
3221,2026-05-27,SZ000963,-0.0013800648103027139,EXP_CatBoostModel_Alpha158_csi300_custom_step0_s_20260527_18,541ea47e4e6645e69b0b198b28e29782,0.049,,,
3222,2026-05-27,SZ000938,-0.0013800648103027139,EXP_CatBoostModel_Alpha158_csi300_custom_step0_s_20260527_18,541ea47e4e6645e69b0b198b28e29782,0.049,,,
3223,2026-05-27,SZ000708,0.0011096144497969172,EXP_CatBoostModel_Alpha158_csi300_custom_step0_s_20260527_18,541ea47e4e6645e69b0b198b28e29782,0.049,,,
3224,2026-05-27,SZ000895,-0.0013800648103027139,EXP_CatBoostModel_Alpha158_csi300_custom_step0_s_20260527_18,541ea47e4e6645e69b0b198b28e29782,0.049,,,
3225,2026-05-27,SZ000858,0.0006253619678251939,EXP_CatBoostModel_Alpha158_csi300_custom_step0_s_20260527_18,541ea47e4e6645e69b0b198b28e29782,0.049,,,
3226,2026-05-27,SZ000807,-0.0013800648103027139,EXP_CatBoostModel_Alpha158_csi300_custom_step0_s_20260527_18,541ea47e4e6645e69b0b198b28e29782,0.049,,,
3227,2026-05-27,SZ000792,-0.0005145796747345673,EXP_CatBoostModel_Alpha158_csi300_custom_step0_s_20260527_18,541ea47e4e6645e69b0b198b28e29782,0.049,,,
3228,2026-05-27,SZ000786,0.0006253619678251939,EXP_CatBoostModel_Alpha158_csi300_custom_step0_s_20260527_18,541ea47e4e6645e69b0b198b28e29782,0.049,,,
3229,2026-05-27,SZ000776,-0.0013800648103027139,EXP_CatBoostModel_Alpha158_csi300_custom_step0_s_20260527_18,541ea47e4e6645e69b0b198b28e29782,0.049,,,
3230,2026-05-27,SZ000768,-0.0013800648103027139,EXP_CatBoostModel_Alpha158_csi300_custom_step0_s_20260527_18,541ea47e4e6645e69b0b198b28e29782,0.049,,,
3231,2026-05-27,SZ000876,-0.0013800648103027139,EXP_CatBoostModel_Alpha158_csi300_custom_step0_s_20260527_18,541ea47e4e6645e69b0b198b28e29782,0.049,,,
3232,2026-05-27,SZ000977,-0.00011946844827986863,EXP_LGBModel_Alpha158_csi300_custom_step0_s_20260527_18,0f7a292b059a4373a786bd091abfef3d,0.072,,,
3233,2026-05-27,SH601618,0.0014504945061926502,EXP_CatBoostModel_Alpha158_csi300_custom_step0_s_20260527_18,541ea47e4e6645e69b0b198b28e29782,0.049,,,
3234,2026-05-27,SH601601,-0.0005145796747345673,EXP_CatBoostModel_Alpha158_csi300_custom_step0_s_20260527_18,541ea47e4e6645e69b0b198b28e29782,0.049,,,
3235,2026-05-27,SH600039,-0.0013800648103027139,EXP_CatBoostModel_Alpha158_csi300_custom_step0_s_20260527_18,541ea47e4e6645e69b0b198b28e29782,0.049,,,
3236,2026-05-27,SH600048,-0.0013800648103027139,EXP_CatBoostModel_Alpha158_csi300_custom_step0_s_20260527_18,541ea47e4e6645e69b0b198b28e29782,0.049,,,
3237,2026-05-27,SH600050,-0.0013800648103027139,EXP_CatBoostModel_Alpha158_csi300_custom_step0_s_20260527_18,541ea47e4e6645e69b0b198b28e29782,0.049,,,
3238,2026-05-27,SH600061,0.0011096144497969172,EXP_CatBoostModel_Alpha158_csi300_custom_step0_s_20260527_18,541ea47e4e6645e69b0b198b28e29782,0.049,,,
3239,2026-05-27,SH600066,0.0011096144497969172,EXP_CatBoostModel_Alpha158_csi300_custom_step0_s_20260527_18,541ea47e4e6645e69b0b198b28e29782,0.049,,,
3240,2026-05-27,SH600085,0.0006253619678251939,EXP_CatBoostModel_Alpha158_csi300_custom_step0_s_20260527_18,541ea47e4e6645e69b0b198b28e29782,0.049,,,
3241,2026-05-27,SH600089,-0.0013800648103027139,EXP_CatBoostModel_Alpha158_csi300_custom_step0_s_20260527_18,541ea47e4e6645e69b0b198b28e29782,0.049,,,
3242,2026-05-27,SH600104,-0.0005145796747345673,EXP_CatBoostModel_Alpha158_csi300_custom_step0_s_20260527_18,541ea47e4e6645e69b0b198b28e29782,0.049,,,
3243,2026-05-27,SH600111,-0.0013800648103027139,EXP_CatBoostModel_Alpha158_csi300_custom_step0_s_20260527_18,541ea47e4e6645e69b0b198b28e29782,0.049,,,
3244,2026-05-27,SH600115,-0.0013800648103027139,EXP_CatBoostModel_Alpha158_csi300_custom_step0_s_20260527_18,541ea47e4e6645e69b0b198b28e29782,0.049,,,
3245,2026-05-27,SH600150,-0.0013800648103027139,EXP_CatBoostModel_Alpha158_csi300_custom_step0_s_20260527_18,541ea47e4e6645e69b0b198b28e29782,0.049,,,
3246,2026-05-27,SH600160,-0.0013800648103027139,EXP_CatBoostModel_Alpha158_csi300_custom_step0_s_20260527_18,541ea47e4e6645e69b0b198b28e29782,0.049,,,
3247,2026-05-27,SH600161,-0.0013800648103027139,EXP_CatBoostModel_Alpha158_csi300_custom_step0_s_20260527_18,541ea47e4e6645e69b0b198b28e29782,0.049,,,
3248,2026-05-27,SH600176,-0.0013800648103027139,EXP_CatBoostModel_Alpha158_csi300_custom_step0_s_20260527_18,541ea47e4e6645e69b0b198b28e29782,0.049,,,
3249,2026-05-27,SH600183,-0.0005783720130645297,EXP_CatBoostModel_Alpha158_csi300_custom_step0_s_20260527_18,541ea47e4e6645e69b0b198b28e29782,0.049,,,
3250,2026-05-27,SH600188,-0.0013800648103027139,EXP_CatBoostModel_Alpha158_csi300_custom_step0_s_20260527_18,541ea47e4e6645e69b0b198b28e29782,0.049,,,
3251,2026-05-27,SH600196,-0.0013800648103027139,EXP_CatBoostModel_Alpha158_csi300_custom_step0_s_20260527_18,541ea47e4e6645e69b0b198b28e29782,0.049,,,
3252,2026-05-27,SH600460,0.0006253619678251939,EXP_CatBoostModel_Alpha158_csi300_custom_step0_s_20260527_18,541ea47e4e6645e69b0b198b28e29782,0.049,,,
3253,2026-05-27,SH600438,-0.0013800648103027139,EXP_CatBoostModel_Alpha158_csi300_custom_step0_s_20260527_18,541ea47e4e6645e69b0b198b28e29782,0.049,,,
3254,2026-05-27,SH600436,0.0006253619678251939,EXP_CatBoostModel_Alpha158_csi300_custom_step0_s_20260527_18,541ea47e4e6645e69b0b198b28e29782,0.049,,,
3255,2026-05-27,SH600426,-0.0013800648103027139,EXP_CatBoostModel_Alpha158_csi300_custom_step0_s_20260527_18,541ea47e4e6645e69b0b198b28e29782,0.049,,,
3256,2026-05-27,SH600415,-0.0013800648103027139,EXP_CatBoostModel_Alpha158_csi300_custom_step0_s_20260527_18,541ea47e4e6645e69b0b198b28e29782,0.049,,,
3257,2026-05-27,SH600406,0.0014504945061926502,EXP_CatBoostModel_Alpha158_csi300_custom_step0_s_20260527_18,541ea47e4e6645e69b0b198b28e29782,0.049,,,
3258,2026-05-27,SH600036,0.0011096144497969172,EXP_CatBoostModel_Alpha158_csi300_custom_step0_s_20260527_18,541ea47e4e6645e69b0b198b28e29782,0.049,,,
3259,2026-05-27,SH600377,0.002367149209187246,EXP_CatBoostModel_Alpha158_csi300_custom_step0_s_20260527_18,541ea47e4e6645e69b0b198b28e29782,0.049,,,
3260,2026-05-27,SH600362,-0.0013800648103027139,EXP_CatBoostModel_Alpha158_csi300_custom_step0_s_20260527_18,541ea47e4e6645e69b0b198b28e29782,0.049,,,
3261,2026-05-27,SH600346,-0.0013800648103027139,EXP_CatBoostModel_Alpha158_csi300_custom_step0_s_20260527_18,541ea47e4e6645e69b0b198b28e29782,0.049,,,
3262,2026-05-27,SH600309,-0.0005145796747345673,EXP_CatBoostModel_Alpha158_csi300_custom_step0_s_20260527_18,541ea47e4e6645e69b0b198b28e29782,0.049,,,
3263,2026-05-27,SH600276,-0.0013800648103027139,EXP_CatBoostModel_Alpha158_csi300_custom_step0_s_20260527_18,541ea47e4e6645e69b0b198b28e29782,0.049,,,
3264,2026-05-27,SH600233,-0.0013800648103027139,EXP_CatBoostModel_Alpha158_csi300_custom_step0_s_20260527_18,541ea47e4e6645e69b0b198b28e29782,0.049,,,
3265,2026-05-27,SH600219,-0.0013800648103027139,EXP_CatBoostModel_Alpha158_csi300_custom_step0_s_20260527_18,541ea47e4e6645e69b0b198b28e29782,0.049,,,
3266,2026-05-27,SH600372,-0.0005145796747345673,EXP_CatBoostModel_Alpha158_csi300_custom_step0_s_20260527_18,541ea47e4e6645e69b0b198b28e29782,0.049,,,
3267,2026-05-27,SH600482,-0.0013800648103027139,EXP_CatBoostModel_Alpha158_csi300_custom_step0_s_20260527_18,541ea47e4e6645e69b0b198b28e29782,0.049,,,
3268,2026-05-27,SH600031,-0.0013800648103027139,EXP_CatBoostModel_Alpha158_csi300_custom_step0_s_20260527_18,541ea47e4e6645e69b0b198b28e29782,0.049,,,
3269,2026-05-27,SH600029,-0.0013800648103027139,EXP_CatBoostModel_Alpha158_csi300_custom_step0_s_20260527_18,541ea47e4e6645e69b0b198b28e29782,0.049,,,
3270,2026-05-27,SZ300476,-0.00023258735466955542,EXP_CatBoostModel_Alpha158_csi300_custom_step0_s_20260527_18,19dad47828fe440f8a241bba396a6f4f,0.043,,,
3271,2026-05-27,SZ300498,-0.00023258735466955542,EXP_CatBoostModel_Alpha158_csi300_custom_step0_s_20260527_18,19dad47828fe440f8a241bba396a6f4f,0.043,,,
3272,2026-05-27,SZ300502,0.006715519984203392,EXP_CatBoostModel_Alpha158_csi300_custom_step0_s_20260527_18,19dad47828fe440f8a241bba396a6f4f,0.043,,,
3273,2026-05-27,SZ300628,-0.0009588903026050907,EXP_CatBoostModel_Alpha158_csi300_custom_step0_s_20260527_18,19dad47828fe440f8a241bba396a6f4f,0.043,,,
3274,2026-05-27,SZ300661,-0.00023258735466955542,EXP_CatBoostModel_Alpha158_csi300_custom_step0_s_20260527_18,19dad47828fe440f8a241bba396a6f4f,0.043,,,
3275,2026-05-27,SZ300750,-0.00023258735466955542,EXP_CatBoostModel_Alpha158_csi300_custom_step0_s_20260527_18,19dad47828fe440f8a241bba396a6f4f,0.043,,,
3276,2026-05-27,SZ300759,-0.00023258735466955542,EXP_CatBoostModel_Alpha158_csi300_custom_step0_s_20260527_18,19dad47828fe440f8a241bba396a6f4f,0.043,,,
3277,2026-05-27,SZ300760,-0.0009588903026050907,EXP_CatBoostModel_Alpha158_csi300_custom_step0_s_20260527_18,19dad47828fe440f8a241bba396a6f4f,0.043,,,
3278,2026-05-27,SZ300782,-0.00023258735466955542,EXP_CatBoostModel_Alpha158_csi300_custom_step0_s_20260527_18,19dad47828fe440f8a241bba396a6f4f,0.043,,,
3279,2026-05-27,SZ300803,-0.00023258735466955542,EXP_CatBoostModel_Alpha158_csi300_custom_step0_s_20260527_18,19dad47828fe440f8a241bba396a6f4f,0.043,,,
3280,2026-05-27,SZ300832,-0.0009588903026050907,EXP_CatBoostModel_Alpha158_csi300_custom_step0_s_20260527_18,19dad47828fe440f8a241bba396a6f4f,0.043,,,
3281,2026-05-27,SZ300866,-0.0009588903026050907,EXP_CatBoostModel_Alpha158_csi300_custom_step0_s_20260527_18,19dad47828fe440f8a241bba396a6f4f,0.043,,,
3282,2026-05-27,SZ300896,-0.0020954321965130137,EXP_CatBoostModel_Alpha158_csi300_custom_step0_s_20260527_18,19dad47828fe440f8a241bba396a6f4f,0.043,,,
3283,2026-05-27,SZ300979,-0.00023258735466955542,EXP_CatBoostModel_Alpha158_csi300_custom_step0_s_20260527_18,19dad47828fe440f8a241bba396a6f4f,0.043,,,
3284,2026-05-27,SZ300999,-0.0009588903026050907,EXP_CatBoostModel_Alpha158_csi300_custom_step0_s_20260527_18,19dad47828fe440f8a241bba396a6f4f,0.043,,,
3285,2026-05-27,SZ301236,-0.00023258735466955542,EXP_CatBoostModel_Alpha158_csi300_custom_step0_s_20260527_18,19dad47828fe440f8a241bba396a6f4f,0.043,,,
3286,2026-05-27,SZ301269,0.01380381540428222,EXP_CatBoostModel_Alpha158_csi300_custom_step0_s_20260527_18,19dad47828fe440f8a241bba396a6f4f,0.043,,,
3287,2026-05-27,SH600028,-0.0013800648103027139,EXP_CatBoostModel_Alpha158_csi300_custom_step0_s_20260527_18,541ea47e4e6645e69b0b198b28e29782,0.049,,,
3288,2026-05-27,SH600027,-0.0013800648103027139,EXP_CatBoostModel_Alpha158_csi300_custom_step0_s_20260527_18,541ea47e4e6645e69b0b198b28e29782,0.049,,,
3289,2026-05-27,SH600026,-0.0013800648103027139,EXP_CatBoostModel_Alpha158_csi300_custom_step0_s_20260527_18,541ea47e4e6645e69b0b198b28e29782,0.049,,,
3290,2026-05-27,SH600025,0.0014504945061926502,EXP_CatBoostModel_Alpha158_csi300_custom_step0_s_20260527_18,541ea47e4e6645e69b0b198b28e29782,0.049,,,
3291,2026-05-27,SH600023,-0.0013800648103027139,EXP_CatBoostModel_Alpha158_csi300_custom_step0_s_20260527_18,541ea47e4e6645e69b0b198b28e29782,0.049,,,
3292,2026-05-27,SH600019,-0.0013800648103027139,EXP_CatBoostModel_Alpha158_csi300_custom_step0_s_20260527_18,541ea47e4e6645e69b0b198b28e29782,0.049,,,
3293,2026-05-27,SH600030,0.0014504945061926502,EXP_CatBoostModel_Alpha158_csi300_custom_step0_s_20260527_18,541ea47e4e6645e69b0b198b28e29782,0.049,,,
3294,2026-05-27,SH600018,0.0014504945061926502,EXP_CatBoostModel_Alpha158_csi300_custom_step0_s_20260527_18,541ea47e4e6645e69b0b198b28e29782,0.049,,,
3295,2026-05-27,SH600015,0.0011096144497969172,EXP_CatBoostModel_Alpha158_csi300_custom_step0_s_20260527_18,541ea47e4e6645e69b0b198b28e29782,0.049,,,
3296,2026-05-27,SH600011,-0.0013800648103027139,EXP_CatBoostModel_Alpha158_csi300_custom_step0_s_20260527_18,541ea47e4e6645e69b0b198b28e29782,0.049,,,
3297,2026-05-27,SH600010,-0.005599781482115175,EXP_CatBoostModel_Alpha158_csi300_custom_step0_s_20260527_18,541ea47e4e6645e69b0b198b28e29782,0.049,,,
3298,2026-05-27,SH600009,0.0011096144497969172,EXP_CatBoostModel_Alpha158_csi300_custom_step0_s_20260527_18,541ea47e4e6645e69b0b198b28e29782,0.049,,,
3299,2026-05-27,SH600000,0.0006253619678251939,EXP_CatBoostModel_Alpha158_csi300_custom_step0_s_20260527_18,541ea47e4e6645e69b0b198b28e29782,0.049,,,
3300,2026-05-27,SZ302132,-0.00023258735466955542,EXP_CatBoostModel_Alpha158_csi300_custom_step0_s_20260527_18,19dad47828fe440f8a241bba396a6f4f,0.043,,,
3301,2026-05-27,SH600016,0.0014504945061926502,EXP_CatBoostModel_Alpha158_csi300_custom_step0_s_20260527_18,541ea47e4e6645e69b0b198b28e29782,0.049,,,
3302,2026-05-27,SH600489,-0.0013800648103027139,EXP_CatBoostModel_Alpha158_csi300_custom_step0_s_20260527_18,541ea47e4e6645e69b0b198b28e29782,0.049,,,
3303,2026-05-27,SH600515,-0.0005145796747345673,EXP_CatBoostModel_Alpha158_csi300_custom_step0_s_20260527_18,541ea47e4e6645e69b0b198b28e29782,0.049,,,
3304,2026-05-27,SH600519,0.000348988943678575,EXP_CatBoostModel_Alpha158_csi300_custom_step0_s_20260527_18,541ea47e4e6645e69b0b198b28e29782,0.049,,,
3305,2026-05-27,SH601058,-0.0013800648103027139,EXP_CatBoostModel_Alpha158_csi300_custom_step0_s_20260527_18,541ea47e4e6645e69b0b198b28e29782,0.049,,,
3306,2026-05-27,SH601059,0.002367149209187246,EXP_CatBoostModel_Alpha158_csi300_custom_step0_s_20260527_18,541ea47e4e6645e69b0b198b28e29782,0.049,,,
3307,2026-05-27,SH601066,0.0006253619678251939,EXP_CatBoostModel_Alpha158_csi300_custom_step0_s_20260527_18,541ea47e4e6645e69b0b198b28e29782,0.049,,,
3308,2026-05-27,SH601077,0.0011096144497969172,EXP_CatBoostModel_Alpha158_csi300_custom_step0_s_20260527_18,541ea47e4e6645e69b0b198b28e29782,0.049,,,
3309,2026-05-27,SH601088,0.0014504945061926502,EXP_CatBoostModel_Alpha158_csi300_custom_step0_s_20260527_18,541ea47e4e6645e69b0b198b28e29782,0.049,,,
3310,2026-05-27,SH601100,-0.0013800648103027139,EXP_CatBoostModel_Alpha158_csi300_custom_step0_s_20260527_18,541ea47e4e6645e69b0b198b28e29782,0.049,,,
3311,2026-05-27,SH601111,-0.0013800648103027139,EXP_CatBoostModel_Alpha158_csi300_custom_step0_s_20260527_18,541ea47e4e6645e69b0b198b28e29782,0.049,,,
3312,2026-05-27,SH601117,-0.0013800648103027139,EXP_CatBoostModel_Alpha158_csi300_custom_step0_s_20260527_18,541ea47e4e6645e69b0b198b28e29782,0.049,,,
3313,2026-05-27,SH601127,0.0006253619678251939,EXP_CatBoostModel_Alpha158_csi300_custom_step0_s_20260527_18,541ea47e4e6645e69b0b198b28e29782,0.049,,,
3314,2026-05-27,SH601136,-0.0005145796747345673,EXP_CatBoostModel_Alpha158_csi300_custom_step0_s_20260527_18,541ea47e4e6645e69b0b198b28e29782,0.049,,,
3315,2026-05-27,SH601138,-0.0013800648103027139,EXP_CatBoostModel_Alpha158_csi300_custom_step0_s_20260527_18,541ea47e4e6645e69b0b198b28e29782,0.049,,,
3316,2026-05-27,SH601166,-0.0004785261325427215,EXP_CatBoostModel_Alpha158_csi300_custom_step0_s_20260527_18,541ea47e4e6645e69b0b198b28e29782,0.049,,,
3317,2026-05-27,SH601169,0.0011096144497969172,EXP_CatBoostModel_Alpha158_csi300_custom_step0_s_20260527_18,541ea47e4e6645e69b0b198b28e29782,0.049,,,
3318,2026-05-27,SH601186,-0.0005145796747345673,EXP_CatBoostModel_Alpha158_csi300_custom_step0_s_20260527_18,541ea47e4e6645e69b0b198b28e29782,0.049,,,
3319,2026-05-27,SH601211,0.0011096144497969172,EXP_CatBoostModel_Alpha158_csi300_custom_step0_s_20260527_18,541ea47e4e6645e69b0b198b28e29782,0.049,,,
3320,2026-05-27,SH601225,-0.0013800648103027139,EXP_CatBoostModel_Alpha158_csi300_custom_step0_s_20260527_18,541ea47e4e6645e69b0b198b28e29782,0.049,,,
3321,2026-05-27,SH601229,-0.0013800648103027139,EXP_CatBoostModel_Alpha158_csi300_custom_step0_s_20260527_18,541ea47e4e6645e69b0b198b28e29782,0.049,,,
3322,2026-05-27,SH601600,0.0006253619678251939,EXP_CatBoostModel_Alpha158_csi300_custom_step0_s_20260527_18,541ea47e4e6645e69b0b198b28e29782,0.049,,,
3323,2026-05-27,SH601456,0.0014504945061926502,EXP_CatBoostModel_Alpha158_csi300_custom_step0_s_20260527_18,541ea47e4e6645e69b0b198b28e29782,0.049,,,
3324,2026-05-27,SH601398,0.0014504945061926502,EXP_CatBoostModel_Alpha158_csi300_custom_step0_s_20260527_18,541ea47e4e6645e69b0b198b28e29782,0.049,,,
3325,2026-05-27,SH601390,-0.0013800648103027139,EXP_CatBoostModel_Alpha158_csi300_custom_step0_s_20260527_18,541ea47e4e6645e69b0b198b28e29782,0.049,,,
3326,2026-05-27,SH601377,0.0014504945061926502,EXP_CatBoostModel_Alpha158_csi300_custom_step0_s_20260527_18,541ea47e4e6645e69b0b198b28e29782,0.049,,,
3327,2026-05-27,SH601360,-0.0005145796747345673,EXP_CatBoostModel_Alpha158_csi300_custom_step0_s_20260527_18,541ea47e4e6645e69b0b198b28e29782,0.049,,,
3328,2026-05-27,SH601021,0.0014504945061926502,EXP_CatBoostModel_Alpha158_csi300_custom_step0_s_20260527_18,541ea47e4e6645e69b0b198b28e29782,0.049,,,
3329,2026-05-27,SH601336,-0.0013800648103027139,EXP_CatBoostModel_Alpha158_csi300_custom_step0_s_20260527_18,541ea47e4e6645e69b0b198b28e29782,0.049,,,
3330,2026-05-27,SH601319,0.0011096144497969172,EXP_CatBoostModel_Alpha158_csi300_custom_step0_s_20260527_18,541ea47e4e6645e69b0b198b28e29782,0.049,,,
3331,2026-05-27,SH601318,-0.0005145796747345673,EXP_CatBoostModel_Alpha158_csi300_custom_step0_s_20260527_18,541ea47e4e6645e69b0b198b28e29782,0.049,,,
3332,2026-05-27,SH601298,0.0014504945061926502,EXP_CatBoostModel_Alpha158_csi300_custom_step0_s_20260527_18,541ea47e4e6645e69b0b198b28e29782,0.049,,,
3333,2026-05-27,SH601288,-0.0005145796747345673,EXP_CatBoostModel_Alpha158_csi300_custom_step0_s_20260527_18,541ea47e4e6645e69b0b198b28e29782,0.049,,,
3334,2026-05-27,SH601238,-0.0005145796747345673,EXP_CatBoostModel_Alpha158_csi300_custom_step0_s_20260527_18,541ea47e4e6645e69b0b198b28e29782,0.049,,,
3335,2026-05-27,SH601236,-0.000610512465889629,EXP_CatBoostModel_Alpha158_csi300_custom_step0_s_20260527_18,541ea47e4e6645e69b0b198b28e29782,0.049,,,
3336,2026-05-27,SH601328,0.0014504945061926502,EXP_CatBoostModel_Alpha158_csi300_custom_step0_s_20260527_18,541ea47e4e6645e69b0b198b28e29782,0.049,,,
3337,2026-05-27,SH601018,0.0011096144497969172,EXP_CatBoostModel_Alpha158_csi300_custom_step0_s_20260527_18,541ea47e4e6645e69b0b198b28e29782,0.049,,,
3338,2026-05-27,SH601012,-0.0005145796747345673,EXP_CatBoostModel_Alpha158_csi300_custom_step0_s_20260527_18,541ea47e4e6645e69b0b198b28e29782,0.049,,,
3339,2026-05-27,SH601009,-0.0005145796747345673,EXP_CatBoostModel_Alpha158_csi300_custom_step0_s_20260527_18,541ea47e4e6645e69b0b198b28e29782,0.049,,,
3340,2026-05-27,SH600803,-0.0013800648103027139,EXP_CatBoostModel_Alpha158_csi300_custom_step0_s_20260527_18,541ea47e4e6645e69b0b198b28e29782,0.049,,,
3341,2026-05-27,SH600795,0.0014504945061926502,EXP_CatBoostModel_Alpha158_csi300_custom_step0_s_20260527_18,541ea47e4e6645e69b0b198b28e29782,0.049,,,
3342,2026-05-27,SH600760,-0.005599781482115175,EXP_CatBoostModel_Alpha158_csi300_custom_step0_s_20260527_18,541ea47e4e6645e69b0b198b28e29782,0.049,,,
3343,2026-05-27,SH600741,-0.0013800648103027139,EXP_CatBoostModel_Alpha158_csi300_custom_step0_s_20260527_18,541ea47e4e6645e69b0b198b28e29782,0.049,,,
3344,2026-05-27,SH600690,0.0014504945061926502,EXP_CatBoostModel_Alpha158_csi300_custom_step0_s_20260527_18,541ea47e4e6645e69b0b198b28e29782,0.049,,,
3345,2026-05-27,SH600674,0.0014504945061926502,EXP_CatBoostModel_Alpha158_csi300_custom_step0_s_20260527_18,541ea47e4e6645e69b0b198b28e29782,0.049,,,
3346,2026-05-27,SH600809,0.000348988943678575,EXP_CatBoostModel_Alpha158_csi300_custom_step0_s_20260527_18,541ea47e4e6645e69b0b198b28e29782,0.049,,,
3347,2026-05-27,SH600660,-0.0013800648103027139,EXP_CatBoostModel_Alpha158_csi300_custom_step0_s_20260527_18,541ea47e4e6645e69b0b198b28e29782,0.049,,,
3348,2026-05-27,SH600588,-0.0013800648103027139,EXP_CatBoostModel_Alpha158_csi300_custom_step0_s_20260527_18,541ea47e4e6645e69b0b198b28e29782,0.049,,,
3349,2026-05-27,SH600585,-0.0013800648103027139,EXP_CatBoostModel_Alpha158_csi300_custom_step0_s_20260527_18,541ea47e4e6645e69b0b198b28e29782,0.049,,,
3350,2026-05-27,SH600584,-0.024396124380589822,EXP_CatBoostModel_Alpha158_csi300_custom_step0_s_20260527_18,541ea47e4e6645e69b0b198b28e29782,0.049,,,
3351,2026-05-27,SH600570,0.0014504945061926502,EXP_CatBoostModel_Alpha158_csi300_custom_step0_s_20260527_18,541ea47e4e6645e69b0b198b28e29782,0.049,,,
3352,2026-05-27,SH600547,-0.0013800648103027139,EXP_CatBoostModel_Alpha158_csi300_custom_step0_s_20260527_18,541ea47e4e6645e69b0b198b28e29782,0.049,,,
3353,2026-05-27,SH600522,0.014663981954031508,EXP_CatBoostModel_Alpha158_csi300_custom_step0_s_20260527_18,541ea47e4e6645e69b0b198b28e29782,0.049,,,
3354,2026-05-27,SH600600,0.0014504945061926502,EXP_CatBoostModel_Alpha158_csi300_custom_step0_s_20260527_18,541ea47e4e6645e69b0b198b28e29782,0.049,,,
3355,2026-05-27,SH601607,0.0014504945061926502,EXP_CatBoostModel_Alpha158_csi300_custom_step0_s_20260527_18,541ea47e4e6645e69b0b198b28e29782,0.049,,,
3356,2026-05-27,SH600845,-0.005599781482115175,EXP_CatBoostModel_Alpha158_csi300_custom_step0_s_20260527_18,541ea47e4e6645e69b0b198b28e29782,0.049,,,
3357,2026-05-27,SH600886,0.0014504945061926502,EXP_CatBoostModel_Alpha158_csi300_custom_step0_s_20260527_18,541ea47e4e6645e69b0b198b28e29782,0.049,,,
3358,2026-05-27,SH601006,0.0014504945061926502,EXP_CatBoostModel_Alpha158_csi300_custom_step0_s_20260527_18,541ea47e4e6645e69b0b198b28e29782,0.049,,,
3359,2026-05-27,SH600999,0.0006253619678251939,EXP_CatBoostModel_Alpha158_csi300_custom_step0_s_20260527_18,541ea47e4e6645e69b0b198b28e29782,0.049,,,
3360,2026-05-27,SH600989,-0.0013800648103027139,EXP_CatBoostModel_Alpha158_csi300_custom_step0_s_20260527_18,541ea47e4e6645e69b0b198b28e29782,0.049,,,
3361,2026-05-27,SH600958,0.0014504945061926502,EXP_CatBoostModel_Alpha158_csi300_custom_step0_s_20260527_18,541ea47e4e6645e69b0b198b28e29782,0.049,,,
3362,2026-05-27,SH600941,0.002367149209187246,EXP_CatBoostModel_Alpha158_csi300_custom_step0_s_20260527_18,541ea47e4e6645e69b0b198b28e29782,0.049,,,
3363,2026-05-27,SH600938,-0.0005145796747345673,EXP_CatBoostModel_Alpha158_csi300_custom_step0_s_20260527_18,541ea47e4e6645e69b0b198b28e29782,0.049,,,
3364,2026-05-27,SH600875,-0.0013800648103027139,EXP_CatBoostModel_Alpha158_csi300_custom_step0_s_20260527_18,541ea47e4e6645e69b0b198b28e29782,0.049,,,
3365,2026-05-27,SH600930,-0.0013800648103027139,EXP_CatBoostModel_Alpha158_csi300_custom_step0_s_20260527_18,541ea47e4e6645e69b0b198b28e29782,0.049,,,
3366,2026-05-27,SH600919,0.002367149209187246,EXP_CatBoostModel_Alpha158_csi300_custom_step0_s_20260527_18,541ea47e4e6645e69b0b198b28e29782,0.049,,,
3367,2026-05-27,SH600918,-0.0013800648103027139,EXP_CatBoostModel_Alpha158_csi300_custom_step0_s_20260527_18,541ea47e4e6645e69b0b198b28e29782,0.049,,,
3368,2026-05-27,SH600905,0.0014504945061926502,EXP_CatBoostModel_Alpha158_csi300_custom_step0_s_20260527_18,541ea47e4e6645e69b0b198b28e29782,0.049,,,
3369,2026-05-27,SH600900,0.002367149209187246,EXP_CatBoostModel_Alpha158_csi300_custom_step0_s_20260527_18,541ea47e4e6645e69b0b198b28e29782,0.049,,,
3370,2026-05-27,SH600893,-0.0013800648103027139,EXP_CatBoostModel_Alpha158_csi300_custom_step0_s_20260527_18,541ea47e4e6645e69b0b198b28e29782,0.049,,,
3371,2026-05-27,SH600887,-0.0013800648103027139,EXP_CatBoostModel_Alpha158_csi300_custom_step0_s_20260527_18,541ea47e4e6645e69b0b198b28e29782,0.049,,,
3372,2026-05-27,SH600926,0.0011096144497969172,EXP_CatBoostModel_Alpha158_csi300_custom_step0_s_20260527_18,541ea47e4e6645e69b0b198b28e29782,0.049,,,
3373,2026-05-27,SZ000983,0.002366204723331103,EXP_LGBModel_Alpha158_csi300_custom_step0_s_20260527_18,0f7a292b059a4373a786bd091abfef3d,0.072,,,
3374,2026-05-27,SZ000999,-2.682882726878059e-10,EXP_LGBModel_Alpha158_csi300_custom_step0_s_20260527_18,0f7a292b059a4373a786bd091abfef3d,0.072,,,
3375,2026-05-27,SZ001391,-2.682882726878059e-10,EXP_LGBModel_Alpha158_csi300_custom_step0_s_20260527_18,0f7a292b059a4373a786bd091abfef3d,0.072,,,
3376,2026-05-27,SH600803,-0.022523550289832068,EXP_DEnsembleModel_Alpha158_csi300_custom_step0_s_20260527_16,5efd686dbb9343849e9060c5ccd40375,0.07,,,
3377,2026-05-27,SH600809,-0.04580868626809851,EXP_DEnsembleModel_Alpha158_csi300_custom_step0_s_20260527_16,5efd686dbb9343849e9060c5ccd40375,0.07,,,
3378,2026-05-27,SH600845,-0.08158805854890454,EXP_DEnsembleModel_Alpha158_csi300_custom_step0_s_20260527_16,5efd686dbb9343849e9060c5ccd40375,0.07,,,
3379,2026-05-27,SH600875,-0.12879037877323823,EXP_DEnsembleModel_Alpha158_csi300_custom_step0_s_20260527_16,5efd686dbb9343849e9060c5ccd40375,0.07,,,
3380,2026-05-27,SH600886,0.11220835586429946,EXP_DEnsembleModel_Alpha158_csi300_custom_step0_s_20260527_16,5efd686dbb9343849e9060c5ccd40375,0.07,,,
3381,2026-05-27,SH600887,-0.0005757808368065666,EXP_DEnsembleModel_Alpha158_csi300_custom_step0_s_20260527_16,5efd686dbb9343849e9060c5ccd40375,0.07,,,
3382,2026-05-27,SH600893,0.023693922810270097,EXP_DEnsembleModel_Alpha158_csi300_custom_step0_s_20260527_16,5efd686dbb9343849e9060c5ccd40375,0.07,,,
3383,2026-05-27,SH600900,0.11907269771816853,EXP_DEnsembleModel_Alpha158_csi300_custom_step0_s_20260527_16,5efd686dbb9343849e9060c5ccd40375,0.07,,,
3384,2026-05-27,SH600905,0.0659126784041135,EXP_DEnsembleModel_Alpha158_csi300_custom_step0_s_20260527_16,5efd686dbb9343849e9060c5ccd40375,0.07,,,
3385,2026-05-27,SH600918,-0.019383124110177175,EXP_DEnsembleModel_Alpha158_csi300_custom_step0_s_20260527_16,5efd686dbb9343849e9060c5ccd40375,0.07,,,
3386,2026-05-27,SH600919,0.08542388378747476,EXP_DEnsembleModel_Alpha158_csi300_custom_step0_s_20260527_16,5efd686dbb9343849e9060c5ccd40375,0.07,,,
3387,2026-05-27,SH600926,0.021976717856878162,EXP_DEnsembleModel_Alpha158_csi300_custom_step0_s_20260527_16,5efd686dbb9343849e9060c5ccd40375,0.07,,,
3388,2026-05-27,SH600930,-0.003891947462341159,EXP_DEnsembleModel_Alpha158_csi300_custom_step0_s_20260527_16,5efd686dbb9343849e9060c5ccd40375,0.07,,,
3389,2026-05-27,SH600938,-0.005389009161596669,EXP_DEnsembleModel_Alpha158_csi300_custom_step0_s_20260527_16,5efd686dbb9343849e9060c5ccd40375,0.07,,,
3390,2026-05-27,SH600941,0.029694199993747908,EXP_DEnsembleModel_Alpha158_csi300_custom_step0_s_20260527_16,5efd686dbb9343849e9060c5ccd40375,0.07,,,
3391,2026-05-27,SH600958,-0.005194606821216396,EXP_DEnsembleModel_Alpha158_csi300_custom_step0_s_20260527_16,5efd686dbb9343849e9060c5ccd40375,0.07,,,
3392,2026-05-27,SH600989,0.12102170927912055,EXP_DEnsembleModel_Alpha158_csi300_custom_step0_s_20260527_16,5efd686dbb9343849e9060c5ccd40375,0.07,,,
3393,2026-05-27,SH601117,-0.038211565012554946,EXP_DEnsembleModel_Alpha158_csi300_custom_step0_s_20260527_16,5efd686dbb9343849e9060c5ccd40375,0.07,,,
3394,2026-05-27,SH601111,0.022759364524057944,EXP_DEnsembleModel_Alpha158_csi300_custom_step0_s_20260527_16,5efd686dbb9343849e9060c5ccd40375,0.07,,,
3395,2026-05-27,SH601100,-0.0008201391412234216,EXP_DEnsembleModel_Alpha158_csi300_custom_step0_s_20260527_16,5efd686dbb9343849e9060c5ccd40375,0.07,,,
3396,2026-05-27,SH601088,0.06805132175650815,EXP_DEnsembleModel_Alpha158_csi300_custom_step0_s_20260527_16,5efd686dbb9343849e9060c5ccd40375,0.07,,,
3397,2026-05-27,SH601077,0.03502969850779447,EXP_DEnsembleModel_Alpha158_csi300_custom_step0_s_20260527_16,5efd686dbb9343849e9060c5ccd40375,0.07,,,
3398,2026-05-27,SH601066,0.1265064729105198,EXP_DEnsembleModel_Alpha158_csi300_custom_step0_s_20260527_16,5efd686dbb9343849e9060c5ccd40375,0.07,,,
3399,2026-05-27,SH600795,0.053799928203488015,EXP_DEnsembleModel_Alpha158_csi300_custom_step0_s_20260527_16,5efd686dbb9343849e9060c5ccd40375,0.07,,,
3400,2026-05-27,SH601059,0.11081394921357426,EXP_DEnsembleModel_Alpha158_csi300_custom_step0_s_20260527_16,5efd686dbb9343849e9060c5ccd40375,0.07,,,
3401,2026-05-27,SH601021,-0.0720963251356872,EXP_DEnsembleModel_Alpha158_csi300_custom_step0_s_20260527_16,5efd686dbb9343849e9060c5ccd40375,0.07,,,
3402,2026-05-27,SH601018,0.033119766867929334,EXP_DEnsembleModel_Alpha158_csi300_custom_step0_s_20260527_16,5efd686dbb9343849e9060c5ccd40375,0.07,,,
3403,2026-05-27,SH601012,-0.019926632878167795,EXP_DEnsembleModel_Alpha158_csi300_custom_step0_s_20260527_16,5efd686dbb9343849e9060c5ccd40375,0.07,,,
3404,2026-05-27,SH601009,-0.04516281202016083,EXP_DEnsembleModel_Alpha158_csi300_custom_step0_s_20260527_16,5efd686dbb9343849e9060c5ccd40375,0.07,,,
3405,2026-05-27,SH601006,0.05160488686088119,EXP_DEnsembleModel_Alpha158_csi300_custom_step0_s_20260527_16,5efd686dbb9343849e9060c5ccd40375,0.07,,,
3406,2026-05-27,SH600999,0.10739394842813775,EXP_DEnsembleModel_Alpha158_csi300_custom_step0_s_20260527_16,5efd686dbb9343849e9060c5ccd40375,0.07,,,
3407,2026-05-27,SH601058,-0.07561402460501974,EXP_DEnsembleModel_Alpha158_csi300_custom_step0_s_20260527_16,5efd686dbb9343849e9060c5ccd40375,0.07,,,
3408,2026-05-27,SH601127,-0.05390729155529545,EXP_DEnsembleModel_Alpha158_csi300_custom_step0_s_20260527_16,5efd686dbb9343849e9060c5ccd40375,0.07,,,
3409,2026-05-27,SH600760,-0.15336616926548544,EXP_DEnsembleModel_Alpha158_csi300_custom_step0_s_20260527_16,5efd686dbb9343849e9060c5ccd40375,0.07,,,
3410,2026-05-27,SH600690,-0.06987029999051296,EXP_DEnsembleModel_Alpha158_csi300_custom_step0_s_20260527_16,5efd686dbb9343849e9060c5ccd40375,0.07,,,
3411,2026-05-27,SH600176,-0.1900923760464185,EXP_DEnsembleModel_Alpha158_csi300_custom_step0_s_20260527_16,5efd686dbb9343849e9060c5ccd40375,0.07,,,
3412,2026-05-27,SH600183,-0.12039116706920344,EXP_DEnsembleModel_Alpha158_csi300_custom_step0_s_20260527_16,5efd686dbb9343849e9060c5ccd40375,0.07,,,
3413,2026-05-27,SH600188,-0.16018636620495622,EXP_DEnsembleModel_Alpha158_csi300_custom_step0_s_20260527_16,5efd686dbb9343849e9060c5ccd40375,0.07,,,
3414,2026-05-27,SH600196,-0.09794909976880727,EXP_DEnsembleModel_Alpha158_csi300_custom_step0_s_20260527_16,5efd686dbb9343849e9060c5ccd40375,0.07,,,
3415,2026-05-27,SH600219,0.01148585553515489,EXP_DEnsembleModel_Alpha158_csi300_custom_step0_s_20260527_16,5efd686dbb9343849e9060c5ccd40375,0.07,,,
3416,2026-05-27,SH600233,-0.025232689546460223,EXP_DEnsembleModel_Alpha158_csi300_custom_step0_s_20260527_16,5efd686dbb9343849e9060c5ccd40375,0.07,,,
3417,2026-05-27,SH600276,-0.08474015172608136,EXP_DEnsembleModel_Alpha158_csi300_custom_step0_s_20260527_16,5efd686dbb9343849e9060c5ccd40375,0.07,,,
3418,2026-05-27,SH600309,0.014885733178949642,EXP_DEnsembleModel_Alpha158_csi300_custom_step0_s_20260527_16,5efd686dbb9343849e9060c5ccd40375,0.07,,,
3419,2026-05-27,SH600346,0.23728228917316846,EXP_DEnsembleModel_Alpha158_csi300_custom_step0_s_20260527_16,5efd686dbb9343849e9060c5ccd40375,0.07,,,
3420,2026-05-27,SH600362,-0.14934907188293786,EXP_DEnsembleModel_Alpha158_csi300_custom_step0_s_20260527_16,5efd686dbb9343849e9060c5ccd40375,0.07,,,
3421,2026-05-27,SH600372,-0.05318683063805928,EXP_DEnsembleModel_Alpha158_csi300_custom_step0_s_20260527_16,5efd686dbb9343849e9060c5ccd40375,0.07,,,
3422,2026-05-27,SH600377,0.10160522912803,EXP_DEnsembleModel_Alpha158_csi300_custom_step0_s_20260527_16,5efd686dbb9343849e9060c5ccd40375,0.07,,,
3423,2026-05-27,SH600406,-0.0443636302168439,EXP_DEnsembleModel_Alpha158_csi300_custom_step0_s_20260527_16,5efd686dbb9343849e9060c5ccd40375,0.07,,,
3424,2026-05-27,SH600415,-0.09645642623955283,EXP_DEnsembleModel_Alpha158_csi300_custom_step0_s_20260527_16,5efd686dbb9343849e9060c5ccd40375,0.07,,,
3425,2026-05-27,SH600426,0.05836037933366213,EXP_DEnsembleModel_Alpha158_csi300_custom_step0_s_20260527_16,5efd686dbb9343849e9060c5ccd40375,0.07,,,
3426,2026-05-27,SH600436,-0.06684604962879641,EXP_DEnsembleModel_Alpha158_csi300_custom_step0_s_20260527_16,5efd686dbb9343849e9060c5ccd40375,0.07,,,
3427,2026-05-27,SH600438,-0.19971342622681665,EXP_DEnsembleModel_Alpha158_csi300_custom_step0_s_20260527_16,5efd686dbb9343849e9060c5ccd40375,0.07,,,
3428,2026-05-27,SH600674,0.0873723004785735,EXP_DEnsembleModel_Alpha158_csi300_custom_step0_s_20260527_16,5efd686dbb9343849e9060c5ccd40375,0.07,,,
3429,2026-05-27,SH600660,-0.10106883864968355,EXP_DEnsembleModel_Alpha158_csi300_custom_step0_s_20260527_16,5efd686dbb9343849e9060c5ccd40375,0.07,,,
3430,2026-05-27,SH600600,0.03613756508127487,EXP_DEnsembleModel_Alpha158_csi300_custom_step0_s_20260527_16,5efd686dbb9343849e9060c5ccd40375,0.07,,,
3431,2026-05-27,SH600588,0.04513078801936134,EXP_DEnsembleModel_Alpha158_csi300_custom_step0_s_20260527_16,5efd686dbb9343849e9060c5ccd40375,0.07,,,
3432,2026-05-27,SH600585,-0.02689891796764993,EXP_DEnsembleModel_Alpha158_csi300_custom_step0_s_20260527_16,5efd686dbb9343849e9060c5ccd40375,0.07,,,
3433,2026-05-27,SH600584,-0.05620227898988856,EXP_DEnsembleModel_Alpha158_csi300_custom_step0_s_20260527_16,5efd686dbb9343849e9060c5ccd40375,0.07,,,
3434,2026-05-27,SH600741,-0.0204247298954982,EXP_DEnsembleModel_Alpha158_csi300_custom_step0_s_20260527_16,5efd686dbb9343849e9060c5ccd40375,0.07,,,
3435,2026-05-27,SH600570,-0.0914192189407838,EXP_DEnsembleModel_Alpha158_csi300_custom_step0_s_20260527_16,5efd686dbb9343849e9060c5ccd40375,0.07,,,
3436,2026-05-27,SH600522,0.12514256300997068,EXP_DEnsembleModel_Alpha158_csi300_custom_step0_s_20260527_16,5efd686dbb9343849e9060c5ccd40375,0.07,,,
3437,2026-05-27,SH600519,-0.018444940889492358,EXP_DEnsembleModel_Alpha158_csi300_custom_step0_s_20260527_16,5efd686dbb9343849e9060c5ccd40375,0.07,,,
3438,2026-05-27,SH600515,0.018453873820689224,EXP_DEnsembleModel_Alpha158_csi300_custom_step0_s_20260527_16,5efd686dbb9343849e9060c5ccd40375,0.07,,,
3439,2026-05-27,SH600489,-0.05459624782507474,EXP_DEnsembleModel_Alpha158_csi300_custom_step0_s_20260527_16,5efd686dbb9343849e9060c5ccd40375,0.07,,,
3440,2026-05-27,SH600482,-0.038296992727514884,EXP_DEnsembleModel_Alpha158_csi300_custom_step0_s_20260527_16,5efd686dbb9343849e9060c5ccd40375,0.07,,,
3441,2026-05-27,SH600460,-0.18811975327487315,EXP_DEnsembleModel_Alpha158_csi300_custom_step0_s_20260527_16,5efd686dbb9343849e9060c5ccd40375,0.07,,,
3442,2026-05-27,SH600547,0.08718998833708647,EXP_DEnsembleModel_Alpha158_csi300_custom_step0_s_20260527_16,5efd686dbb9343849e9060c5ccd40375,0.07,,,
3443,2026-05-27,SH600161,-0.037852282695838346,EXP_DEnsembleModel_Alpha158_csi300_custom_step0_s_20260527_16,5efd686dbb9343849e9060c5ccd40375,0.07,,,
3444,2026-05-27,SH601136,-0.1441103240226468,EXP_DEnsembleModel_Alpha158_csi300_custom_step0_s_20260527_16,5efd686dbb9343849e9060c5ccd40375,0.07,,,
3445,2026-05-27,SH601166,0.08943118333082842,EXP_DEnsembleModel_Alpha158_csi300_custom_step0_s_20260527_16,5efd686dbb9343849e9060c5ccd40375,0.07,,,
3446,2026-05-27,SH601816,0.035421421284271934,EXP_DEnsembleModel_Alpha158_csi300_custom_step0_s_20260527_16,5efd686dbb9343849e9060c5ccd40375,0.07,,,
3447,2026-05-27,SH601818,0.06106490992614709,EXP_DEnsembleModel_Alpha158_csi300_custom_step0_s_20260527_16,5efd686dbb9343849e9060c5ccd40375,0.07,,,
3448,2026-05-27,SH601825,0.025525231096125076,EXP_DEnsembleModel_Alpha158_csi300_custom_step0_s_20260527_16,5efd686dbb9343849e9060c5ccd40375,0.07,,,
3449,2026-05-27,SH601838,0.10797807428865942,EXP_DEnsembleModel_Alpha158_csi300_custom_step0_s_20260527_16,5efd686dbb9343849e9060c5ccd40375,0.07,,,
3450,2026-05-27,SH601857,-0.08827992480888322,EXP_DEnsembleModel_Alpha158_csi300_custom_step0_s_20260527_16,5efd686dbb9343849e9060c5ccd40375,0.07,,,
3451,2026-05-27,SH601868,0.015384842666540935,EXP_DEnsembleModel_Alpha158_csi300_custom_step0_s_20260527_16,5efd686dbb9343849e9060c5ccd40375,0.07,,,
3452,2026-05-27,SH601872,-0.06645721609443461,EXP_DEnsembleModel_Alpha158_csi300_custom_step0_s_20260527_16,5efd686dbb9343849e9060c5ccd40375,0.07,,,
3453,2026-05-27,SH601877,-0.0650481088034622,EXP_DEnsembleModel_Alpha158_csi300_custom_step0_s_20260527_16,5efd686dbb9343849e9060c5ccd40375,0.07,,,
3454,2026-05-27,SH601878,-0.021060817125636705,EXP_DEnsembleModel_Alpha158_csi300_custom_step0_s_20260527_16,5efd686dbb9343849e9060c5ccd40375,0.07,,,
3455,2026-05-27,SH601881,-0.049095989786555695,EXP_DEnsembleModel_Alpha158_csi300_custom_step0_s_20260527_16,5efd686dbb9343849e9060c5ccd40375,0.07,,,
3456,2026-05-27,SH601888,0.017882294639829877,EXP_DEnsembleModel_Alpha158_csi300_custom_step0_s_20260527_16,5efd686dbb9343849e9060c5ccd40375,0.07,,,
3457,2026-05-27,SH601898,-0.0251807359360887,EXP_DEnsembleModel_Alpha158_csi300_custom_step0_s_20260527_16,5efd686dbb9343849e9060c5ccd40375,0.07,,,
3458,2026-05-27,SH601899,-0.0657456022456306,EXP_DEnsembleModel_Alpha158_csi300_custom_step0_s_20260527_16,5efd686dbb9343849e9060c5ccd40375,0.07,,,
3459,2026-05-27,SH601901,0.04683353716535502,EXP_DEnsembleModel_Alpha158_csi300_custom_step0_s_20260527_16,5efd686dbb9343849e9060c5ccd40375,0.07,,,
3460,2026-05-27,SH601916,0.10212131463108051,EXP_DEnsembleModel_Alpha158_csi300_custom_step0_s_20260527_16,5efd686dbb9343849e9060c5ccd40375,0.07,,,
3461,2026-05-27,SH601919,-0.028435777529795817,EXP_DEnsembleModel_Alpha158_csi300_custom_step0_s_20260527_16,5efd686dbb9343849e9060c5ccd40375,0.07,,,
3462,2026-05-27,SH601939,0.10142522595899206,EXP_DEnsembleModel_Alpha158_csi300_custom_step0_s_20260527_16,5efd686dbb9343849e9060c5ccd40375,0.07,,,
3463,2026-05-27,SH603799,-0.0539048724334538,EXP_DEnsembleModel_Alpha158_csi300_custom_step0_s_20260527_16,5efd686dbb9343849e9060c5ccd40375,0.07,,,
3464,2026-05-27,SH603501,-0.1356367097191867,EXP_DEnsembleModel_Alpha158_csi300_custom_step0_s_20260527_16,5efd686dbb9343849e9060c5ccd40375,0.07,,,
3465,2026-05-27,SH603392,-0.032274762011103145,EXP_DEnsembleModel_Alpha158_csi300_custom_step0_s_20260527_16,5efd686dbb9343849e9060c5ccd40375,0.07,,,
3466,2026-05-27,SH603369,-0.009780137231550941,EXP_DEnsembleModel_Alpha158_csi300_custom_step0_s_20260527_16,5efd686dbb9343849e9060c5ccd40375,0.07,,,
3467,2026-05-27,SH603296,-0.03985337506677004,EXP_DEnsembleModel_Alpha158_csi300_custom_step0_s_20260527_16,5efd686dbb9343849e9060c5ccd40375,0.07,,,
3468,2026-05-27,SH603288,-0.0767543156441215,EXP_DEnsembleModel_Alpha158_csi300_custom_step0_s_20260527_16,5efd686dbb9343849e9060c5ccd40375,0.07,,,
3469,2026-05-27,SH601808,0.10562293094241021,EXP_DEnsembleModel_Alpha158_csi300_custom_step0_s_20260527_16,5efd686dbb9343849e9060c5ccd40375,0.07,,,
3470,2026-05-27,SH603260,-0.1368291120668839,EXP_DEnsembleModel_Alpha158_csi300_custom_step0_s_20260527_16,5efd686dbb9343849e9060c5ccd40375,0.07,,,
3471,2026-05-27,SH603195,0.030827382098709513,EXP_DEnsembleModel_Alpha158_csi300_custom_step0_s_20260527_16,5efd686dbb9343849e9060c5ccd40375,0.07,,,
3472,2026-05-27,SH603019,-0.05568195783000813,EXP_DEnsembleModel_Alpha158_csi300_custom_step0_s_20260527_16,5efd686dbb9343849e9060c5ccd40375,0.07,,,
3473,2026-05-27,SH601998,0.003813414692934822,EXP_DEnsembleModel_Alpha158_csi300_custom_step0_s_20260527_16,5efd686dbb9343849e9060c5ccd40375,0.07,,,
3474,2026-05-27,SH601995,0.048847621745343614,EXP_DEnsembleModel_Alpha158_csi300_custom_step0_s_20260527_16,5efd686dbb9343849e9060c5ccd40375,0.07,,,
3475,2026-05-27,SH601988,0.1114483036679217,EXP_DEnsembleModel_Alpha158_csi300_custom_step0_s_20260527_16,5efd686dbb9343849e9060c5ccd40375,0.07,,,
3476,2026-05-27,SH601985,0.05303510777515755,EXP_DEnsembleModel_Alpha158_csi300_custom_step0_s_20260527_16,5efd686dbb9343849e9060c5ccd40375,0.07,,,
3477,2026-05-27,SH603259,0.004413056623649979,EXP_DEnsembleModel_Alpha158_csi300_custom_step0_s_20260527_16,5efd686dbb9343849e9060c5ccd40375,0.07,,,
3478,2026-05-27,SH601138,-0.14139191483517588,EXP_DEnsembleModel_Alpha158_csi300_custom_step0_s_20260527_16,5efd686dbb9343849e9060c5ccd40375,0.07,,,
3479,2026-05-27,SH601800,-0.031289636682048434,EXP_DEnsembleModel_Alpha158_csi300_custom_step0_s_20260527_16,5efd686dbb9343849e9060c5ccd40375,0.07,,,
3480,2026-05-27,SH601766,0.027990710963872855,EXP_DEnsembleModel_Alpha158_csi300_custom_step0_s_20260527_16,5efd686dbb9343849e9060c5ccd40375,0.07,,,
3481,2026-05-27,SH601169,0.023136411014586866,EXP_DEnsembleModel_Alpha158_csi300_custom_step0_s_20260527_16,5efd686dbb9343849e9060c5ccd40375,0.07,,,
3482,2026-05-27,SH601186,0.02269554864051691,EXP_DEnsembleModel_Alpha158_csi300_custom_step0_s_20260527_16,5efd686dbb9343849e9060c5ccd40375,0.07,,,
3483,2026-05-27,SH601211,-0.07403325114712836,EXP_DEnsembleModel_Alpha158_csi300_custom_step0_s_20260527_16,5efd686dbb9343849e9060c5ccd40375,0.07,,,
3484,2026-05-27,SH601225,-0.02212362639329857,EXP_DEnsembleModel_Alpha158_csi300_custom_step0_s_20260527_16,5efd686dbb9343849e9060c5ccd40375,0.07,,,
3485,2026-05-27,SH601229,-0.03654873451947522,EXP_DEnsembleModel_Alpha158_csi300_custom_step0_s_20260527_16,5efd686dbb9343849e9060c5ccd40375,0.07,,,
3486,2026-05-27,SH601236,-0.01801743038546157,EXP_DEnsembleModel_Alpha158_csi300_custom_step0_s_20260527_16,5efd686dbb9343849e9060c5ccd40375,0.07,,,
3487,2026-05-27,SH601238,0.03643332633474453,EXP_DEnsembleModel_Alpha158_csi300_custom_step0_s_20260527_16,5efd686dbb9343849e9060c5ccd40375,0.07,,,
3488,2026-05-27,SH601288,-0.03631964445337442,EXP_DEnsembleModel_Alpha158_csi300_custom_step0_s_20260527_16,5efd686dbb9343849e9060c5ccd40375,0.07,,,
3489,2026-05-27,SH601298,0.048426499840393905,EXP_DEnsembleModel_Alpha158_csi300_custom_step0_s_20260527_16,5efd686dbb9343849e9060c5ccd40375,0.07,,,
3490,2026-05-27,SH601318,-0.046229598197687044,EXP_DEnsembleModel_Alpha158_csi300_custom_step0_s_20260527_16,5efd686dbb9343849e9060c5ccd40375,0.07,,,
3491,2026-05-27,SH601319,-0.0018626987286674377,EXP_DEnsembleModel_Alpha158_csi300_custom_step0_s_20260527_16,5efd686dbb9343849e9060c5ccd40375,0.07,,,
3492,2026-05-27,SH601328,0.05398388025153119,EXP_DEnsembleModel_Alpha158_csi300_custom_step0_s_20260527_16,5efd686dbb9343849e9060c5ccd40375,0.07,,,
3493,2026-05-27,SH601336,-0.09643457990254611,EXP_DEnsembleModel_Alpha158_csi300_custom_step0_s_20260527_16,5efd686dbb9343849e9060c5ccd40375,0.07,,,
3494,2026-05-27,SH601360,-0.0419296723743595,EXP_DEnsembleModel_Alpha158_csi300_custom_step0_s_20260527_16,5efd686dbb9343849e9060c5ccd40375,0.07,,,
3495,2026-05-27,SH601377,-0.02585341499078978,EXP_DEnsembleModel_Alpha158_csi300_custom_step0_s_20260527_16,5efd686dbb9343849e9060c5ccd40375,0.07,,,
3496,2026-05-27,SH601390,-0.003060942376092218,EXP_DEnsembleModel_Alpha158_csi300_custom_step0_s_20260527_16,5efd686dbb9343849e9060c5ccd40375,0.07,,,
3497,2026-05-27,SH601398,0.11870729164073737,EXP_DEnsembleModel_Alpha158_csi300_custom_step0_s_20260527_16,5efd686dbb9343849e9060c5ccd40375,0.07,,,
3498,2026-05-27,SH601728,-0.053162016956798265,EXP_DEnsembleModel_Alpha158_csi300_custom_step0_s_20260527_16,5efd686dbb9343849e9060c5ccd40375,0.07,,,
3499,2026-05-27,SH601698,-0.048793420330647555,EXP_DEnsembleModel_Alpha158_csi300_custom_step0_s_20260527_16,5efd686dbb9343849e9060c5ccd40375,0.07,,,
3500,2026-05-27,SH601689,0.01683429460828983,EXP_DEnsembleModel_Alpha158_csi300_custom_step0_s_20260527_16,5efd686dbb9343849e9060c5ccd40375,0.07,,,
3501,2026-05-27,SH601688,-0.04795151249713956,EXP_DEnsembleModel_Alpha158_csi300_custom_step0_s_20260527_16,5efd686dbb9343849e9060c5ccd40375,0.07,,,
3502,2026-05-27,SH601669,-0.07121291729721532,EXP_DEnsembleModel_Alpha158_csi300_custom_step0_s_20260527_16,5efd686dbb9343849e9060c5ccd40375,0.07,,,
3503,2026-05-27,SH601668,0.03222616521715864,EXP_DEnsembleModel_Alpha158_csi300_custom_step0_s_20260527_16,5efd686dbb9343849e9060c5ccd40375,0.07,,,
3504,2026-05-27,SH601788,-0.07854674090665958,EXP_DEnsembleModel_Alpha158_csi300_custom_step0_s_20260527_16,5efd686dbb9343849e9060c5ccd40375,0.07,,,
3505,2026-05-27,SH601658,0.10390022180972257,EXP_DEnsembleModel_Alpha158_csi300_custom_step0_s_20260527_16,5efd686dbb9343849e9060c5ccd40375,0.07,,,
3506,2026-05-27,SH601628,-0.01824167079867179,EXP_DEnsembleModel_Alpha158_csi300_custom_step0_s_20260527_16,5efd686dbb9343849e9060c5ccd40375,0.07,,,
3507,2026-05-27,SH601618,0.04167579905925766,EXP_DEnsembleModel_Alpha158_csi300_custom_step0_s_20260527_16,5efd686dbb9343849e9060c5ccd40375,0.07,,,
3508,2026-05-27,SH601607,0.01744277433140563,EXP_DEnsembleModel_Alpha158_csi300_custom_step0_s_20260527_16,5efd686dbb9343849e9060c5ccd40375,0.07,,,
3509,2026-05-27,SH601601,0.005992218046738084,EXP_DEnsembleModel_Alpha158_csi300_custom_step0_s_20260527_16,5efd686dbb9343849e9060c5ccd40375,0.07,,,
3510,2026-05-27,SH601600,-0.07048912780792808,EXP_DEnsembleModel_Alpha158_csi300_custom_step0_s_20260527_16,5efd686dbb9343849e9060c5ccd40375,0.07,,,
3511,2026-05-27,SH601456,-0.03629856045260788,EXP_DEnsembleModel_Alpha158_csi300_custom_step0_s_20260527_16,5efd686dbb9343849e9060c5ccd40375,0.07,,,
3512,2026-05-27,SH601633,0.01716520521527404,EXP_DEnsembleModel_Alpha158_csi300_custom_step0_s_20260527_16,5efd686dbb9343849e9060c5ccd40375,0.07,,,
3513,2026-05-27,SH600160,-0.11671856117503952,EXP_DEnsembleModel_Alpha158_csi300_custom_step0_s_20260527_16,5efd686dbb9343849e9060c5ccd40375,0.07,,,
3514,2026-05-27,SH600150,-0.036468764820831605,EXP_DEnsembleModel_Alpha158_csi300_custom_step0_s_20260527_16,5efd686dbb9343849e9060c5ccd40375,0.07,,,
3515,2026-05-27,SH600115,-0.08960172412524196,EXP_DEnsembleModel_Alpha158_csi300_custom_step0_s_20260527_16,5efd686dbb9343849e9060c5ccd40375,0.07,,,
3516,2026-05-27,SZ000999,-0.010867053554256255,EXP_LGBModel_Alpha158_csi300_custom_step0_s_20260527_18,6ba595d5763d4392a45c163c45a4b856,0.074,,,
3517,2026-05-27,SZ001391,-0.022502272901701155,EXP_LGBModel_Alpha158_csi300_custom_step0_s_20260527_18,6ba595d5763d4392a45c163c45a4b856,0.074,,,
3518,2026-05-27,SZ001965,0.0028508513717102695,EXP_LGBModel_Alpha158_csi300_custom_step0_s_20260527_18,6ba595d5763d4392a45c163c45a4b856,0.074,,,
3519,2026-05-27,SZ001979,0.0016362598293797712,EXP_LGBModel_Alpha158_csi300_custom_step0_s_20260527_18,6ba595d5763d4392a45c163c45a4b856,0.074,,,
3520,2026-05-27,SZ002001,-0.012603856081939643,EXP_LGBModel_Alpha158_csi300_custom_step0_s_20260527_18,6ba595d5763d4392a45c163c45a4b856,0.074,,,
3521,2026-05-27,SZ002027,-0.010058709546828325,EXP_LGBModel_Alpha158_csi300_custom_step0_s_20260527_18,6ba595d5763d4392a45c163c45a4b856,0.074,,,
3522,2026-05-27,SZ002028,-0.0017923731050188585,EXP_LGBModel_Alpha158_csi300_custom_step0_s_20260527_18,6ba595d5763d4392a45c163c45a4b856,0.074,,,
3523,2026-05-27,SZ002049,0.004261388994505325,EXP_LGBModel_Alpha158_csi300_custom_step0_s_20260527_18,6ba595d5763d4392a45c163c45a4b856,0.074,,,
3524,2026-05-27,SZ002050,0.002118750379226757,EXP_LGBModel_Alpha158_csi300_custom_step0_s_20260527_18,6ba595d5763d4392a45c163c45a4b856,0.074,,,
3525,2026-05-27,SZ002074,5.32771264637154e-05,EXP_LGBModel_Alpha158_csi300_custom_step0_s_20260527_18,6ba595d5763d4392a45c163c45a4b856,0.074,,,
3526,2026-05-27,SZ002142,-0.03295775190656972,EXP_LGBModel_Alpha158_csi300_custom_step0_s_20260527_18,6ba595d5763d4392a45c163c45a4b856,0.074,,,
3527,2026-05-27,SZ002179,0.005412587792794167,EXP_LGBModel_Alpha158_csi300_custom_step0_s_20260527_18,6ba595d5763d4392a45c163c45a4b856,0.074,,,
3528,2026-05-27,SZ002230,-0.007136605383932931,EXP_LGBModel_Alpha158_csi300_custom_step0_s_20260527_18,6ba595d5763d4392a45c163c45a4b856,0.074,,,
3529,2026-05-27,SZ002236,-0.0028088137620857923,EXP_LGBModel_Alpha158_csi300_custom_step0_s_20260527_18,6ba595d5763d4392a45c163c45a4b856,0.074,,,
3530,2026-05-27,SZ002241,0.003112529626543594,EXP_LGBModel_Alpha158_csi300_custom_step0_s_20260527_18,6ba595d5763d4392a45c163c45a4b856,0.074,,,
3531,2026-05-27,SZ002252,-0.026083215250971604,EXP_LGBModel_Alpha158_csi300_custom_step0_s_20260527_18,6ba595d5763d4392a45c163c45a4b856,0.074,,,
3532,2026-05-27,SZ002304,-0.01418097549270156,EXP_LGBModel_Alpha158_csi300_custom_step0_s_20260527_18,6ba595d5763d4392a45c163c45a4b856,0.074,,,
3533,2026-05-27,SZ002600,0.00116190317564019,EXP_LGBModel_Alpha158_csi300_custom_step0_s_20260527_18,6ba595d5763d4392a45c163c45a4b856,0.074,,,
3534,2026-05-27,SZ002594,-0.019556023398444457,EXP_LGBModel_Alpha158_csi300_custom_step0_s_20260527_18,6ba595d5763d4392a45c163c45a4b856,0.074,,,
3535,2026-05-27,SZ002493,-0.010876489773033328,EXP_LGBModel_Alpha158_csi300_custom_step0_s_20260527_18,6ba595d5763d4392a45c163c45a4b856,0.074,,,
3536,2026-05-27,SZ002475,0.10118670325593702,EXP_LGBModel_Alpha158_csi300_custom_step0_s_20260527_18,6ba595d5763d4392a45c163c45a4b856,0.074,,,
3537,2026-05-27,SZ002466,0.04775415711515919,EXP_LGBModel_Alpha158_csi300_custom_step0_s_20260527_18,6ba595d5763d4392a45c163c45a4b856,0.074,,,
3538,2026-05-27,SZ002463,0.008477984537237722,EXP_LGBModel_Alpha158_csi300_custom_step0_s_20260527_18,6ba595d5763d4392a45c163c45a4b856,0.074,,,
3539,2026-05-27,SZ000983,0.012794389828086917,EXP_LGBModel_Alpha158_csi300_custom_step0_s_20260527_18,6ba595d5763d4392a45c163c45a4b856,0.074,,,
3540,2026-05-27,SZ002460,5.32771264637154e-05,EXP_LGBModel_Alpha158_csi300_custom_step0_s_20260527_18,6ba595d5763d4392a45c163c45a4b856,0.074,,,
3541,2026-05-27,SZ002422,-0.002536675555728993,EXP_LGBModel_Alpha158_csi300_custom_step0_s_20260527_18,6ba595d5763d4392a45c163c45a4b856,0.074,,,
3542,2026-05-27,SZ002415,-0.02264017120541564,EXP_LGBModel_Alpha158_csi300_custom_step0_s_20260527_18,6ba595d5763d4392a45c163c45a4b856,0.074,,,
3543,2026-05-27,SZ002384,0.07736639154362292,EXP_LGBModel_Alpha158_csi300_custom_step0_s_20260527_18,6ba595d5763d4392a45c163c45a4b856,0.074,,,
3544,2026-05-27,SZ002371,0.07223346506473005,EXP_LGBModel_Alpha158_csi300_custom_step0_s_20260527_18,6ba595d5763d4392a45c163c45a4b856,0.074,,,
3545,2026-05-27,SZ002352,-0.03305834382122083,EXP_LGBModel_Alpha158_csi300_custom_step0_s_20260527_18,6ba595d5763d4392a45c163c45a4b856,0.074,,,
3546,2026-05-27,SZ002311,-0.013548039466822294,EXP_LGBModel_Alpha158_csi300_custom_step0_s_20260527_18,6ba595d5763d4392a45c163c45a4b856,0.074,,,
3547,2026-05-27,SZ002459,5.32771264637154e-05,EXP_LGBModel_Alpha158_csi300_custom_step0_s_20260527_18,6ba595d5763d4392a45c163c45a4b856,0.074,,,
3548,2026-05-27,SZ002601,5.32771264637154e-05,EXP_LGBModel_Alpha158_csi300_custom_step0_s_20260527_18,6ba595d5763d4392a45c163c45a4b856,0.074,,,
3549,2026-05-27,SZ000977,5.32771264637154e-05,EXP_LGBModel_Alpha158_csi300_custom_step0_s_20260527_18,6ba595d5763d4392a45c163c45a4b856,0.074,,,
3550,2026-05-27,SZ000963,-0.0013900978999685806,EXP_LGBModel_Alpha158_csi300_custom_step0_s_20260527_18,6ba595d5763d4392a45c163c45a4b856,0.074,,,
3551,2026-05-27,SH688981,0.0025060485084521253,EXP_LGBModel_Alpha158_csi300_custom_step0_s_20260527_18,6ba595d5763d4392a45c163c45a4b856,0.074,,,
3552,2026-05-27,SZ000001,-0.016968053361184766,EXP_LGBModel_Alpha158_csi300_custom_step0_s_20260527_18,6ba595d5763d4392a45c163c45a4b856,0.074,,,
3553,2026-05-27,SZ000002,5.32771264637154e-05,EXP_LGBModel_Alpha158_csi300_custom_step0_s_20260527_18,6ba595d5763d4392a45c163c45a4b856,0.074,,,
3554,2026-05-27,SZ000063,-0.0033170839891439492,EXP_LGBModel_Alpha158_csi300_custom_step0_s_20260527_18,6ba595d5763d4392a45c163c45a4b856,0.074,,,
3555,2026-05-27,SZ000100,0.0021563463394539,EXP_LGBModel_Alpha158_csi300_custom_step0_s_20260527_18,6ba595d5763d4392a45c163c45a4b856,0.074,,,
3556,2026-05-27,SZ000157,-0.016399148480547365,EXP_LGBModel_Alpha158_csi300_custom_step0_s_20260527_18,6ba595d5763d4392a45c163c45a4b856,0.074,,,
3557,2026-05-27,SZ000166,-0.019556023398444457,EXP_LGBModel_Alpha158_csi300_custom_step0_s_20260527_18,6ba595d5763d4392a45c163c45a4b856,0.074,,,
3558,2026-05-27,SZ000301,0.022770491715437245,EXP_LGBModel_Alpha158_csi300_custom_step0_s_20260527_18,6ba595d5763d4392a45c163c45a4b856,0.074,,,
3559,2026-05-27,SZ000333,0.019053122327939938,EXP_LGBModel_Alpha158_csi300_custom_step0_s_20260527_18,6ba595d5763d4392a45c163c45a4b856,0.074,,,
3560,2026-05-27,SZ000338,0.09558103062856337,EXP_LGBModel_Alpha158_csi300_custom_step0_s_20260527_18,6ba595d5763d4392a45c163c45a4b856,0.074,,,
3561,2026-05-27,SZ000408,-0.027883483684739495,EXP_LGBModel_Alpha158_csi300_custom_step0_s_20260527_18,6ba595d5763d4392a45c163c45a4b856,0.074,,,
3562,2026-05-27,SZ000425,-0.017089181661884598,EXP_LGBModel_Alpha158_csi300_custom_step0_s_20260527_18,6ba595d5763d4392a45c163c45a4b856,0.074,,,
3563,2026-05-27,SZ000538,-0.00672104010334252,EXP_LGBModel_Alpha158_csi300_custom_step0_s_20260527_18,6ba595d5763d4392a45c163c45a4b856,0.074,,,
3564,2026-05-27,SZ000568,-0.01418097549270156,EXP_LGBModel_Alpha158_csi300_custom_step0_s_20260527_18,6ba595d5763d4392a45c163c45a4b856,0.074,,,
3565,2026-05-27,SZ000596,-0.008997655817733182,EXP_LGBModel_Alpha158_csi300_custom_step0_s_20260527_18,6ba595d5763d4392a45c163c45a4b856,0.074,,,
3566,2026-05-27,SZ000617,0.013284539355933215,EXP_LGBModel_Alpha158_csi300_custom_step0_s_20260527_18,6ba595d5763d4392a45c163c45a4b856,0.074,,,
3567,2026-05-27,SZ000625,5.32771264637154e-05,EXP_LGBModel_Alpha158_csi300_custom_step0_s_20260527_18,6ba595d5763d4392a45c163c45a4b856,0.074,,,
3568,2026-05-27,SZ000938,0.002572384502107878,EXP_LGBModel_Alpha158_csi300_custom_step0_s_20260527_18,6ba595d5763d4392a45c163c45a4b856,0.074,,,
3569,2026-05-27,SZ000895,-1.0310748514914266e-09,EXP_LGBModel_Alpha158_csi300_custom_step0_s_20260527_18,6ba595d5763d4392a45c163c45a4b856,0.074,,,
3570,2026-05-27,SZ000876,-0.017377607927745516,EXP_LGBModel_Alpha158_csi300_custom_step0_s_20260527_18,6ba595d5763d4392a45c163c45a4b856,0.074,,,
3571,2026-05-27,SZ000858,-0.0017390949474802913,EXP_LGBModel_Alpha158_csi300_custom_step0_s_20260527_18,6ba595d5763d4392a45c163c45a4b856,0.074,,,
3572,2026-05-27,SZ000807,-0.012254859034427931,EXP_LGBModel_Alpha158_csi300_custom_step0_s_20260527_18,6ba595d5763d4392a45c163c45a4b856,0.074,,,
3573,2026-05-27,SZ000792,0.02007635310316433,EXP_LGBModel_Alpha158_csi300_custom_step0_s_20260527_18,6ba595d5763d4392a45c163c45a4b856,0.074,,,
3574,2026-05-27,SZ000975,5.32771264637154e-05,EXP_LGBModel_Alpha158_csi300_custom_step0_s_20260527_18,6ba595d5763d4392a45c163c45a4b856,0.074,,,
3575,2026-05-27,SZ000786,5.32771264637154e-05,EXP_LGBModel_Alpha158_csi300_custom_step0_s_20260527_18,6ba595d5763d4392a45c163c45a4b856,0.074,,,
3576,2026-05-27,SZ000768,-0.018901925794229557,EXP_LGBModel_Alpha158_csi300_custom_step0_s_20260527_18,6ba595d5763d4392a45c163c45a4b856,0.074,,,
3577,2026-05-27,SZ000725,0.010647689055745566,EXP_LGBModel_Alpha158_csi300_custom_step0_s_20260527_18,6ba595d5763d4392a45c163c45a4b856,0.074,,,
3578,2026-05-27,SZ000708,-0.023928364797196656,EXP_LGBModel_Alpha158_csi300_custom_step0_s_20260527_18,6ba595d5763d4392a45c163c45a4b856,0.074,,,
3579,2026-05-27,SZ000661,-0.008676316334494207,EXP_LGBModel_Alpha158_csi300_custom_step0_s_20260527_18,6ba595d5763d4392a45c163c45a4b856,0.074,,,
3580,2026-05-27,SZ000651,0.001235904586107714,EXP_LGBModel_Alpha158_csi300_custom_step0_s_20260527_18,6ba595d5763d4392a45c163c45a4b856,0.074,,,
3581,2026-05-27,SZ000630,-0.0024220998004481327,EXP_LGBModel_Alpha158_csi300_custom_step0_s_20260527_18,6ba595d5763d4392a45c163c45a4b856,0.074,,,
3582,2026-05-27,SZ000776,-0.001048338049371133,EXP_LGBModel_Alpha158_csi300_custom_step0_s_20260527_18,6ba595d5763d4392a45c163c45a4b856,0.074,,,
3583,2026-05-27,SZ002625,-0.009807722765924393,EXP_LGBModel_Alpha158_csi300_custom_step0_s_20260527_18,6ba595d5763d4392a45c163c45a4b856,0.074,,,
3584,2026-05-27,SZ002648,0.02007635310316433,EXP_LGBModel_Alpha158_csi300_custom_step0_s_20260527_18,6ba595d5763d4392a45c163c45a4b856,0.074,,,
3585,2026-05-27,SZ002709,0.10118670325593702,EXP_LGBModel_Alpha158_csi300_custom_step0_s_20260527_18,6ba595d5763d4392a45c163c45a4b856,0.074,,,
3586,2026-05-27,SZ300979,0.02007635310316433,EXP_LGBModel_Alpha158_csi300_custom_step0_s_20260527_18,6ba595d5763d4392a45c163c45a4b856,0.074,,,
3587,2026-05-27,SZ300999,-0.008844489919041212,EXP_LGBModel_Alpha158_csi300_custom_step0_s_20260527_18,6ba595d5763d4392a45c163c45a4b856,0.074,,,
3588,2026-05-27,SZ301236,5.32771264637154e-05,EXP_LGBModel_Alpha158_csi300_custom_step0_s_20260527_18,6ba595d5763d4392a45c163c45a4b856,0.074,,,
3589,2026-05-27,SZ301269,-0.0030167396398610817,EXP_LGBModel_Alpha158_csi300_custom_step0_s_20260527_18,6ba595d5763d4392a45c163c45a4b856,0.074,,,
3590,2026-05-27,SZ302132,-0.002167948790112712,EXP_LGBModel_Alpha158_csi300_custom_step0_s_20260527_18,6ba595d5763d4392a45c163c45a4b856,0.074,,,
3591,2026-05-27,SH600000,-0.023030263535280395,EXP_DEnsembleModel_Alpha158_csi300_custom_step0_s_20260527_16,5efd686dbb9343849e9060c5ccd40375,0.07,,,
3592,2026-05-27,SH600009,-0.035845536818636045,EXP_DEnsembleModel_Alpha158_csi300_custom_step0_s_20260527_16,5efd686dbb9343849e9060c5ccd40375,0.07,,,
3593,2026-05-27,SH600010,-0.08348780433229444,EXP_DEnsembleModel_Alpha158_csi300_custom_step0_s_20260527_16,5efd686dbb9343849e9060c5ccd40375,0.07,,,
3594,2026-05-27,SH600011,-0.0027996852050290516,EXP_DEnsembleModel_Alpha158_csi300_custom_step0_s_20260527_16,5efd686dbb9343849e9060c5ccd40375,0.07,,,
3595,2026-05-27,SH600015,0.03102244733892296,EXP_DEnsembleModel_Alpha158_csi300_custom_step0_s_20260527_16,5efd686dbb9343849e9060c5ccd40375,0.07,,,
3596,2026-05-27,SH600016,0.02726979460973027,EXP_DEnsembleModel_Alpha158_csi300_custom_step0_s_20260527_16,5efd686dbb9343849e9060c5ccd40375,0.07,,,
3597,2026-05-27,SH600018,0.11675019376805008,EXP_DEnsembleModel_Alpha158_csi300_custom_step0_s_20260527_16,5efd686dbb9343849e9060c5ccd40375,0.07,,,
3598,2026-05-27,SH600019,-0.008529150025597771,EXP_DEnsembleModel_Alpha158_csi300_custom_step0_s_20260527_16,5efd686dbb9343849e9060c5ccd40375,0.07,,,
3599,2026-05-27,SH600023,-0.12772059417036272,EXP_DEnsembleModel_Alpha158_csi300_custom_step0_s_20260527_16,5efd686dbb9343849e9060c5ccd40375,0.07,,,
3600,2026-05-27,SH600025,0.09559274337481011,EXP_DEnsembleModel_Alpha158_csi300_custom_step0_s_20260527_16,5efd686dbb9343849e9060c5ccd40375,0.07,,,
3601,2026-05-27,SH600026,-0.03944514824779681,EXP_DEnsembleModel_Alpha158_csi300_custom_step0_s_20260527_16,5efd686dbb9343849e9060c5ccd40375,0.07,,,
3602,2026-05-27,SH600027,-0.09046879099811575,EXP_DEnsembleModel_Alpha158_csi300_custom_step0_s_20260527_16,5efd686dbb9343849e9060c5ccd40375,0.07,,,
3603,2026-05-27,SH600111,-0.1263981580700214,EXP_DEnsembleModel_Alpha158_csi300_custom_step0_s_20260527_16,5efd686dbb9343849e9060c5ccd40375,0.07,,,
3604,2026-05-27,SH600104,0.04313141489002505,EXP_DEnsembleModel_Alpha158_csi300_custom_step0_s_20260527_16,5efd686dbb9343849e9060c5ccd40375,0.07,,,
3605,2026-05-27,SH600089,-0.1194848644639604,EXP_DEnsembleModel_Alpha158_csi300_custom_step0_s_20260527_16,5efd686dbb9343849e9060c5ccd40375,0.07,,,
3606,2026-05-27,SH600085,-0.07996218280571181,EXP_DEnsembleModel_Alpha158_csi300_custom_step0_s_20260527_16,5efd686dbb9343849e9060c5ccd40375,0.07,,,
3607,2026-05-27,SH600066,0.012919305888395141,EXP_DEnsembleModel_Alpha158_csi300_custom_step0_s_20260527_16,5efd686dbb9343849e9060c5ccd40375,0.07,,,
3608,2026-05-27,SH600061,-0.033577088254440585,EXP_DEnsembleModel_Alpha158_csi300_custom_step0_s_20260527_16,5efd686dbb9343849e9060c5ccd40375,0.07,,,
3609,2026-05-27,SZ300896,-0.010058709546828325,EXP_LGBModel_Alpha158_csi300_custom_step0_s_20260527_18,6ba595d5763d4392a45c163c45a4b856,0.074,,,
3610,2026-05-27,SH600050,-0.015508534996858015,EXP_DEnsembleModel_Alpha158_csi300_custom_step0_s_20260527_16,5efd686dbb9343849e9060c5ccd40375,0.07,,,
3611,2026-05-27,SH600039,-0.04343047348260572,EXP_DEnsembleModel_Alpha158_csi300_custom_step0_s_20260527_16,5efd686dbb9343849e9060c5ccd40375,0.07,,,
3612,2026-05-27,SH600036,0.01234939128972378,EXP_DEnsembleModel_Alpha158_csi300_custom_step0_s_20260527_16,5efd686dbb9343849e9060c5ccd40375,0.07,,,
3613,2026-05-27,SH600031,-0.13529706036119413,EXP_DEnsembleModel_Alpha158_csi300_custom_step0_s_20260527_16,5efd686dbb9343849e9060c5ccd40375,0.07,,,
3614,2026-05-27,SH600030,-0.006211765630534038,EXP_DEnsembleModel_Alpha158_csi300_custom_step0_s_20260527_16,5efd686dbb9343849e9060c5ccd40375,0.07,,,
3615,2026-05-27,SH600029,-0.022668628047530507,EXP_DEnsembleModel_Alpha158_csi300_custom_step0_s_20260527_16,5efd686dbb9343849e9060c5ccd40375,0.07,,,
3616,2026-05-27,SH600028,-0.03205563832036041,EXP_DEnsembleModel_Alpha158_csi300_custom_step0_s_20260527_16,5efd686dbb9343849e9060c5ccd40375,0.07,,,
3617,2026-05-27,SH600048,-0.09019707748607196,EXP_DEnsembleModel_Alpha158_csi300_custom_step0_s_20260527_16,5efd686dbb9343849e9060c5ccd40375,0.07,,,
3618,2026-05-27,SZ300866,0.056562931556146834,EXP_LGBModel_Alpha158_csi300_custom_step0_s_20260527_18,6ba595d5763d4392a45c163c45a4b856,0.074,,,
3619,2026-05-27,SZ300832,0.01580886719541248,EXP_LGBModel_Alpha158_csi300_custom_step0_s_20260527_18,6ba595d5763d4392a45c163c45a4b856,0.074,,,
3620,2026-05-27,SZ300803,-0.011267272354276199,EXP_LGBModel_Alpha158_csi300_custom_step0_s_20260527_18,6ba595d5763d4392a45c163c45a4b856,0.074,,,
3621,2026-05-27,SZ300274,0.08297206417099658,EXP_LGBModel_Alpha158_csi300_custom_step0_s_20260527_18,6ba595d5763d4392a45c163c45a4b856,0.074,,,
3622,2026-05-27,SZ300251,0.03807268485663387,EXP_LGBModel_Alpha158_csi300_custom_step0_s_20260527_18,6ba595d5763d4392a45c163c45a4b856,0.074,,,
3623,2026-05-27,SZ300124,0.07557937711157502,EXP_LGBModel_Alpha158_csi300_custom_step0_s_20260527_18,6ba595d5763d4392a45c163c45a4b856,0.074,,,
3624,2026-05-27,SZ300122,5.32771264637154e-05,EXP_LGBModel_Alpha158_csi300_custom_step0_s_20260527_18,6ba595d5763d4392a45c163c45a4b856,0.074,,,
3625,2026-05-27,SZ300059,-0.0063381681099748165,EXP_LGBModel_Alpha158_csi300_custom_step0_s_20260527_18,6ba595d5763d4392a45c163c45a4b856,0.074,,,
3626,2026-05-27,SZ300033,-7.219165338539773e-05,EXP_LGBModel_Alpha158_csi300_custom_step0_s_20260527_18,6ba595d5763d4392a45c163c45a4b856,0.074,,,
3627,2026-05-27,SZ300308,0.08297206417099658,EXP_LGBModel_Alpha158_csi300_custom_step0_s_20260527_18,6ba595d5763d4392a45c163c45a4b856,0.074,,,
3628,2026-05-27,SZ300015,-0.013577404192720468,EXP_LGBModel_Alpha158_csi300_custom_step0_s_20260527_18,6ba595d5763d4392a45c163c45a4b856,0.074,,,
3629,2026-05-27,SZ003816,0.0035017777723024925,EXP_LGBModel_Alpha158_csi300_custom_step0_s_20260527_18,6ba595d5763d4392a45c163c45a4b856,0.074,,,
3630,2026-05-27,SZ002938,0.012887411436330251,EXP_LGBModel_Alpha158_csi300_custom_step0_s_20260527_18,6ba595d5763d4392a45c163c45a4b856,0.074,,,
3631,2026-05-27,SZ002920,-0.0060721087898747425,EXP_LGBModel_Alpha158_csi300_custom_step0_s_20260527_18,6ba595d5763d4392a45c163c45a4b856,0.074,,,
3632,2026-05-27,SZ002916,0.010647689055745566,EXP_LGBModel_Alpha158_csi300_custom_step0_s_20260527_18,6ba595d5763d4392a45c163c45a4b856,0.074,,,
3633,2026-05-27,SZ002736,-0.006042036897266412,EXP_LGBModel_Alpha158_csi300_custom_step0_s_20260527_18,6ba595d5763d4392a45c163c45a4b856,0.074,,,
3634,2026-05-27,SZ002714,-0.005224386919371656,EXP_LGBModel_Alpha158_csi300_custom_step0_s_20260527_18,6ba595d5763d4392a45c163c45a4b856,0.074,,,
3635,2026-05-27,SZ300014,0.0013864768032464214,EXP_LGBModel_Alpha158_csi300_custom_step0_s_20260527_18,6ba595d5763d4392a45c163c45a4b856,0.074,,,
3636,2026-05-27,SH603893,-0.16488042895537702,EXP_DEnsembleModel_Alpha158_csi300_custom_step0_s_20260527_16,5efd686dbb9343849e9060c5ccd40375,0.07,,,
3637,2026-05-27,SZ300316,0.04814086836746757,EXP_LGBModel_Alpha158_csi300_custom_step0_s_20260527_18,6ba595d5763d4392a45c163c45a4b856,0.074,,,
3638,2026-05-27,SZ300394,0.0723376437680393,EXP_LGBModel_Alpha158_csi300_custom_step0_s_20260527_18,6ba595d5763d4392a45c163c45a4b856,0.074,,,
3639,2026-05-27,SZ300782,0.026016247378685603,EXP_LGBModel_Alpha158_csi300_custom_step0_s_20260527_18,6ba595d5763d4392a45c163c45a4b856,0.074,,,
3640,2026-05-27,SZ300760,-0.015710812400489996,EXP_LGBModel_Alpha158_csi300_custom_step0_s_20260527_18,6ba595d5763d4392a45c163c45a4b856,0.074,,,
3641,2026-05-27,SZ300759,0.02185222095596971,EXP_LGBModel_Alpha158_csi300_custom_step0_s_20260527_18,6ba595d5763d4392a45c163c45a4b856,0.074,,,
3642,2026-05-27,SZ300750,0.005259199898562046,EXP_LGBModel_Alpha158_csi300_custom_step0_s_20260527_18,6ba595d5763d4392a45c163c45a4b856,0.074,,,
3643,2026-05-27,SZ300661,0.05158278579542677,EXP_LGBModel_Alpha158_csi300_custom_step0_s_20260527_18,6ba595d5763d4392a45c163c45a4b856,0.074,,,
3644,2026-05-27,SZ300628,0.01912914530927462,EXP_LGBModel_Alpha158_csi300_custom_step0_s_20260527_18,6ba595d5763d4392a45c163c45a4b856,0.074,,,
3645,2026-05-27,SZ300347,0.0068450908736948325,EXP_LGBModel_Alpha158_csi300_custom_step0_s_20260527_18,6ba595d5763d4392a45c163c45a4b856,0.074,,,
3646,2026-05-27,SZ300502,0.09489293124562949,EXP_LGBModel_Alpha158_csi300_custom_step0_s_20260527_18,6ba595d5763d4392a45c163c45a4b856,0.074,,,
3647,2026-05-27,SZ300476,0.012887411436330251,EXP_LGBModel_Alpha158_csi300_custom_step0_s_20260527_18,6ba595d5763d4392a45c163c45a4b856,0.074,,,
3648,2026-05-27,SZ300442,-1.0310748514914266e-09,EXP_LGBModel_Alpha158_csi300_custom_step0_s_20260527_18,6ba595d5763d4392a45c163c45a4b856,0.074,,,
3649,2026-05-27,SZ300433,0.00024229147419611987,EXP_LGBModel_Alpha158_csi300_custom_step0_s_20260527_18,6ba595d5763d4392a45c163c45a4b856,0.074,,,
3650,2026-05-27,SZ300418,-0.0027766330931019,EXP_LGBModel_Alpha158_csi300_custom_step0_s_20260527_18,6ba595d5763d4392a45c163c45a4b856,0.074,,,
3651,2026-05-27,SZ300413,5.32771264637154e-05,EXP_LGBModel_Alpha158_csi300_custom_step0_s_20260527_18,6ba595d5763d4392a45c163c45a4b856,0.074,,,
3652,2026-05-27,SZ300408,-0.0025140015008594035,EXP_LGBModel_Alpha158_csi300_custom_step0_s_20260527_18,6ba595d5763d4392a45c163c45a4b856,0.074,,,
3653,2026-05-27,SZ300498,0.02007635310316433,EXP_LGBModel_Alpha158_csi300_custom_step0_s_20260527_18,6ba595d5763d4392a45c163c45a4b856,0.074,,,
3654,2026-05-27,SH603986,-0.11523859152755657,EXP_DEnsembleModel_Alpha158_csi300_custom_step0_s_20260527_16,5efd686dbb9343849e9060c5ccd40375,0.07,,,
3655,2026-05-27,SH603993,-0.09789208363083658,EXP_DEnsembleModel_Alpha158_csi300_custom_step0_s_20260527_16,5efd686dbb9343849e9060c5ccd40375,0.07,,,
3656,2026-05-27,SH605117,-0.21699722089006468,EXP_DEnsembleModel_Alpha158_csi300_custom_step0_s_20260527_16,5efd686dbb9343849e9060c5ccd40375,0.07,,,
3657,2026-05-27,SH600438,-0.12389131431133188,EXP_DEnsembleModel_Alpha158_csi300_custom_step0_s_20260527_16,287e1d0f3dfc456490801e8841185f8c,0.069,,,
3658,2026-05-27,SH600460,-0.0826833952730026,EXP_DEnsembleModel_Alpha158_csi300_custom_step0_s_20260527_16,287e1d0f3dfc456490801e8841185f8c,0.069,,,
3659,2026-05-27,SH600482,-0.03660027174798092,EXP_DEnsembleModel_Alpha158_csi300_custom_step0_s_20260527_16,287e1d0f3dfc456490801e8841185f8c,0.069,,,
3660,2026-05-27,SH600489,-0.054400301661365724,EXP_DEnsembleModel_Alpha158_csi300_custom_step0_s_20260527_16,287e1d0f3dfc456490801e8841185f8c,0.069,,,
3661,2026-05-27,SH600515,0.07715386530655634,EXP_DEnsembleModel_Alpha158_csi300_custom_step0_s_20260527_16,287e1d0f3dfc456490801e8841185f8c,0.069,,,
3662,2026-05-27,SH600519,-0.06700863528025827,EXP_DEnsembleModel_Alpha158_csi300_custom_step0_s_20260527_16,287e1d0f3dfc456490801e8841185f8c,0.069,,,
3663,2026-05-27,SH600522,0.14895573016818217,EXP_DEnsembleModel_Alpha158_csi300_custom_step0_s_20260527_16,287e1d0f3dfc456490801e8841185f8c,0.069,,,
3664,2026-05-27,SH600547,0.014598041918640677,EXP_DEnsembleModel_Alpha158_csi300_custom_step0_s_20260527_16,287e1d0f3dfc456490801e8841185f8c,0.069,,,
3665,2026-05-27,SH600570,-0.065349219801126,EXP_DEnsembleModel_Alpha158_csi300_custom_step0_s_20260527_16,287e1d0f3dfc456490801e8841185f8c,0.069,,,
3666,2026-05-27,SH600584,-0.1408544417402479,EXP_DEnsembleModel_Alpha158_csi300_custom_step0_s_20260527_16,287e1d0f3dfc456490801e8841185f8c,0.069,,,
3667,2026-05-27,SH600585,0.024003297464574868,EXP_DEnsembleModel_Alpha158_csi300_custom_step0_s_20260527_16,287e1d0f3dfc456490801e8841185f8c,0.069,,,
3668,2026-05-27,SH600588,-0.015582915263516274,EXP_DEnsembleModel_Alpha158_csi300_custom_step0_s_20260527_16,287e1d0f3dfc456490801e8841185f8c,0.069,,,
3669,2026-05-27,SH600600,0.032215833989908446,EXP_DEnsembleModel_Alpha158_csi300_custom_step0_s_20260527_16,287e1d0f3dfc456490801e8841185f8c,0.069,,,
3670,2026-05-27,SH600660,-0.006145364467219259,EXP_DEnsembleModel_Alpha158_csi300_custom_step0_s_20260527_16,287e1d0f3dfc456490801e8841185f8c,0.069,,,
3671,2026-05-27,SH600674,0.06618032599947335,EXP_DEnsembleModel_Alpha158_csi300_custom_step0_s_20260527_16,287e1d0f3dfc456490801e8841185f8c,0.069,,,
3672,2026-05-27,SH600690,-0.05854853367031572,EXP_DEnsembleModel_Alpha158_csi300_custom_step0_s_20260527_16,287e1d0f3dfc456490801e8841185f8c,0.069,,,
3673,2026-05-27,SH600741,0.020804172145491635,EXP_DEnsembleModel_Alpha158_csi300_custom_step0_s_20260527_16,287e1d0f3dfc456490801e8841185f8c,0.069,,,
3674,2026-05-27,SH600926,0.051818363049946935,EXP_DEnsembleModel_Alpha158_csi300_custom_step0_s_20260527_16,287e1d0f3dfc456490801e8841185f8c,0.069,,,
3675,2026-05-27,SH600919,0.08923426526395771,EXP_DEnsembleModel_Alpha158_csi300_custom_step0_s_20260527_16,287e1d0f3dfc456490801e8841185f8c,0.069,,,
3676,2026-05-27,SH600918,0.00519338015790658,EXP_DEnsembleModel_Alpha158_csi300_custom_step0_s_20260527_16,287e1d0f3dfc456490801e8841185f8c,0.069,,,
3677,2026-05-27,SH600905,0.09196448525594574,EXP_DEnsembleModel_Alpha158_csi300_custom_step0_s_20260527_16,287e1d0f3dfc456490801e8841185f8c,0.069,,,
3678,2026-05-27,SH600900,0.08884463911814723,EXP_DEnsembleModel_Alpha158_csi300_custom_step0_s_20260527_16,287e1d0f3dfc456490801e8841185f8c,0.069,,,
3679,2026-05-27,SH600893,-0.04336814443030138,EXP_DEnsembleModel_Alpha158_csi300_custom_step0_s_20260527_16,287e1d0f3dfc456490801e8841185f8c,0.069,,,
3680,2026-05-27,SH600436,-0.08251414821632658,EXP_DEnsembleModel_Alpha158_csi300_custom_step0_s_20260527_16,287e1d0f3dfc456490801e8841185f8c,0.069,,,
3681,2026-05-27,SH600887,0.003905768016326921,EXP_DEnsembleModel_Alpha158_csi300_custom_step0_s_20260527_16,287e1d0f3dfc456490801e8841185f8c,0.069,,,
3682,2026-05-27,SH600875,-0.1551360960750443,EXP_DEnsembleModel_Alpha158_csi300_custom_step0_s_20260527_16,287e1d0f3dfc456490801e8841185f8c,0.069,,,
3683,2026-05-27,SH600845,-0.0982732218924755,EXP_DEnsembleModel_Alpha158_csi300_custom_step0_s_20260527_16,287e1d0f3dfc456490801e8841185f8c,0.069,,,
3684,2026-05-27,SH600809,-0.04158211133024343,EXP_DEnsembleModel_Alpha158_csi300_custom_step0_s_20260527_16,287e1d0f3dfc456490801e8841185f8c,0.069,,,
3685,2026-05-27,SH600803,-0.0025145217165809613,EXP_DEnsembleModel_Alpha158_csi300_custom_step0_s_20260527_16,287e1d0f3dfc456490801e8841185f8c,0.069,,,
3686,2026-05-27,SH600795,0.05828222407720464,EXP_DEnsembleModel_Alpha158_csi300_custom_step0_s_20260527_16,287e1d0f3dfc456490801e8841185f8c,0.069,,,
3687,2026-05-27,SH600760,-0.1443440052564884,EXP_DEnsembleModel_Alpha158_csi300_custom_step0_s_20260527_16,287e1d0f3dfc456490801e8841185f8c,0.069,,,
3688,2026-05-27,SH600886,0.13272431770780108,EXP_DEnsembleModel_Alpha158_csi300_custom_step0_s_20260527_16,287e1d0f3dfc456490801e8841185f8c,0.069,,,
3689,2026-05-27,SH600930,-0.003994606587011083,EXP_DEnsembleModel_Alpha158_csi300_custom_step0_s_20260527_16,287e1d0f3dfc456490801e8841185f8c,0.069,,,
3690,2026-05-27,SH600426,0.05414002378625256,EXP_DEnsembleModel_Alpha158_csi300_custom_step0_s_20260527_16,287e1d0f3dfc456490801e8841185f8c,0.069,,,
3691,2026-05-27,SH600406,-0.07136768449873396,EXP_DEnsembleModel_Alpha158_csi300_custom_step0_s_20260527_16,287e1d0f3dfc456490801e8841185f8c,0.069,,,
3692,2026-05-27,SH600027,-0.07320099565483355,EXP_DEnsembleModel_Alpha158_csi300_custom_step0_s_20260527_16,287e1d0f3dfc456490801e8841185f8c,0.069,,,
3693,2026-05-27,SH600028,0.009402431100478831,EXP_DEnsembleModel_Alpha158_csi300_custom_step0_s_20260527_16,287e1d0f3dfc456490801e8841185f8c,0.069,,,
3694,2026-05-27,SH600029,-0.007271374540009037,EXP_DEnsembleModel_Alpha158_csi300_custom_step0_s_20260527_16,287e1d0f3dfc456490801e8841185f8c,0.069,,,
3695,2026-05-27,SH600030,0.04561099171230338,EXP_DEnsembleModel_Alpha158_csi300_custom_step0_s_20260527_16,287e1d0f3dfc456490801e8841185f8c,0.069,,,
3696,2026-05-27,SH600031,-0.07698915050613238,EXP_DEnsembleModel_Alpha158_csi300_custom_step0_s_20260527_16,287e1d0f3dfc456490801e8841185f8c,0.069,,,
3697,2026-05-27,SH600036,0.024990245333086265,EXP_DEnsembleModel_Alpha158_csi300_custom_step0_s_20260527_16,287e1d0f3dfc456490801e8841185f8c,0.069,,,
3698,2026-05-27,SH600039,0.04874228307300186,EXP_DEnsembleModel_Alpha158_csi300_custom_step0_s_20260527_16,287e1d0f3dfc456490801e8841185f8c,0.069,,,
3699,2026-05-27,SH600048,-0.1045709071455603,EXP_DEnsembleModel_Alpha158_csi300_custom_step0_s_20260527_16,287e1d0f3dfc456490801e8841185f8c,0.069,,,
3700,2026-05-27,SH600050,-0.019140374004401273,EXP_DEnsembleModel_Alpha158_csi300_custom_step0_s_20260527_16,287e1d0f3dfc456490801e8841185f8c,0.069,,,
3701,2026-05-27,SH600061,0.04336913117145664,EXP_DEnsembleModel_Alpha158_csi300_custom_step0_s_20260527_16,287e1d0f3dfc456490801e8841185f8c,0.069,,,
3702,2026-05-27,SH600066,0.010960685030364207,EXP_DEnsembleModel_Alpha158_csi300_custom_step0_s_20260527_16,287e1d0f3dfc456490801e8841185f8c,0.069,,,
3703,2026-05-27,SH600085,-0.03908248704128283,EXP_DEnsembleModel_Alpha158_csi300_custom_step0_s_20260527_16,287e1d0f3dfc456490801e8841185f8c,0.069,,,
3704,2026-05-27,SH600089,-0.10445081930056649,EXP_DEnsembleModel_Alpha158_csi300_custom_step0_s_20260527_16,287e1d0f3dfc456490801e8841185f8c,0.069,,,
3705,2026-05-27,SH600104,0.08152399684066264,EXP_DEnsembleModel_Alpha158_csi300_custom_step0_s_20260527_16,287e1d0f3dfc456490801e8841185f8c,0.069,,,
3706,2026-05-27,SH600111,-0.18203029174907445,EXP_DEnsembleModel_Alpha158_csi300_custom_step0_s_20260527_16,287e1d0f3dfc456490801e8841185f8c,0.069,,,
3707,2026-05-27,SH600115,-0.12687549036884818,EXP_DEnsembleModel_Alpha158_csi300_custom_step0_s_20260527_16,287e1d0f3dfc456490801e8841185f8c,0.069,,,
3708,2026-05-27,SH600150,-0.09064780850245083,EXP_DEnsembleModel_Alpha158_csi300_custom_step0_s_20260527_16,287e1d0f3dfc456490801e8841185f8c,0.069,,,
3709,2026-05-27,SH600377,0.10743893371229547,EXP_DEnsembleModel_Alpha158_csi300_custom_step0_s_20260527_16,287e1d0f3dfc456490801e8841185f8c,0.069,,,
3710,2026-05-27,SH600372,-0.03905710847121594,EXP_DEnsembleModel_Alpha158_csi300_custom_step0_s_20260527_16,287e1d0f3dfc456490801e8841185f8c,0.069,,,
3711,2026-05-27,SH600362,-0.18682260983417645,EXP_DEnsembleModel_Alpha158_csi300_custom_step0_s_20260527_16,287e1d0f3dfc456490801e8841185f8c,0.069,,,
3712,2026-05-27,SH600346,0.27803140616410976,EXP_DEnsembleModel_Alpha158_csi300_custom_step0_s_20260527_16,287e1d0f3dfc456490801e8841185f8c,0.069,,,
3713,2026-05-27,SH600309,0.019243160540035234,EXP_DEnsembleModel_Alpha158_csi300_custom_step0_s_20260527_16,287e1d0f3dfc456490801e8841185f8c,0.069,,,
3714,2026-05-27,SH600276,-0.11482263771665231,EXP_DEnsembleModel_Alpha158_csi300_custom_step0_s_20260527_16,287e1d0f3dfc456490801e8841185f8c,0.069,,,
3715,2026-05-27,SH600415,-0.1580817205149793,EXP_DEnsembleModel_Alpha158_csi300_custom_step0_s_20260527_16,287e1d0f3dfc456490801e8841185f8c,0.069,,,
3716,2026-05-27,SH600233,-0.038019070068667594,EXP_DEnsembleModel_Alpha158_csi300_custom_step0_s_20260527_16,287e1d0f3dfc456490801e8841185f8c,0.069,,,
3717,2026-05-27,SH600196,-0.10899743773415917,EXP_DEnsembleModel_Alpha158_csi300_custom_step0_s_20260527_16,287e1d0f3dfc456490801e8841185f8c,0.069,,,
3718,2026-05-27,SH600188,-0.09522265378410787,EXP_DEnsembleModel_Alpha158_csi300_custom_step0_s_20260527_16,287e1d0f3dfc456490801e8841185f8c,0.069,,,
3719,2026-05-27,SH600183,-0.24710740181961374,EXP_DEnsembleModel_Alpha158_csi300_custom_step0_s_20260527_16,287e1d0f3dfc456490801e8841185f8c,0.069,,,
3720,2026-05-27,SH600176,-0.2919423009648577,EXP_DEnsembleModel_Alpha158_csi300_custom_step0_s_20260527_16,287e1d0f3dfc456490801e8841185f8c,0.069,,,
3721,2026-05-27,SH600161,-0.002602375210816194,EXP_DEnsembleModel_Alpha158_csi300_custom_step0_s_20260527_16,287e1d0f3dfc456490801e8841185f8c,0.069,,,
3722,2026-05-27,SH600160,-0.09518757002390844,EXP_DEnsembleModel_Alpha158_csi300_custom_step0_s_20260527_16,287e1d0f3dfc456490801e8841185f8c,0.069,,,
3723,2026-05-27,SH600219,-0.09452632931655951,EXP_DEnsembleModel_Alpha158_csi300_custom_step0_s_20260527_16,287e1d0f3dfc456490801e8841185f8c,0.069,,,
3724,2026-05-27,SH600938,0.028419580033076087,EXP_DEnsembleModel_Alpha158_csi300_custom_step0_s_20260527_16,287e1d0f3dfc456490801e8841185f8c,0.069,,,
3725,2026-05-27,SH600941,0.008949687133115766,EXP_DEnsembleModel_Alpha158_csi300_custom_step0_s_20260527_16,287e1d0f3dfc456490801e8841185f8c,0.069,,,
3726,2026-05-27,SH600958,0.0061073822924391915,EXP_DEnsembleModel_Alpha158_csi300_custom_step0_s_20260527_16,287e1d0f3dfc456490801e8841185f8c,0.069,,,
3727,2026-05-27,SH601456,0.010702987748804621,EXP_DEnsembleModel_Alpha158_csi300_custom_step0_s_20260527_16,287e1d0f3dfc456490801e8841185f8c,0.069,,,
3728,2026-05-27,SH601600,-0.1645361248053618,EXP_DEnsembleModel_Alpha158_csi300_custom_step0_s_20260527_16,287e1d0f3dfc456490801e8841185f8c,0.069,,,
3729,2026-05-27,SH601601,0.04920821200027162,EXP_DEnsembleModel_Alpha158_csi300_custom_step0_s_20260527_16,287e1d0f3dfc456490801e8841185f8c,0.069,,,
3730,2026-05-27,SH601607,0.03673964203434354,EXP_DEnsembleModel_Alpha158_csi300_custom_step0_s_20260527_16,287e1d0f3dfc456490801e8841185f8c,0.069,,,
3731,2026-05-27,SH601618,0.07721886343822726,EXP_DEnsembleModel_Alpha158_csi300_custom_step0_s_20260527_16,287e1d0f3dfc456490801e8841185f8c,0.069,,,
3732,2026-05-27,SH601628,0.019527195823735032,EXP_DEnsembleModel_Alpha158_csi300_custom_step0_s_20260527_16,287e1d0f3dfc456490801e8841185f8c,0.069,,,
3733,2026-05-27,SH601633,0.05439080511613842,EXP_DEnsembleModel_Alpha158_csi300_custom_step0_s_20260527_16,287e1d0f3dfc456490801e8841185f8c,0.069,,,
3734,2026-05-27,SH601658,0.12102730594423639,EXP_DEnsembleModel_Alpha158_csi300_custom_step0_s_20260527_16,287e1d0f3dfc456490801e8841185f8c,0.069,,,
3735,2026-05-27,SH601668,0.03232093174384001,EXP_DEnsembleModel_Alpha158_csi300_custom_step0_s_20260527_16,287e1d0f3dfc456490801e8841185f8c,0.069,,,
3736,2026-05-27,SH601669,-0.07121136556640051,EXP_DEnsembleModel_Alpha158_csi300_custom_step0_s_20260527_16,287e1d0f3dfc456490801e8841185f8c,0.069,,,
3737,2026-05-27,SH601688,0.01313261557556924,EXP_DEnsembleModel_Alpha158_csi300_custom_step0_s_20260527_16,287e1d0f3dfc456490801e8841185f8c,0.069,,,
3738,2026-05-27,SH601689,-0.11343229118577211,EXP_DEnsembleModel_Alpha158_csi300_custom_step0_s_20260527_16,287e1d0f3dfc456490801e8841185f8c,0.069,,,
3739,2026-05-27,SH601698,-0.026832052443083086,EXP_DEnsembleModel_Alpha158_csi300_custom_step0_s_20260527_16,287e1d0f3dfc456490801e8841185f8c,0.069,,,
3740,2026-05-27,SH601728,-0.06261934129601578,EXP_DEnsembleModel_Alpha158_csi300_custom_step0_s_20260527_16,287e1d0f3dfc456490801e8841185f8c,0.069,,,
3741,2026-05-27,SH601766,0.049257462940503115,EXP_DEnsembleModel_Alpha158_csi300_custom_step0_s_20260527_16,287e1d0f3dfc456490801e8841185f8c,0.069,,,
3742,2026-05-27,SH601788,-0.009891635803595256,EXP_DEnsembleModel_Alpha158_csi300_custom_step0_s_20260527_16,287e1d0f3dfc456490801e8841185f8c,0.069,,,
3743,2026-05-27,SH601800,-0.025156307606460013,EXP_DEnsembleModel_Alpha158_csi300_custom_step0_s_20260527_16,287e1d0f3dfc456490801e8841185f8c,0.069,,,
3744,2026-05-27,SH601899,-0.07015383059874049,EXP_DEnsembleModel_Alpha158_csi300_custom_step0_s_20260527_16,287e1d0f3dfc456490801e8841185f8c,0.069,,,
3745,2026-05-27,SH601898,-0.001232864979721864,EXP_DEnsembleModel_Alpha158_csi300_custom_step0_s_20260527_16,287e1d0f3dfc456490801e8841185f8c,0.069,,,
3746,2026-05-27,SH601888,0.026620428574256276,EXP_DEnsembleModel_Alpha158_csi300_custom_step0_s_20260527_16,287e1d0f3dfc456490801e8841185f8c,0.069,,,
3747,2026-05-27,SH601881,-0.0008462139440066802,EXP_DEnsembleModel_Alpha158_csi300_custom_step0_s_20260527_16,287e1d0f3dfc456490801e8841185f8c,0.069,,,
3748,2026-05-27,SH601878,0.028195487510736354,EXP_DEnsembleModel_Alpha158_csi300_custom_step0_s_20260527_16,287e1d0f3dfc456490801e8841185f8c,0.069,,,
3749,2026-05-27,SH601877,-0.0862691256437288,EXP_DEnsembleModel_Alpha158_csi300_custom_step0_s_20260527_16,287e1d0f3dfc456490801e8841185f8c,0.069,,,
3750,2026-05-27,SH601398,0.14109288501354283,EXP_DEnsembleModel_Alpha158_csi300_custom_step0_s_20260527_16,287e1d0f3dfc456490801e8841185f8c,0.069,,,
3751,2026-05-27,SH601872,-0.03264767283910809,EXP_DEnsembleModel_Alpha158_csi300_custom_step0_s_20260527_16,287e1d0f3dfc456490801e8841185f8c,0.069,,,
3752,2026-05-27,SH601857,-0.07903815395740674,EXP_DEnsembleModel_Alpha158_csi300_custom_step0_s_20260527_16,287e1d0f3dfc456490801e8841185f8c,0.069,,,
3753,2026-05-27,SH601838,0.08797791819543418,EXP_DEnsembleModel_Alpha158_csi300_custom_step0_s_20260527_16,287e1d0f3dfc456490801e8841185f8c,0.069,,,
3754,2026-05-27,SH601825,0.04494999538403793,EXP_DEnsembleModel_Alpha158_csi300_custom_step0_s_20260527_16,287e1d0f3dfc456490801e8841185f8c,0.069,,,
3755,2026-05-27,SH601818,0.07453048497579186,EXP_DEnsembleModel_Alpha158_csi300_custom_step0_s_20260527_16,287e1d0f3dfc456490801e8841185f8c,0.069,,,
3756,2026-05-27,SH601816,0.049795467135201686,EXP_DEnsembleModel_Alpha158_csi300_custom_step0_s_20260527_16,287e1d0f3dfc456490801e8841185f8c,0.069,,,
3757,2026-05-27,SH601808,0.0877623259980511,EXP_DEnsembleModel_Alpha158_csi300_custom_step0_s_20260527_16,287e1d0f3dfc456490801e8841185f8c,0.069,,,
3758,2026-05-27,SH601868,-0.018297533597508447,EXP_DEnsembleModel_Alpha158_csi300_custom_step0_s_20260527_16,287e1d0f3dfc456490801e8841185f8c,0.069,,,
3759,2026-05-27,SH601390,0.023058403862087743,EXP_DEnsembleModel_Alpha158_csi300_custom_step0_s_20260527_16,287e1d0f3dfc456490801e8841185f8c,0.069,,,
3760,2026-05-27,SH601377,0.018662239933982933,EXP_DEnsembleModel_Alpha158_csi300_custom_step0_s_20260527_16,287e1d0f3dfc456490801e8841185f8c,0.069,,,
3761,2026-05-27,SH601360,-0.020838924600022568,EXP_DEnsembleModel_Alpha158_csi300_custom_step0_s_20260527_16,287e1d0f3dfc456490801e8841185f8c,0.069,,,
3762,2026-05-27,SH601111,-0.0015388696719369546,EXP_DEnsembleModel_Alpha158_csi300_custom_step0_s_20260527_16,287e1d0f3dfc456490801e8841185f8c,0.069,,,
3763,2026-05-27,SH601100,-0.003012625486562197,EXP_DEnsembleModel_Alpha158_csi300_custom_step0_s_20260527_16,287e1d0f3dfc456490801e8841185f8c,0.069,,,
3764,2026-05-27,SH601088,0.0013272193230211289,EXP_DEnsembleModel_Alpha158_csi300_custom_step0_s_20260527_16,287e1d0f3dfc456490801e8841185f8c,0.069,,,
3765,2026-05-27,SH601077,0.040652669967853015,EXP_DEnsembleModel_Alpha158_csi300_custom_step0_s_20260527_16,287e1d0f3dfc456490801e8841185f8c,0.069,,,
3766,2026-05-27,SH601066,0.07779043070474724,EXP_DEnsembleModel_Alpha158_csi300_custom_step0_s_20260527_16,287e1d0f3dfc456490801e8841185f8c,0.069,,,
3767,2026-05-27,SH601059,0.09788820543484285,EXP_DEnsembleModel_Alpha158_csi300_custom_step0_s_20260527_16,287e1d0f3dfc456490801e8841185f8c,0.069,,,
3768,2026-05-27,SH601117,0.021598277099530837,EXP_DEnsembleModel_Alpha158_csi300_custom_step0_s_20260527_16,287e1d0f3dfc456490801e8841185f8c,0.069,,,
3769,2026-05-27,SH601058,-0.04948682125013207,EXP_DEnsembleModel_Alpha158_csi300_custom_step0_s_20260527_16,287e1d0f3dfc456490801e8841185f8c,0.069,,,
3770,2026-05-27,SH601018,0.05782965014270439,EXP_DEnsembleModel_Alpha158_csi300_custom_step0_s_20260527_16,287e1d0f3dfc456490801e8841185f8c,0.069,,,
3771,2026-05-27,SH601012,-0.03288537709107734,EXP_DEnsembleModel_Alpha158_csi300_custom_step0_s_20260527_16,287e1d0f3dfc456490801e8841185f8c,0.069,,,
3772,2026-05-27,SH601009,0.007172103938495861,EXP_DEnsembleModel_Alpha158_csi300_custom_step0_s_20260527_16,287e1d0f3dfc456490801e8841185f8c,0.069,,,
3773,2026-05-27,SH601006,0.06373751263241244,EXP_DEnsembleModel_Alpha158_csi300_custom_step0_s_20260527_16,287e1d0f3dfc456490801e8841185f8c,0.069,,,
3774,2026-05-27,SH600999,0.10487152298467098,EXP_DEnsembleModel_Alpha158_csi300_custom_step0_s_20260527_16,287e1d0f3dfc456490801e8841185f8c,0.069,,,
3775,2026-05-27,SH600989,0.10487102973689952,EXP_DEnsembleModel_Alpha158_csi300_custom_step0_s_20260527_16,287e1d0f3dfc456490801e8841185f8c,0.069,,,
3776,2026-05-27,SH601021,-0.0866424323446312,EXP_DEnsembleModel_Alpha158_csi300_custom_step0_s_20260527_16,287e1d0f3dfc456490801e8841185f8c,0.069,,,
3777,2026-05-27,SH600026,-0.026819980393073543,EXP_DEnsembleModel_Alpha158_csi300_custom_step0_s_20260527_16,287e1d0f3dfc456490801e8841185f8c,0.069,,,
3778,2026-05-27,SH601127,-0.02375295038053094,EXP_DEnsembleModel_Alpha158_csi300_custom_step0_s_20260527_16,287e1d0f3dfc456490801e8841185f8c,0.069,,,
3779,2026-05-27,SH601138,-0.062471302232536545,EXP_DEnsembleModel_Alpha158_csi300_custom_step0_s_20260527_16,287e1d0f3dfc456490801e8841185f8c,0.069,,,
3780,2026-05-27,SH601336,-0.04174532610691258,EXP_DEnsembleModel_Alpha158_csi300_custom_step0_s_20260527_16,287e1d0f3dfc456490801e8841185f8c,0.069,,,
3781,2026-05-27,SH601328,0.06347357803581394,EXP_DEnsembleModel_Alpha158_csi300_custom_step0_s_20260527_16,287e1d0f3dfc456490801e8841185f8c,0.069,,,
3782,2026-05-27,SH601319,0.04708240964292236,EXP_DEnsembleModel_Alpha158_csi300_custom_step0_s_20260527_16,287e1d0f3dfc456490801e8841185f8c,0.069,,,
3783,2026-05-27,SH601318,0.019891592008653626,EXP_DEnsembleModel_Alpha158_csi300_custom_step0_s_20260527_16,287e1d0f3dfc456490801e8841185f8c,0.069,,,
3784,2026-05-27,SH601298,0.09618890802839902,EXP_DEnsembleModel_Alpha158_csi300_custom_step0_s_20260527_16,287e1d0f3dfc456490801e8841185f8c,0.069,,,
3785,2026-05-27,SH601288,0.005581469959120746,EXP_DEnsembleModel_Alpha158_csi300_custom_step0_s_20260527_16,287e1d0f3dfc456490801e8841185f8c,0.069,,,
3786,2026-05-27,SH601136,-0.09047808474752567,EXP_DEnsembleModel_Alpha158_csi300_custom_step0_s_20260527_16,287e1d0f3dfc456490801e8841185f8c,0.069,,,
3787,2026-05-27,SH601238,0.07462532536652976,EXP_DEnsembleModel_Alpha158_csi300_custom_step0_s_20260527_16,287e1d0f3dfc456490801e8841185f8c,0.069,,,
3788,2026-05-27,SH601229,0.006435093289602,EXP_DEnsembleModel_Alpha158_csi300_custom_step0_s_20260527_16,287e1d0f3dfc456490801e8841185f8c,0.069,,,
3789,2026-05-27,SH601225,-0.035034655959703315,EXP_DEnsembleModel_Alpha158_csi300_custom_step0_s_20260527_16,287e1d0f3dfc456490801e8841185f8c,0.069,,,
3790,2026-05-27,SH601211,-0.02703697196088267,EXP_DEnsembleModel_Alpha158_csi300_custom_step0_s_20260527_16,287e1d0f3dfc456490801e8841185f8c,0.069,,,
3791,2026-05-27,SH601186,0.0349864659603892,EXP_DEnsembleModel_Alpha158_csi300_custom_step0_s_20260527_16,287e1d0f3dfc456490801e8841185f8c,0.069,,,
3792,2026-05-27,SH601169,0.03209121321425008,EXP_DEnsembleModel_Alpha158_csi300_custom_step0_s_20260527_16,287e1d0f3dfc456490801e8841185f8c,0.069,,,
3793,2026-05-27,SH601166,0.09734819720629702,EXP_DEnsembleModel_Alpha158_csi300_custom_step0_s_20260527_16,287e1d0f3dfc456490801e8841185f8c,0.069,,,
3794,2026-05-27,SH601236,-0.008085569007414355,EXP_DEnsembleModel_Alpha158_csi300_custom_step0_s_20260527_16,287e1d0f3dfc456490801e8841185f8c,0.069,,,
3795,2026-05-27,SH688506,0.023809060554786148,EXP_LGBModel_Alpha158_csi300_custom_step0_s_20260527_18,6ba595d5763d4392a45c163c45a4b856,0.074,,,
3796,2026-05-27,SH600025,0.08991630982287604,EXP_DEnsembleModel_Alpha158_csi300_custom_step0_s_20260527_16,287e1d0f3dfc456490801e8841185f8c,0.069,,,
3797,2026-05-27,SH600019,0.03319655302969221,EXP_DEnsembleModel_Alpha158_csi300_custom_step0_s_20260527_16,287e1d0f3dfc456490801e8841185f8c,0.069,,,
3798,2026-05-27,SZ000625,-0.08538251394646582,EXP_DEnsembleModel_Alpha158_csi300_custom_step0_s_20260527_16,5efd686dbb9343849e9060c5ccd40375,0.07,,,
3799,2026-05-27,SZ000630,-0.1090842230279779,EXP_DEnsembleModel_Alpha158_csi300_custom_step0_s_20260527_16,5efd686dbb9343849e9060c5ccd40375,0.07,,,
3800,2026-05-27,SZ000651,0.007175084420853771,EXP_DEnsembleModel_Alpha158_csi300_custom_step0_s_20260527_16,5efd686dbb9343849e9060c5ccd40375,0.07,,,
3801,2026-05-27,SZ000661,-0.029606198915435,EXP_DEnsembleModel_Alpha158_csi300_custom_step0_s_20260527_16,5efd686dbb9343849e9060c5ccd40375,0.07,,,
3802,2026-05-27,SZ000708,0.00559414518470419,EXP_DEnsembleModel_Alpha158_csi300_custom_step0_s_20260527_16,5efd686dbb9343849e9060c5ccd40375,0.07,,,
3803,2026-05-27,SZ000725,0.07943491827224052,EXP_DEnsembleModel_Alpha158_csi300_custom_step0_s_20260527_16,5efd686dbb9343849e9060c5ccd40375,0.07,,,
3804,2026-05-27,SZ000768,-0.013961916942153239,EXP_DEnsembleModel_Alpha158_csi300_custom_step0_s_20260527_16,5efd686dbb9343849e9060c5ccd40375,0.07,,,
3805,2026-05-27,SZ000776,-0.035293161516007476,EXP_DEnsembleModel_Alpha158_csi300_custom_step0_s_20260527_16,5efd686dbb9343849e9060c5ccd40375,0.07,,,
3806,2026-05-27,SZ000786,-0.06882488054095125,EXP_DEnsembleModel_Alpha158_csi300_custom_step0_s_20260527_16,5efd686dbb9343849e9060c5ccd40375,0.07,,,
3807,2026-05-27,SZ000792,0.031934641180423703,EXP_DEnsembleModel_Alpha158_csi300_custom_step0_s_20260527_16,5efd686dbb9343849e9060c5ccd40375,0.07,,,
3808,2026-05-27,SZ000807,-0.036564445218768664,EXP_DEnsembleModel_Alpha158_csi300_custom_step0_s_20260527_16,5efd686dbb9343849e9060c5ccd40375,0.07,,,
3809,2026-05-27,SZ000858,-0.03709695882659167,EXP_DEnsembleModel_Alpha158_csi300_custom_step0_s_20260527_16,5efd686dbb9343849e9060c5ccd40375,0.07,,,
3810,2026-05-27,SZ000876,-0.05749426969812781,EXP_DEnsembleModel_Alpha158_csi300_custom_step0_s_20260527_16,5efd686dbb9343849e9060c5ccd40375,0.07,,,
3811,2026-05-27,SZ000895,-0.05938999131343632,EXP_DEnsembleModel_Alpha158_csi300_custom_step0_s_20260527_16,5efd686dbb9343849e9060c5ccd40375,0.07,,,
3812,2026-05-27,SZ000938,0.0161623386088889,EXP_DEnsembleModel_Alpha158_csi300_custom_step0_s_20260527_16,5efd686dbb9343849e9060c5ccd40375,0.07,,,
3813,2026-05-27,SZ000963,-0.04734886629018509,EXP_DEnsembleModel_Alpha158_csi300_custom_step0_s_20260527_16,5efd686dbb9343849e9060c5ccd40375,0.07,,,
3814,2026-05-27,SZ000975,0.13370328883874036,EXP_DEnsembleModel_Alpha158_csi300_custom_step0_s_20260527_16,5efd686dbb9343849e9060c5ccd40375,0.07,,,
3815,2026-05-27,SZ002179,0.017387750205033848,EXP_DEnsembleModel_Alpha158_csi300_custom_step0_s_20260527_16,5efd686dbb9343849e9060c5ccd40375,0.07,,,
3816,2026-05-27,SZ002142,0.029516038892523952,EXP_DEnsembleModel_Alpha158_csi300_custom_step0_s_20260527_16,5efd686dbb9343849e9060c5ccd40375,0.07,,,
3817,2026-05-27,SZ002074,-0.10557362874014163,EXP_DEnsembleModel_Alpha158_csi300_custom_step0_s_20260527_16,5efd686dbb9343849e9060c5ccd40375,0.07,,,
3818,2026-05-27,SZ002050,0.025283780133695817,EXP_DEnsembleModel_Alpha158_csi300_custom_step0_s_20260527_16,5efd686dbb9343849e9060c5ccd40375,0.07,,,
3819,2026-05-27,SZ002049,-0.13055439103704627,EXP_DEnsembleModel_Alpha158_csi300_custom_step0_s_20260527_16,5efd686dbb9343849e9060c5ccd40375,0.07,,,
3820,2026-05-27,SZ002028,-0.09162784943922944,EXP_DEnsembleModel_Alpha158_csi300_custom_step0_s_20260527_16,5efd686dbb9343849e9060c5ccd40375,0.07,,,
3821,2026-05-27,SZ000617,0.052207390366377886,EXP_DEnsembleModel_Alpha158_csi300_custom_step0_s_20260527_16,5efd686dbb9343849e9060c5ccd40375,0.07,,,
3822,2026-05-27,SZ002027,-0.03258750983370178,EXP_DEnsembleModel_Alpha158_csi300_custom_step0_s_20260527_16,5efd686dbb9343849e9060c5ccd40375,0.07,,,
3823,2026-05-27,SZ001979,-0.08696129812015398,EXP_DEnsembleModel_Alpha158_csi300_custom_step0_s_20260527_16,5efd686dbb9343849e9060c5ccd40375,0.07,,,
3824,2026-05-27,SZ001965,0.07283885046861445,EXP_DEnsembleModel_Alpha158_csi300_custom_step0_s_20260527_16,5efd686dbb9343849e9060c5ccd40375,0.07,,,
3825,2026-05-27,SZ001391,-0.003652403567581227,EXP_DEnsembleModel_Alpha158_csi300_custom_step0_s_20260527_16,5efd686dbb9343849e9060c5ccd40375,0.07,,,
3826,2026-05-27,SZ000999,-0.030473108628047023,EXP_DEnsembleModel_Alpha158_csi300_custom_step0_s_20260527_16,5efd686dbb9343849e9060c5ccd40375,0.07,,,
3827,2026-05-27,SZ000983,-0.0820015304722072,EXP_DEnsembleModel_Alpha158_csi300_custom_step0_s_20260527_16,5efd686dbb9343849e9060c5ccd40375,0.07,,,
3828,2026-05-27,SZ000977,-0.026793452288559966,EXP_DEnsembleModel_Alpha158_csi300_custom_step0_s_20260527_16,5efd686dbb9343849e9060c5ccd40375,0.07,,,
3829,2026-05-27,SZ002001,-0.007657420082848045,EXP_DEnsembleModel_Alpha158_csi300_custom_step0_s_20260527_16,5efd686dbb9343849e9060c5ccd40375,0.07,,,
3830,2026-05-27,SZ002230,-0.02751095490196305,EXP_DEnsembleModel_Alpha158_csi300_custom_step0_s_20260527_16,5efd686dbb9343849e9060c5ccd40375,0.07,,,
3831,2026-05-27,SZ000596,-0.0651268122964916,EXP_DEnsembleModel_Alpha158_csi300_custom_step0_s_20260527_16,5efd686dbb9343849e9060c5ccd40375,0.07,,,
3832,2026-05-27,SZ000538,-0.022677941151067544,EXP_DEnsembleModel_Alpha158_csi300_custom_step0_s_20260527_16,5efd686dbb9343849e9060c5ccd40375,0.07,,,
3833,2026-05-27,SH605499,-0.07515513486089942,EXP_DEnsembleModel_Alpha158_csi300_custom_step0_s_20260527_16,5efd686dbb9343849e9060c5ccd40375,0.07,,,
3834,2026-05-27,SH688008,-0.008895985158688894,EXP_DEnsembleModel_Alpha158_csi300_custom_step0_s_20260527_16,5efd686dbb9343849e9060c5ccd40375,0.07,,,
3835,2026-05-27,SH688009,0.05580570034310933,EXP_DEnsembleModel_Alpha158_csi300_custom_step0_s_20260527_16,5efd686dbb9343849e9060c5ccd40375,0.07,,,
3836,2026-05-27,SH688012,0.19872562653463544,EXP_DEnsembleModel_Alpha158_csi300_custom_step0_s_20260527_16,5efd686dbb9343849e9060c5ccd40375,0.07,,,
3837,2026-05-27,SH688036,0.11552055550713931,EXP_DEnsembleModel_Alpha158_csi300_custom_step0_s_20260527_16,5efd686dbb9343849e9060c5ccd40375,0.07,,,
3838,2026-05-27,SH688041,-0.03126646081999165,EXP_DEnsembleModel_Alpha158_csi300_custom_step0_s_20260527_16,5efd686dbb9343849e9060c5ccd40375,0.07,,,
3839,2026-05-27,SH688047,-0.004567490754218243,EXP_DEnsembleModel_Alpha158_csi300_custom_step0_s_20260527_16,5efd686dbb9343849e9060c5ccd40375,0.07,,,
3840,2026-05-27,SH688082,-0.012775235663055542,EXP_DEnsembleModel_Alpha158_csi300_custom_step0_s_20260527_16,5efd686dbb9343849e9060c5ccd40375,0.07,,,
3841,2026-05-27,SH688111,-0.16673889823673047,EXP_DEnsembleModel_Alpha158_csi300_custom_step0_s_20260527_16,5efd686dbb9343849e9060c5ccd40375,0.07,,,
3842,2026-05-27,SH688126,-0.0015473757506037622,EXP_DEnsembleModel_Alpha158_csi300_custom_step0_s_20260527_16,5efd686dbb9343849e9060c5ccd40375,0.07,,,
3843,2026-05-27,SH688169,-0.07931244802322192,EXP_DEnsembleModel_Alpha158_csi300_custom_step0_s_20260527_16,5efd686dbb9343849e9060c5ccd40375,0.07,,,
3844,2026-05-27,SH688187,-0.08571014093690839,EXP_DEnsembleModel_Alpha158_csi300_custom_step0_s_20260527_16,5efd686dbb9343849e9060c5ccd40375,0.07,,,
3845,2026-05-27,SH688223,-0.09651160755858947,EXP_DEnsembleModel_Alpha158_csi300_custom_step0_s_20260527_16,5efd686dbb9343849e9060c5ccd40375,0.07,,,
3846,2026-05-27,SH688256,-0.07875108423512227,EXP_DEnsembleModel_Alpha158_csi300_custom_step0_s_20260527_16,5efd686dbb9343849e9060c5ccd40375,0.07,,,
3847,2026-05-27,SH688271,-0.01764728711203318,EXP_DEnsembleModel_Alpha158_csi300_custom_step0_s_20260527_16,5efd686dbb9343849e9060c5ccd40375,0.07,,,
3848,2026-05-27,SH688303,-0.0621182215372725,EXP_DEnsembleModel_Alpha158_csi300_custom_step0_s_20260527_16,5efd686dbb9343849e9060c5ccd40375,0.07,,,
3849,2026-05-27,SH688396,0.0023874084152386414,EXP_DEnsembleModel_Alpha158_csi300_custom_step0_s_20260527_16,5efd686dbb9343849e9060c5ccd40375,0.07,,,
3850,2026-05-27,SZ000425,0.005278307270311312,EXP_DEnsembleModel_Alpha158_csi300_custom_step0_s_20260527_16,5efd686dbb9343849e9060c5ccd40375,0.07,,,
3851,2026-05-27,SZ000408,-0.10532450459739155,EXP_DEnsembleModel_Alpha158_csi300_custom_step0_s_20260527_16,5efd686dbb9343849e9060c5ccd40375,0.07,,,
3852,2026-05-27,SZ000338,-0.04639586353546219,EXP_DEnsembleModel_Alpha158_csi300_custom_step0_s_20260527_16,5efd686dbb9343849e9060c5ccd40375,0.07,,,
3853,2026-05-27,SZ000333,0.045227237461170036,EXP_DEnsembleModel_Alpha158_csi300_custom_step0_s_20260527_16,5efd686dbb9343849e9060c5ccd40375,0.07,,,
3854,2026-05-27,SZ000301,-0.022775039480829734,EXP_DEnsembleModel_Alpha158_csi300_custom_step0_s_20260527_16,5efd686dbb9343849e9060c5ccd40375,0.07,,,
3855,2026-05-27,SZ000166,0.04236164723122443,EXP_DEnsembleModel_Alpha158_csi300_custom_step0_s_20260527_16,5efd686dbb9343849e9060c5ccd40375,0.07,,,
3856,2026-05-27,SZ000568,-0.026801646104357136,EXP_DEnsembleModel_Alpha158_csi300_custom_step0_s_20260527_16,5efd686dbb9343849e9060c5ccd40375,0.07,,,
3857,2026-05-27,SZ000157,0.037223982844197624,EXP_DEnsembleModel_Alpha158_csi300_custom_step0_s_20260527_16,5efd686dbb9343849e9060c5ccd40375,0.07,,,
3858,2026-05-27,SZ000063,-0.018705673225234493,EXP_DEnsembleModel_Alpha158_csi300_custom_step0_s_20260527_16,5efd686dbb9343849e9060c5ccd40375,0.07,,,
3859,2026-05-27,SZ000002,0.057682477862715964,EXP_DEnsembleModel_Alpha158_csi300_custom_step0_s_20260527_16,5efd686dbb9343849e9060c5ccd40375,0.07,,,
3860,2026-05-27,SZ000001,0.04204035281977539,EXP_DEnsembleModel_Alpha158_csi300_custom_step0_s_20260527_16,5efd686dbb9343849e9060c5ccd40375,0.07,,,
3861,2026-05-27,SH688981,-0.07666768209990033,EXP_DEnsembleModel_Alpha158_csi300_custom_step0_s_20260527_16,5efd686dbb9343849e9060c5ccd40375,0.07,,,
3862,2026-05-27,SH688506,-0.10514956216676281,EXP_DEnsembleModel_Alpha158_csi300_custom_step0_s_20260527_16,5efd686dbb9343849e9060c5ccd40375,0.07,,,
3863,2026-05-27,SH688472,-0.1061007388336827,EXP_DEnsembleModel_Alpha158_csi300_custom_step0_s_20260527_16,5efd686dbb9343849e9060c5ccd40375,0.07,,,
3864,2026-05-27,SZ000100,-0.11699914047158445,EXP_DEnsembleModel_Alpha158_csi300_custom_step0_s_20260527_16,5efd686dbb9343849e9060c5ccd40375,0.07,,,
3865,2026-05-27,SZ002236,-0.007597077796205814,EXP_DEnsembleModel_Alpha158_csi300_custom_step0_s_20260527_16,5efd686dbb9343849e9060c5ccd40375,0.07,,,
3866,2026-05-27,SZ002241,0.011178584754803213,EXP_DEnsembleModel_Alpha158_csi300_custom_step0_s_20260527_16,5efd686dbb9343849e9060c5ccd40375,0.07,,,
3867,2026-05-27,SZ002252,-0.015888858458518836,EXP_DEnsembleModel_Alpha158_csi300_custom_step0_s_20260527_16,5efd686dbb9343849e9060c5ccd40375,0.07,,,
3868,2026-05-27,SZ300394,-0.1170971801053733,EXP_DEnsembleModel_Alpha158_csi300_custom_step0_s_20260527_16,5efd686dbb9343849e9060c5ccd40375,0.07,,,
3869,2026-05-27,SZ300408,-0.11033681426595708,EXP_DEnsembleModel_Alpha158_csi300_custom_step0_s_20260527_16,5efd686dbb9343849e9060c5ccd40375,0.07,,,
3870,2026-05-27,SZ300413,-0.027814875047414502,EXP_DEnsembleModel_Alpha158_csi300_custom_step0_s_20260527_16,5efd686dbb9343849e9060c5ccd40375,0.07,,,
3871,2026-05-27,SZ300418,-0.1288307801710003,EXP_DEnsembleModel_Alpha158_csi300_custom_step0_s_20260527_16,5efd686dbb9343849e9060c5ccd40375,0.07,,,
3872,2026-05-27,SZ300433,-0.2325901548055893,EXP_DEnsembleModel_Alpha158_csi300_custom_step0_s_20260527_16,5efd686dbb9343849e9060c5ccd40375,0.07,,,
3873,2026-05-27,SZ300442,-0.08861160953649688,EXP_DEnsembleModel_Alpha158_csi300_custom_step0_s_20260527_16,5efd686dbb9343849e9060c5ccd40375,0.07,,,
3874,2026-05-27,SZ300476,-0.16001707238904433,EXP_DEnsembleModel_Alpha158_csi300_custom_step0_s_20260527_16,5efd686dbb9343849e9060c5ccd40375,0.07,,,
3875,2026-05-27,SZ300498,0.08003247363957172,EXP_DEnsembleModel_Alpha158_csi300_custom_step0_s_20260527_16,5efd686dbb9343849e9060c5ccd40375,0.07,,,
3876,2026-05-27,SZ300502,-0.20675299429389699,EXP_DEnsembleModel_Alpha158_csi300_custom_step0_s_20260527_16,5efd686dbb9343849e9060c5ccd40375,0.07,,,
3877,2026-05-27,SZ300628,-0.004610630411915804,EXP_DEnsembleModel_Alpha158_csi300_custom_step0_s_20260527_16,5efd686dbb9343849e9060c5ccd40375,0.07,,,
3878,2026-05-27,SZ300661,-0.09597144493963324,EXP_DEnsembleModel_Alpha158_csi300_custom_step0_s_20260527_16,5efd686dbb9343849e9060c5ccd40375,0.07,,,
3879,2026-05-27,SZ300750,-0.048770361458717056,EXP_DEnsembleModel_Alpha158_csi300_custom_step0_s_20260527_16,5efd686dbb9343849e9060c5ccd40375,0.07,,,
3880,2026-05-27,SZ300759,-0.06044674226011944,EXP_DEnsembleModel_Alpha158_csi300_custom_step0_s_20260527_16,5efd686dbb9343849e9060c5ccd40375,0.07,,,
3881,2026-05-27,SZ300760,-0.11264041021660816,EXP_DEnsembleModel_Alpha158_csi300_custom_step0_s_20260527_16,5efd686dbb9343849e9060c5ccd40375,0.07,,,
3882,2026-05-27,SZ300782,0.119956083333932,EXP_DEnsembleModel_Alpha158_csi300_custom_step0_s_20260527_16,5efd686dbb9343849e9060c5ccd40375,0.07,,,
3883,2026-05-27,SZ300803,-0.1460874788230711,EXP_DEnsembleModel_Alpha158_csi300_custom_step0_s_20260527_16,5efd686dbb9343849e9060c5ccd40375,0.07,,,
3884,2026-05-27,SZ300832,-0.13579458813224524,EXP_DEnsembleModel_Alpha158_csi300_custom_step0_s_20260527_16,5efd686dbb9343849e9060c5ccd40375,0.07,,,
3885,2026-05-27,SH600018,0.14975791041248301,EXP_DEnsembleModel_Alpha158_csi300_custom_step0_s_20260527_16,287e1d0f3dfc456490801e8841185f8c,0.069,,,
3886,2026-05-27,SH600016,0.06421262805797966,EXP_DEnsembleModel_Alpha158_csi300_custom_step0_s_20260527_16,287e1d0f3dfc456490801e8841185f8c,0.069,,,
3887,2026-05-27,SH600015,0.05866237423783629,EXP_DEnsembleModel_Alpha158_csi300_custom_step0_s_20260527_16,287e1d0f3dfc456490801e8841185f8c,0.069,,,
3888,2026-05-27,SH600011,0.015158675703202841,EXP_DEnsembleModel_Alpha158_csi300_custom_step0_s_20260527_16,287e1d0f3dfc456490801e8841185f8c,0.069,,,
3889,2026-05-27,SH600010,-0.02934640869924435,EXP_DEnsembleModel_Alpha158_csi300_custom_step0_s_20260527_16,287e1d0f3dfc456490801e8841185f8c,0.069,,,
3890,2026-05-27,SH600009,0.035682025518756995,EXP_DEnsembleModel_Alpha158_csi300_custom_step0_s_20260527_16,287e1d0f3dfc456490801e8841185f8c,0.069,,,
3891,2026-05-27,SZ300347,-0.018962601628719145,EXP_DEnsembleModel_Alpha158_csi300_custom_step0_s_20260527_16,5efd686dbb9343849e9060c5ccd40375,0.07,,,
3892,2026-05-27,SH600000,-0.022900682228349605,EXP_DEnsembleModel_Alpha158_csi300_custom_step0_s_20260527_16,287e1d0f3dfc456490801e8841185f8c,0.069,,,
3893,2026-05-27,SZ301269,-0.013708188076577782,EXP_DEnsembleModel_Alpha158_csi300_custom_step0_s_20260527_16,5efd686dbb9343849e9060c5ccd40375,0.07,,,
3894,2026-05-27,SZ301236,-0.13061075293057114,EXP_DEnsembleModel_Alpha158_csi300_custom_step0_s_20260527_16,5efd686dbb9343849e9060c5ccd40375,0.07,,,
3895,2026-05-27,SZ300999,0.0010625295746730773,EXP_DEnsembleModel_Alpha158_csi300_custom_step0_s_20260527_16,5efd686dbb9343849e9060c5ccd40375,0.07,,,
3896,2026-05-27,SZ300979,-0.005664484520042357,EXP_DEnsembleModel_Alpha158_csi300_custom_step0_s_20260527_16,5efd686dbb9343849e9060c5ccd40375,0.07,,,
3897,2026-05-27,SZ300896,0.02611160786783114,EXP_DEnsembleModel_Alpha158_csi300_custom_step0_s_20260527_16,5efd686dbb9343849e9060c5ccd40375,0.07,,,
3898,2026-05-27,SZ300866,-0.041018328431620246,EXP_DEnsembleModel_Alpha158_csi300_custom_step0_s_20260527_16,5efd686dbb9343849e9060c5ccd40375,0.07,,,
3899,2026-05-27,SZ302132,-0.15114105067147363,EXP_DEnsembleModel_Alpha158_csi300_custom_step0_s_20260527_16,5efd686dbb9343849e9060c5ccd40375,0.07,,,
3900,2026-05-27,SZ300316,-0.08149386390332879,EXP_DEnsembleModel_Alpha158_csi300_custom_step0_s_20260527_16,5efd686dbb9343849e9060c5ccd40375,0.07,,,
3901,2026-05-27,SZ300308,-0.12562245842749192,EXP_DEnsembleModel_Alpha158_csi300_custom_step0_s_20260527_16,5efd686dbb9343849e9060c5ccd40375,0.07,,,
3902,2026-05-27,SZ300274,-0.2252852934539511,EXP_DEnsembleModel_Alpha158_csi300_custom_step0_s_20260527_16,5efd686dbb9343849e9060c5ccd40375,0.07,,,
3903,2026-05-27,SZ002594,0.015986737839555887,EXP_DEnsembleModel_Alpha158_csi300_custom_step0_s_20260527_16,5efd686dbb9343849e9060c5ccd40375,0.07,,,
3904,2026-05-27,SZ002493,-0.051235267536371504,EXP_DEnsembleModel_Alpha158_csi300_custom_step0_s_20260527_16,5efd686dbb9343849e9060c5ccd40375,0.07,,,
3905,2026-05-27,SZ002475,-0.1493538228234881,EXP_DEnsembleModel_Alpha158_csi300_custom_step0_s_20260527_16,5efd686dbb9343849e9060c5ccd40375,0.07,,,
3906,2026-05-27,SZ002466,0.07097475423489341,EXP_DEnsembleModel_Alpha158_csi300_custom_step0_s_20260527_16,5efd686dbb9343849e9060c5ccd40375,0.07,,,
3907,2026-05-27,SZ002463,-0.17755741459264965,EXP_DEnsembleModel_Alpha158_csi300_custom_step0_s_20260527_16,5efd686dbb9343849e9060c5ccd40375,0.07,,,
3908,2026-05-27,SZ002460,-0.008780119268765344,EXP_DEnsembleModel_Alpha158_csi300_custom_step0_s_20260527_16,5efd686dbb9343849e9060c5ccd40375,0.07,,,
3909,2026-05-27,SZ002600,-0.03329737570011958,EXP_DEnsembleModel_Alpha158_csi300_custom_step0_s_20260527_16,5efd686dbb9343849e9060c5ccd40375,0.07,,,
3910,2026-05-27,SZ002459,0.008430658430041212,EXP_DEnsembleModel_Alpha158_csi300_custom_step0_s_20260527_16,5efd686dbb9343849e9060c5ccd40375,0.07,,,
3911,2026-05-27,SZ002415,-0.02061170621236643,EXP_DEnsembleModel_Alpha158_csi300_custom_step0_s_20260527_16,5efd686dbb9343849e9060c5ccd40375,0.07,,,
3912,2026-05-27,SZ002384,-0.04206600888477267,EXP_DEnsembleModel_Alpha158_csi300_custom_step0_s_20260527_16,5efd686dbb9343849e9060c5ccd40375,0.07,,,
3913,2026-05-27,SZ002371,0.07200320598993885,EXP_DEnsembleModel_Alpha158_csi300_custom_step0_s_20260527_16,5efd686dbb9343849e9060c5ccd40375,0.07,,,
3914,2026-05-27,SZ002352,0.050809305366899746,EXP_DEnsembleModel_Alpha158_csi300_custom_step0_s_20260527_16,5efd686dbb9343849e9060c5ccd40375,0.07,,,
3915,2026-05-27,SZ002311,0.03186253223559314,EXP_DEnsembleModel_Alpha158_csi300_custom_step0_s_20260527_16,5efd686dbb9343849e9060c5ccd40375,0.07,,,
3916,2026-05-27,SZ002304,-0.045494236311942535,EXP_DEnsembleModel_Alpha158_csi300_custom_step0_s_20260527_16,5efd686dbb9343849e9060c5ccd40375,0.07,,,
3917,2026-05-27,SZ002422,-0.11577459647746545,EXP_DEnsembleModel_Alpha158_csi300_custom_step0_s_20260527_16,5efd686dbb9343849e9060c5ccd40375,0.07,,,
3918,2026-05-27,SH600023,-0.1409348457998135,EXP_DEnsembleModel_Alpha158_csi300_custom_step0_s_20260527_16,287e1d0f3dfc456490801e8841185f8c,0.069,,,
3919,2026-05-27,SZ002601,0.10043616435204904,EXP_DEnsembleModel_Alpha158_csi300_custom_step0_s_20260527_16,5efd686dbb9343849e9060c5ccd40375,0.07,,,
3920,2026-05-27,SZ002648,0.07103332760872576,EXP_DEnsembleModel_Alpha158_csi300_custom_step0_s_20260527_16,5efd686dbb9343849e9060c5ccd40375,0.07,,,
3921,2026-05-27,SZ300251,0.00044067085665365496,EXP_DEnsembleModel_Alpha158_csi300_custom_step0_s_20260527_16,5efd686dbb9343849e9060c5ccd40375,0.07,,,
3922,2026-05-27,SZ300124,0.07656849805546666,EXP_DEnsembleModel_Alpha158_csi300_custom_step0_s_20260527_16,5efd686dbb9343849e9060c5ccd40375,0.07,,,
3923,2026-05-27,SZ300122,-0.04533241722680986,EXP_DEnsembleModel_Alpha158_csi300_custom_step0_s_20260527_16,5efd686dbb9343849e9060c5ccd40375,0.07,,,
3924,2026-05-27,SZ300059,-0.048750555686217015,EXP_DEnsembleModel_Alpha158_csi300_custom_step0_s_20260527_16,5efd686dbb9343849e9060c5ccd40375,0.07,,,
3925,2026-05-27,SZ300033,-0.027444516452227813,EXP_DEnsembleModel_Alpha158_csi300_custom_step0_s_20260527_16,5efd686dbb9343849e9060c5ccd40375,0.07,,,
3926,2026-05-27,SZ300015,-0.10905427520666194,EXP_DEnsembleModel_Alpha158_csi300_custom_step0_s_20260527_16,5efd686dbb9343849e9060c5ccd40375,0.07,,,
3927,2026-05-27,SZ002625,-0.019091959336206738,EXP_DEnsembleModel_Alpha158_csi300_custom_step0_s_20260527_16,5efd686dbb9343849e9060c5ccd40375,0.07,,,
3928,2026-05-27,SZ300014,-0.04054452050469649,EXP_DEnsembleModel_Alpha158_csi300_custom_step0_s_20260527_16,5efd686dbb9343849e9060c5ccd40375,0.07,,,
3929,2026-05-27,SZ002938,-0.029530067083585815,EXP_DEnsembleModel_Alpha158_csi300_custom_step0_s_20260527_16,5efd686dbb9343849e9060c5ccd40375,0.07,,,
3930,2026-05-27,SZ002920,-0.10388474558029126,EXP_DEnsembleModel_Alpha158_csi300_custom_step0_s_20260527_16,5efd686dbb9343849e9060c5ccd40375,0.07,,,
3931,2026-05-27,SZ002916,-0.14889450391796863,EXP_DEnsembleModel_Alpha158_csi300_custom_step0_s_20260527_16,5efd686dbb9343849e9060c5ccd40375,0.07,,,
3932,2026-05-27,SZ002736,0.0034174850494251173,EXP_DEnsembleModel_Alpha158_csi300_custom_step0_s_20260527_16,5efd686dbb9343849e9060c5ccd40375,0.07,,,
3933,2026-05-27,SZ002714,-0.0378167395257742,EXP_DEnsembleModel_Alpha158_csi300_custom_step0_s_20260527_16,5efd686dbb9343849e9060c5ccd40375,0.07,,,
3934,2026-05-27,SZ002709,0.06155224355361829,EXP_DEnsembleModel_Alpha158_csi300_custom_step0_s_20260527_16,5efd686dbb9343849e9060c5ccd40375,0.07,,,
3935,2026-05-27,SZ003816,-0.02577266566305472,EXP_DEnsembleModel_Alpha158_csi300_custom_step0_s_20260527_16,5efd686dbb9343849e9060c5ccd40375,0.07,,,
3936,2026-05-27,SZ301269,-0.15020877122879028,EXP_XGBModel_Alpha158_csi300_custom_step0_s_20260527_16,e29fd7dfeadf40bea9589a99fe8eaf79,0.078,,,
3937,2026-05-27,SH688472,0.021486801075294614,EXP_LGBModel_Alpha158_csi300_custom_step0_s_20260527_18,6ba595d5763d4392a45c163c45a4b856,0.074,,,
3938,2026-05-27,SH688303,5.32771264637154e-05,EXP_LGBModel_Alpha158_csi300_custom_step0_s_20260527_18,6ba595d5763d4392a45c163c45a4b856,0.074,,,
3939,2026-05-27,SH601211,-0.0030779325076720682,EXP_LGBModel_Alpha158_csi300_custom_step0_s_20260527_18,e1436e6147b946d488b4bcb91ec20dc1,0.033,,,
3940,2026-05-27,SH601225,-0.004210036672153293,EXP_LGBModel_Alpha158_csi300_custom_step0_s_20260527_18,e1436e6147b946d488b4bcb91ec20dc1,0.033,,,
3941,2026-05-27,SH601229,-0.0021007002761308183,EXP_LGBModel_Alpha158_csi300_custom_step0_s_20260527_18,e1436e6147b946d488b4bcb91ec20dc1,0.033,,,
3942,2026-05-27,SH601236,-0.0023662656670154353,EXP_LGBModel_Alpha158_csi300_custom_step0_s_20260527_18,e1436e6147b946d488b4bcb91ec20dc1,0.033,,,
3943,2026-05-27,SH601238,0.0009151197843120792,EXP_LGBModel_Alpha158_csi300_custom_step0_s_20260527_18,e1436e6147b946d488b4bcb91ec20dc1,0.033,,,
3944,2026-05-27,SH601288,-0.0021007002761308183,EXP_LGBModel_Alpha158_csi300_custom_step0_s_20260527_18,e1436e6147b946d488b4bcb91ec20dc1,0.033,,,
3945,2026-05-27,SH601298,-5.639842772831693e-10,EXP_LGBModel_Alpha158_csi300_custom_step0_s_20260527_18,e1436e6147b946d488b4bcb91ec20dc1,0.033,,,
3946,2026-05-27,SH601318,-0.0021093369600067523,EXP_LGBModel_Alpha158_csi300_custom_step0_s_20260527_18,e1436e6147b946d488b4bcb91ec20dc1,0.033,,,
3947,2026-05-27,SH601319,-0.0021093369600067523,EXP_LGBModel_Alpha158_csi300_custom_step0_s_20260527_18,e1436e6147b946d488b4bcb91ec20dc1,0.033,,,
3948,2026-05-27,SH601328,-0.0023662656670154353,EXP_LGBModel_Alpha158_csi300_custom_step0_s_20260527_18,e1436e6147b946d488b4bcb91ec20dc1,0.033,,,
3949,2026-05-27,SH601336,-5.639842772831693e-10,EXP_LGBModel_Alpha158_csi300_custom_step0_s_20260527_18,e1436e6147b946d488b4bcb91ec20dc1,0.033,,,
3950,2026-05-27,SH601360,-5.639842772831693e-10,EXP_LGBModel_Alpha158_csi300_custom_step0_s_20260527_18,e1436e6147b946d488b4bcb91ec20dc1,0.033,,,
3951,2026-05-27,SH601377,-0.0030779325076720682,EXP_LGBModel_Alpha158_csi300_custom_step0_s_20260527_18,e1436e6147b946d488b4bcb91ec20dc1,0.033,,,
3952,2026-05-27,SH601390,-0.0013976701193501191,EXP_LGBModel_Alpha158_csi300_custom_step0_s_20260527_18,e1436e6147b946d488b4bcb91ec20dc1,0.033,,,
3953,2026-05-27,SH601398,-5.639842772831693e-10,EXP_LGBModel_Alpha158_csi300_custom_step0_s_20260527_18,e1436e6147b946d488b4bcb91ec20dc1,0.033,,,
3954,2026-05-27,SH601456,-0.0030779325076720682,EXP_LGBModel_Alpha158_csi300_custom_step0_s_20260527_18,e1436e6147b946d488b4bcb91ec20dc1,0.033,,,
3955,2026-05-27,SH601600,-0.0021007002761308183,EXP_LGBModel_Alpha158_csi300_custom_step0_s_20260527_18,e1436e6147b946d488b4bcb91ec20dc1,0.033,,,
3956,2026-05-27,SH601788,-0.0021093369600067523,EXP_LGBModel_Alpha158_csi300_custom_step0_s_20260527_18,e1436e6147b946d488b4bcb91ec20dc1,0.033,,,
3957,2026-05-27,SH601766,-0.0009685961116495933,EXP_LGBModel_Alpha158_csi300_custom_step0_s_20260527_18,e1436e6147b946d488b4bcb91ec20dc1,0.033,,,
3958,2026-05-27,SH601728,-0.0021007002761308183,EXP_LGBModel_Alpha158_csi300_custom_step0_s_20260527_18,e1436e6147b946d488b4bcb91ec20dc1,0.033,,,
3959,2026-05-27,SH601698,-5.639842772831693e-10,EXP_LGBModel_Alpha158_csi300_custom_step0_s_20260527_18,e1436e6147b946d488b4bcb91ec20dc1,0.033,,,
3960,2026-05-27,SH601689,-0.004210036672153293,EXP_LGBModel_Alpha158_csi300_custom_step0_s_20260527_18,e1436e6147b946d488b4bcb91ec20dc1,0.033,,,
3961,2026-05-27,SH601688,-0.0009685961116495933,EXP_LGBModel_Alpha158_csi300_custom_step0_s_20260527_18,e1436e6147b946d488b4bcb91ec20dc1,0.033,,,
3962,2026-05-27,SH601186,-0.0021007002761308183,EXP_LGBModel_Alpha158_csi300_custom_step0_s_20260527_18,e1436e6147b946d488b4bcb91ec20dc1,0.033,,,
3963,2026-05-27,SH601669,-0.0021093369600067523,EXP_LGBModel_Alpha158_csi300_custom_step0_s_20260527_18,e1436e6147b946d488b4bcb91ec20dc1,0.033,,,
3964,2026-05-27,SH601658,0.002098834569624174,EXP_LGBModel_Alpha158_csi300_custom_step0_s_20260527_18,e1436e6147b946d488b4bcb91ec20dc1,0.033,,,
3965,2026-05-27,SH601633,0.0009151197843120792,EXP_LGBModel_Alpha158_csi300_custom_step0_s_20260527_18,e1436e6147b946d488b4bcb91ec20dc1,0.033,,,
3966,2026-05-27,SH601628,-0.004210036672153293,EXP_LGBModel_Alpha158_csi300_custom_step0_s_20260527_18,e1436e6147b946d488b4bcb91ec20dc1,0.033,,,
3967,2026-05-27,SH601618,-5.639842772831693e-10,EXP_LGBModel_Alpha158_csi300_custom_step0_s_20260527_18,e1436e6147b946d488b4bcb91ec20dc1,0.033,,,
3968,2026-05-27,SH601607,-5.639842772831693e-10,EXP_LGBModel_Alpha158_csi300_custom_step0_s_20260527_18,e1436e6147b946d488b4bcb91ec20dc1,0.033,,,
3969,2026-05-27,SH601601,-0.001194216611710396,EXP_LGBModel_Alpha158_csi300_custom_step0_s_20260527_18,e1436e6147b946d488b4bcb91ec20dc1,0.033,,,
3970,2026-05-27,SH601668,-0.0023662656670154353,EXP_LGBModel_Alpha158_csi300_custom_step0_s_20260527_18,e1436e6147b946d488b4bcb91ec20dc1,0.033,,,
3971,2026-05-27,SH601800,0.0009151197843120792,EXP_LGBModel_Alpha158_csi300_custom_step0_s_20260527_18,e1436e6147b946d488b4bcb91ec20dc1,0.033,,,
3972,2026-05-27,SH601169,-0.0013976701193501191,EXP_LGBModel_Alpha158_csi300_custom_step0_s_20260527_18,e1436e6147b946d488b4bcb91ec20dc1,0.033,,,
3973,2026-05-27,SH601138,-0.004210036672153293,EXP_LGBModel_Alpha158_csi300_custom_step0_s_20260527_18,e1436e6147b946d488b4bcb91ec20dc1,0.033,,,
3974,2026-05-27,SH600845,-5.639842772831693e-10,EXP_LGBModel_Alpha158_csi300_custom_step0_s_20260527_18,e1436e6147b946d488b4bcb91ec20dc1,0.033,,,
3975,2026-05-27,SH600875,0.0009151197843120792,EXP_LGBModel_Alpha158_csi300_custom_step0_s_20260527_18,e1436e6147b946d488b4bcb91ec20dc1,0.033,,,
3976,2026-05-27,SH600886,0.0031121068039040405,EXP_LGBModel_Alpha158_csi300_custom_step0_s_20260527_18,e1436e6147b946d488b4bcb91ec20dc1,0.033,,,
3977,2026-05-27,SH600887,-0.0021093369600067523,EXP_LGBModel_Alpha158_csi300_custom_step0_s_20260527_18,e1436e6147b946d488b4bcb91ec20dc1,0.033,,,
3978,2026-05-27,SH600893,-0.0021093369600067523,EXP_LGBModel_Alpha158_csi300_custom_step0_s_20260527_18,e1436e6147b946d488b4bcb91ec20dc1,0.033,,,
3979,2026-05-27,SH600900,0.001013271670295589,EXP_LGBModel_Alpha158_csi300_custom_step0_s_20260527_18,e1436e6147b946d488b4bcb91ec20dc1,0.033,,,
3980,2026-05-27,SH600905,-5.639842772831693e-10,EXP_LGBModel_Alpha158_csi300_custom_step0_s_20260527_18,e1436e6147b946d488b4bcb91ec20dc1,0.033,,,
3981,2026-05-27,SH600918,-0.0021007002761308183,EXP_LGBModel_Alpha158_csi300_custom_step0_s_20260527_18,e1436e6147b946d488b4bcb91ec20dc1,0.033,,,
3982,2026-05-27,SH600919,0.001013271670295589,EXP_LGBModel_Alpha158_csi300_custom_step0_s_20260527_18,e1436e6147b946d488b4bcb91ec20dc1,0.033,,,
3983,2026-05-27,SH600926,-5.639842772831693e-10,EXP_LGBModel_Alpha158_csi300_custom_step0_s_20260527_18,e1436e6147b946d488b4bcb91ec20dc1,0.033,,,
3984,2026-05-27,SH600930,-5.639842772831693e-10,EXP_LGBModel_Alpha158_csi300_custom_step0_s_20260527_18,e1436e6147b946d488b4bcb91ec20dc1,0.033,,,
3985,2026-05-27,SH600938,-0.004210036672153293,EXP_LGBModel_Alpha158_csi300_custom_step0_s_20260527_18,e1436e6147b946d488b4bcb91ec20dc1,0.033,,,
3986,2026-05-27,SH600941,-0.0009685961116495933,EXP_LGBModel_Alpha158_csi300_custom_step0_s_20260527_18,e1436e6147b946d488b4bcb91ec20dc1,0.033,,,
3987,2026-05-27,SH600958,-0.0021093369600067523,EXP_LGBModel_Alpha158_csi300_custom_step0_s_20260527_18,e1436e6147b946d488b4bcb91ec20dc1,0.033,,,
3988,2026-05-27,SH600989,0.0009151197843120792,EXP_LGBModel_Alpha158_csi300_custom_step0_s_20260527_18,e1436e6147b946d488b4bcb91ec20dc1,0.033,,,
3989,2026-05-27,SH600999,-0.003881317551705752,EXP_LGBModel_Alpha158_csi300_custom_step0_s_20260527_18,e1436e6147b946d488b4bcb91ec20dc1,0.033,,,
3990,2026-05-27,SH601006,-0.004210036672153293,EXP_LGBModel_Alpha158_csi300_custom_step0_s_20260527_18,e1436e6147b946d488b4bcb91ec20dc1,0.033,,,
3991,2026-05-27,SH601136,-0.004210036672153293,EXP_LGBModel_Alpha158_csi300_custom_step0_s_20260527_18,e1436e6147b946d488b4bcb91ec20dc1,0.033,,,
3992,2026-05-27,SH601127,-0.004210036672153293,EXP_LGBModel_Alpha158_csi300_custom_step0_s_20260527_18,e1436e6147b946d488b4bcb91ec20dc1,0.033,,,
3993,2026-05-27,SH601117,-5.639842772831693e-10,EXP_LGBModel_Alpha158_csi300_custom_step0_s_20260527_18,e1436e6147b946d488b4bcb91ec20dc1,0.033,,,
3994,2026-05-27,SH601111,-1.865142522366938e-06,EXP_LGBModel_Alpha158_csi300_custom_step0_s_20260527_18,e1436e6147b946d488b4bcb91ec20dc1,0.033,,,
3995,2026-05-27,SH601100,-0.004210036672153293,EXP_LGBModel_Alpha158_csi300_custom_step0_s_20260527_18,e1436e6147b946d488b4bcb91ec20dc1,0.033,,,
3996,2026-05-27,SH601088,-0.0030779325076720682,EXP_LGBModel_Alpha158_csi300_custom_step0_s_20260527_18,e1436e6147b946d488b4bcb91ec20dc1,0.033,,,
3997,2026-05-27,SH601166,-5.639842772831693e-10,EXP_LGBModel_Alpha158_csi300_custom_step0_s_20260527_18,e1436e6147b946d488b4bcb91ec20dc1,0.033,,,
3998,2026-05-27,SH601077,-0.0030779325076720682,EXP_LGBModel_Alpha158_csi300_custom_step0_s_20260527_18,e1436e6147b946d488b4bcb91ec20dc1,0.033,,,
3999,2026-05-27,SH601059,0.0031121068039040405,EXP_LGBModel_Alpha158_csi300_custom_step0_s_20260527_18,e1436e6147b946d488b4bcb91ec20dc1,0.033,,,
4000,2026-05-27,SH601058,-0.004210036672153293,EXP_LGBModel_Alpha158_csi300_custom_step0_s_20260527_18,e1436e6147b946d488b4bcb91ec20dc1,0.033,,,
4001,2026-05-27,SH601021,-0.003881317551705752,EXP_LGBModel_Alpha158_csi300_custom_step0_s_20260527_18,e1436e6147b946d488b4bcb91ec20dc1,0.033,,,
4002,2026-05-27,SH601018,-0.0009685961116495933,EXP_LGBModel_Alpha158_csi300_custom_step0_s_20260527_18,e1436e6147b946d488b4bcb91ec20dc1,0.033,,,
4003,2026-05-27,SH601012,0.0009151197843120792,EXP_LGBModel_Alpha158_csi300_custom_step0_s_20260527_18,e1436e6147b946d488b4bcb91ec20dc1,0.033,,,
4004,2026-05-27,SH601009,-0.0013976701193501191,EXP_LGBModel_Alpha158_csi300_custom_step0_s_20260527_18,e1436e6147b946d488b4bcb91ec20dc1,0.033,,,
4005,2026-05-27,SH601066,0.00335883950631133,EXP_LGBModel_Alpha158_csi300_custom_step0_s_20260527_18,e1436e6147b946d488b4bcb91ec20dc1,0.033,,,
4006,2026-05-27,SH600809,-5.639842772831693e-10,EXP_LGBModel_Alpha158_csi300_custom_step0_s_20260527_18,e1436e6147b946d488b4bcb91ec20dc1,0.033,,,
4007,2026-05-27,SH601808,-5.639842772831693e-10,EXP_LGBModel_Alpha158_csi300_custom_step0_s_20260527_18,e1436e6147b946d488b4bcb91ec20dc1,0.033,,,
4008,2026-05-27,SH601818,-0.0013976701193501191,EXP_LGBModel_Alpha158_csi300_custom_step0_s_20260527_18,e1436e6147b946d488b4bcb91ec20dc1,0.033,,,
4009,2026-05-27,SH688009,-0.0021093369600067523,EXP_LGBModel_Alpha158_csi300_custom_step0_s_20260527_18,e1436e6147b946d488b4bcb91ec20dc1,0.033,,,
4010,2026-05-27,SH688012,0.013595424984444396,EXP_LGBModel_Alpha158_csi300_custom_step0_s_20260527_18,e1436e6147b946d488b4bcb91ec20dc1,0.033,,,
4011,2026-05-27,SH688036,-0.004210036672153293,EXP_LGBModel_Alpha158_csi300_custom_step0_s_20260527_18,e1436e6147b946d488b4bcb91ec20dc1,0.033,,,
4012,2026-05-27,SH688041,0.013595424984444396,EXP_LGBModel_Alpha158_csi300_custom_step0_s_20260527_18,e1436e6147b946d488b4bcb91ec20dc1,0.033,,,
4013,2026-05-27,SH688047,-5.639842772831693e-10,EXP_LGBModel_Alpha158_csi300_custom_step0_s_20260527_18,e1436e6147b946d488b4bcb91ec20dc1,0.033,,,
4014,2026-05-27,SH688082,-0.0003090691005661139,EXP_LGBModel_Alpha158_csi300_custom_step0_s_20260527_18,e1436e6147b946d488b4bcb91ec20dc1,0.033,,,
4015,2026-05-27,SH688111,-0.004210036672153293,EXP_LGBModel_Alpha158_csi300_custom_step0_s_20260527_18,e1436e6147b946d488b4bcb91ec20dc1,0.033,,,
4016,2026-05-27,SH688126,0.006660689917663373,EXP_LGBModel_Alpha158_csi300_custom_step0_s_20260527_18,e1436e6147b946d488b4bcb91ec20dc1,0.033,,,
4017,2026-05-27,SH688169,-0.0021093369600067523,EXP_LGBModel_Alpha158_csi300_custom_step0_s_20260527_18,e1436e6147b946d488b4bcb91ec20dc1,0.033,,,
4018,2026-05-27,SH688187,0.0019451484314793994,EXP_LGBModel_Alpha158_csi300_custom_step0_s_20260527_18,e1436e6147b946d488b4bcb91ec20dc1,0.033,,,
4019,2026-05-27,SH688223,-0.0021007002761308183,EXP_LGBModel_Alpha158_csi300_custom_step0_s_20260527_18,e1436e6147b946d488b4bcb91ec20dc1,0.033,,,
4020,2026-05-27,SH688256,0.006351621381081537,EXP_LGBModel_Alpha158_csi300_custom_step0_s_20260527_18,e1436e6147b946d488b4bcb91ec20dc1,0.033,,,
4021,2026-05-27,SH688271,-0.0021093369600067523,EXP_LGBModel_Alpha158_csi300_custom_step0_s_20260527_18,e1436e6147b946d488b4bcb91ec20dc1,0.033,,,
4022,2026-05-27,SH688303,-5.639842772831693e-10,EXP_LGBModel_Alpha158_csi300_custom_step0_s_20260527_18,e1436e6147b946d488b4bcb91ec20dc1,0.033,,,
4023,2026-05-27,SH688396,-0.0021007002761308183,EXP_LGBModel_Alpha158_csi300_custom_step0_s_20260527_18,e1436e6147b946d488b4bcb91ec20dc1,0.033,,,
4024,2026-05-27,SH688472,-0.004210036672153293,EXP_LGBModel_Alpha158_csi300_custom_step0_s_20260527_18,e1436e6147b946d488b4bcb91ec20dc1,0.033,,,
4025,2026-05-27,SH688506,0.013595424984444396,EXP_LGBModel_Alpha158_csi300_custom_step0_s_20260527_18,e1436e6147b946d488b4bcb91ec20dc1,0.033,,,
4026,2026-05-27,SZ000568,-5.639842772831693e-10,EXP_LGBModel_Alpha158_csi300_custom_step0_s_20260527_18,e1436e6147b946d488b4bcb91ec20dc1,0.033,,,
4027,2026-05-27,SZ000538,-0.0030779325076720682,EXP_LGBModel_Alpha158_csi300_custom_step0_s_20260527_18,e1436e6147b946d488b4bcb91ec20dc1,0.033,,,
4028,2026-05-27,SZ000425,-0.004210036672153293,EXP_LGBModel_Alpha158_csi300_custom_step0_s_20260527_18,e1436e6147b946d488b4bcb91ec20dc1,0.033,,,
4029,2026-05-27,SZ000408,-0.004210036672153293,EXP_LGBModel_Alpha158_csi300_custom_step0_s_20260527_18,e1436e6147b946d488b4bcb91ec20dc1,0.033,,,
4030,2026-05-27,SZ000338,-0.0017806178395592105,EXP_LGBModel_Alpha158_csi300_custom_step0_s_20260527_18,e1436e6147b946d488b4bcb91ec20dc1,0.033,,,
4031,2026-05-27,SZ000333,0.001013271670295589,EXP_LGBModel_Alpha158_csi300_custom_step0_s_20260527_18,e1436e6147b946d488b4bcb91ec20dc1,0.033,,,
4032,2026-05-27,SH688008,0.006660689917663373,EXP_LGBModel_Alpha158_csi300_custom_step0_s_20260527_18,e1436e6147b946d488b4bcb91ec20dc1,0.033,,,
4033,2026-05-27,SZ000301,-0.004210036672153293,EXP_LGBModel_Alpha158_csi300_custom_step0_s_20260527_18,e1436e6147b946d488b4bcb91ec20dc1,0.033,,,
4034,2026-05-27,SZ000157,-0.0021093369600067523,EXP_LGBModel_Alpha158_csi300_custom_step0_s_20260527_18,e1436e6147b946d488b4bcb91ec20dc1,0.033,,,
4035,2026-05-27,SZ000100,-0.0002065699231124574,EXP_LGBModel_Alpha158_csi300_custom_step0_s_20260527_18,e1436e6147b946d488b4bcb91ec20dc1,0.033,,,
4036,2026-05-27,SZ000063,-5.639842772831693e-10,EXP_LGBModel_Alpha158_csi300_custom_step0_s_20260527_18,e1436e6147b946d488b4bcb91ec20dc1,0.033,,,
4037,2026-05-27,SZ000002,0.0009151197843120792,EXP_LGBModel_Alpha158_csi300_custom_step0_s_20260527_18,e1436e6147b946d488b4bcb91ec20dc1,0.033,,,
4038,2026-05-27,SZ000001,-0.0023662656670154353,EXP_LGBModel_Alpha158_csi300_custom_step0_s_20260527_18,e1436e6147b946d488b4bcb91ec20dc1,0.033,,,
4039,2026-05-27,SH688981,-5.639842772831693e-10,EXP_LGBModel_Alpha158_csi300_custom_step0_s_20260527_18,e1436e6147b946d488b4bcb91ec20dc1,0.033,,,
4040,2026-05-27,SZ000166,-0.0030779325076720682,EXP_LGBModel_Alpha158_csi300_custom_step0_s_20260527_18,e1436e6147b946d488b4bcb91ec20dc1,0.033,,,
4041,2026-05-27,SH601816,-0.0009685961116495933,EXP_LGBModel_Alpha158_csi300_custom_step0_s_20260527_18,e1436e6147b946d488b4bcb91ec20dc1,0.033,,,
4042,2026-05-27,SH605499,-0.004210036672153293,EXP_LGBModel_Alpha158_csi300_custom_step0_s_20260527_18,e1436e6147b946d488b4bcb91ec20dc1,0.033,,,
4043,2026-05-27,SH603993,-0.0021007002761308183,EXP_LGBModel_Alpha158_csi300_custom_step0_s_20260527_18,e1436e6147b946d488b4bcb91ec20dc1,0.033,,,
4044,2026-05-27,SH601825,-0.0021093369600067523,EXP_LGBModel_Alpha158_csi300_custom_step0_s_20260527_18,e1436e6147b946d488b4bcb91ec20dc1,0.033,,,
4045,2026-05-27,SH601838,-5.639842772831693e-10,EXP_LGBModel_Alpha158_csi300_custom_step0_s_20260527_18,e1436e6147b946d488b4bcb91ec20dc1,0.033,,,
4046,2026-05-27,SH601857,-0.004210036672153293,EXP_LGBModel_Alpha158_csi300_custom_step0_s_20260527_18,e1436e6147b946d488b4bcb91ec20dc1,0.033,,,
4047,2026-05-27,SH601868,-5.639842772831693e-10,EXP_LGBModel_Alpha158_csi300_custom_step0_s_20260527_18,e1436e6147b946d488b4bcb91ec20dc1,0.033,,,
4048,2026-05-27,SH601872,-5.639842772831693e-10,EXP_LGBModel_Alpha158_csi300_custom_step0_s_20260527_18,e1436e6147b946d488b4bcb91ec20dc1,0.033,,,
4049,2026-05-27,SH601877,-0.004210036672153293,EXP_LGBModel_Alpha158_csi300_custom_step0_s_20260527_18,e1436e6147b946d488b4bcb91ec20dc1,0.033,,,
4050,2026-05-27,SH601878,-0.0030779325076720682,EXP_LGBModel_Alpha158_csi300_custom_step0_s_20260527_18,e1436e6147b946d488b4bcb91ec20dc1,0.033,,,
4051,2026-05-27,SH601881,-0.0007673456052793442,EXP_LGBModel_Alpha158_csi300_custom_step0_s_20260527_18,e1436e6147b946d488b4bcb91ec20dc1,0.033,,,
4052,2026-05-27,SH601888,0.0009151197843120792,EXP_LGBModel_Alpha158_csi300_custom_step0_s_20260527_18,e1436e6147b946d488b4bcb91ec20dc1,0.033,,,
4053,2026-05-27,SH601898,-0.0021007002761308183,EXP_LGBModel_Alpha158_csi300_custom_step0_s_20260527_18,e1436e6147b946d488b4bcb91ec20dc1,0.033,,,
4054,2026-05-27,SH601899,-0.0021007002761308183,EXP_LGBModel_Alpha158_csi300_custom_step0_s_20260527_18,e1436e6147b946d488b4bcb91ec20dc1,0.033,,,
4055,2026-05-27,SH601901,-5.639842772831693e-10,EXP_LGBModel_Alpha158_csi300_custom_step0_s_20260527_18,e1436e6147b946d488b4bcb91ec20dc1,0.033,,,
4056,2026-05-27,SH601916,-5.639842772831693e-10,EXP_LGBModel_Alpha158_csi300_custom_step0_s_20260527_18,e1436e6147b946d488b4bcb91ec20dc1,0.033,,,
4057,2026-05-27,SH601919,-0.004210036672153293,EXP_LGBModel_Alpha158_csi300_custom_step0_s_20260527_18,e1436e6147b946d488b4bcb91ec20dc1,0.033,,,
4058,2026-05-27,SH601939,-0.0021007002761308183,EXP_LGBModel_Alpha158_csi300_custom_step0_s_20260527_18,e1436e6147b946d488b4bcb91ec20dc1,0.033,,,
4059,2026-05-27,SH601985,-0.0013976701193501191,EXP_LGBModel_Alpha158_csi300_custom_step0_s_20260527_18,e1436e6147b946d488b4bcb91ec20dc1,0.033,,,
4060,2026-05-27,SH601988,0.001013271670295589,EXP_LGBModel_Alpha158_csi300_custom_step0_s_20260527_18,e1436e6147b946d488b4bcb91ec20dc1,0.033,,,
4061,2026-05-27,SH603986,-0.0003090691005661139,EXP_LGBModel_Alpha158_csi300_custom_step0_s_20260527_18,e1436e6147b946d488b4bcb91ec20dc1,0.033,,,
4062,2026-05-27,SH603893,-0.0002065699231124574,EXP_LGBModel_Alpha158_csi300_custom_step0_s_20260527_18,e1436e6147b946d488b4bcb91ec20dc1,0.033,,,
4063,2026-05-27,SH603799,0.0009151197843120792,EXP_LGBModel_Alpha158_csi300_custom_step0_s_20260527_18,e1436e6147b946d488b4bcb91ec20dc1,0.033,,,
4064,2026-05-27,SH603501,-0.0021007002761308183,EXP_LGBModel_Alpha158_csi300_custom_step0_s_20260527_18,e1436e6147b946d488b4bcb91ec20dc1,0.033,,,
4065,2026-05-27,SH603392,0.0009151197843120792,EXP_LGBModel_Alpha158_csi300_custom_step0_s_20260527_18,e1436e6147b946d488b4bcb91ec20dc1,0.033,,,
4066,2026-05-27,SH603369,0.0019451484314793994,EXP_LGBModel_Alpha158_csi300_custom_step0_s_20260527_18,e1436e6147b946d488b4bcb91ec20dc1,0.033,,,
4067,2026-05-27,SH605117,-0.0002065699231124574,EXP_LGBModel_Alpha158_csi300_custom_step0_s_20260527_18,e1436e6147b946d488b4bcb91ec20dc1,0.033,,,
4068,2026-05-27,SH603296,-0.0021007002761308183,EXP_LGBModel_Alpha158_csi300_custom_step0_s_20260527_18,e1436e6147b946d488b4bcb91ec20dc1,0.033,,,
4069,2026-05-27,SH603260,-5.639842772831693e-10,EXP_LGBModel_Alpha158_csi300_custom_step0_s_20260527_18,e1436e6147b946d488b4bcb91ec20dc1,0.033,,,
4070,2026-05-27,SH603259,-0.0030779325076720682,EXP_LGBModel_Alpha158_csi300_custom_step0_s_20260527_18,e1436e6147b946d488b4bcb91ec20dc1,0.033,,,
4071,2026-05-27,SH603195,-5.639842772831693e-10,EXP_LGBModel_Alpha158_csi300_custom_step0_s_20260527_18,e1436e6147b946d488b4bcb91ec20dc1,0.033,,,
4072,2026-05-27,SH603019,-0.004210036672153293,EXP_LGBModel_Alpha158_csi300_custom_step0_s_20260527_18,e1436e6147b946d488b4bcb91ec20dc1,0.033,,,
4073,2026-05-27,SH601998,-0.004210036672153293,EXP_LGBModel_Alpha158_csi300_custom_step0_s_20260527_18,e1436e6147b946d488b4bcb91ec20dc1,0.033,,,
4074,2026-05-27,SH601995,0.001013271670295589,EXP_LGBModel_Alpha158_csi300_custom_step0_s_20260527_18,e1436e6147b946d488b4bcb91ec20dc1,0.033,,,
4075,2026-05-27,SH603288,-0.0021007002761308183,EXP_LGBModel_Alpha158_csi300_custom_step0_s_20260527_18,e1436e6147b946d488b4bcb91ec20dc1,0.033,,,
4076,2026-05-27,SH600803,-5.639842772831693e-10,EXP_LGBModel_Alpha158_csi300_custom_step0_s_20260527_18,e1436e6147b946d488b4bcb91ec20dc1,0.033,,,
4077,2026-05-27,SH600795,0.0031121068039040405,EXP_LGBModel_Alpha158_csi300_custom_step0_s_20260527_18,e1436e6147b946d488b4bcb91ec20dc1,0.033,,,
4078,2026-05-27,SH600760,-0.0021093369600067523,EXP_LGBModel_Alpha158_csi300_custom_step0_s_20260527_18,e1436e6147b946d488b4bcb91ec20dc1,0.033,,,
4079,2026-05-27,SZ002916,-0.001414003996956542,EXP_LGBModel_Alpha158_csi300_custom_step0_s_20260527_18,0f7a292b059a4373a786bd091abfef3d,0.072,,,
4080,2026-05-27,SZ002920,-0.0019307613550152043,EXP_LGBModel_Alpha158_csi300_custom_step0_s_20260527_18,0f7a292b059a4373a786bd091abfef3d,0.072,,,
4081,2026-05-27,SZ002938,-2.682882726878059e-10,EXP_LGBModel_Alpha158_csi300_custom_step0_s_20260527_18,0f7a292b059a4373a786bd091abfef3d,0.072,,,
4082,2026-05-27,SZ003816,-2.682882726878059e-10,EXP_LGBModel_Alpha158_csi300_custom_step0_s_20260527_18,0f7a292b059a4373a786bd091abfef3d,0.072,,,
4083,2026-05-27,SZ300014,-0.0010001643825638712,EXP_LGBModel_Alpha158_csi300_custom_step0_s_20260527_18,0f7a292b059a4373a786bd091abfef3d,0.072,,,
4084,2026-05-27,SZ300015,-0.0025205994555204457,EXP_LGBModel_Alpha158_csi300_custom_step0_s_20260527_18,0f7a292b059a4373a786bd091abfef3d,0.072,,,
4085,2026-05-27,SZ300033,0.0011169257952465784,EXP_LGBModel_Alpha158_csi300_custom_step0_s_20260527_18,0f7a292b059a4373a786bd091abfef3d,0.072,,,
4086,2026-05-27,SZ300059,-2.682882726878059e-10,EXP_LGBModel_Alpha158_csi300_custom_step0_s_20260527_18,0f7a292b059a4373a786bd091abfef3d,0.072,,,
4087,2026-05-27,SZ300122,-0.0019307613550152043,EXP_LGBModel_Alpha158_csi300_custom_step0_s_20260527_18,0f7a292b059a4373a786bd091abfef3d,0.072,,,
4088,2026-05-27,SZ300124,-0.0025205994555204457,EXP_LGBModel_Alpha158_csi300_custom_step0_s_20260527_18,0f7a292b059a4373a786bd091abfef3d,0.072,,,
4089,2026-05-27,SZ300251,0.004422620945545305,EXP_LGBModel_Alpha158_csi300_custom_step0_s_20260527_18,0f7a292b059a4373a786bd091abfef3d,0.072,,,
4090,2026-05-27,SZ300274,-2.682882726878059e-10,EXP_LGBModel_Alpha158_csi300_custom_step0_s_20260527_18,0f7a292b059a4373a786bd091abfef3d,0.072,,,
4091,2026-05-27,SZ300308,-2.682882726878059e-10,EXP_LGBModel_Alpha158_csi300_custom_step0_s_20260527_18,0f7a292b059a4373a786bd091abfef3d,0.072,,,
4092,2026-05-27,SZ300316,-2.682882726878059e-10,EXP_LGBModel_Alpha158_csi300_custom_step0_s_20260527_18,0f7a292b059a4373a786bd091abfef3d,0.072,,,
4093,2026-05-27,SZ300347,0.004422620945545305,EXP_LGBModel_Alpha158_csi300_custom_step0_s_20260527_18,0f7a292b059a4373a786bd091abfef3d,0.072,,,
4094,2026-05-27,SZ300394,-2.682882726878059e-10,EXP_LGBModel_Alpha158_csi300_custom_step0_s_20260527_18,0f7a292b059a4373a786bd091abfef3d,0.072,,,
4095,2026-05-27,SZ300408,-0.001414003996956542,EXP_LGBModel_Alpha158_csi300_custom_step0_s_20260527_18,0f7a292b059a4373a786bd091abfef3d,0.072,,,
4096,2026-05-27,SZ300803,-2.682882726878059e-10,EXP_LGBModel_Alpha158_csi300_custom_step0_s_20260527_18,0f7a292b059a4373a786bd091abfef3d,0.072,,,
4097,2026-05-27,SZ300782,0.004422620945545305,EXP_LGBModel_Alpha158_csi300_custom_step0_s_20260527_18,0f7a292b059a4373a786bd091abfef3d,0.072,,,
4098,2026-05-27,SZ300760,-0.0019307613550152043,EXP_LGBModel_Alpha158_csi300_custom_step0_s_20260527_18,0f7a292b059a4373a786bd091abfef3d,0.072,,,
4099,2026-05-27,SZ300759,-0.0025205994555204457,EXP_LGBModel_Alpha158_csi300_custom_step0_s_20260527_18,0f7a292b059a4373a786bd091abfef3d,0.072,,,
4100,2026-05-27,SZ300750,0.0011169257952465784,EXP_LGBModel_Alpha158_csi300_custom_step0_s_20260527_18,0f7a292b059a4373a786bd091abfef3d,0.072,,,
4101,2026-05-27,SZ300661,-0.001414003996956542,EXP_LGBModel_Alpha158_csi300_custom_step0_s_20260527_18,0f7a292b059a4373a786bd091abfef3d,0.072,,,
4102,2026-05-27,SZ002736,-2.682882726878059e-10,EXP_LGBModel_Alpha158_csi300_custom_step0_s_20260527_18,0f7a292b059a4373a786bd091abfef3d,0.072,,,
4103,2026-05-27,SZ300628,0.002366204723331103,EXP_LGBModel_Alpha158_csi300_custom_step0_s_20260527_18,0f7a292b059a4373a786bd091abfef3d,0.072,,,
4104,2026-05-27,SZ300498,-2.682882726878059e-10,EXP_LGBModel_Alpha158_csi300_custom_step0_s_20260527_18,0f7a292b059a4373a786bd091abfef3d,0.072,,,
4105,2026-05-27,SZ300476,0.0011169257952465784,EXP_LGBModel_Alpha158_csi300_custom_step0_s_20260527_18,0f7a292b059a4373a786bd091abfef3d,0.072,,,
4106,2026-05-27,SZ300442,-0.0025205994555204457,EXP_LGBModel_Alpha158_csi300_custom_step0_s_20260527_18,0f7a292b059a4373a786bd091abfef3d,0.072,,,
4107,2026-05-27,SZ300433,-0.001414003996956542,EXP_LGBModel_Alpha158_csi300_custom_step0_s_20260527_18,0f7a292b059a4373a786bd091abfef3d,0.072,,,
4108,2026-05-27,SZ300418,-2.682882726878059e-10,EXP_LGBModel_Alpha158_csi300_custom_step0_s_20260527_18,0f7a292b059a4373a786bd091abfef3d,0.072,,,
4109,2026-05-27,SZ300413,-0.0019307613550152043,EXP_LGBModel_Alpha158_csi300_custom_step0_s_20260527_18,0f7a292b059a4373a786bd091abfef3d,0.072,,,
4110,2026-05-27,SZ300502,-0.0025205994555204457,EXP_LGBModel_Alpha158_csi300_custom_step0_s_20260527_18,0f7a292b059a4373a786bd091abfef3d,0.072,,,
4111,2026-05-27,SZ300832,-0.0025205994555204457,EXP_LGBModel_Alpha158_csi300_custom_step0_s_20260527_18,0f7a292b059a4373a786bd091abfef3d,0.072,,,
4112,2026-05-27,SZ002714,-0.0025205994555204457,EXP_LGBModel_Alpha158_csi300_custom_step0_s_20260527_18,0f7a292b059a4373a786bd091abfef3d,0.072,,,
4113,2026-05-27,SZ002648,-0.00011946844827986863,EXP_LGBModel_Alpha158_csi300_custom_step0_s_20260527_18,0f7a292b059a4373a786bd091abfef3d,0.072,,,
4114,2026-05-27,SZ001965,-2.682882726878059e-10,EXP_LGBModel_Alpha158_csi300_custom_step0_s_20260527_18,0f7a292b059a4373a786bd091abfef3d,0.072,,,
4115,2026-05-27,SZ001979,-2.682882726878059e-10,EXP_LGBModel_Alpha158_csi300_custom_step0_s_20260527_18,0f7a292b059a4373a786bd091abfef3d,0.072,,,
4116,2026-05-27,SZ002001,-0.00011946844827986863,EXP_LGBModel_Alpha158_csi300_custom_step0_s_20260527_18,0f7a292b059a4373a786bd091abfef3d,0.072,,,
4117,2026-05-27,SZ002027,-2.682882726878059e-10,EXP_LGBModel_Alpha158_csi300_custom_step0_s_20260527_18,0f7a292b059a4373a786bd091abfef3d,0.072,,,
4118,2026-05-27,SZ002028,-2.682882726878059e-10,EXP_LGBModel_Alpha158_csi300_custom_step0_s_20260527_18,0f7a292b059a4373a786bd091abfef3d,0.072,,,
4119,2026-05-27,SZ002049,-2.682882726878059e-10,EXP_LGBModel_Alpha158_csi300_custom_step0_s_20260527_18,0f7a292b059a4373a786bd091abfef3d,0.072,,,
4120,2026-05-27,SZ002050,0.0011169257952465784,EXP_LGBModel_Alpha158_csi300_custom_step0_s_20260527_18,0f7a292b059a4373a786bd091abfef3d,0.072,,,
4121,2026-05-27,SZ002074,-0.00011946844827986863,EXP_LGBModel_Alpha158_csi300_custom_step0_s_20260527_18,0f7a292b059a4373a786bd091abfef3d,0.072,,,
4122,2026-05-27,SZ002142,-2.682882726878059e-10,EXP_LGBModel_Alpha158_csi300_custom_step0_s_20260527_18,0f7a292b059a4373a786bd091abfef3d,0.072,,,
4123,2026-05-27,SZ002179,-0.0025205994555204457,EXP_LGBModel_Alpha158_csi300_custom_step0_s_20260527_18,0f7a292b059a4373a786bd091abfef3d,0.072,,,
4124,2026-05-27,SZ002230,-0.0019307613550152043,EXP_LGBModel_Alpha158_csi300_custom_step0_s_20260527_18,0f7a292b059a4373a786bd091abfef3d,0.072,,,
4125,2026-05-27,SZ002236,0.002366204723331103,EXP_LGBModel_Alpha158_csi300_custom_step0_s_20260527_18,0f7a292b059a4373a786bd091abfef3d,0.072,,,
4126,2026-05-27,SZ002241,-2.682882726878059e-10,EXP_LGBModel_Alpha158_csi300_custom_step0_s_20260527_18,0f7a292b059a4373a786bd091abfef3d,0.072,,,
4127,2026-05-27,SZ002252,-2.682882726878059e-10,EXP_LGBModel_Alpha158_csi300_custom_step0_s_20260527_18,0f7a292b059a4373a786bd091abfef3d,0.072,,,
4128,2026-05-27,SZ002304,-0.0019307613550152043,EXP_LGBModel_Alpha158_csi300_custom_step0_s_20260527_18,0f7a292b059a4373a786bd091abfef3d,0.072,,,
4129,2026-05-27,SZ002311,-0.0025205994555204457,EXP_LGBModel_Alpha158_csi300_custom_step0_s_20260527_18,0f7a292b059a4373a786bd091abfef3d,0.072,,,
4130,2026-05-27,SZ002352,0.002366204723331103,EXP_LGBModel_Alpha158_csi300_custom_step0_s_20260527_18,0f7a292b059a4373a786bd091abfef3d,0.072,,,
4131,2026-05-27,SZ002625,-2.682882726878059e-10,EXP_LGBModel_Alpha158_csi300_custom_step0_s_20260527_18,0f7a292b059a4373a786bd091abfef3d,0.072,,,
4132,2026-05-27,SZ002601,-0.00011946844827986863,EXP_LGBModel_Alpha158_csi300_custom_step0_s_20260527_18,0f7a292b059a4373a786bd091abfef3d,0.072,,,
4133,2026-05-27,SZ002600,-0.0025205994555204457,EXP_LGBModel_Alpha158_csi300_custom_step0_s_20260527_18,0f7a292b059a4373a786bd091abfef3d,0.072,,,
4134,2026-05-27,SZ002594,-0.0025205994555204457,EXP_LGBModel_Alpha158_csi300_custom_step0_s_20260527_18,0f7a292b059a4373a786bd091abfef3d,0.072,,,
4135,2026-05-27,SZ002493,-0.0025205994555204457,EXP_LGBModel_Alpha158_csi300_custom_step0_s_20260527_18,0f7a292b059a4373a786bd091abfef3d,0.072,,,
4136,2026-05-27,SZ002475,-0.0025205994555204457,EXP_LGBModel_Alpha158_csi300_custom_step0_s_20260527_18,0f7a292b059a4373a786bd091abfef3d,0.072,,,
4137,2026-05-27,SZ002709,-2.682882726878059e-10,EXP_LGBModel_Alpha158_csi300_custom_step0_s_20260527_18,0f7a292b059a4373a786bd091abfef3d,0.072,,,
4138,2026-05-27,SZ002466,0.004422620945545305,EXP_LGBModel_Alpha158_csi300_custom_step0_s_20260527_18,0f7a292b059a4373a786bd091abfef3d,0.072,,,
4139,2026-05-27,SZ002460,-0.0025205994555204457,EXP_LGBModel_Alpha158_csi300_custom_step0_s_20260527_18,0f7a292b059a4373a786bd091abfef3d,0.072,,,
4140,2026-05-27,SZ002459,-0.00011946844827986863,EXP_LGBModel_Alpha158_csi300_custom_step0_s_20260527_18,0f7a292b059a4373a786bd091abfef3d,0.072,,,
4141,2026-05-27,SZ002422,-2.682882726878059e-10,EXP_LGBModel_Alpha158_csi300_custom_step0_s_20260527_18,0f7a292b059a4373a786bd091abfef3d,0.072,,,
4142,2026-05-27,SZ002415,-2.682882726878059e-10,EXP_LGBModel_Alpha158_csi300_custom_step0_s_20260527_18,0f7a292b059a4373a786bd091abfef3d,0.072,,,
4143,2026-05-27,SZ002384,0.004422620945545305,EXP_LGBModel_Alpha158_csi300_custom_step0_s_20260527_18,0f7a292b059a4373a786bd091abfef3d,0.072,,,
4144,2026-05-27,SZ002371,0.004422620945545305,EXP_LGBModel_Alpha158_csi300_custom_step0_s_20260527_18,0f7a292b059a4373a786bd091abfef3d,0.072,,,
4145,2026-05-27,SZ002463,-2.682882726878059e-10,EXP_LGBModel_Alpha158_csi300_custom_step0_s_20260527_18,0f7a292b059a4373a786bd091abfef3d,0.072,,,
4146,2026-05-27,SZ300866,-0.0025205994555204457,EXP_LGBModel_Alpha158_csi300_custom_step0_s_20260527_18,0f7a292b059a4373a786bd091abfef3d,0.072,,,
4147,2026-05-27,SZ300896,-0.0019307613550152043,EXP_LGBModel_Alpha158_csi300_custom_step0_s_20260527_18,0f7a292b059a4373a786bd091abfef3d,0.072,,,
4148,2026-05-27,SZ300979,-2.682882726878059e-10,EXP_LGBModel_Alpha158_csi300_custom_step0_s_20260527_18,0f7a292b059a4373a786bd091abfef3d,0.072,,,
4149,2026-05-27,SH600188,-0.004210036672153293,EXP_LGBModel_Alpha158_csi300_custom_step0_s_20260527_18,e1436e6147b946d488b4bcb91ec20dc1,0.033,,,
4150,2026-05-27,SH600196,-0.004210036672153293,EXP_LGBModel_Alpha158_csi300_custom_step0_s_20260527_18,e1436e6147b946d488b4bcb91ec20dc1,0.033,,,
4151,2026-05-27,SH600219,-0.004210036672153293,EXP_LGBModel_Alpha158_csi300_custom_step0_s_20260527_18,e1436e6147b946d488b4bcb91ec20dc1,0.033,,,
4152,2026-05-27,SH600233,0.0009151197843120792,EXP_LGBModel_Alpha158_csi300_custom_step0_s_20260527_18,e1436e6147b946d488b4bcb91ec20dc1,0.033,,,
4153,2026-05-27,SH600276,-0.004210036672153293,EXP_LGBModel_Alpha158_csi300_custom_step0_s_20260527_18,e1436e6147b946d488b4bcb91ec20dc1,0.033,,,
4154,2026-05-27,SH600309,0.0009151197843120792,EXP_LGBModel_Alpha158_csi300_custom_step0_s_20260527_18,e1436e6147b946d488b4bcb91ec20dc1,0.033,,,
4155,2026-05-27,SH600346,0.013595424984444396,EXP_LGBModel_Alpha158_csi300_custom_step0_s_20260527_18,e1436e6147b946d488b4bcb91ec20dc1,0.033,,,
4156,2026-05-27,SH600362,-0.0021007002761308183,EXP_LGBModel_Alpha158_csi300_custom_step0_s_20260527_18,e1436e6147b946d488b4bcb91ec20dc1,0.033,,,
4157,2026-05-27,SH600372,-0.001194216611710396,EXP_LGBModel_Alpha158_csi300_custom_step0_s_20260527_18,e1436e6147b946d488b4bcb91ec20dc1,0.033,,,
4158,2026-05-27,SH600377,0.002098834569624174,EXP_LGBModel_Alpha158_csi300_custom_step0_s_20260527_18,e1436e6147b946d488b4bcb91ec20dc1,0.033,,,
4159,2026-05-27,SH600406,-0.0021093369600067523,EXP_LGBModel_Alpha158_csi300_custom_step0_s_20260527_18,e1436e6147b946d488b4bcb91ec20dc1,0.033,,,
4160,2026-05-27,SH600415,-0.004210036672153293,EXP_LGBModel_Alpha158_csi300_custom_step0_s_20260527_18,e1436e6147b946d488b4bcb91ec20dc1,0.033,,,
4161,2026-05-27,SH600426,0.0009151197843120792,EXP_LGBModel_Alpha158_csi300_custom_step0_s_20260527_18,e1436e6147b946d488b4bcb91ec20dc1,0.033,,,
4162,2026-05-27,SH600436,-0.0021093369600067523,EXP_LGBModel_Alpha158_csi300_custom_step0_s_20260527_18,e1436e6147b946d488b4bcb91ec20dc1,0.033,,,
4163,2026-05-27,SH600438,-5.639842772831693e-10,EXP_LGBModel_Alpha158_csi300_custom_step0_s_20260527_18,e1436e6147b946d488b4bcb91ec20dc1,0.033,,,
4164,2026-05-27,SH600460,-0.0002065699231124574,EXP_LGBModel_Alpha158_csi300_custom_step0_s_20260527_18,e1436e6147b946d488b4bcb91ec20dc1,0.033,,,
4165,2026-05-27,SH600482,-0.004210036672153293,EXP_LGBModel_Alpha158_csi300_custom_step0_s_20260527_18,e1436e6147b946d488b4bcb91ec20dc1,0.033,,,
4166,2026-05-27,SH600741,0.0009151197843120792,EXP_LGBModel_Alpha158_csi300_custom_step0_s_20260527_18,e1436e6147b946d488b4bcb91ec20dc1,0.033,,,
4167,2026-05-27,SH600690,-0.0021007002761308183,EXP_LGBModel_Alpha158_csi300_custom_step0_s_20260527_18,e1436e6147b946d488b4bcb91ec20dc1,0.033,,,
4168,2026-05-27,SH600674,0.0025462250010983446,EXP_LGBModel_Alpha158_csi300_custom_step0_s_20260527_18,e1436e6147b946d488b4bcb91ec20dc1,0.033,,,
4169,2026-05-27,SH600660,-0.0021007002761308183,EXP_LGBModel_Alpha158_csi300_custom_step0_s_20260527_18,e1436e6147b946d488b4bcb91ec20dc1,0.033,,,
4170,2026-05-27,SH600600,-0.0021093369600067523,EXP_LGBModel_Alpha158_csi300_custom_step0_s_20260527_18,e1436e6147b946d488b4bcb91ec20dc1,0.033,,,
4171,2026-05-27,SH600588,0.0009151197843120792,EXP_LGBModel_Alpha158_csi300_custom_step0_s_20260527_18,e1436e6147b946d488b4bcb91ec20dc1,0.033,,,
4172,2026-05-27,SH600183,-0.0003090691005661139,EXP_LGBModel_Alpha158_csi300_custom_step0_s_20260527_18,e1436e6147b946d488b4bcb91ec20dc1,0.033,,,
4173,2026-05-27,SH600585,-5.639842772831693e-10,EXP_LGBModel_Alpha158_csi300_custom_step0_s_20260527_18,e1436e6147b946d488b4bcb91ec20dc1,0.033,,,
4174,2026-05-27,SH600570,-0.0021007002761308183,EXP_LGBModel_Alpha158_csi300_custom_step0_s_20260527_18,e1436e6147b946d488b4bcb91ec20dc1,0.033,,,
4175,2026-05-27,SH600547,-5.639842772831693e-10,EXP_LGBModel_Alpha158_csi300_custom_step0_s_20260527_18,e1436e6147b946d488b4bcb91ec20dc1,0.033,,,
4176,2026-05-27,SH600522,0.013595424984444396,EXP_LGBModel_Alpha158_csi300_custom_step0_s_20260527_18,e1436e6147b946d488b4bcb91ec20dc1,0.033,,,
4177,2026-05-27,SH600519,-0.0030779325076720682,EXP_LGBModel_Alpha158_csi300_custom_step0_s_20260527_18,e1436e6147b946d488b4bcb91ec20dc1,0.033,,,
4178,2026-05-27,SH600515,0.0009151197843120792,EXP_LGBModel_Alpha158_csi300_custom_step0_s_20260527_18,e1436e6147b946d488b4bcb91ec20dc1,0.033,,,
4179,2026-05-27,SH600489,-0.001194216611710396,EXP_LGBModel_Alpha158_csi300_custom_step0_s_20260527_18,e1436e6147b946d488b4bcb91ec20dc1,0.033,,,
4180,2026-05-27,SH600584,-0.0003090691005661139,EXP_LGBModel_Alpha158_csi300_custom_step0_s_20260527_18,e1436e6147b946d488b4bcb91ec20dc1,0.033,,,
4181,2026-05-27,SH600176,-0.004210036672153293,EXP_LGBModel_Alpha158_csi300_custom_step0_s_20260527_18,e1436e6147b946d488b4bcb91ec20dc1,0.033,,,
4182,2026-05-27,SH600161,-0.004210036672153293,EXP_LGBModel_Alpha158_csi300_custom_step0_s_20260527_18,e1436e6147b946d488b4bcb91ec20dc1,0.033,,,
4183,2026-05-27,SH600160,-0.004210036672153293,EXP_LGBModel_Alpha158_csi300_custom_step0_s_20260527_18,e1436e6147b946d488b4bcb91ec20dc1,0.033,,,
4184,2026-05-27,SH600025,-0.0021007002761308183,EXP_LGBModel_Alpha158_csi300_custom_step0_s_20260527_18,e1436e6147b946d488b4bcb91ec20dc1,0.033,,,
4185,2026-05-27,SH600023,-0.004210036672153293,EXP_LGBModel_Alpha158_csi300_custom_step0_s_20260527_18,e1436e6147b946d488b4bcb91ec20dc1,0.033,,,
4186,2026-05-27,SH600019,-0.0021007002761308183,EXP_LGBModel_Alpha158_csi300_custom_step0_s_20260527_18,e1436e6147b946d488b4bcb91ec20dc1,0.033,,,
4187,2026-05-27,SH600018,0.0031121068039040405,EXP_LGBModel_Alpha158_csi300_custom_step0_s_20260527_18,e1436e6147b946d488b4bcb91ec20dc1,0.033,,,
4188,2026-05-27,SH600016,-0.0023662656670154353,EXP_LGBModel_Alpha158_csi300_custom_step0_s_20260527_18,e1436e6147b946d488b4bcb91ec20dc1,0.033,,,
4189,2026-05-27,SH600015,0.0011302390219588582,EXP_LGBModel_Alpha158_csi300_custom_step0_s_20260527_18,e1436e6147b946d488b4bcb91ec20dc1,0.033,,,
4190,2026-05-27,SH600026,-5.639842772831693e-10,EXP_LGBModel_Alpha158_csi300_custom_step0_s_20260527_18,e1436e6147b946d488b4bcb91ec20dc1,0.033,,,
4191,2026-05-27,SH600011,-0.0021007002761308183,EXP_LGBModel_Alpha158_csi300_custom_step0_s_20260527_18,e1436e6147b946d488b4bcb91ec20dc1,0.033,,,
4192,2026-05-27,SH600009,-5.639842772831693e-10,EXP_LGBModel_Alpha158_csi300_custom_step0_s_20260527_18,e1436e6147b946d488b4bcb91ec20dc1,0.033,,,
4193,2026-05-27,SH600000,-0.0021093369600067523,EXP_LGBModel_Alpha158_csi300_custom_step0_s_20260527_18,e1436e6147b946d488b4bcb91ec20dc1,0.033,,,
4194,2026-05-27,SZ302132,-0.0025205994555204457,EXP_LGBModel_Alpha158_csi300_custom_step0_s_20260527_18,0f7a292b059a4373a786bd091abfef3d,0.072,,,
4195,2026-05-27,SZ301269,-2.682882726878059e-10,EXP_LGBModel_Alpha158_csi300_custom_step0_s_20260527_18,0f7a292b059a4373a786bd091abfef3d,0.072,,,
4196,2026-05-27,SZ301236,-0.0025205994555204457,EXP_LGBModel_Alpha158_csi300_custom_step0_s_20260527_18,0f7a292b059a4373a786bd091abfef3d,0.072,,,
4197,2026-05-27,SZ300999,-0.0025205994555204457,EXP_LGBModel_Alpha158_csi300_custom_step0_s_20260527_18,0f7a292b059a4373a786bd091abfef3d,0.072,,,
4198,2026-05-27,SH600010,0.0009151197843120792,EXP_LGBModel_Alpha158_csi300_custom_step0_s_20260527_18,e1436e6147b946d488b4bcb91ec20dc1,0.033,,,
4199,2026-05-27,SZ000596,-0.0021007002761308183,EXP_LGBModel_Alpha158_csi300_custom_step0_s_20260527_18,e1436e6147b946d488b4bcb91ec20dc1,0.033,,,
4200,2026-05-27,SH600027,-0.0006870092012988879,EXP_LGBModel_Alpha158_csi300_custom_step0_s_20260527_18,e1436e6147b946d488b4bcb91ec20dc1,0.033,,,
4201,2026-05-27,SH600029,-0.0021007002761308183,EXP_LGBModel_Alpha158_csi300_custom_step0_s_20260527_18,e1436e6147b946d488b4bcb91ec20dc1,0.033,,,
4202,2026-05-27,SH600150,-0.004210036672153293,EXP_LGBModel_Alpha158_csi300_custom_step0_s_20260527_18,e1436e6147b946d488b4bcb91ec20dc1,0.033,,,
4203,2026-05-27,SH600115,-0.004210036672153293,EXP_LGBModel_Alpha158_csi300_custom_step0_s_20260527_18,e1436e6147b946d488b4bcb91ec20dc1,0.033,,,
4204,2026-05-27,SH600111,-0.004210036672153293,EXP_LGBModel_Alpha158_csi300_custom_step0_s_20260527_18,e1436e6147b946d488b4bcb91ec20dc1,0.033,,,
4205,2026-05-27,SH600104,0.0009151197843120792,EXP_LGBModel_Alpha158_csi300_custom_step0_s_20260527_18,e1436e6147b946d488b4bcb91ec20dc1,0.033,,,
4206,2026-05-27,SH600089,-0.0021093369600067523,EXP_LGBModel_Alpha158_csi300_custom_step0_s_20260527_18,e1436e6147b946d488b4bcb91ec20dc1,0.033,,,
4207,2026-05-27,SH600085,-0.004210036672153293,EXP_LGBModel_Alpha158_csi300_custom_step0_s_20260527_18,e1436e6147b946d488b4bcb91ec20dc1,0.033,,,
4208,2026-05-27,SH600028,-0.004210036672153293,EXP_LGBModel_Alpha158_csi300_custom_step0_s_20260527_18,e1436e6147b946d488b4bcb91ec20dc1,0.033,,,
4209,2026-05-27,SH600066,-5.639842772831693e-10,EXP_LGBModel_Alpha158_csi300_custom_step0_s_20260527_18,e1436e6147b946d488b4bcb91ec20dc1,0.033,,,
4210,2026-05-27,SH600050,-0.004210036672153293,EXP_LGBModel_Alpha158_csi300_custom_step0_s_20260527_18,e1436e6147b946d488b4bcb91ec20dc1,0.033,,,
4211,2026-05-27,SH600048,-0.004210036672153293,EXP_LGBModel_Alpha158_csi300_custom_step0_s_20260527_18,e1436e6147b946d488b4bcb91ec20dc1,0.033,,,
4212,2026-05-27,SH600039,-0.004210036672153293,EXP_LGBModel_Alpha158_csi300_custom_step0_s_20260527_18,e1436e6147b946d488b4bcb91ec20dc1,0.033,,,
4213,2026-05-27,SH600036,-0.0023662656670154353,EXP_LGBModel_Alpha158_csi300_custom_step0_s_20260527_18,e1436e6147b946d488b4bcb91ec20dc1,0.033,,,
4214,2026-05-27,SH600031,-0.004210036672153293,EXP_LGBModel_Alpha158_csi300_custom_step0_s_20260527_18,e1436e6147b946d488b4bcb91ec20dc1,0.033,,,
4215,2026-05-27,SH600030,-5.639842772831693e-10,EXP_LGBModel_Alpha158_csi300_custom_step0_s_20260527_18,e1436e6147b946d488b4bcb91ec20dc1,0.033,,,
4216,2026-05-27,SH600061,0.0004368886050758695,EXP_LGBModel_Alpha158_csi300_custom_step0_s_20260527_18,e1436e6147b946d488b4bcb91ec20dc1,0.033,,,
4217,2026-05-27,SZ000617,-5.639842772831693e-10,EXP_LGBModel_Alpha158_csi300_custom_step0_s_20260527_18,e1436e6147b946d488b4bcb91ec20dc1,0.033,,,
4218,2026-05-27,SZ000625,0.0009151197843120792,EXP_LGBModel_Alpha158_csi300_custom_step0_s_20260527_18,e1436e6147b946d488b4bcb91ec20dc1,0.033,,,
4219,2026-05-27,SZ000630,-0.004210036672153293,EXP_LGBModel_Alpha158_csi300_custom_step0_s_20260527_18,e1436e6147b946d488b4bcb91ec20dc1,0.033,,,
4220,2026-05-27,SH601006,-0.012510018231378406,EXP_LGBModel_Alpha158_csi300_custom_step0_s_20260527_18,6ba595d5763d4392a45c163c45a4b856,0.074,,,
4221,2026-05-27,SH601009,-0.035923043964360184,EXP_LGBModel_Alpha158_csi300_custom_step0_s_20260527_18,6ba595d5763d4392a45c163c45a4b856,0.074,,,
4222,2026-05-27,SH601012,0.006411924407557685,EXP_LGBModel_Alpha158_csi300_custom_step0_s_20260527_18,6ba595d5763d4392a45c163c45a4b856,0.074,,,
4223,2026-05-27,SH601018,-0.03202777313085893,EXP_LGBModel_Alpha158_csi300_custom_step0_s_20260527_18,6ba595d5763d4392a45c163c45a4b856,0.074,,,
4224,2026-05-27,SH601021,-0.0049693451627718654,EXP_LGBModel_Alpha158_csi300_custom_step0_s_20260527_18,6ba595d5763d4392a45c163c45a4b856,0.074,,,
4225,2026-05-27,SH601058,-0.018881553735828605,EXP_LGBModel_Alpha158_csi300_custom_step0_s_20260527_18,6ba595d5763d4392a45c163c45a4b856,0.074,,,
4226,2026-05-27,SH601059,0.0022176451525734845,EXP_LGBModel_Alpha158_csi300_custom_step0_s_20260527_18,6ba595d5763d4392a45c163c45a4b856,0.074,,,
4227,2026-05-27,SH601066,0.015369401942775973,EXP_LGBModel_Alpha158_csi300_custom_step0_s_20260527_18,6ba595d5763d4392a45c163c45a4b856,0.074,,,
4228,2026-05-27,SH601077,-0.03397195818890652,EXP_LGBModel_Alpha158_csi300_custom_step0_s_20260527_18,6ba595d5763d4392a45c163c45a4b856,0.074,,,
4229,2026-05-27,SH601088,-0.0049035765656013485,EXP_LGBModel_Alpha158_csi300_custom_step0_s_20260527_18,6ba595d5763d4392a45c163c45a4b856,0.074,,,
4230,2026-05-27,SH601100,0.016836013673075852,EXP_LGBModel_Alpha158_csi300_custom_step0_s_20260527_18,6ba595d5763d4392a45c163c45a4b856,0.074,,,
4231,2026-05-27,SH601111,-0.029834336110420794,EXP_LGBModel_Alpha158_csi300_custom_step0_s_20260527_18,6ba595d5763d4392a45c163c45a4b856,0.074,,,
4232,2026-05-27,SH601117,-0.019647385149813762,EXP_LGBModel_Alpha158_csi300_custom_step0_s_20260527_18,6ba595d5763d4392a45c163c45a4b856,0.074,,,
4233,2026-05-27,SH601127,-0.009881597943829453,EXP_LGBModel_Alpha158_csi300_custom_step0_s_20260527_18,6ba595d5763d4392a45c163c45a4b856,0.074,,,
4234,2026-05-27,SH601136,-0.013624261748394182,EXP_LGBModel_Alpha158_csi300_custom_step0_s_20260527_18,6ba595d5763d4392a45c163c45a4b856,0.074,,,
4235,2026-05-27,SH601138,0.03557854038360003,EXP_LGBModel_Alpha158_csi300_custom_step0_s_20260527_18,6ba595d5763d4392a45c163c45a4b856,0.074,,,
4236,2026-05-27,SH601166,-0.03337294688635881,EXP_LGBModel_Alpha158_csi300_custom_step0_s_20260527_18,6ba595d5763d4392a45c163c45a4b856,0.074,,,
4237,2026-05-27,SH601360,-0.027228999618073662,EXP_LGBModel_Alpha158_csi300_custom_step0_s_20260527_18,6ba595d5763d4392a45c163c45a4b856,0.074,,,
4238,2026-05-27,SH601336,-0.0142674373740577,EXP_LGBModel_Alpha158_csi300_custom_step0_s_20260527_18,6ba595d5763d4392a45c163c45a4b856,0.074,,,
4239,2026-05-27,SH601328,-0.019242092356174762,EXP_LGBModel_Alpha158_csi300_custom_step0_s_20260527_18,6ba595d5763d4392a45c163c45a4b856,0.074,,,
4240,2026-05-27,SH601319,-0.03202777313085893,EXP_LGBModel_Alpha158_csi300_custom_step0_s_20260527_18,6ba595d5763d4392a45c163c45a4b856,0.074,,,
4241,2026-05-27,SH601318,-0.03397195818890652,EXP_LGBModel_Alpha158_csi300_custom_step0_s_20260527_18,6ba595d5763d4392a45c163c45a4b856,0.074,,,
4242,2026-05-27,SH601298,-0.018458410046416268,EXP_LGBModel_Alpha158_csi300_custom_step0_s_20260527_18,6ba595d5763d4392a45c163c45a4b856,0.074,,,
4243,2026-05-27,SH600999,0.0018517229337812987,EXP_LGBModel_Alpha158_csi300_custom_step0_s_20260527_18,6ba595d5763d4392a45c163c45a4b856,0.074,,,
4244,2026-05-27,SH601288,-0.035923043964360184,EXP_LGBModel_Alpha158_csi300_custom_step0_s_20260527_18,6ba595d5763d4392a45c163c45a4b856,0.074,,,
4245,2026-05-27,SH601236,-0.015829069770185413,EXP_LGBModel_Alpha158_csi300_custom_step0_s_20260527_18,6ba595d5763d4392a45c163c45a4b856,0.074,,,
4246,2026-05-27,SH601229,-0.035923043964360184,EXP_LGBModel_Alpha158_csi300_custom_step0_s_20260527_18,6ba595d5763d4392a45c163c45a4b856,0.074,,,
4247,2026-05-27,SH601225,-0.008948871106154378,EXP_LGBModel_Alpha158_csi300_custom_step0_s_20260527_18,6ba595d5763d4392a45c163c45a4b856,0.074,,,
4248,2026-05-27,SH601211,-0.019556023398444457,EXP_LGBModel_Alpha158_csi300_custom_step0_s_20260527_18,6ba595d5763d4392a45c163c45a4b856,0.074,,,
4249,2026-05-27,SH601186,-0.03397195818890652,EXP_LGBModel_Alpha158_csi300_custom_step0_s_20260527_18,6ba595d5763d4392a45c163c45a4b856,0.074,,,
4250,2026-05-27,SH601169,-0.035923043964360184,EXP_LGBModel_Alpha158_csi300_custom_step0_s_20260527_18,6ba595d5763d4392a45c163c45a4b856,0.074,,,
4251,2026-05-27,SH601238,-0.016399148480547365,EXP_LGBModel_Alpha158_csi300_custom_step0_s_20260527_18,6ba595d5763d4392a45c163c45a4b856,0.074,,,
4252,2026-05-27,SH601377,-0.005023215811835924,EXP_LGBModel_Alpha158_csi300_custom_step0_s_20260527_18,6ba595d5763d4392a45c163c45a4b856,0.074,,,
4253,2026-05-27,SH600989,5.32771264637154e-05,EXP_LGBModel_Alpha158_csi300_custom_step0_s_20260527_18,6ba595d5763d4392a45c163c45a4b856,0.074,,,
4254,2026-05-27,SH600941,0.015396542702455298,EXP_LGBModel_Alpha158_csi300_custom_step0_s_20260527_18,6ba595d5763d4392a45c163c45a4b856,0.074,,,
4255,2026-05-27,SH600482,-0.007034124559617359,EXP_LGBModel_Alpha158_csi300_custom_step0_s_20260527_18,6ba595d5763d4392a45c163c45a4b856,0.074,,,
4256,2026-05-27,SH600489,-0.009433114746601032,EXP_LGBModel_Alpha158_csi300_custom_step0_s_20260527_18,6ba595d5763d4392a45c163c45a4b856,0.074,,,
4257,2026-05-27,SH600515,-0.030076687355405262,EXP_LGBModel_Alpha158_csi300_custom_step0_s_20260527_18,6ba595d5763d4392a45c163c45a4b856,0.074,,,
4258,2026-05-27,SH600519,-0.01418097549270156,EXP_LGBModel_Alpha158_csi300_custom_step0_s_20260527_18,6ba595d5763d4392a45c163c45a4b856,0.074,,,
4259,2026-05-27,SH600522,0.07873572269435902,EXP_LGBModel_Alpha158_csi300_custom_step0_s_20260527_18,6ba595d5763d4392a45c163c45a4b856,0.074,,,
4260,2026-05-27,SH600547,0.02007635310316433,EXP_LGBModel_Alpha158_csi300_custom_step0_s_20260527_18,6ba595d5763d4392a45c163c45a4b856,0.074,,,
4261,2026-05-27,SH600570,-0.019621441700309057,EXP_LGBModel_Alpha158_csi300_custom_step0_s_20260527_18,6ba595d5763d4392a45c163c45a4b856,0.074,,,
4262,2026-05-27,SH600584,-0.0030167396398610817,EXP_LGBModel_Alpha158_csi300_custom_step0_s_20260527_18,6ba595d5763d4392a45c163c45a4b856,0.074,,,
4263,2026-05-27,SH600585,-0.030076687355405262,EXP_LGBModel_Alpha158_csi300_custom_step0_s_20260527_18,6ba595d5763d4392a45c163c45a4b856,0.074,,,
4264,2026-05-27,SH600588,5.32771264637154e-05,EXP_LGBModel_Alpha158_csi300_custom_step0_s_20260527_18,6ba595d5763d4392a45c163c45a4b856,0.074,,,
4265,2026-05-27,SH600600,-0.0275265902774039,EXP_LGBModel_Alpha158_csi300_custom_step0_s_20260527_18,6ba595d5763d4392a45c163c45a4b856,0.074,,,
4266,2026-05-27,SH600660,-0.017852648259031677,EXP_LGBModel_Alpha158_csi300_custom_step0_s_20260527_18,6ba595d5763d4392a45c163c45a4b856,0.074,,,
4267,2026-05-27,SH600674,0.00191429681374605,EXP_LGBModel_Alpha158_csi300_custom_step0_s_20260527_18,6ba595d5763d4392a45c163c45a4b856,0.074,,,
4268,2026-05-27,SH600690,-0.017089181661884598,EXP_LGBModel_Alpha158_csi300_custom_step0_s_20260527_18,6ba595d5763d4392a45c163c45a4b856,0.074,,,
4269,2026-05-27,SH600741,5.32771264637154e-05,EXP_LGBModel_Alpha158_csi300_custom_step0_s_20260527_18,6ba595d5763d4392a45c163c45a4b856,0.074,,,
4270,2026-05-27,SH600760,5.32771264637154e-05,EXP_LGBModel_Alpha158_csi300_custom_step0_s_20260527_18,6ba595d5763d4392a45c163c45a4b856,0.074,,,
4271,2026-05-27,SH600795,0.01772929495071262,EXP_LGBModel_Alpha158_csi300_custom_step0_s_20260527_18,6ba595d5763d4392a45c163c45a4b856,0.074,,,
4272,2026-05-27,SH600938,5.32771264637154e-05,EXP_LGBModel_Alpha158_csi300_custom_step0_s_20260527_18,6ba595d5763d4392a45c163c45a4b856,0.074,,,
4273,2026-05-27,SH600930,0.014896925094114302,EXP_LGBModel_Alpha158_csi300_custom_step0_s_20260527_18,6ba595d5763d4392a45c163c45a4b856,0.074,,,
4274,2026-05-27,SH600926,-0.035923043964360184,EXP_LGBModel_Alpha158_csi300_custom_step0_s_20260527_18,6ba595d5763d4392a45c163c45a4b856,0.074,,,
4275,2026-05-27,SH600919,0.011689724968875612,EXP_LGBModel_Alpha158_csi300_custom_step0_s_20260527_18,6ba595d5763d4392a45c163c45a4b856,0.074,,,
4276,2026-05-27,SH600918,-0.017924139369035932,EXP_LGBModel_Alpha158_csi300_custom_step0_s_20260527_18,6ba595d5763d4392a45c163c45a4b856,0.074,,,
4277,2026-05-27,SH600905,-0.016662287382414598,EXP_LGBModel_Alpha158_csi300_custom_step0_s_20260527_18,6ba595d5763d4392a45c163c45a4b856,0.074,,,
4278,2026-05-27,SH600958,-0.0030861607274293534,EXP_LGBModel_Alpha158_csi300_custom_step0_s_20260527_18,6ba595d5763d4392a45c163c45a4b856,0.074,,,
4279,2026-05-27,SH600900,-0.025847740267473624,EXP_LGBModel_Alpha158_csi300_custom_step0_s_20260527_18,6ba595d5763d4392a45c163c45a4b856,0.074,,,
4280,2026-05-27,SH600887,0.025595817834423763,EXP_LGBModel_Alpha158_csi300_custom_step0_s_20260527_18,6ba595d5763d4392a45c163c45a4b856,0.074,,,
4281,2026-05-27,SH600886,-0.025613531914317467,EXP_LGBModel_Alpha158_csi300_custom_step0_s_20260527_18,6ba595d5763d4392a45c163c45a4b856,0.074,,,
4282,2026-05-27,SH600875,0.0037859845780855344,EXP_LGBModel_Alpha158_csi300_custom_step0_s_20260527_18,6ba595d5763d4392a45c163c45a4b856,0.074,,,
4283,2026-05-27,SH600845,5.32771264637154e-05,EXP_LGBModel_Alpha158_csi300_custom_step0_s_20260527_18,6ba595d5763d4392a45c163c45a4b856,0.074,,,
4284,2026-05-27,SH600809,-0.01383197844518985,EXP_LGBModel_Alpha158_csi300_custom_step0_s_20260527_18,6ba595d5763d4392a45c163c45a4b856,0.074,,,
4285,2026-05-27,SH600803,-1.0310748514914266e-09,EXP_LGBModel_Alpha158_csi300_custom_step0_s_20260527_18,6ba595d5763d4392a45c163c45a4b856,0.074,,,
4286,2026-05-27,SH600893,-0.005969846274955865,EXP_LGBModel_Alpha158_csi300_custom_step0_s_20260527_18,6ba595d5763d4392a45c163c45a4b856,0.074,,,
4287,2026-05-27,SH601390,-1.0310748514914266e-09,EXP_LGBModel_Alpha158_csi300_custom_step0_s_20260527_18,6ba595d5763d4392a45c163c45a4b856,0.074,,,
4288,2026-05-27,SH601398,-0.035923043964360184,EXP_LGBModel_Alpha158_csi300_custom_step0_s_20260527_18,6ba595d5763d4392a45c163c45a4b856,0.074,,,
4289,2026-05-27,SH601456,-0.021651092997294976,EXP_LGBModel_Alpha158_csi300_custom_step0_s_20260527_18,6ba595d5763d4392a45c163c45a4b856,0.074,,,
4290,2026-05-27,SH601995,-0.016741883893949348,EXP_LGBModel_Alpha158_csi300_custom_step0_s_20260527_18,6ba595d5763d4392a45c163c45a4b856,0.074,,,
4291,2026-05-27,SH601998,-0.006948305722154018,EXP_LGBModel_Alpha158_csi300_custom_step0_s_20260527_18,6ba595d5763d4392a45c163c45a4b856,0.074,,,
4292,2026-05-27,SH603019,0.0006212987266542131,EXP_LGBModel_Alpha158_csi300_custom_step0_s_20260527_18,6ba595d5763d4392a45c163c45a4b856,0.074,,,
4293,2026-05-27,SH603195,0.02275042188736716,EXP_LGBModel_Alpha158_csi300_custom_step0_s_20260527_18,6ba595d5763d4392a45c163c45a4b856,0.074,,,
4294,2026-05-27,SH603259,-0.004575927303627181,EXP_LGBModel_Alpha158_csi300_custom_step0_s_20260527_18,6ba595d5763d4392a45c163c45a4b856,0.074,,,
4295,2026-05-27,SH603260,-1.0310748514914266e-09,EXP_LGBModel_Alpha158_csi300_custom_step0_s_20260527_18,6ba595d5763d4392a45c163c45a4b856,0.074,,,
4296,2026-05-27,SH603288,-0.016059809448001706,EXP_LGBModel_Alpha158_csi300_custom_step0_s_20260527_18,6ba595d5763d4392a45c163c45a4b856,0.074,,,
4297,2026-05-27,SH603296,0.016928191382189935,EXP_LGBModel_Alpha158_csi300_custom_step0_s_20260527_18,6ba595d5763d4392a45c163c45a4b856,0.074,,,
4298,2026-05-27,SH603369,0.012121706737393592,EXP_LGBModel_Alpha158_csi300_custom_step0_s_20260527_18,6ba595d5763d4392a45c163c45a4b856,0.074,,,
4299,2026-05-27,SH603392,5.32771264637154e-05,EXP_LGBModel_Alpha158_csi300_custom_step0_s_20260527_18,6ba595d5763d4392a45c163c45a4b856,0.074,,,
4300,2026-05-27,SH603501,0.024162899626645237,EXP_LGBModel_Alpha158_csi300_custom_step0_s_20260527_18,6ba595d5763d4392a45c163c45a4b856,0.074,,,
4301,2026-05-27,SH603799,-0.0018255568288364301,EXP_LGBModel_Alpha158_csi300_custom_step0_s_20260527_18,6ba595d5763d4392a45c163c45a4b856,0.074,,,
4302,2026-05-27,SH603893,0.013194531287335373,EXP_LGBModel_Alpha158_csi300_custom_step0_s_20260527_18,6ba595d5763d4392a45c163c45a4b856,0.074,,,
4303,2026-05-27,SH603986,0.025603791920982406,EXP_LGBModel_Alpha158_csi300_custom_step0_s_20260527_18,6ba595d5763d4392a45c163c45a4b856,0.074,,,
4304,2026-05-27,SH603993,-0.0131461136409393,EXP_LGBModel_Alpha158_csi300_custom_step0_s_20260527_18,6ba595d5763d4392a45c163c45a4b856,0.074,,,
4305,2026-05-27,SH605117,0.040622228643759986,EXP_LGBModel_Alpha158_csi300_custom_step0_s_20260527_18,6ba595d5763d4392a45c163c45a4b856,0.074,,,
4306,2026-05-27,SH605499,-0.0156539130453801,EXP_LGBModel_Alpha158_csi300_custom_step0_s_20260527_18,6ba595d5763d4392a45c163c45a4b856,0.074,,,
4307,2026-05-27,SH688271,0.008577302663959351,EXP_LGBModel_Alpha158_csi300_custom_step0_s_20260527_18,6ba595d5763d4392a45c163c45a4b856,0.074,,,
4308,2026-05-27,SH688256,0.04214781789275117,EXP_LGBModel_Alpha158_csi300_custom_step0_s_20260527_18,6ba595d5763d4392a45c163c45a4b856,0.074,,,
4309,2026-05-27,SH688223,-1.0310748514914266e-09,EXP_LGBModel_Alpha158_csi300_custom_step0_s_20260527_18,6ba595d5763d4392a45c163c45a4b856,0.074,,,
4310,2026-05-27,SH688187,0.017369563790159588,EXP_LGBModel_Alpha158_csi300_custom_step0_s_20260527_18,6ba595d5763d4392a45c163c45a4b856,0.074,,,
4311,2026-05-27,SH688169,-0.0020053586087586004,EXP_LGBModel_Alpha158_csi300_custom_step0_s_20260527_18,6ba595d5763d4392a45c163c45a4b856,0.074,,,
4312,2026-05-27,SH688126,-0.000736522996246338,EXP_LGBModel_Alpha158_csi300_custom_step0_s_20260527_18,6ba595d5763d4392a45c163c45a4b856,0.074,,,
4313,2026-05-27,SH601988,-0.03155879226487858,EXP_LGBModel_Alpha158_csi300_custom_step0_s_20260527_18,6ba595d5763d4392a45c163c45a4b856,0.074,,,
4314,2026-05-27,SH688111,-0.004538505364840632,EXP_LGBModel_Alpha158_csi300_custom_step0_s_20260527_18,6ba595d5763d4392a45c163c45a4b856,0.074,,,
4315,2026-05-27,SH688047,0.020075831832961882,EXP_LGBModel_Alpha158_csi300_custom_step0_s_20260527_18,6ba595d5763d4392a45c163c45a4b856,0.074,,,
4316,2026-05-27,SH688041,0.006293770979232666,EXP_LGBModel_Alpha158_csi300_custom_step0_s_20260527_18,6ba595d5763d4392a45c163c45a4b856,0.074,,,
4317,2026-05-27,SH688036,0.008248800352430778,EXP_LGBModel_Alpha158_csi300_custom_step0_s_20260527_18,6ba595d5763d4392a45c163c45a4b856,0.074,,,
4318,2026-05-27,SH688012,-0.0030167396398610817,EXP_LGBModel_Alpha158_csi300_custom_step0_s_20260527_18,6ba595d5763d4392a45c163c45a4b856,0.074,,,
4319,2026-05-27,SH688009,-0.02514030491844485,EXP_LGBModel_Alpha158_csi300_custom_step0_s_20260527_18,6ba595d5763d4392a45c163c45a4b856,0.074,,,
4320,2026-05-27,SH688008,0.016240091999256086,EXP_LGBModel_Alpha158_csi300_custom_step0_s_20260527_18,6ba595d5763d4392a45c163c45a4b856,0.074,,,
4321,2026-05-27,SH688082,-0.0030167396398610817,EXP_LGBModel_Alpha158_csi300_custom_step0_s_20260527_18,6ba595d5763d4392a45c163c45a4b856,0.074,,,
4322,2026-05-27,SH601985,-0.03295775190656972,EXP_LGBModel_Alpha158_csi300_custom_step0_s_20260527_18,6ba595d5763d4392a45c163c45a4b856,0.074,,,
4323,2026-05-27,SH601939,-0.002857563591639581,EXP_LGBModel_Alpha158_csi300_custom_step0_s_20260527_18,6ba595d5763d4392a45c163c45a4b856,0.074,,,
4324,2026-05-27,SH601919,-0.012171090827899104,EXP_LGBModel_Alpha158_csi300_custom_step0_s_20260527_18,6ba595d5763d4392a45c163c45a4b856,0.074,,,
4325,2026-05-27,SH601766,-0.03525178084165896,EXP_LGBModel_Alpha158_csi300_custom_step0_s_20260527_18,6ba595d5763d4392a45c163c45a4b856,0.074,,,
4326,2026-05-27,SH601728,-0.004542476422138873,EXP_LGBModel_Alpha158_csi300_custom_step0_s_20260527_18,6ba595d5763d4392a45c163c45a4b856,0.074,,,
4327,2026-05-27,SH601698,0.028074613081066124,EXP_LGBModel_Alpha158_csi300_custom_step0_s_20260527_18,6ba595d5763d4392a45c163c45a4b856,0.074,,,
4328,2026-05-27,SH601689,0.06054245564801522,EXP_LGBModel_Alpha158_csi300_custom_step0_s_20260527_18,6ba595d5763d4392a45c163c45a4b856,0.074,,,
4329,2026-05-27,SH601688,-0.006410358732285362,EXP_LGBModel_Alpha158_csi300_custom_step0_s_20260527_18,6ba595d5763d4392a45c163c45a4b856,0.074,,,
4330,2026-05-27,SH601669,-0.0021672612522359172,EXP_LGBModel_Alpha158_csi300_custom_step0_s_20260527_18,6ba595d5763d4392a45c163c45a4b856,0.074,,,
4331,2026-05-27,SH601788,-0.028819401306238702,EXP_LGBModel_Alpha158_csi300_custom_step0_s_20260527_18,6ba595d5763d4392a45c163c45a4b856,0.074,,,
4332,2026-05-27,SH601668,-0.035923043964360184,EXP_LGBModel_Alpha158_csi300_custom_step0_s_20260527_18,6ba595d5763d4392a45c163c45a4b856,0.074,,,
4333,2026-05-27,SH601633,-0.0023944766998060412,EXP_LGBModel_Alpha158_csi300_custom_step0_s_20260527_18,6ba595d5763d4392a45c163c45a4b856,0.074,,,
4334,2026-05-27,SH601628,-0.027254943067578363,EXP_LGBModel_Alpha158_csi300_custom_step0_s_20260527_18,6ba595d5763d4392a45c163c45a4b856,0.074,,,
4335,2026-05-27,SH601618,-0.017719034872053566,EXP_LGBModel_Alpha158_csi300_custom_step0_s_20260527_18,6ba595d5763d4392a45c163c45a4b856,0.074,,,
4336,2026-05-27,SH601607,-0.01150208457326062,EXP_LGBModel_Alpha158_csi300_custom_step0_s_20260527_18,6ba595d5763d4392a45c163c45a4b856,0.074,,,
4337,2026-05-27,SH601601,-0.016399148480547365,EXP_LGBModel_Alpha158_csi300_custom_step0_s_20260527_18,6ba595d5763d4392a45c163c45a4b856,0.074,,,
4338,2026-05-27,SH601600,-0.0024220998004481327,EXP_LGBModel_Alpha158_csi300_custom_step0_s_20260527_18,6ba595d5763d4392a45c163c45a4b856,0.074,,,
4339,2026-05-27,SH601658,-0.03231619939671985,EXP_LGBModel_Alpha158_csi300_custom_step0_s_20260527_18,6ba595d5763d4392a45c163c45a4b856,0.074,,,
4340,2026-05-27,SH600460,0.0018255885447991031,EXP_LGBModel_Alpha158_csi300_custom_step0_s_20260527_18,6ba595d5763d4392a45c163c45a4b856,0.074,,,
4341,2026-05-27,SH601800,-0.005573383966883368,EXP_LGBModel_Alpha158_csi300_custom_step0_s_20260527_18,6ba595d5763d4392a45c163c45a4b856,0.074,,,
4342,2026-05-27,SH601816,-0.03200159633158186,EXP_LGBModel_Alpha158_csi300_custom_step0_s_20260527_18,6ba595d5763d4392a45c163c45a4b856,0.074,,,
4343,2026-05-27,SH601916,-0.031850772988621906,EXP_LGBModel_Alpha158_csi300_custom_step0_s_20260527_18,6ba595d5763d4392a45c163c45a4b856,0.074,,,
4344,2026-05-27,SH601901,-0.01976565079300076,EXP_LGBModel_Alpha158_csi300_custom_step0_s_20260527_18,6ba595d5763d4392a45c163c45a4b856,0.074,,,
4345,2026-05-27,SH601899,-0.029206028843032028,EXP_LGBModel_Alpha158_csi300_custom_step0_s_20260527_18,6ba595d5763d4392a45c163c45a4b856,0.074,,,
4346,2026-05-27,SH601898,-0.0023944766998060412,EXP_LGBModel_Alpha158_csi300_custom_step0_s_20260527_18,6ba595d5763d4392a45c163c45a4b856,0.074,,,
4347,2026-05-27,SH601888,0.02007635310316433,EXP_LGBModel_Alpha158_csi300_custom_step0_s_20260527_18,6ba595d5763d4392a45c163c45a4b856,0.074,,,
4348,2026-05-27,SH601881,-0.004473049935724262,EXP_LGBModel_Alpha158_csi300_custom_step0_s_20260527_18,6ba595d5763d4392a45c163c45a4b856,0.074,,,
4349,2026-05-27,SH601808,5.32771264637154e-05,EXP_LGBModel_Alpha158_csi300_custom_step0_s_20260527_18,6ba595d5763d4392a45c163c45a4b856,0.074,,,
4350,2026-05-27,SH601878,-0.020459825374878185,EXP_LGBModel_Alpha158_csi300_custom_step0_s_20260527_18,6ba595d5763d4392a45c163c45a4b856,0.074,,,
4351,2026-05-27,SH601872,5.32771264637154e-05,EXP_LGBModel_Alpha158_csi300_custom_step0_s_20260527_18,6ba595d5763d4392a45c163c45a4b856,0.074,,,
4352,2026-05-27,SH601868,-0.0021628418842531017,EXP_LGBModel_Alpha158_csi300_custom_step0_s_20260527_18,6ba595d5763d4392a45c163c45a4b856,0.074,,,
4353,2026-05-27,SH601857,-0.007599393017100737,EXP_LGBModel_Alpha158_csi300_custom_step0_s_20260527_18,6ba595d5763d4392a45c163c45a4b856,0.074,,,
4354,2026-05-27,SH601838,0.003626919660659656,EXP_LGBModel_Alpha158_csi300_custom_step0_s_20260527_18,6ba595d5763d4392a45c163c45a4b856,0.074,,,
4355,2026-05-27,SH601825,-0.025565932381079227,EXP_LGBModel_Alpha158_csi300_custom_step0_s_20260527_18,6ba595d5763d4392a45c163c45a4b856,0.074,,,
4356,2026-05-27,SH601818,-0.016968053361184766,EXP_LGBModel_Alpha158_csi300_custom_step0_s_20260527_18,6ba595d5763d4392a45c163c45a4b856,0.074,,,
4357,2026-05-27,SH601877,-0.004306480359969286,EXP_LGBModel_Alpha158_csi300_custom_step0_s_20260527_18,6ba595d5763d4392a45c163c45a4b856,0.074,,,
4358,2026-05-27,SH688396,0.058901742999486875,EXP_LGBModel_Alpha158_csi300_custom_step0_s_20260527_18,6ba595d5763d4392a45c163c45a4b856,0.074,,,
4359,2026-05-27,SH600438,5.32771264637154e-05,EXP_LGBModel_Alpha158_csi300_custom_step0_s_20260527_18,6ba595d5763d4392a45c163c45a4b856,0.074,,,
4360,2026-05-27,SH600426,0.02007635310316433,EXP_LGBModel_Alpha158_csi300_custom_step0_s_20260527_18,6ba595d5763d4392a45c163c45a4b856,0.074,,,
4361,2026-05-27,SZ002352,0.002098834569624174,EXP_LGBModel_Alpha158_csi300_custom_step0_s_20260527_18,e1436e6147b946d488b4bcb91ec20dc1,0.033,,,
4362,2026-05-27,SZ002371,-5.639842772831693e-10,EXP_LGBModel_Alpha158_csi300_custom_step0_s_20260527_18,e1436e6147b946d488b4bcb91ec20dc1,0.033,,,
4363,2026-05-27,SZ002384,0.006660689917663373,EXP_LGBModel_Alpha158_csi300_custom_step0_s_20260527_18,e1436e6147b946d488b4bcb91ec20dc1,0.033,,,
4364,2026-05-27,SZ002415,-0.0030779325076720682,EXP_LGBModel_Alpha158_csi300_custom_step0_s_20260527_18,e1436e6147b946d488b4bcb91ec20dc1,0.033,,,
4365,2026-05-27,SZ002422,0.0014136905108476532,EXP_LGBModel_Alpha158_csi300_custom_step0_s_20260527_18,e1436e6147b946d488b4bcb91ec20dc1,0.033,,,
4366,2026-05-27,SZ002459,0.0009151197843120792,EXP_LGBModel_Alpha158_csi300_custom_step0_s_20260527_18,e1436e6147b946d488b4bcb91ec20dc1,0.033,,,
4367,2026-05-27,SZ002460,0.0009151197843120792,EXP_LGBModel_Alpha158_csi300_custom_step0_s_20260527_18,e1436e6147b946d488b4bcb91ec20dc1,0.033,,,
4368,2026-05-27,SZ002463,-0.0021007002761308183,EXP_LGBModel_Alpha158_csi300_custom_step0_s_20260527_18,e1436e6147b946d488b4bcb91ec20dc1,0.033,,,
4369,2026-05-27,SZ002466,0.0009151197843120792,EXP_LGBModel_Alpha158_csi300_custom_step0_s_20260527_18,e1436e6147b946d488b4bcb91ec20dc1,0.033,,,
4370,2026-05-27,SZ002475,-0.004210036672153293,EXP_LGBModel_Alpha158_csi300_custom_step0_s_20260527_18,e1436e6147b946d488b4bcb91ec20dc1,0.033,,,
4371,2026-05-27,SZ002493,-0.0021007002761308183,EXP_LGBModel_Alpha158_csi300_custom_step0_s_20260527_18,e1436e6147b946d488b4bcb91ec20dc1,0.033,,,
4372,2026-05-27,SZ002594,-0.0021093369600067523,EXP_LGBModel_Alpha158_csi300_custom_step0_s_20260527_18,e1436e6147b946d488b4bcb91ec20dc1,0.033,,,
4373,2026-05-27,SZ002600,-0.0021093369600067523,EXP_LGBModel_Alpha158_csi300_custom_step0_s_20260527_18,e1436e6147b946d488b4bcb91ec20dc1,0.033,,,
4374,2026-05-27,SZ002601,-5.639842772831693e-10,EXP_LGBModel_Alpha158_csi300_custom_step0_s_20260527_18,e1436e6147b946d488b4bcb91ec20dc1,0.033,,,
4375,2026-05-27,SZ002625,-0.003881317551705752,EXP_LGBModel_Alpha158_csi300_custom_step0_s_20260527_18,e1436e6147b946d488b4bcb91ec20dc1,0.033,,,
4376,2026-05-27,SZ002648,0.0009151197843120792,EXP_LGBModel_Alpha158_csi300_custom_step0_s_20260527_18,e1436e6147b946d488b4bcb91ec20dc1,0.033,,,
4377,2026-05-27,SZ002709,-0.0021093369600067523,EXP_LGBModel_Alpha158_csi300_custom_step0_s_20260527_18,e1436e6147b946d488b4bcb91ec20dc1,0.033,,,
4378,2026-05-27,SZ300274,-5.639842772831693e-10,EXP_LGBModel_Alpha158_csi300_custom_step0_s_20260527_18,e1436e6147b946d488b4bcb91ec20dc1,0.033,,,
4379,2026-05-27,SZ300251,-5.639842772831693e-10,EXP_LGBModel_Alpha158_csi300_custom_step0_s_20260527_18,e1436e6147b946d488b4bcb91ec20dc1,0.033,,,
4380,2026-05-27,SZ300124,-0.004210036672153293,EXP_LGBModel_Alpha158_csi300_custom_step0_s_20260527_18,e1436e6147b946d488b4bcb91ec20dc1,0.033,,,
4381,2026-05-27,SZ300122,-0.004210036672153293,EXP_LGBModel_Alpha158_csi300_custom_step0_s_20260527_18,e1436e6147b946d488b4bcb91ec20dc1,0.033,,,
4382,2026-05-27,SZ300059,-0.0030779325076720682,EXP_LGBModel_Alpha158_csi300_custom_step0_s_20260527_18,e1436e6147b946d488b4bcb91ec20dc1,0.033,,,
4383,2026-05-27,SZ300033,-0.004210036672153293,EXP_LGBModel_Alpha158_csi300_custom_step0_s_20260527_18,e1436e6147b946d488b4bcb91ec20dc1,0.033,,,
4384,2026-05-27,SZ002311,-1.865142522366938e-06,EXP_LGBModel_Alpha158_csi300_custom_step0_s_20260527_18,e1436e6147b946d488b4bcb91ec20dc1,0.033,,,
4385,2026-05-27,SZ300015,-5.639842772831693e-10,EXP_LGBModel_Alpha158_csi300_custom_step0_s_20260527_18,e1436e6147b946d488b4bcb91ec20dc1,0.033,,,
4386,2026-05-27,SZ003816,-0.004210036672153293,EXP_LGBModel_Alpha158_csi300_custom_step0_s_20260527_18,e1436e6147b946d488b4bcb91ec20dc1,0.033,,,
4387,2026-05-27,SZ002938,-0.0003090691005661139,EXP_LGBModel_Alpha158_csi300_custom_step0_s_20260527_18,e1436e6147b946d488b4bcb91ec20dc1,0.033,,,
4388,2026-05-27,SZ002920,0.00016453115590446608,EXP_LGBModel_Alpha158_csi300_custom_step0_s_20260527_18,e1436e6147b946d488b4bcb91ec20dc1,0.033,,,
4389,2026-05-27,SZ002916,-0.0003090691005661139,EXP_LGBModel_Alpha158_csi300_custom_step0_s_20260527_18,e1436e6147b946d488b4bcb91ec20dc1,0.033,,,
4390,2026-05-27,SZ002736,-0.0021093369600067523,EXP_LGBModel_Alpha158_csi300_custom_step0_s_20260527_18,e1436e6147b946d488b4bcb91ec20dc1,0.033,,,
4391,2026-05-27,SZ002714,0.0009151197843120792,EXP_LGBModel_Alpha158_csi300_custom_step0_s_20260527_18,e1436e6147b946d488b4bcb91ec20dc1,0.033,,,
4392,2026-05-27,SZ300014,-0.0030779325076720682,EXP_LGBModel_Alpha158_csi300_custom_step0_s_20260527_18,e1436e6147b946d488b4bcb91ec20dc1,0.033,,,
4393,2026-05-27,SZ300308,0.006351621381081537,EXP_LGBModel_Alpha158_csi300_custom_step0_s_20260527_18,e1436e6147b946d488b4bcb91ec20dc1,0.033,,,
4394,2026-05-27,SZ002304,-0.0021007002761308183,EXP_LGBModel_Alpha158_csi300_custom_step0_s_20260527_18,e1436e6147b946d488b4bcb91ec20dc1,0.033,,,
4395,2026-05-27,SZ002241,0.0019451484314793994,EXP_LGBModel_Alpha158_csi300_custom_step0_s_20260527_18,e1436e6147b946d488b4bcb91ec20dc1,0.033,,,
4396,2026-05-27,SZ000651,-0.0009685961116495933,EXP_LGBModel_Alpha158_csi300_custom_step0_s_20260527_18,e1436e6147b946d488b4bcb91ec20dc1,0.033,,,
4397,2026-05-27,SZ000661,-0.001194216611710396,EXP_LGBModel_Alpha158_csi300_custom_step0_s_20260527_18,e1436e6147b946d488b4bcb91ec20dc1,0.033,,,
4398,2026-05-27,SZ000708,0.0004368886050758695,EXP_LGBModel_Alpha158_csi300_custom_step0_s_20260527_18,e1436e6147b946d488b4bcb91ec20dc1,0.033,,,
4399,2026-05-27,SZ000725,-0.0021007002761308183,EXP_LGBModel_Alpha158_csi300_custom_step0_s_20260527_18,e1436e6147b946d488b4bcb91ec20dc1,0.033,,,
4400,2026-05-27,SZ000768,-5.639842772831693e-10,EXP_LGBModel_Alpha158_csi300_custom_step0_s_20260527_18,e1436e6147b946d488b4bcb91ec20dc1,0.033,,,
4401,2026-05-27,SZ000776,-0.004210036672153293,EXP_LGBModel_Alpha158_csi300_custom_step0_s_20260527_18,e1436e6147b946d488b4bcb91ec20dc1,0.033,,,
4402,2026-05-27,SZ000786,0.0009151197843120792,EXP_LGBModel_Alpha158_csi300_custom_step0_s_20260527_18,e1436e6147b946d488b4bcb91ec20dc1,0.033,,,
4403,2026-05-27,SZ000792,0.0009151197843120792,EXP_LGBModel_Alpha158_csi300_custom_step0_s_20260527_18,e1436e6147b946d488b4bcb91ec20dc1,0.033,,,
4404,2026-05-27,SZ000807,0.0009151197843120792,EXP_LGBModel_Alpha158_csi300_custom_step0_s_20260527_18,e1436e6147b946d488b4bcb91ec20dc1,0.033,,,
4405,2026-05-27,SZ000858,-5.639842772831693e-10,EXP_LGBModel_Alpha158_csi300_custom_step0_s_20260527_18,e1436e6147b946d488b4bcb91ec20dc1,0.033,,,
4406,2026-05-27,SZ000876,-0.0021007002761308183,EXP_LGBModel_Alpha158_csi300_custom_step0_s_20260527_18,e1436e6147b946d488b4bcb91ec20dc1,0.033,,,
4407,2026-05-27,SZ000895,-0.0021093369600067523,EXP_LGBModel_Alpha158_csi300_custom_step0_s_20260527_18,e1436e6147b946d488b4bcb91ec20dc1,0.033,,,
4408,2026-05-27,SZ000938,0.0009151197843120792,EXP_LGBModel_Alpha158_csi300_custom_step0_s_20260527_18,e1436e6147b946d488b4bcb91ec20dc1,0.033,,,
4409,2026-05-27,SZ000963,-5.639842772831693e-10,EXP_LGBModel_Alpha158_csi300_custom_step0_s_20260527_18,e1436e6147b946d488b4bcb91ec20dc1,0.033,,,
4410,2026-05-27,SZ000975,0.0009151197843120792,EXP_LGBModel_Alpha158_csi300_custom_step0_s_20260527_18,e1436e6147b946d488b4bcb91ec20dc1,0.033,,,
4411,2026-05-27,SZ000977,-0.0021007002761308183,EXP_LGBModel_Alpha158_csi300_custom_step0_s_20260527_18,e1436e6147b946d488b4bcb91ec20dc1,0.033,,,
4412,2026-05-27,SZ000983,-0.0030779325076720682,EXP_LGBModel_Alpha158_csi300_custom_step0_s_20260527_18,e1436e6147b946d488b4bcb91ec20dc1,0.033,,,
4413,2026-05-27,SZ002236,-0.0009685961116495933,EXP_LGBModel_Alpha158_csi300_custom_step0_s_20260527_18,e1436e6147b946d488b4bcb91ec20dc1,0.033,,,
4414,2026-05-27,SZ002230,-0.0021007002761308183,EXP_LGBModel_Alpha158_csi300_custom_step0_s_20260527_18,e1436e6147b946d488b4bcb91ec20dc1,0.033,,,
4415,2026-05-27,SZ002179,-0.0021093369600067523,EXP_LGBModel_Alpha158_csi300_custom_step0_s_20260527_18,e1436e6147b946d488b4bcb91ec20dc1,0.033,,,
4416,2026-05-27,SZ002142,-5.639842772831693e-10,EXP_LGBModel_Alpha158_csi300_custom_step0_s_20260527_18,e1436e6147b946d488b4bcb91ec20dc1,0.033,,,
4417,2026-05-27,SZ002074,-0.0021093369600067523,EXP_LGBModel_Alpha158_csi300_custom_step0_s_20260527_18,e1436e6147b946d488b4bcb91ec20dc1,0.033,,,
4418,2026-05-27,SZ002050,-0.004210036672153293,EXP_LGBModel_Alpha158_csi300_custom_step0_s_20260527_18,e1436e6147b946d488b4bcb91ec20dc1,0.033,,,
4419,2026-05-27,SZ002252,-0.004210036672153293,EXP_LGBModel_Alpha158_csi300_custom_step0_s_20260527_18,e1436e6147b946d488b4bcb91ec20dc1,0.033,,,
4420,2026-05-27,SZ002049,-0.0002065699231124574,EXP_LGBModel_Alpha158_csi300_custom_step0_s_20260527_18,e1436e6147b946d488b4bcb91ec20dc1,0.033,,,
4421,2026-05-27,SZ002027,-0.001194216611710396,EXP_LGBModel_Alpha158_csi300_custom_step0_s_20260527_18,e1436e6147b946d488b4bcb91ec20dc1,0.033,,,
4422,2026-05-27,SZ002001,0.0009151197843120792,EXP_LGBModel_Alpha158_csi300_custom_step0_s_20260527_18,e1436e6147b946d488b4bcb91ec20dc1,0.033,,,
4423,2026-05-27,SZ001979,-0.0021007002761308183,EXP_LGBModel_Alpha158_csi300_custom_step0_s_20260527_18,e1436e6147b946d488b4bcb91ec20dc1,0.033,,,
4424,2026-05-27,SZ001965,0.001013271670295589,EXP_LGBModel_Alpha158_csi300_custom_step0_s_20260527_18,e1436e6147b946d488b4bcb91ec20dc1,0.033,,,
4425,2026-05-27,SZ001391,-5.639842772831693e-10,EXP_LGBModel_Alpha158_csi300_custom_step0_s_20260527_18,e1436e6147b946d488b4bcb91ec20dc1,0.033,,,
4426,2026-05-27,SZ000999,-0.0030779325076720682,EXP_LGBModel_Alpha158_csi300_custom_step0_s_20260527_18,e1436e6147b946d488b4bcb91ec20dc1,0.033,,,
4427,2026-05-27,SZ002028,-0.004210036672153293,EXP_LGBModel_Alpha158_csi300_custom_step0_s_20260527_18,e1436e6147b946d488b4bcb91ec20dc1,0.033,,,
4428,2026-05-27,SZ300316,0.013595424984444396,EXP_LGBModel_Alpha158_csi300_custom_step0_s_20260527_18,e1436e6147b946d488b4bcb91ec20dc1,0.033,,,
4429,2026-05-27,SZ300347,0.013595424984444396,EXP_LGBModel_Alpha158_csi300_custom_step0_s_20260527_18,e1436e6147b946d488b4bcb91ec20dc1,0.033,,,
4430,2026-05-27,SZ300394,0.0019451484314793994,EXP_LGBModel_Alpha158_csi300_custom_step0_s_20260527_18,e1436e6147b946d488b4bcb91ec20dc1,0.033,,,
4431,2026-05-27,SH600029,-0.010632113171154749,EXP_LGBModel_Alpha158_csi300_custom_step0_s_20260527_18,6ba595d5763d4392a45c163c45a4b856,0.074,,,
4432,2026-05-27,SH600030,-0.01896841218415969,EXP_LGBModel_Alpha158_csi300_custom_step0_s_20260527_18,6ba595d5763d4392a45c163c45a4b856,0.074,,,
4433,2026-05-27,SH600031,-0.005224386919371656,EXP_LGBModel_Alpha158_csi300_custom_step0_s_20260527_18,6ba595d5763d4392a45c163c45a4b856,0.074,,,
4434,2026-05-27,SH600036,-0.035923043964360184,EXP_LGBModel_Alpha158_csi300_custom_step0_s_20260527_18,6ba595d5763d4392a45c163c45a4b856,0.074,,,
4435,2026-05-27,SH600039,0.024983718482898203,EXP_LGBModel_Alpha158_csi300_custom_step0_s_20260527_18,6ba595d5763d4392a45c163c45a4b856,0.074,,,
4436,2026-05-27,SH600048,0.0030852212747925897,EXP_LGBModel_Alpha158_csi300_custom_step0_s_20260527_18,6ba595d5763d4392a45c163c45a4b856,0.074,,,
4437,2026-05-27,SH600050,-0.01642653166348005,EXP_LGBModel_Alpha158_csi300_custom_step0_s_20260527_18,6ba595d5763d4392a45c163c45a4b856,0.074,,,
4438,2026-05-27,SH600061,-0.01753991573057874,EXP_LGBModel_Alpha158_csi300_custom_step0_s_20260527_18,6ba595d5763d4392a45c163c45a4b856,0.074,,,
4439,2026-05-27,SH600066,0.003660515798236422,EXP_LGBModel_Alpha158_csi300_custom_step0_s_20260527_18,6ba595d5763d4392a45c163c45a4b856,0.074,,,
4440,2026-05-27,SH600085,-0.016653722733016747,EXP_LGBModel_Alpha158_csi300_custom_step0_s_20260527_18,6ba595d5763d4392a45c163c45a4b856,0.074,,,
4441,2026-05-27,SH600089,-0.0047352274174358305,EXP_LGBModel_Alpha158_csi300_custom_step0_s_20260527_18,6ba595d5763d4392a45c163c45a4b856,0.074,,,
4442,2026-05-27,SH600104,-0.021814645370974828,EXP_LGBModel_Alpha158_csi300_custom_step0_s_20260527_18,6ba595d5763d4392a45c163c45a4b856,0.074,,,
4443,2026-05-27,SH600111,0.002572384502107878,EXP_LGBModel_Alpha158_csi300_custom_step0_s_20260527_18,6ba595d5763d4392a45c163c45a4b856,0.074,,,
4444,2026-05-27,SH600115,-0.02390515105010325,EXP_LGBModel_Alpha158_csi300_custom_step0_s_20260527_18,6ba595d5763d4392a45c163c45a4b856,0.074,,,
4445,2026-05-27,SH600150,0.07345805906845292,EXP_LGBModel_Alpha158_csi300_custom_step0_s_20260527_18,6ba595d5763d4392a45c163c45a4b856,0.074,,,
4446,2026-05-27,SH600160,-0.0024220998004481327,EXP_LGBModel_Alpha158_csi300_custom_step0_s_20260527_18,6ba595d5763d4392a45c163c45a4b856,0.074,,,
4447,2026-05-27,SH600161,-0.011121484434711995,EXP_LGBModel_Alpha158_csi300_custom_step0_s_20260527_18,6ba595d5763d4392a45c163c45a4b856,0.074,,,
4448,2026-05-27,SH600415,0.011899913121386961,EXP_LGBModel_Alpha158_csi300_custom_step0_s_20260527_18,6ba595d5763d4392a45c163c45a4b856,0.074,,,
4449,2026-05-27,SH600406,-0.015210347706584451,EXP_LGBModel_Alpha158_csi300_custom_step0_s_20260527_18,6ba595d5763d4392a45c163c45a4b856,0.074,,,
4450,2026-05-27,SH600377,0.011736839963045531,EXP_LGBModel_Alpha158_csi300_custom_step0_s_20260527_18,6ba595d5763d4392a45c163c45a4b856,0.074,,,
4451,2026-05-27,SH600372,5.32771264637154e-05,EXP_LGBModel_Alpha158_csi300_custom_step0_s_20260527_18,6ba595d5763d4392a45c163c45a4b856,0.074,,,
4452,2026-05-27,SH600362,-0.028204047134085915,EXP_LGBModel_Alpha158_csi300_custom_step0_s_20260527_18,6ba595d5763d4392a45c163c45a4b856,0.074,,,
4453,2026-05-27,SH600346,0.02007635310316433,EXP_LGBModel_Alpha158_csi300_custom_step0_s_20260527_18,6ba595d5763d4392a45c163c45a4b856,0.074,,,
4454,2026-05-27,SH600028,5.32771264637154e-05,EXP_LGBModel_Alpha158_csi300_custom_step0_s_20260527_18,6ba595d5763d4392a45c163c45a4b856,0.074,,,
4455,2026-05-27,SH600309,-0.00409101231965572,EXP_LGBModel_Alpha158_csi300_custom_step0_s_20260527_18,6ba595d5763d4392a45c163c45a4b856,0.074,,,
4456,2026-05-27,SH600233,-0.007391647140532722,EXP_LGBModel_Alpha158_csi300_custom_step0_s_20260527_18,6ba595d5763d4392a45c163c45a4b856,0.074,,,
4457,2026-05-27,SH600219,-0.008681260745473447,EXP_LGBModel_Alpha158_csi300_custom_step0_s_20260527_18,6ba595d5763d4392a45c163c45a4b856,0.074,,,
4458,2026-05-27,SH600196,-0.01853255668831689,EXP_LGBModel_Alpha158_csi300_custom_step0_s_20260527_18,6ba595d5763d4392a45c163c45a4b856,0.074,,,
4459,2026-05-27,SH600188,0.016370104752887638,EXP_LGBModel_Alpha158_csi300_custom_step0_s_20260527_18,6ba595d5763d4392a45c163c45a4b856,0.074,,,
4460,2026-05-27,SH600183,0.056605584251917,EXP_LGBModel_Alpha158_csi300_custom_step0_s_20260527_18,6ba595d5763d4392a45c163c45a4b856,0.074,,,
4461,2026-05-27,SH600176,0.047316424195017234,EXP_LGBModel_Alpha158_csi300_custom_step0_s_20260527_18,6ba595d5763d4392a45c163c45a4b856,0.074,,,
4462,2026-05-27,SH600276,-0.024704845989577,EXP_LGBModel_Alpha158_csi300_custom_step0_s_20260527_18,6ba595d5763d4392a45c163c45a4b856,0.074,,,
4463,2026-05-27,SH600027,0.009709347058460386,EXP_LGBModel_Alpha158_csi300_custom_step0_s_20260527_18,6ba595d5763d4392a45c163c45a4b856,0.074,,,
4464,2026-05-27,SH600026,-0.004781045500992952,EXP_LGBModel_Alpha158_csi300_custom_step0_s_20260527_18,6ba595d5763d4392a45c163c45a4b856,0.074,,,
4465,2026-05-27,SH600025,-0.021763716968774348,EXP_LGBModel_Alpha158_csi300_custom_step0_s_20260527_18,6ba595d5763d4392a45c163c45a4b856,0.074,,,
4466,2026-05-27,SZ300782,0.013595424984444396,EXP_LGBModel_Alpha158_csi300_custom_step0_s_20260527_18,e1436e6147b946d488b4bcb91ec20dc1,0.033,,,
4467,2026-05-27,SZ300760,-0.004210036672153293,EXP_LGBModel_Alpha158_csi300_custom_step0_s_20260527_18,e1436e6147b946d488b4bcb91ec20dc1,0.033,,,
4468,2026-05-27,SZ300759,0.0009151197843120792,EXP_LGBModel_Alpha158_csi300_custom_step0_s_20260527_18,e1436e6147b946d488b4bcb91ec20dc1,0.033,,,
4469,2026-05-27,SZ300750,-0.0021093369600067523,EXP_LGBModel_Alpha158_csi300_custom_step0_s_20260527_18,e1436e6147b946d488b4bcb91ec20dc1,0.033,,,
4470,2026-05-27,SZ300661,-5.639842772831693e-10,EXP_LGBModel_Alpha158_csi300_custom_step0_s_20260527_18,e1436e6147b946d488b4bcb91ec20dc1,0.033,,,
4471,2026-05-27,SZ300628,0.0025462250010983446,EXP_LGBModel_Alpha158_csi300_custom_step0_s_20260527_18,e1436e6147b946d488b4bcb91ec20dc1,0.033,,,
4472,2026-05-27,SZ300803,-0.0030779325076720682,EXP_LGBModel_Alpha158_csi300_custom_step0_s_20260527_18,e1436e6147b946d488b4bcb91ec20dc1,0.033,,,
4473,2026-05-27,SZ300502,-0.0021007002761308183,EXP_LGBModel_Alpha158_csi300_custom_step0_s_20260527_18,e1436e6147b946d488b4bcb91ec20dc1,0.033,,,
4474,2026-05-27,SZ300476,-0.004210036672153293,EXP_LGBModel_Alpha158_csi300_custom_step0_s_20260527_18,e1436e6147b946d488b4bcb91ec20dc1,0.033,,,
4475,2026-05-27,SZ300442,-5.639842772831693e-10,EXP_LGBModel_Alpha158_csi300_custom_step0_s_20260527_18,e1436e6147b946d488b4bcb91ec20dc1,0.033,,,
4476,2026-05-27,SZ300433,-5.639842772831693e-10,EXP_LGBModel_Alpha158_csi300_custom_step0_s_20260527_18,e1436e6147b946d488b4bcb91ec20dc1,0.033,,,
4477,2026-05-27,SZ300418,-5.639842772831693e-10,EXP_LGBModel_Alpha158_csi300_custom_step0_s_20260527_18,e1436e6147b946d488b4bcb91ec20dc1,0.033,,,
4478,2026-05-27,SZ300413,-0.001194216611710396,EXP_LGBModel_Alpha158_csi300_custom_step0_s_20260527_18,e1436e6147b946d488b4bcb91ec20dc1,0.033,,,
4479,2026-05-27,SZ300408,-5.639842772831693e-10,EXP_LGBModel_Alpha158_csi300_custom_step0_s_20260527_18,e1436e6147b946d488b4bcb91ec20dc1,0.033,,,
4480,2026-05-27,SZ300498,0.0009151197843120792,EXP_LGBModel_Alpha158_csi300_custom_step0_s_20260527_18,e1436e6147b946d488b4bcb91ec20dc1,0.033,,,
4481,2026-05-27,SH600436,-0.01181940010556008,EXP_LGBModel_Alpha158_csi300_custom_step0_s_20260527_18,6ba595d5763d4392a45c163c45a4b856,0.074,,,
4482,2026-05-27,SZ300832,-0.004210036672153293,EXP_LGBModel_Alpha158_csi300_custom_step0_s_20260527_18,e1436e6147b946d488b4bcb91ec20dc1,0.033,,,
4483,2026-05-27,SZ300896,-0.004210036672153293,EXP_LGBModel_Alpha158_csi300_custom_step0_s_20260527_18,e1436e6147b946d488b4bcb91ec20dc1,0.033,,,
4484,2026-05-27,SH600023,0.002731614905987858,EXP_LGBModel_Alpha158_csi300_custom_step0_s_20260527_18,6ba595d5763d4392a45c163c45a4b856,0.074,,,
4485,2026-05-27,SH600019,-0.016653722733016747,EXP_LGBModel_Alpha158_csi300_custom_step0_s_20260527_18,6ba595d5763d4392a45c163c45a4b856,0.074,,,
4486,2026-05-27,SH600018,-0.0029157076363434268,EXP_LGBModel_Alpha158_csi300_custom_step0_s_20260527_18,6ba595d5763d4392a45c163c45a4b856,0.074,,,
4487,2026-05-27,SH600016,-0.03397195818890652,EXP_LGBModel_Alpha158_csi300_custom_step0_s_20260527_18,6ba595d5763d4392a45c163c45a4b856,0.074,,,
4488,2026-05-27,SH600015,-0.035923043964360184,EXP_LGBModel_Alpha158_csi300_custom_step0_s_20260527_18,6ba595d5763d4392a45c163c45a4b856,0.074,,,
4489,2026-05-27,SH600011,0.00740213975908801,EXP_LGBModel_Alpha158_csi300_custom_step0_s_20260527_18,6ba595d5763d4392a45c163c45a4b856,0.074,,,
4490,2026-05-27,SZ300866,-0.0021093369600067523,EXP_LGBModel_Alpha158_csi300_custom_step0_s_20260527_18,e1436e6147b946d488b4bcb91ec20dc1,0.033,,,
4491,2026-05-27,SH600010,5.32771264637154e-05,EXP_LGBModel_Alpha158_csi300_custom_step0_s_20260527_18,6ba595d5763d4392a45c163c45a4b856,0.074,,,
4492,2026-05-27,SH600000,-0.020464934893761264,EXP_LGBModel_Alpha158_csi300_custom_step0_s_20260527_18,6ba595d5763d4392a45c163c45a4b856,0.074,,,
4493,2026-05-27,SZ302132,-5.639842772831693e-10,EXP_LGBModel_Alpha158_csi300_custom_step0_s_20260527_18,e1436e6147b946d488b4bcb91ec20dc1,0.033,,,
4494,2026-05-27,SZ301269,-5.639842772831693e-10,EXP_LGBModel_Alpha158_csi300_custom_step0_s_20260527_18,e1436e6147b946d488b4bcb91ec20dc1,0.033,,,
4495,2026-05-27,SZ301236,-0.0021007002761308183,EXP_LGBModel_Alpha158_csi300_custom_step0_s_20260527_18,e1436e6147b946d488b4bcb91ec20dc1,0.033,,,
4496,2026-05-27,SZ300999,-0.0021007002761308183,EXP_LGBModel_Alpha158_csi300_custom_step0_s_20260527_18,e1436e6147b946d488b4bcb91ec20dc1,0.033,,,
4497,2026-05-27,SZ300979,0.0009151197843120792,EXP_LGBModel_Alpha158_csi300_custom_step0_s_20260527_18,e1436e6147b946d488b4bcb91ec20dc1,0.033,,,
4498,2026-05-27,SH600009,-0.018820982954177813,EXP_LGBModel_Alpha158_csi300_custom_step0_s_20260527_18,6ba595d5763d4392a45c163c45a4b856,0.074,,,
4499,2026-05-27,SZ302132,0.09377830475568771,EXP_XGBModel_Alpha158_csi300_custom_step0_s_20260527_16,e29fd7dfeadf40bea9589a99fe8eaf79,0.078,,,
