,datetime,instrument,score,exp_name,rid,weight,real_label,error,abs_error
0,2026-05-08,SH600000,-0.003019437817530603,EXP_CatBoostModel_Alpha158_csi300_custom_step0_s_20260508_16,71410224b34c48fa85f4a53320e0032b,0.091,,,
1,2026-05-08,SZ300803,-0.08421526104211807,EXP_LinearModel_Alpha158_csi300_custom_step0_s_20260508_14,fb704b7328954c45bbf393546dcceaee,0.08,,,
2,2026-05-08,SZ300832,-0.04882144182920456,EXP_LinearModel_Alpha158_csi300_custom_step0_s_20260508_14,fb704b7328954c45bbf393546dcceaee,0.08,,,
3,2026-05-08,SZ300866,-0.06564527750015259,EXP_LinearModel_Alpha158_csi300_custom_step0_s_20260508_14,fb704b7328954c45bbf393546dcceaee,0.08,,,
4,2026-05-08,SZ300896,0.015278850682079792,EXP_LinearModel_Alpha158_csi300_custom_step0_s_20260508_14,fb704b7328954c45bbf393546dcceaee,0.08,,,
5,2026-05-08,SZ300979,0.06136958673596382,EXP_LinearModel_Alpha158_csi300_custom_step0_s_20260508_14,fb704b7328954c45bbf393546dcceaee,0.08,,,
6,2026-05-08,SZ300999,-0.017183974385261536,EXP_LinearModel_Alpha158_csi300_custom_step0_s_20260508_14,fb704b7328954c45bbf393546dcceaee,0.08,,,
7,2026-05-08,SZ301236,-0.06469766050577164,EXP_LinearModel_Alpha158_csi300_custom_step0_s_20260508_14,fb704b7328954c45bbf393546dcceaee,0.08,,,
8,2026-05-08,SZ301269,-0.06407605111598969,EXP_LinearModel_Alpha158_csi300_custom_step0_s_20260508_14,fb704b7328954c45bbf393546dcceaee,0.08,,,
9,2026-05-08,SZ302132,0.014081012457609177,EXP_LinearModel_Alpha158_csi300_custom_step0_s_20260508_14,fb704b7328954c45bbf393546dcceaee,0.08,,,
10,2026-05-08,SH600000,-0.05947395786643028,EXP_LinearModel_Alpha158_csi300_custom_step0_s_20260508_14,18fa6c379d4245b1a4bd4fcd7bf74192,0.069,,,
11,2026-05-08,SH600009,-0.0017108907923102379,EXP_LinearModel_Alpha158_csi300_custom_step0_s_20260508_14,18fa6c379d4245b1a4bd4fcd7bf74192,0.069,,,
12,2026-05-08,SH600010,-0.02812204882502556,EXP_LinearModel_Alpha158_csi300_custom_step0_s_20260508_14,18fa6c379d4245b1a4bd4fcd7bf74192,0.069,,,
13,2026-05-08,SH600011,0.03212772682309151,EXP_LinearModel_Alpha158_csi300_custom_step0_s_20260508_14,18fa6c379d4245b1a4bd4fcd7bf74192,0.069,,,
14,2026-05-08,SH600015,0.02066360041499138,EXP_LinearModel_Alpha158_csi300_custom_step0_s_20260508_14,18fa6c379d4245b1a4bd4fcd7bf74192,0.069,,,
15,2026-05-08,SH600016,0.011632486246526241,EXP_LinearModel_Alpha158_csi300_custom_step0_s_20260508_14,18fa6c379d4245b1a4bd4fcd7bf74192,0.069,,,
16,2026-05-08,SH600018,0.010554163716733456,EXP_LinearModel_Alpha158_csi300_custom_step0_s_20260508_14,18fa6c379d4245b1a4bd4fcd7bf74192,0.069,,,
17,2026-05-08,SH600019,0.057964738458395004,EXP_LinearModel_Alpha158_csi300_custom_step0_s_20260508_14,18fa6c379d4245b1a4bd4fcd7bf74192,0.069,,,
18,2026-05-08,SH600066,0.01931745372712612,EXP_LinearModel_Alpha158_csi300_custom_step0_s_20260508_14,18fa6c379d4245b1a4bd4fcd7bf74192,0.069,,,
19,2026-05-08,SH600061,0.049665577709674835,EXP_LinearModel_Alpha158_csi300_custom_step0_s_20260508_14,18fa6c379d4245b1a4bd4fcd7bf74192,0.069,,,
20,2026-05-08,SH600050,0.020702913403511047,EXP_LinearModel_Alpha158_csi300_custom_step0_s_20260508_14,18fa6c379d4245b1a4bd4fcd7bf74192,0.069,,,
21,2026-05-08,SH600048,-0.012858559377491474,EXP_LinearModel_Alpha158_csi300_custom_step0_s_20260508_14,18fa6c379d4245b1a4bd4fcd7bf74192,0.069,,,
22,2026-05-08,SH600039,0.028997184708714485,EXP_LinearModel_Alpha158_csi300_custom_step0_s_20260508_14,18fa6c379d4245b1a4bd4fcd7bf74192,0.069,,,
23,2026-05-08,SH600036,-0.08150039613246918,EXP_LinearModel_Alpha158_csi300_custom_step0_s_20260508_14,18fa6c379d4245b1a4bd4fcd7bf74192,0.069,,,
24,2026-05-08,SZ300782,-0.06088054180145264,EXP_LinearModel_Alpha158_csi300_custom_step0_s_20260508_14,fb704b7328954c45bbf393546dcceaee,0.08,,,
25,2026-05-08,SH600031,-0.04794630408287048,EXP_LinearModel_Alpha158_csi300_custom_step0_s_20260508_14,18fa6c379d4245b1a4bd4fcd7bf74192,0.069,,,
26,2026-05-08,SH600029,-0.06276605278253555,EXP_LinearModel_Alpha158_csi300_custom_step0_s_20260508_14,18fa6c379d4245b1a4bd4fcd7bf74192,0.069,,,
27,2026-05-08,SH600028,-0.0743665024638176,EXP_LinearModel_Alpha158_csi300_custom_step0_s_20260508_14,18fa6c379d4245b1a4bd4fcd7bf74192,0.069,,,
28,2026-05-08,SH600027,0.05426114425063133,EXP_LinearModel_Alpha158_csi300_custom_step0_s_20260508_14,18fa6c379d4245b1a4bd4fcd7bf74192,0.069,,,
29,2026-05-08,SH600026,-0.06716327369213104,EXP_LinearModel_Alpha158_csi300_custom_step0_s_20260508_14,18fa6c379d4245b1a4bd4fcd7bf74192,0.069,,,
30,2026-05-08,SH600025,0.05824815481901169,EXP_LinearModel_Alpha158_csi300_custom_step0_s_20260508_14,18fa6c379d4245b1a4bd4fcd7bf74192,0.069,,,
31,2026-05-08,SH600023,0.014676125720143318,EXP_LinearModel_Alpha158_csi300_custom_step0_s_20260508_14,18fa6c379d4245b1a4bd4fcd7bf74192,0.069,,,
32,2026-05-08,SH600030,0.056707896292209625,EXP_LinearModel_Alpha158_csi300_custom_step0_s_20260508_14,18fa6c379d4245b1a4bd4fcd7bf74192,0.069,,,
33,2026-05-08,SH600085,0.0732448473572731,EXP_LinearModel_Alpha158_csi300_custom_step0_s_20260508_14,18fa6c379d4245b1a4bd4fcd7bf74192,0.069,,,
34,2026-05-08,SZ300760,-0.03533193841576576,EXP_LinearModel_Alpha158_csi300_custom_step0_s_20260508_14,fb704b7328954c45bbf393546dcceaee,0.08,,,
35,2026-05-08,SZ300750,-0.035714615136384964,EXP_LinearModel_Alpha158_csi300_custom_step0_s_20260508_14,fb704b7328954c45bbf393546dcceaee,0.08,,,
36,2026-05-08,SZ002625,-0.0059193396009504795,EXP_LinearModel_Alpha158_csi300_custom_step0_s_20260508_14,fb704b7328954c45bbf393546dcceaee,0.08,,,
37,2026-05-08,SZ002648,0.02703392505645752,EXP_LinearModel_Alpha158_csi300_custom_step0_s_20260508_14,fb704b7328954c45bbf393546dcceaee,0.08,,,
38,2026-05-08,SZ002709,-0.07461587339639664,EXP_LinearModel_Alpha158_csi300_custom_step0_s_20260508_14,fb704b7328954c45bbf393546dcceaee,0.08,,,
39,2026-05-08,SZ002714,0.022997910156846046,EXP_LinearModel_Alpha158_csi300_custom_step0_s_20260508_14,fb704b7328954c45bbf393546dcceaee,0.08,,,
40,2026-05-08,SZ002736,0.011474848724901676,EXP_LinearModel_Alpha158_csi300_custom_step0_s_20260508_14,fb704b7328954c45bbf393546dcceaee,0.08,,,
41,2026-05-08,SZ002916,-0.05122746527194977,EXP_LinearModel_Alpha158_csi300_custom_step0_s_20260508_14,fb704b7328954c45bbf393546dcceaee,0.08,,,
42,2026-05-08,SZ002920,-0.027020229026675224,EXP_LinearModel_Alpha158_csi300_custom_step0_s_20260508_14,fb704b7328954c45bbf393546dcceaee,0.08,,,
43,2026-05-08,SZ002938,0.007445293478667736,EXP_LinearModel_Alpha158_csi300_custom_step0_s_20260508_14,fb704b7328954c45bbf393546dcceaee,0.08,,,
44,2026-05-08,SZ003816,0.07262802869081497,EXP_LinearModel_Alpha158_csi300_custom_step0_s_20260508_14,fb704b7328954c45bbf393546dcceaee,0.08,,,
45,2026-05-08,SZ300014,0.011786387301981449,EXP_LinearModel_Alpha158_csi300_custom_step0_s_20260508_14,fb704b7328954c45bbf393546dcceaee,0.08,,,
46,2026-05-08,SZ300015,0.0012384941801428795,EXP_LinearModel_Alpha158_csi300_custom_step0_s_20260508_14,fb704b7328954c45bbf393546dcceaee,0.08,,,
47,2026-05-08,SZ300033,-0.010028990916907787,EXP_LinearModel_Alpha158_csi300_custom_step0_s_20260508_14,fb704b7328954c45bbf393546dcceaee,0.08,,,
48,2026-05-08,SZ300059,-0.0341271236538887,EXP_LinearModel_Alpha158_csi300_custom_step0_s_20260508_14,fb704b7328954c45bbf393546dcceaee,0.08,,,
49,2026-05-08,SZ300122,0.003768591908738017,EXP_LinearModel_Alpha158_csi300_custom_step0_s_20260508_14,fb704b7328954c45bbf393546dcceaee,0.08,,,
50,2026-05-08,SZ300124,-0.12730802595615387,EXP_LinearModel_Alpha158_csi300_custom_step0_s_20260508_14,fb704b7328954c45bbf393546dcceaee,0.08,,,
51,2026-05-08,SZ300251,-0.10390080511569977,EXP_LinearModel_Alpha158_csi300_custom_step0_s_20260508_14,fb704b7328954c45bbf393546dcceaee,0.08,,,
52,2026-05-08,SZ300274,-0.04437084123492241,EXP_LinearModel_Alpha158_csi300_custom_step0_s_20260508_14,fb704b7328954c45bbf393546dcceaee,0.08,,,
53,2026-05-08,SZ300661,-0.012721635401248932,EXP_LinearModel_Alpha158_csi300_custom_step0_s_20260508_14,fb704b7328954c45bbf393546dcceaee,0.08,,,
54,2026-05-08,SZ300628,0.038469478487968445,EXP_LinearModel_Alpha158_csi300_custom_step0_s_20260508_14,fb704b7328954c45bbf393546dcceaee,0.08,,,
55,2026-05-08,SZ300502,-0.11510420590639114,EXP_LinearModel_Alpha158_csi300_custom_step0_s_20260508_14,fb704b7328954c45bbf393546dcceaee,0.08,,,
56,2026-05-08,SZ300498,0.013058855198323727,EXP_LinearModel_Alpha158_csi300_custom_step0_s_20260508_14,fb704b7328954c45bbf393546dcceaee,0.08,,,
57,2026-05-08,SZ300476,-0.06042823940515518,EXP_LinearModel_Alpha158_csi300_custom_step0_s_20260508_14,fb704b7328954c45bbf393546dcceaee,0.08,,,
58,2026-05-08,SZ300442,-0.08581707626581192,EXP_LinearModel_Alpha158_csi300_custom_step0_s_20260508_14,fb704b7328954c45bbf393546dcceaee,0.08,,,
59,2026-05-08,SZ300759,0.03300568833947182,EXP_LinearModel_Alpha158_csi300_custom_step0_s_20260508_14,fb704b7328954c45bbf393546dcceaee,0.08,,,
60,2026-05-08,SZ300433,-0.04930517449975014,EXP_LinearModel_Alpha158_csi300_custom_step0_s_20260508_14,fb704b7328954c45bbf393546dcceaee,0.08,,,
61,2026-05-08,SZ300413,-0.03361710533499718,EXP_LinearModel_Alpha158_csi300_custom_step0_s_20260508_14,fb704b7328954c45bbf393546dcceaee,0.08,,,
62,2026-05-08,SZ300408,-0.005588799249380827,EXP_LinearModel_Alpha158_csi300_custom_step0_s_20260508_14,fb704b7328954c45bbf393546dcceaee,0.08,,,
63,2026-05-08,SZ300394,-0.0991208553314209,EXP_LinearModel_Alpha158_csi300_custom_step0_s_20260508_14,fb704b7328954c45bbf393546dcceaee,0.08,,,
64,2026-05-08,SZ300347,-0.025196291506290436,EXP_LinearModel_Alpha158_csi300_custom_step0_s_20260508_14,fb704b7328954c45bbf393546dcceaee,0.08,,,
65,2026-05-08,SZ300316,-0.08527418226003647,EXP_LinearModel_Alpha158_csi300_custom_step0_s_20260508_14,fb704b7328954c45bbf393546dcceaee,0.08,,,
66,2026-05-08,SZ300308,-0.10639876872301102,EXP_LinearModel_Alpha158_csi300_custom_step0_s_20260508_14,fb704b7328954c45bbf393546dcceaee,0.08,,,
67,2026-05-08,SZ300418,-0.08465470373630524,EXP_LinearModel_Alpha158_csi300_custom_step0_s_20260508_14,fb704b7328954c45bbf393546dcceaee,0.08,,,
68,2026-05-08,SZ002601,-0.003840527730062604,EXP_LinearModel_Alpha158_csi300_custom_step0_s_20260508_14,fb704b7328954c45bbf393546dcceaee,0.08,,,
69,2026-05-08,SH600089,-0.04304477572441101,EXP_LinearModel_Alpha158_csi300_custom_step0_s_20260508_14,18fa6c379d4245b1a4bd4fcd7bf74192,0.069,,,
70,2026-05-08,SH600111,-0.11812742054462433,EXP_LinearModel_Alpha158_csi300_custom_step0_s_20260508_14,18fa6c379d4245b1a4bd4fcd7bf74192,0.069,,,
71,2026-05-08,SH600690,-0.03015388362109661,EXP_LinearModel_Alpha158_csi300_custom_step0_s_20260508_14,18fa6c379d4245b1a4bd4fcd7bf74192,0.069,,,
72,2026-05-08,SH600741,0.07775582373142242,EXP_LinearModel_Alpha158_csi300_custom_step0_s_20260508_14,18fa6c379d4245b1a4bd4fcd7bf74192,0.069,,,
73,2026-05-08,SH600760,-0.04145176336169243,EXP_LinearModel_Alpha158_csi300_custom_step0_s_20260508_14,18fa6c379d4245b1a4bd4fcd7bf74192,0.069,,,
74,2026-05-08,SH600795,0.012955926358699799,EXP_LinearModel_Alpha158_csi300_custom_step0_s_20260508_14,18fa6c379d4245b1a4bd4fcd7bf74192,0.069,,,
75,2026-05-08,SH600803,0.007938865572214127,EXP_LinearModel_Alpha158_csi300_custom_step0_s_20260508_14,18fa6c379d4245b1a4bd4fcd7bf74192,0.069,,,
76,2026-05-08,SH600809,0.00477195717394352,EXP_LinearModel_Alpha158_csi300_custom_step0_s_20260508_14,18fa6c379d4245b1a4bd4fcd7bf74192,0.069,,,
77,2026-05-08,SH600845,-0.09891773760318756,EXP_LinearModel_Alpha158_csi300_custom_step0_s_20260508_14,18fa6c379d4245b1a4bd4fcd7bf74192,0.069,,,
78,2026-05-08,SH600875,0.028399713337421417,EXP_LinearModel_Alpha158_csi300_custom_step0_s_20260508_14,18fa6c379d4245b1a4bd4fcd7bf74192,0.069,,,
79,2026-05-08,SH600886,0.029006239026784897,EXP_LinearModel_Alpha158_csi300_custom_step0_s_20260508_14,18fa6c379d4245b1a4bd4fcd7bf74192,0.069,,,
80,2026-05-08,SH600887,0.05424053966999054,EXP_LinearModel_Alpha158_csi300_custom_step0_s_20260508_14,18fa6c379d4245b1a4bd4fcd7bf74192,0.069,,,
81,2026-05-08,SH600893,-0.035730134695768356,EXP_LinearModel_Alpha158_csi300_custom_step0_s_20260508_14,18fa6c379d4245b1a4bd4fcd7bf74192,0.069,,,
82,2026-05-08,SH600900,0.04575960710644722,EXP_LinearModel_Alpha158_csi300_custom_step0_s_20260508_14,18fa6c379d4245b1a4bd4fcd7bf74192,0.069,,,
83,2026-05-08,SH600905,0.030344972386956215,EXP_LinearModel_Alpha158_csi300_custom_step0_s_20260508_14,18fa6c379d4245b1a4bd4fcd7bf74192,0.069,,,
84,2026-05-08,SH600918,0.016581621021032333,EXP_LinearModel_Alpha158_csi300_custom_step0_s_20260508_14,18fa6c379d4245b1a4bd4fcd7bf74192,0.069,,,
85,2026-05-08,SH600919,0.06323624402284622,EXP_LinearModel_Alpha158_csi300_custom_step0_s_20260508_14,18fa6c379d4245b1a4bd4fcd7bf74192,0.069,,,
86,2026-05-08,SH600926,-0.0938621535897255,EXP_LinearModel_Alpha158_csi300_custom_step0_s_20260508_14,18fa6c379d4245b1a4bd4fcd7bf74192,0.069,,,
87,2026-05-08,SH600930,0.028522223234176636,EXP_LinearModel_Alpha158_csi300_custom_step0_s_20260508_14,18fa6c379d4245b1a4bd4fcd7bf74192,0.069,,,
88,2026-05-08,SH601077,-0.10575921088457108,EXP_LinearModel_Alpha158_csi300_custom_step0_s_20260508_14,18fa6c379d4245b1a4bd4fcd7bf74192,0.069,,,
89,2026-05-08,SH601066,-0.0018801812548190355,EXP_LinearModel_Alpha158_csi300_custom_step0_s_20260508_14,18fa6c379d4245b1a4bd4fcd7bf74192,0.069,,,
90,2026-05-08,SH601059,0.038833942264318466,EXP_LinearModel_Alpha158_csi300_custom_step0_s_20260508_14,18fa6c379d4245b1a4bd4fcd7bf74192,0.069,,,
91,2026-05-08,SH601058,-0.012484504841268063,EXP_LinearModel_Alpha158_csi300_custom_step0_s_20260508_14,18fa6c379d4245b1a4bd4fcd7bf74192,0.069,,,
92,2026-05-08,SH601021,-0.011613911017775536,EXP_LinearModel_Alpha158_csi300_custom_step0_s_20260508_14,18fa6c379d4245b1a4bd4fcd7bf74192,0.069,,,
93,2026-05-08,SH601018,0.0537978932261467,EXP_LinearModel_Alpha158_csi300_custom_step0_s_20260508_14,18fa6c379d4245b1a4bd4fcd7bf74192,0.069,,,
94,2026-05-08,SH600674,0.061825741082429886,EXP_LinearModel_Alpha158_csi300_custom_step0_s_20260508_14,18fa6c379d4245b1a4bd4fcd7bf74192,0.069,,,
95,2026-05-08,SH601012,-0.11145620793104172,EXP_LinearModel_Alpha158_csi300_custom_step0_s_20260508_14,18fa6c379d4245b1a4bd4fcd7bf74192,0.069,,,
96,2026-05-08,SH601006,0.04241499677300453,EXP_LinearModel_Alpha158_csi300_custom_step0_s_20260508_14,18fa6c379d4245b1a4bd4fcd7bf74192,0.069,,,
97,2026-05-08,SH600999,-0.042154546827077866,EXP_LinearModel_Alpha158_csi300_custom_step0_s_20260508_14,18fa6c379d4245b1a4bd4fcd7bf74192,0.069,,,
98,2026-05-08,SH600989,0.013584555126726627,EXP_LinearModel_Alpha158_csi300_custom_step0_s_20260508_14,18fa6c379d4245b1a4bd4fcd7bf74192,0.069,,,
99,2026-05-08,SH600958,,EXP_LinearModel_Alpha158_csi300_custom_step0_s_20260508_14,18fa6c379d4245b1a4bd4fcd7bf74192,0.069,,,
100,2026-05-08,SH600941,0.12258288264274597,EXP_LinearModel_Alpha158_csi300_custom_step0_s_20260508_14,18fa6c379d4245b1a4bd4fcd7bf74192,0.069,,,
101,2026-05-08,SH600938,-0.006156370043754578,EXP_LinearModel_Alpha158_csi300_custom_step0_s_20260508_14,18fa6c379d4245b1a4bd4fcd7bf74192,0.069,,,
102,2026-05-08,SH601009,0.012959575280547142,EXP_LinearModel_Alpha158_csi300_custom_step0_s_20260508_14,18fa6c379d4245b1a4bd4fcd7bf74192,0.069,,,
103,2026-05-08,SH600104,0.015791041776537895,EXP_LinearModel_Alpha158_csi300_custom_step0_s_20260508_14,18fa6c379d4245b1a4bd4fcd7bf74192,0.069,,,
104,2026-05-08,SH600660,0.01324255671352148,EXP_LinearModel_Alpha158_csi300_custom_step0_s_20260508_14,18fa6c379d4245b1a4bd4fcd7bf74192,0.069,,,
105,2026-05-08,SH600588,-0.03927192836999893,EXP_LinearModel_Alpha158_csi300_custom_step0_s_20260508_14,18fa6c379d4245b1a4bd4fcd7bf74192,0.069,,,
106,2026-05-08,SH600115,0.011900442652404308,EXP_LinearModel_Alpha158_csi300_custom_step0_s_20260508_14,18fa6c379d4245b1a4bd4fcd7bf74192,0.069,,,
107,2026-05-08,SH600150,0.08880510181188583,EXP_LinearModel_Alpha158_csi300_custom_step0_s_20260508_14,18fa6c379d4245b1a4bd4fcd7bf74192,0.069,,,
108,2026-05-08,SH600160,-0.04238448664546013,EXP_LinearModel_Alpha158_csi300_custom_step0_s_20260508_14,18fa6c379d4245b1a4bd4fcd7bf74192,0.069,,,
109,2026-05-08,SH600161,-0.06971900165081024,EXP_LinearModel_Alpha158_csi300_custom_step0_s_20260508_14,18fa6c379d4245b1a4bd4fcd7bf74192,0.069,,,
110,2026-05-08,SH600176,0.001122544053941965,EXP_LinearModel_Alpha158_csi300_custom_step0_s_20260508_14,18fa6c379d4245b1a4bd4fcd7bf74192,0.069,,,
111,2026-05-08,SH600183,0.07535567879676819,EXP_LinearModel_Alpha158_csi300_custom_step0_s_20260508_14,18fa6c379d4245b1a4bd4fcd7bf74192,0.069,,,
112,2026-05-08,SH600188,0.0009280829690396786,EXP_LinearModel_Alpha158_csi300_custom_step0_s_20260508_14,18fa6c379d4245b1a4bd4fcd7bf74192,0.069,,,
113,2026-05-08,SH600196,-0.024967540055513382,EXP_LinearModel_Alpha158_csi300_custom_step0_s_20260508_14,18fa6c379d4245b1a4bd4fcd7bf74192,0.069,,,
114,2026-05-08,SH600219,-0.10210078209638596,EXP_LinearModel_Alpha158_csi300_custom_step0_s_20260508_14,18fa6c379d4245b1a4bd4fcd7bf74192,0.069,,,
115,2026-05-08,SH600233,-0.04259144514799118,EXP_LinearModel_Alpha158_csi300_custom_step0_s_20260508_14,18fa6c379d4245b1a4bd4fcd7bf74192,0.069,,,
116,2026-05-08,SH600276,-0.061395417898893356,EXP_LinearModel_Alpha158_csi300_custom_step0_s_20260508_14,18fa6c379d4245b1a4bd4fcd7bf74192,0.069,,,
117,2026-05-08,SH600309,0.014785214327275753,EXP_LinearModel_Alpha158_csi300_custom_step0_s_20260508_14,18fa6c379d4245b1a4bd4fcd7bf74192,0.069,,,
118,2026-05-08,SH600346,0.022932764142751694,EXP_LinearModel_Alpha158_csi300_custom_step0_s_20260508_14,18fa6c379d4245b1a4bd4fcd7bf74192,0.069,,,
119,2026-05-08,SH600362,-0.056490249931812286,EXP_LinearModel_Alpha158_csi300_custom_step0_s_20260508_14,18fa6c379d4245b1a4bd4fcd7bf74192,0.069,,,
120,2026-05-08,SH600372,-0.008420289494097233,EXP_LinearModel_Alpha158_csi300_custom_step0_s_20260508_14,18fa6c379d4245b1a4bd4fcd7bf74192,0.069,,,
121,2026-05-08,SH600377,0.07988998293876648,EXP_LinearModel_Alpha158_csi300_custom_step0_s_20260508_14,18fa6c379d4245b1a4bd4fcd7bf74192,0.069,,,
122,2026-05-08,SH600406,-0.05005456507205963,EXP_LinearModel_Alpha158_csi300_custom_step0_s_20260508_14,18fa6c379d4245b1a4bd4fcd7bf74192,0.069,,,
123,2026-05-08,SH600585,-0.04872865229845047,EXP_LinearModel_Alpha158_csi300_custom_step0_s_20260508_14,18fa6c379d4245b1a4bd4fcd7bf74192,0.069,,,
124,2026-05-08,SH600584,-0.06831392645835876,EXP_LinearModel_Alpha158_csi300_custom_step0_s_20260508_14,18fa6c379d4245b1a4bd4fcd7bf74192,0.069,,,
125,2026-05-08,SH600570,-0.02366095408797264,EXP_LinearModel_Alpha158_csi300_custom_step0_s_20260508_14,18fa6c379d4245b1a4bd4fcd7bf74192,0.069,,,
126,2026-05-08,SH600547,-0.07321786135435104,EXP_LinearModel_Alpha158_csi300_custom_step0_s_20260508_14,18fa6c379d4245b1a4bd4fcd7bf74192,0.069,,,
127,2026-05-08,SH600522,-0.14473956823349,EXP_LinearModel_Alpha158_csi300_custom_step0_s_20260508_14,18fa6c379d4245b1a4bd4fcd7bf74192,0.069,,,
128,2026-05-08,SH600519,-0.012339284643530846,EXP_LinearModel_Alpha158_csi300_custom_step0_s_20260508_14,18fa6c379d4245b1a4bd4fcd7bf74192,0.069,,,
129,2026-05-08,SH600600,-0.052416931837797165,EXP_LinearModel_Alpha158_csi300_custom_step0_s_20260508_14,18fa6c379d4245b1a4bd4fcd7bf74192,0.069,,,
130,2026-05-08,SH600515,0.03645189478993416,EXP_LinearModel_Alpha158_csi300_custom_step0_s_20260508_14,18fa6c379d4245b1a4bd4fcd7bf74192,0.069,,,
131,2026-05-08,SH600482,0.16459307074546814,EXP_LinearModel_Alpha158_csi300_custom_step0_s_20260508_14,18fa6c379d4245b1a4bd4fcd7bf74192,0.069,,,
132,2026-05-08,SH600460,-0.06844314187765121,EXP_LinearModel_Alpha158_csi300_custom_step0_s_20260508_14,18fa6c379d4245b1a4bd4fcd7bf74192,0.069,,,
133,2026-05-08,SH600438,0.047628000378608704,EXP_LinearModel_Alpha158_csi300_custom_step0_s_20260508_14,18fa6c379d4245b1a4bd4fcd7bf74192,0.069,,,
134,2026-05-08,SH600436,0.06859322637319565,EXP_LinearModel_Alpha158_csi300_custom_step0_s_20260508_14,18fa6c379d4245b1a4bd4fcd7bf74192,0.069,,,
135,2026-05-08,SH600426,0.023897556588053703,EXP_LinearModel_Alpha158_csi300_custom_step0_s_20260508_14,18fa6c379d4245b1a4bd4fcd7bf74192,0.069,,,
136,2026-05-08,SH600415,-0.03237880393862724,EXP_LinearModel_Alpha158_csi300_custom_step0_s_20260508_14,18fa6c379d4245b1a4bd4fcd7bf74192,0.069,,,
137,2026-05-08,SH600489,-0.15460412204265594,EXP_LinearModel_Alpha158_csi300_custom_step0_s_20260508_14,18fa6c379d4245b1a4bd4fcd7bf74192,0.069,,,
138,2026-05-08,SZ002600,0.005442038644105196,EXP_LinearModel_Alpha158_csi300_custom_step0_s_20260508_14,fb704b7328954c45bbf393546dcceaee,0.08,,,
139,2026-05-08,SZ002594,0.008815107867121696,EXP_LinearModel_Alpha158_csi300_custom_step0_s_20260508_14,fb704b7328954c45bbf393546dcceaee,0.08,,,
140,2026-05-08,SZ002493,-0.02840973623096943,EXP_LinearModel_Alpha158_csi300_custom_step0_s_20260508_14,fb704b7328954c45bbf393546dcceaee,0.08,,,
141,2026-05-08,SH601919,-0.03689717501401901,EXP_LinearModel_Alpha158_csi300_custom_step0_s_20260508_14,fb704b7328954c45bbf393546dcceaee,0.08,,,
142,2026-05-08,SH601939,0.06758631765842438,EXP_LinearModel_Alpha158_csi300_custom_step0_s_20260508_14,fb704b7328954c45bbf393546dcceaee,0.08,,,
143,2026-05-08,SH601985,0.06880258023738861,EXP_LinearModel_Alpha158_csi300_custom_step0_s_20260508_14,fb704b7328954c45bbf393546dcceaee,0.08,,,
144,2026-05-08,SH601988,0.06013840064406395,EXP_LinearModel_Alpha158_csi300_custom_step0_s_20260508_14,fb704b7328954c45bbf393546dcceaee,0.08,,,
145,2026-05-08,SH601995,0.0259568952023983,EXP_LinearModel_Alpha158_csi300_custom_step0_s_20260508_14,fb704b7328954c45bbf393546dcceaee,0.08,,,
146,2026-05-08,SH601998,0.031858690083026886,EXP_LinearModel_Alpha158_csi300_custom_step0_s_20260508_14,fb704b7328954c45bbf393546dcceaee,0.08,,,
147,2026-05-08,SH603019,-0.05190497264266014,EXP_LinearModel_Alpha158_csi300_custom_step0_s_20260508_14,fb704b7328954c45bbf393546dcceaee,0.08,,,
148,2026-05-08,SH603195,0.029380235821008682,EXP_LinearModel_Alpha158_csi300_custom_step0_s_20260508_14,fb704b7328954c45bbf393546dcceaee,0.08,,,
149,2026-05-08,SH603259,0.03504475951194763,EXP_LinearModel_Alpha158_csi300_custom_step0_s_20260508_14,fb704b7328954c45bbf393546dcceaee,0.08,,,
150,2026-05-08,SH603260,-0.015454973094165325,EXP_LinearModel_Alpha158_csi300_custom_step0_s_20260508_14,fb704b7328954c45bbf393546dcceaee,0.08,,,
151,2026-05-08,SH603288,0.013215146958827972,EXP_LinearModel_Alpha158_csi300_custom_step0_s_20260508_14,fb704b7328954c45bbf393546dcceaee,0.08,,,
152,2026-05-08,SH603296,-0.05219023674726486,EXP_LinearModel_Alpha158_csi300_custom_step0_s_20260508_14,fb704b7328954c45bbf393546dcceaee,0.08,,,
153,2026-05-08,SH603369,-0.07748422771692276,EXP_LinearModel_Alpha158_csi300_custom_step0_s_20260508_14,fb704b7328954c45bbf393546dcceaee,0.08,,,
154,2026-05-08,SH603392,0.002323675900697708,EXP_LinearModel_Alpha158_csi300_custom_step0_s_20260508_14,fb704b7328954c45bbf393546dcceaee,0.08,,,
155,2026-05-08,SH603501,-0.01523157674819231,EXP_LinearModel_Alpha158_csi300_custom_step0_s_20260508_14,fb704b7328954c45bbf393546dcceaee,0.08,,,
156,2026-05-08,SH603799,-0.08914094418287277,EXP_LinearModel_Alpha158_csi300_custom_step0_s_20260508_14,fb704b7328954c45bbf393546dcceaee,0.08,,,
157,2026-05-08,SH603893,-0.02387532964348793,EXP_LinearModel_Alpha158_csi300_custom_step0_s_20260508_14,fb704b7328954c45bbf393546dcceaee,0.08,,,
158,2026-05-08,SH688169,-0.005348033271729946,EXP_LinearModel_Alpha158_csi300_custom_step0_s_20260508_14,fb704b7328954c45bbf393546dcceaee,0.08,,,
159,2026-05-08,SH688126,-0.06638875603675842,EXP_LinearModel_Alpha158_csi300_custom_step0_s_20260508_14,fb704b7328954c45bbf393546dcceaee,0.08,,,
160,2026-05-08,SH688111,-0.07967612147331238,EXP_LinearModel_Alpha158_csi300_custom_step0_s_20260508_14,fb704b7328954c45bbf393546dcceaee,0.08,,,
161,2026-05-08,SH688082,-0.053050801157951355,EXP_LinearModel_Alpha158_csi300_custom_step0_s_20260508_14,fb704b7328954c45bbf393546dcceaee,0.08,,,
162,2026-05-08,SH688047,-0.131382018327713,EXP_LinearModel_Alpha158_csi300_custom_step0_s_20260508_14,fb704b7328954c45bbf393546dcceaee,0.08,,,
163,2026-05-08,SH688041,-0.12700317800045013,EXP_LinearModel_Alpha158_csi300_custom_step0_s_20260508_14,fb704b7328954c45bbf393546dcceaee,0.08,,,
164,2026-05-08,SH601916,0.17658649384975433,EXP_LinearModel_Alpha158_csi300_custom_step0_s_20260508_14,fb704b7328954c45bbf393546dcceaee,0.08,,,
165,2026-05-08,SH688036,2.4489592760801315e-05,EXP_LinearModel_Alpha158_csi300_custom_step0_s_20260508_14,fb704b7328954c45bbf393546dcceaee,0.08,,,
166,2026-05-08,SH688009,-0.025491125881671906,EXP_LinearModel_Alpha158_csi300_custom_step0_s_20260508_14,fb704b7328954c45bbf393546dcceaee,0.08,,,
167,2026-05-08,SH688008,-0.22905690968036652,EXP_LinearModel_Alpha158_csi300_custom_step0_s_20260508_14,fb704b7328954c45bbf393546dcceaee,0.08,,,
168,2026-05-08,SH605499,0.0848703384399414,EXP_LinearModel_Alpha158_csi300_custom_step0_s_20260508_14,fb704b7328954c45bbf393546dcceaee,0.08,,,
169,2026-05-08,SH605117,-0.1255200356245041,EXP_LinearModel_Alpha158_csi300_custom_step0_s_20260508_14,fb704b7328954c45bbf393546dcceaee,0.08,,,
170,2026-05-08,SH603993,-0.04192965105175972,EXP_LinearModel_Alpha158_csi300_custom_step0_s_20260508_14,fb704b7328954c45bbf393546dcceaee,0.08,,,
171,2026-05-08,SH603986,-0.07603617012500763,EXP_LinearModel_Alpha158_csi300_custom_step0_s_20260508_14,fb704b7328954c45bbf393546dcceaee,0.08,,,
172,2026-05-08,SH688012,-0.03589191287755966,EXP_LinearModel_Alpha158_csi300_custom_step0_s_20260508_14,fb704b7328954c45bbf393546dcceaee,0.08,,,
173,2026-05-08,SH688187,0.01643246039748192,EXP_LinearModel_Alpha158_csi300_custom_step0_s_20260508_14,fb704b7328954c45bbf393546dcceaee,0.08,,,
174,2026-05-08,SH601901,0.0019048787653446198,EXP_LinearModel_Alpha158_csi300_custom_step0_s_20260508_14,fb704b7328954c45bbf393546dcceaee,0.08,,,
175,2026-05-08,SH601898,0.01682746596634388,EXP_LinearModel_Alpha158_csi300_custom_step0_s_20260508_14,fb704b7328954c45bbf393546dcceaee,0.08,,,
176,2026-05-08,SH601390,0.030895892530679703,EXP_LinearModel_Alpha158_csi300_custom_step0_s_20260508_14,fb704b7328954c45bbf393546dcceaee,0.08,,,
177,2026-05-08,SH601398,0.031783416867256165,EXP_LinearModel_Alpha158_csi300_custom_step0_s_20260508_14,fb704b7328954c45bbf393546dcceaee,0.08,,,
178,2026-05-08,SH601456,0.07068971544504166,EXP_LinearModel_Alpha158_csi300_custom_step0_s_20260508_14,fb704b7328954c45bbf393546dcceaee,0.08,,,
179,2026-05-08,SH601600,-0.056156884878873825,EXP_LinearModel_Alpha158_csi300_custom_step0_s_20260508_14,fb704b7328954c45bbf393546dcceaee,0.08,,,
180,2026-05-08,SH601601,0.03830458223819733,EXP_LinearModel_Alpha158_csi300_custom_step0_s_20260508_14,fb704b7328954c45bbf393546dcceaee,0.08,,,
181,2026-05-08,SH601607,0.03183871507644653,EXP_LinearModel_Alpha158_csi300_custom_step0_s_20260508_14,fb704b7328954c45bbf393546dcceaee,0.08,,,
182,2026-05-08,SH601618,0.04405730962753296,EXP_LinearModel_Alpha158_csi300_custom_step0_s_20260508_14,fb704b7328954c45bbf393546dcceaee,0.08,,,
183,2026-05-08,SH601628,0.05403681844472885,EXP_LinearModel_Alpha158_csi300_custom_step0_s_20260508_14,fb704b7328954c45bbf393546dcceaee,0.08,,,
184,2026-05-08,SH601633,-0.0372033454477787,EXP_LinearModel_Alpha158_csi300_custom_step0_s_20260508_14,fb704b7328954c45bbf393546dcceaee,0.08,,,
185,2026-05-08,SH601658,-0.019270991906523705,EXP_LinearModel_Alpha158_csi300_custom_step0_s_20260508_14,fb704b7328954c45bbf393546dcceaee,0.08,,,
186,2026-05-08,SH601668,0.09588001668453217,EXP_LinearModel_Alpha158_csi300_custom_step0_s_20260508_14,fb704b7328954c45bbf393546dcceaee,0.08,,,
187,2026-05-08,SH601669,-0.012583726085722446,EXP_LinearModel_Alpha158_csi300_custom_step0_s_20260508_14,fb704b7328954c45bbf393546dcceaee,0.08,,,
188,2026-05-08,SH601688,-3.733090125024319e-05,EXP_LinearModel_Alpha158_csi300_custom_step0_s_20260508_14,fb704b7328954c45bbf393546dcceaee,0.08,,,
189,2026-05-08,SH601689,-0.1716276854276657,EXP_LinearModel_Alpha158_csi300_custom_step0_s_20260508_14,fb704b7328954c45bbf393546dcceaee,0.08,,,
190,2026-05-08,SH601698,-0.06737597286701202,EXP_LinearModel_Alpha158_csi300_custom_step0_s_20260508_14,fb704b7328954c45bbf393546dcceaee,0.08,,,
191,2026-05-08,SH601728,-0.0021399259567260742,EXP_LinearModel_Alpha158_csi300_custom_step0_s_20260508_14,fb704b7328954c45bbf393546dcceaee,0.08,,,
192,2026-05-08,SH601766,0.020638609305024147,EXP_LinearModel_Alpha158_csi300_custom_step0_s_20260508_14,fb704b7328954c45bbf393546dcceaee,0.08,,,
193,2026-05-08,SH601888,0.013023256324231625,EXP_LinearModel_Alpha158_csi300_custom_step0_s_20260508_14,fb704b7328954c45bbf393546dcceaee,0.08,,,
194,2026-05-08,SH601881,0.04073747992515564,EXP_LinearModel_Alpha158_csi300_custom_step0_s_20260508_14,fb704b7328954c45bbf393546dcceaee,0.08,,,
195,2026-05-08,SH601878,0.02932853251695633,EXP_LinearModel_Alpha158_csi300_custom_step0_s_20260508_14,fb704b7328954c45bbf393546dcceaee,0.08,,,
196,2026-05-08,SH601877,-0.0013820184394717216,EXP_LinearModel_Alpha158_csi300_custom_step0_s_20260508_14,fb704b7328954c45bbf393546dcceaee,0.08,,,
197,2026-05-08,SH601872,-0.08174926042556763,EXP_LinearModel_Alpha158_csi300_custom_step0_s_20260508_14,fb704b7328954c45bbf393546dcceaee,0.08,,,
198,2026-05-08,SH601868,-0.07955966144800186,EXP_LinearModel_Alpha158_csi300_custom_step0_s_20260508_14,fb704b7328954c45bbf393546dcceaee,0.08,,,
199,2026-05-08,SH601899,-0.06187332794070244,EXP_LinearModel_Alpha158_csi300_custom_step0_s_20260508_14,fb704b7328954c45bbf393546dcceaee,0.08,,,
200,2026-05-08,SH601857,0.011919057928025723,EXP_LinearModel_Alpha158_csi300_custom_step0_s_20260508_14,fb704b7328954c45bbf393546dcceaee,0.08,,,
201,2026-05-08,SH601825,0.0515131875872612,EXP_LinearModel_Alpha158_csi300_custom_step0_s_20260508_14,fb704b7328954c45bbf393546dcceaee,0.08,,,
202,2026-05-08,SH601818,0.14312466979026794,EXP_LinearModel_Alpha158_csi300_custom_step0_s_20260508_14,fb704b7328954c45bbf393546dcceaee,0.08,,,
203,2026-05-08,SH601816,0.004612881690263748,EXP_LinearModel_Alpha158_csi300_custom_step0_s_20260508_14,fb704b7328954c45bbf393546dcceaee,0.08,,,
204,2026-05-08,SH601808,-0.022984303534030914,EXP_LinearModel_Alpha158_csi300_custom_step0_s_20260508_14,fb704b7328954c45bbf393546dcceaee,0.08,,,
205,2026-05-08,SH601800,-0.0027400203980505466,EXP_LinearModel_Alpha158_csi300_custom_step0_s_20260508_14,fb704b7328954c45bbf393546dcceaee,0.08,,,
206,2026-05-08,SH601788,0.009862448088824749,EXP_LinearModel_Alpha158_csi300_custom_step0_s_20260508_14,fb704b7328954c45bbf393546dcceaee,0.08,,,
207,2026-05-08,SH601838,0.05953485146164894,EXP_LinearModel_Alpha158_csi300_custom_step0_s_20260508_14,fb704b7328954c45bbf393546dcceaee,0.08,,,
208,2026-05-08,SH688223,-0.08500505983829498,EXP_LinearModel_Alpha158_csi300_custom_step0_s_20260508_14,fb704b7328954c45bbf393546dcceaee,0.08,,,
209,2026-05-08,SH688256,-0.2878970205783844,EXP_LinearModel_Alpha158_csi300_custom_step0_s_20260508_14,fb704b7328954c45bbf393546dcceaee,0.08,,,
210,2026-05-08,SH688271,0.004682089202105999,EXP_LinearModel_Alpha158_csi300_custom_step0_s_20260508_14,fb704b7328954c45bbf393546dcceaee,0.08,,,
211,2026-05-08,SZ000975,-0.06977047771215439,EXP_LinearModel_Alpha158_csi300_custom_step0_s_20260508_14,fb704b7328954c45bbf393546dcceaee,0.08,,,
212,2026-05-08,SZ000977,-0.010270352475345135,EXP_LinearModel_Alpha158_csi300_custom_step0_s_20260508_14,fb704b7328954c45bbf393546dcceaee,0.08,,,
213,2026-05-08,SZ000983,-0.027793802320957184,EXP_LinearModel_Alpha158_csi300_custom_step0_s_20260508_14,fb704b7328954c45bbf393546dcceaee,0.08,,,
214,2026-05-08,SZ000999,-0.026136355474591255,EXP_LinearModel_Alpha158_csi300_custom_step0_s_20260508_14,fb704b7328954c45bbf393546dcceaee,0.08,,,
215,2026-05-08,SZ001391,0.10079509019851685,EXP_LinearModel_Alpha158_csi300_custom_step0_s_20260508_14,fb704b7328954c45bbf393546dcceaee,0.08,,,
216,2026-05-08,SZ001965,0.08973056823015213,EXP_LinearModel_Alpha158_csi300_custom_step0_s_20260508_14,fb704b7328954c45bbf393546dcceaee,0.08,,,
217,2026-05-08,SZ001979,-0.044427841901779175,EXP_LinearModel_Alpha158_csi300_custom_step0_s_20260508_14,fb704b7328954c45bbf393546dcceaee,0.08,,,
218,2026-05-08,SZ002001,0.03920571506023407,EXP_LinearModel_Alpha158_csi300_custom_step0_s_20260508_14,fb704b7328954c45bbf393546dcceaee,0.08,,,
219,2026-05-08,SZ002027,0.05105939134955406,EXP_LinearModel_Alpha158_csi300_custom_step0_s_20260508_14,fb704b7328954c45bbf393546dcceaee,0.08,,,
220,2026-05-08,SZ002028,-0.03534513711929321,EXP_LinearModel_Alpha158_csi300_custom_step0_s_20260508_14,fb704b7328954c45bbf393546dcceaee,0.08,,,
221,2026-05-08,SZ002049,-0.03144952654838562,EXP_LinearModel_Alpha158_csi300_custom_step0_s_20260508_14,fb704b7328954c45bbf393546dcceaee,0.08,,,
222,2026-05-08,SZ002050,-0.1223362609744072,EXP_LinearModel_Alpha158_csi300_custom_step0_s_20260508_14,fb704b7328954c45bbf393546dcceaee,0.08,,,
223,2026-05-08,SZ002074,-0.0023009981960058212,EXP_LinearModel_Alpha158_csi300_custom_step0_s_20260508_14,fb704b7328954c45bbf393546dcceaee,0.08,,,
224,2026-05-08,SZ002142,0.006662123836576939,EXP_LinearModel_Alpha158_csi300_custom_step0_s_20260508_14,fb704b7328954c45bbf393546dcceaee,0.08,,,
225,2026-05-08,SZ002179,0.008189242333173752,EXP_LinearModel_Alpha158_csi300_custom_step0_s_20260508_14,fb704b7328954c45bbf393546dcceaee,0.08,,,
226,2026-05-08,SZ002230,-0.006679577752947807,EXP_LinearModel_Alpha158_csi300_custom_step0_s_20260508_14,fb704b7328954c45bbf393546dcceaee,0.08,,,
227,2026-05-08,SZ002236,0.0808810293674469,EXP_LinearModel_Alpha158_csi300_custom_step0_s_20260508_14,fb704b7328954c45bbf393546dcceaee,0.08,,,
228,2026-05-08,SZ002475,-0.047327592968940735,EXP_LinearModel_Alpha158_csi300_custom_step0_s_20260508_14,fb704b7328954c45bbf393546dcceaee,0.08,,,
229,2026-05-08,SZ002466,-0.0985768660902977,EXP_LinearModel_Alpha158_csi300_custom_step0_s_20260508_14,fb704b7328954c45bbf393546dcceaee,0.08,,,
230,2026-05-08,SZ002463,-0.04905000329017639,EXP_LinearModel_Alpha158_csi300_custom_step0_s_20260508_14,fb704b7328954c45bbf393546dcceaee,0.08,,,
231,2026-05-08,SZ002460,-0.09301599115133286,EXP_LinearModel_Alpha158_csi300_custom_step0_s_20260508_14,fb704b7328954c45bbf393546dcceaee,0.08,,,
232,2026-05-08,SZ002459,-0.019622182473540306,EXP_LinearModel_Alpha158_csi300_custom_step0_s_20260508_14,fb704b7328954c45bbf393546dcceaee,0.08,,,
233,2026-05-08,SZ002422,0.05761342495679855,EXP_LinearModel_Alpha158_csi300_custom_step0_s_20260508_14,fb704b7328954c45bbf393546dcceaee,0.08,,,
234,2026-05-08,SZ000963,-0.049972210079431534,EXP_LinearModel_Alpha158_csi300_custom_step0_s_20260508_14,fb704b7328954c45bbf393546dcceaee,0.08,,,
235,2026-05-08,SZ002415,0.006225994322448969,EXP_LinearModel_Alpha158_csi300_custom_step0_s_20260508_14,fb704b7328954c45bbf393546dcceaee,0.08,,,
236,2026-05-08,SZ002371,-0.06183933466672897,EXP_LinearModel_Alpha158_csi300_custom_step0_s_20260508_14,fb704b7328954c45bbf393546dcceaee,0.08,,,
237,2026-05-08,SZ002352,0.011195510625839233,EXP_LinearModel_Alpha158_csi300_custom_step0_s_20260508_14,fb704b7328954c45bbf393546dcceaee,0.08,,,
238,2026-05-08,SZ002311,0.001663997769355774,EXP_LinearModel_Alpha158_csi300_custom_step0_s_20260508_14,fb704b7328954c45bbf393546dcceaee,0.08,,,
239,2026-05-08,SZ002304,-0.054054535925388336,EXP_LinearModel_Alpha158_csi300_custom_step0_s_20260508_14,fb704b7328954c45bbf393546dcceaee,0.08,,,
240,2026-05-08,SZ002252,0.04365914314985275,EXP_LinearModel_Alpha158_csi300_custom_step0_s_20260508_14,fb704b7328954c45bbf393546dcceaee,0.08,,,
241,2026-05-08,SZ002241,-0.021286616101861,EXP_LinearModel_Alpha158_csi300_custom_step0_s_20260508_14,fb704b7328954c45bbf393546dcceaee,0.08,,,
242,2026-05-08,SZ002384,-0.1355113983154297,EXP_LinearModel_Alpha158_csi300_custom_step0_s_20260508_14,fb704b7328954c45bbf393546dcceaee,0.08,,,
243,2026-05-08,SZ000938,0.0749625489115715,EXP_LinearModel_Alpha158_csi300_custom_step0_s_20260508_14,fb704b7328954c45bbf393546dcceaee,0.08,,,
244,2026-05-08,SZ000895,0.03463110700249672,EXP_LinearModel_Alpha158_csi300_custom_step0_s_20260508_14,fb704b7328954c45bbf393546dcceaee,0.08,,,
245,2026-05-08,SZ000876,0.09082493931055069,EXP_LinearModel_Alpha158_csi300_custom_step0_s_20260508_14,fb704b7328954c45bbf393546dcceaee,0.08,,,
246,2026-05-08,SZ000338,-0.06500529497861862,EXP_LinearModel_Alpha158_csi300_custom_step0_s_20260508_14,fb704b7328954c45bbf393546dcceaee,0.08,,,
247,2026-05-08,SZ000333,0.04513366147875786,EXP_LinearModel_Alpha158_csi300_custom_step0_s_20260508_14,fb704b7328954c45bbf393546dcceaee,0.08,,,
248,2026-05-08,SZ000301,0.029282568022608757,EXP_LinearModel_Alpha158_csi300_custom_step0_s_20260508_14,fb704b7328954c45bbf393546dcceaee,0.08,,,
249,2026-05-08,SZ000166,0.06074594333767891,EXP_LinearModel_Alpha158_csi300_custom_step0_s_20260508_14,fb704b7328954c45bbf393546dcceaee,0.08,,,
250,2026-05-08,SZ000157,0.07736562192440033,EXP_LinearModel_Alpha158_csi300_custom_step0_s_20260508_14,fb704b7328954c45bbf393546dcceaee,0.08,,,
251,2026-05-08,SZ000100,0.01494872197508812,EXP_LinearModel_Alpha158_csi300_custom_step0_s_20260508_14,fb704b7328954c45bbf393546dcceaee,0.08,,,
252,2026-05-08,SZ000408,0.017054947093129158,EXP_LinearModel_Alpha158_csi300_custom_step0_s_20260508_14,fb704b7328954c45bbf393546dcceaee,0.08,,,
253,2026-05-08,SZ000063,0.02220400981605053,EXP_LinearModel_Alpha158_csi300_custom_step0_s_20260508_14,fb704b7328954c45bbf393546dcceaee,0.08,,,
254,2026-05-08,SZ000001,0.03414454683661461,EXP_LinearModel_Alpha158_csi300_custom_step0_s_20260508_14,fb704b7328954c45bbf393546dcceaee,0.08,,,
255,2026-05-08,SH688981,-0.04941911622881889,EXP_LinearModel_Alpha158_csi300_custom_step0_s_20260508_14,fb704b7328954c45bbf393546dcceaee,0.08,,,
256,2026-05-08,SH688506,-0.03603806346654892,EXP_LinearModel_Alpha158_csi300_custom_step0_s_20260508_14,fb704b7328954c45bbf393546dcceaee,0.08,,,
257,2026-05-08,SH688472,-0.0418030321598053,EXP_LinearModel_Alpha158_csi300_custom_step0_s_20260508_14,fb704b7328954c45bbf393546dcceaee,0.08,,,
258,2026-05-08,SH688396,-0.08179265260696411,EXP_LinearModel_Alpha158_csi300_custom_step0_s_20260508_14,fb704b7328954c45bbf393546dcceaee,0.08,,,
259,2026-05-08,SH688303,-0.07601276785135269,EXP_LinearModel_Alpha158_csi300_custom_step0_s_20260508_14,fb704b7328954c45bbf393546dcceaee,0.08,,,
260,2026-05-08,SZ000002,0.013156840577721596,EXP_LinearModel_Alpha158_csi300_custom_step0_s_20260508_14,fb704b7328954c45bbf393546dcceaee,0.08,,,
261,2026-05-08,SH601088,-0.03013826534152031,EXP_LinearModel_Alpha158_csi300_custom_step0_s_20260508_14,18fa6c379d4245b1a4bd4fcd7bf74192,0.069,,,
262,2026-05-08,SZ000425,0.03905899450182915,EXP_LinearModel_Alpha158_csi300_custom_step0_s_20260508_14,fb704b7328954c45bbf393546dcceaee,0.08,,,
263,2026-05-08,SZ000568,-0.008089184761047363,EXP_LinearModel_Alpha158_csi300_custom_step0_s_20260508_14,fb704b7328954c45bbf393546dcceaee,0.08,,,
264,2026-05-08,SZ000858,0.02735307440161705,EXP_LinearModel_Alpha158_csi300_custom_step0_s_20260508_14,fb704b7328954c45bbf393546dcceaee,0.08,,,
265,2026-05-08,SZ000807,-0.02625565230846405,EXP_LinearModel_Alpha158_csi300_custom_step0_s_20260508_14,fb704b7328954c45bbf393546dcceaee,0.08,,,
266,2026-05-08,SZ000792,-0.04997687786817551,EXP_LinearModel_Alpha158_csi300_custom_step0_s_20260508_14,fb704b7328954c45bbf393546dcceaee,0.08,,,
267,2026-05-08,SZ000786,0.052224669605493546,EXP_LinearModel_Alpha158_csi300_custom_step0_s_20260508_14,fb704b7328954c45bbf393546dcceaee,0.08,,,
268,2026-05-08,SZ000776,0.01725982315838337,EXP_LinearModel_Alpha158_csi300_custom_step0_s_20260508_14,fb704b7328954c45bbf393546dcceaee,0.08,,,
269,2026-05-08,SZ000768,0.10509947687387466,EXP_LinearModel_Alpha158_csi300_custom_step0_s_20260508_14,fb704b7328954c45bbf393546dcceaee,0.08,,,
270,2026-05-08,SZ000538,-0.04456675052642822,EXP_LinearModel_Alpha158_csi300_custom_step0_s_20260508_14,fb704b7328954c45bbf393546dcceaee,0.08,,,
271,2026-05-08,SZ000725,-0.016782935708761215,EXP_LinearModel_Alpha158_csi300_custom_step0_s_20260508_14,fb704b7328954c45bbf393546dcceaee,0.08,,,
272,2026-05-08,SZ000661,-0.016713552176952362,EXP_LinearModel_Alpha158_csi300_custom_step0_s_20260508_14,fb704b7328954c45bbf393546dcceaee,0.08,,,
273,2026-05-08,SZ000651,0.1135786771774292,EXP_LinearModel_Alpha158_csi300_custom_step0_s_20260508_14,fb704b7328954c45bbf393546dcceaee,0.08,,,
274,2026-05-08,SZ000630,-0.04355977848172188,EXP_LinearModel_Alpha158_csi300_custom_step0_s_20260508_14,fb704b7328954c45bbf393546dcceaee,0.08,,,
275,2026-05-08,SZ000625,-0.08605115860700607,EXP_LinearModel_Alpha158_csi300_custom_step0_s_20260508_14,fb704b7328954c45bbf393546dcceaee,0.08,,,
276,2026-05-08,SZ000617,0.07249396294355392,EXP_LinearModel_Alpha158_csi300_custom_step0_s_20260508_14,fb704b7328954c45bbf393546dcceaee,0.08,,,
277,2026-05-08,SZ000596,-0.027187980711460114,EXP_LinearModel_Alpha158_csi300_custom_step0_s_20260508_14,fb704b7328954c45bbf393546dcceaee,0.08,,,
278,2026-05-08,SZ000708,0.016534721478819847,EXP_LinearModel_Alpha158_csi300_custom_step0_s_20260508_14,fb704b7328954c45bbf393546dcceaee,0.08,,,
279,2026-05-08,SH601377,0.0151448929682374,EXP_LinearModel_Alpha158_csi300_custom_step0_s_20260508_14,fb704b7328954c45bbf393546dcceaee,0.08,,,
280,2026-05-08,SH601100,-0.06739649921655655,EXP_LinearModel_Alpha158_csi300_custom_step0_s_20260508_14,18fa6c379d4245b1a4bd4fcd7bf74192,0.069,,,
281,2026-05-08,SH601117,0.00884095299988985,EXP_LinearModel_Alpha158_csi300_custom_step0_s_20260508_14,18fa6c379d4245b1a4bd4fcd7bf74192,0.069,,,
282,2026-05-08,SZ300274,0.03723159432411194,EXP_LinearModel_Alpha158_csi300_custom_step0_s_20260508_14,18fa6c379d4245b1a4bd4fcd7bf74192,0.069,,,
283,2026-05-08,SZ300308,0.1622282862663269,EXP_LinearModel_Alpha158_csi300_custom_step0_s_20260508_14,18fa6c379d4245b1a4bd4fcd7bf74192,0.069,,,
284,2026-05-08,SZ300316,0.026440417394042015,EXP_LinearModel_Alpha158_csi300_custom_step0_s_20260508_14,18fa6c379d4245b1a4bd4fcd7bf74192,0.069,,,
285,2026-05-08,SZ300347,0.0408555343747139,EXP_LinearModel_Alpha158_csi300_custom_step0_s_20260508_14,18fa6c379d4245b1a4bd4fcd7bf74192,0.069,,,
286,2026-05-08,SZ300394,0.055948179215192795,EXP_LinearModel_Alpha158_csi300_custom_step0_s_20260508_14,18fa6c379d4245b1a4bd4fcd7bf74192,0.069,,,
287,2026-05-08,SZ300408,0.049847718328237534,EXP_LinearModel_Alpha158_csi300_custom_step0_s_20260508_14,18fa6c379d4245b1a4bd4fcd7bf74192,0.069,,,
288,2026-05-08,SZ300413,0.03592900559306145,EXP_LinearModel_Alpha158_csi300_custom_step0_s_20260508_14,18fa6c379d4245b1a4bd4fcd7bf74192,0.069,,,
289,2026-05-08,SZ300418,-0.07032337039709091,EXP_LinearModel_Alpha158_csi300_custom_step0_s_20260508_14,18fa6c379d4245b1a4bd4fcd7bf74192,0.069,,,
290,2026-05-08,SZ300433,-0.06564772874116898,EXP_LinearModel_Alpha158_csi300_custom_step0_s_20260508_14,18fa6c379d4245b1a4bd4fcd7bf74192,0.069,,,
291,2026-05-08,SZ300442,0.032606467604637146,EXP_LinearModel_Alpha158_csi300_custom_step0_s_20260508_14,18fa6c379d4245b1a4bd4fcd7bf74192,0.069,,,
292,2026-05-08,SZ300476,0.07026199996471405,EXP_LinearModel_Alpha158_csi300_custom_step0_s_20260508_14,18fa6c379d4245b1a4bd4fcd7bf74192,0.069,,,
293,2026-05-08,SZ300498,-0.009340770542621613,EXP_LinearModel_Alpha158_csi300_custom_step0_s_20260508_14,18fa6c379d4245b1a4bd4fcd7bf74192,0.069,,,
294,2026-05-08,SZ300502,0.12713392078876495,EXP_LinearModel_Alpha158_csi300_custom_step0_s_20260508_14,18fa6c379d4245b1a4bd4fcd7bf74192,0.069,,,
295,2026-05-08,SZ300628,0.033092889934778214,EXP_LinearModel_Alpha158_csi300_custom_step0_s_20260508_14,18fa6c379d4245b1a4bd4fcd7bf74192,0.069,,,
296,2026-05-08,SZ300661,0.0733230710029602,EXP_LinearModel_Alpha158_csi300_custom_step0_s_20260508_14,18fa6c379d4245b1a4bd4fcd7bf74192,0.069,,,
297,2026-05-08,SZ300750,0.06075623258948326,EXP_LinearModel_Alpha158_csi300_custom_step0_s_20260508_14,18fa6c379d4245b1a4bd4fcd7bf74192,0.069,,,
298,2026-05-08,SZ300759,0.11555077880620956,EXP_LinearModel_Alpha158_csi300_custom_step0_s_20260508_14,18fa6c379d4245b1a4bd4fcd7bf74192,0.069,,,
299,2026-05-08,SH600010,0.03331588953733444,EXP_LinearModel_Alpha158_csi300_custom_step0_s_20260508_14,c8099457a11047808090688fa77f2f20,0.073,,,
300,2026-05-08,SH600009,-0.020257659256458282,EXP_LinearModel_Alpha158_csi300_custom_step0_s_20260508_14,c8099457a11047808090688fa77f2f20,0.073,,,
301,2026-05-08,SH600000,-0.09353230148553848,EXP_LinearModel_Alpha158_csi300_custom_step0_s_20260508_14,c8099457a11047808090688fa77f2f20,0.073,,,
302,2026-05-08,SZ302132,-0.04187709093093872,EXP_LinearModel_Alpha158_csi300_custom_step0_s_20260508_14,18fa6c379d4245b1a4bd4fcd7bf74192,0.069,,,
303,2026-05-08,SZ301269,-0.07195177674293518,EXP_LinearModel_Alpha158_csi300_custom_step0_s_20260508_14,18fa6c379d4245b1a4bd4fcd7bf74192,0.069,,,
304,2026-05-08,SZ301236,-0.10564745217561722,EXP_LinearModel_Alpha158_csi300_custom_step0_s_20260508_14,18fa6c379d4245b1a4bd4fcd7bf74192,0.069,,,
305,2026-05-08,SZ300251,0.06604359298944473,EXP_LinearModel_Alpha158_csi300_custom_step0_s_20260508_14,18fa6c379d4245b1a4bd4fcd7bf74192,0.069,,,
306,2026-05-08,SZ300999,-0.034392837435007095,EXP_LinearModel_Alpha158_csi300_custom_step0_s_20260508_14,18fa6c379d4245b1a4bd4fcd7bf74192,0.069,,,
307,2026-05-08,SZ300896,-0.021459782496094704,EXP_LinearModel_Alpha158_csi300_custom_step0_s_20260508_14,18fa6c379d4245b1a4bd4fcd7bf74192,0.069,,,
308,2026-05-08,SZ300866,0.03459499031305313,EXP_LinearModel_Alpha158_csi300_custom_step0_s_20260508_14,18fa6c379d4245b1a4bd4fcd7bf74192,0.069,,,
309,2026-05-08,SZ300832,-0.013114947825670242,EXP_LinearModel_Alpha158_csi300_custom_step0_s_20260508_14,18fa6c379d4245b1a4bd4fcd7bf74192,0.069,,,
310,2026-05-08,SZ300803,-0.05165392532944679,EXP_LinearModel_Alpha158_csi300_custom_step0_s_20260508_14,18fa6c379d4245b1a4bd4fcd7bf74192,0.069,,,
311,2026-05-08,SZ300782,0.13298411667346954,EXP_LinearModel_Alpha158_csi300_custom_step0_s_20260508_14,18fa6c379d4245b1a4bd4fcd7bf74192,0.069,,,
312,2026-05-08,SZ300760,0.020098285749554634,EXP_LinearModel_Alpha158_csi300_custom_step0_s_20260508_14,18fa6c379d4245b1a4bd4fcd7bf74192,0.069,,,
313,2026-05-08,SZ300979,-0.04017193615436554,EXP_LinearModel_Alpha158_csi300_custom_step0_s_20260508_14,18fa6c379d4245b1a4bd4fcd7bf74192,0.069,,,
314,2026-05-08,SH600011,-0.059244271367788315,EXP_LinearModel_Alpha158_csi300_custom_step0_s_20260508_14,c8099457a11047808090688fa77f2f20,0.073,,,
315,2026-05-08,SZ300124,-0.16232696175575256,EXP_LinearModel_Alpha158_csi300_custom_step0_s_20260508_14,18fa6c379d4245b1a4bd4fcd7bf74192,0.069,,,
316,2026-05-08,SZ300059,0.0004084998508915305,EXP_LinearModel_Alpha158_csi300_custom_step0_s_20260508_14,18fa6c379d4245b1a4bd4fcd7bf74192,0.069,,,
317,2026-05-08,SZ002236,0.07800042629241943,EXP_LinearModel_Alpha158_csi300_custom_step0_s_20260508_14,18fa6c379d4245b1a4bd4fcd7bf74192,0.069,,,
318,2026-05-08,SZ002241,0.03870198130607605,EXP_LinearModel_Alpha158_csi300_custom_step0_s_20260508_14,18fa6c379d4245b1a4bd4fcd7bf74192,0.069,,,
319,2026-05-08,SZ002252,0.03315052390098572,EXP_LinearModel_Alpha158_csi300_custom_step0_s_20260508_14,18fa6c379d4245b1a4bd4fcd7bf74192,0.069,,,
320,2026-05-08,SZ002304,-0.059928786009550095,EXP_LinearModel_Alpha158_csi300_custom_step0_s_20260508_14,18fa6c379d4245b1a4bd4fcd7bf74192,0.069,,,
321,2026-05-08,SZ002311,-0.020712677389383316,EXP_LinearModel_Alpha158_csi300_custom_step0_s_20260508_14,18fa6c379d4245b1a4bd4fcd7bf74192,0.069,,,
322,2026-05-08,SZ002352,0.0477752611041069,EXP_LinearModel_Alpha158_csi300_custom_step0_s_20260508_14,18fa6c379d4245b1a4bd4fcd7bf74192,0.069,,,
323,2026-05-08,SZ002371,-0.04145938158035278,EXP_LinearModel_Alpha158_csi300_custom_step0_s_20260508_14,18fa6c379d4245b1a4bd4fcd7bf74192,0.069,,,
324,2026-05-08,SZ002384,0.04337812587618828,EXP_LinearModel_Alpha158_csi300_custom_step0_s_20260508_14,18fa6c379d4245b1a4bd4fcd7bf74192,0.069,,,
325,2026-05-08,SZ002415,0.03279576450586319,EXP_LinearModel_Alpha158_csi300_custom_step0_s_20260508_14,18fa6c379d4245b1a4bd4fcd7bf74192,0.069,,,
326,2026-05-08,SZ002422,0.014405078254640102,EXP_LinearModel_Alpha158_csi300_custom_step0_s_20260508_14,18fa6c379d4245b1a4bd4fcd7bf74192,0.069,,,
327,2026-05-08,SZ002459,-0.07860153913497925,EXP_LinearModel_Alpha158_csi300_custom_step0_s_20260508_14,18fa6c379d4245b1a4bd4fcd7bf74192,0.069,,,
328,2026-05-08,SZ002460,-0.01737252250313759,EXP_LinearModel_Alpha158_csi300_custom_step0_s_20260508_14,18fa6c379d4245b1a4bd4fcd7bf74192,0.069,,,
329,2026-05-08,SZ002463,0.0710236206650734,EXP_LinearModel_Alpha158_csi300_custom_step0_s_20260508_14,18fa6c379d4245b1a4bd4fcd7bf74192,0.069,,,
330,2026-05-08,SZ002466,-0.002539342502132058,EXP_LinearModel_Alpha158_csi300_custom_step0_s_20260508_14,18fa6c379d4245b1a4bd4fcd7bf74192,0.069,,,
331,2026-05-08,SZ002475,0.014815427362918854,EXP_LinearModel_Alpha158_csi300_custom_step0_s_20260508_14,18fa6c379d4245b1a4bd4fcd7bf74192,0.069,,,
332,2026-05-08,SZ002493,-0.024319229647517204,EXP_LinearModel_Alpha158_csi300_custom_step0_s_20260508_14,18fa6c379d4245b1a4bd4fcd7bf74192,0.069,,,
333,2026-05-08,SZ002594,0.023437103256583214,EXP_LinearModel_Alpha158_csi300_custom_step0_s_20260508_14,18fa6c379d4245b1a4bd4fcd7bf74192,0.069,,,
334,2026-05-08,SZ300033,0.09101313352584839,EXP_LinearModel_Alpha158_csi300_custom_step0_s_20260508_14,18fa6c379d4245b1a4bd4fcd7bf74192,0.069,,,
335,2026-05-08,SZ300015,-0.001576725160703063,EXP_LinearModel_Alpha158_csi300_custom_step0_s_20260508_14,18fa6c379d4245b1a4bd4fcd7bf74192,0.069,,,
336,2026-05-08,SZ300014,0.12875287234783173,EXP_LinearModel_Alpha158_csi300_custom_step0_s_20260508_14,18fa6c379d4245b1a4bd4fcd7bf74192,0.069,,,
337,2026-05-08,SZ003816,0.07936021685600281,EXP_LinearModel_Alpha158_csi300_custom_step0_s_20260508_14,18fa6c379d4245b1a4bd4fcd7bf74192,0.069,,,
338,2026-05-08,SZ002938,0.08726365864276886,EXP_LinearModel_Alpha158_csi300_custom_step0_s_20260508_14,18fa6c379d4245b1a4bd4fcd7bf74192,0.069,,,
339,2026-05-08,SZ002920,-0.07873833179473877,EXP_LinearModel_Alpha158_csi300_custom_step0_s_20260508_14,18fa6c379d4245b1a4bd4fcd7bf74192,0.069,,,
340,2026-05-08,SZ300122,0.022378625348210335,EXP_LinearModel_Alpha158_csi300_custom_step0_s_20260508_14,18fa6c379d4245b1a4bd4fcd7bf74192,0.069,,,
341,2026-05-08,SZ002916,0.06756642460823059,EXP_LinearModel_Alpha158_csi300_custom_step0_s_20260508_14,18fa6c379d4245b1a4bd4fcd7bf74192,0.069,,,
342,2026-05-08,SZ002714,-0.04180621728301048,EXP_LinearModel_Alpha158_csi300_custom_step0_s_20260508_14,18fa6c379d4245b1a4bd4fcd7bf74192,0.069,,,
343,2026-05-08,SZ002709,-0.025036217644810677,EXP_LinearModel_Alpha158_csi300_custom_step0_s_20260508_14,18fa6c379d4245b1a4bd4fcd7bf74192,0.069,,,
344,2026-05-08,SZ002648,-0.015538861975073814,EXP_LinearModel_Alpha158_csi300_custom_step0_s_20260508_14,18fa6c379d4245b1a4bd4fcd7bf74192,0.069,,,
345,2026-05-08,SZ002625,-0.06569699943065643,EXP_LinearModel_Alpha158_csi300_custom_step0_s_20260508_14,18fa6c379d4245b1a4bd4fcd7bf74192,0.069,,,
346,2026-05-08,SZ002601,-0.03369981795549393,EXP_LinearModel_Alpha158_csi300_custom_step0_s_20260508_14,18fa6c379d4245b1a4bd4fcd7bf74192,0.069,,,
347,2026-05-08,SZ002600,0.04323984310030937,EXP_LinearModel_Alpha158_csi300_custom_step0_s_20260508_14,18fa6c379d4245b1a4bd4fcd7bf74192,0.069,,,
348,2026-05-08,SZ002736,-0.0007260371930897236,EXP_LinearModel_Alpha158_csi300_custom_step0_s_20260508_14,18fa6c379d4245b1a4bd4fcd7bf74192,0.069,,,
349,2026-05-08,SZ002230,-0.0008527170866727829,EXP_LinearModel_Alpha158_csi300_custom_step0_s_20260508_14,18fa6c379d4245b1a4bd4fcd7bf74192,0.069,,,
350,2026-05-08,SH600015,-0.05751253291964531,EXP_LinearModel_Alpha158_csi300_custom_step0_s_20260508_14,c8099457a11047808090688fa77f2f20,0.073,,,
351,2026-05-08,SH600018,0.006852955557405949,EXP_LinearModel_Alpha158_csi300_custom_step0_s_20260508_14,c8099457a11047808090688fa77f2f20,0.073,,,
352,2026-05-08,SH600406,-0.05301724746823311,EXP_LinearModel_Alpha158_csi300_custom_step0_s_20260508_14,c8099457a11047808090688fa77f2f20,0.073,,,
353,2026-05-08,SH600415,-0.060477934777736664,EXP_LinearModel_Alpha158_csi300_custom_step0_s_20260508_14,c8099457a11047808090688fa77f2f20,0.073,,,
354,2026-05-08,SH600426,0.08852716535329819,EXP_LinearModel_Alpha158_csi300_custom_step0_s_20260508_14,c8099457a11047808090688fa77f2f20,0.073,,,
355,2026-05-08,SH600436,-0.051142849028110504,EXP_LinearModel_Alpha158_csi300_custom_step0_s_20260508_14,c8099457a11047808090688fa77f2f20,0.073,,,
356,2026-05-08,SH600438,0.031955547630786896,EXP_LinearModel_Alpha158_csi300_custom_step0_s_20260508_14,c8099457a11047808090688fa77f2f20,0.073,,,
357,2026-05-08,SH600460,0.0544392392039299,EXP_LinearModel_Alpha158_csi300_custom_step0_s_20260508_14,c8099457a11047808090688fa77f2f20,0.073,,,
358,2026-05-08,SH600482,0.1650044023990631,EXP_LinearModel_Alpha158_csi300_custom_step0_s_20260508_14,c8099457a11047808090688fa77f2f20,0.073,,,
359,2026-05-08,SH600489,0.03920096904039383,EXP_LinearModel_Alpha158_csi300_custom_step0_s_20260508_14,c8099457a11047808090688fa77f2f20,0.073,,,
360,2026-05-08,SH600515,0.06316248327493668,EXP_LinearModel_Alpha158_csi300_custom_step0_s_20260508_14,c8099457a11047808090688fa77f2f20,0.073,,,
361,2026-05-08,SH600519,-0.09433189034461975,EXP_LinearModel_Alpha158_csi300_custom_step0_s_20260508_14,c8099457a11047808090688fa77f2f20,0.073,,,
362,2026-05-08,SH600522,-0.07054929435253143,EXP_LinearModel_Alpha158_csi300_custom_step0_s_20260508_14,c8099457a11047808090688fa77f2f20,0.073,,,
363,2026-05-08,SH600547,0.0632074847817421,EXP_LinearModel_Alpha158_csi300_custom_step0_s_20260508_14,c8099457a11047808090688fa77f2f20,0.073,,,
364,2026-05-08,SH600570,0.07999953627586365,EXP_LinearModel_Alpha158_csi300_custom_step0_s_20260508_14,c8099457a11047808090688fa77f2f20,0.073,,,
365,2026-05-08,SH600584,-0.026163702830672264,EXP_LinearModel_Alpha158_csi300_custom_step0_s_20260508_14,c8099457a11047808090688fa77f2f20,0.073,,,
366,2026-05-08,SH600585,-0.10529816150665283,EXP_LinearModel_Alpha158_csi300_custom_step0_s_20260508_14,c8099457a11047808090688fa77f2f20,0.073,,,
367,2026-05-08,SH600588,-0.028049472719430923,EXP_LinearModel_Alpha158_csi300_custom_step0_s_20260508_14,c8099457a11047808090688fa77f2f20,0.073,,,
368,2026-05-08,SH600600,0.043668828904628754,EXP_LinearModel_Alpha158_csi300_custom_step0_s_20260508_14,c8099457a11047808090688fa77f2f20,0.073,,,
369,2026-05-08,SH600900,-0.034794844686985016,EXP_LinearModel_Alpha158_csi300_custom_step0_s_20260508_14,c8099457a11047808090688fa77f2f20,0.073,,,
370,2026-05-08,SH600893,-0.10769864171743393,EXP_LinearModel_Alpha158_csi300_custom_step0_s_20260508_14,c8099457a11047808090688fa77f2f20,0.073,,,
371,2026-05-08,SH600887,0.06689699739217758,EXP_LinearModel_Alpha158_csi300_custom_step0_s_20260508_14,c8099457a11047808090688fa77f2f20,0.073,,,
372,2026-05-08,SH600886,-0.031073495745658875,EXP_LinearModel_Alpha158_csi300_custom_step0_s_20260508_14,c8099457a11047808090688fa77f2f20,0.073,,,
373,2026-05-08,SH600875,-0.051230598241090775,EXP_LinearModel_Alpha158_csi300_custom_step0_s_20260508_14,c8099457a11047808090688fa77f2f20,0.073,,,
374,2026-05-08,SH600845,-0.04378151893615723,EXP_LinearModel_Alpha158_csi300_custom_step0_s_20260508_14,c8099457a11047808090688fa77f2f20,0.073,,,
375,2026-05-08,SH600377,-0.02823992259800434,EXP_LinearModel_Alpha158_csi300_custom_step0_s_20260508_14,c8099457a11047808090688fa77f2f20,0.073,,,
376,2026-05-08,SH600809,-0.07552031427621841,EXP_LinearModel_Alpha158_csi300_custom_step0_s_20260508_14,c8099457a11047808090688fa77f2f20,0.073,,,
377,2026-05-08,SH600795,-0.013083391822874546,EXP_LinearModel_Alpha158_csi300_custom_step0_s_20260508_14,c8099457a11047808090688fa77f2f20,0.073,,,
378,2026-05-08,SH600760,-0.060357142239809036,EXP_LinearModel_Alpha158_csi300_custom_step0_s_20260508_14,c8099457a11047808090688fa77f2f20,0.073,,,
379,2026-05-08,SH600741,0.06288587301969528,EXP_LinearModel_Alpha158_csi300_custom_step0_s_20260508_14,c8099457a11047808090688fa77f2f20,0.073,,,
380,2026-05-08,SH600690,-0.026430046185851097,EXP_LinearModel_Alpha158_csi300_custom_step0_s_20260508_14,c8099457a11047808090688fa77f2f20,0.073,,,
381,2026-05-08,SH600674,-0.002844630740582943,EXP_LinearModel_Alpha158_csi300_custom_step0_s_20260508_14,c8099457a11047808090688fa77f2f20,0.073,,,
382,2026-05-08,SH600660,0.015092465095221996,EXP_LinearModel_Alpha158_csi300_custom_step0_s_20260508_14,c8099457a11047808090688fa77f2f20,0.073,,,
383,2026-05-08,SH600803,0.024604326114058495,EXP_LinearModel_Alpha158_csi300_custom_step0_s_20260508_14,c8099457a11047808090688fa77f2f20,0.073,,,
384,2026-05-08,SH600016,0.0075939614325761795,EXP_LinearModel_Alpha158_csi300_custom_step0_s_20260508_14,c8099457a11047808090688fa77f2f20,0.073,,,
385,2026-05-08,SH600372,0.01881861314177513,EXP_LinearModel_Alpha158_csi300_custom_step0_s_20260508_14,c8099457a11047808090688fa77f2f20,0.073,,,
386,2026-05-08,SH600346,0.17996054887771606,EXP_LinearModel_Alpha158_csi300_custom_step0_s_20260508_14,c8099457a11047808090688fa77f2f20,0.073,,,
387,2026-05-08,SH600019,-0.05298004671931267,EXP_LinearModel_Alpha158_csi300_custom_step0_s_20260508_14,c8099457a11047808090688fa77f2f20,0.073,,,
388,2026-05-08,SH600023,-0.0319308266043663,EXP_LinearModel_Alpha158_csi300_custom_step0_s_20260508_14,c8099457a11047808090688fa77f2f20,0.073,,,
389,2026-05-08,SH600025,0.06438715755939484,EXP_LinearModel_Alpha158_csi300_custom_step0_s_20260508_14,c8099457a11047808090688fa77f2f20,0.073,,,
390,2026-05-08,SH600026,0.04987889528274536,EXP_LinearModel_Alpha158_csi300_custom_step0_s_20260508_14,c8099457a11047808090688fa77f2f20,0.073,,,
391,2026-05-08,SH600027,-0.018588440492749214,EXP_LinearModel_Alpha158_csi300_custom_step0_s_20260508_14,c8099457a11047808090688fa77f2f20,0.073,,,
392,2026-05-08,SH600028,-0.040877822786569595,EXP_LinearModel_Alpha158_csi300_custom_step0_s_20260508_14,c8099457a11047808090688fa77f2f20,0.073,,,
393,2026-05-08,SH600029,0.004194244742393494,EXP_LinearModel_Alpha158_csi300_custom_step0_s_20260508_14,c8099457a11047808090688fa77f2f20,0.073,,,
394,2026-05-08,SH600030,0.12718316912651062,EXP_LinearModel_Alpha158_csi300_custom_step0_s_20260508_14,c8099457a11047808090688fa77f2f20,0.073,,,
395,2026-05-08,SH600031,-0.023558221757411957,EXP_LinearModel_Alpha158_csi300_custom_step0_s_20260508_14,c8099457a11047808090688fa77f2f20,0.073,,,
396,2026-05-08,SH600036,-0.0731523334980011,EXP_LinearModel_Alpha158_csi300_custom_step0_s_20260508_14,c8099457a11047808090688fa77f2f20,0.073,,,
397,2026-05-08,SH600039,0.05476021766662598,EXP_LinearModel_Alpha158_csi300_custom_step0_s_20260508_14,c8099457a11047808090688fa77f2f20,0.073,,,
398,2026-05-08,SH600048,0.012243109755218029,EXP_LinearModel_Alpha158_csi300_custom_step0_s_20260508_14,c8099457a11047808090688fa77f2f20,0.073,,,
399,2026-05-08,SH600050,-0.00838886946439743,EXP_LinearModel_Alpha158_csi300_custom_step0_s_20260508_14,c8099457a11047808090688fa77f2f20,0.073,,,
400,2026-05-08,SH600061,-0.06497406959533691,EXP_LinearModel_Alpha158_csi300_custom_step0_s_20260508_14,c8099457a11047808090688fa77f2f20,0.073,,,
401,2026-05-08,SH600066,0.038726430386304855,EXP_LinearModel_Alpha158_csi300_custom_step0_s_20260508_14,c8099457a11047808090688fa77f2f20,0.073,,,
402,2026-05-08,SH600085,0.03576197475194931,EXP_LinearModel_Alpha158_csi300_custom_step0_s_20260508_14,c8099457a11047808090688fa77f2f20,0.073,,,
403,2026-05-08,SH600089,-0.0391925685107708,EXP_LinearModel_Alpha158_csi300_custom_step0_s_20260508_14,c8099457a11047808090688fa77f2f20,0.073,,,
404,2026-05-08,SH600309,0.05696099251508713,EXP_LinearModel_Alpha158_csi300_custom_step0_s_20260508_14,c8099457a11047808090688fa77f2f20,0.073,,,
405,2026-05-08,SH600276,-0.053822487592697144,EXP_LinearModel_Alpha158_csi300_custom_step0_s_20260508_14,c8099457a11047808090688fa77f2f20,0.073,,,
406,2026-05-08,SH600233,-0.07359200716018677,EXP_LinearModel_Alpha158_csi300_custom_step0_s_20260508_14,c8099457a11047808090688fa77f2f20,0.073,,,
407,2026-05-08,SH600219,0.017235085368156433,EXP_LinearModel_Alpha158_csi300_custom_step0_s_20260508_14,c8099457a11047808090688fa77f2f20,0.073,,,
408,2026-05-08,SH600196,-0.01286791730672121,EXP_LinearModel_Alpha158_csi300_custom_step0_s_20260508_14,c8099457a11047808090688fa77f2f20,0.073,,,
409,2026-05-08,SH600188,-0.03882661461830139,EXP_LinearModel_Alpha158_csi300_custom_step0_s_20260508_14,c8099457a11047808090688fa77f2f20,0.073,,,
410,2026-05-08,SH600362,0.05472319945693016,EXP_LinearModel_Alpha158_csi300_custom_step0_s_20260508_14,c8099457a11047808090688fa77f2f20,0.073,,,
411,2026-05-08,SH600183,0.1849410980939865,EXP_LinearModel_Alpha158_csi300_custom_step0_s_20260508_14,c8099457a11047808090688fa77f2f20,0.073,,,
412,2026-05-08,SH600161,-0.057783905416727066,EXP_LinearModel_Alpha158_csi300_custom_step0_s_20260508_14,c8099457a11047808090688fa77f2f20,0.073,,,
413,2026-05-08,SH600160,0.026884516701102257,EXP_LinearModel_Alpha158_csi300_custom_step0_s_20260508_14,c8099457a11047808090688fa77f2f20,0.073,,,
414,2026-05-08,SH600150,0.10315663367509842,EXP_LinearModel_Alpha158_csi300_custom_step0_s_20260508_14,c8099457a11047808090688fa77f2f20,0.073,,,
415,2026-05-08,SH600115,0.11852075159549713,EXP_LinearModel_Alpha158_csi300_custom_step0_s_20260508_14,c8099457a11047808090688fa77f2f20,0.073,,,
416,2026-05-08,SH600111,0.148800328373909,EXP_LinearModel_Alpha158_csi300_custom_step0_s_20260508_14,c8099457a11047808090688fa77f2f20,0.073,,,
417,2026-05-08,SH600104,0.01156065333634615,EXP_LinearModel_Alpha158_csi300_custom_step0_s_20260508_14,c8099457a11047808090688fa77f2f20,0.073,,,
418,2026-05-08,SH600176,0.19860053062438965,EXP_LinearModel_Alpha158_csi300_custom_step0_s_20260508_14,c8099457a11047808090688fa77f2f20,0.073,,,
419,2026-05-08,SZ002179,0.04541509225964546,EXP_LinearModel_Alpha158_csi300_custom_step0_s_20260508_14,18fa6c379d4245b1a4bd4fcd7bf74192,0.069,,,
420,2026-05-08,SZ002142,-0.021470777690410614,EXP_LinearModel_Alpha158_csi300_custom_step0_s_20260508_14,18fa6c379d4245b1a4bd4fcd7bf74192,0.069,,,
421,2026-05-08,SZ002074,0.01973704807460308,EXP_LinearModel_Alpha158_csi300_custom_step0_s_20260508_14,18fa6c379d4245b1a4bd4fcd7bf74192,0.069,,,
422,2026-05-08,SH601766,-0.021188048645853996,EXP_LinearModel_Alpha158_csi300_custom_step0_s_20260508_14,18fa6c379d4245b1a4bd4fcd7bf74192,0.069,,,
423,2026-05-08,SH601788,-0.020571904256939888,EXP_LinearModel_Alpha158_csi300_custom_step0_s_20260508_14,18fa6c379d4245b1a4bd4fcd7bf74192,0.069,,,
424,2026-05-08,SH601800,-0.10721178352832794,EXP_LinearModel_Alpha158_csi300_custom_step0_s_20260508_14,18fa6c379d4245b1a4bd4fcd7bf74192,0.069,,,
425,2026-05-08,SH601808,-0.0826818197965622,EXP_LinearModel_Alpha158_csi300_custom_step0_s_20260508_14,18fa6c379d4245b1a4bd4fcd7bf74192,0.069,,,
426,2026-05-08,SH601816,0.003217997495085001,EXP_LinearModel_Alpha158_csi300_custom_step0_s_20260508_14,18fa6c379d4245b1a4bd4fcd7bf74192,0.069,,,
427,2026-05-08,SH601818,0.06709671020507812,EXP_LinearModel_Alpha158_csi300_custom_step0_s_20260508_14,18fa6c379d4245b1a4bd4fcd7bf74192,0.069,,,
428,2026-05-08,SH601825,0.039902303367853165,EXP_LinearModel_Alpha158_csi300_custom_step0_s_20260508_14,18fa6c379d4245b1a4bd4fcd7bf74192,0.069,,,
429,2026-05-08,SH601838,0.047157853841781616,EXP_LinearModel_Alpha158_csi300_custom_step0_s_20260508_14,18fa6c379d4245b1a4bd4fcd7bf74192,0.069,,,
430,2026-05-08,SH601857,-0.052823636680841446,EXP_LinearModel_Alpha158_csi300_custom_step0_s_20260508_14,18fa6c379d4245b1a4bd4fcd7bf74192,0.069,,,
431,2026-05-08,SH601868,-0.05790945887565613,EXP_LinearModel_Alpha158_csi300_custom_step0_s_20260508_14,18fa6c379d4245b1a4bd4fcd7bf74192,0.069,,,
432,2026-05-08,SH601872,-0.053111445158720016,EXP_LinearModel_Alpha158_csi300_custom_step0_s_20260508_14,18fa6c379d4245b1a4bd4fcd7bf74192,0.069,,,
433,2026-05-08,SH601877,-0.07784783095121384,EXP_LinearModel_Alpha158_csi300_custom_step0_s_20260508_14,18fa6c379d4245b1a4bd4fcd7bf74192,0.069,,,
434,2026-05-08,SH601878,0.031188348308205605,EXP_LinearModel_Alpha158_csi300_custom_step0_s_20260508_14,18fa6c379d4245b1a4bd4fcd7bf74192,0.069,,,
435,2026-05-08,SH601881,0.034446749836206436,EXP_LinearModel_Alpha158_csi300_custom_step0_s_20260508_14,18fa6c379d4245b1a4bd4fcd7bf74192,0.069,,,
436,2026-05-08,SH601888,-0.03018294647336006,EXP_LinearModel_Alpha158_csi300_custom_step0_s_20260508_14,18fa6c379d4245b1a4bd4fcd7bf74192,0.069,,,
437,2026-05-08,SH601898,0.03330763801932335,EXP_LinearModel_Alpha158_csi300_custom_step0_s_20260508_14,18fa6c379d4245b1a4bd4fcd7bf74192,0.069,,,
438,2026-05-08,SH601899,-0.025947365909814835,EXP_LinearModel_Alpha158_csi300_custom_step0_s_20260508_14,18fa6c379d4245b1a4bd4fcd7bf74192,0.069,,,
439,2026-05-08,SH603296,0.009848834946751595,EXP_LinearModel_Alpha158_csi300_custom_step0_s_20260508_14,18fa6c379d4245b1a4bd4fcd7bf74192,0.069,,,
440,2026-05-08,SH603288,0.0344066247344017,EXP_LinearModel_Alpha158_csi300_custom_step0_s_20260508_14,18fa6c379d4245b1a4bd4fcd7bf74192,0.069,,,
441,2026-05-08,SH603260,0.06138376146554947,EXP_LinearModel_Alpha158_csi300_custom_step0_s_20260508_14,18fa6c379d4245b1a4bd4fcd7bf74192,0.069,,,
442,2026-05-08,SH603259,-0.0426294282078743,EXP_LinearModel_Alpha158_csi300_custom_step0_s_20260508_14,18fa6c379d4245b1a4bd4fcd7bf74192,0.069,,,
443,2026-05-08,SH603195,-0.006614773068577051,EXP_LinearModel_Alpha158_csi300_custom_step0_s_20260508_14,18fa6c379d4245b1a4bd4fcd7bf74192,0.069,,,
444,2026-05-08,SH603019,-0.07109203934669495,EXP_LinearModel_Alpha158_csi300_custom_step0_s_20260508_14,18fa6c379d4245b1a4bd4fcd7bf74192,0.069,,,
445,2026-05-08,SH601728,0.04975544288754463,EXP_LinearModel_Alpha158_csi300_custom_step0_s_20260508_14,18fa6c379d4245b1a4bd4fcd7bf74192,0.069,,,
446,2026-05-08,SH601998,-0.009695224463939667,EXP_LinearModel_Alpha158_csi300_custom_step0_s_20260508_14,18fa6c379d4245b1a4bd4fcd7bf74192,0.069,,,
447,2026-05-08,SH601988,0.020607588812708855,EXP_LinearModel_Alpha158_csi300_custom_step0_s_20260508_14,18fa6c379d4245b1a4bd4fcd7bf74192,0.069,,,
448,2026-05-08,SH601985,0.09769561886787415,EXP_LinearModel_Alpha158_csi300_custom_step0_s_20260508_14,18fa6c379d4245b1a4bd4fcd7bf74192,0.069,,,
449,2026-05-08,SH601939,0.06700754910707474,EXP_LinearModel_Alpha158_csi300_custom_step0_s_20260508_14,18fa6c379d4245b1a4bd4fcd7bf74192,0.069,,,
450,2026-05-08,SH601919,-0.10895686596632004,EXP_LinearModel_Alpha158_csi300_custom_step0_s_20260508_14,18fa6c379d4245b1a4bd4fcd7bf74192,0.069,,,
451,2026-05-08,SH601916,0.11020658910274506,EXP_LinearModel_Alpha158_csi300_custom_step0_s_20260508_14,18fa6c379d4245b1a4bd4fcd7bf74192,0.069,,,
452,2026-05-08,SH601901,0.04464112967252731,EXP_LinearModel_Alpha158_csi300_custom_step0_s_20260508_14,18fa6c379d4245b1a4bd4fcd7bf74192,0.069,,,
453,2026-05-08,SH601995,0.0627630352973938,EXP_LinearModel_Alpha158_csi300_custom_step0_s_20260508_14,18fa6c379d4245b1a4bd4fcd7bf74192,0.069,,,
454,2026-05-08,SH603369,-0.0461704321205616,EXP_LinearModel_Alpha158_csi300_custom_step0_s_20260508_14,18fa6c379d4245b1a4bd4fcd7bf74192,0.069,,,
455,2026-05-08,SH601698,0.06754574179649353,EXP_LinearModel_Alpha158_csi300_custom_step0_s_20260508_14,18fa6c379d4245b1a4bd4fcd7bf74192,0.069,,,
456,2026-05-08,SH601688,0.03937259688973427,EXP_LinearModel_Alpha158_csi300_custom_step0_s_20260508_14,18fa6c379d4245b1a4bd4fcd7bf74192,0.069,,,
457,2026-05-08,SH601127,-0.06536515057086945,EXP_LinearModel_Alpha158_csi300_custom_step0_s_20260508_14,18fa6c379d4245b1a4bd4fcd7bf74192,0.069,,,
458,2026-05-08,SH601136,0.027130326256155968,EXP_LinearModel_Alpha158_csi300_custom_step0_s_20260508_14,18fa6c379d4245b1a4bd4fcd7bf74192,0.069,,,
459,2026-05-08,SH601138,0.10196062922477722,EXP_LinearModel_Alpha158_csi300_custom_step0_s_20260508_14,18fa6c379d4245b1a4bd4fcd7bf74192,0.069,,,
460,2026-05-08,SH601166,-0.08486059308052063,EXP_LinearModel_Alpha158_csi300_custom_step0_s_20260508_14,18fa6c379d4245b1a4bd4fcd7bf74192,0.069,,,
461,2026-05-08,SH601169,-0.09206660836935043,EXP_LinearModel_Alpha158_csi300_custom_step0_s_20260508_14,18fa6c379d4245b1a4bd4fcd7bf74192,0.069,,,
462,2026-05-08,SH601186,0.004216088447719812,EXP_LinearModel_Alpha158_csi300_custom_step0_s_20260508_14,18fa6c379d4245b1a4bd4fcd7bf74192,0.069,,,
463,2026-05-08,SH601211,-0.04826223477721214,EXP_LinearModel_Alpha158_csi300_custom_step0_s_20260508_14,18fa6c379d4245b1a4bd4fcd7bf74192,0.069,,,
464,2026-05-08,SH601225,-0.0007170087192207575,EXP_LinearModel_Alpha158_csi300_custom_step0_s_20260508_14,18fa6c379d4245b1a4bd4fcd7bf74192,0.069,,,
465,2026-05-08,SH601229,-0.08068802952766418,EXP_LinearModel_Alpha158_csi300_custom_step0_s_20260508_14,18fa6c379d4245b1a4bd4fcd7bf74192,0.069,,,
466,2026-05-08,SH601236,-0.012803168036043644,EXP_LinearModel_Alpha158_csi300_custom_step0_s_20260508_14,18fa6c379d4245b1a4bd4fcd7bf74192,0.069,,,
467,2026-05-08,SH601238,0.0314711295068264,EXP_LinearModel_Alpha158_csi300_custom_step0_s_20260508_14,18fa6c379d4245b1a4bd4fcd7bf74192,0.069,,,
468,2026-05-08,SH601288,0.03718772903084755,EXP_LinearModel_Alpha158_csi300_custom_step0_s_20260508_14,18fa6c379d4245b1a4bd4fcd7bf74192,0.069,,,
469,2026-05-08,SH601298,0.11114779859781265,EXP_LinearModel_Alpha158_csi300_custom_step0_s_20260508_14,18fa6c379d4245b1a4bd4fcd7bf74192,0.069,,,
470,2026-05-08,SH601318,-0.0006738118827342987,EXP_LinearModel_Alpha158_csi300_custom_step0_s_20260508_14,18fa6c379d4245b1a4bd4fcd7bf74192,0.069,,,
471,2026-05-08,SH601319,0.008512657135725021,EXP_LinearModel_Alpha158_csi300_custom_step0_s_20260508_14,18fa6c379d4245b1a4bd4fcd7bf74192,0.069,,,
472,2026-05-08,SH601328,-0.051858171820640564,EXP_LinearModel_Alpha158_csi300_custom_step0_s_20260508_14,18fa6c379d4245b1a4bd4fcd7bf74192,0.069,,,
473,2026-05-08,SH601336,0.056451067328453064,EXP_LinearModel_Alpha158_csi300_custom_step0_s_20260508_14,18fa6c379d4245b1a4bd4fcd7bf74192,0.069,,,
474,2026-05-08,SH601669,-0.060683414340019226,EXP_LinearModel_Alpha158_csi300_custom_step0_s_20260508_14,18fa6c379d4245b1a4bd4fcd7bf74192,0.069,,,
475,2026-05-08,SH601668,0.12753798067569733,EXP_LinearModel_Alpha158_csi300_custom_step0_s_20260508_14,18fa6c379d4245b1a4bd4fcd7bf74192,0.069,,,
476,2026-05-08,SH601658,-0.012941990047693253,EXP_LinearModel_Alpha158_csi300_custom_step0_s_20260508_14,18fa6c379d4245b1a4bd4fcd7bf74192,0.069,,,
477,2026-05-08,SH601633,-0.112104132771492,EXP_LinearModel_Alpha158_csi300_custom_step0_s_20260508_14,18fa6c379d4245b1a4bd4fcd7bf74192,0.069,,,
478,2026-05-08,SH601628,0.018593406304717064,EXP_LinearModel_Alpha158_csi300_custom_step0_s_20260508_14,18fa6c379d4245b1a4bd4fcd7bf74192,0.069,,,
479,2026-05-08,SH601618,-0.019685029983520508,EXP_LinearModel_Alpha158_csi300_custom_step0_s_20260508_14,18fa6c379d4245b1a4bd4fcd7bf74192,0.069,,,
480,2026-05-08,SH601689,-0.11341805011034012,EXP_LinearModel_Alpha158_csi300_custom_step0_s_20260508_14,18fa6c379d4245b1a4bd4fcd7bf74192,0.069,,,
481,2026-05-08,SH601607,-0.037900377064943314,EXP_LinearModel_Alpha158_csi300_custom_step0_s_20260508_14,18fa6c379d4245b1a4bd4fcd7bf74192,0.069,,,
482,2026-05-08,SH601600,-0.0739615261554718,EXP_LinearModel_Alpha158_csi300_custom_step0_s_20260508_14,18fa6c379d4245b1a4bd4fcd7bf74192,0.069,,,
483,2026-05-08,SH601456,0.10861179977655411,EXP_LinearModel_Alpha158_csi300_custom_step0_s_20260508_14,18fa6c379d4245b1a4bd4fcd7bf74192,0.069,,,
484,2026-05-08,SH601398,0.0672895535826683,EXP_LinearModel_Alpha158_csi300_custom_step0_s_20260508_14,18fa6c379d4245b1a4bd4fcd7bf74192,0.069,,,
485,2026-05-08,SH601390,-0.08410776406526566,EXP_LinearModel_Alpha158_csi300_custom_step0_s_20260508_14,18fa6c379d4245b1a4bd4fcd7bf74192,0.069,,,
486,2026-05-08,SH601377,0.05418580025434494,EXP_LinearModel_Alpha158_csi300_custom_step0_s_20260508_14,18fa6c379d4245b1a4bd4fcd7bf74192,0.069,,,
487,2026-05-08,SH601360,-0.09716593474149704,EXP_LinearModel_Alpha158_csi300_custom_step0_s_20260508_14,18fa6c379d4245b1a4bd4fcd7bf74192,0.069,,,
488,2026-05-08,SH601601,-0.0018981096800416708,EXP_LinearModel_Alpha158_csi300_custom_step0_s_20260508_14,18fa6c379d4245b1a4bd4fcd7bf74192,0.069,,,
489,2026-05-08,SH603392,0.03034711256623268,EXP_LinearModel_Alpha158_csi300_custom_step0_s_20260508_14,18fa6c379d4245b1a4bd4fcd7bf74192,0.069,,,
490,2026-05-08,SH603501,-0.0050691841170191765,EXP_LinearModel_Alpha158_csi300_custom_step0_s_20260508_14,18fa6c379d4245b1a4bd4fcd7bf74192,0.069,,,
491,2026-05-08,SH603799,-0.01749524101614952,EXP_LinearModel_Alpha158_csi300_custom_step0_s_20260508_14,18fa6c379d4245b1a4bd4fcd7bf74192,0.069,,,
492,2026-05-08,SZ000568,-0.04961789771914482,EXP_LinearModel_Alpha158_csi300_custom_step0_s_20260508_14,18fa6c379d4245b1a4bd4fcd7bf74192,0.069,,,
493,2026-05-08,SZ000596,-0.02738070860505104,EXP_LinearModel_Alpha158_csi300_custom_step0_s_20260508_14,18fa6c379d4245b1a4bd4fcd7bf74192,0.069,,,
494,2026-05-08,SZ000617,-0.013016664423048496,EXP_LinearModel_Alpha158_csi300_custom_step0_s_20260508_14,18fa6c379d4245b1a4bd4fcd7bf74192,0.069,,,
495,2026-05-08,SZ000625,-0.12168781459331512,EXP_LinearModel_Alpha158_csi300_custom_step0_s_20260508_14,18fa6c379d4245b1a4bd4fcd7bf74192,0.069,,,
496,2026-05-08,SZ000630,-0.02784563973546028,EXP_LinearModel_Alpha158_csi300_custom_step0_s_20260508_14,18fa6c379d4245b1a4bd4fcd7bf74192,0.069,,,
497,2026-05-08,SZ000651,0.039569251239299774,EXP_LinearModel_Alpha158_csi300_custom_step0_s_20260508_14,18fa6c379d4245b1a4bd4fcd7bf74192,0.069,,,
498,2026-05-08,SZ000661,-0.06296683102846146,EXP_LinearModel_Alpha158_csi300_custom_step0_s_20260508_14,18fa6c379d4245b1a4bd4fcd7bf74192,0.069,,,
499,2026-05-08,SZ000708,0.030247457325458527,EXP_LinearModel_Alpha158_csi300_custom_step0_s_20260508_14,18fa6c379d4245b1a4bd4fcd7bf74192,0.069,,,
500,2026-05-08,SZ000725,0.053990259766578674,EXP_LinearModel_Alpha158_csi300_custom_step0_s_20260508_14,18fa6c379d4245b1a4bd4fcd7bf74192,0.069,,,
501,2026-05-08,SZ000768,-0.000402587465941906,EXP_LinearModel_Alpha158_csi300_custom_step0_s_20260508_14,18fa6c379d4245b1a4bd4fcd7bf74192,0.069,,,
502,2026-05-08,SZ000776,0.06545127928256989,EXP_LinearModel_Alpha158_csi300_custom_step0_s_20260508_14,18fa6c379d4245b1a4bd4fcd7bf74192,0.069,,,
503,2026-05-08,SZ000786,0.02238837070763111,EXP_LinearModel_Alpha158_csi300_custom_step0_s_20260508_14,18fa6c379d4245b1a4bd4fcd7bf74192,0.069,,,
504,2026-05-08,SZ000792,-0.0217503122985363,EXP_LinearModel_Alpha158_csi300_custom_step0_s_20260508_14,18fa6c379d4245b1a4bd4fcd7bf74192,0.069,,,
505,2026-05-08,SZ000807,-0.029170425608754158,EXP_LinearModel_Alpha158_csi300_custom_step0_s_20260508_14,18fa6c379d4245b1a4bd4fcd7bf74192,0.069,,,
506,2026-05-08,SZ000858,-0.030218787491321564,EXP_LinearModel_Alpha158_csi300_custom_step0_s_20260508_14,18fa6c379d4245b1a4bd4fcd7bf74192,0.069,,,
507,2026-05-08,SZ000876,0.04862843453884125,EXP_LinearModel_Alpha158_csi300_custom_step0_s_20260508_14,18fa6c379d4245b1a4bd4fcd7bf74192,0.069,,,
508,2026-05-08,SZ000895,-0.046094104647636414,EXP_LinearModel_Alpha158_csi300_custom_step0_s_20260508_14,18fa6c379d4245b1a4bd4fcd7bf74192,0.069,,,
509,2026-05-08,SZ002050,-0.052370354533195496,EXP_LinearModel_Alpha158_csi300_custom_step0_s_20260508_14,18fa6c379d4245b1a4bd4fcd7bf74192,0.069,,,
510,2026-05-08,SZ002049,-0.05243474245071411,EXP_LinearModel_Alpha158_csi300_custom_step0_s_20260508_14,18fa6c379d4245b1a4bd4fcd7bf74192,0.069,,,
511,2026-05-08,SZ002028,-0.09286851435899734,EXP_LinearModel_Alpha158_csi300_custom_step0_s_20260508_14,18fa6c379d4245b1a4bd4fcd7bf74192,0.069,,,
512,2026-05-08,SZ002027,-0.01472778432071209,EXP_LinearModel_Alpha158_csi300_custom_step0_s_20260508_14,18fa6c379d4245b1a4bd4fcd7bf74192,0.069,,,
513,2026-05-08,SZ002001,0.06984799355268478,EXP_LinearModel_Alpha158_csi300_custom_step0_s_20260508_14,18fa6c379d4245b1a4bd4fcd7bf74192,0.069,,,
514,2026-05-08,SZ001979,-0.05184518173336983,EXP_LinearModel_Alpha158_csi300_custom_step0_s_20260508_14,18fa6c379d4245b1a4bd4fcd7bf74192,0.069,,,
515,2026-05-08,SZ000538,-0.05402339994907379,EXP_LinearModel_Alpha158_csi300_custom_step0_s_20260508_14,18fa6c379d4245b1a4bd4fcd7bf74192,0.069,,,
516,2026-05-08,SZ001965,0.10163908451795578,EXP_LinearModel_Alpha158_csi300_custom_step0_s_20260508_14,18fa6c379d4245b1a4bd4fcd7bf74192,0.069,,,
517,2026-05-08,SZ000999,-0.15297935903072357,EXP_LinearModel_Alpha158_csi300_custom_step0_s_20260508_14,18fa6c379d4245b1a4bd4fcd7bf74192,0.069,,,
518,2026-05-08,SZ000983,-0.022466320544481277,EXP_LinearModel_Alpha158_csi300_custom_step0_s_20260508_14,18fa6c379d4245b1a4bd4fcd7bf74192,0.069,,,
519,2026-05-08,SZ000977,0.14741745591163635,EXP_LinearModel_Alpha158_csi300_custom_step0_s_20260508_14,18fa6c379d4245b1a4bd4fcd7bf74192,0.069,,,
520,2026-05-08,SZ000975,-0.09264343231916428,EXP_LinearModel_Alpha158_csi300_custom_step0_s_20260508_14,18fa6c379d4245b1a4bd4fcd7bf74192,0.069,,,
521,2026-05-08,SZ000963,-0.040120258927345276,EXP_LinearModel_Alpha158_csi300_custom_step0_s_20260508_14,18fa6c379d4245b1a4bd4fcd7bf74192,0.069,,,
522,2026-05-08,SZ000938,0.03094756230711937,EXP_LinearModel_Alpha158_csi300_custom_step0_s_20260508_14,18fa6c379d4245b1a4bd4fcd7bf74192,0.069,,,
523,2026-05-08,SZ001391,0.039512865245342255,EXP_LinearModel_Alpha158_csi300_custom_step0_s_20260508_14,18fa6c379d4245b1a4bd4fcd7bf74192,0.069,,,
524,2026-05-08,SZ000425,0.021932190284132957,EXP_LinearModel_Alpha158_csi300_custom_step0_s_20260508_14,18fa6c379d4245b1a4bd4fcd7bf74192,0.069,,,
525,2026-05-08,SZ000408,0.047091126441955566,EXP_LinearModel_Alpha158_csi300_custom_step0_s_20260508_14,18fa6c379d4245b1a4bd4fcd7bf74192,0.069,,,
526,2026-05-08,SZ000338,-0.10084076970815659,EXP_LinearModel_Alpha158_csi300_custom_step0_s_20260508_14,18fa6c379d4245b1a4bd4fcd7bf74192,0.069,,,
527,2026-05-08,SH688126,-0.09635771811008453,EXP_LinearModel_Alpha158_csi300_custom_step0_s_20260508_14,18fa6c379d4245b1a4bd4fcd7bf74192,0.069,,,
528,2026-05-08,SH688111,-0.09482457488775253,EXP_LinearModel_Alpha158_csi300_custom_step0_s_20260508_14,18fa6c379d4245b1a4bd4fcd7bf74192,0.069,,,
529,2026-05-08,SH688082,-0.011549003422260284,EXP_LinearModel_Alpha158_csi300_custom_step0_s_20260508_14,18fa6c379d4245b1a4bd4fcd7bf74192,0.069,,,
530,2026-05-08,SH688047,-0.12928543984889984,EXP_LinearModel_Alpha158_csi300_custom_step0_s_20260508_14,18fa6c379d4245b1a4bd4fcd7bf74192,0.069,,,
531,2026-05-08,SH688041,-0.13397538661956787,EXP_LinearModel_Alpha158_csi300_custom_step0_s_20260508_14,18fa6c379d4245b1a4bd4fcd7bf74192,0.069,,,
532,2026-05-08,SH688036,-0.024032533168792725,EXP_LinearModel_Alpha158_csi300_custom_step0_s_20260508_14,18fa6c379d4245b1a4bd4fcd7bf74192,0.069,,,
533,2026-05-08,SH688169,0.017664916813373566,EXP_LinearModel_Alpha158_csi300_custom_step0_s_20260508_14,18fa6c379d4245b1a4bd4fcd7bf74192,0.069,,,
534,2026-05-08,SH688012,-0.012919630855321884,EXP_LinearModel_Alpha158_csi300_custom_step0_s_20260508_14,18fa6c379d4245b1a4bd4fcd7bf74192,0.069,,,
535,2026-05-08,SH688008,-0.21972127258777618,EXP_LinearModel_Alpha158_csi300_custom_step0_s_20260508_14,18fa6c379d4245b1a4bd4fcd7bf74192,0.069,,,
536,2026-05-08,SH605499,0.06337451934814453,EXP_LinearModel_Alpha158_csi300_custom_step0_s_20260508_14,18fa6c379d4245b1a4bd4fcd7bf74192,0.069,,,
537,2026-05-08,SH605117,-0.028412139043211937,EXP_LinearModel_Alpha158_csi300_custom_step0_s_20260508_14,18fa6c379d4245b1a4bd4fcd7bf74192,0.069,,,
538,2026-05-08,SH603993,-0.009176608175039291,EXP_LinearModel_Alpha158_csi300_custom_step0_s_20260508_14,18fa6c379d4245b1a4bd4fcd7bf74192,0.069,,,
539,2026-05-08,SH603986,-0.10301285982131958,EXP_LinearModel_Alpha158_csi300_custom_step0_s_20260508_14,18fa6c379d4245b1a4bd4fcd7bf74192,0.069,,,
540,2026-05-08,SH603893,0.045533470809459686,EXP_LinearModel_Alpha158_csi300_custom_step0_s_20260508_14,18fa6c379d4245b1a4bd4fcd7bf74192,0.069,,,
541,2026-05-08,SH688009,-0.05839706212282181,EXP_LinearModel_Alpha158_csi300_custom_step0_s_20260508_14,18fa6c379d4245b1a4bd4fcd7bf74192,0.069,,,
542,2026-05-08,SH601111,0.03463722765445709,EXP_LinearModel_Alpha158_csi300_custom_step0_s_20260508_14,18fa6c379d4245b1a4bd4fcd7bf74192,0.069,,,
543,2026-05-08,SH688187,-0.046031802892684937,EXP_LinearModel_Alpha158_csi300_custom_step0_s_20260508_14,18fa6c379d4245b1a4bd4fcd7bf74192,0.069,,,
544,2026-05-08,SH688256,-0.19863195717334747,EXP_LinearModel_Alpha158_csi300_custom_step0_s_20260508_14,18fa6c379d4245b1a4bd4fcd7bf74192,0.069,,,
545,2026-05-08,SZ000333,0.07397947460412979,EXP_LinearModel_Alpha158_csi300_custom_step0_s_20260508_14,18fa6c379d4245b1a4bd4fcd7bf74192,0.069,,,
546,2026-05-08,SZ000301,0.08212215453386307,EXP_LinearModel_Alpha158_csi300_custom_step0_s_20260508_14,18fa6c379d4245b1a4bd4fcd7bf74192,0.069,,,
547,2026-05-08,SZ000166,0.039541520178318024,EXP_LinearModel_Alpha158_csi300_custom_step0_s_20260508_14,18fa6c379d4245b1a4bd4fcd7bf74192,0.069,,,
548,2026-05-08,SZ000157,0.021573588252067566,EXP_LinearModel_Alpha158_csi300_custom_step0_s_20260508_14,18fa6c379d4245b1a4bd4fcd7bf74192,0.069,,,
549,2026-05-08,SZ000100,0.02145007625222206,EXP_LinearModel_Alpha158_csi300_custom_step0_s_20260508_14,18fa6c379d4245b1a4bd4fcd7bf74192,0.069,,,
550,2026-05-08,SZ000063,-0.013111384585499763,EXP_LinearModel_Alpha158_csi300_custom_step0_s_20260508_14,18fa6c379d4245b1a4bd4fcd7bf74192,0.069,,,
551,2026-05-08,SH688223,-0.009161720983684063,EXP_LinearModel_Alpha158_csi300_custom_step0_s_20260508_14,18fa6c379d4245b1a4bd4fcd7bf74192,0.069,,,
552,2026-05-08,SZ000002,-0.04303088039159775,EXP_LinearModel_Alpha158_csi300_custom_step0_s_20260508_14,18fa6c379d4245b1a4bd4fcd7bf74192,0.069,,,
553,2026-05-08,SH688981,-0.052104029804468155,EXP_LinearModel_Alpha158_csi300_custom_step0_s_20260508_14,18fa6c379d4245b1a4bd4fcd7bf74192,0.069,,,
554,2026-05-08,SH688506,0.032281581312417984,EXP_LinearModel_Alpha158_csi300_custom_step0_s_20260508_14,18fa6c379d4245b1a4bd4fcd7bf74192,0.069,,,
555,2026-05-08,SH688472,0.007582886144518852,EXP_LinearModel_Alpha158_csi300_custom_step0_s_20260508_14,18fa6c379d4245b1a4bd4fcd7bf74192,0.069,,,
556,2026-05-08,SH688396,0.05755101889371872,EXP_LinearModel_Alpha158_csi300_custom_step0_s_20260508_14,18fa6c379d4245b1a4bd4fcd7bf74192,0.069,,,
557,2026-05-08,SH688303,0.0001980241941055283,EXP_LinearModel_Alpha158_csi300_custom_step0_s_20260508_14,18fa6c379d4245b1a4bd4fcd7bf74192,0.069,,,
558,2026-05-08,SH688271,0.025674477219581604,EXP_LinearModel_Alpha158_csi300_custom_step0_s_20260508_14,18fa6c379d4245b1a4bd4fcd7bf74192,0.069,,,
559,2026-05-08,SZ000001,-0.04181031137704849,EXP_LinearModel_Alpha158_csi300_custom_step0_s_20260508_14,18fa6c379d4245b1a4bd4fcd7bf74192,0.069,,,
560,2026-05-08,SH601360,-0.02018023282289505,EXP_LinearModel_Alpha158_csi300_custom_step0_s_20260508_14,fb704b7328954c45bbf393546dcceaee,0.08,,,
561,2026-05-08,SH601336,-0.030692003667354584,EXP_LinearModel_Alpha158_csi300_custom_step0_s_20260508_14,fb704b7328954c45bbf393546dcceaee,0.08,,,
562,2026-05-08,SH601328,-0.010271146893501282,EXP_LinearModel_Alpha158_csi300_custom_step0_s_20260508_14,fb704b7328954c45bbf393546dcceaee,0.08,,,
563,2026-05-08,SH600160,-0.047267597168684006,EXP_LinearModel_Alpha158_csi300_custom_step0_s_20260508_14,f02e21c28550400aafd99e409f0f60cb,0.065,,,
564,2026-05-08,SH600161,-0.06436499208211899,EXP_LinearModel_Alpha158_csi300_custom_step0_s_20260508_14,f02e21c28550400aafd99e409f0f60cb,0.065,,,
565,2026-05-08,SH600176,-0.10570327937602997,EXP_LinearModel_Alpha158_csi300_custom_step0_s_20260508_14,f02e21c28550400aafd99e409f0f60cb,0.065,,,
566,2026-05-08,SH600183,-0.06686539947986603,EXP_LinearModel_Alpha158_csi300_custom_step0_s_20260508_14,f02e21c28550400aafd99e409f0f60cb,0.065,,,
567,2026-05-08,SH600188,-0.007058530114591122,EXP_LinearModel_Alpha158_csi300_custom_step0_s_20260508_14,f02e21c28550400aafd99e409f0f60cb,0.065,,,
568,2026-05-08,SH600196,-0.09456410259008408,EXP_LinearModel_Alpha158_csi300_custom_step0_s_20260508_14,f02e21c28550400aafd99e409f0f60cb,0.065,,,
569,2026-05-08,SH600219,0.0047751739621162415,EXP_LinearModel_Alpha158_csi300_custom_step0_s_20260508_14,f02e21c28550400aafd99e409f0f60cb,0.065,,,
570,2026-05-08,SH600233,-0.0230622086673975,EXP_LinearModel_Alpha158_csi300_custom_step0_s_20260508_14,f02e21c28550400aafd99e409f0f60cb,0.065,,,
571,2026-05-08,SH600276,-0.0878315269947052,EXP_LinearModel_Alpha158_csi300_custom_step0_s_20260508_14,f02e21c28550400aafd99e409f0f60cb,0.065,,,
572,2026-05-08,SH600309,0.005303201265633106,EXP_LinearModel_Alpha158_csi300_custom_step0_s_20260508_14,f02e21c28550400aafd99e409f0f60cb,0.065,,,
573,2026-05-08,SH600346,-0.03177068755030632,EXP_LinearModel_Alpha158_csi300_custom_step0_s_20260508_14,f02e21c28550400aafd99e409f0f60cb,0.065,,,
574,2026-05-08,SH600362,-0.0706629604101181,EXP_LinearModel_Alpha158_csi300_custom_step0_s_20260508_14,f02e21c28550400aafd99e409f0f60cb,0.065,,,
575,2026-05-08,SH600372,0.03213503956794739,EXP_LinearModel_Alpha158_csi300_custom_step0_s_20260508_14,f02e21c28550400aafd99e409f0f60cb,0.065,,,
576,2026-05-08,SH600377,0.06289826333522797,EXP_LinearModel_Alpha158_csi300_custom_step0_s_20260508_14,f02e21c28550400aafd99e409f0f60cb,0.065,,,
577,2026-05-08,SH600406,-0.046114109456539154,EXP_LinearModel_Alpha158_csi300_custom_step0_s_20260508_14,f02e21c28550400aafd99e409f0f60cb,0.065,,,
578,2026-05-08,SH600415,0.004753645043820143,EXP_LinearModel_Alpha158_csi300_custom_step0_s_20260508_14,f02e21c28550400aafd99e409f0f60cb,0.065,,,
579,2026-05-08,SH600426,-0.0437316857278347,EXP_LinearModel_Alpha158_csi300_custom_step0_s_20260508_14,f02e21c28550400aafd99e409f0f60cb,0.065,,,
580,2026-05-08,SH600600,-0.00610369024798274,EXP_LinearModel_Alpha158_csi300_custom_step0_s_20260508_14,f02e21c28550400aafd99e409f0f60cb,0.065,,,
581,2026-05-08,SH600588,-0.03209081292152405,EXP_LinearModel_Alpha158_csi300_custom_step0_s_20260508_14,f02e21c28550400aafd99e409f0f60cb,0.065,,,
582,2026-05-08,SH600585,-0.05949436500668526,EXP_LinearModel_Alpha158_csi300_custom_step0_s_20260508_14,f02e21c28550400aafd99e409f0f60cb,0.065,,,
583,2026-05-08,SH600584,-0.038714583963155746,EXP_LinearModel_Alpha158_csi300_custom_step0_s_20260508_14,f02e21c28550400aafd99e409f0f60cb,0.065,,,
584,2026-05-08,SH600570,-0.0382889099419117,EXP_LinearModel_Alpha158_csi300_custom_step0_s_20260508_14,f02e21c28550400aafd99e409f0f60cb,0.065,,,
585,2026-05-08,SH600547,-0.058219365775585175,EXP_LinearModel_Alpha158_csi300_custom_step0_s_20260508_14,f02e21c28550400aafd99e409f0f60cb,0.065,,,
586,2026-05-08,SH600150,0.07850294560194016,EXP_LinearModel_Alpha158_csi300_custom_step0_s_20260508_14,f02e21c28550400aafd99e409f0f60cb,0.065,,,
587,2026-05-08,SH600522,-0.15306760370731354,EXP_LinearModel_Alpha158_csi300_custom_step0_s_20260508_14,f02e21c28550400aafd99e409f0f60cb,0.065,,,
588,2026-05-08,SH600515,0.04071703553199768,EXP_LinearModel_Alpha158_csi300_custom_step0_s_20260508_14,f02e21c28550400aafd99e409f0f60cb,0.065,,,
589,2026-05-08,SH600489,-0.1052224189043045,EXP_LinearModel_Alpha158_csi300_custom_step0_s_20260508_14,f02e21c28550400aafd99e409f0f60cb,0.065,,,
590,2026-05-08,SH600482,-0.05430861935019493,EXP_LinearModel_Alpha158_csi300_custom_step0_s_20260508_14,f02e21c28550400aafd99e409f0f60cb,0.065,,,
591,2026-05-08,SH600460,-0.040395691990852356,EXP_LinearModel_Alpha158_csi300_custom_step0_s_20260508_14,f02e21c28550400aafd99e409f0f60cb,0.065,,,
592,2026-05-08,SH600438,0.052584145218133926,EXP_LinearModel_Alpha158_csi300_custom_step0_s_20260508_14,f02e21c28550400aafd99e409f0f60cb,0.065,,,
593,2026-05-08,SH600436,0.00635158596560359,EXP_LinearModel_Alpha158_csi300_custom_step0_s_20260508_14,f02e21c28550400aafd99e409f0f60cb,0.065,,,
594,2026-05-08,SH600519,-0.0030019707046449184,EXP_LinearModel_Alpha158_csi300_custom_step0_s_20260508_14,f02e21c28550400aafd99e409f0f60cb,0.065,,,
595,2026-05-08,SH600660,-0.007820392958819866,EXP_LinearModel_Alpha158_csi300_custom_step0_s_20260508_14,f02e21c28550400aafd99e409f0f60cb,0.065,,,
596,2026-05-08,SH600115,-0.016385406255722046,EXP_LinearModel_Alpha158_csi300_custom_step0_s_20260508_14,f02e21c28550400aafd99e409f0f60cb,0.065,,,
597,2026-05-08,SH600104,-0.018815020099282265,EXP_LinearModel_Alpha158_csi300_custom_step0_s_20260508_14,f02e21c28550400aafd99e409f0f60cb,0.065,,,
598,2026-05-08,SZ300866,0.1395980275567281,EXP_DEnsembleModel_Alpha158_csi300_custom_step0_s_20260508_14,246173a6588340aca285c143d7f0b30d,0.05,,,
599,2026-05-08,SZ300896,0.06009356808784447,EXP_DEnsembleModel_Alpha158_csi300_custom_step0_s_20260508_14,246173a6588340aca285c143d7f0b30d,0.05,,,
600,2026-05-08,SZ300979,-0.06720831175101051,EXP_DEnsembleModel_Alpha158_csi300_custom_step0_s_20260508_14,246173a6588340aca285c143d7f0b30d,0.05,,,
601,2026-05-08,SZ300999,-0.01802790077476048,EXP_DEnsembleModel_Alpha158_csi300_custom_step0_s_20260508_14,246173a6588340aca285c143d7f0b30d,0.05,,,
602,2026-05-08,SZ301236,0.014975794819248484,EXP_DEnsembleModel_Alpha158_csi300_custom_step0_s_20260508_14,246173a6588340aca285c143d7f0b30d,0.05,,,
603,2026-05-08,SZ301269,0.11843047860815399,EXP_DEnsembleModel_Alpha158_csi300_custom_step0_s_20260508_14,246173a6588340aca285c143d7f0b30d,0.05,,,
604,2026-05-08,SZ302132,0.08825844544804226,EXP_DEnsembleModel_Alpha158_csi300_custom_step0_s_20260508_14,246173a6588340aca285c143d7f0b30d,0.05,,,
605,2026-05-08,SH600000,-0.06915100663900375,EXP_LinearModel_Alpha158_csi300_custom_step0_s_20260508_14,f02e21c28550400aafd99e409f0f60cb,0.065,,,
606,2026-05-08,SH600009,0.005093568004667759,EXP_LinearModel_Alpha158_csi300_custom_step0_s_20260508_14,f02e21c28550400aafd99e409f0f60cb,0.065,,,
607,2026-05-08,SH600010,-0.0010957424528896809,EXP_LinearModel_Alpha158_csi300_custom_step0_s_20260508_14,f02e21c28550400aafd99e409f0f60cb,0.065,,,
608,2026-05-08,SH600011,0.019272711127996445,EXP_LinearModel_Alpha158_csi300_custom_step0_s_20260508_14,f02e21c28550400aafd99e409f0f60cb,0.065,,,
609,2026-05-08,SH600015,-0.02857481874525547,EXP_LinearModel_Alpha158_csi300_custom_step0_s_20260508_14,f02e21c28550400aafd99e409f0f60cb,0.065,,,
610,2026-05-08,SH600016,0.05174229294061661,EXP_LinearModel_Alpha158_csi300_custom_step0_s_20260508_14,f02e21c28550400aafd99e409f0f60cb,0.065,,,
611,2026-05-08,SH600018,0.045992411673069,EXP_LinearModel_Alpha158_csi300_custom_step0_s_20260508_14,f02e21c28550400aafd99e409f0f60cb,0.065,,,
612,2026-05-08,SH600019,0.03153933957219124,EXP_LinearModel_Alpha158_csi300_custom_step0_s_20260508_14,f02e21c28550400aafd99e409f0f60cb,0.065,,,
613,2026-05-08,SH600023,0.057506170123815536,EXP_LinearModel_Alpha158_csi300_custom_step0_s_20260508_14,f02e21c28550400aafd99e409f0f60cb,0.065,,,
614,2026-05-08,SH600025,-0.008518659509718418,EXP_LinearModel_Alpha158_csi300_custom_step0_s_20260508_14,f02e21c28550400aafd99e409f0f60cb,0.065,,,
615,2026-05-08,SH600089,0.01397479698061943,EXP_LinearModel_Alpha158_csi300_custom_step0_s_20260508_14,f02e21c28550400aafd99e409f0f60cb,0.065,,,
616,2026-05-08,SH600085,0.04394854977726936,EXP_LinearModel_Alpha158_csi300_custom_step0_s_20260508_14,f02e21c28550400aafd99e409f0f60cb,0.065,,,
617,2026-05-08,SH600066,0.005098253022879362,EXP_LinearModel_Alpha158_csi300_custom_step0_s_20260508_14,f02e21c28550400aafd99e409f0f60cb,0.065,,,
618,2026-05-08,SH600061,0.028306564316153526,EXP_LinearModel_Alpha158_csi300_custom_step0_s_20260508_14,f02e21c28550400aafd99e409f0f60cb,0.065,,,
619,2026-05-08,SH600050,0.029902128502726555,EXP_LinearModel_Alpha158_csi300_custom_step0_s_20260508_14,f02e21c28550400aafd99e409f0f60cb,0.065,,,
620,2026-05-08,SH600048,0.017181232571601868,EXP_LinearModel_Alpha158_csi300_custom_step0_s_20260508_14,f02e21c28550400aafd99e409f0f60cb,0.065,,,
621,2026-05-08,SH600111,-0.10495103150606155,EXP_LinearModel_Alpha158_csi300_custom_step0_s_20260508_14,f02e21c28550400aafd99e409f0f60cb,0.065,,,
622,2026-05-08,SH600039,0.02445983700454235,EXP_LinearModel_Alpha158_csi300_custom_step0_s_20260508_14,f02e21c28550400aafd99e409f0f60cb,0.065,,,
623,2026-05-08,SH600031,-0.04821605980396271,EXP_LinearModel_Alpha158_csi300_custom_step0_s_20260508_14,f02e21c28550400aafd99e409f0f60cb,0.065,,,
624,2026-05-08,SH600030,0.0031532347202301025,EXP_LinearModel_Alpha158_csi300_custom_step0_s_20260508_14,f02e21c28550400aafd99e409f0f60cb,0.065,,,
625,2026-05-08,SH600029,-0.05187457054853439,EXP_LinearModel_Alpha158_csi300_custom_step0_s_20260508_14,f02e21c28550400aafd99e409f0f60cb,0.065,,,
626,2026-05-08,SH600028,-0.03585909679532051,EXP_LinearModel_Alpha158_csi300_custom_step0_s_20260508_14,f02e21c28550400aafd99e409f0f60cb,0.065,,,
627,2026-05-08,SH600027,0.04096439853310585,EXP_LinearModel_Alpha158_csi300_custom_step0_s_20260508_14,f02e21c28550400aafd99e409f0f60cb,0.065,,,
628,2026-05-08,SH600026,-0.030085701495409012,EXP_LinearModel_Alpha158_csi300_custom_step0_s_20260508_14,f02e21c28550400aafd99e409f0f60cb,0.065,,,
629,2026-05-08,SH600036,-0.02449856698513031,EXP_LinearModel_Alpha158_csi300_custom_step0_s_20260508_14,f02e21c28550400aafd99e409f0f60cb,0.065,,,
630,2026-05-08,SZ300832,0.04379915551458915,EXP_DEnsembleModel_Alpha158_csi300_custom_step0_s_20260508_14,246173a6588340aca285c143d7f0b30d,0.05,,,
631,2026-05-08,SH600674,0.08629724383354187,EXP_LinearModel_Alpha158_csi300_custom_step0_s_20260508_14,f02e21c28550400aafd99e409f0f60cb,0.065,,,
632,2026-05-08,SH600741,-0.026221461594104767,EXP_LinearModel_Alpha158_csi300_custom_step0_s_20260508_14,f02e21c28550400aafd99e409f0f60cb,0.065,,,
633,2026-05-08,SH601138,-0.019610939547419548,EXP_LinearModel_Alpha158_csi300_custom_step0_s_20260508_14,f02e21c28550400aafd99e409f0f60cb,0.065,,,
634,2026-05-08,SH601166,-0.07404832541942596,EXP_LinearModel_Alpha158_csi300_custom_step0_s_20260508_14,f02e21c28550400aafd99e409f0f60cb,0.065,,,
635,2026-05-08,SH601169,-0.007308686152100563,EXP_LinearModel_Alpha158_csi300_custom_step0_s_20260508_14,f02e21c28550400aafd99e409f0f60cb,0.065,,,
636,2026-05-08,SH601186,-0.012550091370940208,EXP_LinearModel_Alpha158_csi300_custom_step0_s_20260508_14,f02e21c28550400aafd99e409f0f60cb,0.065,,,
637,2026-05-08,SH601211,-0.023646248504519463,EXP_LinearModel_Alpha158_csi300_custom_step0_s_20260508_14,f02e21c28550400aafd99e409f0f60cb,0.065,,,
638,2026-05-08,SH601225,-0.006577123887836933,EXP_LinearModel_Alpha158_csi300_custom_step0_s_20260508_14,f02e21c28550400aafd99e409f0f60cb,0.065,,,
639,2026-05-08,SH601229,-0.07552298158407211,EXP_LinearModel_Alpha158_csi300_custom_step0_s_20260508_14,f02e21c28550400aafd99e409f0f60cb,0.065,,,
640,2026-05-08,SH601236,-0.016400262713432312,EXP_LinearModel_Alpha158_csi300_custom_step0_s_20260508_14,f02e21c28550400aafd99e409f0f60cb,0.065,,,
641,2026-05-08,SH601238,-0.020509863272309303,EXP_LinearModel_Alpha158_csi300_custom_step0_s_20260508_14,f02e21c28550400aafd99e409f0f60cb,0.065,,,
642,2026-05-08,SH601288,-0.009328815154731274,EXP_LinearModel_Alpha158_csi300_custom_step0_s_20260508_14,f02e21c28550400aafd99e409f0f60cb,0.065,,,
643,2026-05-08,SH601298,0.04909259453415871,EXP_LinearModel_Alpha158_csi300_custom_step0_s_20260508_14,f02e21c28550400aafd99e409f0f60cb,0.065,,,
644,2026-05-08,SH601318,-0.0036282178480178118,EXP_LinearModel_Alpha158_csi300_custom_step0_s_20260508_14,f02e21c28550400aafd99e409f0f60cb,0.065,,,
645,2026-05-08,SH601319,-0.0065077622421085835,EXP_LinearModel_Alpha158_csi300_custom_step0_s_20260508_14,f02e21c28550400aafd99e409f0f60cb,0.065,,,
646,2026-05-08,SH601328,-0.04114336147904396,EXP_LinearModel_Alpha158_csi300_custom_step0_s_20260508_14,f02e21c28550400aafd99e409f0f60cb,0.065,,,
647,2026-05-08,SH601336,-0.0576164536178112,EXP_LinearModel_Alpha158_csi300_custom_step0_s_20260508_14,f02e21c28550400aafd99e409f0f60cb,0.065,,,
648,2026-05-08,SH601360,-0.007606918923556805,EXP_LinearModel_Alpha158_csi300_custom_step0_s_20260508_14,f02e21c28550400aafd99e409f0f60cb,0.065,,,
649,2026-05-08,SH601377,-0.003279559314250946,EXP_LinearModel_Alpha158_csi300_custom_step0_s_20260508_14,f02e21c28550400aafd99e409f0f60cb,0.065,,,
650,2026-05-08,SH601689,-0.13294288516044617,EXP_LinearModel_Alpha158_csi300_custom_step0_s_20260508_14,f02e21c28550400aafd99e409f0f60cb,0.065,,,
651,2026-05-08,SH601688,-0.004395985044538975,EXP_LinearModel_Alpha158_csi300_custom_step0_s_20260508_14,f02e21c28550400aafd99e409f0f60cb,0.065,,,
652,2026-05-08,SH601669,-0.02739655040204525,EXP_LinearModel_Alpha158_csi300_custom_step0_s_20260508_14,f02e21c28550400aafd99e409f0f60cb,0.065,,,
653,2026-05-08,SH601668,0.056825414299964905,EXP_LinearModel_Alpha158_csi300_custom_step0_s_20260508_14,f02e21c28550400aafd99e409f0f60cb,0.065,,,
654,2026-05-08,SH601658,-0.031880300492048264,EXP_LinearModel_Alpha158_csi300_custom_step0_s_20260508_14,f02e21c28550400aafd99e409f0f60cb,0.065,,,
655,2026-05-08,SH601633,-0.05330343171954155,EXP_LinearModel_Alpha158_csi300_custom_step0_s_20260508_14,f02e21c28550400aafd99e409f0f60cb,0.065,,,
656,2026-05-08,SH601136,-0.005067103076726198,EXP_LinearModel_Alpha158_csi300_custom_step0_s_20260508_14,f02e21c28550400aafd99e409f0f60cb,0.065,,,
657,2026-05-08,SH601628,0.01583309844136238,EXP_LinearModel_Alpha158_csi300_custom_step0_s_20260508_14,f02e21c28550400aafd99e409f0f60cb,0.065,,,
658,2026-05-08,SH601607,0.018446631729602814,EXP_LinearModel_Alpha158_csi300_custom_step0_s_20260508_14,f02e21c28550400aafd99e409f0f60cb,0.065,,,
659,2026-05-08,SH601601,0.006416110321879387,EXP_LinearModel_Alpha158_csi300_custom_step0_s_20260508_14,f02e21c28550400aafd99e409f0f60cb,0.065,,,
660,2026-05-08,SH601600,-0.07113265991210938,EXP_LinearModel_Alpha158_csi300_custom_step0_s_20260508_14,f02e21c28550400aafd99e409f0f60cb,0.065,,,
661,2026-05-08,SH601456,0.05399061366915703,EXP_LinearModel_Alpha158_csi300_custom_step0_s_20260508_14,f02e21c28550400aafd99e409f0f60cb,0.065,,,
662,2026-05-08,SH601398,-0.010631261393427849,EXP_LinearModel_Alpha158_csi300_custom_step0_s_20260508_14,f02e21c28550400aafd99e409f0f60cb,0.065,,,
663,2026-05-08,SH601390,0.005754902958869934,EXP_LinearModel_Alpha158_csi300_custom_step0_s_20260508_14,f02e21c28550400aafd99e409f0f60cb,0.065,,,
664,2026-05-08,SH601618,0.027889534831047058,EXP_LinearModel_Alpha158_csi300_custom_step0_s_20260508_14,f02e21c28550400aafd99e409f0f60cb,0.065,,,
665,2026-05-08,SH600690,0.012855609878897667,EXP_LinearModel_Alpha158_csi300_custom_step0_s_20260508_14,f02e21c28550400aafd99e409f0f60cb,0.065,,,
666,2026-05-08,SH601127,-0.0955621525645256,EXP_LinearModel_Alpha158_csi300_custom_step0_s_20260508_14,f02e21c28550400aafd99e409f0f60cb,0.065,,,
667,2026-05-08,SH601111,-0.04026075825095177,EXP_LinearModel_Alpha158_csi300_custom_step0_s_20260508_14,f02e21c28550400aafd99e409f0f60cb,0.065,,,
668,2026-05-08,SH600760,0.013825006783008575,EXP_LinearModel_Alpha158_csi300_custom_step0_s_20260508_14,f02e21c28550400aafd99e409f0f60cb,0.065,,,
669,2026-05-08,SH600795,-0.032710377126932144,EXP_LinearModel_Alpha158_csi300_custom_step0_s_20260508_14,f02e21c28550400aafd99e409f0f60cb,0.065,,,
670,2026-05-08,SH600803,0.03258991613984108,EXP_LinearModel_Alpha158_csi300_custom_step0_s_20260508_14,f02e21c28550400aafd99e409f0f60cb,0.065,,,
671,2026-05-08,SH600809,-0.021056704223155975,EXP_LinearModel_Alpha158_csi300_custom_step0_s_20260508_14,f02e21c28550400aafd99e409f0f60cb,0.065,,,
672,2026-05-08,SH600845,-0.0013309379573911428,EXP_LinearModel_Alpha158_csi300_custom_step0_s_20260508_14,f02e21c28550400aafd99e409f0f60cb,0.065,,,
673,2026-05-08,SH600875,-0.03429217264056206,EXP_LinearModel_Alpha158_csi300_custom_step0_s_20260508_14,f02e21c28550400aafd99e409f0f60cb,0.065,,,
674,2026-05-08,SH600886,0.02418437972664833,EXP_LinearModel_Alpha158_csi300_custom_step0_s_20260508_14,f02e21c28550400aafd99e409f0f60cb,0.065,,,
675,2026-05-08,SH600887,0.05775272473692894,EXP_LinearModel_Alpha158_csi300_custom_step0_s_20260508_14,f02e21c28550400aafd99e409f0f60cb,0.065,,,
676,2026-05-08,SH600893,-0.004006226547062397,EXP_LinearModel_Alpha158_csi300_custom_step0_s_20260508_14,f02e21c28550400aafd99e409f0f60cb,0.065,,,
677,2026-05-08,SH600900,0.06544825434684753,EXP_LinearModel_Alpha158_csi300_custom_step0_s_20260508_14,f02e21c28550400aafd99e409f0f60cb,0.065,,,
678,2026-05-08,SH600905,0.029844775795936584,EXP_LinearModel_Alpha158_csi300_custom_step0_s_20260508_14,f02e21c28550400aafd99e409f0f60cb,0.065,,,
679,2026-05-08,SH600918,-0.015072070062160492,EXP_LinearModel_Alpha158_csi300_custom_step0_s_20260508_14,f02e21c28550400aafd99e409f0f60cb,0.065,,,
680,2026-05-08,SH600919,0.042538583278656006,EXP_LinearModel_Alpha158_csi300_custom_step0_s_20260508_14,f02e21c28550400aafd99e409f0f60cb,0.065,,,
681,2026-05-08,SH600926,0.012291357852518559,EXP_LinearModel_Alpha158_csi300_custom_step0_s_20260508_14,f02e21c28550400aafd99e409f0f60cb,0.065,,,
682,2026-05-08,SH600930,-0.017503270879387856,EXP_LinearModel_Alpha158_csi300_custom_step0_s_20260508_14,f02e21c28550400aafd99e409f0f60cb,0.065,,,
683,2026-05-08,SH600938,0.06206575781106949,EXP_LinearModel_Alpha158_csi300_custom_step0_s_20260508_14,f02e21c28550400aafd99e409f0f60cb,0.065,,,
684,2026-05-08,SH600941,0.032466668635606766,EXP_LinearModel_Alpha158_csi300_custom_step0_s_20260508_14,f02e21c28550400aafd99e409f0f60cb,0.065,,,
685,2026-05-08,SH601100,-0.07839025557041168,EXP_LinearModel_Alpha158_csi300_custom_step0_s_20260508_14,f02e21c28550400aafd99e409f0f60cb,0.065,,,
686,2026-05-08,SH601088,0.011813871562480927,EXP_LinearModel_Alpha158_csi300_custom_step0_s_20260508_14,f02e21c28550400aafd99e409f0f60cb,0.065,,,
687,2026-05-08,SH601077,-0.011819801293313503,EXP_LinearModel_Alpha158_csi300_custom_step0_s_20260508_14,f02e21c28550400aafd99e409f0f60cb,0.065,,,
688,2026-05-08,SH601066,-0.004316368605941534,EXP_LinearModel_Alpha158_csi300_custom_step0_s_20260508_14,f02e21c28550400aafd99e409f0f60cb,0.065,,,
689,2026-05-08,SH601059,0.06531589478254318,EXP_LinearModel_Alpha158_csi300_custom_step0_s_20260508_14,f02e21c28550400aafd99e409f0f60cb,0.065,,,
690,2026-05-08,SH601058,-0.07116103917360306,EXP_LinearModel_Alpha158_csi300_custom_step0_s_20260508_14,f02e21c28550400aafd99e409f0f60cb,0.065,,,
691,2026-05-08,SH601117,-0.010218171402812004,EXP_LinearModel_Alpha158_csi300_custom_step0_s_20260508_14,f02e21c28550400aafd99e409f0f60cb,0.065,,,
692,2026-05-08,SH601021,-0.03593692556023598,EXP_LinearModel_Alpha158_csi300_custom_step0_s_20260508_14,f02e21c28550400aafd99e409f0f60cb,0.065,,,
693,2026-05-08,SH601012,-0.0018086039926856756,EXP_LinearModel_Alpha158_csi300_custom_step0_s_20260508_14,f02e21c28550400aafd99e409f0f60cb,0.065,,,
694,2026-05-08,SH601009,0.009109053760766983,EXP_LinearModel_Alpha158_csi300_custom_step0_s_20260508_14,f02e21c28550400aafd99e409f0f60cb,0.065,,,
695,2026-05-08,SH601006,0.041640058159828186,EXP_LinearModel_Alpha158_csi300_custom_step0_s_20260508_14,f02e21c28550400aafd99e409f0f60cb,0.065,,,
696,2026-05-08,SH600999,-0.01316854264587164,EXP_LinearModel_Alpha158_csi300_custom_step0_s_20260508_14,f02e21c28550400aafd99e409f0f60cb,0.065,,,
697,2026-05-08,SH600989,-0.004136787727475166,EXP_LinearModel_Alpha158_csi300_custom_step0_s_20260508_14,f02e21c28550400aafd99e409f0f60cb,0.065,,,
698,2026-05-08,SH600958,,EXP_LinearModel_Alpha158_csi300_custom_step0_s_20260508_14,f02e21c28550400aafd99e409f0f60cb,0.065,,,
699,2026-05-08,SH601018,0.022115319967269897,EXP_LinearModel_Alpha158_csi300_custom_step0_s_20260508_14,f02e21c28550400aafd99e409f0f60cb,0.065,,,
700,2026-05-08,SZ300803,0.022127549738842938,EXP_DEnsembleModel_Alpha158_csi300_custom_step0_s_20260508_14,246173a6588340aca285c143d7f0b30d,0.05,,,
701,2026-05-08,SZ300782,0.3941988443337087,EXP_DEnsembleModel_Alpha158_csi300_custom_step0_s_20260508_14,246173a6588340aca285c143d7f0b30d,0.05,,,
702,2026-05-08,SZ300760,0.013142257208273894,EXP_DEnsembleModel_Alpha158_csi300_custom_step0_s_20260508_14,246173a6588340aca285c143d7f0b30d,0.05,,,
703,2026-05-08,SH688472,0.12504708402517112,EXP_DEnsembleModel_Alpha158_csi300_custom_step0_s_20260508_14,246173a6588340aca285c143d7f0b30d,0.05,,,
704,2026-05-08,SH688506,0.012524676058341726,EXP_DEnsembleModel_Alpha158_csi300_custom_step0_s_20260508_14,246173a6588340aca285c143d7f0b30d,0.05,,,
705,2026-05-08,SH688981,0.06475288676968081,EXP_DEnsembleModel_Alpha158_csi300_custom_step0_s_20260508_14,246173a6588340aca285c143d7f0b30d,0.05,,,
706,2026-05-08,SZ000001,0.00730057565741419,EXP_DEnsembleModel_Alpha158_csi300_custom_step0_s_20260508_14,246173a6588340aca285c143d7f0b30d,0.05,,,
707,2026-05-08,SZ000002,0.04461805884145074,EXP_DEnsembleModel_Alpha158_csi300_custom_step0_s_20260508_14,246173a6588340aca285c143d7f0b30d,0.05,,,
708,2026-05-08,SZ000063,0.06605462168647808,EXP_DEnsembleModel_Alpha158_csi300_custom_step0_s_20260508_14,246173a6588340aca285c143d7f0b30d,0.05,,,
709,2026-05-08,SZ000100,-0.03676110846393291,EXP_DEnsembleModel_Alpha158_csi300_custom_step0_s_20260508_14,246173a6588340aca285c143d7f0b30d,0.05,,,
710,2026-05-08,SZ000157,-0.10809964436445849,EXP_DEnsembleModel_Alpha158_csi300_custom_step0_s_20260508_14,246173a6588340aca285c143d7f0b30d,0.05,,,
711,2026-05-08,SZ000166,0.004214625191722147,EXP_DEnsembleModel_Alpha158_csi300_custom_step0_s_20260508_14,246173a6588340aca285c143d7f0b30d,0.05,,,
712,2026-05-08,SZ000301,0.21684111376704296,EXP_DEnsembleModel_Alpha158_csi300_custom_step0_s_20260508_14,246173a6588340aca285c143d7f0b30d,0.05,,,
713,2026-05-08,SZ000333,0.0956618075429685,EXP_DEnsembleModel_Alpha158_csi300_custom_step0_s_20260508_14,246173a6588340aca285c143d7f0b30d,0.05,,,
714,2026-05-08,SZ000338,0.08299251594845958,EXP_DEnsembleModel_Alpha158_csi300_custom_step0_s_20260508_14,246173a6588340aca285c143d7f0b30d,0.05,,,
715,2026-05-08,SZ000408,0.19116414530081063,EXP_DEnsembleModel_Alpha158_csi300_custom_step0_s_20260508_14,246173a6588340aca285c143d7f0b30d,0.05,,,
716,2026-05-08,SZ000425,-0.11418529525303713,EXP_DEnsembleModel_Alpha158_csi300_custom_step0_s_20260508_14,246173a6588340aca285c143d7f0b30d,0.05,,,
717,2026-05-08,SZ000538,-0.06874969358431024,EXP_DEnsembleModel_Alpha158_csi300_custom_step0_s_20260508_14,246173a6588340aca285c143d7f0b30d,0.05,,,
718,2026-05-08,SZ000568,0.007123306349349559,EXP_DEnsembleModel_Alpha158_csi300_custom_step0_s_20260508_14,246173a6588340aca285c143d7f0b30d,0.05,,,
719,2026-05-08,SZ000596,-0.04468057649752274,EXP_DEnsembleModel_Alpha158_csi300_custom_step0_s_20260508_14,246173a6588340aca285c143d7f0b30d,0.05,,,
720,2026-05-08,SZ000876,0.02882600607422247,EXP_DEnsembleModel_Alpha158_csi300_custom_step0_s_20260508_14,246173a6588340aca285c143d7f0b30d,0.05,,,
721,2026-05-08,SZ000858,-0.020062938911701893,EXP_DEnsembleModel_Alpha158_csi300_custom_step0_s_20260508_14,246173a6588340aca285c143d7f0b30d,0.05,,,
722,2026-05-08,SZ000807,0.22914116562848386,EXP_DEnsembleModel_Alpha158_csi300_custom_step0_s_20260508_14,246173a6588340aca285c143d7f0b30d,0.05,,,
723,2026-05-08,SZ000792,0.11128908033769878,EXP_DEnsembleModel_Alpha158_csi300_custom_step0_s_20260508_14,246173a6588340aca285c143d7f0b30d,0.05,,,
724,2026-05-08,SZ000786,0.00887760159806414,EXP_DEnsembleModel_Alpha158_csi300_custom_step0_s_20260508_14,246173a6588340aca285c143d7f0b30d,0.05,,,
725,2026-05-08,SZ000776,-0.015815996164405446,EXP_DEnsembleModel_Alpha158_csi300_custom_step0_s_20260508_14,246173a6588340aca285c143d7f0b30d,0.05,,,
726,2026-05-08,SH688396,0.14465565752149745,EXP_DEnsembleModel_Alpha158_csi300_custom_step0_s_20260508_14,246173a6588340aca285c143d7f0b30d,0.05,,,
727,2026-05-08,SZ000768,0.044235778155630005,EXP_DEnsembleModel_Alpha158_csi300_custom_step0_s_20260508_14,246173a6588340aca285c143d7f0b30d,0.05,,,
728,2026-05-08,SZ000708,-0.027483729057780546,EXP_DEnsembleModel_Alpha158_csi300_custom_step0_s_20260508_14,246173a6588340aca285c143d7f0b30d,0.05,,,
729,2026-05-08,SZ000661,-0.014345288174827341,EXP_DEnsembleModel_Alpha158_csi300_custom_step0_s_20260508_14,246173a6588340aca285c143d7f0b30d,0.05,,,
730,2026-05-08,SZ000651,-0.02401441793712068,EXP_DEnsembleModel_Alpha158_csi300_custom_step0_s_20260508_14,246173a6588340aca285c143d7f0b30d,0.05,,,
731,2026-05-08,SZ000630,0.09319617557702188,EXP_DEnsembleModel_Alpha158_csi300_custom_step0_s_20260508_14,246173a6588340aca285c143d7f0b30d,0.05,,,
732,2026-05-08,SZ000625,-0.02044393066525522,EXP_DEnsembleModel_Alpha158_csi300_custom_step0_s_20260508_14,246173a6588340aca285c143d7f0b30d,0.05,,,
733,2026-05-08,SZ000617,0.007719248126749423,EXP_DEnsembleModel_Alpha158_csi300_custom_step0_s_20260508_14,246173a6588340aca285c143d7f0b30d,0.05,,,
734,2026-05-08,SZ000725,0.12789112589877338,EXP_DEnsembleModel_Alpha158_csi300_custom_step0_s_20260508_14,246173a6588340aca285c143d7f0b30d,0.05,,,
735,2026-05-08,SZ000895,-0.0768853129552835,EXP_DEnsembleModel_Alpha158_csi300_custom_step0_s_20260508_14,246173a6588340aca285c143d7f0b30d,0.05,,,
736,2026-05-08,SH688303,0.059961833778506356,EXP_DEnsembleModel_Alpha158_csi300_custom_step0_s_20260508_14,246173a6588340aca285c143d7f0b30d,0.05,,,
737,2026-05-08,SH688256,-0.03584929161734754,EXP_DEnsembleModel_Alpha158_csi300_custom_step0_s_20260508_14,246173a6588340aca285c143d7f0b30d,0.05,,,
738,2026-05-08,SH601985,-0.009849029045498869,EXP_DEnsembleModel_Alpha158_csi300_custom_step0_s_20260508_14,246173a6588340aca285c143d7f0b30d,0.05,,,
739,2026-05-08,SH601988,-0.012314924571991057,EXP_DEnsembleModel_Alpha158_csi300_custom_step0_s_20260508_14,246173a6588340aca285c143d7f0b30d,0.05,,,
740,2026-05-08,SH601995,0.04647221628942409,EXP_DEnsembleModel_Alpha158_csi300_custom_step0_s_20260508_14,246173a6588340aca285c143d7f0b30d,0.05,,,
741,2026-05-08,SH601998,0.03633109366821207,EXP_DEnsembleModel_Alpha158_csi300_custom_step0_s_20260508_14,246173a6588340aca285c143d7f0b30d,0.05,,,
742,2026-05-08,SH603019,-0.038157686115575094,EXP_DEnsembleModel_Alpha158_csi300_custom_step0_s_20260508_14,246173a6588340aca285c143d7f0b30d,0.05,,,
743,2026-05-08,SH603195,-0.0532402200053876,EXP_DEnsembleModel_Alpha158_csi300_custom_step0_s_20260508_14,246173a6588340aca285c143d7f0b30d,0.05,,,
744,2026-05-08,SH603259,-0.08819235448697177,EXP_DEnsembleModel_Alpha158_csi300_custom_step0_s_20260508_14,246173a6588340aca285c143d7f0b30d,0.05,,,
745,2026-05-08,SH603260,0.1495426981719272,EXP_DEnsembleModel_Alpha158_csi300_custom_step0_s_20260508_14,246173a6588340aca285c143d7f0b30d,0.05,,,
746,2026-05-08,SH603288,-0.03046532386260298,EXP_DEnsembleModel_Alpha158_csi300_custom_step0_s_20260508_14,246173a6588340aca285c143d7f0b30d,0.05,,,
747,2026-05-08,SH603296,-0.05599841854853009,EXP_DEnsembleModel_Alpha158_csi300_custom_step0_s_20260508_14,246173a6588340aca285c143d7f0b30d,0.05,,,
748,2026-05-08,SH603369,0.029069440014326754,EXP_DEnsembleModel_Alpha158_csi300_custom_step0_s_20260508_14,246173a6588340aca285c143d7f0b30d,0.05,,,
749,2026-05-08,SH603392,-0.026024868973400863,EXP_DEnsembleModel_Alpha158_csi300_custom_step0_s_20260508_14,246173a6588340aca285c143d7f0b30d,0.05,,,
750,2026-05-08,SH603501,-0.016156820513383616,EXP_DEnsembleModel_Alpha158_csi300_custom_step0_s_20260508_14,246173a6588340aca285c143d7f0b30d,0.05,,,
751,2026-05-08,SH603799,0.12015629707231713,EXP_DEnsembleModel_Alpha158_csi300_custom_step0_s_20260508_14,246173a6588340aca285c143d7f0b30d,0.05,,,
752,2026-05-08,SH603893,0.12089859182562446,EXP_DEnsembleModel_Alpha158_csi300_custom_step0_s_20260508_14,246173a6588340aca285c143d7f0b30d,0.05,,,
753,2026-05-08,SH603986,0.2057981708364919,EXP_DEnsembleModel_Alpha158_csi300_custom_step0_s_20260508_14,246173a6588340aca285c143d7f0b30d,0.05,,,
754,2026-05-08,SH603993,0.0718378863535882,EXP_DEnsembleModel_Alpha158_csi300_custom_step0_s_20260508_14,246173a6588340aca285c143d7f0b30d,0.05,,,
755,2026-05-08,SH688223,0.11541599376032857,EXP_DEnsembleModel_Alpha158_csi300_custom_step0_s_20260508_14,246173a6588340aca285c143d7f0b30d,0.05,,,
756,2026-05-08,SH688187,-0.0805677219870339,EXP_DEnsembleModel_Alpha158_csi300_custom_step0_s_20260508_14,246173a6588340aca285c143d7f0b30d,0.05,,,
757,2026-05-08,SH688169,0.083277980427694,EXP_DEnsembleModel_Alpha158_csi300_custom_step0_s_20260508_14,246173a6588340aca285c143d7f0b30d,0.05,,,
758,2026-05-08,SH688126,0.04430452975621293,EXP_DEnsembleModel_Alpha158_csi300_custom_step0_s_20260508_14,246173a6588340aca285c143d7f0b30d,0.05,,,
759,2026-05-08,SH688111,0.041091430347820555,EXP_DEnsembleModel_Alpha158_csi300_custom_step0_s_20260508_14,246173a6588340aca285c143d7f0b30d,0.05,,,
760,2026-05-08,SH688082,0.07863080233304272,EXP_DEnsembleModel_Alpha158_csi300_custom_step0_s_20260508_14,246173a6588340aca285c143d7f0b30d,0.05,,,
761,2026-05-08,SH688271,0.009509054636784251,EXP_DEnsembleModel_Alpha158_csi300_custom_step0_s_20260508_14,246173a6588340aca285c143d7f0b30d,0.05,,,
762,2026-05-08,SH688047,-0.0022356563539145916,EXP_DEnsembleModel_Alpha158_csi300_custom_step0_s_20260508_14,246173a6588340aca285c143d7f0b30d,0.05,,,
763,2026-05-08,SH688036,-0.06169824127604618,EXP_DEnsembleModel_Alpha158_csi300_custom_step0_s_20260508_14,246173a6588340aca285c143d7f0b30d,0.05,,,
764,2026-05-08,SH688012,0.006360801624046004,EXP_DEnsembleModel_Alpha158_csi300_custom_step0_s_20260508_14,246173a6588340aca285c143d7f0b30d,0.05,,,
765,2026-05-08,SH688009,-0.10290404715151323,EXP_DEnsembleModel_Alpha158_csi300_custom_step0_s_20260508_14,246173a6588340aca285c143d7f0b30d,0.05,,,
766,2026-05-08,SH688008,0.39127897632607755,EXP_DEnsembleModel_Alpha158_csi300_custom_step0_s_20260508_14,246173a6588340aca285c143d7f0b30d,0.05,,,
767,2026-05-08,SH605499,-0.08209057636214144,EXP_DEnsembleModel_Alpha158_csi300_custom_step0_s_20260508_14,246173a6588340aca285c143d7f0b30d,0.05,,,
768,2026-05-08,SH605117,0.03789119793830152,EXP_DEnsembleModel_Alpha158_csi300_custom_step0_s_20260508_14,246173a6588340aca285c143d7f0b30d,0.05,,,
769,2026-05-08,SH688041,-0.19833808205045061,EXP_DEnsembleModel_Alpha158_csi300_custom_step0_s_20260508_14,246173a6588340aca285c143d7f0b30d,0.05,,,
770,2026-05-08,SZ000938,0.013527986944558751,EXP_DEnsembleModel_Alpha158_csi300_custom_step0_s_20260508_14,246173a6588340aca285c143d7f0b30d,0.05,,,
771,2026-05-08,SZ000963,-0.11580210749962631,EXP_DEnsembleModel_Alpha158_csi300_custom_step0_s_20260508_14,246173a6588340aca285c143d7f0b30d,0.05,,,
772,2026-05-08,SZ000975,0.0013021995967305857,EXP_DEnsembleModel_Alpha158_csi300_custom_step0_s_20260508_14,246173a6588340aca285c143d7f0b30d,0.05,,,
773,2026-05-08,SZ002709,-0.2044355722299421,EXP_DEnsembleModel_Alpha158_csi300_custom_step0_s_20260508_14,246173a6588340aca285c143d7f0b30d,0.05,,,
774,2026-05-08,SZ002714,0.026315884320090317,EXP_DEnsembleModel_Alpha158_csi300_custom_step0_s_20260508_14,246173a6588340aca285c143d7f0b30d,0.05,,,
775,2026-05-08,SZ002736,-0.10921193009348887,EXP_DEnsembleModel_Alpha158_csi300_custom_step0_s_20260508_14,246173a6588340aca285c143d7f0b30d,0.05,,,
776,2026-05-08,SZ002916,0.46314864279128043,EXP_DEnsembleModel_Alpha158_csi300_custom_step0_s_20260508_14,246173a6588340aca285c143d7f0b30d,0.05,,,
777,2026-05-08,SZ002920,-0.035121840804804426,EXP_DEnsembleModel_Alpha158_csi300_custom_step0_s_20260508_14,246173a6588340aca285c143d7f0b30d,0.05,,,
778,2026-05-08,SZ002938,0.3098338271846605,EXP_DEnsembleModel_Alpha158_csi300_custom_step0_s_20260508_14,246173a6588340aca285c143d7f0b30d,0.05,,,
779,2026-05-08,SZ003816,-0.017919325818144025,EXP_DEnsembleModel_Alpha158_csi300_custom_step0_s_20260508_14,246173a6588340aca285c143d7f0b30d,0.05,,,
780,2026-05-08,SZ300014,-0.061877970305491005,EXP_DEnsembleModel_Alpha158_csi300_custom_step0_s_20260508_14,246173a6588340aca285c143d7f0b30d,0.05,,,
781,2026-05-08,SZ300015,0.008476090744634669,EXP_DEnsembleModel_Alpha158_csi300_custom_step0_s_20260508_14,246173a6588340aca285c143d7f0b30d,0.05,,,
782,2026-05-08,SZ300033,0.1583145055973912,EXP_DEnsembleModel_Alpha158_csi300_custom_step0_s_20260508_14,246173a6588340aca285c143d7f0b30d,0.05,,,
783,2026-05-08,SZ300059,0.048703988183607376,EXP_DEnsembleModel_Alpha158_csi300_custom_step0_s_20260508_14,246173a6588340aca285c143d7f0b30d,0.05,,,
784,2026-05-08,SZ300122,0.015942336738043614,EXP_DEnsembleModel_Alpha158_csi300_custom_step0_s_20260508_14,246173a6588340aca285c143d7f0b30d,0.05,,,
785,2026-05-08,SZ300124,0.13090640560928735,EXP_DEnsembleModel_Alpha158_csi300_custom_step0_s_20260508_14,246173a6588340aca285c143d7f0b30d,0.05,,,
786,2026-05-08,SZ300251,0.04231272776479403,EXP_DEnsembleModel_Alpha158_csi300_custom_step0_s_20260508_14,246173a6588340aca285c143d7f0b30d,0.05,,,
787,2026-05-08,SZ300274,0.22727074379986698,EXP_DEnsembleModel_Alpha158_csi300_custom_step0_s_20260508_14,246173a6588340aca285c143d7f0b30d,0.05,,,
788,2026-05-08,SZ300308,0.27821189116556677,EXP_DEnsembleModel_Alpha158_csi300_custom_step0_s_20260508_14,246173a6588340aca285c143d7f0b30d,0.05,,,
789,2026-05-08,SZ300316,0.07920675829541073,EXP_DEnsembleModel_Alpha158_csi300_custom_step0_s_20260508_14,246173a6588340aca285c143d7f0b30d,0.05,,,
790,2026-05-08,SZ300759,-0.009604549262884525,EXP_DEnsembleModel_Alpha158_csi300_custom_step0_s_20260508_14,246173a6588340aca285c143d7f0b30d,0.05,,,
791,2026-05-08,SZ300750,0.2704792444143823,EXP_DEnsembleModel_Alpha158_csi300_custom_step0_s_20260508_14,246173a6588340aca285c143d7f0b30d,0.05,,,
792,2026-05-08,SZ300661,0.2847346934475701,EXP_DEnsembleModel_Alpha158_csi300_custom_step0_s_20260508_14,246173a6588340aca285c143d7f0b30d,0.05,,,
793,2026-05-08,SZ300628,0.07995783758445911,EXP_DEnsembleModel_Alpha158_csi300_custom_step0_s_20260508_14,246173a6588340aca285c143d7f0b30d,0.05,,,
794,2026-05-08,SZ300502,0.31183604367141915,EXP_DEnsembleModel_Alpha158_csi300_custom_step0_s_20260508_14,246173a6588340aca285c143d7f0b30d,0.05,,,
795,2026-05-08,SZ300498,0.05707860084691097,EXP_DEnsembleModel_Alpha158_csi300_custom_step0_s_20260508_14,246173a6588340aca285c143d7f0b30d,0.05,,,
796,2026-05-08,SZ002648,0.08865534414449666,EXP_DEnsembleModel_Alpha158_csi300_custom_step0_s_20260508_14,246173a6588340aca285c143d7f0b30d,0.05,,,
797,2026-05-08,SZ300476,0.18678419908142851,EXP_DEnsembleModel_Alpha158_csi300_custom_step0_s_20260508_14,246173a6588340aca285c143d7f0b30d,0.05,,,
798,2026-05-08,SZ300433,0.03183230602852847,EXP_DEnsembleModel_Alpha158_csi300_custom_step0_s_20260508_14,246173a6588340aca285c143d7f0b30d,0.05,,,
799,2026-05-08,SZ300418,-0.06520569457358981,EXP_DEnsembleModel_Alpha158_csi300_custom_step0_s_20260508_14,246173a6588340aca285c143d7f0b30d,0.05,,,
800,2026-05-08,SZ300413,-0.04503611808583261,EXP_DEnsembleModel_Alpha158_csi300_custom_step0_s_20260508_14,246173a6588340aca285c143d7f0b30d,0.05,,,
801,2026-05-08,SZ300408,0.15253799000364782,EXP_DEnsembleModel_Alpha158_csi300_custom_step0_s_20260508_14,246173a6588340aca285c143d7f0b30d,0.05,,,
802,2026-05-08,SZ300394,0.19326814093633046,EXP_DEnsembleModel_Alpha158_csi300_custom_step0_s_20260508_14,246173a6588340aca285c143d7f0b30d,0.05,,,
803,2026-05-08,SZ300347,0.020520147757811868,EXP_DEnsembleModel_Alpha158_csi300_custom_step0_s_20260508_14,246173a6588340aca285c143d7f0b30d,0.05,,,
804,2026-05-08,SZ300442,0.17924127562657688,EXP_DEnsembleModel_Alpha158_csi300_custom_step0_s_20260508_14,246173a6588340aca285c143d7f0b30d,0.05,,,
805,2026-05-08,SZ002625,0.04001799123384926,EXP_DEnsembleModel_Alpha158_csi300_custom_step0_s_20260508_14,246173a6588340aca285c143d7f0b30d,0.05,,,
806,2026-05-08,SZ002601,-0.04444887226488102,EXP_DEnsembleModel_Alpha158_csi300_custom_step0_s_20260508_14,246173a6588340aca285c143d7f0b30d,0.05,,,
807,2026-05-08,SZ002600,0.17882287440831934,EXP_DEnsembleModel_Alpha158_csi300_custom_step0_s_20260508_14,246173a6588340aca285c143d7f0b30d,0.05,,,
808,2026-05-08,SZ002179,0.15275045159079123,EXP_DEnsembleModel_Alpha158_csi300_custom_step0_s_20260508_14,246173a6588340aca285c143d7f0b30d,0.05,,,
809,2026-05-08,SZ002142,0.04065580883294908,EXP_DEnsembleModel_Alpha158_csi300_custom_step0_s_20260508_14,246173a6588340aca285c143d7f0b30d,0.05,,,
810,2026-05-08,SZ002074,0.09172136038134504,EXP_DEnsembleModel_Alpha158_csi300_custom_step0_s_20260508_14,246173a6588340aca285c143d7f0b30d,0.05,,,
811,2026-05-08,SZ002050,0.08698506982067,EXP_DEnsembleModel_Alpha158_csi300_custom_step0_s_20260508_14,246173a6588340aca285c143d7f0b30d,0.05,,,
812,2026-05-08,SZ002049,0.036601199244181946,EXP_DEnsembleModel_Alpha158_csi300_custom_step0_s_20260508_14,246173a6588340aca285c143d7f0b30d,0.05,,,
813,2026-05-08,SZ002028,0.09161049475775042,EXP_DEnsembleModel_Alpha158_csi300_custom_step0_s_20260508_14,246173a6588340aca285c143d7f0b30d,0.05,,,
814,2026-05-08,SZ002230,0.045073240664136566,EXP_DEnsembleModel_Alpha158_csi300_custom_step0_s_20260508_14,246173a6588340aca285c143d7f0b30d,0.05,,,
815,2026-05-08,SZ002027,-0.09205616213071256,EXP_DEnsembleModel_Alpha158_csi300_custom_step0_s_20260508_14,246173a6588340aca285c143d7f0b30d,0.05,,,
816,2026-05-08,SZ001979,0.1675243948159726,EXP_DEnsembleModel_Alpha158_csi300_custom_step0_s_20260508_14,246173a6588340aca285c143d7f0b30d,0.05,,,
817,2026-05-08,SZ001965,0.012011500693838967,EXP_DEnsembleModel_Alpha158_csi300_custom_step0_s_20260508_14,246173a6588340aca285c143d7f0b30d,0.05,,,
818,2026-05-08,SZ001391,-0.00596597111779033,EXP_DEnsembleModel_Alpha158_csi300_custom_step0_s_20260508_14,246173a6588340aca285c143d7f0b30d,0.05,,,
819,2026-05-08,SZ000999,-0.11330290124720192,EXP_DEnsembleModel_Alpha158_csi300_custom_step0_s_20260508_14,246173a6588340aca285c143d7f0b30d,0.05,,,
820,2026-05-08,SZ000983,-0.11481911549916614,EXP_DEnsembleModel_Alpha158_csi300_custom_step0_s_20260508_14,246173a6588340aca285c143d7f0b30d,0.05,,,
821,2026-05-08,SZ000977,0.010037125546216186,EXP_DEnsembleModel_Alpha158_csi300_custom_step0_s_20260508_14,246173a6588340aca285c143d7f0b30d,0.05,,,
822,2026-05-08,SZ002001,0.0044781871338219975,EXP_DEnsembleModel_Alpha158_csi300_custom_step0_s_20260508_14,246173a6588340aca285c143d7f0b30d,0.05,,,
823,2026-05-08,SH601698,-0.039515212178230286,EXP_LinearModel_Alpha158_csi300_custom_step0_s_20260508_14,f02e21c28550400aafd99e409f0f60cb,0.065,,,
824,2026-05-08,SZ002236,0.12953448307888246,EXP_DEnsembleModel_Alpha158_csi300_custom_step0_s_20260508_14,246173a6588340aca285c143d7f0b30d,0.05,,,
825,2026-05-08,SZ002252,0.05169068860134899,EXP_DEnsembleModel_Alpha158_csi300_custom_step0_s_20260508_14,246173a6588340aca285c143d7f0b30d,0.05,,,
826,2026-05-08,SZ002594,-0.0028446536702548294,EXP_DEnsembleModel_Alpha158_csi300_custom_step0_s_20260508_14,246173a6588340aca285c143d7f0b30d,0.05,,,
827,2026-05-08,SZ002493,0.059958931176312485,EXP_DEnsembleModel_Alpha158_csi300_custom_step0_s_20260508_14,246173a6588340aca285c143d7f0b30d,0.05,,,
828,2026-05-08,SZ002475,-0.10375914927513409,EXP_DEnsembleModel_Alpha158_csi300_custom_step0_s_20260508_14,246173a6588340aca285c143d7f0b30d,0.05,,,
829,2026-05-08,SZ002466,0.12047307805026555,EXP_DEnsembleModel_Alpha158_csi300_custom_step0_s_20260508_14,246173a6588340aca285c143d7f0b30d,0.05,,,
830,2026-05-08,SZ002463,0.3423737092449289,EXP_DEnsembleModel_Alpha158_csi300_custom_step0_s_20260508_14,246173a6588340aca285c143d7f0b30d,0.05,,,
831,2026-05-08,SZ002460,0.11277999624281171,EXP_DEnsembleModel_Alpha158_csi300_custom_step0_s_20260508_14,246173a6588340aca285c143d7f0b30d,0.05,,,
832,2026-05-08,SZ002241,0.12269693745972725,EXP_DEnsembleModel_Alpha158_csi300_custom_step0_s_20260508_14,246173a6588340aca285c143d7f0b30d,0.05,,,
833,2026-05-08,SZ002459,0.08968674751142339,EXP_DEnsembleModel_Alpha158_csi300_custom_step0_s_20260508_14,246173a6588340aca285c143d7f0b30d,0.05,,,
834,2026-05-08,SZ002415,-0.06751296186232054,EXP_DEnsembleModel_Alpha158_csi300_custom_step0_s_20260508_14,246173a6588340aca285c143d7f0b30d,0.05,,,
835,2026-05-08,SZ002384,-0.09691726574854616,EXP_DEnsembleModel_Alpha158_csi300_custom_step0_s_20260508_14,246173a6588340aca285c143d7f0b30d,0.05,,,
836,2026-05-08,SZ002371,0.11142179037501387,EXP_DEnsembleModel_Alpha158_csi300_custom_step0_s_20260508_14,246173a6588340aca285c143d7f0b30d,0.05,,,
837,2026-05-08,SZ002352,-0.007879228006103932,EXP_DEnsembleModel_Alpha158_csi300_custom_step0_s_20260508_14,246173a6588340aca285c143d7f0b30d,0.05,,,
838,2026-05-08,SZ002311,-0.049303166190353714,EXP_DEnsembleModel_Alpha158_csi300_custom_step0_s_20260508_14,246173a6588340aca285c143d7f0b30d,0.05,,,
839,2026-05-08,SZ002304,-0.06899855996747985,EXP_DEnsembleModel_Alpha158_csi300_custom_step0_s_20260508_14,246173a6588340aca285c143d7f0b30d,0.05,,,
840,2026-05-08,SZ002422,0.007603044820835755,EXP_DEnsembleModel_Alpha158_csi300_custom_step0_s_20260508_14,246173a6588340aca285c143d7f0b30d,0.05,,,
841,2026-05-08,SH601728,-0.021612174808979034,EXP_LinearModel_Alpha158_csi300_custom_step0_s_20260508_14,f02e21c28550400aafd99e409f0f60cb,0.065,,,
842,2026-05-08,SH601766,-0.020511096343398094,EXP_LinearModel_Alpha158_csi300_custom_step0_s_20260508_14,f02e21c28550400aafd99e409f0f60cb,0.065,,,
843,2026-05-08,SH601788,-0.014192230999469757,EXP_LinearModel_Alpha158_csi300_custom_step0_s_20260508_14,f02e21c28550400aafd99e409f0f60cb,0.065,,,
844,2026-05-08,SH600025,0.009026247076690197,EXP_LinearModel_Alpha158_csi300_custom_step0_s_20260508_14,fb704b7328954c45bbf393546dcceaee,0.08,,,
845,2026-05-08,SH600026,-0.013843346387147903,EXP_LinearModel_Alpha158_csi300_custom_step0_s_20260508_14,fb704b7328954c45bbf393546dcceaee,0.08,,,
846,2026-05-08,SH600027,0.04245414957404137,EXP_LinearModel_Alpha158_csi300_custom_step0_s_20260508_14,fb704b7328954c45bbf393546dcceaee,0.08,,,
847,2026-05-08,SH600028,-0.04253893345594406,EXP_LinearModel_Alpha158_csi300_custom_step0_s_20260508_14,fb704b7328954c45bbf393546dcceaee,0.08,,,
848,2026-05-08,SH600029,-0.07223226875066757,EXP_LinearModel_Alpha158_csi300_custom_step0_s_20260508_14,fb704b7328954c45bbf393546dcceaee,0.08,,,
849,2026-05-08,SH600030,-0.015358186326920986,EXP_LinearModel_Alpha158_csi300_custom_step0_s_20260508_14,fb704b7328954c45bbf393546dcceaee,0.08,,,
850,2026-05-08,SH600031,-0.015230800956487656,EXP_LinearModel_Alpha158_csi300_custom_step0_s_20260508_14,fb704b7328954c45bbf393546dcceaee,0.08,,,
851,2026-05-08,SH600036,-0.008675888180732727,EXP_LinearModel_Alpha158_csi300_custom_step0_s_20260508_14,fb704b7328954c45bbf393546dcceaee,0.08,,,
852,2026-05-08,SH600039,-0.02727460116147995,EXP_LinearModel_Alpha158_csi300_custom_step0_s_20260508_14,fb704b7328954c45bbf393546dcceaee,0.08,,,
853,2026-05-08,SH600048,0.01737683266401291,EXP_LinearModel_Alpha158_csi300_custom_step0_s_20260508_14,fb704b7328954c45bbf393546dcceaee,0.08,,,
854,2026-05-08,SH600050,0.09024035185575485,EXP_LinearModel_Alpha158_csi300_custom_step0_s_20260508_14,fb704b7328954c45bbf393546dcceaee,0.08,,,
855,2026-05-08,SH600061,0.07494085282087326,EXP_LinearModel_Alpha158_csi300_custom_step0_s_20260508_14,fb704b7328954c45bbf393546dcceaee,0.08,,,
856,2026-05-08,SH600066,-0.00785552617162466,EXP_LinearModel_Alpha158_csi300_custom_step0_s_20260508_14,fb704b7328954c45bbf393546dcceaee,0.08,,,
857,2026-05-08,SH600085,0.07582370191812515,EXP_LinearModel_Alpha158_csi300_custom_step0_s_20260508_14,fb704b7328954c45bbf393546dcceaee,0.08,,,
858,2026-05-08,SH600089,0.0015918831340968609,EXP_LinearModel_Alpha158_csi300_custom_step0_s_20260508_14,fb704b7328954c45bbf393546dcceaee,0.08,,,
859,2026-05-08,SH600104,-0.0038640222046524286,EXP_LinearModel_Alpha158_csi300_custom_step0_s_20260508_14,fb704b7328954c45bbf393546dcceaee,0.08,,,
860,2026-05-08,SH600111,-0.14196979999542236,EXP_LinearModel_Alpha158_csi300_custom_step0_s_20260508_14,fb704b7328954c45bbf393546dcceaee,0.08,,,
861,2026-05-08,SH600362,-0.06951747834682465,EXP_LinearModel_Alpha158_csi300_custom_step0_s_20260508_14,fb704b7328954c45bbf393546dcceaee,0.08,,,
862,2026-05-08,SH600346,-0.02279093489050865,EXP_LinearModel_Alpha158_csi300_custom_step0_s_20260508_14,fb704b7328954c45bbf393546dcceaee,0.08,,,
863,2026-05-08,SH600309,0.031208090484142303,EXP_LinearModel_Alpha158_csi300_custom_step0_s_20260508_14,fb704b7328954c45bbf393546dcceaee,0.08,,,
864,2026-05-08,SH600276,-0.05074528604745865,EXP_LinearModel_Alpha158_csi300_custom_step0_s_20260508_14,fb704b7328954c45bbf393546dcceaee,0.08,,,
865,2026-05-08,SH600233,-0.017596110701560974,EXP_LinearModel_Alpha158_csi300_custom_step0_s_20260508_14,fb704b7328954c45bbf393546dcceaee,0.08,,,
866,2026-05-08,SH600219,-0.006098796147853136,EXP_LinearModel_Alpha158_csi300_custom_step0_s_20260508_14,fb704b7328954c45bbf393546dcceaee,0.08,,,
867,2026-05-08,SH600023,0.050554368644952774,EXP_LinearModel_Alpha158_csi300_custom_step0_s_20260508_14,fb704b7328954c45bbf393546dcceaee,0.08,,,
868,2026-05-08,SH600196,-0.0715806782245636,EXP_LinearModel_Alpha158_csi300_custom_step0_s_20260508_14,fb704b7328954c45bbf393546dcceaee,0.08,,,
869,2026-05-08,SH600183,-0.029821010306477547,EXP_LinearModel_Alpha158_csi300_custom_step0_s_20260508_14,fb704b7328954c45bbf393546dcceaee,0.08,,,
870,2026-05-08,SH600176,-0.09962903708219528,EXP_LinearModel_Alpha158_csi300_custom_step0_s_20260508_14,fb704b7328954c45bbf393546dcceaee,0.08,,,
871,2026-05-08,SH600161,-0.019340891391038895,EXP_LinearModel_Alpha158_csi300_custom_step0_s_20260508_14,fb704b7328954c45bbf393546dcceaee,0.08,,,
872,2026-05-08,SH600160,-0.03841656818985939,EXP_LinearModel_Alpha158_csi300_custom_step0_s_20260508_14,fb704b7328954c45bbf393546dcceaee,0.08,,,
873,2026-05-08,SH600150,0.07917550951242447,EXP_LinearModel_Alpha158_csi300_custom_step0_s_20260508_14,fb704b7328954c45bbf393546dcceaee,0.08,,,
874,2026-05-08,SH600115,-0.04076278209686279,EXP_LinearModel_Alpha158_csi300_custom_step0_s_20260508_14,fb704b7328954c45bbf393546dcceaee,0.08,,,
875,2026-05-08,SH600188,0.022560467943549156,EXP_LinearModel_Alpha158_csi300_custom_step0_s_20260508_14,fb704b7328954c45bbf393546dcceaee,0.08,,,
876,2026-05-08,SH600372,0.06112966686487198,EXP_LinearModel_Alpha158_csi300_custom_step0_s_20260508_14,fb704b7328954c45bbf393546dcceaee,0.08,,,
877,2026-05-08,SH600019,0.09395414590835571,EXP_LinearModel_Alpha158_csi300_custom_step0_s_20260508_14,fb704b7328954c45bbf393546dcceaee,0.08,,,
878,2026-05-08,SH600016,0.08031517267227173,EXP_LinearModel_Alpha158_csi300_custom_step0_s_20260508_14,fb704b7328954c45bbf393546dcceaee,0.08,,,
879,2026-05-08,SZ300316,-0.006927073001861572,EXP_LinearModel_Alpha158_csi300_custom_step0_s_20260508_14,f02e21c28550400aafd99e409f0f60cb,0.065,,,
880,2026-05-08,SZ300347,-0.046307459473609924,EXP_LinearModel_Alpha158_csi300_custom_step0_s_20260508_14,f02e21c28550400aafd99e409f0f60cb,0.065,,,
881,2026-05-08,SZ300394,-0.09765476733446121,EXP_LinearModel_Alpha158_csi300_custom_step0_s_20260508_14,f02e21c28550400aafd99e409f0f60cb,0.065,,,
882,2026-05-08,SZ300408,0.016400542110204697,EXP_LinearModel_Alpha158_csi300_custom_step0_s_20260508_14,f02e21c28550400aafd99e409f0f60cb,0.065,,,
883,2026-05-08,SZ300413,-0.02377975732088089,EXP_LinearModel_Alpha158_csi300_custom_step0_s_20260508_14,f02e21c28550400aafd99e409f0f60cb,0.065,,,
884,2026-05-08,SZ300418,-0.032589253038167953,EXP_LinearModel_Alpha158_csi300_custom_step0_s_20260508_14,f02e21c28550400aafd99e409f0f60cb,0.065,,,
885,2026-05-08,SZ300433,-0.02455592341721058,EXP_LinearModel_Alpha158_csi300_custom_step0_s_20260508_14,f02e21c28550400aafd99e409f0f60cb,0.065,,,
886,2026-05-08,SZ300442,-0.02865433879196644,EXP_LinearModel_Alpha158_csi300_custom_step0_s_20260508_14,f02e21c28550400aafd99e409f0f60cb,0.065,,,
887,2026-05-08,SZ300476,-0.031680554151535034,EXP_LinearModel_Alpha158_csi300_custom_step0_s_20260508_14,f02e21c28550400aafd99e409f0f60cb,0.065,,,
888,2026-05-08,SZ300498,-0.0014626667834818363,EXP_LinearModel_Alpha158_csi300_custom_step0_s_20260508_14,f02e21c28550400aafd99e409f0f60cb,0.065,,,
889,2026-05-08,SZ300502,-0.08732475340366364,EXP_LinearModel_Alpha158_csi300_custom_step0_s_20260508_14,f02e21c28550400aafd99e409f0f60cb,0.065,,,
890,2026-05-08,SZ300628,0.03852832317352295,EXP_LinearModel_Alpha158_csi300_custom_step0_s_20260508_14,f02e21c28550400aafd99e409f0f60cb,0.065,,,
891,2026-05-08,SZ300661,0.007282567210495472,EXP_LinearModel_Alpha158_csi300_custom_step0_s_20260508_14,f02e21c28550400aafd99e409f0f60cb,0.065,,,
892,2026-05-08,SZ300750,-0.03417983651161194,EXP_LinearModel_Alpha158_csi300_custom_step0_s_20260508_14,f02e21c28550400aafd99e409f0f60cb,0.065,,,
893,2026-05-08,SZ300759,-0.0004928340204060078,EXP_LinearModel_Alpha158_csi300_custom_step0_s_20260508_14,f02e21c28550400aafd99e409f0f60cb,0.065,,,
894,2026-05-08,SZ300760,-0.03507967293262482,EXP_LinearModel_Alpha158_csi300_custom_step0_s_20260508_14,f02e21c28550400aafd99e409f0f60cb,0.065,,,
895,2026-05-08,SZ300782,-0.09293032437562943,EXP_LinearModel_Alpha158_csi300_custom_step0_s_20260508_14,f02e21c28550400aafd99e409f0f60cb,0.065,,,
896,2026-05-08,SH600015,0.0010366886854171753,EXP_LinearModel_Alpha158_csi300_custom_step0_s_20260508_14,fb704b7328954c45bbf393546dcceaee,0.08,,,
897,2026-05-08,SH600011,0.039245590567588806,EXP_LinearModel_Alpha158_csi300_custom_step0_s_20260508_14,fb704b7328954c45bbf393546dcceaee,0.08,,,
898,2026-05-08,SH600010,-0.0033793416805565357,EXP_LinearModel_Alpha158_csi300_custom_step0_s_20260508_14,fb704b7328954c45bbf393546dcceaee,0.08,,,
899,2026-05-08,SH600009,0.026520028710365295,EXP_LinearModel_Alpha158_csi300_custom_step0_s_20260508_14,fb704b7328954c45bbf393546dcceaee,0.08,,,
900,2026-05-08,SH600000,-0.031571779400110245,EXP_LinearModel_Alpha158_csi300_custom_step0_s_20260508_14,fb704b7328954c45bbf393546dcceaee,0.08,,,
901,2026-05-08,SZ302132,0.0005997596308588982,EXP_LinearModel_Alpha158_csi300_custom_step0_s_20260508_14,f02e21c28550400aafd99e409f0f60cb,0.065,,,
902,2026-05-08,SH600018,0.06945978105068207,EXP_LinearModel_Alpha158_csi300_custom_step0_s_20260508_14,fb704b7328954c45bbf393546dcceaee,0.08,,,
903,2026-05-08,SZ301269,-0.04263133928179741,EXP_LinearModel_Alpha158_csi300_custom_step0_s_20260508_14,f02e21c28550400aafd99e409f0f60cb,0.065,,,
904,2026-05-08,SZ300999,-0.03434499353170395,EXP_LinearModel_Alpha158_csi300_custom_step0_s_20260508_14,f02e21c28550400aafd99e409f0f60cb,0.065,,,
905,2026-05-08,SZ300979,0.08184326440095901,EXP_LinearModel_Alpha158_csi300_custom_step0_s_20260508_14,f02e21c28550400aafd99e409f0f60cb,0.065,,,
906,2026-05-08,SZ300896,0.005191992502659559,EXP_LinearModel_Alpha158_csi300_custom_step0_s_20260508_14,f02e21c28550400aafd99e409f0f60cb,0.065,,,
907,2026-05-08,SZ300866,-0.036644257605075836,EXP_LinearModel_Alpha158_csi300_custom_step0_s_20260508_14,f02e21c28550400aafd99e409f0f60cb,0.065,,,
908,2026-05-08,SZ300832,-0.03728872537612915,EXP_LinearModel_Alpha158_csi300_custom_step0_s_20260508_14,f02e21c28550400aafd99e409f0f60cb,0.065,,,
909,2026-05-08,SZ300803,-0.07470648735761642,EXP_LinearModel_Alpha158_csi300_custom_step0_s_20260508_14,f02e21c28550400aafd99e409f0f60cb,0.065,,,
910,2026-05-08,SZ301236,-0.05817840248346329,EXP_LinearModel_Alpha158_csi300_custom_step0_s_20260508_14,f02e21c28550400aafd99e409f0f60cb,0.065,,,
911,2026-05-08,SH600377,0.08421347290277481,EXP_LinearModel_Alpha158_csi300_custom_step0_s_20260508_14,fb704b7328954c45bbf393546dcceaee,0.08,,,
912,2026-05-08,SH600406,-0.004395440220832825,EXP_LinearModel_Alpha158_csi300_custom_step0_s_20260508_14,fb704b7328954c45bbf393546dcceaee,0.08,,,
913,2026-05-08,SH600415,-0.00784436333924532,EXP_LinearModel_Alpha158_csi300_custom_step0_s_20260508_14,fb704b7328954c45bbf393546dcceaee,0.08,,,
914,2026-05-08,SH600958,,EXP_LinearModel_Alpha158_csi300_custom_step0_s_20260508_14,fb704b7328954c45bbf393546dcceaee,0.08,,,
915,2026-05-08,SH600989,0.013719691894948483,EXP_LinearModel_Alpha158_csi300_custom_step0_s_20260508_14,fb704b7328954c45bbf393546dcceaee,0.08,,,
916,2026-05-08,SH600999,0.02817281149327755,EXP_LinearModel_Alpha158_csi300_custom_step0_s_20260508_14,fb704b7328954c45bbf393546dcceaee,0.08,,,
917,2026-05-08,SH601006,0.05954995006322861,EXP_LinearModel_Alpha158_csi300_custom_step0_s_20260508_14,fb704b7328954c45bbf393546dcceaee,0.08,,,
918,2026-05-08,SH601009,0.0295733492821455,EXP_LinearModel_Alpha158_csi300_custom_step0_s_20260508_14,fb704b7328954c45bbf393546dcceaee,0.08,,,
919,2026-05-08,SH601012,-0.005058639217168093,EXP_LinearModel_Alpha158_csi300_custom_step0_s_20260508_14,fb704b7328954c45bbf393546dcceaee,0.08,,,
920,2026-05-08,SH601018,0.055521029978990555,EXP_LinearModel_Alpha158_csi300_custom_step0_s_20260508_14,fb704b7328954c45bbf393546dcceaee,0.08,,,
921,2026-05-08,SH601021,-0.020607437938451767,EXP_LinearModel_Alpha158_csi300_custom_step0_s_20260508_14,fb704b7328954c45bbf393546dcceaee,0.08,,,
922,2026-05-08,SH601058,-0.055015720427036285,EXP_LinearModel_Alpha158_csi300_custom_step0_s_20260508_14,fb704b7328954c45bbf393546dcceaee,0.08,,,
923,2026-05-08,SH601059,0.08858490735292435,EXP_LinearModel_Alpha158_csi300_custom_step0_s_20260508_14,fb704b7328954c45bbf393546dcceaee,0.08,,,
924,2026-05-08,SH601066,0.009001404047012329,EXP_LinearModel_Alpha158_csi300_custom_step0_s_20260508_14,fb704b7328954c45bbf393546dcceaee,0.08,,,
925,2026-05-08,SH601077,0.0008931094780564308,EXP_LinearModel_Alpha158_csi300_custom_step0_s_20260508_14,fb704b7328954c45bbf393546dcceaee,0.08,,,
926,2026-05-08,SH601088,-0.0008014754857867956,EXP_LinearModel_Alpha158_csi300_custom_step0_s_20260508_14,fb704b7328954c45bbf393546dcceaee,0.08,,,
927,2026-05-08,SH601100,-0.08150145411491394,EXP_LinearModel_Alpha158_csi300_custom_step0_s_20260508_14,fb704b7328954c45bbf393546dcceaee,0.08,,,
928,2026-05-08,SH601111,-0.03506264463067055,EXP_LinearModel_Alpha158_csi300_custom_step0_s_20260508_14,fb704b7328954c45bbf393546dcceaee,0.08,,,
929,2026-05-08,SH601117,-0.005622740834951401,EXP_LinearModel_Alpha158_csi300_custom_step0_s_20260508_14,fb704b7328954c45bbf393546dcceaee,0.08,,,
930,2026-05-08,SH601127,-0.08562341332435608,EXP_LinearModel_Alpha158_csi300_custom_step0_s_20260508_14,fb704b7328954c45bbf393546dcceaee,0.08,,,
931,2026-05-08,SH601319,0.024863820523023605,EXP_LinearModel_Alpha158_csi300_custom_step0_s_20260508_14,fb704b7328954c45bbf393546dcceaee,0.08,,,
932,2026-05-08,SH601318,0.005847412161529064,EXP_LinearModel_Alpha158_csi300_custom_step0_s_20260508_14,fb704b7328954c45bbf393546dcceaee,0.08,,,
933,2026-05-08,SH601298,0.06465296447277069,EXP_LinearModel_Alpha158_csi300_custom_step0_s_20260508_14,fb704b7328954c45bbf393546dcceaee,0.08,,,
934,2026-05-08,SH601288,0.024340808391571045,EXP_LinearModel_Alpha158_csi300_custom_step0_s_20260508_14,fb704b7328954c45bbf393546dcceaee,0.08,,,
935,2026-05-08,SH601238,0.016750939190387726,EXP_LinearModel_Alpha158_csi300_custom_step0_s_20260508_14,fb704b7328954c45bbf393546dcceaee,0.08,,,
936,2026-05-08,SH601236,0.025294870138168335,EXP_LinearModel_Alpha158_csi300_custom_step0_s_20260508_14,fb704b7328954c45bbf393546dcceaee,0.08,,,
937,2026-05-08,SH600941,0.04892351105809212,EXP_LinearModel_Alpha158_csi300_custom_step0_s_20260508_14,fb704b7328954c45bbf393546dcceaee,0.08,,,
938,2026-05-08,SH601229,-0.0782976970076561,EXP_LinearModel_Alpha158_csi300_custom_step0_s_20260508_14,fb704b7328954c45bbf393546dcceaee,0.08,,,
939,2026-05-08,SH601211,0.0014397031627595425,EXP_LinearModel_Alpha158_csi300_custom_step0_s_20260508_14,fb704b7328954c45bbf393546dcceaee,0.08,,,
940,2026-05-08,SH601186,0.039092954248189926,EXP_LinearModel_Alpha158_csi300_custom_step0_s_20260508_14,fb704b7328954c45bbf393546dcceaee,0.08,,,
941,2026-05-08,SH601169,-0.009090662933886051,EXP_LinearModel_Alpha158_csi300_custom_step0_s_20260508_14,fb704b7328954c45bbf393546dcceaee,0.08,,,
942,2026-05-08,SH601166,-0.04448894038796425,EXP_LinearModel_Alpha158_csi300_custom_step0_s_20260508_14,fb704b7328954c45bbf393546dcceaee,0.08,,,
943,2026-05-08,SH601138,-0.03479117527604103,EXP_LinearModel_Alpha158_csi300_custom_step0_s_20260508_14,fb704b7328954c45bbf393546dcceaee,0.08,,,
944,2026-05-08,SH601136,0.04091976210474968,EXP_LinearModel_Alpha158_csi300_custom_step0_s_20260508_14,fb704b7328954c45bbf393546dcceaee,0.08,,,
945,2026-05-08,SH601225,-0.014534063637256622,EXP_LinearModel_Alpha158_csi300_custom_step0_s_20260508_14,fb704b7328954c45bbf393546dcceaee,0.08,,,
946,2026-05-08,SH600938,0.07661019265651703,EXP_LinearModel_Alpha158_csi300_custom_step0_s_20260508_14,fb704b7328954c45bbf393546dcceaee,0.08,,,
947,2026-05-08,SH600930,-0.004037200473248959,EXP_LinearModel_Alpha158_csi300_custom_step0_s_20260508_14,fb704b7328954c45bbf393546dcceaee,0.08,,,
948,2026-05-08,SH600926,0.01771499216556549,EXP_LinearModel_Alpha158_csi300_custom_step0_s_20260508_14,fb704b7328954c45bbf393546dcceaee,0.08,,,
949,2026-05-08,SH600588,-0.04141166806221008,EXP_LinearModel_Alpha158_csi300_custom_step0_s_20260508_14,fb704b7328954c45bbf393546dcceaee,0.08,,,
950,2026-05-08,SH600585,-0.03167939931154251,EXP_LinearModel_Alpha158_csi300_custom_step0_s_20260508_14,fb704b7328954c45bbf393546dcceaee,0.08,,,
951,2026-05-08,SH600584,-0.024361025542020798,EXP_LinearModel_Alpha158_csi300_custom_step0_s_20260508_14,fb704b7328954c45bbf393546dcceaee,0.08,,,
952,2026-05-08,SH600570,-0.02625706046819687,EXP_LinearModel_Alpha158_csi300_custom_step0_s_20260508_14,fb704b7328954c45bbf393546dcceaee,0.08,,,
953,2026-05-08,SH600547,-0.011629261076450348,EXP_LinearModel_Alpha158_csi300_custom_step0_s_20260508_14,fb704b7328954c45bbf393546dcceaee,0.08,,,
954,2026-05-08,SH600522,-0.1793426275253296,EXP_LinearModel_Alpha158_csi300_custom_step0_s_20260508_14,fb704b7328954c45bbf393546dcceaee,0.08,,,
955,2026-05-08,SH600600,-0.021066250279545784,EXP_LinearModel_Alpha158_csi300_custom_step0_s_20260508_14,fb704b7328954c45bbf393546dcceaee,0.08,,,
956,2026-05-08,SH600519,-0.015256992541253567,EXP_LinearModel_Alpha158_csi300_custom_step0_s_20260508_14,fb704b7328954c45bbf393546dcceaee,0.08,,,
957,2026-05-08,SH600489,-0.09490903466939926,EXP_LinearModel_Alpha158_csi300_custom_step0_s_20260508_14,fb704b7328954c45bbf393546dcceaee,0.08,,,
958,2026-05-08,SH600482,-0.029813088476657867,EXP_LinearModel_Alpha158_csi300_custom_step0_s_20260508_14,fb704b7328954c45bbf393546dcceaee,0.08,,,
959,2026-05-08,SH600460,-0.045760735869407654,EXP_LinearModel_Alpha158_csi300_custom_step0_s_20260508_14,fb704b7328954c45bbf393546dcceaee,0.08,,,
960,2026-05-08,SH600438,0.028676269575953484,EXP_LinearModel_Alpha158_csi300_custom_step0_s_20260508_14,fb704b7328954c45bbf393546dcceaee,0.08,,,
961,2026-05-08,SH600436,0.01884373463690281,EXP_LinearModel_Alpha158_csi300_custom_step0_s_20260508_14,fb704b7328954c45bbf393546dcceaee,0.08,,,
962,2026-05-08,SH600426,-0.007998544722795486,EXP_LinearModel_Alpha158_csi300_custom_step0_s_20260508_14,fb704b7328954c45bbf393546dcceaee,0.08,,,
963,2026-05-08,SH600515,0.057951800525188446,EXP_LinearModel_Alpha158_csi300_custom_step0_s_20260508_14,fb704b7328954c45bbf393546dcceaee,0.08,,,
964,2026-05-08,SZ300308,-0.11066512018442154,EXP_LinearModel_Alpha158_csi300_custom_step0_s_20260508_14,f02e21c28550400aafd99e409f0f60cb,0.065,,,
965,2026-05-08,SH600660,0.0026464059483259916,EXP_LinearModel_Alpha158_csi300_custom_step0_s_20260508_14,fb704b7328954c45bbf393546dcceaee,0.08,,,
966,2026-05-08,SH600690,0.02258186787366867,EXP_LinearModel_Alpha158_csi300_custom_step0_s_20260508_14,fb704b7328954c45bbf393546dcceaee,0.08,,,
967,2026-05-08,SH600919,0.06025688722729683,EXP_LinearModel_Alpha158_csi300_custom_step0_s_20260508_14,fb704b7328954c45bbf393546dcceaee,0.08,,,
968,2026-05-08,SH600918,0.019586972892284393,EXP_LinearModel_Alpha158_csi300_custom_step0_s_20260508_14,fb704b7328954c45bbf393546dcceaee,0.08,,,
969,2026-05-08,SH600905,0.05447143316268921,EXP_LinearModel_Alpha158_csi300_custom_step0_s_20260508_14,fb704b7328954c45bbf393546dcceaee,0.08,,,
970,2026-05-08,SH600900,0.10299858450889587,EXP_LinearModel_Alpha158_csi300_custom_step0_s_20260508_14,fb704b7328954c45bbf393546dcceaee,0.08,,,
971,2026-05-08,SH600893,-0.00017953303176909685,EXP_LinearModel_Alpha158_csi300_custom_step0_s_20260508_14,fb704b7328954c45bbf393546dcceaee,0.08,,,
972,2026-05-08,SH600887,0.06400222331285477,EXP_LinearModel_Alpha158_csi300_custom_step0_s_20260508_14,fb704b7328954c45bbf393546dcceaee,0.08,,,
973,2026-05-08,SH600674,0.079049251973629,EXP_LinearModel_Alpha158_csi300_custom_step0_s_20260508_14,fb704b7328954c45bbf393546dcceaee,0.08,,,
974,2026-05-08,SH600886,0.04570084065198898,EXP_LinearModel_Alpha158_csi300_custom_step0_s_20260508_14,fb704b7328954c45bbf393546dcceaee,0.08,,,
975,2026-05-08,SH600845,-0.023999180644750595,EXP_LinearModel_Alpha158_csi300_custom_step0_s_20260508_14,fb704b7328954c45bbf393546dcceaee,0.08,,,
976,2026-05-08,SH600809,-0.01264782715588808,EXP_LinearModel_Alpha158_csi300_custom_step0_s_20260508_14,fb704b7328954c45bbf393546dcceaee,0.08,,,
977,2026-05-08,SH600803,0.0364723801612854,EXP_LinearModel_Alpha158_csi300_custom_step0_s_20260508_14,fb704b7328954c45bbf393546dcceaee,0.08,,,
978,2026-05-08,SH600795,-0.007219125982373953,EXP_LinearModel_Alpha158_csi300_custom_step0_s_20260508_14,fb704b7328954c45bbf393546dcceaee,0.08,,,
979,2026-05-08,SH600760,-0.008090808987617493,EXP_LinearModel_Alpha158_csi300_custom_step0_s_20260508_14,fb704b7328954c45bbf393546dcceaee,0.08,,,
980,2026-05-08,SH600741,-0.013715246692299843,EXP_LinearModel_Alpha158_csi300_custom_step0_s_20260508_14,fb704b7328954c45bbf393546dcceaee,0.08,,,
981,2026-05-08,SH600875,-0.02243402600288391,EXP_LinearModel_Alpha158_csi300_custom_step0_s_20260508_14,fb704b7328954c45bbf393546dcceaee,0.08,,,
982,2026-05-08,SH600905,0.037333790212869644,EXP_LinearModel_Alpha158_csi300_custom_step0_s_20260508_14,c8099457a11047808090688fa77f2f20,0.073,,,
983,2026-05-08,SZ300274,-0.023714765906333923,EXP_LinearModel_Alpha158_csi300_custom_step0_s_20260508_14,f02e21c28550400aafd99e409f0f60cb,0.065,,,
984,2026-05-08,SZ300124,-0.05946262925863266,EXP_LinearModel_Alpha158_csi300_custom_step0_s_20260508_14,f02e21c28550400aafd99e409f0f60cb,0.065,,,
985,2026-05-08,SH603993,-0.03568524867296219,EXP_LinearModel_Alpha158_csi300_custom_step0_s_20260508_14,f02e21c28550400aafd99e409f0f60cb,0.065,,,
986,2026-05-08,SH605117,-0.1031898483633995,EXP_LinearModel_Alpha158_csi300_custom_step0_s_20260508_14,f02e21c28550400aafd99e409f0f60cb,0.065,,,
987,2026-05-08,SH605499,0.03981894627213478,EXP_LinearModel_Alpha158_csi300_custom_step0_s_20260508_14,f02e21c28550400aafd99e409f0f60cb,0.065,,,
988,2026-05-08,SH688008,-0.1733921319246292,EXP_LinearModel_Alpha158_csi300_custom_step0_s_20260508_14,f02e21c28550400aafd99e409f0f60cb,0.065,,,
989,2026-05-08,SH688009,-0.05191463604569435,EXP_LinearModel_Alpha158_csi300_custom_step0_s_20260508_14,f02e21c28550400aafd99e409f0f60cb,0.065,,,
990,2026-05-08,SH688012,-0.0036411273758858442,EXP_LinearModel_Alpha158_csi300_custom_step0_s_20260508_14,f02e21c28550400aafd99e409f0f60cb,0.065,,,
991,2026-05-08,SH688036,0.005053057335317135,EXP_LinearModel_Alpha158_csi300_custom_step0_s_20260508_14,f02e21c28550400aafd99e409f0f60cb,0.065,,,
992,2026-05-08,SH688041,-0.09961232542991638,EXP_LinearModel_Alpha158_csi300_custom_step0_s_20260508_14,f02e21c28550400aafd99e409f0f60cb,0.065,,,
993,2026-05-08,SH688047,-0.056291162967681885,EXP_LinearModel_Alpha158_csi300_custom_step0_s_20260508_14,f02e21c28550400aafd99e409f0f60cb,0.065,,,
994,2026-05-08,SH688082,-0.0420101024210453,EXP_LinearModel_Alpha158_csi300_custom_step0_s_20260508_14,f02e21c28550400aafd99e409f0f60cb,0.065,,,
995,2026-05-08,SH688111,-0.07155881822109222,EXP_LinearModel_Alpha158_csi300_custom_step0_s_20260508_14,f02e21c28550400aafd99e409f0f60cb,0.065,,,
996,2026-05-08,SH688126,-0.02799081802368164,EXP_LinearModel_Alpha158_csi300_custom_step0_s_20260508_14,f02e21c28550400aafd99e409f0f60cb,0.065,,,
997,2026-05-08,SH688169,-0.036054015159606934,EXP_LinearModel_Alpha158_csi300_custom_step0_s_20260508_14,f02e21c28550400aafd99e409f0f60cb,0.065,,,
998,2026-05-08,SH688187,-0.020038839429616928,EXP_LinearModel_Alpha158_csi300_custom_step0_s_20260508_14,f02e21c28550400aafd99e409f0f60cb,0.065,,,
999,2026-05-08,SH688223,-0.018738258630037308,EXP_LinearModel_Alpha158_csi300_custom_step0_s_20260508_14,f02e21c28550400aafd99e409f0f60cb,0.065,,,
1000,2026-05-08,SH688256,-0.23898762464523315,EXP_LinearModel_Alpha158_csi300_custom_step0_s_20260508_14,f02e21c28550400aafd99e409f0f60cb,0.065,,,
1001,2026-05-08,SH688271,-0.023687951266765594,EXP_LinearModel_Alpha158_csi300_custom_step0_s_20260508_14,f02e21c28550400aafd99e409f0f60cb,0.065,,,
1002,2026-05-08,SZ000338,-0.06068795546889305,EXP_LinearModel_Alpha158_csi300_custom_step0_s_20260508_14,f02e21c28550400aafd99e409f0f60cb,0.065,,,
1003,2026-05-08,SZ000333,0.045277826488018036,EXP_LinearModel_Alpha158_csi300_custom_step0_s_20260508_14,f02e21c28550400aafd99e409f0f60cb,0.065,,,
1004,2026-05-08,SZ000301,0.010406773537397385,EXP_LinearModel_Alpha158_csi300_custom_step0_s_20260508_14,f02e21c28550400aafd99e409f0f60cb,0.065,,,
1005,2026-05-08,SZ000166,0.028839878737926483,EXP_LinearModel_Alpha158_csi300_custom_step0_s_20260508_14,f02e21c28550400aafd99e409f0f60cb,0.065,,,
1006,2026-05-08,SZ000157,0.04126356914639473,EXP_LinearModel_Alpha158_csi300_custom_step0_s_20260508_14,f02e21c28550400aafd99e409f0f60cb,0.065,,,
1007,2026-05-08,SZ000100,-0.026526864618062973,EXP_LinearModel_Alpha158_csi300_custom_step0_s_20260508_14,f02e21c28550400aafd99e409f0f60cb,0.065,,,
1008,2026-05-08,SH603986,-0.0777881070971489,EXP_LinearModel_Alpha158_csi300_custom_step0_s_20260508_14,f02e21c28550400aafd99e409f0f60cb,0.065,,,
1009,2026-05-08,SZ000063,0.007285427302122116,EXP_LinearModel_Alpha158_csi300_custom_step0_s_20260508_14,f02e21c28550400aafd99e409f0f60cb,0.065,,,
1010,2026-05-08,SZ000001,0.04767199978232384,EXP_LinearModel_Alpha158_csi300_custom_step0_s_20260508_14,f02e21c28550400aafd99e409f0f60cb,0.065,,,
1011,2026-05-08,SH688981,-0.03233807161450386,EXP_LinearModel_Alpha158_csi300_custom_step0_s_20260508_14,f02e21c28550400aafd99e409f0f60cb,0.065,,,
1012,2026-05-08,SH688506,-0.06770409643650055,EXP_LinearModel_Alpha158_csi300_custom_step0_s_20260508_14,f02e21c28550400aafd99e409f0f60cb,0.065,,,
1013,2026-05-08,SH688472,-0.002278401516377926,EXP_LinearModel_Alpha158_csi300_custom_step0_s_20260508_14,f02e21c28550400aafd99e409f0f60cb,0.065,,,
1014,2026-05-08,SH688396,-0.06952887028455734,EXP_LinearModel_Alpha158_csi300_custom_step0_s_20260508_14,f02e21c28550400aafd99e409f0f60cb,0.065,,,
1015,2026-05-08,SH688303,-0.06246345117688179,EXP_LinearModel_Alpha158_csi300_custom_step0_s_20260508_14,f02e21c28550400aafd99e409f0f60cb,0.065,,,
1016,2026-05-08,SZ000002,0.0038139019161462784,EXP_LinearModel_Alpha158_csi300_custom_step0_s_20260508_14,f02e21c28550400aafd99e409f0f60cb,0.065,,,
1017,2026-05-08,SZ000408,-0.014400077052414417,EXP_LinearModel_Alpha158_csi300_custom_step0_s_20260508_14,f02e21c28550400aafd99e409f0f60cb,0.065,,,
1018,2026-05-08,SH603893,-0.027487726882100105,EXP_LinearModel_Alpha158_csi300_custom_step0_s_20260508_14,f02e21c28550400aafd99e409f0f60cb,0.065,,,
1019,2026-05-08,SH603501,-0.027699094265699387,EXP_LinearModel_Alpha158_csi300_custom_step0_s_20260508_14,f02e21c28550400aafd99e409f0f60cb,0.065,,,
1020,2026-05-08,SH601800,-0.049798633903265,EXP_LinearModel_Alpha158_csi300_custom_step0_s_20260508_14,f02e21c28550400aafd99e409f0f60cb,0.065,,,
1021,2026-05-08,SH601808,-0.008616137318313122,EXP_LinearModel_Alpha158_csi300_custom_step0_s_20260508_14,f02e21c28550400aafd99e409f0f60cb,0.065,,,
1022,2026-05-08,SH601816,-0.0272752046585083,EXP_LinearModel_Alpha158_csi300_custom_step0_s_20260508_14,f02e21c28550400aafd99e409f0f60cb,0.065,,,
1023,2026-05-08,SH601818,0.09288293123245239,EXP_LinearModel_Alpha158_csi300_custom_step0_s_20260508_14,f02e21c28550400aafd99e409f0f60cb,0.065,,,
1024,2026-05-08,SH601825,0.020307421684265137,EXP_LinearModel_Alpha158_csi300_custom_step0_s_20260508_14,f02e21c28550400aafd99e409f0f60cb,0.065,,,
1025,2026-05-08,SH601838,0.05463852360844612,EXP_LinearModel_Alpha158_csi300_custom_step0_s_20260508_14,f02e21c28550400aafd99e409f0f60cb,0.065,,,
1026,2026-05-08,SH601857,0.003364779520779848,EXP_LinearModel_Alpha158_csi300_custom_step0_s_20260508_14,f02e21c28550400aafd99e409f0f60cb,0.065,,,
1027,2026-05-08,SH601868,-0.06828225404024124,EXP_LinearModel_Alpha158_csi300_custom_step0_s_20260508_14,f02e21c28550400aafd99e409f0f60cb,0.065,,,
1028,2026-05-08,SH601872,-0.06458824872970581,EXP_LinearModel_Alpha158_csi300_custom_step0_s_20260508_14,f02e21c28550400aafd99e409f0f60cb,0.065,,,
1029,2026-05-08,SH601877,-0.009112359024584293,EXP_LinearModel_Alpha158_csi300_custom_step0_s_20260508_14,f02e21c28550400aafd99e409f0f60cb,0.065,,,
1030,2026-05-08,SH601878,0.017662405967712402,EXP_LinearModel_Alpha158_csi300_custom_step0_s_20260508_14,f02e21c28550400aafd99e409f0f60cb,0.065,,,
1031,2026-05-08,SH601881,0.01827998273074627,EXP_LinearModel_Alpha158_csi300_custom_step0_s_20260508_14,f02e21c28550400aafd99e409f0f60cb,0.065,,,
1032,2026-05-08,SH601888,0.02883821353316307,EXP_LinearModel_Alpha158_csi300_custom_step0_s_20260508_14,f02e21c28550400aafd99e409f0f60cb,0.065,,,
1033,2026-05-08,SH601898,-0.013530559837818146,EXP_LinearModel_Alpha158_csi300_custom_step0_s_20260508_14,f02e21c28550400aafd99e409f0f60cb,0.065,,,
1034,2026-05-08,SH601899,-0.07015485316514969,EXP_LinearModel_Alpha158_csi300_custom_step0_s_20260508_14,f02e21c28550400aafd99e409f0f60cb,0.065,,,
1035,2026-05-08,SH601901,-0.015119276940822601,EXP_LinearModel_Alpha158_csi300_custom_step0_s_20260508_14,f02e21c28550400aafd99e409f0f60cb,0.065,,,
1036,2026-05-08,SH601916,0.13461658358573914,EXP_LinearModel_Alpha158_csi300_custom_step0_s_20260508_14,f02e21c28550400aafd99e409f0f60cb,0.065,,,
1037,2026-05-08,SH603392,-0.007815497927367687,EXP_LinearModel_Alpha158_csi300_custom_step0_s_20260508_14,f02e21c28550400aafd99e409f0f60cb,0.065,,,
1038,2026-05-08,SH603369,-0.07224501669406891,EXP_LinearModel_Alpha158_csi300_custom_step0_s_20260508_14,f02e21c28550400aafd99e409f0f60cb,0.065,,,
1039,2026-05-08,SH603296,-0.03769611567258835,EXP_LinearModel_Alpha158_csi300_custom_step0_s_20260508_14,f02e21c28550400aafd99e409f0f60cb,0.065,,,
1040,2026-05-08,SH603288,-0.01758761890232563,EXP_LinearModel_Alpha158_csi300_custom_step0_s_20260508_14,f02e21c28550400aafd99e409f0f60cb,0.065,,,
1041,2026-05-08,SH603260,-0.019542725756764412,EXP_LinearModel_Alpha158_csi300_custom_step0_s_20260508_14,f02e21c28550400aafd99e409f0f60cb,0.065,,,
1042,2026-05-08,SH603259,0.04431970790028572,EXP_LinearModel_Alpha158_csi300_custom_step0_s_20260508_14,f02e21c28550400aafd99e409f0f60cb,0.065,,,
1043,2026-05-08,SH603799,-0.08979017287492752,EXP_LinearModel_Alpha158_csi300_custom_step0_s_20260508_14,f02e21c28550400aafd99e409f0f60cb,0.065,,,
1044,2026-05-08,SH603195,0.02257409691810608,EXP_LinearModel_Alpha158_csi300_custom_step0_s_20260508_14,f02e21c28550400aafd99e409f0f60cb,0.065,,,
1045,2026-05-08,SH601998,0.044466566294431686,EXP_LinearModel_Alpha158_csi300_custom_step0_s_20260508_14,f02e21c28550400aafd99e409f0f60cb,0.065,,,
1046,2026-05-08,SH601995,0.025717565789818764,EXP_LinearModel_Alpha158_csi300_custom_step0_s_20260508_14,f02e21c28550400aafd99e409f0f60cb,0.065,,,
1047,2026-05-08,SH601988,0.04667506366968155,EXP_LinearModel_Alpha158_csi300_custom_step0_s_20260508_14,f02e21c28550400aafd99e409f0f60cb,0.065,,,
1048,2026-05-08,SH601985,0.06262675672769547,EXP_LinearModel_Alpha158_csi300_custom_step0_s_20260508_14,f02e21c28550400aafd99e409f0f60cb,0.065,,,
1049,2026-05-08,SH601939,0.02935294806957245,EXP_LinearModel_Alpha158_csi300_custom_step0_s_20260508_14,f02e21c28550400aafd99e409f0f60cb,0.065,,,
1050,2026-05-08,SH601919,-0.0407378152012825,EXP_LinearModel_Alpha158_csi300_custom_step0_s_20260508_14,f02e21c28550400aafd99e409f0f60cb,0.065,,,
1051,2026-05-08,SH603019,-0.04932016134262085,EXP_LinearModel_Alpha158_csi300_custom_step0_s_20260508_14,f02e21c28550400aafd99e409f0f60cb,0.065,,,
1052,2026-05-08,SZ000425,-0.002964604180306196,EXP_LinearModel_Alpha158_csi300_custom_step0_s_20260508_14,f02e21c28550400aafd99e409f0f60cb,0.065,,,
1053,2026-05-08,SZ000538,-0.058297254145145416,EXP_LinearModel_Alpha158_csi300_custom_step0_s_20260508_14,f02e21c28550400aafd99e409f0f60cb,0.065,,,
1054,2026-05-08,SZ000568,-0.00123605877161026,EXP_LinearModel_Alpha158_csi300_custom_step0_s_20260508_14,f02e21c28550400aafd99e409f0f60cb,0.065,,,
1055,2026-05-08,SZ002252,0.010574779473245144,EXP_LinearModel_Alpha158_csi300_custom_step0_s_20260508_14,f02e21c28550400aafd99e409f0f60cb,0.065,,,
1056,2026-05-08,SZ002304,-0.058305028825998306,EXP_LinearModel_Alpha158_csi300_custom_step0_s_20260508_14,f02e21c28550400aafd99e409f0f60cb,0.065,,,
1057,2026-05-08,SZ002311,-0.02434748411178589,EXP_LinearModel_Alpha158_csi300_custom_step0_s_20260508_14,f02e21c28550400aafd99e409f0f60cb,0.065,,,
1058,2026-05-08,SZ002352,-0.02162986993789673,EXP_LinearModel_Alpha158_csi300_custom_step0_s_20260508_14,f02e21c28550400aafd99e409f0f60cb,0.065,,,
1059,2026-05-08,SZ002371,-0.03369024768471718,EXP_LinearModel_Alpha158_csi300_custom_step0_s_20260508_14,f02e21c28550400aafd99e409f0f60cb,0.065,,,
1060,2026-05-08,SZ002384,-0.17575836181640625,EXP_LinearModel_Alpha158_csi300_custom_step0_s_20260508_14,f02e21c28550400aafd99e409f0f60cb,0.065,,,
1061,2026-05-08,SZ002415,-0.004107758402824402,EXP_LinearModel_Alpha158_csi300_custom_step0_s_20260508_14,f02e21c28550400aafd99e409f0f60cb,0.065,,,
1062,2026-05-08,SZ002422,0.04475165158510208,EXP_LinearModel_Alpha158_csi300_custom_step0_s_20260508_14,f02e21c28550400aafd99e409f0f60cb,0.065,,,
1063,2026-05-08,SZ002459,-0.01290011964738369,EXP_LinearModel_Alpha158_csi300_custom_step0_s_20260508_14,f02e21c28550400aafd99e409f0f60cb,0.065,,,
1064,2026-05-08,SZ002460,-0.06561622023582458,EXP_LinearModel_Alpha158_csi300_custom_step0_s_20260508_14,f02e21c28550400aafd99e409f0f60cb,0.065,,,
1065,2026-05-08,SZ002463,-0.06593061238527298,EXP_LinearModel_Alpha158_csi300_custom_step0_s_20260508_14,f02e21c28550400aafd99e409f0f60cb,0.065,,,
1066,2026-05-08,SZ002466,-0.08179406821727753,EXP_LinearModel_Alpha158_csi300_custom_step0_s_20260508_14,f02e21c28550400aafd99e409f0f60cb,0.065,,,
1067,2026-05-08,SZ002475,-0.06455572694540024,EXP_LinearModel_Alpha158_csi300_custom_step0_s_20260508_14,f02e21c28550400aafd99e409f0f60cb,0.065,,,
1068,2026-05-08,SZ002493,-0.07757622003555298,EXP_LinearModel_Alpha158_csi300_custom_step0_s_20260508_14,f02e21c28550400aafd99e409f0f60cb,0.065,,,
1069,2026-05-08,SZ002594,-0.007150176912546158,EXP_LinearModel_Alpha158_csi300_custom_step0_s_20260508_14,f02e21c28550400aafd99e409f0f60cb,0.065,,,
1070,2026-05-08,SZ002600,0.01319907046854496,EXP_LinearModel_Alpha158_csi300_custom_step0_s_20260508_14,f02e21c28550400aafd99e409f0f60cb,0.065,,,
1071,2026-05-08,SZ002601,-0.007548706606030464,EXP_LinearModel_Alpha158_csi300_custom_step0_s_20260508_14,f02e21c28550400aafd99e409f0f60cb,0.065,,,
1072,2026-05-08,SZ300122,0.0087151899933815,EXP_LinearModel_Alpha158_csi300_custom_step0_s_20260508_14,f02e21c28550400aafd99e409f0f60cb,0.065,,,
1073,2026-05-08,SZ300059,-0.05525693669915199,EXP_LinearModel_Alpha158_csi300_custom_step0_s_20260508_14,f02e21c28550400aafd99e409f0f60cb,0.065,,,
1074,2026-05-08,SZ300033,-0.003926431760191917,EXP_LinearModel_Alpha158_csi300_custom_step0_s_20260508_14,f02e21c28550400aafd99e409f0f60cb,0.065,,,
1075,2026-05-08,SZ300015,0.045060593634843826,EXP_LinearModel_Alpha158_csi300_custom_step0_s_20260508_14,f02e21c28550400aafd99e409f0f60cb,0.065,,,
1076,2026-05-08,SZ300014,-0.02994278259575367,EXP_LinearModel_Alpha158_csi300_custom_step0_s_20260508_14,f02e21c28550400aafd99e409f0f60cb,0.065,,,
1077,2026-05-08,SZ003816,0.08281829953193665,EXP_LinearModel_Alpha158_csi300_custom_step0_s_20260508_14,f02e21c28550400aafd99e409f0f60cb,0.065,,,
1078,2026-05-08,SZ002241,-0.03547768294811249,EXP_LinearModel_Alpha158_csi300_custom_step0_s_20260508_14,f02e21c28550400aafd99e409f0f60cb,0.065,,,
1079,2026-05-08,SZ002938,-0.010282241739332676,EXP_LinearModel_Alpha158_csi300_custom_step0_s_20260508_14,f02e21c28550400aafd99e409f0f60cb,0.065,,,
1080,2026-05-08,SZ002916,-0.055894359946250916,EXP_LinearModel_Alpha158_csi300_custom_step0_s_20260508_14,f02e21c28550400aafd99e409f0f60cb,0.065,,,
1081,2026-05-08,SZ002736,-0.03693895787000656,EXP_LinearModel_Alpha158_csi300_custom_step0_s_20260508_14,f02e21c28550400aafd99e409f0f60cb,0.065,,,
1082,2026-05-08,SZ002714,0.0099271135404706,EXP_LinearModel_Alpha158_csi300_custom_step0_s_20260508_14,f02e21c28550400aafd99e409f0f60cb,0.065,,,
1083,2026-05-08,SZ002709,-0.052356913685798645,EXP_LinearModel_Alpha158_csi300_custom_step0_s_20260508_14,f02e21c28550400aafd99e409f0f60cb,0.065,,,
1084,2026-05-08,SZ002648,-0.014308849349617958,EXP_LinearModel_Alpha158_csi300_custom_step0_s_20260508_14,f02e21c28550400aafd99e409f0f60cb,0.065,,,
1085,2026-05-08,SZ002625,-0.024154148995876312,EXP_LinearModel_Alpha158_csi300_custom_step0_s_20260508_14,f02e21c28550400aafd99e409f0f60cb,0.065,,,
1086,2026-05-08,SZ002920,-0.02971000224351883,EXP_LinearModel_Alpha158_csi300_custom_step0_s_20260508_14,f02e21c28550400aafd99e409f0f60cb,0.065,,,
1087,2026-05-08,SZ002236,0.06900245696306229,EXP_LinearModel_Alpha158_csi300_custom_step0_s_20260508_14,f02e21c28550400aafd99e409f0f60cb,0.065,,,
1088,2026-05-08,SZ002230,0.0002030758187174797,EXP_LinearModel_Alpha158_csi300_custom_step0_s_20260508_14,f02e21c28550400aafd99e409f0f60cb,0.065,,,
1089,2026-05-08,SZ002179,0.01687845215201378,EXP_LinearModel_Alpha158_csi300_custom_step0_s_20260508_14,f02e21c28550400aafd99e409f0f60cb,0.065,,,
1090,2026-05-08,SZ000858,0.006615243852138519,EXP_LinearModel_Alpha158_csi300_custom_step0_s_20260508_14,f02e21c28550400aafd99e409f0f60cb,0.065,,,
1091,2026-05-08,SZ000807,-0.06265845894813538,EXP_LinearModel_Alpha158_csi300_custom_step0_s_20260508_14,f02e21c28550400aafd99e409f0f60cb,0.065,,,
1092,2026-05-08,SZ000792,-0.05854490399360657,EXP_LinearModel_Alpha158_csi300_custom_step0_s_20260508_14,f02e21c28550400aafd99e409f0f60cb,0.065,,,
1093,2026-05-08,SZ000786,0.023682747036218643,EXP_LinearModel_Alpha158_csi300_custom_step0_s_20260508_14,f02e21c28550400aafd99e409f0f60cb,0.065,,,
1094,2026-05-08,SZ000776,0.0341772735118866,EXP_LinearModel_Alpha158_csi300_custom_step0_s_20260508_14,f02e21c28550400aafd99e409f0f60cb,0.065,,,
1095,2026-05-08,SZ000768,0.10734972357749939,EXP_LinearModel_Alpha158_csi300_custom_step0_s_20260508_14,f02e21c28550400aafd99e409f0f60cb,0.065,,,
1096,2026-05-08,SZ000876,0.09318344295024872,EXP_LinearModel_Alpha158_csi300_custom_step0_s_20260508_14,f02e21c28550400aafd99e409f0f60cb,0.065,,,
1097,2026-05-08,SZ000725,-0.04854181408882141,EXP_LinearModel_Alpha158_csi300_custom_step0_s_20260508_14,f02e21c28550400aafd99e409f0f60cb,0.065,,,
1098,2026-05-08,SZ000661,-0.05252571403980255,EXP_LinearModel_Alpha158_csi300_custom_step0_s_20260508_14,f02e21c28550400aafd99e409f0f60cb,0.065,,,
1099,2026-05-08,SZ000651,0.09941809624433517,EXP_LinearModel_Alpha158_csi300_custom_step0_s_20260508_14,f02e21c28550400aafd99e409f0f60cb,0.065,,,
1100,2026-05-08,SZ000630,-0.02773212268948555,EXP_LinearModel_Alpha158_csi300_custom_step0_s_20260508_14,f02e21c28550400aafd99e409f0f60cb,0.065,,,
1101,2026-05-08,SZ000625,-0.09889673441648483,EXP_LinearModel_Alpha158_csi300_custom_step0_s_20260508_14,f02e21c28550400aafd99e409f0f60cb,0.065,,,
1102,2026-05-08,SZ000617,0.06778264790773392,EXP_LinearModel_Alpha158_csi300_custom_step0_s_20260508_14,f02e21c28550400aafd99e409f0f60cb,0.065,,,
1103,2026-05-08,SZ000596,-0.02436317875981331,EXP_LinearModel_Alpha158_csi300_custom_step0_s_20260508_14,f02e21c28550400aafd99e409f0f60cb,0.065,,,
1104,2026-05-08,SZ000708,-0.05180484429001808,EXP_LinearModel_Alpha158_csi300_custom_step0_s_20260508_14,f02e21c28550400aafd99e409f0f60cb,0.065,,,
1105,2026-05-08,SZ300251,-0.04960639402270317,EXP_LinearModel_Alpha158_csi300_custom_step0_s_20260508_14,f02e21c28550400aafd99e409f0f60cb,0.065,,,
1106,2026-05-08,SZ000895,0.03216562047600746,EXP_LinearModel_Alpha158_csi300_custom_step0_s_20260508_14,f02e21c28550400aafd99e409f0f60cb,0.065,,,
1107,2026-05-08,SZ000963,-0.08198687434196472,EXP_LinearModel_Alpha158_csi300_custom_step0_s_20260508_14,f02e21c28550400aafd99e409f0f60cb,0.065,,,
1108,2026-05-08,SZ002142,-0.0002624716144055128,EXP_LinearModel_Alpha158_csi300_custom_step0_s_20260508_14,f02e21c28550400aafd99e409f0f60cb,0.065,,,
1109,2026-05-08,SZ002074,0.013972794637084007,EXP_LinearModel_Alpha158_csi300_custom_step0_s_20260508_14,f02e21c28550400aafd99e409f0f60cb,0.065,,,
1110,2026-05-08,SZ002050,-0.09072109311819077,EXP_LinearModel_Alpha158_csi300_custom_step0_s_20260508_14,f02e21c28550400aafd99e409f0f60cb,0.065,,,
1111,2026-05-08,SZ002049,-0.02685176394879818,EXP_LinearModel_Alpha158_csi300_custom_step0_s_20260508_14,f02e21c28550400aafd99e409f0f60cb,0.065,,,
1112,2026-05-08,SZ002028,-0.028634320944547653,EXP_LinearModel_Alpha158_csi300_custom_step0_s_20260508_14,f02e21c28550400aafd99e409f0f60cb,0.065,,,
1113,2026-05-08,SZ002027,0.04068021476268768,EXP_LinearModel_Alpha158_csi300_custom_step0_s_20260508_14,f02e21c28550400aafd99e409f0f60cb,0.065,,,
1114,2026-05-08,SZ000938,0.06356804072856903,EXP_LinearModel_Alpha158_csi300_custom_step0_s_20260508_14,f02e21c28550400aafd99e409f0f60cb,0.065,,,
1115,2026-05-08,SZ002001,0.006205656565725803,EXP_LinearModel_Alpha158_csi300_custom_step0_s_20260508_14,f02e21c28550400aafd99e409f0f60cb,0.065,,,
1116,2026-05-08,SZ001965,0.07749556005001068,EXP_LinearModel_Alpha158_csi300_custom_step0_s_20260508_14,f02e21c28550400aafd99e409f0f60cb,0.065,,,
1117,2026-05-08,SZ001391,0.059069231152534485,EXP_LinearModel_Alpha158_csi300_custom_step0_s_20260508_14,f02e21c28550400aafd99e409f0f60cb,0.065,,,
1118,2026-05-08,SZ000999,-0.025118092074990273,EXP_LinearModel_Alpha158_csi300_custom_step0_s_20260508_14,f02e21c28550400aafd99e409f0f60cb,0.065,,,
1119,2026-05-08,SZ000983,-0.05389717221260071,EXP_LinearModel_Alpha158_csi300_custom_step0_s_20260508_14,f02e21c28550400aafd99e409f0f60cb,0.065,,,
1120,2026-05-08,SZ000977,-0.012088155373930931,EXP_LinearModel_Alpha158_csi300_custom_step0_s_20260508_14,f02e21c28550400aafd99e409f0f60cb,0.065,,,
1121,2026-05-08,SZ000975,-0.08153586089611053,EXP_LinearModel_Alpha158_csi300_custom_step0_s_20260508_14,f02e21c28550400aafd99e409f0f60cb,0.065,,,
1122,2026-05-08,SZ001979,-0.045072369277477264,EXP_LinearModel_Alpha158_csi300_custom_step0_s_20260508_14,f02e21c28550400aafd99e409f0f60cb,0.065,,,
1123,2026-05-08,SH601939,0.0590439801238415,EXP_DEnsembleModel_Alpha158_csi300_custom_step0_s_20260508_14,246173a6588340aca285c143d7f0b30d,0.05,,,
1124,2026-05-08,SH600918,-0.04955799877643585,EXP_LinearModel_Alpha158_csi300_custom_step0_s_20260508_14,c8099457a11047808090688fa77f2f20,0.073,,,
1125,2026-05-08,SH600926,-0.07163972407579422,EXP_LinearModel_Alpha158_csi300_custom_step0_s_20260508_14,c8099457a11047808090688fa77f2f20,0.073,,,
1126,2026-05-08,SZ000858,-0.031333986669778824,EXP_XGBModel_Alpha158_csi300_custom_step0_s_20260508_14,fcd7ecc6780e4982a8a0d56eb176fa3d,0.038,,,
1127,2026-05-08,SZ000876,0.027572067454457283,EXP_XGBModel_Alpha158_csi300_custom_step0_s_20260508_14,fcd7ecc6780e4982a8a0d56eb176fa3d,0.038,,,
1128,2026-05-08,SZ000895,-0.017796244472265244,EXP_XGBModel_Alpha158_csi300_custom_step0_s_20260508_14,fcd7ecc6780e4982a8a0d56eb176fa3d,0.038,,,
1129,2026-05-08,SZ000938,0.05167023465037346,EXP_XGBModel_Alpha158_csi300_custom_step0_s_20260508_14,fcd7ecc6780e4982a8a0d56eb176fa3d,0.038,,,
1130,2026-05-08,SZ000963,-0.01302719209343195,EXP_XGBModel_Alpha158_csi300_custom_step0_s_20260508_14,fcd7ecc6780e4982a8a0d56eb176fa3d,0.038,,,
1131,2026-05-08,SZ000975,-0.0437806136906147,EXP_XGBModel_Alpha158_csi300_custom_step0_s_20260508_14,fcd7ecc6780e4982a8a0d56eb176fa3d,0.038,,,
1132,2026-05-08,SZ000977,0.04127141088247299,EXP_XGBModel_Alpha158_csi300_custom_step0_s_20260508_14,fcd7ecc6780e4982a8a0d56eb176fa3d,0.038,,,
1133,2026-05-08,SZ000983,-0.051255002617836,EXP_XGBModel_Alpha158_csi300_custom_step0_s_20260508_14,fcd7ecc6780e4982a8a0d56eb176fa3d,0.038,,,
1134,2026-05-08,SZ000999,-0.049419842660427094,EXP_XGBModel_Alpha158_csi300_custom_step0_s_20260508_14,fcd7ecc6780e4982a8a0d56eb176fa3d,0.038,,,
1135,2026-05-08,SZ001391,-0.0005977939581498504,EXP_XGBModel_Alpha158_csi300_custom_step0_s_20260508_14,fcd7ecc6780e4982a8a0d56eb176fa3d,0.038,,,
1136,2026-05-08,SZ001965,0.035411056131124496,EXP_XGBModel_Alpha158_csi300_custom_step0_s_20260508_14,fcd7ecc6780e4982a8a0d56eb176fa3d,0.038,,,
1137,2026-05-08,SZ001979,-0.03515313193202019,EXP_XGBModel_Alpha158_csi300_custom_step0_s_20260508_14,fcd7ecc6780e4982a8a0d56eb176fa3d,0.038,,,
1138,2026-05-08,SZ002001,-0.01465747319161892,EXP_XGBModel_Alpha158_csi300_custom_step0_s_20260508_14,fcd7ecc6780e4982a8a0d56eb176fa3d,0.038,,,
1139,2026-05-08,SZ002027,-0.015143916942179203,EXP_XGBModel_Alpha158_csi300_custom_step0_s_20260508_14,fcd7ecc6780e4982a8a0d56eb176fa3d,0.038,,,
1140,2026-05-08,SZ002028,-0.0862349420785904,EXP_XGBModel_Alpha158_csi300_custom_step0_s_20260508_14,fcd7ecc6780e4982a8a0d56eb176fa3d,0.038,,,
1141,2026-05-08,SZ002049,-0.05626789852976799,EXP_XGBModel_Alpha158_csi300_custom_step0_s_20260508_14,fcd7ecc6780e4982a8a0d56eb176fa3d,0.038,,,
1142,2026-05-08,SZ002050,0.13891686499118805,EXP_XGBModel_Alpha158_csi300_custom_step0_s_20260508_14,fcd7ecc6780e4982a8a0d56eb176fa3d,0.038,,,
1143,2026-05-08,SZ002422,0.00873385276645422,EXP_XGBModel_Alpha158_csi300_custom_step0_s_20260508_14,fcd7ecc6780e4982a8a0d56eb176fa3d,0.038,,,
1144,2026-05-08,SZ002415,-0.009432153776288033,EXP_XGBModel_Alpha158_csi300_custom_step0_s_20260508_14,fcd7ecc6780e4982a8a0d56eb176fa3d,0.038,,,
1145,2026-05-08,SZ002384,0.02988484315574169,EXP_XGBModel_Alpha158_csi300_custom_step0_s_20260508_14,fcd7ecc6780e4982a8a0d56eb176fa3d,0.038,,,
1146,2026-05-08,SZ002371,-0.014472718350589275,EXP_XGBModel_Alpha158_csi300_custom_step0_s_20260508_14,fcd7ecc6780e4982a8a0d56eb176fa3d,0.038,,,
1147,2026-05-08,SZ002352,0.03962237760424614,EXP_XGBModel_Alpha158_csi300_custom_step0_s_20260508_14,fcd7ecc6780e4982a8a0d56eb176fa3d,0.038,,,
1148,2026-05-08,SZ002311,-0.054795198142528534,EXP_XGBModel_Alpha158_csi300_custom_step0_s_20260508_14,fcd7ecc6780e4982a8a0d56eb176fa3d,0.038,,,
1149,2026-05-08,SZ000807,-0.0058172717690467834,EXP_XGBModel_Alpha158_csi300_custom_step0_s_20260508_14,fcd7ecc6780e4982a8a0d56eb176fa3d,0.038,,,
1150,2026-05-08,SZ002304,-0.007040110416710377,EXP_XGBModel_Alpha158_csi300_custom_step0_s_20260508_14,fcd7ecc6780e4982a8a0d56eb176fa3d,0.038,,,
1151,2026-05-08,SZ002241,0.03813750669360161,EXP_XGBModel_Alpha158_csi300_custom_step0_s_20260508_14,fcd7ecc6780e4982a8a0d56eb176fa3d,0.038,,,
1152,2026-05-08,SZ002236,0.013507993891835213,EXP_XGBModel_Alpha158_csi300_custom_step0_s_20260508_14,fcd7ecc6780e4982a8a0d56eb176fa3d,0.038,,,
1153,2026-05-08,SZ002230,0.006865969393402338,EXP_XGBModel_Alpha158_csi300_custom_step0_s_20260508_14,fcd7ecc6780e4982a8a0d56eb176fa3d,0.038,,,
1154,2026-05-08,SZ002179,0.01677553355693817,EXP_XGBModel_Alpha158_csi300_custom_step0_s_20260508_14,fcd7ecc6780e4982a8a0d56eb176fa3d,0.038,,,
1155,2026-05-08,SZ002142,0.02766580693423748,EXP_XGBModel_Alpha158_csi300_custom_step0_s_20260508_14,fcd7ecc6780e4982a8a0d56eb176fa3d,0.038,,,
1156,2026-05-08,SZ002074,-0.06230534613132477,EXP_XGBModel_Alpha158_csi300_custom_step0_s_20260508_14,fcd7ecc6780e4982a8a0d56eb176fa3d,0.038,,,
1157,2026-05-08,SZ002252,0.0016342389862984419,EXP_XGBModel_Alpha158_csi300_custom_step0_s_20260508_14,fcd7ecc6780e4982a8a0d56eb176fa3d,0.038,,,
1158,2026-05-08,SZ002459,-0.028973015025258064,EXP_XGBModel_Alpha158_csi300_custom_step0_s_20260508_14,fcd7ecc6780e4982a8a0d56eb176fa3d,0.038,,,
1159,2026-05-08,SZ000792,-0.02293509431183338,EXP_XGBModel_Alpha158_csi300_custom_step0_s_20260508_14,fcd7ecc6780e4982a8a0d56eb176fa3d,0.038,,,
1160,2026-05-08,SZ000776,-0.05649395287036896,EXP_XGBModel_Alpha158_csi300_custom_step0_s_20260508_14,fcd7ecc6780e4982a8a0d56eb176fa3d,0.038,,,
1161,2026-05-08,SH688187,-0.011553261429071426,EXP_XGBModel_Alpha158_csi300_custom_step0_s_20260508_14,fcd7ecc6780e4982a8a0d56eb176fa3d,0.038,,,
1162,2026-05-08,SH688223,0.13028407096862793,EXP_XGBModel_Alpha158_csi300_custom_step0_s_20260508_14,fcd7ecc6780e4982a8a0d56eb176fa3d,0.038,,,
1163,2026-05-08,SH688256,-0.18304231762886047,EXP_XGBModel_Alpha158_csi300_custom_step0_s_20260508_14,fcd7ecc6780e4982a8a0d56eb176fa3d,0.038,,,
1164,2026-05-08,SH688271,-0.0030789996962994337,EXP_XGBModel_Alpha158_csi300_custom_step0_s_20260508_14,fcd7ecc6780e4982a8a0d56eb176fa3d,0.038,,,
1165,2026-05-08,SH688303,-0.0036733844317495823,EXP_XGBModel_Alpha158_csi300_custom_step0_s_20260508_14,fcd7ecc6780e4982a8a0d56eb176fa3d,0.038,,,
1166,2026-05-08,SH688396,-0.07485120743513107,EXP_XGBModel_Alpha158_csi300_custom_step0_s_20260508_14,fcd7ecc6780e4982a8a0d56eb176fa3d,0.038,,,
1167,2026-05-08,SH688472,-0.015701081603765488,EXP_XGBModel_Alpha158_csi300_custom_step0_s_20260508_14,fcd7ecc6780e4982a8a0d56eb176fa3d,0.038,,,
1168,2026-05-08,SH688506,-0.05009916424751282,EXP_XGBModel_Alpha158_csi300_custom_step0_s_20260508_14,fcd7ecc6780e4982a8a0d56eb176fa3d,0.038,,,
1169,2026-05-08,SH688981,-0.09284738451242447,EXP_XGBModel_Alpha158_csi300_custom_step0_s_20260508_14,fcd7ecc6780e4982a8a0d56eb176fa3d,0.038,,,
1170,2026-05-08,SZ000001,0.004879041574895382,EXP_XGBModel_Alpha158_csi300_custom_step0_s_20260508_14,fcd7ecc6780e4982a8a0d56eb176fa3d,0.038,,,
1171,2026-05-08,SZ000002,-0.0018777484074234962,EXP_XGBModel_Alpha158_csi300_custom_step0_s_20260508_14,fcd7ecc6780e4982a8a0d56eb176fa3d,0.038,,,
1172,2026-05-08,SZ000063,-0.05987441912293434,EXP_XGBModel_Alpha158_csi300_custom_step0_s_20260508_14,fcd7ecc6780e4982a8a0d56eb176fa3d,0.038,,,
1173,2026-05-08,SZ000100,0.0016611551400274038,EXP_XGBModel_Alpha158_csi300_custom_step0_s_20260508_14,fcd7ecc6780e4982a8a0d56eb176fa3d,0.038,,,
1174,2026-05-08,SZ000157,-0.010648309253156185,EXP_XGBModel_Alpha158_csi300_custom_step0_s_20260508_14,fcd7ecc6780e4982a8a0d56eb176fa3d,0.038,,,
1175,2026-05-08,SZ000166,0.02332174964249134,EXP_XGBModel_Alpha158_csi300_custom_step0_s_20260508_14,fcd7ecc6780e4982a8a0d56eb176fa3d,0.038,,,
1176,2026-05-08,SZ000301,-0.0041779763996601105,EXP_XGBModel_Alpha158_csi300_custom_step0_s_20260508_14,fcd7ecc6780e4982a8a0d56eb176fa3d,0.038,,,
1177,2026-05-08,SZ000333,0.039047736674547195,EXP_XGBModel_Alpha158_csi300_custom_step0_s_20260508_14,fcd7ecc6780e4982a8a0d56eb176fa3d,0.038,,,
1178,2026-05-08,SZ000768,-0.013004587963223457,EXP_XGBModel_Alpha158_csi300_custom_step0_s_20260508_14,fcd7ecc6780e4982a8a0d56eb176fa3d,0.038,,,
1179,2026-05-08,SZ000725,0.02069002017378807,EXP_XGBModel_Alpha158_csi300_custom_step0_s_20260508_14,fcd7ecc6780e4982a8a0d56eb176fa3d,0.038,,,
1180,2026-05-08,SZ000708,-0.012817631475627422,EXP_XGBModel_Alpha158_csi300_custom_step0_s_20260508_14,fcd7ecc6780e4982a8a0d56eb176fa3d,0.038,,,
1181,2026-05-08,SZ000661,-0.0017333249561488628,EXP_XGBModel_Alpha158_csi300_custom_step0_s_20260508_14,fcd7ecc6780e4982a8a0d56eb176fa3d,0.038,,,
1182,2026-05-08,SZ000651,-0.00750927347689867,EXP_XGBModel_Alpha158_csi300_custom_step0_s_20260508_14,fcd7ecc6780e4982a8a0d56eb176fa3d,0.038,,,
1183,2026-05-08,SZ000630,-0.01821153797209263,EXP_XGBModel_Alpha158_csi300_custom_step0_s_20260508_14,fcd7ecc6780e4982a8a0d56eb176fa3d,0.038,,,
1184,2026-05-08,SZ000786,-0.0074167270213365555,EXP_XGBModel_Alpha158_csi300_custom_step0_s_20260508_14,fcd7ecc6780e4982a8a0d56eb176fa3d,0.038,,,
1185,2026-05-08,SZ000625,-0.012464309111237526,EXP_XGBModel_Alpha158_csi300_custom_step0_s_20260508_14,fcd7ecc6780e4982a8a0d56eb176fa3d,0.038,,,
1186,2026-05-08,SZ000596,0.010983973741531372,EXP_XGBModel_Alpha158_csi300_custom_step0_s_20260508_14,fcd7ecc6780e4982a8a0d56eb176fa3d,0.038,,,
1187,2026-05-08,SZ000568,0.016244569793343544,EXP_XGBModel_Alpha158_csi300_custom_step0_s_20260508_14,fcd7ecc6780e4982a8a0d56eb176fa3d,0.038,,,
1188,2026-05-08,SZ000538,-0.02606661058962345,EXP_XGBModel_Alpha158_csi300_custom_step0_s_20260508_14,fcd7ecc6780e4982a8a0d56eb176fa3d,0.038,,,
1189,2026-05-08,SZ000425,-0.031394314020872116,EXP_XGBModel_Alpha158_csi300_custom_step0_s_20260508_14,fcd7ecc6780e4982a8a0d56eb176fa3d,0.038,,,
1190,2026-05-08,SZ000408,0.010595240630209446,EXP_XGBModel_Alpha158_csi300_custom_step0_s_20260508_14,fcd7ecc6780e4982a8a0d56eb176fa3d,0.038,,,
1191,2026-05-08,SZ000338,-0.11353500187397003,EXP_XGBModel_Alpha158_csi300_custom_step0_s_20260508_14,fcd7ecc6780e4982a8a0d56eb176fa3d,0.038,,,
1192,2026-05-08,SZ000617,-0.01295346487313509,EXP_XGBModel_Alpha158_csi300_custom_step0_s_20260508_14,fcd7ecc6780e4982a8a0d56eb176fa3d,0.038,,,
1193,2026-05-08,SH688169,-0.002184913493692875,EXP_XGBModel_Alpha158_csi300_custom_step0_s_20260508_14,fcd7ecc6780e4982a8a0d56eb176fa3d,0.038,,,
1194,2026-05-08,SZ002460,-0.1398898959159851,EXP_XGBModel_Alpha158_csi300_custom_step0_s_20260508_14,fcd7ecc6780e4982a8a0d56eb176fa3d,0.038,,,
1195,2026-05-08,SZ002466,-0.002153010107576847,EXP_XGBModel_Alpha158_csi300_custom_step0_s_20260508_14,fcd7ecc6780e4982a8a0d56eb176fa3d,0.038,,,
1196,2026-05-08,SZ300661,0.024516720324754715,EXP_XGBModel_Alpha158_csi300_custom_step0_s_20260508_14,fcd7ecc6780e4982a8a0d56eb176fa3d,0.038,,,
1197,2026-05-08,SZ300750,-0.04235348477959633,EXP_XGBModel_Alpha158_csi300_custom_step0_s_20260508_14,fcd7ecc6780e4982a8a0d56eb176fa3d,0.038,,,
1198,2026-05-08,SZ300759,-0.025311019271612167,EXP_XGBModel_Alpha158_csi300_custom_step0_s_20260508_14,fcd7ecc6780e4982a8a0d56eb176fa3d,0.038,,,
1199,2026-05-08,SZ300760,0.0019764199387282133,EXP_XGBModel_Alpha158_csi300_custom_step0_s_20260508_14,fcd7ecc6780e4982a8a0d56eb176fa3d,0.038,,,
1200,2026-05-08,SZ300782,0.00463967677205801,EXP_XGBModel_Alpha158_csi300_custom_step0_s_20260508_14,fcd7ecc6780e4982a8a0d56eb176fa3d,0.038,,,
1201,2026-05-08,SZ300803,-0.030448876321315765,EXP_XGBModel_Alpha158_csi300_custom_step0_s_20260508_14,fcd7ecc6780e4982a8a0d56eb176fa3d,0.038,,,
1202,2026-05-08,SZ300832,-0.004841100424528122,EXP_XGBModel_Alpha158_csi300_custom_step0_s_20260508_14,fcd7ecc6780e4982a8a0d56eb176fa3d,0.038,,,
1203,2026-05-08,SZ300866,0.014947810210287571,EXP_XGBModel_Alpha158_csi300_custom_step0_s_20260508_14,fcd7ecc6780e4982a8a0d56eb176fa3d,0.038,,,
1204,2026-05-08,SZ300896,0.018232498317956924,EXP_XGBModel_Alpha158_csi300_custom_step0_s_20260508_14,fcd7ecc6780e4982a8a0d56eb176fa3d,0.038,,,
1205,2026-05-08,SZ300979,0.007710699923336506,EXP_XGBModel_Alpha158_csi300_custom_step0_s_20260508_14,fcd7ecc6780e4982a8a0d56eb176fa3d,0.038,,,
1206,2026-05-08,SZ300999,0.03128574416041374,EXP_XGBModel_Alpha158_csi300_custom_step0_s_20260508_14,fcd7ecc6780e4982a8a0d56eb176fa3d,0.038,,,
1207,2026-05-08,SZ301236,-0.1529892385005951,EXP_XGBModel_Alpha158_csi300_custom_step0_s_20260508_14,fcd7ecc6780e4982a8a0d56eb176fa3d,0.038,,,
1208,2026-05-08,SZ301269,0.011157608591020107,EXP_XGBModel_Alpha158_csi300_custom_step0_s_20260508_14,fcd7ecc6780e4982a8a0d56eb176fa3d,0.038,,,
1209,2026-05-08,SZ302132,-0.01079747173935175,EXP_XGBModel_Alpha158_csi300_custom_step0_s_20260508_14,fcd7ecc6780e4982a8a0d56eb176fa3d,0.038,,,
1210,2026-05-08,SH600000,-0.04411519691348076,EXP_XGBModel_Alpha158_csi300_custom_step0_s_20260508_14,c17da3e0d27c447085f9585e44ded444,0.146,,,
1211,2026-05-08,SH600009,-0.039764340966939926,EXP_XGBModel_Alpha158_csi300_custom_step0_s_20260508_14,c17da3e0d27c447085f9585e44ded444,0.146,,,
1212,2026-05-08,SH600010,0.0171638336032629,EXP_XGBModel_Alpha158_csi300_custom_step0_s_20260508_14,c17da3e0d27c447085f9585e44ded444,0.146,,,
1213,2026-05-08,SH600036,-0.05497096851468086,EXP_XGBModel_Alpha158_csi300_custom_step0_s_20260508_14,c17da3e0d27c447085f9585e44ded444,0.146,,,
1214,2026-05-08,SH600031,-0.0024825085420161486,EXP_XGBModel_Alpha158_csi300_custom_step0_s_20260508_14,c17da3e0d27c447085f9585e44ded444,0.146,,,
1215,2026-05-08,SH600030,0.009499197825789452,EXP_XGBModel_Alpha158_csi300_custom_step0_s_20260508_14,c17da3e0d27c447085f9585e44ded444,0.146,,,
1216,2026-05-08,SH600029,0.016599973663687706,EXP_XGBModel_Alpha158_csi300_custom_step0_s_20260508_14,c17da3e0d27c447085f9585e44ded444,0.146,,,
1217,2026-05-08,SH600028,-0.06286485493183136,EXP_XGBModel_Alpha158_csi300_custom_step0_s_20260508_14,c17da3e0d27c447085f9585e44ded444,0.146,,,
1218,2026-05-08,SH600027,0.004325338639318943,EXP_XGBModel_Alpha158_csi300_custom_step0_s_20260508_14,c17da3e0d27c447085f9585e44ded444,0.146,,,
1219,2026-05-08,SZ300628,0.0008266329532489181,EXP_XGBModel_Alpha158_csi300_custom_step0_s_20260508_14,fcd7ecc6780e4982a8a0d56eb176fa3d,0.038,,,
1220,2026-05-08,SH600026,-0.024314407259225845,EXP_XGBModel_Alpha158_csi300_custom_step0_s_20260508_14,c17da3e0d27c447085f9585e44ded444,0.146,,,
1221,2026-05-08,SH600023,0.07992900907993317,EXP_XGBModel_Alpha158_csi300_custom_step0_s_20260508_14,c17da3e0d27c447085f9585e44ded444,0.146,,,
1222,2026-05-08,SH600019,0.006568457931280136,EXP_XGBModel_Alpha158_csi300_custom_step0_s_20260508_14,c17da3e0d27c447085f9585e44ded444,0.146,,,
1223,2026-05-08,SH600018,-0.0021556513383984566,EXP_XGBModel_Alpha158_csi300_custom_step0_s_20260508_14,c17da3e0d27c447085f9585e44ded444,0.146,,,
1224,2026-05-08,SH600016,-0.03545259311795235,EXP_XGBModel_Alpha158_csi300_custom_step0_s_20260508_14,c17da3e0d27c447085f9585e44ded444,0.146,,,
1225,2026-05-08,SH600015,-0.041344352066516876,EXP_XGBModel_Alpha158_csi300_custom_step0_s_20260508_14,c17da3e0d27c447085f9585e44ded444,0.146,,,
1226,2026-05-08,SH600011,0.018328510224819183,EXP_XGBModel_Alpha158_csi300_custom_step0_s_20260508_14,c17da3e0d27c447085f9585e44ded444,0.146,,,
1227,2026-05-08,SH600025,-0.01817028596997261,EXP_XGBModel_Alpha158_csi300_custom_step0_s_20260508_14,c17da3e0d27c447085f9585e44ded444,0.146,,,
1228,2026-05-08,SZ002463,0.1366528421640396,EXP_XGBModel_Alpha158_csi300_custom_step0_s_20260508_14,fcd7ecc6780e4982a8a0d56eb176fa3d,0.038,,,
1229,2026-05-08,SZ300502,0.13349813222885132,EXP_XGBModel_Alpha158_csi300_custom_step0_s_20260508_14,fcd7ecc6780e4982a8a0d56eb176fa3d,0.038,,,
1230,2026-05-08,SZ300476,0.26437199115753174,EXP_XGBModel_Alpha158_csi300_custom_step0_s_20260508_14,fcd7ecc6780e4982a8a0d56eb176fa3d,0.038,,,
1231,2026-05-08,SZ002475,0.23662689328193665,EXP_XGBModel_Alpha158_csi300_custom_step0_s_20260508_14,fcd7ecc6780e4982a8a0d56eb176fa3d,0.038,,,
1232,2026-05-08,SZ002493,-0.08362635970115662,EXP_XGBModel_Alpha158_csi300_custom_step0_s_20260508_14,fcd7ecc6780e4982a8a0d56eb176fa3d,0.038,,,
1233,2026-05-08,SZ002594,0.024835247546434402,EXP_XGBModel_Alpha158_csi300_custom_step0_s_20260508_14,fcd7ecc6780e4982a8a0d56eb176fa3d,0.038,,,
1234,2026-05-08,SZ002600,0.026434889063239098,EXP_XGBModel_Alpha158_csi300_custom_step0_s_20260508_14,fcd7ecc6780e4982a8a0d56eb176fa3d,0.038,,,
1235,2026-05-08,SZ002601,-0.0126517778262496,EXP_XGBModel_Alpha158_csi300_custom_step0_s_20260508_14,fcd7ecc6780e4982a8a0d56eb176fa3d,0.038,,,
1236,2026-05-08,SZ002625,0.0002772549632936716,EXP_XGBModel_Alpha158_csi300_custom_step0_s_20260508_14,fcd7ecc6780e4982a8a0d56eb176fa3d,0.038,,,
1237,2026-05-08,SZ002648,0.0026708890218287706,EXP_XGBModel_Alpha158_csi300_custom_step0_s_20260508_14,fcd7ecc6780e4982a8a0d56eb176fa3d,0.038,,,
1238,2026-05-08,SZ002709,-0.023123199120163918,EXP_XGBModel_Alpha158_csi300_custom_step0_s_20260508_14,fcd7ecc6780e4982a8a0d56eb176fa3d,0.038,,,
1239,2026-05-08,SZ002714,-0.006311777047812939,EXP_XGBModel_Alpha158_csi300_custom_step0_s_20260508_14,fcd7ecc6780e4982a8a0d56eb176fa3d,0.038,,,
1240,2026-05-08,SZ002736,-0.01393718458712101,EXP_XGBModel_Alpha158_csi300_custom_step0_s_20260508_14,fcd7ecc6780e4982a8a0d56eb176fa3d,0.038,,,
1241,2026-05-08,SZ002916,0.06002380698919296,EXP_XGBModel_Alpha158_csi300_custom_step0_s_20260508_14,fcd7ecc6780e4982a8a0d56eb176fa3d,0.038,,,
1242,2026-05-08,SZ002920,-0.015600769780576229,EXP_XGBModel_Alpha158_csi300_custom_step0_s_20260508_14,fcd7ecc6780e4982a8a0d56eb176fa3d,0.038,,,
1243,2026-05-08,SZ002938,0.6068890690803528,EXP_XGBModel_Alpha158_csi300_custom_step0_s_20260508_14,fcd7ecc6780e4982a8a0d56eb176fa3d,0.038,,,
1244,2026-05-08,SZ003816,0.04677626118063927,EXP_XGBModel_Alpha158_csi300_custom_step0_s_20260508_14,fcd7ecc6780e4982a8a0d56eb176fa3d,0.038,,,
1245,2026-05-08,SZ300014,-0.13965867459774017,EXP_XGBModel_Alpha158_csi300_custom_step0_s_20260508_14,fcd7ecc6780e4982a8a0d56eb176fa3d,0.038,,,
1246,2026-05-08,SZ300015,-0.021022962406277657,EXP_XGBModel_Alpha158_csi300_custom_step0_s_20260508_14,fcd7ecc6780e4982a8a0d56eb176fa3d,0.038,,,
1247,2026-05-08,SZ300033,-0.024408595636487007,EXP_XGBModel_Alpha158_csi300_custom_step0_s_20260508_14,fcd7ecc6780e4982a8a0d56eb176fa3d,0.038,,,
1248,2026-05-08,SZ300442,0.06480222940444946,EXP_XGBModel_Alpha158_csi300_custom_step0_s_20260508_14,fcd7ecc6780e4982a8a0d56eb176fa3d,0.038,,,
1249,2026-05-08,SZ300433,-0.04816311225295067,EXP_XGBModel_Alpha158_csi300_custom_step0_s_20260508_14,fcd7ecc6780e4982a8a0d56eb176fa3d,0.038,,,
1250,2026-05-08,SZ300418,-0.08657206594944,EXP_XGBModel_Alpha158_csi300_custom_step0_s_20260508_14,fcd7ecc6780e4982a8a0d56eb176fa3d,0.038,,,
1251,2026-05-08,SZ300413,-0.029478775337338448,EXP_XGBModel_Alpha158_csi300_custom_step0_s_20260508_14,fcd7ecc6780e4982a8a0d56eb176fa3d,0.038,,,
1252,2026-05-08,SZ300408,-0.3353045880794525,EXP_XGBModel_Alpha158_csi300_custom_step0_s_20260508_14,fcd7ecc6780e4982a8a0d56eb176fa3d,0.038,,,
1253,2026-05-08,SZ300394,0.06948786973953247,EXP_XGBModel_Alpha158_csi300_custom_step0_s_20260508_14,fcd7ecc6780e4982a8a0d56eb176fa3d,0.038,,,
1254,2026-05-08,SZ300498,-0.017782093957066536,EXP_XGBModel_Alpha158_csi300_custom_step0_s_20260508_14,fcd7ecc6780e4982a8a0d56eb176fa3d,0.038,,,
1255,2026-05-08,SZ300347,-0.03218911215662956,EXP_XGBModel_Alpha158_csi300_custom_step0_s_20260508_14,fcd7ecc6780e4982a8a0d56eb176fa3d,0.038,,,
1256,2026-05-08,SZ300308,0.33652716875076294,EXP_XGBModel_Alpha158_csi300_custom_step0_s_20260508_14,fcd7ecc6780e4982a8a0d56eb176fa3d,0.038,,,
1257,2026-05-08,SZ300274,0.04432504624128342,EXP_XGBModel_Alpha158_csi300_custom_step0_s_20260508_14,fcd7ecc6780e4982a8a0d56eb176fa3d,0.038,,,
1258,2026-05-08,SZ300251,-0.08770237863063812,EXP_XGBModel_Alpha158_csi300_custom_step0_s_20260508_14,fcd7ecc6780e4982a8a0d56eb176fa3d,0.038,,,
1259,2026-05-08,SZ300124,-0.13977210223674774,EXP_XGBModel_Alpha158_csi300_custom_step0_s_20260508_14,fcd7ecc6780e4982a8a0d56eb176fa3d,0.038,,,
1260,2026-05-08,SZ300122,0.01756865531206131,EXP_XGBModel_Alpha158_csi300_custom_step0_s_20260508_14,fcd7ecc6780e4982a8a0d56eb176fa3d,0.038,,,
1261,2026-05-08,SZ300059,-0.06855694204568863,EXP_XGBModel_Alpha158_csi300_custom_step0_s_20260508_14,fcd7ecc6780e4982a8a0d56eb176fa3d,0.038,,,
1262,2026-05-08,SZ300316,0.10107357054948807,EXP_XGBModel_Alpha158_csi300_custom_step0_s_20260508_14,fcd7ecc6780e4982a8a0d56eb176fa3d,0.038,,,
1263,2026-05-08,SH688126,-0.10949768126010895,EXP_XGBModel_Alpha158_csi300_custom_step0_s_20260508_14,fcd7ecc6780e4982a8a0d56eb176fa3d,0.038,,,
1264,2026-05-08,SH688111,-0.09185896813869476,EXP_XGBModel_Alpha158_csi300_custom_step0_s_20260508_14,fcd7ecc6780e4982a8a0d56eb176fa3d,0.038,,,
1265,2026-05-08,SH688082,0.013612383976578712,EXP_XGBModel_Alpha158_csi300_custom_step0_s_20260508_14,fcd7ecc6780e4982a8a0d56eb176fa3d,0.038,,,
1266,2026-05-08,SH600919,0.04664615914225578,EXP_XGBModel_Alpha158_csi300_custom_step0_s_20260508_14,fcd7ecc6780e4982a8a0d56eb176fa3d,0.038,,,
1267,2026-05-08,SH600926,0.0014522725250571966,EXP_XGBModel_Alpha158_csi300_custom_step0_s_20260508_14,fcd7ecc6780e4982a8a0d56eb176fa3d,0.038,,,
1268,2026-05-08,SH600930,-0.029815251007676125,EXP_XGBModel_Alpha158_csi300_custom_step0_s_20260508_14,fcd7ecc6780e4982a8a0d56eb176fa3d,0.038,,,
1269,2026-05-08,SH600938,-0.025411777198314667,EXP_XGBModel_Alpha158_csi300_custom_step0_s_20260508_14,fcd7ecc6780e4982a8a0d56eb176fa3d,0.038,,,
1270,2026-05-08,SH600941,0.12350351363420486,EXP_XGBModel_Alpha158_csi300_custom_step0_s_20260508_14,fcd7ecc6780e4982a8a0d56eb176fa3d,0.038,,,
1271,2026-05-08,SH600958,0.10616246610879898,EXP_XGBModel_Alpha158_csi300_custom_step0_s_20260508_14,fcd7ecc6780e4982a8a0d56eb176fa3d,0.038,,,
1272,2026-05-08,SH600989,0.08211638033390045,EXP_XGBModel_Alpha158_csi300_custom_step0_s_20260508_14,fcd7ecc6780e4982a8a0d56eb176fa3d,0.038,,,
1273,2026-05-08,SH600999,0.024235837161540985,EXP_XGBModel_Alpha158_csi300_custom_step0_s_20260508_14,fcd7ecc6780e4982a8a0d56eb176fa3d,0.038,,,
1274,2026-05-08,SH601006,0.02930961363017559,EXP_XGBModel_Alpha158_csi300_custom_step0_s_20260508_14,fcd7ecc6780e4982a8a0d56eb176fa3d,0.038,,,
1275,2026-05-08,SH601009,0.029317762702703476,EXP_XGBModel_Alpha158_csi300_custom_step0_s_20260508_14,fcd7ecc6780e4982a8a0d56eb176fa3d,0.038,,,
1276,2026-05-08,SH601012,-0.050213105976581573,EXP_XGBModel_Alpha158_csi300_custom_step0_s_20260508_14,fcd7ecc6780e4982a8a0d56eb176fa3d,0.038,,,
1277,2026-05-08,SH601018,0.0026282062754034996,EXP_XGBModel_Alpha158_csi300_custom_step0_s_20260508_14,fcd7ecc6780e4982a8a0d56eb176fa3d,0.038,,,
1278,2026-05-08,SH601021,0.0055980985052883625,EXP_XGBModel_Alpha158_csi300_custom_step0_s_20260508_14,fcd7ecc6780e4982a8a0d56eb176fa3d,0.038,,,
1279,2026-05-08,SH601058,-0.032721925526857376,EXP_XGBModel_Alpha158_csi300_custom_step0_s_20260508_14,fcd7ecc6780e4982a8a0d56eb176fa3d,0.038,,,
1280,2026-05-08,SH601059,0.016560111194849014,EXP_XGBModel_Alpha158_csi300_custom_step0_s_20260508_14,fcd7ecc6780e4982a8a0d56eb176fa3d,0.038,,,
1281,2026-05-08,SH601066,-0.018130671232938766,EXP_XGBModel_Alpha158_csi300_custom_step0_s_20260508_14,fcd7ecc6780e4982a8a0d56eb176fa3d,0.038,,,
1282,2026-05-08,SH601077,-0.00272602797485888,EXP_XGBModel_Alpha158_csi300_custom_step0_s_20260508_14,fcd7ecc6780e4982a8a0d56eb176fa3d,0.038,,,
1283,2026-05-08,SH601236,-0.004054903984069824,EXP_XGBModel_Alpha158_csi300_custom_step0_s_20260508_14,fcd7ecc6780e4982a8a0d56eb176fa3d,0.038,,,
1284,2026-05-08,SH601229,-0.030694998800754547,EXP_XGBModel_Alpha158_csi300_custom_step0_s_20260508_14,fcd7ecc6780e4982a8a0d56eb176fa3d,0.038,,,
1285,2026-05-08,SH601225,-0.06945350021123886,EXP_XGBModel_Alpha158_csi300_custom_step0_s_20260508_14,fcd7ecc6780e4982a8a0d56eb176fa3d,0.038,,,
1286,2026-05-08,SH601211,-0.003801631974056363,EXP_XGBModel_Alpha158_csi300_custom_step0_s_20260508_14,fcd7ecc6780e4982a8a0d56eb176fa3d,0.038,,,
1287,2026-05-08,SH601186,-0.010538127273321152,EXP_XGBModel_Alpha158_csi300_custom_step0_s_20260508_14,fcd7ecc6780e4982a8a0d56eb176fa3d,0.038,,,
1288,2026-05-08,SH601169,-0.01916676200926304,EXP_XGBModel_Alpha158_csi300_custom_step0_s_20260508_14,fcd7ecc6780e4982a8a0d56eb176fa3d,0.038,,,
1289,2026-05-08,SH600918,0.022622881457209587,EXP_XGBModel_Alpha158_csi300_custom_step0_s_20260508_14,fcd7ecc6780e4982a8a0d56eb176fa3d,0.038,,,
1290,2026-05-08,SH601166,-0.017174331471323967,EXP_XGBModel_Alpha158_csi300_custom_step0_s_20260508_14,fcd7ecc6780e4982a8a0d56eb176fa3d,0.038,,,
1291,2026-05-08,SH601136,-0.0503033846616745,EXP_XGBModel_Alpha158_csi300_custom_step0_s_20260508_14,fcd7ecc6780e4982a8a0d56eb176fa3d,0.038,,,
1292,2026-05-08,SH601127,-0.021337062120437622,EXP_XGBModel_Alpha158_csi300_custom_step0_s_20260508_14,fcd7ecc6780e4982a8a0d56eb176fa3d,0.038,,,
1293,2026-05-08,SH601117,-0.039920154958963394,EXP_XGBModel_Alpha158_csi300_custom_step0_s_20260508_14,fcd7ecc6780e4982a8a0d56eb176fa3d,0.038,,,
1294,2026-05-08,SH601111,-0.056256528943777084,EXP_XGBModel_Alpha158_csi300_custom_step0_s_20260508_14,fcd7ecc6780e4982a8a0d56eb176fa3d,0.038,,,
1295,2026-05-08,SH601100,-0.0588449090719223,EXP_XGBModel_Alpha158_csi300_custom_step0_s_20260508_14,fcd7ecc6780e4982a8a0d56eb176fa3d,0.038,,,
1296,2026-05-08,SH601088,-0.07960161566734314,EXP_XGBModel_Alpha158_csi300_custom_step0_s_20260508_14,fcd7ecc6780e4982a8a0d56eb176fa3d,0.038,,,
1297,2026-05-08,SH601138,0.05379751697182655,EXP_XGBModel_Alpha158_csi300_custom_step0_s_20260508_14,fcd7ecc6780e4982a8a0d56eb176fa3d,0.038,,,
1298,2026-05-08,SH601238,0.010731090791523457,EXP_XGBModel_Alpha158_csi300_custom_step0_s_20260508_14,fcd7ecc6780e4982a8a0d56eb176fa3d,0.038,,,
1299,2026-05-08,SH600905,0.005763201508671045,EXP_XGBModel_Alpha158_csi300_custom_step0_s_20260508_14,fcd7ecc6780e4982a8a0d56eb176fa3d,0.038,,,
1300,2026-05-08,SH600893,-0.004233768209815025,EXP_XGBModel_Alpha158_csi300_custom_step0_s_20260508_14,fcd7ecc6780e4982a8a0d56eb176fa3d,0.038,,,
1301,2026-05-08,SH600372,-0.005396445747464895,EXP_XGBModel_Alpha158_csi300_custom_step0_s_20260508_14,fcd7ecc6780e4982a8a0d56eb176fa3d,0.038,,,
1302,2026-05-08,SH600377,0.06481608748435974,EXP_XGBModel_Alpha158_csi300_custom_step0_s_20260508_14,fcd7ecc6780e4982a8a0d56eb176fa3d,0.038,,,
1303,2026-05-08,SH600406,0.004271341022104025,EXP_XGBModel_Alpha158_csi300_custom_step0_s_20260508_14,fcd7ecc6780e4982a8a0d56eb176fa3d,0.038,,,
1304,2026-05-08,SH600415,-0.021634768694639206,EXP_XGBModel_Alpha158_csi300_custom_step0_s_20260508_14,fcd7ecc6780e4982a8a0d56eb176fa3d,0.038,,,
1305,2026-05-08,SH600426,-0.048370521515607834,EXP_XGBModel_Alpha158_csi300_custom_step0_s_20260508_14,fcd7ecc6780e4982a8a0d56eb176fa3d,0.038,,,
1306,2026-05-08,SH600436,0.015189364552497864,EXP_XGBModel_Alpha158_csi300_custom_step0_s_20260508_14,fcd7ecc6780e4982a8a0d56eb176fa3d,0.038,,,
1307,2026-05-08,SH600438,-0.08018753677606583,EXP_XGBModel_Alpha158_csi300_custom_step0_s_20260508_14,fcd7ecc6780e4982a8a0d56eb176fa3d,0.038,,,
1308,2026-05-08,SH600460,-0.1112782284617424,EXP_XGBModel_Alpha158_csi300_custom_step0_s_20260508_14,fcd7ecc6780e4982a8a0d56eb176fa3d,0.038,,,
1309,2026-05-08,SH600482,0.11998604983091354,EXP_XGBModel_Alpha158_csi300_custom_step0_s_20260508_14,fcd7ecc6780e4982a8a0d56eb176fa3d,0.038,,,
1310,2026-05-08,SH600489,-0.060685452073812485,EXP_XGBModel_Alpha158_csi300_custom_step0_s_20260508_14,fcd7ecc6780e4982a8a0d56eb176fa3d,0.038,,,
1311,2026-05-08,SH600515,-0.010679556056857109,EXP_XGBModel_Alpha158_csi300_custom_step0_s_20260508_14,fcd7ecc6780e4982a8a0d56eb176fa3d,0.038,,,
1312,2026-05-08,SH600519,-0.005011305678635836,EXP_XGBModel_Alpha158_csi300_custom_step0_s_20260508_14,fcd7ecc6780e4982a8a0d56eb176fa3d,0.038,,,
1313,2026-05-08,SH600522,-0.1292848438024521,EXP_XGBModel_Alpha158_csi300_custom_step0_s_20260508_14,fcd7ecc6780e4982a8a0d56eb176fa3d,0.038,,,
1314,2026-05-08,SH600547,-0.05688609555363655,EXP_XGBModel_Alpha158_csi300_custom_step0_s_20260508_14,fcd7ecc6780e4982a8a0d56eb176fa3d,0.038,,,
1315,2026-05-08,SH600570,-0.0010998242069035769,EXP_XGBModel_Alpha158_csi300_custom_step0_s_20260508_14,fcd7ecc6780e4982a8a0d56eb176fa3d,0.038,,,
1316,2026-05-08,SH600584,0.464563250541687,EXP_XGBModel_Alpha158_csi300_custom_step0_s_20260508_14,fcd7ecc6780e4982a8a0d56eb176fa3d,0.038,,,
1317,2026-05-08,SH600585,-0.011754169128835201,EXP_XGBModel_Alpha158_csi300_custom_step0_s_20260508_14,fcd7ecc6780e4982a8a0d56eb176fa3d,0.038,,,
1318,2026-05-08,SH600887,-0.06081031262874603,EXP_XGBModel_Alpha158_csi300_custom_step0_s_20260508_14,fcd7ecc6780e4982a8a0d56eb176fa3d,0.038,,,
1319,2026-05-08,SH600886,0.01620151475071907,EXP_XGBModel_Alpha158_csi300_custom_step0_s_20260508_14,fcd7ecc6780e4982a8a0d56eb176fa3d,0.038,,,
1320,2026-05-08,SH600875,-0.12053477764129639,EXP_XGBModel_Alpha158_csi300_custom_step0_s_20260508_14,fcd7ecc6780e4982a8a0d56eb176fa3d,0.038,,,
1321,2026-05-08,SH600845,-0.00934146810323,EXP_XGBModel_Alpha158_csi300_custom_step0_s_20260508_14,fcd7ecc6780e4982a8a0d56eb176fa3d,0.038,,,
1322,2026-05-08,SH600809,0.0025804892648011446,EXP_XGBModel_Alpha158_csi300_custom_step0_s_20260508_14,fcd7ecc6780e4982a8a0d56eb176fa3d,0.038,,,
1323,2026-05-08,SH600803,-0.009595518931746483,EXP_XGBModel_Alpha158_csi300_custom_step0_s_20260508_14,fcd7ecc6780e4982a8a0d56eb176fa3d,0.038,,,
1324,2026-05-08,SH600900,0.03998013213276863,EXP_XGBModel_Alpha158_csi300_custom_step0_s_20260508_14,fcd7ecc6780e4982a8a0d56eb176fa3d,0.038,,,
1325,2026-05-08,SH600795,0.024138707667589188,EXP_XGBModel_Alpha158_csi300_custom_step0_s_20260508_14,fcd7ecc6780e4982a8a0d56eb176fa3d,0.038,,,
1326,2026-05-08,SH600741,-0.011973739601671696,EXP_XGBModel_Alpha158_csi300_custom_step0_s_20260508_14,fcd7ecc6780e4982a8a0d56eb176fa3d,0.038,,,
1327,2026-05-08,SH600690,-0.008383605629205704,EXP_XGBModel_Alpha158_csi300_custom_step0_s_20260508_14,fcd7ecc6780e4982a8a0d56eb176fa3d,0.038,,,
1328,2026-05-08,SH600674,0.030380476266145706,EXP_XGBModel_Alpha158_csi300_custom_step0_s_20260508_14,fcd7ecc6780e4982a8a0d56eb176fa3d,0.038,,,
1329,2026-05-08,SH600660,0.03079325705766678,EXP_XGBModel_Alpha158_csi300_custom_step0_s_20260508_14,fcd7ecc6780e4982a8a0d56eb176fa3d,0.038,,,
1330,2026-05-08,SH600600,0.028727469965815544,EXP_XGBModel_Alpha158_csi300_custom_step0_s_20260508_14,fcd7ecc6780e4982a8a0d56eb176fa3d,0.038,,,
1331,2026-05-08,SH600588,0.004044117871671915,EXP_XGBModel_Alpha158_csi300_custom_step0_s_20260508_14,fcd7ecc6780e4982a8a0d56eb176fa3d,0.038,,,
1332,2026-05-08,SH600760,-0.01668483391404152,EXP_XGBModel_Alpha158_csi300_custom_step0_s_20260508_14,fcd7ecc6780e4982a8a0d56eb176fa3d,0.038,,,
1333,2026-05-08,SH601288,0.0013951616128906608,EXP_XGBModel_Alpha158_csi300_custom_step0_s_20260508_14,fcd7ecc6780e4982a8a0d56eb176fa3d,0.038,,,
1334,2026-05-08,SH601298,0.03330492228269577,EXP_XGBModel_Alpha158_csi300_custom_step0_s_20260508_14,fcd7ecc6780e4982a8a0d56eb176fa3d,0.038,,,
1335,2026-05-08,SH601318,0.019480496644973755,EXP_XGBModel_Alpha158_csi300_custom_step0_s_20260508_14,fcd7ecc6780e4982a8a0d56eb176fa3d,0.038,,,
1336,2026-05-08,SH601898,-0.015467843972146511,EXP_XGBModel_Alpha158_csi300_custom_step0_s_20260508_14,fcd7ecc6780e4982a8a0d56eb176fa3d,0.038,,,
1337,2026-05-08,SH601899,-0.020286770537495613,EXP_XGBModel_Alpha158_csi300_custom_step0_s_20260508_14,fcd7ecc6780e4982a8a0d56eb176fa3d,0.038,,,
1338,2026-05-08,SH601901,0.02932157926261425,EXP_XGBModel_Alpha158_csi300_custom_step0_s_20260508_14,fcd7ecc6780e4982a8a0d56eb176fa3d,0.038,,,
1339,2026-05-08,SH601916,0.04826092720031738,EXP_XGBModel_Alpha158_csi300_custom_step0_s_20260508_14,fcd7ecc6780e4982a8a0d56eb176fa3d,0.038,,,
1340,2026-05-08,SH601919,-0.05323083698749542,EXP_XGBModel_Alpha158_csi300_custom_step0_s_20260508_14,fcd7ecc6780e4982a8a0d56eb176fa3d,0.038,,,
1341,2026-05-08,SH601939,0.06319893896579742,EXP_XGBModel_Alpha158_csi300_custom_step0_s_20260508_14,fcd7ecc6780e4982a8a0d56eb176fa3d,0.038,,,
1342,2026-05-08,SH601985,0.02453462965786457,EXP_XGBModel_Alpha158_csi300_custom_step0_s_20260508_14,fcd7ecc6780e4982a8a0d56eb176fa3d,0.038,,,
1343,2026-05-08,SH601988,0.005534932017326355,EXP_XGBModel_Alpha158_csi300_custom_step0_s_20260508_14,fcd7ecc6780e4982a8a0d56eb176fa3d,0.038,,,
1344,2026-05-08,SH601995,0.03503898158669472,EXP_XGBModel_Alpha158_csi300_custom_step0_s_20260508_14,fcd7ecc6780e4982a8a0d56eb176fa3d,0.038,,,
1345,2026-05-08,SH601998,0.021810343489050865,EXP_XGBModel_Alpha158_csi300_custom_step0_s_20260508_14,fcd7ecc6780e4982a8a0d56eb176fa3d,0.038,,,
1346,2026-05-08,SH603019,0.017633818089962006,EXP_XGBModel_Alpha158_csi300_custom_step0_s_20260508_14,fcd7ecc6780e4982a8a0d56eb176fa3d,0.038,,,
1347,2026-05-08,SH603195,-0.05705084651708603,EXP_XGBModel_Alpha158_csi300_custom_step0_s_20260508_14,fcd7ecc6780e4982a8a0d56eb176fa3d,0.038,,,
1348,2026-05-08,SH603259,-0.05448976904153824,EXP_XGBModel_Alpha158_csi300_custom_step0_s_20260508_14,fcd7ecc6780e4982a8a0d56eb176fa3d,0.038,,,
1349,2026-05-08,SH603260,0.023522941395640373,EXP_XGBModel_Alpha158_csi300_custom_step0_s_20260508_14,fcd7ecc6780e4982a8a0d56eb176fa3d,0.038,,,
1350,2026-05-08,SH603288,-0.02772756665945053,EXP_XGBModel_Alpha158_csi300_custom_step0_s_20260508_14,fcd7ecc6780e4982a8a0d56eb176fa3d,0.038,,,
1351,2026-05-08,SH603296,0.14172200858592987,EXP_XGBModel_Alpha158_csi300_custom_step0_s_20260508_14,fcd7ecc6780e4982a8a0d56eb176fa3d,0.038,,,
1352,2026-05-08,SH603369,-0.015075345523655415,EXP_XGBModel_Alpha158_csi300_custom_step0_s_20260508_14,fcd7ecc6780e4982a8a0d56eb176fa3d,0.038,,,
1353,2026-05-08,SH688047,-0.04583491012454033,EXP_XGBModel_Alpha158_csi300_custom_step0_s_20260508_14,fcd7ecc6780e4982a8a0d56eb176fa3d,0.038,,,
1354,2026-05-08,SH688041,-0.16257187724113464,EXP_XGBModel_Alpha158_csi300_custom_step0_s_20260508_14,fcd7ecc6780e4982a8a0d56eb176fa3d,0.038,,,
1355,2026-05-08,SH688036,-0.01972270756959915,EXP_XGBModel_Alpha158_csi300_custom_step0_s_20260508_14,fcd7ecc6780e4982a8a0d56eb176fa3d,0.038,,,
1356,2026-05-08,SH688012,-0.03407895192503929,EXP_XGBModel_Alpha158_csi300_custom_step0_s_20260508_14,fcd7ecc6780e4982a8a0d56eb176fa3d,0.038,,,
1357,2026-05-08,SH688009,-0.03271791711449623,EXP_XGBModel_Alpha158_csi300_custom_step0_s_20260508_14,fcd7ecc6780e4982a8a0d56eb176fa3d,0.038,,,
1358,2026-05-08,SH688008,0.10328342020511627,EXP_XGBModel_Alpha158_csi300_custom_step0_s_20260508_14,fcd7ecc6780e4982a8a0d56eb176fa3d,0.038,,,
1359,2026-05-08,SH601888,-0.045630358159542084,EXP_XGBModel_Alpha158_csi300_custom_step0_s_20260508_14,fcd7ecc6780e4982a8a0d56eb176fa3d,0.038,,,
1360,2026-05-08,SH605499,0.009597244672477245,EXP_XGBModel_Alpha158_csi300_custom_step0_s_20260508_14,fcd7ecc6780e4982a8a0d56eb176fa3d,0.038,,,
1361,2026-05-08,SH603993,-0.03261855989694595,EXP_XGBModel_Alpha158_csi300_custom_step0_s_20260508_14,fcd7ecc6780e4982a8a0d56eb176fa3d,0.038,,,
1362,2026-05-08,SH603986,-0.201152041554451,EXP_XGBModel_Alpha158_csi300_custom_step0_s_20260508_14,fcd7ecc6780e4982a8a0d56eb176fa3d,0.038,,,
1363,2026-05-08,SH603893,-0.06412220001220703,EXP_XGBModel_Alpha158_csi300_custom_step0_s_20260508_14,fcd7ecc6780e4982a8a0d56eb176fa3d,0.038,,,
1364,2026-05-08,SH603799,-0.07183729112148285,EXP_XGBModel_Alpha158_csi300_custom_step0_s_20260508_14,fcd7ecc6780e4982a8a0d56eb176fa3d,0.038,,,
1365,2026-05-08,SH603501,0.0022804266773164272,EXP_XGBModel_Alpha158_csi300_custom_step0_s_20260508_14,fcd7ecc6780e4982a8a0d56eb176fa3d,0.038,,,
1366,2026-05-08,SH603392,0.013626565225422382,EXP_XGBModel_Alpha158_csi300_custom_step0_s_20260508_14,fcd7ecc6780e4982a8a0d56eb176fa3d,0.038,,,
1367,2026-05-08,SH605117,-0.050654202699661255,EXP_XGBModel_Alpha158_csi300_custom_step0_s_20260508_14,fcd7ecc6780e4982a8a0d56eb176fa3d,0.038,,,
1368,2026-05-08,SH601881,0.018627971410751343,EXP_XGBModel_Alpha158_csi300_custom_step0_s_20260508_14,fcd7ecc6780e4982a8a0d56eb176fa3d,0.038,,,
1369,2026-05-08,SH601878,0.0030773829203099012,EXP_XGBModel_Alpha158_csi300_custom_step0_s_20260508_14,fcd7ecc6780e4982a8a0d56eb176fa3d,0.038,,,
1370,2026-05-08,SH601877,-0.00731215626001358,EXP_XGBModel_Alpha158_csi300_custom_step0_s_20260508_14,fcd7ecc6780e4982a8a0d56eb176fa3d,0.038,,,
1371,2026-05-08,SH601633,-0.021136952564120293,EXP_XGBModel_Alpha158_csi300_custom_step0_s_20260508_14,fcd7ecc6780e4982a8a0d56eb176fa3d,0.038,,,
1372,2026-05-08,SH601628,0.01931625045835972,EXP_XGBModel_Alpha158_csi300_custom_step0_s_20260508_14,fcd7ecc6780e4982a8a0d56eb176fa3d,0.038,,,
1373,2026-05-08,SH601618,0.02421724796295166,EXP_XGBModel_Alpha158_csi300_custom_step0_s_20260508_14,fcd7ecc6780e4982a8a0d56eb176fa3d,0.038,,,
1374,2026-05-08,SH601607,0.024892687797546387,EXP_XGBModel_Alpha158_csi300_custom_step0_s_20260508_14,fcd7ecc6780e4982a8a0d56eb176fa3d,0.038,,,
1375,2026-05-08,SH601601,0.0030397309456020594,EXP_XGBModel_Alpha158_csi300_custom_step0_s_20260508_14,fcd7ecc6780e4982a8a0d56eb176fa3d,0.038,,,
1376,2026-05-08,SH601600,0.020323270931839943,EXP_XGBModel_Alpha158_csi300_custom_step0_s_20260508_14,fcd7ecc6780e4982a8a0d56eb176fa3d,0.038,,,
1377,2026-05-08,SH601658,0.011710862629115582,EXP_XGBModel_Alpha158_csi300_custom_step0_s_20260508_14,fcd7ecc6780e4982a8a0d56eb176fa3d,0.038,,,
1378,2026-05-08,SH601456,0.019344015046954155,EXP_XGBModel_Alpha158_csi300_custom_step0_s_20260508_14,fcd7ecc6780e4982a8a0d56eb176fa3d,0.038,,,
1379,2026-05-08,SH601390,0.013983245007693768,EXP_XGBModel_Alpha158_csi300_custom_step0_s_20260508_14,fcd7ecc6780e4982a8a0d56eb176fa3d,0.038,,,
1380,2026-05-08,SH601377,0.017665859311819077,EXP_XGBModel_Alpha158_csi300_custom_step0_s_20260508_14,fcd7ecc6780e4982a8a0d56eb176fa3d,0.038,,,
1381,2026-05-08,SH601360,-0.025976838544011116,EXP_XGBModel_Alpha158_csi300_custom_step0_s_20260508_14,fcd7ecc6780e4982a8a0d56eb176fa3d,0.038,,,
1382,2026-05-08,SH601336,-0.05372297018766403,EXP_XGBModel_Alpha158_csi300_custom_step0_s_20260508_14,fcd7ecc6780e4982a8a0d56eb176fa3d,0.038,,,
1383,2026-05-08,SH601328,-0.01132919266819954,EXP_XGBModel_Alpha158_csi300_custom_step0_s_20260508_14,fcd7ecc6780e4982a8a0d56eb176fa3d,0.038,,,
1384,2026-05-08,SH601319,0.02186841517686844,EXP_XGBModel_Alpha158_csi300_custom_step0_s_20260508_14,fcd7ecc6780e4982a8a0d56eb176fa3d,0.038,,,
1385,2026-05-08,SH601398,0.023160608485341072,EXP_XGBModel_Alpha158_csi300_custom_step0_s_20260508_14,fcd7ecc6780e4982a8a0d56eb176fa3d,0.038,,,
1386,2026-05-08,SH600039,0.13543745875358582,EXP_XGBModel_Alpha158_csi300_custom_step0_s_20260508_14,c17da3e0d27c447085f9585e44ded444,0.146,,,
1387,2026-05-08,SH601668,0.02785622887313366,EXP_XGBModel_Alpha158_csi300_custom_step0_s_20260508_14,fcd7ecc6780e4982a8a0d56eb176fa3d,0.038,,,
1388,2026-05-08,SH601688,0.02372378669679165,EXP_XGBModel_Alpha158_csi300_custom_step0_s_20260508_14,fcd7ecc6780e4982a8a0d56eb176fa3d,0.038,,,
1389,2026-05-08,SH601872,-0.08152168244123459,EXP_XGBModel_Alpha158_csi300_custom_step0_s_20260508_14,fcd7ecc6780e4982a8a0d56eb176fa3d,0.038,,,
1390,2026-05-08,SH601868,0.04317091777920723,EXP_XGBModel_Alpha158_csi300_custom_step0_s_20260508_14,fcd7ecc6780e4982a8a0d56eb176fa3d,0.038,,,
1391,2026-05-08,SH601857,-0.08470931649208069,EXP_XGBModel_Alpha158_csi300_custom_step0_s_20260508_14,fcd7ecc6780e4982a8a0d56eb176fa3d,0.038,,,
1392,2026-05-08,SH601838,0.008735827170312405,EXP_XGBModel_Alpha158_csi300_custom_step0_s_20260508_14,fcd7ecc6780e4982a8a0d56eb176fa3d,0.038,,,
1393,2026-05-08,SH601825,0.012001331895589828,EXP_XGBModel_Alpha158_csi300_custom_step0_s_20260508_14,fcd7ecc6780e4982a8a0d56eb176fa3d,0.038,,,
1394,2026-05-08,SH601818,0.006685671862214804,EXP_XGBModel_Alpha158_csi300_custom_step0_s_20260508_14,fcd7ecc6780e4982a8a0d56eb176fa3d,0.038,,,
1395,2026-05-08,SH601669,-0.017026623710989952,EXP_XGBModel_Alpha158_csi300_custom_step0_s_20260508_14,fcd7ecc6780e4982a8a0d56eb176fa3d,0.038,,,
1396,2026-05-08,SH601816,0.006549123674631119,EXP_XGBModel_Alpha158_csi300_custom_step0_s_20260508_14,fcd7ecc6780e4982a8a0d56eb176fa3d,0.038,,,
1397,2026-05-08,SH601800,-0.008053733967244625,EXP_XGBModel_Alpha158_csi300_custom_step0_s_20260508_14,fcd7ecc6780e4982a8a0d56eb176fa3d,0.038,,,
1398,2026-05-08,SH601788,0.012512076646089554,EXP_XGBModel_Alpha158_csi300_custom_step0_s_20260508_14,fcd7ecc6780e4982a8a0d56eb176fa3d,0.038,,,
1399,2026-05-08,SH601766,-0.05268828570842743,EXP_XGBModel_Alpha158_csi300_custom_step0_s_20260508_14,fcd7ecc6780e4982a8a0d56eb176fa3d,0.038,,,
1400,2026-05-08,SH601728,0.023854294791817665,EXP_XGBModel_Alpha158_csi300_custom_step0_s_20260508_14,fcd7ecc6780e4982a8a0d56eb176fa3d,0.038,,,
1401,2026-05-08,SH601698,-0.02014712616801262,EXP_XGBModel_Alpha158_csi300_custom_step0_s_20260508_14,fcd7ecc6780e4982a8a0d56eb176fa3d,0.038,,,
1402,2026-05-08,SH601689,0.004866223782300949,EXP_XGBModel_Alpha158_csi300_custom_step0_s_20260508_14,fcd7ecc6780e4982a8a0d56eb176fa3d,0.038,,,
1403,2026-05-08,SH601808,-0.05947313830256462,EXP_XGBModel_Alpha158_csi300_custom_step0_s_20260508_14,fcd7ecc6780e4982a8a0d56eb176fa3d,0.038,,,
1404,2026-05-08,SH600362,-0.01755024492740631,EXP_XGBModel_Alpha158_csi300_custom_step0_s_20260508_14,fcd7ecc6780e4982a8a0d56eb176fa3d,0.038,,,
1405,2026-05-08,SH600048,0.034916091710329056,EXP_XGBModel_Alpha158_csi300_custom_step0_s_20260508_14,c17da3e0d27c447085f9585e44ded444,0.146,,,
1406,2026-05-08,SH600061,-0.020908543840050697,EXP_XGBModel_Alpha158_csi300_custom_step0_s_20260508_14,c17da3e0d27c447085f9585e44ded444,0.146,,,
1407,2026-05-08,SZ000333,0.027658671140670776,EXP_XGBModel_Alpha158_csi300_custom_step0_s_20260508_14,c17da3e0d27c447085f9585e44ded444,0.146,,,
1408,2026-05-08,SZ000338,0.14891208708286285,EXP_XGBModel_Alpha158_csi300_custom_step0_s_20260508_14,c17da3e0d27c447085f9585e44ded444,0.146,,,
1409,2026-05-08,SZ000408,-0.04729435592889786,EXP_XGBModel_Alpha158_csi300_custom_step0_s_20260508_14,c17da3e0d27c447085f9585e44ded444,0.146,,,
1410,2026-05-08,SZ000425,-0.050528254359960556,EXP_XGBModel_Alpha158_csi300_custom_step0_s_20260508_14,c17da3e0d27c447085f9585e44ded444,0.146,,,
1411,2026-05-08,SZ000538,-0.0448356568813324,EXP_XGBModel_Alpha158_csi300_custom_step0_s_20260508_14,c17da3e0d27c447085f9585e44ded444,0.146,,,
1412,2026-05-08,SZ000568,-0.027265163138508797,EXP_XGBModel_Alpha158_csi300_custom_step0_s_20260508_14,c17da3e0d27c447085f9585e44ded444,0.146,,,
1413,2026-05-08,SZ000596,-0.011852928437292576,EXP_XGBModel_Alpha158_csi300_custom_step0_s_20260508_14,c17da3e0d27c447085f9585e44ded444,0.146,,,
1414,2026-05-08,SZ000617,-0.03803205490112305,EXP_XGBModel_Alpha158_csi300_custom_step0_s_20260508_14,c17da3e0d27c447085f9585e44ded444,0.146,,,
1415,2026-05-08,SZ000625,-0.04790608584880829,EXP_XGBModel_Alpha158_csi300_custom_step0_s_20260508_14,c17da3e0d27c447085f9585e44ded444,0.146,,,
1416,2026-05-08,SZ000630,0.023022662848234177,EXP_XGBModel_Alpha158_csi300_custom_step0_s_20260508_14,c17da3e0d27c447085f9585e44ded444,0.146,,,
1417,2026-05-08,SZ000651,0.07013595849275589,EXP_XGBModel_Alpha158_csi300_custom_step0_s_20260508_14,c17da3e0d27c447085f9585e44ded444,0.146,,,
1418,2026-05-08,SZ000661,-0.03557305783033371,EXP_XGBModel_Alpha158_csi300_custom_step0_s_20260508_14,c17da3e0d27c447085f9585e44ded444,0.146,,,
1419,2026-05-08,SZ000708,-0.01433100551366806,EXP_XGBModel_Alpha158_csi300_custom_step0_s_20260508_14,c17da3e0d27c447085f9585e44ded444,0.146,,,
1420,2026-05-08,SZ000725,0.020453017204999924,EXP_XGBModel_Alpha158_csi300_custom_step0_s_20260508_14,c17da3e0d27c447085f9585e44ded444,0.146,,,
1421,2026-05-08,SZ000768,-0.022252408787608147,EXP_XGBModel_Alpha158_csi300_custom_step0_s_20260508_14,c17da3e0d27c447085f9585e44ded444,0.146,,,
1422,2026-05-08,SZ000776,0.14556953310966492,EXP_XGBModel_Alpha158_csi300_custom_step0_s_20260508_14,c17da3e0d27c447085f9585e44ded444,0.146,,,
1423,2026-05-08,SZ000786,-0.013747801072895527,EXP_XGBModel_Alpha158_csi300_custom_step0_s_20260508_14,c17da3e0d27c447085f9585e44ded444,0.146,,,
1424,2026-05-08,SZ001979,0.02373599261045456,EXP_XGBModel_Alpha158_csi300_custom_step0_s_20260508_14,c17da3e0d27c447085f9585e44ded444,0.146,,,
1425,2026-05-08,SZ001965,-0.015059059485793114,EXP_XGBModel_Alpha158_csi300_custom_step0_s_20260508_14,c17da3e0d27c447085f9585e44ded444,0.146,,,
1426,2026-05-08,SZ001391,-0.02865075133740902,EXP_XGBModel_Alpha158_csi300_custom_step0_s_20260508_14,c17da3e0d27c447085f9585e44ded444,0.146,,,
1427,2026-05-08,SZ000999,-0.052450861781835556,EXP_XGBModel_Alpha158_csi300_custom_step0_s_20260508_14,c17da3e0d27c447085f9585e44ded444,0.146,,,
1428,2026-05-08,SZ000983,-0.0516151562333107,EXP_XGBModel_Alpha158_csi300_custom_step0_s_20260508_14,c17da3e0d27c447085f9585e44ded444,0.146,,,
1429,2026-05-08,SZ000977,0.13682064414024353,EXP_XGBModel_Alpha158_csi300_custom_step0_s_20260508_14,c17da3e0d27c447085f9585e44ded444,0.146,,,
1430,2026-05-08,SZ000301,-0.0055433111265301704,EXP_XGBModel_Alpha158_csi300_custom_step0_s_20260508_14,c17da3e0d27c447085f9585e44ded444,0.146,,,
1431,2026-05-08,SZ000975,-0.02268381416797638,EXP_XGBModel_Alpha158_csi300_custom_step0_s_20260508_14,c17da3e0d27c447085f9585e44ded444,0.146,,,
1432,2026-05-08,SZ000938,0.15305426716804504,EXP_XGBModel_Alpha158_csi300_custom_step0_s_20260508_14,c17da3e0d27c447085f9585e44ded444,0.146,,,
1433,2026-05-08,SZ000895,-0.01638743467628956,EXP_XGBModel_Alpha158_csi300_custom_step0_s_20260508_14,c17da3e0d27c447085f9585e44ded444,0.146,,,
1434,2026-05-08,SZ000876,-0.007154274266213179,EXP_XGBModel_Alpha158_csi300_custom_step0_s_20260508_14,c17da3e0d27c447085f9585e44ded444,0.146,,,
1435,2026-05-08,SZ000858,-0.04004715383052826,EXP_XGBModel_Alpha158_csi300_custom_step0_s_20260508_14,c17da3e0d27c447085f9585e44ded444,0.146,,,
1436,2026-05-08,SZ000807,-0.04642363637685776,EXP_XGBModel_Alpha158_csi300_custom_step0_s_20260508_14,c17da3e0d27c447085f9585e44ded444,0.146,,,
1437,2026-05-08,SZ000792,0.039341039955616,EXP_XGBModel_Alpha158_csi300_custom_step0_s_20260508_14,c17da3e0d27c447085f9585e44ded444,0.146,,,
1438,2026-05-08,SZ000963,-0.04608393460512161,EXP_XGBModel_Alpha158_csi300_custom_step0_s_20260508_14,c17da3e0d27c447085f9585e44ded444,0.146,,,
1439,2026-05-08,SZ002001,0.028075426816940308,EXP_XGBModel_Alpha158_csi300_custom_step0_s_20260508_14,c17da3e0d27c447085f9585e44ded444,0.146,,,
1440,2026-05-08,SZ000166,0.008471095934510231,EXP_XGBModel_Alpha158_csi300_custom_step0_s_20260508_14,c17da3e0d27c447085f9585e44ded444,0.146,,,
1441,2026-05-08,SZ000100,-0.03821833059191704,EXP_XGBModel_Alpha158_csi300_custom_step0_s_20260508_14,c17da3e0d27c447085f9585e44ded444,0.146,,,
1442,2026-05-08,SH603369,0.008187799714505672,EXP_XGBModel_Alpha158_csi300_custom_step0_s_20260508_14,c17da3e0d27c447085f9585e44ded444,0.146,,,
1443,2026-05-08,SH603392,-0.08236290514469147,EXP_XGBModel_Alpha158_csi300_custom_step0_s_20260508_14,c17da3e0d27c447085f9585e44ded444,0.146,,,
1444,2026-05-08,SH603501,0.00906833354383707,EXP_XGBModel_Alpha158_csi300_custom_step0_s_20260508_14,c17da3e0d27c447085f9585e44ded444,0.146,,,
1445,2026-05-08,SH603799,0.13669829070568085,EXP_XGBModel_Alpha158_csi300_custom_step0_s_20260508_14,c17da3e0d27c447085f9585e44ded444,0.146,,,
1446,2026-05-08,SH603893,0.16588018834590912,EXP_XGBModel_Alpha158_csi300_custom_step0_s_20260508_14,c17da3e0d27c447085f9585e44ded444,0.146,,,
1447,2026-05-08,SH603986,0.49211585521698,EXP_XGBModel_Alpha158_csi300_custom_step0_s_20260508_14,c17da3e0d27c447085f9585e44ded444,0.146,,,
1448,2026-05-08,SH603993,-0.08219380676746368,EXP_XGBModel_Alpha158_csi300_custom_step0_s_20260508_14,c17da3e0d27c447085f9585e44ded444,0.146,,,
1449,2026-05-08,SH605117,-0.013895135372877121,EXP_XGBModel_Alpha158_csi300_custom_step0_s_20260508_14,c17da3e0d27c447085f9585e44ded444,0.146,,,
1450,2026-05-08,SH605499,-0.018725628033280373,EXP_XGBModel_Alpha158_csi300_custom_step0_s_20260508_14,c17da3e0d27c447085f9585e44ded444,0.146,,,
1451,2026-05-08,SH688008,0.37810200452804565,EXP_XGBModel_Alpha158_csi300_custom_step0_s_20260508_14,c17da3e0d27c447085f9585e44ded444,0.146,,,
1452,2026-05-08,SH688009,-0.0497320257127285,EXP_XGBModel_Alpha158_csi300_custom_step0_s_20260508_14,c17da3e0d27c447085f9585e44ded444,0.146,,,
1453,2026-05-08,SH688012,0.10953269898891449,EXP_XGBModel_Alpha158_csi300_custom_step0_s_20260508_14,c17da3e0d27c447085f9585e44ded444,0.146,,,
1454,2026-05-08,SH688036,-0.025980785489082336,EXP_XGBModel_Alpha158_csi300_custom_step0_s_20260508_14,c17da3e0d27c447085f9585e44ded444,0.146,,,
1455,2026-05-08,SH688041,0.004891230724751949,EXP_XGBModel_Alpha158_csi300_custom_step0_s_20260508_14,c17da3e0d27c447085f9585e44ded444,0.146,,,
1456,2026-05-08,SH688047,0.02416275255382061,EXP_XGBModel_Alpha158_csi300_custom_step0_s_20260508_14,c17da3e0d27c447085f9585e44ded444,0.146,,,
1457,2026-05-08,SH688082,-0.0800669863820076,EXP_XGBModel_Alpha158_csi300_custom_step0_s_20260508_14,c17da3e0d27c447085f9585e44ded444,0.146,,,
1458,2026-05-08,SH688111,0.19375742971897125,EXP_XGBModel_Alpha158_csi300_custom_step0_s_20260508_14,c17da3e0d27c447085f9585e44ded444,0.146,,,
1459,2026-05-08,SZ000063,0.0039085266180336475,EXP_XGBModel_Alpha158_csi300_custom_step0_s_20260508_14,c17da3e0d27c447085f9585e44ded444,0.146,,,
1460,2026-05-08,SZ000002,-0.021777376532554626,EXP_XGBModel_Alpha158_csi300_custom_step0_s_20260508_14,c17da3e0d27c447085f9585e44ded444,0.146,,,
1461,2026-05-08,SZ000001,-0.010952534154057503,EXP_XGBModel_Alpha158_csi300_custom_step0_s_20260508_14,c17da3e0d27c447085f9585e44ded444,0.146,,,
1462,2026-05-08,SH688981,-0.10436767339706421,EXP_XGBModel_Alpha158_csi300_custom_step0_s_20260508_14,c17da3e0d27c447085f9585e44ded444,0.146,,,
1463,2026-05-08,SH688506,0.009630676358938217,EXP_XGBModel_Alpha158_csi300_custom_step0_s_20260508_14,c17da3e0d27c447085f9585e44ded444,0.146,,,
1464,2026-05-08,SH688472,0.13062891364097595,EXP_XGBModel_Alpha158_csi300_custom_step0_s_20260508_14,c17da3e0d27c447085f9585e44ded444,0.146,,,
1465,2026-05-08,SZ000157,-0.038140662014484406,EXP_XGBModel_Alpha158_csi300_custom_step0_s_20260508_14,c17da3e0d27c447085f9585e44ded444,0.146,,,
1466,2026-05-08,SH688396,0.08210750669240952,EXP_XGBModel_Alpha158_csi300_custom_step0_s_20260508_14,c17da3e0d27c447085f9585e44ded444,0.146,,,
1467,2026-05-08,SH688271,-0.012851112522184849,EXP_XGBModel_Alpha158_csi300_custom_step0_s_20260508_14,c17da3e0d27c447085f9585e44ded444,0.146,,,
1468,2026-05-08,SH688256,-0.010205363854765892,EXP_XGBModel_Alpha158_csi300_custom_step0_s_20260508_14,c17da3e0d27c447085f9585e44ded444,0.146,,,
1469,2026-05-08,SH688223,0.22428789734840393,EXP_XGBModel_Alpha158_csi300_custom_step0_s_20260508_14,c17da3e0d27c447085f9585e44ded444,0.146,,,
1470,2026-05-08,SH688187,-0.03094448149204254,EXP_XGBModel_Alpha158_csi300_custom_step0_s_20260508_14,c17da3e0d27c447085f9585e44ded444,0.146,,,
1471,2026-05-08,SH688169,0.01565493270754814,EXP_XGBModel_Alpha158_csi300_custom_step0_s_20260508_14,c17da3e0d27c447085f9585e44ded444,0.146,,,
1472,2026-05-08,SH688126,0.13995972275733948,EXP_XGBModel_Alpha158_csi300_custom_step0_s_20260508_14,c17da3e0d27c447085f9585e44ded444,0.146,,,
1473,2026-05-08,SH688303,0.018983012065291405,EXP_XGBModel_Alpha158_csi300_custom_step0_s_20260508_14,c17da3e0d27c447085f9585e44ded444,0.146,,,
1474,2026-05-08,SH603296,-0.04354843497276306,EXP_XGBModel_Alpha158_csi300_custom_step0_s_20260508_14,c17da3e0d27c447085f9585e44ded444,0.146,,,
1475,2026-05-08,SZ002027,-0.06573650240898132,EXP_XGBModel_Alpha158_csi300_custom_step0_s_20260508_14,c17da3e0d27c447085f9585e44ded444,0.146,,,
1476,2026-05-08,SZ002049,-0.023152533918619156,EXP_XGBModel_Alpha158_csi300_custom_step0_s_20260508_14,c17da3e0d27c447085f9585e44ded444,0.146,,,
1477,2026-05-08,SZ300033,0.15580551326274872,EXP_XGBModel_Alpha158_csi300_custom_step0_s_20260508_14,c17da3e0d27c447085f9585e44ded444,0.146,,,
1478,2026-05-08,SZ300059,0.012231821194291115,EXP_XGBModel_Alpha158_csi300_custom_step0_s_20260508_14,c17da3e0d27c447085f9585e44ded444,0.146,,,
1479,2026-05-08,SZ300122,-0.01485442090779543,EXP_XGBModel_Alpha158_csi300_custom_step0_s_20260508_14,c17da3e0d27c447085f9585e44ded444,0.146,,,
1480,2026-05-08,SZ300124,0.050748467445373535,EXP_XGBModel_Alpha158_csi300_custom_step0_s_20260508_14,c17da3e0d27c447085f9585e44ded444,0.146,,,
1481,2026-05-08,SZ300251,0.8688819408416748,EXP_XGBModel_Alpha158_csi300_custom_step0_s_20260508_14,c17da3e0d27c447085f9585e44ded444,0.146,,,
1482,2026-05-08,SZ300274,0.0653572604060173,EXP_XGBModel_Alpha158_csi300_custom_step0_s_20260508_14,c17da3e0d27c447085f9585e44ded444,0.146,,,
1483,2026-05-08,SZ300308,0.41448310017585754,EXP_XGBModel_Alpha158_csi300_custom_step0_s_20260508_14,c17da3e0d27c447085f9585e44ded444,0.146,,,
1484,2026-05-08,SZ300316,0.06587556004524231,EXP_XGBModel_Alpha158_csi300_custom_step0_s_20260508_14,c17da3e0d27c447085f9585e44ded444,0.146,,,
1485,2026-05-08,SZ300347,0.04921549931168556,EXP_XGBModel_Alpha158_csi300_custom_step0_s_20260508_14,c17da3e0d27c447085f9585e44ded444,0.146,,,
1486,2026-05-08,SZ300394,0.13237380981445312,EXP_XGBModel_Alpha158_csi300_custom_step0_s_20260508_14,c17da3e0d27c447085f9585e44ded444,0.146,,,
1487,2026-05-08,SZ300408,0.08538162708282471,EXP_XGBModel_Alpha158_csi300_custom_step0_s_20260508_14,c17da3e0d27c447085f9585e44ded444,0.146,,,
1488,2026-05-08,SZ300413,-0.03922804817557335,EXP_XGBModel_Alpha158_csi300_custom_step0_s_20260508_14,c17da3e0d27c447085f9585e44ded444,0.146,,,
1489,2026-05-08,SZ300418,-0.21588923037052155,EXP_XGBModel_Alpha158_csi300_custom_step0_s_20260508_14,c17da3e0d27c447085f9585e44ded444,0.146,,,
1490,2026-05-08,SZ300433,0.10436393320560455,EXP_XGBModel_Alpha158_csi300_custom_step0_s_20260508_14,c17da3e0d27c447085f9585e44ded444,0.146,,,
1491,2026-05-08,SZ300442,-0.015857933089137077,EXP_XGBModel_Alpha158_csi300_custom_step0_s_20260508_14,c17da3e0d27c447085f9585e44ded444,0.146,,,
1492,2026-05-08,SZ300476,0.07714463770389557,EXP_XGBModel_Alpha158_csi300_custom_step0_s_20260508_14,c17da3e0d27c447085f9585e44ded444,0.146,,,
1493,2026-05-08,SZ300498,-0.012445771135389805,EXP_XGBModel_Alpha158_csi300_custom_step0_s_20260508_14,c17da3e0d27c447085f9585e44ded444,0.146,,,
1494,2026-05-08,SZ301236,0.13532233238220215,EXP_XGBModel_Alpha158_csi300_custom_step0_s_20260508_14,c17da3e0d27c447085f9585e44ded444,0.146,,,
1495,2026-05-08,SZ300999,-0.017201893031597137,EXP_XGBModel_Alpha158_csi300_custom_step0_s_20260508_14,c17da3e0d27c447085f9585e44ded444,0.146,,,
1496,2026-05-08,SZ300979,0.009451116435229778,EXP_XGBModel_Alpha158_csi300_custom_step0_s_20260508_14,c17da3e0d27c447085f9585e44ded444,0.146,,,
1497,2026-05-08,SZ300896,0.06708601117134094,EXP_XGBModel_Alpha158_csi300_custom_step0_s_20260508_14,c17da3e0d27c447085f9585e44ded444,0.146,,,
1498,2026-05-08,SZ300866,0.1085263341665268,EXP_XGBModel_Alpha158_csi300_custom_step0_s_20260508_14,c17da3e0d27c447085f9585e44ded444,0.146,,,
1499,2026-05-08,SZ300832,0.02645168825984001,EXP_XGBModel_Alpha158_csi300_custom_step0_s_20260508_14,c17da3e0d27c447085f9585e44ded444,0.146,,,
1500,2026-05-08,SZ300015,0.04889746010303497,EXP_XGBModel_Alpha158_csi300_custom_step0_s_20260508_14,c17da3e0d27c447085f9585e44ded444,0.146,,,
1501,2026-05-08,SZ300803,0.004132459405809641,EXP_XGBModel_Alpha158_csi300_custom_step0_s_20260508_14,c17da3e0d27c447085f9585e44ded444,0.146,,,
1502,2026-05-08,SZ300760,-0.04223475977778435,EXP_XGBModel_Alpha158_csi300_custom_step0_s_20260508_14,c17da3e0d27c447085f9585e44ded444,0.146,,,
1503,2026-05-08,SZ300759,-0.015311161056160927,EXP_XGBModel_Alpha158_csi300_custom_step0_s_20260508_14,c17da3e0d27c447085f9585e44ded444,0.146,,,
1504,2026-05-08,SZ300750,0.08128568530082703,EXP_XGBModel_Alpha158_csi300_custom_step0_s_20260508_14,c17da3e0d27c447085f9585e44ded444,0.146,,,
1505,2026-05-08,SZ300661,0.26010662317276,EXP_XGBModel_Alpha158_csi300_custom_step0_s_20260508_14,c17da3e0d27c447085f9585e44ded444,0.146,,,
1506,2026-05-08,SZ300628,-0.007415429688990116,EXP_XGBModel_Alpha158_csi300_custom_step0_s_20260508_14,c17da3e0d27c447085f9585e44ded444,0.146,,,
1507,2026-05-08,SZ300502,0.35512521862983704,EXP_XGBModel_Alpha158_csi300_custom_step0_s_20260508_14,c17da3e0d27c447085f9585e44ded444,0.146,,,
1508,2026-05-08,SZ300782,0.27527904510498047,EXP_XGBModel_Alpha158_csi300_custom_step0_s_20260508_14,c17da3e0d27c447085f9585e44ded444,0.146,,,
1509,2026-05-08,SZ002028,-0.033698514103889465,EXP_XGBModel_Alpha158_csi300_custom_step0_s_20260508_14,c17da3e0d27c447085f9585e44ded444,0.146,,,
1510,2026-05-08,SZ300014,-0.24535365402698517,EXP_XGBModel_Alpha158_csi300_custom_step0_s_20260508_14,c17da3e0d27c447085f9585e44ded444,0.146,,,
1511,2026-05-08,SZ002938,0.35002943873405457,EXP_XGBModel_Alpha158_csi300_custom_step0_s_20260508_14,c17da3e0d27c447085f9585e44ded444,0.146,,,
1512,2026-05-08,SZ002050,0.2413930892944336,EXP_XGBModel_Alpha158_csi300_custom_step0_s_20260508_14,c17da3e0d27c447085f9585e44ded444,0.146,,,
1513,2026-05-08,SZ002074,-0.011027662083506584,EXP_XGBModel_Alpha158_csi300_custom_step0_s_20260508_14,c17da3e0d27c447085f9585e44ded444,0.146,,,
1514,2026-05-08,SZ002142,-0.003982418216764927,EXP_XGBModel_Alpha158_csi300_custom_step0_s_20260508_14,c17da3e0d27c447085f9585e44ded444,0.146,,,
1515,2026-05-08,SZ002179,0.028794962912797928,EXP_XGBModel_Alpha158_csi300_custom_step0_s_20260508_14,c17da3e0d27c447085f9585e44ded444,0.146,,,
1516,2026-05-08,SZ002230,-0.04764532670378685,EXP_XGBModel_Alpha158_csi300_custom_step0_s_20260508_14,c17da3e0d27c447085f9585e44ded444,0.146,,,
1517,2026-05-08,SZ002236,0.008383187465369701,EXP_XGBModel_Alpha158_csi300_custom_step0_s_20260508_14,c17da3e0d27c447085f9585e44ded444,0.146,,,
1518,2026-05-08,SZ002241,0.031565286219120026,EXP_XGBModel_Alpha158_csi300_custom_step0_s_20260508_14,c17da3e0d27c447085f9585e44ded444,0.146,,,
1519,2026-05-08,SZ002252,-0.006813475396484137,EXP_XGBModel_Alpha158_csi300_custom_step0_s_20260508_14,c17da3e0d27c447085f9585e44ded444,0.146,,,
1520,2026-05-08,SZ002304,-0.04336627200245857,EXP_XGBModel_Alpha158_csi300_custom_step0_s_20260508_14,c17da3e0d27c447085f9585e44ded444,0.146,,,
1521,2026-05-08,SZ002311,-0.08284410089254379,EXP_XGBModel_Alpha158_csi300_custom_step0_s_20260508_14,c17da3e0d27c447085f9585e44ded444,0.146,,,
1522,2026-05-08,SZ002352,-0.0024417543318122625,EXP_XGBModel_Alpha158_csi300_custom_step0_s_20260508_14,c17da3e0d27c447085f9585e44ded444,0.146,,,
1523,2026-05-08,SZ002371,0.1480916440486908,EXP_XGBModel_Alpha158_csi300_custom_step0_s_20260508_14,c17da3e0d27c447085f9585e44ded444,0.146,,,
1524,2026-05-08,SZ002384,0.028347939252853394,EXP_XGBModel_Alpha158_csi300_custom_step0_s_20260508_14,c17da3e0d27c447085f9585e44ded444,0.146,,,
1525,2026-05-08,SZ002415,0.03495177999138832,EXP_XGBModel_Alpha158_csi300_custom_step0_s_20260508_14,c17da3e0d27c447085f9585e44ded444,0.146,,,
1526,2026-05-08,SZ002422,-0.010411456227302551,EXP_XGBModel_Alpha158_csi300_custom_step0_s_20260508_14,c17da3e0d27c447085f9585e44ded444,0.146,,,
1527,2026-05-08,SZ002459,0.12938961386680603,EXP_XGBModel_Alpha158_csi300_custom_step0_s_20260508_14,c17da3e0d27c447085f9585e44ded444,0.146,,,
1528,2026-05-08,SZ002460,0.16940513253211975,EXP_XGBModel_Alpha158_csi300_custom_step0_s_20260508_14,c17da3e0d27c447085f9585e44ded444,0.146,,,
1529,2026-05-08,SZ002920,-0.023666635155677795,EXP_XGBModel_Alpha158_csi300_custom_step0_s_20260508_14,c17da3e0d27c447085f9585e44ded444,0.146,,,
1530,2026-05-08,SZ002916,0.1912192851305008,EXP_XGBModel_Alpha158_csi300_custom_step0_s_20260508_14,c17da3e0d27c447085f9585e44ded444,0.146,,,
1531,2026-05-08,SZ002736,-0.045426562428474426,EXP_XGBModel_Alpha158_csi300_custom_step0_s_20260508_14,c17da3e0d27c447085f9585e44ded444,0.146,,,
1532,2026-05-08,SZ002714,-0.0193929485976696,EXP_XGBModel_Alpha158_csi300_custom_step0_s_20260508_14,c17da3e0d27c447085f9585e44ded444,0.146,,,
1533,2026-05-08,SZ002709,-0.3244988024234772,EXP_XGBModel_Alpha158_csi300_custom_step0_s_20260508_14,c17da3e0d27c447085f9585e44ded444,0.146,,,
1534,2026-05-08,SZ002648,-0.02214081399142742,EXP_XGBModel_Alpha158_csi300_custom_step0_s_20260508_14,c17da3e0d27c447085f9585e44ded444,0.146,,,
1535,2026-05-08,SZ003816,-0.008312095887959003,EXP_XGBModel_Alpha158_csi300_custom_step0_s_20260508_14,c17da3e0d27c447085f9585e44ded444,0.146,,,
1536,2026-05-08,SZ002625,0.013056506402790546,EXP_XGBModel_Alpha158_csi300_custom_step0_s_20260508_14,c17da3e0d27c447085f9585e44ded444,0.146,,,
1537,2026-05-08,SZ002600,0.07402090728282928,EXP_XGBModel_Alpha158_csi300_custom_step0_s_20260508_14,c17da3e0d27c447085f9585e44ded444,0.146,,,
1538,2026-05-08,SZ002594,0.05184130370616913,EXP_XGBModel_Alpha158_csi300_custom_step0_s_20260508_14,c17da3e0d27c447085f9585e44ded444,0.146,,,
1539,2026-05-08,SZ002493,-0.011349407956004143,EXP_XGBModel_Alpha158_csi300_custom_step0_s_20260508_14,c17da3e0d27c447085f9585e44ded444,0.146,,,
1540,2026-05-08,SZ002475,-0.2594035267829895,EXP_XGBModel_Alpha158_csi300_custom_step0_s_20260508_14,c17da3e0d27c447085f9585e44ded444,0.146,,,
1541,2026-05-08,SZ002466,0.5560879707336426,EXP_XGBModel_Alpha158_csi300_custom_step0_s_20260508_14,c17da3e0d27c447085f9585e44ded444,0.146,,,
1542,2026-05-08,SZ002463,0.2895605266094208,EXP_XGBModel_Alpha158_csi300_custom_step0_s_20260508_14,c17da3e0d27c447085f9585e44ded444,0.146,,,
1543,2026-05-08,SZ002601,0.034096457064151764,EXP_XGBModel_Alpha158_csi300_custom_step0_s_20260508_14,c17da3e0d27c447085f9585e44ded444,0.146,,,
1544,2026-05-08,SH603288,-0.03458549454808235,EXP_XGBModel_Alpha158_csi300_custom_step0_s_20260508_14,c17da3e0d27c447085f9585e44ded444,0.146,,,
1545,2026-05-08,SH603260,0.021369194611907005,EXP_XGBModel_Alpha158_csi300_custom_step0_s_20260508_14,c17da3e0d27c447085f9585e44ded444,0.146,,,
1546,2026-05-08,SH603259,-0.012344127520918846,EXP_XGBModel_Alpha158_csi300_custom_step0_s_20260508_14,c17da3e0d27c447085f9585e44ded444,0.146,,,
1547,2026-05-08,SH600585,-0.06450647115707397,EXP_XGBModel_Alpha158_csi300_custom_step0_s_20260508_14,c17da3e0d27c447085f9585e44ded444,0.146,,,
1548,2026-05-08,SH600588,0.05436886101961136,EXP_XGBModel_Alpha158_csi300_custom_step0_s_20260508_14,c17da3e0d27c447085f9585e44ded444,0.146,,,
1549,2026-05-08,SH600600,-0.026153013110160828,EXP_XGBModel_Alpha158_csi300_custom_step0_s_20260508_14,c17da3e0d27c447085f9585e44ded444,0.146,,,
1550,2026-05-08,SH600660,0.01122333388775587,EXP_XGBModel_Alpha158_csi300_custom_step0_s_20260508_14,c17da3e0d27c447085f9585e44ded444,0.146,,,
1551,2026-05-08,SH600674,-0.004579533357173204,EXP_XGBModel_Alpha158_csi300_custom_step0_s_20260508_14,c17da3e0d27c447085f9585e44ded444,0.146,,,
1552,2026-05-08,SH600690,-0.036970995366573334,EXP_XGBModel_Alpha158_csi300_custom_step0_s_20260508_14,c17da3e0d27c447085f9585e44ded444,0.146,,,
1553,2026-05-08,SH600741,-0.030068177729845047,EXP_XGBModel_Alpha158_csi300_custom_step0_s_20260508_14,c17da3e0d27c447085f9585e44ded444,0.146,,,
1554,2026-05-08,SH600760,-0.02481490559875965,EXP_XGBModel_Alpha158_csi300_custom_step0_s_20260508_14,c17da3e0d27c447085f9585e44ded444,0.146,,,
1555,2026-05-08,SH600795,-0.009586123749613762,EXP_XGBModel_Alpha158_csi300_custom_step0_s_20260508_14,c17da3e0d27c447085f9585e44ded444,0.146,,,
1556,2026-05-08,SH600803,-0.011086758226156235,EXP_XGBModel_Alpha158_csi300_custom_step0_s_20260508_14,c17da3e0d27c447085f9585e44ded444,0.146,,,
1557,2026-05-08,SH600809,-0.012509486638009548,EXP_XGBModel_Alpha158_csi300_custom_step0_s_20260508_14,c17da3e0d27c447085f9585e44ded444,0.146,,,
1558,2026-05-08,SH600845,-0.002786438213661313,EXP_XGBModel_Alpha158_csi300_custom_step0_s_20260508_14,c17da3e0d27c447085f9585e44ded444,0.146,,,
1559,2026-05-08,SH600875,0.2423270046710968,EXP_XGBModel_Alpha158_csi300_custom_step0_s_20260508_14,c17da3e0d27c447085f9585e44ded444,0.146,,,
1560,2026-05-08,SH600886,-0.04083879292011261,EXP_XGBModel_Alpha158_csi300_custom_step0_s_20260508_14,c17da3e0d27c447085f9585e44ded444,0.146,,,
1561,2026-05-08,SH600887,-0.07036274671554565,EXP_XGBModel_Alpha158_csi300_custom_step0_s_20260508_14,c17da3e0d27c447085f9585e44ded444,0.146,,,
1562,2026-05-08,SH600893,-0.05001984164118767,EXP_XGBModel_Alpha158_csi300_custom_step0_s_20260508_14,c17da3e0d27c447085f9585e44ded444,0.146,,,
1563,2026-05-08,SH600900,-0.0329054594039917,EXP_XGBModel_Alpha158_csi300_custom_step0_s_20260508_14,c17da3e0d27c447085f9585e44ded444,0.146,,,
1564,2026-05-08,SH601018,-0.038371022790670395,EXP_XGBModel_Alpha158_csi300_custom_step0_s_20260508_14,c17da3e0d27c447085f9585e44ded444,0.146,,,
1565,2026-05-08,SH601012,-0.025070011615753174,EXP_XGBModel_Alpha158_csi300_custom_step0_s_20260508_14,c17da3e0d27c447085f9585e44ded444,0.146,,,
1566,2026-05-08,SH601009,-0.0016934358282014728,EXP_XGBModel_Alpha158_csi300_custom_step0_s_20260508_14,c17da3e0d27c447085f9585e44ded444,0.146,,,
1567,2026-05-08,SH601006,-0.007916312664747238,EXP_XGBModel_Alpha158_csi300_custom_step0_s_20260508_14,c17da3e0d27c447085f9585e44ded444,0.146,,,
1568,2026-05-08,SH600999,-0.012257253751158714,EXP_XGBModel_Alpha158_csi300_custom_step0_s_20260508_14,c17da3e0d27c447085f9585e44ded444,0.146,,,
1569,2026-05-08,SH600989,0.025861140340566635,EXP_XGBModel_Alpha158_csi300_custom_step0_s_20260508_14,c17da3e0d27c447085f9585e44ded444,0.146,,,
1570,2026-05-08,SH600584,-0.23829728364944458,EXP_XGBModel_Alpha158_csi300_custom_step0_s_20260508_14,c17da3e0d27c447085f9585e44ded444,0.146,,,
1571,2026-05-08,SH600958,-0.048363763839006424,EXP_XGBModel_Alpha158_csi300_custom_step0_s_20260508_14,c17da3e0d27c447085f9585e44ded444,0.146,,,
1572,2026-05-08,SH600938,-0.09233716875314713,EXP_XGBModel_Alpha158_csi300_custom_step0_s_20260508_14,c17da3e0d27c447085f9585e44ded444,0.146,,,
1573,2026-05-08,SH600930,0.01448095589876175,EXP_XGBModel_Alpha158_csi300_custom_step0_s_20260508_14,c17da3e0d27c447085f9585e44ded444,0.146,,,
1574,2026-05-08,SH600926,-0.009545029141008854,EXP_XGBModel_Alpha158_csi300_custom_step0_s_20260508_14,c17da3e0d27c447085f9585e44ded444,0.146,,,
1575,2026-05-08,SH600919,0.008531379513442516,EXP_XGBModel_Alpha158_csi300_custom_step0_s_20260508_14,c17da3e0d27c447085f9585e44ded444,0.146,,,
1576,2026-05-08,SH600918,-0.019768796861171722,EXP_XGBModel_Alpha158_csi300_custom_step0_s_20260508_14,c17da3e0d27c447085f9585e44ded444,0.146,,,
1577,2026-05-08,SH600905,-0.03468300402164459,EXP_XGBModel_Alpha158_csi300_custom_step0_s_20260508_14,c17da3e0d27c447085f9585e44ded444,0.146,,,
1578,2026-05-08,SH600941,0.04636968672275543,EXP_XGBModel_Alpha158_csi300_custom_step0_s_20260508_14,c17da3e0d27c447085f9585e44ded444,0.146,,,
1579,2026-05-08,SH601021,0.03911278396844864,EXP_XGBModel_Alpha158_csi300_custom_step0_s_20260508_14,c17da3e0d27c447085f9585e44ded444,0.146,,,
1580,2026-05-08,SH600570,-0.03384193778038025,EXP_XGBModel_Alpha158_csi300_custom_step0_s_20260508_14,c17da3e0d27c447085f9585e44ded444,0.146,,,
1581,2026-05-08,SH600522,0.0038643809966742992,EXP_XGBModel_Alpha158_csi300_custom_step0_s_20260508_14,c17da3e0d27c447085f9585e44ded444,0.146,,,
1582,2026-05-08,SH600066,0.006762342061847448,EXP_XGBModel_Alpha158_csi300_custom_step0_s_20260508_14,c17da3e0d27c447085f9585e44ded444,0.146,,,
1583,2026-05-08,SH600085,-0.021992268040776253,EXP_XGBModel_Alpha158_csi300_custom_step0_s_20260508_14,c17da3e0d27c447085f9585e44ded444,0.146,,,
1584,2026-05-08,SH600089,0.1066431775689125,EXP_XGBModel_Alpha158_csi300_custom_step0_s_20260508_14,c17da3e0d27c447085f9585e44ded444,0.146,,,
1585,2026-05-08,SH600104,-0.014208411797881126,EXP_XGBModel_Alpha158_csi300_custom_step0_s_20260508_14,c17da3e0d27c447085f9585e44ded444,0.146,,,
1586,2026-05-08,SH600111,0.1330687403678894,EXP_XGBModel_Alpha158_csi300_custom_step0_s_20260508_14,c17da3e0d27c447085f9585e44ded444,0.146,,,
1587,2026-05-08,SH600115,0.18622295558452606,EXP_XGBModel_Alpha158_csi300_custom_step0_s_20260508_14,c17da3e0d27c447085f9585e44ded444,0.146,,,
1588,2026-05-08,SH600150,0.08832437545061111,EXP_XGBModel_Alpha158_csi300_custom_step0_s_20260508_14,c17da3e0d27c447085f9585e44ded444,0.146,,,
1589,2026-05-08,SH600160,-0.004103648941963911,EXP_XGBModel_Alpha158_csi300_custom_step0_s_20260508_14,c17da3e0d27c447085f9585e44ded444,0.146,,,
1590,2026-05-08,SH600161,-0.017198817804455757,EXP_XGBModel_Alpha158_csi300_custom_step0_s_20260508_14,c17da3e0d27c447085f9585e44ded444,0.146,,,
1591,2026-05-08,SH600176,0.3563087284564972,EXP_XGBModel_Alpha158_csi300_custom_step0_s_20260508_14,c17da3e0d27c447085f9585e44ded444,0.146,,,
1592,2026-05-08,SH600183,0.13538405299186707,EXP_XGBModel_Alpha158_csi300_custom_step0_s_20260508_14,c17da3e0d27c447085f9585e44ded444,0.146,,,
1593,2026-05-08,SH600188,-0.04083005711436272,EXP_XGBModel_Alpha158_csi300_custom_step0_s_20260508_14,c17da3e0d27c447085f9585e44ded444,0.146,,,
1594,2026-05-08,SH600196,-0.04080589860677719,EXP_XGBModel_Alpha158_csi300_custom_step0_s_20260508_14,c17da3e0d27c447085f9585e44ded444,0.146,,,
1595,2026-05-08,SH600219,-0.13157349824905396,EXP_XGBModel_Alpha158_csi300_custom_step0_s_20260508_14,c17da3e0d27c447085f9585e44ded444,0.146,,,
1596,2026-05-08,SH600233,0.018101461231708527,EXP_XGBModel_Alpha158_csi300_custom_step0_s_20260508_14,c17da3e0d27c447085f9585e44ded444,0.146,,,
1597,2026-05-08,SH600276,-0.059717487543821335,EXP_XGBModel_Alpha158_csi300_custom_step0_s_20260508_14,c17da3e0d27c447085f9585e44ded444,0.146,,,
1598,2026-05-08,SH600309,0.009920601733028889,EXP_XGBModel_Alpha158_csi300_custom_step0_s_20260508_14,c17da3e0d27c447085f9585e44ded444,0.146,,,
1599,2026-05-08,SH600519,-0.04348059371113777,EXP_XGBModel_Alpha158_csi300_custom_step0_s_20260508_14,c17da3e0d27c447085f9585e44ded444,0.146,,,
1600,2026-05-08,SH600515,-0.04488002508878708,EXP_XGBModel_Alpha158_csi300_custom_step0_s_20260508_14,c17da3e0d27c447085f9585e44ded444,0.146,,,
1601,2026-05-08,SH600489,0.18236421048641205,EXP_XGBModel_Alpha158_csi300_custom_step0_s_20260508_14,c17da3e0d27c447085f9585e44ded444,0.146,,,
1602,2026-05-08,SH600482,0.3140676021575928,EXP_XGBModel_Alpha158_csi300_custom_step0_s_20260508_14,c17da3e0d27c447085f9585e44ded444,0.146,,,
1603,2026-05-08,SH600460,0.1741487681865692,EXP_XGBModel_Alpha158_csi300_custom_step0_s_20260508_14,c17da3e0d27c447085f9585e44ded444,0.146,,,
1604,2026-05-08,SH600438,0.12045624107122421,EXP_XGBModel_Alpha158_csi300_custom_step0_s_20260508_14,c17da3e0d27c447085f9585e44ded444,0.146,,,
1605,2026-05-08,SH600547,-0.07395493984222412,EXP_XGBModel_Alpha158_csi300_custom_step0_s_20260508_14,c17da3e0d27c447085f9585e44ded444,0.146,,,
1606,2026-05-08,SH600436,-0.10144108533859253,EXP_XGBModel_Alpha158_csi300_custom_step0_s_20260508_14,c17da3e0d27c447085f9585e44ded444,0.146,,,
1607,2026-05-08,SH600415,-0.02574981190264225,EXP_XGBModel_Alpha158_csi300_custom_step0_s_20260508_14,c17da3e0d27c447085f9585e44ded444,0.146,,,
1608,2026-05-08,SH600406,-0.044398799538612366,EXP_XGBModel_Alpha158_csi300_custom_step0_s_20260508_14,c17da3e0d27c447085f9585e44ded444,0.146,,,
1609,2026-05-08,SH600377,0.0012408933835104108,EXP_XGBModel_Alpha158_csi300_custom_step0_s_20260508_14,c17da3e0d27c447085f9585e44ded444,0.146,,,
1610,2026-05-08,SH600372,0.01900925487279892,EXP_XGBModel_Alpha158_csi300_custom_step0_s_20260508_14,c17da3e0d27c447085f9585e44ded444,0.146,,,
1611,2026-05-08,SH600362,0.25478723645210266,EXP_XGBModel_Alpha158_csi300_custom_step0_s_20260508_14,c17da3e0d27c447085f9585e44ded444,0.146,,,
1612,2026-05-08,SH600346,-0.04117010906338692,EXP_XGBModel_Alpha158_csi300_custom_step0_s_20260508_14,c17da3e0d27c447085f9585e44ded444,0.146,,,
1613,2026-05-08,SH600426,-0.011919219046831131,EXP_XGBModel_Alpha158_csi300_custom_step0_s_20260508_14,c17da3e0d27c447085f9585e44ded444,0.146,,,
1614,2026-05-08,SH601058,0.037287112325429916,EXP_XGBModel_Alpha158_csi300_custom_step0_s_20260508_14,c17da3e0d27c447085f9585e44ded444,0.146,,,
1615,2026-05-08,SH601059,-0.009792770259082317,EXP_XGBModel_Alpha158_csi300_custom_step0_s_20260508_14,c17da3e0d27c447085f9585e44ded444,0.146,,,
1616,2026-05-08,SH601066,-0.0017517496598884463,EXP_XGBModel_Alpha158_csi300_custom_step0_s_20260508_14,c17da3e0d27c447085f9585e44ded444,0.146,,,
1617,2026-05-08,SH601688,-0.01253743190318346,EXP_XGBModel_Alpha158_csi300_custom_step0_s_20260508_14,c17da3e0d27c447085f9585e44ded444,0.146,,,
1618,2026-05-08,SH601689,-0.052337370812892914,EXP_XGBModel_Alpha158_csi300_custom_step0_s_20260508_14,c17da3e0d27c447085f9585e44ded444,0.146,,,
1619,2026-05-08,SH601698,0.1922445297241211,EXP_XGBModel_Alpha158_csi300_custom_step0_s_20260508_14,c17da3e0d27c447085f9585e44ded444,0.146,,,
1620,2026-05-08,SH601728,0.027328869327902794,EXP_XGBModel_Alpha158_csi300_custom_step0_s_20260508_14,c17da3e0d27c447085f9585e44ded444,0.146,,,
1621,2026-05-08,SH601766,-0.06310497224330902,EXP_XGBModel_Alpha158_csi300_custom_step0_s_20260508_14,c17da3e0d27c447085f9585e44ded444,0.146,,,
1622,2026-05-08,SH601788,-0.03796737641096115,EXP_XGBModel_Alpha158_csi300_custom_step0_s_20260508_14,c17da3e0d27c447085f9585e44ded444,0.146,,,
1623,2026-05-08,SH601800,-0.08455269038677216,EXP_XGBModel_Alpha158_csi300_custom_step0_s_20260508_14,c17da3e0d27c447085f9585e44ded444,0.146,,,
1624,2026-05-08,SH601808,-0.04219326749444008,EXP_XGBModel_Alpha158_csi300_custom_step0_s_20260508_14,c17da3e0d27c447085f9585e44ded444,0.146,,,
1625,2026-05-08,SH601816,-0.036898382008075714,EXP_XGBModel_Alpha158_csi300_custom_step0_s_20260508_14,c17da3e0d27c447085f9585e44ded444,0.146,,,
1626,2026-05-08,SH601818,-0.05076339840888977,EXP_XGBModel_Alpha158_csi300_custom_step0_s_20260508_14,c17da3e0d27c447085f9585e44ded444,0.146,,,
1627,2026-05-08,SH601825,0.02282887138426304,EXP_XGBModel_Alpha158_csi300_custom_step0_s_20260508_14,c17da3e0d27c447085f9585e44ded444,0.146,,,
1628,2026-05-08,SH601838,6.550713442265987e-05,EXP_XGBModel_Alpha158_csi300_custom_step0_s_20260508_14,c17da3e0d27c447085f9585e44ded444,0.146,,,
1629,2026-05-08,SH601857,0.03791089355945587,EXP_XGBModel_Alpha158_csi300_custom_step0_s_20260508_14,c17da3e0d27c447085f9585e44ded444,0.146,,,
1630,2026-05-08,SH601868,-0.09990386664867401,EXP_XGBModel_Alpha158_csi300_custom_step0_s_20260508_14,c17da3e0d27c447085f9585e44ded444,0.146,,,
1631,2026-05-08,SH601872,-0.41824647784233093,EXP_XGBModel_Alpha158_csi300_custom_step0_s_20260508_14,c17da3e0d27c447085f9585e44ded444,0.146,,,
1632,2026-05-08,SH601877,0.009583480656147003,EXP_XGBModel_Alpha158_csi300_custom_step0_s_20260508_14,c17da3e0d27c447085f9585e44ded444,0.146,,,
1633,2026-05-08,SH601878,-0.01928311213850975,EXP_XGBModel_Alpha158_csi300_custom_step0_s_20260508_14,c17da3e0d27c447085f9585e44ded444,0.146,,,
1634,2026-05-08,SH603195,-0.04251078888773918,EXP_XGBModel_Alpha158_csi300_custom_step0_s_20260508_14,c17da3e0d27c447085f9585e44ded444,0.146,,,
1635,2026-05-08,SH603019,-0.008718101307749748,EXP_XGBModel_Alpha158_csi300_custom_step0_s_20260508_14,c17da3e0d27c447085f9585e44ded444,0.146,,,
1636,2026-05-08,SH601998,-0.012773287482559681,EXP_XGBModel_Alpha158_csi300_custom_step0_s_20260508_14,c17da3e0d27c447085f9585e44ded444,0.146,,,
1637,2026-05-08,SH601995,0.007399908732622862,EXP_XGBModel_Alpha158_csi300_custom_step0_s_20260508_14,c17da3e0d27c447085f9585e44ded444,0.146,,,
1638,2026-05-08,SH601988,-0.01654052920639515,EXP_XGBModel_Alpha158_csi300_custom_step0_s_20260508_14,c17da3e0d27c447085f9585e44ded444,0.146,,,
1639,2026-05-08,SH601985,-0.014252404682338238,EXP_XGBModel_Alpha158_csi300_custom_step0_s_20260508_14,c17da3e0d27c447085f9585e44ded444,0.146,,,
1640,2026-05-08,SH601669,-0.025090713053941727,EXP_XGBModel_Alpha158_csi300_custom_step0_s_20260508_14,c17da3e0d27c447085f9585e44ded444,0.146,,,
1641,2026-05-08,SH601939,0.004753993358463049,EXP_XGBModel_Alpha158_csi300_custom_step0_s_20260508_14,c17da3e0d27c447085f9585e44ded444,0.146,,,
1642,2026-05-08,SH601916,0.017925402149558067,EXP_XGBModel_Alpha158_csi300_custom_step0_s_20260508_14,c17da3e0d27c447085f9585e44ded444,0.146,,,
1643,2026-05-08,SH601901,0.0011685120407491922,EXP_XGBModel_Alpha158_csi300_custom_step0_s_20260508_14,c17da3e0d27c447085f9585e44ded444,0.146,,,
1644,2026-05-08,SH601899,0.03017541766166687,EXP_XGBModel_Alpha158_csi300_custom_step0_s_20260508_14,c17da3e0d27c447085f9585e44ded444,0.146,,,
1645,2026-05-08,SH601898,0.04677348583936691,EXP_XGBModel_Alpha158_csi300_custom_step0_s_20260508_14,c17da3e0d27c447085f9585e44ded444,0.146,,,
1646,2026-05-08,SH601888,-0.029079513624310493,EXP_XGBModel_Alpha158_csi300_custom_step0_s_20260508_14,c17da3e0d27c447085f9585e44ded444,0.146,,,
1647,2026-05-08,SH601881,-0.011160493828356266,EXP_XGBModel_Alpha158_csi300_custom_step0_s_20260508_14,c17da3e0d27c447085f9585e44ded444,0.146,,,
1648,2026-05-08,SH601919,-0.0148561280220747,EXP_XGBModel_Alpha158_csi300_custom_step0_s_20260508_14,c17da3e0d27c447085f9585e44ded444,0.146,,,
1649,2026-05-08,SH601668,-0.018787838518619537,EXP_XGBModel_Alpha158_csi300_custom_step0_s_20260508_14,c17da3e0d27c447085f9585e44ded444,0.146,,,
1650,2026-05-08,SH601658,-0.01525348424911499,EXP_XGBModel_Alpha158_csi300_custom_step0_s_20260508_14,c17da3e0d27c447085f9585e44ded444,0.146,,,
1651,2026-05-08,SH601633,-0.049526941031217575,EXP_XGBModel_Alpha158_csi300_custom_step0_s_20260508_14,c17da3e0d27c447085f9585e44ded444,0.146,,,
1652,2026-05-08,SH601229,-0.046899113804101944,EXP_XGBModel_Alpha158_csi300_custom_step0_s_20260508_14,c17da3e0d27c447085f9585e44ded444,0.146,,,
1653,2026-05-08,SH601225,-0.030322810634970665,EXP_XGBModel_Alpha158_csi300_custom_step0_s_20260508_14,c17da3e0d27c447085f9585e44ded444,0.146,,,
1654,2026-05-08,SH601211,-0.05077042058110237,EXP_XGBModel_Alpha158_csi300_custom_step0_s_20260508_14,c17da3e0d27c447085f9585e44ded444,0.146,,,
1655,2026-05-08,SH601186,-0.04539420083165169,EXP_XGBModel_Alpha158_csi300_custom_step0_s_20260508_14,c17da3e0d27c447085f9585e44ded444,0.146,,,
1656,2026-05-08,SH601169,-0.051027193665504456,EXP_XGBModel_Alpha158_csi300_custom_step0_s_20260508_14,c17da3e0d27c447085f9585e44ded444,0.146,,,
1657,2026-05-08,SH601166,-0.03244280442595482,EXP_XGBModel_Alpha158_csi300_custom_step0_s_20260508_14,c17da3e0d27c447085f9585e44ded444,0.146,,,
1658,2026-05-08,SH601236,-0.04071768373250961,EXP_XGBModel_Alpha158_csi300_custom_step0_s_20260508_14,c17da3e0d27c447085f9585e44ded444,0.146,,,
1659,2026-05-08,SH601138,0.2551629841327667,EXP_XGBModel_Alpha158_csi300_custom_step0_s_20260508_14,c17da3e0d27c447085f9585e44ded444,0.146,,,
1660,2026-05-08,SH601127,0.14799953997135162,EXP_XGBModel_Alpha158_csi300_custom_step0_s_20260508_14,c17da3e0d27c447085f9585e44ded444,0.146,,,
1661,2026-05-08,SH601117,-0.05967562645673752,EXP_XGBModel_Alpha158_csi300_custom_step0_s_20260508_14,c17da3e0d27c447085f9585e44ded444,0.146,,,
1662,2026-05-08,SH601111,0.07315360754728317,EXP_XGBModel_Alpha158_csi300_custom_step0_s_20260508_14,c17da3e0d27c447085f9585e44ded444,0.146,,,
1663,2026-05-08,SH601100,0.01875547133386135,EXP_XGBModel_Alpha158_csi300_custom_step0_s_20260508_14,c17da3e0d27c447085f9585e44ded444,0.146,,,
1664,2026-05-08,SH601088,-0.057927459478378296,EXP_XGBModel_Alpha158_csi300_custom_step0_s_20260508_14,c17da3e0d27c447085f9585e44ded444,0.146,,,
1665,2026-05-08,SH601077,-0.008148557506501675,EXP_XGBModel_Alpha158_csi300_custom_step0_s_20260508_14,c17da3e0d27c447085f9585e44ded444,0.146,,,
1666,2026-05-08,SH601136,-0.029856747016310692,EXP_XGBModel_Alpha158_csi300_custom_step0_s_20260508_14,c17da3e0d27c447085f9585e44ded444,0.146,,,
1667,2026-05-08,SH600050,-0.015592514537274837,EXP_XGBModel_Alpha158_csi300_custom_step0_s_20260508_14,c17da3e0d27c447085f9585e44ded444,0.146,,,
1668,2026-05-08,SH601238,-0.035054486244916916,EXP_XGBModel_Alpha158_csi300_custom_step0_s_20260508_14,c17da3e0d27c447085f9585e44ded444,0.146,,,
1669,2026-05-08,SH601298,-0.004506098106503487,EXP_XGBModel_Alpha158_csi300_custom_step0_s_20260508_14,c17da3e0d27c447085f9585e44ded444,0.146,,,
1670,2026-05-08,SH601628,-0.012005151249468327,EXP_XGBModel_Alpha158_csi300_custom_step0_s_20260508_14,c17da3e0d27c447085f9585e44ded444,0.146,,,
1671,2026-05-08,SH601618,-0.01831071265041828,EXP_XGBModel_Alpha158_csi300_custom_step0_s_20260508_14,c17da3e0d27c447085f9585e44ded444,0.146,,,
1672,2026-05-08,SH601607,-0.026840556412935257,EXP_XGBModel_Alpha158_csi300_custom_step0_s_20260508_14,c17da3e0d27c447085f9585e44ded444,0.146,,,
1673,2026-05-08,SH601601,-0.0864371731877327,EXP_XGBModel_Alpha158_csi300_custom_step0_s_20260508_14,c17da3e0d27c447085f9585e44ded444,0.146,,,
1674,2026-05-08,SH601600,0.008707745000720024,EXP_XGBModel_Alpha158_csi300_custom_step0_s_20260508_14,c17da3e0d27c447085f9585e44ded444,0.146,,,
1675,2026-05-08,SH601456,0.005481627769768238,EXP_XGBModel_Alpha158_csi300_custom_step0_s_20260508_14,c17da3e0d27c447085f9585e44ded444,0.146,,,
1676,2026-05-08,SH601288,0.0004980557132512331,EXP_XGBModel_Alpha158_csi300_custom_step0_s_20260508_14,c17da3e0d27c447085f9585e44ded444,0.146,,,
1677,2026-05-08,SH601398,-0.016864465549588203,EXP_XGBModel_Alpha158_csi300_custom_step0_s_20260508_14,c17da3e0d27c447085f9585e44ded444,0.146,,,
1678,2026-05-08,SH601377,-0.016050774604082108,EXP_XGBModel_Alpha158_csi300_custom_step0_s_20260508_14,c17da3e0d27c447085f9585e44ded444,0.146,,,
1679,2026-05-08,SH601360,0.09038009494543076,EXP_XGBModel_Alpha158_csi300_custom_step0_s_20260508_14,c17da3e0d27c447085f9585e44ded444,0.146,,,
1680,2026-05-08,SH601336,0.032531339675188065,EXP_XGBModel_Alpha158_csi300_custom_step0_s_20260508_14,c17da3e0d27c447085f9585e44ded444,0.146,,,
1681,2026-05-08,SH601328,-0.01729029044508934,EXP_XGBModel_Alpha158_csi300_custom_step0_s_20260508_14,c17da3e0d27c447085f9585e44ded444,0.146,,,
1682,2026-05-08,SH601319,-0.00835039746016264,EXP_XGBModel_Alpha158_csi300_custom_step0_s_20260508_14,c17da3e0d27c447085f9585e44ded444,0.146,,,
1683,2026-05-08,SH601318,-0.02502221241593361,EXP_XGBModel_Alpha158_csi300_custom_step0_s_20260508_14,c17da3e0d27c447085f9585e44ded444,0.146,,,
1684,2026-05-08,SH601390,-0.04429090768098831,EXP_XGBModel_Alpha158_csi300_custom_step0_s_20260508_14,c17da3e0d27c447085f9585e44ded444,0.146,,,
1685,2026-05-08,SH600346,-0.03583043813705444,EXP_XGBModel_Alpha158_csi300_custom_step0_s_20260508_14,fcd7ecc6780e4982a8a0d56eb176fa3d,0.038,,,
1686,2026-05-08,SH600309,-0.04197326675057411,EXP_XGBModel_Alpha158_csi300_custom_step0_s_20260508_14,fcd7ecc6780e4982a8a0d56eb176fa3d,0.038,,,
1687,2026-05-08,SH600276,-0.039932940155267715,EXP_XGBModel_Alpha158_csi300_custom_step0_s_20260508_14,fcd7ecc6780e4982a8a0d56eb176fa3d,0.038,,,
1688,2026-05-08,SZ002594,0.051767993718385696,EXP_LinearModel_Alpha158_csi300_custom_step0_s_20260508_14,c8099457a11047808090688fa77f2f20,0.073,,,
1689,2026-05-08,SZ002600,0.11312834918498993,EXP_LinearModel_Alpha158_csi300_custom_step0_s_20260508_14,c8099457a11047808090688fa77f2f20,0.073,,,
1690,2026-05-08,SZ002601,0.02651112712919712,EXP_LinearModel_Alpha158_csi300_custom_step0_s_20260508_14,c8099457a11047808090688fa77f2f20,0.073,,,
1691,2026-05-08,SZ002625,0.00897372979670763,EXP_LinearModel_Alpha158_csi300_custom_step0_s_20260508_14,c8099457a11047808090688fa77f2f20,0.073,,,
1692,2026-05-08,SZ002648,-0.04200875759124756,EXP_LinearModel_Alpha158_csi300_custom_step0_s_20260508_14,c8099457a11047808090688fa77f2f20,0.073,,,
1693,2026-05-08,SZ002709,0.018269017338752747,EXP_LinearModel_Alpha158_csi300_custom_step0_s_20260508_14,c8099457a11047808090688fa77f2f20,0.073,,,
1694,2026-05-08,SZ002714,-0.11361783742904663,EXP_LinearModel_Alpha158_csi300_custom_step0_s_20260508_14,c8099457a11047808090688fa77f2f20,0.073,,,
1695,2026-05-08,SZ002736,-0.06787515431642532,EXP_LinearModel_Alpha158_csi300_custom_step0_s_20260508_14,c8099457a11047808090688fa77f2f20,0.073,,,
1696,2026-05-08,SZ002916,0.3352871835231781,EXP_LinearModel_Alpha158_csi300_custom_step0_s_20260508_14,c8099457a11047808090688fa77f2f20,0.073,,,
1697,2026-05-08,SZ002920,-0.018283594399690628,EXP_LinearModel_Alpha158_csi300_custom_step0_s_20260508_14,c8099457a11047808090688fa77f2f20,0.073,,,
1698,2026-05-08,SZ002938,0.14525865018367767,EXP_LinearModel_Alpha158_csi300_custom_step0_s_20260508_14,c8099457a11047808090688fa77f2f20,0.073,,,
1699,2026-05-08,SZ003816,0.08253242820501328,EXP_LinearModel_Alpha158_csi300_custom_step0_s_20260508_14,c8099457a11047808090688fa77f2f20,0.073,,,
1700,2026-05-08,SZ300014,0.12046756595373154,EXP_LinearModel_Alpha158_csi300_custom_step0_s_20260508_14,c8099457a11047808090688fa77f2f20,0.073,,,
1701,2026-05-08,SZ300015,-0.01220431923866272,EXP_LinearModel_Alpha158_csi300_custom_step0_s_20260508_14,c8099457a11047808090688fa77f2f20,0.073,,,
1702,2026-05-08,SZ300033,0.2592865526676178,EXP_LinearModel_Alpha158_csi300_custom_step0_s_20260508_14,c8099457a11047808090688fa77f2f20,0.073,,,
1703,2026-05-08,SZ300059,0.025941206142306328,EXP_LinearModel_Alpha158_csi300_custom_step0_s_20260508_14,c8099457a11047808090688fa77f2f20,0.073,,,
1704,2026-05-08,SZ300122,0.027790704742074013,EXP_LinearModel_Alpha158_csi300_custom_step0_s_20260508_14,c8099457a11047808090688fa77f2f20,0.073,,,
1705,2026-05-08,SZ300498,-0.09223678708076477,EXP_LinearModel_Alpha158_csi300_custom_step0_s_20260508_14,c8099457a11047808090688fa77f2f20,0.073,,,
1706,2026-05-08,SZ300476,0.20754683017730713,EXP_LinearModel_Alpha158_csi300_custom_step0_s_20260508_14,c8099457a11047808090688fa77f2f20,0.073,,,
1707,2026-05-08,SZ300442,0.17820902168750763,EXP_LinearModel_Alpha158_csi300_custom_step0_s_20260508_14,c8099457a11047808090688fa77f2f20,0.073,,,
1708,2026-05-08,SZ300433,-0.011133570224046707,EXP_LinearModel_Alpha158_csi300_custom_step0_s_20260508_14,c8099457a11047808090688fa77f2f20,0.073,,,
1709,2026-05-08,SZ300418,0.01589639112353325,EXP_LinearModel_Alpha158_csi300_custom_step0_s_20260508_14,c8099457a11047808090688fa77f2f20,0.073,,,
1710,2026-05-08,SZ300413,0.1137319803237915,EXP_LinearModel_Alpha158_csi300_custom_step0_s_20260508_14,c8099457a11047808090688fa77f2f20,0.073,,,
1711,2026-05-08,SZ002493,0.01590360701084137,EXP_LinearModel_Alpha158_csi300_custom_step0_s_20260508_14,c8099457a11047808090688fa77f2f20,0.073,,,
1712,2026-05-08,SZ300408,0.2336386889219284,EXP_LinearModel_Alpha158_csi300_custom_step0_s_20260508_14,c8099457a11047808090688fa77f2f20,0.073,,,
1713,2026-05-08,SZ300347,-0.04064685106277466,EXP_LinearModel_Alpha158_csi300_custom_step0_s_20260508_14,c8099457a11047808090688fa77f2f20,0.073,,,
1714,2026-05-08,SZ300316,0.17629966139793396,EXP_LinearModel_Alpha158_csi300_custom_step0_s_20260508_14,c8099457a11047808090688fa77f2f20,0.073,,,
1715,2026-05-08,SZ300308,0.344592809677124,EXP_LinearModel_Alpha158_csi300_custom_step0_s_20260508_14,c8099457a11047808090688fa77f2f20,0.073,,,
1716,2026-05-08,SZ300274,0.11324042826890945,EXP_LinearModel_Alpha158_csi300_custom_step0_s_20260508_14,c8099457a11047808090688fa77f2f20,0.073,,,
1717,2026-05-08,SZ300251,0.3140344023704529,EXP_LinearModel_Alpha158_csi300_custom_step0_s_20260508_14,c8099457a11047808090688fa77f2f20,0.073,,,
1718,2026-05-08,SZ300124,0.03433622047305107,EXP_LinearModel_Alpha158_csi300_custom_step0_s_20260508_14,c8099457a11047808090688fa77f2f20,0.073,,,
1719,2026-05-08,SZ300394,0.04378119856119156,EXP_LinearModel_Alpha158_csi300_custom_step0_s_20260508_14,c8099457a11047808090688fa77f2f20,0.073,,,
1720,2026-05-08,SZ300502,0.2203226387500763,EXP_LinearModel_Alpha158_csi300_custom_step0_s_20260508_14,c8099457a11047808090688fa77f2f20,0.073,,,
1721,2026-05-08,SZ002475,0.20727956295013428,EXP_LinearModel_Alpha158_csi300_custom_step0_s_20260508_14,c8099457a11047808090688fa77f2f20,0.073,,,
1722,2026-05-08,SZ002463,0.2066291868686676,EXP_LinearModel_Alpha158_csi300_custom_step0_s_20260508_14,c8099457a11047808090688fa77f2f20,0.073,,,
1723,2026-05-08,SZ000895,0.000568067654967308,EXP_LinearModel_Alpha158_csi300_custom_step0_s_20260508_14,c8099457a11047808090688fa77f2f20,0.073,,,
1724,2026-05-08,SZ000938,0.06063450127840042,EXP_LinearModel_Alpha158_csi300_custom_step0_s_20260508_14,c8099457a11047808090688fa77f2f20,0.073,,,
1725,2026-05-08,SZ000963,-0.06214300915598869,EXP_LinearModel_Alpha158_csi300_custom_step0_s_20260508_14,c8099457a11047808090688fa77f2f20,0.073,,,
1726,2026-05-08,SZ000975,0.06516262888908386,EXP_LinearModel_Alpha158_csi300_custom_step0_s_20260508_14,c8099457a11047808090688fa77f2f20,0.073,,,
1727,2026-05-08,SZ000977,0.29999983310699463,EXP_LinearModel_Alpha158_csi300_custom_step0_s_20260508_14,c8099457a11047808090688fa77f2f20,0.073,,,
1728,2026-05-08,SZ000983,0.017366446554660797,EXP_LinearModel_Alpha158_csi300_custom_step0_s_20260508_14,c8099457a11047808090688fa77f2f20,0.073,,,
1729,2026-05-08,SZ000999,-0.16310955584049225,EXP_LinearModel_Alpha158_csi300_custom_step0_s_20260508_14,c8099457a11047808090688fa77f2f20,0.073,,,
1730,2026-05-08,SZ001391,-0.016902659088373184,EXP_LinearModel_Alpha158_csi300_custom_step0_s_20260508_14,c8099457a11047808090688fa77f2f20,0.073,,,
1731,2026-05-08,SZ001965,-0.03304952010512352,EXP_LinearModel_Alpha158_csi300_custom_step0_s_20260508_14,c8099457a11047808090688fa77f2f20,0.073,,,
1732,2026-05-08,SZ001979,-0.0902426615357399,EXP_LinearModel_Alpha158_csi300_custom_step0_s_20260508_14,c8099457a11047808090688fa77f2f20,0.073,,,
1733,2026-05-08,SZ002001,0.03912869840860367,EXP_LinearModel_Alpha158_csi300_custom_step0_s_20260508_14,c8099457a11047808090688fa77f2f20,0.073,,,
1734,2026-05-08,SZ002027,-0.09305413067340851,EXP_LinearModel_Alpha158_csi300_custom_step0_s_20260508_14,c8099457a11047808090688fa77f2f20,0.073,,,
1735,2026-05-08,SZ002028,-0.1691063940525055,EXP_LinearModel_Alpha158_csi300_custom_step0_s_20260508_14,c8099457a11047808090688fa77f2f20,0.073,,,
1736,2026-05-08,SZ002049,0.010637711733579636,EXP_LinearModel_Alpha158_csi300_custom_step0_s_20260508_14,c8099457a11047808090688fa77f2f20,0.073,,,
1737,2026-05-08,SZ002050,0.027257345616817474,EXP_LinearModel_Alpha158_csi300_custom_step0_s_20260508_14,c8099457a11047808090688fa77f2f20,0.073,,,
1738,2026-05-08,SZ002074,0.08928985893726349,EXP_LinearModel_Alpha158_csi300_custom_step0_s_20260508_14,c8099457a11047808090688fa77f2f20,0.073,,,
1739,2026-05-08,SZ002142,0.018839683383703232,EXP_LinearModel_Alpha158_csi300_custom_step0_s_20260508_14,c8099457a11047808090688fa77f2f20,0.073,,,
1740,2026-05-08,SZ002460,0.07473418861627579,EXP_LinearModel_Alpha158_csi300_custom_step0_s_20260508_14,c8099457a11047808090688fa77f2f20,0.073,,,
1741,2026-05-08,SZ002459,-0.01737995818257332,EXP_LinearModel_Alpha158_csi300_custom_step0_s_20260508_14,c8099457a11047808090688fa77f2f20,0.073,,,
1742,2026-05-08,SZ002422,-0.06838226318359375,EXP_LinearModel_Alpha158_csi300_custom_step0_s_20260508_14,c8099457a11047808090688fa77f2f20,0.073,,,
1743,2026-05-08,SZ002415,0.11968867480754852,EXP_LinearModel_Alpha158_csi300_custom_step0_s_20260508_14,c8099457a11047808090688fa77f2f20,0.073,,,
1744,2026-05-08,SZ002384,0.2858835756778717,EXP_LinearModel_Alpha158_csi300_custom_step0_s_20260508_14,c8099457a11047808090688fa77f2f20,0.073,,,
1745,2026-05-08,SZ002371,0.09349428862333298,EXP_LinearModel_Alpha158_csi300_custom_step0_s_20260508_14,c8099457a11047808090688fa77f2f20,0.073,,,
1746,2026-05-08,SZ002466,0.14395315945148468,EXP_LinearModel_Alpha158_csi300_custom_step0_s_20260508_14,c8099457a11047808090688fa77f2f20,0.073,,,
1747,2026-05-08,SZ002352,-0.023311490193009377,EXP_LinearModel_Alpha158_csi300_custom_step0_s_20260508_14,c8099457a11047808090688fa77f2f20,0.073,,,
1748,2026-05-08,SZ002304,-0.04261316359043121,EXP_LinearModel_Alpha158_csi300_custom_step0_s_20260508_14,c8099457a11047808090688fa77f2f20,0.073,,,
1749,2026-05-08,SZ002252,0.0017462861724197865,EXP_LinearModel_Alpha158_csi300_custom_step0_s_20260508_14,c8099457a11047808090688fa77f2f20,0.073,,,
1750,2026-05-08,SZ002241,0.1514582335948944,EXP_LinearModel_Alpha158_csi300_custom_step0_s_20260508_14,c8099457a11047808090688fa77f2f20,0.073,,,
1751,2026-05-08,SZ002236,0.06804557889699936,EXP_LinearModel_Alpha158_csi300_custom_step0_s_20260508_14,c8099457a11047808090688fa77f2f20,0.073,,,
1752,2026-05-08,SZ002230,0.07377085834741592,EXP_LinearModel_Alpha158_csi300_custom_step0_s_20260508_14,c8099457a11047808090688fa77f2f20,0.073,,,
1753,2026-05-08,SZ002179,0.16210906207561493,EXP_LinearModel_Alpha158_csi300_custom_step0_s_20260508_14,c8099457a11047808090688fa77f2f20,0.073,,,
1754,2026-05-08,SZ002311,-0.1050957515835762,EXP_LinearModel_Alpha158_csi300_custom_step0_s_20260508_14,c8099457a11047808090688fa77f2f20,0.073,,,
1755,2026-05-08,SZ000876,0.04276295751333237,EXP_LinearModel_Alpha158_csi300_custom_step0_s_20260508_14,c8099457a11047808090688fa77f2f20,0.073,,,
1756,2026-05-08,SZ300628,0.05713040381669998,EXP_LinearModel_Alpha158_csi300_custom_step0_s_20260508_14,c8099457a11047808090688fa77f2f20,0.073,,,
1757,2026-05-08,SZ300750,0.06862779706716537,EXP_LinearModel_Alpha158_csi300_custom_step0_s_20260508_14,c8099457a11047808090688fa77f2f20,0.073,,,
1758,2026-05-08,SH600089,0.0018054475076496601,EXP_XGBModel_Alpha158_csi300_custom_step0_s_20260508_14,938da2c273224dcdac0b0600a704ba61,0.05,,,
1759,2026-05-08,SH600104,0.023517413064837456,EXP_XGBModel_Alpha158_csi300_custom_step0_s_20260508_14,938da2c273224dcdac0b0600a704ba61,0.05,,,
1760,2026-05-08,SH600111,-0.05326300486922264,EXP_XGBModel_Alpha158_csi300_custom_step0_s_20260508_14,938da2c273224dcdac0b0600a704ba61,0.05,,,
1761,2026-05-08,SH600115,-0.06081125885248184,EXP_XGBModel_Alpha158_csi300_custom_step0_s_20260508_14,938da2c273224dcdac0b0600a704ba61,0.05,,,
1762,2026-05-08,SH600150,-0.1231536790728569,EXP_XGBModel_Alpha158_csi300_custom_step0_s_20260508_14,938da2c273224dcdac0b0600a704ba61,0.05,,,
1763,2026-05-08,SH600160,-0.016862209886312485,EXP_XGBModel_Alpha158_csi300_custom_step0_s_20260508_14,938da2c273224dcdac0b0600a704ba61,0.05,,,
1764,2026-05-08,SH600161,-0.013923820108175278,EXP_XGBModel_Alpha158_csi300_custom_step0_s_20260508_14,938da2c273224dcdac0b0600a704ba61,0.05,,,
1765,2026-05-08,SH600176,-0.6059024333953857,EXP_XGBModel_Alpha158_csi300_custom_step0_s_20260508_14,938da2c273224dcdac0b0600a704ba61,0.05,,,
1766,2026-05-08,SH600183,0.005875150673091412,EXP_XGBModel_Alpha158_csi300_custom_step0_s_20260508_14,938da2c273224dcdac0b0600a704ba61,0.05,,,
1767,2026-05-08,SH600188,-0.021644435822963715,EXP_XGBModel_Alpha158_csi300_custom_step0_s_20260508_14,938da2c273224dcdac0b0600a704ba61,0.05,,,
1768,2026-05-08,SH600196,0.009150724858045578,EXP_XGBModel_Alpha158_csi300_custom_step0_s_20260508_14,938da2c273224dcdac0b0600a704ba61,0.05,,,
1769,2026-05-08,SH600219,-0.001433111960068345,EXP_XGBModel_Alpha158_csi300_custom_step0_s_20260508_14,938da2c273224dcdac0b0600a704ba61,0.05,,,
1770,2026-05-08,SH600233,-0.013115674257278442,EXP_XGBModel_Alpha158_csi300_custom_step0_s_20260508_14,938da2c273224dcdac0b0600a704ba61,0.05,,,
1771,2026-05-08,SH600276,-0.008403404615819454,EXP_XGBModel_Alpha158_csi300_custom_step0_s_20260508_14,938da2c273224dcdac0b0600a704ba61,0.05,,,
1772,2026-05-08,SH600309,-0.03952417150139809,EXP_XGBModel_Alpha158_csi300_custom_step0_s_20260508_14,938da2c273224dcdac0b0600a704ba61,0.05,,,
1773,2026-05-08,SH600346,-0.012194076552987099,EXP_XGBModel_Alpha158_csi300_custom_step0_s_20260508_14,938da2c273224dcdac0b0600a704ba61,0.05,,,
1774,2026-05-08,SH600362,-0.03442995622754097,EXP_XGBModel_Alpha158_csi300_custom_step0_s_20260508_14,938da2c273224dcdac0b0600a704ba61,0.05,,,
1775,2026-05-08,SH600547,-0.06616785377264023,EXP_XGBModel_Alpha158_csi300_custom_step0_s_20260508_14,938da2c273224dcdac0b0600a704ba61,0.05,,,
1776,2026-05-08,SH600522,-0.4217051565647125,EXP_XGBModel_Alpha158_csi300_custom_step0_s_20260508_14,938da2c273224dcdac0b0600a704ba61,0.05,,,
1777,2026-05-08,SH600519,-0.001552971312776208,EXP_XGBModel_Alpha158_csi300_custom_step0_s_20260508_14,938da2c273224dcdac0b0600a704ba61,0.05,,,
1778,2026-05-08,SH600515,-0.029478708282113075,EXP_XGBModel_Alpha158_csi300_custom_step0_s_20260508_14,938da2c273224dcdac0b0600a704ba61,0.05,,,
1779,2026-05-08,SH600489,-0.07967566698789597,EXP_XGBModel_Alpha158_csi300_custom_step0_s_20260508_14,938da2c273224dcdac0b0600a704ba61,0.05,,,
1780,2026-05-08,SH600482,-0.13934892416000366,EXP_XGBModel_Alpha158_csi300_custom_step0_s_20260508_14,938da2c273224dcdac0b0600a704ba61,0.05,,,
1781,2026-05-08,SH600085,0.05239267274737358,EXP_XGBModel_Alpha158_csi300_custom_step0_s_20260508_14,938da2c273224dcdac0b0600a704ba61,0.05,,,
1782,2026-05-08,SH600460,-0.018028346821665764,EXP_XGBModel_Alpha158_csi300_custom_step0_s_20260508_14,938da2c273224dcdac0b0600a704ba61,0.05,,,
1783,2026-05-08,SH600436,0.04556016996502876,EXP_XGBModel_Alpha158_csi300_custom_step0_s_20260508_14,938da2c273224dcdac0b0600a704ba61,0.05,,,
1784,2026-05-08,SH600426,-0.02151561714708805,EXP_XGBModel_Alpha158_csi300_custom_step0_s_20260508_14,938da2c273224dcdac0b0600a704ba61,0.05,,,
1785,2026-05-08,SH600415,-0.035598140209913254,EXP_XGBModel_Alpha158_csi300_custom_step0_s_20260508_14,938da2c273224dcdac0b0600a704ba61,0.05,,,
1786,2026-05-08,SH600406,0.045355174690485,EXP_XGBModel_Alpha158_csi300_custom_step0_s_20260508_14,938da2c273224dcdac0b0600a704ba61,0.05,,,
1787,2026-05-08,SH600377,0.08158095926046371,EXP_XGBModel_Alpha158_csi300_custom_step0_s_20260508_14,938da2c273224dcdac0b0600a704ba61,0.05,,,
1788,2026-05-08,SH600372,-0.040055204182863235,EXP_XGBModel_Alpha158_csi300_custom_step0_s_20260508_14,938da2c273224dcdac0b0600a704ba61,0.05,,,
1789,2026-05-08,SH600438,-0.03974578157067299,EXP_XGBModel_Alpha158_csi300_custom_step0_s_20260508_14,938da2c273224dcdac0b0600a704ba61,0.05,,,
1790,2026-05-08,SZ300661,0.1387261599302292,EXP_LinearModel_Alpha158_csi300_custom_step0_s_20260508_14,c8099457a11047808090688fa77f2f20,0.073,,,
1791,2026-05-08,SH600066,0.024484317749738693,EXP_XGBModel_Alpha158_csi300_custom_step0_s_20260508_14,938da2c273224dcdac0b0600a704ba61,0.05,,,
1792,2026-05-08,SH600050,0.030009735375642776,EXP_XGBModel_Alpha158_csi300_custom_step0_s_20260508_14,938da2c273224dcdac0b0600a704ba61,0.05,,,
1793,2026-05-08,SZ300759,-0.029573507606983185,EXP_LinearModel_Alpha158_csi300_custom_step0_s_20260508_14,c8099457a11047808090688fa77f2f20,0.073,,,
1794,2026-05-08,SZ300760,-0.006537065375596285,EXP_LinearModel_Alpha158_csi300_custom_step0_s_20260508_14,c8099457a11047808090688fa77f2f20,0.073,,,
1795,2026-05-08,SZ300782,0.2801733911037445,EXP_LinearModel_Alpha158_csi300_custom_step0_s_20260508_14,c8099457a11047808090688fa77f2f20,0.073,,,
1796,2026-05-08,SZ300803,0.06057767570018768,EXP_LinearModel_Alpha158_csi300_custom_step0_s_20260508_14,c8099457a11047808090688fa77f2f20,0.073,,,
1797,2026-05-08,SZ300832,-0.07899931818246841,EXP_LinearModel_Alpha158_csi300_custom_step0_s_20260508_14,c8099457a11047808090688fa77f2f20,0.073,,,
1798,2026-05-08,SZ300866,0.11645752936601639,EXP_LinearModel_Alpha158_csi300_custom_step0_s_20260508_14,c8099457a11047808090688fa77f2f20,0.073,,,
1799,2026-05-08,SZ300896,-0.030797187238931656,EXP_LinearModel_Alpha158_csi300_custom_step0_s_20260508_14,c8099457a11047808090688fa77f2f20,0.073,,,
1800,2026-05-08,SZ300979,0.0970243439078331,EXP_LinearModel_Alpha158_csi300_custom_step0_s_20260508_14,c8099457a11047808090688fa77f2f20,0.073,,,
1801,2026-05-08,SZ300999,0.04591120034456253,EXP_LinearModel_Alpha158_csi300_custom_step0_s_20260508_14,c8099457a11047808090688fa77f2f20,0.073,,,
1802,2026-05-08,SZ301236,-0.01972086727619171,EXP_LinearModel_Alpha158_csi300_custom_step0_s_20260508_14,c8099457a11047808090688fa77f2f20,0.073,,,
1803,2026-05-08,SZ301269,0.0654865950345993,EXP_LinearModel_Alpha158_csi300_custom_step0_s_20260508_14,c8099457a11047808090688fa77f2f20,0.073,,,
1804,2026-05-08,SZ302132,-0.05293748155236244,EXP_LinearModel_Alpha158_csi300_custom_step0_s_20260508_14,c8099457a11047808090688fa77f2f20,0.073,,,
1805,2026-05-08,SH600000,-0.014564569108188152,EXP_XGBModel_Alpha158_csi300_custom_step0_s_20260508_14,938da2c273224dcdac0b0600a704ba61,0.05,,,
1806,2026-05-08,SH600009,0.0161789171397686,EXP_XGBModel_Alpha158_csi300_custom_step0_s_20260508_14,938da2c273224dcdac0b0600a704ba61,0.05,,,
1807,2026-05-08,SH600010,-0.018466761335730553,EXP_XGBModel_Alpha158_csi300_custom_step0_s_20260508_14,938da2c273224dcdac0b0600a704ba61,0.05,,,
1808,2026-05-08,SH600011,0.13918891549110413,EXP_XGBModel_Alpha158_csi300_custom_step0_s_20260508_14,938da2c273224dcdac0b0600a704ba61,0.05,,,
1809,2026-05-08,SH600015,-0.0010469607077538967,EXP_XGBModel_Alpha158_csi300_custom_step0_s_20260508_14,938da2c273224dcdac0b0600a704ba61,0.05,,,
1810,2026-05-08,SH600048,-0.025867048650979996,EXP_XGBModel_Alpha158_csi300_custom_step0_s_20260508_14,938da2c273224dcdac0b0600a704ba61,0.05,,,
1811,2026-05-08,SH600039,-0.03652166947722435,EXP_XGBModel_Alpha158_csi300_custom_step0_s_20260508_14,938da2c273224dcdac0b0600a704ba61,0.05,,,
1812,2026-05-08,SH600036,0.03210202232003212,EXP_XGBModel_Alpha158_csi300_custom_step0_s_20260508_14,938da2c273224dcdac0b0600a704ba61,0.05,,,
1813,2026-05-08,SH600031,-0.03456202894449234,EXP_XGBModel_Alpha158_csi300_custom_step0_s_20260508_14,938da2c273224dcdac0b0600a704ba61,0.05,,,
1814,2026-05-08,SH600030,-0.009884952567517757,EXP_XGBModel_Alpha158_csi300_custom_step0_s_20260508_14,938da2c273224dcdac0b0600a704ba61,0.05,,,
1815,2026-05-08,SH600029,-0.02335454151034355,EXP_XGBModel_Alpha158_csi300_custom_step0_s_20260508_14,938da2c273224dcdac0b0600a704ba61,0.05,,,
1816,2026-05-08,SH600061,0.0291597880423069,EXP_XGBModel_Alpha158_csi300_custom_step0_s_20260508_14,938da2c273224dcdac0b0600a704ba61,0.05,,,
1817,2026-05-08,SH600028,-0.003974508494138718,EXP_XGBModel_Alpha158_csi300_custom_step0_s_20260508_14,938da2c273224dcdac0b0600a704ba61,0.05,,,
1818,2026-05-08,SH600026,-0.030976129695773125,EXP_XGBModel_Alpha158_csi300_custom_step0_s_20260508_14,938da2c273224dcdac0b0600a704ba61,0.05,,,
1819,2026-05-08,SH600025,0.04626870155334473,EXP_XGBModel_Alpha158_csi300_custom_step0_s_20260508_14,938da2c273224dcdac0b0600a704ba61,0.05,,,
1820,2026-05-08,SH600023,0.056377511471509933,EXP_XGBModel_Alpha158_csi300_custom_step0_s_20260508_14,938da2c273224dcdac0b0600a704ba61,0.05,,,
1821,2026-05-08,SH600019,0.04245736077427864,EXP_XGBModel_Alpha158_csi300_custom_step0_s_20260508_14,938da2c273224dcdac0b0600a704ba61,0.05,,,
1822,2026-05-08,SH600018,0.06893462687730789,EXP_XGBModel_Alpha158_csi300_custom_step0_s_20260508_14,938da2c273224dcdac0b0600a704ba61,0.05,,,
1823,2026-05-08,SH600016,0.036224331706762314,EXP_XGBModel_Alpha158_csi300_custom_step0_s_20260508_14,938da2c273224dcdac0b0600a704ba61,0.05,,,
1824,2026-05-08,SH600027,0.025532158091664314,EXP_XGBModel_Alpha158_csi300_custom_step0_s_20260508_14,938da2c273224dcdac0b0600a704ba61,0.05,,,
1825,2026-05-08,SZ000858,-0.09024827927350998,EXP_LinearModel_Alpha158_csi300_custom_step0_s_20260508_14,c8099457a11047808090688fa77f2f20,0.073,,,
1826,2026-05-08,SZ000807,0.023401720449328423,EXP_LinearModel_Alpha158_csi300_custom_step0_s_20260508_14,c8099457a11047808090688fa77f2f20,0.073,,,
1827,2026-05-08,SZ000792,-0.019060418009757996,EXP_LinearModel_Alpha158_csi300_custom_step0_s_20260508_14,c8099457a11047808090688fa77f2f20,0.073,,,
1828,2026-05-08,SH601336,0.09804398566484451,EXP_LinearModel_Alpha158_csi300_custom_step0_s_20260508_14,c8099457a11047808090688fa77f2f20,0.073,,,
1829,2026-05-08,SH601360,-0.10207425057888031,EXP_LinearModel_Alpha158_csi300_custom_step0_s_20260508_14,c8099457a11047808090688fa77f2f20,0.073,,,
1830,2026-05-08,SH601377,0.02541014552116394,EXP_LinearModel_Alpha158_csi300_custom_step0_s_20260508_14,c8099457a11047808090688fa77f2f20,0.073,,,
1831,2026-05-08,SH601390,-0.11488382518291473,EXP_LinearModel_Alpha158_csi300_custom_step0_s_20260508_14,c8099457a11047808090688fa77f2f20,0.073,,,
1832,2026-05-08,SH601398,0.03561580181121826,EXP_LinearModel_Alpha158_csi300_custom_step0_s_20260508_14,c8099457a11047808090688fa77f2f20,0.073,,,
1833,2026-05-08,SH601456,0.03319830074906349,EXP_LinearModel_Alpha158_csi300_custom_step0_s_20260508_14,c8099457a11047808090688fa77f2f20,0.073,,,
1834,2026-05-08,SH601600,-0.053675577044487,EXP_LinearModel_Alpha158_csi300_custom_step0_s_20260508_14,c8099457a11047808090688fa77f2f20,0.073,,,
1835,2026-05-08,SH601601,-0.0383470356464386,EXP_LinearModel_Alpha158_csi300_custom_step0_s_20260508_14,c8099457a11047808090688fa77f2f20,0.073,,,
1836,2026-05-08,SH601607,-0.05755576491355896,EXP_LinearModel_Alpha158_csi300_custom_step0_s_20260508_14,c8099457a11047808090688fa77f2f20,0.073,,,
1837,2026-05-08,SH601618,-0.06213599070906639,EXP_LinearModel_Alpha158_csi300_custom_step0_s_20260508_14,c8099457a11047808090688fa77f2f20,0.073,,,
1838,2026-05-08,SH601628,0.03975232318043709,EXP_LinearModel_Alpha158_csi300_custom_step0_s_20260508_14,c8099457a11047808090688fa77f2f20,0.073,,,
1839,2026-05-08,SH601633,-0.08134053647518158,EXP_LinearModel_Alpha158_csi300_custom_step0_s_20260508_14,c8099457a11047808090688fa77f2f20,0.073,,,
1840,2026-05-08,SH601658,0.036346226930618286,EXP_LinearModel_Alpha158_csi300_custom_step0_s_20260508_14,c8099457a11047808090688fa77f2f20,0.073,,,
1841,2026-05-08,SH601668,0.05448698252439499,EXP_LinearModel_Alpha158_csi300_custom_step0_s_20260508_14,c8099457a11047808090688fa77f2f20,0.073,,,
1842,2026-05-08,SH601669,-0.031729403883218765,EXP_LinearModel_Alpha158_csi300_custom_step0_s_20260508_14,c8099457a11047808090688fa77f2f20,0.073,,,
1843,2026-05-08,SH601688,0.013102943077683449,EXP_LinearModel_Alpha158_csi300_custom_step0_s_20260508_14,c8099457a11047808090688fa77f2f20,0.073,,,
1844,2026-05-08,SH601689,0.0762697160243988,EXP_LinearModel_Alpha158_csi300_custom_step0_s_20260508_14,c8099457a11047808090688fa77f2f20,0.073,,,
1845,2026-05-08,SH601877,-0.021858997642993927,EXP_LinearModel_Alpha158_csi300_custom_step0_s_20260508_14,c8099457a11047808090688fa77f2f20,0.073,,,
1846,2026-05-08,SH601872,0.11749479919672012,EXP_LinearModel_Alpha158_csi300_custom_step0_s_20260508_14,c8099457a11047808090688fa77f2f20,0.073,,,
1847,2026-05-08,SH601868,-0.03126572072505951,EXP_LinearModel_Alpha158_csi300_custom_step0_s_20260508_14,c8099457a11047808090688fa77f2f20,0.073,,,
1848,2026-05-08,SH601857,-0.04047712683677673,EXP_LinearModel_Alpha158_csi300_custom_step0_s_20260508_14,c8099457a11047808090688fa77f2f20,0.073,,,
1849,2026-05-08,SH601838,0.02191411703824997,EXP_LinearModel_Alpha158_csi300_custom_step0_s_20260508_14,c8099457a11047808090688fa77f2f20,0.073,,,
1850,2026-05-08,SH601825,-0.048628248274326324,EXP_LinearModel_Alpha158_csi300_custom_step0_s_20260508_14,c8099457a11047808090688fa77f2f20,0.073,,,
1851,2026-05-08,SH601328,-0.1327921599149704,EXP_LinearModel_Alpha158_csi300_custom_step0_s_20260508_14,c8099457a11047808090688fa77f2f20,0.073,,,
1852,2026-05-08,SH601818,0.006070025265216827,EXP_LinearModel_Alpha158_csi300_custom_step0_s_20260508_14,c8099457a11047808090688fa77f2f20,0.073,,,
1853,2026-05-08,SH601808,-0.017449188977479935,EXP_LinearModel_Alpha158_csi300_custom_step0_s_20260508_14,c8099457a11047808090688fa77f2f20,0.073,,,
1854,2026-05-08,SH601800,-0.166222482919693,EXP_LinearModel_Alpha158_csi300_custom_step0_s_20260508_14,c8099457a11047808090688fa77f2f20,0.073,,,
1855,2026-05-08,SH601788,-0.1048479750752449,EXP_LinearModel_Alpha158_csi300_custom_step0_s_20260508_14,c8099457a11047808090688fa77f2f20,0.073,,,
1856,2026-05-08,SH601766,-0.06854969263076782,EXP_LinearModel_Alpha158_csi300_custom_step0_s_20260508_14,c8099457a11047808090688fa77f2f20,0.073,,,
1857,2026-05-08,SH601728,0.13152898848056793,EXP_LinearModel_Alpha158_csi300_custom_step0_s_20260508_14,c8099457a11047808090688fa77f2f20,0.073,,,
1858,2026-05-08,SH601698,0.16668401658535004,EXP_LinearModel_Alpha158_csi300_custom_step0_s_20260508_14,c8099457a11047808090688fa77f2f20,0.073,,,
1859,2026-05-08,SH601816,-0.009019490331411362,EXP_LinearModel_Alpha158_csi300_custom_step0_s_20260508_14,c8099457a11047808090688fa77f2f20,0.073,,,
1860,2026-05-08,SH601878,-0.031339000910520554,EXP_LinearModel_Alpha158_csi300_custom_step0_s_20260508_14,c8099457a11047808090688fa77f2f20,0.073,,,
1861,2026-05-08,SH601319,-0.03312528505921364,EXP_LinearModel_Alpha158_csi300_custom_step0_s_20260508_14,c8099457a11047808090688fa77f2f20,0.073,,,
1862,2026-05-08,SH601298,0.005570683628320694,EXP_LinearModel_Alpha158_csi300_custom_step0_s_20260508_14,c8099457a11047808090688fa77f2f20,0.073,,,
1863,2026-05-08,SH600930,-0.07468190789222717,EXP_LinearModel_Alpha158_csi300_custom_step0_s_20260508_14,c8099457a11047808090688fa77f2f20,0.073,,,
1864,2026-05-08,SH600938,-0.07986104488372803,EXP_LinearModel_Alpha158_csi300_custom_step0_s_20260508_14,c8099457a11047808090688fa77f2f20,0.073,,,
1865,2026-05-08,SH600941,0.160869300365448,EXP_LinearModel_Alpha158_csi300_custom_step0_s_20260508_14,c8099457a11047808090688fa77f2f20,0.073,,,
1866,2026-05-08,SH600958,,EXP_LinearModel_Alpha158_csi300_custom_step0_s_20260508_14,c8099457a11047808090688fa77f2f20,0.073,,,
1867,2026-05-08,SH600989,0.045365963131189346,EXP_LinearModel_Alpha158_csi300_custom_step0_s_20260508_14,c8099457a11047808090688fa77f2f20,0.073,,,
1868,2026-05-08,SH600999,-0.03724616765975952,EXP_LinearModel_Alpha158_csi300_custom_step0_s_20260508_14,c8099457a11047808090688fa77f2f20,0.073,,,
1869,2026-05-08,SH601006,-0.02974335104227066,EXP_LinearModel_Alpha158_csi300_custom_step0_s_20260508_14,c8099457a11047808090688fa77f2f20,0.073,,,
1870,2026-05-08,SH601009,-0.023497868329286575,EXP_LinearModel_Alpha158_csi300_custom_step0_s_20260508_14,c8099457a11047808090688fa77f2f20,0.073,,,
1871,2026-05-08,SH601012,-0.0036070868372917175,EXP_LinearModel_Alpha158_csi300_custom_step0_s_20260508_14,c8099457a11047808090688fa77f2f20,0.073,,,
1872,2026-05-08,SH601018,0.028445033356547356,EXP_LinearModel_Alpha158_csi300_custom_step0_s_20260508_14,c8099457a11047808090688fa77f2f20,0.073,,,
1873,2026-05-08,SH601021,0.04882325977087021,EXP_LinearModel_Alpha158_csi300_custom_step0_s_20260508_14,c8099457a11047808090688fa77f2f20,0.073,,,
1874,2026-05-08,SH601058,-0.005882553290575743,EXP_LinearModel_Alpha158_csi300_custom_step0_s_20260508_14,c8099457a11047808090688fa77f2f20,0.073,,,
1875,2026-05-08,SH601059,-0.024276847019791603,EXP_LinearModel_Alpha158_csi300_custom_step0_s_20260508_14,c8099457a11047808090688fa77f2f20,0.073,,,
1876,2026-05-08,SH601066,-0.00508191529661417,EXP_LinearModel_Alpha158_csi300_custom_step0_s_20260508_14,c8099457a11047808090688fa77f2f20,0.073,,,
1877,2026-05-08,SH601077,-0.13180339336395264,EXP_LinearModel_Alpha158_csi300_custom_step0_s_20260508_14,c8099457a11047808090688fa77f2f20,0.073,,,
1878,2026-05-08,SH601088,0.037838924676179886,EXP_LinearModel_Alpha158_csi300_custom_step0_s_20260508_14,c8099457a11047808090688fa77f2f20,0.073,,,
1879,2026-05-08,SH601100,0.039130330085754395,EXP_LinearModel_Alpha158_csi300_custom_step0_s_20260508_14,c8099457a11047808090688fa77f2f20,0.073,,,
1880,2026-05-08,SH601288,-0.019189346581697464,EXP_LinearModel_Alpha158_csi300_custom_step0_s_20260508_14,c8099457a11047808090688fa77f2f20,0.073,,,
1881,2026-05-08,SH601238,0.0052463822066783905,EXP_LinearModel_Alpha158_csi300_custom_step0_s_20260508_14,c8099457a11047808090688fa77f2f20,0.073,,,
1882,2026-05-08,SH601236,-0.03464137762784958,EXP_LinearModel_Alpha158_csi300_custom_step0_s_20260508_14,c8099457a11047808090688fa77f2f20,0.073,,,
1883,2026-05-08,SH601229,-0.08572909235954285,EXP_LinearModel_Alpha158_csi300_custom_step0_s_20260508_14,c8099457a11047808090688fa77f2f20,0.073,,,
1884,2026-05-08,SH601225,0.05095019191503525,EXP_LinearModel_Alpha158_csi300_custom_step0_s_20260508_14,c8099457a11047808090688fa77f2f20,0.073,,,
1885,2026-05-08,SH601211,-0.04920094460248947,EXP_LinearModel_Alpha158_csi300_custom_step0_s_20260508_14,c8099457a11047808090688fa77f2f20,0.073,,,
1886,2026-05-08,SH601318,0.08095978945493698,EXP_LinearModel_Alpha158_csi300_custom_step0_s_20260508_14,c8099457a11047808090688fa77f2f20,0.073,,,
1887,2026-05-08,SH601186,-0.06796581298112869,EXP_LinearModel_Alpha158_csi300_custom_step0_s_20260508_14,c8099457a11047808090688fa77f2f20,0.073,,,
1888,2026-05-08,SH601166,-0.0690748393535614,EXP_LinearModel_Alpha158_csi300_custom_step0_s_20260508_14,c8099457a11047808090688fa77f2f20,0.073,,,
1889,2026-05-08,SH601138,0.15093977749347687,EXP_LinearModel_Alpha158_csi300_custom_step0_s_20260508_14,c8099457a11047808090688fa77f2f20,0.073,,,
1890,2026-05-08,SH601136,-0.035956744104623795,EXP_LinearModel_Alpha158_csi300_custom_step0_s_20260508_14,c8099457a11047808090688fa77f2f20,0.073,,,
1891,2026-05-08,SH601127,-0.06044914573431015,EXP_LinearModel_Alpha158_csi300_custom_step0_s_20260508_14,c8099457a11047808090688fa77f2f20,0.073,,,
1892,2026-05-08,SH601117,-0.056199975311756134,EXP_LinearModel_Alpha158_csi300_custom_step0_s_20260508_14,c8099457a11047808090688fa77f2f20,0.073,,,
1893,2026-05-08,SH601111,0.14689096808433533,EXP_LinearModel_Alpha158_csi300_custom_step0_s_20260508_14,c8099457a11047808090688fa77f2f20,0.073,,,
1894,2026-05-08,SH601169,-0.0643610954284668,EXP_LinearModel_Alpha158_csi300_custom_step0_s_20260508_14,c8099457a11047808090688fa77f2f20,0.073,,,
1895,2026-05-08,SH601881,-0.03688601031899452,EXP_LinearModel_Alpha158_csi300_custom_step0_s_20260508_14,c8099457a11047808090688fa77f2f20,0.073,,,
1896,2026-05-08,SH601888,-0.017761528491973877,EXP_LinearModel_Alpha158_csi300_custom_step0_s_20260508_14,c8099457a11047808090688fa77f2f20,0.073,,,
1897,2026-05-08,SH601898,-0.03040717914700508,EXP_LinearModel_Alpha158_csi300_custom_step0_s_20260508_14,c8099457a11047808090688fa77f2f20,0.073,,,
1898,2026-05-08,SH688256,0.033612050116062164,EXP_LinearModel_Alpha158_csi300_custom_step0_s_20260508_14,c8099457a11047808090688fa77f2f20,0.073,,,
1899,2026-05-08,SH688271,0.023729771375656128,EXP_LinearModel_Alpha158_csi300_custom_step0_s_20260508_14,c8099457a11047808090688fa77f2f20,0.073,,,
1900,2026-05-08,SH688303,0.035624295473098755,EXP_LinearModel_Alpha158_csi300_custom_step0_s_20260508_14,c8099457a11047808090688fa77f2f20,0.073,,,
1901,2026-05-08,SH688396,0.3323596119880676,EXP_LinearModel_Alpha158_csi300_custom_step0_s_20260508_14,c8099457a11047808090688fa77f2f20,0.073,,,
1902,2026-05-08,SH688472,0.17855988442897797,EXP_LinearModel_Alpha158_csi300_custom_step0_s_20260508_14,c8099457a11047808090688fa77f2f20,0.073,,,
1903,2026-05-08,SH688506,-0.02655142731964588,EXP_LinearModel_Alpha158_csi300_custom_step0_s_20260508_14,c8099457a11047808090688fa77f2f20,0.073,,,
1904,2026-05-08,SH688981,0.14790017902851105,EXP_LinearModel_Alpha158_csi300_custom_step0_s_20260508_14,c8099457a11047808090688fa77f2f20,0.073,,,
1905,2026-05-08,SZ000001,-0.0015750476159155369,EXP_LinearModel_Alpha158_csi300_custom_step0_s_20260508_14,c8099457a11047808090688fa77f2f20,0.073,,,
1906,2026-05-08,SZ000002,0.001231534406542778,EXP_LinearModel_Alpha158_csi300_custom_step0_s_20260508_14,c8099457a11047808090688fa77f2f20,0.073,,,
1907,2026-05-08,SZ000063,0.09311617910861969,EXP_LinearModel_Alpha158_csi300_custom_step0_s_20260508_14,c8099457a11047808090688fa77f2f20,0.073,,,
1908,2026-05-08,SZ000100,0.014543084427714348,EXP_LinearModel_Alpha158_csi300_custom_step0_s_20260508_14,c8099457a11047808090688fa77f2f20,0.073,,,
1909,2026-05-08,SZ000157,-0.06844842433929443,EXP_LinearModel_Alpha158_csi300_custom_step0_s_20260508_14,c8099457a11047808090688fa77f2f20,0.073,,,
1910,2026-05-08,SZ000166,-0.05558129400014877,EXP_LinearModel_Alpha158_csi300_custom_step0_s_20260508_14,c8099457a11047808090688fa77f2f20,0.073,,,
1911,2026-05-08,SZ000301,0.16299676895141602,EXP_LinearModel_Alpha158_csi300_custom_step0_s_20260508_14,c8099457a11047808090688fa77f2f20,0.073,,,
1912,2026-05-08,SZ000333,0.13303402066230774,EXP_LinearModel_Alpha158_csi300_custom_step0_s_20260508_14,c8099457a11047808090688fa77f2f20,0.073,,,
1913,2026-05-08,SZ000338,-0.08430612087249756,EXP_LinearModel_Alpha158_csi300_custom_step0_s_20260508_14,c8099457a11047808090688fa77f2f20,0.073,,,
1914,2026-05-08,SZ000408,0.05349128320813179,EXP_LinearModel_Alpha158_csi300_custom_step0_s_20260508_14,c8099457a11047808090688fa77f2f20,0.073,,,
1915,2026-05-08,SZ000786,-0.04986754059791565,EXP_LinearModel_Alpha158_csi300_custom_step0_s_20260508_14,c8099457a11047808090688fa77f2f20,0.073,,,
1916,2026-05-08,SZ000776,0.07940702885389328,EXP_LinearModel_Alpha158_csi300_custom_step0_s_20260508_14,c8099457a11047808090688fa77f2f20,0.073,,,
1917,2026-05-08,SZ000768,-0.0004077982157468796,EXP_LinearModel_Alpha158_csi300_custom_step0_s_20260508_14,c8099457a11047808090688fa77f2f20,0.073,,,
1918,2026-05-08,SZ000725,0.11595233529806137,EXP_LinearModel_Alpha158_csi300_custom_step0_s_20260508_14,c8099457a11047808090688fa77f2f20,0.073,,,
1919,2026-05-08,SZ000708,-0.031668685376644135,EXP_LinearModel_Alpha158_csi300_custom_step0_s_20260508_14,c8099457a11047808090688fa77f2f20,0.073,,,
1920,2026-05-08,SZ000661,-0.020222662016749382,EXP_LinearModel_Alpha158_csi300_custom_step0_s_20260508_14,c8099457a11047808090688fa77f2f20,0.073,,,
1921,2026-05-08,SH688223,0.20393258333206177,EXP_LinearModel_Alpha158_csi300_custom_step0_s_20260508_14,c8099457a11047808090688fa77f2f20,0.073,,,
1922,2026-05-08,SZ000651,-0.059072528034448624,EXP_LinearModel_Alpha158_csi300_custom_step0_s_20260508_14,c8099457a11047808090688fa77f2f20,0.073,,,
1923,2026-05-08,SZ000625,-0.0924658328294754,EXP_LinearModel_Alpha158_csi300_custom_step0_s_20260508_14,c8099457a11047808090688fa77f2f20,0.073,,,
1924,2026-05-08,SZ000617,-0.13021497428417206,EXP_LinearModel_Alpha158_csi300_custom_step0_s_20260508_14,c8099457a11047808090688fa77f2f20,0.073,,,
1925,2026-05-08,SZ000596,-0.09765151143074036,EXP_LinearModel_Alpha158_csi300_custom_step0_s_20260508_14,c8099457a11047808090688fa77f2f20,0.073,,,
1926,2026-05-08,SZ000568,-0.07760471850633621,EXP_LinearModel_Alpha158_csi300_custom_step0_s_20260508_14,c8099457a11047808090688fa77f2f20,0.073,,,
1927,2026-05-08,SZ000538,-0.09156632423400879,EXP_LinearModel_Alpha158_csi300_custom_step0_s_20260508_14,c8099457a11047808090688fa77f2f20,0.073,,,
1928,2026-05-08,SZ000425,-0.17214560508728027,EXP_LinearModel_Alpha158_csi300_custom_step0_s_20260508_14,c8099457a11047808090688fa77f2f20,0.073,,,
1929,2026-05-08,SZ000630,0.17751376330852509,EXP_LinearModel_Alpha158_csi300_custom_step0_s_20260508_14,c8099457a11047808090688fa77f2f20,0.073,,,
1930,2026-05-08,SH688187,-0.011749356053769588,EXP_LinearModel_Alpha158_csi300_custom_step0_s_20260508_14,c8099457a11047808090688fa77f2f20,0.073,,,
1931,2026-05-08,SH688169,0.06891602277755737,EXP_LinearModel_Alpha158_csi300_custom_step0_s_20260508_14,c8099457a11047808090688fa77f2f20,0.073,,,
1932,2026-05-08,SH688126,0.18862305581569672,EXP_LinearModel_Alpha158_csi300_custom_step0_s_20260508_14,c8099457a11047808090688fa77f2f20,0.073,,,
1933,2026-05-08,SH603288,0.014115173369646072,EXP_LinearModel_Alpha158_csi300_custom_step0_s_20260508_14,c8099457a11047808090688fa77f2f20,0.073,,,
1934,2026-05-08,SH603260,0.09277696907520294,EXP_LinearModel_Alpha158_csi300_custom_step0_s_20260508_14,c8099457a11047808090688fa77f2f20,0.073,,,
1935,2026-05-08,SH603259,-0.10757684707641602,EXP_LinearModel_Alpha158_csi300_custom_step0_s_20260508_14,c8099457a11047808090688fa77f2f20,0.073,,,
1936,2026-05-08,SH603195,-0.02426261641085148,EXP_LinearModel_Alpha158_csi300_custom_step0_s_20260508_14,c8099457a11047808090688fa77f2f20,0.073,,,
1937,2026-05-08,SH603019,0.08781489729881287,EXP_LinearModel_Alpha158_csi300_custom_step0_s_20260508_14,c8099457a11047808090688fa77f2f20,0.073,,,
1938,2026-05-08,SH601998,-0.006533912383019924,EXP_LinearModel_Alpha158_csi300_custom_step0_s_20260508_14,c8099457a11047808090688fa77f2f20,0.073,,,
1939,2026-05-08,SH603296,0.08623526990413666,EXP_LinearModel_Alpha158_csi300_custom_step0_s_20260508_14,c8099457a11047808090688fa77f2f20,0.073,,,
1940,2026-05-08,SH601995,0.040894411504268646,EXP_LinearModel_Alpha158_csi300_custom_step0_s_20260508_14,c8099457a11047808090688fa77f2f20,0.073,,,
1941,2026-05-08,SH601985,0.024480432271957397,EXP_LinearModel_Alpha158_csi300_custom_step0_s_20260508_14,c8099457a11047808090688fa77f2f20,0.073,,,
1942,2026-05-08,SH601939,0.051076099276542664,EXP_LinearModel_Alpha158_csi300_custom_step0_s_20260508_14,c8099457a11047808090688fa77f2f20,0.073,,,
1943,2026-05-08,SH601919,-0.019859421998262405,EXP_LinearModel_Alpha158_csi300_custom_step0_s_20260508_14,c8099457a11047808090688fa77f2f20,0.073,,,
1944,2026-05-08,SH601916,0.06915309280157089,EXP_LinearModel_Alpha158_csi300_custom_step0_s_20260508_14,c8099457a11047808090688fa77f2f20,0.073,,,
1945,2026-05-08,SH601901,0.005230743438005447,EXP_LinearModel_Alpha158_csi300_custom_step0_s_20260508_14,c8099457a11047808090688fa77f2f20,0.073,,,
1946,2026-05-08,SH601899,0.08679548650979996,EXP_LinearModel_Alpha158_csi300_custom_step0_s_20260508_14,c8099457a11047808090688fa77f2f20,0.073,,,
1947,2026-05-08,SH601988,-0.05596793070435524,EXP_LinearModel_Alpha158_csi300_custom_step0_s_20260508_14,c8099457a11047808090688fa77f2f20,0.073,,,
1948,2026-05-08,SH600570,-0.008767286315560341,EXP_XGBModel_Alpha158_csi300_custom_step0_s_20260508_14,938da2c273224dcdac0b0600a704ba61,0.05,,,
1949,2026-05-08,SH603369,0.0031559462659060955,EXP_LinearModel_Alpha158_csi300_custom_step0_s_20260508_14,c8099457a11047808090688fa77f2f20,0.073,,,
1950,2026-05-08,SH603501,0.010261036455631256,EXP_LinearModel_Alpha158_csi300_custom_step0_s_20260508_14,c8099457a11047808090688fa77f2f20,0.073,,,
1951,2026-05-08,SH688111,-0.03692691773176193,EXP_LinearModel_Alpha158_csi300_custom_step0_s_20260508_14,c8099457a11047808090688fa77f2f20,0.073,,,
1952,2026-05-08,SH688082,0.18004855513572693,EXP_LinearModel_Alpha158_csi300_custom_step0_s_20260508_14,c8099457a11047808090688fa77f2f20,0.073,,,
1953,2026-05-08,SH688047,0.04244405776262283,EXP_LinearModel_Alpha158_csi300_custom_step0_s_20260508_14,c8099457a11047808090688fa77f2f20,0.073,,,
1954,2026-05-08,SH688041,-0.00240926630795002,EXP_LinearModel_Alpha158_csi300_custom_step0_s_20260508_14,c8099457a11047808090688fa77f2f20,0.073,,,
1955,2026-05-08,SH688036,-0.1176605224609375,EXP_LinearModel_Alpha158_csi300_custom_step0_s_20260508_14,c8099457a11047808090688fa77f2f20,0.073,,,
1956,2026-05-08,SH688012,0.035001300275325775,EXP_LinearModel_Alpha158_csi300_custom_step0_s_20260508_14,c8099457a11047808090688fa77f2f20,0.073,,,
1957,2026-05-08,SH603392,-0.00839417427778244,EXP_LinearModel_Alpha158_csi300_custom_step0_s_20260508_14,c8099457a11047808090688fa77f2f20,0.073,,,
1958,2026-05-08,SH688009,-0.07796064764261246,EXP_LinearModel_Alpha158_csi300_custom_step0_s_20260508_14,c8099457a11047808090688fa77f2f20,0.073,,,
1959,2026-05-08,SH605499,-0.0682685449719429,EXP_LinearModel_Alpha158_csi300_custom_step0_s_20260508_14,c8099457a11047808090688fa77f2f20,0.073,,,
1960,2026-05-08,SH605117,0.19590453803539276,EXP_LinearModel_Alpha158_csi300_custom_step0_s_20260508_14,c8099457a11047808090688fa77f2f20,0.073,,,
1961,2026-05-08,SH603993,0.11849122494459152,EXP_LinearModel_Alpha158_csi300_custom_step0_s_20260508_14,c8099457a11047808090688fa77f2f20,0.073,,,
1962,2026-05-08,SH603986,0.09078854322433472,EXP_LinearModel_Alpha158_csi300_custom_step0_s_20260508_14,c8099457a11047808090688fa77f2f20,0.073,,,
1963,2026-05-08,SH603893,0.16737887263298035,EXP_LinearModel_Alpha158_csi300_custom_step0_s_20260508_14,c8099457a11047808090688fa77f2f20,0.073,,,
1964,2026-05-08,SH603799,0.061224181205034256,EXP_LinearModel_Alpha158_csi300_custom_step0_s_20260508_14,c8099457a11047808090688fa77f2f20,0.073,,,
1965,2026-05-08,SH688008,0.193060040473938,EXP_LinearModel_Alpha158_csi300_custom_step0_s_20260508_14,c8099457a11047808090688fa77f2f20,0.073,,,
1966,2026-05-08,SH600584,0.05336230248212814,EXP_XGBModel_Alpha158_csi300_custom_step0_s_20260508_14,938da2c273224dcdac0b0600a704ba61,0.05,,,
1967,2026-05-08,SH600585,0.01566990837454796,EXP_XGBModel_Alpha158_csi300_custom_step0_s_20260508_14,938da2c273224dcdac0b0600a704ba61,0.05,,,
1968,2026-05-08,SH600588,-0.0003452007658779621,EXP_XGBModel_Alpha158_csi300_custom_step0_s_20260508_14,938da2c273224dcdac0b0600a704ba61,0.05,,,
1969,2026-05-08,SZ002142,0.0024128637742251158,EXP_XGBModel_Alpha158_csi300_custom_step0_s_20260508_14,938da2c273224dcdac0b0600a704ba61,0.05,,,
1970,2026-05-08,SZ002179,-0.007795862387865782,EXP_XGBModel_Alpha158_csi300_custom_step0_s_20260508_14,938da2c273224dcdac0b0600a704ba61,0.05,,,
1971,2026-05-08,SZ002230,0.0016722336877137423,EXP_XGBModel_Alpha158_csi300_custom_step0_s_20260508_14,938da2c273224dcdac0b0600a704ba61,0.05,,,
1972,2026-05-08,SZ002236,0.01181059516966343,EXP_XGBModel_Alpha158_csi300_custom_step0_s_20260508_14,938da2c273224dcdac0b0600a704ba61,0.05,,,
1973,2026-05-08,SZ002241,0.03705371543765068,EXP_XGBModel_Alpha158_csi300_custom_step0_s_20260508_14,938da2c273224dcdac0b0600a704ba61,0.05,,,
1974,2026-05-08,SZ002252,-0.00017170177306979895,EXP_XGBModel_Alpha158_csi300_custom_step0_s_20260508_14,938da2c273224dcdac0b0600a704ba61,0.05,,,
1975,2026-05-08,SZ002304,0.03981694206595421,EXP_XGBModel_Alpha158_csi300_custom_step0_s_20260508_14,938da2c273224dcdac0b0600a704ba61,0.05,,,
1976,2026-05-08,SZ002311,-0.033311329782009125,EXP_XGBModel_Alpha158_csi300_custom_step0_s_20260508_14,938da2c273224dcdac0b0600a704ba61,0.05,,,
1977,2026-05-08,SZ002352,0.06925930827856064,EXP_XGBModel_Alpha158_csi300_custom_step0_s_20260508_14,938da2c273224dcdac0b0600a704ba61,0.05,,,
1978,2026-05-08,SZ002371,-0.06581813097000122,EXP_XGBModel_Alpha158_csi300_custom_step0_s_20260508_14,938da2c273224dcdac0b0600a704ba61,0.05,,,
1979,2026-05-08,SZ002384,-0.255624383687973,EXP_XGBModel_Alpha158_csi300_custom_step0_s_20260508_14,938da2c273224dcdac0b0600a704ba61,0.05,,,
1980,2026-05-08,SZ002415,-0.017146624624729156,EXP_XGBModel_Alpha158_csi300_custom_step0_s_20260508_14,938da2c273224dcdac0b0600a704ba61,0.05,,,
1981,2026-05-08,SZ002422,-0.006586497183889151,EXP_XGBModel_Alpha158_csi300_custom_step0_s_20260508_14,938da2c273224dcdac0b0600a704ba61,0.05,,,
1982,2026-05-08,SZ002459,-0.022357769310474396,EXP_XGBModel_Alpha158_csi300_custom_step0_s_20260508_14,938da2c273224dcdac0b0600a704ba61,0.05,,,
1983,2026-05-08,SZ002460,-0.09710513800382614,EXP_XGBModel_Alpha158_csi300_custom_step0_s_20260508_14,938da2c273224dcdac0b0600a704ba61,0.05,,,
1984,2026-05-08,SZ002463,0.006598746869713068,EXP_XGBModel_Alpha158_csi300_custom_step0_s_20260508_14,938da2c273224dcdac0b0600a704ba61,0.05,,,
1985,2026-05-08,SZ002466,-0.20473986864089966,EXP_XGBModel_Alpha158_csi300_custom_step0_s_20260508_14,938da2c273224dcdac0b0600a704ba61,0.05,,,
1986,2026-05-08,SZ003816,0.19351664185523987,EXP_XGBModel_Alpha158_csi300_custom_step0_s_20260508_14,938da2c273224dcdac0b0600a704ba61,0.05,,,
1987,2026-05-08,SZ002938,0.05940425395965576,EXP_XGBModel_Alpha158_csi300_custom_step0_s_20260508_14,938da2c273224dcdac0b0600a704ba61,0.05,,,
1988,2026-05-08,SZ002920,-0.013590545393526554,EXP_XGBModel_Alpha158_csi300_custom_step0_s_20260508_14,938da2c273224dcdac0b0600a704ba61,0.05,,,
1989,2026-05-08,SZ002916,0.03191972151398659,EXP_XGBModel_Alpha158_csi300_custom_step0_s_20260508_14,938da2c273224dcdac0b0600a704ba61,0.05,,,
1990,2026-05-08,SZ002736,-0.00794265978038311,EXP_XGBModel_Alpha158_csi300_custom_step0_s_20260508_14,938da2c273224dcdac0b0600a704ba61,0.05,,,
1991,2026-05-08,SZ002714,-0.016598215326666832,EXP_XGBModel_Alpha158_csi300_custom_step0_s_20260508_14,938da2c273224dcdac0b0600a704ba61,0.05,,,
1992,2026-05-08,SZ002074,-0.0256093367934227,EXP_XGBModel_Alpha158_csi300_custom_step0_s_20260508_14,938da2c273224dcdac0b0600a704ba61,0.05,,,
1993,2026-05-08,SZ002709,-0.11229559779167175,EXP_XGBModel_Alpha158_csi300_custom_step0_s_20260508_14,938da2c273224dcdac0b0600a704ba61,0.05,,,
1994,2026-05-08,SZ002625,-0.04698139801621437,EXP_XGBModel_Alpha158_csi300_custom_step0_s_20260508_14,938da2c273224dcdac0b0600a704ba61,0.05,,,
1995,2026-05-08,SZ002601,-0.017233867198228836,EXP_XGBModel_Alpha158_csi300_custom_step0_s_20260508_14,938da2c273224dcdac0b0600a704ba61,0.05,,,
1996,2026-05-08,SZ002600,-0.0067656636238098145,EXP_XGBModel_Alpha158_csi300_custom_step0_s_20260508_14,938da2c273224dcdac0b0600a704ba61,0.05,,,
1997,2026-05-08,SZ002594,0.041634298861026764,EXP_XGBModel_Alpha158_csi300_custom_step0_s_20260508_14,938da2c273224dcdac0b0600a704ba61,0.05,,,
1998,2026-05-08,SZ002493,-0.03762446343898773,EXP_XGBModel_Alpha158_csi300_custom_step0_s_20260508_14,938da2c273224dcdac0b0600a704ba61,0.05,,,
1999,2026-05-08,SZ002475,0.49725791811943054,EXP_XGBModel_Alpha158_csi300_custom_step0_s_20260508_14,938da2c273224dcdac0b0600a704ba61,0.05,,,
2000,2026-05-08,SZ002648,-0.0399712473154068,EXP_XGBModel_Alpha158_csi300_custom_step0_s_20260508_14,938da2c273224dcdac0b0600a704ba61,0.05,,,
2001,2026-05-08,SZ300014,-0.03803587704896927,EXP_XGBModel_Alpha158_csi300_custom_step0_s_20260508_14,938da2c273224dcdac0b0600a704ba61,0.05,,,
2002,2026-05-08,SZ002050,-0.054686538875103,EXP_XGBModel_Alpha158_csi300_custom_step0_s_20260508_14,938da2c273224dcdac0b0600a704ba61,0.05,,,
2003,2026-05-08,SZ002028,-0.056523166596889496,EXP_XGBModel_Alpha158_csi300_custom_step0_s_20260508_14,938da2c273224dcdac0b0600a704ba61,0.05,,,
2004,2026-05-08,SZ000408,-0.01302412524819374,EXP_XGBModel_Alpha158_csi300_custom_step0_s_20260508_14,938da2c273224dcdac0b0600a704ba61,0.05,,,
2005,2026-05-08,SZ000425,-0.03809060901403427,EXP_XGBModel_Alpha158_csi300_custom_step0_s_20260508_14,938da2c273224dcdac0b0600a704ba61,0.05,,,
2006,2026-05-08,SZ000538,0.02097262255847454,EXP_XGBModel_Alpha158_csi300_custom_step0_s_20260508_14,938da2c273224dcdac0b0600a704ba61,0.05,,,
2007,2026-05-08,SZ000568,0.0011958895483985543,EXP_XGBModel_Alpha158_csi300_custom_step0_s_20260508_14,938da2c273224dcdac0b0600a704ba61,0.05,,,
2008,2026-05-08,SZ000596,0.023249126970767975,EXP_XGBModel_Alpha158_csi300_custom_step0_s_20260508_14,938da2c273224dcdac0b0600a704ba61,0.05,,,
2009,2026-05-08,SZ000617,0.01672445610165596,EXP_XGBModel_Alpha158_csi300_custom_step0_s_20260508_14,938da2c273224dcdac0b0600a704ba61,0.05,,,
2010,2026-05-08,SZ000625,-0.004084153100848198,EXP_XGBModel_Alpha158_csi300_custom_step0_s_20260508_14,938da2c273224dcdac0b0600a704ba61,0.05,,,
2011,2026-05-08,SZ000630,-0.035432178527116776,EXP_XGBModel_Alpha158_csi300_custom_step0_s_20260508_14,938da2c273224dcdac0b0600a704ba61,0.05,,,
2012,2026-05-08,SZ000651,0.06369761377573013,EXP_XGBModel_Alpha158_csi300_custom_step0_s_20260508_14,938da2c273224dcdac0b0600a704ba61,0.05,,,
2013,2026-05-08,SZ000661,0.05506831780076027,EXP_XGBModel_Alpha158_csi300_custom_step0_s_20260508_14,938da2c273224dcdac0b0600a704ba61,0.05,,,
2014,2026-05-08,SZ000708,0.004680955782532692,EXP_XGBModel_Alpha158_csi300_custom_step0_s_20260508_14,938da2c273224dcdac0b0600a704ba61,0.05,,,
2015,2026-05-08,SZ000725,0.007338887080550194,EXP_XGBModel_Alpha158_csi300_custom_step0_s_20260508_14,938da2c273224dcdac0b0600a704ba61,0.05,,,
2016,2026-05-08,SZ000768,-0.008094397373497486,EXP_XGBModel_Alpha158_csi300_custom_step0_s_20260508_14,938da2c273224dcdac0b0600a704ba61,0.05,,,
2017,2026-05-08,SZ000776,-0.019748255610466003,EXP_XGBModel_Alpha158_csi300_custom_step0_s_20260508_14,938da2c273224dcdac0b0600a704ba61,0.05,,,
2018,2026-05-08,SZ000786,-0.004038215149194002,EXP_XGBModel_Alpha158_csi300_custom_step0_s_20260508_14,938da2c273224dcdac0b0600a704ba61,0.05,,,
2019,2026-05-08,SZ000792,-0.042943455278873444,EXP_XGBModel_Alpha158_csi300_custom_step0_s_20260508_14,938da2c273224dcdac0b0600a704ba61,0.05,,,
2020,2026-05-08,SZ000807,-0.004423773381859064,EXP_XGBModel_Alpha158_csi300_custom_step0_s_20260508_14,938da2c273224dcdac0b0600a704ba61,0.05,,,
2021,2026-05-08,SZ002027,0.006115418393164873,EXP_XGBModel_Alpha158_csi300_custom_step0_s_20260508_14,938da2c273224dcdac0b0600a704ba61,0.05,,,
2022,2026-05-08,SZ002001,0.010576657019555569,EXP_XGBModel_Alpha158_csi300_custom_step0_s_20260508_14,938da2c273224dcdac0b0600a704ba61,0.05,,,
2023,2026-05-08,SZ001979,-0.054340388625860214,EXP_XGBModel_Alpha158_csi300_custom_step0_s_20260508_14,938da2c273224dcdac0b0600a704ba61,0.05,,,
2024,2026-05-08,SZ001965,0.010683387517929077,EXP_XGBModel_Alpha158_csi300_custom_step0_s_20260508_14,938da2c273224dcdac0b0600a704ba61,0.05,,,
2025,2026-05-08,SZ001391,0.024054884910583496,EXP_XGBModel_Alpha158_csi300_custom_step0_s_20260508_14,938da2c273224dcdac0b0600a704ba61,0.05,,,
2026,2026-05-08,SZ000999,0.009915986098349094,EXP_XGBModel_Alpha158_csi300_custom_step0_s_20260508_14,938da2c273224dcdac0b0600a704ba61,0.05,,,
2027,2026-05-08,SZ002049,0.03705592453479767,EXP_XGBModel_Alpha158_csi300_custom_step0_s_20260508_14,938da2c273224dcdac0b0600a704ba61,0.05,,,
2028,2026-05-08,SZ000983,-0.03959532454609871,EXP_XGBModel_Alpha158_csi300_custom_step0_s_20260508_14,938da2c273224dcdac0b0600a704ba61,0.05,,,
2029,2026-05-08,SZ000975,-0.04947558417916298,EXP_XGBModel_Alpha158_csi300_custom_step0_s_20260508_14,938da2c273224dcdac0b0600a704ba61,0.05,,,
2030,2026-05-08,SZ000963,-0.017250224947929382,EXP_XGBModel_Alpha158_csi300_custom_step0_s_20260508_14,938da2c273224dcdac0b0600a704ba61,0.05,,,
2031,2026-05-08,SZ000938,0.011344822123646736,EXP_XGBModel_Alpha158_csi300_custom_step0_s_20260508_14,938da2c273224dcdac0b0600a704ba61,0.05,,,
2032,2026-05-08,SZ000895,0.02650388889014721,EXP_XGBModel_Alpha158_csi300_custom_step0_s_20260508_14,938da2c273224dcdac0b0600a704ba61,0.05,,,
2033,2026-05-08,SZ000876,0.024350695312023163,EXP_XGBModel_Alpha158_csi300_custom_step0_s_20260508_14,938da2c273224dcdac0b0600a704ba61,0.05,,,
2034,2026-05-08,SZ000858,-0.012907136231660843,EXP_XGBModel_Alpha158_csi300_custom_step0_s_20260508_14,938da2c273224dcdac0b0600a704ba61,0.05,,,
2035,2026-05-08,SZ000977,0.1588321030139923,EXP_XGBModel_Alpha158_csi300_custom_step0_s_20260508_14,938da2c273224dcdac0b0600a704ba61,0.05,,,
2036,2026-05-08,SZ300015,-0.015913493931293488,EXP_XGBModel_Alpha158_csi300_custom_step0_s_20260508_14,938da2c273224dcdac0b0600a704ba61,0.05,,,
2037,2026-05-08,SZ300033,-0.03651665523648262,EXP_XGBModel_Alpha158_csi300_custom_step0_s_20260508_14,938da2c273224dcdac0b0600a704ba61,0.05,,,
2038,2026-05-08,SZ300059,-0.026230989024043083,EXP_XGBModel_Alpha158_csi300_custom_step0_s_20260508_14,938da2c273224dcdac0b0600a704ba61,0.05,,,
2039,2026-05-08,SH600016,-0.011866931803524494,EXP_XGBModel_Alpha158_csi300_custom_step0_s_20260508_14,fcd7ecc6780e4982a8a0d56eb176fa3d,0.038,,,
2040,2026-05-08,SH600018,0.04034966602921486,EXP_XGBModel_Alpha158_csi300_custom_step0_s_20260508_14,fcd7ecc6780e4982a8a0d56eb176fa3d,0.038,,,
2041,2026-05-08,SH600019,0.022503668442368507,EXP_XGBModel_Alpha158_csi300_custom_step0_s_20260508_14,fcd7ecc6780e4982a8a0d56eb176fa3d,0.038,,,
2042,2026-05-08,SH600023,0.09374190121889114,EXP_XGBModel_Alpha158_csi300_custom_step0_s_20260508_14,fcd7ecc6780e4982a8a0d56eb176fa3d,0.038,,,
2043,2026-05-08,SH600025,0.01836787909269333,EXP_XGBModel_Alpha158_csi300_custom_step0_s_20260508_14,fcd7ecc6780e4982a8a0d56eb176fa3d,0.038,,,
2044,2026-05-08,SH600026,-0.14254114031791687,EXP_XGBModel_Alpha158_csi300_custom_step0_s_20260508_14,fcd7ecc6780e4982a8a0d56eb176fa3d,0.038,,,
2045,2026-05-08,SH600027,-0.003911218140274286,EXP_XGBModel_Alpha158_csi300_custom_step0_s_20260508_14,fcd7ecc6780e4982a8a0d56eb176fa3d,0.038,,,
2046,2026-05-08,SH600028,-0.04321310669183731,EXP_XGBModel_Alpha158_csi300_custom_step0_s_20260508_14,fcd7ecc6780e4982a8a0d56eb176fa3d,0.038,,,
2047,2026-05-08,SH600029,-0.0625869408249855,EXP_XGBModel_Alpha158_csi300_custom_step0_s_20260508_14,fcd7ecc6780e4982a8a0d56eb176fa3d,0.038,,,
2048,2026-05-08,SH600030,-0.04790877923369408,EXP_XGBModel_Alpha158_csi300_custom_step0_s_20260508_14,fcd7ecc6780e4982a8a0d56eb176fa3d,0.038,,,
2049,2026-05-08,SH600031,-0.009559858590364456,EXP_XGBModel_Alpha158_csi300_custom_step0_s_20260508_14,fcd7ecc6780e4982a8a0d56eb176fa3d,0.038,,,
2050,2026-05-08,SH600036,-0.021200260147452354,EXP_XGBModel_Alpha158_csi300_custom_step0_s_20260508_14,fcd7ecc6780e4982a8a0d56eb176fa3d,0.038,,,
2051,2026-05-08,SH600039,-0.007947196252644062,EXP_XGBModel_Alpha158_csi300_custom_step0_s_20260508_14,fcd7ecc6780e4982a8a0d56eb176fa3d,0.038,,,
2052,2026-05-08,SH600048,-0.012347186915576458,EXP_XGBModel_Alpha158_csi300_custom_step0_s_20260508_14,fcd7ecc6780e4982a8a0d56eb176fa3d,0.038,,,
2053,2026-05-08,SH600050,0.01819286309182644,EXP_XGBModel_Alpha158_csi300_custom_step0_s_20260508_14,fcd7ecc6780e4982a8a0d56eb176fa3d,0.038,,,
2054,2026-05-08,SH600061,0.01954479329288006,EXP_XGBModel_Alpha158_csi300_custom_step0_s_20260508_14,fcd7ecc6780e4982a8a0d56eb176fa3d,0.038,,,
2055,2026-05-08,SH600066,0.020894547924399376,EXP_XGBModel_Alpha158_csi300_custom_step0_s_20260508_14,fcd7ecc6780e4982a8a0d56eb176fa3d,0.038,,,
2056,2026-05-08,SH600233,-0.020294945687055588,EXP_XGBModel_Alpha158_csi300_custom_step0_s_20260508_14,fcd7ecc6780e4982a8a0d56eb176fa3d,0.038,,,
2057,2026-05-08,SH600219,-0.02885914221405983,EXP_XGBModel_Alpha158_csi300_custom_step0_s_20260508_14,fcd7ecc6780e4982a8a0d56eb176fa3d,0.038,,,
2058,2026-05-08,SH600196,-0.02282995730638504,EXP_XGBModel_Alpha158_csi300_custom_step0_s_20260508_14,fcd7ecc6780e4982a8a0d56eb176fa3d,0.038,,,
2059,2026-05-08,SH600188,-0.07199631631374359,EXP_XGBModel_Alpha158_csi300_custom_step0_s_20260508_14,fcd7ecc6780e4982a8a0d56eb176fa3d,0.038,,,
2060,2026-05-08,SH600183,0.11291194707155228,EXP_XGBModel_Alpha158_csi300_custom_step0_s_20260508_14,fcd7ecc6780e4982a8a0d56eb176fa3d,0.038,,,
2061,2026-05-08,SH600176,0.04247688502073288,EXP_XGBModel_Alpha158_csi300_custom_step0_s_20260508_14,fcd7ecc6780e4982a8a0d56eb176fa3d,0.038,,,
2062,2026-05-08,SH600015,-0.014742295257747173,EXP_XGBModel_Alpha158_csi300_custom_step0_s_20260508_14,fcd7ecc6780e4982a8a0d56eb176fa3d,0.038,,,
2063,2026-05-08,SH600161,-0.04031461849808693,EXP_XGBModel_Alpha158_csi300_custom_step0_s_20260508_14,fcd7ecc6780e4982a8a0d56eb176fa3d,0.038,,,
2064,2026-05-08,SH600150,0.019208231940865517,EXP_XGBModel_Alpha158_csi300_custom_step0_s_20260508_14,fcd7ecc6780e4982a8a0d56eb176fa3d,0.038,,,
2065,2026-05-08,SH600115,-0.05143452435731888,EXP_XGBModel_Alpha158_csi300_custom_step0_s_20260508_14,fcd7ecc6780e4982a8a0d56eb176fa3d,0.038,,,
2066,2026-05-08,SH600111,-0.06770560890436172,EXP_XGBModel_Alpha158_csi300_custom_step0_s_20260508_14,fcd7ecc6780e4982a8a0d56eb176fa3d,0.038,,,
2067,2026-05-08,SH600104,0.018465256318449974,EXP_XGBModel_Alpha158_csi300_custom_step0_s_20260508_14,fcd7ecc6780e4982a8a0d56eb176fa3d,0.038,,,
2068,2026-05-08,SH600089,-0.010960101149976254,EXP_XGBModel_Alpha158_csi300_custom_step0_s_20260508_14,fcd7ecc6780e4982a8a0d56eb176fa3d,0.038,,,
2069,2026-05-08,SH600085,0.021366972476243973,EXP_XGBModel_Alpha158_csi300_custom_step0_s_20260508_14,fcd7ecc6780e4982a8a0d56eb176fa3d,0.038,,,
2070,2026-05-08,SH600160,-0.027335356920957565,EXP_XGBModel_Alpha158_csi300_custom_step0_s_20260508_14,fcd7ecc6780e4982a8a0d56eb176fa3d,0.038,,,
2071,2026-05-08,SH600011,0.015757981687784195,EXP_XGBModel_Alpha158_csi300_custom_step0_s_20260508_14,fcd7ecc6780e4982a8a0d56eb176fa3d,0.038,,,
2072,2026-05-08,SH600010,-0.015210348181426525,EXP_XGBModel_Alpha158_csi300_custom_step0_s_20260508_14,fcd7ecc6780e4982a8a0d56eb176fa3d,0.038,,,
2073,2026-05-08,SH600009,0.014560903422534466,EXP_XGBModel_Alpha158_csi300_custom_step0_s_20260508_14,fcd7ecc6780e4982a8a0d56eb176fa3d,0.038,,,
2074,2026-05-08,SZ300476,0.05778707563877106,EXP_XGBModel_Alpha158_csi300_custom_step0_s_20260508_14,938da2c273224dcdac0b0600a704ba61,0.05,,,
2075,2026-05-08,SZ300442,-0.020368944853544235,EXP_XGBModel_Alpha158_csi300_custom_step0_s_20260508_14,938da2c273224dcdac0b0600a704ba61,0.05,,,
2076,2026-05-08,SZ300433,-0.016046931967139244,EXP_XGBModel_Alpha158_csi300_custom_step0_s_20260508_14,938da2c273224dcdac0b0600a704ba61,0.05,,,
2077,2026-05-08,SZ300418,-0.06641442328691483,EXP_XGBModel_Alpha158_csi300_custom_step0_s_20260508_14,938da2c273224dcdac0b0600a704ba61,0.05,,,
2078,2026-05-08,SZ300413,-0.019389256834983826,EXP_XGBModel_Alpha158_csi300_custom_step0_s_20260508_14,938da2c273224dcdac0b0600a704ba61,0.05,,,
2079,2026-05-08,SZ300408,-0.3723376989364624,EXP_XGBModel_Alpha158_csi300_custom_step0_s_20260508_14,938da2c273224dcdac0b0600a704ba61,0.05,,,
2080,2026-05-08,SZ300498,-0.027232803404331207,EXP_XGBModel_Alpha158_csi300_custom_step0_s_20260508_14,938da2c273224dcdac0b0600a704ba61,0.05,,,
2081,2026-05-08,SZ300394,-0.031013520434498787,EXP_XGBModel_Alpha158_csi300_custom_step0_s_20260508_14,938da2c273224dcdac0b0600a704ba61,0.05,,,
2082,2026-05-08,SZ300316,0.052699342370033264,EXP_XGBModel_Alpha158_csi300_custom_step0_s_20260508_14,938da2c273224dcdac0b0600a704ba61,0.05,,,
2083,2026-05-08,SZ300308,0.11442044377326965,EXP_XGBModel_Alpha158_csi300_custom_step0_s_20260508_14,938da2c273224dcdac0b0600a704ba61,0.05,,,
2084,2026-05-08,SZ300274,0.015825755894184113,EXP_XGBModel_Alpha158_csi300_custom_step0_s_20260508_14,938da2c273224dcdac0b0600a704ba61,0.05,,,
2085,2026-05-08,SZ300251,0.022292403504252434,EXP_XGBModel_Alpha158_csi300_custom_step0_s_20260508_14,938da2c273224dcdac0b0600a704ba61,0.05,,,
2086,2026-05-08,SZ300124,-0.03770071268081665,EXP_XGBModel_Alpha158_csi300_custom_step0_s_20260508_14,938da2c273224dcdac0b0600a704ba61,0.05,,,
2087,2026-05-08,SZ300122,0.0048446329310536385,EXP_XGBModel_Alpha158_csi300_custom_step0_s_20260508_14,938da2c273224dcdac0b0600a704ba61,0.05,,,
2088,2026-05-08,SZ300347,-0.08326468616724014,EXP_XGBModel_Alpha158_csi300_custom_step0_s_20260508_14,938da2c273224dcdac0b0600a704ba61,0.05,,,
2089,2026-05-08,SZ000338,-0.16445206105709076,EXP_XGBModel_Alpha158_csi300_custom_step0_s_20260508_14,938da2c273224dcdac0b0600a704ba61,0.05,,,
2090,2026-05-08,SZ300502,-0.05443200469017029,EXP_XGBModel_Alpha158_csi300_custom_step0_s_20260508_14,938da2c273224dcdac0b0600a704ba61,0.05,,,
2091,2026-05-08,SZ300661,-0.02115366794168949,EXP_XGBModel_Alpha158_csi300_custom_step0_s_20260508_14,938da2c273224dcdac0b0600a704ba61,0.05,,,
2092,2026-05-08,SH600000,-0.0366402193903923,EXP_XGBModel_Alpha158_csi300_custom_step0_s_20260508_14,fcd7ecc6780e4982a8a0d56eb176fa3d,0.038,,,
2093,2026-05-08,SZ302132,0.021359922364354134,EXP_XGBModel_Alpha158_csi300_custom_step0_s_20260508_14,938da2c273224dcdac0b0600a704ba61,0.05,,,
2094,2026-05-08,SZ301269,-0.026674333959817886,EXP_XGBModel_Alpha158_csi300_custom_step0_s_20260508_14,938da2c273224dcdac0b0600a704ba61,0.05,,,
2095,2026-05-08,SZ301236,-0.022420095279812813,EXP_XGBModel_Alpha158_csi300_custom_step0_s_20260508_14,938da2c273224dcdac0b0600a704ba61,0.05,,,
2096,2026-05-08,SZ300999,0.030798334628343582,EXP_XGBModel_Alpha158_csi300_custom_step0_s_20260508_14,938da2c273224dcdac0b0600a704ba61,0.05,,,
2097,2026-05-08,SZ300979,0.05424409732222557,EXP_XGBModel_Alpha158_csi300_custom_step0_s_20260508_14,938da2c273224dcdac0b0600a704ba61,0.05,,,
2098,2026-05-08,SZ300628,-0.04812328889966011,EXP_XGBModel_Alpha158_csi300_custom_step0_s_20260508_14,938da2c273224dcdac0b0600a704ba61,0.05,,,
2099,2026-05-08,SZ300896,0.0073727937415242195,EXP_XGBModel_Alpha158_csi300_custom_step0_s_20260508_14,938da2c273224dcdac0b0600a704ba61,0.05,,,
2100,2026-05-08,SZ300832,-0.03533702343702316,EXP_XGBModel_Alpha158_csi300_custom_step0_s_20260508_14,938da2c273224dcdac0b0600a704ba61,0.05,,,
2101,2026-05-08,SZ300803,-0.051122575998306274,EXP_XGBModel_Alpha158_csi300_custom_step0_s_20260508_14,938da2c273224dcdac0b0600a704ba61,0.05,,,
2102,2026-05-08,SZ300782,-0.05198069289326668,EXP_XGBModel_Alpha158_csi300_custom_step0_s_20260508_14,938da2c273224dcdac0b0600a704ba61,0.05,,,
2103,2026-05-08,SZ300760,0.012452071532607079,EXP_XGBModel_Alpha158_csi300_custom_step0_s_20260508_14,938da2c273224dcdac0b0600a704ba61,0.05,,,
2104,2026-05-08,SZ300759,-0.06813666969537735,EXP_XGBModel_Alpha158_csi300_custom_step0_s_20260508_14,938da2c273224dcdac0b0600a704ba61,0.05,,,
2105,2026-05-08,SZ300750,-0.05653511732816696,EXP_XGBModel_Alpha158_csi300_custom_step0_s_20260508_14,938da2c273224dcdac0b0600a704ba61,0.05,,,
2106,2026-05-08,SZ300866,-0.03302493318915367,EXP_XGBModel_Alpha158_csi300_custom_step0_s_20260508_14,938da2c273224dcdac0b0600a704ba61,0.05,,,
2107,2026-05-08,SH600919,0.021178536117076874,EXP_LinearModel_Alpha158_csi300_custom_step0_s_20260508_14,c8099457a11047808090688fa77f2f20,0.073,,,
2108,2026-05-08,SZ000333,0.05024294555187225,EXP_XGBModel_Alpha158_csi300_custom_step0_s_20260508_14,938da2c273224dcdac0b0600a704ba61,0.05,,,
2109,2026-05-08,SZ000166,0.060771215707063675,EXP_XGBModel_Alpha158_csi300_custom_step0_s_20260508_14,938da2c273224dcdac0b0600a704ba61,0.05,,,
2110,2026-05-08,SH601100,-0.04267715662717819,EXP_XGBModel_Alpha158_csi300_custom_step0_s_20260508_14,938da2c273224dcdac0b0600a704ba61,0.05,,,
2111,2026-05-08,SH601111,-0.04032839462161064,EXP_XGBModel_Alpha158_csi300_custom_step0_s_20260508_14,938da2c273224dcdac0b0600a704ba61,0.05,,,
2112,2026-05-08,SH601117,-0.03585277125239372,EXP_XGBModel_Alpha158_csi300_custom_step0_s_20260508_14,938da2c273224dcdac0b0600a704ba61,0.05,,,
2113,2026-05-08,SH601127,-0.02979395166039467,EXP_XGBModel_Alpha158_csi300_custom_step0_s_20260508_14,938da2c273224dcdac0b0600a704ba61,0.05,,,
2114,2026-05-08,SH601136,0.04755614325404167,EXP_XGBModel_Alpha158_csi300_custom_step0_s_20260508_14,938da2c273224dcdac0b0600a704ba61,0.05,,,
2115,2026-05-08,SH601138,-0.012050422839820385,EXP_XGBModel_Alpha158_csi300_custom_step0_s_20260508_14,938da2c273224dcdac0b0600a704ba61,0.05,,,
2116,2026-05-08,SH601166,0.02835126966238022,EXP_XGBModel_Alpha158_csi300_custom_step0_s_20260508_14,938da2c273224dcdac0b0600a704ba61,0.05,,,
2117,2026-05-08,SH601169,0.012052498757839203,EXP_XGBModel_Alpha158_csi300_custom_step0_s_20260508_14,938da2c273224dcdac0b0600a704ba61,0.05,,,
2118,2026-05-08,SH601186,0.02819899097084999,EXP_XGBModel_Alpha158_csi300_custom_step0_s_20260508_14,938da2c273224dcdac0b0600a704ba61,0.05,,,
2119,2026-05-08,SH601211,-0.015499692410230637,EXP_XGBModel_Alpha158_csi300_custom_step0_s_20260508_14,938da2c273224dcdac0b0600a704ba61,0.05,,,
2120,2026-05-08,SH601225,-0.0628448873758316,EXP_XGBModel_Alpha158_csi300_custom_step0_s_20260508_14,938da2c273224dcdac0b0600a704ba61,0.05,,,
2121,2026-05-08,SH601229,-0.02057495340704918,EXP_XGBModel_Alpha158_csi300_custom_step0_s_20260508_14,938da2c273224dcdac0b0600a704ba61,0.05,,,
2122,2026-05-08,SH601236,0.04853542894124985,EXP_XGBModel_Alpha158_csi300_custom_step0_s_20260508_14,938da2c273224dcdac0b0600a704ba61,0.05,,,
2123,2026-05-08,SH601238,0.02208574116230011,EXP_XGBModel_Alpha158_csi300_custom_step0_s_20260508_14,938da2c273224dcdac0b0600a704ba61,0.05,,,
2124,2026-05-08,SH601288,0.010093485936522484,EXP_XGBModel_Alpha158_csi300_custom_step0_s_20260508_14,938da2c273224dcdac0b0600a704ba61,0.05,,,
2125,2026-05-08,SH601298,0.05538652092218399,EXP_XGBModel_Alpha158_csi300_custom_step0_s_20260508_14,938da2c273224dcdac0b0600a704ba61,0.05,,,
2126,2026-05-08,SH601318,0.015054577961564064,EXP_XGBModel_Alpha158_csi300_custom_step0_s_20260508_14,938da2c273224dcdac0b0600a704ba61,0.05,,,
2127,2026-05-08,SH601633,0.022216491401195526,EXP_XGBModel_Alpha158_csi300_custom_step0_s_20260508_14,938da2c273224dcdac0b0600a704ba61,0.05,,,
2128,2026-05-08,SH601628,0.03113224357366562,EXP_XGBModel_Alpha158_csi300_custom_step0_s_20260508_14,938da2c273224dcdac0b0600a704ba61,0.05,,,
2129,2026-05-08,SH601618,0.04296734929084778,EXP_XGBModel_Alpha158_csi300_custom_step0_s_20260508_14,938da2c273224dcdac0b0600a704ba61,0.05,,,
2130,2026-05-08,SH601607,0.0620926097035408,EXP_XGBModel_Alpha158_csi300_custom_step0_s_20260508_14,938da2c273224dcdac0b0600a704ba61,0.05,,,
2131,2026-05-08,SH601601,0.021025490015745163,EXP_XGBModel_Alpha158_csi300_custom_step0_s_20260508_14,938da2c273224dcdac0b0600a704ba61,0.05,,,
2132,2026-05-08,SH601600,-0.01218522060662508,EXP_XGBModel_Alpha158_csi300_custom_step0_s_20260508_14,938da2c273224dcdac0b0600a704ba61,0.05,,,
2133,2026-05-08,SH601088,-0.030731583014130592,EXP_XGBModel_Alpha158_csi300_custom_step0_s_20260508_14,938da2c273224dcdac0b0600a704ba61,0.05,,,
2134,2026-05-08,SH601456,0.028979895636439323,EXP_XGBModel_Alpha158_csi300_custom_step0_s_20260508_14,938da2c273224dcdac0b0600a704ba61,0.05,,,
2135,2026-05-08,SH601390,0.029881490394473076,EXP_XGBModel_Alpha158_csi300_custom_step0_s_20260508_14,938da2c273224dcdac0b0600a704ba61,0.05,,,
2136,2026-05-08,SH601377,0.013094952329993248,EXP_XGBModel_Alpha158_csi300_custom_step0_s_20260508_14,938da2c273224dcdac0b0600a704ba61,0.05,,,
2137,2026-05-08,SH601360,-0.001359093002974987,EXP_XGBModel_Alpha158_csi300_custom_step0_s_20260508_14,938da2c273224dcdac0b0600a704ba61,0.05,,,
2138,2026-05-08,SH601336,-0.024250341579318047,EXP_XGBModel_Alpha158_csi300_custom_step0_s_20260508_14,938da2c273224dcdac0b0600a704ba61,0.05,,,
2139,2026-05-08,SH601328,0.0184235367923975,EXP_XGBModel_Alpha158_csi300_custom_step0_s_20260508_14,938da2c273224dcdac0b0600a704ba61,0.05,,,
2140,2026-05-08,SH601319,0.023390576243400574,EXP_XGBModel_Alpha158_csi300_custom_step0_s_20260508_14,938da2c273224dcdac0b0600a704ba61,0.05,,,
2141,2026-05-08,SH601398,0.09044643491506577,EXP_XGBModel_Alpha158_csi300_custom_step0_s_20260508_14,938da2c273224dcdac0b0600a704ba61,0.05,,,
2142,2026-05-08,SH601658,0.04438716918230057,EXP_XGBModel_Alpha158_csi300_custom_step0_s_20260508_14,938da2c273224dcdac0b0600a704ba61,0.05,,,
2143,2026-05-08,SH601077,0.08901277184486389,EXP_XGBModel_Alpha158_csi300_custom_step0_s_20260508_14,938da2c273224dcdac0b0600a704ba61,0.05,,,
2144,2026-05-08,SH601059,0.071009062230587,EXP_XGBModel_Alpha158_csi300_custom_step0_s_20260508_14,938da2c273224dcdac0b0600a704ba61,0.05,,,
2145,2026-05-08,SH600600,0.043288856744766235,EXP_XGBModel_Alpha158_csi300_custom_step0_s_20260508_14,938da2c273224dcdac0b0600a704ba61,0.05,,,
2146,2026-05-08,SH600660,0.06738623976707458,EXP_XGBModel_Alpha158_csi300_custom_step0_s_20260508_14,938da2c273224dcdac0b0600a704ba61,0.05,,,
2147,2026-05-08,SH600674,0.02799278497695923,EXP_XGBModel_Alpha158_csi300_custom_step0_s_20260508_14,938da2c273224dcdac0b0600a704ba61,0.05,,,
2148,2026-05-08,SH600690,-0.010046669282019138,EXP_XGBModel_Alpha158_csi300_custom_step0_s_20260508_14,938da2c273224dcdac0b0600a704ba61,0.05,,,
2149,2026-05-08,SH600741,0.001014592475257814,EXP_XGBModel_Alpha158_csi300_custom_step0_s_20260508_14,938da2c273224dcdac0b0600a704ba61,0.05,,,
2150,2026-05-08,SH600760,-0.025364764034748077,EXP_XGBModel_Alpha158_csi300_custom_step0_s_20260508_14,938da2c273224dcdac0b0600a704ba61,0.05,,,
2151,2026-05-08,SH600795,0.05044969543814659,EXP_XGBModel_Alpha158_csi300_custom_step0_s_20260508_14,938da2c273224dcdac0b0600a704ba61,0.05,,,
2152,2026-05-08,SH600803,-0.04130006581544876,EXP_XGBModel_Alpha158_csi300_custom_step0_s_20260508_14,938da2c273224dcdac0b0600a704ba61,0.05,,,
2153,2026-05-08,SH600809,-0.003730515483766794,EXP_XGBModel_Alpha158_csi300_custom_step0_s_20260508_14,938da2c273224dcdac0b0600a704ba61,0.05,,,
2154,2026-05-08,SH600845,-0.016086017712950706,EXP_XGBModel_Alpha158_csi300_custom_step0_s_20260508_14,938da2c273224dcdac0b0600a704ba61,0.05,,,
2155,2026-05-08,SH600875,-0.0818554013967514,EXP_XGBModel_Alpha158_csi300_custom_step0_s_20260508_14,938da2c273224dcdac0b0600a704ba61,0.05,,,
2156,2026-05-08,SH600886,0.037499409168958664,EXP_XGBModel_Alpha158_csi300_custom_step0_s_20260508_14,938da2c273224dcdac0b0600a704ba61,0.05,,,
2157,2026-05-08,SH600887,-0.007061914075165987,EXP_XGBModel_Alpha158_csi300_custom_step0_s_20260508_14,938da2c273224dcdac0b0600a704ba61,0.05,,,
2158,2026-05-08,SH600893,0.013151546008884907,EXP_XGBModel_Alpha158_csi300_custom_step0_s_20260508_14,938da2c273224dcdac0b0600a704ba61,0.05,,,
2159,2026-05-08,SH600900,0.062167372554540634,EXP_XGBModel_Alpha158_csi300_custom_step0_s_20260508_14,938da2c273224dcdac0b0600a704ba61,0.05,,,
2160,2026-05-08,SH600905,-0.0030265036039054394,EXP_XGBModel_Alpha158_csi300_custom_step0_s_20260508_14,938da2c273224dcdac0b0600a704ba61,0.05,,,
2161,2026-05-08,SH600918,0.04297611117362976,EXP_XGBModel_Alpha158_csi300_custom_step0_s_20260508_14,938da2c273224dcdac0b0600a704ba61,0.05,,,
2162,2026-05-08,SH601058,-0.029967553913593292,EXP_XGBModel_Alpha158_csi300_custom_step0_s_20260508_14,938da2c273224dcdac0b0600a704ba61,0.05,,,
2163,2026-05-08,SH601021,0.036182958632707596,EXP_XGBModel_Alpha158_csi300_custom_step0_s_20260508_14,938da2c273224dcdac0b0600a704ba61,0.05,,,
2164,2026-05-08,SH601018,0.001696051680482924,EXP_XGBModel_Alpha158_csi300_custom_step0_s_20260508_14,938da2c273224dcdac0b0600a704ba61,0.05,,,
2165,2026-05-08,SH601012,-0.020428160205483437,EXP_XGBModel_Alpha158_csi300_custom_step0_s_20260508_14,938da2c273224dcdac0b0600a704ba61,0.05,,,
2166,2026-05-08,SH601009,0.01438824087381363,EXP_XGBModel_Alpha158_csi300_custom_step0_s_20260508_14,938da2c273224dcdac0b0600a704ba61,0.05,,,
2167,2026-05-08,SH601006,0.06871349364519119,EXP_XGBModel_Alpha158_csi300_custom_step0_s_20260508_14,938da2c273224dcdac0b0600a704ba61,0.05,,,
2168,2026-05-08,SH601066,0.00404743617400527,EXP_XGBModel_Alpha158_csi300_custom_step0_s_20260508_14,938da2c273224dcdac0b0600a704ba61,0.05,,,
2169,2026-05-08,SH600999,0.06391417980194092,EXP_XGBModel_Alpha158_csi300_custom_step0_s_20260508_14,938da2c273224dcdac0b0600a704ba61,0.05,,,
2170,2026-05-08,SH600958,0.014617495238780975,EXP_XGBModel_Alpha158_csi300_custom_step0_s_20260508_14,938da2c273224dcdac0b0600a704ba61,0.05,,,
2171,2026-05-08,SH600941,0.09828194230794907,EXP_XGBModel_Alpha158_csi300_custom_step0_s_20260508_14,938da2c273224dcdac0b0600a704ba61,0.05,,,
2172,2026-05-08,SH600938,-0.0672750249505043,EXP_XGBModel_Alpha158_csi300_custom_step0_s_20260508_14,938da2c273224dcdac0b0600a704ba61,0.05,,,
2173,2026-05-08,SH600930,0.03997072950005531,EXP_XGBModel_Alpha158_csi300_custom_step0_s_20260508_14,938da2c273224dcdac0b0600a704ba61,0.05,,,
2174,2026-05-08,SH600926,0.05714891105890274,EXP_XGBModel_Alpha158_csi300_custom_step0_s_20260508_14,938da2c273224dcdac0b0600a704ba61,0.05,,,
2175,2026-05-08,SH600919,0.06267699599266052,EXP_XGBModel_Alpha158_csi300_custom_step0_s_20260508_14,938da2c273224dcdac0b0600a704ba61,0.05,,,
2176,2026-05-08,SH600989,-0.023612363263964653,EXP_XGBModel_Alpha158_csi300_custom_step0_s_20260508_14,938da2c273224dcdac0b0600a704ba61,0.05,,,
2177,2026-05-08,SH601668,0.058885589241981506,EXP_XGBModel_Alpha158_csi300_custom_step0_s_20260508_14,938da2c273224dcdac0b0600a704ba61,0.05,,,
2178,2026-05-08,SH601669,-0.0014629809884354472,EXP_XGBModel_Alpha158_csi300_custom_step0_s_20260508_14,938da2c273224dcdac0b0600a704ba61,0.05,,,
2179,2026-05-08,SH601688,0.012674274854362011,EXP_XGBModel_Alpha158_csi300_custom_step0_s_20260508_14,938da2c273224dcdac0b0600a704ba61,0.05,,,
2180,2026-05-08,SH603501,-0.03390089422464371,EXP_XGBModel_Alpha158_csi300_custom_step0_s_20260508_14,938da2c273224dcdac0b0600a704ba61,0.05,,,
2181,2026-05-08,SH603799,-0.15518993139266968,EXP_XGBModel_Alpha158_csi300_custom_step0_s_20260508_14,938da2c273224dcdac0b0600a704ba61,0.05,,,
2182,2026-05-08,SH603893,0.0013990538427606225,EXP_XGBModel_Alpha158_csi300_custom_step0_s_20260508_14,938da2c273224dcdac0b0600a704ba61,0.05,,,
2183,2026-05-08,SH603986,-0.22470788657665253,EXP_XGBModel_Alpha158_csi300_custom_step0_s_20260508_14,938da2c273224dcdac0b0600a704ba61,0.05,,,
2184,2026-05-08,SH603993,-0.027779314666986465,EXP_XGBModel_Alpha158_csi300_custom_step0_s_20260508_14,938da2c273224dcdac0b0600a704ba61,0.05,,,
2185,2026-05-08,SH605117,-0.22881342470645905,EXP_XGBModel_Alpha158_csi300_custom_step0_s_20260508_14,938da2c273224dcdac0b0600a704ba61,0.05,,,
2186,2026-05-08,SH605499,-0.027808165177702904,EXP_XGBModel_Alpha158_csi300_custom_step0_s_20260508_14,938da2c273224dcdac0b0600a704ba61,0.05,,,
2187,2026-05-08,SH688008,-0.371937096118927,EXP_XGBModel_Alpha158_csi300_custom_step0_s_20260508_14,938da2c273224dcdac0b0600a704ba61,0.05,,,
2188,2026-05-08,SH688009,0.004674864467233419,EXP_XGBModel_Alpha158_csi300_custom_step0_s_20260508_14,938da2c273224dcdac0b0600a704ba61,0.05,,,
2189,2026-05-08,SH688012,-0.04634565860033035,EXP_XGBModel_Alpha158_csi300_custom_step0_s_20260508_14,938da2c273224dcdac0b0600a704ba61,0.05,,,
2190,2026-05-08,SH688036,-0.029987718909978867,EXP_XGBModel_Alpha158_csi300_custom_step0_s_20260508_14,938da2c273224dcdac0b0600a704ba61,0.05,,,
2191,2026-05-08,SH688041,-0.24632562696933746,EXP_XGBModel_Alpha158_csi300_custom_step0_s_20260508_14,938da2c273224dcdac0b0600a704ba61,0.05,,,
2192,2026-05-08,SH688047,-0.08682723343372345,EXP_XGBModel_Alpha158_csi300_custom_step0_s_20260508_14,938da2c273224dcdac0b0600a704ba61,0.05,,,
2193,2026-05-08,SH688082,-0.02658037655055523,EXP_XGBModel_Alpha158_csi300_custom_step0_s_20260508_14,938da2c273224dcdac0b0600a704ba61,0.05,,,
2194,2026-05-08,SH688111,-0.07464588433504105,EXP_XGBModel_Alpha158_csi300_custom_step0_s_20260508_14,938da2c273224dcdac0b0600a704ba61,0.05,,,
2195,2026-05-08,SH688126,-0.19230496883392334,EXP_XGBModel_Alpha158_csi300_custom_step0_s_20260508_14,938da2c273224dcdac0b0600a704ba61,0.05,,,
2196,2026-05-08,SH688169,-0.04451201483607292,EXP_XGBModel_Alpha158_csi300_custom_step0_s_20260508_14,938da2c273224dcdac0b0600a704ba61,0.05,,,
2197,2026-05-08,SZ000157,0.02632555179297924,EXP_XGBModel_Alpha158_csi300_custom_step0_s_20260508_14,938da2c273224dcdac0b0600a704ba61,0.05,,,
2198,2026-05-08,SZ000100,0.11828327178955078,EXP_XGBModel_Alpha158_csi300_custom_step0_s_20260508_14,938da2c273224dcdac0b0600a704ba61,0.05,,,
2199,2026-05-08,SZ000063,-0.050648368895053864,EXP_XGBModel_Alpha158_csi300_custom_step0_s_20260508_14,938da2c273224dcdac0b0600a704ba61,0.05,,,
2200,2026-05-08,SZ000002,-0.021062903106212616,EXP_XGBModel_Alpha158_csi300_custom_step0_s_20260508_14,938da2c273224dcdac0b0600a704ba61,0.05,,,
2201,2026-05-08,SZ000001,0.03976243734359741,EXP_XGBModel_Alpha158_csi300_custom_step0_s_20260508_14,938da2c273224dcdac0b0600a704ba61,0.05,,,
2202,2026-05-08,SH688981,-0.06187670677900314,EXP_XGBModel_Alpha158_csi300_custom_step0_s_20260508_14,938da2c273224dcdac0b0600a704ba61,0.05,,,
2203,2026-05-08,SH603392,-0.0410347580909729,EXP_XGBModel_Alpha158_csi300_custom_step0_s_20260508_14,938da2c273224dcdac0b0600a704ba61,0.05,,,
2204,2026-05-08,SH688506,-0.011356586590409279,EXP_XGBModel_Alpha158_csi300_custom_step0_s_20260508_14,938da2c273224dcdac0b0600a704ba61,0.05,,,
2205,2026-05-08,SH688396,-0.13203197717666626,EXP_XGBModel_Alpha158_csi300_custom_step0_s_20260508_14,938da2c273224dcdac0b0600a704ba61,0.05,,,
2206,2026-05-08,SH688303,-0.051681071519851685,EXP_XGBModel_Alpha158_csi300_custom_step0_s_20260508_14,938da2c273224dcdac0b0600a704ba61,0.05,,,
2207,2026-05-08,SH688271,-0.0370028130710125,EXP_XGBModel_Alpha158_csi300_custom_step0_s_20260508_14,938da2c273224dcdac0b0600a704ba61,0.05,,,
2208,2026-05-08,SH688256,-0.19408221542835236,EXP_XGBModel_Alpha158_csi300_custom_step0_s_20260508_14,938da2c273224dcdac0b0600a704ba61,0.05,,,
2209,2026-05-08,SH688223,-0.04466834291815758,EXP_XGBModel_Alpha158_csi300_custom_step0_s_20260508_14,938da2c273224dcdac0b0600a704ba61,0.05,,,
2210,2026-05-08,SH688187,-0.010162611491978168,EXP_XGBModel_Alpha158_csi300_custom_step0_s_20260508_14,938da2c273224dcdac0b0600a704ba61,0.05,,,
2211,2026-05-08,SH688472,-0.04255682975053787,EXP_XGBModel_Alpha158_csi300_custom_step0_s_20260508_14,938da2c273224dcdac0b0600a704ba61,0.05,,,
2212,2026-05-08,SH603369,-0.031270675361156464,EXP_XGBModel_Alpha158_csi300_custom_step0_s_20260508_14,938da2c273224dcdac0b0600a704ba61,0.05,,,
2213,2026-05-08,SH603296,-0.026561671867966652,EXP_XGBModel_Alpha158_csi300_custom_step0_s_20260508_14,938da2c273224dcdac0b0600a704ba61,0.05,,,
2214,2026-05-08,SH603288,0.018548669293522835,EXP_XGBModel_Alpha158_csi300_custom_step0_s_20260508_14,938da2c273224dcdac0b0600a704ba61,0.05,,,
2215,2026-05-08,SH601872,-0.1275143176317215,EXP_XGBModel_Alpha158_csi300_custom_step0_s_20260508_14,938da2c273224dcdac0b0600a704ba61,0.05,,,
2216,2026-05-08,SH601868,0.10967741161584854,EXP_XGBModel_Alpha158_csi300_custom_step0_s_20260508_14,938da2c273224dcdac0b0600a704ba61,0.05,,,
2217,2026-05-08,SH601857,-0.08855266124010086,EXP_XGBModel_Alpha158_csi300_custom_step0_s_20260508_14,938da2c273224dcdac0b0600a704ba61,0.05,,,
2218,2026-05-08,SH601838,0.008340521715581417,EXP_XGBModel_Alpha158_csi300_custom_step0_s_20260508_14,938da2c273224dcdac0b0600a704ba61,0.05,,,
2219,2026-05-08,SH601825,0.0068512256257236,EXP_XGBModel_Alpha158_csi300_custom_step0_s_20260508_14,938da2c273224dcdac0b0600a704ba61,0.05,,,
2220,2026-05-08,SH601818,0.06860733777284622,EXP_XGBModel_Alpha158_csi300_custom_step0_s_20260508_14,938da2c273224dcdac0b0600a704ba61,0.05,,,
2221,2026-05-08,SH601877,0.00018378812819719315,EXP_XGBModel_Alpha158_csi300_custom_step0_s_20260508_14,938da2c273224dcdac0b0600a704ba61,0.05,,,
2222,2026-05-08,SH601816,0.023469118401408195,EXP_XGBModel_Alpha158_csi300_custom_step0_s_20260508_14,938da2c273224dcdac0b0600a704ba61,0.05,,,
2223,2026-05-08,SH601800,-0.017704829573631287,EXP_XGBModel_Alpha158_csi300_custom_step0_s_20260508_14,938da2c273224dcdac0b0600a704ba61,0.05,,,
2224,2026-05-08,SH601788,0.01653950661420822,EXP_XGBModel_Alpha158_csi300_custom_step0_s_20260508_14,938da2c273224dcdac0b0600a704ba61,0.05,,,
2225,2026-05-08,SH601766,0.026654433459043503,EXP_XGBModel_Alpha158_csi300_custom_step0_s_20260508_14,938da2c273224dcdac0b0600a704ba61,0.05,,,
2226,2026-05-08,SH601728,0.06877968460321426,EXP_XGBModel_Alpha158_csi300_custom_step0_s_20260508_14,938da2c273224dcdac0b0600a704ba61,0.05,,,
2227,2026-05-08,SH601698,-0.13093970715999603,EXP_XGBModel_Alpha158_csi300_custom_step0_s_20260508_14,938da2c273224dcdac0b0600a704ba61,0.05,,,
2228,2026-05-08,SH601689,-0.01373446173965931,EXP_XGBModel_Alpha158_csi300_custom_step0_s_20260508_14,938da2c273224dcdac0b0600a704ba61,0.05,,,
2229,2026-05-08,SH601808,-0.022096974775195122,EXP_XGBModel_Alpha158_csi300_custom_step0_s_20260508_14,938da2c273224dcdac0b0600a704ba61,0.05,,,
2230,2026-05-08,SZ000301,-0.02262774482369423,EXP_XGBModel_Alpha158_csi300_custom_step0_s_20260508_14,938da2c273224dcdac0b0600a704ba61,0.05,,,
2231,2026-05-08,SH601878,0.014390061609447002,EXP_XGBModel_Alpha158_csi300_custom_step0_s_20260508_14,938da2c273224dcdac0b0600a704ba61,0.05,,,
2232,2026-05-08,SH601888,-0.03178652003407478,EXP_XGBModel_Alpha158_csi300_custom_step0_s_20260508_14,938da2c273224dcdac0b0600a704ba61,0.05,,,
2233,2026-05-08,SH603260,-0.01216309703886509,EXP_XGBModel_Alpha158_csi300_custom_step0_s_20260508_14,938da2c273224dcdac0b0600a704ba61,0.05,,,
2234,2026-05-08,SH603259,-0.042928267270326614,EXP_XGBModel_Alpha158_csi300_custom_step0_s_20260508_14,938da2c273224dcdac0b0600a704ba61,0.05,,,
2235,2026-05-08,SH603195,0.0012504080077633262,EXP_XGBModel_Alpha158_csi300_custom_step0_s_20260508_14,938da2c273224dcdac0b0600a704ba61,0.05,,,
2236,2026-05-08,SH603019,-0.05972510203719139,EXP_XGBModel_Alpha158_csi300_custom_step0_s_20260508_14,938da2c273224dcdac0b0600a704ba61,0.05,,,
2237,2026-05-08,SH601998,0.03149105980992317,EXP_XGBModel_Alpha158_csi300_custom_step0_s_20260508_14,938da2c273224dcdac0b0600a704ba61,0.05,,,
2238,2026-05-08,SH601995,0.06500452011823654,EXP_XGBModel_Alpha158_csi300_custom_step0_s_20260508_14,938da2c273224dcdac0b0600a704ba61,0.05,,,
2239,2026-05-08,SH601881,0.021051760762929916,EXP_XGBModel_Alpha158_csi300_custom_step0_s_20260508_14,938da2c273224dcdac0b0600a704ba61,0.05,,,
2240,2026-05-08,SH601988,0.057898275554180145,EXP_XGBModel_Alpha158_csi300_custom_step0_s_20260508_14,938da2c273224dcdac0b0600a704ba61,0.05,,,
2241,2026-05-08,SH601939,0.042985059320926666,EXP_XGBModel_Alpha158_csi300_custom_step0_s_20260508_14,938da2c273224dcdac0b0600a704ba61,0.05,,,
2242,2026-05-08,SH601919,0.004538790788501501,EXP_XGBModel_Alpha158_csi300_custom_step0_s_20260508_14,938da2c273224dcdac0b0600a704ba61,0.05,,,
2243,2026-05-08,SH601916,0.07415104657411575,EXP_XGBModel_Alpha158_csi300_custom_step0_s_20260508_14,938da2c273224dcdac0b0600a704ba61,0.05,,,
2244,2026-05-08,SH601901,0.04628126323223114,EXP_XGBModel_Alpha158_csi300_custom_step0_s_20260508_14,938da2c273224dcdac0b0600a704ba61,0.05,,,
2245,2026-05-08,SH601899,-0.020652424544095993,EXP_XGBModel_Alpha158_csi300_custom_step0_s_20260508_14,938da2c273224dcdac0b0600a704ba61,0.05,,,
2246,2026-05-08,SH601898,-0.00962630845606327,EXP_XGBModel_Alpha158_csi300_custom_step0_s_20260508_14,938da2c273224dcdac0b0600a704ba61,0.05,,,
2247,2026-05-08,SH601985,0.0419730544090271,EXP_XGBModel_Alpha158_csi300_custom_step0_s_20260508_14,938da2c273224dcdac0b0600a704ba61,0.05,,,
2248,2026-05-08,SH601919,-0.06587354788756826,EXP_DEnsembleModel_Alpha158_csi300_custom_step0_s_20260508_14,246173a6588340aca285c143d7f0b30d,0.05,,,
2249,2026-05-08,SH601916,-0.045962327835824456,EXP_DEnsembleModel_Alpha158_csi300_custom_step0_s_20260508_14,246173a6588340aca285c143d7f0b30d,0.05,,,
2250,2026-05-08,SH601901,0.03798234477548133,EXP_DEnsembleModel_Alpha158_csi300_custom_step0_s_20260508_14,246173a6588340aca285c143d7f0b30d,0.05,,,
2251,2026-05-08,SH601868,-0.0020223583775467913,EXP_LGBModel_Alpha158_csi300_custom_step0_s_20260508_16,67aaf4ee861e4cff962e103c58f38cae,0.06,,,
2252,2026-05-08,SH601872,-0.0020223583775467913,EXP_LGBModel_Alpha158_csi300_custom_step0_s_20260508_16,67aaf4ee861e4cff962e103c58f38cae,0.06,,,
2253,2026-05-08,SH601877,-0.0008085327369481251,EXP_LGBModel_Alpha158_csi300_custom_step0_s_20260508_16,67aaf4ee861e4cff962e103c58f38cae,0.06,,,
2254,2026-05-08,SH601878,-7.26883994483889e-10,EXP_LGBModel_Alpha158_csi300_custom_step0_s_20260508_16,67aaf4ee861e4cff962e103c58f38cae,0.06,,,
2255,2026-05-08,SH601881,-0.0008085327369481251,EXP_LGBModel_Alpha158_csi300_custom_step0_s_20260508_16,67aaf4ee861e4cff962e103c58f38cae,0.06,,,
2256,2026-05-08,SH601888,-0.0020223583775467913,EXP_LGBModel_Alpha158_csi300_custom_step0_s_20260508_16,67aaf4ee861e4cff962e103c58f38cae,0.06,,,
2257,2026-05-08,SH601898,-7.26883994483889e-10,EXP_LGBModel_Alpha158_csi300_custom_step0_s_20260508_16,67aaf4ee861e4cff962e103c58f38cae,0.06,,,
2258,2026-05-08,SH601899,-7.26883994483889e-10,EXP_LGBModel_Alpha158_csi300_custom_step0_s_20260508_16,67aaf4ee861e4cff962e103c58f38cae,0.06,,,
2259,2026-05-08,SH601901,0.0027256610582866306,EXP_LGBModel_Alpha158_csi300_custom_step0_s_20260508_16,67aaf4ee861e4cff962e103c58f38cae,0.06,,,
2260,2026-05-08,SH601916,0.0027256610582866306,EXP_LGBModel_Alpha158_csi300_custom_step0_s_20260508_16,67aaf4ee861e4cff962e103c58f38cae,0.06,,,
2261,2026-05-08,SH601919,-0.0008085327369481251,EXP_LGBModel_Alpha158_csi300_custom_step0_s_20260508_16,67aaf4ee861e4cff962e103c58f38cae,0.06,,,
2262,2026-05-08,SH601939,0.0027256610582866306,EXP_LGBModel_Alpha158_csi300_custom_step0_s_20260508_16,67aaf4ee861e4cff962e103c58f38cae,0.06,,,
2263,2026-05-08,SH601985,0.0006447571557192846,EXP_LGBModel_Alpha158_csi300_custom_step0_s_20260508_16,67aaf4ee861e4cff962e103c58f38cae,0.06,,,
2264,2026-05-08,SH601988,-7.26883994483889e-10,EXP_LGBModel_Alpha158_csi300_custom_step0_s_20260508_16,67aaf4ee861e4cff962e103c58f38cae,0.06,,,
2265,2026-05-08,SH601995,0.0006447571557192846,EXP_LGBModel_Alpha158_csi300_custom_step0_s_20260508_16,67aaf4ee861e4cff962e103c58f38cae,0.06,,,
2266,2026-05-08,SH601998,0.0006447571557192846,EXP_LGBModel_Alpha158_csi300_custom_step0_s_20260508_16,67aaf4ee861e4cff962e103c58f38cae,0.06,,,
2267,2026-05-08,SH603019,-0.0020223583775467913,EXP_LGBModel_Alpha158_csi300_custom_step0_s_20260508_16,67aaf4ee861e4cff962e103c58f38cae,0.06,,,
2268,2026-05-08,SH605499,-7.26883994483889e-10,EXP_LGBModel_Alpha158_csi300_custom_step0_s_20260508_16,67aaf4ee861e4cff962e103c58f38cae,0.06,,,
2269,2026-05-08,SH605117,-0.0020223583775467913,EXP_LGBModel_Alpha158_csi300_custom_step0_s_20260508_16,67aaf4ee861e4cff962e103c58f38cae,0.06,,,
2270,2026-05-08,SH603993,-7.26883994483889e-10,EXP_LGBModel_Alpha158_csi300_custom_step0_s_20260508_16,67aaf4ee861e4cff962e103c58f38cae,0.06,,,
2271,2026-05-08,SH603986,-7.26883994483889e-10,EXP_LGBModel_Alpha158_csi300_custom_step0_s_20260508_16,67aaf4ee861e4cff962e103c58f38cae,0.06,,,
2272,2026-05-08,SH603893,-7.26883994483889e-10,EXP_LGBModel_Alpha158_csi300_custom_step0_s_20260508_16,67aaf4ee861e4cff962e103c58f38cae,0.06,,,
2273,2026-05-08,SH603799,-0.0020223583775467913,EXP_LGBModel_Alpha158_csi300_custom_step0_s_20260508_16,67aaf4ee861e4cff962e103c58f38cae,0.06,,,
2274,2026-05-08,SH601857,-0.0020223583775467913,EXP_LGBModel_Alpha158_csi300_custom_step0_s_20260508_16,67aaf4ee861e4cff962e103c58f38cae,0.06,,,
2275,2026-05-08,SH603501,-0.0020223583775467913,EXP_LGBModel_Alpha158_csi300_custom_step0_s_20260508_16,67aaf4ee861e4cff962e103c58f38cae,0.06,,,
2276,2026-05-08,SH603369,-0.0020223583775467913,EXP_LGBModel_Alpha158_csi300_custom_step0_s_20260508_16,67aaf4ee861e4cff962e103c58f38cae,0.06,,,
2277,2026-05-08,SH603296,0.0013218603184620766,EXP_LGBModel_Alpha158_csi300_custom_step0_s_20260508_16,67aaf4ee861e4cff962e103c58f38cae,0.06,,,
2278,2026-05-08,SH603288,-7.26883994483889e-10,EXP_LGBModel_Alpha158_csi300_custom_step0_s_20260508_16,67aaf4ee861e4cff962e103c58f38cae,0.06,,,
2279,2026-05-08,SH603260,0.0027256610582866306,EXP_LGBModel_Alpha158_csi300_custom_step0_s_20260508_16,67aaf4ee861e4cff962e103c58f38cae,0.06,,,
2280,2026-05-08,SH603259,-0.0020223583775467913,EXP_LGBModel_Alpha158_csi300_custom_step0_s_20260508_16,67aaf4ee861e4cff962e103c58f38cae,0.06,,,
2281,2026-05-08,SH603195,-7.26883994483889e-10,EXP_LGBModel_Alpha158_csi300_custom_step0_s_20260508_16,67aaf4ee861e4cff962e103c58f38cae,0.06,,,
2282,2026-05-08,SH603392,-0.0020223583775467913,EXP_LGBModel_Alpha158_csi300_custom_step0_s_20260508_16,67aaf4ee861e4cff962e103c58f38cae,0.06,,,
2283,2026-05-08,SH688008,-7.26883994483889e-10,EXP_LGBModel_Alpha158_csi300_custom_step0_s_20260508_16,67aaf4ee861e4cff962e103c58f38cae,0.06,,,
2284,2026-05-08,SH601838,0.0013218603184620766,EXP_LGBModel_Alpha158_csi300_custom_step0_s_20260508_16,67aaf4ee861e4cff962e103c58f38cae,0.06,,,
2285,2026-05-08,SH601818,-7.26883994483889e-10,EXP_LGBModel_Alpha158_csi300_custom_step0_s_20260508_16,67aaf4ee861e4cff962e103c58f38cae,0.06,,,
2286,2026-05-08,SH601236,-0.0008085327369481251,EXP_LGBModel_Alpha158_csi300_custom_step0_s_20260508_16,67aaf4ee861e4cff962e103c58f38cae,0.06,,,
2287,2026-05-08,SH601238,-0.0008085327369481251,EXP_LGBModel_Alpha158_csi300_custom_step0_s_20260508_16,67aaf4ee861e4cff962e103c58f38cae,0.06,,,
2288,2026-05-08,SH601288,-7.26883994483889e-10,EXP_LGBModel_Alpha158_csi300_custom_step0_s_20260508_16,67aaf4ee861e4cff962e103c58f38cae,0.06,,,
2289,2026-05-08,SH601298,0.0027256610582866306,EXP_LGBModel_Alpha158_csi300_custom_step0_s_20260508_16,67aaf4ee861e4cff962e103c58f38cae,0.06,,,
2290,2026-05-08,SH601318,-7.26883994483889e-10,EXP_LGBModel_Alpha158_csi300_custom_step0_s_20260508_16,67aaf4ee861e4cff962e103c58f38cae,0.06,,,
2291,2026-05-08,SH601319,-7.26883994483889e-10,EXP_LGBModel_Alpha158_csi300_custom_step0_s_20260508_16,67aaf4ee861e4cff962e103c58f38cae,0.06,,,
2292,2026-05-08,SH601328,-0.0020223583775467913,EXP_LGBModel_Alpha158_csi300_custom_step0_s_20260508_16,67aaf4ee861e4cff962e103c58f38cae,0.06,,,
2293,2026-05-08,SH601336,-0.0020223583775467913,EXP_LGBModel_Alpha158_csi300_custom_step0_s_20260508_16,67aaf4ee861e4cff962e103c58f38cae,0.06,,,
2294,2026-05-08,SH601360,-7.26883994483889e-10,EXP_LGBModel_Alpha158_csi300_custom_step0_s_20260508_16,67aaf4ee861e4cff962e103c58f38cae,0.06,,,
2295,2026-05-08,SH601377,0.0013218603184620766,EXP_LGBModel_Alpha158_csi300_custom_step0_s_20260508_16,67aaf4ee861e4cff962e103c58f38cae,0.06,,,
2296,2026-05-08,SH601390,-7.26883994483889e-10,EXP_LGBModel_Alpha158_csi300_custom_step0_s_20260508_16,67aaf4ee861e4cff962e103c58f38cae,0.06,,,
2297,2026-05-08,SH601398,0.0027256610582866306,EXP_LGBModel_Alpha158_csi300_custom_step0_s_20260508_16,67aaf4ee861e4cff962e103c58f38cae,0.06,,,
2298,2026-05-08,SH601456,-0.0020223583775467913,EXP_LGBModel_Alpha158_csi300_custom_step0_s_20260508_16,67aaf4ee861e4cff962e103c58f38cae,0.06,,,
2299,2026-05-08,SH601600,0.0027256610582866306,EXP_LGBModel_Alpha158_csi300_custom_step0_s_20260508_16,67aaf4ee861e4cff962e103c58f38cae,0.06,,,
2300,2026-05-08,SH601601,-0.0008085327369481251,EXP_LGBModel_Alpha158_csi300_custom_step0_s_20260508_16,67aaf4ee861e4cff962e103c58f38cae,0.06,,,
2301,2026-05-08,SH601607,-7.26883994483889e-10,EXP_LGBModel_Alpha158_csi300_custom_step0_s_20260508_16,67aaf4ee861e4cff962e103c58f38cae,0.06,,,
2302,2026-05-08,SH601618,0.0006447571557192846,EXP_LGBModel_Alpha158_csi300_custom_step0_s_20260508_16,67aaf4ee861e4cff962e103c58f38cae,0.06,,,
2303,2026-05-08,SH601816,-7.26883994483889e-10,EXP_LGBModel_Alpha158_csi300_custom_step0_s_20260508_16,67aaf4ee861e4cff962e103c58f38cae,0.06,,,
2304,2026-05-08,SH601808,-0.0020223583775467913,EXP_LGBModel_Alpha158_csi300_custom_step0_s_20260508_16,67aaf4ee861e4cff962e103c58f38cae,0.06,,,
2305,2026-05-08,SH601800,-0.0020223583775467913,EXP_LGBModel_Alpha158_csi300_custom_step0_s_20260508_16,67aaf4ee861e4cff962e103c58f38cae,0.06,,,
2306,2026-05-08,SH601788,-0.0020223583775467913,EXP_LGBModel_Alpha158_csi300_custom_step0_s_20260508_16,67aaf4ee861e4cff962e103c58f38cae,0.06,,,
2307,2026-05-08,SH601766,-0.0008085327369481251,EXP_LGBModel_Alpha158_csi300_custom_step0_s_20260508_16,67aaf4ee861e4cff962e103c58f38cae,0.06,,,
2308,2026-05-08,SH601728,-7.26883994483889e-10,EXP_LGBModel_Alpha158_csi300_custom_step0_s_20260508_16,67aaf4ee861e4cff962e103c58f38cae,0.06,,,
2309,2026-05-08,SH601825,-0.0008085327369481251,EXP_LGBModel_Alpha158_csi300_custom_step0_s_20260508_16,67aaf4ee861e4cff962e103c58f38cae,0.06,,,
2310,2026-05-08,SH601698,0.0013218603184620766,EXP_LGBModel_Alpha158_csi300_custom_step0_s_20260508_16,67aaf4ee861e4cff962e103c58f38cae,0.06,,,
2311,2026-05-08,SH601688,0.0006447571557192846,EXP_LGBModel_Alpha158_csi300_custom_step0_s_20260508_16,67aaf4ee861e4cff962e103c58f38cae,0.06,,,
2312,2026-05-08,SH601669,-7.26883994483889e-10,EXP_LGBModel_Alpha158_csi300_custom_step0_s_20260508_16,67aaf4ee861e4cff962e103c58f38cae,0.06,,,
2313,2026-05-08,SH601668,0.0027256610582866306,EXP_LGBModel_Alpha158_csi300_custom_step0_s_20260508_16,67aaf4ee861e4cff962e103c58f38cae,0.06,,,
2314,2026-05-08,SH601658,-7.26883994483889e-10,EXP_LGBModel_Alpha158_csi300_custom_step0_s_20260508_16,67aaf4ee861e4cff962e103c58f38cae,0.06,,,
2315,2026-05-08,SH601633,-7.26883994483889e-10,EXP_LGBModel_Alpha158_csi300_custom_step0_s_20260508_16,67aaf4ee861e4cff962e103c58f38cae,0.06,,,
2316,2026-05-08,SH601628,-7.26883994483889e-10,EXP_LGBModel_Alpha158_csi300_custom_step0_s_20260508_16,67aaf4ee861e4cff962e103c58f38cae,0.06,,,
2317,2026-05-08,SH601689,-0.0020223583775467913,EXP_LGBModel_Alpha158_csi300_custom_step0_s_20260508_16,67aaf4ee861e4cff962e103c58f38cae,0.06,,,
2318,2026-05-08,SH601229,-0.0020223583775467913,EXP_LGBModel_Alpha158_csi300_custom_step0_s_20260508_16,67aaf4ee861e4cff962e103c58f38cae,0.06,,,
2319,2026-05-08,SH688009,-7.26883994483889e-10,EXP_LGBModel_Alpha158_csi300_custom_step0_s_20260508_16,67aaf4ee861e4cff962e103c58f38cae,0.06,,,
2320,2026-05-08,SH688036,-0.0020223583775467913,EXP_LGBModel_Alpha158_csi300_custom_step0_s_20260508_16,67aaf4ee861e4cff962e103c58f38cae,0.06,,,
2321,2026-05-08,SZ000725,0.0006447571557192846,EXP_LGBModel_Alpha158_csi300_custom_step0_s_20260508_16,67aaf4ee861e4cff962e103c58f38cae,0.06,,,
2322,2026-05-08,SZ000768,-7.26883994483889e-10,EXP_LGBModel_Alpha158_csi300_custom_step0_s_20260508_16,67aaf4ee861e4cff962e103c58f38cae,0.06,,,
2323,2026-05-08,SZ000776,-7.26883994483889e-10,EXP_LGBModel_Alpha158_csi300_custom_step0_s_20260508_16,67aaf4ee861e4cff962e103c58f38cae,0.06,,,
2324,2026-05-08,SZ000786,-0.0020223583775467913,EXP_LGBModel_Alpha158_csi300_custom_step0_s_20260508_16,67aaf4ee861e4cff962e103c58f38cae,0.06,,,
2325,2026-05-08,SZ000792,-0.0020223583775467913,EXP_LGBModel_Alpha158_csi300_custom_step0_s_20260508_16,67aaf4ee861e4cff962e103c58f38cae,0.06,,,
2326,2026-05-08,SZ000807,-0.0020223583775467913,EXP_LGBModel_Alpha158_csi300_custom_step0_s_20260508_16,67aaf4ee861e4cff962e103c58f38cae,0.06,,,
2327,2026-05-08,SZ000858,-7.26883994483889e-10,EXP_LGBModel_Alpha158_csi300_custom_step0_s_20260508_16,67aaf4ee861e4cff962e103c58f38cae,0.06,,,
2328,2026-05-08,SZ000876,-7.26883994483889e-10,EXP_LGBModel_Alpha158_csi300_custom_step0_s_20260508_16,67aaf4ee861e4cff962e103c58f38cae,0.06,,,
2329,2026-05-08,SZ000895,-0.0020223583775467913,EXP_LGBModel_Alpha158_csi300_custom_step0_s_20260508_16,67aaf4ee861e4cff962e103c58f38cae,0.06,,,
2330,2026-05-08,SZ000938,-7.26883994483889e-10,EXP_LGBModel_Alpha158_csi300_custom_step0_s_20260508_16,67aaf4ee861e4cff962e103c58f38cae,0.06,,,
2331,2026-05-08,SZ000963,-0.0020223583775467913,EXP_LGBModel_Alpha158_csi300_custom_step0_s_20260508_16,67aaf4ee861e4cff962e103c58f38cae,0.06,,,
2332,2026-05-08,SZ000975,-7.26883994483889e-10,EXP_LGBModel_Alpha158_csi300_custom_step0_s_20260508_16,67aaf4ee861e4cff962e103c58f38cae,0.06,,,
2333,2026-05-08,SZ000977,-7.26883994483889e-10,EXP_LGBModel_Alpha158_csi300_custom_step0_s_20260508_16,67aaf4ee861e4cff962e103c58f38cae,0.06,,,
2334,2026-05-08,SZ000983,-0.0020223583775467913,EXP_LGBModel_Alpha158_csi300_custom_step0_s_20260508_16,67aaf4ee861e4cff962e103c58f38cae,0.06,,,
2335,2026-05-08,SZ000999,-7.26883994483889e-10,EXP_LGBModel_Alpha158_csi300_custom_step0_s_20260508_16,67aaf4ee861e4cff962e103c58f38cae,0.06,,,
2336,2026-05-08,SZ001391,-7.26883994483889e-10,EXP_LGBModel_Alpha158_csi300_custom_step0_s_20260508_16,67aaf4ee861e4cff962e103c58f38cae,0.06,,,
2337,2026-05-08,SZ001965,0.0027256610582866306,EXP_LGBModel_Alpha158_csi300_custom_step0_s_20260508_16,67aaf4ee861e4cff962e103c58f38cae,0.06,,,
2338,2026-05-08,SZ002304,-0.0008085327369481251,EXP_LGBModel_Alpha158_csi300_custom_step0_s_20260508_16,67aaf4ee861e4cff962e103c58f38cae,0.06,,,
2339,2026-05-08,SZ002252,-7.26883994483889e-10,EXP_LGBModel_Alpha158_csi300_custom_step0_s_20260508_16,67aaf4ee861e4cff962e103c58f38cae,0.06,,,
2340,2026-05-08,SZ002241,-7.26883994483889e-10,EXP_LGBModel_Alpha158_csi300_custom_step0_s_20260508_16,67aaf4ee861e4cff962e103c58f38cae,0.06,,,
2341,2026-05-08,SZ002236,-0.0008085327369481251,EXP_LGBModel_Alpha158_csi300_custom_step0_s_20260508_16,67aaf4ee861e4cff962e103c58f38cae,0.06,,,
2342,2026-05-08,SZ002230,0.0006447571557192846,EXP_LGBModel_Alpha158_csi300_custom_step0_s_20260508_16,67aaf4ee861e4cff962e103c58f38cae,0.06,,,
2343,2026-05-08,SZ002179,-0.0020223583775467913,EXP_LGBModel_Alpha158_csi300_custom_step0_s_20260508_16,67aaf4ee861e4cff962e103c58f38cae,0.06,,,
2344,2026-05-08,SZ000708,-0.0020223583775467913,EXP_LGBModel_Alpha158_csi300_custom_step0_s_20260508_16,67aaf4ee861e4cff962e103c58f38cae,0.06,,,
2345,2026-05-08,SZ002142,-7.26883994483889e-10,EXP_LGBModel_Alpha158_csi300_custom_step0_s_20260508_16,67aaf4ee861e4cff962e103c58f38cae,0.06,,,
2346,2026-05-08,SZ002050,0.0013218603184620766,EXP_LGBModel_Alpha158_csi300_custom_step0_s_20260508_16,67aaf4ee861e4cff962e103c58f38cae,0.06,,,
2347,2026-05-08,SZ002049,-0.0020223583775467913,EXP_LGBModel_Alpha158_csi300_custom_step0_s_20260508_16,67aaf4ee861e4cff962e103c58f38cae,0.06,,,
2348,2026-05-08,SZ002028,-0.0020223583775467913,EXP_LGBModel_Alpha158_csi300_custom_step0_s_20260508_16,67aaf4ee861e4cff962e103c58f38cae,0.06,,,
2349,2026-05-08,SZ002027,-0.0020223583775467913,EXP_LGBModel_Alpha158_csi300_custom_step0_s_20260508_16,67aaf4ee861e4cff962e103c58f38cae,0.06,,,
2350,2026-05-08,SZ002001,-0.0020223583775467913,EXP_LGBModel_Alpha158_csi300_custom_step0_s_20260508_16,67aaf4ee861e4cff962e103c58f38cae,0.06,,,
2351,2026-05-08,SZ001979,0.0013218603184620766,EXP_LGBModel_Alpha158_csi300_custom_step0_s_20260508_16,67aaf4ee861e4cff962e103c58f38cae,0.06,,,
2352,2026-05-08,SZ002074,-7.26883994483889e-10,EXP_LGBModel_Alpha158_csi300_custom_step0_s_20260508_16,67aaf4ee861e4cff962e103c58f38cae,0.06,,,
2353,2026-05-08,SH688012,-0.0020223583775467913,EXP_LGBModel_Alpha158_csi300_custom_step0_s_20260508_16,67aaf4ee861e4cff962e103c58f38cae,0.06,,,
2354,2026-05-08,SZ000661,-7.26883994483889e-10,EXP_LGBModel_Alpha158_csi300_custom_step0_s_20260508_16,67aaf4ee861e4cff962e103c58f38cae,0.06,,,
2355,2026-05-08,SZ000630,-0.0020223583775467913,EXP_LGBModel_Alpha158_csi300_custom_step0_s_20260508_16,67aaf4ee861e4cff962e103c58f38cae,0.06,,,
2356,2026-05-08,SH688041,-0.004294722550846712,EXP_LGBModel_Alpha158_csi300_custom_step0_s_20260508_16,67aaf4ee861e4cff962e103c58f38cae,0.06,,,
2357,2026-05-08,SH688047,-7.26883994483889e-10,EXP_LGBModel_Alpha158_csi300_custom_step0_s_20260508_16,67aaf4ee861e4cff962e103c58f38cae,0.06,,,
2358,2026-05-08,SH688082,-7.26883994483889e-10,EXP_LGBModel_Alpha158_csi300_custom_step0_s_20260508_16,67aaf4ee861e4cff962e103c58f38cae,0.06,,,
2359,2026-05-08,SH688111,-7.26883994483889e-10,EXP_LGBModel_Alpha158_csi300_custom_step0_s_20260508_16,67aaf4ee861e4cff962e103c58f38cae,0.06,,,
2360,2026-05-08,SH688126,-7.26883994483889e-10,EXP_LGBModel_Alpha158_csi300_custom_step0_s_20260508_16,67aaf4ee861e4cff962e103c58f38cae,0.06,,,
2361,2026-05-08,SH688169,0.0006447571557192846,EXP_LGBModel_Alpha158_csi300_custom_step0_s_20260508_16,67aaf4ee861e4cff962e103c58f38cae,0.06,,,
2362,2026-05-08,SH688187,-0.0020223583775467913,EXP_LGBModel_Alpha158_csi300_custom_step0_s_20260508_16,67aaf4ee861e4cff962e103c58f38cae,0.06,,,
2363,2026-05-08,SH688223,-0.0020223583775467913,EXP_LGBModel_Alpha158_csi300_custom_step0_s_20260508_16,67aaf4ee861e4cff962e103c58f38cae,0.06,,,
2364,2026-05-08,SH688256,-0.004294722550846712,EXP_LGBModel_Alpha158_csi300_custom_step0_s_20260508_16,67aaf4ee861e4cff962e103c58f38cae,0.06,,,
2365,2026-05-08,SH688271,-0.0020223583775467913,EXP_LGBModel_Alpha158_csi300_custom_step0_s_20260508_16,67aaf4ee861e4cff962e103c58f38cae,0.06,,,
2366,2026-05-08,SH688303,-7.26883994483889e-10,EXP_LGBModel_Alpha158_csi300_custom_step0_s_20260508_16,67aaf4ee861e4cff962e103c58f38cae,0.06,,,
2367,2026-05-08,SH688396,-0.0020223583775467913,EXP_LGBModel_Alpha158_csi300_custom_step0_s_20260508_16,67aaf4ee861e4cff962e103c58f38cae,0.06,,,
2368,2026-05-08,SH688472,-0.0020223583775467913,EXP_LGBModel_Alpha158_csi300_custom_step0_s_20260508_16,67aaf4ee861e4cff962e103c58f38cae,0.06,,,
2369,2026-05-08,SH688506,-7.26883994483889e-10,EXP_LGBModel_Alpha158_csi300_custom_step0_s_20260508_16,67aaf4ee861e4cff962e103c58f38cae,0.06,,,
2370,2026-05-08,SH688981,-0.0020223583775467913,EXP_LGBModel_Alpha158_csi300_custom_step0_s_20260508_16,67aaf4ee861e4cff962e103c58f38cae,0.06,,,
2371,2026-05-08,SZ000001,-7.26883994483889e-10,EXP_LGBModel_Alpha158_csi300_custom_step0_s_20260508_16,67aaf4ee861e4cff962e103c58f38cae,0.06,,,
2372,2026-05-08,SZ000002,-0.0020223583775467913,EXP_LGBModel_Alpha158_csi300_custom_step0_s_20260508_16,67aaf4ee861e4cff962e103c58f38cae,0.06,,,
2373,2026-05-08,SZ000625,-7.26883994483889e-10,EXP_LGBModel_Alpha158_csi300_custom_step0_s_20260508_16,67aaf4ee861e4cff962e103c58f38cae,0.06,,,
2374,2026-05-08,SZ000617,-7.26883994483889e-10,EXP_LGBModel_Alpha158_csi300_custom_step0_s_20260508_16,67aaf4ee861e4cff962e103c58f38cae,0.06,,,
2375,2026-05-08,SZ000596,0.0006447571557192846,EXP_LGBModel_Alpha158_csi300_custom_step0_s_20260508_16,67aaf4ee861e4cff962e103c58f38cae,0.06,,,
2376,2026-05-08,SZ000568,-0.0008085327369481251,EXP_LGBModel_Alpha158_csi300_custom_step0_s_20260508_16,67aaf4ee861e4cff962e103c58f38cae,0.06,,,
2377,2026-05-08,SZ000538,-0.0008085327369481251,EXP_LGBModel_Alpha158_csi300_custom_step0_s_20260508_16,67aaf4ee861e4cff962e103c58f38cae,0.06,,,
2378,2026-05-08,SZ000425,-7.26883994483889e-10,EXP_LGBModel_Alpha158_csi300_custom_step0_s_20260508_16,67aaf4ee861e4cff962e103c58f38cae,0.06,,,
2379,2026-05-08,SZ000651,-7.26883994483889e-10,EXP_LGBModel_Alpha158_csi300_custom_step0_s_20260508_16,67aaf4ee861e4cff962e103c58f38cae,0.06,,,
2380,2026-05-08,SZ000408,-7.26883994483889e-10,EXP_LGBModel_Alpha158_csi300_custom_step0_s_20260508_16,67aaf4ee861e4cff962e103c58f38cae,0.06,,,
2381,2026-05-08,SZ000333,0.0006447571557192846,EXP_LGBModel_Alpha158_csi300_custom_step0_s_20260508_16,67aaf4ee861e4cff962e103c58f38cae,0.06,,,
2382,2026-05-08,SZ000301,-0.0020223583775467913,EXP_LGBModel_Alpha158_csi300_custom_step0_s_20260508_16,67aaf4ee861e4cff962e103c58f38cae,0.06,,,
2383,2026-05-08,SZ000166,0.0006447571557192846,EXP_LGBModel_Alpha158_csi300_custom_step0_s_20260508_16,67aaf4ee861e4cff962e103c58f38cae,0.06,,,
2384,2026-05-08,SZ000157,-7.26883994483889e-10,EXP_LGBModel_Alpha158_csi300_custom_step0_s_20260508_16,67aaf4ee861e4cff962e103c58f38cae,0.06,,,
2385,2026-05-08,SZ000100,-0.0008085327369481251,EXP_LGBModel_Alpha158_csi300_custom_step0_s_20260508_16,67aaf4ee861e4cff962e103c58f38cae,0.06,,,
2386,2026-05-08,SZ000063,-0.0020223583775467913,EXP_LGBModel_Alpha158_csi300_custom_step0_s_20260508_16,67aaf4ee861e4cff962e103c58f38cae,0.06,,,
2387,2026-05-08,SZ000338,-7.26883994483889e-10,EXP_LGBModel_Alpha158_csi300_custom_step0_s_20260508_16,67aaf4ee861e4cff962e103c58f38cae,0.06,,,
2388,2026-05-08,SH601225,-0.0020223583775467913,EXP_LGBModel_Alpha158_csi300_custom_step0_s_20260508_16,67aaf4ee861e4cff962e103c58f38cae,0.06,,,
2389,2026-05-08,SH601211,-0.0020223583775467913,EXP_LGBModel_Alpha158_csi300_custom_step0_s_20260508_16,67aaf4ee861e4cff962e103c58f38cae,0.06,,,
2390,2026-05-08,SH601186,-0.0008085327369481251,EXP_LGBModel_Alpha158_csi300_custom_step0_s_20260508_16,67aaf4ee861e4cff962e103c58f38cae,0.06,,,
2391,2026-05-08,SZ302132,-0.005544727296771367,EXP_CatBoostModel_Alpha158_csi300_custom_step0_s_20260508_16,ed7f4732934945b98090da796cbd8df6,0.056,,,
2392,2026-05-08,SH600000,-0.0020223583775467913,EXP_LGBModel_Alpha158_csi300_custom_step0_s_20260508_16,67aaf4ee861e4cff962e103c58f38cae,0.06,,,
2393,2026-05-08,SH600009,-7.26883994483889e-10,EXP_LGBModel_Alpha158_csi300_custom_step0_s_20260508_16,67aaf4ee861e4cff962e103c58f38cae,0.06,,,
2394,2026-05-08,SH600010,-7.26883994483889e-10,EXP_LGBModel_Alpha158_csi300_custom_step0_s_20260508_16,67aaf4ee861e4cff962e103c58f38cae,0.06,,,
2395,2026-05-08,SH600011,0.0013218603184620766,EXP_LGBModel_Alpha158_csi300_custom_step0_s_20260508_16,67aaf4ee861e4cff962e103c58f38cae,0.06,,,
2396,2026-05-08,SH600015,-7.26883994483889e-10,EXP_LGBModel_Alpha158_csi300_custom_step0_s_20260508_16,67aaf4ee861e4cff962e103c58f38cae,0.06,,,
2397,2026-05-08,SH600016,-7.26883994483889e-10,EXP_LGBModel_Alpha158_csi300_custom_step0_s_20260508_16,67aaf4ee861e4cff962e103c58f38cae,0.06,,,
2398,2026-05-08,SH600018,0.0006447571557192846,EXP_LGBModel_Alpha158_csi300_custom_step0_s_20260508_16,67aaf4ee861e4cff962e103c58f38cae,0.06,,,
2399,2026-05-08,SH600019,0.0006447571557192846,EXP_LGBModel_Alpha158_csi300_custom_step0_s_20260508_16,67aaf4ee861e4cff962e103c58f38cae,0.06,,,
2400,2026-05-08,SH600023,0.0006447571557192846,EXP_LGBModel_Alpha158_csi300_custom_step0_s_20260508_16,67aaf4ee861e4cff962e103c58f38cae,0.06,,,
2401,2026-05-08,SH600025,-7.26883994483889e-10,EXP_LGBModel_Alpha158_csi300_custom_step0_s_20260508_16,67aaf4ee861e4cff962e103c58f38cae,0.06,,,
2402,2026-05-08,SH600026,-0.0020223583775467913,EXP_LGBModel_Alpha158_csi300_custom_step0_s_20260508_16,67aaf4ee861e4cff962e103c58f38cae,0.06,,,
2403,2026-05-08,SH600027,-0.0020223583775467913,EXP_LGBModel_Alpha158_csi300_custom_step0_s_20260508_16,67aaf4ee861e4cff962e103c58f38cae,0.06,,,
2404,2026-05-08,SH600028,-7.26883994483889e-10,EXP_LGBModel_Alpha158_csi300_custom_step0_s_20260508_16,67aaf4ee861e4cff962e103c58f38cae,0.06,,,
2405,2026-05-08,SH600029,-7.26883994483889e-10,EXP_LGBModel_Alpha158_csi300_custom_step0_s_20260508_16,67aaf4ee861e4cff962e103c58f38cae,0.06,,,
2406,2026-05-08,SH600030,0.0006447571557192846,EXP_LGBModel_Alpha158_csi300_custom_step0_s_20260508_16,67aaf4ee861e4cff962e103c58f38cae,0.06,,,
2407,2026-05-08,SH600031,-0.0020223583775467913,EXP_LGBModel_Alpha158_csi300_custom_step0_s_20260508_16,67aaf4ee861e4cff962e103c58f38cae,0.06,,,
2408,2026-05-08,SH600161,-0.0020223583775467913,EXP_LGBModel_Alpha158_csi300_custom_step0_s_20260508_16,67aaf4ee861e4cff962e103c58f38cae,0.06,,,
2409,2026-05-08,SH600160,-0.0020223583775467913,EXP_LGBModel_Alpha158_csi300_custom_step0_s_20260508_16,67aaf4ee861e4cff962e103c58f38cae,0.06,,,
2410,2026-05-08,SH600150,0.005039316136016535,EXP_LGBModel_Alpha158_csi300_custom_step0_s_20260508_16,67aaf4ee861e4cff962e103c58f38cae,0.06,,,
2411,2026-05-08,SH600115,-7.26883994483889e-10,EXP_LGBModel_Alpha158_csi300_custom_step0_s_20260508_16,67aaf4ee861e4cff962e103c58f38cae,0.06,,,
2412,2026-05-08,SH600111,-0.0020223583775467913,EXP_LGBModel_Alpha158_csi300_custom_step0_s_20260508_16,67aaf4ee861e4cff962e103c58f38cae,0.06,,,
2413,2026-05-08,SH600104,-7.26883994483889e-10,EXP_LGBModel_Alpha158_csi300_custom_step0_s_20260508_16,67aaf4ee861e4cff962e103c58f38cae,0.06,,,
2414,2026-05-08,SZ301269,-0.002218863195829999,EXP_CatBoostModel_Alpha158_csi300_custom_step0_s_20260508_16,ed7f4732934945b98090da796cbd8df6,0.056,,,
2415,2026-05-08,SH600089,-0.0008085327369481251,EXP_LGBModel_Alpha158_csi300_custom_step0_s_20260508_16,67aaf4ee861e4cff962e103c58f38cae,0.06,,,
2416,2026-05-08,SH600066,-0.0020223583775467913,EXP_LGBModel_Alpha158_csi300_custom_step0_s_20260508_16,67aaf4ee861e4cff962e103c58f38cae,0.06,,,
2417,2026-05-08,SH600061,-0.0008085327369481251,EXP_LGBModel_Alpha158_csi300_custom_step0_s_20260508_16,67aaf4ee861e4cff962e103c58f38cae,0.06,,,
2418,2026-05-08,SH600050,0.0006447571557192846,EXP_LGBModel_Alpha158_csi300_custom_step0_s_20260508_16,67aaf4ee861e4cff962e103c58f38cae,0.06,,,
2419,2026-05-08,SH600048,0.0013218603184620766,EXP_LGBModel_Alpha158_csi300_custom_step0_s_20260508_16,67aaf4ee861e4cff962e103c58f38cae,0.06,,,
2420,2026-05-08,SH600039,-0.0020223583775467913,EXP_LGBModel_Alpha158_csi300_custom_step0_s_20260508_16,67aaf4ee861e4cff962e103c58f38cae,0.06,,,
2421,2026-05-08,SH600036,-7.26883994483889e-10,EXP_LGBModel_Alpha158_csi300_custom_step0_s_20260508_16,67aaf4ee861e4cff962e103c58f38cae,0.06,,,
2422,2026-05-08,SH600085,0.0027256610582866306,EXP_LGBModel_Alpha158_csi300_custom_step0_s_20260508_16,67aaf4ee861e4cff962e103c58f38cae,0.06,,,
2423,2026-05-08,SH600176,-7.26883994483889e-10,EXP_LGBModel_Alpha158_csi300_custom_step0_s_20260508_16,67aaf4ee861e4cff962e103c58f38cae,0.06,,,
2424,2026-05-08,SZ301236,0.00020910029409780756,EXP_CatBoostModel_Alpha158_csi300_custom_step0_s_20260508_16,ed7f4732934945b98090da796cbd8df6,0.056,,,
2425,2026-05-08,SZ300979,-0.017859947922740056,EXP_CatBoostModel_Alpha158_csi300_custom_step0_s_20260508_16,ed7f4732934945b98090da796cbd8df6,0.056,,,
2426,2026-05-08,SZ003816,0.0032113846669793635,EXP_CatBoostModel_Alpha158_csi300_custom_step0_s_20260508_16,ed7f4732934945b98090da796cbd8df6,0.056,,,
2427,2026-05-08,SZ300014,-0.017257613352694046,EXP_CatBoostModel_Alpha158_csi300_custom_step0_s_20260508_16,ed7f4732934945b98090da796cbd8df6,0.056,,,
2428,2026-05-08,SZ300015,0.0028626308250169394,EXP_CatBoostModel_Alpha158_csi300_custom_step0_s_20260508_16,ed7f4732934945b98090da796cbd8df6,0.056,,,
2429,2026-05-08,SZ300033,0.017413194974928162,EXP_CatBoostModel_Alpha158_csi300_custom_step0_s_20260508_16,ed7f4732934945b98090da796cbd8df6,0.056,,,
2430,2026-05-08,SZ300059,0.004766021176131204,EXP_CatBoostModel_Alpha158_csi300_custom_step0_s_20260508_16,ed7f4732934945b98090da796cbd8df6,0.056,,,
2431,2026-05-08,SZ300122,-0.005917004816689379,EXP_CatBoostModel_Alpha158_csi300_custom_step0_s_20260508_16,ed7f4732934945b98090da796cbd8df6,0.056,,,
2432,2026-05-08,SZ300124,0.007267426290214294,EXP_CatBoostModel_Alpha158_csi300_custom_step0_s_20260508_16,ed7f4732934945b98090da796cbd8df6,0.056,,,
2433,2026-05-08,SZ300251,0.2044147270974034,EXP_CatBoostModel_Alpha158_csi300_custom_step0_s_20260508_16,ed7f4732934945b98090da796cbd8df6,0.056,,,
2434,2026-05-08,SZ300274,0.037163723894677717,EXP_CatBoostModel_Alpha158_csi300_custom_step0_s_20260508_16,ed7f4732934945b98090da796cbd8df6,0.056,,,
2435,2026-05-08,SZ300308,0.063717741508404,EXP_CatBoostModel_Alpha158_csi300_custom_step0_s_20260508_16,ed7f4732934945b98090da796cbd8df6,0.056,,,
2436,2026-05-08,SZ300316,0.005303091916424887,EXP_CatBoostModel_Alpha158_csi300_custom_step0_s_20260508_16,ed7f4732934945b98090da796cbd8df6,0.056,,,
2437,2026-05-08,SZ300347,-0.012336446163344056,EXP_CatBoostModel_Alpha158_csi300_custom_step0_s_20260508_16,ed7f4732934945b98090da796cbd8df6,0.056,,,
2438,2026-05-08,SZ300394,-0.003587709319790984,EXP_CatBoostModel_Alpha158_csi300_custom_step0_s_20260508_16,ed7f4732934945b98090da796cbd8df6,0.056,,,
2439,2026-05-08,SZ300408,0.03298417377523463,EXP_CatBoostModel_Alpha158_csi300_custom_step0_s_20260508_16,ed7f4732934945b98090da796cbd8df6,0.056,,,
2440,2026-05-08,SZ300413,-0.006126896922567465,EXP_CatBoostModel_Alpha158_csi300_custom_step0_s_20260508_16,ed7f4732934945b98090da796cbd8df6,0.056,,,
2441,2026-05-08,SZ300418,-0.03496209067676534,EXP_CatBoostModel_Alpha158_csi300_custom_step0_s_20260508_16,ed7f4732934945b98090da796cbd8df6,0.056,,,
2442,2026-05-08,SZ300433,0.001069238540518127,EXP_CatBoostModel_Alpha158_csi300_custom_step0_s_20260508_16,ed7f4732934945b98090da796cbd8df6,0.056,,,
2443,2026-05-08,SZ300896,-0.0025507609798089076,EXP_CatBoostModel_Alpha158_csi300_custom_step0_s_20260508_16,ed7f4732934945b98090da796cbd8df6,0.056,,,
2444,2026-05-08,SZ300866,0.01754671757610138,EXP_CatBoostModel_Alpha158_csi300_custom_step0_s_20260508_16,ed7f4732934945b98090da796cbd8df6,0.056,,,
2445,2026-05-08,SZ300832,-0.00959369692476134,EXP_CatBoostModel_Alpha158_csi300_custom_step0_s_20260508_16,ed7f4732934945b98090da796cbd8df6,0.056,,,
2446,2026-05-08,SZ300803,-0.003020205060813218,EXP_CatBoostModel_Alpha158_csi300_custom_step0_s_20260508_16,ed7f4732934945b98090da796cbd8df6,0.056,,,
2447,2026-05-08,SZ300782,0.03784826473197989,EXP_CatBoostModel_Alpha158_csi300_custom_step0_s_20260508_16,ed7f4732934945b98090da796cbd8df6,0.056,,,
2448,2026-05-08,SZ300760,0.0008613126043199989,EXP_CatBoostModel_Alpha158_csi300_custom_step0_s_20260508_16,ed7f4732934945b98090da796cbd8df6,0.056,,,
2449,2026-05-08,SZ300999,-0.005605098835978815,EXP_CatBoostModel_Alpha158_csi300_custom_step0_s_20260508_16,ed7f4732934945b98090da796cbd8df6,0.056,,,
2450,2026-05-08,SZ300759,-0.012521911163062525,EXP_CatBoostModel_Alpha158_csi300_custom_step0_s_20260508_16,ed7f4732934945b98090da796cbd8df6,0.056,,,
2451,2026-05-08,SZ300661,0.0223592379097202,EXP_CatBoostModel_Alpha158_csi300_custom_step0_s_20260508_16,ed7f4732934945b98090da796cbd8df6,0.056,,,
2452,2026-05-08,SZ300628,0.008100774661518812,EXP_CatBoostModel_Alpha158_csi300_custom_step0_s_20260508_16,ed7f4732934945b98090da796cbd8df6,0.056,,,
2453,2026-05-08,SZ300502,0.0389350316626769,EXP_CatBoostModel_Alpha158_csi300_custom_step0_s_20260508_16,ed7f4732934945b98090da796cbd8df6,0.056,,,
2454,2026-05-08,SZ300498,-0.006455690304478647,EXP_CatBoostModel_Alpha158_csi300_custom_step0_s_20260508_16,ed7f4732934945b98090da796cbd8df6,0.056,,,
2455,2026-05-08,SZ300476,0.056282274707629386,EXP_CatBoostModel_Alpha158_csi300_custom_step0_s_20260508_16,ed7f4732934945b98090da796cbd8df6,0.056,,,
2456,2026-05-08,SZ300442,0.019187034784965373,EXP_CatBoostModel_Alpha158_csi300_custom_step0_s_20260508_16,ed7f4732934945b98090da796cbd8df6,0.056,,,
2457,2026-05-08,SZ300750,0.015258748329434177,EXP_CatBoostModel_Alpha158_csi300_custom_step0_s_20260508_16,ed7f4732934945b98090da796cbd8df6,0.056,,,
2458,2026-05-08,SH600183,-7.26883994483889e-10,EXP_LGBModel_Alpha158_csi300_custom_step0_s_20260508_16,67aaf4ee861e4cff962e103c58f38cae,0.06,,,
2459,2026-05-08,SH600188,-0.0020223583775467913,EXP_LGBModel_Alpha158_csi300_custom_step0_s_20260508_16,67aaf4ee861e4cff962e103c58f38cae,0.06,,,
2460,2026-05-08,SH600196,-0.0008085327369481251,EXP_LGBModel_Alpha158_csi300_custom_step0_s_20260508_16,67aaf4ee861e4cff962e103c58f38cae,0.06,,,
2461,2026-05-08,SH600887,-0.0020223583775467913,EXP_LGBModel_Alpha158_csi300_custom_step0_s_20260508_16,67aaf4ee861e4cff962e103c58f38cae,0.06,,,
2462,2026-05-08,SH600893,-7.26883994483889e-10,EXP_LGBModel_Alpha158_csi300_custom_step0_s_20260508_16,67aaf4ee861e4cff962e103c58f38cae,0.06,,,
2463,2026-05-08,SH600900,-7.26883994483889e-10,EXP_LGBModel_Alpha158_csi300_custom_step0_s_20260508_16,67aaf4ee861e4cff962e103c58f38cae,0.06,,,
2464,2026-05-08,SH600905,-0.0008085327369481251,EXP_LGBModel_Alpha158_csi300_custom_step0_s_20260508_16,67aaf4ee861e4cff962e103c58f38cae,0.06,,,
2465,2026-05-08,SH600918,-7.26883994483889e-10,EXP_LGBModel_Alpha158_csi300_custom_step0_s_20260508_16,67aaf4ee861e4cff962e103c58f38cae,0.06,,,
2466,2026-05-08,SH600919,0.0006447571557192846,EXP_LGBModel_Alpha158_csi300_custom_step0_s_20260508_16,67aaf4ee861e4cff962e103c58f38cae,0.06,,,
2467,2026-05-08,SH600926,0.0006447571557192846,EXP_LGBModel_Alpha158_csi300_custom_step0_s_20260508_16,67aaf4ee861e4cff962e103c58f38cae,0.06,,,
2468,2026-05-08,SH600930,-0.0020223583775467913,EXP_LGBModel_Alpha158_csi300_custom_step0_s_20260508_16,67aaf4ee861e4cff962e103c58f38cae,0.06,,,
2469,2026-05-08,SH600938,-7.26883994483889e-10,EXP_LGBModel_Alpha158_csi300_custom_step0_s_20260508_16,67aaf4ee861e4cff962e103c58f38cae,0.06,,,
2470,2026-05-08,SH600941,-7.26883994483889e-10,EXP_LGBModel_Alpha158_csi300_custom_step0_s_20260508_16,67aaf4ee861e4cff962e103c58f38cae,0.06,,,
2471,2026-05-08,SH600958,-7.26883994483889e-10,EXP_LGBModel_Alpha158_csi300_custom_step0_s_20260508_16,67aaf4ee861e4cff962e103c58f38cae,0.06,,,
2472,2026-05-08,SH600989,-7.26883994483889e-10,EXP_LGBModel_Alpha158_csi300_custom_step0_s_20260508_16,67aaf4ee861e4cff962e103c58f38cae,0.06,,,
2473,2026-05-08,SH600999,-7.26883994483889e-10,EXP_LGBModel_Alpha158_csi300_custom_step0_s_20260508_16,67aaf4ee861e4cff962e103c58f38cae,0.06,,,
2474,2026-05-08,SH601006,-7.26883994483889e-10,EXP_LGBModel_Alpha158_csi300_custom_step0_s_20260508_16,67aaf4ee861e4cff962e103c58f38cae,0.06,,,
2475,2026-05-08,SH601009,0.0027256610582866306,EXP_LGBModel_Alpha158_csi300_custom_step0_s_20260508_16,67aaf4ee861e4cff962e103c58f38cae,0.06,,,
2476,2026-05-08,SH601012,-0.0020223583775467913,EXP_LGBModel_Alpha158_csi300_custom_step0_s_20260508_16,67aaf4ee861e4cff962e103c58f38cae,0.06,,,
2477,2026-05-08,SH601018,-0.0008085327369481251,EXP_LGBModel_Alpha158_csi300_custom_step0_s_20260508_16,67aaf4ee861e4cff962e103c58f38cae,0.06,,,
2478,2026-05-08,SH601169,-7.26883994483889e-10,EXP_LGBModel_Alpha158_csi300_custom_step0_s_20260508_16,67aaf4ee861e4cff962e103c58f38cae,0.06,,,
2479,2026-05-08,SH601166,-0.0008085327369481251,EXP_LGBModel_Alpha158_csi300_custom_step0_s_20260508_16,67aaf4ee861e4cff962e103c58f38cae,0.06,,,
2480,2026-05-08,SH601138,0.005039316136016535,EXP_LGBModel_Alpha158_csi300_custom_step0_s_20260508_16,67aaf4ee861e4cff962e103c58f38cae,0.06,,,
2481,2026-05-08,SH601136,-7.26883994483889e-10,EXP_LGBModel_Alpha158_csi300_custom_step0_s_20260508_16,67aaf4ee861e4cff962e103c58f38cae,0.06,,,
2482,2026-05-08,SH601127,-7.26883994483889e-10,EXP_LGBModel_Alpha158_csi300_custom_step0_s_20260508_16,67aaf4ee861e4cff962e103c58f38cae,0.06,,,
2483,2026-05-08,SH601117,-7.26883994483889e-10,EXP_LGBModel_Alpha158_csi300_custom_step0_s_20260508_16,67aaf4ee861e4cff962e103c58f38cae,0.06,,,
2484,2026-05-08,SH600886,-0.0008085327369481251,EXP_LGBModel_Alpha158_csi300_custom_step0_s_20260508_16,67aaf4ee861e4cff962e103c58f38cae,0.06,,,
2485,2026-05-08,SH601111,-0.0020223583775467913,EXP_LGBModel_Alpha158_csi300_custom_step0_s_20260508_16,67aaf4ee861e4cff962e103c58f38cae,0.06,,,
2486,2026-05-08,SH601088,-7.26883994483889e-10,EXP_LGBModel_Alpha158_csi300_custom_step0_s_20260508_16,67aaf4ee861e4cff962e103c58f38cae,0.06,,,
2487,2026-05-08,SH601077,-0.0008085327369481251,EXP_LGBModel_Alpha158_csi300_custom_step0_s_20260508_16,67aaf4ee861e4cff962e103c58f38cae,0.06,,,
2488,2026-05-08,SH601066,-0.0020223583775467913,EXP_LGBModel_Alpha158_csi300_custom_step0_s_20260508_16,67aaf4ee861e4cff962e103c58f38cae,0.06,,,
2489,2026-05-08,SH601059,-7.26883994483889e-10,EXP_LGBModel_Alpha158_csi300_custom_step0_s_20260508_16,67aaf4ee861e4cff962e103c58f38cae,0.06,,,
2490,2026-05-08,SH601058,-7.26883994483889e-10,EXP_LGBModel_Alpha158_csi300_custom_step0_s_20260508_16,67aaf4ee861e4cff962e103c58f38cae,0.06,,,
2491,2026-05-08,SH601021,-7.26883994483889e-10,EXP_LGBModel_Alpha158_csi300_custom_step0_s_20260508_16,67aaf4ee861e4cff962e103c58f38cae,0.06,,,
2492,2026-05-08,SH601100,-0.0020223583775467913,EXP_LGBModel_Alpha158_csi300_custom_step0_s_20260508_16,67aaf4ee861e4cff962e103c58f38cae,0.06,,,
2493,2026-05-08,SH600875,-0.0020223583775467913,EXP_LGBModel_Alpha158_csi300_custom_step0_s_20260508_16,67aaf4ee861e4cff962e103c58f38cae,0.06,,,
2494,2026-05-08,SH600845,-0.0020223583775467913,EXP_LGBModel_Alpha158_csi300_custom_step0_s_20260508_16,67aaf4ee861e4cff962e103c58f38cae,0.06,,,
2495,2026-05-08,SH600809,-0.0008085327369481251,EXP_LGBModel_Alpha158_csi300_custom_step0_s_20260508_16,67aaf4ee861e4cff962e103c58f38cae,0.06,,,
2496,2026-05-08,SH600460,-0.0020223583775467913,EXP_LGBModel_Alpha158_csi300_custom_step0_s_20260508_16,67aaf4ee861e4cff962e103c58f38cae,0.06,,,
2497,2026-05-08,SH600438,-7.26883994483889e-10,EXP_LGBModel_Alpha158_csi300_custom_step0_s_20260508_16,67aaf4ee861e4cff962e103c58f38cae,0.06,,,
2498,2026-05-08,SH600436,-0.0008085327369481251,EXP_LGBModel_Alpha158_csi300_custom_step0_s_20260508_16,67aaf4ee861e4cff962e103c58f38cae,0.06,,,
2499,2026-05-08,SH600426,-7.26883994483889e-10,EXP_LGBModel_Alpha158_csi300_custom_step0_s_20260508_16,67aaf4ee861e4cff962e103c58f38cae,0.06,,,
2500,2026-05-08,SH600415,-7.26883994483889e-10,EXP_LGBModel_Alpha158_csi300_custom_step0_s_20260508_16,67aaf4ee861e4cff962e103c58f38cae,0.06,,,
2501,2026-05-08,SH600406,-7.26883994483889e-10,EXP_LGBModel_Alpha158_csi300_custom_step0_s_20260508_16,67aaf4ee861e4cff962e103c58f38cae,0.06,,,
2502,2026-05-08,SH600482,0.005039316136016535,EXP_LGBModel_Alpha158_csi300_custom_step0_s_20260508_16,67aaf4ee861e4cff962e103c58f38cae,0.06,,,
2503,2026-05-08,SH600377,0.0027256610582866306,EXP_LGBModel_Alpha158_csi300_custom_step0_s_20260508_16,67aaf4ee861e4cff962e103c58f38cae,0.06,,,
2504,2026-05-08,SH600362,-0.0020223583775467913,EXP_LGBModel_Alpha158_csi300_custom_step0_s_20260508_16,67aaf4ee861e4cff962e103c58f38cae,0.06,,,
2505,2026-05-08,SH600346,-0.0020223583775467913,EXP_LGBModel_Alpha158_csi300_custom_step0_s_20260508_16,67aaf4ee861e4cff962e103c58f38cae,0.06,,,
2506,2026-05-08,SH600309,-0.0020223583775467913,EXP_LGBModel_Alpha158_csi300_custom_step0_s_20260508_16,67aaf4ee861e4cff962e103c58f38cae,0.06,,,
2507,2026-05-08,SH600276,-7.26883994483889e-10,EXP_LGBModel_Alpha158_csi300_custom_step0_s_20260508_16,67aaf4ee861e4cff962e103c58f38cae,0.06,,,
2508,2026-05-08,SH600233,-0.0020223583775467913,EXP_LGBModel_Alpha158_csi300_custom_step0_s_20260508_16,67aaf4ee861e4cff962e103c58f38cae,0.06,,,
2509,2026-05-08,SH600219,-0.0020223583775467913,EXP_LGBModel_Alpha158_csi300_custom_step0_s_20260508_16,67aaf4ee861e4cff962e103c58f38cae,0.06,,,
2510,2026-05-08,SH600372,-0.0020223583775467913,EXP_LGBModel_Alpha158_csi300_custom_step0_s_20260508_16,67aaf4ee861e4cff962e103c58f38cae,0.06,,,
2511,2026-05-08,SZ002311,-7.26883994483889e-10,EXP_LGBModel_Alpha158_csi300_custom_step0_s_20260508_16,67aaf4ee861e4cff962e103c58f38cae,0.06,,,
2512,2026-05-08,SH600489,-0.0020223583775467913,EXP_LGBModel_Alpha158_csi300_custom_step0_s_20260508_16,67aaf4ee861e4cff962e103c58f38cae,0.06,,,
2513,2026-05-08,SH600519,-0.0020223583775467913,EXP_LGBModel_Alpha158_csi300_custom_step0_s_20260508_16,67aaf4ee861e4cff962e103c58f38cae,0.06,,,
2514,2026-05-08,SH600803,-0.0020223583775467913,EXP_LGBModel_Alpha158_csi300_custom_step0_s_20260508_16,67aaf4ee861e4cff962e103c58f38cae,0.06,,,
2515,2026-05-08,SH600795,-0.0008085327369481251,EXP_LGBModel_Alpha158_csi300_custom_step0_s_20260508_16,67aaf4ee861e4cff962e103c58f38cae,0.06,,,
2516,2026-05-08,SH600760,-0.0020223583775467913,EXP_LGBModel_Alpha158_csi300_custom_step0_s_20260508_16,67aaf4ee861e4cff962e103c58f38cae,0.06,,,
2517,2026-05-08,SH600741,-0.0020223583775467913,EXP_LGBModel_Alpha158_csi300_custom_step0_s_20260508_16,67aaf4ee861e4cff962e103c58f38cae,0.06,,,
2518,2026-05-08,SH600690,-0.0020223583775467913,EXP_LGBModel_Alpha158_csi300_custom_step0_s_20260508_16,67aaf4ee861e4cff962e103c58f38cae,0.06,,,
2519,2026-05-08,SH600674,0.0006447571557192846,EXP_LGBModel_Alpha158_csi300_custom_step0_s_20260508_16,67aaf4ee861e4cff962e103c58f38cae,0.06,,,
2520,2026-05-08,SH600515,-0.0020223583775467913,EXP_LGBModel_Alpha158_csi300_custom_step0_s_20260508_16,67aaf4ee861e4cff962e103c58f38cae,0.06,,,
2521,2026-05-08,SH600660,0.0006447571557192846,EXP_LGBModel_Alpha158_csi300_custom_step0_s_20260508_16,67aaf4ee861e4cff962e103c58f38cae,0.06,,,
2522,2026-05-08,SH600588,-7.26883994483889e-10,EXP_LGBModel_Alpha158_csi300_custom_step0_s_20260508_16,67aaf4ee861e4cff962e103c58f38cae,0.06,,,
2523,2026-05-08,SH600585,-7.26883994483889e-10,EXP_LGBModel_Alpha158_csi300_custom_step0_s_20260508_16,67aaf4ee861e4cff962e103c58f38cae,0.06,,,
2524,2026-05-08,SH600584,0.0013218603184620766,EXP_LGBModel_Alpha158_csi300_custom_step0_s_20260508_16,67aaf4ee861e4cff962e103c58f38cae,0.06,,,
2525,2026-05-08,SH600570,-0.0020223583775467913,EXP_LGBModel_Alpha158_csi300_custom_step0_s_20260508_16,67aaf4ee861e4cff962e103c58f38cae,0.06,,,
2526,2026-05-08,SH600547,-7.26883994483889e-10,EXP_LGBModel_Alpha158_csi300_custom_step0_s_20260508_16,67aaf4ee861e4cff962e103c58f38cae,0.06,,,
2527,2026-05-08,SH600522,-7.26883994483889e-10,EXP_LGBModel_Alpha158_csi300_custom_step0_s_20260508_16,67aaf4ee861e4cff962e103c58f38cae,0.06,,,
2528,2026-05-08,SH600600,0.0006447571557192846,EXP_LGBModel_Alpha158_csi300_custom_step0_s_20260508_16,67aaf4ee861e4cff962e103c58f38cae,0.06,,,
2529,2026-05-08,SZ002938,0.05547001255657215,EXP_CatBoostModel_Alpha158_csi300_custom_step0_s_20260508_16,ed7f4732934945b98090da796cbd8df6,0.056,,,
2530,2026-05-08,SZ002352,0.0006447571557192846,EXP_LGBModel_Alpha158_csi300_custom_step0_s_20260508_16,67aaf4ee861e4cff962e103c58f38cae,0.06,,,
2531,2026-05-08,SZ002384,-7.26883994483889e-10,EXP_LGBModel_Alpha158_csi300_custom_step0_s_20260508_16,67aaf4ee861e4cff962e103c58f38cae,0.06,,,
2532,2026-05-08,SH601618,-0.013875688509302611,EXP_LGBModel_Alpha158_csi300_custom_step0_s_20260508_16,ca127f94176c4c8ba04c416efbdf29bc,0.056,,,
2533,2026-05-08,SH601628,-0.026164683448023092,EXP_LGBModel_Alpha158_csi300_custom_step0_s_20260508_16,ca127f94176c4c8ba04c416efbdf29bc,0.056,,,
2534,2026-05-08,SH601633,-0.027036036397848674,EXP_LGBModel_Alpha158_csi300_custom_step0_s_20260508_16,ca127f94176c4c8ba04c416efbdf29bc,0.056,,,
2535,2026-05-08,SH601658,-0.025263508845602255,EXP_LGBModel_Alpha158_csi300_custom_step0_s_20260508_16,ca127f94176c4c8ba04c416efbdf29bc,0.056,,,
2536,2026-05-08,SH601668,-0.006830721431143111,EXP_LGBModel_Alpha158_csi300_custom_step0_s_20260508_16,ca127f94176c4c8ba04c416efbdf29bc,0.056,,,
2537,2026-05-08,SH601669,-0.033122039250885804,EXP_LGBModel_Alpha158_csi300_custom_step0_s_20260508_16,ca127f94176c4c8ba04c416efbdf29bc,0.056,,,
2538,2026-05-08,SH601688,-0.00822735129190587,EXP_LGBModel_Alpha158_csi300_custom_step0_s_20260508_16,ca127f94176c4c8ba04c416efbdf29bc,0.056,,,
2539,2026-05-08,SH601689,0.020398006584951632,EXP_LGBModel_Alpha158_csi300_custom_step0_s_20260508_16,ca127f94176c4c8ba04c416efbdf29bc,0.056,,,
2540,2026-05-08,SH601698,0.013593377179149995,EXP_LGBModel_Alpha158_csi300_custom_step0_s_20260508_16,ca127f94176c4c8ba04c416efbdf29bc,0.056,,,
2541,2026-05-08,SH601728,0.023548758789846753,EXP_LGBModel_Alpha158_csi300_custom_step0_s_20260508_16,ca127f94176c4c8ba04c416efbdf29bc,0.056,,,
2542,2026-05-08,SH601766,-0.048220066910696,EXP_LGBModel_Alpha158_csi300_custom_step0_s_20260508_16,ca127f94176c4c8ba04c416efbdf29bc,0.056,,,
2543,2026-05-08,SH601788,-0.03822618613109355,EXP_LGBModel_Alpha158_csi300_custom_step0_s_20260508_16,ca127f94176c4c8ba04c416efbdf29bc,0.056,,,
2544,2026-05-08,SH601800,-0.014227010160684062,EXP_LGBModel_Alpha158_csi300_custom_step0_s_20260508_16,ca127f94176c4c8ba04c416efbdf29bc,0.056,,,
2545,2026-05-08,SH601808,-0.012974317473027717,EXP_LGBModel_Alpha158_csi300_custom_step0_s_20260508_16,ca127f94176c4c8ba04c416efbdf29bc,0.056,,,
2546,2026-05-08,SH601816,-0.020915823109267904,EXP_LGBModel_Alpha158_csi300_custom_step0_s_20260508_16,ca127f94176c4c8ba04c416efbdf29bc,0.056,,,
2547,2026-05-08,SH601818,-0.026918104221699005,EXP_LGBModel_Alpha158_csi300_custom_step0_s_20260508_16,ca127f94176c4c8ba04c416efbdf29bc,0.056,,,
2548,2026-05-08,SH601825,0.004932401129567222,EXP_LGBModel_Alpha158_csi300_custom_step0_s_20260508_16,ca127f94176c4c8ba04c416efbdf29bc,0.056,,,
2549,2026-05-08,SH601939,0.0015711316042368393,EXP_LGBModel_Alpha158_csi300_custom_step0_s_20260508_16,ca127f94176c4c8ba04c416efbdf29bc,0.056,,,
2550,2026-05-08,SH601919,-0.015247581669399674,EXP_LGBModel_Alpha158_csi300_custom_step0_s_20260508_16,ca127f94176c4c8ba04c416efbdf29bc,0.056,,,
2551,2026-05-08,SH601916,-0.016764883878123645,EXP_LGBModel_Alpha158_csi300_custom_step0_s_20260508_16,ca127f94176c4c8ba04c416efbdf29bc,0.056,,,
2552,2026-05-08,SH601901,0.003503132839479641,EXP_LGBModel_Alpha158_csi300_custom_step0_s_20260508_16,ca127f94176c4c8ba04c416efbdf29bc,0.056,,,
2553,2026-05-08,SH601899,0.028366001073231076,EXP_LGBModel_Alpha158_csi300_custom_step0_s_20260508_16,ca127f94176c4c8ba04c416efbdf29bc,0.056,,,
2554,2026-05-08,SH601898,-0.019818684952988663,EXP_LGBModel_Alpha158_csi300_custom_step0_s_20260508_16,ca127f94176c4c8ba04c416efbdf29bc,0.056,,,
2555,2026-05-08,SH601607,-0.02546592249879529,EXP_LGBModel_Alpha158_csi300_custom_step0_s_20260508_16,ca127f94176c4c8ba04c416efbdf29bc,0.056,,,
2556,2026-05-08,SH601888,-0.013860409023692438,EXP_LGBModel_Alpha158_csi300_custom_step0_s_20260508_16,ca127f94176c4c8ba04c416efbdf29bc,0.056,,,
2557,2026-05-08,SH601878,-0.005099113992327355,EXP_LGBModel_Alpha158_csi300_custom_step0_s_20260508_16,ca127f94176c4c8ba04c416efbdf29bc,0.056,,,
2558,2026-05-08,SH601877,0.011999009700080504,EXP_LGBModel_Alpha158_csi300_custom_step0_s_20260508_16,ca127f94176c4c8ba04c416efbdf29bc,0.056,,,
2559,2026-05-08,SH601872,0.01466636463968838,EXP_LGBModel_Alpha158_csi300_custom_step0_s_20260508_16,ca127f94176c4c8ba04c416efbdf29bc,0.056,,,
2560,2026-05-08,SH601868,-0.004414971934771509,EXP_LGBModel_Alpha158_csi300_custom_step0_s_20260508_16,ca127f94176c4c8ba04c416efbdf29bc,0.056,,,
2561,2026-05-08,SH601857,-0.010047829148474274,EXP_LGBModel_Alpha158_csi300_custom_step0_s_20260508_16,ca127f94176c4c8ba04c416efbdf29bc,0.056,,,
2562,2026-05-08,SH601838,0.011884515092716277,EXP_LGBModel_Alpha158_csi300_custom_step0_s_20260508_16,ca127f94176c4c8ba04c416efbdf29bc,0.056,,,
2563,2026-05-08,SH601881,-0.010770591214369223,EXP_LGBModel_Alpha158_csi300_custom_step0_s_20260508_16,ca127f94176c4c8ba04c416efbdf29bc,0.056,,,
2564,2026-05-08,SH601985,-0.00014893512620181354,EXP_LGBModel_Alpha158_csi300_custom_step0_s_20260508_16,ca127f94176c4c8ba04c416efbdf29bc,0.056,,,
2565,2026-05-08,SH601601,-0.03025670402371501,EXP_LGBModel_Alpha158_csi300_custom_step0_s_20260508_16,ca127f94176c4c8ba04c416efbdf29bc,0.056,,,
2566,2026-05-08,SH601456,-0.003762727036582287,EXP_LGBModel_Alpha158_csi300_custom_step0_s_20260508_16,ca127f94176c4c8ba04c416efbdf29bc,0.056,,,
2567,2026-05-08,SH601018,-0.04842895163803367,EXP_LGBModel_Alpha158_csi300_custom_step0_s_20260508_16,ca127f94176c4c8ba04c416efbdf29bc,0.056,,,
2568,2026-05-08,SH601021,0.02426589696485256,EXP_LGBModel_Alpha158_csi300_custom_step0_s_20260508_16,ca127f94176c4c8ba04c416efbdf29bc,0.056,,,
2569,2026-05-08,SH601058,0.013027875133278582,EXP_LGBModel_Alpha158_csi300_custom_step0_s_20260508_16,ca127f94176c4c8ba04c416efbdf29bc,0.056,,,
2570,2026-05-08,SH601059,-0.022209685599402364,EXP_LGBModel_Alpha158_csi300_custom_step0_s_20260508_16,ca127f94176c4c8ba04c416efbdf29bc,0.056,,,
2571,2026-05-08,SH601066,-0.018499020778449185,EXP_LGBModel_Alpha158_csi300_custom_step0_s_20260508_16,ca127f94176c4c8ba04c416efbdf29bc,0.056,,,
2572,2026-05-08,SH601077,0.00011672759887484344,EXP_LGBModel_Alpha158_csi300_custom_step0_s_20260508_16,ca127f94176c4c8ba04c416efbdf29bc,0.056,,,
2573,2026-05-08,SH601088,-0.01611620637265778,EXP_LGBModel_Alpha158_csi300_custom_step0_s_20260508_16,ca127f94176c4c8ba04c416efbdf29bc,0.056,,,
2574,2026-05-08,SH601100,0.03796315489724954,EXP_LGBModel_Alpha158_csi300_custom_step0_s_20260508_16,ca127f94176c4c8ba04c416efbdf29bc,0.056,,,
2575,2026-05-08,SH601111,0.00935273637333982,EXP_LGBModel_Alpha158_csi300_custom_step0_s_20260508_16,ca127f94176c4c8ba04c416efbdf29bc,0.056,,,
2576,2026-05-08,SH601117,-0.014085528444131242,EXP_LGBModel_Alpha158_csi300_custom_step0_s_20260508_16,ca127f94176c4c8ba04c416efbdf29bc,0.056,,,
2577,2026-05-08,SH601127,0.0031080108439809832,EXP_LGBModel_Alpha158_csi300_custom_step0_s_20260508_16,ca127f94176c4c8ba04c416efbdf29bc,0.056,,,
2578,2026-05-08,SH601136,-0.014058099232374305,EXP_LGBModel_Alpha158_csi300_custom_step0_s_20260508_16,ca127f94176c4c8ba04c416efbdf29bc,0.056,,,
2579,2026-05-08,SH601138,0.1459556624715414,EXP_LGBModel_Alpha158_csi300_custom_step0_s_20260508_16,ca127f94176c4c8ba04c416efbdf29bc,0.056,,,
2580,2026-05-08,SH601166,-0.020038541535754545,EXP_LGBModel_Alpha158_csi300_custom_step0_s_20260508_16,ca127f94176c4c8ba04c416efbdf29bc,0.056,,,
2581,2026-05-08,SH601169,-0.02535746181550652,EXP_LGBModel_Alpha158_csi300_custom_step0_s_20260508_16,ca127f94176c4c8ba04c416efbdf29bc,0.056,,,
2582,2026-05-08,SH601186,-0.019004940899449888,EXP_LGBModel_Alpha158_csi300_custom_step0_s_20260508_16,ca127f94176c4c8ba04c416efbdf29bc,0.056,,,
2583,2026-05-08,SH601211,-0.04485533786915891,EXP_LGBModel_Alpha158_csi300_custom_step0_s_20260508_16,ca127f94176c4c8ba04c416efbdf29bc,0.056,,,
2584,2026-05-08,SH601398,-0.006635758857805662,EXP_LGBModel_Alpha158_csi300_custom_step0_s_20260508_16,ca127f94176c4c8ba04c416efbdf29bc,0.056,,,
2585,2026-05-08,SH601390,-0.025204366597775734,EXP_LGBModel_Alpha158_csi300_custom_step0_s_20260508_16,ca127f94176c4c8ba04c416efbdf29bc,0.056,,,
2586,2026-05-08,SH601377,-0.003108173329733526,EXP_LGBModel_Alpha158_csi300_custom_step0_s_20260508_16,ca127f94176c4c8ba04c416efbdf29bc,0.056,,,
2587,2026-05-08,SH601360,-0.02116332269138038,EXP_LGBModel_Alpha158_csi300_custom_step0_s_20260508_16,ca127f94176c4c8ba04c416efbdf29bc,0.056,,,
2588,2026-05-08,SH601336,0.020278950692217544,EXP_LGBModel_Alpha158_csi300_custom_step0_s_20260508_16,ca127f94176c4c8ba04c416efbdf29bc,0.056,,,
2589,2026-05-08,SH601328,-0.024120467424508744,EXP_LGBModel_Alpha158_csi300_custom_step0_s_20260508_16,ca127f94176c4c8ba04c416efbdf29bc,0.056,,,
2590,2026-05-08,SH601600,0.013905684430402673,EXP_LGBModel_Alpha158_csi300_custom_step0_s_20260508_16,ca127f94176c4c8ba04c416efbdf29bc,0.056,,,
2591,2026-05-08,SH601319,-0.0021994377963046744,EXP_LGBModel_Alpha158_csi300_custom_step0_s_20260508_16,ca127f94176c4c8ba04c416efbdf29bc,0.056,,,
2592,2026-05-08,SH601298,-0.006423740770701553,EXP_LGBModel_Alpha158_csi300_custom_step0_s_20260508_16,ca127f94176c4c8ba04c416efbdf29bc,0.056,,,
2593,2026-05-08,SH601288,0.017981237447306155,EXP_LGBModel_Alpha158_csi300_custom_step0_s_20260508_16,ca127f94176c4c8ba04c416efbdf29bc,0.056,,,
2594,2026-05-08,SH601238,-0.02216957228700979,EXP_LGBModel_Alpha158_csi300_custom_step0_s_20260508_16,ca127f94176c4c8ba04c416efbdf29bc,0.056,,,
2595,2026-05-08,SH601236,-0.03240101654868585,EXP_LGBModel_Alpha158_csi300_custom_step0_s_20260508_16,ca127f94176c4c8ba04c416efbdf29bc,0.056,,,
2596,2026-05-08,SH601229,-0.028661070674393024,EXP_LGBModel_Alpha158_csi300_custom_step0_s_20260508_16,ca127f94176c4c8ba04c416efbdf29bc,0.056,,,
2597,2026-05-08,SH601225,-0.006061478011898945,EXP_LGBModel_Alpha158_csi300_custom_step0_s_20260508_16,ca127f94176c4c8ba04c416efbdf29bc,0.056,,,
2598,2026-05-08,SH601318,-0.000690839674055752,EXP_LGBModel_Alpha158_csi300_custom_step0_s_20260508_16,ca127f94176c4c8ba04c416efbdf29bc,0.056,,,
2599,2026-05-08,SH601012,-0.017203328511300728,EXP_LGBModel_Alpha158_csi300_custom_step0_s_20260508_16,ca127f94176c4c8ba04c416efbdf29bc,0.056,,,
2600,2026-05-08,SH601988,-0.015940060668809614,EXP_LGBModel_Alpha158_csi300_custom_step0_s_20260508_16,ca127f94176c4c8ba04c416efbdf29bc,0.056,,,
2601,2026-05-08,SH601998,0.01534839469660476,EXP_LGBModel_Alpha158_csi300_custom_step0_s_20260508_16,ca127f94176c4c8ba04c416efbdf29bc,0.056,,,
2602,2026-05-08,SZ000002,0.021964003804884922,EXP_LGBModel_Alpha158_csi300_custom_step0_s_20260508_16,ca127f94176c4c8ba04c416efbdf29bc,0.056,,,
2603,2026-05-08,SZ000063,0.01754796471871261,EXP_LGBModel_Alpha158_csi300_custom_step0_s_20260508_16,ca127f94176c4c8ba04c416efbdf29bc,0.056,,,
2604,2026-05-08,SZ000100,-0.02932400281041887,EXP_LGBModel_Alpha158_csi300_custom_step0_s_20260508_16,ca127f94176c4c8ba04c416efbdf29bc,0.056,,,
2605,2026-05-08,SZ000157,-0.039616561540017255,EXP_LGBModel_Alpha158_csi300_custom_step0_s_20260508_16,ca127f94176c4c8ba04c416efbdf29bc,0.056,,,
2606,2026-05-08,SZ000166,-0.00642153807384272,EXP_LGBModel_Alpha158_csi300_custom_step0_s_20260508_16,ca127f94176c4c8ba04c416efbdf29bc,0.056,,,
2607,2026-05-08,SZ000301,0.09271499677663873,EXP_LGBModel_Alpha158_csi300_custom_step0_s_20260508_16,ca127f94176c4c8ba04c416efbdf29bc,0.056,,,
2608,2026-05-08,SZ000333,0.03317408518639225,EXP_LGBModel_Alpha158_csi300_custom_step0_s_20260508_16,ca127f94176c4c8ba04c416efbdf29bc,0.056,,,
2609,2026-05-08,SZ000338,0.0779087293560838,EXP_LGBModel_Alpha158_csi300_custom_step0_s_20260508_16,ca127f94176c4c8ba04c416efbdf29bc,0.056,,,
2610,2026-05-08,SZ000408,0.06569915893665994,EXP_LGBModel_Alpha158_csi300_custom_step0_s_20260508_16,ca127f94176c4c8ba04c416efbdf29bc,0.056,,,
2611,2026-05-08,SZ000425,-0.061130217496621134,EXP_LGBModel_Alpha158_csi300_custom_step0_s_20260508_16,ca127f94176c4c8ba04c416efbdf29bc,0.056,,,
2612,2026-05-08,SZ000538,-0.0290058692061953,EXP_LGBModel_Alpha158_csi300_custom_step0_s_20260508_16,ca127f94176c4c8ba04c416efbdf29bc,0.056,,,
2613,2026-05-08,SZ000568,-0.015579403717847717,EXP_LGBModel_Alpha158_csi300_custom_step0_s_20260508_16,ca127f94176c4c8ba04c416efbdf29bc,0.056,,,
2614,2026-05-08,SZ000596,-0.023564158879869065,EXP_LGBModel_Alpha158_csi300_custom_step0_s_20260508_16,ca127f94176c4c8ba04c416efbdf29bc,0.056,,,
2615,2026-05-08,SZ000617,-0.0007358268996853876,EXP_LGBModel_Alpha158_csi300_custom_step0_s_20260508_16,ca127f94176c4c8ba04c416efbdf29bc,0.056,,,
2616,2026-05-08,SZ000625,-0.00741675143316731,EXP_LGBModel_Alpha158_csi300_custom_step0_s_20260508_16,ca127f94176c4c8ba04c416efbdf29bc,0.056,,,
2617,2026-05-08,SZ000630,0.031565175617169636,EXP_LGBModel_Alpha158_csi300_custom_step0_s_20260508_16,ca127f94176c4c8ba04c416efbdf29bc,0.056,,,
2618,2026-05-08,SZ000651,-0.006333448732166102,EXP_LGBModel_Alpha158_csi300_custom_step0_s_20260508_16,ca127f94176c4c8ba04c416efbdf29bc,0.056,,,
2619,2026-05-08,SZ000975,0.008540169494849557,EXP_LGBModel_Alpha158_csi300_custom_step0_s_20260508_16,ca127f94176c4c8ba04c416efbdf29bc,0.056,,,
2620,2026-05-08,SZ000963,-0.028721159505731658,EXP_LGBModel_Alpha158_csi300_custom_step0_s_20260508_16,ca127f94176c4c8ba04c416efbdf29bc,0.056,,,
2621,2026-05-08,SZ000938,0.04722424335517315,EXP_LGBModel_Alpha158_csi300_custom_step0_s_20260508_16,ca127f94176c4c8ba04c416efbdf29bc,0.056,,,
2622,2026-05-08,SZ000895,-0.018150236902146864,EXP_LGBModel_Alpha158_csi300_custom_step0_s_20260508_16,ca127f94176c4c8ba04c416efbdf29bc,0.056,,,
2623,2026-05-08,SZ000876,-0.02297420259720768,EXP_LGBModel_Alpha158_csi300_custom_step0_s_20260508_16,ca127f94176c4c8ba04c416efbdf29bc,0.056,,,
2624,2026-05-08,SZ000858,-0.01185635524649571,EXP_LGBModel_Alpha158_csi300_custom_step0_s_20260508_16,ca127f94176c4c8ba04c416efbdf29bc,0.056,,,
2625,2026-05-08,SZ000001,-0.005503749159839059,EXP_LGBModel_Alpha158_csi300_custom_step0_s_20260508_16,ca127f94176c4c8ba04c416efbdf29bc,0.056,,,
2626,2026-05-08,SZ000807,0.05002380997689468,EXP_LGBModel_Alpha158_csi300_custom_step0_s_20260508_16,ca127f94176c4c8ba04c416efbdf29bc,0.056,,,
2627,2026-05-08,SZ000786,-0.018120585245993377,EXP_LGBModel_Alpha158_csi300_custom_step0_s_20260508_16,ca127f94176c4c8ba04c416efbdf29bc,0.056,,,
2628,2026-05-08,SZ000776,-0.0016452156565834317,EXP_LGBModel_Alpha158_csi300_custom_step0_s_20260508_16,ca127f94176c4c8ba04c416efbdf29bc,0.056,,,
2629,2026-05-08,SZ000768,0.00276102651774204,EXP_LGBModel_Alpha158_csi300_custom_step0_s_20260508_16,ca127f94176c4c8ba04c416efbdf29bc,0.056,,,
2630,2026-05-08,SZ000725,0.02994894954723606,EXP_LGBModel_Alpha158_csi300_custom_step0_s_20260508_16,ca127f94176c4c8ba04c416efbdf29bc,0.056,,,
2631,2026-05-08,SZ000708,-0.023624546907675573,EXP_LGBModel_Alpha158_csi300_custom_step0_s_20260508_16,ca127f94176c4c8ba04c416efbdf29bc,0.056,,,
2632,2026-05-08,SZ000661,-0.028821818622460582,EXP_LGBModel_Alpha158_csi300_custom_step0_s_20260508_16,ca127f94176c4c8ba04c416efbdf29bc,0.056,,,
2633,2026-05-08,SZ000792,-0.027118614134424488,EXP_LGBModel_Alpha158_csi300_custom_step0_s_20260508_16,ca127f94176c4c8ba04c416efbdf29bc,0.056,,,
2634,2026-05-08,SH601995,0.0007484923683035488,EXP_LGBModel_Alpha158_csi300_custom_step0_s_20260508_16,ca127f94176c4c8ba04c416efbdf29bc,0.056,,,
2635,2026-05-08,SH688981,-0.011683952229304208,EXP_LGBModel_Alpha158_csi300_custom_step0_s_20260508_16,ca127f94176c4c8ba04c416efbdf29bc,0.056,,,
2636,2026-05-08,SH688472,0.020128169361685953,EXP_LGBModel_Alpha158_csi300_custom_step0_s_20260508_16,ca127f94176c4c8ba04c416efbdf29bc,0.056,,,
2637,2026-05-08,SH603019,-0.04635186597477739,EXP_LGBModel_Alpha158_csi300_custom_step0_s_20260508_16,ca127f94176c4c8ba04c416efbdf29bc,0.056,,,
2638,2026-05-08,SH603195,-0.00614530013858215,EXP_LGBModel_Alpha158_csi300_custom_step0_s_20260508_16,ca127f94176c4c8ba04c416efbdf29bc,0.056,,,
2639,2026-05-08,SH603259,-0.03498911477546376,EXP_LGBModel_Alpha158_csi300_custom_step0_s_20260508_16,ca127f94176c4c8ba04c416efbdf29bc,0.056,,,
2640,2026-05-08,SH603260,0.06486091251093427,EXP_LGBModel_Alpha158_csi300_custom_step0_s_20260508_16,ca127f94176c4c8ba04c416efbdf29bc,0.056,,,
2641,2026-05-08,SH603288,-0.01796192718667691,EXP_LGBModel_Alpha158_csi300_custom_step0_s_20260508_16,ca127f94176c4c8ba04c416efbdf29bc,0.056,,,
2642,2026-05-08,SH603296,0.07929842652747086,EXP_LGBModel_Alpha158_csi300_custom_step0_s_20260508_16,ca127f94176c4c8ba04c416efbdf29bc,0.056,,,
2643,2026-05-08,SH603369,-0.006578663747371122,EXP_LGBModel_Alpha158_csi300_custom_step0_s_20260508_16,ca127f94176c4c8ba04c416efbdf29bc,0.056,,,
2644,2026-05-08,SH603392,-0.007456987433642403,EXP_LGBModel_Alpha158_csi300_custom_step0_s_20260508_16,ca127f94176c4c8ba04c416efbdf29bc,0.056,,,
2645,2026-05-08,SH603501,-0.011220141965354145,EXP_LGBModel_Alpha158_csi300_custom_step0_s_20260508_16,ca127f94176c4c8ba04c416efbdf29bc,0.056,,,
2646,2026-05-08,SH603799,0.03531635303336507,EXP_LGBModel_Alpha158_csi300_custom_step0_s_20260508_16,ca127f94176c4c8ba04c416efbdf29bc,0.056,,,
2647,2026-05-08,SH603893,0.021693720733304774,EXP_LGBModel_Alpha158_csi300_custom_step0_s_20260508_16,ca127f94176c4c8ba04c416efbdf29bc,0.056,,,
2648,2026-05-08,SH603986,0.02915392426128132,EXP_LGBModel_Alpha158_csi300_custom_step0_s_20260508_16,ca127f94176c4c8ba04c416efbdf29bc,0.056,,,
2649,2026-05-08,SH603993,0.023397017869601043,EXP_LGBModel_Alpha158_csi300_custom_step0_s_20260508_16,ca127f94176c4c8ba04c416efbdf29bc,0.056,,,
2650,2026-05-08,SH605117,0.07120812999169476,EXP_LGBModel_Alpha158_csi300_custom_step0_s_20260508_16,ca127f94176c4c8ba04c416efbdf29bc,0.056,,,
2651,2026-05-08,SH605499,-0.023310965412105235,EXP_LGBModel_Alpha158_csi300_custom_step0_s_20260508_16,ca127f94176c4c8ba04c416efbdf29bc,0.056,,,
2652,2026-05-08,SH688008,0.07029223170020647,EXP_LGBModel_Alpha158_csi300_custom_step0_s_20260508_16,ca127f94176c4c8ba04c416efbdf29bc,0.056,,,
2653,2026-05-08,SH688009,-0.027534826840196768,EXP_LGBModel_Alpha158_csi300_custom_step0_s_20260508_16,ca127f94176c4c8ba04c416efbdf29bc,0.056,,,
2654,2026-05-08,SH688396,0.04086677307046456,EXP_LGBModel_Alpha158_csi300_custom_step0_s_20260508_16,ca127f94176c4c8ba04c416efbdf29bc,0.056,,,
2655,2026-05-08,SH688303,0.04199702055690475,EXP_LGBModel_Alpha158_csi300_custom_step0_s_20260508_16,ca127f94176c4c8ba04c416efbdf29bc,0.056,,,
2656,2026-05-08,SH688271,0.0023387898857357425,EXP_LGBModel_Alpha158_csi300_custom_step0_s_20260508_16,ca127f94176c4c8ba04c416efbdf29bc,0.056,,,
2657,2026-05-08,SH688256,0.019741218821014147,EXP_LGBModel_Alpha158_csi300_custom_step0_s_20260508_16,ca127f94176c4c8ba04c416efbdf29bc,0.056,,,
2658,2026-05-08,SH688223,0.025819348504387774,EXP_LGBModel_Alpha158_csi300_custom_step0_s_20260508_16,ca127f94176c4c8ba04c416efbdf29bc,0.056,,,
2659,2026-05-08,SH688187,-0.03898523372703627,EXP_LGBModel_Alpha158_csi300_custom_step0_s_20260508_16,ca127f94176c4c8ba04c416efbdf29bc,0.056,,,
2660,2026-05-08,SH688506,-0.02475825632705039,EXP_LGBModel_Alpha158_csi300_custom_step0_s_20260508_16,ca127f94176c4c8ba04c416efbdf29bc,0.056,,,
2661,2026-05-08,SH688169,0.023102854638670806,EXP_LGBModel_Alpha158_csi300_custom_step0_s_20260508_16,ca127f94176c4c8ba04c416efbdf29bc,0.056,,,
2662,2026-05-08,SH688111,0.009540573675706258,EXP_LGBModel_Alpha158_csi300_custom_step0_s_20260508_16,ca127f94176c4c8ba04c416efbdf29bc,0.056,,,
2663,2026-05-08,SH688082,0.034943111580252206,EXP_LGBModel_Alpha158_csi300_custom_step0_s_20260508_16,ca127f94176c4c8ba04c416efbdf29bc,0.056,,,
2664,2026-05-08,SH688047,-0.01275959120504112,EXP_LGBModel_Alpha158_csi300_custom_step0_s_20260508_16,ca127f94176c4c8ba04c416efbdf29bc,0.056,,,
2665,2026-05-08,SH688041,0.006448844631070639,EXP_LGBModel_Alpha158_csi300_custom_step0_s_20260508_16,ca127f94176c4c8ba04c416efbdf29bc,0.056,,,
2666,2026-05-08,SH688036,0.002590454504872278,EXP_LGBModel_Alpha158_csi300_custom_step0_s_20260508_16,ca127f94176c4c8ba04c416efbdf29bc,0.056,,,
2667,2026-05-08,SH688012,-0.009459519838287193,EXP_LGBModel_Alpha158_csi300_custom_step0_s_20260508_16,ca127f94176c4c8ba04c416efbdf29bc,0.056,,,
2668,2026-05-08,SH688126,0.03371468523024318,EXP_LGBModel_Alpha158_csi300_custom_step0_s_20260508_16,ca127f94176c4c8ba04c416efbdf29bc,0.056,,,
2669,2026-05-08,SH601009,-0.017883563708157198,EXP_LGBModel_Alpha158_csi300_custom_step0_s_20260508_16,ca127f94176c4c8ba04c416efbdf29bc,0.056,,,
2670,2026-05-08,SH601006,-0.00981177128001642,EXP_LGBModel_Alpha158_csi300_custom_step0_s_20260508_16,ca127f94176c4c8ba04c416efbdf29bc,0.056,,,
2671,2026-05-08,SH600999,-0.004625468899112471,EXP_LGBModel_Alpha158_csi300_custom_step0_s_20260508_16,ca127f94176c4c8ba04c416efbdf29bc,0.056,,,
2672,2026-05-08,SZ300433,-0.0020223583775467913,EXP_LGBModel_Alpha158_csi300_custom_step0_s_20260508_16,67aaf4ee861e4cff962e103c58f38cae,0.06,,,
2673,2026-05-08,SZ300442,0.0013218603184620766,EXP_LGBModel_Alpha158_csi300_custom_step0_s_20260508_16,67aaf4ee861e4cff962e103c58f38cae,0.06,,,
2674,2026-05-08,SZ300476,-7.26883994483889e-10,EXP_LGBModel_Alpha158_csi300_custom_step0_s_20260508_16,67aaf4ee861e4cff962e103c58f38cae,0.06,,,
2675,2026-05-08,SZ300498,-7.26883994483889e-10,EXP_LGBModel_Alpha158_csi300_custom_step0_s_20260508_16,67aaf4ee861e4cff962e103c58f38cae,0.06,,,
2676,2026-05-08,SZ300502,-7.26883994483889e-10,EXP_LGBModel_Alpha158_csi300_custom_step0_s_20260508_16,67aaf4ee861e4cff962e103c58f38cae,0.06,,,
2677,2026-05-08,SZ300628,-7.26883994483889e-10,EXP_LGBModel_Alpha158_csi300_custom_step0_s_20260508_16,67aaf4ee861e4cff962e103c58f38cae,0.06,,,
2678,2026-05-08,SZ300661,0.005039316136016535,EXP_LGBModel_Alpha158_csi300_custom_step0_s_20260508_16,67aaf4ee861e4cff962e103c58f38cae,0.06,,,
2679,2026-05-08,SZ300750,-7.26883994483889e-10,EXP_LGBModel_Alpha158_csi300_custom_step0_s_20260508_16,67aaf4ee861e4cff962e103c58f38cae,0.06,,,
2680,2026-05-08,SZ300759,-7.26883994483889e-10,EXP_LGBModel_Alpha158_csi300_custom_step0_s_20260508_16,67aaf4ee861e4cff962e103c58f38cae,0.06,,,
2681,2026-05-08,SZ300760,-0.0020223583775467913,EXP_LGBModel_Alpha158_csi300_custom_step0_s_20260508_16,67aaf4ee861e4cff962e103c58f38cae,0.06,,,
2682,2026-05-08,SZ300782,0.005039316136016535,EXP_LGBModel_Alpha158_csi300_custom_step0_s_20260508_16,67aaf4ee861e4cff962e103c58f38cae,0.06,,,
2683,2026-05-08,SZ300803,-0.0020223583775467913,EXP_LGBModel_Alpha158_csi300_custom_step0_s_20260508_16,67aaf4ee861e4cff962e103c58f38cae,0.06,,,
2684,2026-05-08,SZ300832,-0.0020223583775467913,EXP_LGBModel_Alpha158_csi300_custom_step0_s_20260508_16,67aaf4ee861e4cff962e103c58f38cae,0.06,,,
2685,2026-05-08,SZ300866,-7.26883994483889e-10,EXP_LGBModel_Alpha158_csi300_custom_step0_s_20260508_16,67aaf4ee861e4cff962e103c58f38cae,0.06,,,
2686,2026-05-08,SZ300896,0.0006447571557192846,EXP_LGBModel_Alpha158_csi300_custom_step0_s_20260508_16,67aaf4ee861e4cff962e103c58f38cae,0.06,,,
2687,2026-05-08,SZ300979,-7.26883994483889e-10,EXP_LGBModel_Alpha158_csi300_custom_step0_s_20260508_16,67aaf4ee861e4cff962e103c58f38cae,0.06,,,
2688,2026-05-08,SZ300999,0.0027256610582866306,EXP_LGBModel_Alpha158_csi300_custom_step0_s_20260508_16,67aaf4ee861e4cff962e103c58f38cae,0.06,,,
2689,2026-05-08,SH600026,-0.02610512457969961,EXP_LGBModel_Alpha158_csi300_custom_step0_s_20260508_16,ca127f94176c4c8ba04c416efbdf29bc,0.056,,,
2690,2026-05-08,SH600025,-0.01473419094335461,EXP_LGBModel_Alpha158_csi300_custom_step0_s_20260508_16,ca127f94176c4c8ba04c416efbdf29bc,0.056,,,
2691,2026-05-08,SH600023,0.028783519453102875,EXP_LGBModel_Alpha158_csi300_custom_step0_s_20260508_16,ca127f94176c4c8ba04c416efbdf29bc,0.056,,,
2692,2026-05-08,SH600019,-0.006983619160293906,EXP_LGBModel_Alpha158_csi300_custom_step0_s_20260508_16,ca127f94176c4c8ba04c416efbdf29bc,0.056,,,
2693,2026-05-08,SH600018,-0.008408100271987615,EXP_LGBModel_Alpha158_csi300_custom_step0_s_20260508_16,ca127f94176c4c8ba04c416efbdf29bc,0.056,,,
2694,2026-05-08,SH600016,-0.032508165664867895,EXP_LGBModel_Alpha158_csi300_custom_step0_s_20260508_16,ca127f94176c4c8ba04c416efbdf29bc,0.056,,,
2695,2026-05-08,SZ300418,-7.26883994483889e-10,EXP_LGBModel_Alpha158_csi300_custom_step0_s_20260508_16,67aaf4ee861e4cff962e103c58f38cae,0.06,,,
2696,2026-05-08,SH600015,-0.010510117618811581,EXP_LGBModel_Alpha158_csi300_custom_step0_s_20260508_16,ca127f94176c4c8ba04c416efbdf29bc,0.056,,,
2697,2026-05-08,SH600010,0.038300460892621936,EXP_LGBModel_Alpha158_csi300_custom_step0_s_20260508_16,ca127f94176c4c8ba04c416efbdf29bc,0.056,,,
2698,2026-05-08,SH600009,-0.020643218851031757,EXP_LGBModel_Alpha158_csi300_custom_step0_s_20260508_16,ca127f94176c4c8ba04c416efbdf29bc,0.056,,,
2699,2026-05-08,SH600000,-0.016585977811783892,EXP_LGBModel_Alpha158_csi300_custom_step0_s_20260508_16,ca127f94176c4c8ba04c416efbdf29bc,0.056,,,
2700,2026-05-08,SZ302132,-7.26883994483889e-10,EXP_LGBModel_Alpha158_csi300_custom_step0_s_20260508_16,67aaf4ee861e4cff962e103c58f38cae,0.06,,,
2701,2026-05-08,SZ301269,-0.0020223583775467913,EXP_LGBModel_Alpha158_csi300_custom_step0_s_20260508_16,67aaf4ee861e4cff962e103c58f38cae,0.06,,,
2702,2026-05-08,SZ301236,-0.0020223583775467913,EXP_LGBModel_Alpha158_csi300_custom_step0_s_20260508_16,67aaf4ee861e4cff962e103c58f38cae,0.06,,,
2703,2026-05-08,SH600011,0.015240816800934918,EXP_LGBModel_Alpha158_csi300_custom_step0_s_20260508_16,ca127f94176c4c8ba04c416efbdf29bc,0.056,,,
2704,2026-05-08,SH600027,0.016072799175031918,EXP_LGBModel_Alpha158_csi300_custom_step0_s_20260508_16,ca127f94176c4c8ba04c416efbdf29bc,0.056,,,
2705,2026-05-08,SZ300413,-0.0020223583775467913,EXP_LGBModel_Alpha158_csi300_custom_step0_s_20260508_16,67aaf4ee861e4cff962e103c58f38cae,0.06,,,
2706,2026-05-08,SZ300394,-0.0020223583775467913,EXP_LGBModel_Alpha158_csi300_custom_step0_s_20260508_16,67aaf4ee861e4cff962e103c58f38cae,0.06,,,
2707,2026-05-08,SZ002415,-0.0020223583775467913,EXP_LGBModel_Alpha158_csi300_custom_step0_s_20260508_16,67aaf4ee861e4cff962e103c58f38cae,0.06,,,
2708,2026-05-08,SZ002422,-7.26883994483889e-10,EXP_LGBModel_Alpha158_csi300_custom_step0_s_20260508_16,67aaf4ee861e4cff962e103c58f38cae,0.06,,,
2709,2026-05-08,SZ002459,-0.0008085327369481251,EXP_LGBModel_Alpha158_csi300_custom_step0_s_20260508_16,67aaf4ee861e4cff962e103c58f38cae,0.06,,,
2710,2026-05-08,SZ002460,-0.0020223583775467913,EXP_LGBModel_Alpha158_csi300_custom_step0_s_20260508_16,67aaf4ee861e4cff962e103c58f38cae,0.06,,,
2711,2026-05-08,SZ002463,-7.26883994483889e-10,EXP_LGBModel_Alpha158_csi300_custom_step0_s_20260508_16,67aaf4ee861e4cff962e103c58f38cae,0.06,,,
2712,2026-05-08,SZ002466,0.005039316136016535,EXP_LGBModel_Alpha158_csi300_custom_step0_s_20260508_16,67aaf4ee861e4cff962e103c58f38cae,0.06,,,
2713,2026-05-08,SZ002475,-7.26883994483889e-10,EXP_LGBModel_Alpha158_csi300_custom_step0_s_20260508_16,67aaf4ee861e4cff962e103c58f38cae,0.06,,,
2714,2026-05-08,SZ002493,-0.0020223583775467913,EXP_LGBModel_Alpha158_csi300_custom_step0_s_20260508_16,67aaf4ee861e4cff962e103c58f38cae,0.06,,,
2715,2026-05-08,SZ002594,-7.26883994483889e-10,EXP_LGBModel_Alpha158_csi300_custom_step0_s_20260508_16,67aaf4ee861e4cff962e103c58f38cae,0.06,,,
2716,2026-05-08,SZ002600,0.0013218603184620766,EXP_LGBModel_Alpha158_csi300_custom_step0_s_20260508_16,67aaf4ee861e4cff962e103c58f38cae,0.06,,,
2717,2026-05-08,SZ002601,-7.26883994483889e-10,EXP_LGBModel_Alpha158_csi300_custom_step0_s_20260508_16,67aaf4ee861e4cff962e103c58f38cae,0.06,,,
2718,2026-05-08,SZ002625,-0.0020223583775467913,EXP_LGBModel_Alpha158_csi300_custom_step0_s_20260508_16,67aaf4ee861e4cff962e103c58f38cae,0.06,,,
2719,2026-05-08,SZ002648,-7.26883994483889e-10,EXP_LGBModel_Alpha158_csi300_custom_step0_s_20260508_16,67aaf4ee861e4cff962e103c58f38cae,0.06,,,
2720,2026-05-08,SZ002709,0.005039316136016535,EXP_LGBModel_Alpha158_csi300_custom_step0_s_20260508_16,67aaf4ee861e4cff962e103c58f38cae,0.06,,,
2721,2026-05-08,SZ002714,-7.26883994483889e-10,EXP_LGBModel_Alpha158_csi300_custom_step0_s_20260508_16,67aaf4ee861e4cff962e103c58f38cae,0.06,,,
2722,2026-05-08,SZ002736,-7.26883994483889e-10,EXP_LGBModel_Alpha158_csi300_custom_step0_s_20260508_16,67aaf4ee861e4cff962e103c58f38cae,0.06,,,
2723,2026-05-08,SZ002916,0.005039316136016535,EXP_LGBModel_Alpha158_csi300_custom_step0_s_20260508_16,67aaf4ee861e4cff962e103c58f38cae,0.06,,,
2724,2026-05-08,SZ300347,-0.0020223583775467913,EXP_LGBModel_Alpha158_csi300_custom_step0_s_20260508_16,67aaf4ee861e4cff962e103c58f38cae,0.06,,,
2725,2026-05-08,SZ300316,-0.0020223583775467913,EXP_LGBModel_Alpha158_csi300_custom_step0_s_20260508_16,67aaf4ee861e4cff962e103c58f38cae,0.06,,,
2726,2026-05-08,SZ300308,-7.26883994483889e-10,EXP_LGBModel_Alpha158_csi300_custom_step0_s_20260508_16,67aaf4ee861e4cff962e103c58f38cae,0.06,,,
2727,2026-05-08,SZ300274,-7.26883994483889e-10,EXP_LGBModel_Alpha158_csi300_custom_step0_s_20260508_16,67aaf4ee861e4cff962e103c58f38cae,0.06,,,
2728,2026-05-08,SZ300251,-0.0020223583775467913,EXP_LGBModel_Alpha158_csi300_custom_step0_s_20260508_16,67aaf4ee861e4cff962e103c58f38cae,0.06,,,
2729,2026-05-08,SZ300124,-0.0020223583775467913,EXP_LGBModel_Alpha158_csi300_custom_step0_s_20260508_16,67aaf4ee861e4cff962e103c58f38cae,0.06,,,
2730,2026-05-08,SZ300408,-7.26883994483889e-10,EXP_LGBModel_Alpha158_csi300_custom_step0_s_20260508_16,67aaf4ee861e4cff962e103c58f38cae,0.06,,,
2731,2026-05-08,SZ300122,0.0027256610582866306,EXP_LGBModel_Alpha158_csi300_custom_step0_s_20260508_16,67aaf4ee861e4cff962e103c58f38cae,0.06,,,
2732,2026-05-08,SZ300033,-7.26883994483889e-10,EXP_LGBModel_Alpha158_csi300_custom_step0_s_20260508_16,67aaf4ee861e4cff962e103c58f38cae,0.06,,,
2733,2026-05-08,SZ300015,-0.0020223583775467913,EXP_LGBModel_Alpha158_csi300_custom_step0_s_20260508_16,67aaf4ee861e4cff962e103c58f38cae,0.06,,,
2734,2026-05-08,SZ300014,-7.26883994483889e-10,EXP_LGBModel_Alpha158_csi300_custom_step0_s_20260508_16,67aaf4ee861e4cff962e103c58f38cae,0.06,,,
2735,2026-05-08,SZ003816,0.0027256610582866306,EXP_LGBModel_Alpha158_csi300_custom_step0_s_20260508_16,67aaf4ee861e4cff962e103c58f38cae,0.06,,,
2736,2026-05-08,SZ002938,-7.26883994483889e-10,EXP_LGBModel_Alpha158_csi300_custom_step0_s_20260508_16,67aaf4ee861e4cff962e103c58f38cae,0.06,,,
2737,2026-05-08,SZ002920,-0.0020223583775467913,EXP_LGBModel_Alpha158_csi300_custom_step0_s_20260508_16,67aaf4ee861e4cff962e103c58f38cae,0.06,,,
2738,2026-05-08,SZ300059,0.0013218603184620766,EXP_LGBModel_Alpha158_csi300_custom_step0_s_20260508_16,67aaf4ee861e4cff962e103c58f38cae,0.06,,,
2739,2026-05-08,SH600028,-0.04035205037139021,EXP_LGBModel_Alpha158_csi300_custom_step0_s_20260508_16,ca127f94176c4c8ba04c416efbdf29bc,0.056,,,
2740,2026-05-08,SH600029,-0.005843291424567424,EXP_LGBModel_Alpha158_csi300_custom_step0_s_20260508_16,ca127f94176c4c8ba04c416efbdf29bc,0.056,,,
2741,2026-05-08,SH600030,0.01377306337277895,EXP_LGBModel_Alpha158_csi300_custom_step0_s_20260508_16,ca127f94176c4c8ba04c416efbdf29bc,0.056,,,
2742,2026-05-08,SH600519,-0.03239491799426904,EXP_LGBModel_Alpha158_csi300_custom_step0_s_20260508_16,ca127f94176c4c8ba04c416efbdf29bc,0.056,,,
2743,2026-05-08,SH600522,0.013625080312364127,EXP_LGBModel_Alpha158_csi300_custom_step0_s_20260508_16,ca127f94176c4c8ba04c416efbdf29bc,0.056,,,
2744,2026-05-08,SH600547,-0.018205903308822755,EXP_LGBModel_Alpha158_csi300_custom_step0_s_20260508_16,ca127f94176c4c8ba04c416efbdf29bc,0.056,,,
2745,2026-05-08,SH600570,0.005784264980917389,EXP_LGBModel_Alpha158_csi300_custom_step0_s_20260508_16,ca127f94176c4c8ba04c416efbdf29bc,0.056,,,
2746,2026-05-08,SH600584,0.02016716577082072,EXP_LGBModel_Alpha158_csi300_custom_step0_s_20260508_16,ca127f94176c4c8ba04c416efbdf29bc,0.056,,,
2747,2026-05-08,SH600585,-0.045322695717161555,EXP_LGBModel_Alpha158_csi300_custom_step0_s_20260508_16,ca127f94176c4c8ba04c416efbdf29bc,0.056,,,
2748,2026-05-08,SH600588,0.023610282515230663,EXP_LGBModel_Alpha158_csi300_custom_step0_s_20260508_16,ca127f94176c4c8ba04c416efbdf29bc,0.056,,,
2749,2026-05-08,SH600600,-0.011905708597923802,EXP_LGBModel_Alpha158_csi300_custom_step0_s_20260508_16,ca127f94176c4c8ba04c416efbdf29bc,0.056,,,
2750,2026-05-08,SH600660,0.006349853212532277,EXP_LGBModel_Alpha158_csi300_custom_step0_s_20260508_16,ca127f94176c4c8ba04c416efbdf29bc,0.056,,,
2751,2026-05-08,SH600674,-0.005796761368954318,EXP_LGBModel_Alpha158_csi300_custom_step0_s_20260508_16,ca127f94176c4c8ba04c416efbdf29bc,0.056,,,
2752,2026-05-08,SH600690,-0.009639182785405037,EXP_LGBModel_Alpha158_csi300_custom_step0_s_20260508_16,ca127f94176c4c8ba04c416efbdf29bc,0.056,,,
2753,2026-05-08,SH600741,-0.03129496300226565,EXP_LGBModel_Alpha158_csi300_custom_step0_s_20260508_16,ca127f94176c4c8ba04c416efbdf29bc,0.056,,,
2754,2026-05-08,SH600760,0.0006432116273798485,EXP_LGBModel_Alpha158_csi300_custom_step0_s_20260508_16,ca127f94176c4c8ba04c416efbdf29bc,0.056,,,
2755,2026-05-08,SH600795,-0.006913149210582971,EXP_LGBModel_Alpha158_csi300_custom_step0_s_20260508_16,ca127f94176c4c8ba04c416efbdf29bc,0.056,,,
2756,2026-05-08,SH600803,-0.013433950839711887,EXP_LGBModel_Alpha158_csi300_custom_step0_s_20260508_16,ca127f94176c4c8ba04c416efbdf29bc,0.056,,,
2757,2026-05-08,SH600809,-0.02953074209643596,EXP_LGBModel_Alpha158_csi300_custom_step0_s_20260508_16,ca127f94176c4c8ba04c416efbdf29bc,0.056,,,
2758,2026-05-08,SH600845,0.009775526722123219,EXP_LGBModel_Alpha158_csi300_custom_step0_s_20260508_16,ca127f94176c4c8ba04c416efbdf29bc,0.056,,,
2759,2026-05-08,SH600989,-0.015083488472938472,EXP_LGBModel_Alpha158_csi300_custom_step0_s_20260508_16,ca127f94176c4c8ba04c416efbdf29bc,0.056,,,
2760,2026-05-08,SH600958,-0.020481122271889016,EXP_LGBModel_Alpha158_csi300_custom_step0_s_20260508_16,ca127f94176c4c8ba04c416efbdf29bc,0.056,,,
2761,2026-05-08,SH600941,0.007242033209144826,EXP_LGBModel_Alpha158_csi300_custom_step0_s_20260508_16,ca127f94176c4c8ba04c416efbdf29bc,0.056,,,
2762,2026-05-08,SH600938,-0.015449427704997777,EXP_LGBModel_Alpha158_csi300_custom_step0_s_20260508_16,ca127f94176c4c8ba04c416efbdf29bc,0.056,,,
2763,2026-05-08,SH600930,0.0061458606500913015,EXP_LGBModel_Alpha158_csi300_custom_step0_s_20260508_16,ca127f94176c4c8ba04c416efbdf29bc,0.056,,,
2764,2026-05-08,SH600926,-0.017295621925615876,EXP_LGBModel_Alpha158_csi300_custom_step0_s_20260508_16,ca127f94176c4c8ba04c416efbdf29bc,0.056,,,
2765,2026-05-08,SH600515,-0.02118753618290739,EXP_LGBModel_Alpha158_csi300_custom_step0_s_20260508_16,ca127f94176c4c8ba04c416efbdf29bc,0.056,,,
2766,2026-05-08,SH600919,0.00694816130600672,EXP_LGBModel_Alpha158_csi300_custom_step0_s_20260508_16,ca127f94176c4c8ba04c416efbdf29bc,0.056,,,
2767,2026-05-08,SH600905,-5.707782917910211e-05,EXP_LGBModel_Alpha158_csi300_custom_step0_s_20260508_16,ca127f94176c4c8ba04c416efbdf29bc,0.056,,,
2768,2026-05-08,SH600900,-0.008661669037960168,EXP_LGBModel_Alpha158_csi300_custom_step0_s_20260508_16,ca127f94176c4c8ba04c416efbdf29bc,0.056,,,
2769,2026-05-08,SH600893,0.021829204764249842,EXP_LGBModel_Alpha158_csi300_custom_step0_s_20260508_16,ca127f94176c4c8ba04c416efbdf29bc,0.056,,,
2770,2026-05-08,SH600887,-0.00646795530344458,EXP_LGBModel_Alpha158_csi300_custom_step0_s_20260508_16,ca127f94176c4c8ba04c416efbdf29bc,0.056,,,
2771,2026-05-08,SH600886,-0.045135761504979194,EXP_LGBModel_Alpha158_csi300_custom_step0_s_20260508_16,ca127f94176c4c8ba04c416efbdf29bc,0.056,,,
2772,2026-05-08,SH600875,-0.008742747299938135,EXP_LGBModel_Alpha158_csi300_custom_step0_s_20260508_16,ca127f94176c4c8ba04c416efbdf29bc,0.056,,,
2773,2026-05-08,SH600918,-0.021965381319529055,EXP_LGBModel_Alpha158_csi300_custom_step0_s_20260508_16,ca127f94176c4c8ba04c416efbdf29bc,0.056,,,
2774,2026-05-08,SH600489,0.026021971831615007,EXP_LGBModel_Alpha158_csi300_custom_step0_s_20260508_16,ca127f94176c4c8ba04c416efbdf29bc,0.056,,,
2775,2026-05-08,SH600482,0.09395436278937816,EXP_LGBModel_Alpha158_csi300_custom_step0_s_20260508_16,ca127f94176c4c8ba04c416efbdf29bc,0.056,,,
2776,2026-05-08,SH600460,0.03890261438621121,EXP_LGBModel_Alpha158_csi300_custom_step0_s_20260508_16,ca127f94176c4c8ba04c416efbdf29bc,0.056,,,
2777,2026-05-08,SH600160,0.001001753009621604,EXP_LGBModel_Alpha158_csi300_custom_step0_s_20260508_16,ca127f94176c4c8ba04c416efbdf29bc,0.056,,,
2778,2026-05-08,SH600150,0.040838081593009695,EXP_LGBModel_Alpha158_csi300_custom_step0_s_20260508_16,ca127f94176c4c8ba04c416efbdf29bc,0.056,,,
2779,2026-05-08,SH600115,0.03157277884265236,EXP_LGBModel_Alpha158_csi300_custom_step0_s_20260508_16,ca127f94176c4c8ba04c416efbdf29bc,0.056,,,
2780,2026-05-08,SH600111,0.02532201843498264,EXP_LGBModel_Alpha158_csi300_custom_step0_s_20260508_16,ca127f94176c4c8ba04c416efbdf29bc,0.056,,,
2781,2026-05-08,SH600104,-0.02088190647413785,EXP_LGBModel_Alpha158_csi300_custom_step0_s_20260508_16,ca127f94176c4c8ba04c416efbdf29bc,0.056,,,
2782,2026-05-08,SH600089,-0.02010140173439836,EXP_LGBModel_Alpha158_csi300_custom_step0_s_20260508_16,ca127f94176c4c8ba04c416efbdf29bc,0.056,,,
2783,2026-05-08,SH600161,-0.02339888324864384,EXP_LGBModel_Alpha158_csi300_custom_step0_s_20260508_16,ca127f94176c4c8ba04c416efbdf29bc,0.056,,,
2784,2026-05-08,SH600085,-0.026205861292909634,EXP_LGBModel_Alpha158_csi300_custom_step0_s_20260508_16,ca127f94176c4c8ba04c416efbdf29bc,0.056,,,
2785,2026-05-08,SH600061,-0.02362579018858137,EXP_LGBModel_Alpha158_csi300_custom_step0_s_20260508_16,ca127f94176c4c8ba04c416efbdf29bc,0.056,,,
2786,2026-05-08,SH600050,-0.017294589776955326,EXP_LGBModel_Alpha158_csi300_custom_step0_s_20260508_16,ca127f94176c4c8ba04c416efbdf29bc,0.056,,,
2787,2026-05-08,SH600048,0.037032900009725714,EXP_LGBModel_Alpha158_csi300_custom_step0_s_20260508_16,ca127f94176c4c8ba04c416efbdf29bc,0.056,,,
2788,2026-05-08,SH600039,0.0087864955675018,EXP_LGBModel_Alpha158_csi300_custom_step0_s_20260508_16,ca127f94176c4c8ba04c416efbdf29bc,0.056,,,
2789,2026-05-08,SH600036,-0.03533937226490738,EXP_LGBModel_Alpha158_csi300_custom_step0_s_20260508_16,ca127f94176c4c8ba04c416efbdf29bc,0.056,,,
2790,2026-05-08,SH600031,-0.00860534696706536,EXP_LGBModel_Alpha158_csi300_custom_step0_s_20260508_16,ca127f94176c4c8ba04c416efbdf29bc,0.056,,,
2791,2026-05-08,SH600066,0.0346051318489086,EXP_LGBModel_Alpha158_csi300_custom_step0_s_20260508_16,ca127f94176c4c8ba04c416efbdf29bc,0.056,,,
2792,2026-05-08,SZ002371,-0.0020223583775467913,EXP_LGBModel_Alpha158_csi300_custom_step0_s_20260508_16,67aaf4ee861e4cff962e103c58f38cae,0.06,,,
2793,2026-05-08,SH600176,0.09118165053927432,EXP_LGBModel_Alpha158_csi300_custom_step0_s_20260508_16,ca127f94176c4c8ba04c416efbdf29bc,0.056,,,
2794,2026-05-08,SH600188,0.06096819070445536,EXP_LGBModel_Alpha158_csi300_custom_step0_s_20260508_16,ca127f94176c4c8ba04c416efbdf29bc,0.056,,,
2795,2026-05-08,SH600438,0.0053308253656441365,EXP_LGBModel_Alpha158_csi300_custom_step0_s_20260508_16,ca127f94176c4c8ba04c416efbdf29bc,0.056,,,
2796,2026-05-08,SH600436,-0.04019654734979954,EXP_LGBModel_Alpha158_csi300_custom_step0_s_20260508_16,ca127f94176c4c8ba04c416efbdf29bc,0.056,,,
2797,2026-05-08,SH600426,-0.01875091728999566,EXP_LGBModel_Alpha158_csi300_custom_step0_s_20260508_16,ca127f94176c4c8ba04c416efbdf29bc,0.056,,,
2798,2026-05-08,SH600415,-0.014352476575475085,EXP_LGBModel_Alpha158_csi300_custom_step0_s_20260508_16,ca127f94176c4c8ba04c416efbdf29bc,0.056,,,
2799,2026-05-08,SH600406,-0.039891767486050514,EXP_LGBModel_Alpha158_csi300_custom_step0_s_20260508_16,ca127f94176c4c8ba04c416efbdf29bc,0.056,,,
2800,2026-05-08,SH600377,0.023057070052867855,EXP_LGBModel_Alpha158_csi300_custom_step0_s_20260508_16,ca127f94176c4c8ba04c416efbdf29bc,0.056,,,
2801,2026-05-08,SH600183,0.08277029409933642,EXP_LGBModel_Alpha158_csi300_custom_step0_s_20260508_16,ca127f94176c4c8ba04c416efbdf29bc,0.056,,,
2802,2026-05-08,SH600372,0.010776581289862324,EXP_LGBModel_Alpha158_csi300_custom_step0_s_20260508_16,ca127f94176c4c8ba04c416efbdf29bc,0.056,,,
2803,2026-05-08,SH600346,0.0020917881909721225,EXP_LGBModel_Alpha158_csi300_custom_step0_s_20260508_16,ca127f94176c4c8ba04c416efbdf29bc,0.056,,,
2804,2026-05-08,SH600309,-0.009660243207148419,EXP_LGBModel_Alpha158_csi300_custom_step0_s_20260508_16,ca127f94176c4c8ba04c416efbdf29bc,0.056,,,
2805,2026-05-08,SH600276,-0.02950305906422667,EXP_LGBModel_Alpha158_csi300_custom_step0_s_20260508_16,ca127f94176c4c8ba04c416efbdf29bc,0.056,,,
2806,2026-05-08,SH600233,0.0036697953932610296,EXP_LGBModel_Alpha158_csi300_custom_step0_s_20260508_16,ca127f94176c4c8ba04c416efbdf29bc,0.056,,,
2807,2026-05-08,SH600219,-0.00861355724576655,EXP_LGBModel_Alpha158_csi300_custom_step0_s_20260508_16,ca127f94176c4c8ba04c416efbdf29bc,0.056,,,
2808,2026-05-08,SH600196,-0.04616007733373716,EXP_LGBModel_Alpha158_csi300_custom_step0_s_20260508_16,ca127f94176c4c8ba04c416efbdf29bc,0.056,,,
2809,2026-05-08,SH600362,0.027103698256000668,EXP_LGBModel_Alpha158_csi300_custom_step0_s_20260508_16,ca127f94176c4c8ba04c416efbdf29bc,0.056,,,
2810,2026-05-08,SZ002920,-0.008634960244865588,EXP_CatBoostModel_Alpha158_csi300_custom_step0_s_20260508_16,ed7f4732934945b98090da796cbd8df6,0.056,,,
2811,2026-05-08,SZ002916,0.055675165450854186,EXP_CatBoostModel_Alpha158_csi300_custom_step0_s_20260508_16,ed7f4732934945b98090da796cbd8df6,0.056,,,
2812,2026-05-08,SZ002736,-0.010708204868120456,EXP_CatBoostModel_Alpha158_csi300_custom_step0_s_20260508_16,ed7f4732934945b98090da796cbd8df6,0.056,,,
2813,2026-05-08,SH688082,-0.0030895874629135655,EXP_CatBoostModel_Alpha158_csi300_custom_step0_s_20260508_16,71410224b34c48fa85f4a53320e0032b,0.091,,,
2814,2026-05-08,SH688111,-0.001116501043788362,EXP_CatBoostModel_Alpha158_csi300_custom_step0_s_20260508_16,71410224b34c48fa85f4a53320e0032b,0.091,,,
2815,2026-05-08,SH688126,0.0006640334609048547,EXP_CatBoostModel_Alpha158_csi300_custom_step0_s_20260508_16,71410224b34c48fa85f4a53320e0032b,0.091,,,
2816,2026-05-08,SH688169,0.00158526255125748,EXP_CatBoostModel_Alpha158_csi300_custom_step0_s_20260508_16,71410224b34c48fa85f4a53320e0032b,0.091,,,
2817,2026-05-08,SH688187,0.0008984914878456641,EXP_CatBoostModel_Alpha158_csi300_custom_step0_s_20260508_16,71410224b34c48fa85f4a53320e0032b,0.091,,,
2818,2026-05-08,SH688223,-0.0030895874629135655,EXP_CatBoostModel_Alpha158_csi300_custom_step0_s_20260508_16,71410224b34c48fa85f4a53320e0032b,0.091,,,
2819,2026-05-08,SH688256,-0.010938044208620684,EXP_CatBoostModel_Alpha158_csi300_custom_step0_s_20260508_16,71410224b34c48fa85f4a53320e0032b,0.091,,,
2820,2026-05-08,SH688271,0.0008984914878456641,EXP_CatBoostModel_Alpha158_csi300_custom_step0_s_20260508_16,71410224b34c48fa85f4a53320e0032b,0.091,,,
2821,2026-05-08,SH688303,-0.002967097371201411,EXP_CatBoostModel_Alpha158_csi300_custom_step0_s_20260508_16,71410224b34c48fa85f4a53320e0032b,0.091,,,
2822,2026-05-08,SH688396,0.0037027923124507076,EXP_CatBoostModel_Alpha158_csi300_custom_step0_s_20260508_16,71410224b34c48fa85f4a53320e0032b,0.091,,,
2823,2026-05-08,SH688472,-0.0030895874629135655,EXP_CatBoostModel_Alpha158_csi300_custom_step0_s_20260508_16,71410224b34c48fa85f4a53320e0032b,0.091,,,
2824,2026-05-08,SH688506,-0.0009940109520762078,EXP_CatBoostModel_Alpha158_csi300_custom_step0_s_20260508_16,71410224b34c48fa85f4a53320e0032b,0.091,,,
2825,2026-05-08,SH688981,-0.001116501043788362,EXP_CatBoostModel_Alpha158_csi300_custom_step0_s_20260508_16,71410224b34c48fa85f4a53320e0032b,0.091,,,
2826,2026-05-08,SZ000001,0.0008984914878456641,EXP_CatBoostModel_Alpha158_csi300_custom_step0_s_20260508_16,71410224b34c48fa85f4a53320e0032b,0.091,,,
2827,2026-05-08,SZ000002,-0.0030895874629135655,EXP_CatBoostModel_Alpha158_csi300_custom_step0_s_20260508_16,71410224b34c48fa85f4a53320e0032b,0.091,,,
2828,2026-05-08,SZ000063,-0.001116501043788362,EXP_CatBoostModel_Alpha158_csi300_custom_step0_s_20260508_16,71410224b34c48fa85f4a53320e0032b,0.091,,,
2829,2026-05-08,SZ000100,0.0031391110174350846,EXP_CatBoostModel_Alpha158_csi300_custom_step0_s_20260508_16,71410224b34c48fa85f4a53320e0032b,0.091,,,
2830,2026-05-08,SZ000651,-0.0030895874629135655,EXP_CatBoostModel_Alpha158_csi300_custom_step0_s_20260508_16,71410224b34c48fa85f4a53320e0032b,0.091,,,
2831,2026-05-08,SZ000630,-0.0030895874629135655,EXP_CatBoostModel_Alpha158_csi300_custom_step0_s_20260508_16,71410224b34c48fa85f4a53320e0032b,0.091,,,
2832,2026-05-08,SZ000625,0.0004054307650694242,EXP_CatBoostModel_Alpha158_csi300_custom_step0_s_20260508_16,71410224b34c48fa85f4a53320e0032b,0.091,,,
2833,2026-05-08,SZ000617,0.002202331112326106,EXP_CatBoostModel_Alpha158_csi300_custom_step0_s_20260508_16,71410224b34c48fa85f4a53320e0032b,0.091,,,
2834,2026-05-08,SZ000596,0.0008984914878456641,EXP_CatBoostModel_Alpha158_csi300_custom_step0_s_20260508_16,71410224b34c48fa85f4a53320e0032b,0.091,,,
2835,2026-05-08,SZ000568,0.0008984914878456641,EXP_CatBoostModel_Alpha158_csi300_custom_step0_s_20260508_16,71410224b34c48fa85f4a53320e0032b,0.091,,,
2836,2026-05-08,SH688047,0.010784724243888096,EXP_CatBoostModel_Alpha158_csi300_custom_step0_s_20260508_16,71410224b34c48fa85f4a53320e0032b,0.091,,,
2837,2026-05-08,SZ000538,0.002695391835102346,EXP_CatBoostModel_Alpha158_csi300_custom_step0_s_20260508_16,71410224b34c48fa85f4a53320e0032b,0.091,,,
2838,2026-05-08,SZ000408,0.002202331112326106,EXP_CatBoostModel_Alpha158_csi300_custom_step0_s_20260508_16,71410224b34c48fa85f4a53320e0032b,0.091,,,
2839,2026-05-08,SZ000338,0.0021359975512253784,EXP_CatBoostModel_Alpha158_csi300_custom_step0_s_20260508_16,71410224b34c48fa85f4a53320e0032b,0.091,,,
2840,2026-05-08,SZ000333,0.002202331112326106,EXP_CatBoostModel_Alpha158_csi300_custom_step0_s_20260508_16,71410224b34c48fa85f4a53320e0032b,0.091,,,
2841,2026-05-08,SZ000301,0.0004054307650694242,EXP_CatBoostModel_Alpha158_csi300_custom_step0_s_20260508_16,71410224b34c48fa85f4a53320e0032b,0.091,,,
2842,2026-05-08,SZ000166,0.004170945723396654,EXP_CatBoostModel_Alpha158_csi300_custom_step0_s_20260508_16,71410224b34c48fa85f4a53320e0032b,0.091,,,
2843,2026-05-08,SZ000157,0.0018090913913490865,EXP_CatBoostModel_Alpha158_csi300_custom_step0_s_20260508_16,71410224b34c48fa85f4a53320e0032b,0.091,,,
2844,2026-05-08,SZ000425,-0.0006553569783319404,EXP_CatBoostModel_Alpha158_csi300_custom_step0_s_20260508_16,71410224b34c48fa85f4a53320e0032b,0.091,,,
2845,2026-05-08,SZ000661,0.002695391835102346,EXP_CatBoostModel_Alpha158_csi300_custom_step0_s_20260508_16,71410224b34c48fa85f4a53320e0032b,0.091,,,
2846,2026-05-08,SH688041,0.0015252348660278715,EXP_CatBoostModel_Alpha158_csi300_custom_step0_s_20260508_16,71410224b34c48fa85f4a53320e0032b,0.091,,,
2847,2026-05-08,SH688012,-0.0030895874629135655,EXP_CatBoostModel_Alpha158_csi300_custom_step0_s_20260508_16,71410224b34c48fa85f4a53320e0032b,0.091,,,
2848,2026-05-08,SH601877,-0.001553052442860361,EXP_CatBoostModel_Alpha158_csi300_custom_step0_s_20260508_16,71410224b34c48fa85f4a53320e0032b,0.091,,,
2849,2026-05-08,SH601878,-0.0005009502292999679,EXP_CatBoostModel_Alpha158_csi300_custom_step0_s_20260508_16,71410224b34c48fa85f4a53320e0032b,0.091,,,
2850,2026-05-08,SH601881,0.0008984914878456641,EXP_CatBoostModel_Alpha158_csi300_custom_step0_s_20260508_16,71410224b34c48fa85f4a53320e0032b,0.091,,,
2851,2026-05-08,SH601888,0.0004054307650694242,EXP_CatBoostModel_Alpha158_csi300_custom_step0_s_20260508_16,71410224b34c48fa85f4a53320e0032b,0.091,,,
2852,2026-05-08,SH601898,-0.002967097371201411,EXP_CatBoostModel_Alpha158_csi300_custom_step0_s_20260508_16,71410224b34c48fa85f4a53320e0032b,0.091,,,
2853,2026-05-08,SH601899,-0.0015676556540557792,EXP_CatBoostModel_Alpha158_csi300_custom_step0_s_20260508_16,71410224b34c48fa85f4a53320e0032b,0.091,,,
2854,2026-05-08,SH601901,0.0008984914878456641,EXP_CatBoostModel_Alpha158_csi300_custom_step0_s_20260508_16,71410224b34c48fa85f4a53320e0032b,0.091,,,
2855,2026-05-08,SH601916,0.006324297144741881,EXP_CatBoostModel_Alpha158_csi300_custom_step0_s_20260508_16,71410224b34c48fa85f4a53320e0032b,0.091,,,
2856,2026-05-08,SH601919,-0.0012225374702739208,EXP_CatBoostModel_Alpha158_csi300_custom_step0_s_20260508_16,71410224b34c48fa85f4a53320e0032b,0.091,,,
2857,2026-05-08,SH601939,0.002695391835102346,EXP_CatBoostModel_Alpha158_csi300_custom_step0_s_20260508_16,71410224b34c48fa85f4a53320e0032b,0.091,,,
2858,2026-05-08,SH601985,0.004170945723396654,EXP_CatBoostModel_Alpha158_csi300_custom_step0_s_20260508_16,71410224b34c48fa85f4a53320e0032b,0.091,,,
2859,2026-05-08,SH601988,0.002435696688842779,EXP_CatBoostModel_Alpha158_csi300_custom_step0_s_20260508_16,71410224b34c48fa85f4a53320e0032b,0.091,,,
2860,2026-05-08,SH601995,0.002695391835102346,EXP_CatBoostModel_Alpha158_csi300_custom_step0_s_20260508_16,71410224b34c48fa85f4a53320e0032b,0.091,,,
2861,2026-05-08,SH601998,0.002435696688842779,EXP_CatBoostModel_Alpha158_csi300_custom_step0_s_20260508_16,71410224b34c48fa85f4a53320e0032b,0.091,,,
2862,2026-05-08,SH603019,-0.001116501043788362,EXP_CatBoostModel_Alpha158_csi300_custom_step0_s_20260508_16,71410224b34c48fa85f4a53320e0032b,0.091,,,
2863,2026-05-08,SH603195,0.0008521135672821861,EXP_CatBoostModel_Alpha158_csi300_custom_step0_s_20260508_16,71410224b34c48fa85f4a53320e0032b,0.091,,,
2864,2026-05-08,SH603259,-0.0030895874629135655,EXP_CatBoostModel_Alpha158_csi300_custom_step0_s_20260508_16,71410224b34c48fa85f4a53320e0032b,0.091,,,
2865,2026-05-08,SH688009,0.0004054307650694242,EXP_CatBoostModel_Alpha158_csi300_custom_step0_s_20260508_16,71410224b34c48fa85f4a53320e0032b,0.091,,,
2866,2026-05-08,SH688008,-0.024494220370192974,EXP_CatBoostModel_Alpha158_csi300_custom_step0_s_20260508_16,71410224b34c48fa85f4a53320e0032b,0.091,,,
2867,2026-05-08,SH605499,-0.0006553569783319404,EXP_CatBoostModel_Alpha158_csi300_custom_step0_s_20260508_16,71410224b34c48fa85f4a53320e0032b,0.091,,,
2868,2026-05-08,SH605117,-0.0030895874629135655,EXP_CatBoostModel_Alpha158_csi300_custom_step0_s_20260508_16,71410224b34c48fa85f4a53320e0032b,0.091,,,
2869,2026-05-08,SH603993,-0.0030895874629135655,EXP_CatBoostModel_Alpha158_csi300_custom_step0_s_20260508_16,71410224b34c48fa85f4a53320e0032b,0.091,,,
2870,2026-05-08,SH603986,0.0021359975512253784,EXP_CatBoostModel_Alpha158_csi300_custom_step0_s_20260508_16,71410224b34c48fa85f4a53320e0032b,0.091,,,
2871,2026-05-08,SH688036,-0.001116501043788362,EXP_CatBoostModel_Alpha158_csi300_custom_step0_s_20260508_16,71410224b34c48fa85f4a53320e0032b,0.091,,,
2872,2026-05-08,SH603893,-0.0009940109520762078,EXP_CatBoostModel_Alpha158_csi300_custom_step0_s_20260508_16,71410224b34c48fa85f4a53320e0032b,0.091,,,
2873,2026-05-08,SH603501,-0.0030895874629135655,EXP_CatBoostModel_Alpha158_csi300_custom_step0_s_20260508_16,71410224b34c48fa85f4a53320e0032b,0.091,,,
2874,2026-05-08,SH603392,-0.0006234403210121221,EXP_CatBoostModel_Alpha158_csi300_custom_step0_s_20260508_16,71410224b34c48fa85f4a53320e0032b,0.091,,,
2875,2026-05-08,SH603369,-0.0006234403210121221,EXP_CatBoostModel_Alpha158_csi300_custom_step0_s_20260508_16,71410224b34c48fa85f4a53320e0032b,0.091,,,
2876,2026-05-08,SH603296,-0.003411743627668595,EXP_CatBoostModel_Alpha158_csi300_custom_step0_s_20260508_16,71410224b34c48fa85f4a53320e0032b,0.091,,,
2877,2026-05-08,SH603288,-0.0009940109520762078,EXP_CatBoostModel_Alpha158_csi300_custom_step0_s_20260508_16,71410224b34c48fa85f4a53320e0032b,0.091,,,
2878,2026-05-08,SH603260,0.0002292446932009027,EXP_CatBoostModel_Alpha158_csi300_custom_step0_s_20260508_16,71410224b34c48fa85f4a53320e0032b,0.091,,,
2879,2026-05-08,SH603799,-0.0015676556540557792,EXP_CatBoostModel_Alpha158_csi300_custom_step0_s_20260508_16,71410224b34c48fa85f4a53320e0032b,0.091,,,
2880,2026-05-08,SH601872,-0.0030895874629135655,EXP_CatBoostModel_Alpha158_csi300_custom_step0_s_20260508_16,71410224b34c48fa85f4a53320e0032b,0.091,,,
2881,2026-05-08,SZ000708,-0.0018898118188108092,EXP_CatBoostModel_Alpha158_csi300_custom_step0_s_20260508_16,71410224b34c48fa85f4a53320e0032b,0.091,,,
2882,2026-05-08,SZ000768,0.0023740453761399724,EXP_CatBoostModel_Alpha158_csi300_custom_step0_s_20260508_16,71410224b34c48fa85f4a53320e0032b,0.091,,,
2883,2026-05-08,SZ002459,-0.001553052442860361,EXP_CatBoostModel_Alpha158_csi300_custom_step0_s_20260508_16,71410224b34c48fa85f4a53320e0032b,0.091,,,
2884,2026-05-08,SZ002460,-0.002967097371201411,EXP_CatBoostModel_Alpha158_csi300_custom_step0_s_20260508_16,71410224b34c48fa85f4a53320e0032b,0.091,,,
2885,2026-05-08,SZ002463,0.0021576966310455845,EXP_CatBoostModel_Alpha158_csi300_custom_step0_s_20260508_16,71410224b34c48fa85f4a53320e0032b,0.091,,,
2886,2026-05-08,SZ002466,0.0015252348660278715,EXP_CatBoostModel_Alpha158_csi300_custom_step0_s_20260508_16,71410224b34c48fa85f4a53320e0032b,0.091,,,
2887,2026-05-08,SZ002475,0.0015252348660278715,EXP_CatBoostModel_Alpha158_csi300_custom_step0_s_20260508_16,71410224b34c48fa85f4a53320e0032b,0.091,,,
2888,2026-05-08,SZ002493,-0.0030895874629135655,EXP_CatBoostModel_Alpha158_csi300_custom_step0_s_20260508_16,71410224b34c48fa85f4a53320e0032b,0.091,,,
2889,2026-05-08,SZ002594,-0.0007606453755595349,EXP_CatBoostModel_Alpha158_csi300_custom_step0_s_20260508_16,71410224b34c48fa85f4a53320e0032b,0.091,,,
2890,2026-05-08,SZ002600,-0.0030895874629135655,EXP_CatBoostModel_Alpha158_csi300_custom_step0_s_20260508_16,71410224b34c48fa85f4a53320e0032b,0.091,,,
2891,2026-05-08,SZ002601,0.0008984914878456641,EXP_CatBoostModel_Alpha158_csi300_custom_step0_s_20260508_16,71410224b34c48fa85f4a53320e0032b,0.091,,,
2892,2026-05-08,SZ002625,-0.0030895874629135655,EXP_CatBoostModel_Alpha158_csi300_custom_step0_s_20260508_16,71410224b34c48fa85f4a53320e0032b,0.091,,,
2893,2026-05-08,SZ002648,-0.0015676556540557792,EXP_CatBoostModel_Alpha158_csi300_custom_step0_s_20260508_16,71410224b34c48fa85f4a53320e0032b,0.091,,,
2894,2026-05-08,SZ002709,0.0021359975512253784,EXP_CatBoostModel_Alpha158_csi300_custom_step0_s_20260508_16,71410224b34c48fa85f4a53320e0032b,0.091,,,
2895,2026-05-08,SZ002714,-0.0015676556540557792,EXP_CatBoostModel_Alpha158_csi300_custom_step0_s_20260508_16,71410224b34c48fa85f4a53320e0032b,0.091,,,
2896,2026-05-08,SZ002736,-0.0006553569783319404,EXP_CatBoostModel_Alpha158_csi300_custom_step0_s_20260508_16,71410224b34c48fa85f4a53320e0032b,0.091,,,
2897,2026-05-08,SZ002916,0.0015252348660278715,EXP_CatBoostModel_Alpha158_csi300_custom_step0_s_20260508_16,71410224b34c48fa85f4a53320e0032b,0.091,,,
2898,2026-05-08,SZ002920,0.0023740453761399724,EXP_CatBoostModel_Alpha158_csi300_custom_step0_s_20260508_16,71410224b34c48fa85f4a53320e0032b,0.091,,,
2899,2026-05-08,SZ002938,0.013313652528713398,EXP_CatBoostModel_Alpha158_csi300_custom_step0_s_20260508_16,71410224b34c48fa85f4a53320e0032b,0.091,,,
2900,2026-05-08,SZ300408,0.0015252348660278715,EXP_CatBoostModel_Alpha158_csi300_custom_step0_s_20260508_16,71410224b34c48fa85f4a53320e0032b,0.091,,,
2901,2026-05-08,SZ300394,-0.0015676556540557792,EXP_CatBoostModel_Alpha158_csi300_custom_step0_s_20260508_16,71410224b34c48fa85f4a53320e0032b,0.091,,,
2902,2026-05-08,SZ300347,-0.0037758406367807825,EXP_CatBoostModel_Alpha158_csi300_custom_step0_s_20260508_16,71410224b34c48fa85f4a53320e0032b,0.091,,,
2903,2026-05-08,SZ300316,-0.0030895874629135655,EXP_CatBoostModel_Alpha158_csi300_custom_step0_s_20260508_16,71410224b34c48fa85f4a53320e0032b,0.091,,,
2904,2026-05-08,SZ300308,0.003842176529728311,EXP_CatBoostModel_Alpha158_csi300_custom_step0_s_20260508_16,71410224b34c48fa85f4a53320e0032b,0.091,,,
2905,2026-05-08,SZ300274,0.0033921514715244527,EXP_CatBoostModel_Alpha158_csi300_custom_step0_s_20260508_16,71410224b34c48fa85f4a53320e0032b,0.091,,,
2906,2026-05-08,SZ002422,-0.002967097371201411,EXP_CatBoostModel_Alpha158_csi300_custom_step0_s_20260508_16,71410224b34c48fa85f4a53320e0032b,0.091,,,
2907,2026-05-08,SZ300251,-0.002967097371201411,EXP_CatBoostModel_Alpha158_csi300_custom_step0_s_20260508_16,71410224b34c48fa85f4a53320e0032b,0.091,,,
2908,2026-05-08,SZ300122,0.0008984914878456641,EXP_CatBoostModel_Alpha158_csi300_custom_step0_s_20260508_16,71410224b34c48fa85f4a53320e0032b,0.091,,,
2909,2026-05-08,SZ300059,-0.0009940109520762078,EXP_CatBoostModel_Alpha158_csi300_custom_step0_s_20260508_16,71410224b34c48fa85f4a53320e0032b,0.091,,,
2910,2026-05-08,SZ300033,-0.0030895874629135655,EXP_CatBoostModel_Alpha158_csi300_custom_step0_s_20260508_16,71410224b34c48fa85f4a53320e0032b,0.091,,,
2911,2026-05-08,SZ300015,-0.001116501043788362,EXP_CatBoostModel_Alpha158_csi300_custom_step0_s_20260508_16,71410224b34c48fa85f4a53320e0032b,0.091,,,
2912,2026-05-08,SZ300014,-0.002967097371201411,EXP_CatBoostModel_Alpha158_csi300_custom_step0_s_20260508_16,71410224b34c48fa85f4a53320e0032b,0.091,,,
2913,2026-05-08,SZ003816,0.0046146649057293935,EXP_CatBoostModel_Alpha158_csi300_custom_step0_s_20260508_16,71410224b34c48fa85f4a53320e0032b,0.091,,,
2914,2026-05-08,SZ300124,-0.0030895874629135655,EXP_CatBoostModel_Alpha158_csi300_custom_step0_s_20260508_16,71410224b34c48fa85f4a53320e0032b,0.091,,,
2915,2026-05-08,SZ000725,0.0006729638755336414,EXP_CatBoostModel_Alpha158_csi300_custom_step0_s_20260508_16,71410224b34c48fa85f4a53320e0032b,0.091,,,
2916,2026-05-08,SZ002415,0.0004054307650694242,EXP_CatBoostModel_Alpha158_csi300_custom_step0_s_20260508_16,71410224b34c48fa85f4a53320e0032b,0.091,,,
2917,2026-05-08,SZ002371,-0.001116501043788362,EXP_CatBoostModel_Alpha158_csi300_custom_step0_s_20260508_16,71410224b34c48fa85f4a53320e0032b,0.091,,,
2918,2026-05-08,SZ000776,0.0004054307650694242,EXP_CatBoostModel_Alpha158_csi300_custom_step0_s_20260508_16,71410224b34c48fa85f4a53320e0032b,0.091,,,
2919,2026-05-08,SZ000786,-0.0006234403210121221,EXP_CatBoostModel_Alpha158_csi300_custom_step0_s_20260508_16,71410224b34c48fa85f4a53320e0032b,0.091,,,
2920,2026-05-08,SZ000792,-0.0030895874629135655,EXP_CatBoostModel_Alpha158_csi300_custom_step0_s_20260508_16,71410224b34c48fa85f4a53320e0032b,0.091,,,
2921,2026-05-08,SZ000807,-0.002967097371201411,EXP_CatBoostModel_Alpha158_csi300_custom_step0_s_20260508_16,71410224b34c48fa85f4a53320e0032b,0.091,,,
2922,2026-05-08,SZ000858,0.0004054307650694242,EXP_CatBoostModel_Alpha158_csi300_custom_step0_s_20260508_16,71410224b34c48fa85f4a53320e0032b,0.091,,,
2923,2026-05-08,SZ000876,-0.001553052442860361,EXP_CatBoostModel_Alpha158_csi300_custom_step0_s_20260508_16,71410224b34c48fa85f4a53320e0032b,0.091,,,
2924,2026-05-08,SZ000895,0.0006387963415860972,EXP_CatBoostModel_Alpha158_csi300_custom_step0_s_20260508_16,71410224b34c48fa85f4a53320e0032b,0.091,,,
2925,2026-05-08,SZ000938,-0.003411743627668595,EXP_CatBoostModel_Alpha158_csi300_custom_step0_s_20260508_16,71410224b34c48fa85f4a53320e0032b,0.091,,,
2926,2026-05-08,SZ000963,0.0004054307650694242,EXP_CatBoostModel_Alpha158_csi300_custom_step0_s_20260508_16,71410224b34c48fa85f4a53320e0032b,0.091,,,
2927,2026-05-08,SZ000975,-0.002177288787189727,EXP_CatBoostModel_Alpha158_csi300_custom_step0_s_20260508_16,71410224b34c48fa85f4a53320e0032b,0.091,,,
2928,2026-05-08,SZ000977,-0.0030895874629135655,EXP_CatBoostModel_Alpha158_csi300_custom_step0_s_20260508_16,71410224b34c48fa85f4a53320e0032b,0.091,,,
2929,2026-05-08,SZ000983,-0.0030895874629135655,EXP_CatBoostModel_Alpha158_csi300_custom_step0_s_20260508_16,71410224b34c48fa85f4a53320e0032b,0.091,,,
2930,2026-05-08,SZ000999,-0.003019437817530603,EXP_CatBoostModel_Alpha158_csi300_custom_step0_s_20260508_16,71410224b34c48fa85f4a53320e0032b,0.091,,,
2931,2026-05-08,SZ001391,-0.0010732944365318834,EXP_CatBoostModel_Alpha158_csi300_custom_step0_s_20260508_16,71410224b34c48fa85f4a53320e0032b,0.091,,,
2932,2026-05-08,SZ001965,0.002202331112326106,EXP_CatBoostModel_Alpha158_csi300_custom_step0_s_20260508_16,71410224b34c48fa85f4a53320e0032b,0.091,,,
2933,2026-05-08,SZ001979,-0.003411743627668595,EXP_CatBoostModel_Alpha158_csi300_custom_step0_s_20260508_16,71410224b34c48fa85f4a53320e0032b,0.091,,,
2934,2026-05-08,SZ002001,0.0004054307650694242,EXP_CatBoostModel_Alpha158_csi300_custom_step0_s_20260508_16,71410224b34c48fa85f4a53320e0032b,0.091,,,
2935,2026-05-08,SZ002352,0.0046146649057293935,EXP_CatBoostModel_Alpha158_csi300_custom_step0_s_20260508_16,71410224b34c48fa85f4a53320e0032b,0.091,,,
2936,2026-05-08,SZ002311,-0.0006553569783319404,EXP_CatBoostModel_Alpha158_csi300_custom_step0_s_20260508_16,71410224b34c48fa85f4a53320e0032b,0.091,,,
2937,2026-05-08,SZ002304,0.002695391835102346,EXP_CatBoostModel_Alpha158_csi300_custom_step0_s_20260508_16,71410224b34c48fa85f4a53320e0032b,0.091,,,
2938,2026-05-08,SZ002252,-0.0010732944365318834,EXP_CatBoostModel_Alpha158_csi300_custom_step0_s_20260508_16,71410224b34c48fa85f4a53320e0032b,0.091,,,
2939,2026-05-08,SZ002241,-0.0015676556540557792,EXP_CatBoostModel_Alpha158_csi300_custom_step0_s_20260508_16,71410224b34c48fa85f4a53320e0032b,0.091,,,
2940,2026-05-08,SZ002236,0.0006729638755336414,EXP_CatBoostModel_Alpha158_csi300_custom_step0_s_20260508_16,71410224b34c48fa85f4a53320e0032b,0.091,,,
2941,2026-05-08,SZ002384,-0.022809740471510246,EXP_CatBoostModel_Alpha158_csi300_custom_step0_s_20260508_16,71410224b34c48fa85f4a53320e0032b,0.091,,,
2942,2026-05-08,SZ002230,-0.002967097371201411,EXP_CatBoostModel_Alpha158_csi300_custom_step0_s_20260508_16,71410224b34c48fa85f4a53320e0032b,0.091,,,
2943,2026-05-08,SZ002142,0.0004054307650694242,EXP_CatBoostModel_Alpha158_csi300_custom_step0_s_20260508_16,71410224b34c48fa85f4a53320e0032b,0.091,,,
2944,2026-05-08,SZ002074,-0.002967097371201411,EXP_CatBoostModel_Alpha158_csi300_custom_step0_s_20260508_16,71410224b34c48fa85f4a53320e0032b,0.091,,,
2945,2026-05-08,SZ002050,-0.0030895874629135655,EXP_CatBoostModel_Alpha158_csi300_custom_step0_s_20260508_16,71410224b34c48fa85f4a53320e0032b,0.091,,,
2946,2026-05-08,SZ002049,-0.001116501043788362,EXP_CatBoostModel_Alpha158_csi300_custom_step0_s_20260508_16,71410224b34c48fa85f4a53320e0032b,0.091,,,
2947,2026-05-08,SZ002028,-0.0006553569783319404,EXP_CatBoostModel_Alpha158_csi300_custom_step0_s_20260508_16,71410224b34c48fa85f4a53320e0032b,0.091,,,
2948,2026-05-08,SZ002027,0.0008984914878456641,EXP_CatBoostModel_Alpha158_csi300_custom_step0_s_20260508_16,71410224b34c48fa85f4a53320e0032b,0.091,,,
2949,2026-05-08,SZ002179,-0.0030895874629135655,EXP_CatBoostModel_Alpha158_csi300_custom_step0_s_20260508_16,71410224b34c48fa85f4a53320e0032b,0.091,,,
2950,2026-05-08,SH601868,-0.0030895874629135655,EXP_CatBoostModel_Alpha158_csi300_custom_step0_s_20260508_16,71410224b34c48fa85f4a53320e0032b,0.091,,,
2951,2026-05-08,SH601857,-0.002967097371201411,EXP_CatBoostModel_Alpha158_csi300_custom_step0_s_20260508_16,71410224b34c48fa85f4a53320e0032b,0.091,,,
2952,2026-05-08,SH601838,-0.001116501043788362,EXP_CatBoostModel_Alpha158_csi300_custom_step0_s_20260508_16,71410224b34c48fa85f4a53320e0032b,0.091,,,
2953,2026-05-08,SH600276,0.0004054307650694242,EXP_CatBoostModel_Alpha158_csi300_custom_step0_s_20260508_16,71410224b34c48fa85f4a53320e0032b,0.091,,,
2954,2026-05-08,SH600309,-0.0015676556540557792,EXP_CatBoostModel_Alpha158_csi300_custom_step0_s_20260508_16,71410224b34c48fa85f4a53320e0032b,0.091,,,
2955,2026-05-08,SH600346,-0.0030895874629135655,EXP_CatBoostModel_Alpha158_csi300_custom_step0_s_20260508_16,71410224b34c48fa85f4a53320e0032b,0.091,,,
2956,2026-05-08,SH600362,-0.0030895874629135655,EXP_CatBoostModel_Alpha158_csi300_custom_step0_s_20260508_16,71410224b34c48fa85f4a53320e0032b,0.091,,,
2957,2026-05-08,SH600372,0.0023740453761399724,EXP_CatBoostModel_Alpha158_csi300_custom_step0_s_20260508_16,71410224b34c48fa85f4a53320e0032b,0.091,,,
2958,2026-05-08,SH600377,0.0046146649057293935,EXP_CatBoostModel_Alpha158_csi300_custom_step0_s_20260508_16,71410224b34c48fa85f4a53320e0032b,0.091,,,
2959,2026-05-08,SH600406,0.0006533995527815153,EXP_CatBoostModel_Alpha158_csi300_custom_step0_s_20260508_16,71410224b34c48fa85f4a53320e0032b,0.091,,,
2960,2026-05-08,SH600415,-0.002967097371201411,EXP_CatBoostModel_Alpha158_csi300_custom_step0_s_20260508_16,71410224b34c48fa85f4a53320e0032b,0.091,,,
2961,2026-05-08,SH600426,-0.0015676556540557792,EXP_CatBoostModel_Alpha158_csi300_custom_step0_s_20260508_16,71410224b34c48fa85f4a53320e0032b,0.091,,,
2962,2026-05-08,SH600436,0.002202331112326106,EXP_CatBoostModel_Alpha158_csi300_custom_step0_s_20260508_16,71410224b34c48fa85f4a53320e0032b,0.091,,,
2963,2026-05-08,SH600438,-0.002967097371201411,EXP_CatBoostModel_Alpha158_csi300_custom_step0_s_20260508_16,71410224b34c48fa85f4a53320e0032b,0.091,,,
2964,2026-05-08,SH600460,-0.001116501043788362,EXP_CatBoostModel_Alpha158_csi300_custom_step0_s_20260508_16,71410224b34c48fa85f4a53320e0032b,0.091,,,
2965,2026-05-08,SH600482,0.00016291113210017516,EXP_CatBoostModel_Alpha158_csi300_custom_step0_s_20260508_16,71410224b34c48fa85f4a53320e0032b,0.091,,,
2966,2026-05-08,SH600489,-0.0030895874629135655,EXP_CatBoostModel_Alpha158_csi300_custom_step0_s_20260508_16,71410224b34c48fa85f4a53320e0032b,0.091,,,
2967,2026-05-08,SH600515,0.0008984914878456641,EXP_CatBoostModel_Alpha158_csi300_custom_step0_s_20260508_16,71410224b34c48fa85f4a53320e0032b,0.091,,,
2968,2026-05-08,SH600519,0.0008984914878456641,EXP_CatBoostModel_Alpha158_csi300_custom_step0_s_20260508_16,71410224b34c48fa85f4a53320e0032b,0.091,,,
2969,2026-05-08,SH600522,-0.003411743627668595,EXP_CatBoostModel_Alpha158_csi300_custom_step0_s_20260508_16,71410224b34c48fa85f4a53320e0032b,0.091,,,
2970,2026-05-08,SH600809,-0.0006553569783319404,EXP_CatBoostModel_Alpha158_csi300_custom_step0_s_20260508_16,71410224b34c48fa85f4a53320e0032b,0.091,,,
2971,2026-05-08,SH600803,-0.0015676556540557792,EXP_CatBoostModel_Alpha158_csi300_custom_step0_s_20260508_16,71410224b34c48fa85f4a53320e0032b,0.091,,,
2972,2026-05-08,SH600795,0.002695391835102346,EXP_CatBoostModel_Alpha158_csi300_custom_step0_s_20260508_16,71410224b34c48fa85f4a53320e0032b,0.091,,,
2973,2026-05-08,SH600760,-0.002967097371201411,EXP_CatBoostModel_Alpha158_csi300_custom_step0_s_20260508_16,71410224b34c48fa85f4a53320e0032b,0.091,,,
2974,2026-05-08,SH600741,0.0004054307650694242,EXP_CatBoostModel_Alpha158_csi300_custom_step0_s_20260508_16,71410224b34c48fa85f4a53320e0032b,0.091,,,
2975,2026-05-08,SH600690,-0.0015676556540557792,EXP_CatBoostModel_Alpha158_csi300_custom_step0_s_20260508_16,71410224b34c48fa85f4a53320e0032b,0.091,,,
2976,2026-05-08,SH600233,-0.002967097371201411,EXP_CatBoostModel_Alpha158_csi300_custom_step0_s_20260508_16,71410224b34c48fa85f4a53320e0032b,0.091,,,
2977,2026-05-08,SH600674,0.002695391835102346,EXP_CatBoostModel_Alpha158_csi300_custom_step0_s_20260508_16,71410224b34c48fa85f4a53320e0032b,0.091,,,
2978,2026-05-08,SH600600,0.0031391110174350846,EXP_CatBoostModel_Alpha158_csi300_custom_step0_s_20260508_16,71410224b34c48fa85f4a53320e0032b,0.091,,,
2979,2026-05-08,SH600588,0.0008984914878456641,EXP_CatBoostModel_Alpha158_csi300_custom_step0_s_20260508_16,71410224b34c48fa85f4a53320e0032b,0.091,,,
2980,2026-05-08,SH600585,0.0026904058033677125,EXP_CatBoostModel_Alpha158_csi300_custom_step0_s_20260508_16,71410224b34c48fa85f4a53320e0032b,0.091,,,
2981,2026-05-08,SH600584,-0.003411743627668595,EXP_CatBoostModel_Alpha158_csi300_custom_step0_s_20260508_16,71410224b34c48fa85f4a53320e0032b,0.091,,,
2982,2026-05-08,SH600570,-0.0015676556540557792,EXP_CatBoostModel_Alpha158_csi300_custom_step0_s_20260508_16,71410224b34c48fa85f4a53320e0032b,0.091,,,
2983,2026-05-08,SH600547,-0.003411743627668595,EXP_CatBoostModel_Alpha158_csi300_custom_step0_s_20260508_16,71410224b34c48fa85f4a53320e0032b,0.091,,,
2984,2026-05-08,SH600660,0.007068881562187944,EXP_CatBoostModel_Alpha158_csi300_custom_step0_s_20260508_16,71410224b34c48fa85f4a53320e0032b,0.091,,,
2985,2026-05-08,SH600845,-0.0030895874629135655,EXP_CatBoostModel_Alpha158_csi300_custom_step0_s_20260508_16,71410224b34c48fa85f4a53320e0032b,0.091,,,
2986,2026-05-08,SH600219,-0.0018898118188108092,EXP_CatBoostModel_Alpha158_csi300_custom_step0_s_20260508_16,71410224b34c48fa85f4a53320e0032b,0.091,,,
2987,2026-05-08,SH600188,0.0029592760447850882,EXP_CatBoostModel_Alpha158_csi300_custom_step0_s_20260508_16,71410224b34c48fa85f4a53320e0032b,0.091,,,
2988,2026-05-08,SH600009,0.002695391835102346,EXP_CatBoostModel_Alpha158_csi300_custom_step0_s_20260508_16,71410224b34c48fa85f4a53320e0032b,0.091,,,
2989,2026-05-08,SH600010,-0.0030895874629135655,EXP_CatBoostModel_Alpha158_csi300_custom_step0_s_20260508_16,71410224b34c48fa85f4a53320e0032b,0.091,,,
2990,2026-05-08,SH600011,-0.0015676556540557792,EXP_CatBoostModel_Alpha158_csi300_custom_step0_s_20260508_16,71410224b34c48fa85f4a53320e0032b,0.091,,,
2991,2026-05-08,SH600015,0.0004054307650694242,EXP_CatBoostModel_Alpha158_csi300_custom_step0_s_20260508_16,71410224b34c48fa85f4a53320e0032b,0.091,,,
2992,2026-05-08,SH600016,0.002695391835102346,EXP_CatBoostModel_Alpha158_csi300_custom_step0_s_20260508_16,71410224b34c48fa85f4a53320e0032b,0.091,,,
2993,2026-05-08,SH600018,0.0023740453761399724,EXP_CatBoostModel_Alpha158_csi300_custom_step0_s_20260508_16,71410224b34c48fa85f4a53320e0032b,0.091,,,
2994,2026-05-08,SH600019,0.0023021521141253264,EXP_CatBoostModel_Alpha158_csi300_custom_step0_s_20260508_16,71410224b34c48fa85f4a53320e0032b,0.091,,,
2995,2026-05-08,SH600023,0.00042003397626484224,EXP_CatBoostModel_Alpha158_csi300_custom_step0_s_20260508_16,71410224b34c48fa85f4a53320e0032b,0.091,,,
2996,2026-05-08,SH600025,0.0002292446932009027,EXP_CatBoostModel_Alpha158_csi300_custom_step0_s_20260508_16,71410224b34c48fa85f4a53320e0032b,0.091,,,
2997,2026-05-08,SH600026,-0.0030895874629135655,EXP_CatBoostModel_Alpha158_csi300_custom_step0_s_20260508_16,71410224b34c48fa85f4a53320e0032b,0.091,,,
2998,2026-05-08,SH600027,0.005998034896330941,EXP_CatBoostModel_Alpha158_csi300_custom_step0_s_20260508_16,71410224b34c48fa85f4a53320e0032b,0.091,,,
2999,2026-05-08,SH600028,-0.0018519648705590365,EXP_CatBoostModel_Alpha158_csi300_custom_step0_s_20260508_16,71410224b34c48fa85f4a53320e0032b,0.091,,,
3000,2026-05-08,SH600029,0.0023740453761399724,EXP_CatBoostModel_Alpha158_csi300_custom_step0_s_20260508_16,71410224b34c48fa85f4a53320e0032b,0.091,,,
3001,2026-05-08,SH600030,-0.0009940109520762078,EXP_CatBoostModel_Alpha158_csi300_custom_step0_s_20260508_16,71410224b34c48fa85f4a53320e0032b,0.091,,,
3002,2026-05-08,SH600031,-0.0015676556540557792,EXP_CatBoostModel_Alpha158_csi300_custom_step0_s_20260508_16,71410224b34c48fa85f4a53320e0032b,0.091,,,
3003,2026-05-08,SH600036,0.0006387963415860972,EXP_CatBoostModel_Alpha158_csi300_custom_step0_s_20260508_16,71410224b34c48fa85f4a53320e0032b,0.091,,,
3004,2026-05-08,SH600039,-0.0037758406367807825,EXP_CatBoostModel_Alpha158_csi300_custom_step0_s_20260508_16,71410224b34c48fa85f4a53320e0032b,0.091,,,
3005,2026-05-08,SH600183,0.003842176529728311,EXP_CatBoostModel_Alpha158_csi300_custom_step0_s_20260508_16,71410224b34c48fa85f4a53320e0032b,0.091,,,
3006,2026-05-08,SH600176,0.0015252348660278715,EXP_CatBoostModel_Alpha158_csi300_custom_step0_s_20260508_16,71410224b34c48fa85f4a53320e0032b,0.091,,,
3007,2026-05-08,SH600161,0.0023740453761399724,EXP_CatBoostModel_Alpha158_csi300_custom_step0_s_20260508_16,71410224b34c48fa85f4a53320e0032b,0.091,,,
3008,2026-05-08,SH600160,-0.0015676556540557792,EXP_CatBoostModel_Alpha158_csi300_custom_step0_s_20260508_16,71410224b34c48fa85f4a53320e0032b,0.091,,,
3009,2026-05-08,SH600150,-0.00015924503265485508,EXP_CatBoostModel_Alpha158_csi300_custom_step0_s_20260508_16,71410224b34c48fa85f4a53320e0032b,0.091,,,
3010,2026-05-08,SH600115,-0.0030895874629135655,EXP_CatBoostModel_Alpha158_csi300_custom_step0_s_20260508_16,71410224b34c48fa85f4a53320e0032b,0.091,,,
3011,2026-05-08,SH600196,0.002202331112326106,EXP_CatBoostModel_Alpha158_csi300_custom_step0_s_20260508_16,71410224b34c48fa85f4a53320e0032b,0.091,,,
3012,2026-05-08,SH600111,-0.0030895874629135655,EXP_CatBoostModel_Alpha158_csi300_custom_step0_s_20260508_16,71410224b34c48fa85f4a53320e0032b,0.091,,,
3013,2026-05-08,SH600089,-0.002967097371201411,EXP_CatBoostModel_Alpha158_csi300_custom_step0_s_20260508_16,71410224b34c48fa85f4a53320e0032b,0.091,,,
3014,2026-05-08,SH600085,0.0023021521141253264,EXP_CatBoostModel_Alpha158_csi300_custom_step0_s_20260508_16,71410224b34c48fa85f4a53320e0032b,0.091,,,
3015,2026-05-08,SH600066,-0.0015676556540557792,EXP_CatBoostModel_Alpha158_csi300_custom_step0_s_20260508_16,71410224b34c48fa85f4a53320e0032b,0.091,,,
3016,2026-05-08,SH600061,0.0023021521141253264,EXP_CatBoostModel_Alpha158_csi300_custom_step0_s_20260508_16,71410224b34c48fa85f4a53320e0032b,0.091,,,
3017,2026-05-08,SH600050,0.0037777060024196344,EXP_CatBoostModel_Alpha158_csi300_custom_step0_s_20260508_16,71410224b34c48fa85f4a53320e0032b,0.091,,,
3018,2026-05-08,SH600048,-0.0030895874629135655,EXP_CatBoostModel_Alpha158_csi300_custom_step0_s_20260508_16,71410224b34c48fa85f4a53320e0032b,0.091,,,
3019,2026-05-08,SH600104,0.0023021521141253264,EXP_CatBoostModel_Alpha158_csi300_custom_step0_s_20260508_16,71410224b34c48fa85f4a53320e0032b,0.091,,,
3020,2026-05-08,SH600875,-0.002967097371201411,EXP_CatBoostModel_Alpha158_csi300_custom_step0_s_20260508_16,71410224b34c48fa85f4a53320e0032b,0.091,,,
3021,2026-05-08,SH600886,0.0006729638755336414,EXP_CatBoostModel_Alpha158_csi300_custom_step0_s_20260508_16,71410224b34c48fa85f4a53320e0032b,0.091,,,
3022,2026-05-08,SH600887,-0.0006234403210121221,EXP_CatBoostModel_Alpha158_csi300_custom_step0_s_20260508_16,71410224b34c48fa85f4a53320e0032b,0.091,,,
3023,2026-05-08,SH601288,0.0002292446932009027,EXP_CatBoostModel_Alpha158_csi300_custom_step0_s_20260508_16,71410224b34c48fa85f4a53320e0032b,0.091,,,
3024,2026-05-08,SH601298,0.0023021521141253264,EXP_CatBoostModel_Alpha158_csi300_custom_step0_s_20260508_16,71410224b34c48fa85f4a53320e0032b,0.091,,,
3025,2026-05-08,SH601318,0.0008984914878456641,EXP_CatBoostModel_Alpha158_csi300_custom_step0_s_20260508_16,71410224b34c48fa85f4a53320e0032b,0.091,,,
3026,2026-05-08,SH601319,0.0025837715763016274,EXP_CatBoostModel_Alpha158_csi300_custom_step0_s_20260508_16,71410224b34c48fa85f4a53320e0032b,0.091,,,
3027,2026-05-08,SH601328,0.0006387963415860972,EXP_CatBoostModel_Alpha158_csi300_custom_step0_s_20260508_16,71410224b34c48fa85f4a53320e0032b,0.091,,,
3028,2026-05-08,SH601336,-0.0015676556540557792,EXP_CatBoostModel_Alpha158_csi300_custom_step0_s_20260508_16,71410224b34c48fa85f4a53320e0032b,0.091,,,
3029,2026-05-08,SH601360,-0.0030895874629135655,EXP_CatBoostModel_Alpha158_csi300_custom_step0_s_20260508_16,71410224b34c48fa85f4a53320e0032b,0.091,,,
3030,2026-05-08,SH601377,0.0008984914878456641,EXP_CatBoostModel_Alpha158_csi300_custom_step0_s_20260508_16,71410224b34c48fa85f4a53320e0032b,0.091,,,
3031,2026-05-08,SH601390,0.0008984914878456641,EXP_CatBoostModel_Alpha158_csi300_custom_step0_s_20260508_16,71410224b34c48fa85f4a53320e0032b,0.091,,,
3032,2026-05-08,SH601398,0.004170945723396654,EXP_CatBoostModel_Alpha158_csi300_custom_step0_s_20260508_16,71410224b34c48fa85f4a53320e0032b,0.091,,,
3033,2026-05-08,SH601456,0.0023740453761399724,EXP_CatBoostModel_Alpha158_csi300_custom_step0_s_20260508_16,71410224b34c48fa85f4a53320e0032b,0.091,,,
3034,2026-05-08,SH601600,0.0002292446932009027,EXP_CatBoostModel_Alpha158_csi300_custom_step0_s_20260508_16,71410224b34c48fa85f4a53320e0032b,0.091,,,
3035,2026-05-08,SH601601,0.002695391835102346,EXP_CatBoostModel_Alpha158_csi300_custom_step0_s_20260508_16,71410224b34c48fa85f4a53320e0032b,0.091,,,
3036,2026-05-08,SH601607,0.004170945723396654,EXP_CatBoostModel_Alpha158_csi300_custom_step0_s_20260508_16,71410224b34c48fa85f4a53320e0032b,0.091,,,
3037,2026-05-08,SH601618,0.0046146649057293935,EXP_CatBoostModel_Alpha158_csi300_custom_step0_s_20260508_16,71410224b34c48fa85f4a53320e0032b,0.091,,,
3038,2026-05-08,SH601628,0.0023021521141253264,EXP_CatBoostModel_Alpha158_csi300_custom_step0_s_20260508_16,71410224b34c48fa85f4a53320e0032b,0.091,,,
3039,2026-05-08,SH601633,0.002435696688842779,EXP_CatBoostModel_Alpha158_csi300_custom_step0_s_20260508_16,71410224b34c48fa85f4a53320e0032b,0.091,,,
3040,2026-05-08,SH601825,0.0006387963415860972,EXP_CatBoostModel_Alpha158_csi300_custom_step0_s_20260508_16,71410224b34c48fa85f4a53320e0032b,0.091,,,
3041,2026-05-08,SH601818,0.004170945723396654,EXP_CatBoostModel_Alpha158_csi300_custom_step0_s_20260508_16,71410224b34c48fa85f4a53320e0032b,0.091,,,
3042,2026-05-08,SH601816,0.002435696688842779,EXP_CatBoostModel_Alpha158_csi300_custom_step0_s_20260508_16,71410224b34c48fa85f4a53320e0032b,0.091,,,
3043,2026-05-08,SH601808,-0.0009940109520762078,EXP_CatBoostModel_Alpha158_csi300_custom_step0_s_20260508_16,71410224b34c48fa85f4a53320e0032b,0.091,,,
3044,2026-05-08,SH601800,-0.003019437817530603,EXP_CatBoostModel_Alpha158_csi300_custom_step0_s_20260508_16,71410224b34c48fa85f4a53320e0032b,0.091,,,
3045,2026-05-08,SH601788,0.0008984914878456641,EXP_CatBoostModel_Alpha158_csi300_custom_step0_s_20260508_16,71410224b34c48fa85f4a53320e0032b,0.091,,,
3046,2026-05-08,SH601238,0.002695391835102346,EXP_CatBoostModel_Alpha158_csi300_custom_step0_s_20260508_16,71410224b34c48fa85f4a53320e0032b,0.091,,,
3047,2026-05-08,SH601766,0.0025151397612112394,EXP_CatBoostModel_Alpha158_csi300_custom_step0_s_20260508_16,71410224b34c48fa85f4a53320e0032b,0.091,,,
3048,2026-05-08,SH601698,-0.003411743627668595,EXP_CatBoostModel_Alpha158_csi300_custom_step0_s_20260508_16,71410224b34c48fa85f4a53320e0032b,0.091,,,
3049,2026-05-08,SH601689,-0.0030895874629135655,EXP_CatBoostModel_Alpha158_csi300_custom_step0_s_20260508_16,71410224b34c48fa85f4a53320e0032b,0.091,,,
3050,2026-05-08,SH601688,0.0002292446932009027,EXP_CatBoostModel_Alpha158_csi300_custom_step0_s_20260508_16,71410224b34c48fa85f4a53320e0032b,0.091,,,
3051,2026-05-08,SH601669,-0.0005009502292999679,EXP_CatBoostModel_Alpha158_csi300_custom_step0_s_20260508_16,71410224b34c48fa85f4a53320e0032b,0.091,,,
3052,2026-05-08,SH601668,0.004552386187372175,EXP_CatBoostModel_Alpha158_csi300_custom_step0_s_20260508_16,71410224b34c48fa85f4a53320e0032b,0.091,,,
3053,2026-05-08,SH601658,0.002695391835102346,EXP_CatBoostModel_Alpha158_csi300_custom_step0_s_20260508_16,71410224b34c48fa85f4a53320e0032b,0.091,,,
3054,2026-05-08,SH601728,0.0046146649057293935,EXP_CatBoostModel_Alpha158_csi300_custom_step0_s_20260508_16,71410224b34c48fa85f4a53320e0032b,0.091,,,
3055,2026-05-08,SH601236,0.002695391835102346,EXP_CatBoostModel_Alpha158_csi300_custom_step0_s_20260508_16,71410224b34c48fa85f4a53320e0032b,0.091,,,
3056,2026-05-08,SH601229,0.0006387963415860972,EXP_CatBoostModel_Alpha158_csi300_custom_step0_s_20260508_16,71410224b34c48fa85f4a53320e0032b,0.091,,,
3057,2026-05-08,SH601225,-0.0015676556540557792,EXP_CatBoostModel_Alpha158_csi300_custom_step0_s_20260508_16,71410224b34c48fa85f4a53320e0032b,0.091,,,
3058,2026-05-08,SH601009,0.0008984914878456641,EXP_CatBoostModel_Alpha158_csi300_custom_step0_s_20260508_16,71410224b34c48fa85f4a53320e0032b,0.091,,,
3059,2026-05-08,SH601006,0.002695391835102346,EXP_CatBoostModel_Alpha158_csi300_custom_step0_s_20260508_16,71410224b34c48fa85f4a53320e0032b,0.091,,,
3060,2026-05-08,SH600999,0.0023740453761399724,EXP_CatBoostModel_Alpha158_csi300_custom_step0_s_20260508_16,71410224b34c48fa85f4a53320e0032b,0.091,,,
3061,2026-05-08,SH600989,-0.0015676556540557792,EXP_CatBoostModel_Alpha158_csi300_custom_step0_s_20260508_16,71410224b34c48fa85f4a53320e0032b,0.091,,,
3062,2026-05-08,SH600958,-0.0005586013867945141,EXP_CatBoostModel_Alpha158_csi300_custom_step0_s_20260508_16,71410224b34c48fa85f4a53320e0032b,0.091,,,
3063,2026-05-08,SH600941,0.0046146649057293935,EXP_CatBoostModel_Alpha158_csi300_custom_step0_s_20260508_16,71410224b34c48fa85f4a53320e0032b,0.091,,,
3064,2026-05-08,SH601012,-0.002967097371201411,EXP_CatBoostModel_Alpha158_csi300_custom_step0_s_20260508_16,71410224b34c48fa85f4a53320e0032b,0.091,,,
3065,2026-05-08,SH600938,-0.002967097371201411,EXP_CatBoostModel_Alpha158_csi300_custom_step0_s_20260508_16,71410224b34c48fa85f4a53320e0032b,0.091,,,
3066,2026-05-08,SH600926,0.0018062692885576633,EXP_CatBoostModel_Alpha158_csi300_custom_step0_s_20260508_16,71410224b34c48fa85f4a53320e0032b,0.091,,,
3067,2026-05-08,SH600919,0.004170945723396654,EXP_CatBoostModel_Alpha158_csi300_custom_step0_s_20260508_16,71410224b34c48fa85f4a53320e0032b,0.091,,,
3068,2026-05-08,SH600918,0.0046146649057293935,EXP_CatBoostModel_Alpha158_csi300_custom_step0_s_20260508_16,71410224b34c48fa85f4a53320e0032b,0.091,,,
3069,2026-05-08,SH600905,-0.001553052442860361,EXP_CatBoostModel_Alpha158_csi300_custom_step0_s_20260508_16,71410224b34c48fa85f4a53320e0032b,0.091,,,
3070,2026-05-08,SH600900,0.002695391835102346,EXP_CatBoostModel_Alpha158_csi300_custom_step0_s_20260508_16,71410224b34c48fa85f4a53320e0032b,0.091,,,
3071,2026-05-08,SH600893,-0.0030895874629135655,EXP_CatBoostModel_Alpha158_csi300_custom_step0_s_20260508_16,71410224b34c48fa85f4a53320e0032b,0.091,,,
3072,2026-05-08,SH600930,-0.002967097371201411,EXP_CatBoostModel_Alpha158_csi300_custom_step0_s_20260508_16,71410224b34c48fa85f4a53320e0032b,0.091,,,
3073,2026-05-08,SZ300413,-0.0018898118188108092,EXP_CatBoostModel_Alpha158_csi300_custom_step0_s_20260508_16,71410224b34c48fa85f4a53320e0032b,0.091,,,
3074,2026-05-08,SH601018,0.0018090913913490865,EXP_CatBoostModel_Alpha158_csi300_custom_step0_s_20260508_16,71410224b34c48fa85f4a53320e0032b,0.091,,,
3075,2026-05-08,SH601058,-0.0015676556540557792,EXP_CatBoostModel_Alpha158_csi300_custom_step0_s_20260508_16,71410224b34c48fa85f4a53320e0032b,0.091,,,
3076,2026-05-08,SH601211,0.0008984914878456641,EXP_CatBoostModel_Alpha158_csi300_custom_step0_s_20260508_16,71410224b34c48fa85f4a53320e0032b,0.091,,,
3077,2026-05-08,SH601186,0.004170945723396654,EXP_CatBoostModel_Alpha158_csi300_custom_step0_s_20260508_16,71410224b34c48fa85f4a53320e0032b,0.091,,,
3078,2026-05-08,SH601169,0.0006387963415860972,EXP_CatBoostModel_Alpha158_csi300_custom_step0_s_20260508_16,71410224b34c48fa85f4a53320e0032b,0.091,,,
3079,2026-05-08,SH601166,0.002435696688842779,EXP_CatBoostModel_Alpha158_csi300_custom_step0_s_20260508_16,71410224b34c48fa85f4a53320e0032b,0.091,,,
3080,2026-05-08,SH601138,0.00016291113210017516,EXP_CatBoostModel_Alpha158_csi300_custom_step0_s_20260508_16,71410224b34c48fa85f4a53320e0032b,0.091,,,
3081,2026-05-08,SH601136,-0.0005009502292999679,EXP_CatBoostModel_Alpha158_csi300_custom_step0_s_20260508_16,71410224b34c48fa85f4a53320e0032b,0.091,,,
3082,2026-05-08,SH601021,0.0030768322990778673,EXP_CatBoostModel_Alpha158_csi300_custom_step0_s_20260508_16,71410224b34c48fa85f4a53320e0032b,0.091,,,
3083,2026-05-08,SH601127,0.0006729638755336414,EXP_CatBoostModel_Alpha158_csi300_custom_step0_s_20260508_16,71410224b34c48fa85f4a53320e0032b,0.091,,,
3084,2026-05-08,SH601111,0.0008521135672821861,EXP_CatBoostModel_Alpha158_csi300_custom_step0_s_20260508_16,71410224b34c48fa85f4a53320e0032b,0.091,,,
3085,2026-05-08,SH601100,-0.0030895874629135655,EXP_CatBoostModel_Alpha158_csi300_custom_step0_s_20260508_16,71410224b34c48fa85f4a53320e0032b,0.091,,,
3086,2026-05-08,SH601088,-0.0007606453755595349,EXP_CatBoostModel_Alpha158_csi300_custom_step0_s_20260508_16,71410224b34c48fa85f4a53320e0032b,0.091,,,
3087,2026-05-08,SH601077,-0.0007606453755595349,EXP_CatBoostModel_Alpha158_csi300_custom_step0_s_20260508_16,71410224b34c48fa85f4a53320e0032b,0.091,,,
3088,2026-05-08,SH601066,-0.0005009502292999679,EXP_CatBoostModel_Alpha158_csi300_custom_step0_s_20260508_16,71410224b34c48fa85f4a53320e0032b,0.091,,,
3089,2026-05-08,SH601059,0.004170945723396654,EXP_CatBoostModel_Alpha158_csi300_custom_step0_s_20260508_16,71410224b34c48fa85f4a53320e0032b,0.091,,,
3090,2026-05-08,SH601117,-0.0018519648705590365,EXP_CatBoostModel_Alpha158_csi300_custom_step0_s_20260508_16,71410224b34c48fa85f4a53320e0032b,0.091,,,
3091,2026-05-08,SZ300418,-0.0030895874629135655,EXP_CatBoostModel_Alpha158_csi300_custom_step0_s_20260508_16,71410224b34c48fa85f4a53320e0032b,0.091,,,
3092,2026-05-08,SZ300433,-0.0030895874629135655,EXP_CatBoostModel_Alpha158_csi300_custom_step0_s_20260508_16,71410224b34c48fa85f4a53320e0032b,0.091,,,
3093,2026-05-08,SZ300442,-0.0030895874629135655,EXP_CatBoostModel_Alpha158_csi300_custom_step0_s_20260508_16,71410224b34c48fa85f4a53320e0032b,0.091,,,
3094,2026-05-08,SH603259,0.0085199012872421,EXP_CatBoostModel_Alpha158_csi300_custom_step0_s_20260508_16,ed7f4732934945b98090da796cbd8df6,0.056,,,
3095,2026-05-08,SH603260,-0.0013863043063161765,EXP_CatBoostModel_Alpha158_csi300_custom_step0_s_20260508_16,ed7f4732934945b98090da796cbd8df6,0.056,,,
3096,2026-05-08,SH603288,-0.007237404660766239,EXP_CatBoostModel_Alpha158_csi300_custom_step0_s_20260508_16,ed7f4732934945b98090da796cbd8df6,0.056,,,
3097,2026-05-08,SH603296,0.04002384493846184,EXP_CatBoostModel_Alpha158_csi300_custom_step0_s_20260508_16,ed7f4732934945b98090da796cbd8df6,0.056,,,
3098,2026-05-08,SH603369,0.0014997843700467746,EXP_CatBoostModel_Alpha158_csi300_custom_step0_s_20260508_16,ed7f4732934945b98090da796cbd8df6,0.056,,,
3099,2026-05-08,SH603392,0.002559976034952049,EXP_CatBoostModel_Alpha158_csi300_custom_step0_s_20260508_16,ed7f4732934945b98090da796cbd8df6,0.056,,,
3100,2026-05-08,SH603501,-0.003916371543302455,EXP_CatBoostModel_Alpha158_csi300_custom_step0_s_20260508_16,ed7f4732934945b98090da796cbd8df6,0.056,,,
3101,2026-05-08,SH603799,0.0003679194368514222,EXP_CatBoostModel_Alpha158_csi300_custom_step0_s_20260508_16,ed7f4732934945b98090da796cbd8df6,0.056,,,
3102,2026-05-08,SH603893,0.012698650620248293,EXP_CatBoostModel_Alpha158_csi300_custom_step0_s_20260508_16,ed7f4732934945b98090da796cbd8df6,0.056,,,
3103,2026-05-08,SH603986,0.03723777121065274,EXP_CatBoostModel_Alpha158_csi300_custom_step0_s_20260508_16,ed7f4732934945b98090da796cbd8df6,0.056,,,
3104,2026-05-08,SH603993,0.0069440698285269074,EXP_CatBoostModel_Alpha158_csi300_custom_step0_s_20260508_16,ed7f4732934945b98090da796cbd8df6,0.056,,,
3105,2026-05-08,SH605117,0.02913467319264072,EXP_CatBoostModel_Alpha158_csi300_custom_step0_s_20260508_16,ed7f4732934945b98090da796cbd8df6,0.056,,,
3106,2026-05-08,SH605499,-0.016104957903713593,EXP_CatBoostModel_Alpha158_csi300_custom_step0_s_20260508_16,ed7f4732934945b98090da796cbd8df6,0.056,,,
3107,2026-05-08,SH688008,0.03298417377523463,EXP_CatBoostModel_Alpha158_csi300_custom_step0_s_20260508_16,ed7f4732934945b98090da796cbd8df6,0.056,,,
3108,2026-05-08,SH688009,-0.012285507184870707,EXP_CatBoostModel_Alpha158_csi300_custom_step0_s_20260508_16,ed7f4732934945b98090da796cbd8df6,0.056,,,
3109,2026-05-08,SH688012,0.014883479436752948,EXP_CatBoostModel_Alpha158_csi300_custom_step0_s_20260508_16,ed7f4732934945b98090da796cbd8df6,0.056,,,
3110,2026-05-08,SH688036,-0.004815000736720119,EXP_CatBoostModel_Alpha158_csi300_custom_step0_s_20260508_16,ed7f4732934945b98090da796cbd8df6,0.056,,,
3111,2026-05-08,SH688506,-0.010430305066925705,EXP_CatBoostModel_Alpha158_csi300_custom_step0_s_20260508_16,ed7f4732934945b98090da796cbd8df6,0.056,,,
3112,2026-05-08,SH688472,-0.01109543639134893,EXP_CatBoostModel_Alpha158_csi300_custom_step0_s_20260508_16,ed7f4732934945b98090da796cbd8df6,0.056,,,
3113,2026-05-08,SH688396,0.007520514051623262,EXP_CatBoostModel_Alpha158_csi300_custom_step0_s_20260508_16,ed7f4732934945b98090da796cbd8df6,0.056,,,
3114,2026-05-08,SH688303,-0.003671827107507018,EXP_CatBoostModel_Alpha158_csi300_custom_step0_s_20260508_16,ed7f4732934945b98090da796cbd8df6,0.056,,,
3115,2026-05-08,SH688271,-0.008875097320562665,EXP_CatBoostModel_Alpha158_csi300_custom_step0_s_20260508_16,ed7f4732934945b98090da796cbd8df6,0.056,,,
3116,2026-05-08,SH688256,0.021634900799403358,EXP_CatBoostModel_Alpha158_csi300_custom_step0_s_20260508_16,ed7f4732934945b98090da796cbd8df6,0.056,,,
3117,2026-05-08,SH603195,0.004073886486938377,EXP_CatBoostModel_Alpha158_csi300_custom_step0_s_20260508_16,ed7f4732934945b98090da796cbd8df6,0.056,,,
3118,2026-05-08,SH688223,-0.004109622976384621,EXP_CatBoostModel_Alpha158_csi300_custom_step0_s_20260508_16,ed7f4732934945b98090da796cbd8df6,0.056,,,
3119,2026-05-08,SH688169,0.0014997843700467746,EXP_CatBoostModel_Alpha158_csi300_custom_step0_s_20260508_16,ed7f4732934945b98090da796cbd8df6,0.056,,,
3120,2026-05-08,SH688126,0.030097059308066592,EXP_CatBoostModel_Alpha158_csi300_custom_step0_s_20260508_16,ed7f4732934945b98090da796cbd8df6,0.056,,,
3121,2026-05-08,SH688111,0.0022846724604644484,EXP_CatBoostModel_Alpha158_csi300_custom_step0_s_20260508_16,ed7f4732934945b98090da796cbd8df6,0.056,,,
3122,2026-05-08,SH688082,-0.0013877910934515948,EXP_CatBoostModel_Alpha158_csi300_custom_step0_s_20260508_16,ed7f4732934945b98090da796cbd8df6,0.056,,,
3123,2026-05-08,SH688047,0.012734279574262385,EXP_CatBoostModel_Alpha158_csi300_custom_step0_s_20260508_16,ed7f4732934945b98090da796cbd8df6,0.056,,,
3124,2026-05-08,SH688041,0.012870507646149089,EXP_CatBoostModel_Alpha158_csi300_custom_step0_s_20260508_16,ed7f4732934945b98090da796cbd8df6,0.056,,,
3125,2026-05-08,SH688187,-0.008132986848850714,EXP_CatBoostModel_Alpha158_csi300_custom_step0_s_20260508_16,ed7f4732934945b98090da796cbd8df6,0.056,,,
3126,2026-05-08,SH688981,0.018368643034796833,EXP_CatBoostModel_Alpha158_csi300_custom_step0_s_20260508_16,ed7f4732934945b98090da796cbd8df6,0.056,,,
3127,2026-05-08,SH603019,0.0007981199255176746,EXP_CatBoostModel_Alpha158_csi300_custom_step0_s_20260508_16,ed7f4732934945b98090da796cbd8df6,0.056,,,
3128,2026-05-08,SH601995,0.001823005272722326,EXP_CatBoostModel_Alpha158_csi300_custom_step0_s_20260508_16,ed7f4732934945b98090da796cbd8df6,0.056,,,
3129,2026-05-08,SH601633,-0.013055397562279166,EXP_CatBoostModel_Alpha158_csi300_custom_step0_s_20260508_16,ed7f4732934945b98090da796cbd8df6,0.056,,,
3130,2026-05-08,SH601658,-0.004111376751761681,EXP_CatBoostModel_Alpha158_csi300_custom_step0_s_20260508_16,ed7f4732934945b98090da796cbd8df6,0.056,,,
3131,2026-05-08,SH601668,-0.006921842164797604,EXP_CatBoostModel_Alpha158_csi300_custom_step0_s_20260508_16,ed7f4732934945b98090da796cbd8df6,0.056,,,
3132,2026-05-08,SH601669,-0.005275144934830867,EXP_CatBoostModel_Alpha158_csi300_custom_step0_s_20260508_16,ed7f4732934945b98090da796cbd8df6,0.056,,,
3133,2026-05-08,SH601688,0.0006848398839602496,EXP_CatBoostModel_Alpha158_csi300_custom_step0_s_20260508_16,ed7f4732934945b98090da796cbd8df6,0.056,,,
3134,2026-05-08,SH601689,0.007049607469423765,EXP_CatBoostModel_Alpha158_csi300_custom_step0_s_20260508_16,ed7f4732934945b98090da796cbd8df6,0.056,,,
3135,2026-05-08,SH601698,0.01695429642472911,EXP_CatBoostModel_Alpha158_csi300_custom_step0_s_20260508_16,ed7f4732934945b98090da796cbd8df6,0.056,,,
3136,2026-05-08,SH601728,0.005755881908054499,EXP_CatBoostModel_Alpha158_csi300_custom_step0_s_20260508_16,ed7f4732934945b98090da796cbd8df6,0.056,,,
3137,2026-05-08,SH601766,-0.014095601785815192,EXP_CatBoostModel_Alpha158_csi300_custom_step0_s_20260508_16,ed7f4732934945b98090da796cbd8df6,0.056,,,
3138,2026-05-08,SH601788,-0.010002475300195985,EXP_CatBoostModel_Alpha158_csi300_custom_step0_s_20260508_16,ed7f4732934945b98090da796cbd8df6,0.056,,,
3139,2026-05-08,SH601800,-0.014722675347375636,EXP_CatBoostModel_Alpha158_csi300_custom_step0_s_20260508_16,ed7f4732934945b98090da796cbd8df6,0.056,,,
3140,2026-05-08,SH601808,-0.007275866838855752,EXP_CatBoostModel_Alpha158_csi300_custom_step0_s_20260508_16,ed7f4732934945b98090da796cbd8df6,0.056,,,
3141,2026-05-08,SH601816,-0.013462939800588413,EXP_CatBoostModel_Alpha158_csi300_custom_step0_s_20260508_16,ed7f4732934945b98090da796cbd8df6,0.056,,,
3142,2026-05-08,SH601818,-0.012512711045398608,EXP_CatBoostModel_Alpha158_csi300_custom_step0_s_20260508_16,ed7f4732934945b98090da796cbd8df6,0.056,,,
3143,2026-05-08,SH601825,-0.005970957557859093,EXP_CatBoostModel_Alpha158_csi300_custom_step0_s_20260508_16,ed7f4732934945b98090da796cbd8df6,0.056,,,
3144,2026-05-08,SH601838,0.006497624914053246,EXP_CatBoostModel_Alpha158_csi300_custom_step0_s_20260508_16,ed7f4732934945b98090da796cbd8df6,0.056,,,
3145,2026-05-08,SH601857,-0.004632732636659313,EXP_CatBoostModel_Alpha158_csi300_custom_step0_s_20260508_16,ed7f4732934945b98090da796cbd8df6,0.056,,,
3146,2026-05-08,SH601988,-0.0039983092980885,EXP_CatBoostModel_Alpha158_csi300_custom_step0_s_20260508_16,ed7f4732934945b98090da796cbd8df6,0.056,,,
3147,2026-05-08,SH601985,-0.004458531447787601,EXP_CatBoostModel_Alpha158_csi300_custom_step0_s_20260508_16,ed7f4732934945b98090da796cbd8df6,0.056,,,
3148,2026-05-08,SH601939,-0.005395238764508484,EXP_CatBoostModel_Alpha158_csi300_custom_step0_s_20260508_16,ed7f4732934945b98090da796cbd8df6,0.056,,,
3149,2026-05-08,SH601919,-0.012285507184870707,EXP_CatBoostModel_Alpha158_csi300_custom_step0_s_20260508_16,ed7f4732934945b98090da796cbd8df6,0.056,,,
3150,2026-05-08,SH601916,-0.002679732517765854,EXP_CatBoostModel_Alpha158_csi300_custom_step0_s_20260508_16,ed7f4732934945b98090da796cbd8df6,0.056,,,
3151,2026-05-08,SH601901,-0.0008995603423605886,EXP_CatBoostModel_Alpha158_csi300_custom_step0_s_20260508_16,ed7f4732934945b98090da796cbd8df6,0.056,,,
3152,2026-05-08,SH601998,-0.0009477067801108381,EXP_CatBoostModel_Alpha158_csi300_custom_step0_s_20260508_16,ed7f4732934945b98090da796cbd8df6,0.056,,,
3153,2026-05-08,SH601899,0.002273806402345138,EXP_CatBoostModel_Alpha158_csi300_custom_step0_s_20260508_16,ed7f4732934945b98090da796cbd8df6,0.056,,,
3154,2026-05-08,SH601888,-0.012285507184870707,EXP_CatBoostModel_Alpha158_csi300_custom_step0_s_20260508_16,ed7f4732934945b98090da796cbd8df6,0.056,,,
3155,2026-05-08,SH601881,-0.008369401204267905,EXP_CatBoostModel_Alpha158_csi300_custom_step0_s_20260508_16,ed7f4732934945b98090da796cbd8df6,0.056,,,
3156,2026-05-08,SH601878,-0.0055791345162392765,EXP_CatBoostModel_Alpha158_csi300_custom_step0_s_20260508_16,ed7f4732934945b98090da796cbd8df6,0.056,,,
3157,2026-05-08,SH601877,-0.007692486429120304,EXP_CatBoostModel_Alpha158_csi300_custom_step0_s_20260508_16,ed7f4732934945b98090da796cbd8df6,0.056,,,
3158,2026-05-08,SH601872,0.06439445892615049,EXP_CatBoostModel_Alpha158_csi300_custom_step0_s_20260508_16,ed7f4732934945b98090da796cbd8df6,0.056,,,
3159,2026-05-08,SH601868,0.06906662314551815,EXP_CatBoostModel_Alpha158_csi300_custom_step0_s_20260508_16,ed7f4732934945b98090da796cbd8df6,0.056,,,
3160,2026-05-08,SH601898,0.0022584017641356087,EXP_CatBoostModel_Alpha158_csi300_custom_step0_s_20260508_16,ed7f4732934945b98090da796cbd8df6,0.056,,,
3161,2026-05-08,SZ000001,-0.0008079167985547916,EXP_CatBoostModel_Alpha158_csi300_custom_step0_s_20260508_16,ed7f4732934945b98090da796cbd8df6,0.056,,,
3162,2026-05-08,SZ000002,-0.004268095783528311,EXP_CatBoostModel_Alpha158_csi300_custom_step0_s_20260508_16,ed7f4732934945b98090da796cbd8df6,0.056,,,
3163,2026-05-08,SZ000063,0.012167982312898054,EXP_CatBoostModel_Alpha158_csi300_custom_step0_s_20260508_16,ed7f4732934945b98090da796cbd8df6,0.056,,,
3164,2026-05-08,SZ002027,-0.015719704837066372,EXP_CatBoostModel_Alpha158_csi300_custom_step0_s_20260508_16,ed7f4732934945b98090da796cbd8df6,0.056,,,
3165,2026-05-08,SZ002028,-0.0076375769572411874,EXP_CatBoostModel_Alpha158_csi300_custom_step0_s_20260508_16,ed7f4732934945b98090da796cbd8df6,0.056,,,
3166,2026-05-08,SZ002049,0.01243401982710405,EXP_CatBoostModel_Alpha158_csi300_custom_step0_s_20260508_16,ed7f4732934945b98090da796cbd8df6,0.056,,,
3167,2026-05-08,SZ002050,-0.011257811268109978,EXP_CatBoostModel_Alpha158_csi300_custom_step0_s_20260508_16,ed7f4732934945b98090da796cbd8df6,0.056,,,
3168,2026-05-08,SZ002074,-0.00438116660540745,EXP_CatBoostModel_Alpha158_csi300_custom_step0_s_20260508_16,ed7f4732934945b98090da796cbd8df6,0.056,,,
3169,2026-05-08,SZ002142,0.0013435985456727532,EXP_CatBoostModel_Alpha158_csi300_custom_step0_s_20260508_16,ed7f4732934945b98090da796cbd8df6,0.056,,,
3170,2026-05-08,SZ002179,-0.0002454807095910573,EXP_CatBoostModel_Alpha158_csi300_custom_step0_s_20260508_16,ed7f4732934945b98090da796cbd8df6,0.056,,,
3171,2026-05-08,SZ002230,-0.007491463670787178,EXP_CatBoostModel_Alpha158_csi300_custom_step0_s_20260508_16,ed7f4732934945b98090da796cbd8df6,0.056,,,
3172,2026-05-08,SZ002236,0.0027546933983333896,EXP_CatBoostModel_Alpha158_csi300_custom_step0_s_20260508_16,ed7f4732934945b98090da796cbd8df6,0.056,,,
3173,2026-05-08,SZ002241,0.005408813560361157,EXP_CatBoostModel_Alpha158_csi300_custom_step0_s_20260508_16,ed7f4732934945b98090da796cbd8df6,0.056,,,
3174,2026-05-08,SZ002252,-0.0019374078138539599,EXP_CatBoostModel_Alpha158_csi300_custom_step0_s_20260508_16,ed7f4732934945b98090da796cbd8df6,0.056,,,
3175,2026-05-08,SZ002304,-0.012285507184870707,EXP_CatBoostModel_Alpha158_csi300_custom_step0_s_20260508_16,ed7f4732934945b98090da796cbd8df6,0.056,,,
3176,2026-05-08,SZ002311,-0.013963393919357105,EXP_CatBoostModel_Alpha158_csi300_custom_step0_s_20260508_16,ed7f4732934945b98090da796cbd8df6,0.056,,,
3177,2026-05-08,SZ002352,-0.0011406209757700207,EXP_CatBoostModel_Alpha158_csi300_custom_step0_s_20260508_16,ed7f4732934945b98090da796cbd8df6,0.056,,,
3178,2026-05-08,SZ002371,0.02321940199762154,EXP_CatBoostModel_Alpha158_csi300_custom_step0_s_20260508_16,ed7f4732934945b98090da796cbd8df6,0.056,,,
3179,2026-05-08,SZ002384,0.10271322675012272,EXP_CatBoostModel_Alpha158_csi300_custom_step0_s_20260508_16,ed7f4732934945b98090da796cbd8df6,0.056,,,
3180,2026-05-08,SZ002415,0.007446537102276699,EXP_CatBoostModel_Alpha158_csi300_custom_step0_s_20260508_16,ed7f4732934945b98090da796cbd8df6,0.056,,,
3181,2026-05-08,SZ002714,-0.003975272877732036,EXP_CatBoostModel_Alpha158_csi300_custom_step0_s_20260508_16,ed7f4732934945b98090da796cbd8df6,0.056,,,
3182,2026-05-08,SZ002709,-0.04580280795612215,EXP_CatBoostModel_Alpha158_csi300_custom_step0_s_20260508_16,ed7f4732934945b98090da796cbd8df6,0.056,,,
3183,2026-05-08,SZ002648,-0.003833329371682674,EXP_CatBoostModel_Alpha158_csi300_custom_step0_s_20260508_16,ed7f4732934945b98090da796cbd8df6,0.056,,,
3184,2026-05-08,SZ002625,-0.0007704158870217671,EXP_CatBoostModel_Alpha158_csi300_custom_step0_s_20260508_16,ed7f4732934945b98090da796cbd8df6,0.056,,,
3185,2026-05-08,SZ002601,-0.007528597577511745,EXP_CatBoostModel_Alpha158_csi300_custom_step0_s_20260508_16,ed7f4732934945b98090da796cbd8df6,0.056,,,
3186,2026-05-08,SZ002600,0.011145477080543097,EXP_CatBoostModel_Alpha158_csi300_custom_step0_s_20260508_16,ed7f4732934945b98090da796cbd8df6,0.056,,,
3187,2026-05-08,SZ002001,0.0033821654093410124,EXP_CatBoostModel_Alpha158_csi300_custom_step0_s_20260508_16,ed7f4732934945b98090da796cbd8df6,0.056,,,
3188,2026-05-08,SZ002594,-0.005713913559549972,EXP_CatBoostModel_Alpha158_csi300_custom_step0_s_20260508_16,ed7f4732934945b98090da796cbd8df6,0.056,,,
3189,2026-05-08,SZ002475,0.033575467489192705,EXP_CatBoostModel_Alpha158_csi300_custom_step0_s_20260508_16,ed7f4732934945b98090da796cbd8df6,0.056,,,
3190,2026-05-08,SZ002466,0.022662146625780366,EXP_CatBoostModel_Alpha158_csi300_custom_step0_s_20260508_16,ed7f4732934945b98090da796cbd8df6,0.056,,,
3191,2026-05-08,SZ002463,0.049559967528191334,EXP_CatBoostModel_Alpha158_csi300_custom_step0_s_20260508_16,ed7f4732934945b98090da796cbd8df6,0.056,,,
3192,2026-05-08,SZ002460,0.048376297898170044,EXP_CatBoostModel_Alpha158_csi300_custom_step0_s_20260508_16,ed7f4732934945b98090da796cbd8df6,0.056,,,
3193,2026-05-08,SZ002459,-0.0012604930387063583,EXP_CatBoostModel_Alpha158_csi300_custom_step0_s_20260508_16,ed7f4732934945b98090da796cbd8df6,0.056,,,
3194,2026-05-08,SZ002422,-0.006035016552963731,EXP_CatBoostModel_Alpha158_csi300_custom_step0_s_20260508_16,ed7f4732934945b98090da796cbd8df6,0.056,,,
3195,2026-05-08,SZ002493,0.005510552155254646,EXP_CatBoostModel_Alpha158_csi300_custom_step0_s_20260508_16,ed7f4732934945b98090da796cbd8df6,0.056,,,
3196,2026-05-08,SZ001979,0.008028880033136388,EXP_CatBoostModel_Alpha158_csi300_custom_step0_s_20260508_16,ed7f4732934945b98090da796cbd8df6,0.056,,,
3197,2026-05-08,SZ001965,-0.0059281092512902265,EXP_CatBoostModel_Alpha158_csi300_custom_step0_s_20260508_16,ed7f4732934945b98090da796cbd8df6,0.056,,,
3198,2026-05-08,SZ001391,-0.0023701452262026653,EXP_CatBoostModel_Alpha158_csi300_custom_step0_s_20260508_16,ed7f4732934945b98090da796cbd8df6,0.056,,,
3199,2026-05-08,SZ000630,-0.007512150376434704,EXP_CatBoostModel_Alpha158_csi300_custom_step0_s_20260508_16,ed7f4732934945b98090da796cbd8df6,0.056,,,
3200,2026-05-08,SZ000625,-0.014722675347375636,EXP_CatBoostModel_Alpha158_csi300_custom_step0_s_20260508_16,ed7f4732934945b98090da796cbd8df6,0.056,,,
3201,2026-05-08,SZ000617,0.02346216127992298,EXP_CatBoostModel_Alpha158_csi300_custom_step0_s_20260508_16,ed7f4732934945b98090da796cbd8df6,0.056,,,
3202,2026-05-08,SZ000596,-0.013599506271803027,EXP_CatBoostModel_Alpha158_csi300_custom_step0_s_20260508_16,ed7f4732934945b98090da796cbd8df6,0.056,,,
3203,2026-05-08,SZ000568,-0.005366924308395402,EXP_CatBoostModel_Alpha158_csi300_custom_step0_s_20260508_16,ed7f4732934945b98090da796cbd8df6,0.056,,,
3204,2026-05-08,SZ000538,-0.010573976609853415,EXP_CatBoostModel_Alpha158_csi300_custom_step0_s_20260508_16,ed7f4732934945b98090da796cbd8df6,0.056,,,
3205,2026-05-08,SZ000651,0.004172440374892063,EXP_CatBoostModel_Alpha158_csi300_custom_step0_s_20260508_16,ed7f4732934945b98090da796cbd8df6,0.056,,,
3206,2026-05-08,SZ000425,-0.006718778279301999,EXP_CatBoostModel_Alpha158_csi300_custom_step0_s_20260508_16,ed7f4732934945b98090da796cbd8df6,0.056,,,
3207,2026-05-08,SZ000338,0.013461801360107158,EXP_CatBoostModel_Alpha158_csi300_custom_step0_s_20260508_16,ed7f4732934945b98090da796cbd8df6,0.056,,,
3208,2026-05-08,SZ000333,0.001823005272722326,EXP_CatBoostModel_Alpha158_csi300_custom_step0_s_20260508_16,ed7f4732934945b98090da796cbd8df6,0.056,,,
3209,2026-05-08,SZ000301,0.0207455204950406,EXP_CatBoostModel_Alpha158_csi300_custom_step0_s_20260508_16,ed7f4732934945b98090da796cbd8df6,0.056,,,
3210,2026-05-08,SZ000166,-0.0048488051383120245,EXP_CatBoostModel_Alpha158_csi300_custom_step0_s_20260508_16,ed7f4732934945b98090da796cbd8df6,0.056,,,
3211,2026-05-08,SZ000157,-0.014460555237859512,EXP_CatBoostModel_Alpha158_csi300_custom_step0_s_20260508_16,ed7f4732934945b98090da796cbd8df6,0.056,,,
3212,2026-05-08,SZ000100,-0.005132125325330621,EXP_CatBoostModel_Alpha158_csi300_custom_step0_s_20260508_16,ed7f4732934945b98090da796cbd8df6,0.056,,,
3213,2026-05-08,SZ000408,0.024790489452794814,EXP_CatBoostModel_Alpha158_csi300_custom_step0_s_20260508_16,ed7f4732934945b98090da796cbd8df6,0.056,,,
3214,2026-05-08,SH601628,-0.007045836225119879,EXP_CatBoostModel_Alpha158_csi300_custom_step0_s_20260508_16,ed7f4732934945b98090da796cbd8df6,0.056,,,
3215,2026-05-08,SZ000661,-0.0026217925829838725,EXP_CatBoostModel_Alpha158_csi300_custom_step0_s_20260508_16,ed7f4732934945b98090da796cbd8df6,0.056,,,
3216,2026-05-08,SZ000725,-0.0015505107977686506,EXP_CatBoostModel_Alpha158_csi300_custom_step0_s_20260508_16,ed7f4732934945b98090da796cbd8df6,0.056,,,
3217,2026-05-08,SZ000999,-0.013462939800588413,EXP_CatBoostModel_Alpha158_csi300_custom_step0_s_20260508_16,ed7f4732934945b98090da796cbd8df6,0.056,,,
3218,2026-05-08,SZ000983,-0.013306166979647822,EXP_CatBoostModel_Alpha158_csi300_custom_step0_s_20260508_16,ed7f4732934945b98090da796cbd8df6,0.056,,,
3219,2026-05-08,SZ000977,0.06158142421086905,EXP_CatBoostModel_Alpha158_csi300_custom_step0_s_20260508_16,ed7f4732934945b98090da796cbd8df6,0.056,,,
3220,2026-05-08,SZ000975,0.002273806402345138,EXP_CatBoostModel_Alpha158_csi300_custom_step0_s_20260508_16,ed7f4732934945b98090da796cbd8df6,0.056,,,
3221,2026-05-08,SZ000963,-0.01098151884816266,EXP_CatBoostModel_Alpha158_csi300_custom_step0_s_20260508_16,ed7f4732934945b98090da796cbd8df6,0.056,,,
3222,2026-05-08,SZ000938,0.025403940328744486,EXP_CatBoostModel_Alpha158_csi300_custom_step0_s_20260508_16,ed7f4732934945b98090da796cbd8df6,0.056,,,
3223,2026-05-08,SZ000708,-0.0062849057269324365,EXP_CatBoostModel_Alpha158_csi300_custom_step0_s_20260508_16,ed7f4732934945b98090da796cbd8df6,0.056,,,
3224,2026-05-08,SZ000895,-0.005095363357348167,EXP_CatBoostModel_Alpha158_csi300_custom_step0_s_20260508_16,ed7f4732934945b98090da796cbd8df6,0.056,,,
3225,2026-05-08,SZ000858,-0.008670245829880149,EXP_CatBoostModel_Alpha158_csi300_custom_step0_s_20260508_16,ed7f4732934945b98090da796cbd8df6,0.056,,,
3226,2026-05-08,SZ000807,-0.001727068886733829,EXP_CatBoostModel_Alpha158_csi300_custom_step0_s_20260508_16,ed7f4732934945b98090da796cbd8df6,0.056,,,
3227,2026-05-08,SZ000792,4.037687776371952e-05,EXP_CatBoostModel_Alpha158_csi300_custom_step0_s_20260508_16,ed7f4732934945b98090da796cbd8df6,0.056,,,
3228,2026-05-08,SZ000786,-0.009534247700685868,EXP_CatBoostModel_Alpha158_csi300_custom_step0_s_20260508_16,ed7f4732934945b98090da796cbd8df6,0.056,,,
3229,2026-05-08,SZ000776,0.014010112476421652,EXP_CatBoostModel_Alpha158_csi300_custom_step0_s_20260508_16,ed7f4732934945b98090da796cbd8df6,0.056,,,
3230,2026-05-08,SZ000768,-0.0023701452262026653,EXP_CatBoostModel_Alpha158_csi300_custom_step0_s_20260508_16,ed7f4732934945b98090da796cbd8df6,0.056,,,
3231,2026-05-08,SZ000876,0.001828317443092358,EXP_CatBoostModel_Alpha158_csi300_custom_step0_s_20260508_16,ed7f4732934945b98090da796cbd8df6,0.056,,,
3232,2026-05-08,SZ000977,0.04152536162495644,EXP_LGBModel_Alpha158_csi300_custom_step0_s_20260508_16,ca127f94176c4c8ba04c416efbdf29bc,0.056,,,
3233,2026-05-08,SH601618,-0.0075653071376910516,EXP_CatBoostModel_Alpha158_csi300_custom_step0_s_20260508_16,ed7f4732934945b98090da796cbd8df6,0.056,,,
3234,2026-05-08,SH601601,-0.011402005519444463,EXP_CatBoostModel_Alpha158_csi300_custom_step0_s_20260508_16,ed7f4732934945b98090da796cbd8df6,0.056,,,
3235,2026-05-08,SH600039,0.008363892618259636,EXP_CatBoostModel_Alpha158_csi300_custom_step0_s_20260508_16,ed7f4732934945b98090da796cbd8df6,0.056,,,
3236,2026-05-08,SH600048,0.005494795794601251,EXP_CatBoostModel_Alpha158_csi300_custom_step0_s_20260508_16,ed7f4732934945b98090da796cbd8df6,0.056,,,
3237,2026-05-08,SH600050,-0.006010140912612377,EXP_CatBoostModel_Alpha158_csi300_custom_step0_s_20260508_16,ed7f4732934945b98090da796cbd8df6,0.056,,,
3238,2026-05-08,SH600061,-0.009105089563311063,EXP_CatBoostModel_Alpha158_csi300_custom_step0_s_20260508_16,ed7f4732934945b98090da796cbd8df6,0.056,,,
3239,2026-05-08,SH600066,-0.00013931626734774117,EXP_CatBoostModel_Alpha158_csi300_custom_step0_s_20260508_16,ed7f4732934945b98090da796cbd8df6,0.056,,,
3240,2026-05-08,SH600085,-0.00760952958613504,EXP_CatBoostModel_Alpha158_csi300_custom_step0_s_20260508_16,ed7f4732934945b98090da796cbd8df6,0.056,,,
3241,2026-05-08,SH600089,-0.00255388227850607,EXP_CatBoostModel_Alpha158_csi300_custom_step0_s_20260508_16,ed7f4732934945b98090da796cbd8df6,0.056,,,
3242,2026-05-08,SH600104,-0.008611330197537088,EXP_CatBoostModel_Alpha158_csi300_custom_step0_s_20260508_16,ed7f4732934945b98090da796cbd8df6,0.056,,,
3243,2026-05-08,SH600111,0.003049611593472227,EXP_CatBoostModel_Alpha158_csi300_custom_step0_s_20260508_16,ed7f4732934945b98090da796cbd8df6,0.056,,,
3244,2026-05-08,SH600115,0.00019897860535445,EXP_CatBoostModel_Alpha158_csi300_custom_step0_s_20260508_16,ed7f4732934945b98090da796cbd8df6,0.056,,,
3245,2026-05-08,SH600150,0.04788190688353626,EXP_CatBoostModel_Alpha158_csi300_custom_step0_s_20260508_16,ed7f4732934945b98090da796cbd8df6,0.056,,,
3246,2026-05-08,SH600160,-0.004511208840398546,EXP_CatBoostModel_Alpha158_csi300_custom_step0_s_20260508_16,ed7f4732934945b98090da796cbd8df6,0.056,,,
3247,2026-05-08,SH600161,-0.0076844359461809165,EXP_CatBoostModel_Alpha158_csi300_custom_step0_s_20260508_16,ed7f4732934945b98090da796cbd8df6,0.056,,,
3248,2026-05-08,SH600176,0.056667093442640495,EXP_CatBoostModel_Alpha158_csi300_custom_step0_s_20260508_16,ed7f4732934945b98090da796cbd8df6,0.056,,,
3249,2026-05-08,SH600183,0.04655731825257167,EXP_CatBoostModel_Alpha158_csi300_custom_step0_s_20260508_16,ed7f4732934945b98090da796cbd8df6,0.056,,,
3250,2026-05-08,SH600188,0.005951765735430333,EXP_CatBoostModel_Alpha158_csi300_custom_step0_s_20260508_16,ed7f4732934945b98090da796cbd8df6,0.056,,,
3251,2026-05-08,SH600196,-0.012752945645607316,EXP_CatBoostModel_Alpha158_csi300_custom_step0_s_20260508_16,ed7f4732934945b98090da796cbd8df6,0.056,,,
3252,2026-05-08,SH600460,0.005791003688516181,EXP_CatBoostModel_Alpha158_csi300_custom_step0_s_20260508_16,ed7f4732934945b98090da796cbd8df6,0.056,,,
3253,2026-05-08,SH600438,-0.004664941153761726,EXP_CatBoostModel_Alpha158_csi300_custom_step0_s_20260508_16,ed7f4732934945b98090da796cbd8df6,0.056,,,
3254,2026-05-08,SH600436,-0.011335474204005259,EXP_CatBoostModel_Alpha158_csi300_custom_step0_s_20260508_16,ed7f4732934945b98090da796cbd8df6,0.056,,,
3255,2026-05-08,SH600426,-0.0026777620758169536,EXP_CatBoostModel_Alpha158_csi300_custom_step0_s_20260508_16,ed7f4732934945b98090da796cbd8df6,0.056,,,
3256,2026-05-08,SH600415,-0.008736330522560454,EXP_CatBoostModel_Alpha158_csi300_custom_step0_s_20260508_16,ed7f4732934945b98090da796cbd8df6,0.056,,,
3257,2026-05-08,SH600406,-0.002300805271006622,EXP_CatBoostModel_Alpha158_csi300_custom_step0_s_20260508_16,ed7f4732934945b98090da796cbd8df6,0.056,,,
3258,2026-05-08,SH600036,-0.01590010796309334,EXP_CatBoostModel_Alpha158_csi300_custom_step0_s_20260508_16,ed7f4732934945b98090da796cbd8df6,0.056,,,
3259,2026-05-08,SH600377,-0.0017716436148631687,EXP_CatBoostModel_Alpha158_csi300_custom_step0_s_20260508_16,ed7f4732934945b98090da796cbd8df6,0.056,,,
3260,2026-05-08,SH600362,-0.005900773979367992,EXP_CatBoostModel_Alpha158_csi300_custom_step0_s_20260508_16,ed7f4732934945b98090da796cbd8df6,0.056,,,
3261,2026-05-08,SH600346,-0.0067400463857297446,EXP_CatBoostModel_Alpha158_csi300_custom_step0_s_20260508_16,ed7f4732934945b98090da796cbd8df6,0.056,,,
3262,2026-05-08,SH600309,0.002126370488144264,EXP_CatBoostModel_Alpha158_csi300_custom_step0_s_20260508_16,ed7f4732934945b98090da796cbd8df6,0.056,,,
3263,2026-05-08,SH600276,-0.014265179196667544,EXP_CatBoostModel_Alpha158_csi300_custom_step0_s_20260508_16,ed7f4732934945b98090da796cbd8df6,0.056,,,
3264,2026-05-08,SH600233,-0.0019989421751858425,EXP_CatBoostModel_Alpha158_csi300_custom_step0_s_20260508_16,ed7f4732934945b98090da796cbd8df6,0.056,,,
3265,2026-05-08,SH600219,-0.002204192541570257,EXP_CatBoostModel_Alpha158_csi300_custom_step0_s_20260508_16,ed7f4732934945b98090da796cbd8df6,0.056,,,
3266,2026-05-08,SH600372,-0.009192026865068488,EXP_CatBoostModel_Alpha158_csi300_custom_step0_s_20260508_16,ed7f4732934945b98090da796cbd8df6,0.056,,,
3267,2026-05-08,SH600482,0.03452766298787649,EXP_CatBoostModel_Alpha158_csi300_custom_step0_s_20260508_16,ed7f4732934945b98090da796cbd8df6,0.056,,,
3268,2026-05-08,SH600031,-0.003044039059959518,EXP_CatBoostModel_Alpha158_csi300_custom_step0_s_20260508_16,ed7f4732934945b98090da796cbd8df6,0.056,,,
3269,2026-05-08,SH600029,-0.00437457597635889,EXP_CatBoostModel_Alpha158_csi300_custom_step0_s_20260508_16,ed7f4732934945b98090da796cbd8df6,0.056,,,
3270,2026-05-08,SZ300476,0.002479852795800614,EXP_CatBoostModel_Alpha158_csi300_custom_step0_s_20260508_16,71410224b34c48fa85f4a53320e0032b,0.091,,,
3271,2026-05-08,SZ300498,-0.002967097371201411,EXP_CatBoostModel_Alpha158_csi300_custom_step0_s_20260508_16,71410224b34c48fa85f4a53320e0032b,0.091,,,
3272,2026-05-08,SZ300502,0.00016291113210017516,EXP_CatBoostModel_Alpha158_csi300_custom_step0_s_20260508_16,71410224b34c48fa85f4a53320e0032b,0.091,,,
3273,2026-05-08,SZ300628,0.00042003397626484224,EXP_CatBoostModel_Alpha158_csi300_custom_step0_s_20260508_16,71410224b34c48fa85f4a53320e0032b,0.091,,,
3274,2026-05-08,SZ300661,-0.001116501043788362,EXP_CatBoostModel_Alpha158_csi300_custom_step0_s_20260508_16,71410224b34c48fa85f4a53320e0032b,0.091,,,
3275,2026-05-08,SZ300750,-0.002967097371201411,EXP_CatBoostModel_Alpha158_csi300_custom_step0_s_20260508_16,71410224b34c48fa85f4a53320e0032b,0.091,,,
3276,2026-05-08,SZ300759,-0.0037758406367807825,EXP_CatBoostModel_Alpha158_csi300_custom_step0_s_20260508_16,71410224b34c48fa85f4a53320e0032b,0.091,,,
3277,2026-05-08,SZ300760,-0.0030895874629135655,EXP_CatBoostModel_Alpha158_csi300_custom_step0_s_20260508_16,71410224b34c48fa85f4a53320e0032b,0.091,,,
3278,2026-05-08,SZ300782,0.00016291113210017516,EXP_CatBoostModel_Alpha158_csi300_custom_step0_s_20260508_16,71410224b34c48fa85f4a53320e0032b,0.091,,,
3279,2026-05-08,SZ300803,-0.0006234403210121221,EXP_CatBoostModel_Alpha158_csi300_custom_step0_s_20260508_16,71410224b34c48fa85f4a53320e0032b,0.091,,,
3280,2026-05-08,SZ300832,-0.0020547986954775723,EXP_CatBoostModel_Alpha158_csi300_custom_step0_s_20260508_16,71410224b34c48fa85f4a53320e0032b,0.091,,,
3281,2026-05-08,SZ300866,-0.002967097371201411,EXP_CatBoostModel_Alpha158_csi300_custom_step0_s_20260508_16,71410224b34c48fa85f4a53320e0032b,0.091,,,
3282,2026-05-08,SZ300896,0.004552386187372175,EXP_CatBoostModel_Alpha158_csi300_custom_step0_s_20260508_16,71410224b34c48fa85f4a53320e0032b,0.091,,,
3283,2026-05-08,SZ300979,0.0004054307650694242,EXP_CatBoostModel_Alpha158_csi300_custom_step0_s_20260508_16,71410224b34c48fa85f4a53320e0032b,0.091,,,
3284,2026-05-08,SZ300999,-0.0005009502292999679,EXP_CatBoostModel_Alpha158_csi300_custom_step0_s_20260508_16,71410224b34c48fa85f4a53320e0032b,0.091,,,
3285,2026-05-08,SZ301236,-0.002967097371201411,EXP_CatBoostModel_Alpha158_csi300_custom_step0_s_20260508_16,71410224b34c48fa85f4a53320e0032b,0.091,,,
3286,2026-05-08,SZ301269,-0.0030895874629135655,EXP_CatBoostModel_Alpha158_csi300_custom_step0_s_20260508_16,71410224b34c48fa85f4a53320e0032b,0.091,,,
3287,2026-05-08,SH600028,-0.014722675347375636,EXP_CatBoostModel_Alpha158_csi300_custom_step0_s_20260508_16,ed7f4732934945b98090da796cbd8df6,0.056,,,
3288,2026-05-08,SH600027,0.022340184917168944,EXP_CatBoostModel_Alpha158_csi300_custom_step0_s_20260508_16,ed7f4732934945b98090da796cbd8df6,0.056,,,
3289,2026-05-08,SH600026,-0.00432366602038272,EXP_CatBoostModel_Alpha158_csi300_custom_step0_s_20260508_16,ed7f4732934945b98090da796cbd8df6,0.056,,,
3290,2026-05-08,SH600025,-0.006401345587123412,EXP_CatBoostModel_Alpha158_csi300_custom_step0_s_20260508_16,ed7f4732934945b98090da796cbd8df6,0.056,,,
3291,2026-05-08,SH600023,0.005305601019875782,EXP_CatBoostModel_Alpha158_csi300_custom_step0_s_20260508_16,ed7f4732934945b98090da796cbd8df6,0.056,,,
3292,2026-05-08,SH600019,-0.003880804263362992,EXP_CatBoostModel_Alpha158_csi300_custom_step0_s_20260508_16,ed7f4732934945b98090da796cbd8df6,0.056,,,
3293,2026-05-08,SH600030,0.0038851360573718967,EXP_CatBoostModel_Alpha158_csi300_custom_step0_s_20260508_16,ed7f4732934945b98090da796cbd8df6,0.056,,,
3294,2026-05-08,SH600018,-0.00539916273940075,EXP_CatBoostModel_Alpha158_csi300_custom_step0_s_20260508_16,ed7f4732934945b98090da796cbd8df6,0.056,,,
3295,2026-05-08,SH600015,-0.012285507184870707,EXP_CatBoostModel_Alpha158_csi300_custom_step0_s_20260508_16,ed7f4732934945b98090da796cbd8df6,0.056,,,
3296,2026-05-08,SH600011,-0.001440995101107164,EXP_CatBoostModel_Alpha158_csi300_custom_step0_s_20260508_16,ed7f4732934945b98090da796cbd8df6,0.056,,,
3297,2026-05-08,SH600010,-2.7900225364307918e-05,EXP_CatBoostModel_Alpha158_csi300_custom_step0_s_20260508_16,ed7f4732934945b98090da796cbd8df6,0.056,,,
3298,2026-05-08,SH600009,-0.0103847380260212,EXP_CatBoostModel_Alpha158_csi300_custom_step0_s_20260508_16,ed7f4732934945b98090da796cbd8df6,0.056,,,
3299,2026-05-08,SH600000,-0.014722675347375636,EXP_CatBoostModel_Alpha158_csi300_custom_step0_s_20260508_16,ed7f4732934945b98090da796cbd8df6,0.056,,,
3300,2026-05-08,SZ302132,0.0009746036589943403,EXP_CatBoostModel_Alpha158_csi300_custom_step0_s_20260508_16,71410224b34c48fa85f4a53320e0032b,0.091,,,
3301,2026-05-08,SH600016,-0.010221647230029798,EXP_CatBoostModel_Alpha158_csi300_custom_step0_s_20260508_16,ed7f4732934945b98090da796cbd8df6,0.056,,,
3302,2026-05-08,SH600489,0.0025756864488431603,EXP_CatBoostModel_Alpha158_csi300_custom_step0_s_20260508_16,ed7f4732934945b98090da796cbd8df6,0.056,,,
3303,2026-05-08,SH600515,-0.006060295437357052,EXP_CatBoostModel_Alpha158_csi300_custom_step0_s_20260508_16,ed7f4732934945b98090da796cbd8df6,0.056,,,
3304,2026-05-08,SH600519,-0.012774831154914732,EXP_CatBoostModel_Alpha158_csi300_custom_step0_s_20260508_16,ed7f4732934945b98090da796cbd8df6,0.056,,,
3305,2026-05-08,SH601058,-0.0031683413628347044,EXP_CatBoostModel_Alpha158_csi300_custom_step0_s_20260508_16,ed7f4732934945b98090da796cbd8df6,0.056,,,
3306,2026-05-08,SH601059,-0.0036437899540777844,EXP_CatBoostModel_Alpha158_csi300_custom_step0_s_20260508_16,ed7f4732934945b98090da796cbd8df6,0.056,,,
3307,2026-05-08,SH601066,-0.0008995603423605886,EXP_CatBoostModel_Alpha158_csi300_custom_step0_s_20260508_16,ed7f4732934945b98090da796cbd8df6,0.056,,,
3308,2026-05-08,SH601077,-0.0047389331245784524,EXP_CatBoostModel_Alpha158_csi300_custom_step0_s_20260508_16,ed7f4732934945b98090da796cbd8df6,0.056,,,
3309,2026-05-08,SH601088,-0.005096513679751474,EXP_CatBoostModel_Alpha158_csi300_custom_step0_s_20260508_16,ed7f4732934945b98090da796cbd8df6,0.056,,,
3310,2026-05-08,SH601100,0.017984499509877606,EXP_CatBoostModel_Alpha158_csi300_custom_step0_s_20260508_16,ed7f4732934945b98090da796cbd8df6,0.056,,,
3311,2026-05-08,SH601111,0.0027934001362000197,EXP_CatBoostModel_Alpha158_csi300_custom_step0_s_20260508_16,ed7f4732934945b98090da796cbd8df6,0.056,,,
3312,2026-05-08,SH601117,-0.007275866838855752,EXP_CatBoostModel_Alpha158_csi300_custom_step0_s_20260508_16,ed7f4732934945b98090da796cbd8df6,0.056,,,
3313,2026-05-08,SH601127,-0.004453769015213974,EXP_CatBoostModel_Alpha158_csi300_custom_step0_s_20260508_16,ed7f4732934945b98090da796cbd8df6,0.056,,,
3314,2026-05-08,SH601136,-0.005001065586515125,EXP_CatBoostModel_Alpha158_csi300_custom_step0_s_20260508_16,ed7f4732934945b98090da796cbd8df6,0.056,,,
3315,2026-05-08,SH601138,0.045387085678594986,EXP_CatBoostModel_Alpha158_csi300_custom_step0_s_20260508_16,ed7f4732934945b98090da796cbd8df6,0.056,,,
3316,2026-05-08,SH601166,-0.012285507184870707,EXP_CatBoostModel_Alpha158_csi300_custom_step0_s_20260508_16,ed7f4732934945b98090da796cbd8df6,0.056,,,
3317,2026-05-08,SH601169,-0.01270306818245555,EXP_CatBoostModel_Alpha158_csi300_custom_step0_s_20260508_16,ed7f4732934945b98090da796cbd8df6,0.056,,,
3318,2026-05-08,SH601186,-0.010970324977636581,EXP_CatBoostModel_Alpha158_csi300_custom_step0_s_20260508_16,ed7f4732934945b98090da796cbd8df6,0.056,,,
3319,2026-05-08,SH601211,-0.013425939437989821,EXP_CatBoostModel_Alpha158_csi300_custom_step0_s_20260508_16,ed7f4732934945b98090da796cbd8df6,0.056,,,
3320,2026-05-08,SH601225,-0.004632732636659313,EXP_CatBoostModel_Alpha158_csi300_custom_step0_s_20260508_16,ed7f4732934945b98090da796cbd8df6,0.056,,,
3321,2026-05-08,SH601229,-0.014722675347375636,EXP_CatBoostModel_Alpha158_csi300_custom_step0_s_20260508_16,ed7f4732934945b98090da796cbd8df6,0.056,,,
3322,2026-05-08,SH601600,-0.0023421792502408296,EXP_CatBoostModel_Alpha158_csi300_custom_step0_s_20260508_16,ed7f4732934945b98090da796cbd8df6,0.056,,,
3323,2026-05-08,SH601456,0.0024792678985004197,EXP_CatBoostModel_Alpha158_csi300_custom_step0_s_20260508_16,ed7f4732934945b98090da796cbd8df6,0.056,,,
3324,2026-05-08,SH601398,-0.0018178136705829452,EXP_CatBoostModel_Alpha158_csi300_custom_step0_s_20260508_16,ed7f4732934945b98090da796cbd8df6,0.056,,,
3325,2026-05-08,SH601390,-0.012719482911880357,EXP_CatBoostModel_Alpha158_csi300_custom_step0_s_20260508_16,ed7f4732934945b98090da796cbd8df6,0.056,,,
3326,2026-05-08,SH601377,-0.0009816038043944444,EXP_CatBoostModel_Alpha158_csi300_custom_step0_s_20260508_16,ed7f4732934945b98090da796cbd8df6,0.056,,,
3327,2026-05-08,SH601360,-0.0014414356722481539,EXP_CatBoostModel_Alpha158_csi300_custom_step0_s_20260508_16,ed7f4732934945b98090da796cbd8df6,0.056,,,
3328,2026-05-08,SH601021,0.009027443014558774,EXP_CatBoostModel_Alpha158_csi300_custom_step0_s_20260508_16,ed7f4732934945b98090da796cbd8df6,0.056,,,
3329,2026-05-08,SH601336,0.0003518037337818247,EXP_CatBoostModel_Alpha158_csi300_custom_step0_s_20260508_16,ed7f4732934945b98090da796cbd8df6,0.056,,,
3330,2026-05-08,SH601319,-0.0019374078138539599,EXP_CatBoostModel_Alpha158_csi300_custom_step0_s_20260508_16,ed7f4732934945b98090da796cbd8df6,0.056,,,
3331,2026-05-08,SH601318,-0.002393088604551456,EXP_CatBoostModel_Alpha158_csi300_custom_step0_s_20260508_16,ed7f4732934945b98090da796cbd8df6,0.056,,,
3332,2026-05-08,SH601298,-0.0028839183359449204,EXP_CatBoostModel_Alpha158_csi300_custom_step0_s_20260508_16,ed7f4732934945b98090da796cbd8df6,0.056,,,
3333,2026-05-08,SH601288,0.0014674893799036521,EXP_CatBoostModel_Alpha158_csi300_custom_step0_s_20260508_16,ed7f4732934945b98090da796cbd8df6,0.056,,,
3334,2026-05-08,SH601238,-0.010708204868120456,EXP_CatBoostModel_Alpha158_csi300_custom_step0_s_20260508_16,ed7f4732934945b98090da796cbd8df6,0.056,,,
3335,2026-05-08,SH601236,-0.01029341020248898,EXP_CatBoostModel_Alpha158_csi300_custom_step0_s_20260508_16,ed7f4732934945b98090da796cbd8df6,0.056,,,
3336,2026-05-08,SH601328,-0.011597398539197026,EXP_CatBoostModel_Alpha158_csi300_custom_step0_s_20260508_16,ed7f4732934945b98090da796cbd8df6,0.056,,,
3337,2026-05-08,SH601018,-0.006311251049780656,EXP_CatBoostModel_Alpha158_csi300_custom_step0_s_20260508_16,ed7f4732934945b98090da796cbd8df6,0.056,,,
3338,2026-05-08,SH601012,-0.003186428680889848,EXP_CatBoostModel_Alpha158_csi300_custom_step0_s_20260508_16,ed7f4732934945b98090da796cbd8df6,0.056,,,
3339,2026-05-08,SH601009,-0.002441309311677316,EXP_CatBoostModel_Alpha158_csi300_custom_step0_s_20260508_16,ed7f4732934945b98090da796cbd8df6,0.056,,,
3340,2026-05-08,SH600803,-0.0031142112691428603,EXP_CatBoostModel_Alpha158_csi300_custom_step0_s_20260508_16,ed7f4732934945b98090da796cbd8df6,0.056,,,
3341,2026-05-08,SH600795,-0.00480943407536499,EXP_CatBoostModel_Alpha158_csi300_custom_step0_s_20260508_16,ed7f4732934945b98090da796cbd8df6,0.056,,,
3342,2026-05-08,SH600760,0.0016550427913524421,EXP_CatBoostModel_Alpha158_csi300_custom_step0_s_20260508_16,ed7f4732934945b98090da796cbd8df6,0.056,,,
3343,2026-05-08,SH600741,-0.014265179196667544,EXP_CatBoostModel_Alpha158_csi300_custom_step0_s_20260508_16,ed7f4732934945b98090da796cbd8df6,0.056,,,
3344,2026-05-08,SH600690,-0.008754654270915124,EXP_CatBoostModel_Alpha158_csi300_custom_step0_s_20260508_16,ed7f4732934945b98090da796cbd8df6,0.056,,,
3345,2026-05-08,SH600674,-0.00506726784257047,EXP_CatBoostModel_Alpha158_csi300_custom_step0_s_20260508_16,ed7f4732934945b98090da796cbd8df6,0.056,,,
3346,2026-05-08,SH600809,-0.008203474487022435,EXP_CatBoostModel_Alpha158_csi300_custom_step0_s_20260508_16,ed7f4732934945b98090da796cbd8df6,0.056,,,
3347,2026-05-08,SH600660,-3.136331160989158e-05,EXP_CatBoostModel_Alpha158_csi300_custom_step0_s_20260508_16,ed7f4732934945b98090da796cbd8df6,0.056,,,
3348,2026-05-08,SH600588,-0.006949353925520268,EXP_CatBoostModel_Alpha158_csi300_custom_step0_s_20260508_16,ed7f4732934945b98090da796cbd8df6,0.056,,,
3349,2026-05-08,SH600585,-0.01563798785357722,EXP_CatBoostModel_Alpha158_csi300_custom_step0_s_20260508_16,ed7f4732934945b98090da796cbd8df6,0.056,,,
3350,2026-05-08,SH600584,-0.003683643281744929,EXP_CatBoostModel_Alpha158_csi300_custom_step0_s_20260508_16,ed7f4732934945b98090da796cbd8df6,0.056,,,
3351,2026-05-08,SH600570,-0.00029621393396808736,EXP_CatBoostModel_Alpha158_csi300_custom_step0_s_20260508_16,ed7f4732934945b98090da796cbd8df6,0.056,,,
3352,2026-05-08,SH600547,-0.007107923147937701,EXP_CatBoostModel_Alpha158_csi300_custom_step0_s_20260508_16,ed7f4732934945b98090da796cbd8df6,0.056,,,
3353,2026-05-08,SH600522,0.044549584707494955,EXP_CatBoostModel_Alpha158_csi300_custom_step0_s_20260508_16,ed7f4732934945b98090da796cbd8df6,0.056,,,
3354,2026-05-08,SH600600,-0.004211779406725191,EXP_CatBoostModel_Alpha158_csi300_custom_step0_s_20260508_16,ed7f4732934945b98090da796cbd8df6,0.056,,,
3355,2026-05-08,SH601607,-0.002024093964866062,EXP_CatBoostModel_Alpha158_csi300_custom_step0_s_20260508_16,ed7f4732934945b98090da796cbd8df6,0.056,,,
3356,2026-05-08,SH600845,0.012167982312898054,EXP_CatBoostModel_Alpha158_csi300_custom_step0_s_20260508_16,ed7f4732934945b98090da796cbd8df6,0.056,,,
3357,2026-05-08,SH600886,-0.0057064982275058275,EXP_CatBoostModel_Alpha158_csi300_custom_step0_s_20260508_16,ed7f4732934945b98090da796cbd8df6,0.056,,,
3358,2026-05-08,SH601006,-0.002348757455372648,EXP_CatBoostModel_Alpha158_csi300_custom_step0_s_20260508_16,ed7f4732934945b98090da796cbd8df6,0.056,,,
3359,2026-05-08,SH600999,-0.0032205651926556253,EXP_CatBoostModel_Alpha158_csi300_custom_step0_s_20260508_16,ed7f4732934945b98090da796cbd8df6,0.056,,,
3360,2026-05-08,SH600989,0.0022584017641356087,EXP_CatBoostModel_Alpha158_csi300_custom_step0_s_20260508_16,ed7f4732934945b98090da796cbd8df6,0.056,,,
3361,2026-05-08,SH600958,-0.007928660473272496,EXP_CatBoostModel_Alpha158_csi300_custom_step0_s_20260508_16,ed7f4732934945b98090da796cbd8df6,0.056,,,
3362,2026-05-08,SH600941,-0.0003422656174312036,EXP_CatBoostModel_Alpha158_csi300_custom_step0_s_20260508_16,ed7f4732934945b98090da796cbd8df6,0.056,,,
3363,2026-05-08,SH600938,-0.004632732636659313,EXP_CatBoostModel_Alpha158_csi300_custom_step0_s_20260508_16,ed7f4732934945b98090da796cbd8df6,0.056,,,
3364,2026-05-08,SH600875,-0.01441982698043855,EXP_CatBoostModel_Alpha158_csi300_custom_step0_s_20260508_16,ed7f4732934945b98090da796cbd8df6,0.056,,,
3365,2026-05-08,SH600930,-0.0015175365847298011,EXP_CatBoostModel_Alpha158_csi300_custom_step0_s_20260508_16,ed7f4732934945b98090da796cbd8df6,0.056,,,
3366,2026-05-08,SH600919,-0.001216626175094555,EXP_CatBoostModel_Alpha158_csi300_custom_step0_s_20260508_16,ed7f4732934945b98090da796cbd8df6,0.056,,,
3367,2026-05-08,SH600918,-0.007692486429120304,EXP_CatBoostModel_Alpha158_csi300_custom_step0_s_20260508_16,ed7f4732934945b98090da796cbd8df6,0.056,,,
3368,2026-05-08,SH600905,-0.00483574014040407,EXP_CatBoostModel_Alpha158_csi300_custom_step0_s_20260508_16,ed7f4732934945b98090da796cbd8df6,0.056,,,
3369,2026-05-08,SH600900,-0.004132868555764427,EXP_CatBoostModel_Alpha158_csi300_custom_step0_s_20260508_16,ed7f4732934945b98090da796cbd8df6,0.056,,,
3370,2026-05-08,SH600893,-0.01336668192174434,EXP_CatBoostModel_Alpha158_csi300_custom_step0_s_20260508_16,ed7f4732934945b98090da796cbd8df6,0.056,,,
3371,2026-05-08,SH600887,0.003568407125428373,EXP_CatBoostModel_Alpha158_csi300_custom_step0_s_20260508_16,ed7f4732934945b98090da796cbd8df6,0.056,,,
3372,2026-05-08,SH600926,-0.002003474333949085,EXP_CatBoostModel_Alpha158_csi300_custom_step0_s_20260508_16,ed7f4732934945b98090da796cbd8df6,0.056,,,
3373,2026-05-08,SZ000983,-0.0368611659387398,EXP_LGBModel_Alpha158_csi300_custom_step0_s_20260508_16,ca127f94176c4c8ba04c416efbdf29bc,0.056,,,
3374,2026-05-08,SZ000999,-0.026003210386966624,EXP_LGBModel_Alpha158_csi300_custom_step0_s_20260508_16,ca127f94176c4c8ba04c416efbdf29bc,0.056,,,
3375,2026-05-08,SZ001391,-0.008880264265726794,EXP_LGBModel_Alpha158_csi300_custom_step0_s_20260508_16,ca127f94176c4c8ba04c416efbdf29bc,0.056,,,
3376,2026-05-08,SH600803,0.026655923294747235,EXP_DEnsembleModel_Alpha158_csi300_custom_step0_s_20260508_14,a1b6879c564241fca431ae8b3a2cc609,0.036,,,
3377,2026-05-08,SH600809,-0.011880497020734633,EXP_DEnsembleModel_Alpha158_csi300_custom_step0_s_20260508_14,a1b6879c564241fca431ae8b3a2cc609,0.036,,,
3378,2026-05-08,SH600845,0.0459431949752202,EXP_DEnsembleModel_Alpha158_csi300_custom_step0_s_20260508_14,a1b6879c564241fca431ae8b3a2cc609,0.036,,,
3379,2026-05-08,SH600875,-0.12187498900118798,EXP_DEnsembleModel_Alpha158_csi300_custom_step0_s_20260508_14,a1b6879c564241fca431ae8b3a2cc609,0.036,,,
3380,2026-05-08,SH600886,0.008187688342660464,EXP_DEnsembleModel_Alpha158_csi300_custom_step0_s_20260508_14,a1b6879c564241fca431ae8b3a2cc609,0.036,,,
3381,2026-05-08,SH600887,-0.010024767691765846,EXP_DEnsembleModel_Alpha158_csi300_custom_step0_s_20260508_14,a1b6879c564241fca431ae8b3a2cc609,0.036,,,
3382,2026-05-08,SH600893,-0.10093177752421016,EXP_DEnsembleModel_Alpha158_csi300_custom_step0_s_20260508_14,a1b6879c564241fca431ae8b3a2cc609,0.036,,,
3383,2026-05-08,SH600900,0.05185835903841585,EXP_DEnsembleModel_Alpha158_csi300_custom_step0_s_20260508_14,a1b6879c564241fca431ae8b3a2cc609,0.036,,,
3384,2026-05-08,SH600905,-0.006013771523928478,EXP_DEnsembleModel_Alpha158_csi300_custom_step0_s_20260508_14,a1b6879c564241fca431ae8b3a2cc609,0.036,,,
3385,2026-05-08,SH600918,0.016848017131375893,EXP_DEnsembleModel_Alpha158_csi300_custom_step0_s_20260508_14,a1b6879c564241fca431ae8b3a2cc609,0.036,,,
3386,2026-05-08,SH600919,0.09551134929867008,EXP_DEnsembleModel_Alpha158_csi300_custom_step0_s_20260508_14,a1b6879c564241fca431ae8b3a2cc609,0.036,,,
3387,2026-05-08,SH600926,-0.0069693566580742725,EXP_DEnsembleModel_Alpha158_csi300_custom_step0_s_20260508_14,a1b6879c564241fca431ae8b3a2cc609,0.036,,,
3388,2026-05-08,SH600930,-0.1334411792090518,EXP_DEnsembleModel_Alpha158_csi300_custom_step0_s_20260508_14,a1b6879c564241fca431ae8b3a2cc609,0.036,,,
3389,2026-05-08,SH600938,-0.0990561845428531,EXP_DEnsembleModel_Alpha158_csi300_custom_step0_s_20260508_14,a1b6879c564241fca431ae8b3a2cc609,0.036,,,
3390,2026-05-08,SH600941,0.08483942512329977,EXP_DEnsembleModel_Alpha158_csi300_custom_step0_s_20260508_14,a1b6879c564241fca431ae8b3a2cc609,0.036,,,
3391,2026-05-08,SH600958,0.023398283926688624,EXP_DEnsembleModel_Alpha158_csi300_custom_step0_s_20260508_14,a1b6879c564241fca431ae8b3a2cc609,0.036,,,
3392,2026-05-08,SH600989,-0.03160281149015271,EXP_DEnsembleModel_Alpha158_csi300_custom_step0_s_20260508_14,a1b6879c564241fca431ae8b3a2cc609,0.036,,,
3393,2026-05-08,SH601117,-0.03306522760737329,EXP_DEnsembleModel_Alpha158_csi300_custom_step0_s_20260508_14,a1b6879c564241fca431ae8b3a2cc609,0.036,,,
3394,2026-05-08,SH601111,0.005962930457381437,EXP_DEnsembleModel_Alpha158_csi300_custom_step0_s_20260508_14,a1b6879c564241fca431ae8b3a2cc609,0.036,,,
3395,2026-05-08,SH601100,-0.10488649539571791,EXP_DEnsembleModel_Alpha158_csi300_custom_step0_s_20260508_14,a1b6879c564241fca431ae8b3a2cc609,0.036,,,
3396,2026-05-08,SH601088,-0.05585970181328267,EXP_DEnsembleModel_Alpha158_csi300_custom_step0_s_20260508_14,a1b6879c564241fca431ae8b3a2cc609,0.036,,,
3397,2026-05-08,SH601077,-0.04146897249361782,EXP_DEnsembleModel_Alpha158_csi300_custom_step0_s_20260508_14,a1b6879c564241fca431ae8b3a2cc609,0.036,,,
3398,2026-05-08,SH601066,-0.04322889184077536,EXP_DEnsembleModel_Alpha158_csi300_custom_step0_s_20260508_14,a1b6879c564241fca431ae8b3a2cc609,0.036,,,
3399,2026-05-08,SH600795,0.09384560103654589,EXP_DEnsembleModel_Alpha158_csi300_custom_step0_s_20260508_14,a1b6879c564241fca431ae8b3a2cc609,0.036,,,
3400,2026-05-08,SH601059,0.030083934610787524,EXP_DEnsembleModel_Alpha158_csi300_custom_step0_s_20260508_14,a1b6879c564241fca431ae8b3a2cc609,0.036,,,
3401,2026-05-08,SH601021,0.02573423747460441,EXP_DEnsembleModel_Alpha158_csi300_custom_step0_s_20260508_14,a1b6879c564241fca431ae8b3a2cc609,0.036,,,
3402,2026-05-08,SH601018,-0.03992886039005512,EXP_DEnsembleModel_Alpha158_csi300_custom_step0_s_20260508_14,a1b6879c564241fca431ae8b3a2cc609,0.036,,,
3403,2026-05-08,SH601012,-0.09135512565165321,EXP_DEnsembleModel_Alpha158_csi300_custom_step0_s_20260508_14,a1b6879c564241fca431ae8b3a2cc609,0.036,,,
3404,2026-05-08,SH601009,0.03898904704500809,EXP_DEnsembleModel_Alpha158_csi300_custom_step0_s_20260508_14,a1b6879c564241fca431ae8b3a2cc609,0.036,,,
3405,2026-05-08,SH601006,0.06454160462982841,EXP_DEnsembleModel_Alpha158_csi300_custom_step0_s_20260508_14,a1b6879c564241fca431ae8b3a2cc609,0.036,,,
3406,2026-05-08,SH600999,0.043283956688622886,EXP_DEnsembleModel_Alpha158_csi300_custom_step0_s_20260508_14,a1b6879c564241fca431ae8b3a2cc609,0.036,,,
3407,2026-05-08,SH601058,-0.00799246739572502,EXP_DEnsembleModel_Alpha158_csi300_custom_step0_s_20260508_14,a1b6879c564241fca431ae8b3a2cc609,0.036,,,
3408,2026-05-08,SH601127,-0.044748816316121,EXP_DEnsembleModel_Alpha158_csi300_custom_step0_s_20260508_14,a1b6879c564241fca431ae8b3a2cc609,0.036,,,
3409,2026-05-08,SH600760,-0.04301179229504431,EXP_DEnsembleModel_Alpha158_csi300_custom_step0_s_20260508_14,a1b6879c564241fca431ae8b3a2cc609,0.036,,,
3410,2026-05-08,SH600690,-0.0026256136052281876,EXP_DEnsembleModel_Alpha158_csi300_custom_step0_s_20260508_14,a1b6879c564241fca431ae8b3a2cc609,0.036,,,
3411,2026-05-08,SH600176,-0.09640929818952866,EXP_DEnsembleModel_Alpha158_csi300_custom_step0_s_20260508_14,a1b6879c564241fca431ae8b3a2cc609,0.036,,,
3412,2026-05-08,SH600183,-0.003303596253124715,EXP_DEnsembleModel_Alpha158_csi300_custom_step0_s_20260508_14,a1b6879c564241fca431ae8b3a2cc609,0.036,,,
3413,2026-05-08,SH600188,-0.12318585832167811,EXP_DEnsembleModel_Alpha158_csi300_custom_step0_s_20260508_14,a1b6879c564241fca431ae8b3a2cc609,0.036,,,
3414,2026-05-08,SH600196,-0.04427789987838101,EXP_DEnsembleModel_Alpha158_csi300_custom_step0_s_20260508_14,a1b6879c564241fca431ae8b3a2cc609,0.036,,,
3415,2026-05-08,SH600219,-0.10129761181882332,EXP_DEnsembleModel_Alpha158_csi300_custom_step0_s_20260508_14,a1b6879c564241fca431ae8b3a2cc609,0.036,,,
3416,2026-05-08,SH600233,-0.05070385749394119,EXP_DEnsembleModel_Alpha158_csi300_custom_step0_s_20260508_14,a1b6879c564241fca431ae8b3a2cc609,0.036,,,
3417,2026-05-08,SH600276,-0.11982874364672089,EXP_DEnsembleModel_Alpha158_csi300_custom_step0_s_20260508_14,a1b6879c564241fca431ae8b3a2cc609,0.036,,,
3418,2026-05-08,SH600309,-0.09263102228910806,EXP_DEnsembleModel_Alpha158_csi300_custom_step0_s_20260508_14,a1b6879c564241fca431ae8b3a2cc609,0.036,,,
3419,2026-05-08,SH600346,0.01645549914878317,EXP_DEnsembleModel_Alpha158_csi300_custom_step0_s_20260508_14,a1b6879c564241fca431ae8b3a2cc609,0.036,,,
3420,2026-05-08,SH600362,0.05915562378856754,EXP_DEnsembleModel_Alpha158_csi300_custom_step0_s_20260508_14,a1b6879c564241fca431ae8b3a2cc609,0.036,,,
3421,2026-05-08,SH600372,-0.014431497174283409,EXP_DEnsembleModel_Alpha158_csi300_custom_step0_s_20260508_14,a1b6879c564241fca431ae8b3a2cc609,0.036,,,
3422,2026-05-08,SH600377,0.11277150644621359,EXP_DEnsembleModel_Alpha158_csi300_custom_step0_s_20260508_14,a1b6879c564241fca431ae8b3a2cc609,0.036,,,
3423,2026-05-08,SH600406,-0.012237782165719231,EXP_DEnsembleModel_Alpha158_csi300_custom_step0_s_20260508_14,a1b6879c564241fca431ae8b3a2cc609,0.036,,,
3424,2026-05-08,SH600415,-0.08309013441492183,EXP_DEnsembleModel_Alpha158_csi300_custom_step0_s_20260508_14,a1b6879c564241fca431ae8b3a2cc609,0.036,,,
3425,2026-05-08,SH600426,-0.037634806974098496,EXP_DEnsembleModel_Alpha158_csi300_custom_step0_s_20260508_14,a1b6879c564241fca431ae8b3a2cc609,0.036,,,
3426,2026-05-08,SH600436,0.017895689068319124,EXP_DEnsembleModel_Alpha158_csi300_custom_step0_s_20260508_14,a1b6879c564241fca431ae8b3a2cc609,0.036,,,
3427,2026-05-08,SH600438,-0.05029747799250742,EXP_DEnsembleModel_Alpha158_csi300_custom_step0_s_20260508_14,a1b6879c564241fca431ae8b3a2cc609,0.036,,,
3428,2026-05-08,SH600674,0.09146459397568776,EXP_DEnsembleModel_Alpha158_csi300_custom_step0_s_20260508_14,a1b6879c564241fca431ae8b3a2cc609,0.036,,,
3429,2026-05-08,SH600660,0.09818579057827398,EXP_DEnsembleModel_Alpha158_csi300_custom_step0_s_20260508_14,a1b6879c564241fca431ae8b3a2cc609,0.036,,,
3430,2026-05-08,SH600600,0.033137288440080445,EXP_DEnsembleModel_Alpha158_csi300_custom_step0_s_20260508_14,a1b6879c564241fca431ae8b3a2cc609,0.036,,,
3431,2026-05-08,SH600588,-0.0469608892987015,EXP_DEnsembleModel_Alpha158_csi300_custom_step0_s_20260508_14,a1b6879c564241fca431ae8b3a2cc609,0.036,,,
3432,2026-05-08,SH600585,-0.0358628173320762,EXP_DEnsembleModel_Alpha158_csi300_custom_step0_s_20260508_14,a1b6879c564241fca431ae8b3a2cc609,0.036,,,
3433,2026-05-08,SH600584,0.16042687113600493,EXP_DEnsembleModel_Alpha158_csi300_custom_step0_s_20260508_14,a1b6879c564241fca431ae8b3a2cc609,0.036,,,
3434,2026-05-08,SH600741,-0.042612004453578746,EXP_DEnsembleModel_Alpha158_csi300_custom_step0_s_20260508_14,a1b6879c564241fca431ae8b3a2cc609,0.036,,,
3435,2026-05-08,SH600570,0.007076726256268663,EXP_DEnsembleModel_Alpha158_csi300_custom_step0_s_20260508_14,a1b6879c564241fca431ae8b3a2cc609,0.036,,,
3436,2026-05-08,SH600522,0.06964653671909572,EXP_DEnsembleModel_Alpha158_csi300_custom_step0_s_20260508_14,a1b6879c564241fca431ae8b3a2cc609,0.036,,,
3437,2026-05-08,SH600519,-0.0008888893254268532,EXP_DEnsembleModel_Alpha158_csi300_custom_step0_s_20260508_14,a1b6879c564241fca431ae8b3a2cc609,0.036,,,
3438,2026-05-08,SH600515,-0.05179921458665718,EXP_DEnsembleModel_Alpha158_csi300_custom_step0_s_20260508_14,a1b6879c564241fca431ae8b3a2cc609,0.036,,,
3439,2026-05-08,SH600489,-0.07772968214930798,EXP_DEnsembleModel_Alpha158_csi300_custom_step0_s_20260508_14,a1b6879c564241fca431ae8b3a2cc609,0.036,,,
3440,2026-05-08,SH600482,0.13762086131040585,EXP_DEnsembleModel_Alpha158_csi300_custom_step0_s_20260508_14,a1b6879c564241fca431ae8b3a2cc609,0.036,,,
3441,2026-05-08,SH600460,-0.06815255289496717,EXP_DEnsembleModel_Alpha158_csi300_custom_step0_s_20260508_14,a1b6879c564241fca431ae8b3a2cc609,0.036,,,
3442,2026-05-08,SH600547,-0.040828138847790414,EXP_DEnsembleModel_Alpha158_csi300_custom_step0_s_20260508_14,a1b6879c564241fca431ae8b3a2cc609,0.036,,,
3443,2026-05-08,SH600161,-0.10923547064766878,EXP_DEnsembleModel_Alpha158_csi300_custom_step0_s_20260508_14,a1b6879c564241fca431ae8b3a2cc609,0.036,,,
3444,2026-05-08,SH601136,-0.011827005831419903,EXP_DEnsembleModel_Alpha158_csi300_custom_step0_s_20260508_14,a1b6879c564241fca431ae8b3a2cc609,0.036,,,
3445,2026-05-08,SH601166,-0.043993499239419975,EXP_DEnsembleModel_Alpha158_csi300_custom_step0_s_20260508_14,a1b6879c564241fca431ae8b3a2cc609,0.036,,,
3446,2026-05-08,SH601816,-0.0008111413844493106,EXP_DEnsembleModel_Alpha158_csi300_custom_step0_s_20260508_14,a1b6879c564241fca431ae8b3a2cc609,0.036,,,
3447,2026-05-08,SH601818,0.0011072351753089302,EXP_DEnsembleModel_Alpha158_csi300_custom_step0_s_20260508_14,a1b6879c564241fca431ae8b3a2cc609,0.036,,,
3448,2026-05-08,SH601825,0.07002250947583523,EXP_DEnsembleModel_Alpha158_csi300_custom_step0_s_20260508_14,a1b6879c564241fca431ae8b3a2cc609,0.036,,,
3449,2026-05-08,SH601838,0.058063036087567056,EXP_DEnsembleModel_Alpha158_csi300_custom_step0_s_20260508_14,a1b6879c564241fca431ae8b3a2cc609,0.036,,,
3450,2026-05-08,SH601857,-0.15306154207325728,EXP_DEnsembleModel_Alpha158_csi300_custom_step0_s_20260508_14,a1b6879c564241fca431ae8b3a2cc609,0.036,,,
3451,2026-05-08,SH601868,0.11033183821391819,EXP_DEnsembleModel_Alpha158_csi300_custom_step0_s_20260508_14,a1b6879c564241fca431ae8b3a2cc609,0.036,,,
3452,2026-05-08,SH601872,-0.12640972138786372,EXP_DEnsembleModel_Alpha158_csi300_custom_step0_s_20260508_14,a1b6879c564241fca431ae8b3a2cc609,0.036,,,
3453,2026-05-08,SH601877,-0.025780036698326677,EXP_DEnsembleModel_Alpha158_csi300_custom_step0_s_20260508_14,a1b6879c564241fca431ae8b3a2cc609,0.036,,,
3454,2026-05-08,SH601878,0.02111967597555548,EXP_DEnsembleModel_Alpha158_csi300_custom_step0_s_20260508_14,a1b6879c564241fca431ae8b3a2cc609,0.036,,,
3455,2026-05-08,SH601881,0.06239689962811051,EXP_DEnsembleModel_Alpha158_csi300_custom_step0_s_20260508_14,a1b6879c564241fca431ae8b3a2cc609,0.036,,,
3456,2026-05-08,SH601888,-0.03691862765210231,EXP_DEnsembleModel_Alpha158_csi300_custom_step0_s_20260508_14,a1b6879c564241fca431ae8b3a2cc609,0.036,,,
3457,2026-05-08,SH601898,-0.032863437464072325,EXP_DEnsembleModel_Alpha158_csi300_custom_step0_s_20260508_14,a1b6879c564241fca431ae8b3a2cc609,0.036,,,
3458,2026-05-08,SH601899,-0.04745551183842067,EXP_DEnsembleModel_Alpha158_csi300_custom_step0_s_20260508_14,a1b6879c564241fca431ae8b3a2cc609,0.036,,,
3459,2026-05-08,SH601901,0.07346691001781183,EXP_DEnsembleModel_Alpha158_csi300_custom_step0_s_20260508_14,a1b6879c564241fca431ae8b3a2cc609,0.036,,,
3460,2026-05-08,SH601916,0.05877013146558327,EXP_DEnsembleModel_Alpha158_csi300_custom_step0_s_20260508_14,a1b6879c564241fca431ae8b3a2cc609,0.036,,,
3461,2026-05-08,SH601919,-0.06536541266820713,EXP_DEnsembleModel_Alpha158_csi300_custom_step0_s_20260508_14,a1b6879c564241fca431ae8b3a2cc609,0.036,,,
3462,2026-05-08,SH601939,0.07671041273831507,EXP_DEnsembleModel_Alpha158_csi300_custom_step0_s_20260508_14,a1b6879c564241fca431ae8b3a2cc609,0.036,,,
3463,2026-05-08,SH603799,0.015375778987415946,EXP_DEnsembleModel_Alpha158_csi300_custom_step0_s_20260508_14,a1b6879c564241fca431ae8b3a2cc609,0.036,,,
3464,2026-05-08,SH603501,-0.06902052188544837,EXP_DEnsembleModel_Alpha158_csi300_custom_step0_s_20260508_14,a1b6879c564241fca431ae8b3a2cc609,0.036,,,
3465,2026-05-08,SH603392,0.09257160879297521,EXP_DEnsembleModel_Alpha158_csi300_custom_step0_s_20260508_14,a1b6879c564241fca431ae8b3a2cc609,0.036,,,
3466,2026-05-08,SH603369,-0.042474314401537525,EXP_DEnsembleModel_Alpha158_csi300_custom_step0_s_20260508_14,a1b6879c564241fca431ae8b3a2cc609,0.036,,,
3467,2026-05-08,SH603296,0.03742429441335047,EXP_DEnsembleModel_Alpha158_csi300_custom_step0_s_20260508_14,a1b6879c564241fca431ae8b3a2cc609,0.036,,,
3468,2026-05-08,SH603288,-0.07350541949918955,EXP_DEnsembleModel_Alpha158_csi300_custom_step0_s_20260508_14,a1b6879c564241fca431ae8b3a2cc609,0.036,,,
3469,2026-05-08,SH601808,-0.13767628566266835,EXP_DEnsembleModel_Alpha158_csi300_custom_step0_s_20260508_14,a1b6879c564241fca431ae8b3a2cc609,0.036,,,
3470,2026-05-08,SH603260,0.034827284284951354,EXP_DEnsembleModel_Alpha158_csi300_custom_step0_s_20260508_14,a1b6879c564241fca431ae8b3a2cc609,0.036,,,
3471,2026-05-08,SH603195,-0.057482941005862084,EXP_DEnsembleModel_Alpha158_csi300_custom_step0_s_20260508_14,a1b6879c564241fca431ae8b3a2cc609,0.036,,,
3472,2026-05-08,SH603019,-0.11907670596171663,EXP_DEnsembleModel_Alpha158_csi300_custom_step0_s_20260508_14,a1b6879c564241fca431ae8b3a2cc609,0.036,,,
3473,2026-05-08,SH601998,0.07827862474893388,EXP_DEnsembleModel_Alpha158_csi300_custom_step0_s_20260508_14,a1b6879c564241fca431ae8b3a2cc609,0.036,,,
3474,2026-05-08,SH601995,0.12034097823734576,EXP_DEnsembleModel_Alpha158_csi300_custom_step0_s_20260508_14,a1b6879c564241fca431ae8b3a2cc609,0.036,,,
3475,2026-05-08,SH601988,0.02685413637927622,EXP_DEnsembleModel_Alpha158_csi300_custom_step0_s_20260508_14,a1b6879c564241fca431ae8b3a2cc609,0.036,,,
3476,2026-05-08,SH601985,0.07866913750751284,EXP_DEnsembleModel_Alpha158_csi300_custom_step0_s_20260508_14,a1b6879c564241fca431ae8b3a2cc609,0.036,,,
3477,2026-05-08,SH603259,-0.08200465676322485,EXP_DEnsembleModel_Alpha158_csi300_custom_step0_s_20260508_14,a1b6879c564241fca431ae8b3a2cc609,0.036,,,
3478,2026-05-08,SH601138,0.17812689667387355,EXP_DEnsembleModel_Alpha158_csi300_custom_step0_s_20260508_14,a1b6879c564241fca431ae8b3a2cc609,0.036,,,
3479,2026-05-08,SH601800,-0.04028707198229828,EXP_DEnsembleModel_Alpha158_csi300_custom_step0_s_20260508_14,a1b6879c564241fca431ae8b3a2cc609,0.036,,,
3480,2026-05-08,SH601766,-0.010040194717708707,EXP_DEnsembleModel_Alpha158_csi300_custom_step0_s_20260508_14,a1b6879c564241fca431ae8b3a2cc609,0.036,,,
3481,2026-05-08,SH601169,0.0020418541083769594,EXP_DEnsembleModel_Alpha158_csi300_custom_step0_s_20260508_14,a1b6879c564241fca431ae8b3a2cc609,0.036,,,
3482,2026-05-08,SH601186,-0.00310246205498622,EXP_DEnsembleModel_Alpha158_csi300_custom_step0_s_20260508_14,a1b6879c564241fca431ae8b3a2cc609,0.036,,,
3483,2026-05-08,SH601211,-0.004948985880720929,EXP_DEnsembleModel_Alpha158_csi300_custom_step0_s_20260508_14,a1b6879c564241fca431ae8b3a2cc609,0.036,,,
3484,2026-05-08,SH601225,-0.10576297991038347,EXP_DEnsembleModel_Alpha158_csi300_custom_step0_s_20260508_14,a1b6879c564241fca431ae8b3a2cc609,0.036,,,
3485,2026-05-08,SH601229,-0.04723562929348183,EXP_DEnsembleModel_Alpha158_csi300_custom_step0_s_20260508_14,a1b6879c564241fca431ae8b3a2cc609,0.036,,,
3486,2026-05-08,SH601236,-0.007303913053676802,EXP_DEnsembleModel_Alpha158_csi300_custom_step0_s_20260508_14,a1b6879c564241fca431ae8b3a2cc609,0.036,,,
3487,2026-05-08,SH601238,0.026370731468155228,EXP_DEnsembleModel_Alpha158_csi300_custom_step0_s_20260508_14,a1b6879c564241fca431ae8b3a2cc609,0.036,,,
3488,2026-05-08,SH601288,0.01290349063837116,EXP_DEnsembleModel_Alpha158_csi300_custom_step0_s_20260508_14,a1b6879c564241fca431ae8b3a2cc609,0.036,,,
3489,2026-05-08,SH601298,0.0985892565008859,EXP_DEnsembleModel_Alpha158_csi300_custom_step0_s_20260508_14,a1b6879c564241fca431ae8b3a2cc609,0.036,,,
3490,2026-05-08,SH601318,0.0548789614018607,EXP_DEnsembleModel_Alpha158_csi300_custom_step0_s_20260508_14,a1b6879c564241fca431ae8b3a2cc609,0.036,,,
3491,2026-05-08,SH601319,0.027317341910430355,EXP_DEnsembleModel_Alpha158_csi300_custom_step0_s_20260508_14,a1b6879c564241fca431ae8b3a2cc609,0.036,,,
3492,2026-05-08,SH601328,-0.029996901425940088,EXP_DEnsembleModel_Alpha158_csi300_custom_step0_s_20260508_14,a1b6879c564241fca431ae8b3a2cc609,0.036,,,
3493,2026-05-08,SH601336,-0.03488230017295755,EXP_DEnsembleModel_Alpha158_csi300_custom_step0_s_20260508_14,a1b6879c564241fca431ae8b3a2cc609,0.036,,,
3494,2026-05-08,SH601360,-0.15348564816787388,EXP_DEnsembleModel_Alpha158_csi300_custom_step0_s_20260508_14,a1b6879c564241fca431ae8b3a2cc609,0.036,,,
3495,2026-05-08,SH601377,0.018258574162444603,EXP_DEnsembleModel_Alpha158_csi300_custom_step0_s_20260508_14,a1b6879c564241fca431ae8b3a2cc609,0.036,,,
3496,2026-05-08,SH601390,0.0008733210935052608,EXP_DEnsembleModel_Alpha158_csi300_custom_step0_s_20260508_14,a1b6879c564241fca431ae8b3a2cc609,0.036,,,
3497,2026-05-08,SH601398,0.08836383996848841,EXP_DEnsembleModel_Alpha158_csi300_custom_step0_s_20260508_14,a1b6879c564241fca431ae8b3a2cc609,0.036,,,
3498,2026-05-08,SH601728,0.031454401454118305,EXP_DEnsembleModel_Alpha158_csi300_custom_step0_s_20260508_14,a1b6879c564241fca431ae8b3a2cc609,0.036,,,
3499,2026-05-08,SH601698,0.1440610537584729,EXP_DEnsembleModel_Alpha158_csi300_custom_step0_s_20260508_14,a1b6879c564241fca431ae8b3a2cc609,0.036,,,
3500,2026-05-08,SH601689,0.10229830997626492,EXP_DEnsembleModel_Alpha158_csi300_custom_step0_s_20260508_14,a1b6879c564241fca431ae8b3a2cc609,0.036,,,
3501,2026-05-08,SH601688,-0.007006713013293969,EXP_DEnsembleModel_Alpha158_csi300_custom_step0_s_20260508_14,a1b6879c564241fca431ae8b3a2cc609,0.036,,,
3502,2026-05-08,SH601669,-0.04730919864828465,EXP_DEnsembleModel_Alpha158_csi300_custom_step0_s_20260508_14,a1b6879c564241fca431ae8b3a2cc609,0.036,,,
3503,2026-05-08,SH601668,0.09680482281481827,EXP_DEnsembleModel_Alpha158_csi300_custom_step0_s_20260508_14,a1b6879c564241fca431ae8b3a2cc609,0.036,,,
3504,2026-05-08,SH601788,0.06195369181352927,EXP_DEnsembleModel_Alpha158_csi300_custom_step0_s_20260508_14,a1b6879c564241fca431ae8b3a2cc609,0.036,,,
3505,2026-05-08,SH601658,-0.02153235451304294,EXP_DEnsembleModel_Alpha158_csi300_custom_step0_s_20260508_14,a1b6879c564241fca431ae8b3a2cc609,0.036,,,
3506,2026-05-08,SH601628,0.025723477314818225,EXP_DEnsembleModel_Alpha158_csi300_custom_step0_s_20260508_14,a1b6879c564241fca431ae8b3a2cc609,0.036,,,
3507,2026-05-08,SH601618,0.039823574734590035,EXP_DEnsembleModel_Alpha158_csi300_custom_step0_s_20260508_14,a1b6879c564241fca431ae8b3a2cc609,0.036,,,
3508,2026-05-08,SH601607,0.04689379803815193,EXP_DEnsembleModel_Alpha158_csi300_custom_step0_s_20260508_14,a1b6879c564241fca431ae8b3a2cc609,0.036,,,
3509,2026-05-08,SH601601,0.00844805097983856,EXP_DEnsembleModel_Alpha158_csi300_custom_step0_s_20260508_14,a1b6879c564241fca431ae8b3a2cc609,0.036,,,
3510,2026-05-08,SH601600,0.07610985348718516,EXP_DEnsembleModel_Alpha158_csi300_custom_step0_s_20260508_14,a1b6879c564241fca431ae8b3a2cc609,0.036,,,
3511,2026-05-08,SH601456,0.09371751840446679,EXP_DEnsembleModel_Alpha158_csi300_custom_step0_s_20260508_14,a1b6879c564241fca431ae8b3a2cc609,0.036,,,
3512,2026-05-08,SH601633,-0.07793818006754444,EXP_DEnsembleModel_Alpha158_csi300_custom_step0_s_20260508_14,a1b6879c564241fca431ae8b3a2cc609,0.036,,,
3513,2026-05-08,SH600160,-0.05266370598864914,EXP_DEnsembleModel_Alpha158_csi300_custom_step0_s_20260508_14,a1b6879c564241fca431ae8b3a2cc609,0.036,,,
3514,2026-05-08,SH600150,-0.01954620667687124,EXP_DEnsembleModel_Alpha158_csi300_custom_step0_s_20260508_14,a1b6879c564241fca431ae8b3a2cc609,0.036,,,
3515,2026-05-08,SH600115,-0.03122158535219272,EXP_DEnsembleModel_Alpha158_csi300_custom_step0_s_20260508_14,a1b6879c564241fca431ae8b3a2cc609,0.036,,,
3516,2026-05-08,SZ000999,-0.025847902210448994,EXP_DEnsembleModel_Alpha158_csi300_custom_step0_s_20260508_14,6021f7ea601749e5b152eeac1097b282,0.065,,,
3517,2026-05-08,SZ001391,0.06926871777199499,EXP_DEnsembleModel_Alpha158_csi300_custom_step0_s_20260508_14,6021f7ea601749e5b152eeac1097b282,0.065,,,
3518,2026-05-08,SZ001965,0.03198967726031121,EXP_DEnsembleModel_Alpha158_csi300_custom_step0_s_20260508_14,6021f7ea601749e5b152eeac1097b282,0.065,,,
3519,2026-05-08,SZ001979,-0.06036001583000386,EXP_DEnsembleModel_Alpha158_csi300_custom_step0_s_20260508_14,6021f7ea601749e5b152eeac1097b282,0.065,,,
3520,2026-05-08,SZ002001,0.10486602754014882,EXP_DEnsembleModel_Alpha158_csi300_custom_step0_s_20260508_14,6021f7ea601749e5b152eeac1097b282,0.065,,,
3521,2026-05-08,SZ002027,0.02732163338442378,EXP_DEnsembleModel_Alpha158_csi300_custom_step0_s_20260508_14,6021f7ea601749e5b152eeac1097b282,0.065,,,
3522,2026-05-08,SZ002028,-0.01758884445422387,EXP_DEnsembleModel_Alpha158_csi300_custom_step0_s_20260508_14,6021f7ea601749e5b152eeac1097b282,0.065,,,
3523,2026-05-08,SZ002049,-0.03761222659728355,EXP_DEnsembleModel_Alpha158_csi300_custom_step0_s_20260508_14,6021f7ea601749e5b152eeac1097b282,0.065,,,
3524,2026-05-08,SZ002050,-0.027438211590769115,EXP_DEnsembleModel_Alpha158_csi300_custom_step0_s_20260508_14,6021f7ea601749e5b152eeac1097b282,0.065,,,
3525,2026-05-08,SZ002074,-0.09560554671485842,EXP_DEnsembleModel_Alpha158_csi300_custom_step0_s_20260508_14,6021f7ea601749e5b152eeac1097b282,0.065,,,
3526,2026-05-08,SZ002142,0.06730823944254495,EXP_DEnsembleModel_Alpha158_csi300_custom_step0_s_20260508_14,6021f7ea601749e5b152eeac1097b282,0.065,,,
3527,2026-05-08,SZ002179,-0.05108620226845554,EXP_DEnsembleModel_Alpha158_csi300_custom_step0_s_20260508_14,6021f7ea601749e5b152eeac1097b282,0.065,,,
3528,2026-05-08,SZ002230,0.020832077793497827,EXP_DEnsembleModel_Alpha158_csi300_custom_step0_s_20260508_14,6021f7ea601749e5b152eeac1097b282,0.065,,,
3529,2026-05-08,SZ002236,0.01966202153024591,EXP_DEnsembleModel_Alpha158_csi300_custom_step0_s_20260508_14,6021f7ea601749e5b152eeac1097b282,0.065,,,
3530,2026-05-08,SZ002241,0.04176766430752364,EXP_DEnsembleModel_Alpha158_csi300_custom_step0_s_20260508_14,6021f7ea601749e5b152eeac1097b282,0.065,,,
3531,2026-05-08,SZ002252,0.08826833463902398,EXP_DEnsembleModel_Alpha158_csi300_custom_step0_s_20260508_14,6021f7ea601749e5b152eeac1097b282,0.065,,,
3532,2026-05-08,SZ002304,0.054861880762112035,EXP_DEnsembleModel_Alpha158_csi300_custom_step0_s_20260508_14,6021f7ea601749e5b152eeac1097b282,0.065,,,
3533,2026-05-08,SZ002600,0.04428249818293749,EXP_DEnsembleModel_Alpha158_csi300_custom_step0_s_20260508_14,6021f7ea601749e5b152eeac1097b282,0.065,,,
3534,2026-05-08,SZ002594,-0.024621570420523563,EXP_DEnsembleModel_Alpha158_csi300_custom_step0_s_20260508_14,6021f7ea601749e5b152eeac1097b282,0.065,,,
3535,2026-05-08,SZ002493,-0.10789777237648478,EXP_DEnsembleModel_Alpha158_csi300_custom_step0_s_20260508_14,6021f7ea601749e5b152eeac1097b282,0.065,,,
3536,2026-05-08,SZ002475,0.009543738491982246,EXP_DEnsembleModel_Alpha158_csi300_custom_step0_s_20260508_14,6021f7ea601749e5b152eeac1097b282,0.065,,,
3537,2026-05-08,SZ002466,-0.064371329307263,EXP_DEnsembleModel_Alpha158_csi300_custom_step0_s_20260508_14,6021f7ea601749e5b152eeac1097b282,0.065,,,
3538,2026-05-08,SZ002463,0.04154231620985715,EXP_DEnsembleModel_Alpha158_csi300_custom_step0_s_20260508_14,6021f7ea601749e5b152eeac1097b282,0.065,,,
3539,2026-05-08,SZ000983,-0.14504395155454536,EXP_DEnsembleModel_Alpha158_csi300_custom_step0_s_20260508_14,6021f7ea601749e5b152eeac1097b282,0.065,,,
3540,2026-05-08,SZ002460,-0.16320601755473046,EXP_DEnsembleModel_Alpha158_csi300_custom_step0_s_20260508_14,6021f7ea601749e5b152eeac1097b282,0.065,,,
3541,2026-05-08,SZ002422,0.017059527584184987,EXP_DEnsembleModel_Alpha158_csi300_custom_step0_s_20260508_14,6021f7ea601749e5b152eeac1097b282,0.065,,,
3542,2026-05-08,SZ002415,-0.037777209812361115,EXP_DEnsembleModel_Alpha158_csi300_custom_step0_s_20260508_14,6021f7ea601749e5b152eeac1097b282,0.065,,,
3543,2026-05-08,SZ002384,-0.17180051193180154,EXP_DEnsembleModel_Alpha158_csi300_custom_step0_s_20260508_14,6021f7ea601749e5b152eeac1097b282,0.065,,,
3544,2026-05-08,SZ002371,-0.05228424422322541,EXP_DEnsembleModel_Alpha158_csi300_custom_step0_s_20260508_14,6021f7ea601749e5b152eeac1097b282,0.065,,,
3545,2026-05-08,SZ002352,0.16806042753075995,EXP_DEnsembleModel_Alpha158_csi300_custom_step0_s_20260508_14,6021f7ea601749e5b152eeac1097b282,0.065,,,
3546,2026-05-08,SZ002311,-0.12235282191040414,EXP_DEnsembleModel_Alpha158_csi300_custom_step0_s_20260508_14,6021f7ea601749e5b152eeac1097b282,0.065,,,
3547,2026-05-08,SZ002459,-0.06026004619962413,EXP_DEnsembleModel_Alpha158_csi300_custom_step0_s_20260508_14,6021f7ea601749e5b152eeac1097b282,0.065,,,
3548,2026-05-08,SZ002601,0.04705279299015868,EXP_DEnsembleModel_Alpha158_csi300_custom_step0_s_20260508_14,6021f7ea601749e5b152eeac1097b282,0.065,,,
3549,2026-05-08,SZ000977,0.12806828372917156,EXP_DEnsembleModel_Alpha158_csi300_custom_step0_s_20260508_14,6021f7ea601749e5b152eeac1097b282,0.065,,,
3550,2026-05-08,SZ000963,-0.05637180113047498,EXP_DEnsembleModel_Alpha158_csi300_custom_step0_s_20260508_14,6021f7ea601749e5b152eeac1097b282,0.065,,,
3551,2026-05-08,SH688981,-0.09790147381867037,EXP_DEnsembleModel_Alpha158_csi300_custom_step0_s_20260508_14,6021f7ea601749e5b152eeac1097b282,0.065,,,
3552,2026-05-08,SZ000001,0.03826142057556176,EXP_DEnsembleModel_Alpha158_csi300_custom_step0_s_20260508_14,6021f7ea601749e5b152eeac1097b282,0.065,,,
3553,2026-05-08,SZ000002,-0.015577772478847183,EXP_DEnsembleModel_Alpha158_csi300_custom_step0_s_20260508_14,6021f7ea601749e5b152eeac1097b282,0.065,,,
3554,2026-05-08,SZ000063,-0.03547870162556278,EXP_DEnsembleModel_Alpha158_csi300_custom_step0_s_20260508_14,6021f7ea601749e5b152eeac1097b282,0.065,,,
3555,2026-05-08,SZ000100,0.05700057480909728,EXP_DEnsembleModel_Alpha158_csi300_custom_step0_s_20260508_14,6021f7ea601749e5b152eeac1097b282,0.065,,,
3556,2026-05-08,SZ000157,-0.0015131207206358856,EXP_DEnsembleModel_Alpha158_csi300_custom_step0_s_20260508_14,6021f7ea601749e5b152eeac1097b282,0.065,,,
3557,2026-05-08,SZ000166,0.11416822960228415,EXP_DEnsembleModel_Alpha158_csi300_custom_step0_s_20260508_14,6021f7ea601749e5b152eeac1097b282,0.065,,,
3558,2026-05-08,SZ000301,-0.02839810525703022,EXP_DEnsembleModel_Alpha158_csi300_custom_step0_s_20260508_14,6021f7ea601749e5b152eeac1097b282,0.065,,,
3559,2026-05-08,SZ000333,0.08806276844475253,EXP_DEnsembleModel_Alpha158_csi300_custom_step0_s_20260508_14,6021f7ea601749e5b152eeac1097b282,0.065,,,
3560,2026-05-08,SZ000338,-0.12842887861514984,EXP_DEnsembleModel_Alpha158_csi300_custom_step0_s_20260508_14,6021f7ea601749e5b152eeac1097b282,0.065,,,
3561,2026-05-08,SZ000408,0.08126971331253584,EXP_DEnsembleModel_Alpha158_csi300_custom_step0_s_20260508_14,6021f7ea601749e5b152eeac1097b282,0.065,,,
3562,2026-05-08,SZ000425,-0.09850287767598191,EXP_DEnsembleModel_Alpha158_csi300_custom_step0_s_20260508_14,6021f7ea601749e5b152eeac1097b282,0.065,,,
3563,2026-05-08,SZ000538,0.033242859528658186,EXP_DEnsembleModel_Alpha158_csi300_custom_step0_s_20260508_14,6021f7ea601749e5b152eeac1097b282,0.065,,,
3564,2026-05-08,SZ000568,0.018164768947945324,EXP_DEnsembleModel_Alpha158_csi300_custom_step0_s_20260508_14,6021f7ea601749e5b152eeac1097b282,0.065,,,
3565,2026-05-08,SZ000596,-0.003079307445393637,EXP_DEnsembleModel_Alpha158_csi300_custom_step0_s_20260508_14,6021f7ea601749e5b152eeac1097b282,0.065,,,
3566,2026-05-08,SZ000617,0.07125214005548669,EXP_DEnsembleModel_Alpha158_csi300_custom_step0_s_20260508_14,6021f7ea601749e5b152eeac1097b282,0.065,,,
3567,2026-05-08,SZ000625,-0.020779710160673783,EXP_DEnsembleModel_Alpha158_csi300_custom_step0_s_20260508_14,6021f7ea601749e5b152eeac1097b282,0.065,,,
3568,2026-05-08,SZ000938,-0.14954909537603805,EXP_DEnsembleModel_Alpha158_csi300_custom_step0_s_20260508_14,6021f7ea601749e5b152eeac1097b282,0.065,,,
3569,2026-05-08,SZ000895,0.058699275811707044,EXP_DEnsembleModel_Alpha158_csi300_custom_step0_s_20260508_14,6021f7ea601749e5b152eeac1097b282,0.065,,,
3570,2026-05-08,SZ000876,0.04019895741279434,EXP_DEnsembleModel_Alpha158_csi300_custom_step0_s_20260508_14,6021f7ea601749e5b152eeac1097b282,0.065,,,
3571,2026-05-08,SZ000858,0.012103620032583421,EXP_DEnsembleModel_Alpha158_csi300_custom_step0_s_20260508_14,6021f7ea601749e5b152eeac1097b282,0.065,,,
3572,2026-05-08,SZ000807,0.01783945294551068,EXP_DEnsembleModel_Alpha158_csi300_custom_step0_s_20260508_14,6021f7ea601749e5b152eeac1097b282,0.065,,,
3573,2026-05-08,SZ000792,-0.08478760129281436,EXP_DEnsembleModel_Alpha158_csi300_custom_step0_s_20260508_14,6021f7ea601749e5b152eeac1097b282,0.065,,,
3574,2026-05-08,SZ000975,-0.07966584578374346,EXP_DEnsembleModel_Alpha158_csi300_custom_step0_s_20260508_14,6021f7ea601749e5b152eeac1097b282,0.065,,,
3575,2026-05-08,SZ000786,0.037567108181936266,EXP_DEnsembleModel_Alpha158_csi300_custom_step0_s_20260508_14,6021f7ea601749e5b152eeac1097b282,0.065,,,
3576,2026-05-08,SZ000768,0.016475380608272003,EXP_DEnsembleModel_Alpha158_csi300_custom_step0_s_20260508_14,6021f7ea601749e5b152eeac1097b282,0.065,,,
3577,2026-05-08,SZ000725,0.013267728258712206,EXP_DEnsembleModel_Alpha158_csi300_custom_step0_s_20260508_14,6021f7ea601749e5b152eeac1097b282,0.065,,,
3578,2026-05-08,SZ000708,0.01378867949999742,EXP_DEnsembleModel_Alpha158_csi300_custom_step0_s_20260508_14,6021f7ea601749e5b152eeac1097b282,0.065,,,
3579,2026-05-08,SZ000661,0.08092287766087312,EXP_DEnsembleModel_Alpha158_csi300_custom_step0_s_20260508_14,6021f7ea601749e5b152eeac1097b282,0.065,,,
3580,2026-05-08,SZ000651,0.08287066709534947,EXP_DEnsembleModel_Alpha158_csi300_custom_step0_s_20260508_14,6021f7ea601749e5b152eeac1097b282,0.065,,,
3581,2026-05-08,SZ000630,-0.07270116522391655,EXP_DEnsembleModel_Alpha158_csi300_custom_step0_s_20260508_14,6021f7ea601749e5b152eeac1097b282,0.065,,,
3582,2026-05-08,SZ000776,0.008705060403326826,EXP_DEnsembleModel_Alpha158_csi300_custom_step0_s_20260508_14,6021f7ea601749e5b152eeac1097b282,0.065,,,
3583,2026-05-08,SZ002625,0.003865685028746003,EXP_DEnsembleModel_Alpha158_csi300_custom_step0_s_20260508_14,6021f7ea601749e5b152eeac1097b282,0.065,,,
3584,2026-05-08,SZ002648,-0.0883203536321874,EXP_DEnsembleModel_Alpha158_csi300_custom_step0_s_20260508_14,6021f7ea601749e5b152eeac1097b282,0.065,,,
3585,2026-05-08,SZ002709,-0.11807452947736016,EXP_DEnsembleModel_Alpha158_csi300_custom_step0_s_20260508_14,6021f7ea601749e5b152eeac1097b282,0.065,,,
3586,2026-05-08,SZ300979,0.02419997375574209,EXP_DEnsembleModel_Alpha158_csi300_custom_step0_s_20260508_14,6021f7ea601749e5b152eeac1097b282,0.065,,,
3587,2026-05-08,SZ300999,0.10099395783163698,EXP_DEnsembleModel_Alpha158_csi300_custom_step0_s_20260508_14,6021f7ea601749e5b152eeac1097b282,0.065,,,
3588,2026-05-08,SZ301236,-0.07004714505417498,EXP_DEnsembleModel_Alpha158_csi300_custom_step0_s_20260508_14,6021f7ea601749e5b152eeac1097b282,0.065,,,
3589,2026-05-08,SZ301269,-0.061616035402916776,EXP_DEnsembleModel_Alpha158_csi300_custom_step0_s_20260508_14,6021f7ea601749e5b152eeac1097b282,0.065,,,
3590,2026-05-08,SZ302132,0.05607159889350841,EXP_DEnsembleModel_Alpha158_csi300_custom_step0_s_20260508_14,6021f7ea601749e5b152eeac1097b282,0.065,,,
3591,2026-05-08,SH600000,-0.022205279601815026,EXP_DEnsembleModel_Alpha158_csi300_custom_step0_s_20260508_14,a1b6879c564241fca431ae8b3a2cc609,0.036,,,
3592,2026-05-08,SH600009,0.005426553601484547,EXP_DEnsembleModel_Alpha158_csi300_custom_step0_s_20260508_14,a1b6879c564241fca431ae8b3a2cc609,0.036,,,
3593,2026-05-08,SH600010,0.043083243011946215,EXP_DEnsembleModel_Alpha158_csi300_custom_step0_s_20260508_14,a1b6879c564241fca431ae8b3a2cc609,0.036,,,
3594,2026-05-08,SH600011,0.019682134859348294,EXP_DEnsembleModel_Alpha158_csi300_custom_step0_s_20260508_14,a1b6879c564241fca431ae8b3a2cc609,0.036,,,
3595,2026-05-08,SH600015,-0.015953053191135266,EXP_DEnsembleModel_Alpha158_csi300_custom_step0_s_20260508_14,a1b6879c564241fca431ae8b3a2cc609,0.036,,,
3596,2026-05-08,SH600016,-0.017220739248495074,EXP_DEnsembleModel_Alpha158_csi300_custom_step0_s_20260508_14,a1b6879c564241fca431ae8b3a2cc609,0.036,,,
3597,2026-05-08,SH600018,0.06028818665194379,EXP_DEnsembleModel_Alpha158_csi300_custom_step0_s_20260508_14,a1b6879c564241fca431ae8b3a2cc609,0.036,,,
3598,2026-05-08,SH600019,0.060011507497016246,EXP_DEnsembleModel_Alpha158_csi300_custom_step0_s_20260508_14,a1b6879c564241fca431ae8b3a2cc609,0.036,,,
3599,2026-05-08,SH600023,0.09441478738543678,EXP_DEnsembleModel_Alpha158_csi300_custom_step0_s_20260508_14,a1b6879c564241fca431ae8b3a2cc609,0.036,,,
3600,2026-05-08,SH600025,0.05629442096689924,EXP_DEnsembleModel_Alpha158_csi300_custom_step0_s_20260508_14,a1b6879c564241fca431ae8b3a2cc609,0.036,,,
3601,2026-05-08,SH600026,-0.18388067681390555,EXP_DEnsembleModel_Alpha158_csi300_custom_step0_s_20260508_14,a1b6879c564241fca431ae8b3a2cc609,0.036,,,
3602,2026-05-08,SH600027,0.06868516521268213,EXP_DEnsembleModel_Alpha158_csi300_custom_step0_s_20260508_14,a1b6879c564241fca431ae8b3a2cc609,0.036,,,
3603,2026-05-08,SH600111,-0.10079861865633562,EXP_DEnsembleModel_Alpha158_csi300_custom_step0_s_20260508_14,a1b6879c564241fca431ae8b3a2cc609,0.036,,,
3604,2026-05-08,SH600104,0.019225874980906086,EXP_DEnsembleModel_Alpha158_csi300_custom_step0_s_20260508_14,a1b6879c564241fca431ae8b3a2cc609,0.036,,,
3605,2026-05-08,SH600089,-0.06387364755892595,EXP_DEnsembleModel_Alpha158_csi300_custom_step0_s_20260508_14,a1b6879c564241fca431ae8b3a2cc609,0.036,,,
3606,2026-05-08,SH600085,0.05458401876879671,EXP_DEnsembleModel_Alpha158_csi300_custom_step0_s_20260508_14,a1b6879c564241fca431ae8b3a2cc609,0.036,,,
3607,2026-05-08,SH600066,0.029035593107291854,EXP_DEnsembleModel_Alpha158_csi300_custom_step0_s_20260508_14,a1b6879c564241fca431ae8b3a2cc609,0.036,,,
3608,2026-05-08,SH600061,0.047696894753694256,EXP_DEnsembleModel_Alpha158_csi300_custom_step0_s_20260508_14,a1b6879c564241fca431ae8b3a2cc609,0.036,,,
3609,2026-05-08,SZ300896,0.08623100684592536,EXP_DEnsembleModel_Alpha158_csi300_custom_step0_s_20260508_14,6021f7ea601749e5b152eeac1097b282,0.065,,,
3610,2026-05-08,SH600050,0.02473744721788464,EXP_DEnsembleModel_Alpha158_csi300_custom_step0_s_20260508_14,a1b6879c564241fca431ae8b3a2cc609,0.036,,,
3611,2026-05-08,SH600039,0.08114594763739974,EXP_DEnsembleModel_Alpha158_csi300_custom_step0_s_20260508_14,a1b6879c564241fca431ae8b3a2cc609,0.036,,,
3612,2026-05-08,SH600036,-0.03902561165854669,EXP_DEnsembleModel_Alpha158_csi300_custom_step0_s_20260508_14,a1b6879c564241fca431ae8b3a2cc609,0.036,,,
3613,2026-05-08,SH600031,-0.04527730684975262,EXP_DEnsembleModel_Alpha158_csi300_custom_step0_s_20260508_14,a1b6879c564241fca431ae8b3a2cc609,0.036,,,
3614,2026-05-08,SH600030,-0.0065758100905760055,EXP_DEnsembleModel_Alpha158_csi300_custom_step0_s_20260508_14,a1b6879c564241fca431ae8b3a2cc609,0.036,,,
3615,2026-05-08,SH600029,-0.0257989844690582,EXP_DEnsembleModel_Alpha158_csi300_custom_step0_s_20260508_14,a1b6879c564241fca431ae8b3a2cc609,0.036,,,
3616,2026-05-08,SH600028,-0.05632033819954876,EXP_DEnsembleModel_Alpha158_csi300_custom_step0_s_20260508_14,a1b6879c564241fca431ae8b3a2cc609,0.036,,,
3617,2026-05-08,SH600048,-0.01025074768525639,EXP_DEnsembleModel_Alpha158_csi300_custom_step0_s_20260508_14,a1b6879c564241fca431ae8b3a2cc609,0.036,,,
3618,2026-05-08,SZ300866,-0.09572336187141496,EXP_DEnsembleModel_Alpha158_csi300_custom_step0_s_20260508_14,6021f7ea601749e5b152eeac1097b282,0.065,,,
3619,2026-05-08,SZ300832,-0.10380015227735234,EXP_DEnsembleModel_Alpha158_csi300_custom_step0_s_20260508_14,6021f7ea601749e5b152eeac1097b282,0.065,,,
3620,2026-05-08,SZ300803,-0.08621006500450021,EXP_DEnsembleModel_Alpha158_csi300_custom_step0_s_20260508_14,6021f7ea601749e5b152eeac1097b282,0.065,,,
3621,2026-05-08,SZ300274,0.03721404953641244,EXP_DEnsembleModel_Alpha158_csi300_custom_step0_s_20260508_14,6021f7ea601749e5b152eeac1097b282,0.065,,,
3622,2026-05-08,SZ300251,-0.0789141821700592,EXP_DEnsembleModel_Alpha158_csi300_custom_step0_s_20260508_14,6021f7ea601749e5b152eeac1097b282,0.065,,,
3623,2026-05-08,SZ300124,-0.0923210708198384,EXP_DEnsembleModel_Alpha158_csi300_custom_step0_s_20260508_14,6021f7ea601749e5b152eeac1097b282,0.065,,,
3624,2026-05-08,SZ300122,0.02564499720209257,EXP_DEnsembleModel_Alpha158_csi300_custom_step0_s_20260508_14,6021f7ea601749e5b152eeac1097b282,0.065,,,
3625,2026-05-08,SZ300059,0.026927332947013747,EXP_DEnsembleModel_Alpha158_csi300_custom_step0_s_20260508_14,6021f7ea601749e5b152eeac1097b282,0.065,,,
3626,2026-05-08,SZ300033,-0.09588650117547845,EXP_DEnsembleModel_Alpha158_csi300_custom_step0_s_20260508_14,6021f7ea601749e5b152eeac1097b282,0.065,,,
3627,2026-05-08,SZ300308,0.05975301844577003,EXP_DEnsembleModel_Alpha158_csi300_custom_step0_s_20260508_14,6021f7ea601749e5b152eeac1097b282,0.065,,,
3628,2026-05-08,SZ300015,-0.033883031236329235,EXP_DEnsembleModel_Alpha158_csi300_custom_step0_s_20260508_14,6021f7ea601749e5b152eeac1097b282,0.065,,,
3629,2026-05-08,SZ003816,0.11329460986015562,EXP_DEnsembleModel_Alpha158_csi300_custom_step0_s_20260508_14,6021f7ea601749e5b152eeac1097b282,0.065,,,
3630,2026-05-08,SZ002938,0.1375880641405606,EXP_DEnsembleModel_Alpha158_csi300_custom_step0_s_20260508_14,6021f7ea601749e5b152eeac1097b282,0.065,,,
3631,2026-05-08,SZ002920,-0.07264909386315414,EXP_DEnsembleModel_Alpha158_csi300_custom_step0_s_20260508_14,6021f7ea601749e5b152eeac1097b282,0.065,,,
3632,2026-05-08,SZ002916,0.09385776520725753,EXP_DEnsembleModel_Alpha158_csi300_custom_step0_s_20260508_14,6021f7ea601749e5b152eeac1097b282,0.065,,,
3633,2026-05-08,SZ002736,0.03504727716663066,EXP_DEnsembleModel_Alpha158_csi300_custom_step0_s_20260508_14,6021f7ea601749e5b152eeac1097b282,0.065,,,
3634,2026-05-08,SZ002714,-0.011005163314413886,EXP_DEnsembleModel_Alpha158_csi300_custom_step0_s_20260508_14,6021f7ea601749e5b152eeac1097b282,0.065,,,
3635,2026-05-08,SZ300014,-0.05106926284973534,EXP_DEnsembleModel_Alpha158_csi300_custom_step0_s_20260508_14,6021f7ea601749e5b152eeac1097b282,0.065,,,
3636,2026-05-08,SH603893,-0.010230732201438142,EXP_DEnsembleModel_Alpha158_csi300_custom_step0_s_20260508_14,a1b6879c564241fca431ae8b3a2cc609,0.036,,,
3637,2026-05-08,SZ300316,-0.08349753114735764,EXP_DEnsembleModel_Alpha158_csi300_custom_step0_s_20260508_14,6021f7ea601749e5b152eeac1097b282,0.065,,,
3638,2026-05-08,SZ300394,-0.20800764664697707,EXP_DEnsembleModel_Alpha158_csi300_custom_step0_s_20260508_14,6021f7ea601749e5b152eeac1097b282,0.065,,,
3639,2026-05-08,SZ300782,-0.08219167079516276,EXP_DEnsembleModel_Alpha158_csi300_custom_step0_s_20260508_14,6021f7ea601749e5b152eeac1097b282,0.065,,,
3640,2026-05-08,SZ300760,0.020458850899524286,EXP_DEnsembleModel_Alpha158_csi300_custom_step0_s_20260508_14,6021f7ea601749e5b152eeac1097b282,0.065,,,
3641,2026-05-08,SZ300759,-0.16585831854448294,EXP_DEnsembleModel_Alpha158_csi300_custom_step0_s_20260508_14,6021f7ea601749e5b152eeac1097b282,0.065,,,
3642,2026-05-08,SZ300750,-0.0982951118008256,EXP_DEnsembleModel_Alpha158_csi300_custom_step0_s_20260508_14,6021f7ea601749e5b152eeac1097b282,0.065,,,
3643,2026-05-08,SZ300661,-0.016680414124863083,EXP_DEnsembleModel_Alpha158_csi300_custom_step0_s_20260508_14,6021f7ea601749e5b152eeac1097b282,0.065,,,
3644,2026-05-08,SZ300628,0.04612138524191533,EXP_DEnsembleModel_Alpha158_csi300_custom_step0_s_20260508_14,6021f7ea601749e5b152eeac1097b282,0.065,,,
3645,2026-05-08,SZ300347,-0.24160096527985403,EXP_DEnsembleModel_Alpha158_csi300_custom_step0_s_20260508_14,6021f7ea601749e5b152eeac1097b282,0.065,,,
3646,2026-05-08,SZ300502,-0.04503356517550896,EXP_DEnsembleModel_Alpha158_csi300_custom_step0_s_20260508_14,6021f7ea601749e5b152eeac1097b282,0.065,,,
3647,2026-05-08,SZ300476,-0.04063452470248019,EXP_DEnsembleModel_Alpha158_csi300_custom_step0_s_20260508_14,6021f7ea601749e5b152eeac1097b282,0.065,,,
3648,2026-05-08,SZ300442,-0.12458878060501287,EXP_DEnsembleModel_Alpha158_csi300_custom_step0_s_20260508_14,6021f7ea601749e5b152eeac1097b282,0.065,,,
3649,2026-05-08,SZ300433,-0.019258759625060937,EXP_DEnsembleModel_Alpha158_csi300_custom_step0_s_20260508_14,6021f7ea601749e5b152eeac1097b282,0.065,,,
3650,2026-05-08,SZ300418,-0.15036477158332656,EXP_DEnsembleModel_Alpha158_csi300_custom_step0_s_20260508_14,6021f7ea601749e5b152eeac1097b282,0.065,,,
3651,2026-05-08,SZ300413,-0.05260416715031492,EXP_DEnsembleModel_Alpha158_csi300_custom_step0_s_20260508_14,6021f7ea601749e5b152eeac1097b282,0.065,,,
3652,2026-05-08,SZ300408,-0.2598301124345053,EXP_DEnsembleModel_Alpha158_csi300_custom_step0_s_20260508_14,6021f7ea601749e5b152eeac1097b282,0.065,,,
3653,2026-05-08,SZ300498,-0.019231155453527587,EXP_DEnsembleModel_Alpha158_csi300_custom_step0_s_20260508_14,6021f7ea601749e5b152eeac1097b282,0.065,,,
3654,2026-05-08,SH603986,-0.22508935506227884,EXP_DEnsembleModel_Alpha158_csi300_custom_step0_s_20260508_14,a1b6879c564241fca431ae8b3a2cc609,0.036,,,
3655,2026-05-08,SH603993,0.0027235148855641136,EXP_DEnsembleModel_Alpha158_csi300_custom_step0_s_20260508_14,a1b6879c564241fca431ae8b3a2cc609,0.036,,,
3656,2026-05-08,SH605117,-0.16469834325680666,EXP_DEnsembleModel_Alpha158_csi300_custom_step0_s_20260508_14,a1b6879c564241fca431ae8b3a2cc609,0.036,,,
3657,2026-05-08,SH600438,0.12555904182675337,EXP_DEnsembleModel_Alpha158_csi300_custom_step0_s_20260508_14,246173a6588340aca285c143d7f0b30d,0.05,,,
3658,2026-05-08,SH600460,0.0961599882974234,EXP_DEnsembleModel_Alpha158_csi300_custom_step0_s_20260508_14,246173a6588340aca285c143d7f0b30d,0.05,,,
3659,2026-05-08,SH600482,0.2604865523046949,EXP_DEnsembleModel_Alpha158_csi300_custom_step0_s_20260508_14,246173a6588340aca285c143d7f0b30d,0.05,,,
3660,2026-05-08,SH600489,0.0723216124591461,EXP_DEnsembleModel_Alpha158_csi300_custom_step0_s_20260508_14,246173a6588340aca285c143d7f0b30d,0.05,,,
3661,2026-05-08,SH600515,-0.007311734251420745,EXP_DEnsembleModel_Alpha158_csi300_custom_step0_s_20260508_14,246173a6588340aca285c143d7f0b30d,0.05,,,
3662,2026-05-08,SH600519,-0.12633067806919304,EXP_DEnsembleModel_Alpha158_csi300_custom_step0_s_20260508_14,246173a6588340aca285c143d7f0b30d,0.05,,,
3663,2026-05-08,SH600522,0.1930825797299874,EXP_DEnsembleModel_Alpha158_csi300_custom_step0_s_20260508_14,246173a6588340aca285c143d7f0b30d,0.05,,,
3664,2026-05-08,SH600547,-0.054092609810585356,EXP_DEnsembleModel_Alpha158_csi300_custom_step0_s_20260508_14,246173a6588340aca285c143d7f0b30d,0.05,,,
3665,2026-05-08,SH600570,-0.0031285381413585383,EXP_DEnsembleModel_Alpha158_csi300_custom_step0_s_20260508_14,246173a6588340aca285c143d7f0b30d,0.05,,,
3666,2026-05-08,SH600584,0.07681758781906968,EXP_DEnsembleModel_Alpha158_csi300_custom_step0_s_20260508_14,246173a6588340aca285c143d7f0b30d,0.05,,,
3667,2026-05-08,SH600585,-0.12204085432858487,EXP_DEnsembleModel_Alpha158_csi300_custom_step0_s_20260508_14,246173a6588340aca285c143d7f0b30d,0.05,,,
3668,2026-05-08,SH600588,0.1613030153616598,EXP_DEnsembleModel_Alpha158_csi300_custom_step0_s_20260508_14,246173a6588340aca285c143d7f0b30d,0.05,,,
3669,2026-05-08,SH600600,0.003634038924286468,EXP_DEnsembleModel_Alpha158_csi300_custom_step0_s_20260508_14,246173a6588340aca285c143d7f0b30d,0.05,,,
3670,2026-05-08,SH600660,0.07692059942864493,EXP_DEnsembleModel_Alpha158_csi300_custom_step0_s_20260508_14,246173a6588340aca285c143d7f0b30d,0.05,,,
3671,2026-05-08,SH600674,0.007610561704466802,EXP_DEnsembleModel_Alpha158_csi300_custom_step0_s_20260508_14,246173a6588340aca285c143d7f0b30d,0.05,,,
3672,2026-05-08,SH600690,-0.06597896951082521,EXP_DEnsembleModel_Alpha158_csi300_custom_step0_s_20260508_14,246173a6588340aca285c143d7f0b30d,0.05,,,
3673,2026-05-08,SH600741,-0.07732456750048958,EXP_DEnsembleModel_Alpha158_csi300_custom_step0_s_20260508_14,246173a6588340aca285c143d7f0b30d,0.05,,,
3674,2026-05-08,SH600926,0.0008293157868682265,EXP_DEnsembleModel_Alpha158_csi300_custom_step0_s_20260508_14,246173a6588340aca285c143d7f0b30d,0.05,,,
3675,2026-05-08,SH600919,0.033000010273448926,EXP_DEnsembleModel_Alpha158_csi300_custom_step0_s_20260508_14,246173a6588340aca285c143d7f0b30d,0.05,,,
3676,2026-05-08,SH600918,-0.0445269670694514,EXP_DEnsembleModel_Alpha158_csi300_custom_step0_s_20260508_14,246173a6588340aca285c143d7f0b30d,0.05,,,
3677,2026-05-08,SH600905,0.007814856954638714,EXP_DEnsembleModel_Alpha158_csi300_custom_step0_s_20260508_14,246173a6588340aca285c143d7f0b30d,0.05,,,
3678,2026-05-08,SH600900,-0.006547151682794473,EXP_DEnsembleModel_Alpha158_csi300_custom_step0_s_20260508_14,246173a6588340aca285c143d7f0b30d,0.05,,,
3679,2026-05-08,SH600893,-0.07055309679561815,EXP_DEnsembleModel_Alpha158_csi300_custom_step0_s_20260508_14,246173a6588340aca285c143d7f0b30d,0.05,,,
3680,2026-05-08,SH600436,-0.1470522010075486,EXP_DEnsembleModel_Alpha158_csi300_custom_step0_s_20260508_14,246173a6588340aca285c143d7f0b30d,0.05,,,
3681,2026-05-08,SH600887,-0.024892689103010866,EXP_DEnsembleModel_Alpha158_csi300_custom_step0_s_20260508_14,246173a6588340aca285c143d7f0b30d,0.05,,,
3682,2026-05-08,SH600875,0.021838370262568938,EXP_DEnsembleModel_Alpha158_csi300_custom_step0_s_20260508_14,246173a6588340aca285c143d7f0b30d,0.05,,,
3683,2026-05-08,SH600845,0.0020477015805383204,EXP_DEnsembleModel_Alpha158_csi300_custom_step0_s_20260508_14,246173a6588340aca285c143d7f0b30d,0.05,,,
3684,2026-05-08,SH600809,-0.06291513172144811,EXP_DEnsembleModel_Alpha158_csi300_custom_step0_s_20260508_14,246173a6588340aca285c143d7f0b30d,0.05,,,
3685,2026-05-08,SH600803,-0.0038906537438060736,EXP_DEnsembleModel_Alpha158_csi300_custom_step0_s_20260508_14,246173a6588340aca285c143d7f0b30d,0.05,,,
3686,2026-05-08,SH600795,0.03881937581875949,EXP_DEnsembleModel_Alpha158_csi300_custom_step0_s_20260508_14,246173a6588340aca285c143d7f0b30d,0.05,,,
3687,2026-05-08,SH600760,-0.0005492265120291656,EXP_DEnsembleModel_Alpha158_csi300_custom_step0_s_20260508_14,246173a6588340aca285c143d7f0b30d,0.05,,,
3688,2026-05-08,SH600886,-0.07294212358518053,EXP_DEnsembleModel_Alpha158_csi300_custom_step0_s_20260508_14,246173a6588340aca285c143d7f0b30d,0.05,,,
3689,2026-05-08,SH600930,-0.05439143622661202,EXP_DEnsembleModel_Alpha158_csi300_custom_step0_s_20260508_14,246173a6588340aca285c143d7f0b30d,0.05,,,
3690,2026-05-08,SH600426,-0.05838266631588175,EXP_DEnsembleModel_Alpha158_csi300_custom_step0_s_20260508_14,246173a6588340aca285c143d7f0b30d,0.05,,,
3691,2026-05-08,SH600406,-0.040682369793348674,EXP_DEnsembleModel_Alpha158_csi300_custom_step0_s_20260508_14,246173a6588340aca285c143d7f0b30d,0.05,,,
3692,2026-05-08,SH600027,0.05212087384556096,EXP_DEnsembleModel_Alpha158_csi300_custom_step0_s_20260508_14,246173a6588340aca285c143d7f0b30d,0.05,,,
3693,2026-05-08,SH600028,-0.09842616067915574,EXP_DEnsembleModel_Alpha158_csi300_custom_step0_s_20260508_14,246173a6588340aca285c143d7f0b30d,0.05,,,
3694,2026-05-08,SH600029,0.015673744949674485,EXP_DEnsembleModel_Alpha158_csi300_custom_step0_s_20260508_14,246173a6588340aca285c143d7f0b30d,0.05,,,
3695,2026-05-08,SH600030,0.017750489802715357,EXP_DEnsembleModel_Alpha158_csi300_custom_step0_s_20260508_14,246173a6588340aca285c143d7f0b30d,0.05,,,
3696,2026-05-08,SH600031,0.08180445202161835,EXP_DEnsembleModel_Alpha158_csi300_custom_step0_s_20260508_14,246173a6588340aca285c143d7f0b30d,0.05,,,
3697,2026-05-08,SH600036,-0.09256106601457996,EXP_DEnsembleModel_Alpha158_csi300_custom_step0_s_20260508_14,246173a6588340aca285c143d7f0b30d,0.05,,,
3698,2026-05-08,SH600039,0.09844101969385442,EXP_DEnsembleModel_Alpha158_csi300_custom_step0_s_20260508_14,246173a6588340aca285c143d7f0b30d,0.05,,,
3699,2026-05-08,SH600048,0.09143501638165018,EXP_DEnsembleModel_Alpha158_csi300_custom_step0_s_20260508_14,246173a6588340aca285c143d7f0b30d,0.05,,,
3700,2026-05-08,SH600050,-0.015148482201950959,EXP_DEnsembleModel_Alpha158_csi300_custom_step0_s_20260508_14,246173a6588340aca285c143d7f0b30d,0.05,,,
3701,2026-05-08,SH600061,-0.05559608372423479,EXP_DEnsembleModel_Alpha158_csi300_custom_step0_s_20260508_14,246173a6588340aca285c143d7f0b30d,0.05,,,
3702,2026-05-08,SH600066,0.13401232896037232,EXP_DEnsembleModel_Alpha158_csi300_custom_step0_s_20260508_14,246173a6588340aca285c143d7f0b30d,0.05,,,
3703,2026-05-08,SH600085,-0.055444103950463564,EXP_DEnsembleModel_Alpha158_csi300_custom_step0_s_20260508_14,246173a6588340aca285c143d7f0b30d,0.05,,,
3704,2026-05-08,SH600089,0.07275319381241428,EXP_DEnsembleModel_Alpha158_csi300_custom_step0_s_20260508_14,246173a6588340aca285c143d7f0b30d,0.05,,,
3705,2026-05-08,SH600104,-0.046901574743176244,EXP_DEnsembleModel_Alpha158_csi300_custom_step0_s_20260508_14,246173a6588340aca285c143d7f0b30d,0.05,,,
3706,2026-05-08,SH600111,0.2782406428266957,EXP_DEnsembleModel_Alpha158_csi300_custom_step0_s_20260508_14,246173a6588340aca285c143d7f0b30d,0.05,,,
3707,2026-05-08,SH600115,0.10618769930124734,EXP_DEnsembleModel_Alpha158_csi300_custom_step0_s_20260508_14,246173a6588340aca285c143d7f0b30d,0.05,,,
3708,2026-05-08,SH600150,0.18442945307516684,EXP_DEnsembleModel_Alpha158_csi300_custom_step0_s_20260508_14,246173a6588340aca285c143d7f0b30d,0.05,,,
3709,2026-05-08,SH600377,0.07153878919457332,EXP_DEnsembleModel_Alpha158_csi300_custom_step0_s_20260508_14,246173a6588340aca285c143d7f0b30d,0.05,,,
3710,2026-05-08,SH600372,0.034963324841911246,EXP_DEnsembleModel_Alpha158_csi300_custom_step0_s_20260508_14,246173a6588340aca285c143d7f0b30d,0.05,,,
3711,2026-05-08,SH600362,0.04406360111572581,EXP_DEnsembleModel_Alpha158_csi300_custom_step0_s_20260508_14,246173a6588340aca285c143d7f0b30d,0.05,,,
3712,2026-05-08,SH600346,0.09073773612998454,EXP_DEnsembleModel_Alpha158_csi300_custom_step0_s_20260508_14,246173a6588340aca285c143d7f0b30d,0.05,,,
3713,2026-05-08,SH600309,-0.007961642924115966,EXP_DEnsembleModel_Alpha158_csi300_custom_step0_s_20260508_14,246173a6588340aca285c143d7f0b30d,0.05,,,
3714,2026-05-08,SH600276,-0.07789207683804535,EXP_DEnsembleModel_Alpha158_csi300_custom_step0_s_20260508_14,246173a6588340aca285c143d7f0b30d,0.05,,,
3715,2026-05-08,SH600415,-0.09597509282764279,EXP_DEnsembleModel_Alpha158_csi300_custom_step0_s_20260508_14,246173a6588340aca285c143d7f0b30d,0.05,,,
3716,2026-05-08,SH600233,-0.0486847238619233,EXP_DEnsembleModel_Alpha158_csi300_custom_step0_s_20260508_14,246173a6588340aca285c143d7f0b30d,0.05,,,
3717,2026-05-08,SH600196,-0.11070532730107292,EXP_DEnsembleModel_Alpha158_csi300_custom_step0_s_20260508_14,246173a6588340aca285c143d7f0b30d,0.05,,,
3718,2026-05-08,SH600188,0.017543592089204876,EXP_DEnsembleModel_Alpha158_csi300_custom_step0_s_20260508_14,246173a6588340aca285c143d7f0b30d,0.05,,,
3719,2026-05-08,SH600183,0.20861272569194636,EXP_DEnsembleModel_Alpha158_csi300_custom_step0_s_20260508_14,246173a6588340aca285c143d7f0b30d,0.05,,,
3720,2026-05-08,SH600176,0.23762525600522075,EXP_DEnsembleModel_Alpha158_csi300_custom_step0_s_20260508_14,246173a6588340aca285c143d7f0b30d,0.05,,,
3721,2026-05-08,SH600161,-0.051998981146187374,EXP_DEnsembleModel_Alpha158_csi300_custom_step0_s_20260508_14,246173a6588340aca285c143d7f0b30d,0.05,,,
3722,2026-05-08,SH600160,0.005088427131133841,EXP_DEnsembleModel_Alpha158_csi300_custom_step0_s_20260508_14,246173a6588340aca285c143d7f0b30d,0.05,,,
3723,2026-05-08,SH600219,-0.06562985770025627,EXP_DEnsembleModel_Alpha158_csi300_custom_step0_s_20260508_14,246173a6588340aca285c143d7f0b30d,0.05,,,
3724,2026-05-08,SH600938,0.023682074028744848,EXP_DEnsembleModel_Alpha158_csi300_custom_step0_s_20260508_14,246173a6588340aca285c143d7f0b30d,0.05,,,
3725,2026-05-08,SH600941,0.06994197492952894,EXP_DEnsembleModel_Alpha158_csi300_custom_step0_s_20260508_14,246173a6588340aca285c143d7f0b30d,0.05,,,
3726,2026-05-08,SH600958,-0.04474483561115256,EXP_DEnsembleModel_Alpha158_csi300_custom_step0_s_20260508_14,246173a6588340aca285c143d7f0b30d,0.05,,,
3727,2026-05-08,SH601456,0.02430771031757489,EXP_DEnsembleModel_Alpha158_csi300_custom_step0_s_20260508_14,246173a6588340aca285c143d7f0b30d,0.05,,,
3728,2026-05-08,SH601600,0.11116289540602303,EXP_DEnsembleModel_Alpha158_csi300_custom_step0_s_20260508_14,246173a6588340aca285c143d7f0b30d,0.05,,,
3729,2026-05-08,SH601601,-0.09462208358179608,EXP_DEnsembleModel_Alpha158_csi300_custom_step0_s_20260508_14,246173a6588340aca285c143d7f0b30d,0.05,,,
3730,2026-05-08,SH601607,-0.025648646869235264,EXP_DEnsembleModel_Alpha158_csi300_custom_step0_s_20260508_14,246173a6588340aca285c143d7f0b30d,0.05,,,
3731,2026-05-08,SH601618,-0.029774345068206462,EXP_DEnsembleModel_Alpha158_csi300_custom_step0_s_20260508_14,246173a6588340aca285c143d7f0b30d,0.05,,,
3732,2026-05-08,SH601628,-0.041701799506209974,EXP_DEnsembleModel_Alpha158_csi300_custom_step0_s_20260508_14,246173a6588340aca285c143d7f0b30d,0.05,,,
3733,2026-05-08,SH601633,-0.12099098197077426,EXP_DEnsembleModel_Alpha158_csi300_custom_step0_s_20260508_14,246173a6588340aca285c143d7f0b30d,0.05,,,
3734,2026-05-08,SH601658,-0.03341199073037653,EXP_DEnsembleModel_Alpha158_csi300_custom_step0_s_20260508_14,246173a6588340aca285c143d7f0b30d,0.05,,,
3735,2026-05-08,SH601668,-0.012207401509342677,EXP_DEnsembleModel_Alpha158_csi300_custom_step0_s_20260508_14,246173a6588340aca285c143d7f0b30d,0.05,,,
3736,2026-05-08,SH601669,-0.01377658983153802,EXP_DEnsembleModel_Alpha158_csi300_custom_step0_s_20260508_14,246173a6588340aca285c143d7f0b30d,0.05,,,
3737,2026-05-08,SH601688,-0.01247998387897464,EXP_DEnsembleModel_Alpha158_csi300_custom_step0_s_20260508_14,246173a6588340aca285c143d7f0b30d,0.05,,,
3738,2026-05-08,SH601689,0.10334429709009432,EXP_DEnsembleModel_Alpha158_csi300_custom_step0_s_20260508_14,246173a6588340aca285c143d7f0b30d,0.05,,,
3739,2026-05-08,SH601698,0.14247552694939372,EXP_DEnsembleModel_Alpha158_csi300_custom_step0_s_20260508_14,246173a6588340aca285c143d7f0b30d,0.05,,,
3740,2026-05-08,SH601728,0.0859098375705515,EXP_DEnsembleModel_Alpha158_csi300_custom_step0_s_20260508_14,246173a6588340aca285c143d7f0b30d,0.05,,,
3741,2026-05-08,SH601766,-0.10330064171793048,EXP_DEnsembleModel_Alpha158_csi300_custom_step0_s_20260508_14,246173a6588340aca285c143d7f0b30d,0.05,,,
3742,2026-05-08,SH601788,-0.09319692861009782,EXP_DEnsembleModel_Alpha158_csi300_custom_step0_s_20260508_14,246173a6588340aca285c143d7f0b30d,0.05,,,
3743,2026-05-08,SH601800,-0.1015171307776148,EXP_DEnsembleModel_Alpha158_csi300_custom_step0_s_20260508_14,246173a6588340aca285c143d7f0b30d,0.05,,,
3744,2026-05-08,SH601899,0.09725842638581203,EXP_DEnsembleModel_Alpha158_csi300_custom_step0_s_20260508_14,246173a6588340aca285c143d7f0b30d,0.05,,,
3745,2026-05-08,SH601898,-0.01874453186000086,EXP_DEnsembleModel_Alpha158_csi300_custom_step0_s_20260508_14,246173a6588340aca285c143d7f0b30d,0.05,,,
3746,2026-05-08,SH601888,-0.056749547152986725,EXP_DEnsembleModel_Alpha158_csi300_custom_step0_s_20260508_14,246173a6588340aca285c143d7f0b30d,0.05,,,
3747,2026-05-08,SH601881,0.014795077938758734,EXP_DEnsembleModel_Alpha158_csi300_custom_step0_s_20260508_14,246173a6588340aca285c143d7f0b30d,0.05,,,
3748,2026-05-08,SH601878,-0.012294838241521949,EXP_DEnsembleModel_Alpha158_csi300_custom_step0_s_20260508_14,246173a6588340aca285c143d7f0b30d,0.05,,,
3749,2026-05-08,SH601877,0.11866304797577348,EXP_DEnsembleModel_Alpha158_csi300_custom_step0_s_20260508_14,246173a6588340aca285c143d7f0b30d,0.05,,,
3750,2026-05-08,SH601398,0.005699992080062878,EXP_DEnsembleModel_Alpha158_csi300_custom_step0_s_20260508_14,246173a6588340aca285c143d7f0b30d,0.05,,,
3751,2026-05-08,SH601872,-0.0692655142802793,EXP_DEnsembleModel_Alpha158_csi300_custom_step0_s_20260508_14,246173a6588340aca285c143d7f0b30d,0.05,,,
3752,2026-05-08,SH601857,0.011529720928045445,EXP_DEnsembleModel_Alpha158_csi300_custom_step0_s_20260508_14,246173a6588340aca285c143d7f0b30d,0.05,,,
3753,2026-05-08,SH601838,0.018453967326814424,EXP_DEnsembleModel_Alpha158_csi300_custom_step0_s_20260508_14,246173a6588340aca285c143d7f0b30d,0.05,,,
3754,2026-05-08,SH601825,0.0976172392681602,EXP_DEnsembleModel_Alpha158_csi300_custom_step0_s_20260508_14,246173a6588340aca285c143d7f0b30d,0.05,,,
3755,2026-05-08,SH601818,-0.10217986947804727,EXP_DEnsembleModel_Alpha158_csi300_custom_step0_s_20260508_14,246173a6588340aca285c143d7f0b30d,0.05,,,
3756,2026-05-08,SH601816,-0.0658169747841219,EXP_DEnsembleModel_Alpha158_csi300_custom_step0_s_20260508_14,246173a6588340aca285c143d7f0b30d,0.05,,,
3757,2026-05-08,SH601808,-0.006469144581209662,EXP_DEnsembleModel_Alpha158_csi300_custom_step0_s_20260508_14,246173a6588340aca285c143d7f0b30d,0.05,,,
3758,2026-05-08,SH601868,0.058557809819650385,EXP_DEnsembleModel_Alpha158_csi300_custom_step0_s_20260508_14,246173a6588340aca285c143d7f0b30d,0.05,,,
3759,2026-05-08,SH601390,-0.098875682339581,EXP_DEnsembleModel_Alpha158_csi300_custom_step0_s_20260508_14,246173a6588340aca285c143d7f0b30d,0.05,,,
3760,2026-05-08,SH601377,0.009791224133932774,EXP_DEnsembleModel_Alpha158_csi300_custom_step0_s_20260508_14,246173a6588340aca285c143d7f0b30d,0.05,,,
3761,2026-05-08,SH601360,-0.03747612884362724,EXP_DEnsembleModel_Alpha158_csi300_custom_step0_s_20260508_14,246173a6588340aca285c143d7f0b30d,0.05,,,
3762,2026-05-08,SH601111,0.020340085681176477,EXP_DEnsembleModel_Alpha158_csi300_custom_step0_s_20260508_14,246173a6588340aca285c143d7f0b30d,0.05,,,
3763,2026-05-08,SH601100,0.23945801634712008,EXP_DEnsembleModel_Alpha158_csi300_custom_step0_s_20260508_14,246173a6588340aca285c143d7f0b30d,0.05,,,
3764,2026-05-08,SH601088,-0.016331455368742146,EXP_DEnsembleModel_Alpha158_csi300_custom_step0_s_20260508_14,246173a6588340aca285c143d7f0b30d,0.05,,,
3765,2026-05-08,SH601077,0.010353910708978611,EXP_DEnsembleModel_Alpha158_csi300_custom_step0_s_20260508_14,246173a6588340aca285c143d7f0b30d,0.05,,,
3766,2026-05-08,SH601066,-0.04282868257390728,EXP_DEnsembleModel_Alpha158_csi300_custom_step0_s_20260508_14,246173a6588340aca285c143d7f0b30d,0.05,,,
3767,2026-05-08,SH601059,0.012207624318115982,EXP_DEnsembleModel_Alpha158_csi300_custom_step0_s_20260508_14,246173a6588340aca285c143d7f0b30d,0.05,,,
3768,2026-05-08,SH601117,-0.01842939145289225,EXP_DEnsembleModel_Alpha158_csi300_custom_step0_s_20260508_14,246173a6588340aca285c143d7f0b30d,0.05,,,
3769,2026-05-08,SH601058,0.03467483971337231,EXP_DEnsembleModel_Alpha158_csi300_custom_step0_s_20260508_14,246173a6588340aca285c143d7f0b30d,0.05,,,
3770,2026-05-08,SH601018,-0.11348682410057474,EXP_DEnsembleModel_Alpha158_csi300_custom_step0_s_20260508_14,246173a6588340aca285c143d7f0b30d,0.05,,,
3771,2026-05-08,SH601012,-0.003266870882959217,EXP_DEnsembleModel_Alpha158_csi300_custom_step0_s_20260508_14,246173a6588340aca285c143d7f0b30d,0.05,,,
3772,2026-05-08,SH601009,0.0176313176565704,EXP_DEnsembleModel_Alpha158_csi300_custom_step0_s_20260508_14,246173a6588340aca285c143d7f0b30d,0.05,,,
3773,2026-05-08,SH601006,-0.044546161579531354,EXP_DEnsembleModel_Alpha158_csi300_custom_step0_s_20260508_14,246173a6588340aca285c143d7f0b30d,0.05,,,
3774,2026-05-08,SH600999,0.0020490783471697233,EXP_DEnsembleModel_Alpha158_csi300_custom_step0_s_20260508_14,246173a6588340aca285c143d7f0b30d,0.05,,,
3775,2026-05-08,SH600989,-0.016568000936872235,EXP_DEnsembleModel_Alpha158_csi300_custom_step0_s_20260508_14,246173a6588340aca285c143d7f0b30d,0.05,,,
3776,2026-05-08,SH601021,0.1320279619094631,EXP_DEnsembleModel_Alpha158_csi300_custom_step0_s_20260508_14,246173a6588340aca285c143d7f0b30d,0.05,,,
3777,2026-05-08,SH600026,-0.13005907337253914,EXP_DEnsembleModel_Alpha158_csi300_custom_step0_s_20260508_14,246173a6588340aca285c143d7f0b30d,0.05,,,
3778,2026-05-08,SH601127,0.06060523958075995,EXP_DEnsembleModel_Alpha158_csi300_custom_step0_s_20260508_14,246173a6588340aca285c143d7f0b30d,0.05,,,
3779,2026-05-08,SH601138,0.38261549013335394,EXP_DEnsembleModel_Alpha158_csi300_custom_step0_s_20260508_14,246173a6588340aca285c143d7f0b30d,0.05,,,
3780,2026-05-08,SH601336,0.05507777961176566,EXP_DEnsembleModel_Alpha158_csi300_custom_step0_s_20260508_14,246173a6588340aca285c143d7f0b30d,0.05,,,
3781,2026-05-08,SH601328,-0.060744172311013075,EXP_DEnsembleModel_Alpha158_csi300_custom_step0_s_20260508_14,246173a6588340aca285c143d7f0b30d,0.05,,,
3782,2026-05-08,SH601319,0.030718764308674863,EXP_DEnsembleModel_Alpha158_csi300_custom_step0_s_20260508_14,246173a6588340aca285c143d7f0b30d,0.05,,,
3783,2026-05-08,SH601318,-0.013037550082805901,EXP_DEnsembleModel_Alpha158_csi300_custom_step0_s_20260508_14,246173a6588340aca285c143d7f0b30d,0.05,,,
3784,2026-05-08,SH601298,-0.015520919693179045,EXP_DEnsembleModel_Alpha158_csi300_custom_step0_s_20260508_14,246173a6588340aca285c143d7f0b30d,0.05,,,
3785,2026-05-08,SH601288,0.07625412616789261,EXP_DEnsembleModel_Alpha158_csi300_custom_step0_s_20260508_14,246173a6588340aca285c143d7f0b30d,0.05,,,
3786,2026-05-08,SH601136,-0.02659079872766343,EXP_DEnsembleModel_Alpha158_csi300_custom_step0_s_20260508_14,246173a6588340aca285c143d7f0b30d,0.05,,,
3787,2026-05-08,SH601238,-0.0304706826065394,EXP_DEnsembleModel_Alpha158_csi300_custom_step0_s_20260508_14,246173a6588340aca285c143d7f0b30d,0.05,,,
3788,2026-05-08,SH601229,-0.08719834394941843,EXP_DEnsembleModel_Alpha158_csi300_custom_step0_s_20260508_14,246173a6588340aca285c143d7f0b30d,0.05,,,
3789,2026-05-08,SH601225,0.04929193040276562,EXP_DEnsembleModel_Alpha158_csi300_custom_step0_s_20260508_14,246173a6588340aca285c143d7f0b30d,0.05,,,
3790,2026-05-08,SH601211,-0.08395038998395471,EXP_DEnsembleModel_Alpha158_csi300_custom_step0_s_20260508_14,246173a6588340aca285c143d7f0b30d,0.05,,,
3791,2026-05-08,SH601186,-0.07301755092032741,EXP_DEnsembleModel_Alpha158_csi300_custom_step0_s_20260508_14,246173a6588340aca285c143d7f0b30d,0.05,,,
3792,2026-05-08,SH601169,-0.07693891051573089,EXP_DEnsembleModel_Alpha158_csi300_custom_step0_s_20260508_14,246173a6588340aca285c143d7f0b30d,0.05,,,
3793,2026-05-08,SH601166,-0.05136258818138554,EXP_DEnsembleModel_Alpha158_csi300_custom_step0_s_20260508_14,246173a6588340aca285c143d7f0b30d,0.05,,,
3794,2026-05-08,SH601236,-0.09968458999782866,EXP_DEnsembleModel_Alpha158_csi300_custom_step0_s_20260508_14,246173a6588340aca285c143d7f0b30d,0.05,,,
3795,2026-05-08,SH688506,-0.07178403416065672,EXP_DEnsembleModel_Alpha158_csi300_custom_step0_s_20260508_14,6021f7ea601749e5b152eeac1097b282,0.065,,,
3796,2026-05-08,SH600025,0.00633827649643503,EXP_DEnsembleModel_Alpha158_csi300_custom_step0_s_20260508_14,246173a6588340aca285c143d7f0b30d,0.05,,,
3797,2026-05-08,SH600019,-0.014455516231713102,EXP_DEnsembleModel_Alpha158_csi300_custom_step0_s_20260508_14,246173a6588340aca285c143d7f0b30d,0.05,,,
3798,2026-05-08,SZ000625,-0.030282010650959788,EXP_DEnsembleModel_Alpha158_csi300_custom_step0_s_20260508_14,a1b6879c564241fca431ae8b3a2cc609,0.036,,,
3799,2026-05-08,SZ000630,0.0014398158729345813,EXP_DEnsembleModel_Alpha158_csi300_custom_step0_s_20260508_14,a1b6879c564241fca431ae8b3a2cc609,0.036,,,
3800,2026-05-08,SZ000651,0.024265393184478196,EXP_DEnsembleModel_Alpha158_csi300_custom_step0_s_20260508_14,a1b6879c564241fca431ae8b3a2cc609,0.036,,,
3801,2026-05-08,SZ000661,0.059774497072450895,EXP_DEnsembleModel_Alpha158_csi300_custom_step0_s_20260508_14,a1b6879c564241fca431ae8b3a2cc609,0.036,,,
3802,2026-05-08,SZ000708,0.033855728812404416,EXP_DEnsembleModel_Alpha158_csi300_custom_step0_s_20260508_14,a1b6879c564241fca431ae8b3a2cc609,0.036,,,
3803,2026-05-08,SZ000725,0.019646824377928505,EXP_DEnsembleModel_Alpha158_csi300_custom_step0_s_20260508_14,a1b6879c564241fca431ae8b3a2cc609,0.036,,,
3804,2026-05-08,SZ000768,0.014566953180930564,EXP_DEnsembleModel_Alpha158_csi300_custom_step0_s_20260508_14,a1b6879c564241fca431ae8b3a2cc609,0.036,,,
3805,2026-05-08,SZ000776,0.03041051896487662,EXP_DEnsembleModel_Alpha158_csi300_custom_step0_s_20260508_14,a1b6879c564241fca431ae8b3a2cc609,0.036,,,
3806,2026-05-08,SZ000786,-0.0016811642891754865,EXP_DEnsembleModel_Alpha158_csi300_custom_step0_s_20260508_14,a1b6879c564241fca431ae8b3a2cc609,0.036,,,
3807,2026-05-08,SZ000792,-0.035010803058971675,EXP_DEnsembleModel_Alpha158_csi300_custom_step0_s_20260508_14,a1b6879c564241fca431ae8b3a2cc609,0.036,,,
3808,2026-05-08,SZ000807,-0.03858928989106321,EXP_DEnsembleModel_Alpha158_csi300_custom_step0_s_20260508_14,a1b6879c564241fca431ae8b3a2cc609,0.036,,,
3809,2026-05-08,SZ000858,-0.006782259868645228,EXP_DEnsembleModel_Alpha158_csi300_custom_step0_s_20260508_14,a1b6879c564241fca431ae8b3a2cc609,0.036,,,
3810,2026-05-08,SZ000876,-0.005415717944905861,EXP_DEnsembleModel_Alpha158_csi300_custom_step0_s_20260508_14,a1b6879c564241fca431ae8b3a2cc609,0.036,,,
3811,2026-05-08,SZ000895,-0.05794484577466028,EXP_DEnsembleModel_Alpha158_csi300_custom_step0_s_20260508_14,a1b6879c564241fca431ae8b3a2cc609,0.036,,,
3812,2026-05-08,SZ000938,-0.026149138790065606,EXP_DEnsembleModel_Alpha158_csi300_custom_step0_s_20260508_14,a1b6879c564241fca431ae8b3a2cc609,0.036,,,
3813,2026-05-08,SZ000963,-0.04583532453716405,EXP_DEnsembleModel_Alpha158_csi300_custom_step0_s_20260508_14,a1b6879c564241fca431ae8b3a2cc609,0.036,,,
3814,2026-05-08,SZ000975,-0.06706605297836801,EXP_DEnsembleModel_Alpha158_csi300_custom_step0_s_20260508_14,a1b6879c564241fca431ae8b3a2cc609,0.036,,,
3815,2026-05-08,SZ002179,0.06239791730263616,EXP_DEnsembleModel_Alpha158_csi300_custom_step0_s_20260508_14,a1b6879c564241fca431ae8b3a2cc609,0.036,,,
3816,2026-05-08,SZ002142,0.07115440180171137,EXP_DEnsembleModel_Alpha158_csi300_custom_step0_s_20260508_14,a1b6879c564241fca431ae8b3a2cc609,0.036,,,
3817,2026-05-08,SZ002074,0.02081464119495007,EXP_DEnsembleModel_Alpha158_csi300_custom_step0_s_20260508_14,a1b6879c564241fca431ae8b3a2cc609,0.036,,,
3818,2026-05-08,SZ002050,0.1510680530301601,EXP_DEnsembleModel_Alpha158_csi300_custom_step0_s_20260508_14,a1b6879c564241fca431ae8b3a2cc609,0.036,,,
3819,2026-05-08,SZ002049,-0.09123073245848491,EXP_DEnsembleModel_Alpha158_csi300_custom_step0_s_20260508_14,a1b6879c564241fca431ae8b3a2cc609,0.036,,,
3820,2026-05-08,SZ002028,0.03377899104765576,EXP_DEnsembleModel_Alpha158_csi300_custom_step0_s_20260508_14,a1b6879c564241fca431ae8b3a2cc609,0.036,,,
3821,2026-05-08,SZ000617,-0.0551419959986356,EXP_DEnsembleModel_Alpha158_csi300_custom_step0_s_20260508_14,a1b6879c564241fca431ae8b3a2cc609,0.036,,,
3822,2026-05-08,SZ002027,0.01766425648433425,EXP_DEnsembleModel_Alpha158_csi300_custom_step0_s_20260508_14,a1b6879c564241fca431ae8b3a2cc609,0.036,,,
3823,2026-05-08,SZ001979,-0.013554207111882374,EXP_DEnsembleModel_Alpha158_csi300_custom_step0_s_20260508_14,a1b6879c564241fca431ae8b3a2cc609,0.036,,,
3824,2026-05-08,SZ001965,0.07947417271108902,EXP_DEnsembleModel_Alpha158_csi300_custom_step0_s_20260508_14,a1b6879c564241fca431ae8b3a2cc609,0.036,,,
3825,2026-05-08,SZ001391,-0.015257475549473255,EXP_DEnsembleModel_Alpha158_csi300_custom_step0_s_20260508_14,a1b6879c564241fca431ae8b3a2cc609,0.036,,,
3826,2026-05-08,SZ000999,-0.10441528831777576,EXP_DEnsembleModel_Alpha158_csi300_custom_step0_s_20260508_14,a1b6879c564241fca431ae8b3a2cc609,0.036,,,
3827,2026-05-08,SZ000983,-0.10154759774818153,EXP_DEnsembleModel_Alpha158_csi300_custom_step0_s_20260508_14,a1b6879c564241fca431ae8b3a2cc609,0.036,,,
3828,2026-05-08,SZ000977,0.16416838676147952,EXP_DEnsembleModel_Alpha158_csi300_custom_step0_s_20260508_14,a1b6879c564241fca431ae8b3a2cc609,0.036,,,
3829,2026-05-08,SZ002001,-0.03680820989431708,EXP_DEnsembleModel_Alpha158_csi300_custom_step0_s_20260508_14,a1b6879c564241fca431ae8b3a2cc609,0.036,,,
3830,2026-05-08,SZ002230,-0.004792973994326558,EXP_DEnsembleModel_Alpha158_csi300_custom_step0_s_20260508_14,a1b6879c564241fca431ae8b3a2cc609,0.036,,,
3831,2026-05-08,SZ000596,-0.04241402941690808,EXP_DEnsembleModel_Alpha158_csi300_custom_step0_s_20260508_14,a1b6879c564241fca431ae8b3a2cc609,0.036,,,
3832,2026-05-08,SZ000538,-0.004694718154896,EXP_DEnsembleModel_Alpha158_csi300_custom_step0_s_20260508_14,a1b6879c564241fca431ae8b3a2cc609,0.036,,,
3833,2026-05-08,SH605499,0.06988036351078773,EXP_DEnsembleModel_Alpha158_csi300_custom_step0_s_20260508_14,a1b6879c564241fca431ae8b3a2cc609,0.036,,,
3834,2026-05-08,SH688008,0.10062251891905044,EXP_DEnsembleModel_Alpha158_csi300_custom_step0_s_20260508_14,a1b6879c564241fca431ae8b3a2cc609,0.036,,,
3835,2026-05-08,SH688009,-0.0718137287985097,EXP_DEnsembleModel_Alpha158_csi300_custom_step0_s_20260508_14,a1b6879c564241fca431ae8b3a2cc609,0.036,,,
3836,2026-05-08,SH688012,-0.007776049936748369,EXP_DEnsembleModel_Alpha158_csi300_custom_step0_s_20260508_14,a1b6879c564241fca431ae8b3a2cc609,0.036,,,
3837,2026-05-08,SH688036,-0.08558653855067704,EXP_DEnsembleModel_Alpha158_csi300_custom_step0_s_20260508_14,a1b6879c564241fca431ae8b3a2cc609,0.036,,,
3838,2026-05-08,SH688041,-0.2990003787945639,EXP_DEnsembleModel_Alpha158_csi300_custom_step0_s_20260508_14,a1b6879c564241fca431ae8b3a2cc609,0.036,,,
3839,2026-05-08,SH688047,-0.02699971649347463,EXP_DEnsembleModel_Alpha158_csi300_custom_step0_s_20260508_14,a1b6879c564241fca431ae8b3a2cc609,0.036,,,
3840,2026-05-08,SH688082,-0.05944005500810526,EXP_DEnsembleModel_Alpha158_csi300_custom_step0_s_20260508_14,a1b6879c564241fca431ae8b3a2cc609,0.036,,,
3841,2026-05-08,SH688111,-0.15077357951941997,EXP_DEnsembleModel_Alpha158_csi300_custom_step0_s_20260508_14,a1b6879c564241fca431ae8b3a2cc609,0.036,,,
3842,2026-05-08,SH688126,0.015316582136167694,EXP_DEnsembleModel_Alpha158_csi300_custom_step0_s_20260508_14,a1b6879c564241fca431ae8b3a2cc609,0.036,,,
3843,2026-05-08,SH688169,0.0486406451787699,EXP_DEnsembleModel_Alpha158_csi300_custom_step0_s_20260508_14,a1b6879c564241fca431ae8b3a2cc609,0.036,,,
3844,2026-05-08,SH688187,0.010904367969983883,EXP_DEnsembleModel_Alpha158_csi300_custom_step0_s_20260508_14,a1b6879c564241fca431ae8b3a2cc609,0.036,,,
3845,2026-05-08,SH688223,0.0686132207889807,EXP_DEnsembleModel_Alpha158_csi300_custom_step0_s_20260508_14,a1b6879c564241fca431ae8b3a2cc609,0.036,,,
3846,2026-05-08,SH688256,-0.21279195459453037,EXP_DEnsembleModel_Alpha158_csi300_custom_step0_s_20260508_14,a1b6879c564241fca431ae8b3a2cc609,0.036,,,
3847,2026-05-08,SH688271,-0.07656979763850191,EXP_DEnsembleModel_Alpha158_csi300_custom_step0_s_20260508_14,a1b6879c564241fca431ae8b3a2cc609,0.036,,,
3848,2026-05-08,SH688303,-0.06205581990651903,EXP_DEnsembleModel_Alpha158_csi300_custom_step0_s_20260508_14,a1b6879c564241fca431ae8b3a2cc609,0.036,,,
3849,2026-05-08,SH688396,0.02274633483632198,EXP_DEnsembleModel_Alpha158_csi300_custom_step0_s_20260508_14,a1b6879c564241fca431ae8b3a2cc609,0.036,,,
3850,2026-05-08,SZ000425,-0.05322280136939075,EXP_DEnsembleModel_Alpha158_csi300_custom_step0_s_20260508_14,a1b6879c564241fca431ae8b3a2cc609,0.036,,,
3851,2026-05-08,SZ000408,0.03114821165864415,EXP_DEnsembleModel_Alpha158_csi300_custom_step0_s_20260508_14,a1b6879c564241fca431ae8b3a2cc609,0.036,,,
3852,2026-05-08,SZ000338,-0.3148918065935219,EXP_DEnsembleModel_Alpha158_csi300_custom_step0_s_20260508_14,a1b6879c564241fca431ae8b3a2cc609,0.036,,,
3853,2026-05-08,SZ000333,0.09246113886784149,EXP_DEnsembleModel_Alpha158_csi300_custom_step0_s_20260508_14,a1b6879c564241fca431ae8b3a2cc609,0.036,,,
3854,2026-05-08,SZ000301,0.06021581147435072,EXP_DEnsembleModel_Alpha158_csi300_custom_step0_s_20260508_14,a1b6879c564241fca431ae8b3a2cc609,0.036,,,
3855,2026-05-08,SZ000166,0.06439994923752572,EXP_DEnsembleModel_Alpha158_csi300_custom_step0_s_20260508_14,a1b6879c564241fca431ae8b3a2cc609,0.036,,,
3856,2026-05-08,SZ000568,0.02274131934362296,EXP_DEnsembleModel_Alpha158_csi300_custom_step0_s_20260508_14,a1b6879c564241fca431ae8b3a2cc609,0.036,,,
3857,2026-05-08,SZ000157,-0.013397763321005458,EXP_DEnsembleModel_Alpha158_csi300_custom_step0_s_20260508_14,a1b6879c564241fca431ae8b3a2cc609,0.036,,,
3858,2026-05-08,SZ000063,-0.030485320940389322,EXP_DEnsembleModel_Alpha158_csi300_custom_step0_s_20260508_14,a1b6879c564241fca431ae8b3a2cc609,0.036,,,
3859,2026-05-08,SZ000002,-0.017988303987729857,EXP_DEnsembleModel_Alpha158_csi300_custom_step0_s_20260508_14,a1b6879c564241fca431ae8b3a2cc609,0.036,,,
3860,2026-05-08,SZ000001,0.027803809178349608,EXP_DEnsembleModel_Alpha158_csi300_custom_step0_s_20260508_14,a1b6879c564241fca431ae8b3a2cc609,0.036,,,
3861,2026-05-08,SH688981,-0.14267347153563337,EXP_DEnsembleModel_Alpha158_csi300_custom_step0_s_20260508_14,a1b6879c564241fca431ae8b3a2cc609,0.036,,,
3862,2026-05-08,SH688506,-0.05231952764319311,EXP_DEnsembleModel_Alpha158_csi300_custom_step0_s_20260508_14,a1b6879c564241fca431ae8b3a2cc609,0.036,,,
3863,2026-05-08,SH688472,-0.027996849315069572,EXP_DEnsembleModel_Alpha158_csi300_custom_step0_s_20260508_14,a1b6879c564241fca431ae8b3a2cc609,0.036,,,
3864,2026-05-08,SZ000100,0.013245445155024124,EXP_DEnsembleModel_Alpha158_csi300_custom_step0_s_20260508_14,a1b6879c564241fca431ae8b3a2cc609,0.036,,,
3865,2026-05-08,SZ002236,0.02827771630772573,EXP_DEnsembleModel_Alpha158_csi300_custom_step0_s_20260508_14,a1b6879c564241fca431ae8b3a2cc609,0.036,,,
3866,2026-05-08,SZ002241,0.10789904504610039,EXP_DEnsembleModel_Alpha158_csi300_custom_step0_s_20260508_14,a1b6879c564241fca431ae8b3a2cc609,0.036,,,
3867,2026-05-08,SZ002252,-0.00043346675121886514,EXP_DEnsembleModel_Alpha158_csi300_custom_step0_s_20260508_14,a1b6879c564241fca431ae8b3a2cc609,0.036,,,
3868,2026-05-08,SZ300394,-0.006797252089222356,EXP_DEnsembleModel_Alpha158_csi300_custom_step0_s_20260508_14,a1b6879c564241fca431ae8b3a2cc609,0.036,,,
3869,2026-05-08,SZ300408,-0.032043926505351636,EXP_DEnsembleModel_Alpha158_csi300_custom_step0_s_20260508_14,a1b6879c564241fca431ae8b3a2cc609,0.036,,,
3870,2026-05-08,SZ300413,-0.06059254203685839,EXP_DEnsembleModel_Alpha158_csi300_custom_step0_s_20260508_14,a1b6879c564241fca431ae8b3a2cc609,0.036,,,
3871,2026-05-08,SZ300418,-0.15741930133186535,EXP_DEnsembleModel_Alpha158_csi300_custom_step0_s_20260508_14,a1b6879c564241fca431ae8b3a2cc609,0.036,,,
3872,2026-05-08,SZ300433,-0.0722931783568012,EXP_DEnsembleModel_Alpha158_csi300_custom_step0_s_20260508_14,a1b6879c564241fca431ae8b3a2cc609,0.036,,,
3873,2026-05-08,SZ300442,0.13167168618317318,EXP_DEnsembleModel_Alpha158_csi300_custom_step0_s_20260508_14,a1b6879c564241fca431ae8b3a2cc609,0.036,,,
3874,2026-05-08,SZ300476,0.21064198031852932,EXP_DEnsembleModel_Alpha158_csi300_custom_step0_s_20260508_14,a1b6879c564241fca431ae8b3a2cc609,0.036,,,
3875,2026-05-08,SZ300498,0.06252697448261667,EXP_DEnsembleModel_Alpha158_csi300_custom_step0_s_20260508_14,a1b6879c564241fca431ae8b3a2cc609,0.036,,,
3876,2026-05-08,SZ300502,0.00433849635546155,EXP_DEnsembleModel_Alpha158_csi300_custom_step0_s_20260508_14,a1b6879c564241fca431ae8b3a2cc609,0.036,,,
3877,2026-05-08,SZ300628,0.02098298886089005,EXP_DEnsembleModel_Alpha158_csi300_custom_step0_s_20260508_14,a1b6879c564241fca431ae8b3a2cc609,0.036,,,
3878,2026-05-08,SZ300661,0.07628817903802744,EXP_DEnsembleModel_Alpha158_csi300_custom_step0_s_20260508_14,a1b6879c564241fca431ae8b3a2cc609,0.036,,,
3879,2026-05-08,SZ300750,0.07396460760953646,EXP_DEnsembleModel_Alpha158_csi300_custom_step0_s_20260508_14,a1b6879c564241fca431ae8b3a2cc609,0.036,,,
3880,2026-05-08,SZ300759,-0.10101742368296582,EXP_DEnsembleModel_Alpha158_csi300_custom_step0_s_20260508_14,a1b6879c564241fca431ae8b3a2cc609,0.036,,,
3881,2026-05-08,SZ300760,0.05369221588970837,EXP_DEnsembleModel_Alpha158_csi300_custom_step0_s_20260508_14,a1b6879c564241fca431ae8b3a2cc609,0.036,,,
3882,2026-05-08,SZ300782,0.1925939236078982,EXP_DEnsembleModel_Alpha158_csi300_custom_step0_s_20260508_14,a1b6879c564241fca431ae8b3a2cc609,0.036,,,
3883,2026-05-08,SZ300803,-0.0563592632919321,EXP_DEnsembleModel_Alpha158_csi300_custom_step0_s_20260508_14,a1b6879c564241fca431ae8b3a2cc609,0.036,,,
3884,2026-05-08,SZ300832,0.0057679214537090856,EXP_DEnsembleModel_Alpha158_csi300_custom_step0_s_20260508_14,a1b6879c564241fca431ae8b3a2cc609,0.036,,,
3885,2026-05-08,SH600018,-0.039639493684478416,EXP_DEnsembleModel_Alpha158_csi300_custom_step0_s_20260508_14,246173a6588340aca285c143d7f0b30d,0.05,,,
3886,2026-05-08,SH600016,-0.06584837590871377,EXP_DEnsembleModel_Alpha158_csi300_custom_step0_s_20260508_14,246173a6588340aca285c143d7f0b30d,0.05,,,
3887,2026-05-08,SH600015,-0.036011655620153876,EXP_DEnsembleModel_Alpha158_csi300_custom_step0_s_20260508_14,246173a6588340aca285c143d7f0b30d,0.05,,,
3888,2026-05-08,SH600011,0.003577238272988844,EXP_DEnsembleModel_Alpha158_csi300_custom_step0_s_20260508_14,246173a6588340aca285c143d7f0b30d,0.05,,,
3889,2026-05-08,SH600010,0.11741486468689324,EXP_DEnsembleModel_Alpha158_csi300_custom_step0_s_20260508_14,246173a6588340aca285c143d7f0b30d,0.05,,,
3890,2026-05-08,SH600009,-0.05941698884693361,EXP_DEnsembleModel_Alpha158_csi300_custom_step0_s_20260508_14,246173a6588340aca285c143d7f0b30d,0.05,,,
3891,2026-05-08,SZ300347,-0.07089148075311504,EXP_DEnsembleModel_Alpha158_csi300_custom_step0_s_20260508_14,a1b6879c564241fca431ae8b3a2cc609,0.036,,,
3892,2026-05-08,SH600000,-0.04781416071535787,EXP_DEnsembleModel_Alpha158_csi300_custom_step0_s_20260508_14,246173a6588340aca285c143d7f0b30d,0.05,,,
3893,2026-05-08,SZ301269,-0.105886319107467,EXP_DEnsembleModel_Alpha158_csi300_custom_step0_s_20260508_14,a1b6879c564241fca431ae8b3a2cc609,0.036,,,
3894,2026-05-08,SZ301236,-0.1720041047383498,EXP_DEnsembleModel_Alpha158_csi300_custom_step0_s_20260508_14,a1b6879c564241fca431ae8b3a2cc609,0.036,,,
3895,2026-05-08,SZ300999,0.07623921471022184,EXP_DEnsembleModel_Alpha158_csi300_custom_step0_s_20260508_14,a1b6879c564241fca431ae8b3a2cc609,0.036,,,
3896,2026-05-08,SZ300979,0.0038463445383297252,EXP_DEnsembleModel_Alpha158_csi300_custom_step0_s_20260508_14,a1b6879c564241fca431ae8b3a2cc609,0.036,,,
3897,2026-05-08,SZ300896,0.02095725810457232,EXP_DEnsembleModel_Alpha158_csi300_custom_step0_s_20260508_14,a1b6879c564241fca431ae8b3a2cc609,0.036,,,
3898,2026-05-08,SZ300866,-0.004597057198582789,EXP_DEnsembleModel_Alpha158_csi300_custom_step0_s_20260508_14,a1b6879c564241fca431ae8b3a2cc609,0.036,,,
3899,2026-05-08,SZ302132,0.03858242983223733,EXP_DEnsembleModel_Alpha158_csi300_custom_step0_s_20260508_14,a1b6879c564241fca431ae8b3a2cc609,0.036,,,
3900,2026-05-08,SZ300316,-0.09145197756093516,EXP_DEnsembleModel_Alpha158_csi300_custom_step0_s_20260508_14,a1b6879c564241fca431ae8b3a2cc609,0.036,,,
3901,2026-05-08,SZ300308,0.043727380084348254,EXP_DEnsembleModel_Alpha158_csi300_custom_step0_s_20260508_14,a1b6879c564241fca431ae8b3a2cc609,0.036,,,
3902,2026-05-08,SZ300274,0.052240732931919005,EXP_DEnsembleModel_Alpha158_csi300_custom_step0_s_20260508_14,a1b6879c564241fca431ae8b3a2cc609,0.036,,,
3903,2026-05-08,SZ002594,0.009187108926010263,EXP_DEnsembleModel_Alpha158_csi300_custom_step0_s_20260508_14,a1b6879c564241fca431ae8b3a2cc609,0.036,,,
3904,2026-05-08,SZ002493,-0.09045542283335767,EXP_DEnsembleModel_Alpha158_csi300_custom_step0_s_20260508_14,a1b6879c564241fca431ae8b3a2cc609,0.036,,,
3905,2026-05-08,SZ002475,0.2168606384814025,EXP_DEnsembleModel_Alpha158_csi300_custom_step0_s_20260508_14,a1b6879c564241fca431ae8b3a2cc609,0.036,,,
3906,2026-05-08,SZ002466,0.06357554074632077,EXP_DEnsembleModel_Alpha158_csi300_custom_step0_s_20260508_14,a1b6879c564241fca431ae8b3a2cc609,0.036,,,
3907,2026-05-08,SZ002463,0.059962378698711134,EXP_DEnsembleModel_Alpha158_csi300_custom_step0_s_20260508_14,a1b6879c564241fca431ae8b3a2cc609,0.036,,,
3908,2026-05-08,SZ002460,-0.05691656526274237,EXP_DEnsembleModel_Alpha158_csi300_custom_step0_s_20260508_14,a1b6879c564241fca431ae8b3a2cc609,0.036,,,
3909,2026-05-08,SZ002600,0.1235826477616301,EXP_DEnsembleModel_Alpha158_csi300_custom_step0_s_20260508_14,a1b6879c564241fca431ae8b3a2cc609,0.036,,,
3910,2026-05-08,SZ002459,-0.05270152234451675,EXP_DEnsembleModel_Alpha158_csi300_custom_step0_s_20260508_14,a1b6879c564241fca431ae8b3a2cc609,0.036,,,
3911,2026-05-08,SZ002415,-0.08055447665425096,EXP_DEnsembleModel_Alpha158_csi300_custom_step0_s_20260508_14,a1b6879c564241fca431ae8b3a2cc609,0.036,,,
3912,2026-05-08,SZ002384,-0.15248689946551472,EXP_DEnsembleModel_Alpha158_csi300_custom_step0_s_20260508_14,a1b6879c564241fca431ae8b3a2cc609,0.036,,,
3913,2026-05-08,SZ002371,-0.014006362702574446,EXP_DEnsembleModel_Alpha158_csi300_custom_step0_s_20260508_14,a1b6879c564241fca431ae8b3a2cc609,0.036,,,
3914,2026-05-08,SZ002352,0.11092680240932067,EXP_DEnsembleModel_Alpha158_csi300_custom_step0_s_20260508_14,a1b6879c564241fca431ae8b3a2cc609,0.036,,,
3915,2026-05-08,SZ002311,-0.09398162754203461,EXP_DEnsembleModel_Alpha158_csi300_custom_step0_s_20260508_14,a1b6879c564241fca431ae8b3a2cc609,0.036,,,
3916,2026-05-08,SZ002304,0.0048723144555412115,EXP_DEnsembleModel_Alpha158_csi300_custom_step0_s_20260508_14,a1b6879c564241fca431ae8b3a2cc609,0.036,,,
3917,2026-05-08,SZ002422,0.07977737732576623,EXP_DEnsembleModel_Alpha158_csi300_custom_step0_s_20260508_14,a1b6879c564241fca431ae8b3a2cc609,0.036,,,
3918,2026-05-08,SH600023,0.061450970217940194,EXP_DEnsembleModel_Alpha158_csi300_custom_step0_s_20260508_14,246173a6588340aca285c143d7f0b30d,0.05,,,
3919,2026-05-08,SZ002601,0.006114618640634635,EXP_DEnsembleModel_Alpha158_csi300_custom_step0_s_20260508_14,a1b6879c564241fca431ae8b3a2cc609,0.036,,,
3920,2026-05-08,SZ002648,-0.04764872930433909,EXP_DEnsembleModel_Alpha158_csi300_custom_step0_s_20260508_14,a1b6879c564241fca431ae8b3a2cc609,0.036,,,
3921,2026-05-08,SZ300251,-0.05647879919795991,EXP_DEnsembleModel_Alpha158_csi300_custom_step0_s_20260508_14,a1b6879c564241fca431ae8b3a2cc609,0.036,,,
3922,2026-05-08,SZ300124,-0.1337856087682551,EXP_DEnsembleModel_Alpha158_csi300_custom_step0_s_20260508_14,a1b6879c564241fca431ae8b3a2cc609,0.036,,,
3923,2026-05-08,SZ300122,0.024678495258227295,EXP_DEnsembleModel_Alpha158_csi300_custom_step0_s_20260508_14,a1b6879c564241fca431ae8b3a2cc609,0.036,,,
3924,2026-05-08,SZ300059,-0.01742807459585863,EXP_DEnsembleModel_Alpha158_csi300_custom_step0_s_20260508_14,a1b6879c564241fca431ae8b3a2cc609,0.036,,,
3925,2026-05-08,SZ300033,-0.029753276105324203,EXP_DEnsembleModel_Alpha158_csi300_custom_step0_s_20260508_14,a1b6879c564241fca431ae8b3a2cc609,0.036,,,
3926,2026-05-08,SZ300015,-0.09469233134137119,EXP_DEnsembleModel_Alpha158_csi300_custom_step0_s_20260508_14,a1b6879c564241fca431ae8b3a2cc609,0.036,,,
3927,2026-05-08,SZ002625,0.007965055937456863,EXP_DEnsembleModel_Alpha158_csi300_custom_step0_s_20260508_14,a1b6879c564241fca431ae8b3a2cc609,0.036,,,
3928,2026-05-08,SZ300014,-0.1078224109229067,EXP_DEnsembleModel_Alpha158_csi300_custom_step0_s_20260508_14,a1b6879c564241fca431ae8b3a2cc609,0.036,,,
3929,2026-05-08,SZ002938,0.08393835964219738,EXP_DEnsembleModel_Alpha158_csi300_custom_step0_s_20260508_14,a1b6879c564241fca431ae8b3a2cc609,0.036,,,
3930,2026-05-08,SZ002920,-0.04553810518004296,EXP_DEnsembleModel_Alpha158_csi300_custom_step0_s_20260508_14,a1b6879c564241fca431ae8b3a2cc609,0.036,,,
3931,2026-05-08,SZ002916,0.10002203585486026,EXP_DEnsembleModel_Alpha158_csi300_custom_step0_s_20260508_14,a1b6879c564241fca431ae8b3a2cc609,0.036,,,
3932,2026-05-08,SZ002736,-0.014472271330389733,EXP_DEnsembleModel_Alpha158_csi300_custom_step0_s_20260508_14,a1b6879c564241fca431ae8b3a2cc609,0.036,,,
3933,2026-05-08,SZ002714,0.02186561058605688,EXP_DEnsembleModel_Alpha158_csi300_custom_step0_s_20260508_14,a1b6879c564241fca431ae8b3a2cc609,0.036,,,
3934,2026-05-08,SZ002709,-0.12522953995558664,EXP_DEnsembleModel_Alpha158_csi300_custom_step0_s_20260508_14,a1b6879c564241fca431ae8b3a2cc609,0.036,,,
3935,2026-05-08,SZ003816,0.09705884330462441,EXP_DEnsembleModel_Alpha158_csi300_custom_step0_s_20260508_14,a1b6879c564241fca431ae8b3a2cc609,0.036,,,
3936,2026-05-08,SZ301269,-0.06304112076759338,EXP_XGBModel_Alpha158_csi300_custom_step0_s_20260508_14,c17da3e0d27c447085f9585e44ded444,0.146,,,
3937,2026-05-08,SH688472,-0.0474088769019866,EXP_DEnsembleModel_Alpha158_csi300_custom_step0_s_20260508_14,6021f7ea601749e5b152eeac1097b282,0.065,,,
3938,2026-05-08,SH688303,-0.17050680190379738,EXP_DEnsembleModel_Alpha158_csi300_custom_step0_s_20260508_14,6021f7ea601749e5b152eeac1097b282,0.065,,,
3939,2026-05-08,SH601211,0.0313300230220048,EXP_DEnsembleModel_Alpha158_csi300_custom_step0_s_20260508_14,c36e8b85095e4d838c182bcee1908cc2,0.066,,,
3940,2026-05-08,SH601225,-0.012959557849749679,EXP_DEnsembleModel_Alpha158_csi300_custom_step0_s_20260508_14,c36e8b85095e4d838c182bcee1908cc2,0.066,,,
3941,2026-05-08,SH601229,0.01007716501463731,EXP_DEnsembleModel_Alpha158_csi300_custom_step0_s_20260508_14,c36e8b85095e4d838c182bcee1908cc2,0.066,,,
3942,2026-05-08,SH601236,0.07281310237359855,EXP_DEnsembleModel_Alpha158_csi300_custom_step0_s_20260508_14,c36e8b85095e4d838c182bcee1908cc2,0.066,,,
3943,2026-05-08,SH601238,0.07811396389662342,EXP_DEnsembleModel_Alpha158_csi300_custom_step0_s_20260508_14,c36e8b85095e4d838c182bcee1908cc2,0.066,,,
3944,2026-05-08,SH601288,-0.008143996060682097,EXP_DEnsembleModel_Alpha158_csi300_custom_step0_s_20260508_14,c36e8b85095e4d838c182bcee1908cc2,0.066,,,
3945,2026-05-08,SH601298,0.095920670841286,EXP_DEnsembleModel_Alpha158_csi300_custom_step0_s_20260508_14,c36e8b85095e4d838c182bcee1908cc2,0.066,,,
3946,2026-05-08,SH601318,0.15921670637046093,EXP_DEnsembleModel_Alpha158_csi300_custom_step0_s_20260508_14,c36e8b85095e4d838c182bcee1908cc2,0.066,,,
3947,2026-05-08,SH601319,0.01668519984518656,EXP_DEnsembleModel_Alpha158_csi300_custom_step0_s_20260508_14,c36e8b85095e4d838c182bcee1908cc2,0.066,,,
3948,2026-05-08,SH601328,0.09039927127331651,EXP_DEnsembleModel_Alpha158_csi300_custom_step0_s_20260508_14,c36e8b85095e4d838c182bcee1908cc2,0.066,,,
3949,2026-05-08,SH601336,-0.008531191257041494,EXP_DEnsembleModel_Alpha158_csi300_custom_step0_s_20260508_14,c36e8b85095e4d838c182bcee1908cc2,0.066,,,
3950,2026-05-08,SH601360,-0.06899821166511665,EXP_DEnsembleModel_Alpha158_csi300_custom_step0_s_20260508_14,c36e8b85095e4d838c182bcee1908cc2,0.066,,,
3951,2026-05-08,SH601377,0.08476875622091311,EXP_DEnsembleModel_Alpha158_csi300_custom_step0_s_20260508_14,c36e8b85095e4d838c182bcee1908cc2,0.066,,,
3952,2026-05-08,SH601390,0.07372558023429304,EXP_DEnsembleModel_Alpha158_csi300_custom_step0_s_20260508_14,c36e8b85095e4d838c182bcee1908cc2,0.066,,,
3953,2026-05-08,SH601398,0.10721332104028884,EXP_DEnsembleModel_Alpha158_csi300_custom_step0_s_20260508_14,c36e8b85095e4d838c182bcee1908cc2,0.066,,,
3954,2026-05-08,SH601456,0.10411900668599527,EXP_DEnsembleModel_Alpha158_csi300_custom_step0_s_20260508_14,c36e8b85095e4d838c182bcee1908cc2,0.066,,,
3955,2026-05-08,SH601600,-0.1008169298960416,EXP_DEnsembleModel_Alpha158_csi300_custom_step0_s_20260508_14,c36e8b85095e4d838c182bcee1908cc2,0.066,,,
3956,2026-05-08,SH601788,0.08308723949040556,EXP_DEnsembleModel_Alpha158_csi300_custom_step0_s_20260508_14,c36e8b85095e4d838c182bcee1908cc2,0.066,,,
3957,2026-05-08,SH601766,0.06535992021472688,EXP_DEnsembleModel_Alpha158_csi300_custom_step0_s_20260508_14,c36e8b85095e4d838c182bcee1908cc2,0.066,,,
3958,2026-05-08,SH601728,0.053592703098705584,EXP_DEnsembleModel_Alpha158_csi300_custom_step0_s_20260508_14,c36e8b85095e4d838c182bcee1908cc2,0.066,,,
3959,2026-05-08,SH601698,-0.006511983540296672,EXP_DEnsembleModel_Alpha158_csi300_custom_step0_s_20260508_14,c36e8b85095e4d838c182bcee1908cc2,0.066,,,
3960,2026-05-08,SH601689,-0.11155126130471764,EXP_DEnsembleModel_Alpha158_csi300_custom_step0_s_20260508_14,c36e8b85095e4d838c182bcee1908cc2,0.066,,,
3961,2026-05-08,SH601688,0.030601567064451468,EXP_DEnsembleModel_Alpha158_csi300_custom_step0_s_20260508_14,c36e8b85095e4d838c182bcee1908cc2,0.066,,,
3962,2026-05-08,SH601186,0.04284107563628128,EXP_DEnsembleModel_Alpha158_csi300_custom_step0_s_20260508_14,c36e8b85095e4d838c182bcee1908cc2,0.066,,,
3963,2026-05-08,SH601669,-0.03785439214708109,EXP_DEnsembleModel_Alpha158_csi300_custom_step0_s_20260508_14,c36e8b85095e4d838c182bcee1908cc2,0.066,,,
3964,2026-05-08,SH601658,0.06946209192604717,EXP_DEnsembleModel_Alpha158_csi300_custom_step0_s_20260508_14,c36e8b85095e4d838c182bcee1908cc2,0.066,,,
3965,2026-05-08,SH601633,0.018975899440550677,EXP_DEnsembleModel_Alpha158_csi300_custom_step0_s_20260508_14,c36e8b85095e4d838c182bcee1908cc2,0.066,,,
3966,2026-05-08,SH601628,0.04467541079267793,EXP_DEnsembleModel_Alpha158_csi300_custom_step0_s_20260508_14,c36e8b85095e4d838c182bcee1908cc2,0.066,,,
3967,2026-05-08,SH601618,0.06978212290877926,EXP_DEnsembleModel_Alpha158_csi300_custom_step0_s_20260508_14,c36e8b85095e4d838c182bcee1908cc2,0.066,,,
3968,2026-05-08,SH601607,0.09752432049481648,EXP_DEnsembleModel_Alpha158_csi300_custom_step0_s_20260508_14,c36e8b85095e4d838c182bcee1908cc2,0.066,,,
3969,2026-05-08,SH601601,0.042669225047527126,EXP_DEnsembleModel_Alpha158_csi300_custom_step0_s_20260508_14,c36e8b85095e4d838c182bcee1908cc2,0.066,,,
3970,2026-05-08,SH601668,0.10731452406893718,EXP_DEnsembleModel_Alpha158_csi300_custom_step0_s_20260508_14,c36e8b85095e4d838c182bcee1908cc2,0.066,,,
3971,2026-05-08,SH601800,-0.00572085507177949,EXP_DEnsembleModel_Alpha158_csi300_custom_step0_s_20260508_14,c36e8b85095e4d838c182bcee1908cc2,0.066,,,
3972,2026-05-08,SH601169,0.059025288949396376,EXP_DEnsembleModel_Alpha158_csi300_custom_step0_s_20260508_14,c36e8b85095e4d838c182bcee1908cc2,0.066,,,
3973,2026-05-08,SH601138,-0.16254034424061595,EXP_DEnsembleModel_Alpha158_csi300_custom_step0_s_20260508_14,c36e8b85095e4d838c182bcee1908cc2,0.066,,,
3974,2026-05-08,SH600845,0.07673481116216638,EXP_DEnsembleModel_Alpha158_csi300_custom_step0_s_20260508_14,c36e8b85095e4d838c182bcee1908cc2,0.066,,,
3975,2026-05-08,SH600875,-0.1324522554776302,EXP_DEnsembleModel_Alpha158_csi300_custom_step0_s_20260508_14,c36e8b85095e4d838c182bcee1908cc2,0.066,,,
3976,2026-05-08,SH600886,0.09013433844244405,EXP_DEnsembleModel_Alpha158_csi300_custom_step0_s_20260508_14,c36e8b85095e4d838c182bcee1908cc2,0.066,,,
3977,2026-05-08,SH600887,0.05227607102179775,EXP_DEnsembleModel_Alpha158_csi300_custom_step0_s_20260508_14,c36e8b85095e4d838c182bcee1908cc2,0.066,,,
3978,2026-05-08,SH600893,0.024982967347198726,EXP_DEnsembleModel_Alpha158_csi300_custom_step0_s_20260508_14,c36e8b85095e4d838c182bcee1908cc2,0.066,,,
3979,2026-05-08,SH600900,0.11785706796048147,EXP_DEnsembleModel_Alpha158_csi300_custom_step0_s_20260508_14,c36e8b85095e4d838c182bcee1908cc2,0.066,,,
3980,2026-05-08,SH600905,0.016196668826270976,EXP_DEnsembleModel_Alpha158_csi300_custom_step0_s_20260508_14,c36e8b85095e4d838c182bcee1908cc2,0.066,,,
3981,2026-05-08,SH600918,0.07652701834886749,EXP_DEnsembleModel_Alpha158_csi300_custom_step0_s_20260508_14,c36e8b85095e4d838c182bcee1908cc2,0.066,,,
3982,2026-05-08,SH600919,0.07332162301652208,EXP_DEnsembleModel_Alpha158_csi300_custom_step0_s_20260508_14,c36e8b85095e4d838c182bcee1908cc2,0.066,,,
3983,2026-05-08,SH600926,0.08899944292046832,EXP_DEnsembleModel_Alpha158_csi300_custom_step0_s_20260508_14,c36e8b85095e4d838c182bcee1908cc2,0.066,,,
3984,2026-05-08,SH600930,-0.04488041905128871,EXP_DEnsembleModel_Alpha158_csi300_custom_step0_s_20260508_14,c36e8b85095e4d838c182bcee1908cc2,0.066,,,
3985,2026-05-08,SH600938,0.013802573959042145,EXP_DEnsembleModel_Alpha158_csi300_custom_step0_s_20260508_14,c36e8b85095e4d838c182bcee1908cc2,0.066,,,
3986,2026-05-08,SH600941,0.1001134150019457,EXP_DEnsembleModel_Alpha158_csi300_custom_step0_s_20260508_14,c36e8b85095e4d838c182bcee1908cc2,0.066,,,
3987,2026-05-08,SH600958,0.04223265317282058,EXP_DEnsembleModel_Alpha158_csi300_custom_step0_s_20260508_14,c36e8b85095e4d838c182bcee1908cc2,0.066,,,
3988,2026-05-08,SH600989,0.018529530596338824,EXP_DEnsembleModel_Alpha158_csi300_custom_step0_s_20260508_14,c36e8b85095e4d838c182bcee1908cc2,0.066,,,
3989,2026-05-08,SH600999,0.1168763106916016,EXP_DEnsembleModel_Alpha158_csi300_custom_step0_s_20260508_14,c36e8b85095e4d838c182bcee1908cc2,0.066,,,
3990,2026-05-08,SH601006,0.1574103432112958,EXP_DEnsembleModel_Alpha158_csi300_custom_step0_s_20260508_14,c36e8b85095e4d838c182bcee1908cc2,0.066,,,
3991,2026-05-08,SH601136,0.12435895599794176,EXP_DEnsembleModel_Alpha158_csi300_custom_step0_s_20260508_14,c36e8b85095e4d838c182bcee1908cc2,0.066,,,
3992,2026-05-08,SH601127,-0.032054610999587035,EXP_DEnsembleModel_Alpha158_csi300_custom_step0_s_20260508_14,c36e8b85095e4d838c182bcee1908cc2,0.066,,,
3993,2026-05-08,SH601117,-0.06750471677452355,EXP_DEnsembleModel_Alpha158_csi300_custom_step0_s_20260508_14,c36e8b85095e4d838c182bcee1908cc2,0.066,,,
3994,2026-05-08,SH601111,0.025077855770139698,EXP_DEnsembleModel_Alpha158_csi300_custom_step0_s_20260508_14,c36e8b85095e4d838c182bcee1908cc2,0.066,,,
3995,2026-05-08,SH601100,-0.12587484914833333,EXP_DEnsembleModel_Alpha158_csi300_custom_step0_s_20260508_14,c36e8b85095e4d838c182bcee1908cc2,0.066,,,
3996,2026-05-08,SH601088,-0.011270534547696467,EXP_DEnsembleModel_Alpha158_csi300_custom_step0_s_20260508_14,c36e8b85095e4d838c182bcee1908cc2,0.066,,,
3997,2026-05-08,SH601166,0.051278876286382266,EXP_DEnsembleModel_Alpha158_csi300_custom_step0_s_20260508_14,c36e8b85095e4d838c182bcee1908cc2,0.066,,,
3998,2026-05-08,SH601077,0.10694558092118399,EXP_DEnsembleModel_Alpha158_csi300_custom_step0_s_20260508_14,c36e8b85095e4d838c182bcee1908cc2,0.066,,,
3999,2026-05-08,SH601059,0.11074353424879656,EXP_DEnsembleModel_Alpha158_csi300_custom_step0_s_20260508_14,c36e8b85095e4d838c182bcee1908cc2,0.066,,,
4000,2026-05-08,SH601058,-0.04966355978142246,EXP_DEnsembleModel_Alpha158_csi300_custom_step0_s_20260508_14,c36e8b85095e4d838c182bcee1908cc2,0.066,,,
4001,2026-05-08,SH601021,-0.00028613773509776017,EXP_DEnsembleModel_Alpha158_csi300_custom_step0_s_20260508_14,c36e8b85095e4d838c182bcee1908cc2,0.066,,,
4002,2026-05-08,SH601018,0.014728450025740428,EXP_DEnsembleModel_Alpha158_csi300_custom_step0_s_20260508_14,c36e8b85095e4d838c182bcee1908cc2,0.066,,,
4003,2026-05-08,SH601012,-0.030221800446782875,EXP_DEnsembleModel_Alpha158_csi300_custom_step0_s_20260508_14,c36e8b85095e4d838c182bcee1908cc2,0.066,,,
4004,2026-05-08,SH601009,0.10447233377888042,EXP_DEnsembleModel_Alpha158_csi300_custom_step0_s_20260508_14,c36e8b85095e4d838c182bcee1908cc2,0.066,,,
4005,2026-05-08,SH601066,0.07680874395111832,EXP_DEnsembleModel_Alpha158_csi300_custom_step0_s_20260508_14,c36e8b85095e4d838c182bcee1908cc2,0.066,,,
4006,2026-05-08,SH600809,-0.03208294048784359,EXP_DEnsembleModel_Alpha158_csi300_custom_step0_s_20260508_14,c36e8b85095e4d838c182bcee1908cc2,0.066,,,
4007,2026-05-08,SH601808,-0.048705175361069865,EXP_DEnsembleModel_Alpha158_csi300_custom_step0_s_20260508_14,c36e8b85095e4d838c182bcee1908cc2,0.066,,,
4008,2026-05-08,SH601818,0.05915514054254674,EXP_DEnsembleModel_Alpha158_csi300_custom_step0_s_20260508_14,c36e8b85095e4d838c182bcee1908cc2,0.066,,,
4009,2026-05-08,SH688009,-0.01453731616595941,EXP_DEnsembleModel_Alpha158_csi300_custom_step0_s_20260508_14,c36e8b85095e4d838c182bcee1908cc2,0.066,,,
4010,2026-05-08,SH688012,0.007128361040418243,EXP_DEnsembleModel_Alpha158_csi300_custom_step0_s_20260508_14,c36e8b85095e4d838c182bcee1908cc2,0.066,,,
4011,2026-05-08,SH688036,-0.06343644648369111,EXP_DEnsembleModel_Alpha158_csi300_custom_step0_s_20260508_14,c36e8b85095e4d838c182bcee1908cc2,0.066,,,
4012,2026-05-08,SH688041,-0.06381481121923661,EXP_DEnsembleModel_Alpha158_csi300_custom_step0_s_20260508_14,c36e8b85095e4d838c182bcee1908cc2,0.066,,,
4013,2026-05-08,SH688047,0.048248576543397995,EXP_DEnsembleModel_Alpha158_csi300_custom_step0_s_20260508_14,c36e8b85095e4d838c182bcee1908cc2,0.066,,,
4014,2026-05-08,SH688082,0.008489405050702283,EXP_DEnsembleModel_Alpha158_csi300_custom_step0_s_20260508_14,c36e8b85095e4d838c182bcee1908cc2,0.066,,,
4015,2026-05-08,SH688111,-0.054001298488112415,EXP_DEnsembleModel_Alpha158_csi300_custom_step0_s_20260508_14,c36e8b85095e4d838c182bcee1908cc2,0.066,,,
4016,2026-05-08,SH688126,-0.030053820793740665,EXP_DEnsembleModel_Alpha158_csi300_custom_step0_s_20260508_14,c36e8b85095e4d838c182bcee1908cc2,0.066,,,
4017,2026-05-08,SH688169,0.05365224850281518,EXP_DEnsembleModel_Alpha158_csi300_custom_step0_s_20260508_14,c36e8b85095e4d838c182bcee1908cc2,0.066,,,
4018,2026-05-08,SH688187,0.0550123113854195,EXP_DEnsembleModel_Alpha158_csi300_custom_step0_s_20260508_14,c36e8b85095e4d838c182bcee1908cc2,0.066,,,
4019,2026-05-08,SH688223,0.046862447665798945,EXP_DEnsembleModel_Alpha158_csi300_custom_step0_s_20260508_14,c36e8b85095e4d838c182bcee1908cc2,0.066,,,
4020,2026-05-08,SH688256,-0.13856315871540242,EXP_DEnsembleModel_Alpha158_csi300_custom_step0_s_20260508_14,c36e8b85095e4d838c182bcee1908cc2,0.066,,,
4021,2026-05-08,SH688271,0.03980024865944316,EXP_DEnsembleModel_Alpha158_csi300_custom_step0_s_20260508_14,c36e8b85095e4d838c182bcee1908cc2,0.066,,,
4022,2026-05-08,SH688303,-0.22039749244554013,EXP_DEnsembleModel_Alpha158_csi300_custom_step0_s_20260508_14,c36e8b85095e4d838c182bcee1908cc2,0.066,,,
4023,2026-05-08,SH688396,-0.17411145173240747,EXP_DEnsembleModel_Alpha158_csi300_custom_step0_s_20260508_14,c36e8b85095e4d838c182bcee1908cc2,0.066,,,
4024,2026-05-08,SH688472,-0.0958382630573733,EXP_DEnsembleModel_Alpha158_csi300_custom_step0_s_20260508_14,c36e8b85095e4d838c182bcee1908cc2,0.066,,,
4025,2026-05-08,SH688506,-0.21686728606355674,EXP_DEnsembleModel_Alpha158_csi300_custom_step0_s_20260508_14,c36e8b85095e4d838c182bcee1908cc2,0.066,,,
4026,2026-05-08,SZ000568,0.024453511558101295,EXP_DEnsembleModel_Alpha158_csi300_custom_step0_s_20260508_14,c36e8b85095e4d838c182bcee1908cc2,0.066,,,
4027,2026-05-08,SZ000538,0.06191948257023539,EXP_DEnsembleModel_Alpha158_csi300_custom_step0_s_20260508_14,c36e8b85095e4d838c182bcee1908cc2,0.066,,,
4028,2026-05-08,SZ000425,0.0065034444180910944,EXP_DEnsembleModel_Alpha158_csi300_custom_step0_s_20260508_14,c36e8b85095e4d838c182bcee1908cc2,0.066,,,
4029,2026-05-08,SZ000408,0.06900294300817586,EXP_DEnsembleModel_Alpha158_csi300_custom_step0_s_20260508_14,c36e8b85095e4d838c182bcee1908cc2,0.066,,,
4030,2026-05-08,SZ000338,-0.09667858332707337,EXP_DEnsembleModel_Alpha158_csi300_custom_step0_s_20260508_14,c36e8b85095e4d838c182bcee1908cc2,0.066,,,
4031,2026-05-08,SZ000333,0.07684283932108327,EXP_DEnsembleModel_Alpha158_csi300_custom_step0_s_20260508_14,c36e8b85095e4d838c182bcee1908cc2,0.066,,,
4032,2026-05-08,SH688008,-0.26337996686481013,EXP_DEnsembleModel_Alpha158_csi300_custom_step0_s_20260508_14,c36e8b85095e4d838c182bcee1908cc2,0.066,,,
4033,2026-05-08,SZ000301,0.01379663490962387,EXP_DEnsembleModel_Alpha158_csi300_custom_step0_s_20260508_14,c36e8b85095e4d838c182bcee1908cc2,0.066,,,
4034,2026-05-08,SZ000157,0.05839740264101876,EXP_DEnsembleModel_Alpha158_csi300_custom_step0_s_20260508_14,c36e8b85095e4d838c182bcee1908cc2,0.066,,,
4035,2026-05-08,SZ000100,0.04129503822407503,EXP_DEnsembleModel_Alpha158_csi300_custom_step0_s_20260508_14,c36e8b85095e4d838c182bcee1908cc2,0.066,,,
4036,2026-05-08,SZ000063,-0.029471717605646715,EXP_DEnsembleModel_Alpha158_csi300_custom_step0_s_20260508_14,c36e8b85095e4d838c182bcee1908cc2,0.066,,,
4037,2026-05-08,SZ000002,0.047033271054809526,EXP_DEnsembleModel_Alpha158_csi300_custom_step0_s_20260508_14,c36e8b85095e4d838c182bcee1908cc2,0.066,,,
4038,2026-05-08,SZ000001,0.10415956466080988,EXP_DEnsembleModel_Alpha158_csi300_custom_step0_s_20260508_14,c36e8b85095e4d838c182bcee1908cc2,0.066,,,
4039,2026-05-08,SH688981,-0.056290419277106055,EXP_DEnsembleModel_Alpha158_csi300_custom_step0_s_20260508_14,c36e8b85095e4d838c182bcee1908cc2,0.066,,,
4040,2026-05-08,SZ000166,0.12281885908445671,EXP_DEnsembleModel_Alpha158_csi300_custom_step0_s_20260508_14,c36e8b85095e4d838c182bcee1908cc2,0.066,,,
4041,2026-05-08,SH601816,0.06101482103967976,EXP_DEnsembleModel_Alpha158_csi300_custom_step0_s_20260508_14,c36e8b85095e4d838c182bcee1908cc2,0.066,,,
4042,2026-05-08,SH605499,0.06995823041778061,EXP_DEnsembleModel_Alpha158_csi300_custom_step0_s_20260508_14,c36e8b85095e4d838c182bcee1908cc2,0.066,,,
4043,2026-05-08,SH603993,-0.008250928876642041,EXP_DEnsembleModel_Alpha158_csi300_custom_step0_s_20260508_14,c36e8b85095e4d838c182bcee1908cc2,0.066,,,
4044,2026-05-08,SH601825,0.04235856524937639,EXP_DEnsembleModel_Alpha158_csi300_custom_step0_s_20260508_14,c36e8b85095e4d838c182bcee1908cc2,0.066,,,
4045,2026-05-08,SH601838,0.061007893773008984,EXP_DEnsembleModel_Alpha158_csi300_custom_step0_s_20260508_14,c36e8b85095e4d838c182bcee1908cc2,0.066,,,
4046,2026-05-08,SH601857,-0.05480021022915347,EXP_DEnsembleModel_Alpha158_csi300_custom_step0_s_20260508_14,c36e8b85095e4d838c182bcee1908cc2,0.066,,,
4047,2026-05-08,SH601868,0.07830556742773577,EXP_DEnsembleModel_Alpha158_csi300_custom_step0_s_20260508_14,c36e8b85095e4d838c182bcee1908cc2,0.066,,,
4048,2026-05-08,SH601872,-0.1387757605203122,EXP_DEnsembleModel_Alpha158_csi300_custom_step0_s_20260508_14,c36e8b85095e4d838c182bcee1908cc2,0.066,,,
4049,2026-05-08,SH601877,-0.02497973814992507,EXP_DEnsembleModel_Alpha158_csi300_custom_step0_s_20260508_14,c36e8b85095e4d838c182bcee1908cc2,0.066,,,
4050,2026-05-08,SH601878,0.07277659264266466,EXP_DEnsembleModel_Alpha158_csi300_custom_step0_s_20260508_14,c36e8b85095e4d838c182bcee1908cc2,0.066,,,
4051,2026-05-08,SH601881,0.035204474459473285,EXP_DEnsembleModel_Alpha158_csi300_custom_step0_s_20260508_14,c36e8b85095e4d838c182bcee1908cc2,0.066,,,
4052,2026-05-08,SH601888,0.005152546574288086,EXP_DEnsembleModel_Alpha158_csi300_custom_step0_s_20260508_14,c36e8b85095e4d838c182bcee1908cc2,0.066,,,
4053,2026-05-08,SH601898,-0.02414177466732078,EXP_DEnsembleModel_Alpha158_csi300_custom_step0_s_20260508_14,c36e8b85095e4d838c182bcee1908cc2,0.066,,,
4054,2026-05-08,SH601899,-0.05691152534603065,EXP_DEnsembleModel_Alpha158_csi300_custom_step0_s_20260508_14,c36e8b85095e4d838c182bcee1908cc2,0.066,,,
4055,2026-05-08,SH601901,0.11210215426951607,EXP_DEnsembleModel_Alpha158_csi300_custom_step0_s_20260508_14,c36e8b85095e4d838c182bcee1908cc2,0.066,,,
4056,2026-05-08,SH601916,0.10408061704013279,EXP_DEnsembleModel_Alpha158_csi300_custom_step0_s_20260508_14,c36e8b85095e4d838c182bcee1908cc2,0.066,,,
4057,2026-05-08,SH601919,-0.024536395571099476,EXP_DEnsembleModel_Alpha158_csi300_custom_step0_s_20260508_14,c36e8b85095e4d838c182bcee1908cc2,0.066,,,
4058,2026-05-08,SH601939,0.05218771047284275,EXP_DEnsembleModel_Alpha158_csi300_custom_step0_s_20260508_14,c36e8b85095e4d838c182bcee1908cc2,0.066,,,
4059,2026-05-08,SH601985,0.11383162523872238,EXP_DEnsembleModel_Alpha158_csi300_custom_step0_s_20260508_14,c36e8b85095e4d838c182bcee1908cc2,0.066,,,
4060,2026-05-08,SH601988,0.06582107007993478,EXP_DEnsembleModel_Alpha158_csi300_custom_step0_s_20260508_14,c36e8b85095e4d838c182bcee1908cc2,0.066,,,
4061,2026-05-08,SH603986,-0.08378342847692732,EXP_DEnsembleModel_Alpha158_csi300_custom_step0_s_20260508_14,c36e8b85095e4d838c182bcee1908cc2,0.066,,,
4062,2026-05-08,SH603893,-0.020153982225946457,EXP_DEnsembleModel_Alpha158_csi300_custom_step0_s_20260508_14,c36e8b85095e4d838c182bcee1908cc2,0.066,,,
4063,2026-05-08,SH603799,-0.10031339619604349,EXP_DEnsembleModel_Alpha158_csi300_custom_step0_s_20260508_14,c36e8b85095e4d838c182bcee1908cc2,0.066,,,
4064,2026-05-08,SH603501,-0.001844705139992577,EXP_DEnsembleModel_Alpha158_csi300_custom_step0_s_20260508_14,c36e8b85095e4d838c182bcee1908cc2,0.066,,,
4065,2026-05-08,SH603392,0.10500611019754295,EXP_DEnsembleModel_Alpha158_csi300_custom_step0_s_20260508_14,c36e8b85095e4d838c182bcee1908cc2,0.066,,,
4066,2026-05-08,SH603369,-0.09534870303755472,EXP_DEnsembleModel_Alpha158_csi300_custom_step0_s_20260508_14,c36e8b85095e4d838c182bcee1908cc2,0.066,,,
4067,2026-05-08,SH605117,-0.18961025017411767,EXP_DEnsembleModel_Alpha158_csi300_custom_step0_s_20260508_14,c36e8b85095e4d838c182bcee1908cc2,0.066,,,
4068,2026-05-08,SH603296,-0.07286170709751894,EXP_DEnsembleModel_Alpha158_csi300_custom_step0_s_20260508_14,c36e8b85095e4d838c182bcee1908cc2,0.066,,,
4069,2026-05-08,SH603260,-0.030266137687457718,EXP_DEnsembleModel_Alpha158_csi300_custom_step0_s_20260508_14,c36e8b85095e4d838c182bcee1908cc2,0.066,,,
4070,2026-05-08,SH603259,-0.0033200620247331313,EXP_DEnsembleModel_Alpha158_csi300_custom_step0_s_20260508_14,c36e8b85095e4d838c182bcee1908cc2,0.066,,,
4071,2026-05-08,SH603195,0.1509884913995373,EXP_DEnsembleModel_Alpha158_csi300_custom_step0_s_20260508_14,c36e8b85095e4d838c182bcee1908cc2,0.066,,,
4072,2026-05-08,SH603019,-0.061362320948781114,EXP_DEnsembleModel_Alpha158_csi300_custom_step0_s_20260508_14,c36e8b85095e4d838c182bcee1908cc2,0.066,,,
4073,2026-05-08,SH601998,0.10480362143443292,EXP_DEnsembleModel_Alpha158_csi300_custom_step0_s_20260508_14,c36e8b85095e4d838c182bcee1908cc2,0.066,,,
4074,2026-05-08,SH601995,0.07049549343521579,EXP_DEnsembleModel_Alpha158_csi300_custom_step0_s_20260508_14,c36e8b85095e4d838c182bcee1908cc2,0.066,,,
4075,2026-05-08,SH603288,0.04770816957218902,EXP_DEnsembleModel_Alpha158_csi300_custom_step0_s_20260508_14,c36e8b85095e4d838c182bcee1908cc2,0.066,,,
4076,2026-05-08,SH600803,0.06002179552834277,EXP_DEnsembleModel_Alpha158_csi300_custom_step0_s_20260508_14,c36e8b85095e4d838c182bcee1908cc2,0.066,,,
4077,2026-05-08,SH600795,0.06800158067787405,EXP_DEnsembleModel_Alpha158_csi300_custom_step0_s_20260508_14,c36e8b85095e4d838c182bcee1908cc2,0.066,,,
4078,2026-05-08,SH600760,0.02725751323086467,EXP_DEnsembleModel_Alpha158_csi300_custom_step0_s_20260508_14,c36e8b85095e4d838c182bcee1908cc2,0.066,,,
4079,2026-05-08,SZ002916,0.08850638435681268,EXP_LGBModel_Alpha158_csi300_custom_step0_s_20260508_16,ca127f94176c4c8ba04c416efbdf29bc,0.056,,,
4080,2026-05-08,SZ002920,-0.00774980124755281,EXP_LGBModel_Alpha158_csi300_custom_step0_s_20260508_16,ca127f94176c4c8ba04c416efbdf29bc,0.056,,,
4081,2026-05-08,SZ002938,0.13839097330066213,EXP_LGBModel_Alpha158_csi300_custom_step0_s_20260508_16,ca127f94176c4c8ba04c416efbdf29bc,0.056,,,
4082,2026-05-08,SZ003816,0.02621414846077103,EXP_LGBModel_Alpha158_csi300_custom_step0_s_20260508_16,ca127f94176c4c8ba04c416efbdf29bc,0.056,,,
4083,2026-05-08,SZ300014,0.001426075951144669,EXP_LGBModel_Alpha158_csi300_custom_step0_s_20260508_16,ca127f94176c4c8ba04c416efbdf29bc,0.056,,,
4084,2026-05-08,SZ300015,0.009707301379335339,EXP_LGBModel_Alpha158_csi300_custom_step0_s_20260508_16,ca127f94176c4c8ba04c416efbdf29bc,0.056,,,
4085,2026-05-08,SZ300033,0.05397769789447926,EXP_LGBModel_Alpha158_csi300_custom_step0_s_20260508_16,ca127f94176c4c8ba04c416efbdf29bc,0.056,,,
4086,2026-05-08,SZ300059,0.001857134872421559,EXP_LGBModel_Alpha158_csi300_custom_step0_s_20260508_16,ca127f94176c4c8ba04c416efbdf29bc,0.056,,,
4087,2026-05-08,SZ300122,0.003835182798171451,EXP_LGBModel_Alpha158_csi300_custom_step0_s_20260508_16,ca127f94176c4c8ba04c416efbdf29bc,0.056,,,
4088,2026-05-08,SZ300124,0.025728229629754462,EXP_LGBModel_Alpha158_csi300_custom_step0_s_20260508_16,ca127f94176c4c8ba04c416efbdf29bc,0.056,,,
4089,2026-05-08,SZ300251,-0.006207489968399334,EXP_LGBModel_Alpha158_csi300_custom_step0_s_20260508_16,ca127f94176c4c8ba04c416efbdf29bc,0.056,,,
4090,2026-05-08,SZ300274,0.09261526344378446,EXP_LGBModel_Alpha158_csi300_custom_step0_s_20260508_16,ca127f94176c4c8ba04c416efbdf29bc,0.056,,,
4091,2026-05-08,SZ300308,0.08451211798091071,EXP_LGBModel_Alpha158_csi300_custom_step0_s_20260508_16,ca127f94176c4c8ba04c416efbdf29bc,0.056,,,
4092,2026-05-08,SZ300316,0.025056399852510364,EXP_LGBModel_Alpha158_csi300_custom_step0_s_20260508_16,ca127f94176c4c8ba04c416efbdf29bc,0.056,,,
4093,2026-05-08,SZ300347,-0.002639393213441373,EXP_LGBModel_Alpha158_csi300_custom_step0_s_20260508_16,ca127f94176c4c8ba04c416efbdf29bc,0.056,,,
4094,2026-05-08,SZ300394,0.023809031254276927,EXP_LGBModel_Alpha158_csi300_custom_step0_s_20260508_16,ca127f94176c4c8ba04c416efbdf29bc,0.056,,,
4095,2026-05-08,SZ300408,0.023894096536411127,EXP_LGBModel_Alpha158_csi300_custom_step0_s_20260508_16,ca127f94176c4c8ba04c416efbdf29bc,0.056,,,
4096,2026-05-08,SZ300803,0.00356749315745393,EXP_LGBModel_Alpha158_csi300_custom_step0_s_20260508_16,ca127f94176c4c8ba04c416efbdf29bc,0.056,,,
4097,2026-05-08,SZ300782,0.1327586626182453,EXP_LGBModel_Alpha158_csi300_custom_step0_s_20260508_16,ca127f94176c4c8ba04c416efbdf29bc,0.056,,,
4098,2026-05-08,SZ300760,-0.0010472936310356338,EXP_LGBModel_Alpha158_csi300_custom_step0_s_20260508_16,ca127f94176c4c8ba04c416efbdf29bc,0.056,,,
4099,2026-05-08,SZ300759,-0.023088891988595924,EXP_LGBModel_Alpha158_csi300_custom_step0_s_20260508_16,ca127f94176c4c8ba04c416efbdf29bc,0.056,,,
4100,2026-05-08,SZ300750,0.05070416581741557,EXP_LGBModel_Alpha158_csi300_custom_step0_s_20260508_16,ca127f94176c4c8ba04c416efbdf29bc,0.056,,,
4101,2026-05-08,SZ300661,0.11357828953894018,EXP_LGBModel_Alpha158_csi300_custom_step0_s_20260508_16,ca127f94176c4c8ba04c416efbdf29bc,0.056,,,
4102,2026-05-08,SZ002736,-0.037119875809600036,EXP_LGBModel_Alpha158_csi300_custom_step0_s_20260508_16,ca127f94176c4c8ba04c416efbdf29bc,0.056,,,
4103,2026-05-08,SZ300628,0.014836449597245683,EXP_LGBModel_Alpha158_csi300_custom_step0_s_20260508_16,ca127f94176c4c8ba04c416efbdf29bc,0.056,,,
4104,2026-05-08,SZ300498,-0.003367991612549743,EXP_LGBModel_Alpha158_csi300_custom_step0_s_20260508_16,ca127f94176c4c8ba04c416efbdf29bc,0.056,,,
4105,2026-05-08,SZ300476,0.07324863607275348,EXP_LGBModel_Alpha158_csi300_custom_step0_s_20260508_16,ca127f94176c4c8ba04c416efbdf29bc,0.056,,,
4106,2026-05-08,SZ300442,0.04007683094405972,EXP_LGBModel_Alpha158_csi300_custom_step0_s_20260508_16,ca127f94176c4c8ba04c416efbdf29bc,0.056,,,
4107,2026-05-08,SZ300433,0.012070695498707082,EXP_LGBModel_Alpha158_csi300_custom_step0_s_20260508_16,ca127f94176c4c8ba04c416efbdf29bc,0.056,,,
4108,2026-05-08,SZ300418,-0.02923696690617083,EXP_LGBModel_Alpha158_csi300_custom_step0_s_20260508_16,ca127f94176c4c8ba04c416efbdf29bc,0.056,,,
4109,2026-05-08,SZ300413,-0.012369694797413034,EXP_LGBModel_Alpha158_csi300_custom_step0_s_20260508_16,ca127f94176c4c8ba04c416efbdf29bc,0.056,,,
4110,2026-05-08,SZ300502,0.11823652240783854,EXP_LGBModel_Alpha158_csi300_custom_step0_s_20260508_16,ca127f94176c4c8ba04c416efbdf29bc,0.056,,,
4111,2026-05-08,SZ300832,0.011696181998047086,EXP_LGBModel_Alpha158_csi300_custom_step0_s_20260508_16,ca127f94176c4c8ba04c416efbdf29bc,0.056,,,
4112,2026-05-08,SZ002714,-0.016007743913805928,EXP_LGBModel_Alpha158_csi300_custom_step0_s_20260508_16,ca127f94176c4c8ba04c416efbdf29bc,0.056,,,
4113,2026-05-08,SZ002648,0.015925883273364253,EXP_LGBModel_Alpha158_csi300_custom_step0_s_20260508_16,ca127f94176c4c8ba04c416efbdf29bc,0.056,,,
4114,2026-05-08,SZ001965,0.0009864207259743093,EXP_LGBModel_Alpha158_csi300_custom_step0_s_20260508_16,ca127f94176c4c8ba04c416efbdf29bc,0.056,,,
4115,2026-05-08,SZ001979,0.05096773348882242,EXP_LGBModel_Alpha158_csi300_custom_step0_s_20260508_16,ca127f94176c4c8ba04c416efbdf29bc,0.056,,,
4116,2026-05-08,SZ002001,0.003537476280235299,EXP_LGBModel_Alpha158_csi300_custom_step0_s_20260508_16,ca127f94176c4c8ba04c416efbdf29bc,0.056,,,
4117,2026-05-08,SZ002027,-0.050502731335564356,EXP_LGBModel_Alpha158_csi300_custom_step0_s_20260508_16,ca127f94176c4c8ba04c416efbdf29bc,0.056,,,
4118,2026-05-08,SZ002028,-0.014109277486593835,EXP_LGBModel_Alpha158_csi300_custom_step0_s_20260508_16,ca127f94176c4c8ba04c416efbdf29bc,0.056,,,
4119,2026-05-08,SZ002049,0.019054853457575394,EXP_LGBModel_Alpha158_csi300_custom_step0_s_20260508_16,ca127f94176c4c8ba04c416efbdf29bc,0.056,,,
4120,2026-05-08,SZ002050,0.018993272971754842,EXP_LGBModel_Alpha158_csi300_custom_step0_s_20260508_16,ca127f94176c4c8ba04c416efbdf29bc,0.056,,,
4121,2026-05-08,SZ002074,0.004777833793307478,EXP_LGBModel_Alpha158_csi300_custom_step0_s_20260508_16,ca127f94176c4c8ba04c416efbdf29bc,0.056,,,
4122,2026-05-08,SZ002142,0.002706350835162767,EXP_LGBModel_Alpha158_csi300_custom_step0_s_20260508_16,ca127f94176c4c8ba04c416efbdf29bc,0.056,,,
4123,2026-05-08,SZ002179,0.041630988234538494,EXP_LGBModel_Alpha158_csi300_custom_step0_s_20260508_16,ca127f94176c4c8ba04c416efbdf29bc,0.056,,,
4124,2026-05-08,SZ002230,0.014004079349912518,EXP_LGBModel_Alpha158_csi300_custom_step0_s_20260508_16,ca127f94176c4c8ba04c416efbdf29bc,0.056,,,
4125,2026-05-08,SZ002236,0.0014509386374912331,EXP_LGBModel_Alpha158_csi300_custom_step0_s_20260508_16,ca127f94176c4c8ba04c416efbdf29bc,0.056,,,
4126,2026-05-08,SZ002241,0.037812333771335395,EXP_LGBModel_Alpha158_csi300_custom_step0_s_20260508_16,ca127f94176c4c8ba04c416efbdf29bc,0.056,,,
4127,2026-05-08,SZ002252,-0.007053247146560551,EXP_LGBModel_Alpha158_csi300_custom_step0_s_20260508_16,ca127f94176c4c8ba04c416efbdf29bc,0.056,,,
4128,2026-05-08,SZ002304,-0.015867704855500986,EXP_LGBModel_Alpha158_csi300_custom_step0_s_20260508_16,ca127f94176c4c8ba04c416efbdf29bc,0.056,,,
4129,2026-05-08,SZ002311,-0.030359501357064528,EXP_LGBModel_Alpha158_csi300_custom_step0_s_20260508_16,ca127f94176c4c8ba04c416efbdf29bc,0.056,,,
4130,2026-05-08,SZ002352,-0.013038837011158384,EXP_LGBModel_Alpha158_csi300_custom_step0_s_20260508_16,ca127f94176c4c8ba04c416efbdf29bc,0.056,,,
4131,2026-05-08,SZ002625,0.0014785097183546978,EXP_LGBModel_Alpha158_csi300_custom_step0_s_20260508_16,ca127f94176c4c8ba04c416efbdf29bc,0.056,,,
4132,2026-05-08,SZ002601,-0.009970237599708588,EXP_LGBModel_Alpha158_csi300_custom_step0_s_20260508_16,ca127f94176c4c8ba04c416efbdf29bc,0.056,,,
4133,2026-05-08,SZ002600,0.036045863485305515,EXP_LGBModel_Alpha158_csi300_custom_step0_s_20260508_16,ca127f94176c4c8ba04c416efbdf29bc,0.056,,,
4134,2026-05-08,SZ002594,-0.012171283567950822,EXP_LGBModel_Alpha158_csi300_custom_step0_s_20260508_16,ca127f94176c4c8ba04c416efbdf29bc,0.056,,,
4135,2026-05-08,SZ002493,0.03314082310295434,EXP_LGBModel_Alpha158_csi300_custom_step0_s_20260508_16,ca127f94176c4c8ba04c416efbdf29bc,0.056,,,
4136,2026-05-08,SZ002475,0.029435862236503137,EXP_LGBModel_Alpha158_csi300_custom_step0_s_20260508_16,ca127f94176c4c8ba04c416efbdf29bc,0.056,,,
4137,2026-05-08,SZ002709,-0.01918041548927344,EXP_LGBModel_Alpha158_csi300_custom_step0_s_20260508_16,ca127f94176c4c8ba04c416efbdf29bc,0.056,,,
4138,2026-05-08,SZ002466,-0.005871879552813932,EXP_LGBModel_Alpha158_csi300_custom_step0_s_20260508_16,ca127f94176c4c8ba04c416efbdf29bc,0.056,,,
4139,2026-05-08,SZ002460,0.02610394250179919,EXP_LGBModel_Alpha158_csi300_custom_step0_s_20260508_16,ca127f94176c4c8ba04c416efbdf29bc,0.056,,,
4140,2026-05-08,SZ002459,-0.0014073104714775442,EXP_LGBModel_Alpha158_csi300_custom_step0_s_20260508_16,ca127f94176c4c8ba04c416efbdf29bc,0.056,,,
4141,2026-05-08,SZ002422,-0.03072581617820567,EXP_LGBModel_Alpha158_csi300_custom_step0_s_20260508_16,ca127f94176c4c8ba04c416efbdf29bc,0.056,,,
4142,2026-05-08,SZ002415,-0.032615064947182505,EXP_LGBModel_Alpha158_csi300_custom_step0_s_20260508_16,ca127f94176c4c8ba04c416efbdf29bc,0.056,,,
4143,2026-05-08,SZ002384,0.012051192251064961,EXP_LGBModel_Alpha158_csi300_custom_step0_s_20260508_16,ca127f94176c4c8ba04c416efbdf29bc,0.056,,,
4144,2026-05-08,SZ002371,0.05300847648936425,EXP_LGBModel_Alpha158_csi300_custom_step0_s_20260508_16,ca127f94176c4c8ba04c416efbdf29bc,0.056,,,
4145,2026-05-08,SZ002463,0.07275563694758834,EXP_LGBModel_Alpha158_csi300_custom_step0_s_20260508_16,ca127f94176c4c8ba04c416efbdf29bc,0.056,,,
4146,2026-05-08,SZ300866,0.06291690982967268,EXP_LGBModel_Alpha158_csi300_custom_step0_s_20260508_16,ca127f94176c4c8ba04c416efbdf29bc,0.056,,,
4147,2026-05-08,SZ300896,0.019252080075614564,EXP_LGBModel_Alpha158_csi300_custom_step0_s_20260508_16,ca127f94176c4c8ba04c416efbdf29bc,0.056,,,
4148,2026-05-08,SZ300979,-0.027816262385168145,EXP_LGBModel_Alpha158_csi300_custom_step0_s_20260508_16,ca127f94176c4c8ba04c416efbdf29bc,0.056,,,
4149,2026-05-08,SH600188,0.029573988005344446,EXP_DEnsembleModel_Alpha158_csi300_custom_step0_s_20260508_14,c36e8b85095e4d838c182bcee1908cc2,0.066,,,
4150,2026-05-08,SH600196,-0.00792336759850205,EXP_DEnsembleModel_Alpha158_csi300_custom_step0_s_20260508_14,c36e8b85095e4d838c182bcee1908cc2,0.066,,,
4151,2026-05-08,SH600219,0.016771535102069007,EXP_DEnsembleModel_Alpha158_csi300_custom_step0_s_20260508_14,c36e8b85095e4d838c182bcee1908cc2,0.066,,,
4152,2026-05-08,SH600233,-0.026270650688400263,EXP_DEnsembleModel_Alpha158_csi300_custom_step0_s_20260508_14,c36e8b85095e4d838c182bcee1908cc2,0.066,,,
4153,2026-05-08,SH600276,-0.010837030557883098,EXP_DEnsembleModel_Alpha158_csi300_custom_step0_s_20260508_14,c36e8b85095e4d838c182bcee1908cc2,0.066,,,
4154,2026-05-08,SH600309,-0.03691766691405215,EXP_DEnsembleModel_Alpha158_csi300_custom_step0_s_20260508_14,c36e8b85095e4d838c182bcee1908cc2,0.066,,,
4155,2026-05-08,SH600346,-0.046521825766351596,EXP_DEnsembleModel_Alpha158_csi300_custom_step0_s_20260508_14,c36e8b85095e4d838c182bcee1908cc2,0.066,,,
4156,2026-05-08,SH600362,-0.03365747125851919,EXP_DEnsembleModel_Alpha158_csi300_custom_step0_s_20260508_14,c36e8b85095e4d838c182bcee1908cc2,0.066,,,
4157,2026-05-08,SH600372,0.04606732234551299,EXP_DEnsembleModel_Alpha158_csi300_custom_step0_s_20260508_14,c36e8b85095e4d838c182bcee1908cc2,0.066,,,
4158,2026-05-08,SH600377,0.06848826102751662,EXP_DEnsembleModel_Alpha158_csi300_custom_step0_s_20260508_14,c36e8b85095e4d838c182bcee1908cc2,0.066,,,
4159,2026-05-08,SH600406,-0.0015808719565224194,EXP_DEnsembleModel_Alpha158_csi300_custom_step0_s_20260508_14,c36e8b85095e4d838c182bcee1908cc2,0.066,,,
4160,2026-05-08,SH600415,-0.0488686143857495,EXP_DEnsembleModel_Alpha158_csi300_custom_step0_s_20260508_14,c36e8b85095e4d838c182bcee1908cc2,0.066,,,
4161,2026-05-08,SH600426,-0.04588298375201507,EXP_DEnsembleModel_Alpha158_csi300_custom_step0_s_20260508_14,c36e8b85095e4d838c182bcee1908cc2,0.066,,,
4162,2026-05-08,SH600436,0.031248728056925232,EXP_DEnsembleModel_Alpha158_csi300_custom_step0_s_20260508_14,c36e8b85095e4d838c182bcee1908cc2,0.066,,,
4163,2026-05-08,SH600438,-0.10219754147585078,EXP_DEnsembleModel_Alpha158_csi300_custom_step0_s_20260508_14,c36e8b85095e4d838c182bcee1908cc2,0.066,,,
4164,2026-05-08,SH600460,-0.0754409980754484,EXP_DEnsembleModel_Alpha158_csi300_custom_step0_s_20260508_14,c36e8b85095e4d838c182bcee1908cc2,0.066,,,
4165,2026-05-08,SH600482,-0.08407333698460366,EXP_DEnsembleModel_Alpha158_csi300_custom_step0_s_20260508_14,c36e8b85095e4d838c182bcee1908cc2,0.066,,,
4166,2026-05-08,SH600741,0.0014678811414720794,EXP_DEnsembleModel_Alpha158_csi300_custom_step0_s_20260508_14,c36e8b85095e4d838c182bcee1908cc2,0.066,,,
4167,2026-05-08,SH600690,0.06979496152139406,EXP_DEnsembleModel_Alpha158_csi300_custom_step0_s_20260508_14,c36e8b85095e4d838c182bcee1908cc2,0.066,,,
4168,2026-05-08,SH600674,0.059330922527186115,EXP_DEnsembleModel_Alpha158_csi300_custom_step0_s_20260508_14,c36e8b85095e4d838c182bcee1908cc2,0.066,,,
4169,2026-05-08,SH600660,0.04163516882725709,EXP_DEnsembleModel_Alpha158_csi300_custom_step0_s_20260508_14,c36e8b85095e4d838c182bcee1908cc2,0.066,,,
4170,2026-05-08,SH600600,0.10590078387345352,EXP_DEnsembleModel_Alpha158_csi300_custom_step0_s_20260508_14,c36e8b85095e4d838c182bcee1908cc2,0.066,,,
4171,2026-05-08,SH600588,-0.02330419006914389,EXP_DEnsembleModel_Alpha158_csi300_custom_step0_s_20260508_14,c36e8b85095e4d838c182bcee1908cc2,0.066,,,
4172,2026-05-08,SH600183,-0.16715567869019027,EXP_DEnsembleModel_Alpha158_csi300_custom_step0_s_20260508_14,c36e8b85095e4d838c182bcee1908cc2,0.066,,,
4173,2026-05-08,SH600585,0.03150267576996438,EXP_DEnsembleModel_Alpha158_csi300_custom_step0_s_20260508_14,c36e8b85095e4d838c182bcee1908cc2,0.066,,,
4174,2026-05-08,SH600570,-0.03837923796299162,EXP_DEnsembleModel_Alpha158_csi300_custom_step0_s_20260508_14,c36e8b85095e4d838c182bcee1908cc2,0.066,,,
4175,2026-05-08,SH600547,0.027245444235462036,EXP_DEnsembleModel_Alpha158_csi300_custom_step0_s_20260508_14,c36e8b85095e4d838c182bcee1908cc2,0.066,,,
4176,2026-05-08,SH600522,-0.13364148874766962,EXP_DEnsembleModel_Alpha158_csi300_custom_step0_s_20260508_14,c36e8b85095e4d838c182bcee1908cc2,0.066,,,
4177,2026-05-08,SH600519,0.0507389779535145,EXP_DEnsembleModel_Alpha158_csi300_custom_step0_s_20260508_14,c36e8b85095e4d838c182bcee1908cc2,0.066,,,
4178,2026-05-08,SH600515,-0.0059857263540587105,EXP_DEnsembleModel_Alpha158_csi300_custom_step0_s_20260508_14,c36e8b85095e4d838c182bcee1908cc2,0.066,,,
4179,2026-05-08,SH600489,-0.07680300573764022,EXP_DEnsembleModel_Alpha158_csi300_custom_step0_s_20260508_14,c36e8b85095e4d838c182bcee1908cc2,0.066,,,
4180,2026-05-08,SH600584,0.01248689027989672,EXP_DEnsembleModel_Alpha158_csi300_custom_step0_s_20260508_14,c36e8b85095e4d838c182bcee1908cc2,0.066,,,
4181,2026-05-08,SH600176,-0.3363420625884112,EXP_DEnsembleModel_Alpha158_csi300_custom_step0_s_20260508_14,c36e8b85095e4d838c182bcee1908cc2,0.066,,,
4182,2026-05-08,SH600161,-0.02445335817821472,EXP_DEnsembleModel_Alpha158_csi300_custom_step0_s_20260508_14,c36e8b85095e4d838c182bcee1908cc2,0.066,,,
4183,2026-05-08,SH600160,-0.020542664093602815,EXP_DEnsembleModel_Alpha158_csi300_custom_step0_s_20260508_14,c36e8b85095e4d838c182bcee1908cc2,0.066,,,
4184,2026-05-08,SH600025,0.09344336385816017,EXP_DEnsembleModel_Alpha158_csi300_custom_step0_s_20260508_14,c36e8b85095e4d838c182bcee1908cc2,0.066,,,
4185,2026-05-08,SH600023,0.037315248583561805,EXP_DEnsembleModel_Alpha158_csi300_custom_step0_s_20260508_14,c36e8b85095e4d838c182bcee1908cc2,0.066,,,
4186,2026-05-08,SH600019,0.11706934684930557,EXP_DEnsembleModel_Alpha158_csi300_custom_step0_s_20260508_14,c36e8b85095e4d838c182bcee1908cc2,0.066,,,
4187,2026-05-08,SH600018,0.1472475233630179,EXP_DEnsembleModel_Alpha158_csi300_custom_step0_s_20260508_14,c36e8b85095e4d838c182bcee1908cc2,0.066,,,
4188,2026-05-08,SH600016,0.07595073860501286,EXP_DEnsembleModel_Alpha158_csi300_custom_step0_s_20260508_14,c36e8b85095e4d838c182bcee1908cc2,0.066,,,
4189,2026-05-08,SH600015,0.04963179737103662,EXP_DEnsembleModel_Alpha158_csi300_custom_step0_s_20260508_14,c36e8b85095e4d838c182bcee1908cc2,0.066,,,
4190,2026-05-08,SH600026,-0.16825678610839492,EXP_DEnsembleModel_Alpha158_csi300_custom_step0_s_20260508_14,c36e8b85095e4d838c182bcee1908cc2,0.066,,,
4191,2026-05-08,SH600011,-0.03742945895420044,EXP_DEnsembleModel_Alpha158_csi300_custom_step0_s_20260508_14,c36e8b85095e4d838c182bcee1908cc2,0.066,,,
4192,2026-05-08,SH600009,0.05814695024217457,EXP_DEnsembleModel_Alpha158_csi300_custom_step0_s_20260508_14,c36e8b85095e4d838c182bcee1908cc2,0.066,,,
4193,2026-05-08,SH600000,0.0045155050270136105,EXP_DEnsembleModel_Alpha158_csi300_custom_step0_s_20260508_14,c36e8b85095e4d838c182bcee1908cc2,0.066,,,
4194,2026-05-08,SZ302132,0.008265694698764252,EXP_LGBModel_Alpha158_csi300_custom_step0_s_20260508_16,ca127f94176c4c8ba04c416efbdf29bc,0.056,,,
4195,2026-05-08,SZ301269,0.02786684539701862,EXP_LGBModel_Alpha158_csi300_custom_step0_s_20260508_16,ca127f94176c4c8ba04c416efbdf29bc,0.056,,,
4196,2026-05-08,SZ301236,0.03454332282021698,EXP_LGBModel_Alpha158_csi300_custom_step0_s_20260508_16,ca127f94176c4c8ba04c416efbdf29bc,0.056,,,
4197,2026-05-08,SZ300999,-0.010398484764466809,EXP_LGBModel_Alpha158_csi300_custom_step0_s_20260508_16,ca127f94176c4c8ba04c416efbdf29bc,0.056,,,
4198,2026-05-08,SH600010,-0.06989813570089354,EXP_DEnsembleModel_Alpha158_csi300_custom_step0_s_20260508_14,c36e8b85095e4d838c182bcee1908cc2,0.066,,,
4199,2026-05-08,SZ000596,-0.0008762218095516627,EXP_DEnsembleModel_Alpha158_csi300_custom_step0_s_20260508_14,c36e8b85095e4d838c182bcee1908cc2,0.066,,,
4200,2026-05-08,SH600027,0.07237195292832992,EXP_DEnsembleModel_Alpha158_csi300_custom_step0_s_20260508_14,c36e8b85095e4d838c182bcee1908cc2,0.066,,,
4201,2026-05-08,SH600029,0.04326395038916838,EXP_DEnsembleModel_Alpha158_csi300_custom_step0_s_20260508_14,c36e8b85095e4d838c182bcee1908cc2,0.066,,,
4202,2026-05-08,SH600150,-0.016761267203520832,EXP_DEnsembleModel_Alpha158_csi300_custom_step0_s_20260508_14,c36e8b85095e4d838c182bcee1908cc2,0.066,,,
4203,2026-05-08,SH600115,-0.03169963685110137,EXP_DEnsembleModel_Alpha158_csi300_custom_step0_s_20260508_14,c36e8b85095e4d838c182bcee1908cc2,0.066,,,
4204,2026-05-08,SH600111,-0.1007864580679459,EXP_DEnsembleModel_Alpha158_csi300_custom_step0_s_20260508_14,c36e8b85095e4d838c182bcee1908cc2,0.066,,,
4205,2026-05-08,SH600104,0.038620512427231114,EXP_DEnsembleModel_Alpha158_csi300_custom_step0_s_20260508_14,c36e8b85095e4d838c182bcee1908cc2,0.066,,,
4206,2026-05-08,SH600089,-0.03845877526469425,EXP_DEnsembleModel_Alpha158_csi300_custom_step0_s_20260508_14,c36e8b85095e4d838c182bcee1908cc2,0.066,,,
4207,2026-05-08,SH600085,0.1153813658554084,EXP_DEnsembleModel_Alpha158_csi300_custom_step0_s_20260508_14,c36e8b85095e4d838c182bcee1908cc2,0.066,,,
4208,2026-05-08,SH600028,-0.03401144766058444,EXP_DEnsembleModel_Alpha158_csi300_custom_step0_s_20260508_14,c36e8b85095e4d838c182bcee1908cc2,0.066,,,
4209,2026-05-08,SH600066,-0.04130404503905246,EXP_DEnsembleModel_Alpha158_csi300_custom_step0_s_20260508_14,c36e8b85095e4d838c182bcee1908cc2,0.066,,,
4210,2026-05-08,SH600050,0.11035338748482254,EXP_DEnsembleModel_Alpha158_csi300_custom_step0_s_20260508_14,c36e8b85095e4d838c182bcee1908cc2,0.066,,,
4211,2026-05-08,SH600048,-0.10074639766511488,EXP_DEnsembleModel_Alpha158_csi300_custom_step0_s_20260508_14,c36e8b85095e4d838c182bcee1908cc2,0.066,,,
4212,2026-05-08,SH600039,-0.03884124002242042,EXP_DEnsembleModel_Alpha158_csi300_custom_step0_s_20260508_14,c36e8b85095e4d838c182bcee1908cc2,0.066,,,
4213,2026-05-08,SH600036,0.06699582551173339,EXP_DEnsembleModel_Alpha158_csi300_custom_step0_s_20260508_14,c36e8b85095e4d838c182bcee1908cc2,0.066,,,
4214,2026-05-08,SH600031,-0.027308126185270624,EXP_DEnsembleModel_Alpha158_csi300_custom_step0_s_20260508_14,c36e8b85095e4d838c182bcee1908cc2,0.066,,,
4215,2026-05-08,SH600030,0.01866591250774904,EXP_DEnsembleModel_Alpha158_csi300_custom_step0_s_20260508_14,c36e8b85095e4d838c182bcee1908cc2,0.066,,,
4216,2026-05-08,SH600061,0.072618169987784,EXP_DEnsembleModel_Alpha158_csi300_custom_step0_s_20260508_14,c36e8b85095e4d838c182bcee1908cc2,0.066,,,
4217,2026-05-08,SZ000617,0.0017676335715691752,EXP_DEnsembleModel_Alpha158_csi300_custom_step0_s_20260508_14,c36e8b85095e4d838c182bcee1908cc2,0.066,,,
4218,2026-05-08,SZ000625,-0.010237799929818096,EXP_DEnsembleModel_Alpha158_csi300_custom_step0_s_20260508_14,c36e8b85095e4d838c182bcee1908cc2,0.066,,,
4219,2026-05-08,SZ000630,-0.028956284499905154,EXP_DEnsembleModel_Alpha158_csi300_custom_step0_s_20260508_14,c36e8b85095e4d838c182bcee1908cc2,0.066,,,
4220,2026-05-08,SH601006,0.12578983159342483,EXP_DEnsembleModel_Alpha158_csi300_custom_step0_s_20260508_14,6021f7ea601749e5b152eeac1097b282,0.065,,,
4221,2026-05-08,SH601009,0.07405781471735633,EXP_DEnsembleModel_Alpha158_csi300_custom_step0_s_20260508_14,6021f7ea601749e5b152eeac1097b282,0.065,,,
4222,2026-05-08,SH601012,-0.025765615438340914,EXP_DEnsembleModel_Alpha158_csi300_custom_step0_s_20260508_14,6021f7ea601749e5b152eeac1097b282,0.065,,,
4223,2026-05-08,SH601018,-0.016704171002600635,EXP_DEnsembleModel_Alpha158_csi300_custom_step0_s_20260508_14,6021f7ea601749e5b152eeac1097b282,0.065,,,
4224,2026-05-08,SH601021,0.04033705885030268,EXP_DEnsembleModel_Alpha158_csi300_custom_step0_s_20260508_14,6021f7ea601749e5b152eeac1097b282,0.065,,,
4225,2026-05-08,SH601058,-0.10887728691820485,EXP_DEnsembleModel_Alpha158_csi300_custom_step0_s_20260508_14,6021f7ea601749e5b152eeac1097b282,0.065,,,
4226,2026-05-08,SH601059,0.09682808763347328,EXP_DEnsembleModel_Alpha158_csi300_custom_step0_s_20260508_14,6021f7ea601749e5b152eeac1097b282,0.065,,,
4227,2026-05-08,SH601066,0.09141327581304017,EXP_DEnsembleModel_Alpha158_csi300_custom_step0_s_20260508_14,6021f7ea601749e5b152eeac1097b282,0.065,,,
4228,2026-05-08,SH601077,0.08819355500504956,EXP_DEnsembleModel_Alpha158_csi300_custom_step0_s_20260508_14,6021f7ea601749e5b152eeac1097b282,0.065,,,
4229,2026-05-08,SH601088,-0.04423398941969689,EXP_DEnsembleModel_Alpha158_csi300_custom_step0_s_20260508_14,6021f7ea601749e5b152eeac1097b282,0.065,,,
4230,2026-05-08,SH601100,-0.10075853734978435,EXP_DEnsembleModel_Alpha158_csi300_custom_step0_s_20260508_14,6021f7ea601749e5b152eeac1097b282,0.065,,,
4231,2026-05-08,SH601111,0.04203003259101716,EXP_DEnsembleModel_Alpha158_csi300_custom_step0_s_20260508_14,6021f7ea601749e5b152eeac1097b282,0.065,,,
4232,2026-05-08,SH601117,-0.03736020103460394,EXP_DEnsembleModel_Alpha158_csi300_custom_step0_s_20260508_14,6021f7ea601749e5b152eeac1097b282,0.065,,,
4233,2026-05-08,SH601127,-0.04546510797368669,EXP_DEnsembleModel_Alpha158_csi300_custom_step0_s_20260508_14,6021f7ea601749e5b152eeac1097b282,0.065,,,
4234,2026-05-08,SH601136,0.14011061614046486,EXP_DEnsembleModel_Alpha158_csi300_custom_step0_s_20260508_14,6021f7ea601749e5b152eeac1097b282,0.065,,,
4235,2026-05-08,SH601138,-0.027659909594468405,EXP_DEnsembleModel_Alpha158_csi300_custom_step0_s_20260508_14,6021f7ea601749e5b152eeac1097b282,0.065,,,
4236,2026-05-08,SH601166,0.020213123487089427,EXP_DEnsembleModel_Alpha158_csi300_custom_step0_s_20260508_14,6021f7ea601749e5b152eeac1097b282,0.065,,,
4237,2026-05-08,SH601360,-0.05135394154980038,EXP_DEnsembleModel_Alpha158_csi300_custom_step0_s_20260508_14,6021f7ea601749e5b152eeac1097b282,0.065,,,
4238,2026-05-08,SH601336,0.016018245747599684,EXP_DEnsembleModel_Alpha158_csi300_custom_step0_s_20260508_14,6021f7ea601749e5b152eeac1097b282,0.065,,,
4239,2026-05-08,SH601328,0.05379062734605123,EXP_DEnsembleModel_Alpha158_csi300_custom_step0_s_20260508_14,6021f7ea601749e5b152eeac1097b282,0.065,,,
4240,2026-05-08,SH601319,0.021424116252749068,EXP_DEnsembleModel_Alpha158_csi300_custom_step0_s_20260508_14,6021f7ea601749e5b152eeac1097b282,0.065,,,
4241,2026-05-08,SH601318,0.07778263327734539,EXP_DEnsembleModel_Alpha158_csi300_custom_step0_s_20260508_14,6021f7ea601749e5b152eeac1097b282,0.065,,,
4242,2026-05-08,SH601298,0.08790716987420234,EXP_DEnsembleModel_Alpha158_csi300_custom_step0_s_20260508_14,6021f7ea601749e5b152eeac1097b282,0.065,,,
4243,2026-05-08,SH600999,0.13426019572580258,EXP_DEnsembleModel_Alpha158_csi300_custom_step0_s_20260508_14,6021f7ea601749e5b152eeac1097b282,0.065,,,
4244,2026-05-08,SH601288,0.031096041298400545,EXP_DEnsembleModel_Alpha158_csi300_custom_step0_s_20260508_14,6021f7ea601749e5b152eeac1097b282,0.065,,,
4245,2026-05-08,SH601236,0.06640074556459198,EXP_DEnsembleModel_Alpha158_csi300_custom_step0_s_20260508_14,6021f7ea601749e5b152eeac1097b282,0.065,,,
4246,2026-05-08,SH601229,-0.032101177720966885,EXP_DEnsembleModel_Alpha158_csi300_custom_step0_s_20260508_14,6021f7ea601749e5b152eeac1097b282,0.065,,,
4247,2026-05-08,SH601225,-0.05782236012651545,EXP_DEnsembleModel_Alpha158_csi300_custom_step0_s_20260508_14,6021f7ea601749e5b152eeac1097b282,0.065,,,
4248,2026-05-08,SH601211,0.05824841991786796,EXP_DEnsembleModel_Alpha158_csi300_custom_step0_s_20260508_14,6021f7ea601749e5b152eeac1097b282,0.065,,,
4249,2026-05-08,SH601186,0.04359051571091868,EXP_DEnsembleModel_Alpha158_csi300_custom_step0_s_20260508_14,6021f7ea601749e5b152eeac1097b282,0.065,,,
4250,2026-05-08,SH601169,0.031642106348289505,EXP_DEnsembleModel_Alpha158_csi300_custom_step0_s_20260508_14,6021f7ea601749e5b152eeac1097b282,0.065,,,
4251,2026-05-08,SH601238,0.09306091998688448,EXP_DEnsembleModel_Alpha158_csi300_custom_step0_s_20260508_14,6021f7ea601749e5b152eeac1097b282,0.065,,,
4252,2026-05-08,SH601377,0.060757449280416785,EXP_DEnsembleModel_Alpha158_csi300_custom_step0_s_20260508_14,6021f7ea601749e5b152eeac1097b282,0.065,,,
4253,2026-05-08,SH600989,0.0035216379452985146,EXP_DEnsembleModel_Alpha158_csi300_custom_step0_s_20260508_14,6021f7ea601749e5b152eeac1097b282,0.065,,,
4254,2026-05-08,SH600941,0.13199514135909404,EXP_DEnsembleModel_Alpha158_csi300_custom_step0_s_20260508_14,6021f7ea601749e5b152eeac1097b282,0.065,,,
4255,2026-05-08,SH600482,-0.06806156159967716,EXP_DEnsembleModel_Alpha158_csi300_custom_step0_s_20260508_14,6021f7ea601749e5b152eeac1097b282,0.065,,,
4256,2026-05-08,SH600489,-0.09492087461754518,EXP_DEnsembleModel_Alpha158_csi300_custom_step0_s_20260508_14,6021f7ea601749e5b152eeac1097b282,0.065,,,
4257,2026-05-08,SH600515,0.002362830733409174,EXP_DEnsembleModel_Alpha158_csi300_custom_step0_s_20260508_14,6021f7ea601749e5b152eeac1097b282,0.065,,,
4258,2026-05-08,SH600519,0.03883732680469774,EXP_DEnsembleModel_Alpha158_csi300_custom_step0_s_20260508_14,6021f7ea601749e5b152eeac1097b282,0.065,,,
4259,2026-05-08,SH600522,-0.04925645776744615,EXP_DEnsembleModel_Alpha158_csi300_custom_step0_s_20260508_14,6021f7ea601749e5b152eeac1097b282,0.065,,,
4260,2026-05-08,SH600547,-0.01338849311123188,EXP_DEnsembleModel_Alpha158_csi300_custom_step0_s_20260508_14,6021f7ea601749e5b152eeac1097b282,0.065,,,
4261,2026-05-08,SH600570,0.032733228679572686,EXP_DEnsembleModel_Alpha158_csi300_custom_step0_s_20260508_14,6021f7ea601749e5b152eeac1097b282,0.065,,,
4262,2026-05-08,SH600584,0.0403350907201928,EXP_DEnsembleModel_Alpha158_csi300_custom_step0_s_20260508_14,6021f7ea601749e5b152eeac1097b282,0.065,,,
4263,2026-05-08,SH600585,0.000400814959443539,EXP_DEnsembleModel_Alpha158_csi300_custom_step0_s_20260508_14,6021f7ea601749e5b152eeac1097b282,0.065,,,
4264,2026-05-08,SH600588,-0.015731042050821143,EXP_DEnsembleModel_Alpha158_csi300_custom_step0_s_20260508_14,6021f7ea601749e5b152eeac1097b282,0.065,,,
4265,2026-05-08,SH600600,0.07768972539322565,EXP_DEnsembleModel_Alpha158_csi300_custom_step0_s_20260508_14,6021f7ea601749e5b152eeac1097b282,0.065,,,
4266,2026-05-08,SH600660,0.11132226713176828,EXP_DEnsembleModel_Alpha158_csi300_custom_step0_s_20260508_14,6021f7ea601749e5b152eeac1097b282,0.065,,,
4267,2026-05-08,SH600674,0.08879248785109105,EXP_DEnsembleModel_Alpha158_csi300_custom_step0_s_20260508_14,6021f7ea601749e5b152eeac1097b282,0.065,,,
4268,2026-05-08,SH600690,0.019810801909881416,EXP_DEnsembleModel_Alpha158_csi300_custom_step0_s_20260508_14,6021f7ea601749e5b152eeac1097b282,0.065,,,
4269,2026-05-08,SH600741,0.022617196615603942,EXP_DEnsembleModel_Alpha158_csi300_custom_step0_s_20260508_14,6021f7ea601749e5b152eeac1097b282,0.065,,,
4270,2026-05-08,SH600760,-0.01630483411773054,EXP_DEnsembleModel_Alpha158_csi300_custom_step0_s_20260508_14,6021f7ea601749e5b152eeac1097b282,0.065,,,
4271,2026-05-08,SH600795,0.10570052322113453,EXP_DEnsembleModel_Alpha158_csi300_custom_step0_s_20260508_14,6021f7ea601749e5b152eeac1097b282,0.065,,,
4272,2026-05-08,SH600938,-0.05312298429598008,EXP_DEnsembleModel_Alpha158_csi300_custom_step0_s_20260508_14,6021f7ea601749e5b152eeac1097b282,0.065,,,
4273,2026-05-08,SH600930,-0.09131919750785678,EXP_DEnsembleModel_Alpha158_csi300_custom_step0_s_20260508_14,6021f7ea601749e5b152eeac1097b282,0.065,,,
4274,2026-05-08,SH600926,0.10556587694725665,EXP_DEnsembleModel_Alpha158_csi300_custom_step0_s_20260508_14,6021f7ea601749e5b152eeac1097b282,0.065,,,
4275,2026-05-08,SH600919,0.07034387845214013,EXP_DEnsembleModel_Alpha158_csi300_custom_step0_s_20260508_14,6021f7ea601749e5b152eeac1097b282,0.065,,,
4276,2026-05-08,SH600918,0.07277351889006287,EXP_DEnsembleModel_Alpha158_csi300_custom_step0_s_20260508_14,6021f7ea601749e5b152eeac1097b282,0.065,,,
4277,2026-05-08,SH600905,0.028843334524655942,EXP_DEnsembleModel_Alpha158_csi300_custom_step0_s_20260508_14,6021f7ea601749e5b152eeac1097b282,0.065,,,
4278,2026-05-08,SH600958,0.028588629003545238,EXP_DEnsembleModel_Alpha158_csi300_custom_step0_s_20260508_14,6021f7ea601749e5b152eeac1097b282,0.065,,,
4279,2026-05-08,SH600900,0.11219934822153452,EXP_DEnsembleModel_Alpha158_csi300_custom_step0_s_20260508_14,6021f7ea601749e5b152eeac1097b282,0.065,,,
4280,2026-05-08,SH600887,0.0015373310159992033,EXP_DEnsembleModel_Alpha158_csi300_custom_step0_s_20260508_14,6021f7ea601749e5b152eeac1097b282,0.065,,,
4281,2026-05-08,SH600886,0.10310649801859108,EXP_DEnsembleModel_Alpha158_csi300_custom_step0_s_20260508_14,6021f7ea601749e5b152eeac1097b282,0.065,,,
4282,2026-05-08,SH600875,-0.09357555576813474,EXP_DEnsembleModel_Alpha158_csi300_custom_step0_s_20260508_14,6021f7ea601749e5b152eeac1097b282,0.065,,,
4283,2026-05-08,SH600845,0.01513988889052292,EXP_DEnsembleModel_Alpha158_csi300_custom_step0_s_20260508_14,6021f7ea601749e5b152eeac1097b282,0.065,,,
4284,2026-05-08,SH600809,-0.05067221700854282,EXP_DEnsembleModel_Alpha158_csi300_custom_step0_s_20260508_14,6021f7ea601749e5b152eeac1097b282,0.065,,,
4285,2026-05-08,SH600803,0.03252594435448409,EXP_DEnsembleModel_Alpha158_csi300_custom_step0_s_20260508_14,6021f7ea601749e5b152eeac1097b282,0.065,,,
4286,2026-05-08,SH600893,0.027013971851602966,EXP_DEnsembleModel_Alpha158_csi300_custom_step0_s_20260508_14,6021f7ea601749e5b152eeac1097b282,0.065,,,
4287,2026-05-08,SH601390,0.021395912360831507,EXP_DEnsembleModel_Alpha158_csi300_custom_step0_s_20260508_14,6021f7ea601749e5b152eeac1097b282,0.065,,,
4288,2026-05-08,SH601398,0.09112325063452863,EXP_DEnsembleModel_Alpha158_csi300_custom_step0_s_20260508_14,6021f7ea601749e5b152eeac1097b282,0.065,,,
4289,2026-05-08,SH601456,0.07339230610487672,EXP_DEnsembleModel_Alpha158_csi300_custom_step0_s_20260508_14,6021f7ea601749e5b152eeac1097b282,0.065,,,
4290,2026-05-08,SH601995,0.1380546981589768,EXP_DEnsembleModel_Alpha158_csi300_custom_step0_s_20260508_14,6021f7ea601749e5b152eeac1097b282,0.065,,,
4291,2026-05-08,SH601998,0.12309174533555958,EXP_DEnsembleModel_Alpha158_csi300_custom_step0_s_20260508_14,6021f7ea601749e5b152eeac1097b282,0.065,,,
4292,2026-05-08,SH603019,-0.0751310889515816,EXP_DEnsembleModel_Alpha158_csi300_custom_step0_s_20260508_14,6021f7ea601749e5b152eeac1097b282,0.065,,,
4293,2026-05-08,SH603195,0.00040237543512301597,EXP_DEnsembleModel_Alpha158_csi300_custom_step0_s_20260508_14,6021f7ea601749e5b152eeac1097b282,0.065,,,
4294,2026-05-08,SH603259,-0.06940637682435087,EXP_DEnsembleModel_Alpha158_csi300_custom_step0_s_20260508_14,6021f7ea601749e5b152eeac1097b282,0.065,,,
4295,2026-05-08,SH603260,-0.01194026192923083,EXP_DEnsembleModel_Alpha158_csi300_custom_step0_s_20260508_14,6021f7ea601749e5b152eeac1097b282,0.065,,,
4296,2026-05-08,SH603288,0.06723279833690413,EXP_DEnsembleModel_Alpha158_csi300_custom_step0_s_20260508_14,6021f7ea601749e5b152eeac1097b282,0.065,,,
4297,2026-05-08,SH603296,-0.13515738800899815,EXP_DEnsembleModel_Alpha158_csi300_custom_step0_s_20260508_14,6021f7ea601749e5b152eeac1097b282,0.065,,,
4298,2026-05-08,SH603369,-0.04806076217283384,EXP_DEnsembleModel_Alpha158_csi300_custom_step0_s_20260508_14,6021f7ea601749e5b152eeac1097b282,0.065,,,
4299,2026-05-08,SH603392,-0.005305828487736572,EXP_DEnsembleModel_Alpha158_csi300_custom_step0_s_20260508_14,6021f7ea601749e5b152eeac1097b282,0.065,,,
4300,2026-05-08,SH603501,-0.07539889621363446,EXP_DEnsembleModel_Alpha158_csi300_custom_step0_s_20260508_14,6021f7ea601749e5b152eeac1097b282,0.065,,,
4301,2026-05-08,SH603799,-0.13453489866831708,EXP_DEnsembleModel_Alpha158_csi300_custom_step0_s_20260508_14,6021f7ea601749e5b152eeac1097b282,0.065,,,
4302,2026-05-08,SH603893,-0.01767106630302909,EXP_DEnsembleModel_Alpha158_csi300_custom_step0_s_20260508_14,6021f7ea601749e5b152eeac1097b282,0.065,,,
4303,2026-05-08,SH603986,-0.09595756514745053,EXP_DEnsembleModel_Alpha158_csi300_custom_step0_s_20260508_14,6021f7ea601749e5b152eeac1097b282,0.065,,,
4304,2026-05-08,SH603993,-0.0797503597338237,EXP_DEnsembleModel_Alpha158_csi300_custom_step0_s_20260508_14,6021f7ea601749e5b152eeac1097b282,0.065,,,
4305,2026-05-08,SH605117,-0.13246545694943945,EXP_DEnsembleModel_Alpha158_csi300_custom_step0_s_20260508_14,6021f7ea601749e5b152eeac1097b282,0.065,,,
4306,2026-05-08,SH605499,-0.050125625649495666,EXP_DEnsembleModel_Alpha158_csi300_custom_step0_s_20260508_14,6021f7ea601749e5b152eeac1097b282,0.065,,,
4307,2026-05-08,SH688271,-0.0324985457940165,EXP_DEnsembleModel_Alpha158_csi300_custom_step0_s_20260508_14,6021f7ea601749e5b152eeac1097b282,0.065,,,
4308,2026-05-08,SH688256,-0.28638096226000515,EXP_DEnsembleModel_Alpha158_csi300_custom_step0_s_20260508_14,6021f7ea601749e5b152eeac1097b282,0.065,,,
4309,2026-05-08,SH688223,0.05707164676578662,EXP_DEnsembleModel_Alpha158_csi300_custom_step0_s_20260508_14,6021f7ea601749e5b152eeac1097b282,0.065,,,
4310,2026-05-08,SH688187,0.03537646778341689,EXP_DEnsembleModel_Alpha158_csi300_custom_step0_s_20260508_14,6021f7ea601749e5b152eeac1097b282,0.065,,,
4311,2026-05-08,SH688169,-0.057348206062076995,EXP_DEnsembleModel_Alpha158_csi300_custom_step0_s_20260508_14,6021f7ea601749e5b152eeac1097b282,0.065,,,
4312,2026-05-08,SH688126,-0.059328728437331446,EXP_DEnsembleModel_Alpha158_csi300_custom_step0_s_20260508_14,6021f7ea601749e5b152eeac1097b282,0.065,,,
4313,2026-05-08,SH601988,0.09913241247257304,EXP_DEnsembleModel_Alpha158_csi300_custom_step0_s_20260508_14,6021f7ea601749e5b152eeac1097b282,0.065,,,
4314,2026-05-08,SH688111,-0.05245596218934517,EXP_DEnsembleModel_Alpha158_csi300_custom_step0_s_20260508_14,6021f7ea601749e5b152eeac1097b282,0.065,,,
4315,2026-05-08,SH688047,-0.004924380287008368,EXP_DEnsembleModel_Alpha158_csi300_custom_step0_s_20260508_14,6021f7ea601749e5b152eeac1097b282,0.065,,,
4316,2026-05-08,SH688041,-0.13906729388148678,EXP_DEnsembleModel_Alpha158_csi300_custom_step0_s_20260508_14,6021f7ea601749e5b152eeac1097b282,0.065,,,
4317,2026-05-08,SH688036,-0.07663812394947644,EXP_DEnsembleModel_Alpha158_csi300_custom_step0_s_20260508_14,6021f7ea601749e5b152eeac1097b282,0.065,,,
4318,2026-05-08,SH688012,-0.00992489773386004,EXP_DEnsembleModel_Alpha158_csi300_custom_step0_s_20260508_14,6021f7ea601749e5b152eeac1097b282,0.065,,,
4319,2026-05-08,SH688009,-0.021313045274109366,EXP_DEnsembleModel_Alpha158_csi300_custom_step0_s_20260508_14,6021f7ea601749e5b152eeac1097b282,0.065,,,
4320,2026-05-08,SH688008,-0.10770574313994984,EXP_DEnsembleModel_Alpha158_csi300_custom_step0_s_20260508_14,6021f7ea601749e5b152eeac1097b282,0.065,,,
4321,2026-05-08,SH688082,-0.0610713585522114,EXP_DEnsembleModel_Alpha158_csi300_custom_step0_s_20260508_14,6021f7ea601749e5b152eeac1097b282,0.065,,,
4322,2026-05-08,SH601985,0.1269663412085951,EXP_DEnsembleModel_Alpha158_csi300_custom_step0_s_20260508_14,6021f7ea601749e5b152eeac1097b282,0.065,,,
4323,2026-05-08,SH601939,0.08248118662445596,EXP_DEnsembleModel_Alpha158_csi300_custom_step0_s_20260508_14,6021f7ea601749e5b152eeac1097b282,0.065,,,
4324,2026-05-08,SH601919,-0.030900555519906718,EXP_DEnsembleModel_Alpha158_csi300_custom_step0_s_20260508_14,6021f7ea601749e5b152eeac1097b282,0.065,,,
4325,2026-05-08,SH601766,0.05493142198366972,EXP_DEnsembleModel_Alpha158_csi300_custom_step0_s_20260508_14,6021f7ea601749e5b152eeac1097b282,0.065,,,
4326,2026-05-08,SH601728,0.09273316553777809,EXP_DEnsembleModel_Alpha158_csi300_custom_step0_s_20260508_14,6021f7ea601749e5b152eeac1097b282,0.065,,,
4327,2026-05-08,SH601698,0.01991889443451263,EXP_DEnsembleModel_Alpha158_csi300_custom_step0_s_20260508_14,6021f7ea601749e5b152eeac1097b282,0.065,,,
4328,2026-05-08,SH601689,-0.016102137371822308,EXP_DEnsembleModel_Alpha158_csi300_custom_step0_s_20260508_14,6021f7ea601749e5b152eeac1097b282,0.065,,,
4329,2026-05-08,SH601688,0.0027239650597495834,EXP_DEnsembleModel_Alpha158_csi300_custom_step0_s_20260508_14,6021f7ea601749e5b152eeac1097b282,0.065,,,
4330,2026-05-08,SH601669,-0.01433679981583692,EXP_DEnsembleModel_Alpha158_csi300_custom_step0_s_20260508_14,6021f7ea601749e5b152eeac1097b282,0.065,,,
4331,2026-05-08,SH601788,0.08990582119168657,EXP_DEnsembleModel_Alpha158_csi300_custom_step0_s_20260508_14,6021f7ea601749e5b152eeac1097b282,0.065,,,
4332,2026-05-08,SH601668,0.11829173750956413,EXP_DEnsembleModel_Alpha158_csi300_custom_step0_s_20260508_14,6021f7ea601749e5b152eeac1097b282,0.065,,,
4333,2026-05-08,SH601633,0.019338415757639626,EXP_DEnsembleModel_Alpha158_csi300_custom_step0_s_20260508_14,6021f7ea601749e5b152eeac1097b282,0.065,,,
4334,2026-05-08,SH601628,0.07409932334793544,EXP_DEnsembleModel_Alpha158_csi300_custom_step0_s_20260508_14,6021f7ea601749e5b152eeac1097b282,0.065,,,
4335,2026-05-08,SH601618,0.07348292954858943,EXP_DEnsembleModel_Alpha158_csi300_custom_step0_s_20260508_14,6021f7ea601749e5b152eeac1097b282,0.065,,,
4336,2026-05-08,SH601607,0.1063890078708056,EXP_DEnsembleModel_Alpha158_csi300_custom_step0_s_20260508_14,6021f7ea601749e5b152eeac1097b282,0.065,,,
4337,2026-05-08,SH601601,0.05153828573512161,EXP_DEnsembleModel_Alpha158_csi300_custom_step0_s_20260508_14,6021f7ea601749e5b152eeac1097b282,0.065,,,
4338,2026-05-08,SH601600,-0.050796305200175876,EXP_DEnsembleModel_Alpha158_csi300_custom_step0_s_20260508_14,6021f7ea601749e5b152eeac1097b282,0.065,,,
4339,2026-05-08,SH601658,0.06070204133318587,EXP_DEnsembleModel_Alpha158_csi300_custom_step0_s_20260508_14,6021f7ea601749e5b152eeac1097b282,0.065,,,
4340,2026-05-08,SH600460,-0.11724897635891943,EXP_DEnsembleModel_Alpha158_csi300_custom_step0_s_20260508_14,6021f7ea601749e5b152eeac1097b282,0.065,,,
4341,2026-05-08,SH601800,-0.057901743695860555,EXP_DEnsembleModel_Alpha158_csi300_custom_step0_s_20260508_14,6021f7ea601749e5b152eeac1097b282,0.065,,,
4342,2026-05-08,SH601816,0.04905349801519282,EXP_DEnsembleModel_Alpha158_csi300_custom_step0_s_20260508_14,6021f7ea601749e5b152eeac1097b282,0.065,,,
4343,2026-05-08,SH601916,0.1160125509513269,EXP_DEnsembleModel_Alpha158_csi300_custom_step0_s_20260508_14,6021f7ea601749e5b152eeac1097b282,0.065,,,
4344,2026-05-08,SH601901,0.11856816260462286,EXP_DEnsembleModel_Alpha158_csi300_custom_step0_s_20260508_14,6021f7ea601749e5b152eeac1097b282,0.065,,,
4345,2026-05-08,SH601899,-0.0632611616677724,EXP_DEnsembleModel_Alpha158_csi300_custom_step0_s_20260508_14,6021f7ea601749e5b152eeac1097b282,0.065,,,
4346,2026-05-08,SH601898,-0.036504211409220506,EXP_DEnsembleModel_Alpha158_csi300_custom_step0_s_20260508_14,6021f7ea601749e5b152eeac1097b282,0.065,,,
4347,2026-05-08,SH601888,-0.1017580753269004,EXP_DEnsembleModel_Alpha158_csi300_custom_step0_s_20260508_14,6021f7ea601749e5b152eeac1097b282,0.065,,,
4348,2026-05-08,SH601881,0.06727688929223377,EXP_DEnsembleModel_Alpha158_csi300_custom_step0_s_20260508_14,6021f7ea601749e5b152eeac1097b282,0.065,,,
4349,2026-05-08,SH601808,-0.08346071980925629,EXP_DEnsembleModel_Alpha158_csi300_custom_step0_s_20260508_14,6021f7ea601749e5b152eeac1097b282,0.065,,,
4350,2026-05-08,SH601878,0.05242462517852301,EXP_DEnsembleModel_Alpha158_csi300_custom_step0_s_20260508_14,6021f7ea601749e5b152eeac1097b282,0.065,,,
4351,2026-05-08,SH601872,-0.15154492718185425,EXP_DEnsembleModel_Alpha158_csi300_custom_step0_s_20260508_14,6021f7ea601749e5b152eeac1097b282,0.065,,,
4352,2026-05-08,SH601868,-0.022870814784748263,EXP_DEnsembleModel_Alpha158_csi300_custom_step0_s_20260508_14,6021f7ea601749e5b152eeac1097b282,0.065,,,
4353,2026-05-08,SH601857,-0.11545165969334922,EXP_DEnsembleModel_Alpha158_csi300_custom_step0_s_20260508_14,6021f7ea601749e5b152eeac1097b282,0.065,,,
4354,2026-05-08,SH601838,0.007413579843425792,EXP_DEnsembleModel_Alpha158_csi300_custom_step0_s_20260508_14,6021f7ea601749e5b152eeac1097b282,0.065,,,
4355,2026-05-08,SH601825,0.10314924776303758,EXP_DEnsembleModel_Alpha158_csi300_custom_step0_s_20260508_14,6021f7ea601749e5b152eeac1097b282,0.065,,,
4356,2026-05-08,SH601818,0.045575330657143705,EXP_DEnsembleModel_Alpha158_csi300_custom_step0_s_20260508_14,6021f7ea601749e5b152eeac1097b282,0.065,,,
4357,2026-05-08,SH601877,-0.03675394760474486,EXP_DEnsembleModel_Alpha158_csi300_custom_step0_s_20260508_14,6021f7ea601749e5b152eeac1097b282,0.065,,,
4358,2026-05-08,SH688396,-0.05397978714846144,EXP_DEnsembleModel_Alpha158_csi300_custom_step0_s_20260508_14,6021f7ea601749e5b152eeac1097b282,0.065,,,
4359,2026-05-08,SH600438,-0.05400805352026861,EXP_DEnsembleModel_Alpha158_csi300_custom_step0_s_20260508_14,6021f7ea601749e5b152eeac1097b282,0.065,,,
4360,2026-05-08,SH600426,-0.04900594175385955,EXP_DEnsembleModel_Alpha158_csi300_custom_step0_s_20260508_14,6021f7ea601749e5b152eeac1097b282,0.065,,,
4361,2026-05-08,SZ002352,0.11357071730882604,EXP_DEnsembleModel_Alpha158_csi300_custom_step0_s_20260508_14,c36e8b85095e4d838c182bcee1908cc2,0.066,,,
4362,2026-05-08,SZ002371,-0.04528050618388372,EXP_DEnsembleModel_Alpha158_csi300_custom_step0_s_20260508_14,c36e8b85095e4d838c182bcee1908cc2,0.066,,,
4363,2026-05-08,SZ002384,-0.3189500431509888,EXP_DEnsembleModel_Alpha158_csi300_custom_step0_s_20260508_14,c36e8b85095e4d838c182bcee1908cc2,0.066,,,
4364,2026-05-08,SZ002415,0.04449021761182719,EXP_DEnsembleModel_Alpha158_csi300_custom_step0_s_20260508_14,c36e8b85095e4d838c182bcee1908cc2,0.066,,,
4365,2026-05-08,SZ002422,-0.022119521405144383,EXP_DEnsembleModel_Alpha158_csi300_custom_step0_s_20260508_14,c36e8b85095e4d838c182bcee1908cc2,0.066,,,
4366,2026-05-08,SZ002459,-0.07627935759200649,EXP_DEnsembleModel_Alpha158_csi300_custom_step0_s_20260508_14,c36e8b85095e4d838c182bcee1908cc2,0.066,,,
4367,2026-05-08,SZ002460,-0.1112388591781036,EXP_DEnsembleModel_Alpha158_csi300_custom_step0_s_20260508_14,c36e8b85095e4d838c182bcee1908cc2,0.066,,,
4368,2026-05-08,SZ002463,-0.24531695894411892,EXP_DEnsembleModel_Alpha158_csi300_custom_step0_s_20260508_14,c36e8b85095e4d838c182bcee1908cc2,0.066,,,
4369,2026-05-08,SZ002466,-0.052446789610529565,EXP_DEnsembleModel_Alpha158_csi300_custom_step0_s_20260508_14,c36e8b85095e4d838c182bcee1908cc2,0.066,,,
4370,2026-05-08,SZ002475,-0.03632911206640696,EXP_DEnsembleModel_Alpha158_csi300_custom_step0_s_20260508_14,c36e8b85095e4d838c182bcee1908cc2,0.066,,,
4371,2026-05-08,SZ002493,-0.013899514038321951,EXP_DEnsembleModel_Alpha158_csi300_custom_step0_s_20260508_14,c36e8b85095e4d838c182bcee1908cc2,0.066,,,
4372,2026-05-08,SZ002594,0.013601475371949617,EXP_DEnsembleModel_Alpha158_csi300_custom_step0_s_20260508_14,c36e8b85095e4d838c182bcee1908cc2,0.066,,,
4373,2026-05-08,SZ002600,0.04993501763954389,EXP_DEnsembleModel_Alpha158_csi300_custom_step0_s_20260508_14,c36e8b85095e4d838c182bcee1908cc2,0.066,,,
4374,2026-05-08,SZ002601,0.04929874777182715,EXP_DEnsembleModel_Alpha158_csi300_custom_step0_s_20260508_14,c36e8b85095e4d838c182bcee1908cc2,0.066,,,
4375,2026-05-08,SZ002625,0.08411041664036756,EXP_DEnsembleModel_Alpha158_csi300_custom_step0_s_20260508_14,c36e8b85095e4d838c182bcee1908cc2,0.066,,,
4376,2026-05-08,SZ002648,0.048119032758741256,EXP_DEnsembleModel_Alpha158_csi300_custom_step0_s_20260508_14,c36e8b85095e4d838c182bcee1908cc2,0.066,,,
4377,2026-05-08,SZ002709,-0.06623203392207501,EXP_DEnsembleModel_Alpha158_csi300_custom_step0_s_20260508_14,c36e8b85095e4d838c182bcee1908cc2,0.066,,,
4378,2026-05-08,SZ300274,-0.05144494044870296,EXP_DEnsembleModel_Alpha158_csi300_custom_step0_s_20260508_14,c36e8b85095e4d838c182bcee1908cc2,0.066,,,
4379,2026-05-08,SZ300251,-0.00668170783431101,EXP_DEnsembleModel_Alpha158_csi300_custom_step0_s_20260508_14,c36e8b85095e4d838c182bcee1908cc2,0.066,,,
4380,2026-05-08,SZ300124,-0.13672422581703486,EXP_DEnsembleModel_Alpha158_csi300_custom_step0_s_20260508_14,c36e8b85095e4d838c182bcee1908cc2,0.066,,,
4381,2026-05-08,SZ300122,-0.029918062936669914,EXP_DEnsembleModel_Alpha158_csi300_custom_step0_s_20260508_14,c36e8b85095e4d838c182bcee1908cc2,0.066,,,
4382,2026-05-08,SZ300059,0.026601446448112107,EXP_DEnsembleModel_Alpha158_csi300_custom_step0_s_20260508_14,c36e8b85095e4d838c182bcee1908cc2,0.066,,,
4383,2026-05-08,SZ300033,-0.12501273108338423,EXP_DEnsembleModel_Alpha158_csi300_custom_step0_s_20260508_14,c36e8b85095e4d838c182bcee1908cc2,0.066,,,
4384,2026-05-08,SZ002311,0.011955505087189705,EXP_DEnsembleModel_Alpha158_csi300_custom_step0_s_20260508_14,c36e8b85095e4d838c182bcee1908cc2,0.066,,,
4385,2026-05-08,SZ300015,-0.071730943770324,EXP_DEnsembleModel_Alpha158_csi300_custom_step0_s_20260508_14,c36e8b85095e4d838c182bcee1908cc2,0.066,,,
4386,2026-05-08,SZ003816,0.0575239112973348,EXP_DEnsembleModel_Alpha158_csi300_custom_step0_s_20260508_14,c36e8b85095e4d838c182bcee1908cc2,0.066,,,
4387,2026-05-08,SZ002938,-0.04056614316609716,EXP_DEnsembleModel_Alpha158_csi300_custom_step0_s_20260508_14,c36e8b85095e4d838c182bcee1908cc2,0.066,,,
4388,2026-05-08,SZ002920,-0.01490355735997394,EXP_DEnsembleModel_Alpha158_csi300_custom_step0_s_20260508_14,c36e8b85095e4d838c182bcee1908cc2,0.066,,,
4389,2026-05-08,SZ002916,-0.13324687461559556,EXP_DEnsembleModel_Alpha158_csi300_custom_step0_s_20260508_14,c36e8b85095e4d838c182bcee1908cc2,0.066,,,
4390,2026-05-08,SZ002736,0.05105394923622604,EXP_DEnsembleModel_Alpha158_csi300_custom_step0_s_20260508_14,c36e8b85095e4d838c182bcee1908cc2,0.066,,,
4391,2026-05-08,SZ002714,-0.026630140167101576,EXP_DEnsembleModel_Alpha158_csi300_custom_step0_s_20260508_14,c36e8b85095e4d838c182bcee1908cc2,0.066,,,
4392,2026-05-08,SZ300014,-0.04238601680349944,EXP_DEnsembleModel_Alpha158_csi300_custom_step0_s_20260508_14,c36e8b85095e4d838c182bcee1908cc2,0.066,,,
4393,2026-05-08,SZ300308,-0.10990086897336596,EXP_DEnsembleModel_Alpha158_csi300_custom_step0_s_20260508_14,c36e8b85095e4d838c182bcee1908cc2,0.066,,,
4394,2026-05-08,SZ002304,0.08219069590960158,EXP_DEnsembleModel_Alpha158_csi300_custom_step0_s_20260508_14,c36e8b85095e4d838c182bcee1908cc2,0.066,,,
4395,2026-05-08,SZ002241,0.009519184048533318,EXP_DEnsembleModel_Alpha158_csi300_custom_step0_s_20260508_14,c36e8b85095e4d838c182bcee1908cc2,0.066,,,
4396,2026-05-08,SZ000651,0.10054927306366536,EXP_DEnsembleModel_Alpha158_csi300_custom_step0_s_20260508_14,c36e8b85095e4d838c182bcee1908cc2,0.066,,,
4397,2026-05-08,SZ000661,0.09395086366548192,EXP_DEnsembleModel_Alpha158_csi300_custom_step0_s_20260508_14,c36e8b85095e4d838c182bcee1908cc2,0.066,,,
4398,2026-05-08,SZ000708,0.03762047754857793,EXP_DEnsembleModel_Alpha158_csi300_custom_step0_s_20260508_14,c36e8b85095e4d838c182bcee1908cc2,0.066,,,
4399,2026-05-08,SZ000725,0.02738952392181775,EXP_DEnsembleModel_Alpha158_csi300_custom_step0_s_20260508_14,c36e8b85095e4d838c182bcee1908cc2,0.066,,,
4400,2026-05-08,SZ000768,0.06842742155597623,EXP_DEnsembleModel_Alpha158_csi300_custom_step0_s_20260508_14,c36e8b85095e4d838c182bcee1908cc2,0.066,,,
4401,2026-05-08,SZ000776,0.027197352823153803,EXP_DEnsembleModel_Alpha158_csi300_custom_step0_s_20260508_14,c36e8b85095e4d838c182bcee1908cc2,0.066,,,
4402,2026-05-08,SZ000786,0.011726736515909483,EXP_DEnsembleModel_Alpha158_csi300_custom_step0_s_20260508_14,c36e8b85095e4d838c182bcee1908cc2,0.066,,,
4403,2026-05-08,SZ000792,-0.1349724220364754,EXP_DEnsembleModel_Alpha158_csi300_custom_step0_s_20260508_14,c36e8b85095e4d838c182bcee1908cc2,0.066,,,
4404,2026-05-08,SZ000807,-0.02203288145753202,EXP_DEnsembleModel_Alpha158_csi300_custom_step0_s_20260508_14,c36e8b85095e4d838c182bcee1908cc2,0.066,,,
4405,2026-05-08,SZ000858,0.008686911586310561,EXP_DEnsembleModel_Alpha158_csi300_custom_step0_s_20260508_14,c36e8b85095e4d838c182bcee1908cc2,0.066,,,
4406,2026-05-08,SZ000876,-0.0038732704194411284,EXP_DEnsembleModel_Alpha158_csi300_custom_step0_s_20260508_14,c36e8b85095e4d838c182bcee1908cc2,0.066,,,
4407,2026-05-08,SZ000895,0.09781980451906891,EXP_DEnsembleModel_Alpha158_csi300_custom_step0_s_20260508_14,c36e8b85095e4d838c182bcee1908cc2,0.066,,,
4408,2026-05-08,SZ000938,-0.16182223336025814,EXP_DEnsembleModel_Alpha158_csi300_custom_step0_s_20260508_14,c36e8b85095e4d838c182bcee1908cc2,0.066,,,
4409,2026-05-08,SZ000963,-0.018044609458324683,EXP_DEnsembleModel_Alpha158_csi300_custom_step0_s_20260508_14,c36e8b85095e4d838c182bcee1908cc2,0.066,,,
4410,2026-05-08,SZ000975,-0.0890576704632763,EXP_DEnsembleModel_Alpha158_csi300_custom_step0_s_20260508_14,c36e8b85095e4d838c182bcee1908cc2,0.066,,,
4411,2026-05-08,SZ000977,-0.0014600223807349534,EXP_DEnsembleModel_Alpha158_csi300_custom_step0_s_20260508_14,c36e8b85095e4d838c182bcee1908cc2,0.066,,,
4412,2026-05-08,SZ000983,-0.13080332797552455,EXP_DEnsembleModel_Alpha158_csi300_custom_step0_s_20260508_14,c36e8b85095e4d838c182bcee1908cc2,0.066,,,
4413,2026-05-08,SZ002236,0.03824919373723529,EXP_DEnsembleModel_Alpha158_csi300_custom_step0_s_20260508_14,c36e8b85095e4d838c182bcee1908cc2,0.066,,,
4414,2026-05-08,SZ002230,0.008380998218793413,EXP_DEnsembleModel_Alpha158_csi300_custom_step0_s_20260508_14,c36e8b85095e4d838c182bcee1908cc2,0.066,,,
4415,2026-05-08,SZ002179,-0.02927419929026639,EXP_DEnsembleModel_Alpha158_csi300_custom_step0_s_20260508_14,c36e8b85095e4d838c182bcee1908cc2,0.066,,,
4416,2026-05-08,SZ002142,0.0672817215911488,EXP_DEnsembleModel_Alpha158_csi300_custom_step0_s_20260508_14,c36e8b85095e4d838c182bcee1908cc2,0.066,,,
4417,2026-05-08,SZ002074,-0.13541687858140242,EXP_DEnsembleModel_Alpha158_csi300_custom_step0_s_20260508_14,c36e8b85095e4d838c182bcee1908cc2,0.066,,,
4418,2026-05-08,SZ002050,-0.03821055454969953,EXP_DEnsembleModel_Alpha158_csi300_custom_step0_s_20260508_14,c36e8b85095e4d838c182bcee1908cc2,0.066,,,
4419,2026-05-08,SZ002252,0.07913609188845075,EXP_DEnsembleModel_Alpha158_csi300_custom_step0_s_20260508_14,c36e8b85095e4d838c182bcee1908cc2,0.066,,,
4420,2026-05-08,SZ002049,-0.017653531987567687,EXP_DEnsembleModel_Alpha158_csi300_custom_step0_s_20260508_14,c36e8b85095e4d838c182bcee1908cc2,0.066,,,
4421,2026-05-08,SZ002027,0.05010598125878659,EXP_DEnsembleModel_Alpha158_csi300_custom_step0_s_20260508_14,c36e8b85095e4d838c182bcee1908cc2,0.066,,,
4422,2026-05-08,SZ002001,0.12419766732563223,EXP_DEnsembleModel_Alpha158_csi300_custom_step0_s_20260508_14,c36e8b85095e4d838c182bcee1908cc2,0.066,,,
4423,2026-05-08,SZ001979,-0.07228934977210867,EXP_DEnsembleModel_Alpha158_csi300_custom_step0_s_20260508_14,c36e8b85095e4d838c182bcee1908cc2,0.066,,,
4424,2026-05-08,SZ001965,-0.0018724512220499021,EXP_DEnsembleModel_Alpha158_csi300_custom_step0_s_20260508_14,c36e8b85095e4d838c182bcee1908cc2,0.066,,,
4425,2026-05-08,SZ001391,0.09688651157249142,EXP_DEnsembleModel_Alpha158_csi300_custom_step0_s_20260508_14,c36e8b85095e4d838c182bcee1908cc2,0.066,,,
4426,2026-05-08,SZ000999,0.021329305910257695,EXP_DEnsembleModel_Alpha158_csi300_custom_step0_s_20260508_14,c36e8b85095e4d838c182bcee1908cc2,0.066,,,
4427,2026-05-08,SZ002028,-0.0024926253743180766,EXP_DEnsembleModel_Alpha158_csi300_custom_step0_s_20260508_14,c36e8b85095e4d838c182bcee1908cc2,0.066,,,
4428,2026-05-08,SZ300316,-0.08586105909528548,EXP_DEnsembleModel_Alpha158_csi300_custom_step0_s_20260508_14,c36e8b85095e4d838c182bcee1908cc2,0.066,,,
4429,2026-05-08,SZ300347,-0.1787798921070382,EXP_DEnsembleModel_Alpha158_csi300_custom_step0_s_20260508_14,c36e8b85095e4d838c182bcee1908cc2,0.066,,,
4430,2026-05-08,SZ300394,-0.19561608682557413,EXP_DEnsembleModel_Alpha158_csi300_custom_step0_s_20260508_14,c36e8b85095e4d838c182bcee1908cc2,0.066,,,
4431,2026-05-08,SH600029,-0.028930655615893315,EXP_DEnsembleModel_Alpha158_csi300_custom_step0_s_20260508_14,6021f7ea601749e5b152eeac1097b282,0.065,,,
4432,2026-05-08,SH600030,0.015681321710226598,EXP_DEnsembleModel_Alpha158_csi300_custom_step0_s_20260508_14,6021f7ea601749e5b152eeac1097b282,0.065,,,
4433,2026-05-08,SH600031,-0.08851070258736321,EXP_DEnsembleModel_Alpha158_csi300_custom_step0_s_20260508_14,6021f7ea601749e5b152eeac1097b282,0.065,,,
4434,2026-05-08,SH600036,0.03438239134900199,EXP_DEnsembleModel_Alpha158_csi300_custom_step0_s_20260508_14,6021f7ea601749e5b152eeac1097b282,0.065,,,
4435,2026-05-08,SH600039,-0.04312630344986658,EXP_DEnsembleModel_Alpha158_csi300_custom_step0_s_20260508_14,6021f7ea601749e5b152eeac1097b282,0.065,,,
4436,2026-05-08,SH600048,-0.0772472656559871,EXP_DEnsembleModel_Alpha158_csi300_custom_step0_s_20260508_14,6021f7ea601749e5b152eeac1097b282,0.065,,,
4437,2026-05-08,SH600050,0.0691046900880458,EXP_DEnsembleModel_Alpha158_csi300_custom_step0_s_20260508_14,6021f7ea601749e5b152eeac1097b282,0.065,,,
4438,2026-05-08,SH600061,0.09353878618869069,EXP_DEnsembleModel_Alpha158_csi300_custom_step0_s_20260508_14,6021f7ea601749e5b152eeac1097b282,0.065,,,
4439,2026-05-08,SH600066,-0.02635842202826435,EXP_DEnsembleModel_Alpha158_csi300_custom_step0_s_20260508_14,6021f7ea601749e5b152eeac1097b282,0.065,,,
4440,2026-05-08,SH600085,0.14136108928675828,EXP_DEnsembleModel_Alpha158_csi300_custom_step0_s_20260508_14,6021f7ea601749e5b152eeac1097b282,0.065,,,
4441,2026-05-08,SH600089,-0.02552153542810312,EXP_DEnsembleModel_Alpha158_csi300_custom_step0_s_20260508_14,6021f7ea601749e5b152eeac1097b282,0.065,,,
4442,2026-05-08,SH600104,0.02430149947322982,EXP_DEnsembleModel_Alpha158_csi300_custom_step0_s_20260508_14,6021f7ea601749e5b152eeac1097b282,0.065,,,
4443,2026-05-08,SH600111,-0.13717971273872617,EXP_DEnsembleModel_Alpha158_csi300_custom_step0_s_20260508_14,6021f7ea601749e5b152eeac1097b282,0.065,,,
4444,2026-05-08,SH600115,-0.0680617004581647,EXP_DEnsembleModel_Alpha158_csi300_custom_step0_s_20260508_14,6021f7ea601749e5b152eeac1097b282,0.065,,,
4445,2026-05-08,SH600150,-0.056883449984600105,EXP_DEnsembleModel_Alpha158_csi300_custom_step0_s_20260508_14,6021f7ea601749e5b152eeac1097b282,0.065,,,
4446,2026-05-08,SH600160,-0.08421147208225147,EXP_DEnsembleModel_Alpha158_csi300_custom_step0_s_20260508_14,6021f7ea601749e5b152eeac1097b282,0.065,,,
4447,2026-05-08,SH600161,-0.047676942269945066,EXP_DEnsembleModel_Alpha158_csi300_custom_step0_s_20260508_14,6021f7ea601749e5b152eeac1097b282,0.065,,,
4448,2026-05-08,SH600415,-0.08174346995647642,EXP_DEnsembleModel_Alpha158_csi300_custom_step0_s_20260508_14,6021f7ea601749e5b152eeac1097b282,0.065,,,
4449,2026-05-08,SH600406,0.07437594353907599,EXP_DEnsembleModel_Alpha158_csi300_custom_step0_s_20260508_14,6021f7ea601749e5b152eeac1097b282,0.065,,,
4450,2026-05-08,SH600377,0.10765765611802137,EXP_DEnsembleModel_Alpha158_csi300_custom_step0_s_20260508_14,6021f7ea601749e5b152eeac1097b282,0.065,,,
4451,2026-05-08,SH600372,0.013873432364655202,EXP_DEnsembleModel_Alpha158_csi300_custom_step0_s_20260508_14,6021f7ea601749e5b152eeac1097b282,0.065,,,
4452,2026-05-08,SH600362,0.051510629339775155,EXP_DEnsembleModel_Alpha158_csi300_custom_step0_s_20260508_14,6021f7ea601749e5b152eeac1097b282,0.065,,,
4453,2026-05-08,SH600346,-0.0885768593810836,EXP_DEnsembleModel_Alpha158_csi300_custom_step0_s_20260508_14,6021f7ea601749e5b152eeac1097b282,0.065,,,
4454,2026-05-08,SH600028,-0.03582028747860133,EXP_DEnsembleModel_Alpha158_csi300_custom_step0_s_20260508_14,6021f7ea601749e5b152eeac1097b282,0.065,,,
4455,2026-05-08,SH600309,-0.08426042066126105,EXP_DEnsembleModel_Alpha158_csi300_custom_step0_s_20260508_14,6021f7ea601749e5b152eeac1097b282,0.065,,,
4456,2026-05-08,SH600233,0.025682416120623573,EXP_DEnsembleModel_Alpha158_csi300_custom_step0_s_20260508_14,6021f7ea601749e5b152eeac1097b282,0.065,,,
4457,2026-05-08,SH600219,-0.005762842437658664,EXP_DEnsembleModel_Alpha158_csi300_custom_step0_s_20260508_14,6021f7ea601749e5b152eeac1097b282,0.065,,,
4458,2026-05-08,SH600196,0.018661878669284714,EXP_DEnsembleModel_Alpha158_csi300_custom_step0_s_20260508_14,6021f7ea601749e5b152eeac1097b282,0.065,,,
4459,2026-05-08,SH600188,0.11341941483125087,EXP_DEnsembleModel_Alpha158_csi300_custom_step0_s_20260508_14,6021f7ea601749e5b152eeac1097b282,0.065,,,
4460,2026-05-08,SH600183,-0.02157689185553016,EXP_DEnsembleModel_Alpha158_csi300_custom_step0_s_20260508_14,6021f7ea601749e5b152eeac1097b282,0.065,,,
4461,2026-05-08,SH600176,-0.17913196161214853,EXP_DEnsembleModel_Alpha158_csi300_custom_step0_s_20260508_14,6021f7ea601749e5b152eeac1097b282,0.065,,,
4462,2026-05-08,SH600276,-0.030745170425092474,EXP_DEnsembleModel_Alpha158_csi300_custom_step0_s_20260508_14,6021f7ea601749e5b152eeac1097b282,0.065,,,
4463,2026-05-08,SH600027,0.04410484630613417,EXP_DEnsembleModel_Alpha158_csi300_custom_step0_s_20260508_14,6021f7ea601749e5b152eeac1097b282,0.065,,,
4464,2026-05-08,SH600026,-0.16602011187721125,EXP_DEnsembleModel_Alpha158_csi300_custom_step0_s_20260508_14,6021f7ea601749e5b152eeac1097b282,0.065,,,
4465,2026-05-08,SH600025,0.11286466258928178,EXP_DEnsembleModel_Alpha158_csi300_custom_step0_s_20260508_14,6021f7ea601749e5b152eeac1097b282,0.065,,,
4466,2026-05-08,SZ300782,-0.15456837914923152,EXP_DEnsembleModel_Alpha158_csi300_custom_step0_s_20260508_14,c36e8b85095e4d838c182bcee1908cc2,0.066,,,
4467,2026-05-08,SZ300760,0.03669088761686894,EXP_DEnsembleModel_Alpha158_csi300_custom_step0_s_20260508_14,c36e8b85095e4d838c182bcee1908cc2,0.066,,,
4468,2026-05-08,SZ300759,-0.1578531486220832,EXP_DEnsembleModel_Alpha158_csi300_custom_step0_s_20260508_14,c36e8b85095e4d838c182bcee1908cc2,0.066,,,
4469,2026-05-08,SZ300750,-0.14578301012091674,EXP_DEnsembleModel_Alpha158_csi300_custom_step0_s_20260508_14,c36e8b85095e4d838c182bcee1908cc2,0.066,,,
4470,2026-05-08,SZ300661,-0.07877249473447342,EXP_DEnsembleModel_Alpha158_csi300_custom_step0_s_20260508_14,c36e8b85095e4d838c182bcee1908cc2,0.066,,,
4471,2026-05-08,SZ300628,-0.025643685506552872,EXP_DEnsembleModel_Alpha158_csi300_custom_step0_s_20260508_14,c36e8b85095e4d838c182bcee1908cc2,0.066,,,
4472,2026-05-08,SZ300803,-0.06958694728329283,EXP_DEnsembleModel_Alpha158_csi300_custom_step0_s_20260508_14,c36e8b85095e4d838c182bcee1908cc2,0.066,,,
4473,2026-05-08,SZ300502,-0.12625717819132573,EXP_DEnsembleModel_Alpha158_csi300_custom_step0_s_20260508_14,c36e8b85095e4d838c182bcee1908cc2,0.066,,,
4474,2026-05-08,SZ300476,-0.0005191300033617342,EXP_DEnsembleModel_Alpha158_csi300_custom_step0_s_20260508_14,c36e8b85095e4d838c182bcee1908cc2,0.066,,,
4475,2026-05-08,SZ300442,-0.08850003968507719,EXP_DEnsembleModel_Alpha158_csi300_custom_step0_s_20260508_14,c36e8b85095e4d838c182bcee1908cc2,0.066,,,
4476,2026-05-08,SZ300433,0.03148449194411817,EXP_DEnsembleModel_Alpha158_csi300_custom_step0_s_20260508_14,c36e8b85095e4d838c182bcee1908cc2,0.066,,,
4477,2026-05-08,SZ300418,-0.0878042403478047,EXP_DEnsembleModel_Alpha158_csi300_custom_step0_s_20260508_14,c36e8b85095e4d838c182bcee1908cc2,0.066,,,
4478,2026-05-08,SZ300413,-0.009224542452755832,EXP_DEnsembleModel_Alpha158_csi300_custom_step0_s_20260508_14,c36e8b85095e4d838c182bcee1908cc2,0.066,,,
4479,2026-05-08,SZ300408,-0.2107526162757121,EXP_DEnsembleModel_Alpha158_csi300_custom_step0_s_20260508_14,c36e8b85095e4d838c182bcee1908cc2,0.066,,,
4480,2026-05-08,SZ300498,-0.051253743671265756,EXP_DEnsembleModel_Alpha158_csi300_custom_step0_s_20260508_14,c36e8b85095e4d838c182bcee1908cc2,0.066,,,
4481,2026-05-08,SH600436,0.05161324339793057,EXP_DEnsembleModel_Alpha158_csi300_custom_step0_s_20260508_14,6021f7ea601749e5b152eeac1097b282,0.065,,,
4482,2026-05-08,SZ300832,-0.12822645133760566,EXP_DEnsembleModel_Alpha158_csi300_custom_step0_s_20260508_14,c36e8b85095e4d838c182bcee1908cc2,0.066,,,
4483,2026-05-08,SZ300896,0.1095962990904617,EXP_DEnsembleModel_Alpha158_csi300_custom_step0_s_20260508_14,c36e8b85095e4d838c182bcee1908cc2,0.066,,,
4484,2026-05-08,SH600023,0.09134059706300392,EXP_DEnsembleModel_Alpha158_csi300_custom_step0_s_20260508_14,6021f7ea601749e5b152eeac1097b282,0.065,,,
4485,2026-05-08,SH600019,0.08591645900663258,EXP_DEnsembleModel_Alpha158_csi300_custom_step0_s_20260508_14,6021f7ea601749e5b152eeac1097b282,0.065,,,
4486,2026-05-08,SH600018,0.10059987138633182,EXP_DEnsembleModel_Alpha158_csi300_custom_step0_s_20260508_14,6021f7ea601749e5b152eeac1097b282,0.065,,,
4487,2026-05-08,SH600016,0.05129298391316783,EXP_DEnsembleModel_Alpha158_csi300_custom_step0_s_20260508_14,6021f7ea601749e5b152eeac1097b282,0.065,,,
4488,2026-05-08,SH600015,0.051712628076864095,EXP_DEnsembleModel_Alpha158_csi300_custom_step0_s_20260508_14,6021f7ea601749e5b152eeac1097b282,0.065,,,
4489,2026-05-08,SH600011,0.016139480168987846,EXP_DEnsembleModel_Alpha158_csi300_custom_step0_s_20260508_14,6021f7ea601749e5b152eeac1097b282,0.065,,,
4490,2026-05-08,SZ300866,-0.1099035608443589,EXP_DEnsembleModel_Alpha158_csi300_custom_step0_s_20260508_14,c36e8b85095e4d838c182bcee1908cc2,0.066,,,
4491,2026-05-08,SH600010,-0.03390570446891237,EXP_DEnsembleModel_Alpha158_csi300_custom_step0_s_20260508_14,6021f7ea601749e5b152eeac1097b282,0.065,,,
4492,2026-05-08,SH600000,-0.01380818023107559,EXP_DEnsembleModel_Alpha158_csi300_custom_step0_s_20260508_14,6021f7ea601749e5b152eeac1097b282,0.065,,,
4493,2026-05-08,SZ302132,0.08281378728067311,EXP_DEnsembleModel_Alpha158_csi300_custom_step0_s_20260508_14,c36e8b85095e4d838c182bcee1908cc2,0.066,,,
4494,2026-05-08,SZ301269,-0.09368785547443569,EXP_DEnsembleModel_Alpha158_csi300_custom_step0_s_20260508_14,c36e8b85095e4d838c182bcee1908cc2,0.066,,,
4495,2026-05-08,SZ301236,-0.07950557094400146,EXP_DEnsembleModel_Alpha158_csi300_custom_step0_s_20260508_14,c36e8b85095e4d838c182bcee1908cc2,0.066,,,
4496,2026-05-08,SZ300999,0.06017135916123529,EXP_DEnsembleModel_Alpha158_csi300_custom_step0_s_20260508_14,c36e8b85095e4d838c182bcee1908cc2,0.066,,,
4497,2026-05-08,SZ300979,0.03223334534072816,EXP_DEnsembleModel_Alpha158_csi300_custom_step0_s_20260508_14,c36e8b85095e4d838c182bcee1908cc2,0.066,,,
4498,2026-05-08,SH600009,0.06443866101741998,EXP_DEnsembleModel_Alpha158_csi300_custom_step0_s_20260508_14,6021f7ea601749e5b152eeac1097b282,0.065,,,
4499,2026-05-08,SZ302132,0.015482921153306961,EXP_XGBModel_Alpha158_csi300_custom_step0_s_20260508_14,c17da3e0d27c447085f9585e44ded444,0.146,,,
