,datetime,instrument,score,exp_name,rid,weight,real_label,error,abs_error
0,2026-05-13,SH600000,-0.0006252526919327307,EXP_CatBoostModel_Alpha158_csi300_custom_step0_s_20260513_17,3e58899130b5439f89726bf87c1e6cbb,0.013,,,
1,2026-05-13,SZ300866,0.12450271302157949,EXP_DEnsembleModel_Alpha158_csi300_custom_step0_s_20260513_15,9c2edad08d994cf1a8fc5ceb1401c6db,0.124,,,
2,2026-05-13,SZ300896,0.10186678051212583,EXP_DEnsembleModel_Alpha158_csi300_custom_step0_s_20260513_15,9c2edad08d994cf1a8fc5ceb1401c6db,0.124,,,
3,2026-05-13,SZ300979,-0.09235844945067806,EXP_DEnsembleModel_Alpha158_csi300_custom_step0_s_20260513_15,9c2edad08d994cf1a8fc5ceb1401c6db,0.124,,,
4,2026-05-13,SZ300999,-0.04406655809568442,EXP_DEnsembleModel_Alpha158_csi300_custom_step0_s_20260513_15,9c2edad08d994cf1a8fc5ceb1401c6db,0.124,,,
5,2026-05-13,SZ301236,0.09425373344398869,EXP_DEnsembleModel_Alpha158_csi300_custom_step0_s_20260513_15,9c2edad08d994cf1a8fc5ceb1401c6db,0.124,,,
6,2026-05-13,SZ301269,0.16551369739545876,EXP_DEnsembleModel_Alpha158_csi300_custom_step0_s_20260513_15,9c2edad08d994cf1a8fc5ceb1401c6db,0.124,,,
7,2026-05-13,SZ302132,-0.06982189674081171,EXP_DEnsembleModel_Alpha158_csi300_custom_step0_s_20260513_15,9c2edad08d994cf1a8fc5ceb1401c6db,0.124,,,
8,2026-05-13,SH600000,-0.012702041305601597,EXP_LinearModel_Alpha158_csi300_custom_step0_s_20260513_15,e4ab2d978b0a48c0b849f3ea34dd5b8f,0.092,,,
9,2026-05-13,SH600009,-0.029896140098571777,EXP_LinearModel_Alpha158_csi300_custom_step0_s_20260513_15,e4ab2d978b0a48c0b849f3ea34dd5b8f,0.092,,,
10,2026-05-13,SH600010,-0.05240534991025925,EXP_LinearModel_Alpha158_csi300_custom_step0_s_20260513_15,e4ab2d978b0a48c0b849f3ea34dd5b8f,0.092,,,
11,2026-05-13,SH600011,0.01943126879632473,EXP_LinearModel_Alpha158_csi300_custom_step0_s_20260513_15,e4ab2d978b0a48c0b849f3ea34dd5b8f,0.092,,,
12,2026-05-13,SZ300832,0.011543535788105793,EXP_DEnsembleModel_Alpha158_csi300_custom_step0_s_20260513_15,9c2edad08d994cf1a8fc5ceb1401c6db,0.124,,,
13,2026-05-13,SH600015,-0.03674349561333656,EXP_LinearModel_Alpha158_csi300_custom_step0_s_20260513_15,e4ab2d978b0a48c0b849f3ea34dd5b8f,0.092,,,
14,2026-05-13,SH600018,0.056134212762117386,EXP_LinearModel_Alpha158_csi300_custom_step0_s_20260513_15,e4ab2d978b0a48c0b849f3ea34dd5b8f,0.092,,,
15,2026-05-13,SH600019,0.06779976189136505,EXP_LinearModel_Alpha158_csi300_custom_step0_s_20260513_15,e4ab2d978b0a48c0b849f3ea34dd5b8f,0.092,,,
16,2026-05-13,SH600023,0.05753059312701225,EXP_LinearModel_Alpha158_csi300_custom_step0_s_20260513_15,e4ab2d978b0a48c0b849f3ea34dd5b8f,0.092,,,
17,2026-05-13,SH600025,0.035157211124897,EXP_LinearModel_Alpha158_csi300_custom_step0_s_20260513_15,e4ab2d978b0a48c0b849f3ea34dd5b8f,0.092,,,
18,2026-05-13,SH600026,-0.007077804766595364,EXP_LinearModel_Alpha158_csi300_custom_step0_s_20260513_15,e4ab2d978b0a48c0b849f3ea34dd5b8f,0.092,,,
19,2026-05-13,SH600027,0.05259086564183235,EXP_LinearModel_Alpha158_csi300_custom_step0_s_20260513_15,e4ab2d978b0a48c0b849f3ea34dd5b8f,0.092,,,
20,2026-05-13,SH600028,-0.1616363823413849,EXP_LinearModel_Alpha158_csi300_custom_step0_s_20260513_15,e4ab2d978b0a48c0b849f3ea34dd5b8f,0.092,,,
21,2026-05-13,SH600029,-0.10192333906888962,EXP_LinearModel_Alpha158_csi300_custom_step0_s_20260513_15,e4ab2d978b0a48c0b849f3ea34dd5b8f,0.092,,,
22,2026-05-13,SH600030,0.04243216663599014,EXP_LinearModel_Alpha158_csi300_custom_step0_s_20260513_15,e4ab2d978b0a48c0b849f3ea34dd5b8f,0.092,,,
23,2026-05-13,SH600031,-0.10561153292655945,EXP_LinearModel_Alpha158_csi300_custom_step0_s_20260513_15,e4ab2d978b0a48c0b849f3ea34dd5b8f,0.092,,,
24,2026-05-13,SH600036,0.012628583237528801,EXP_LinearModel_Alpha158_csi300_custom_step0_s_20260513_15,e4ab2d978b0a48c0b849f3ea34dd5b8f,0.092,,,
25,2026-05-13,SH600016,0.027575219050049782,EXP_LinearModel_Alpha158_csi300_custom_step0_s_20260513_15,e4ab2d978b0a48c0b849f3ea34dd5b8f,0.092,,,
26,2026-05-13,SH600039,0.15596434473991394,EXP_LinearModel_Alpha158_csi300_custom_step0_s_20260513_15,e4ab2d978b0a48c0b849f3ea34dd5b8f,0.092,,,
27,2026-05-13,SZ300803,0.0716027038540934,EXP_DEnsembleModel_Alpha158_csi300_custom_step0_s_20260513_15,9c2edad08d994cf1a8fc5ceb1401c6db,0.124,,,
28,2026-05-13,SZ300760,-0.022480902617342674,EXP_DEnsembleModel_Alpha158_csi300_custom_step0_s_20260513_15,9c2edad08d994cf1a8fc5ceb1401c6db,0.124,,,
29,2026-05-13,SZ300014,0.1242235018637308,EXP_DEnsembleModel_Alpha158_csi300_custom_step0_s_20260513_15,9c2edad08d994cf1a8fc5ceb1401c6db,0.124,,,
30,2026-05-13,SZ300015,0.09291185737792991,EXP_DEnsembleModel_Alpha158_csi300_custom_step0_s_20260513_15,9c2edad08d994cf1a8fc5ceb1401c6db,0.124,,,
31,2026-05-13,SZ300033,0.1548004391581824,EXP_DEnsembleModel_Alpha158_csi300_custom_step0_s_20260513_15,9c2edad08d994cf1a8fc5ceb1401c6db,0.124,,,
32,2026-05-13,SZ300059,0.028671421110699584,EXP_DEnsembleModel_Alpha158_csi300_custom_step0_s_20260513_15,9c2edad08d994cf1a8fc5ceb1401c6db,0.124,,,
33,2026-05-13,SZ300122,-0.09390212586231149,EXP_DEnsembleModel_Alpha158_csi300_custom_step0_s_20260513_15,9c2edad08d994cf1a8fc5ceb1401c6db,0.124,,,
34,2026-05-13,SZ300124,0.17044459316129892,EXP_DEnsembleModel_Alpha158_csi300_custom_step0_s_20260513_15,9c2edad08d994cf1a8fc5ceb1401c6db,0.124,,,
35,2026-05-13,SZ300251,0.01410127269288072,EXP_DEnsembleModel_Alpha158_csi300_custom_step0_s_20260513_15,9c2edad08d994cf1a8fc5ceb1401c6db,0.124,,,
36,2026-05-13,SZ300274,-0.04052104088462743,EXP_DEnsembleModel_Alpha158_csi300_custom_step0_s_20260513_15,9c2edad08d994cf1a8fc5ceb1401c6db,0.124,,,
37,2026-05-13,SZ300308,0.22724815508498766,EXP_DEnsembleModel_Alpha158_csi300_custom_step0_s_20260513_15,9c2edad08d994cf1a8fc5ceb1401c6db,0.124,,,
38,2026-05-13,SZ300316,0.29266066213106784,EXP_DEnsembleModel_Alpha158_csi300_custom_step0_s_20260513_15,9c2edad08d994cf1a8fc5ceb1401c6db,0.124,,,
39,2026-05-13,SZ300347,0.07455425188979913,EXP_DEnsembleModel_Alpha158_csi300_custom_step0_s_20260513_15,9c2edad08d994cf1a8fc5ceb1401c6db,0.124,,,
40,2026-05-13,SZ300782,0.36676981852808366,EXP_DEnsembleModel_Alpha158_csi300_custom_step0_s_20260513_15,9c2edad08d994cf1a8fc5ceb1401c6db,0.124,,,
41,2026-05-13,SZ300394,-0.010588269118410036,EXP_DEnsembleModel_Alpha158_csi300_custom_step0_s_20260513_15,9c2edad08d994cf1a8fc5ceb1401c6db,0.124,,,
42,2026-05-13,SZ300413,0.018999066633466496,EXP_DEnsembleModel_Alpha158_csi300_custom_step0_s_20260513_15,9c2edad08d994cf1a8fc5ceb1401c6db,0.124,,,
43,2026-05-13,SZ300418,0.07020876270653542,EXP_DEnsembleModel_Alpha158_csi300_custom_step0_s_20260513_15,9c2edad08d994cf1a8fc5ceb1401c6db,0.124,,,
44,2026-05-13,SZ300433,0.09670443593395357,EXP_DEnsembleModel_Alpha158_csi300_custom_step0_s_20260513_15,9c2edad08d994cf1a8fc5ceb1401c6db,0.124,,,
45,2026-05-13,SZ300442,0.12067823552426524,EXP_DEnsembleModel_Alpha158_csi300_custom_step0_s_20260513_15,9c2edad08d994cf1a8fc5ceb1401c6db,0.124,,,
46,2026-05-13,SZ300476,0.3405264756062371,EXP_DEnsembleModel_Alpha158_csi300_custom_step0_s_20260513_15,9c2edad08d994cf1a8fc5ceb1401c6db,0.124,,,
47,2026-05-13,SZ300498,-0.05240471821514959,EXP_DEnsembleModel_Alpha158_csi300_custom_step0_s_20260513_15,9c2edad08d994cf1a8fc5ceb1401c6db,0.124,,,
48,2026-05-13,SZ300502,0.0572966222342795,EXP_DEnsembleModel_Alpha158_csi300_custom_step0_s_20260513_15,9c2edad08d994cf1a8fc5ceb1401c6db,0.124,,,
49,2026-05-13,SZ300628,0.1686864747760261,EXP_DEnsembleModel_Alpha158_csi300_custom_step0_s_20260513_15,9c2edad08d994cf1a8fc5ceb1401c6db,0.124,,,
50,2026-05-13,SZ300661,0.3279984472685385,EXP_DEnsembleModel_Alpha158_csi300_custom_step0_s_20260513_15,9c2edad08d994cf1a8fc5ceb1401c6db,0.124,,,
51,2026-05-13,SZ300750,0.13797173718115735,EXP_DEnsembleModel_Alpha158_csi300_custom_step0_s_20260513_15,9c2edad08d994cf1a8fc5ceb1401c6db,0.124,,,
52,2026-05-13,SZ300759,0.023015053162336034,EXP_DEnsembleModel_Alpha158_csi300_custom_step0_s_20260513_15,9c2edad08d994cf1a8fc5ceb1401c6db,0.124,,,
53,2026-05-13,SZ300408,0.14251197951141398,EXP_DEnsembleModel_Alpha158_csi300_custom_step0_s_20260513_15,9c2edad08d994cf1a8fc5ceb1401c6db,0.124,,,
54,2026-05-13,SZ003816,-0.08326265187932906,EXP_DEnsembleModel_Alpha158_csi300_custom_step0_s_20260513_15,9c2edad08d994cf1a8fc5ceb1401c6db,0.124,,,
55,2026-05-13,SH600048,-0.011503608897328377,EXP_LinearModel_Alpha158_csi300_custom_step0_s_20260513_15,e4ab2d978b0a48c0b849f3ea34dd5b8f,0.092,,,
56,2026-05-13,SH600061,-0.032377321273088455,EXP_LinearModel_Alpha158_csi300_custom_step0_s_20260513_15,e4ab2d978b0a48c0b849f3ea34dd5b8f,0.092,,,
57,2026-05-13,SH600489,-0.061736397445201874,EXP_LinearModel_Alpha158_csi300_custom_step0_s_20260513_15,e4ab2d978b0a48c0b849f3ea34dd5b8f,0.092,,,
58,2026-05-13,SH600515,0.004464033991098404,EXP_LinearModel_Alpha158_csi300_custom_step0_s_20260513_15,e4ab2d978b0a48c0b849f3ea34dd5b8f,0.092,,,
59,2026-05-13,SH600519,-0.036894701421260834,EXP_LinearModel_Alpha158_csi300_custom_step0_s_20260513_15,e4ab2d978b0a48c0b849f3ea34dd5b8f,0.092,,,
60,2026-05-13,SH600522,-0.21188247203826904,EXP_LinearModel_Alpha158_csi300_custom_step0_s_20260513_15,e4ab2d978b0a48c0b849f3ea34dd5b8f,0.092,,,
61,2026-05-13,SH600547,-0.013747891411185265,EXP_LinearModel_Alpha158_csi300_custom_step0_s_20260513_15,e4ab2d978b0a48c0b849f3ea34dd5b8f,0.092,,,
62,2026-05-13,SH600570,-0.02874859794974327,EXP_LinearModel_Alpha158_csi300_custom_step0_s_20260513_15,e4ab2d978b0a48c0b849f3ea34dd5b8f,0.092,,,
63,2026-05-13,SH600584,-0.030133996158838272,EXP_LinearModel_Alpha158_csi300_custom_step0_s_20260513_15,e4ab2d978b0a48c0b849f3ea34dd5b8f,0.092,,,
64,2026-05-13,SH600585,-0.06914719939231873,EXP_LinearModel_Alpha158_csi300_custom_step0_s_20260513_15,e4ab2d978b0a48c0b849f3ea34dd5b8f,0.092,,,
65,2026-05-13,SH600588,0.007255269214510918,EXP_LinearModel_Alpha158_csi300_custom_step0_s_20260513_15,e4ab2d978b0a48c0b849f3ea34dd5b8f,0.092,,,
66,2026-05-13,SH600600,-0.08326549828052521,EXP_LinearModel_Alpha158_csi300_custom_step0_s_20260513_15,e4ab2d978b0a48c0b849f3ea34dd5b8f,0.092,,,
67,2026-05-13,SH600660,-0.023357175290584564,EXP_LinearModel_Alpha158_csi300_custom_step0_s_20260513_15,e4ab2d978b0a48c0b849f3ea34dd5b8f,0.092,,,
68,2026-05-13,SH600482,0.17604199051856995,EXP_LinearModel_Alpha158_csi300_custom_step0_s_20260513_15,e4ab2d978b0a48c0b849f3ea34dd5b8f,0.092,,,
69,2026-05-13,SH600674,0.06517855823040009,EXP_LinearModel_Alpha158_csi300_custom_step0_s_20260513_15,e4ab2d978b0a48c0b849f3ea34dd5b8f,0.092,,,
70,2026-05-13,SH600741,-0.005762491375207901,EXP_LinearModel_Alpha158_csi300_custom_step0_s_20260513_15,e4ab2d978b0a48c0b849f3ea34dd5b8f,0.092,,,
71,2026-05-13,SH600760,-0.030159739777445793,EXP_LinearModel_Alpha158_csi300_custom_step0_s_20260513_15,e4ab2d978b0a48c0b849f3ea34dd5b8f,0.092,,,
72,2026-05-13,SH600795,0.04988829419016838,EXP_LinearModel_Alpha158_csi300_custom_step0_s_20260513_15,e4ab2d978b0a48c0b849f3ea34dd5b8f,0.092,,,
73,2026-05-13,SH600803,0.006281568203121424,EXP_LinearModel_Alpha158_csi300_custom_step0_s_20260513_15,e4ab2d978b0a48c0b849f3ea34dd5b8f,0.092,,,
74,2026-05-13,SH600809,-0.09033908694982529,EXP_LinearModel_Alpha158_csi300_custom_step0_s_20260513_15,e4ab2d978b0a48c0b849f3ea34dd5b8f,0.092,,,
75,2026-05-13,SH600845,-0.010936310514807701,EXP_LinearModel_Alpha158_csi300_custom_step0_s_20260513_15,e4ab2d978b0a48c0b849f3ea34dd5b8f,0.092,,,
76,2026-05-13,SH600875,0.09973476082086563,EXP_LinearModel_Alpha158_csi300_custom_step0_s_20260513_15,e4ab2d978b0a48c0b849f3ea34dd5b8f,0.092,,,
77,2026-05-13,SH600886,-0.011964794248342514,EXP_LinearModel_Alpha158_csi300_custom_step0_s_20260513_15,e4ab2d978b0a48c0b849f3ea34dd5b8f,0.092,,,
78,2026-05-13,SH600887,0.04923708364367485,EXP_LinearModel_Alpha158_csi300_custom_step0_s_20260513_15,e4ab2d978b0a48c0b849f3ea34dd5b8f,0.092,,,
79,2026-05-13,SH600893,0.017752930521965027,EXP_LinearModel_Alpha158_csi300_custom_step0_s_20260513_15,e4ab2d978b0a48c0b849f3ea34dd5b8f,0.092,,,
80,2026-05-13,SH600900,0.042633648961782455,EXP_LinearModel_Alpha158_csi300_custom_step0_s_20260513_15,e4ab2d978b0a48c0b849f3ea34dd5b8f,0.092,,,
81,2026-05-13,SH600690,-0.04513925686478615,EXP_LinearModel_Alpha158_csi300_custom_step0_s_20260513_15,e4ab2d978b0a48c0b849f3ea34dd5b8f,0.092,,,
82,2026-05-13,SH600050,-0.011946171522140503,EXP_LinearModel_Alpha158_csi300_custom_step0_s_20260513_15,e4ab2d978b0a48c0b849f3ea34dd5b8f,0.092,,,
83,2026-05-13,SH600460,0.03090144693851471,EXP_LinearModel_Alpha158_csi300_custom_step0_s_20260513_15,e4ab2d978b0a48c0b849f3ea34dd5b8f,0.092,,,
84,2026-05-13,SH600436,-0.052576061338186264,EXP_LinearModel_Alpha158_csi300_custom_step0_s_20260513_15,e4ab2d978b0a48c0b849f3ea34dd5b8f,0.092,,,
85,2026-05-13,SH600066,0.04078139364719391,EXP_LinearModel_Alpha158_csi300_custom_step0_s_20260513_15,e4ab2d978b0a48c0b849f3ea34dd5b8f,0.092,,,
86,2026-05-13,SH600085,0.019080158323049545,EXP_LinearModel_Alpha158_csi300_custom_step0_s_20260513_15,e4ab2d978b0a48c0b849f3ea34dd5b8f,0.092,,,
87,2026-05-13,SH600089,-0.07690247893333435,EXP_LinearModel_Alpha158_csi300_custom_step0_s_20260513_15,e4ab2d978b0a48c0b849f3ea34dd5b8f,0.092,,,
88,2026-05-13,SH600104,-0.016077376902103424,EXP_LinearModel_Alpha158_csi300_custom_step0_s_20260513_15,e4ab2d978b0a48c0b849f3ea34dd5b8f,0.092,,,
89,2026-05-13,SH600111,-0.006387576460838318,EXP_LinearModel_Alpha158_csi300_custom_step0_s_20260513_15,e4ab2d978b0a48c0b849f3ea34dd5b8f,0.092,,,
90,2026-05-13,SH600115,-0.07198771089315414,EXP_LinearModel_Alpha158_csi300_custom_step0_s_20260513_15,e4ab2d978b0a48c0b849f3ea34dd5b8f,0.092,,,
91,2026-05-13,SH600150,0.06711705029010773,EXP_LinearModel_Alpha158_csi300_custom_step0_s_20260513_15,e4ab2d978b0a48c0b849f3ea34dd5b8f,0.092,,,
92,2026-05-13,SH600160,-0.06204676628112793,EXP_LinearModel_Alpha158_csi300_custom_step0_s_20260513_15,e4ab2d978b0a48c0b849f3ea34dd5b8f,0.092,,,
93,2026-05-13,SH600161,0.0364370122551918,EXP_LinearModel_Alpha158_csi300_custom_step0_s_20260513_15,e4ab2d978b0a48c0b849f3ea34dd5b8f,0.092,,,
94,2026-05-13,SH600176,0.06399030983448029,EXP_LinearModel_Alpha158_csi300_custom_step0_s_20260513_15,e4ab2d978b0a48c0b849f3ea34dd5b8f,0.092,,,
95,2026-05-13,SH600183,0.1081102043390274,EXP_LinearModel_Alpha158_csi300_custom_step0_s_20260513_15,e4ab2d978b0a48c0b849f3ea34dd5b8f,0.092,,,
96,2026-05-13,SH600438,0.07154157012701035,EXP_LinearModel_Alpha158_csi300_custom_step0_s_20260513_15,e4ab2d978b0a48c0b849f3ea34dd5b8f,0.092,,,
97,2026-05-13,SH600188,0.060681577771902084,EXP_LinearModel_Alpha158_csi300_custom_step0_s_20260513_15,e4ab2d978b0a48c0b849f3ea34dd5b8f,0.092,,,
98,2026-05-13,SH600219,0.058559712022542953,EXP_LinearModel_Alpha158_csi300_custom_step0_s_20260513_15,e4ab2d978b0a48c0b849f3ea34dd5b8f,0.092,,,
99,2026-05-13,SH600233,0.017990820109844208,EXP_LinearModel_Alpha158_csi300_custom_step0_s_20260513_15,e4ab2d978b0a48c0b849f3ea34dd5b8f,0.092,,,
100,2026-05-13,SH600276,-0.03133142739534378,EXP_LinearModel_Alpha158_csi300_custom_step0_s_20260513_15,e4ab2d978b0a48c0b849f3ea34dd5b8f,0.092,,,
101,2026-05-13,SH600309,0.008475902490317822,EXP_LinearModel_Alpha158_csi300_custom_step0_s_20260513_15,e4ab2d978b0a48c0b849f3ea34dd5b8f,0.092,,,
102,2026-05-13,SH600346,-0.026363516226410866,EXP_LinearModel_Alpha158_csi300_custom_step0_s_20260513_15,e4ab2d978b0a48c0b849f3ea34dd5b8f,0.092,,,
103,2026-05-13,SH600362,-0.06102266162633896,EXP_LinearModel_Alpha158_csi300_custom_step0_s_20260513_15,e4ab2d978b0a48c0b849f3ea34dd5b8f,0.092,,,
104,2026-05-13,SH600372,-0.035045985132455826,EXP_LinearModel_Alpha158_csi300_custom_step0_s_20260513_15,e4ab2d978b0a48c0b849f3ea34dd5b8f,0.092,,,
105,2026-05-13,SH600377,0.036947302520275116,EXP_LinearModel_Alpha158_csi300_custom_step0_s_20260513_15,e4ab2d978b0a48c0b849f3ea34dd5b8f,0.092,,,
106,2026-05-13,SH600406,-0.002913198433816433,EXP_LinearModel_Alpha158_csi300_custom_step0_s_20260513_15,e4ab2d978b0a48c0b849f3ea34dd5b8f,0.092,,,
107,2026-05-13,SH600415,-0.08230127394199371,EXP_LinearModel_Alpha158_csi300_custom_step0_s_20260513_15,e4ab2d978b0a48c0b849f3ea34dd5b8f,0.092,,,
108,2026-05-13,SH600426,0.06083109602332115,EXP_LinearModel_Alpha158_csi300_custom_step0_s_20260513_15,e4ab2d978b0a48c0b849f3ea34dd5b8f,0.092,,,
109,2026-05-13,SH600196,-0.012137260288000107,EXP_LinearModel_Alpha158_csi300_custom_step0_s_20260513_15,e4ab2d978b0a48c0b849f3ea34dd5b8f,0.092,,,
110,2026-05-13,SZ002938,0.1644721260591633,EXP_DEnsembleModel_Alpha158_csi300_custom_step0_s_20260513_15,9c2edad08d994cf1a8fc5ceb1401c6db,0.124,,,
111,2026-05-13,SZ002920,0.004332119831223958,EXP_DEnsembleModel_Alpha158_csi300_custom_step0_s_20260513_15,9c2edad08d994cf1a8fc5ceb1401c6db,0.124,,,
112,2026-05-13,SZ002916,0.0895981125278612,EXP_DEnsembleModel_Alpha158_csi300_custom_step0_s_20260513_15,9c2edad08d994cf1a8fc5ceb1401c6db,0.124,,,
113,2026-05-13,SH688169,0.028543336426565334,EXP_DEnsembleModel_Alpha158_csi300_custom_step0_s_20260513_15,9c2edad08d994cf1a8fc5ceb1401c6db,0.124,,,
114,2026-05-13,SH688187,0.08301275703909247,EXP_DEnsembleModel_Alpha158_csi300_custom_step0_s_20260513_15,9c2edad08d994cf1a8fc5ceb1401c6db,0.124,,,
115,2026-05-13,SH688223,0.1741783782690989,EXP_DEnsembleModel_Alpha158_csi300_custom_step0_s_20260513_15,9c2edad08d994cf1a8fc5ceb1401c6db,0.124,,,
116,2026-05-13,SH688256,0.3203839692327988,EXP_DEnsembleModel_Alpha158_csi300_custom_step0_s_20260513_15,9c2edad08d994cf1a8fc5ceb1401c6db,0.124,,,
117,2026-05-13,SH688271,-0.001878320845891613,EXP_DEnsembleModel_Alpha158_csi300_custom_step0_s_20260513_15,9c2edad08d994cf1a8fc5ceb1401c6db,0.124,,,
118,2026-05-13,SH688303,0.04798433520756236,EXP_DEnsembleModel_Alpha158_csi300_custom_step0_s_20260513_15,9c2edad08d994cf1a8fc5ceb1401c6db,0.124,,,
119,2026-05-13,SH688396,0.14522530336372846,EXP_DEnsembleModel_Alpha158_csi300_custom_step0_s_20260513_15,9c2edad08d994cf1a8fc5ceb1401c6db,0.124,,,
120,2026-05-13,SH688472,0.1251971303999456,EXP_DEnsembleModel_Alpha158_csi300_custom_step0_s_20260513_15,9c2edad08d994cf1a8fc5ceb1401c6db,0.124,,,
121,2026-05-13,SH688506,0.15077069204984517,EXP_DEnsembleModel_Alpha158_csi300_custom_step0_s_20260513_15,9c2edad08d994cf1a8fc5ceb1401c6db,0.124,,,
122,2026-05-13,SH688981,-0.007801380480436117,EXP_DEnsembleModel_Alpha158_csi300_custom_step0_s_20260513_15,9c2edad08d994cf1a8fc5ceb1401c6db,0.124,,,
123,2026-05-13,SZ000001,-0.0714024534937654,EXP_DEnsembleModel_Alpha158_csi300_custom_step0_s_20260513_15,9c2edad08d994cf1a8fc5ceb1401c6db,0.124,,,
124,2026-05-13,SH688126,0.24109642010059995,EXP_DEnsembleModel_Alpha158_csi300_custom_step0_s_20260513_15,9c2edad08d994cf1a8fc5ceb1401c6db,0.124,,,
125,2026-05-13,SZ000002,-0.07689450074038302,EXP_DEnsembleModel_Alpha158_csi300_custom_step0_s_20260513_15,9c2edad08d994cf1a8fc5ceb1401c6db,0.124,,,
126,2026-05-13,SZ000100,-0.05840341316209367,EXP_DEnsembleModel_Alpha158_csi300_custom_step0_s_20260513_15,9c2edad08d994cf1a8fc5ceb1401c6db,0.124,,,
127,2026-05-13,SZ000157,-0.010984904969988088,EXP_DEnsembleModel_Alpha158_csi300_custom_step0_s_20260513_15,9c2edad08d994cf1a8fc5ceb1401c6db,0.124,,,
128,2026-05-13,SZ000166,-0.023249257218028275,EXP_DEnsembleModel_Alpha158_csi300_custom_step0_s_20260513_15,9c2edad08d994cf1a8fc5ceb1401c6db,0.124,,,
129,2026-05-13,SZ000301,0.07651426764738416,EXP_DEnsembleModel_Alpha158_csi300_custom_step0_s_20260513_15,9c2edad08d994cf1a8fc5ceb1401c6db,0.124,,,
130,2026-05-13,SZ000333,0.06593538481419295,EXP_DEnsembleModel_Alpha158_csi300_custom_step0_s_20260513_15,9c2edad08d994cf1a8fc5ceb1401c6db,0.124,,,
131,2026-05-13,SZ000338,0.05028793751279094,EXP_DEnsembleModel_Alpha158_csi300_custom_step0_s_20260513_15,9c2edad08d994cf1a8fc5ceb1401c6db,0.124,,,
132,2026-05-13,SZ000408,0.1299028323795951,EXP_DEnsembleModel_Alpha158_csi300_custom_step0_s_20260513_15,9c2edad08d994cf1a8fc5ceb1401c6db,0.124,,,
133,2026-05-13,SZ000425,-0.022034440399062653,EXP_DEnsembleModel_Alpha158_csi300_custom_step0_s_20260513_15,9c2edad08d994cf1a8fc5ceb1401c6db,0.124,,,
134,2026-05-13,SZ000538,-0.11820007109369728,EXP_DEnsembleModel_Alpha158_csi300_custom_step0_s_20260513_15,9c2edad08d994cf1a8fc5ceb1401c6db,0.124,,,
135,2026-05-13,SZ000568,0.008888149879163471,EXP_DEnsembleModel_Alpha158_csi300_custom_step0_s_20260513_15,9c2edad08d994cf1a8fc5ceb1401c6db,0.124,,,
136,2026-05-13,SZ000596,0.04597701778972737,EXP_DEnsembleModel_Alpha158_csi300_custom_step0_s_20260513_15,9c2edad08d994cf1a8fc5ceb1401c6db,0.124,,,
137,2026-05-13,SZ000063,0.12709902572194617,EXP_DEnsembleModel_Alpha158_csi300_custom_step0_s_20260513_15,9c2edad08d994cf1a8fc5ceb1401c6db,0.124,,,
138,2026-05-13,SZ000617,-0.028338732819008238,EXP_DEnsembleModel_Alpha158_csi300_custom_step0_s_20260513_15,9c2edad08d994cf1a8fc5ceb1401c6db,0.124,,,
139,2026-05-13,SH688111,-0.008925010427534194,EXP_DEnsembleModel_Alpha158_csi300_custom_step0_s_20260513_15,9c2edad08d994cf1a8fc5ceb1401c6db,0.124,,,
140,2026-05-13,SH688047,0.0014663851049606569,EXP_DEnsembleModel_Alpha158_csi300_custom_step0_s_20260513_15,9c2edad08d994cf1a8fc5ceb1401c6db,0.124,,,
141,2026-05-13,SH601985,0.014105459019555122,EXP_DEnsembleModel_Alpha158_csi300_custom_step0_s_20260513_15,9c2edad08d994cf1a8fc5ceb1401c6db,0.124,,,
142,2026-05-13,SH601988,0.017462743085549442,EXP_DEnsembleModel_Alpha158_csi300_custom_step0_s_20260513_15,9c2edad08d994cf1a8fc5ceb1401c6db,0.124,,,
143,2026-05-13,SH601995,0.09535947009546085,EXP_DEnsembleModel_Alpha158_csi300_custom_step0_s_20260513_15,9c2edad08d994cf1a8fc5ceb1401c6db,0.124,,,
144,2026-05-13,SH601998,-0.046031731752661065,EXP_DEnsembleModel_Alpha158_csi300_custom_step0_s_20260513_15,9c2edad08d994cf1a8fc5ceb1401c6db,0.124,,,
145,2026-05-13,SH603019,0.1362138987909622,EXP_DEnsembleModel_Alpha158_csi300_custom_step0_s_20260513_15,9c2edad08d994cf1a8fc5ceb1401c6db,0.124,,,
146,2026-05-13,SH603195,-0.054306715667280916,EXP_DEnsembleModel_Alpha158_csi300_custom_step0_s_20260513_15,9c2edad08d994cf1a8fc5ceb1401c6db,0.124,,,
147,2026-05-13,SH603259,0.0221406443980335,EXP_DEnsembleModel_Alpha158_csi300_custom_step0_s_20260513_15,9c2edad08d994cf1a8fc5ceb1401c6db,0.124,,,
148,2026-05-13,SH603260,0.08350758924933781,EXP_DEnsembleModel_Alpha158_csi300_custom_step0_s_20260513_15,9c2edad08d994cf1a8fc5ceb1401c6db,0.124,,,
149,2026-05-13,SH603288,-0.06228576108191106,EXP_DEnsembleModel_Alpha158_csi300_custom_step0_s_20260513_15,9c2edad08d994cf1a8fc5ceb1401c6db,0.124,,,
150,2026-05-13,SH603296,-0.10725689836772345,EXP_DEnsembleModel_Alpha158_csi300_custom_step0_s_20260513_15,9c2edad08d994cf1a8fc5ceb1401c6db,0.124,,,
151,2026-05-13,SH603369,-0.08116315582083532,EXP_DEnsembleModel_Alpha158_csi300_custom_step0_s_20260513_15,9c2edad08d994cf1a8fc5ceb1401c6db,0.124,,,
152,2026-05-13,SH688082,0.08614954746591529,EXP_DEnsembleModel_Alpha158_csi300_custom_step0_s_20260513_15,9c2edad08d994cf1a8fc5ceb1401c6db,0.124,,,
153,2026-05-13,SH603392,-0.07561021865526366,EXP_DEnsembleModel_Alpha158_csi300_custom_step0_s_20260513_15,9c2edad08d994cf1a8fc5ceb1401c6db,0.124,,,
154,2026-05-13,SH603799,0.026471997879417244,EXP_DEnsembleModel_Alpha158_csi300_custom_step0_s_20260513_15,9c2edad08d994cf1a8fc5ceb1401c6db,0.124,,,
155,2026-05-13,SH603893,0.06820353540110927,EXP_DEnsembleModel_Alpha158_csi300_custom_step0_s_20260513_15,9c2edad08d994cf1a8fc5ceb1401c6db,0.124,,,
156,2026-05-13,SH603986,0.18221402337015438,EXP_DEnsembleModel_Alpha158_csi300_custom_step0_s_20260513_15,9c2edad08d994cf1a8fc5ceb1401c6db,0.124,,,
157,2026-05-13,SH603993,0.07896366417269976,EXP_DEnsembleModel_Alpha158_csi300_custom_step0_s_20260513_15,9c2edad08d994cf1a8fc5ceb1401c6db,0.124,,,
158,2026-05-13,SH605117,0.118549601171725,EXP_DEnsembleModel_Alpha158_csi300_custom_step0_s_20260513_15,9c2edad08d994cf1a8fc5ceb1401c6db,0.124,,,
159,2026-05-13,SH605499,-0.06064545740694533,EXP_DEnsembleModel_Alpha158_csi300_custom_step0_s_20260513_15,9c2edad08d994cf1a8fc5ceb1401c6db,0.124,,,
160,2026-05-13,SH688008,0.3849531731390013,EXP_DEnsembleModel_Alpha158_csi300_custom_step0_s_20260513_15,9c2edad08d994cf1a8fc5ceb1401c6db,0.124,,,
161,2026-05-13,SH688009,-0.14370399072787501,EXP_DEnsembleModel_Alpha158_csi300_custom_step0_s_20260513_15,9c2edad08d994cf1a8fc5ceb1401c6db,0.124,,,
162,2026-05-13,SH688012,0.1629668159734573,EXP_DEnsembleModel_Alpha158_csi300_custom_step0_s_20260513_15,9c2edad08d994cf1a8fc5ceb1401c6db,0.124,,,
163,2026-05-13,SH688036,0.012027466555592954,EXP_DEnsembleModel_Alpha158_csi300_custom_step0_s_20260513_15,9c2edad08d994cf1a8fc5ceb1401c6db,0.124,,,
164,2026-05-13,SH688041,0.08866974485293065,EXP_DEnsembleModel_Alpha158_csi300_custom_step0_s_20260513_15,9c2edad08d994cf1a8fc5ceb1401c6db,0.124,,,
165,2026-05-13,SH603501,0.08931814397993047,EXP_DEnsembleModel_Alpha158_csi300_custom_step0_s_20260513_15,9c2edad08d994cf1a8fc5ceb1401c6db,0.124,,,
166,2026-05-13,SZ000625,-0.03927787276571718,EXP_DEnsembleModel_Alpha158_csi300_custom_step0_s_20260513_15,9c2edad08d994cf1a8fc5ceb1401c6db,0.124,,,
167,2026-05-13,SZ000630,0.01650505869812897,EXP_DEnsembleModel_Alpha158_csi300_custom_step0_s_20260513_15,9c2edad08d994cf1a8fc5ceb1401c6db,0.124,,,
168,2026-05-13,SZ000651,-0.009615019812264801,EXP_DEnsembleModel_Alpha158_csi300_custom_step0_s_20260513_15,9c2edad08d994cf1a8fc5ceb1401c6db,0.124,,,
169,2026-05-13,SZ002236,0.04040384617695758,EXP_DEnsembleModel_Alpha158_csi300_custom_step0_s_20260513_15,9c2edad08d994cf1a8fc5ceb1401c6db,0.124,,,
170,2026-05-13,SZ002241,0.11924430563915725,EXP_DEnsembleModel_Alpha158_csi300_custom_step0_s_20260513_15,9c2edad08d994cf1a8fc5ceb1401c6db,0.124,,,
171,2026-05-13,SZ002252,-0.06970041033240292,EXP_DEnsembleModel_Alpha158_csi300_custom_step0_s_20260513_15,9c2edad08d994cf1a8fc5ceb1401c6db,0.124,,,
172,2026-05-13,SZ002304,-0.07283979857276697,EXP_DEnsembleModel_Alpha158_csi300_custom_step0_s_20260513_15,9c2edad08d994cf1a8fc5ceb1401c6db,0.124,,,
173,2026-05-13,SZ002311,0.03313262755889537,EXP_DEnsembleModel_Alpha158_csi300_custom_step0_s_20260513_15,9c2edad08d994cf1a8fc5ceb1401c6db,0.124,,,
174,2026-05-13,SZ002352,-0.0660498071895725,EXP_DEnsembleModel_Alpha158_csi300_custom_step0_s_20260513_15,9c2edad08d994cf1a8fc5ceb1401c6db,0.124,,,
175,2026-05-13,SZ002371,0.16970872053430167,EXP_DEnsembleModel_Alpha158_csi300_custom_step0_s_20260513_15,9c2edad08d994cf1a8fc5ceb1401c6db,0.124,,,
176,2026-05-13,SZ002384,0.23816751083818563,EXP_DEnsembleModel_Alpha158_csi300_custom_step0_s_20260513_15,9c2edad08d994cf1a8fc5ceb1401c6db,0.124,,,
177,2026-05-13,SZ002415,0.08326604732242171,EXP_DEnsembleModel_Alpha158_csi300_custom_step0_s_20260513_15,9c2edad08d994cf1a8fc5ceb1401c6db,0.124,,,
178,2026-05-13,SZ002422,0.006490289186943264,EXP_DEnsembleModel_Alpha158_csi300_custom_step0_s_20260513_15,9c2edad08d994cf1a8fc5ceb1401c6db,0.124,,,
179,2026-05-13,SZ002459,0.04439044993951244,EXP_DEnsembleModel_Alpha158_csi300_custom_step0_s_20260513_15,9c2edad08d994cf1a8fc5ceb1401c6db,0.124,,,
180,2026-05-13,SZ002230,0.07593661732430403,EXP_DEnsembleModel_Alpha158_csi300_custom_step0_s_20260513_15,9c2edad08d994cf1a8fc5ceb1401c6db,0.124,,,
181,2026-05-13,SZ002460,0.15840323325613237,EXP_DEnsembleModel_Alpha158_csi300_custom_step0_s_20260513_15,9c2edad08d994cf1a8fc5ceb1401c6db,0.124,,,
182,2026-05-13,SZ002466,0.23213793940930114,EXP_DEnsembleModel_Alpha158_csi300_custom_step0_s_20260513_15,9c2edad08d994cf1a8fc5ceb1401c6db,0.124,,,
183,2026-05-13,SZ002475,0.2916308691883931,EXP_DEnsembleModel_Alpha158_csi300_custom_step0_s_20260513_15,9c2edad08d994cf1a8fc5ceb1401c6db,0.124,,,
184,2026-05-13,SZ002493,0.1145400258760826,EXP_DEnsembleModel_Alpha158_csi300_custom_step0_s_20260513_15,9c2edad08d994cf1a8fc5ceb1401c6db,0.124,,,
185,2026-05-13,SZ002594,-0.013000236643602059,EXP_DEnsembleModel_Alpha158_csi300_custom_step0_s_20260513_15,9c2edad08d994cf1a8fc5ceb1401c6db,0.124,,,
186,2026-05-13,SZ002600,0.21571187180265117,EXP_DEnsembleModel_Alpha158_csi300_custom_step0_s_20260513_15,9c2edad08d994cf1a8fc5ceb1401c6db,0.124,,,
187,2026-05-13,SZ002601,0.0017687815200823455,EXP_DEnsembleModel_Alpha158_csi300_custom_step0_s_20260513_15,9c2edad08d994cf1a8fc5ceb1401c6db,0.124,,,
188,2026-05-13,SZ002625,0.13906790791446183,EXP_DEnsembleModel_Alpha158_csi300_custom_step0_s_20260513_15,9c2edad08d994cf1a8fc5ceb1401c6db,0.124,,,
189,2026-05-13,SZ002648,0.0391607244778747,EXP_DEnsembleModel_Alpha158_csi300_custom_step0_s_20260513_15,9c2edad08d994cf1a8fc5ceb1401c6db,0.124,,,
190,2026-05-13,SZ002709,0.26699225418012634,EXP_DEnsembleModel_Alpha158_csi300_custom_step0_s_20260513_15,9c2edad08d994cf1a8fc5ceb1401c6db,0.124,,,
191,2026-05-13,SZ002714,-0.07002684169702031,EXP_DEnsembleModel_Alpha158_csi300_custom_step0_s_20260513_15,9c2edad08d994cf1a8fc5ceb1401c6db,0.124,,,
192,2026-05-13,SZ002736,-0.12389103143991276,EXP_DEnsembleModel_Alpha158_csi300_custom_step0_s_20260513_15,9c2edad08d994cf1a8fc5ceb1401c6db,0.124,,,
193,2026-05-13,SZ002463,0.1328139735494034,EXP_DEnsembleModel_Alpha158_csi300_custom_step0_s_20260513_15,9c2edad08d994cf1a8fc5ceb1401c6db,0.124,,,
194,2026-05-13,SZ002179,0.30299429094009594,EXP_DEnsembleModel_Alpha158_csi300_custom_step0_s_20260513_15,9c2edad08d994cf1a8fc5ceb1401c6db,0.124,,,
195,2026-05-13,SZ002142,0.025762398722207876,EXP_DEnsembleModel_Alpha158_csi300_custom_step0_s_20260513_15,9c2edad08d994cf1a8fc5ceb1401c6db,0.124,,,
196,2026-05-13,SZ002074,0.07739761847955216,EXP_DEnsembleModel_Alpha158_csi300_custom_step0_s_20260513_15,9c2edad08d994cf1a8fc5ceb1401c6db,0.124,,,
197,2026-05-13,SZ000661,-0.036667837970816804,EXP_DEnsembleModel_Alpha158_csi300_custom_step0_s_20260513_15,9c2edad08d994cf1a8fc5ceb1401c6db,0.124,,,
198,2026-05-13,SZ000708,-0.10861362512796909,EXP_DEnsembleModel_Alpha158_csi300_custom_step0_s_20260513_15,9c2edad08d994cf1a8fc5ceb1401c6db,0.124,,,
199,2026-05-13,SZ000725,0.020137201226295816,EXP_DEnsembleModel_Alpha158_csi300_custom_step0_s_20260513_15,9c2edad08d994cf1a8fc5ceb1401c6db,0.124,,,
200,2026-05-13,SZ000768,-0.02750254898517773,EXP_DEnsembleModel_Alpha158_csi300_custom_step0_s_20260513_15,9c2edad08d994cf1a8fc5ceb1401c6db,0.124,,,
201,2026-05-13,SZ000776,0.04649340354488008,EXP_DEnsembleModel_Alpha158_csi300_custom_step0_s_20260513_15,9c2edad08d994cf1a8fc5ceb1401c6db,0.124,,,
202,2026-05-13,SZ000786,0.008219415886965517,EXP_DEnsembleModel_Alpha158_csi300_custom_step0_s_20260513_15,9c2edad08d994cf1a8fc5ceb1401c6db,0.124,,,
203,2026-05-13,SZ000792,-0.0058230649662323235,EXP_DEnsembleModel_Alpha158_csi300_custom_step0_s_20260513_15,9c2edad08d994cf1a8fc5ceb1401c6db,0.124,,,
204,2026-05-13,SZ000807,0.02353166166102217,EXP_DEnsembleModel_Alpha158_csi300_custom_step0_s_20260513_15,9c2edad08d994cf1a8fc5ceb1401c6db,0.124,,,
205,2026-05-13,SZ000858,-0.006737520404099721,EXP_DEnsembleModel_Alpha158_csi300_custom_step0_s_20260513_15,9c2edad08d994cf1a8fc5ceb1401c6db,0.124,,,
206,2026-05-13,SZ000876,-0.04101493047331619,EXP_DEnsembleModel_Alpha158_csi300_custom_step0_s_20260513_15,9c2edad08d994cf1a8fc5ceb1401c6db,0.124,,,
207,2026-05-13,SZ000895,-0.04946690742828184,EXP_DEnsembleModel_Alpha158_csi300_custom_step0_s_20260513_15,9c2edad08d994cf1a8fc5ceb1401c6db,0.124,,,
208,2026-05-13,SZ000938,-0.06353210322839396,EXP_DEnsembleModel_Alpha158_csi300_custom_step0_s_20260513_15,9c2edad08d994cf1a8fc5ceb1401c6db,0.124,,,
209,2026-05-13,SZ000963,-0.11555595120922486,EXP_DEnsembleModel_Alpha158_csi300_custom_step0_s_20260513_15,9c2edad08d994cf1a8fc5ceb1401c6db,0.124,,,
210,2026-05-13,SZ000975,-0.09322304570799189,EXP_DEnsembleModel_Alpha158_csi300_custom_step0_s_20260513_15,9c2edad08d994cf1a8fc5ceb1401c6db,0.124,,,
211,2026-05-13,SZ000977,0.01650007701873558,EXP_DEnsembleModel_Alpha158_csi300_custom_step0_s_20260513_15,9c2edad08d994cf1a8fc5ceb1401c6db,0.124,,,
212,2026-05-13,SZ000983,-0.0753068206315302,EXP_DEnsembleModel_Alpha158_csi300_custom_step0_s_20260513_15,9c2edad08d994cf1a8fc5ceb1401c6db,0.124,,,
213,2026-05-13,SZ000999,-0.09101760925525779,EXP_DEnsembleModel_Alpha158_csi300_custom_step0_s_20260513_15,9c2edad08d994cf1a8fc5ceb1401c6db,0.124,,,
214,2026-05-13,SZ001391,-0.034264892636142116,EXP_DEnsembleModel_Alpha158_csi300_custom_step0_s_20260513_15,9c2edad08d994cf1a8fc5ceb1401c6db,0.124,,,
215,2026-05-13,SZ001965,0.010520027403804609,EXP_DEnsembleModel_Alpha158_csi300_custom_step0_s_20260513_15,9c2edad08d994cf1a8fc5ceb1401c6db,0.124,,,
216,2026-05-13,SZ001979,0.03433056437883401,EXP_DEnsembleModel_Alpha158_csi300_custom_step0_s_20260513_15,9c2edad08d994cf1a8fc5ceb1401c6db,0.124,,,
217,2026-05-13,SZ002001,0.005854781695118656,EXP_DEnsembleModel_Alpha158_csi300_custom_step0_s_20260513_15,9c2edad08d994cf1a8fc5ceb1401c6db,0.124,,,
218,2026-05-13,SZ002027,-0.08103996379688636,EXP_DEnsembleModel_Alpha158_csi300_custom_step0_s_20260513_15,9c2edad08d994cf1a8fc5ceb1401c6db,0.124,,,
219,2026-05-13,SZ002028,-0.14808294816642734,EXP_DEnsembleModel_Alpha158_csi300_custom_step0_s_20260513_15,9c2edad08d994cf1a8fc5ceb1401c6db,0.124,,,
220,2026-05-13,SZ002049,0.28752454407605615,EXP_DEnsembleModel_Alpha158_csi300_custom_step0_s_20260513_15,9c2edad08d994cf1a8fc5ceb1401c6db,0.124,,,
221,2026-05-13,SZ002050,0.11723959878567468,EXP_DEnsembleModel_Alpha158_csi300_custom_step0_s_20260513_15,9c2edad08d994cf1a8fc5ceb1401c6db,0.124,,,
222,2026-05-13,SH600905,0.06434711068868637,EXP_LinearModel_Alpha158_csi300_custom_step0_s_20260513_15,e4ab2d978b0a48c0b849f3ea34dd5b8f,0.092,,,
223,2026-05-13,SH601939,0.025240628017498157,EXP_DEnsembleModel_Alpha158_csi300_custom_step0_s_20260513_15,9c2edad08d994cf1a8fc5ceb1401c6db,0.124,,,
224,2026-05-13,SH600918,-0.022706421092152596,EXP_LinearModel_Alpha158_csi300_custom_step0_s_20260513_15,e4ab2d978b0a48c0b849f3ea34dd5b8f,0.092,,,
225,2026-05-13,SH600926,0.004290836863219738,EXP_LinearModel_Alpha158_csi300_custom_step0_s_20260513_15,e4ab2d978b0a48c0b849f3ea34dd5b8f,0.092,,,
226,2026-05-13,SZ000895,0.02978985384106636,EXP_LinearModel_Alpha158_csi300_custom_step0_s_20260513_15,e4ab2d978b0a48c0b849f3ea34dd5b8f,0.092,,,
227,2026-05-13,SZ000938,0.11098524183034897,EXP_LinearModel_Alpha158_csi300_custom_step0_s_20260513_15,e4ab2d978b0a48c0b849f3ea34dd5b8f,0.092,,,
228,2026-05-13,SZ000963,0.016523050144314766,EXP_LinearModel_Alpha158_csi300_custom_step0_s_20260513_15,e4ab2d978b0a48c0b849f3ea34dd5b8f,0.092,,,
229,2026-05-13,SZ000975,0.01426415704190731,EXP_LinearModel_Alpha158_csi300_custom_step0_s_20260513_15,e4ab2d978b0a48c0b849f3ea34dd5b8f,0.092,,,
230,2026-05-13,SZ000977,0.1307959258556366,EXP_LinearModel_Alpha158_csi300_custom_step0_s_20260513_15,e4ab2d978b0a48c0b849f3ea34dd5b8f,0.092,,,
231,2026-05-13,SZ000983,-0.034226104617118835,EXP_LinearModel_Alpha158_csi300_custom_step0_s_20260513_15,e4ab2d978b0a48c0b849f3ea34dd5b8f,0.092,,,
232,2026-05-13,SZ000999,-0.013899567537009716,EXP_LinearModel_Alpha158_csi300_custom_step0_s_20260513_15,e4ab2d978b0a48c0b849f3ea34dd5b8f,0.092,,,
233,2026-05-13,SZ001391,0.08420352637767792,EXP_LinearModel_Alpha158_csi300_custom_step0_s_20260513_15,e4ab2d978b0a48c0b849f3ea34dd5b8f,0.092,,,
234,2026-05-13,SZ001965,0.07360605150461197,EXP_LinearModel_Alpha158_csi300_custom_step0_s_20260513_15,e4ab2d978b0a48c0b849f3ea34dd5b8f,0.092,,,
235,2026-05-13,SZ001979,-0.07669828087091446,EXP_LinearModel_Alpha158_csi300_custom_step0_s_20260513_15,e4ab2d978b0a48c0b849f3ea34dd5b8f,0.092,,,
236,2026-05-13,SZ002001,-0.0061595244333148,EXP_LinearModel_Alpha158_csi300_custom_step0_s_20260513_15,e4ab2d978b0a48c0b849f3ea34dd5b8f,0.092,,,
237,2026-05-13,SZ000876,-0.0055142841301858425,EXP_LinearModel_Alpha158_csi300_custom_step0_s_20260513_15,e4ab2d978b0a48c0b849f3ea34dd5b8f,0.092,,,
238,2026-05-13,SZ002027,-0.002422081306576729,EXP_LinearModel_Alpha158_csi300_custom_step0_s_20260513_15,e4ab2d978b0a48c0b849f3ea34dd5b8f,0.092,,,
239,2026-05-13,SZ002049,-0.00027453480288386345,EXP_LinearModel_Alpha158_csi300_custom_step0_s_20260513_15,e4ab2d978b0a48c0b849f3ea34dd5b8f,0.092,,,
240,2026-05-13,SZ002050,-0.028449740260839462,EXP_LinearModel_Alpha158_csi300_custom_step0_s_20260513_15,e4ab2d978b0a48c0b849f3ea34dd5b8f,0.092,,,
241,2026-05-13,SZ002074,0.0052825771272182465,EXP_LinearModel_Alpha158_csi300_custom_step0_s_20260513_15,e4ab2d978b0a48c0b849f3ea34dd5b8f,0.092,,,
242,2026-05-13,SZ002142,-0.049580227583646774,EXP_LinearModel_Alpha158_csi300_custom_step0_s_20260513_15,e4ab2d978b0a48c0b849f3ea34dd5b8f,0.092,,,
243,2026-05-13,SZ002179,-0.16357146203517914,EXP_LinearModel_Alpha158_csi300_custom_step0_s_20260513_15,e4ab2d978b0a48c0b849f3ea34dd5b8f,0.092,,,
244,2026-05-13,SZ002230,0.005112843122333288,EXP_LinearModel_Alpha158_csi300_custom_step0_s_20260513_15,e4ab2d978b0a48c0b849f3ea34dd5b8f,0.092,,,
245,2026-05-13,SZ002236,0.05752702057361603,EXP_LinearModel_Alpha158_csi300_custom_step0_s_20260513_15,e4ab2d978b0a48c0b849f3ea34dd5b8f,0.092,,,
246,2026-05-13,SZ002241,0.04826886206865311,EXP_LinearModel_Alpha158_csi300_custom_step0_s_20260513_15,e4ab2d978b0a48c0b849f3ea34dd5b8f,0.092,,,
247,2026-05-13,SZ002252,0.007255525328218937,EXP_LinearModel_Alpha158_csi300_custom_step0_s_20260513_15,e4ab2d978b0a48c0b849f3ea34dd5b8f,0.092,,,
248,2026-05-13,SZ002304,-0.07058091461658478,EXP_LinearModel_Alpha158_csi300_custom_step0_s_20260513_15,e4ab2d978b0a48c0b849f3ea34dd5b8f,0.092,,,
249,2026-05-13,SZ002311,-0.07679709047079086,EXP_LinearModel_Alpha158_csi300_custom_step0_s_20260513_15,e4ab2d978b0a48c0b849f3ea34dd5b8f,0.092,,,
250,2026-05-13,SZ002028,0.07323404401540756,EXP_LinearModel_Alpha158_csi300_custom_step0_s_20260513_15,e4ab2d978b0a48c0b849f3ea34dd5b8f,0.092,,,
251,2026-05-13,SZ002352,-0.026997573673725128,EXP_LinearModel_Alpha158_csi300_custom_step0_s_20260513_15,e4ab2d978b0a48c0b849f3ea34dd5b8f,0.092,,,
252,2026-05-13,SZ000858,-0.0186981912702322,EXP_LinearModel_Alpha158_csi300_custom_step0_s_20260513_15,e4ab2d978b0a48c0b849f3ea34dd5b8f,0.092,,,
253,2026-05-13,SZ000792,0.01840129680931568,EXP_LinearModel_Alpha158_csi300_custom_step0_s_20260513_15,e4ab2d978b0a48c0b849f3ea34dd5b8f,0.092,,,
254,2026-05-13,SZ000001,-0.04238526150584221,EXP_LinearModel_Alpha158_csi300_custom_step0_s_20260513_15,e4ab2d978b0a48c0b849f3ea34dd5b8f,0.092,,,
255,2026-05-13,SZ000002,-0.0518772266805172,EXP_LinearModel_Alpha158_csi300_custom_step0_s_20260513_15,e4ab2d978b0a48c0b849f3ea34dd5b8f,0.092,,,
256,2026-05-13,SZ000063,0.0363105945289135,EXP_LinearModel_Alpha158_csi300_custom_step0_s_20260513_15,e4ab2d978b0a48c0b849f3ea34dd5b8f,0.092,,,
257,2026-05-13,SZ000100,-0.0029045110568404198,EXP_LinearModel_Alpha158_csi300_custom_step0_s_20260513_15,e4ab2d978b0a48c0b849f3ea34dd5b8f,0.092,,,
258,2026-05-13,SZ000157,0.007160516455769539,EXP_LinearModel_Alpha158_csi300_custom_step0_s_20260513_15,e4ab2d978b0a48c0b849f3ea34dd5b8f,0.092,,,
259,2026-05-13,SZ000166,0.005698313470929861,EXP_LinearModel_Alpha158_csi300_custom_step0_s_20260513_15,e4ab2d978b0a48c0b849f3ea34dd5b8f,0.092,,,
260,2026-05-13,SZ000301,0.014585810713469982,EXP_LinearModel_Alpha158_csi300_custom_step0_s_20260513_15,e4ab2d978b0a48c0b849f3ea34dd5b8f,0.092,,,
261,2026-05-13,SZ000333,0.05124151334166527,EXP_LinearModel_Alpha158_csi300_custom_step0_s_20260513_15,e4ab2d978b0a48c0b849f3ea34dd5b8f,0.092,,,
262,2026-05-13,SZ000338,0.06914270669221878,EXP_LinearModel_Alpha158_csi300_custom_step0_s_20260513_15,e4ab2d978b0a48c0b849f3ea34dd5b8f,0.092,,,
263,2026-05-13,SZ000408,0.004827589727938175,EXP_LinearModel_Alpha158_csi300_custom_step0_s_20260513_15,e4ab2d978b0a48c0b849f3ea34dd5b8f,0.092,,,
264,2026-05-13,SZ000425,-0.08399774134159088,EXP_LinearModel_Alpha158_csi300_custom_step0_s_20260513_15,e4ab2d978b0a48c0b849f3ea34dd5b8f,0.092,,,
265,2026-05-13,SZ000807,-0.014298838563263416,EXP_LinearModel_Alpha158_csi300_custom_step0_s_20260513_15,e4ab2d978b0a48c0b849f3ea34dd5b8f,0.092,,,
266,2026-05-13,SZ000538,-0.013169740326702595,EXP_LinearModel_Alpha158_csi300_custom_step0_s_20260513_15,e4ab2d978b0a48c0b849f3ea34dd5b8f,0.092,,,
267,2026-05-13,SZ000596,-0.08836157619953156,EXP_LinearModel_Alpha158_csi300_custom_step0_s_20260513_15,e4ab2d978b0a48c0b849f3ea34dd5b8f,0.092,,,
268,2026-05-13,SZ000617,0.0019233860075473785,EXP_LinearModel_Alpha158_csi300_custom_step0_s_20260513_15,e4ab2d978b0a48c0b849f3ea34dd5b8f,0.092,,,
269,2026-05-13,SZ000625,-0.028183793649077415,EXP_LinearModel_Alpha158_csi300_custom_step0_s_20260513_15,e4ab2d978b0a48c0b849f3ea34dd5b8f,0.092,,,
270,2026-05-13,SZ000630,-0.09737567603588104,EXP_LinearModel_Alpha158_csi300_custom_step0_s_20260513_15,e4ab2d978b0a48c0b849f3ea34dd5b8f,0.092,,,
271,2026-05-13,SZ000651,0.041898634284734726,EXP_LinearModel_Alpha158_csi300_custom_step0_s_20260513_15,e4ab2d978b0a48c0b849f3ea34dd5b8f,0.092,,,
272,2026-05-13,SZ000661,-0.08606050163507462,EXP_LinearModel_Alpha158_csi300_custom_step0_s_20260513_15,e4ab2d978b0a48c0b849f3ea34dd5b8f,0.092,,,
273,2026-05-13,SZ000708,-0.006130593363195658,EXP_LinearModel_Alpha158_csi300_custom_step0_s_20260513_15,e4ab2d978b0a48c0b849f3ea34dd5b8f,0.092,,,
274,2026-05-13,SZ000725,-0.019185595214366913,EXP_LinearModel_Alpha158_csi300_custom_step0_s_20260513_15,e4ab2d978b0a48c0b849f3ea34dd5b8f,0.092,,,
275,2026-05-13,SZ000768,-0.03411800414323807,EXP_LinearModel_Alpha158_csi300_custom_step0_s_20260513_15,e4ab2d978b0a48c0b849f3ea34dd5b8f,0.092,,,
276,2026-05-13,SZ000776,0.037057798355817795,EXP_LinearModel_Alpha158_csi300_custom_step0_s_20260513_15,e4ab2d978b0a48c0b849f3ea34dd5b8f,0.092,,,
277,2026-05-13,SZ000786,-0.007232756819576025,EXP_LinearModel_Alpha158_csi300_custom_step0_s_20260513_15,e4ab2d978b0a48c0b849f3ea34dd5b8f,0.092,,,
278,2026-05-13,SZ000568,-0.11202693730592728,EXP_LinearModel_Alpha158_csi300_custom_step0_s_20260513_15,e4ab2d978b0a48c0b849f3ea34dd5b8f,0.092,,,
279,2026-05-13,SH688981,0.04579054191708565,EXP_LinearModel_Alpha158_csi300_custom_step0_s_20260513_15,e4ab2d978b0a48c0b849f3ea34dd5b8f,0.092,,,
280,2026-05-13,SZ002371,-0.04273403808474541,EXP_LinearModel_Alpha158_csi300_custom_step0_s_20260513_15,e4ab2d978b0a48c0b849f3ea34dd5b8f,0.092,,,
281,2026-05-13,SZ002415,0.005524742417037487,EXP_LinearModel_Alpha158_csi300_custom_step0_s_20260513_15,e4ab2d978b0a48c0b849f3ea34dd5b8f,0.092,,,
282,2026-05-13,SZ300316,0.04795664921402931,EXP_LinearModel_Alpha158_csi300_custom_step0_s_20260513_15,e4ab2d978b0a48c0b849f3ea34dd5b8f,0.092,,,
283,2026-05-13,SZ300347,-0.09039399772882462,EXP_LinearModel_Alpha158_csi300_custom_step0_s_20260513_15,e4ab2d978b0a48c0b849f3ea34dd5b8f,0.092,,,
284,2026-05-13,SZ300394,0.026461675763130188,EXP_LinearModel_Alpha158_csi300_custom_step0_s_20260513_15,e4ab2d978b0a48c0b849f3ea34dd5b8f,0.092,,,
285,2026-05-13,SZ300408,0.01851952262222767,EXP_LinearModel_Alpha158_csi300_custom_step0_s_20260513_15,e4ab2d978b0a48c0b849f3ea34dd5b8f,0.092,,,
286,2026-05-13,SZ300413,0.009072694927453995,EXP_LinearModel_Alpha158_csi300_custom_step0_s_20260513_15,e4ab2d978b0a48c0b849f3ea34dd5b8f,0.092,,,
287,2026-05-13,SZ300418,-0.06823446601629257,EXP_LinearModel_Alpha158_csi300_custom_step0_s_20260513_15,e4ab2d978b0a48c0b849f3ea34dd5b8f,0.092,,,
288,2026-05-13,SZ300433,-0.06493455916643143,EXP_LinearModel_Alpha158_csi300_custom_step0_s_20260513_15,e4ab2d978b0a48c0b849f3ea34dd5b8f,0.092,,,
289,2026-05-13,SZ300442,0.1146574541926384,EXP_LinearModel_Alpha158_csi300_custom_step0_s_20260513_15,e4ab2d978b0a48c0b849f3ea34dd5b8f,0.092,,,
290,2026-05-13,SZ300476,-0.09052002429962158,EXP_LinearModel_Alpha158_csi300_custom_step0_s_20260513_15,e4ab2d978b0a48c0b849f3ea34dd5b8f,0.092,,,
291,2026-05-13,SZ300498,-0.06181389465928078,EXP_LinearModel_Alpha158_csi300_custom_step0_s_20260513_15,e4ab2d978b0a48c0b849f3ea34dd5b8f,0.092,,,
292,2026-05-13,SZ300502,-0.05605638027191162,EXP_LinearModel_Alpha158_csi300_custom_step0_s_20260513_15,e4ab2d978b0a48c0b849f3ea34dd5b8f,0.092,,,
293,2026-05-13,SZ300308,-0.1347329020500183,EXP_LinearModel_Alpha158_csi300_custom_step0_s_20260513_15,e4ab2d978b0a48c0b849f3ea34dd5b8f,0.092,,,
294,2026-05-13,SZ300628,0.026034045964479446,EXP_LinearModel_Alpha158_csi300_custom_step0_s_20260513_15,e4ab2d978b0a48c0b849f3ea34dd5b8f,0.092,,,
295,2026-05-13,SZ300750,0.038731299340724945,EXP_LinearModel_Alpha158_csi300_custom_step0_s_20260513_15,e4ab2d978b0a48c0b849f3ea34dd5b8f,0.092,,,
296,2026-05-13,SZ300759,-0.07934616506099701,EXP_LinearModel_Alpha158_csi300_custom_step0_s_20260513_15,e4ab2d978b0a48c0b849f3ea34dd5b8f,0.092,,,
297,2026-05-13,SZ300760,0.006584887858480215,EXP_LinearModel_Alpha158_csi300_custom_step0_s_20260513_15,e4ab2d978b0a48c0b849f3ea34dd5b8f,0.092,,,
298,2026-05-13,SZ300782,0.20591884851455688,EXP_LinearModel_Alpha158_csi300_custom_step0_s_20260513_15,e4ab2d978b0a48c0b849f3ea34dd5b8f,0.092,,,
299,2026-05-13,SZ300803,-0.10801296681165695,EXP_LinearModel_Alpha158_csi300_custom_step0_s_20260513_15,e4ab2d978b0a48c0b849f3ea34dd5b8f,0.092,,,
300,2026-05-13,SZ300832,-0.07255220413208008,EXP_LinearModel_Alpha158_csi300_custom_step0_s_20260513_15,e4ab2d978b0a48c0b849f3ea34dd5b8f,0.092,,,
301,2026-05-13,SZ300866,-0.0007029944099485874,EXP_LinearModel_Alpha158_csi300_custom_step0_s_20260513_15,e4ab2d978b0a48c0b849f3ea34dd5b8f,0.092,,,
302,2026-05-13,SZ300896,-0.015331284143030643,EXP_LinearModel_Alpha158_csi300_custom_step0_s_20260513_15,e4ab2d978b0a48c0b849f3ea34dd5b8f,0.092,,,
303,2026-05-13,SZ300979,0.06213695928454399,EXP_LinearModel_Alpha158_csi300_custom_step0_s_20260513_15,e4ab2d978b0a48c0b849f3ea34dd5b8f,0.092,,,
304,2026-05-13,SZ300999,-0.09679683297872543,EXP_LinearModel_Alpha158_csi300_custom_step0_s_20260513_15,e4ab2d978b0a48c0b849f3ea34dd5b8f,0.092,,,
305,2026-05-13,SZ301236,-0.027016140520572662,EXP_LinearModel_Alpha158_csi300_custom_step0_s_20260513_15,e4ab2d978b0a48c0b849f3ea34dd5b8f,0.092,,,
306,2026-05-13,SZ300661,-0.1622878909111023,EXP_LinearModel_Alpha158_csi300_custom_step0_s_20260513_15,e4ab2d978b0a48c0b849f3ea34dd5b8f,0.092,,,
307,2026-05-13,SZ002384,0.025588087737560272,EXP_LinearModel_Alpha158_csi300_custom_step0_s_20260513_15,e4ab2d978b0a48c0b849f3ea34dd5b8f,0.092,,,
308,2026-05-13,SZ300274,-0.0052266507409513,EXP_LinearModel_Alpha158_csi300_custom_step0_s_20260513_15,e4ab2d978b0a48c0b849f3ea34dd5b8f,0.092,,,
309,2026-05-13,SZ300124,-0.03402070328593254,EXP_LinearModel_Alpha158_csi300_custom_step0_s_20260513_15,e4ab2d978b0a48c0b849f3ea34dd5b8f,0.092,,,
310,2026-05-13,SZ002422,0.022659510374069214,EXP_LinearModel_Alpha158_csi300_custom_step0_s_20260513_15,e4ab2d978b0a48c0b849f3ea34dd5b8f,0.092,,,
311,2026-05-13,SZ002459,-0.05848172307014465,EXP_LinearModel_Alpha158_csi300_custom_step0_s_20260513_15,e4ab2d978b0a48c0b849f3ea34dd5b8f,0.092,,,
312,2026-05-13,SZ002460,0.04791644215583801,EXP_LinearModel_Alpha158_csi300_custom_step0_s_20260513_15,e4ab2d978b0a48c0b849f3ea34dd5b8f,0.092,,,
313,2026-05-13,SZ002463,0.12709052860736847,EXP_LinearModel_Alpha158_csi300_custom_step0_s_20260513_15,e4ab2d978b0a48c0b849f3ea34dd5b8f,0.092,,,
314,2026-05-13,SZ002466,0.10691723227500916,EXP_LinearModel_Alpha158_csi300_custom_step0_s_20260513_15,e4ab2d978b0a48c0b849f3ea34dd5b8f,0.092,,,
315,2026-05-13,SZ002475,-0.07450442761182785,EXP_LinearModel_Alpha158_csi300_custom_step0_s_20260513_15,e4ab2d978b0a48c0b849f3ea34dd5b8f,0.092,,,
316,2026-05-13,SZ002493,-0.002091346075758338,EXP_LinearModel_Alpha158_csi300_custom_step0_s_20260513_15,e4ab2d978b0a48c0b849f3ea34dd5b8f,0.092,,,
317,2026-05-13,SZ002594,-0.10082384943962097,EXP_LinearModel_Alpha158_csi300_custom_step0_s_20260513_15,e4ab2d978b0a48c0b849f3ea34dd5b8f,0.092,,,
318,2026-05-13,SZ002600,-0.0203365758061409,EXP_LinearModel_Alpha158_csi300_custom_step0_s_20260513_15,e4ab2d978b0a48c0b849f3ea34dd5b8f,0.092,,,
319,2026-05-13,SZ002601,0.03206845745444298,EXP_LinearModel_Alpha158_csi300_custom_step0_s_20260513_15,e4ab2d978b0a48c0b849f3ea34dd5b8f,0.092,,,
320,2026-05-13,SZ002625,-0.03180019184947014,EXP_LinearModel_Alpha158_csi300_custom_step0_s_20260513_15,e4ab2d978b0a48c0b849f3ea34dd5b8f,0.092,,,
321,2026-05-13,SZ300251,-0.09828704595565796,EXP_LinearModel_Alpha158_csi300_custom_step0_s_20260513_15,e4ab2d978b0a48c0b849f3ea34dd5b8f,0.092,,,
322,2026-05-13,SZ002648,0.083987757563591,EXP_LinearModel_Alpha158_csi300_custom_step0_s_20260513_15,e4ab2d978b0a48c0b849f3ea34dd5b8f,0.092,,,
323,2026-05-13,SZ002714,-0.0712781772017479,EXP_LinearModel_Alpha158_csi300_custom_step0_s_20260513_15,e4ab2d978b0a48c0b849f3ea34dd5b8f,0.092,,,
324,2026-05-13,SZ002736,0.02800438180565834,EXP_LinearModel_Alpha158_csi300_custom_step0_s_20260513_15,e4ab2d978b0a48c0b849f3ea34dd5b8f,0.092,,,
325,2026-05-13,SZ002916,0.07980220764875412,EXP_LinearModel_Alpha158_csi300_custom_step0_s_20260513_15,e4ab2d978b0a48c0b849f3ea34dd5b8f,0.092,,,
326,2026-05-13,SZ002920,0.0662749707698822,EXP_LinearModel_Alpha158_csi300_custom_step0_s_20260513_15,e4ab2d978b0a48c0b849f3ea34dd5b8f,0.092,,,
327,2026-05-13,SZ002938,0.03840770199894905,EXP_LinearModel_Alpha158_csi300_custom_step0_s_20260513_15,e4ab2d978b0a48c0b849f3ea34dd5b8f,0.092,,,
328,2026-05-13,SZ003816,0.06729023903608322,EXP_LinearModel_Alpha158_csi300_custom_step0_s_20260513_15,e4ab2d978b0a48c0b849f3ea34dd5b8f,0.092,,,
329,2026-05-13,SZ300014,0.11576783657073975,EXP_LinearModel_Alpha158_csi300_custom_step0_s_20260513_15,e4ab2d978b0a48c0b849f3ea34dd5b8f,0.092,,,
330,2026-05-13,SZ300015,0.04582788795232773,EXP_LinearModel_Alpha158_csi300_custom_step0_s_20260513_15,e4ab2d978b0a48c0b849f3ea34dd5b8f,0.092,,,
331,2026-05-13,SZ300033,-0.03248269483447075,EXP_LinearModel_Alpha158_csi300_custom_step0_s_20260513_15,e4ab2d978b0a48c0b849f3ea34dd5b8f,0.092,,,
332,2026-05-13,SZ300059,-0.07194626331329346,EXP_LinearModel_Alpha158_csi300_custom_step0_s_20260513_15,e4ab2d978b0a48c0b849f3ea34dd5b8f,0.092,,,
333,2026-05-13,SZ300122,-0.08788947761058807,EXP_LinearModel_Alpha158_csi300_custom_step0_s_20260513_15,e4ab2d978b0a48c0b849f3ea34dd5b8f,0.092,,,
334,2026-05-13,SZ002709,0.10637759417295456,EXP_LinearModel_Alpha158_csi300_custom_step0_s_20260513_15,e4ab2d978b0a48c0b849f3ea34dd5b8f,0.092,,,
335,2026-05-13,SH688506,-0.034632496535778046,EXP_LinearModel_Alpha158_csi300_custom_step0_s_20260513_15,e4ab2d978b0a48c0b849f3ea34dd5b8f,0.092,,,
336,2026-05-13,SH688472,-0.0593561977148056,EXP_LinearModel_Alpha158_csi300_custom_step0_s_20260513_15,e4ab2d978b0a48c0b849f3ea34dd5b8f,0.092,,,
337,2026-05-13,SH688396,0.050989825278520584,EXP_LinearModel_Alpha158_csi300_custom_step0_s_20260513_15,e4ab2d978b0a48c0b849f3ea34dd5b8f,0.092,,,
338,2026-05-13,SH601236,0.037867095321416855,EXP_LinearModel_Alpha158_csi300_custom_step0_s_20260513_15,e4ab2d978b0a48c0b849f3ea34dd5b8f,0.092,,,
339,2026-05-13,SH601238,0.027122514322400093,EXP_LinearModel_Alpha158_csi300_custom_step0_s_20260513_15,e4ab2d978b0a48c0b849f3ea34dd5b8f,0.092,,,
340,2026-05-13,SH601288,0.0492052361369133,EXP_LinearModel_Alpha158_csi300_custom_step0_s_20260513_15,e4ab2d978b0a48c0b849f3ea34dd5b8f,0.092,,,
341,2026-05-13,SH601298,0.06814636290073395,EXP_LinearModel_Alpha158_csi300_custom_step0_s_20260513_15,e4ab2d978b0a48c0b849f3ea34dd5b8f,0.092,,,
342,2026-05-13,SH601318,-0.03403998538851738,EXP_LinearModel_Alpha158_csi300_custom_step0_s_20260513_15,e4ab2d978b0a48c0b849f3ea34dd5b8f,0.092,,,
343,2026-05-13,SH601319,0.004723571240901947,EXP_LinearModel_Alpha158_csi300_custom_step0_s_20260513_15,e4ab2d978b0a48c0b849f3ea34dd5b8f,0.092,,,
344,2026-05-13,SH601328,-0.02064552716910839,EXP_LinearModel_Alpha158_csi300_custom_step0_s_20260513_15,e4ab2d978b0a48c0b849f3ea34dd5b8f,0.092,,,
345,2026-05-13,SH601336,-0.08596447110176086,EXP_LinearModel_Alpha158_csi300_custom_step0_s_20260513_15,e4ab2d978b0a48c0b849f3ea34dd5b8f,0.092,,,
346,2026-05-13,SH601360,-0.013290269300341606,EXP_LinearModel_Alpha158_csi300_custom_step0_s_20260513_15,e4ab2d978b0a48c0b849f3ea34dd5b8f,0.092,,,
347,2026-05-13,SH601377,-0.012559643015265465,EXP_LinearModel_Alpha158_csi300_custom_step0_s_20260513_15,e4ab2d978b0a48c0b849f3ea34dd5b8f,0.092,,,
348,2026-05-13,SH601390,0.01037953794002533,EXP_LinearModel_Alpha158_csi300_custom_step0_s_20260513_15,e4ab2d978b0a48c0b849f3ea34dd5b8f,0.092,,,
349,2026-05-13,SH601229,-0.0267138984054327,EXP_LinearModel_Alpha158_csi300_custom_step0_s_20260513_15,e4ab2d978b0a48c0b849f3ea34dd5b8f,0.092,,,
350,2026-05-13,SH601398,0.10557305812835693,EXP_LinearModel_Alpha158_csi300_custom_step0_s_20260513_15,e4ab2d978b0a48c0b849f3ea34dd5b8f,0.092,,,
351,2026-05-13,SH601600,-0.024356117472052574,EXP_LinearModel_Alpha158_csi300_custom_step0_s_20260513_15,e4ab2d978b0a48c0b849f3ea34dd5b8f,0.092,,,
352,2026-05-13,SH601601,-0.0003005620092153549,EXP_LinearModel_Alpha158_csi300_custom_step0_s_20260513_15,e4ab2d978b0a48c0b849f3ea34dd5b8f,0.092,,,
353,2026-05-13,SH601607,0.005397281143814325,EXP_LinearModel_Alpha158_csi300_custom_step0_s_20260513_15,e4ab2d978b0a48c0b849f3ea34dd5b8f,0.092,,,
354,2026-05-13,SH601618,0.10093069076538086,EXP_LinearModel_Alpha158_csi300_custom_step0_s_20260513_15,e4ab2d978b0a48c0b849f3ea34dd5b8f,0.092,,,
355,2026-05-13,SH601628,-0.06226567178964615,EXP_LinearModel_Alpha158_csi300_custom_step0_s_20260513_15,e4ab2d978b0a48c0b849f3ea34dd5b8f,0.092,,,
356,2026-05-13,SH601633,-0.0781049132347107,EXP_LinearModel_Alpha158_csi300_custom_step0_s_20260513_15,e4ab2d978b0a48c0b849f3ea34dd5b8f,0.092,,,
357,2026-05-13,SH601658,-0.0326087512075901,EXP_LinearModel_Alpha158_csi300_custom_step0_s_20260513_15,e4ab2d978b0a48c0b849f3ea34dd5b8f,0.092,,,
358,2026-05-13,SH601668,0.04666813090443611,EXP_LinearModel_Alpha158_csi300_custom_step0_s_20260513_15,e4ab2d978b0a48c0b849f3ea34dd5b8f,0.092,,,
359,2026-05-13,SH601669,-0.015607615932822227,EXP_LinearModel_Alpha158_csi300_custom_step0_s_20260513_15,e4ab2d978b0a48c0b849f3ea34dd5b8f,0.092,,,
360,2026-05-13,SH601688,-0.04913323372602463,EXP_LinearModel_Alpha158_csi300_custom_step0_s_20260513_15,e4ab2d978b0a48c0b849f3ea34dd5b8f,0.092,,,
361,2026-05-13,SH601689,-0.09759168326854706,EXP_LinearModel_Alpha158_csi300_custom_step0_s_20260513_15,e4ab2d978b0a48c0b849f3ea34dd5b8f,0.092,,,
362,2026-05-13,SH601456,0.022985374554991722,EXP_LinearModel_Alpha158_csi300_custom_step0_s_20260513_15,e4ab2d978b0a48c0b849f3ea34dd5b8f,0.092,,,
363,2026-05-13,SH601698,-0.02063567191362381,EXP_LinearModel_Alpha158_csi300_custom_step0_s_20260513_15,e4ab2d978b0a48c0b849f3ea34dd5b8f,0.092,,,
364,2026-05-13,SH601225,0.016209539026021957,EXP_LinearModel_Alpha158_csi300_custom_step0_s_20260513_15,e4ab2d978b0a48c0b849f3ea34dd5b8f,0.092,,,
365,2026-05-13,SH601186,0.0613289400935173,EXP_LinearModel_Alpha158_csi300_custom_step0_s_20260513_15,e4ab2d978b0a48c0b849f3ea34dd5b8f,0.092,,,
366,2026-05-13,SH600930,0.0506645068526268,EXP_LinearModel_Alpha158_csi300_custom_step0_s_20260513_15,e4ab2d978b0a48c0b849f3ea34dd5b8f,0.092,,,
367,2026-05-13,SH600938,0.024183019995689392,EXP_LinearModel_Alpha158_csi300_custom_step0_s_20260513_15,e4ab2d978b0a48c0b849f3ea34dd5b8f,0.092,,,
368,2026-05-13,SH600941,0.02019781991839409,EXP_LinearModel_Alpha158_csi300_custom_step0_s_20260513_15,e4ab2d978b0a48c0b849f3ea34dd5b8f,0.092,,,
369,2026-05-13,SH600958,,EXP_LinearModel_Alpha158_csi300_custom_step0_s_20260513_15,e4ab2d978b0a48c0b849f3ea34dd5b8f,0.092,,,
370,2026-05-13,SH600989,0.014158112928271294,EXP_LinearModel_Alpha158_csi300_custom_step0_s_20260513_15,e4ab2d978b0a48c0b849f3ea34dd5b8f,0.092,,,
371,2026-05-13,SH600999,-0.02193157561123371,EXP_LinearModel_Alpha158_csi300_custom_step0_s_20260513_15,e4ab2d978b0a48c0b849f3ea34dd5b8f,0.092,,,
372,2026-05-13,SH601006,0.07256433367729187,EXP_LinearModel_Alpha158_csi300_custom_step0_s_20260513_15,e4ab2d978b0a48c0b849f3ea34dd5b8f,0.092,,,
373,2026-05-13,SH601009,-0.02988019958138466,EXP_LinearModel_Alpha158_csi300_custom_step0_s_20260513_15,e4ab2d978b0a48c0b849f3ea34dd5b8f,0.092,,,
374,2026-05-13,SH601012,0.028381135314702988,EXP_LinearModel_Alpha158_csi300_custom_step0_s_20260513_15,e4ab2d978b0a48c0b849f3ea34dd5b8f,0.092,,,
375,2026-05-13,SH601018,0.08582586795091629,EXP_LinearModel_Alpha158_csi300_custom_step0_s_20260513_15,e4ab2d978b0a48c0b849f3ea34dd5b8f,0.092,,,
376,2026-05-13,SH601021,0.021020784974098206,EXP_LinearModel_Alpha158_csi300_custom_step0_s_20260513_15,e4ab2d978b0a48c0b849f3ea34dd5b8f,0.092,,,
377,2026-05-13,SH601211,0.08170267194509506,EXP_LinearModel_Alpha158_csi300_custom_step0_s_20260513_15,e4ab2d978b0a48c0b849f3ea34dd5b8f,0.092,,,
378,2026-05-13,SH601058,-0.11599869281053543,EXP_LinearModel_Alpha158_csi300_custom_step0_s_20260513_15,e4ab2d978b0a48c0b849f3ea34dd5b8f,0.092,,,
379,2026-05-13,SH601066,-0.0287488903850317,EXP_LinearModel_Alpha158_csi300_custom_step0_s_20260513_15,e4ab2d978b0a48c0b849f3ea34dd5b8f,0.092,,,
380,2026-05-13,SH601077,0.013498199172317982,EXP_LinearModel_Alpha158_csi300_custom_step0_s_20260513_15,e4ab2d978b0a48c0b849f3ea34dd5b8f,0.092,,,
381,2026-05-13,SH601088,-0.0177701897919178,EXP_LinearModel_Alpha158_csi300_custom_step0_s_20260513_15,e4ab2d978b0a48c0b849f3ea34dd5b8f,0.092,,,
382,2026-05-13,SH601100,-0.06338556855916977,EXP_LinearModel_Alpha158_csi300_custom_step0_s_20260513_15,e4ab2d978b0a48c0b849f3ea34dd5b8f,0.092,,,
383,2026-05-13,SH601111,-0.08441361784934998,EXP_LinearModel_Alpha158_csi300_custom_step0_s_20260513_15,e4ab2d978b0a48c0b849f3ea34dd5b8f,0.092,,,
384,2026-05-13,SH601117,0.005835311021655798,EXP_LinearModel_Alpha158_csi300_custom_step0_s_20260513_15,e4ab2d978b0a48c0b849f3ea34dd5b8f,0.092,,,
385,2026-05-13,SH601127,-0.035958029329776764,EXP_LinearModel_Alpha158_csi300_custom_step0_s_20260513_15,e4ab2d978b0a48c0b849f3ea34dd5b8f,0.092,,,
386,2026-05-13,SH601136,-0.00916040875017643,EXP_LinearModel_Alpha158_csi300_custom_step0_s_20260513_15,e4ab2d978b0a48c0b849f3ea34dd5b8f,0.092,,,
387,2026-05-13,SH601138,0.08768210560083389,EXP_LinearModel_Alpha158_csi300_custom_step0_s_20260513_15,e4ab2d978b0a48c0b849f3ea34dd5b8f,0.092,,,
388,2026-05-13,SH601166,-0.03543439880013466,EXP_LinearModel_Alpha158_csi300_custom_step0_s_20260513_15,e4ab2d978b0a48c0b849f3ea34dd5b8f,0.092,,,
389,2026-05-13,SH601169,0.05898696184158325,EXP_LinearModel_Alpha158_csi300_custom_step0_s_20260513_15,e4ab2d978b0a48c0b849f3ea34dd5b8f,0.092,,,
390,2026-05-13,SH601059,-0.006259683053940535,EXP_LinearModel_Alpha158_csi300_custom_step0_s_20260513_15,e4ab2d978b0a48c0b849f3ea34dd5b8f,0.092,,,
391,2026-05-13,SH601728,0.01643168367445469,EXP_LinearModel_Alpha158_csi300_custom_step0_s_20260513_15,e4ab2d978b0a48c0b849f3ea34dd5b8f,0.092,,,
392,2026-05-13,SH601766,0.0004530093865469098,EXP_LinearModel_Alpha158_csi300_custom_step0_s_20260513_15,e4ab2d978b0a48c0b849f3ea34dd5b8f,0.092,,,
393,2026-05-13,SH601788,-0.019945261999964714,EXP_LinearModel_Alpha158_csi300_custom_step0_s_20260513_15,e4ab2d978b0a48c0b849f3ea34dd5b8f,0.092,,,
394,2026-05-13,SH603369,-0.04188421368598938,EXP_LinearModel_Alpha158_csi300_custom_step0_s_20260513_15,e4ab2d978b0a48c0b849f3ea34dd5b8f,0.092,,,
395,2026-05-13,SH603392,-0.07348954677581787,EXP_LinearModel_Alpha158_csi300_custom_step0_s_20260513_15,e4ab2d978b0a48c0b849f3ea34dd5b8f,0.092,,,
396,2026-05-13,SH603501,-0.040545977652072906,EXP_LinearModel_Alpha158_csi300_custom_step0_s_20260513_15,e4ab2d978b0a48c0b849f3ea34dd5b8f,0.092,,,
397,2026-05-13,SH603799,-0.08660133183002472,EXP_LinearModel_Alpha158_csi300_custom_step0_s_20260513_15,e4ab2d978b0a48c0b849f3ea34dd5b8f,0.092,,,
398,2026-05-13,SH603893,0.08962678909301758,EXP_LinearModel_Alpha158_csi300_custom_step0_s_20260513_15,e4ab2d978b0a48c0b849f3ea34dd5b8f,0.092,,,
399,2026-05-13,SH603986,0.004466921091079712,EXP_LinearModel_Alpha158_csi300_custom_step0_s_20260513_15,e4ab2d978b0a48c0b849f3ea34dd5b8f,0.092,,,
400,2026-05-13,SH603993,-0.06194966286420822,EXP_LinearModel_Alpha158_csi300_custom_step0_s_20260513_15,e4ab2d978b0a48c0b849f3ea34dd5b8f,0.092,,,
401,2026-05-13,SH605117,0.029911838471889496,EXP_LinearModel_Alpha158_csi300_custom_step0_s_20260513_15,e4ab2d978b0a48c0b849f3ea34dd5b8f,0.092,,,
402,2026-05-13,SH605499,-0.05830812826752663,EXP_LinearModel_Alpha158_csi300_custom_step0_s_20260513_15,e4ab2d978b0a48c0b849f3ea34dd5b8f,0.092,,,
403,2026-05-13,SH688008,-0.13492074608802795,EXP_LinearModel_Alpha158_csi300_custom_step0_s_20260513_15,e4ab2d978b0a48c0b849f3ea34dd5b8f,0.092,,,
404,2026-05-13,SH688009,-0.02612900920212269,EXP_LinearModel_Alpha158_csi300_custom_step0_s_20260513_15,e4ab2d978b0a48c0b849f3ea34dd5b8f,0.092,,,
405,2026-05-13,SH603296,0.019591189920902252,EXP_LinearModel_Alpha158_csi300_custom_step0_s_20260513_15,e4ab2d978b0a48c0b849f3ea34dd5b8f,0.092,,,
406,2026-05-13,SH688012,0.03004058264195919,EXP_LinearModel_Alpha158_csi300_custom_step0_s_20260513_15,e4ab2d978b0a48c0b849f3ea34dd5b8f,0.092,,,
407,2026-05-13,SH688041,0.05106512829661369,EXP_LinearModel_Alpha158_csi300_custom_step0_s_20260513_15,e4ab2d978b0a48c0b849f3ea34dd5b8f,0.092,,,
408,2026-05-13,SH688047,0.03762185573577881,EXP_LinearModel_Alpha158_csi300_custom_step0_s_20260513_15,e4ab2d978b0a48c0b849f3ea34dd5b8f,0.092,,,
409,2026-05-13,SH688082,-0.03292163088917732,EXP_LinearModel_Alpha158_csi300_custom_step0_s_20260513_15,e4ab2d978b0a48c0b849f3ea34dd5b8f,0.092,,,
410,2026-05-13,SH688111,-0.0880439281463623,EXP_LinearModel_Alpha158_csi300_custom_step0_s_20260513_15,e4ab2d978b0a48c0b849f3ea34dd5b8f,0.092,,,
411,2026-05-13,SH688126,-0.09684339165687561,EXP_LinearModel_Alpha158_csi300_custom_step0_s_20260513_15,e4ab2d978b0a48c0b849f3ea34dd5b8f,0.092,,,
412,2026-05-13,SH688169,-0.024390358477830887,EXP_LinearModel_Alpha158_csi300_custom_step0_s_20260513_15,e4ab2d978b0a48c0b849f3ea34dd5b8f,0.092,,,
413,2026-05-13,SH688187,0.40900444984436035,EXP_LinearModel_Alpha158_csi300_custom_step0_s_20260513_15,e4ab2d978b0a48c0b849f3ea34dd5b8f,0.092,,,
414,2026-05-13,SH688223,-0.1006498858332634,EXP_LinearModel_Alpha158_csi300_custom_step0_s_20260513_15,e4ab2d978b0a48c0b849f3ea34dd5b8f,0.092,,,
415,2026-05-13,SH688256,0.026806466281414032,EXP_LinearModel_Alpha158_csi300_custom_step0_s_20260513_15,e4ab2d978b0a48c0b849f3ea34dd5b8f,0.092,,,
416,2026-05-13,SH688271,0.01143666822463274,EXP_LinearModel_Alpha158_csi300_custom_step0_s_20260513_15,e4ab2d978b0a48c0b849f3ea34dd5b8f,0.092,,,
417,2026-05-13,SH688303,-0.0714145228266716,EXP_LinearModel_Alpha158_csi300_custom_step0_s_20260513_15,e4ab2d978b0a48c0b849f3ea34dd5b8f,0.092,,,
418,2026-05-13,SH688036,-0.03494134917855263,EXP_LinearModel_Alpha158_csi300_custom_step0_s_20260513_15,e4ab2d978b0a48c0b849f3ea34dd5b8f,0.092,,,
419,2026-05-13,SH603288,0.016423210501670837,EXP_LinearModel_Alpha158_csi300_custom_step0_s_20260513_15,e4ab2d978b0a48c0b849f3ea34dd5b8f,0.092,,,
420,2026-05-13,SH603260,-0.012238369323313236,EXP_LinearModel_Alpha158_csi300_custom_step0_s_20260513_15,e4ab2d978b0a48c0b849f3ea34dd5b8f,0.092,,,
421,2026-05-13,SH603259,-0.013290769420564175,EXP_LinearModel_Alpha158_csi300_custom_step0_s_20260513_15,e4ab2d978b0a48c0b849f3ea34dd5b8f,0.092,,,
422,2026-05-13,SH601800,-0.03267378360033035,EXP_LinearModel_Alpha158_csi300_custom_step0_s_20260513_15,e4ab2d978b0a48c0b849f3ea34dd5b8f,0.092,,,
423,2026-05-13,SH601808,-0.08074066042900085,EXP_LinearModel_Alpha158_csi300_custom_step0_s_20260513_15,e4ab2d978b0a48c0b849f3ea34dd5b8f,0.092,,,
424,2026-05-13,SH601816,-0.0030737658962607384,EXP_LinearModel_Alpha158_csi300_custom_step0_s_20260513_15,e4ab2d978b0a48c0b849f3ea34dd5b8f,0.092,,,
425,2026-05-13,SH601818,0.14285947382450104,EXP_LinearModel_Alpha158_csi300_custom_step0_s_20260513_15,e4ab2d978b0a48c0b849f3ea34dd5b8f,0.092,,,
426,2026-05-13,SH601825,0.011193589307367802,EXP_LinearModel_Alpha158_csi300_custom_step0_s_20260513_15,e4ab2d978b0a48c0b849f3ea34dd5b8f,0.092,,,
427,2026-05-13,SH601838,0.013801010325551033,EXP_LinearModel_Alpha158_csi300_custom_step0_s_20260513_15,e4ab2d978b0a48c0b849f3ea34dd5b8f,0.092,,,
428,2026-05-13,SH601857,-0.0057601300068199635,EXP_LinearModel_Alpha158_csi300_custom_step0_s_20260513_15,e4ab2d978b0a48c0b849f3ea34dd5b8f,0.092,,,
429,2026-05-13,SH601868,-0.051513515412807465,EXP_LinearModel_Alpha158_csi300_custom_step0_s_20260513_15,e4ab2d978b0a48c0b849f3ea34dd5b8f,0.092,,,
430,2026-05-13,SH601872,0.029419712722301483,EXP_LinearModel_Alpha158_csi300_custom_step0_s_20260513_15,e4ab2d978b0a48c0b849f3ea34dd5b8f,0.092,,,
431,2026-05-13,SH601877,0.03227555379271507,EXP_LinearModel_Alpha158_csi300_custom_step0_s_20260513_15,e4ab2d978b0a48c0b849f3ea34dd5b8f,0.092,,,
432,2026-05-13,SH601878,-0.018205754458904266,EXP_LinearModel_Alpha158_csi300_custom_step0_s_20260513_15,e4ab2d978b0a48c0b849f3ea34dd5b8f,0.092,,,
433,2026-05-13,SH601881,-0.01123694609850645,EXP_LinearModel_Alpha158_csi300_custom_step0_s_20260513_15,e4ab2d978b0a48c0b849f3ea34dd5b8f,0.092,,,
434,2026-05-13,SH601888,-0.11701293289661407,EXP_LinearModel_Alpha158_csi300_custom_step0_s_20260513_15,e4ab2d978b0a48c0b849f3ea34dd5b8f,0.092,,,
435,2026-05-13,SH601898,0.044531673192977905,EXP_LinearModel_Alpha158_csi300_custom_step0_s_20260513_15,e4ab2d978b0a48c0b849f3ea34dd5b8f,0.092,,,
436,2026-05-13,SH601899,-0.03581402078270912,EXP_LinearModel_Alpha158_csi300_custom_step0_s_20260513_15,e4ab2d978b0a48c0b849f3ea34dd5b8f,0.092,,,
437,2026-05-13,SH601901,-0.02792462520301342,EXP_LinearModel_Alpha158_csi300_custom_step0_s_20260513_15,e4ab2d978b0a48c0b849f3ea34dd5b8f,0.092,,,
438,2026-05-13,SH601916,0.179236501455307,EXP_LinearModel_Alpha158_csi300_custom_step0_s_20260513_15,e4ab2d978b0a48c0b849f3ea34dd5b8f,0.092,,,
439,2026-05-13,SH601919,-0.09929148107767105,EXP_LinearModel_Alpha158_csi300_custom_step0_s_20260513_15,e4ab2d978b0a48c0b849f3ea34dd5b8f,0.092,,,
440,2026-05-13,SH601939,0.01928134262561798,EXP_LinearModel_Alpha158_csi300_custom_step0_s_20260513_15,e4ab2d978b0a48c0b849f3ea34dd5b8f,0.092,,,
441,2026-05-13,SH601985,0.11181394755840302,EXP_LinearModel_Alpha158_csi300_custom_step0_s_20260513_15,e4ab2d978b0a48c0b849f3ea34dd5b8f,0.092,,,
442,2026-05-13,SH601988,0.09027491509914398,EXP_LinearModel_Alpha158_csi300_custom_step0_s_20260513_15,e4ab2d978b0a48c0b849f3ea34dd5b8f,0.092,,,
443,2026-05-13,SH601995,0.005257989279925823,EXP_LinearModel_Alpha158_csi300_custom_step0_s_20260513_15,e4ab2d978b0a48c0b849f3ea34dd5b8f,0.092,,,
444,2026-05-13,SH601998,-0.04636708274483681,EXP_LinearModel_Alpha158_csi300_custom_step0_s_20260513_15,e4ab2d978b0a48c0b849f3ea34dd5b8f,0.092,,,
445,2026-05-13,SH603019,0.007834349758923054,EXP_LinearModel_Alpha158_csi300_custom_step0_s_20260513_15,e4ab2d978b0a48c0b849f3ea34dd5b8f,0.092,,,
446,2026-05-13,SH603195,-0.07860616594552994,EXP_LinearModel_Alpha158_csi300_custom_step0_s_20260513_15,e4ab2d978b0a48c0b849f3ea34dd5b8f,0.092,,,
447,2026-05-13,SH600919,0.0332050696015358,EXP_LinearModel_Alpha158_csi300_custom_step0_s_20260513_15,e4ab2d978b0a48c0b849f3ea34dd5b8f,0.092,,,
448,2026-05-13,SZ301269,-0.02008383721113205,EXP_LinearModel_Alpha158_csi300_custom_step0_s_20260513_15,e4ab2d978b0a48c0b849f3ea34dd5b8f,0.092,,,
449,2026-05-13,SH601919,-0.06111971418409641,EXP_DEnsembleModel_Alpha158_csi300_custom_step0_s_20260513_15,9c2edad08d994cf1a8fc5ceb1401c6db,0.124,,,
450,2026-05-13,SH601901,0.05599184407259483,EXP_DEnsembleModel_Alpha158_csi300_custom_step0_s_20260513_15,9c2edad08d994cf1a8fc5ceb1401c6db,0.124,,,
451,2026-05-13,SH601878,0.07223075261518201,EXP_DEnsembleModel_Alpha158_csi300_custom_step0_s_20260513_15,32147420af0c4431a959369843c9a039,0.008,,,
452,2026-05-13,SH601881,0.08527322850360503,EXP_DEnsembleModel_Alpha158_csi300_custom_step0_s_20260513_15,32147420af0c4431a959369843c9a039,0.008,,,
453,2026-05-13,SH601888,0.017706549917128566,EXP_DEnsembleModel_Alpha158_csi300_custom_step0_s_20260513_15,32147420af0c4431a959369843c9a039,0.008,,,
454,2026-05-13,SH601898,-0.07780426407261617,EXP_DEnsembleModel_Alpha158_csi300_custom_step0_s_20260513_15,32147420af0c4431a959369843c9a039,0.008,,,
455,2026-05-13,SH601899,0.027856517056499653,EXP_DEnsembleModel_Alpha158_csi300_custom_step0_s_20260513_15,32147420af0c4431a959369843c9a039,0.008,,,
456,2026-05-13,SH601901,0.081220319373364,EXP_DEnsembleModel_Alpha158_csi300_custom_step0_s_20260513_15,32147420af0c4431a959369843c9a039,0.008,,,
457,2026-05-13,SH601916,0.04800459586078465,EXP_DEnsembleModel_Alpha158_csi300_custom_step0_s_20260513_15,32147420af0c4431a959369843c9a039,0.008,,,
458,2026-05-13,SH601919,0.020854719363153456,EXP_DEnsembleModel_Alpha158_csi300_custom_step0_s_20260513_15,32147420af0c4431a959369843c9a039,0.008,,,
459,2026-05-13,SH601939,0.026446532754823365,EXP_DEnsembleModel_Alpha158_csi300_custom_step0_s_20260513_15,32147420af0c4431a959369843c9a039,0.008,,,
460,2026-05-13,SH601985,0.13446137245335402,EXP_DEnsembleModel_Alpha158_csi300_custom_step0_s_20260513_15,32147420af0c4431a959369843c9a039,0.008,,,
461,2026-05-13,SH601988,0.05929423638890184,EXP_DEnsembleModel_Alpha158_csi300_custom_step0_s_20260513_15,32147420af0c4431a959369843c9a039,0.008,,,
462,2026-05-13,SH601877,0.022967523327849754,EXP_DEnsembleModel_Alpha158_csi300_custom_step0_s_20260513_15,32147420af0c4431a959369843c9a039,0.008,,,
463,2026-05-13,SH601995,0.12766252072079956,EXP_DEnsembleModel_Alpha158_csi300_custom_step0_s_20260513_15,32147420af0c4431a959369843c9a039,0.008,,,
464,2026-05-13,SH603019,0.06781452523974539,EXP_DEnsembleModel_Alpha158_csi300_custom_step0_s_20260513_15,32147420af0c4431a959369843c9a039,0.008,,,
465,2026-05-13,SH603195,-0.08113369106243232,EXP_DEnsembleModel_Alpha158_csi300_custom_step0_s_20260513_15,32147420af0c4431a959369843c9a039,0.008,,,
466,2026-05-13,SH603259,-0.016222177917747944,EXP_DEnsembleModel_Alpha158_csi300_custom_step0_s_20260513_15,32147420af0c4431a959369843c9a039,0.008,,,
467,2026-05-13,SH603260,-0.0425454727288863,EXP_DEnsembleModel_Alpha158_csi300_custom_step0_s_20260513_15,32147420af0c4431a959369843c9a039,0.008,,,
468,2026-05-13,SH603288,0.023336850256667523,EXP_DEnsembleModel_Alpha158_csi300_custom_step0_s_20260513_15,32147420af0c4431a959369843c9a039,0.008,,,
469,2026-05-13,SH603296,-0.04409600011208709,EXP_DEnsembleModel_Alpha158_csi300_custom_step0_s_20260513_15,32147420af0c4431a959369843c9a039,0.008,,,
470,2026-05-13,SH603369,-0.06243733586489295,EXP_DEnsembleModel_Alpha158_csi300_custom_step0_s_20260513_15,32147420af0c4431a959369843c9a039,0.008,,,
471,2026-05-13,SH603392,-0.07649234837267059,EXP_DEnsembleModel_Alpha158_csi300_custom_step0_s_20260513_15,32147420af0c4431a959369843c9a039,0.008,,,
472,2026-05-13,SH603501,-0.039927480219216896,EXP_DEnsembleModel_Alpha158_csi300_custom_step0_s_20260513_15,32147420af0c4431a959369843c9a039,0.008,,,
473,2026-05-13,SH603799,0.020280333502966753,EXP_DEnsembleModel_Alpha158_csi300_custom_step0_s_20260513_15,32147420af0c4431a959369843c9a039,0.008,,,
474,2026-05-13,SH603893,-0.0010931502029114927,EXP_DEnsembleModel_Alpha158_csi300_custom_step0_s_20260513_15,32147420af0c4431a959369843c9a039,0.008,,,
475,2026-05-13,SH601998,-0.017218416237376532,EXP_DEnsembleModel_Alpha158_csi300_custom_step0_s_20260513_15,32147420af0c4431a959369843c9a039,0.008,,,
476,2026-05-13,SH603986,-0.07270047298182666,EXP_DEnsembleModel_Alpha158_csi300_custom_step0_s_20260513_15,32147420af0c4431a959369843c9a039,0.008,,,
477,2026-05-13,SH601872,-0.07091964988369218,EXP_DEnsembleModel_Alpha158_csi300_custom_step0_s_20260513_15,32147420af0c4431a959369843c9a039,0.008,,,
478,2026-05-13,SH601857,-0.1302099680084883,EXP_DEnsembleModel_Alpha158_csi300_custom_step0_s_20260513_15,32147420af0c4431a959369843c9a039,0.008,,,
479,2026-05-13,SH601390,0.032836854033555664,EXP_DEnsembleModel_Alpha158_csi300_custom_step0_s_20260513_15,32147420af0c4431a959369843c9a039,0.008,,,
480,2026-05-13,SH601398,-0.00531917473354111,EXP_DEnsembleModel_Alpha158_csi300_custom_step0_s_20260513_15,32147420af0c4431a959369843c9a039,0.008,,,
481,2026-05-13,SH601456,0.09926988061210548,EXP_DEnsembleModel_Alpha158_csi300_custom_step0_s_20260513_15,32147420af0c4431a959369843c9a039,0.008,,,
482,2026-05-13,SH601600,0.0728029531812966,EXP_DEnsembleModel_Alpha158_csi300_custom_step0_s_20260513_15,32147420af0c4431a959369843c9a039,0.008,,,
483,2026-05-13,SH601601,-0.022515542939121804,EXP_DEnsembleModel_Alpha158_csi300_custom_step0_s_20260513_15,32147420af0c4431a959369843c9a039,0.008,,,
484,2026-05-13,SH601607,0.07562571204094425,EXP_DEnsembleModel_Alpha158_csi300_custom_step0_s_20260513_15,32147420af0c4431a959369843c9a039,0.008,,,
485,2026-05-13,SH601618,-0.017041057394726982,EXP_DEnsembleModel_Alpha158_csi300_custom_step0_s_20260513_15,32147420af0c4431a959369843c9a039,0.008,,,
486,2026-05-13,SH601628,-0.028122871915364795,EXP_DEnsembleModel_Alpha158_csi300_custom_step0_s_20260513_15,32147420af0c4431a959369843c9a039,0.008,,,
487,2026-05-13,SH601633,-0.06040172461025534,EXP_DEnsembleModel_Alpha158_csi300_custom_step0_s_20260513_15,32147420af0c4431a959369843c9a039,0.008,,,
488,2026-05-13,SH601658,-0.04479943293386908,EXP_DEnsembleModel_Alpha158_csi300_custom_step0_s_20260513_15,32147420af0c4431a959369843c9a039,0.008,,,
489,2026-05-13,SH601668,0.004281386234325833,EXP_DEnsembleModel_Alpha158_csi300_custom_step0_s_20260513_15,32147420af0c4431a959369843c9a039,0.008,,,
490,2026-05-13,SH601868,-0.01461703285087888,EXP_DEnsembleModel_Alpha158_csi300_custom_step0_s_20260513_15,32147420af0c4431a959369843c9a039,0.008,,,
491,2026-05-13,SH601669,-0.018868986359465698,EXP_DEnsembleModel_Alpha158_csi300_custom_step0_s_20260513_15,32147420af0c4431a959369843c9a039,0.008,,,
492,2026-05-13,SH601689,-0.09291112950619589,EXP_DEnsembleModel_Alpha158_csi300_custom_step0_s_20260513_15,32147420af0c4431a959369843c9a039,0.008,,,
493,2026-05-13,SH601698,-0.09652073021127128,EXP_DEnsembleModel_Alpha158_csi300_custom_step0_s_20260513_15,32147420af0c4431a959369843c9a039,0.008,,,
494,2026-05-13,SH601728,0.08207728376192176,EXP_DEnsembleModel_Alpha158_csi300_custom_step0_s_20260513_15,32147420af0c4431a959369843c9a039,0.008,,,
495,2026-05-13,SH601766,0.023562474593279332,EXP_DEnsembleModel_Alpha158_csi300_custom_step0_s_20260513_15,32147420af0c4431a959369843c9a039,0.008,,,
496,2026-05-13,SH601788,0.09143247638508573,EXP_DEnsembleModel_Alpha158_csi300_custom_step0_s_20260513_15,32147420af0c4431a959369843c9a039,0.008,,,
497,2026-05-13,SH601800,-0.04809432454707987,EXP_DEnsembleModel_Alpha158_csi300_custom_step0_s_20260513_15,32147420af0c4431a959369843c9a039,0.008,,,
498,2026-05-13,SH601808,-0.09906842012289994,EXP_DEnsembleModel_Alpha158_csi300_custom_step0_s_20260513_15,32147420af0c4431a959369843c9a039,0.008,,,
499,2026-05-13,SH601816,-0.03703981669586018,EXP_DEnsembleModel_Alpha158_csi300_custom_step0_s_20260513_15,32147420af0c4431a959369843c9a039,0.008,,,
500,2026-05-13,SH601818,-0.0009436166310388294,EXP_DEnsembleModel_Alpha158_csi300_custom_step0_s_20260513_15,32147420af0c4431a959369843c9a039,0.008,,,
501,2026-05-13,SH601825,0.061381218356254465,EXP_DEnsembleModel_Alpha158_csi300_custom_step0_s_20260513_15,32147420af0c4431a959369843c9a039,0.008,,,
502,2026-05-13,SH601838,0.133225893161806,EXP_DEnsembleModel_Alpha158_csi300_custom_step0_s_20260513_15,32147420af0c4431a959369843c9a039,0.008,,,
503,2026-05-13,SH601688,0.033876348279756184,EXP_DEnsembleModel_Alpha158_csi300_custom_step0_s_20260513_15,32147420af0c4431a959369843c9a039,0.008,,,
504,2026-05-13,SH601377,0.09246537535555202,EXP_DEnsembleModel_Alpha158_csi300_custom_step0_s_20260513_15,32147420af0c4431a959369843c9a039,0.008,,,
505,2026-05-13,SH603993,-0.1543641478330929,EXP_DEnsembleModel_Alpha158_csi300_custom_step0_s_20260513_15,32147420af0c4431a959369843c9a039,0.008,,,
506,2026-05-13,SH605499,-0.07456465191015416,EXP_DEnsembleModel_Alpha158_csi300_custom_step0_s_20260513_15,32147420af0c4431a959369843c9a039,0.008,,,
507,2026-05-13,SZ000408,0.050534186776428826,EXP_DEnsembleModel_Alpha158_csi300_custom_step0_s_20260513_15,32147420af0c4431a959369843c9a039,0.008,,,
508,2026-05-13,SZ000425,-0.1255932218229784,EXP_DEnsembleModel_Alpha158_csi300_custom_step0_s_20260513_15,32147420af0c4431a959369843c9a039,0.008,,,
509,2026-05-13,SZ000538,-0.050158140722515926,EXP_DEnsembleModel_Alpha158_csi300_custom_step0_s_20260513_15,32147420af0c4431a959369843c9a039,0.008,,,
510,2026-05-13,SZ000568,-0.06471366235935906,EXP_DEnsembleModel_Alpha158_csi300_custom_step0_s_20260513_15,32147420af0c4431a959369843c9a039,0.008,,,
511,2026-05-13,SZ000596,-0.08052444255167514,EXP_DEnsembleModel_Alpha158_csi300_custom_step0_s_20260513_15,32147420af0c4431a959369843c9a039,0.008,,,
512,2026-05-13,SZ000617,-0.046541906469985066,EXP_DEnsembleModel_Alpha158_csi300_custom_step0_s_20260513_15,32147420af0c4431a959369843c9a039,0.008,,,
513,2026-05-13,SZ000625,-0.0007366519058473756,EXP_DEnsembleModel_Alpha158_csi300_custom_step0_s_20260513_15,32147420af0c4431a959369843c9a039,0.008,,,
514,2026-05-13,SZ000630,-0.10478170216349336,EXP_DEnsembleModel_Alpha158_csi300_custom_step0_s_20260513_15,32147420af0c4431a959369843c9a039,0.008,,,
515,2026-05-13,SZ000651,0.02358628058106286,EXP_DEnsembleModel_Alpha158_csi300_custom_step0_s_20260513_15,32147420af0c4431a959369843c9a039,0.008,,,
516,2026-05-13,SZ000661,-0.03978436988390859,EXP_DEnsembleModel_Alpha158_csi300_custom_step0_s_20260513_15,32147420af0c4431a959369843c9a039,0.008,,,
517,2026-05-13,SZ000708,-0.028812033775033434,EXP_DEnsembleModel_Alpha158_csi300_custom_step0_s_20260513_15,32147420af0c4431a959369843c9a039,0.008,,,
518,2026-05-13,SZ000338,-0.005328410124591465,EXP_DEnsembleModel_Alpha158_csi300_custom_step0_s_20260513_15,32147420af0c4431a959369843c9a039,0.008,,,
519,2026-05-13,SZ000725,0.04179022765982772,EXP_DEnsembleModel_Alpha158_csi300_custom_step0_s_20260513_15,32147420af0c4431a959369843c9a039,0.008,,,
520,2026-05-13,SZ000776,0.06055270421742943,EXP_DEnsembleModel_Alpha158_csi300_custom_step0_s_20260513_15,32147420af0c4431a959369843c9a039,0.008,,,
521,2026-05-13,SZ000786,0.025825760705034544,EXP_DEnsembleModel_Alpha158_csi300_custom_step0_s_20260513_15,32147420af0c4431a959369843c9a039,0.008,,,
522,2026-05-13,SZ000792,-0.016528670722854126,EXP_DEnsembleModel_Alpha158_csi300_custom_step0_s_20260513_15,32147420af0c4431a959369843c9a039,0.008,,,
523,2026-05-13,SZ000807,0.054011620116946754,EXP_DEnsembleModel_Alpha158_csi300_custom_step0_s_20260513_15,32147420af0c4431a959369843c9a039,0.008,,,
524,2026-05-13,SZ000858,0.0034245248998429375,EXP_DEnsembleModel_Alpha158_csi300_custom_step0_s_20260513_15,32147420af0c4431a959369843c9a039,0.008,,,
525,2026-05-13,SZ000876,-0.02846458831977532,EXP_DEnsembleModel_Alpha158_csi300_custom_step0_s_20260513_15,32147420af0c4431a959369843c9a039,0.008,,,
526,2026-05-13,SZ000895,-0.04324953042808225,EXP_DEnsembleModel_Alpha158_csi300_custom_step0_s_20260513_15,32147420af0c4431a959369843c9a039,0.008,,,
527,2026-05-13,SZ000938,-0.009539815844443135,EXP_DEnsembleModel_Alpha158_csi300_custom_step0_s_20260513_15,32147420af0c4431a959369843c9a039,0.008,,,
528,2026-05-13,SZ000963,-0.003941923297145914,EXP_DEnsembleModel_Alpha158_csi300_custom_step0_s_20260513_15,32147420af0c4431a959369843c9a039,0.008,,,
529,2026-05-13,SZ000975,0.020778644300937142,EXP_DEnsembleModel_Alpha158_csi300_custom_step0_s_20260513_15,32147420af0c4431a959369843c9a039,0.008,,,
530,2026-05-13,SZ000977,0.09579918712850884,EXP_DEnsembleModel_Alpha158_csi300_custom_step0_s_20260513_15,32147420af0c4431a959369843c9a039,0.008,,,
531,2026-05-13,SZ000768,-0.07053665032673889,EXP_DEnsembleModel_Alpha158_csi300_custom_step0_s_20260513_15,32147420af0c4431a959369843c9a039,0.008,,,
532,2026-05-13,SH605117,-0.139582151222975,EXP_DEnsembleModel_Alpha158_csi300_custom_step0_s_20260513_15,32147420af0c4431a959369843c9a039,0.008,,,
533,2026-05-13,SZ000333,0.07905598907675616,EXP_DEnsembleModel_Alpha158_csi300_custom_step0_s_20260513_15,32147420af0c4431a959369843c9a039,0.008,,,
534,2026-05-13,SZ000166,0.08019307449558805,EXP_DEnsembleModel_Alpha158_csi300_custom_step0_s_20260513_15,32147420af0c4431a959369843c9a039,0.008,,,
535,2026-05-13,SH688008,0.021795662703937877,EXP_DEnsembleModel_Alpha158_csi300_custom_step0_s_20260513_15,32147420af0c4431a959369843c9a039,0.008,,,
536,2026-05-13,SH688009,-0.038191325254881905,EXP_DEnsembleModel_Alpha158_csi300_custom_step0_s_20260513_15,32147420af0c4431a959369843c9a039,0.008,,,
537,2026-05-13,SH688012,0.015661508700066506,EXP_DEnsembleModel_Alpha158_csi300_custom_step0_s_20260513_15,32147420af0c4431a959369843c9a039,0.008,,,
538,2026-05-13,SH688036,-0.05680236341510706,EXP_DEnsembleModel_Alpha158_csi300_custom_step0_s_20260513_15,32147420af0c4431a959369843c9a039,0.008,,,
539,2026-05-13,SH688041,-0.06264306031246483,EXP_DEnsembleModel_Alpha158_csi300_custom_step0_s_20260513_15,32147420af0c4431a959369843c9a039,0.008,,,
540,2026-05-13,SH688047,-0.02776343003234765,EXP_DEnsembleModel_Alpha158_csi300_custom_step0_s_20260513_15,32147420af0c4431a959369843c9a039,0.008,,,
541,2026-05-13,SH688082,-0.018929804987850817,EXP_DEnsembleModel_Alpha158_csi300_custom_step0_s_20260513_15,32147420af0c4431a959369843c9a039,0.008,,,
542,2026-05-13,SH688111,-0.08842520000906103,EXP_DEnsembleModel_Alpha158_csi300_custom_step0_s_20260513_15,32147420af0c4431a959369843c9a039,0.008,,,
543,2026-05-13,SH688126,0.03788305943804938,EXP_DEnsembleModel_Alpha158_csi300_custom_step0_s_20260513_15,32147420af0c4431a959369843c9a039,0.008,,,
544,2026-05-13,SH688169,-0.04729459044439261,EXP_DEnsembleModel_Alpha158_csi300_custom_step0_s_20260513_15,32147420af0c4431a959369843c9a039,0.008,,,
545,2026-05-13,SH688187,0.22253680011855206,EXP_DEnsembleModel_Alpha158_csi300_custom_step0_s_20260513_15,32147420af0c4431a959369843c9a039,0.008,,,
546,2026-05-13,SZ000301,0.042066399262214504,EXP_DEnsembleModel_Alpha158_csi300_custom_step0_s_20260513_15,32147420af0c4431a959369843c9a039,0.008,,,
547,2026-05-13,SH688223,-0.13766687886025797,EXP_DEnsembleModel_Alpha158_csi300_custom_step0_s_20260513_15,32147420af0c4431a959369843c9a039,0.008,,,
548,2026-05-13,SH688271,0.05224299203100886,EXP_DEnsembleModel_Alpha158_csi300_custom_step0_s_20260513_15,32147420af0c4431a959369843c9a039,0.008,,,
549,2026-05-13,SH688303,-0.07151333382800416,EXP_DEnsembleModel_Alpha158_csi300_custom_step0_s_20260513_15,32147420af0c4431a959369843c9a039,0.008,,,
550,2026-05-13,SH688396,0.0638317459059992,EXP_DEnsembleModel_Alpha158_csi300_custom_step0_s_20260513_15,32147420af0c4431a959369843c9a039,0.008,,,
551,2026-05-13,SH688472,-0.1007472804819685,EXP_DEnsembleModel_Alpha158_csi300_custom_step0_s_20260513_15,32147420af0c4431a959369843c9a039,0.008,,,
552,2026-05-13,SH688506,0.09818635407495538,EXP_DEnsembleModel_Alpha158_csi300_custom_step0_s_20260513_15,32147420af0c4431a959369843c9a039,0.008,,,
553,2026-05-13,SH688981,-0.01397126289920665,EXP_DEnsembleModel_Alpha158_csi300_custom_step0_s_20260513_15,32147420af0c4431a959369843c9a039,0.008,,,
554,2026-05-13,SZ000001,0.00824621674720368,EXP_DEnsembleModel_Alpha158_csi300_custom_step0_s_20260513_15,32147420af0c4431a959369843c9a039,0.008,,,
555,2026-05-13,SZ000002,-0.07766605494218838,EXP_DEnsembleModel_Alpha158_csi300_custom_step0_s_20260513_15,32147420af0c4431a959369843c9a039,0.008,,,
556,2026-05-13,SZ000063,-0.003276763295574362,EXP_DEnsembleModel_Alpha158_csi300_custom_step0_s_20260513_15,32147420af0c4431a959369843c9a039,0.008,,,
557,2026-05-13,SZ000100,0.0046235829237844675,EXP_DEnsembleModel_Alpha158_csi300_custom_step0_s_20260513_15,32147420af0c4431a959369843c9a039,0.008,,,
558,2026-05-13,SZ000157,-0.010422953668851728,EXP_DEnsembleModel_Alpha158_csi300_custom_step0_s_20260513_15,32147420af0c4431a959369843c9a039,0.008,,,
559,2026-05-13,SH688256,0.04949264343887529,EXP_DEnsembleModel_Alpha158_csi300_custom_step0_s_20260513_15,32147420af0c4431a959369843c9a039,0.008,,,
560,2026-05-13,SH601360,-0.07000911060698915,EXP_DEnsembleModel_Alpha158_csi300_custom_step0_s_20260513_15,32147420af0c4431a959369843c9a039,0.008,,,
561,2026-05-13,SH601336,-0.04416563358959378,EXP_DEnsembleModel_Alpha158_csi300_custom_step0_s_20260513_15,32147420af0c4431a959369843c9a039,0.008,,,
562,2026-05-13,SH601328,-0.0562635179640886,EXP_DEnsembleModel_Alpha158_csi300_custom_step0_s_20260513_15,32147420af0c4431a959369843c9a039,0.008,,,
563,2026-05-13,SH600176,0.07830735189941423,EXP_DEnsembleModel_Alpha158_csi300_custom_step0_s_20260513_15,32147420af0c4431a959369843c9a039,0.008,,,
564,2026-05-13,SH600183,-0.10355038840509395,EXP_DEnsembleModel_Alpha158_csi300_custom_step0_s_20260513_15,32147420af0c4431a959369843c9a039,0.008,,,
565,2026-05-13,SH600188,-0.05946415205238801,EXP_DEnsembleModel_Alpha158_csi300_custom_step0_s_20260513_15,32147420af0c4431a959369843c9a039,0.008,,,
566,2026-05-13,SH600196,0.03395513784432825,EXP_DEnsembleModel_Alpha158_csi300_custom_step0_s_20260513_15,32147420af0c4431a959369843c9a039,0.008,,,
567,2026-05-13,SH600219,0.033873535751063874,EXP_DEnsembleModel_Alpha158_csi300_custom_step0_s_20260513_15,32147420af0c4431a959369843c9a039,0.008,,,
568,2026-05-13,SH600233,-0.038728904014230306,EXP_DEnsembleModel_Alpha158_csi300_custom_step0_s_20260513_15,32147420af0c4431a959369843c9a039,0.008,,,
569,2026-05-13,SH600276,-0.007308952956372082,EXP_DEnsembleModel_Alpha158_csi300_custom_step0_s_20260513_15,32147420af0c4431a959369843c9a039,0.008,,,
570,2026-05-13,SH600309,-0.033495725993094555,EXP_DEnsembleModel_Alpha158_csi300_custom_step0_s_20260513_15,32147420af0c4431a959369843c9a039,0.008,,,
571,2026-05-13,SH600346,-0.030391745041911875,EXP_DEnsembleModel_Alpha158_csi300_custom_step0_s_20260513_15,32147420af0c4431a959369843c9a039,0.008,,,
572,2026-05-13,SH600362,-0.03021588231378646,EXP_DEnsembleModel_Alpha158_csi300_custom_step0_s_20260513_15,32147420af0c4431a959369843c9a039,0.008,,,
573,2026-05-13,SH600372,0.017438384578903468,EXP_DEnsembleModel_Alpha158_csi300_custom_step0_s_20260513_15,32147420af0c4431a959369843c9a039,0.008,,,
574,2026-05-13,SH600161,-0.025074191081346748,EXP_DEnsembleModel_Alpha158_csi300_custom_step0_s_20260513_15,32147420af0c4431a959369843c9a039,0.008,,,
575,2026-05-13,SH600377,0.06353682898458778,EXP_DEnsembleModel_Alpha158_csi300_custom_step0_s_20260513_15,32147420af0c4431a959369843c9a039,0.008,,,
576,2026-05-13,SH600415,-0.12666102235123047,EXP_DEnsembleModel_Alpha158_csi300_custom_step0_s_20260513_15,32147420af0c4431a959369843c9a039,0.008,,,
577,2026-05-13,SH600426,-0.08852779813031268,EXP_DEnsembleModel_Alpha158_csi300_custom_step0_s_20260513_15,32147420af0c4431a959369843c9a039,0.008,,,
578,2026-05-13,SH600436,-0.0370730503977259,EXP_DEnsembleModel_Alpha158_csi300_custom_step0_s_20260513_15,32147420af0c4431a959369843c9a039,0.008,,,
579,2026-05-13,SH600438,0.041518883942352855,EXP_DEnsembleModel_Alpha158_csi300_custom_step0_s_20260513_15,32147420af0c4431a959369843c9a039,0.008,,,
580,2026-05-13,SH600460,0.04430216986036528,EXP_DEnsembleModel_Alpha158_csi300_custom_step0_s_20260513_15,32147420af0c4431a959369843c9a039,0.008,,,
581,2026-05-13,SH600482,-0.03463640200522379,EXP_DEnsembleModel_Alpha158_csi300_custom_step0_s_20260513_15,32147420af0c4431a959369843c9a039,0.008,,,
582,2026-05-13,SH600489,-0.04643468460978747,EXP_DEnsembleModel_Alpha158_csi300_custom_step0_s_20260513_15,32147420af0c4431a959369843c9a039,0.008,,,
583,2026-05-13,SH600515,0.0490978907172001,EXP_DEnsembleModel_Alpha158_csi300_custom_step0_s_20260513_15,32147420af0c4431a959369843c9a039,0.008,,,
584,2026-05-13,SH600519,-0.053756332916099096,EXP_DEnsembleModel_Alpha158_csi300_custom_step0_s_20260513_15,32147420af0c4431a959369843c9a039,0.008,,,
585,2026-05-13,SH600522,0.003230738954935281,EXP_DEnsembleModel_Alpha158_csi300_custom_step0_s_20260513_15,32147420af0c4431a959369843c9a039,0.008,,,
586,2026-05-13,SH600547,0.08993240139027824,EXP_DEnsembleModel_Alpha158_csi300_custom_step0_s_20260513_15,32147420af0c4431a959369843c9a039,0.008,,,
587,2026-05-13,SH600406,0.0825317090616965,EXP_DEnsembleModel_Alpha158_csi300_custom_step0_s_20260513_15,32147420af0c4431a959369843c9a039,0.008,,,
588,2026-05-13,SH600570,0.09434676063484439,EXP_DEnsembleModel_Alpha158_csi300_custom_step0_s_20260513_15,32147420af0c4431a959369843c9a039,0.008,,,
589,2026-05-13,SH600160,0.012514435700846467,EXP_DEnsembleModel_Alpha158_csi300_custom_step0_s_20260513_15,32147420af0c4431a959369843c9a039,0.008,,,
590,2026-05-13,SH600115,-0.015996692201308258,EXP_DEnsembleModel_Alpha158_csi300_custom_step0_s_20260513_15,32147420af0c4431a959369843c9a039,0.008,,,
591,2026-05-13,SH600010,-0.008669561403240227,EXP_DEnsembleModel_Alpha158_csi300_custom_step0_s_20260513_15,32147420af0c4431a959369843c9a039,0.008,,,
592,2026-05-13,SH600011,0.0332559877004464,EXP_DEnsembleModel_Alpha158_csi300_custom_step0_s_20260513_15,32147420af0c4431a959369843c9a039,0.008,,,
593,2026-05-13,SH600015,-0.00010080162112683463,EXP_DEnsembleModel_Alpha158_csi300_custom_step0_s_20260513_15,32147420af0c4431a959369843c9a039,0.008,,,
594,2026-05-13,SH600016,-0.04255153841015507,EXP_DEnsembleModel_Alpha158_csi300_custom_step0_s_20260513_15,32147420af0c4431a959369843c9a039,0.008,,,
595,2026-05-13,SH600018,0.04408341675270403,EXP_DEnsembleModel_Alpha158_csi300_custom_step0_s_20260513_15,32147420af0c4431a959369843c9a039,0.008,,,
596,2026-05-13,SH600019,0.03200623088540198,EXP_DEnsembleModel_Alpha158_csi300_custom_step0_s_20260513_15,32147420af0c4431a959369843c9a039,0.008,,,
597,2026-05-13,SH600023,0.10281010710543291,EXP_DEnsembleModel_Alpha158_csi300_custom_step0_s_20260513_15,32147420af0c4431a959369843c9a039,0.008,,,
598,2026-05-13,SH600025,-0.011951981818141874,EXP_DEnsembleModel_Alpha158_csi300_custom_step0_s_20260513_15,32147420af0c4431a959369843c9a039,0.008,,,
599,2026-05-13,SH600026,-0.08853471363609121,EXP_DEnsembleModel_Alpha158_csi300_custom_step0_s_20260513_15,32147420af0c4431a959369843c9a039,0.008,,,
600,2026-05-13,SH600027,0.07457204410999056,EXP_DEnsembleModel_Alpha158_csi300_custom_step0_s_20260513_15,32147420af0c4431a959369843c9a039,0.008,,,
601,2026-05-13,SH600028,-0.05465599237044284,EXP_DEnsembleModel_Alpha158_csi300_custom_step0_s_20260513_15,32147420af0c4431a959369843c9a039,0.008,,,
602,2026-05-13,SH600150,0.08700301962308347,EXP_DEnsembleModel_Alpha158_csi300_custom_step0_s_20260513_15,32147420af0c4431a959369843c9a039,0.008,,,
603,2026-05-13,SH600029,0.04423199130537786,EXP_DEnsembleModel_Alpha158_csi300_custom_step0_s_20260513_15,32147420af0c4431a959369843c9a039,0.008,,,
604,2026-05-13,SH600031,-0.0180614190156882,EXP_DEnsembleModel_Alpha158_csi300_custom_step0_s_20260513_15,32147420af0c4431a959369843c9a039,0.008,,,
605,2026-05-13,SH600036,-0.028000486693402448,EXP_DEnsembleModel_Alpha158_csi300_custom_step0_s_20260513_15,32147420af0c4431a959369843c9a039,0.008,,,
606,2026-05-13,SH600039,0.1591620031401424,EXP_DEnsembleModel_Alpha158_csi300_custom_step0_s_20260513_15,32147420af0c4431a959369843c9a039,0.008,,,
607,2026-05-13,SH600048,-0.09701082689768176,EXP_DEnsembleModel_Alpha158_csi300_custom_step0_s_20260513_15,32147420af0c4431a959369843c9a039,0.008,,,
608,2026-05-13,SH600050,-0.0955873732188013,EXP_DEnsembleModel_Alpha158_csi300_custom_step0_s_20260513_15,32147420af0c4431a959369843c9a039,0.008,,,
609,2026-05-13,SH600061,0.08108595788037057,EXP_DEnsembleModel_Alpha158_csi300_custom_step0_s_20260513_15,32147420af0c4431a959369843c9a039,0.008,,,
610,2026-05-13,SH600066,0.08572608431463687,EXP_DEnsembleModel_Alpha158_csi300_custom_step0_s_20260513_15,32147420af0c4431a959369843c9a039,0.008,,,
611,2026-05-13,SH600085,0.01031653057770131,EXP_DEnsembleModel_Alpha158_csi300_custom_step0_s_20260513_15,32147420af0c4431a959369843c9a039,0.008,,,
612,2026-05-13,SH600089,-0.06581917101925881,EXP_DEnsembleModel_Alpha158_csi300_custom_step0_s_20260513_15,32147420af0c4431a959369843c9a039,0.008,,,
613,2026-05-13,SH600104,0.005679771883267172,EXP_DEnsembleModel_Alpha158_csi300_custom_step0_s_20260513_15,32147420af0c4431a959369843c9a039,0.008,,,
614,2026-05-13,SH600111,0.015369977291369998,EXP_DEnsembleModel_Alpha158_csi300_custom_step0_s_20260513_15,32147420af0c4431a959369843c9a039,0.008,,,
615,2026-05-13,SH600030,0.06721521311962561,EXP_DEnsembleModel_Alpha158_csi300_custom_step0_s_20260513_15,32147420af0c4431a959369843c9a039,0.008,,,
616,2026-05-13,SH600584,0.029135792949357458,EXP_DEnsembleModel_Alpha158_csi300_custom_step0_s_20260513_15,32147420af0c4431a959369843c9a039,0.008,,,
617,2026-05-13,SH600585,-0.009114097871936244,EXP_DEnsembleModel_Alpha158_csi300_custom_step0_s_20260513_15,32147420af0c4431a959369843c9a039,0.008,,,
618,2026-05-13,SH600588,0.04203916133684779,EXP_DEnsembleModel_Alpha158_csi300_custom_step0_s_20260513_15,32147420af0c4431a959369843c9a039,0.008,,,
619,2026-05-13,SH601021,0.01643070537580179,EXP_DEnsembleModel_Alpha158_csi300_custom_step0_s_20260513_15,32147420af0c4431a959369843c9a039,0.008,,,
620,2026-05-13,SH601058,-0.06742252014316445,EXP_DEnsembleModel_Alpha158_csi300_custom_step0_s_20260513_15,32147420af0c4431a959369843c9a039,0.008,,,
621,2026-05-13,SH601059,0.039842885238649796,EXP_DEnsembleModel_Alpha158_csi300_custom_step0_s_20260513_15,32147420af0c4431a959369843c9a039,0.008,,,
622,2026-05-13,SH601066,-0.014121799876359429,EXP_DEnsembleModel_Alpha158_csi300_custom_step0_s_20260513_15,32147420af0c4431a959369843c9a039,0.008,,,
623,2026-05-13,SH601077,-0.017813785144084632,EXP_DEnsembleModel_Alpha158_csi300_custom_step0_s_20260513_15,32147420af0c4431a959369843c9a039,0.008,,,
624,2026-05-13,SH601088,-0.09040303865279013,EXP_DEnsembleModel_Alpha158_csi300_custom_step0_s_20260513_15,32147420af0c4431a959369843c9a039,0.008,,,
625,2026-05-13,SH601100,-0.05492173754265613,EXP_DEnsembleModel_Alpha158_csi300_custom_step0_s_20260513_15,32147420af0c4431a959369843c9a039,0.008,,,
626,2026-05-13,SH601111,-0.042413947498655465,EXP_DEnsembleModel_Alpha158_csi300_custom_step0_s_20260513_15,32147420af0c4431a959369843c9a039,0.008,,,
627,2026-05-13,SH601117,0.10507298945119727,EXP_DEnsembleModel_Alpha158_csi300_custom_step0_s_20260513_15,32147420af0c4431a959369843c9a039,0.008,,,
628,2026-05-13,SH601127,0.04427668059117262,EXP_DEnsembleModel_Alpha158_csi300_custom_step0_s_20260513_15,32147420af0c4431a959369843c9a039,0.008,,,
629,2026-05-13,SH601136,0.03401872801504741,EXP_DEnsembleModel_Alpha158_csi300_custom_step0_s_20260513_15,32147420af0c4431a959369843c9a039,0.008,,,
630,2026-05-13,SH601018,0.0015170237918855055,EXP_DEnsembleModel_Alpha158_csi300_custom_step0_s_20260513_15,32147420af0c4431a959369843c9a039,0.008,,,
631,2026-05-13,SH601138,0.1739607871743287,EXP_DEnsembleModel_Alpha158_csi300_custom_step0_s_20260513_15,32147420af0c4431a959369843c9a039,0.008,,,
632,2026-05-13,SH601169,-0.03531550377970707,EXP_DEnsembleModel_Alpha158_csi300_custom_step0_s_20260513_15,32147420af0c4431a959369843c9a039,0.008,,,
633,2026-05-13,SH601186,-0.007699647238950462,EXP_DEnsembleModel_Alpha158_csi300_custom_step0_s_20260513_15,32147420af0c4431a959369843c9a039,0.008,,,
634,2026-05-13,SH601211,0.08481159700766211,EXP_DEnsembleModel_Alpha158_csi300_custom_step0_s_20260513_15,32147420af0c4431a959369843c9a039,0.008,,,
635,2026-05-13,SH601225,-0.07963802527848408,EXP_DEnsembleModel_Alpha158_csi300_custom_step0_s_20260513_15,32147420af0c4431a959369843c9a039,0.008,,,
636,2026-05-13,SH601229,-0.0067871450057599625,EXP_DEnsembleModel_Alpha158_csi300_custom_step0_s_20260513_15,32147420af0c4431a959369843c9a039,0.008,,,
637,2026-05-13,SH601236,0.0032382670441934353,EXP_DEnsembleModel_Alpha158_csi300_custom_step0_s_20260513_15,32147420af0c4431a959369843c9a039,0.008,,,
638,2026-05-13,SH601238,0.014057793184470917,EXP_DEnsembleModel_Alpha158_csi300_custom_step0_s_20260513_15,32147420af0c4431a959369843c9a039,0.008,,,
639,2026-05-13,SH601288,0.018274881072727196,EXP_DEnsembleModel_Alpha158_csi300_custom_step0_s_20260513_15,32147420af0c4431a959369843c9a039,0.008,,,
640,2026-05-13,SH601298,0.06508116233006603,EXP_DEnsembleModel_Alpha158_csi300_custom_step0_s_20260513_15,32147420af0c4431a959369843c9a039,0.008,,,
641,2026-05-13,SH601318,-0.04874595730222614,EXP_DEnsembleModel_Alpha158_csi300_custom_step0_s_20260513_15,32147420af0c4431a959369843c9a039,0.008,,,
642,2026-05-13,SH601319,-0.005734674380660118,EXP_DEnsembleModel_Alpha158_csi300_custom_step0_s_20260513_15,32147420af0c4431a959369843c9a039,0.008,,,
643,2026-05-13,SH601166,-0.06753114670603383,EXP_DEnsembleModel_Alpha158_csi300_custom_step0_s_20260513_15,32147420af0c4431a959369843c9a039,0.008,,,
644,2026-05-13,SH601012,-0.006308906959696425,EXP_DEnsembleModel_Alpha158_csi300_custom_step0_s_20260513_15,32147420af0c4431a959369843c9a039,0.008,,,
645,2026-05-13,SH601009,-0.05704858736708784,EXP_DEnsembleModel_Alpha158_csi300_custom_step0_s_20260513_15,32147420af0c4431a959369843c9a039,0.008,,,
646,2026-05-13,SH601006,0.0452266594962852,EXP_DEnsembleModel_Alpha158_csi300_custom_step0_s_20260513_15,32147420af0c4431a959369843c9a039,0.008,,,
647,2026-05-13,SH600600,0.036131068831699135,EXP_DEnsembleModel_Alpha158_csi300_custom_step0_s_20260513_15,32147420af0c4431a959369843c9a039,0.008,,,
648,2026-05-13,SH600660,0.012724371677866799,EXP_DEnsembleModel_Alpha158_csi300_custom_step0_s_20260513_15,32147420af0c4431a959369843c9a039,0.008,,,
649,2026-05-13,SH600674,0.05752332713096493,EXP_DEnsembleModel_Alpha158_csi300_custom_step0_s_20260513_15,32147420af0c4431a959369843c9a039,0.008,,,
650,2026-05-13,SH600690,0.04689837359413745,EXP_DEnsembleModel_Alpha158_csi300_custom_step0_s_20260513_15,32147420af0c4431a959369843c9a039,0.008,,,
651,2026-05-13,SH600741,0.0187895242900897,EXP_DEnsembleModel_Alpha158_csi300_custom_step0_s_20260513_15,32147420af0c4431a959369843c9a039,0.008,,,
652,2026-05-13,SH600760,0.011080675050127322,EXP_DEnsembleModel_Alpha158_csi300_custom_step0_s_20260513_15,32147420af0c4431a959369843c9a039,0.008,,,
653,2026-05-13,SH600795,0.03223330701087089,EXP_DEnsembleModel_Alpha158_csi300_custom_step0_s_20260513_15,32147420af0c4431a959369843c9a039,0.008,,,
654,2026-05-13,SH600803,0.001349994608350713,EXP_DEnsembleModel_Alpha158_csi300_custom_step0_s_20260513_15,32147420af0c4431a959369843c9a039,0.008,,,
655,2026-05-13,SH600809,-0.036676510294833944,EXP_DEnsembleModel_Alpha158_csi300_custom_step0_s_20260513_15,32147420af0c4431a959369843c9a039,0.008,,,
656,2026-05-13,SH600845,-0.027146309222721272,EXP_DEnsembleModel_Alpha158_csi300_custom_step0_s_20260513_15,32147420af0c4431a959369843c9a039,0.008,,,
657,2026-05-13,SH600875,-0.09951081840058255,EXP_DEnsembleModel_Alpha158_csi300_custom_step0_s_20260513_15,32147420af0c4431a959369843c9a039,0.008,,,
658,2026-05-13,SH600886,-0.0804882925594417,EXP_DEnsembleModel_Alpha158_csi300_custom_step0_s_20260513_15,32147420af0c4431a959369843c9a039,0.008,,,
659,2026-05-13,SH600887,-0.006597712592494266,EXP_DEnsembleModel_Alpha158_csi300_custom_step0_s_20260513_15,32147420af0c4431a959369843c9a039,0.008,,,
660,2026-05-13,SH600893,-0.01807372572633828,EXP_DEnsembleModel_Alpha158_csi300_custom_step0_s_20260513_15,32147420af0c4431a959369843c9a039,0.008,,,
661,2026-05-13,SH600900,0.003675127550044288,EXP_DEnsembleModel_Alpha158_csi300_custom_step0_s_20260513_15,32147420af0c4431a959369843c9a039,0.008,,,
662,2026-05-13,SH600905,-0.024446493776056104,EXP_DEnsembleModel_Alpha158_csi300_custom_step0_s_20260513_15,32147420af0c4431a959369843c9a039,0.008,,,
663,2026-05-13,SH600918,0.07116450583890228,EXP_DEnsembleModel_Alpha158_csi300_custom_step0_s_20260513_15,32147420af0c4431a959369843c9a039,0.008,,,
664,2026-05-13,SH600919,0.09517548614399367,EXP_DEnsembleModel_Alpha158_csi300_custom_step0_s_20260513_15,32147420af0c4431a959369843c9a039,0.008,,,
665,2026-05-13,SH600926,-0.021271511480686723,EXP_DEnsembleModel_Alpha158_csi300_custom_step0_s_20260513_15,32147420af0c4431a959369843c9a039,0.008,,,
666,2026-05-13,SH600930,0.04897571820085798,EXP_DEnsembleModel_Alpha158_csi300_custom_step0_s_20260513_15,32147420af0c4431a959369843c9a039,0.008,,,
667,2026-05-13,SH600938,-0.04707024156550576,EXP_DEnsembleModel_Alpha158_csi300_custom_step0_s_20260513_15,32147420af0c4431a959369843c9a039,0.008,,,
668,2026-05-13,SH600941,0.06256076108834047,EXP_DEnsembleModel_Alpha158_csi300_custom_step0_s_20260513_15,32147420af0c4431a959369843c9a039,0.008,,,
669,2026-05-13,SH600958,0.03207343278022282,EXP_DEnsembleModel_Alpha158_csi300_custom_step0_s_20260513_15,32147420af0c4431a959369843c9a039,0.008,,,
670,2026-05-13,SH600989,-0.06925537239204353,EXP_DEnsembleModel_Alpha158_csi300_custom_step0_s_20260513_15,32147420af0c4431a959369843c9a039,0.008,,,
671,2026-05-13,SH600999,0.07851519992589133,EXP_DEnsembleModel_Alpha158_csi300_custom_step0_s_20260513_15,32147420af0c4431a959369843c9a039,0.008,,,
672,2026-05-13,SZ000983,-0.13954161391560466,EXP_DEnsembleModel_Alpha158_csi300_custom_step0_s_20260513_15,32147420af0c4431a959369843c9a039,0.008,,,
673,2026-05-13,SH601916,-0.005057823017914055,EXP_DEnsembleModel_Alpha158_csi300_custom_step0_s_20260513_15,9c2edad08d994cf1a8fc5ceb1401c6db,0.124,,,
674,2026-05-13,SZ000999,-0.05789168752857005,EXP_DEnsembleModel_Alpha158_csi300_custom_step0_s_20260513_15,32147420af0c4431a959369843c9a039,0.008,,,
675,2026-05-13,SZ001965,0.1727776730349822,EXP_DEnsembleModel_Alpha158_csi300_custom_step0_s_20260513_15,32147420af0c4431a959369843c9a039,0.008,,,
676,2026-05-13,SH600875,-0.13173003950814455,EXP_DEnsembleModel_Alpha158_csi300_custom_step0_s_20260513_15,9c2edad08d994cf1a8fc5ceb1401c6db,0.124,,,
677,2026-05-13,SH600886,-0.05612353164041854,EXP_DEnsembleModel_Alpha158_csi300_custom_step0_s_20260513_15,9c2edad08d994cf1a8fc5ceb1401c6db,0.124,,,
678,2026-05-13,SH600887,-0.035263605932532305,EXP_DEnsembleModel_Alpha158_csi300_custom_step0_s_20260513_15,9c2edad08d994cf1a8fc5ceb1401c6db,0.124,,,
679,2026-05-13,SH600893,-0.031755929607001965,EXP_DEnsembleModel_Alpha158_csi300_custom_step0_s_20260513_15,9c2edad08d994cf1a8fc5ceb1401c6db,0.124,,,
680,2026-05-13,SH600900,-0.0382766432398237,EXP_DEnsembleModel_Alpha158_csi300_custom_step0_s_20260513_15,9c2edad08d994cf1a8fc5ceb1401c6db,0.124,,,
681,2026-05-13,SH600905,0.04763350515564575,EXP_DEnsembleModel_Alpha158_csi300_custom_step0_s_20260513_15,9c2edad08d994cf1a8fc5ceb1401c6db,0.124,,,
682,2026-05-13,SH600918,-0.10648987885532003,EXP_DEnsembleModel_Alpha158_csi300_custom_step0_s_20260513_15,9c2edad08d994cf1a8fc5ceb1401c6db,0.124,,,
683,2026-05-13,SH600919,0.02286344689750072,EXP_DEnsembleModel_Alpha158_csi300_custom_step0_s_20260513_15,9c2edad08d994cf1a8fc5ceb1401c6db,0.124,,,
684,2026-05-13,SH600926,-0.07234435888293209,EXP_DEnsembleModel_Alpha158_csi300_custom_step0_s_20260513_15,9c2edad08d994cf1a8fc5ceb1401c6db,0.124,,,
685,2026-05-13,SH600930,0.15849563996767463,EXP_DEnsembleModel_Alpha158_csi300_custom_step0_s_20260513_15,9c2edad08d994cf1a8fc5ceb1401c6db,0.124,,,
686,2026-05-13,SH600938,-0.0020520385221865943,EXP_DEnsembleModel_Alpha158_csi300_custom_step0_s_20260513_15,9c2edad08d994cf1a8fc5ceb1401c6db,0.124,,,
687,2026-05-13,SH600845,0.14628820713130908,EXP_DEnsembleModel_Alpha158_csi300_custom_step0_s_20260513_15,9c2edad08d994cf1a8fc5ceb1401c6db,0.124,,,
688,2026-05-13,SH600941,0.03389361401799152,EXP_DEnsembleModel_Alpha158_csi300_custom_step0_s_20260513_15,9c2edad08d994cf1a8fc5ceb1401c6db,0.124,,,
689,2026-05-13,SH600989,0.12877235762275707,EXP_DEnsembleModel_Alpha158_csi300_custom_step0_s_20260513_15,9c2edad08d994cf1a8fc5ceb1401c6db,0.124,,,
690,2026-05-13,SH600999,0.005974842799116291,EXP_DEnsembleModel_Alpha158_csi300_custom_step0_s_20260513_15,9c2edad08d994cf1a8fc5ceb1401c6db,0.124,,,
691,2026-05-13,SH601006,0.007713459070884484,EXP_DEnsembleModel_Alpha158_csi300_custom_step0_s_20260513_15,9c2edad08d994cf1a8fc5ceb1401c6db,0.124,,,
692,2026-05-13,SH601009,-0.03848983817623087,EXP_DEnsembleModel_Alpha158_csi300_custom_step0_s_20260513_15,9c2edad08d994cf1a8fc5ceb1401c6db,0.124,,,
693,2026-05-13,SH601012,-0.027419474483963133,EXP_DEnsembleModel_Alpha158_csi300_custom_step0_s_20260513_15,9c2edad08d994cf1a8fc5ceb1401c6db,0.124,,,
694,2026-05-13,SH601018,-0.05161410916051278,EXP_DEnsembleModel_Alpha158_csi300_custom_step0_s_20260513_15,9c2edad08d994cf1a8fc5ceb1401c6db,0.124,,,
695,2026-05-13,SH601021,-0.009932764408523783,EXP_DEnsembleModel_Alpha158_csi300_custom_step0_s_20260513_15,9c2edad08d994cf1a8fc5ceb1401c6db,0.124,,,
696,2026-05-13,SH601058,-0.03594308756505928,EXP_DEnsembleModel_Alpha158_csi300_custom_step0_s_20260513_15,9c2edad08d994cf1a8fc5ceb1401c6db,0.124,,,
697,2026-05-13,SH601059,0.007546632841226516,EXP_DEnsembleModel_Alpha158_csi300_custom_step0_s_20260513_15,9c2edad08d994cf1a8fc5ceb1401c6db,0.124,,,
698,2026-05-13,SH601066,-0.004924372531162638,EXP_DEnsembleModel_Alpha158_csi300_custom_step0_s_20260513_15,9c2edad08d994cf1a8fc5ceb1401c6db,0.124,,,
699,2026-05-13,SH601077,-0.05821340146974,EXP_DEnsembleModel_Alpha158_csi300_custom_step0_s_20260513_15,9c2edad08d994cf1a8fc5ceb1401c6db,0.124,,,
700,2026-05-13,SH600958,0.02780924256725374,EXP_DEnsembleModel_Alpha158_csi300_custom_step0_s_20260513_15,9c2edad08d994cf1a8fc5ceb1401c6db,0.124,,,
701,2026-05-13,SH601088,-0.029159255407883427,EXP_DEnsembleModel_Alpha158_csi300_custom_step0_s_20260513_15,9c2edad08d994cf1a8fc5ceb1401c6db,0.124,,,
702,2026-05-13,SH600809,-0.041312065964018006,EXP_DEnsembleModel_Alpha158_csi300_custom_step0_s_20260513_15,9c2edad08d994cf1a8fc5ceb1401c6db,0.124,,,
703,2026-05-13,SH600795,0.034281998720141836,EXP_DEnsembleModel_Alpha158_csi300_custom_step0_s_20260513_15,9c2edad08d994cf1a8fc5ceb1401c6db,0.124,,,
704,2026-05-13,SH600372,0.046573876400145126,EXP_DEnsembleModel_Alpha158_csi300_custom_step0_s_20260513_15,9c2edad08d994cf1a8fc5ceb1401c6db,0.124,,,
705,2026-05-13,SH600377,0.07604018222861636,EXP_DEnsembleModel_Alpha158_csi300_custom_step0_s_20260513_15,9c2edad08d994cf1a8fc5ceb1401c6db,0.124,,,
706,2026-05-13,SH600406,0.06036881928917696,EXP_DEnsembleModel_Alpha158_csi300_custom_step0_s_20260513_15,9c2edad08d994cf1a8fc5ceb1401c6db,0.124,,,
707,2026-05-13,SH600415,-0.04740125741803102,EXP_DEnsembleModel_Alpha158_csi300_custom_step0_s_20260513_15,9c2edad08d994cf1a8fc5ceb1401c6db,0.124,,,
708,2026-05-13,SH600426,-0.07439548490224435,EXP_DEnsembleModel_Alpha158_csi300_custom_step0_s_20260513_15,9c2edad08d994cf1a8fc5ceb1401c6db,0.124,,,
709,2026-05-13,SH600436,-0.08332145201843824,EXP_DEnsembleModel_Alpha158_csi300_custom_step0_s_20260513_15,9c2edad08d994cf1a8fc5ceb1401c6db,0.124,,,
710,2026-05-13,SH600438,0.1510490206272416,EXP_DEnsembleModel_Alpha158_csi300_custom_step0_s_20260513_15,9c2edad08d994cf1a8fc5ceb1401c6db,0.124,,,
711,2026-05-13,SH600460,0.2516910693820748,EXP_DEnsembleModel_Alpha158_csi300_custom_step0_s_20260513_15,9c2edad08d994cf1a8fc5ceb1401c6db,0.124,,,
712,2026-05-13,SH600482,-0.1150767271399863,EXP_DEnsembleModel_Alpha158_csi300_custom_step0_s_20260513_15,9c2edad08d994cf1a8fc5ceb1401c6db,0.124,,,
713,2026-05-13,SH600489,0.008596392612384379,EXP_DEnsembleModel_Alpha158_csi300_custom_step0_s_20260513_15,9c2edad08d994cf1a8fc5ceb1401c6db,0.124,,,
714,2026-05-13,SH600515,0.019592956941323562,EXP_DEnsembleModel_Alpha158_csi300_custom_step0_s_20260513_15,9c2edad08d994cf1a8fc5ceb1401c6db,0.124,,,
715,2026-05-13,SH600803,0.042216242241274154,EXP_DEnsembleModel_Alpha158_csi300_custom_step0_s_20260513_15,9c2edad08d994cf1a8fc5ceb1401c6db,0.124,,,
716,2026-05-13,SH600519,-0.14242433292367238,EXP_DEnsembleModel_Alpha158_csi300_custom_step0_s_20260513_15,9c2edad08d994cf1a8fc5ceb1401c6db,0.124,,,
717,2026-05-13,SH600547,-0.0227245540191434,EXP_DEnsembleModel_Alpha158_csi300_custom_step0_s_20260513_15,9c2edad08d994cf1a8fc5ceb1401c6db,0.124,,,
718,2026-05-13,SH600570,0.08993174477594353,EXP_DEnsembleModel_Alpha158_csi300_custom_step0_s_20260513_15,9c2edad08d994cf1a8fc5ceb1401c6db,0.124,,,
719,2026-05-13,SH600584,0.18163686309525862,EXP_DEnsembleModel_Alpha158_csi300_custom_step0_s_20260513_15,9c2edad08d994cf1a8fc5ceb1401c6db,0.124,,,
720,2026-05-13,SH600585,-0.136163521066246,EXP_DEnsembleModel_Alpha158_csi300_custom_step0_s_20260513_15,9c2edad08d994cf1a8fc5ceb1401c6db,0.124,,,
721,2026-05-13,SH600588,0.09482758555315146,EXP_DEnsembleModel_Alpha158_csi300_custom_step0_s_20260513_15,9c2edad08d994cf1a8fc5ceb1401c6db,0.124,,,
722,2026-05-13,SH600600,-0.09230101844400523,EXP_DEnsembleModel_Alpha158_csi300_custom_step0_s_20260513_15,9c2edad08d994cf1a8fc5ceb1401c6db,0.124,,,
723,2026-05-13,SH600660,-0.02889647468524627,EXP_DEnsembleModel_Alpha158_csi300_custom_step0_s_20260513_15,9c2edad08d994cf1a8fc5ceb1401c6db,0.124,,,
724,2026-05-13,SH600674,0.04152107813053834,EXP_DEnsembleModel_Alpha158_csi300_custom_step0_s_20260513_15,9c2edad08d994cf1a8fc5ceb1401c6db,0.124,,,
725,2026-05-13,SH600690,-0.08813849879684707,EXP_DEnsembleModel_Alpha158_csi300_custom_step0_s_20260513_15,9c2edad08d994cf1a8fc5ceb1401c6db,0.124,,,
726,2026-05-13,SH600741,-0.06888570995463553,EXP_DEnsembleModel_Alpha158_csi300_custom_step0_s_20260513_15,9c2edad08d994cf1a8fc5ceb1401c6db,0.124,,,
727,2026-05-13,SH600760,-0.13173299902291447,EXP_DEnsembleModel_Alpha158_csi300_custom_step0_s_20260513_15,9c2edad08d994cf1a8fc5ceb1401c6db,0.124,,,
728,2026-05-13,SH600522,0.36866965512518324,EXP_DEnsembleModel_Alpha158_csi300_custom_step0_s_20260513_15,9c2edad08d994cf1a8fc5ceb1401c6db,0.124,,,
729,2026-05-13,SH600362,0.018489931150399114,EXP_DEnsembleModel_Alpha158_csi300_custom_step0_s_20260513_15,9c2edad08d994cf1a8fc5ceb1401c6db,0.124,,,
730,2026-05-13,SH601100,0.059206726611465185,EXP_DEnsembleModel_Alpha158_csi300_custom_step0_s_20260513_15,9c2edad08d994cf1a8fc5ceb1401c6db,0.124,,,
731,2026-05-13,SH601117,-0.032175173827084354,EXP_DEnsembleModel_Alpha158_csi300_custom_step0_s_20260513_15,9c2edad08d994cf1a8fc5ceb1401c6db,0.124,,,
732,2026-05-13,SH601658,-0.025372029868545982,EXP_DEnsembleModel_Alpha158_csi300_custom_step0_s_20260513_15,9c2edad08d994cf1a8fc5ceb1401c6db,0.124,,,
733,2026-05-13,SH601668,-0.0898039958935483,EXP_DEnsembleModel_Alpha158_csi300_custom_step0_s_20260513_15,9c2edad08d994cf1a8fc5ceb1401c6db,0.124,,,
734,2026-05-13,SH601669,0.12131762489680736,EXP_DEnsembleModel_Alpha158_csi300_custom_step0_s_20260513_15,9c2edad08d994cf1a8fc5ceb1401c6db,0.124,,,
735,2026-05-13,SH601688,0.027835527116849456,EXP_DEnsembleModel_Alpha158_csi300_custom_step0_s_20260513_15,9c2edad08d994cf1a8fc5ceb1401c6db,0.124,,,
736,2026-05-13,SH601689,0.18450853673408174,EXP_DEnsembleModel_Alpha158_csi300_custom_step0_s_20260513_15,9c2edad08d994cf1a8fc5ceb1401c6db,0.124,,,
737,2026-05-13,SH601698,0.0027129806555503287,EXP_DEnsembleModel_Alpha158_csi300_custom_step0_s_20260513_15,9c2edad08d994cf1a8fc5ceb1401c6db,0.124,,,
738,2026-05-13,SH601728,0.036936813628029974,EXP_DEnsembleModel_Alpha158_csi300_custom_step0_s_20260513_15,9c2edad08d994cf1a8fc5ceb1401c6db,0.124,,,
739,2026-05-13,SH601766,-0.12822480413528548,EXP_DEnsembleModel_Alpha158_csi300_custom_step0_s_20260513_15,9c2edad08d994cf1a8fc5ceb1401c6db,0.124,,,
740,2026-05-13,SH601788,-0.02584455102554752,EXP_DEnsembleModel_Alpha158_csi300_custom_step0_s_20260513_15,9c2edad08d994cf1a8fc5ceb1401c6db,0.124,,,
741,2026-05-13,SH601800,-0.09923755430461907,EXP_DEnsembleModel_Alpha158_csi300_custom_step0_s_20260513_15,9c2edad08d994cf1a8fc5ceb1401c6db,0.124,,,
742,2026-05-13,SH601808,-0.05508629311692936,EXP_DEnsembleModel_Alpha158_csi300_custom_step0_s_20260513_15,9c2edad08d994cf1a8fc5ceb1401c6db,0.124,,,
743,2026-05-13,SH601633,-0.13395771290867606,EXP_DEnsembleModel_Alpha158_csi300_custom_step0_s_20260513_15,9c2edad08d994cf1a8fc5ceb1401c6db,0.124,,,
744,2026-05-13,SH601816,-0.1252101222094517,EXP_DEnsembleModel_Alpha158_csi300_custom_step0_s_20260513_15,9c2edad08d994cf1a8fc5ceb1401c6db,0.124,,,
745,2026-05-13,SH601825,-0.05308221754667652,EXP_DEnsembleModel_Alpha158_csi300_custom_step0_s_20260513_15,9c2edad08d994cf1a8fc5ceb1401c6db,0.124,,,
746,2026-05-13,SH601838,0.12474596142594081,EXP_DEnsembleModel_Alpha158_csi300_custom_step0_s_20260513_15,9c2edad08d994cf1a8fc5ceb1401c6db,0.124,,,
747,2026-05-13,SH601857,-0.0032479746840037497,EXP_DEnsembleModel_Alpha158_csi300_custom_step0_s_20260513_15,9c2edad08d994cf1a8fc5ceb1401c6db,0.124,,,
748,2026-05-13,SH601868,0.19864994627997054,EXP_DEnsembleModel_Alpha158_csi300_custom_step0_s_20260513_15,9c2edad08d994cf1a8fc5ceb1401c6db,0.124,,,
749,2026-05-13,SH601872,-0.008190970177144615,EXP_DEnsembleModel_Alpha158_csi300_custom_step0_s_20260513_15,9c2edad08d994cf1a8fc5ceb1401c6db,0.124,,,
750,2026-05-13,SH601877,0.15067172967225645,EXP_DEnsembleModel_Alpha158_csi300_custom_step0_s_20260513_15,9c2edad08d994cf1a8fc5ceb1401c6db,0.124,,,
751,2026-05-13,SH601878,0.026259734634074137,EXP_DEnsembleModel_Alpha158_csi300_custom_step0_s_20260513_15,9c2edad08d994cf1a8fc5ceb1401c6db,0.124,,,
752,2026-05-13,SH601881,0.02919670773152856,EXP_DEnsembleModel_Alpha158_csi300_custom_step0_s_20260513_15,9c2edad08d994cf1a8fc5ceb1401c6db,0.124,,,
753,2026-05-13,SH601888,-0.03673282351171153,EXP_DEnsembleModel_Alpha158_csi300_custom_step0_s_20260513_15,9c2edad08d994cf1a8fc5ceb1401c6db,0.124,,,
754,2026-05-13,SH601898,0.08847626265051252,EXP_DEnsembleModel_Alpha158_csi300_custom_step0_s_20260513_15,9c2edad08d994cf1a8fc5ceb1401c6db,0.124,,,
755,2026-05-13,SH601899,0.05280845933586679,EXP_DEnsembleModel_Alpha158_csi300_custom_step0_s_20260513_15,9c2edad08d994cf1a8fc5ceb1401c6db,0.124,,,
756,2026-05-13,SH601818,-0.1174110493084659,EXP_DEnsembleModel_Alpha158_csi300_custom_step0_s_20260513_15,9c2edad08d994cf1a8fc5ceb1401c6db,0.124,,,
757,2026-05-13,SH601111,0.006010274548564224,EXP_DEnsembleModel_Alpha158_csi300_custom_step0_s_20260513_15,9c2edad08d994cf1a8fc5ceb1401c6db,0.124,,,
758,2026-05-13,SH601628,-0.024337265781521858,EXP_DEnsembleModel_Alpha158_csi300_custom_step0_s_20260513_15,9c2edad08d994cf1a8fc5ceb1401c6db,0.124,,,
759,2026-05-13,SH601607,-0.07299508465553593,EXP_DEnsembleModel_Alpha158_csi300_custom_step0_s_20260513_15,9c2edad08d994cf1a8fc5ceb1401c6db,0.124,,,
760,2026-05-13,SH601127,0.08132296401635199,EXP_DEnsembleModel_Alpha158_csi300_custom_step0_s_20260513_15,9c2edad08d994cf1a8fc5ceb1401c6db,0.124,,,
761,2026-05-13,SH601136,0.029915852206400896,EXP_DEnsembleModel_Alpha158_csi300_custom_step0_s_20260513_15,9c2edad08d994cf1a8fc5ceb1401c6db,0.124,,,
762,2026-05-13,SH601138,0.2916287839235664,EXP_DEnsembleModel_Alpha158_csi300_custom_step0_s_20260513_15,9c2edad08d994cf1a8fc5ceb1401c6db,0.124,,,
763,2026-05-13,SH601166,-0.12718350046665844,EXP_DEnsembleModel_Alpha158_csi300_custom_step0_s_20260513_15,9c2edad08d994cf1a8fc5ceb1401c6db,0.124,,,
764,2026-05-13,SH601169,-0.06000970752899566,EXP_DEnsembleModel_Alpha158_csi300_custom_step0_s_20260513_15,9c2edad08d994cf1a8fc5ceb1401c6db,0.124,,,
765,2026-05-13,SH601186,-0.07387431261606553,EXP_DEnsembleModel_Alpha158_csi300_custom_step0_s_20260513_15,9c2edad08d994cf1a8fc5ceb1401c6db,0.124,,,
766,2026-05-13,SH601211,0.05177878268303402,EXP_DEnsembleModel_Alpha158_csi300_custom_step0_s_20260513_15,9c2edad08d994cf1a8fc5ceb1401c6db,0.124,,,
767,2026-05-13,SH601225,-0.0331651023553464,EXP_DEnsembleModel_Alpha158_csi300_custom_step0_s_20260513_15,9c2edad08d994cf1a8fc5ceb1401c6db,0.124,,,
768,2026-05-13,SH601229,-0.03538654671708982,EXP_DEnsembleModel_Alpha158_csi300_custom_step0_s_20260513_15,9c2edad08d994cf1a8fc5ceb1401c6db,0.124,,,
769,2026-05-13,SH601236,-0.12408906924954942,EXP_DEnsembleModel_Alpha158_csi300_custom_step0_s_20260513_15,9c2edad08d994cf1a8fc5ceb1401c6db,0.124,,,
770,2026-05-13,SH601238,0.08116530593324714,EXP_DEnsembleModel_Alpha158_csi300_custom_step0_s_20260513_15,9c2edad08d994cf1a8fc5ceb1401c6db,0.124,,,
771,2026-05-13,SH601618,-0.027435444024131013,EXP_DEnsembleModel_Alpha158_csi300_custom_step0_s_20260513_15,9c2edad08d994cf1a8fc5ceb1401c6db,0.124,,,
772,2026-05-13,SH601288,-0.02842965671889467,EXP_DEnsembleModel_Alpha158_csi300_custom_step0_s_20260513_15,9c2edad08d994cf1a8fc5ceb1401c6db,0.124,,,
773,2026-05-13,SH601318,-0.03470561243288018,EXP_DEnsembleModel_Alpha158_csi300_custom_step0_s_20260513_15,9c2edad08d994cf1a8fc5ceb1401c6db,0.124,,,
774,2026-05-13,SH601319,0.03430680273124721,EXP_DEnsembleModel_Alpha158_csi300_custom_step0_s_20260513_15,9c2edad08d994cf1a8fc5ceb1401c6db,0.124,,,
775,2026-05-13,SH601328,-0.13025654250143495,EXP_DEnsembleModel_Alpha158_csi300_custom_step0_s_20260513_15,9c2edad08d994cf1a8fc5ceb1401c6db,0.124,,,
776,2026-05-13,SH601336,0.05165596938723602,EXP_DEnsembleModel_Alpha158_csi300_custom_step0_s_20260513_15,9c2edad08d994cf1a8fc5ceb1401c6db,0.124,,,
777,2026-05-13,SH601360,0.07656479213868445,EXP_DEnsembleModel_Alpha158_csi300_custom_step0_s_20260513_15,9c2edad08d994cf1a8fc5ceb1401c6db,0.124,,,
778,2026-05-13,SH601377,0.04347858232325046,EXP_DEnsembleModel_Alpha158_csi300_custom_step0_s_20260513_15,9c2edad08d994cf1a8fc5ceb1401c6db,0.124,,,
779,2026-05-13,SH601390,-0.09497087259733679,EXP_DEnsembleModel_Alpha158_csi300_custom_step0_s_20260513_15,9c2edad08d994cf1a8fc5ceb1401c6db,0.124,,,
780,2026-05-13,SH601398,-0.10829354034040743,EXP_DEnsembleModel_Alpha158_csi300_custom_step0_s_20260513_15,9c2edad08d994cf1a8fc5ceb1401c6db,0.124,,,
781,2026-05-13,SH601456,0.07507618138483353,EXP_DEnsembleModel_Alpha158_csi300_custom_step0_s_20260513_15,9c2edad08d994cf1a8fc5ceb1401c6db,0.124,,,
782,2026-05-13,SH601600,-0.04549773458562785,EXP_DEnsembleModel_Alpha158_csi300_custom_step0_s_20260513_15,9c2edad08d994cf1a8fc5ceb1401c6db,0.124,,,
783,2026-05-13,SH601601,-0.0001432578264575304,EXP_DEnsembleModel_Alpha158_csi300_custom_step0_s_20260513_15,9c2edad08d994cf1a8fc5ceb1401c6db,0.124,,,
784,2026-05-13,SH601298,0.02235442160853933,EXP_DEnsembleModel_Alpha158_csi300_custom_step0_s_20260513_15,9c2edad08d994cf1a8fc5ceb1401c6db,0.124,,,
785,2026-05-13,SH600346,0.03422242543759719,EXP_DEnsembleModel_Alpha158_csi300_custom_step0_s_20260513_15,9c2edad08d994cf1a8fc5ceb1401c6db,0.124,,,
786,2026-05-13,SH600309,-0.03240234919391374,EXP_DEnsembleModel_Alpha158_csi300_custom_step0_s_20260513_15,9c2edad08d994cf1a8fc5ceb1401c6db,0.124,,,
787,2026-05-13,SH600276,-0.026272092011588543,EXP_DEnsembleModel_Alpha158_csi300_custom_step0_s_20260513_15,9c2edad08d994cf1a8fc5ceb1401c6db,0.124,,,
788,2026-05-13,SZ002601,-0.10832624511130616,EXP_DEnsembleModel_Alpha158_csi300_custom_step0_s_20260513_15,32147420af0c4431a959369843c9a039,0.008,,,
789,2026-05-13,SZ002625,-0.05650369300589759,EXP_DEnsembleModel_Alpha158_csi300_custom_step0_s_20260513_15,32147420af0c4431a959369843c9a039,0.008,,,
790,2026-05-13,SZ002648,-0.1035708556660385,EXP_DEnsembleModel_Alpha158_csi300_custom_step0_s_20260513_15,32147420af0c4431a959369843c9a039,0.008,,,
791,2026-05-13,SZ002709,0.21614509822660977,EXP_DEnsembleModel_Alpha158_csi300_custom_step0_s_20260513_15,32147420af0c4431a959369843c9a039,0.008,,,
792,2026-05-13,SZ002714,-0.04328850595029308,EXP_DEnsembleModel_Alpha158_csi300_custom_step0_s_20260513_15,32147420af0c4431a959369843c9a039,0.008,,,
793,2026-05-13,SZ002736,-0.006380115832888259,EXP_DEnsembleModel_Alpha158_csi300_custom_step0_s_20260513_15,32147420af0c4431a959369843c9a039,0.008,,,
794,2026-05-13,SZ002916,-0.02136107357565049,EXP_DEnsembleModel_Alpha158_csi300_custom_step0_s_20260513_15,32147420af0c4431a959369843c9a039,0.008,,,
795,2026-05-13,SZ002920,-0.06060946086036333,EXP_DEnsembleModel_Alpha158_csi300_custom_step0_s_20260513_15,32147420af0c4431a959369843c9a039,0.008,,,
796,2026-05-13,SZ002938,-0.0651446236622274,EXP_DEnsembleModel_Alpha158_csi300_custom_step0_s_20260513_15,32147420af0c4431a959369843c9a039,0.008,,,
797,2026-05-13,SZ003816,-0.055306836523471896,EXP_DEnsembleModel_Alpha158_csi300_custom_step0_s_20260513_15,32147420af0c4431a959369843c9a039,0.008,,,
798,2026-05-13,SZ300014,-0.012743182247949451,EXP_DEnsembleModel_Alpha158_csi300_custom_step0_s_20260513_15,32147420af0c4431a959369843c9a039,0.008,,,
799,2026-05-13,SZ002600,0.020654083426912998,EXP_DEnsembleModel_Alpha158_csi300_custom_step0_s_20260513_15,32147420af0c4431a959369843c9a039,0.008,,,
800,2026-05-13,SZ300015,-0.038644051335248834,EXP_DEnsembleModel_Alpha158_csi300_custom_step0_s_20260513_15,32147420af0c4431a959369843c9a039,0.008,,,
801,2026-05-13,SZ300059,0.0504079341428985,EXP_DEnsembleModel_Alpha158_csi300_custom_step0_s_20260513_15,32147420af0c4431a959369843c9a039,0.008,,,
802,2026-05-13,SZ300122,-0.06847345514910887,EXP_DEnsembleModel_Alpha158_csi300_custom_step0_s_20260513_15,32147420af0c4431a959369843c9a039,0.008,,,
803,2026-05-13,SZ300124,-0.14155684212334346,EXP_DEnsembleModel_Alpha158_csi300_custom_step0_s_20260513_15,32147420af0c4431a959369843c9a039,0.008,,,
804,2026-05-13,SZ300251,-0.033590209039149076,EXP_DEnsembleModel_Alpha158_csi300_custom_step0_s_20260513_15,32147420af0c4431a959369843c9a039,0.008,,,
805,2026-05-13,SZ300274,-0.07618109570728013,EXP_DEnsembleModel_Alpha158_csi300_custom_step0_s_20260513_15,32147420af0c4431a959369843c9a039,0.008,,,
806,2026-05-13,SZ300308,-0.10570760655166414,EXP_DEnsembleModel_Alpha158_csi300_custom_step0_s_20260513_15,32147420af0c4431a959369843c9a039,0.008,,,
807,2026-05-13,SZ300316,0.1487425460628257,EXP_DEnsembleModel_Alpha158_csi300_custom_step0_s_20260513_15,32147420af0c4431a959369843c9a039,0.008,,,
808,2026-05-13,SZ300347,0.09675702812052697,EXP_DEnsembleModel_Alpha158_csi300_custom_step0_s_20260513_15,32147420af0c4431a959369843c9a039,0.008,,,
809,2026-05-13,SZ300394,0.047257466842198885,EXP_DEnsembleModel_Alpha158_csi300_custom_step0_s_20260513_15,32147420af0c4431a959369843c9a039,0.008,,,
810,2026-05-13,SZ300408,-0.010209775080516893,EXP_DEnsembleModel_Alpha158_csi300_custom_step0_s_20260513_15,32147420af0c4431a959369843c9a039,0.008,,,
811,2026-05-13,SZ300413,0.09780635769121515,EXP_DEnsembleModel_Alpha158_csi300_custom_step0_s_20260513_15,32147420af0c4431a959369843c9a039,0.008,,,
812,2026-05-13,SZ300033,-0.0429361891131809,EXP_DEnsembleModel_Alpha158_csi300_custom_step0_s_20260513_15,32147420af0c4431a959369843c9a039,0.008,,,
813,2026-05-13,SZ300418,-0.08825619038207716,EXP_DEnsembleModel_Alpha158_csi300_custom_step0_s_20260513_15,32147420af0c4431a959369843c9a039,0.008,,,
814,2026-05-13,SZ002594,-0.048018043937426425,EXP_DEnsembleModel_Alpha158_csi300_custom_step0_s_20260513_15,32147420af0c4431a959369843c9a039,0.008,,,
815,2026-05-13,SZ002475,0.14459465150983225,EXP_DEnsembleModel_Alpha158_csi300_custom_step0_s_20260513_15,32147420af0c4431a959369843c9a039,0.008,,,
816,2026-05-13,SZ001979,-0.1540848754186771,EXP_DEnsembleModel_Alpha158_csi300_custom_step0_s_20260513_15,32147420af0c4431a959369843c9a039,0.008,,,
817,2026-05-13,SZ002001,0.029705168068075508,EXP_DEnsembleModel_Alpha158_csi300_custom_step0_s_20260513_15,32147420af0c4431a959369843c9a039,0.008,,,
818,2026-05-13,SZ002027,0.001414377572703093,EXP_DEnsembleModel_Alpha158_csi300_custom_step0_s_20260513_15,32147420af0c4431a959369843c9a039,0.008,,,
819,2026-05-13,SZ002028,-0.061811941333837155,EXP_DEnsembleModel_Alpha158_csi300_custom_step0_s_20260513_15,32147420af0c4431a959369843c9a039,0.008,,,
820,2026-05-13,SZ002049,0.032989923064260566,EXP_DEnsembleModel_Alpha158_csi300_custom_step0_s_20260513_15,32147420af0c4431a959369843c9a039,0.008,,,
821,2026-05-13,SZ002050,-0.10609316634002362,EXP_DEnsembleModel_Alpha158_csi300_custom_step0_s_20260513_15,32147420af0c4431a959369843c9a039,0.008,,,
822,2026-05-13,SZ002074,0.079413665333887,EXP_DEnsembleModel_Alpha158_csi300_custom_step0_s_20260513_15,32147420af0c4431a959369843c9a039,0.008,,,
823,2026-05-13,SZ002142,0.041434928320216564,EXP_DEnsembleModel_Alpha158_csi300_custom_step0_s_20260513_15,32147420af0c4431a959369843c9a039,0.008,,,
824,2026-05-13,SZ002179,0.08320979284371662,EXP_DEnsembleModel_Alpha158_csi300_custom_step0_s_20260513_15,32147420af0c4431a959369843c9a039,0.008,,,
825,2026-05-13,SZ002230,0.03990590343577501,EXP_DEnsembleModel_Alpha158_csi300_custom_step0_s_20260513_15,32147420af0c4431a959369843c9a039,0.008,,,
826,2026-05-13,SZ002236,-0.03617805003101028,EXP_DEnsembleModel_Alpha158_csi300_custom_step0_s_20260513_15,32147420af0c4431a959369843c9a039,0.008,,,
827,2026-05-13,SZ002493,-0.032669784762143536,EXP_DEnsembleModel_Alpha158_csi300_custom_step0_s_20260513_15,32147420af0c4431a959369843c9a039,0.008,,,
828,2026-05-13,SZ002241,0.05260498486273038,EXP_DEnsembleModel_Alpha158_csi300_custom_step0_s_20260513_15,32147420af0c4431a959369843c9a039,0.008,,,
829,2026-05-13,SZ002304,-0.016452703680751753,EXP_DEnsembleModel_Alpha158_csi300_custom_step0_s_20260513_15,32147420af0c4431a959369843c9a039,0.008,,,
830,2026-05-13,SZ002311,-0.025703673727740396,EXP_DEnsembleModel_Alpha158_csi300_custom_step0_s_20260513_15,32147420af0c4431a959369843c9a039,0.008,,,
831,2026-05-13,SZ002352,0.030022243036613893,EXP_DEnsembleModel_Alpha158_csi300_custom_step0_s_20260513_15,32147420af0c4431a959369843c9a039,0.008,,,
832,2026-05-13,SZ002371,-0.039935922415849916,EXP_DEnsembleModel_Alpha158_csi300_custom_step0_s_20260513_15,32147420af0c4431a959369843c9a039,0.008,,,
833,2026-05-13,SZ002384,0.051470233785201595,EXP_DEnsembleModel_Alpha158_csi300_custom_step0_s_20260513_15,32147420af0c4431a959369843c9a039,0.008,,,
834,2026-05-13,SZ002415,0.0908773524566118,EXP_DEnsembleModel_Alpha158_csi300_custom_step0_s_20260513_15,32147420af0c4431a959369843c9a039,0.008,,,
835,2026-05-13,SZ002422,0.054607812512585174,EXP_DEnsembleModel_Alpha158_csi300_custom_step0_s_20260513_15,32147420af0c4431a959369843c9a039,0.008,,,
836,2026-05-13,SZ002459,-0.1137097200132792,EXP_DEnsembleModel_Alpha158_csi300_custom_step0_s_20260513_15,32147420af0c4431a959369843c9a039,0.008,,,
837,2026-05-13,SZ002460,0.044432254968737796,EXP_DEnsembleModel_Alpha158_csi300_custom_step0_s_20260513_15,32147420af0c4431a959369843c9a039,0.008,,,
838,2026-05-13,SZ002463,0.017367618878729753,EXP_DEnsembleModel_Alpha158_csi300_custom_step0_s_20260513_15,32147420af0c4431a959369843c9a039,0.008,,,
839,2026-05-13,SZ002466,0.28086166218611364,EXP_DEnsembleModel_Alpha158_csi300_custom_step0_s_20260513_15,32147420af0c4431a959369843c9a039,0.008,,,
840,2026-05-13,SZ002252,0.01677880809209553,EXP_DEnsembleModel_Alpha158_csi300_custom_step0_s_20260513_15,32147420af0c4431a959369843c9a039,0.008,,,
841,2026-05-13,SZ300433,-0.012247755256869816,EXP_DEnsembleModel_Alpha158_csi300_custom_step0_s_20260513_15,32147420af0c4431a959369843c9a039,0.008,,,
842,2026-05-13,SZ300442,0.18867126897349226,EXP_DEnsembleModel_Alpha158_csi300_custom_step0_s_20260513_15,32147420af0c4431a959369843c9a039,0.008,,,
843,2026-05-13,SZ300476,-0.03709104752683212,EXP_DEnsembleModel_Alpha158_csi300_custom_step0_s_20260513_15,32147420af0c4431a959369843c9a039,0.008,,,
844,2026-05-13,SH600028,-0.10295992400685204,EXP_DEnsembleModel_Alpha158_csi300_custom_step0_s_20260513_15,9c2edad08d994cf1a8fc5ceb1401c6db,0.124,,,
845,2026-05-13,SH600029,0.05238298777623706,EXP_DEnsembleModel_Alpha158_csi300_custom_step0_s_20260513_15,9c2edad08d994cf1a8fc5ceb1401c6db,0.124,,,
846,2026-05-13,SH600030,0.05824095912691906,EXP_DEnsembleModel_Alpha158_csi300_custom_step0_s_20260513_15,9c2edad08d994cf1a8fc5ceb1401c6db,0.124,,,
847,2026-05-13,SH600031,-0.017652364808007647,EXP_DEnsembleModel_Alpha158_csi300_custom_step0_s_20260513_15,9c2edad08d994cf1a8fc5ceb1401c6db,0.124,,,
848,2026-05-13,SH600036,-0.1116014061078495,EXP_DEnsembleModel_Alpha158_csi300_custom_step0_s_20260513_15,9c2edad08d994cf1a8fc5ceb1401c6db,0.124,,,
849,2026-05-13,SH600039,-0.03090724040449918,EXP_DEnsembleModel_Alpha158_csi300_custom_step0_s_20260513_15,9c2edad08d994cf1a8fc5ceb1401c6db,0.124,,,
850,2026-05-13,SH600048,-0.04139843130013712,EXP_DEnsembleModel_Alpha158_csi300_custom_step0_s_20260513_15,9c2edad08d994cf1a8fc5ceb1401c6db,0.124,,,
851,2026-05-13,SH600050,-0.034850383877597584,EXP_DEnsembleModel_Alpha158_csi300_custom_step0_s_20260513_15,9c2edad08d994cf1a8fc5ceb1401c6db,0.124,,,
852,2026-05-13,SH600061,-0.06248460940428898,EXP_DEnsembleModel_Alpha158_csi300_custom_step0_s_20260513_15,9c2edad08d994cf1a8fc5ceb1401c6db,0.124,,,
853,2026-05-13,SH600066,0.018616283573459597,EXP_DEnsembleModel_Alpha158_csi300_custom_step0_s_20260513_15,9c2edad08d994cf1a8fc5ceb1401c6db,0.124,,,
854,2026-05-13,SH600085,-0.08660861120027219,EXP_DEnsembleModel_Alpha158_csi300_custom_step0_s_20260513_15,9c2edad08d994cf1a8fc5ceb1401c6db,0.124,,,
855,2026-05-13,SH600027,0.012145660160015304,EXP_DEnsembleModel_Alpha158_csi300_custom_step0_s_20260513_15,9c2edad08d994cf1a8fc5ceb1401c6db,0.124,,,
856,2026-05-13,SH600089,0.07170171676617647,EXP_DEnsembleModel_Alpha158_csi300_custom_step0_s_20260513_15,9c2edad08d994cf1a8fc5ceb1401c6db,0.124,,,
857,2026-05-13,SH600111,0.19485485269391992,EXP_DEnsembleModel_Alpha158_csi300_custom_step0_s_20260513_15,9c2edad08d994cf1a8fc5ceb1401c6db,0.124,,,
858,2026-05-13,SH600115,0.04479534750607373,EXP_DEnsembleModel_Alpha158_csi300_custom_step0_s_20260513_15,9c2edad08d994cf1a8fc5ceb1401c6db,0.124,,,
859,2026-05-13,SH600150,0.27550412714245426,EXP_DEnsembleModel_Alpha158_csi300_custom_step0_s_20260513_15,9c2edad08d994cf1a8fc5ceb1401c6db,0.124,,,
860,2026-05-13,SH600160,0.015659101241282603,EXP_DEnsembleModel_Alpha158_csi300_custom_step0_s_20260513_15,9c2edad08d994cf1a8fc5ceb1401c6db,0.124,,,
861,2026-05-13,SH600161,-0.11880946866305689,EXP_DEnsembleModel_Alpha158_csi300_custom_step0_s_20260513_15,9c2edad08d994cf1a8fc5ceb1401c6db,0.124,,,
862,2026-05-13,SH600176,0.22560946253708894,EXP_DEnsembleModel_Alpha158_csi300_custom_step0_s_20260513_15,9c2edad08d994cf1a8fc5ceb1401c6db,0.124,,,
863,2026-05-13,SH600183,0.11269533296261929,EXP_DEnsembleModel_Alpha158_csi300_custom_step0_s_20260513_15,9c2edad08d994cf1a8fc5ceb1401c6db,0.124,,,
864,2026-05-13,SH600188,-0.02958159801373273,EXP_DEnsembleModel_Alpha158_csi300_custom_step0_s_20260513_15,9c2edad08d994cf1a8fc5ceb1401c6db,0.124,,,
865,2026-05-13,SH600196,-0.14551733100930955,EXP_DEnsembleModel_Alpha158_csi300_custom_step0_s_20260513_15,9c2edad08d994cf1a8fc5ceb1401c6db,0.124,,,
866,2026-05-13,SH600219,-0.13090370462158962,EXP_DEnsembleModel_Alpha158_csi300_custom_step0_s_20260513_15,9c2edad08d994cf1a8fc5ceb1401c6db,0.124,,,
867,2026-05-13,SH600233,-0.04193596263379376,EXP_DEnsembleModel_Alpha158_csi300_custom_step0_s_20260513_15,9c2edad08d994cf1a8fc5ceb1401c6db,0.124,,,
868,2026-05-13,SH600104,-0.024472326934379673,EXP_DEnsembleModel_Alpha158_csi300_custom_step0_s_20260513_15,9c2edad08d994cf1a8fc5ceb1401c6db,0.124,,,
869,2026-05-13,SH600026,-0.06724002758916026,EXP_DEnsembleModel_Alpha158_csi300_custom_step0_s_20260513_15,9c2edad08d994cf1a8fc5ceb1401c6db,0.124,,,
870,2026-05-13,SH600025,0.018006763956663903,EXP_DEnsembleModel_Alpha158_csi300_custom_step0_s_20260513_15,9c2edad08d994cf1a8fc5ceb1401c6db,0.124,,,
871,2026-05-13,SH600023,0.02705589813860063,EXP_DEnsembleModel_Alpha158_csi300_custom_step0_s_20260513_15,9c2edad08d994cf1a8fc5ceb1401c6db,0.124,,,
872,2026-05-13,SZ300498,-0.1224763561232982,EXP_DEnsembleModel_Alpha158_csi300_custom_step0_s_20260513_15,32147420af0c4431a959369843c9a039,0.008,,,
873,2026-05-13,SZ300502,-0.03577627036514416,EXP_DEnsembleModel_Alpha158_csi300_custom_step0_s_20260513_15,32147420af0c4431a959369843c9a039,0.008,,,
874,2026-05-13,SZ300628,0.0432843061985792,EXP_DEnsembleModel_Alpha158_csi300_custom_step0_s_20260513_15,32147420af0c4431a959369843c9a039,0.008,,,
875,2026-05-13,SZ300661,0.1153316959418076,EXP_DEnsembleModel_Alpha158_csi300_custom_step0_s_20260513_15,32147420af0c4431a959369843c9a039,0.008,,,
876,2026-05-13,SZ300750,0.06425269749551571,EXP_DEnsembleModel_Alpha158_csi300_custom_step0_s_20260513_15,32147420af0c4431a959369843c9a039,0.008,,,
877,2026-05-13,SZ300759,0.041035997267513426,EXP_DEnsembleModel_Alpha158_csi300_custom_step0_s_20260513_15,32147420af0c4431a959369843c9a039,0.008,,,
878,2026-05-13,SZ300760,0.08328435269873716,EXP_DEnsembleModel_Alpha158_csi300_custom_step0_s_20260513_15,32147420af0c4431a959369843c9a039,0.008,,,
879,2026-05-13,SZ300782,0.36527480663608763,EXP_DEnsembleModel_Alpha158_csi300_custom_step0_s_20260513_15,32147420af0c4431a959369843c9a039,0.008,,,
880,2026-05-13,SZ300803,-0.10192196114204417,EXP_DEnsembleModel_Alpha158_csi300_custom_step0_s_20260513_15,32147420af0c4431a959369843c9a039,0.008,,,
881,2026-05-13,SZ300832,0.03762691316749993,EXP_DEnsembleModel_Alpha158_csi300_custom_step0_s_20260513_15,32147420af0c4431a959369843c9a039,0.008,,,
882,2026-05-13,SZ300866,0.08562110058657685,EXP_DEnsembleModel_Alpha158_csi300_custom_step0_s_20260513_15,32147420af0c4431a959369843c9a039,0.008,,,
883,2026-05-13,SZ300896,-0.031496123916398125,EXP_DEnsembleModel_Alpha158_csi300_custom_step0_s_20260513_15,32147420af0c4431a959369843c9a039,0.008,,,
884,2026-05-13,SZ300979,-0.007509367943748631,EXP_DEnsembleModel_Alpha158_csi300_custom_step0_s_20260513_15,32147420af0c4431a959369843c9a039,0.008,,,
885,2026-05-13,SZ300999,0.039436270230497485,EXP_DEnsembleModel_Alpha158_csi300_custom_step0_s_20260513_15,32147420af0c4431a959369843c9a039,0.008,,,
886,2026-05-13,SZ301236,-0.07422284144795735,EXP_DEnsembleModel_Alpha158_csi300_custom_step0_s_20260513_15,32147420af0c4431a959369843c9a039,0.008,,,
887,2026-05-13,SZ301269,-0.04470770014451046,EXP_DEnsembleModel_Alpha158_csi300_custom_step0_s_20260513_15,32147420af0c4431a959369843c9a039,0.008,,,
888,2026-05-13,SZ302132,-0.15564834648869413,EXP_DEnsembleModel_Alpha158_csi300_custom_step0_s_20260513_15,32147420af0c4431a959369843c9a039,0.008,,,
889,2026-05-13,SH600000,-0.0885982406562579,EXP_DEnsembleModel_Alpha158_csi300_custom_step0_s_20260513_15,9c2edad08d994cf1a8fc5ceb1401c6db,0.124,,,
890,2026-05-13,SH600009,-0.09752878872519523,EXP_DEnsembleModel_Alpha158_csi300_custom_step0_s_20260513_15,9c2edad08d994cf1a8fc5ceb1401c6db,0.124,,,
891,2026-05-13,SH600010,0.025714151924080445,EXP_DEnsembleModel_Alpha158_csi300_custom_step0_s_20260513_15,9c2edad08d994cf1a8fc5ceb1401c6db,0.124,,,
892,2026-05-13,SH600011,-0.008052716550287078,EXP_DEnsembleModel_Alpha158_csi300_custom_step0_s_20260513_15,9c2edad08d994cf1a8fc5ceb1401c6db,0.124,,,
893,2026-05-13,SH600015,-0.07593155603987874,EXP_DEnsembleModel_Alpha158_csi300_custom_step0_s_20260513_15,9c2edad08d994cf1a8fc5ceb1401c6db,0.124,,,
894,2026-05-13,SH600016,-0.102002668336923,EXP_DEnsembleModel_Alpha158_csi300_custom_step0_s_20260513_15,9c2edad08d994cf1a8fc5ceb1401c6db,0.124,,,
895,2026-05-13,SH600018,-0.06727479197344459,EXP_DEnsembleModel_Alpha158_csi300_custom_step0_s_20260513_15,9c2edad08d994cf1a8fc5ceb1401c6db,0.124,,,
896,2026-05-13,SH600019,-0.09343049716844515,EXP_DEnsembleModel_Alpha158_csi300_custom_step0_s_20260513_15,9c2edad08d994cf1a8fc5ceb1401c6db,0.124,,,
897,2026-05-13,SZ001391,0.09679109173575315,EXP_DEnsembleModel_Alpha158_csi300_custom_step0_s_20260513_15,32147420af0c4431a959369843c9a039,0.008,,,
898,2026-05-13,SH600009,0.012110878944653508,EXP_DEnsembleModel_Alpha158_csi300_custom_step0_s_20260513_15,32147420af0c4431a959369843c9a039,0.008,,,
899,2026-05-13,SZ302132,-0.10939528048038483,EXP_LinearModel_Alpha158_csi300_custom_step0_s_20260513_15,e4ab2d978b0a48c0b849f3ea34dd5b8f,0.092,,,
900,2026-05-13,SH600009,-0.06237836927175522,EXP_LinearModel_Alpha158_csi300_custom_step0_s_20260513_15,9a9f7606a29c46e5be67fdf4629f07b9,0.082,,,
901,2026-05-13,SZ300866,0.07086482644081116,EXP_LinearModel_Alpha158_csi300_custom_step0_s_20260513_15,c943d4f61fe1404096c354f26af4de5a,0.144,,,
902,2026-05-13,SZ300896,0.05890853330492973,EXP_LinearModel_Alpha158_csi300_custom_step0_s_20260513_15,c943d4f61fe1404096c354f26af4de5a,0.144,,,
903,2026-05-13,SZ300979,-0.15658482909202576,EXP_LinearModel_Alpha158_csi300_custom_step0_s_20260513_15,c943d4f61fe1404096c354f26af4de5a,0.144,,,
904,2026-05-13,SZ300999,0.03881586343050003,EXP_LinearModel_Alpha158_csi300_custom_step0_s_20260513_15,c943d4f61fe1404096c354f26af4de5a,0.144,,,
905,2026-05-13,SZ301236,0.17735503613948822,EXP_LinearModel_Alpha158_csi300_custom_step0_s_20260513_15,c943d4f61fe1404096c354f26af4de5a,0.144,,,
906,2026-05-13,SZ301269,0.07736018300056458,EXP_LinearModel_Alpha158_csi300_custom_step0_s_20260513_15,c943d4f61fe1404096c354f26af4de5a,0.144,,,
907,2026-05-13,SZ302132,-0.056985847651958466,EXP_LinearModel_Alpha158_csi300_custom_step0_s_20260513_15,c943d4f61fe1404096c354f26af4de5a,0.144,,,
908,2026-05-13,SH600000,-0.06109650433063507,EXP_XGBModel_Alpha158_csi300_custom_step0_s_20260513_14,2e725a1498024a7b92dad05cd7eb6453,0.082,,,
909,2026-05-13,SH600009,-0.05220968648791313,EXP_XGBModel_Alpha158_csi300_custom_step0_s_20260513_14,2e725a1498024a7b92dad05cd7eb6453,0.082,,,
910,2026-05-13,SH600010,-0.006303240545094013,EXP_XGBModel_Alpha158_csi300_custom_step0_s_20260513_14,2e725a1498024a7b92dad05cd7eb6453,0.082,,,
911,2026-05-13,SH600011,0.005905391648411751,EXP_XGBModel_Alpha158_csi300_custom_step0_s_20260513_14,2e725a1498024a7b92dad05cd7eb6453,0.082,,,
912,2026-05-13,SZ300832,-0.018678121268749237,EXP_LinearModel_Alpha158_csi300_custom_step0_s_20260513_15,c943d4f61fe1404096c354f26af4de5a,0.144,,,
913,2026-05-13,SH600015,-0.05222726985812187,EXP_XGBModel_Alpha158_csi300_custom_step0_s_20260513_14,2e725a1498024a7b92dad05cd7eb6453,0.082,,,
914,2026-05-13,SH600018,-0.02536369301378727,EXP_XGBModel_Alpha158_csi300_custom_step0_s_20260513_14,2e725a1498024a7b92dad05cd7eb6453,0.082,,,
915,2026-05-13,SH600019,-0.04928307607769966,EXP_XGBModel_Alpha158_csi300_custom_step0_s_20260513_14,2e725a1498024a7b92dad05cd7eb6453,0.082,,,
916,2026-05-13,SH600023,0.02240000292658806,EXP_XGBModel_Alpha158_csi300_custom_step0_s_20260513_14,2e725a1498024a7b92dad05cd7eb6453,0.082,,,
917,2026-05-13,SH600025,-0.017650354653596878,EXP_XGBModel_Alpha158_csi300_custom_step0_s_20260513_14,2e725a1498024a7b92dad05cd7eb6453,0.082,,,
918,2026-05-13,SH600026,0.022269682958722115,EXP_XGBModel_Alpha158_csi300_custom_step0_s_20260513_14,2e725a1498024a7b92dad05cd7eb6453,0.082,,,
919,2026-05-13,SH600027,-0.09108904749155045,EXP_XGBModel_Alpha158_csi300_custom_step0_s_20260513_14,2e725a1498024a7b92dad05cd7eb6453,0.082,,,
920,2026-05-13,SH600028,0.015598900616168976,EXP_XGBModel_Alpha158_csi300_custom_step0_s_20260513_14,2e725a1498024a7b92dad05cd7eb6453,0.082,,,
921,2026-05-13,SH600029,0.010967706330120564,EXP_XGBModel_Alpha158_csi300_custom_step0_s_20260513_14,2e725a1498024a7b92dad05cd7eb6453,0.082,,,
922,2026-05-13,SH600030,0.019230714067816734,EXP_XGBModel_Alpha158_csi300_custom_step0_s_20260513_14,2e725a1498024a7b92dad05cd7eb6453,0.082,,,
923,2026-05-13,SH600031,-0.010001646354794502,EXP_XGBModel_Alpha158_csi300_custom_step0_s_20260513_14,2e725a1498024a7b92dad05cd7eb6453,0.082,,,
924,2026-05-13,SH600036,-0.05643405392765999,EXP_XGBModel_Alpha158_csi300_custom_step0_s_20260513_14,2e725a1498024a7b92dad05cd7eb6453,0.082,,,
925,2026-05-13,SH600016,-0.05414796993136406,EXP_XGBModel_Alpha158_csi300_custom_step0_s_20260513_14,2e725a1498024a7b92dad05cd7eb6453,0.082,,,
926,2026-05-13,SH600039,0.08774229139089584,EXP_XGBModel_Alpha158_csi300_custom_step0_s_20260513_14,2e725a1498024a7b92dad05cd7eb6453,0.082,,,
927,2026-05-13,SZ300803,-0.012254960834980011,EXP_LinearModel_Alpha158_csi300_custom_step0_s_20260513_15,c943d4f61fe1404096c354f26af4de5a,0.144,,,
928,2026-05-13,SZ300760,-0.012242254801094532,EXP_LinearModel_Alpha158_csi300_custom_step0_s_20260513_15,c943d4f61fe1404096c354f26af4de5a,0.144,,,
929,2026-05-13,SZ300014,0.2538239359855652,EXP_LinearModel_Alpha158_csi300_custom_step0_s_20260513_15,c943d4f61fe1404096c354f26af4de5a,0.144,,,
930,2026-05-13,SZ300015,0.027327902615070343,EXP_LinearModel_Alpha158_csi300_custom_step0_s_20260513_15,c943d4f61fe1404096c354f26af4de5a,0.144,,,
931,2026-05-13,SZ300033,0.11374514549970627,EXP_LinearModel_Alpha158_csi300_custom_step0_s_20260513_15,c943d4f61fe1404096c354f26af4de5a,0.144,,,
932,2026-05-13,SZ300059,-0.003181600943207741,EXP_LinearModel_Alpha158_csi300_custom_step0_s_20260513_15,c943d4f61fe1404096c354f26af4de5a,0.144,,,
933,2026-05-13,SZ300122,-0.07267529517412186,EXP_LinearModel_Alpha158_csi300_custom_step0_s_20260513_15,c943d4f61fe1404096c354f26af4de5a,0.144,,,
934,2026-05-13,SZ300124,0.03359079360961914,EXP_LinearModel_Alpha158_csi300_custom_step0_s_20260513_15,c943d4f61fe1404096c354f26af4de5a,0.144,,,
935,2026-05-13,SZ300251,0.15057286620140076,EXP_LinearModel_Alpha158_csi300_custom_step0_s_20260513_15,c943d4f61fe1404096c354f26af4de5a,0.144,,,
936,2026-05-13,SZ300274,0.07030314952135086,EXP_LinearModel_Alpha158_csi300_custom_step0_s_20260513_15,c943d4f61fe1404096c354f26af4de5a,0.144,,,
937,2026-05-13,SZ300308,0.21270349621772766,EXP_LinearModel_Alpha158_csi300_custom_step0_s_20260513_15,c943d4f61fe1404096c354f26af4de5a,0.144,,,
938,2026-05-13,SZ300316,0.041282013058662415,EXP_LinearModel_Alpha158_csi300_custom_step0_s_20260513_15,c943d4f61fe1404096c354f26af4de5a,0.144,,,
939,2026-05-13,SZ300347,0.12127876281738281,EXP_LinearModel_Alpha158_csi300_custom_step0_s_20260513_15,c943d4f61fe1404096c354f26af4de5a,0.144,,,
940,2026-05-13,SZ300782,0.04658302664756775,EXP_LinearModel_Alpha158_csi300_custom_step0_s_20260513_15,c943d4f61fe1404096c354f26af4de5a,0.144,,,
941,2026-05-13,SZ300394,0.03510430455207825,EXP_LinearModel_Alpha158_csi300_custom_step0_s_20260513_15,c943d4f61fe1404096c354f26af4de5a,0.144,,,
942,2026-05-13,SZ300413,0.02034694328904152,EXP_LinearModel_Alpha158_csi300_custom_step0_s_20260513_15,c943d4f61fe1404096c354f26af4de5a,0.144,,,
943,2026-05-13,SZ300418,0.01644756644964218,EXP_LinearModel_Alpha158_csi300_custom_step0_s_20260513_15,c943d4f61fe1404096c354f26af4de5a,0.144,,,
944,2026-05-13,SZ300433,-0.0396241769194603,EXP_LinearModel_Alpha158_csi300_custom_step0_s_20260513_15,c943d4f61fe1404096c354f26af4de5a,0.144,,,
945,2026-05-13,SZ300442,0.2361057847738266,EXP_LinearModel_Alpha158_csi300_custom_step0_s_20260513_15,c943d4f61fe1404096c354f26af4de5a,0.144,,,
946,2026-05-13,SZ300476,0.15902595221996307,EXP_LinearModel_Alpha158_csi300_custom_step0_s_20260513_15,c943d4f61fe1404096c354f26af4de5a,0.144,,,
947,2026-05-13,SZ300498,-0.01497761532664299,EXP_LinearModel_Alpha158_csi300_custom_step0_s_20260513_15,c943d4f61fe1404096c354f26af4de5a,0.144,,,
948,2026-05-13,SZ300502,0.09879428148269653,EXP_LinearModel_Alpha158_csi300_custom_step0_s_20260513_15,c943d4f61fe1404096c354f26af4de5a,0.144,,,
949,2026-05-13,SZ300628,0.14227305352687836,EXP_LinearModel_Alpha158_csi300_custom_step0_s_20260513_15,c943d4f61fe1404096c354f26af4de5a,0.144,,,
950,2026-05-13,SZ300661,0.0716150626540184,EXP_LinearModel_Alpha158_csi300_custom_step0_s_20260513_15,c943d4f61fe1404096c354f26af4de5a,0.144,,,
951,2026-05-13,SZ300750,0.2312220185995102,EXP_LinearModel_Alpha158_csi300_custom_step0_s_20260513_15,c943d4f61fe1404096c354f26af4de5a,0.144,,,
952,2026-05-13,SZ300759,-0.06388343870639801,EXP_LinearModel_Alpha158_csi300_custom_step0_s_20260513_15,c943d4f61fe1404096c354f26af4de5a,0.144,,,
953,2026-05-13,SZ300408,0.2853109538555145,EXP_LinearModel_Alpha158_csi300_custom_step0_s_20260513_15,c943d4f61fe1404096c354f26af4de5a,0.144,,,
954,2026-05-13,SZ003816,0.07224596291780472,EXP_LinearModel_Alpha158_csi300_custom_step0_s_20260513_15,c943d4f61fe1404096c354f26af4de5a,0.144,,,
955,2026-05-13,SH600048,0.0011139558628201485,EXP_XGBModel_Alpha158_csi300_custom_step0_s_20260513_14,2e725a1498024a7b92dad05cd7eb6453,0.082,,,
956,2026-05-13,SH600061,-0.042329560965299606,EXP_XGBModel_Alpha158_csi300_custom_step0_s_20260513_14,2e725a1498024a7b92dad05cd7eb6453,0.082,,,
957,2026-05-13,SH600489,-0.021180706098675728,EXP_XGBModel_Alpha158_csi300_custom_step0_s_20260513_14,2e725a1498024a7b92dad05cd7eb6453,0.082,,,
958,2026-05-13,SH600515,-0.015061580576002598,EXP_XGBModel_Alpha158_csi300_custom_step0_s_20260513_14,2e725a1498024a7b92dad05cd7eb6453,0.082,,,
959,2026-05-13,SH600519,-0.06934138387441635,EXP_XGBModel_Alpha158_csi300_custom_step0_s_20260513_14,2e725a1498024a7b92dad05cd7eb6453,0.082,,,
960,2026-05-13,SH600522,0.3862486779689789,EXP_XGBModel_Alpha158_csi300_custom_step0_s_20260513_14,2e725a1498024a7b92dad05cd7eb6453,0.082,,,
961,2026-05-13,SH600547,-0.008151151239871979,EXP_XGBModel_Alpha158_csi300_custom_step0_s_20260513_14,2e725a1498024a7b92dad05cd7eb6453,0.082,,,
962,2026-05-13,SH600570,0.05631234496831894,EXP_XGBModel_Alpha158_csi300_custom_step0_s_20260513_14,2e725a1498024a7b92dad05cd7eb6453,0.082,,,
963,2026-05-13,SH600584,-0.14364396035671234,EXP_XGBModel_Alpha158_csi300_custom_step0_s_20260513_14,2e725a1498024a7b92dad05cd7eb6453,0.082,,,
964,2026-05-13,SH600585,-0.05661286786198616,EXP_XGBModel_Alpha158_csi300_custom_step0_s_20260513_14,2e725a1498024a7b92dad05cd7eb6453,0.082,,,
965,2026-05-13,SH600588,0.06363489478826523,EXP_XGBModel_Alpha158_csi300_custom_step0_s_20260513_14,2e725a1498024a7b92dad05cd7eb6453,0.082,,,
966,2026-05-13,SH600600,-0.043680597096681595,EXP_XGBModel_Alpha158_csi300_custom_step0_s_20260513_14,2e725a1498024a7b92dad05cd7eb6453,0.082,,,
967,2026-05-13,SH600660,-0.01282136794179678,EXP_XGBModel_Alpha158_csi300_custom_step0_s_20260513_14,2e725a1498024a7b92dad05cd7eb6453,0.082,,,
968,2026-05-13,SH600482,-0.28732559084892273,EXP_XGBModel_Alpha158_csi300_custom_step0_s_20260513_14,2e725a1498024a7b92dad05cd7eb6453,0.082,,,
969,2026-05-13,SH600674,0.017839841544628143,EXP_XGBModel_Alpha158_csi300_custom_step0_s_20260513_14,2e725a1498024a7b92dad05cd7eb6453,0.082,,,
970,2026-05-13,SH600741,-0.059535201638936996,EXP_XGBModel_Alpha158_csi300_custom_step0_s_20260513_14,2e725a1498024a7b92dad05cd7eb6453,0.082,,,
971,2026-05-13,SH600760,-0.05741957575082779,EXP_XGBModel_Alpha158_csi300_custom_step0_s_20260513_14,2e725a1498024a7b92dad05cd7eb6453,0.082,,,
972,2026-05-13,SH600795,0.009939270094037056,EXP_XGBModel_Alpha158_csi300_custom_step0_s_20260513_14,2e725a1498024a7b92dad05cd7eb6453,0.082,,,
973,2026-05-13,SH600803,-0.00739861698821187,EXP_XGBModel_Alpha158_csi300_custom_step0_s_20260513_14,2e725a1498024a7b92dad05cd7eb6453,0.082,,,
974,2026-05-13,SH600809,-0.01878778450191021,EXP_XGBModel_Alpha158_csi300_custom_step0_s_20260513_14,2e725a1498024a7b92dad05cd7eb6453,0.082,,,
975,2026-05-13,SH600845,0.02287142165005207,EXP_XGBModel_Alpha158_csi300_custom_step0_s_20260513_14,2e725a1498024a7b92dad05cd7eb6453,0.082,,,
976,2026-05-13,SH600875,-0.2235749363899231,EXP_XGBModel_Alpha158_csi300_custom_step0_s_20260513_14,2e725a1498024a7b92dad05cd7eb6453,0.082,,,
977,2026-05-13,SH600886,-0.03577188774943352,EXP_XGBModel_Alpha158_csi300_custom_step0_s_20260513_14,2e725a1498024a7b92dad05cd7eb6453,0.082,,,
978,2026-05-13,SH600887,-0.0009556400473229587,EXP_XGBModel_Alpha158_csi300_custom_step0_s_20260513_14,2e725a1498024a7b92dad05cd7eb6453,0.082,,,
979,2026-05-13,SH600893,-0.08739170432090759,EXP_XGBModel_Alpha158_csi300_custom_step0_s_20260513_14,2e725a1498024a7b92dad05cd7eb6453,0.082,,,
980,2026-05-13,SH600900,-0.018569301813840866,EXP_XGBModel_Alpha158_csi300_custom_step0_s_20260513_14,2e725a1498024a7b92dad05cd7eb6453,0.082,,,
981,2026-05-13,SH600690,-0.022095205262303352,EXP_XGBModel_Alpha158_csi300_custom_step0_s_20260513_14,2e725a1498024a7b92dad05cd7eb6453,0.082,,,
982,2026-05-13,SH600050,0.0048974379897117615,EXP_XGBModel_Alpha158_csi300_custom_step0_s_20260513_14,2e725a1498024a7b92dad05cd7eb6453,0.082,,,
983,2026-05-13,SH600460,0.18423834443092346,EXP_XGBModel_Alpha158_csi300_custom_step0_s_20260513_14,2e725a1498024a7b92dad05cd7eb6453,0.082,,,
984,2026-05-13,SH600436,-0.047080978751182556,EXP_XGBModel_Alpha158_csi300_custom_step0_s_20260513_14,2e725a1498024a7b92dad05cd7eb6453,0.082,,,
985,2026-05-13,SH600066,0.0040886057540774345,EXP_XGBModel_Alpha158_csi300_custom_step0_s_20260513_14,2e725a1498024a7b92dad05cd7eb6453,0.082,,,
986,2026-05-13,SH600085,-0.04635780677199364,EXP_XGBModel_Alpha158_csi300_custom_step0_s_20260513_14,2e725a1498024a7b92dad05cd7eb6453,0.082,,,
987,2026-05-13,SH600089,0.0029107974842190742,EXP_XGBModel_Alpha158_csi300_custom_step0_s_20260513_14,2e725a1498024a7b92dad05cd7eb6453,0.082,,,
988,2026-05-13,SH600104,-0.031380441039800644,EXP_XGBModel_Alpha158_csi300_custom_step0_s_20260513_14,2e725a1498024a7b92dad05cd7eb6453,0.082,,,
989,2026-05-13,SH600111,0.014156117103993893,EXP_XGBModel_Alpha158_csi300_custom_step0_s_20260513_14,2e725a1498024a7b92dad05cd7eb6453,0.082,,,
990,2026-05-13,SH600115,0.01644114777445793,EXP_XGBModel_Alpha158_csi300_custom_step0_s_20260513_14,2e725a1498024a7b92dad05cd7eb6453,0.082,,,
991,2026-05-13,SH600150,0.1633630245923996,EXP_XGBModel_Alpha158_csi300_custom_step0_s_20260513_14,2e725a1498024a7b92dad05cd7eb6453,0.082,,,
992,2026-05-13,SH600160,-0.001297648879699409,EXP_XGBModel_Alpha158_csi300_custom_step0_s_20260513_14,2e725a1498024a7b92dad05cd7eb6453,0.082,,,
993,2026-05-13,SH600161,-0.06214003637433052,EXP_XGBModel_Alpha158_csi300_custom_step0_s_20260513_14,2e725a1498024a7b92dad05cd7eb6453,0.082,,,
994,2026-05-13,SH600176,0.11009248346090317,EXP_XGBModel_Alpha158_csi300_custom_step0_s_20260513_14,2e725a1498024a7b92dad05cd7eb6453,0.082,,,
995,2026-05-13,SH600183,0.1951717883348465,EXP_XGBModel_Alpha158_csi300_custom_step0_s_20260513_14,2e725a1498024a7b92dad05cd7eb6453,0.082,,,
996,2026-05-13,SH600438,0.027441559359431267,EXP_XGBModel_Alpha158_csi300_custom_step0_s_20260513_14,2e725a1498024a7b92dad05cd7eb6453,0.082,,,
997,2026-05-13,SH600188,-0.05289151147007942,EXP_XGBModel_Alpha158_csi300_custom_step0_s_20260513_14,2e725a1498024a7b92dad05cd7eb6453,0.082,,,
998,2026-05-13,SH600219,-0.18865765631198883,EXP_XGBModel_Alpha158_csi300_custom_step0_s_20260513_14,2e725a1498024a7b92dad05cd7eb6453,0.082,,,
999,2026-05-13,SH600233,-0.01375595387071371,EXP_XGBModel_Alpha158_csi300_custom_step0_s_20260513_14,2e725a1498024a7b92dad05cd7eb6453,0.082,,,
1000,2026-05-13,SH600276,0.008684420958161354,EXP_XGBModel_Alpha158_csi300_custom_step0_s_20260513_14,2e725a1498024a7b92dad05cd7eb6453,0.082,,,
1001,2026-05-13,SH600309,-0.03165578097105026,EXP_XGBModel_Alpha158_csi300_custom_step0_s_20260513_14,2e725a1498024a7b92dad05cd7eb6453,0.082,,,
1002,2026-05-13,SH600346,-0.04008958861231804,EXP_XGBModel_Alpha158_csi300_custom_step0_s_20260513_14,2e725a1498024a7b92dad05cd7eb6453,0.082,,,
1003,2026-05-13,SH600362,0.04314139112830162,EXP_XGBModel_Alpha158_csi300_custom_step0_s_20260513_14,2e725a1498024a7b92dad05cd7eb6453,0.082,,,
1004,2026-05-13,SH600372,0.018916158005595207,EXP_XGBModel_Alpha158_csi300_custom_step0_s_20260513_14,2e725a1498024a7b92dad05cd7eb6453,0.082,,,
1005,2026-05-13,SH600377,-0.009260561317205429,EXP_XGBModel_Alpha158_csi300_custom_step0_s_20260513_14,2e725a1498024a7b92dad05cd7eb6453,0.082,,,
1006,2026-05-13,SH600406,0.02378339134156704,EXP_XGBModel_Alpha158_csi300_custom_step0_s_20260513_14,2e725a1498024a7b92dad05cd7eb6453,0.082,,,
1007,2026-05-13,SH600415,0.00036916157114319503,EXP_XGBModel_Alpha158_csi300_custom_step0_s_20260513_14,2e725a1498024a7b92dad05cd7eb6453,0.082,,,
1008,2026-05-13,SH600426,-0.05569414794445038,EXP_XGBModel_Alpha158_csi300_custom_step0_s_20260513_14,2e725a1498024a7b92dad05cd7eb6453,0.082,,,
1009,2026-05-13,SH600196,-0.08000927418470383,EXP_XGBModel_Alpha158_csi300_custom_step0_s_20260513_14,2e725a1498024a7b92dad05cd7eb6453,0.082,,,
1010,2026-05-13,SZ002938,0.03377111256122589,EXP_LinearModel_Alpha158_csi300_custom_step0_s_20260513_15,c943d4f61fe1404096c354f26af4de5a,0.144,,,
1011,2026-05-13,SZ002920,0.07951733469963074,EXP_LinearModel_Alpha158_csi300_custom_step0_s_20260513_15,c943d4f61fe1404096c354f26af4de5a,0.144,,,
1012,2026-05-13,SZ002916,0.08442489057779312,EXP_LinearModel_Alpha158_csi300_custom_step0_s_20260513_15,c943d4f61fe1404096c354f26af4de5a,0.144,,,
1013,2026-05-13,SH688169,-0.16850584745407104,EXP_LinearModel_Alpha158_csi300_custom_step0_s_20260513_15,c943d4f61fe1404096c354f26af4de5a,0.144,,,
1014,2026-05-13,SH688187,0.041767776012420654,EXP_LinearModel_Alpha158_csi300_custom_step0_s_20260513_15,c943d4f61fe1404096c354f26af4de5a,0.144,,,
1015,2026-05-13,SH688223,0.2342909425497055,EXP_LinearModel_Alpha158_csi300_custom_step0_s_20260513_15,c943d4f61fe1404096c354f26af4de5a,0.144,,,
1016,2026-05-13,SH688256,0.20849181711673737,EXP_LinearModel_Alpha158_csi300_custom_step0_s_20260513_15,c943d4f61fe1404096c354f26af4de5a,0.144,,,
1017,2026-05-13,SH688271,-0.00016728974878787994,EXP_LinearModel_Alpha158_csi300_custom_step0_s_20260513_15,c943d4f61fe1404096c354f26af4de5a,0.144,,,
1018,2026-05-13,SH688303,0.06051064282655716,EXP_LinearModel_Alpha158_csi300_custom_step0_s_20260513_15,c943d4f61fe1404096c354f26af4de5a,0.144,,,
1019,2026-05-13,SH688396,0.21012476086616516,EXP_LinearModel_Alpha158_csi300_custom_step0_s_20260513_15,c943d4f61fe1404096c354f26af4de5a,0.144,,,
1020,2026-05-13,SH688472,0.11301107704639435,EXP_LinearModel_Alpha158_csi300_custom_step0_s_20260513_15,c943d4f61fe1404096c354f26af4de5a,0.144,,,
1021,2026-05-13,SH688506,-0.03074347972869873,EXP_LinearModel_Alpha158_csi300_custom_step0_s_20260513_15,c943d4f61fe1404096c354f26af4de5a,0.144,,,
1022,2026-05-13,SH688981,0.17107534408569336,EXP_LinearModel_Alpha158_csi300_custom_step0_s_20260513_15,c943d4f61fe1404096c354f26af4de5a,0.144,,,
1023,2026-05-13,SZ000001,-0.026570789515972137,EXP_LinearModel_Alpha158_csi300_custom_step0_s_20260513_15,c943d4f61fe1404096c354f26af4de5a,0.144,,,
1024,2026-05-13,SH688126,0.08098229765892029,EXP_LinearModel_Alpha158_csi300_custom_step0_s_20260513_15,c943d4f61fe1404096c354f26af4de5a,0.144,,,
1025,2026-05-13,SZ000002,-0.04989691823720932,EXP_LinearModel_Alpha158_csi300_custom_step0_s_20260513_15,c943d4f61fe1404096c354f26af4de5a,0.144,,,
1026,2026-05-13,SZ000100,-0.057792872190475464,EXP_LinearModel_Alpha158_csi300_custom_step0_s_20260513_15,c943d4f61fe1404096c354f26af4de5a,0.144,,,
1027,2026-05-13,SZ000157,-0.02488003484904766,EXP_LinearModel_Alpha158_csi300_custom_step0_s_20260513_15,c943d4f61fe1404096c354f26af4de5a,0.144,,,
1028,2026-05-13,SZ000166,-0.05602322891354561,EXP_LinearModel_Alpha158_csi300_custom_step0_s_20260513_15,c943d4f61fe1404096c354f26af4de5a,0.144,,,
1029,2026-05-13,SZ000301,0.1731465607881546,EXP_LinearModel_Alpha158_csi300_custom_step0_s_20260513_15,c943d4f61fe1404096c354f26af4de5a,0.144,,,
1030,2026-05-13,SZ000333,0.0907050371170044,EXP_LinearModel_Alpha158_csi300_custom_step0_s_20260513_15,c943d4f61fe1404096c354f26af4de5a,0.144,,,
1031,2026-05-13,SZ000338,0.09450571238994598,EXP_LinearModel_Alpha158_csi300_custom_step0_s_20260513_15,c943d4f61fe1404096c354f26af4de5a,0.144,,,
1032,2026-05-13,SZ000408,0.1720283180475235,EXP_LinearModel_Alpha158_csi300_custom_step0_s_20260513_15,c943d4f61fe1404096c354f26af4de5a,0.144,,,
1033,2026-05-13,SZ000425,0.012816187925636768,EXP_LinearModel_Alpha158_csi300_custom_step0_s_20260513_15,c943d4f61fe1404096c354f26af4de5a,0.144,,,
1034,2026-05-13,SZ000538,-0.09354391694068909,EXP_LinearModel_Alpha158_csi300_custom_step0_s_20260513_15,c943d4f61fe1404096c354f26af4de5a,0.144,,,
1035,2026-05-13,SZ000568,-0.02487555891275406,EXP_LinearModel_Alpha158_csi300_custom_step0_s_20260513_15,c943d4f61fe1404096c354f26af4de5a,0.144,,,
1036,2026-05-13,SZ000596,0.018056992441415787,EXP_LinearModel_Alpha158_csi300_custom_step0_s_20260513_15,c943d4f61fe1404096c354f26af4de5a,0.144,,,
1037,2026-05-13,SZ000063,0.1538165956735611,EXP_LinearModel_Alpha158_csi300_custom_step0_s_20260513_15,c943d4f61fe1404096c354f26af4de5a,0.144,,,
1038,2026-05-13,SZ000617,-0.011938289739191532,EXP_LinearModel_Alpha158_csi300_custom_step0_s_20260513_15,c943d4f61fe1404096c354f26af4de5a,0.144,,,
1039,2026-05-13,SH688111,0.03264273330569267,EXP_LinearModel_Alpha158_csi300_custom_step0_s_20260513_15,c943d4f61fe1404096c354f26af4de5a,0.144,,,
1040,2026-05-13,SH688047,0.21459715068340302,EXP_LinearModel_Alpha158_csi300_custom_step0_s_20260513_15,c943d4f61fe1404096c354f26af4de5a,0.144,,,
1041,2026-05-13,SH601985,0.05521143972873688,EXP_LinearModel_Alpha158_csi300_custom_step0_s_20260513_15,c943d4f61fe1404096c354f26af4de5a,0.144,,,
1042,2026-05-13,SH601988,-0.04027709364891052,EXP_LinearModel_Alpha158_csi300_custom_step0_s_20260513_15,c943d4f61fe1404096c354f26af4de5a,0.144,,,
1043,2026-05-13,SH601995,0.07128749042749405,EXP_LinearModel_Alpha158_csi300_custom_step0_s_20260513_15,c943d4f61fe1404096c354f26af4de5a,0.144,,,
1044,2026-05-13,SH601998,-0.115137480199337,EXP_LinearModel_Alpha158_csi300_custom_step0_s_20260513_15,c943d4f61fe1404096c354f26af4de5a,0.144,,,
1045,2026-05-13,SH603019,0.1152234897017479,EXP_LinearModel_Alpha158_csi300_custom_step0_s_20260513_15,c943d4f61fe1404096c354f26af4de5a,0.144,,,
1046,2026-05-13,SH603195,-0.037131890654563904,EXP_LinearModel_Alpha158_csi300_custom_step0_s_20260513_15,c943d4f61fe1404096c354f26af4de5a,0.144,,,
1047,2026-05-13,SH603259,0.0136827128008008,EXP_LinearModel_Alpha158_csi300_custom_step0_s_20260513_15,c943d4f61fe1404096c354f26af4de5a,0.144,,,
1048,2026-05-13,SH603260,0.18294750154018402,EXP_LinearModel_Alpha158_csi300_custom_step0_s_20260513_15,c943d4f61fe1404096c354f26af4de5a,0.144,,,
1049,2026-05-13,SH603288,-0.09714210033416748,EXP_LinearModel_Alpha158_csi300_custom_step0_s_20260513_15,c943d4f61fe1404096c354f26af4de5a,0.144,,,
1050,2026-05-13,SH603296,0.008538007736206055,EXP_LinearModel_Alpha158_csi300_custom_step0_s_20260513_15,c943d4f61fe1404096c354f26af4de5a,0.144,,,
1051,2026-05-13,SH603369,0.0007061958312988281,EXP_LinearModel_Alpha158_csi300_custom_step0_s_20260513_15,c943d4f61fe1404096c354f26af4de5a,0.144,,,
1052,2026-05-13,SH688082,-0.0025026053190231323,EXP_LinearModel_Alpha158_csi300_custom_step0_s_20260513_15,c943d4f61fe1404096c354f26af4de5a,0.144,,,
1053,2026-05-13,SH603392,-0.15571989119052887,EXP_LinearModel_Alpha158_csi300_custom_step0_s_20260513_15,c943d4f61fe1404096c354f26af4de5a,0.144,,,
1054,2026-05-13,SH603799,0.11473898589611053,EXP_LinearModel_Alpha158_csi300_custom_step0_s_20260513_15,c943d4f61fe1404096c354f26af4de5a,0.144,,,
1055,2026-05-13,SH603893,0.17625093460083008,EXP_LinearModel_Alpha158_csi300_custom_step0_s_20260513_15,c943d4f61fe1404096c354f26af4de5a,0.144,,,
1056,2026-05-13,SH603986,-0.02497902885079384,EXP_LinearModel_Alpha158_csi300_custom_step0_s_20260513_15,c943d4f61fe1404096c354f26af4de5a,0.144,,,
1057,2026-05-13,SH603993,0.14601989090442657,EXP_LinearModel_Alpha158_csi300_custom_step0_s_20260513_15,c943d4f61fe1404096c354f26af4de5a,0.144,,,
1058,2026-05-13,SH605117,0.2308376431465149,EXP_LinearModel_Alpha158_csi300_custom_step0_s_20260513_15,c943d4f61fe1404096c354f26af4de5a,0.144,,,
1059,2026-05-13,SH605499,-0.1394912302494049,EXP_LinearModel_Alpha158_csi300_custom_step0_s_20260513_15,c943d4f61fe1404096c354f26af4de5a,0.144,,,
1060,2026-05-13,SH688008,-0.06770755350589752,EXP_LinearModel_Alpha158_csi300_custom_step0_s_20260513_15,c943d4f61fe1404096c354f26af4de5a,0.144,,,
1061,2026-05-13,SH688009,-0.08157841116189957,EXP_LinearModel_Alpha158_csi300_custom_step0_s_20260513_15,c943d4f61fe1404096c354f26af4de5a,0.144,,,
1062,2026-05-13,SH688012,0.011368781328201294,EXP_LinearModel_Alpha158_csi300_custom_step0_s_20260513_15,c943d4f61fe1404096c354f26af4de5a,0.144,,,
1063,2026-05-13,SH688036,-0.07936350256204605,EXP_LinearModel_Alpha158_csi300_custom_step0_s_20260513_15,c943d4f61fe1404096c354f26af4de5a,0.144,,,
1064,2026-05-13,SH688041,0.1660451889038086,EXP_LinearModel_Alpha158_csi300_custom_step0_s_20260513_15,c943d4f61fe1404096c354f26af4de5a,0.144,,,
1065,2026-05-13,SH603501,-0.13578005135059357,EXP_LinearModel_Alpha158_csi300_custom_step0_s_20260513_15,c943d4f61fe1404096c354f26af4de5a,0.144,,,
1066,2026-05-13,SZ000625,-0.06218980252742767,EXP_LinearModel_Alpha158_csi300_custom_step0_s_20260513_15,c943d4f61fe1404096c354f26af4de5a,0.144,,,
1067,2026-05-13,SZ000630,0.12822847068309784,EXP_LinearModel_Alpha158_csi300_custom_step0_s_20260513_15,c943d4f61fe1404096c354f26af4de5a,0.144,,,
1068,2026-05-13,SZ000651,0.04824305698275566,EXP_LinearModel_Alpha158_csi300_custom_step0_s_20260513_15,c943d4f61fe1404096c354f26af4de5a,0.144,,,
1069,2026-05-13,SZ002236,0.12104354798793793,EXP_LinearModel_Alpha158_csi300_custom_step0_s_20260513_15,c943d4f61fe1404096c354f26af4de5a,0.144,,,
1070,2026-05-13,SZ002241,0.07495510578155518,EXP_LinearModel_Alpha158_csi300_custom_step0_s_20260513_15,c943d4f61fe1404096c354f26af4de5a,0.144,,,
1071,2026-05-13,SZ002252,-0.019031276926398277,EXP_LinearModel_Alpha158_csi300_custom_step0_s_20260513_15,c943d4f61fe1404096c354f26af4de5a,0.144,,,
1072,2026-05-13,SZ002304,-0.06958982348442078,EXP_LinearModel_Alpha158_csi300_custom_step0_s_20260513_15,c943d4f61fe1404096c354f26af4de5a,0.144,,,
1073,2026-05-13,SZ002311,-0.12427877634763718,EXP_LinearModel_Alpha158_csi300_custom_step0_s_20260513_15,c943d4f61fe1404096c354f26af4de5a,0.144,,,
1074,2026-05-13,SZ002352,-0.08576624095439911,EXP_LinearModel_Alpha158_csi300_custom_step0_s_20260513_15,c943d4f61fe1404096c354f26af4de5a,0.144,,,
1075,2026-05-13,SZ002371,-0.039220333099365234,EXP_LinearModel_Alpha158_csi300_custom_step0_s_20260513_15,c943d4f61fe1404096c354f26af4de5a,0.144,,,
1076,2026-05-13,SZ002384,0.454885333776474,EXP_LinearModel_Alpha158_csi300_custom_step0_s_20260513_15,c943d4f61fe1404096c354f26af4de5a,0.144,,,
1077,2026-05-13,SZ002415,0.1274394989013672,EXP_LinearModel_Alpha158_csi300_custom_step0_s_20260513_15,c943d4f61fe1404096c354f26af4de5a,0.144,,,
1078,2026-05-13,SZ002422,-0.031484540551900864,EXP_LinearModel_Alpha158_csi300_custom_step0_s_20260513_15,c943d4f61fe1404096c354f26af4de5a,0.144,,,
1079,2026-05-13,SZ002459,-0.023358196020126343,EXP_LinearModel_Alpha158_csi300_custom_step0_s_20260513_15,c943d4f61fe1404096c354f26af4de5a,0.144,,,
1080,2026-05-13,SZ002230,0.10927589237689972,EXP_LinearModel_Alpha158_csi300_custom_step0_s_20260513_15,c943d4f61fe1404096c354f26af4de5a,0.144,,,
1081,2026-05-13,SZ002460,0.17628803849220276,EXP_LinearModel_Alpha158_csi300_custom_step0_s_20260513_15,c943d4f61fe1404096c354f26af4de5a,0.144,,,
1082,2026-05-13,SZ002466,0.31044378876686096,EXP_LinearModel_Alpha158_csi300_custom_step0_s_20260513_15,c943d4f61fe1404096c354f26af4de5a,0.144,,,
1083,2026-05-13,SZ002475,0.11414670944213867,EXP_LinearModel_Alpha158_csi300_custom_step0_s_20260513_15,c943d4f61fe1404096c354f26af4de5a,0.144,,,
1084,2026-05-13,SZ002493,0.01437431387603283,EXP_LinearModel_Alpha158_csi300_custom_step0_s_20260513_15,c943d4f61fe1404096c354f26af4de5a,0.144,,,
1085,2026-05-13,SZ002594,-0.03870086371898651,EXP_LinearModel_Alpha158_csi300_custom_step0_s_20260513_15,c943d4f61fe1404096c354f26af4de5a,0.144,,,
1086,2026-05-13,SZ002600,0.12072938680648804,EXP_LinearModel_Alpha158_csi300_custom_step0_s_20260513_15,c943d4f61fe1404096c354f26af4de5a,0.144,,,
1087,2026-05-13,SZ002601,0.02023092284798622,EXP_LinearModel_Alpha158_csi300_custom_step0_s_20260513_15,c943d4f61fe1404096c354f26af4de5a,0.144,,,
1088,2026-05-13,SZ002625,0.1052270233631134,EXP_LinearModel_Alpha158_csi300_custom_step0_s_20260513_15,c943d4f61fe1404096c354f26af4de5a,0.144,,,
1089,2026-05-13,SZ002648,0.19976934790611267,EXP_LinearModel_Alpha158_csi300_custom_step0_s_20260513_15,c943d4f61fe1404096c354f26af4de5a,0.144,,,
1090,2026-05-13,SZ002709,0.23251360654830933,EXP_LinearModel_Alpha158_csi300_custom_step0_s_20260513_15,c943d4f61fe1404096c354f26af4de5a,0.144,,,
1091,2026-05-13,SZ002714,-0.035210251808166504,EXP_LinearModel_Alpha158_csi300_custom_step0_s_20260513_15,c943d4f61fe1404096c354f26af4de5a,0.144,,,
1092,2026-05-13,SZ002736,-0.01847124472260475,EXP_LinearModel_Alpha158_csi300_custom_step0_s_20260513_15,c943d4f61fe1404096c354f26af4de5a,0.144,,,
1093,2026-05-13,SZ002463,0.2237175703048706,EXP_LinearModel_Alpha158_csi300_custom_step0_s_20260513_15,c943d4f61fe1404096c354f26af4de5a,0.144,,,
1094,2026-05-13,SZ002179,0.024051174521446228,EXP_LinearModel_Alpha158_csi300_custom_step0_s_20260513_15,c943d4f61fe1404096c354f26af4de5a,0.144,,,
1095,2026-05-13,SZ002142,0.09798049926757812,EXP_LinearModel_Alpha158_csi300_custom_step0_s_20260513_15,c943d4f61fe1404096c354f26af4de5a,0.144,,,
1096,2026-05-13,SZ002074,0.07241719961166382,EXP_LinearModel_Alpha158_csi300_custom_step0_s_20260513_15,c943d4f61fe1404096c354f26af4de5a,0.144,,,
1097,2026-05-13,SZ000661,-0.0625152736902237,EXP_LinearModel_Alpha158_csi300_custom_step0_s_20260513_15,c943d4f61fe1404096c354f26af4de5a,0.144,,,
1098,2026-05-13,SZ000708,-0.07163254171609879,EXP_LinearModel_Alpha158_csi300_custom_step0_s_20260513_15,c943d4f61fe1404096c354f26af4de5a,0.144,,,
1099,2026-05-13,SZ000725,-0.04102812334895134,EXP_LinearModel_Alpha158_csi300_custom_step0_s_20260513_15,c943d4f61fe1404096c354f26af4de5a,0.144,,,
1100,2026-05-13,SZ000768,0.05632352456450462,EXP_LinearModel_Alpha158_csi300_custom_step0_s_20260513_15,c943d4f61fe1404096c354f26af4de5a,0.144,,,
1101,2026-05-13,SZ000776,0.15680989623069763,EXP_LinearModel_Alpha158_csi300_custom_step0_s_20260513_15,c943d4f61fe1404096c354f26af4de5a,0.144,,,
1102,2026-05-13,SZ000786,-0.013109654188156128,EXP_LinearModel_Alpha158_csi300_custom_step0_s_20260513_15,c943d4f61fe1404096c354f26af4de5a,0.144,,,
1103,2026-05-13,SZ000792,0.007939144968986511,EXP_LinearModel_Alpha158_csi300_custom_step0_s_20260513_15,c943d4f61fe1404096c354f26af4de5a,0.144,,,
1104,2026-05-13,SZ000807,-0.07164426892995834,EXP_LinearModel_Alpha158_csi300_custom_step0_s_20260513_15,c943d4f61fe1404096c354f26af4de5a,0.144,,,
1105,2026-05-13,SZ000858,-0.07900261878967285,EXP_LinearModel_Alpha158_csi300_custom_step0_s_20260513_15,c943d4f61fe1404096c354f26af4de5a,0.144,,,
1106,2026-05-13,SZ000876,-0.008883606642484665,EXP_LinearModel_Alpha158_csi300_custom_step0_s_20260513_15,c943d4f61fe1404096c354f26af4de5a,0.144,,,
1107,2026-05-13,SZ000895,-0.02536504715681076,EXP_LinearModel_Alpha158_csi300_custom_step0_s_20260513_15,c943d4f61fe1404096c354f26af4de5a,0.144,,,
1108,2026-05-13,SZ000938,0.0821097269654274,EXP_LinearModel_Alpha158_csi300_custom_step0_s_20260513_15,c943d4f61fe1404096c354f26af4de5a,0.144,,,
1109,2026-05-13,SZ000963,-0.035528987646102905,EXP_LinearModel_Alpha158_csi300_custom_step0_s_20260513_15,c943d4f61fe1404096c354f26af4de5a,0.144,,,
1110,2026-05-13,SZ000975,-0.20139679312705994,EXP_LinearModel_Alpha158_csi300_custom_step0_s_20260513_15,c943d4f61fe1404096c354f26af4de5a,0.144,,,
1111,2026-05-13,SZ000977,0.1937738060951233,EXP_LinearModel_Alpha158_csi300_custom_step0_s_20260513_15,c943d4f61fe1404096c354f26af4de5a,0.144,,,
1112,2026-05-13,SZ000983,-0.02437732368707657,EXP_LinearModel_Alpha158_csi300_custom_step0_s_20260513_15,c943d4f61fe1404096c354f26af4de5a,0.144,,,
1113,2026-05-13,SZ000999,-0.17923308908939362,EXP_LinearModel_Alpha158_csi300_custom_step0_s_20260513_15,c943d4f61fe1404096c354f26af4de5a,0.144,,,
1114,2026-05-13,SZ001391,-0.03097347915172577,EXP_LinearModel_Alpha158_csi300_custom_step0_s_20260513_15,c943d4f61fe1404096c354f26af4de5a,0.144,,,
1115,2026-05-13,SZ001965,0.022016867995262146,EXP_LinearModel_Alpha158_csi300_custom_step0_s_20260513_15,c943d4f61fe1404096c354f26af4de5a,0.144,,,
1116,2026-05-13,SZ001979,0.024244043976068497,EXP_LinearModel_Alpha158_csi300_custom_step0_s_20260513_15,c943d4f61fe1404096c354f26af4de5a,0.144,,,
1117,2026-05-13,SZ002001,0.00553444167599082,EXP_LinearModel_Alpha158_csi300_custom_step0_s_20260513_15,c943d4f61fe1404096c354f26af4de5a,0.144,,,
1118,2026-05-13,SZ002027,-0.07574282586574554,EXP_LinearModel_Alpha158_csi300_custom_step0_s_20260513_15,c943d4f61fe1404096c354f26af4de5a,0.144,,,
1119,2026-05-13,SZ002028,-0.011829305440187454,EXP_LinearModel_Alpha158_csi300_custom_step0_s_20260513_15,c943d4f61fe1404096c354f26af4de5a,0.144,,,
1120,2026-05-13,SZ002049,0.04652918875217438,EXP_LinearModel_Alpha158_csi300_custom_step0_s_20260513_15,c943d4f61fe1404096c354f26af4de5a,0.144,,,
1121,2026-05-13,SZ002050,0.0631067156791687,EXP_LinearModel_Alpha158_csi300_custom_step0_s_20260513_15,c943d4f61fe1404096c354f26af4de5a,0.144,,,
1122,2026-05-13,SH600905,-0.006708071567118168,EXP_XGBModel_Alpha158_csi300_custom_step0_s_20260513_14,2e725a1498024a7b92dad05cd7eb6453,0.082,,,
1123,2026-05-13,SH601939,-0.02113412693142891,EXP_LinearModel_Alpha158_csi300_custom_step0_s_20260513_15,c943d4f61fe1404096c354f26af4de5a,0.144,,,
1124,2026-05-13,SH600918,-0.06332667171955109,EXP_XGBModel_Alpha158_csi300_custom_step0_s_20260513_14,2e725a1498024a7b92dad05cd7eb6453,0.082,,,
1125,2026-05-13,SH600926,-0.03439466655254364,EXP_XGBModel_Alpha158_csi300_custom_step0_s_20260513_14,2e725a1498024a7b92dad05cd7eb6453,0.082,,,
1126,2026-05-13,SZ000895,-0.021727988496422768,EXP_XGBModel_Alpha158_csi300_custom_step0_s_20260513_14,2e725a1498024a7b92dad05cd7eb6453,0.082,,,
1127,2026-05-13,SZ000938,-0.24001768231391907,EXP_XGBModel_Alpha158_csi300_custom_step0_s_20260513_14,2e725a1498024a7b92dad05cd7eb6453,0.082,,,
1128,2026-05-13,SZ000963,-0.06676723808050156,EXP_XGBModel_Alpha158_csi300_custom_step0_s_20260513_14,2e725a1498024a7b92dad05cd7eb6453,0.082,,,
1129,2026-05-13,SZ000975,-0.0643482431769371,EXP_XGBModel_Alpha158_csi300_custom_step0_s_20260513_14,2e725a1498024a7b92dad05cd7eb6453,0.082,,,
1130,2026-05-13,SZ000977,-0.22327785193920135,EXP_XGBModel_Alpha158_csi300_custom_step0_s_20260513_14,2e725a1498024a7b92dad05cd7eb6453,0.082,,,
1131,2026-05-13,SZ000983,-0.035291917622089386,EXP_XGBModel_Alpha158_csi300_custom_step0_s_20260513_14,2e725a1498024a7b92dad05cd7eb6453,0.082,,,
1132,2026-05-13,SZ000999,-0.02320289984345436,EXP_XGBModel_Alpha158_csi300_custom_step0_s_20260513_14,2e725a1498024a7b92dad05cd7eb6453,0.082,,,
1133,2026-05-13,SZ001391,-0.023391278460621834,EXP_XGBModel_Alpha158_csi300_custom_step0_s_20260513_14,2e725a1498024a7b92dad05cd7eb6453,0.082,,,
1134,2026-05-13,SZ001965,0.016248071566224098,EXP_XGBModel_Alpha158_csi300_custom_step0_s_20260513_14,2e725a1498024a7b92dad05cd7eb6453,0.082,,,
1135,2026-05-13,SZ001979,0.16645699739456177,EXP_XGBModel_Alpha158_csi300_custom_step0_s_20260513_14,2e725a1498024a7b92dad05cd7eb6453,0.082,,,
1136,2026-05-13,SZ002001,-0.024263961240649223,EXP_XGBModel_Alpha158_csi300_custom_step0_s_20260513_14,2e725a1498024a7b92dad05cd7eb6453,0.082,,,
1137,2026-05-13,SZ000876,-0.010356480255723,EXP_XGBModel_Alpha158_csi300_custom_step0_s_20260513_14,2e725a1498024a7b92dad05cd7eb6453,0.082,,,
1138,2026-05-13,SZ002027,-0.05629458278417587,EXP_XGBModel_Alpha158_csi300_custom_step0_s_20260513_14,2e725a1498024a7b92dad05cd7eb6453,0.082,,,
1139,2026-05-13,SZ002049,0.03341604024171829,EXP_XGBModel_Alpha158_csi300_custom_step0_s_20260513_14,2e725a1498024a7b92dad05cd7eb6453,0.082,,,
1140,2026-05-13,SZ002050,0.12306059896945953,EXP_XGBModel_Alpha158_csi300_custom_step0_s_20260513_14,2e725a1498024a7b92dad05cd7eb6453,0.082,,,
1141,2026-05-13,SZ002074,0.05003875494003296,EXP_XGBModel_Alpha158_csi300_custom_step0_s_20260513_14,2e725a1498024a7b92dad05cd7eb6453,0.082,,,
1142,2026-05-13,SZ002142,0.005060158669948578,EXP_XGBModel_Alpha158_csi300_custom_step0_s_20260513_14,2e725a1498024a7b92dad05cd7eb6453,0.082,,,
1143,2026-05-13,SZ002179,0.1419847458600998,EXP_XGBModel_Alpha158_csi300_custom_step0_s_20260513_14,2e725a1498024a7b92dad05cd7eb6453,0.082,,,
1144,2026-05-13,SZ002230,0.06587768346071243,EXP_XGBModel_Alpha158_csi300_custom_step0_s_20260513_14,2e725a1498024a7b92dad05cd7eb6453,0.082,,,
1145,2026-05-13,SZ002236,0.021621057763695717,EXP_XGBModel_Alpha158_csi300_custom_step0_s_20260513_14,2e725a1498024a7b92dad05cd7eb6453,0.082,,,
1146,2026-05-13,SZ002241,0.027990160509943962,EXP_XGBModel_Alpha158_csi300_custom_step0_s_20260513_14,2e725a1498024a7b92dad05cd7eb6453,0.082,,,
1147,2026-05-13,SZ002252,-0.04989660903811455,EXP_XGBModel_Alpha158_csi300_custom_step0_s_20260513_14,2e725a1498024a7b92dad05cd7eb6453,0.082,,,
1148,2026-05-13,SZ002304,-0.0616195872426033,EXP_XGBModel_Alpha158_csi300_custom_step0_s_20260513_14,2e725a1498024a7b92dad05cd7eb6453,0.082,,,
1149,2026-05-13,SZ002311,-0.012147094123065472,EXP_XGBModel_Alpha158_csi300_custom_step0_s_20260513_14,2e725a1498024a7b92dad05cd7eb6453,0.082,,,
1150,2026-05-13,SZ002028,-0.07756346464157104,EXP_XGBModel_Alpha158_csi300_custom_step0_s_20260513_14,2e725a1498024a7b92dad05cd7eb6453,0.082,,,
1151,2026-05-13,SZ002352,-0.04244374483823776,EXP_XGBModel_Alpha158_csi300_custom_step0_s_20260513_14,2e725a1498024a7b92dad05cd7eb6453,0.082,,,
1152,2026-05-13,SZ000858,0.0011850418522953987,EXP_XGBModel_Alpha158_csi300_custom_step0_s_20260513_14,2e725a1498024a7b92dad05cd7eb6453,0.082,,,
1153,2026-05-13,SZ000792,-0.028172774240374565,EXP_XGBModel_Alpha158_csi300_custom_step0_s_20260513_14,2e725a1498024a7b92dad05cd7eb6453,0.082,,,
1154,2026-05-13,SZ000001,-0.018864644691348076,EXP_XGBModel_Alpha158_csi300_custom_step0_s_20260513_14,2e725a1498024a7b92dad05cd7eb6453,0.082,,,
1155,2026-05-13,SZ000002,-0.0433838851749897,EXP_XGBModel_Alpha158_csi300_custom_step0_s_20260513_14,2e725a1498024a7b92dad05cd7eb6453,0.082,,,
1156,2026-05-13,SZ000063,0.015155037865042686,EXP_XGBModel_Alpha158_csi300_custom_step0_s_20260513_14,2e725a1498024a7b92dad05cd7eb6453,0.082,,,
1157,2026-05-13,SZ000100,-0.02247430942952633,EXP_XGBModel_Alpha158_csi300_custom_step0_s_20260513_14,2e725a1498024a7b92dad05cd7eb6453,0.082,,,
1158,2026-05-13,SZ000157,-0.01818796433508396,EXP_XGBModel_Alpha158_csi300_custom_step0_s_20260513_14,2e725a1498024a7b92dad05cd7eb6453,0.082,,,
1159,2026-05-13,SZ000166,-0.02609323523938656,EXP_XGBModel_Alpha158_csi300_custom_step0_s_20260513_14,2e725a1498024a7b92dad05cd7eb6453,0.082,,,
1160,2026-05-13,SZ000301,0.10748609900474548,EXP_XGBModel_Alpha158_csi300_custom_step0_s_20260513_14,2e725a1498024a7b92dad05cd7eb6453,0.082,,,
1161,2026-05-13,SZ000333,0.011453621089458466,EXP_XGBModel_Alpha158_csi300_custom_step0_s_20260513_14,2e725a1498024a7b92dad05cd7eb6453,0.082,,,
1162,2026-05-13,SZ000338,-0.16434292495250702,EXP_XGBModel_Alpha158_csi300_custom_step0_s_20260513_14,2e725a1498024a7b92dad05cd7eb6453,0.082,,,
1163,2026-05-13,SZ000408,0.12351302057504654,EXP_XGBModel_Alpha158_csi300_custom_step0_s_20260513_14,2e725a1498024a7b92dad05cd7eb6453,0.082,,,
1164,2026-05-13,SZ000425,-0.032705191522836685,EXP_XGBModel_Alpha158_csi300_custom_step0_s_20260513_14,2e725a1498024a7b92dad05cd7eb6453,0.082,,,
1165,2026-05-13,SZ000807,-0.03281862288713455,EXP_XGBModel_Alpha158_csi300_custom_step0_s_20260513_14,2e725a1498024a7b92dad05cd7eb6453,0.082,,,
1166,2026-05-13,SZ000538,-0.06484537571668625,EXP_XGBModel_Alpha158_csi300_custom_step0_s_20260513_14,2e725a1498024a7b92dad05cd7eb6453,0.082,,,
1167,2026-05-13,SZ000596,0.10610761493444443,EXP_XGBModel_Alpha158_csi300_custom_step0_s_20260513_14,2e725a1498024a7b92dad05cd7eb6453,0.082,,,
1168,2026-05-13,SZ000617,0.0035570384934544563,EXP_XGBModel_Alpha158_csi300_custom_step0_s_20260513_14,2e725a1498024a7b92dad05cd7eb6453,0.082,,,
1169,2026-05-13,SZ000625,-0.051012784242630005,EXP_XGBModel_Alpha158_csi300_custom_step0_s_20260513_14,2e725a1498024a7b92dad05cd7eb6453,0.082,,,
1170,2026-05-13,SZ000630,-0.018474286422133446,EXP_XGBModel_Alpha158_csi300_custom_step0_s_20260513_14,2e725a1498024a7b92dad05cd7eb6453,0.082,,,
1171,2026-05-13,SZ000651,-0.03321896493434906,EXP_XGBModel_Alpha158_csi300_custom_step0_s_20260513_14,2e725a1498024a7b92dad05cd7eb6453,0.082,,,
1172,2026-05-13,SZ000661,0.05757131427526474,EXP_XGBModel_Alpha158_csi300_custom_step0_s_20260513_14,2e725a1498024a7b92dad05cd7eb6453,0.082,,,
1173,2026-05-13,SZ000708,-0.05403658375144005,EXP_XGBModel_Alpha158_csi300_custom_step0_s_20260513_14,2e725a1498024a7b92dad05cd7eb6453,0.082,,,
1174,2026-05-13,SZ000725,0.00918249785900116,EXP_XGBModel_Alpha158_csi300_custom_step0_s_20260513_14,2e725a1498024a7b92dad05cd7eb6453,0.082,,,
1175,2026-05-13,SZ000768,0.09128406643867493,EXP_XGBModel_Alpha158_csi300_custom_step0_s_20260513_14,2e725a1498024a7b92dad05cd7eb6453,0.082,,,
1176,2026-05-13,SZ000776,0.023673877120018005,EXP_XGBModel_Alpha158_csi300_custom_step0_s_20260513_14,2e725a1498024a7b92dad05cd7eb6453,0.082,,,
1177,2026-05-13,SZ000786,-0.006277899723500013,EXP_XGBModel_Alpha158_csi300_custom_step0_s_20260513_14,2e725a1498024a7b92dad05cd7eb6453,0.082,,,
1178,2026-05-13,SZ000568,-0.01775452122092247,EXP_XGBModel_Alpha158_csi300_custom_step0_s_20260513_14,2e725a1498024a7b92dad05cd7eb6453,0.082,,,
1179,2026-05-13,SH688981,0.009690213948488235,EXP_XGBModel_Alpha158_csi300_custom_step0_s_20260513_14,2e725a1498024a7b92dad05cd7eb6453,0.082,,,
1180,2026-05-13,SZ002371,0.033172380179166794,EXP_XGBModel_Alpha158_csi300_custom_step0_s_20260513_14,2e725a1498024a7b92dad05cd7eb6453,0.082,,,
1181,2026-05-13,SZ002415,0.04854724556207657,EXP_XGBModel_Alpha158_csi300_custom_step0_s_20260513_14,2e725a1498024a7b92dad05cd7eb6453,0.082,,,
1182,2026-05-13,SZ300316,0.714565634727478,EXP_XGBModel_Alpha158_csi300_custom_step0_s_20260513_14,2e725a1498024a7b92dad05cd7eb6453,0.082,,,
1183,2026-05-13,SZ300347,0.08316639065742493,EXP_XGBModel_Alpha158_csi300_custom_step0_s_20260513_14,2e725a1498024a7b92dad05cd7eb6453,0.082,,,
1184,2026-05-13,SZ300394,-0.2181951254606247,EXP_XGBModel_Alpha158_csi300_custom_step0_s_20260513_14,2e725a1498024a7b92dad05cd7eb6453,0.082,,,
1185,2026-05-13,SZ300408,-0.0042466698214411736,EXP_XGBModel_Alpha158_csi300_custom_step0_s_20260513_14,2e725a1498024a7b92dad05cd7eb6453,0.082,,,
1186,2026-05-13,SZ300413,-0.022923437878489494,EXP_XGBModel_Alpha158_csi300_custom_step0_s_20260513_14,2e725a1498024a7b92dad05cd7eb6453,0.082,,,
1187,2026-05-13,SZ300418,0.06521535664796829,EXP_XGBModel_Alpha158_csi300_custom_step0_s_20260513_14,2e725a1498024a7b92dad05cd7eb6453,0.082,,,
1188,2026-05-13,SZ300433,-0.3037814795970917,EXP_XGBModel_Alpha158_csi300_custom_step0_s_20260513_14,2e725a1498024a7b92dad05cd7eb6453,0.082,,,
1189,2026-05-13,SZ300442,0.038002606481313705,EXP_XGBModel_Alpha158_csi300_custom_step0_s_20260513_14,2e725a1498024a7b92dad05cd7eb6453,0.082,,,
1190,2026-05-13,SZ300476,0.2622372806072235,EXP_XGBModel_Alpha158_csi300_custom_step0_s_20260513_14,2e725a1498024a7b92dad05cd7eb6453,0.082,,,
1191,2026-05-13,SZ300498,-0.06374668329954147,EXP_XGBModel_Alpha158_csi300_custom_step0_s_20260513_14,2e725a1498024a7b92dad05cd7eb6453,0.082,,,
1192,2026-05-13,SZ300502,0.03554782271385193,EXP_XGBModel_Alpha158_csi300_custom_step0_s_20260513_14,2e725a1498024a7b92dad05cd7eb6453,0.082,,,
1193,2026-05-13,SZ300308,0.13245835900306702,EXP_XGBModel_Alpha158_csi300_custom_step0_s_20260513_14,2e725a1498024a7b92dad05cd7eb6453,0.082,,,
1194,2026-05-13,SZ300628,0.19538871943950653,EXP_XGBModel_Alpha158_csi300_custom_step0_s_20260513_14,2e725a1498024a7b92dad05cd7eb6453,0.082,,,
1195,2026-05-13,SZ300750,0.04183248057961464,EXP_XGBModel_Alpha158_csi300_custom_step0_s_20260513_14,2e725a1498024a7b92dad05cd7eb6453,0.082,,,
1196,2026-05-13,SZ300759,-0.03816699981689453,EXP_XGBModel_Alpha158_csi300_custom_step0_s_20260513_14,2e725a1498024a7b92dad05cd7eb6453,0.082,,,
1197,2026-05-13,SZ300760,-0.008953973650932312,EXP_XGBModel_Alpha158_csi300_custom_step0_s_20260513_14,2e725a1498024a7b92dad05cd7eb6453,0.082,,,
1198,2026-05-13,SZ300782,0.8219417333602905,EXP_XGBModel_Alpha158_csi300_custom_step0_s_20260513_14,2e725a1498024a7b92dad05cd7eb6453,0.082,,,
1199,2026-05-13,SZ300803,-0.02483239583671093,EXP_XGBModel_Alpha158_csi300_custom_step0_s_20260513_14,2e725a1498024a7b92dad05cd7eb6453,0.082,,,
1200,2026-05-13,SZ300832,-0.03580506145954132,EXP_XGBModel_Alpha158_csi300_custom_step0_s_20260513_14,2e725a1498024a7b92dad05cd7eb6453,0.082,,,
1201,2026-05-13,SZ300866,-0.021339567378163338,EXP_XGBModel_Alpha158_csi300_custom_step0_s_20260513_14,2e725a1498024a7b92dad05cd7eb6453,0.082,,,
1202,2026-05-13,SZ300896,0.02912168577313423,EXP_XGBModel_Alpha158_csi300_custom_step0_s_20260513_14,2e725a1498024a7b92dad05cd7eb6453,0.082,,,
1203,2026-05-13,SZ300979,-0.07043395191431046,EXP_XGBModel_Alpha158_csi300_custom_step0_s_20260513_14,2e725a1498024a7b92dad05cd7eb6453,0.082,,,
1204,2026-05-13,SZ300999,-0.025566574186086655,EXP_XGBModel_Alpha158_csi300_custom_step0_s_20260513_14,2e725a1498024a7b92dad05cd7eb6453,0.082,,,
1205,2026-05-13,SZ301236,0.05161699652671814,EXP_XGBModel_Alpha158_csi300_custom_step0_s_20260513_14,2e725a1498024a7b92dad05cd7eb6453,0.082,,,
1206,2026-05-13,SZ300661,0.14600898325443268,EXP_XGBModel_Alpha158_csi300_custom_step0_s_20260513_14,2e725a1498024a7b92dad05cd7eb6453,0.082,,,
1207,2026-05-13,SZ002384,0.8068998456001282,EXP_XGBModel_Alpha158_csi300_custom_step0_s_20260513_14,2e725a1498024a7b92dad05cd7eb6453,0.082,,,
1208,2026-05-13,SZ300274,0.05676907300949097,EXP_XGBModel_Alpha158_csi300_custom_step0_s_20260513_14,2e725a1498024a7b92dad05cd7eb6453,0.082,,,
1209,2026-05-13,SZ300124,-0.14287298917770386,EXP_XGBModel_Alpha158_csi300_custom_step0_s_20260513_14,2e725a1498024a7b92dad05cd7eb6453,0.082,,,
1210,2026-05-13,SZ002422,0.012555234134197235,EXP_XGBModel_Alpha158_csi300_custom_step0_s_20260513_14,2e725a1498024a7b92dad05cd7eb6453,0.082,,,
1211,2026-05-13,SZ002459,-0.005897052586078644,EXP_XGBModel_Alpha158_csi300_custom_step0_s_20260513_14,2e725a1498024a7b92dad05cd7eb6453,0.082,,,
1212,2026-05-13,SZ002460,0.055492233484983444,EXP_XGBModel_Alpha158_csi300_custom_step0_s_20260513_14,2e725a1498024a7b92dad05cd7eb6453,0.082,,,
1213,2026-05-13,SZ002463,0.17946866154670715,EXP_XGBModel_Alpha158_csi300_custom_step0_s_20260513_14,2e725a1498024a7b92dad05cd7eb6453,0.082,,,
1214,2026-05-13,SZ002466,0.2570740282535553,EXP_XGBModel_Alpha158_csi300_custom_step0_s_20260513_14,2e725a1498024a7b92dad05cd7eb6453,0.082,,,
1215,2026-05-13,SZ002475,-0.09809251129627228,EXP_XGBModel_Alpha158_csi300_custom_step0_s_20260513_14,2e725a1498024a7b92dad05cd7eb6453,0.082,,,
1216,2026-05-13,SZ002493,0.07674863189458847,EXP_XGBModel_Alpha158_csi300_custom_step0_s_20260513_14,2e725a1498024a7b92dad05cd7eb6453,0.082,,,
1217,2026-05-13,SZ002594,-0.014870298095047474,EXP_XGBModel_Alpha158_csi300_custom_step0_s_20260513_14,2e725a1498024a7b92dad05cd7eb6453,0.082,,,
1218,2026-05-13,SZ002600,0.06542513519525528,EXP_XGBModel_Alpha158_csi300_custom_step0_s_20260513_14,2e725a1498024a7b92dad05cd7eb6453,0.082,,,
1219,2026-05-13,SZ002601,-0.019092487171292305,EXP_XGBModel_Alpha158_csi300_custom_step0_s_20260513_14,2e725a1498024a7b92dad05cd7eb6453,0.082,,,
1220,2026-05-13,SZ002625,0.006298708729445934,EXP_XGBModel_Alpha158_csi300_custom_step0_s_20260513_14,2e725a1498024a7b92dad05cd7eb6453,0.082,,,
1221,2026-05-13,SZ300251,0.7373475432395935,EXP_XGBModel_Alpha158_csi300_custom_step0_s_20260513_14,2e725a1498024a7b92dad05cd7eb6453,0.082,,,
1222,2026-05-13,SZ002648,0.01764879748225212,EXP_XGBModel_Alpha158_csi300_custom_step0_s_20260513_14,2e725a1498024a7b92dad05cd7eb6453,0.082,,,
1223,2026-05-13,SZ002714,-0.030393525958061218,EXP_XGBModel_Alpha158_csi300_custom_step0_s_20260513_14,2e725a1498024a7b92dad05cd7eb6453,0.082,,,
1224,2026-05-13,SZ002736,-0.0730729028582573,EXP_XGBModel_Alpha158_csi300_custom_step0_s_20260513_14,2e725a1498024a7b92dad05cd7eb6453,0.082,,,
1225,2026-05-13,SZ002916,-0.04565316066145897,EXP_XGBModel_Alpha158_csi300_custom_step0_s_20260513_14,2e725a1498024a7b92dad05cd7eb6453,0.082,,,
1226,2026-05-13,SZ002920,0.004258362576365471,EXP_XGBModel_Alpha158_csi300_custom_step0_s_20260513_14,2e725a1498024a7b92dad05cd7eb6453,0.082,,,
1227,2026-05-13,SZ002938,-0.08473914116621017,EXP_XGBModel_Alpha158_csi300_custom_step0_s_20260513_14,2e725a1498024a7b92dad05cd7eb6453,0.082,,,
1228,2026-05-13,SZ003816,-0.03127969428896904,EXP_XGBModel_Alpha158_csi300_custom_step0_s_20260513_14,2e725a1498024a7b92dad05cd7eb6453,0.082,,,
1229,2026-05-13,SZ300014,0.01141770463436842,EXP_XGBModel_Alpha158_csi300_custom_step0_s_20260513_14,2e725a1498024a7b92dad05cd7eb6453,0.082,,,
1230,2026-05-13,SZ300015,0.0067840032279491425,EXP_XGBModel_Alpha158_csi300_custom_step0_s_20260513_14,2e725a1498024a7b92dad05cd7eb6453,0.082,,,
1231,2026-05-13,SZ300033,-0.001844835584051907,EXP_XGBModel_Alpha158_csi300_custom_step0_s_20260513_14,2e725a1498024a7b92dad05cd7eb6453,0.082,,,
1232,2026-05-13,SZ300059,0.05401222035288811,EXP_XGBModel_Alpha158_csi300_custom_step0_s_20260513_14,2e725a1498024a7b92dad05cd7eb6453,0.082,,,
1233,2026-05-13,SZ300122,-0.0047562918625772,EXP_XGBModel_Alpha158_csi300_custom_step0_s_20260513_14,2e725a1498024a7b92dad05cd7eb6453,0.082,,,
1234,2026-05-13,SZ002709,0.03727303072810173,EXP_XGBModel_Alpha158_csi300_custom_step0_s_20260513_14,2e725a1498024a7b92dad05cd7eb6453,0.082,,,
1235,2026-05-13,SH688506,0.04238523170351982,EXP_XGBModel_Alpha158_csi300_custom_step0_s_20260513_14,2e725a1498024a7b92dad05cd7eb6453,0.082,,,
1236,2026-05-13,SH688472,0.05447908863425255,EXP_XGBModel_Alpha158_csi300_custom_step0_s_20260513_14,2e725a1498024a7b92dad05cd7eb6453,0.082,,,
1237,2026-05-13,SH688396,-0.016122587025165558,EXP_XGBModel_Alpha158_csi300_custom_step0_s_20260513_14,2e725a1498024a7b92dad05cd7eb6453,0.082,,,
1238,2026-05-13,SH601236,-0.05704142898321152,EXP_XGBModel_Alpha158_csi300_custom_step0_s_20260513_14,2e725a1498024a7b92dad05cd7eb6453,0.082,,,
1239,2026-05-13,SH601238,0.0009863298619166017,EXP_XGBModel_Alpha158_csi300_custom_step0_s_20260513_14,2e725a1498024a7b92dad05cd7eb6453,0.082,,,
1240,2026-05-13,SH601288,-0.016690852120518684,EXP_XGBModel_Alpha158_csi300_custom_step0_s_20260513_14,2e725a1498024a7b92dad05cd7eb6453,0.082,,,
1241,2026-05-13,SH601298,0.019001370295882225,EXP_XGBModel_Alpha158_csi300_custom_step0_s_20260513_14,2e725a1498024a7b92dad05cd7eb6453,0.082,,,
1242,2026-05-13,SH601318,-0.02151220105588436,EXP_XGBModel_Alpha158_csi300_custom_step0_s_20260513_14,2e725a1498024a7b92dad05cd7eb6453,0.082,,,
1243,2026-05-13,SH601319,-8.024621638469398e-05,EXP_XGBModel_Alpha158_csi300_custom_step0_s_20260513_14,2e725a1498024a7b92dad05cd7eb6453,0.082,,,
1244,2026-05-13,SH601328,-0.042954009026288986,EXP_XGBModel_Alpha158_csi300_custom_step0_s_20260513_14,2e725a1498024a7b92dad05cd7eb6453,0.082,,,
1245,2026-05-13,SH601336,-0.027550945058465004,EXP_XGBModel_Alpha158_csi300_custom_step0_s_20260513_14,2e725a1498024a7b92dad05cd7eb6453,0.082,,,
1246,2026-05-13,SH601360,0.007488043047487736,EXP_XGBModel_Alpha158_csi300_custom_step0_s_20260513_14,2e725a1498024a7b92dad05cd7eb6453,0.082,,,
1247,2026-05-13,SH601377,0.001817354466766119,EXP_XGBModel_Alpha158_csi300_custom_step0_s_20260513_14,2e725a1498024a7b92dad05cd7eb6453,0.082,,,
1248,2026-05-13,SH601390,-0.15313221514225006,EXP_XGBModel_Alpha158_csi300_custom_step0_s_20260513_14,2e725a1498024a7b92dad05cd7eb6453,0.082,,,
1249,2026-05-13,SH601229,-0.030801095068454742,EXP_XGBModel_Alpha158_csi300_custom_step0_s_20260513_14,2e725a1498024a7b92dad05cd7eb6453,0.082,,,
1250,2026-05-13,SH601398,-0.05374567583203316,EXP_XGBModel_Alpha158_csi300_custom_step0_s_20260513_14,2e725a1498024a7b92dad05cd7eb6453,0.082,,,
1251,2026-05-13,SH601600,-0.0286384467035532,EXP_XGBModel_Alpha158_csi300_custom_step0_s_20260513_14,2e725a1498024a7b92dad05cd7eb6453,0.082,,,
1252,2026-05-13,SH601601,0.016280893236398697,EXP_XGBModel_Alpha158_csi300_custom_step0_s_20260513_14,2e725a1498024a7b92dad05cd7eb6453,0.082,,,
1253,2026-05-13,SH601607,-0.04857878386974335,EXP_XGBModel_Alpha158_csi300_custom_step0_s_20260513_14,2e725a1498024a7b92dad05cd7eb6453,0.082,,,
1254,2026-05-13,SH601618,-0.03622666001319885,EXP_XGBModel_Alpha158_csi300_custom_step0_s_20260513_14,2e725a1498024a7b92dad05cd7eb6453,0.082,,,
1255,2026-05-13,SH601628,-0.009908235631883144,EXP_XGBModel_Alpha158_csi300_custom_step0_s_20260513_14,2e725a1498024a7b92dad05cd7eb6453,0.082,,,
1256,2026-05-13,SH601633,-0.061880458146333694,EXP_XGBModel_Alpha158_csi300_custom_step0_s_20260513_14,2e725a1498024a7b92dad05cd7eb6453,0.082,,,
1257,2026-05-13,SH601658,-0.026616156101226807,EXP_XGBModel_Alpha158_csi300_custom_step0_s_20260513_14,2e725a1498024a7b92dad05cd7eb6453,0.082,,,
1258,2026-05-13,SH601668,-0.04423636943101883,EXP_XGBModel_Alpha158_csi300_custom_step0_s_20260513_14,2e725a1498024a7b92dad05cd7eb6453,0.082,,,
1259,2026-05-13,SH601669,0.023047761991620064,EXP_XGBModel_Alpha158_csi300_custom_step0_s_20260513_14,2e725a1498024a7b92dad05cd7eb6453,0.082,,,
1260,2026-05-13,SH601688,0.010303047485649586,EXP_XGBModel_Alpha158_csi300_custom_step0_s_20260513_14,2e725a1498024a7b92dad05cd7eb6453,0.082,,,
1261,2026-05-13,SH601689,0.09286519140005112,EXP_XGBModel_Alpha158_csi300_custom_step0_s_20260513_14,2e725a1498024a7b92dad05cd7eb6453,0.082,,,
1262,2026-05-13,SH601456,0.011912332847714424,EXP_XGBModel_Alpha158_csi300_custom_step0_s_20260513_14,2e725a1498024a7b92dad05cd7eb6453,0.082,,,
1263,2026-05-13,SH601698,0.05937185138463974,EXP_XGBModel_Alpha158_csi300_custom_step0_s_20260513_14,2e725a1498024a7b92dad05cd7eb6453,0.082,,,
1264,2026-05-13,SH601225,-0.035327691584825516,EXP_XGBModel_Alpha158_csi300_custom_step0_s_20260513_14,2e725a1498024a7b92dad05cd7eb6453,0.082,,,
1265,2026-05-13,SH601186,-0.009244045242667198,EXP_XGBModel_Alpha158_csi300_custom_step0_s_20260513_14,2e725a1498024a7b92dad05cd7eb6453,0.082,,,
1266,2026-05-13,SH600930,0.06208781152963638,EXP_XGBModel_Alpha158_csi300_custom_step0_s_20260513_14,2e725a1498024a7b92dad05cd7eb6453,0.082,,,
1267,2026-05-13,SH600938,-0.008935894817113876,EXP_XGBModel_Alpha158_csi300_custom_step0_s_20260513_14,2e725a1498024a7b92dad05cd7eb6453,0.082,,,
1268,2026-05-13,SH600941,0.023043949156999588,EXP_XGBModel_Alpha158_csi300_custom_step0_s_20260513_14,2e725a1498024a7b92dad05cd7eb6453,0.082,,,
1269,2026-05-13,SH600958,0.11241042613983154,EXP_XGBModel_Alpha158_csi300_custom_step0_s_20260513_14,2e725a1498024a7b92dad05cd7eb6453,0.082,,,
1270,2026-05-13,SH600989,0.02231399156153202,EXP_XGBModel_Alpha158_csi300_custom_step0_s_20260513_14,2e725a1498024a7b92dad05cd7eb6453,0.082,,,
1271,2026-05-13,SH600999,-0.005005733110010624,EXP_XGBModel_Alpha158_csi300_custom_step0_s_20260513_14,2e725a1498024a7b92dad05cd7eb6453,0.082,,,
1272,2026-05-13,SH601006,-0.005743790417909622,EXP_XGBModel_Alpha158_csi300_custom_step0_s_20260513_14,2e725a1498024a7b92dad05cd7eb6453,0.082,,,
1273,2026-05-13,SH601009,-0.007935895584523678,EXP_XGBModel_Alpha158_csi300_custom_step0_s_20260513_14,2e725a1498024a7b92dad05cd7eb6453,0.082,,,
1274,2026-05-13,SH601012,-0.01756684109568596,EXP_XGBModel_Alpha158_csi300_custom_step0_s_20260513_14,2e725a1498024a7b92dad05cd7eb6453,0.082,,,
1275,2026-05-13,SH601018,-0.04279572516679764,EXP_XGBModel_Alpha158_csi300_custom_step0_s_20260513_14,2e725a1498024a7b92dad05cd7eb6453,0.082,,,
1276,2026-05-13,SH601021,-0.008392302319407463,EXP_XGBModel_Alpha158_csi300_custom_step0_s_20260513_14,2e725a1498024a7b92dad05cd7eb6453,0.082,,,
1277,2026-05-13,SH601211,-0.015239134430885315,EXP_XGBModel_Alpha158_csi300_custom_step0_s_20260513_14,2e725a1498024a7b92dad05cd7eb6453,0.082,,,
1278,2026-05-13,SH601058,0.016306454315781593,EXP_XGBModel_Alpha158_csi300_custom_step0_s_20260513_14,2e725a1498024a7b92dad05cd7eb6453,0.082,,,
1279,2026-05-13,SH601066,-0.005262924358248711,EXP_XGBModel_Alpha158_csi300_custom_step0_s_20260513_14,2e725a1498024a7b92dad05cd7eb6453,0.082,,,
1280,2026-05-13,SH601077,-0.017885984852910042,EXP_XGBModel_Alpha158_csi300_custom_step0_s_20260513_14,2e725a1498024a7b92dad05cd7eb6453,0.082,,,
1281,2026-05-13,SH601088,0.0026738145388662815,EXP_XGBModel_Alpha158_csi300_custom_step0_s_20260513_14,2e725a1498024a7b92dad05cd7eb6453,0.082,,,
1282,2026-05-13,SH601100,-0.031226538121700287,EXP_XGBModel_Alpha158_csi300_custom_step0_s_20260513_14,2e725a1498024a7b92dad05cd7eb6453,0.082,,,
1283,2026-05-13,SH601111,0.027005380019545555,EXP_XGBModel_Alpha158_csi300_custom_step0_s_20260513_14,2e725a1498024a7b92dad05cd7eb6453,0.082,,,
1284,2026-05-13,SH601117,-0.01835843361914158,EXP_XGBModel_Alpha158_csi300_custom_step0_s_20260513_14,2e725a1498024a7b92dad05cd7eb6453,0.082,,,
1285,2026-05-13,SH601127,0.056166283786296844,EXP_XGBModel_Alpha158_csi300_custom_step0_s_20260513_14,2e725a1498024a7b92dad05cd7eb6453,0.082,,,
1286,2026-05-13,SH601136,0.014239795506000519,EXP_XGBModel_Alpha158_csi300_custom_step0_s_20260513_14,2e725a1498024a7b92dad05cd7eb6453,0.082,,,
1287,2026-05-13,SH601138,0.1723632961511612,EXP_XGBModel_Alpha158_csi300_custom_step0_s_20260513_14,2e725a1498024a7b92dad05cd7eb6453,0.082,,,
1288,2026-05-13,SH601166,-0.06609196960926056,EXP_XGBModel_Alpha158_csi300_custom_step0_s_20260513_14,2e725a1498024a7b92dad05cd7eb6453,0.082,,,
1289,2026-05-13,SH601169,-0.04137681797146797,EXP_XGBModel_Alpha158_csi300_custom_step0_s_20260513_14,2e725a1498024a7b92dad05cd7eb6453,0.082,,,
1290,2026-05-13,SH601059,-0.012203614227473736,EXP_XGBModel_Alpha158_csi300_custom_step0_s_20260513_14,2e725a1498024a7b92dad05cd7eb6453,0.082,,,
1291,2026-05-13,SH601728,0.018512321636080742,EXP_XGBModel_Alpha158_csi300_custom_step0_s_20260513_14,2e725a1498024a7b92dad05cd7eb6453,0.082,,,
1292,2026-05-13,SH601766,-0.041138701140880585,EXP_XGBModel_Alpha158_csi300_custom_step0_s_20260513_14,2e725a1498024a7b92dad05cd7eb6453,0.082,,,
1293,2026-05-13,SH601788,-0.028650136664509773,EXP_XGBModel_Alpha158_csi300_custom_step0_s_20260513_14,2e725a1498024a7b92dad05cd7eb6453,0.082,,,
1294,2026-05-13,SH603369,-0.10545273125171661,EXP_XGBModel_Alpha158_csi300_custom_step0_s_20260513_14,2e725a1498024a7b92dad05cd7eb6453,0.082,,,
1295,2026-05-13,SH603392,-0.05229287967085838,EXP_XGBModel_Alpha158_csi300_custom_step0_s_20260513_14,2e725a1498024a7b92dad05cd7eb6453,0.082,,,
1296,2026-05-13,SH603501,0.027111703529953957,EXP_XGBModel_Alpha158_csi300_custom_step0_s_20260513_14,2e725a1498024a7b92dad05cd7eb6453,0.082,,,
1297,2026-05-13,SH603799,-0.015361067838966846,EXP_XGBModel_Alpha158_csi300_custom_step0_s_20260513_14,2e725a1498024a7b92dad05cd7eb6453,0.082,,,
1298,2026-05-13,SH603893,-0.011041305959224701,EXP_XGBModel_Alpha158_csi300_custom_step0_s_20260513_14,2e725a1498024a7b92dad05cd7eb6453,0.082,,,
1299,2026-05-13,SH603986,0.10596022754907608,EXP_XGBModel_Alpha158_csi300_custom_step0_s_20260513_14,2e725a1498024a7b92dad05cd7eb6453,0.082,,,
1300,2026-05-13,SH603993,0.07690192759037018,EXP_XGBModel_Alpha158_csi300_custom_step0_s_20260513_14,2e725a1498024a7b92dad05cd7eb6453,0.082,,,
1301,2026-05-13,SH605117,0.09427502751350403,EXP_XGBModel_Alpha158_csi300_custom_step0_s_20260513_14,2e725a1498024a7b92dad05cd7eb6453,0.082,,,
1302,2026-05-13,SH605499,-0.018177105113863945,EXP_XGBModel_Alpha158_csi300_custom_step0_s_20260513_14,2e725a1498024a7b92dad05cd7eb6453,0.082,,,
1303,2026-05-13,SH688008,0.3429620563983917,EXP_XGBModel_Alpha158_csi300_custom_step0_s_20260513_14,2e725a1498024a7b92dad05cd7eb6453,0.082,,,
1304,2026-05-13,SH688009,-0.057685736566782,EXP_XGBModel_Alpha158_csi300_custom_step0_s_20260513_14,2e725a1498024a7b92dad05cd7eb6453,0.082,,,
1305,2026-05-13,SH603296,-0.04171730577945709,EXP_XGBModel_Alpha158_csi300_custom_step0_s_20260513_14,2e725a1498024a7b92dad05cd7eb6453,0.082,,,
1306,2026-05-13,SH688012,-0.012087732553482056,EXP_XGBModel_Alpha158_csi300_custom_step0_s_20260513_14,2e725a1498024a7b92dad05cd7eb6453,0.082,,,
1307,2026-05-13,SH688041,0.09618443250656128,EXP_XGBModel_Alpha158_csi300_custom_step0_s_20260513_14,2e725a1498024a7b92dad05cd7eb6453,0.082,,,
1308,2026-05-13,SH688047,-0.10380272567272186,EXP_XGBModel_Alpha158_csi300_custom_step0_s_20260513_14,2e725a1498024a7b92dad05cd7eb6453,0.082,,,
1309,2026-05-13,SH688082,-0.08655975013971329,EXP_XGBModel_Alpha158_csi300_custom_step0_s_20260513_14,2e725a1498024a7b92dad05cd7eb6453,0.082,,,
1310,2026-05-13,SH688111,0.0398687906563282,EXP_XGBModel_Alpha158_csi300_custom_step0_s_20260513_14,2e725a1498024a7b92dad05cd7eb6453,0.082,,,
1311,2026-05-13,SH688126,0.14313238859176636,EXP_XGBModel_Alpha158_csi300_custom_step0_s_20260513_14,2e725a1498024a7b92dad05cd7eb6453,0.082,,,
1312,2026-05-13,SH688169,-0.03010757826268673,EXP_XGBModel_Alpha158_csi300_custom_step0_s_20260513_14,2e725a1498024a7b92dad05cd7eb6453,0.082,,,
1313,2026-05-13,SH688187,0.02745100110769272,EXP_XGBModel_Alpha158_csi300_custom_step0_s_20260513_14,2e725a1498024a7b92dad05cd7eb6453,0.082,,,
1314,2026-05-13,SH688223,0.2928354740142822,EXP_XGBModel_Alpha158_csi300_custom_step0_s_20260513_14,2e725a1498024a7b92dad05cd7eb6453,0.082,,,
1315,2026-05-13,SH688256,-0.6612661480903625,EXP_XGBModel_Alpha158_csi300_custom_step0_s_20260513_14,2e725a1498024a7b92dad05cd7eb6453,0.082,,,
1316,2026-05-13,SH688271,0.016188427805900574,EXP_XGBModel_Alpha158_csi300_custom_step0_s_20260513_14,2e725a1498024a7b92dad05cd7eb6453,0.082,,,
1317,2026-05-13,SH688303,0.05796787887811661,EXP_XGBModel_Alpha158_csi300_custom_step0_s_20260513_14,2e725a1498024a7b92dad05cd7eb6453,0.082,,,
1318,2026-05-13,SH688036,0.014031010679900646,EXP_XGBModel_Alpha158_csi300_custom_step0_s_20260513_14,2e725a1498024a7b92dad05cd7eb6453,0.082,,,
1319,2026-05-13,SH603288,-0.03576022759079933,EXP_XGBModel_Alpha158_csi300_custom_step0_s_20260513_14,2e725a1498024a7b92dad05cd7eb6453,0.082,,,
1320,2026-05-13,SH603260,-0.03048214316368103,EXP_XGBModel_Alpha158_csi300_custom_step0_s_20260513_14,2e725a1498024a7b92dad05cd7eb6453,0.082,,,
1321,2026-05-13,SH603259,0.005667736753821373,EXP_XGBModel_Alpha158_csi300_custom_step0_s_20260513_14,2e725a1498024a7b92dad05cd7eb6453,0.082,,,
1322,2026-05-13,SH601800,-0.06818846613168716,EXP_XGBModel_Alpha158_csi300_custom_step0_s_20260513_14,2e725a1498024a7b92dad05cd7eb6453,0.082,,,
1323,2026-05-13,SH601808,-0.03775897994637489,EXP_XGBModel_Alpha158_csi300_custom_step0_s_20260513_14,2e725a1498024a7b92dad05cd7eb6453,0.082,,,
1324,2026-05-13,SH601816,-0.0702887624502182,EXP_XGBModel_Alpha158_csi300_custom_step0_s_20260513_14,2e725a1498024a7b92dad05cd7eb6453,0.082,,,
1325,2026-05-13,SH601818,-0.03818690776824951,EXP_XGBModel_Alpha158_csi300_custom_step0_s_20260513_14,2e725a1498024a7b92dad05cd7eb6453,0.082,,,
1326,2026-05-13,SH601825,-0.022269200533628464,EXP_XGBModel_Alpha158_csi300_custom_step0_s_20260513_14,2e725a1498024a7b92dad05cd7eb6453,0.082,,,
1327,2026-05-13,SH601838,0.04690492898225784,EXP_XGBModel_Alpha158_csi300_custom_step0_s_20260513_14,2e725a1498024a7b92dad05cd7eb6453,0.082,,,
1328,2026-05-13,SH601857,-0.028353670611977577,EXP_XGBModel_Alpha158_csi300_custom_step0_s_20260513_14,2e725a1498024a7b92dad05cd7eb6453,0.082,,,
1329,2026-05-13,SH601868,0.2979062497615814,EXP_XGBModel_Alpha158_csi300_custom_step0_s_20260513_14,2e725a1498024a7b92dad05cd7eb6453,0.082,,,
1330,2026-05-13,SH601872,-0.30567029118537903,EXP_XGBModel_Alpha158_csi300_custom_step0_s_20260513_14,2e725a1498024a7b92dad05cd7eb6453,0.082,,,
1331,2026-05-13,SH601877,0.02778673730790615,EXP_XGBModel_Alpha158_csi300_custom_step0_s_20260513_14,2e725a1498024a7b92dad05cd7eb6453,0.082,,,
1332,2026-05-13,SH601878,7.881814963184297e-05,EXP_XGBModel_Alpha158_csi300_custom_step0_s_20260513_14,2e725a1498024a7b92dad05cd7eb6453,0.082,,,
1333,2026-05-13,SH601881,-0.016834691166877747,EXP_XGBModel_Alpha158_csi300_custom_step0_s_20260513_14,2e725a1498024a7b92dad05cd7eb6453,0.082,,,
1334,2026-05-13,SH601888,0.14610128104686737,EXP_XGBModel_Alpha158_csi300_custom_step0_s_20260513_14,2e725a1498024a7b92dad05cd7eb6453,0.082,,,
1335,2026-05-13,SH601898,-0.034828830510377884,EXP_XGBModel_Alpha158_csi300_custom_step0_s_20260513_14,2e725a1498024a7b92dad05cd7eb6453,0.082,,,
1336,2026-05-13,SH601899,0.0020398125052452087,EXP_XGBModel_Alpha158_csi300_custom_step0_s_20260513_14,2e725a1498024a7b92dad05cd7eb6453,0.082,,,
1337,2026-05-13,SH601901,0.009018884971737862,EXP_XGBModel_Alpha158_csi300_custom_step0_s_20260513_14,2e725a1498024a7b92dad05cd7eb6453,0.082,,,
1338,2026-05-13,SH601916,-0.024861212819814682,EXP_XGBModel_Alpha158_csi300_custom_step0_s_20260513_14,2e725a1498024a7b92dad05cd7eb6453,0.082,,,
1339,2026-05-13,SH601919,-0.042151059955358505,EXP_XGBModel_Alpha158_csi300_custom_step0_s_20260513_14,2e725a1498024a7b92dad05cd7eb6453,0.082,,,
1340,2026-05-13,SH601939,0.004635379649698734,EXP_XGBModel_Alpha158_csi300_custom_step0_s_20260513_14,2e725a1498024a7b92dad05cd7eb6453,0.082,,,
1341,2026-05-13,SH601985,0.02123137190937996,EXP_XGBModel_Alpha158_csi300_custom_step0_s_20260513_14,2e725a1498024a7b92dad05cd7eb6453,0.082,,,
1342,2026-05-13,SH601988,-0.004891024436801672,EXP_XGBModel_Alpha158_csi300_custom_step0_s_20260513_14,2e725a1498024a7b92dad05cd7eb6453,0.082,,,
1343,2026-05-13,SH601995,0.017229102551937103,EXP_XGBModel_Alpha158_csi300_custom_step0_s_20260513_14,2e725a1498024a7b92dad05cd7eb6453,0.082,,,
1344,2026-05-13,SH601998,-0.011446340940892696,EXP_XGBModel_Alpha158_csi300_custom_step0_s_20260513_14,2e725a1498024a7b92dad05cd7eb6453,0.082,,,
1345,2026-05-13,SH603019,-0.05026568844914436,EXP_XGBModel_Alpha158_csi300_custom_step0_s_20260513_14,2e725a1498024a7b92dad05cd7eb6453,0.082,,,
1346,2026-05-13,SH603195,-0.01857626810669899,EXP_XGBModel_Alpha158_csi300_custom_step0_s_20260513_14,2e725a1498024a7b92dad05cd7eb6453,0.082,,,
1347,2026-05-13,SH600919,0.04100563004612923,EXP_XGBModel_Alpha158_csi300_custom_step0_s_20260513_14,2e725a1498024a7b92dad05cd7eb6453,0.082,,,
1348,2026-05-13,SH600000,-0.06007774919271469,EXP_LinearModel_Alpha158_csi300_custom_step0_s_20260513_15,9a9f7606a29c46e5be67fdf4629f07b9,0.082,,,
1349,2026-05-13,SH601919,-0.15259000658988953,EXP_LinearModel_Alpha158_csi300_custom_step0_s_20260513_15,c943d4f61fe1404096c354f26af4de5a,0.144,,,
1350,2026-05-13,SH601901,0.01527097076177597,EXP_LinearModel_Alpha158_csi300_custom_step0_s_20260513_15,c943d4f61fe1404096c354f26af4de5a,0.144,,,
1351,2026-05-13,SH601878,0.0014470075257122517,EXP_LinearModel_Alpha158_csi300_custom_step0_s_20260513_15,9a9f7606a29c46e5be67fdf4629f07b9,0.082,,,
1352,2026-05-13,SH601881,0.03358041122555733,EXP_LinearModel_Alpha158_csi300_custom_step0_s_20260513_15,9a9f7606a29c46e5be67fdf4629f07b9,0.082,,,
1353,2026-05-13,SH601888,-0.0744415745139122,EXP_LinearModel_Alpha158_csi300_custom_step0_s_20260513_15,9a9f7606a29c46e5be67fdf4629f07b9,0.082,,,
1354,2026-05-13,SH601898,0.08486650139093399,EXP_LinearModel_Alpha158_csi300_custom_step0_s_20260513_15,9a9f7606a29c46e5be67fdf4629f07b9,0.082,,,
1355,2026-05-13,SH601899,-0.007717961445450783,EXP_LinearModel_Alpha158_csi300_custom_step0_s_20260513_15,9a9f7606a29c46e5be67fdf4629f07b9,0.082,,,
1356,2026-05-13,SH601901,0.013057271018624306,EXP_LinearModel_Alpha158_csi300_custom_step0_s_20260513_15,9a9f7606a29c46e5be67fdf4629f07b9,0.082,,,
1357,2026-05-13,SH601916,0.13563668727874756,EXP_LinearModel_Alpha158_csi300_custom_step0_s_20260513_15,9a9f7606a29c46e5be67fdf4629f07b9,0.082,,,
1358,2026-05-13,SH601919,-0.07095959037542343,EXP_LinearModel_Alpha158_csi300_custom_step0_s_20260513_15,9a9f7606a29c46e5be67fdf4629f07b9,0.082,,,
1359,2026-05-13,SH601939,-0.004148306790739298,EXP_LinearModel_Alpha158_csi300_custom_step0_s_20260513_15,9a9f7606a29c46e5be67fdf4629f07b9,0.082,,,
1360,2026-05-13,SH601985,0.09522093087434769,EXP_LinearModel_Alpha158_csi300_custom_step0_s_20260513_15,9a9f7606a29c46e5be67fdf4629f07b9,0.082,,,
1361,2026-05-13,SH601988,0.026883799582719803,EXP_LinearModel_Alpha158_csi300_custom_step0_s_20260513_15,9a9f7606a29c46e5be67fdf4629f07b9,0.082,,,
1362,2026-05-13,SH601877,-0.0196976438164711,EXP_LinearModel_Alpha158_csi300_custom_step0_s_20260513_15,9a9f7606a29c46e5be67fdf4629f07b9,0.082,,,
1363,2026-05-13,SH601995,0.051617685705423355,EXP_LinearModel_Alpha158_csi300_custom_step0_s_20260513_15,9a9f7606a29c46e5be67fdf4629f07b9,0.082,,,
1364,2026-05-13,SH603019,0.060601212084293365,EXP_LinearModel_Alpha158_csi300_custom_step0_s_20260513_15,9a9f7606a29c46e5be67fdf4629f07b9,0.082,,,
1365,2026-05-13,SH603195,-0.06855501979589462,EXP_LinearModel_Alpha158_csi300_custom_step0_s_20260513_15,9a9f7606a29c46e5be67fdf4629f07b9,0.082,,,
1366,2026-05-13,SH603259,-0.0012851094361394644,EXP_LinearModel_Alpha158_csi300_custom_step0_s_20260513_15,9a9f7606a29c46e5be67fdf4629f07b9,0.082,,,
1367,2026-05-13,SH603260,0.00044734077528119087,EXP_LinearModel_Alpha158_csi300_custom_step0_s_20260513_15,9a9f7606a29c46e5be67fdf4629f07b9,0.082,,,
1368,2026-05-13,SH603288,0.029600325971841812,EXP_LinearModel_Alpha158_csi300_custom_step0_s_20260513_15,9a9f7606a29c46e5be67fdf4629f07b9,0.082,,,
1369,2026-05-13,SH603296,0.011085815727710724,EXP_LinearModel_Alpha158_csi300_custom_step0_s_20260513_15,9a9f7606a29c46e5be67fdf4629f07b9,0.082,,,
1370,2026-05-13,SH603369,-0.019843827933073044,EXP_LinearModel_Alpha158_csi300_custom_step0_s_20260513_15,9a9f7606a29c46e5be67fdf4629f07b9,0.082,,,
1371,2026-05-13,SH603392,-0.05427141115069389,EXP_LinearModel_Alpha158_csi300_custom_step0_s_20260513_15,9a9f7606a29c46e5be67fdf4629f07b9,0.082,,,
1372,2026-05-13,SH603501,-0.04905792698264122,EXP_LinearModel_Alpha158_csi300_custom_step0_s_20260513_15,9a9f7606a29c46e5be67fdf4629f07b9,0.082,,,
1373,2026-05-13,SH603799,0.07203883677721024,EXP_LinearModel_Alpha158_csi300_custom_step0_s_20260513_15,9a9f7606a29c46e5be67fdf4629f07b9,0.082,,,
1374,2026-05-13,SH603893,0.14712151885032654,EXP_LinearModel_Alpha158_csi300_custom_step0_s_20260513_15,9a9f7606a29c46e5be67fdf4629f07b9,0.082,,,
1375,2026-05-13,SH601998,-0.13033996522426605,EXP_LinearModel_Alpha158_csi300_custom_step0_s_20260513_15,9a9f7606a29c46e5be67fdf4629f07b9,0.082,,,
1376,2026-05-13,SH603986,-0.0357048325240612,EXP_LinearModel_Alpha158_csi300_custom_step0_s_20260513_15,9a9f7606a29c46e5be67fdf4629f07b9,0.082,,,
1377,2026-05-13,SH601872,0.06210383400321007,EXP_LinearModel_Alpha158_csi300_custom_step0_s_20260513_15,9a9f7606a29c46e5be67fdf4629f07b9,0.082,,,
1378,2026-05-13,SH601857,-0.019888484850525856,EXP_LinearModel_Alpha158_csi300_custom_step0_s_20260513_15,9a9f7606a29c46e5be67fdf4629f07b9,0.082,,,
1379,2026-05-13,SH601390,-0.026899607852101326,EXP_LinearModel_Alpha158_csi300_custom_step0_s_20260513_15,9a9f7606a29c46e5be67fdf4629f07b9,0.082,,,
1380,2026-05-13,SH601398,0.02916954830288887,EXP_LinearModel_Alpha158_csi300_custom_step0_s_20260513_15,9a9f7606a29c46e5be67fdf4629f07b9,0.082,,,
1381,2026-05-13,SH601456,0.029610462486743927,EXP_LinearModel_Alpha158_csi300_custom_step0_s_20260513_15,9a9f7606a29c46e5be67fdf4629f07b9,0.082,,,
1382,2026-05-13,SH601600,0.026406940072774887,EXP_LinearModel_Alpha158_csi300_custom_step0_s_20260513_15,9a9f7606a29c46e5be67fdf4629f07b9,0.082,,,
1383,2026-05-13,SH601601,-0.03298285976052284,EXP_LinearModel_Alpha158_csi300_custom_step0_s_20260513_15,9a9f7606a29c46e5be67fdf4629f07b9,0.082,,,
1384,2026-05-13,SH601607,-0.04951319098472595,EXP_LinearModel_Alpha158_csi300_custom_step0_s_20260513_15,9a9f7606a29c46e5be67fdf4629f07b9,0.082,,,
1385,2026-05-13,SH601618,0.0372224822640419,EXP_LinearModel_Alpha158_csi300_custom_step0_s_20260513_15,9a9f7606a29c46e5be67fdf4629f07b9,0.082,,,
1386,2026-05-13,SH601628,-0.047999270260334015,EXP_LinearModel_Alpha158_csi300_custom_step0_s_20260513_15,9a9f7606a29c46e5be67fdf4629f07b9,0.082,,,
1387,2026-05-13,SH601633,-0.09403479099273682,EXP_LinearModel_Alpha158_csi300_custom_step0_s_20260513_15,9a9f7606a29c46e5be67fdf4629f07b9,0.082,,,
1388,2026-05-13,SH601658,-0.11646772176027298,EXP_LinearModel_Alpha158_csi300_custom_step0_s_20260513_15,9a9f7606a29c46e5be67fdf4629f07b9,0.082,,,
1389,2026-05-13,SH601668,-0.003855873132124543,EXP_LinearModel_Alpha158_csi300_custom_step0_s_20260513_15,9a9f7606a29c46e5be67fdf4629f07b9,0.082,,,
1390,2026-05-13,SH601868,-0.11972233653068542,EXP_LinearModel_Alpha158_csi300_custom_step0_s_20260513_15,9a9f7606a29c46e5be67fdf4629f07b9,0.082,,,
1391,2026-05-13,SH601669,-0.025597641244530678,EXP_LinearModel_Alpha158_csi300_custom_step0_s_20260513_15,9a9f7606a29c46e5be67fdf4629f07b9,0.082,,,
1392,2026-05-13,SH601689,-0.04415188729763031,EXP_LinearModel_Alpha158_csi300_custom_step0_s_20260513_15,9a9f7606a29c46e5be67fdf4629f07b9,0.082,,,
1393,2026-05-13,SH601698,0.010474808514118195,EXP_LinearModel_Alpha158_csi300_custom_step0_s_20260513_15,9a9f7606a29c46e5be67fdf4629f07b9,0.082,,,
1394,2026-05-13,SH601728,0.005584551487118006,EXP_LinearModel_Alpha158_csi300_custom_step0_s_20260513_15,9a9f7606a29c46e5be67fdf4629f07b9,0.082,,,
1395,2026-05-13,SH601766,0.011409424245357513,EXP_LinearModel_Alpha158_csi300_custom_step0_s_20260513_15,9a9f7606a29c46e5be67fdf4629f07b9,0.082,,,
1396,2026-05-13,SH601788,-0.002586229471489787,EXP_LinearModel_Alpha158_csi300_custom_step0_s_20260513_15,9a9f7606a29c46e5be67fdf4629f07b9,0.082,,,
1397,2026-05-13,SH601800,-0.08521279692649841,EXP_LinearModel_Alpha158_csi300_custom_step0_s_20260513_15,9a9f7606a29c46e5be67fdf4629f07b9,0.082,,,
1398,2026-05-13,SH601808,-0.13915079832077026,EXP_LinearModel_Alpha158_csi300_custom_step0_s_20260513_15,9a9f7606a29c46e5be67fdf4629f07b9,0.082,,,
1399,2026-05-13,SH601816,-0.053731776773929596,EXP_LinearModel_Alpha158_csi300_custom_step0_s_20260513_15,9a9f7606a29c46e5be67fdf4629f07b9,0.082,,,
1400,2026-05-13,SH601818,0.02029462158679962,EXP_LinearModel_Alpha158_csi300_custom_step0_s_20260513_15,9a9f7606a29c46e5be67fdf4629f07b9,0.082,,,
1401,2026-05-13,SH601825,-0.009551634080708027,EXP_LinearModel_Alpha158_csi300_custom_step0_s_20260513_15,9a9f7606a29c46e5be67fdf4629f07b9,0.082,,,
1402,2026-05-13,SH601838,0.05817388370633125,EXP_LinearModel_Alpha158_csi300_custom_step0_s_20260513_15,9a9f7606a29c46e5be67fdf4629f07b9,0.082,,,
1403,2026-05-13,SH601688,-0.011174378916621208,EXP_LinearModel_Alpha158_csi300_custom_step0_s_20260513_15,9a9f7606a29c46e5be67fdf4629f07b9,0.082,,,
1404,2026-05-13,SH601377,0.038646165281534195,EXP_LinearModel_Alpha158_csi300_custom_step0_s_20260513_15,9a9f7606a29c46e5be67fdf4629f07b9,0.082,,,
1405,2026-05-13,SH603993,0.017668751999735832,EXP_LinearModel_Alpha158_csi300_custom_step0_s_20260513_15,9a9f7606a29c46e5be67fdf4629f07b9,0.082,,,
1406,2026-05-13,SH605499,-0.04960823804140091,EXP_LinearModel_Alpha158_csi300_custom_step0_s_20260513_15,9a9f7606a29c46e5be67fdf4629f07b9,0.082,,,
1407,2026-05-13,SZ000408,0.08870530128479004,EXP_LinearModel_Alpha158_csi300_custom_step0_s_20260513_15,9a9f7606a29c46e5be67fdf4629f07b9,0.082,,,
1408,2026-05-13,SZ000425,-0.057495031505823135,EXP_LinearModel_Alpha158_csi300_custom_step0_s_20260513_15,9a9f7606a29c46e5be67fdf4629f07b9,0.082,,,
1409,2026-05-13,SZ000538,-0.08755187690258026,EXP_LinearModel_Alpha158_csi300_custom_step0_s_20260513_15,9a9f7606a29c46e5be67fdf4629f07b9,0.082,,,
1410,2026-05-13,SZ000568,-0.04380186274647713,EXP_LinearModel_Alpha158_csi300_custom_step0_s_20260513_15,9a9f7606a29c46e5be67fdf4629f07b9,0.082,,,
1411,2026-05-13,SZ000596,-0.008350680582225323,EXP_LinearModel_Alpha158_csi300_custom_step0_s_20260513_15,9a9f7606a29c46e5be67fdf4629f07b9,0.082,,,
1412,2026-05-13,SZ000617,-0.036839354783296585,EXP_LinearModel_Alpha158_csi300_custom_step0_s_20260513_15,9a9f7606a29c46e5be67fdf4629f07b9,0.082,,,
1413,2026-05-13,SZ000625,-0.10172133892774582,EXP_LinearModel_Alpha158_csi300_custom_step0_s_20260513_15,9a9f7606a29c46e5be67fdf4629f07b9,0.082,,,
1414,2026-05-13,SZ000630,-0.025196436792612076,EXP_LinearModel_Alpha158_csi300_custom_step0_s_20260513_15,9a9f7606a29c46e5be67fdf4629f07b9,0.082,,,
1415,2026-05-13,SZ000651,0.06205116584897041,EXP_LinearModel_Alpha158_csi300_custom_step0_s_20260513_15,9a9f7606a29c46e5be67fdf4629f07b9,0.082,,,
1416,2026-05-13,SZ000661,-0.0708724856376648,EXP_LinearModel_Alpha158_csi300_custom_step0_s_20260513_15,9a9f7606a29c46e5be67fdf4629f07b9,0.082,,,
1417,2026-05-13,SZ000708,0.007855514995753765,EXP_LinearModel_Alpha158_csi300_custom_step0_s_20260513_15,9a9f7606a29c46e5be67fdf4629f07b9,0.082,,,
1418,2026-05-13,SZ000338,0.04111890122294426,EXP_LinearModel_Alpha158_csi300_custom_step0_s_20260513_15,9a9f7606a29c46e5be67fdf4629f07b9,0.082,,,
1419,2026-05-13,SZ000725,0.004093626979738474,EXP_LinearModel_Alpha158_csi300_custom_step0_s_20260513_15,9a9f7606a29c46e5be67fdf4629f07b9,0.082,,,
1420,2026-05-13,SZ000776,0.07332272082567215,EXP_LinearModel_Alpha158_csi300_custom_step0_s_20260513_15,9a9f7606a29c46e5be67fdf4629f07b9,0.082,,,
1421,2026-05-13,SZ000786,-0.005562831647694111,EXP_LinearModel_Alpha158_csi300_custom_step0_s_20260513_15,9a9f7606a29c46e5be67fdf4629f07b9,0.082,,,
1422,2026-05-13,SZ000792,0.06511148810386658,EXP_LinearModel_Alpha158_csi300_custom_step0_s_20260513_15,9a9f7606a29c46e5be67fdf4629f07b9,0.082,,,
1423,2026-05-13,SZ000807,0.030819276347756386,EXP_LinearModel_Alpha158_csi300_custom_step0_s_20260513_15,9a9f7606a29c46e5be67fdf4629f07b9,0.082,,,
1424,2026-05-13,SZ000858,-0.08690963685512543,EXP_LinearModel_Alpha158_csi300_custom_step0_s_20260513_15,9a9f7606a29c46e5be67fdf4629f07b9,0.082,,,
1425,2026-05-13,SZ000876,-0.07009898126125336,EXP_LinearModel_Alpha158_csi300_custom_step0_s_20260513_15,9a9f7606a29c46e5be67fdf4629f07b9,0.082,,,
1426,2026-05-13,SZ000895,-0.013570647686719894,EXP_LinearModel_Alpha158_csi300_custom_step0_s_20260513_15,9a9f7606a29c46e5be67fdf4629f07b9,0.082,,,
1427,2026-05-13,SZ000938,0.11079437285661697,EXP_LinearModel_Alpha158_csi300_custom_step0_s_20260513_15,9a9f7606a29c46e5be67fdf4629f07b9,0.082,,,
1428,2026-05-13,SZ000963,-0.02082820236682892,EXP_LinearModel_Alpha158_csi300_custom_step0_s_20260513_15,9a9f7606a29c46e5be67fdf4629f07b9,0.082,,,
1429,2026-05-13,SZ000975,0.007467226125299931,EXP_LinearModel_Alpha158_csi300_custom_step0_s_20260513_15,9a9f7606a29c46e5be67fdf4629f07b9,0.082,,,
1430,2026-05-13,SZ000977,0.17206327617168427,EXP_LinearModel_Alpha158_csi300_custom_step0_s_20260513_15,9a9f7606a29c46e5be67fdf4629f07b9,0.082,,,
1431,2026-05-13,SZ000768,-0.04083268344402313,EXP_LinearModel_Alpha158_csi300_custom_step0_s_20260513_15,9a9f7606a29c46e5be67fdf4629f07b9,0.082,,,
1432,2026-05-13,SH605117,0.08584854006767273,EXP_LinearModel_Alpha158_csi300_custom_step0_s_20260513_15,9a9f7606a29c46e5be67fdf4629f07b9,0.082,,,
1433,2026-05-13,SZ000333,0.07727707922458649,EXP_LinearModel_Alpha158_csi300_custom_step0_s_20260513_15,9a9f7606a29c46e5be67fdf4629f07b9,0.082,,,
1434,2026-05-13,SZ000166,-0.026156224310398102,EXP_LinearModel_Alpha158_csi300_custom_step0_s_20260513_15,9a9f7606a29c46e5be67fdf4629f07b9,0.082,,,
1435,2026-05-13,SH688008,-0.15395285189151764,EXP_LinearModel_Alpha158_csi300_custom_step0_s_20260513_15,9a9f7606a29c46e5be67fdf4629f07b9,0.082,,,
1436,2026-05-13,SH688009,-0.047704316675662994,EXP_LinearModel_Alpha158_csi300_custom_step0_s_20260513_15,9a9f7606a29c46e5be67fdf4629f07b9,0.082,,,
1437,2026-05-13,SH688012,0.01704694703221321,EXP_LinearModel_Alpha158_csi300_custom_step0_s_20260513_15,9a9f7606a29c46e5be67fdf4629f07b9,0.082,,,
1438,2026-05-13,SH688036,-0.06229245662689209,EXP_LinearModel_Alpha158_csi300_custom_step0_s_20260513_15,9a9f7606a29c46e5be67fdf4629f07b9,0.082,,,
1439,2026-05-13,SH688041,0.08587849140167236,EXP_LinearModel_Alpha158_csi300_custom_step0_s_20260513_15,9a9f7606a29c46e5be67fdf4629f07b9,0.082,,,
1440,2026-05-13,SH688047,0.08001792430877686,EXP_LinearModel_Alpha158_csi300_custom_step0_s_20260513_15,9a9f7606a29c46e5be67fdf4629f07b9,0.082,,,
1441,2026-05-13,SH688082,-0.018736667931079865,EXP_LinearModel_Alpha158_csi300_custom_step0_s_20260513_15,9a9f7606a29c46e5be67fdf4629f07b9,0.082,,,
1442,2026-05-13,SH688111,-0.049479275941848755,EXP_LinearModel_Alpha158_csi300_custom_step0_s_20260513_15,9a9f7606a29c46e5be67fdf4629f07b9,0.082,,,
1443,2026-05-13,SH688126,-0.08186115324497223,EXP_LinearModel_Alpha158_csi300_custom_step0_s_20260513_15,9a9f7606a29c46e5be67fdf4629f07b9,0.082,,,
1444,2026-05-13,SH688169,-0.057735417038202286,EXP_LinearModel_Alpha158_csi300_custom_step0_s_20260513_15,9a9f7606a29c46e5be67fdf4629f07b9,0.082,,,
1445,2026-05-13,SH688187,0.36971646547317505,EXP_LinearModel_Alpha158_csi300_custom_step0_s_20260513_15,9a9f7606a29c46e5be67fdf4629f07b9,0.082,,,
1446,2026-05-13,SZ000301,0.07206963747739792,EXP_LinearModel_Alpha158_csi300_custom_step0_s_20260513_15,9a9f7606a29c46e5be67fdf4629f07b9,0.082,,,
1447,2026-05-13,SH688223,-0.08755846321582794,EXP_LinearModel_Alpha158_csi300_custom_step0_s_20260513_15,9a9f7606a29c46e5be67fdf4629f07b9,0.082,,,
1448,2026-05-13,SH688271,0.0441964752972126,EXP_LinearModel_Alpha158_csi300_custom_step0_s_20260513_15,9a9f7606a29c46e5be67fdf4629f07b9,0.082,,,
1449,2026-05-13,SH688303,-0.06718602776527405,EXP_LinearModel_Alpha158_csi300_custom_step0_s_20260513_15,9a9f7606a29c46e5be67fdf4629f07b9,0.082,,,
1450,2026-05-13,SH688396,0.11070512235164642,EXP_LinearModel_Alpha158_csi300_custom_step0_s_20260513_15,9a9f7606a29c46e5be67fdf4629f07b9,0.082,,,
1451,2026-05-13,SH688472,-0.0534617118537426,EXP_LinearModel_Alpha158_csi300_custom_step0_s_20260513_15,9a9f7606a29c46e5be67fdf4629f07b9,0.082,,,
1452,2026-05-13,SH688506,0.04337272793054581,EXP_LinearModel_Alpha158_csi300_custom_step0_s_20260513_15,9a9f7606a29c46e5be67fdf4629f07b9,0.082,,,
1453,2026-05-13,SH688981,0.09386476874351501,EXP_LinearModel_Alpha158_csi300_custom_step0_s_20260513_15,9a9f7606a29c46e5be67fdf4629f07b9,0.082,,,
1454,2026-05-13,SZ000001,-0.10097290575504303,EXP_LinearModel_Alpha158_csi300_custom_step0_s_20260513_15,9a9f7606a29c46e5be67fdf4629f07b9,0.082,,,
1455,2026-05-13,SZ000002,-0.044393256306648254,EXP_LinearModel_Alpha158_csi300_custom_step0_s_20260513_15,9a9f7606a29c46e5be67fdf4629f07b9,0.082,,,
1456,2026-05-13,SZ000063,0.07548590749502182,EXP_LinearModel_Alpha158_csi300_custom_step0_s_20260513_15,9a9f7606a29c46e5be67fdf4629f07b9,0.082,,,
1457,2026-05-13,SZ000100,0.027911430224776268,EXP_LinearModel_Alpha158_csi300_custom_step0_s_20260513_15,9a9f7606a29c46e5be67fdf4629f07b9,0.082,,,
1458,2026-05-13,SZ000157,0.03956618532538414,EXP_LinearModel_Alpha158_csi300_custom_step0_s_20260513_15,9a9f7606a29c46e5be67fdf4629f07b9,0.082,,,
1459,2026-05-13,SH688256,0.046189360320568085,EXP_LinearModel_Alpha158_csi300_custom_step0_s_20260513_15,9a9f7606a29c46e5be67fdf4629f07b9,0.082,,,
1460,2026-05-13,SH601360,-0.02790645882487297,EXP_LinearModel_Alpha158_csi300_custom_step0_s_20260513_15,9a9f7606a29c46e5be67fdf4629f07b9,0.082,,,
1461,2026-05-13,SH601336,-0.053015295416116714,EXP_LinearModel_Alpha158_csi300_custom_step0_s_20260513_15,9a9f7606a29c46e5be67fdf4629f07b9,0.082,,,
1462,2026-05-13,SH601328,-0.09507495909929276,EXP_LinearModel_Alpha158_csi300_custom_step0_s_20260513_15,9a9f7606a29c46e5be67fdf4629f07b9,0.082,,,
1463,2026-05-13,SH600176,0.1543864756822586,EXP_LinearModel_Alpha158_csi300_custom_step0_s_20260513_15,9a9f7606a29c46e5be67fdf4629f07b9,0.082,,,
1464,2026-05-13,SH600183,0.09920615702867508,EXP_LinearModel_Alpha158_csi300_custom_step0_s_20260513_15,9a9f7606a29c46e5be67fdf4629f07b9,0.082,,,
1465,2026-05-13,SH600188,0.033688098192214966,EXP_LinearModel_Alpha158_csi300_custom_step0_s_20260513_15,9a9f7606a29c46e5be67fdf4629f07b9,0.082,,,
1466,2026-05-13,SH600196,-0.014326918870210648,EXP_LinearModel_Alpha158_csi300_custom_step0_s_20260513_15,9a9f7606a29c46e5be67fdf4629f07b9,0.082,,,
1467,2026-05-13,SH600219,0.06526147574186325,EXP_LinearModel_Alpha158_csi300_custom_step0_s_20260513_15,9a9f7606a29c46e5be67fdf4629f07b9,0.082,,,
1468,2026-05-13,SH600233,-0.02021920680999756,EXP_LinearModel_Alpha158_csi300_custom_step0_s_20260513_15,9a9f7606a29c46e5be67fdf4629f07b9,0.082,,,
1469,2026-05-13,SH600276,0.0008505005389451981,EXP_LinearModel_Alpha158_csi300_custom_step0_s_20260513_15,9a9f7606a29c46e5be67fdf4629f07b9,0.082,,,
1470,2026-05-13,SH600309,0.030545327812433243,EXP_LinearModel_Alpha158_csi300_custom_step0_s_20260513_15,9a9f7606a29c46e5be67fdf4629f07b9,0.082,,,
1471,2026-05-13,SH600346,-0.05641057714819908,EXP_LinearModel_Alpha158_csi300_custom_step0_s_20260513_15,9a9f7606a29c46e5be67fdf4629f07b9,0.082,,,
1472,2026-05-13,SH600362,-0.004571670666337013,EXP_LinearModel_Alpha158_csi300_custom_step0_s_20260513_15,9a9f7606a29c46e5be67fdf4629f07b9,0.082,,,
1473,2026-05-13,SH600372,-0.029349341988563538,EXP_LinearModel_Alpha158_csi300_custom_step0_s_20260513_15,9a9f7606a29c46e5be67fdf4629f07b9,0.082,,,
1474,2026-05-13,SH600161,-0.030152970924973488,EXP_LinearModel_Alpha158_csi300_custom_step0_s_20260513_15,9a9f7606a29c46e5be67fdf4629f07b9,0.082,,,
1475,2026-05-13,SH600377,-0.013584769330918789,EXP_LinearModel_Alpha158_csi300_custom_step0_s_20260513_15,9a9f7606a29c46e5be67fdf4629f07b9,0.082,,,
1476,2026-05-13,SH600415,-0.047325871884822845,EXP_LinearModel_Alpha158_csi300_custom_step0_s_20260513_15,9a9f7606a29c46e5be67fdf4629f07b9,0.082,,,
1477,2026-05-13,SH600426,0.12153606116771698,EXP_LinearModel_Alpha158_csi300_custom_step0_s_20260513_15,9a9f7606a29c46e5be67fdf4629f07b9,0.082,,,
1478,2026-05-13,SH600436,-0.018384160473942757,EXP_LinearModel_Alpha158_csi300_custom_step0_s_20260513_15,9a9f7606a29c46e5be67fdf4629f07b9,0.082,,,
1479,2026-05-13,SH600438,0.08972027152776718,EXP_LinearModel_Alpha158_csi300_custom_step0_s_20260513_15,9a9f7606a29c46e5be67fdf4629f07b9,0.082,,,
1480,2026-05-13,SH600460,0.013581426814198494,EXP_LinearModel_Alpha158_csi300_custom_step0_s_20260513_15,9a9f7606a29c46e5be67fdf4629f07b9,0.082,,,
1481,2026-05-13,SH600482,0.1840440034866333,EXP_LinearModel_Alpha158_csi300_custom_step0_s_20260513_15,9a9f7606a29c46e5be67fdf4629f07b9,0.082,,,
1482,2026-05-13,SH600489,0.004769459366798401,EXP_LinearModel_Alpha158_csi300_custom_step0_s_20260513_15,9a9f7606a29c46e5be67fdf4629f07b9,0.082,,,
1483,2026-05-13,SH600515,0.023988980799913406,EXP_LinearModel_Alpha158_csi300_custom_step0_s_20260513_15,9a9f7606a29c46e5be67fdf4629f07b9,0.082,,,
1484,2026-05-13,SH600519,-0.10277169197797775,EXP_LinearModel_Alpha158_csi300_custom_step0_s_20260513_15,9a9f7606a29c46e5be67fdf4629f07b9,0.082,,,
1485,2026-05-13,SH600522,-0.3243923783302307,EXP_LinearModel_Alpha158_csi300_custom_step0_s_20260513_15,9a9f7606a29c46e5be67fdf4629f07b9,0.082,,,
1486,2026-05-13,SH600547,0.055313289165496826,EXP_LinearModel_Alpha158_csi300_custom_step0_s_20260513_15,9a9f7606a29c46e5be67fdf4629f07b9,0.082,,,
1487,2026-05-13,SH600406,0.007586867082864046,EXP_LinearModel_Alpha158_csi300_custom_step0_s_20260513_15,9a9f7606a29c46e5be67fdf4629f07b9,0.082,,,
1488,2026-05-13,SH600570,-0.008583392016589642,EXP_LinearModel_Alpha158_csi300_custom_step0_s_20260513_15,9a9f7606a29c46e5be67fdf4629f07b9,0.082,,,
1489,2026-05-13,SH600160,0.008050471544265747,EXP_LinearModel_Alpha158_csi300_custom_step0_s_20260513_15,9a9f7606a29c46e5be67fdf4629f07b9,0.082,,,
1490,2026-05-13,SH600115,-0.03069998323917389,EXP_LinearModel_Alpha158_csi300_custom_step0_s_20260513_15,9a9f7606a29c46e5be67fdf4629f07b9,0.082,,,
1491,2026-05-13,SH600010,-0.05695594474673271,EXP_LinearModel_Alpha158_csi300_custom_step0_s_20260513_15,9a9f7606a29c46e5be67fdf4629f07b9,0.082,,,
1492,2026-05-13,SH600011,0.0008156979456543922,EXP_LinearModel_Alpha158_csi300_custom_step0_s_20260513_15,9a9f7606a29c46e5be67fdf4629f07b9,0.082,,,
1493,2026-05-13,SH600015,-0.0975213572382927,EXP_LinearModel_Alpha158_csi300_custom_step0_s_20260513_15,9a9f7606a29c46e5be67fdf4629f07b9,0.082,,,
1494,2026-05-13,SH600016,-0.14056269824504852,EXP_LinearModel_Alpha158_csi300_custom_step0_s_20260513_15,9a9f7606a29c46e5be67fdf4629f07b9,0.082,,,
1495,2026-05-13,SH600018,0.03207329288125038,EXP_LinearModel_Alpha158_csi300_custom_step0_s_20260513_15,9a9f7606a29c46e5be67fdf4629f07b9,0.082,,,
1496,2026-05-13,SH600019,0.011750426143407822,EXP_LinearModel_Alpha158_csi300_custom_step0_s_20260513_15,9a9f7606a29c46e5be67fdf4629f07b9,0.082,,,
1497,2026-05-13,SH600023,0.00804884359240532,EXP_LinearModel_Alpha158_csi300_custom_step0_s_20260513_15,9a9f7606a29c46e5be67fdf4629f07b9,0.082,,,
1498,2026-05-13,SH600025,-0.020152918994426727,EXP_LinearModel_Alpha158_csi300_custom_step0_s_20260513_15,9a9f7606a29c46e5be67fdf4629f07b9,0.082,,,
1499,2026-05-13,SH600026,-0.03991200774908066,EXP_LinearModel_Alpha158_csi300_custom_step0_s_20260513_15,9a9f7606a29c46e5be67fdf4629f07b9,0.082,,,
1500,2026-05-13,SH600027,-0.011496612802147865,EXP_LinearModel_Alpha158_csi300_custom_step0_s_20260513_15,9a9f7606a29c46e5be67fdf4629f07b9,0.082,,,
1501,2026-05-13,SH600028,-0.07142695784568787,EXP_LinearModel_Alpha158_csi300_custom_step0_s_20260513_15,9a9f7606a29c46e5be67fdf4629f07b9,0.082,,,
1502,2026-05-13,SH600150,0.030307872220873833,EXP_LinearModel_Alpha158_csi300_custom_step0_s_20260513_15,9a9f7606a29c46e5be67fdf4629f07b9,0.082,,,
1503,2026-05-13,SH600029,-0.0511036217212677,EXP_LinearModel_Alpha158_csi300_custom_step0_s_20260513_15,9a9f7606a29c46e5be67fdf4629f07b9,0.082,,,
1504,2026-05-13,SH600031,-0.06658317893743515,EXP_LinearModel_Alpha158_csi300_custom_step0_s_20260513_15,9a9f7606a29c46e5be67fdf4629f07b9,0.082,,,
1505,2026-05-13,SH600036,-0.05488201603293419,EXP_LinearModel_Alpha158_csi300_custom_step0_s_20260513_15,9a9f7606a29c46e5be67fdf4629f07b9,0.082,,,
1506,2026-05-13,SH600039,0.12632615864276886,EXP_LinearModel_Alpha158_csi300_custom_step0_s_20260513_15,9a9f7606a29c46e5be67fdf4629f07b9,0.082,,,
1507,2026-05-13,SH600048,-0.014366289600729942,EXP_LinearModel_Alpha158_csi300_custom_step0_s_20260513_15,9a9f7606a29c46e5be67fdf4629f07b9,0.082,,,
1508,2026-05-13,SH600050,-0.05308482423424721,EXP_LinearModel_Alpha158_csi300_custom_step0_s_20260513_15,9a9f7606a29c46e5be67fdf4629f07b9,0.082,,,
1509,2026-05-13,SH600061,-0.04356865584850311,EXP_LinearModel_Alpha158_csi300_custom_step0_s_20260513_15,9a9f7606a29c46e5be67fdf4629f07b9,0.082,,,
1510,2026-05-13,SH600066,0.0507725290954113,EXP_LinearModel_Alpha158_csi300_custom_step0_s_20260513_15,9a9f7606a29c46e5be67fdf4629f07b9,0.082,,,
1511,2026-05-13,SH600085,-0.02832447551190853,EXP_LinearModel_Alpha158_csi300_custom_step0_s_20260513_15,9a9f7606a29c46e5be67fdf4629f07b9,0.082,,,
1512,2026-05-13,SH600089,-0.062012430280447006,EXP_LinearModel_Alpha158_csi300_custom_step0_s_20260513_15,9a9f7606a29c46e5be67fdf4629f07b9,0.082,,,
1513,2026-05-13,SH600104,-0.04695986211299896,EXP_LinearModel_Alpha158_csi300_custom_step0_s_20260513_15,9a9f7606a29c46e5be67fdf4629f07b9,0.082,,,
1514,2026-05-13,SH600111,-0.00170072540640831,EXP_LinearModel_Alpha158_csi300_custom_step0_s_20260513_15,9a9f7606a29c46e5be67fdf4629f07b9,0.082,,,
1515,2026-05-13,SH600030,0.18629388511180878,EXP_LinearModel_Alpha158_csi300_custom_step0_s_20260513_15,9a9f7606a29c46e5be67fdf4629f07b9,0.082,,,
1516,2026-05-13,SH600584,-0.060878969728946686,EXP_LinearModel_Alpha158_csi300_custom_step0_s_20260513_15,9a9f7606a29c46e5be67fdf4629f07b9,0.082,,,
1517,2026-05-13,SH600585,-0.009501345455646515,EXP_LinearModel_Alpha158_csi300_custom_step0_s_20260513_15,9a9f7606a29c46e5be67fdf4629f07b9,0.082,,,
1518,2026-05-13,SH600588,0.03367682546377182,EXP_LinearModel_Alpha158_csi300_custom_step0_s_20260513_15,9a9f7606a29c46e5be67fdf4629f07b9,0.082,,,
1519,2026-05-13,SH601021,0.0011484528658911586,EXP_LinearModel_Alpha158_csi300_custom_step0_s_20260513_15,9a9f7606a29c46e5be67fdf4629f07b9,0.082,,,
1520,2026-05-13,SH601058,-0.06945465505123138,EXP_LinearModel_Alpha158_csi300_custom_step0_s_20260513_15,9a9f7606a29c46e5be67fdf4629f07b9,0.082,,,
1521,2026-05-13,SH601059,0.006950380280613899,EXP_LinearModel_Alpha158_csi300_custom_step0_s_20260513_15,9a9f7606a29c46e5be67fdf4629f07b9,0.082,,,
1522,2026-05-13,SH601066,-0.010978003963828087,EXP_LinearModel_Alpha158_csi300_custom_step0_s_20260513_15,9a9f7606a29c46e5be67fdf4629f07b9,0.082,,,
1523,2026-05-13,SH601077,0.013516237027943134,EXP_LinearModel_Alpha158_csi300_custom_step0_s_20260513_15,9a9f7606a29c46e5be67fdf4629f07b9,0.082,,,
1524,2026-05-13,SH601088,-0.051114290952682495,EXP_LinearModel_Alpha158_csi300_custom_step0_s_20260513_15,9a9f7606a29c46e5be67fdf4629f07b9,0.082,,,
1525,2026-05-13,SH601100,-0.059917911887168884,EXP_LinearModel_Alpha158_csi300_custom_step0_s_20260513_15,9a9f7606a29c46e5be67fdf4629f07b9,0.082,,,
1526,2026-05-13,SH601111,-0.014715628698468208,EXP_LinearModel_Alpha158_csi300_custom_step0_s_20260513_15,9a9f7606a29c46e5be67fdf4629f07b9,0.082,,,
1527,2026-05-13,SH601117,0.07822354882955551,EXP_LinearModel_Alpha158_csi300_custom_step0_s_20260513_15,9a9f7606a29c46e5be67fdf4629f07b9,0.082,,,
1528,2026-05-13,SH601127,-0.04494881629943848,EXP_LinearModel_Alpha158_csi300_custom_step0_s_20260513_15,9a9f7606a29c46e5be67fdf4629f07b9,0.082,,,
1529,2026-05-13,SH601136,-0.0025783164892345667,EXP_LinearModel_Alpha158_csi300_custom_step0_s_20260513_15,9a9f7606a29c46e5be67fdf4629f07b9,0.082,,,
1530,2026-05-13,SH601018,0.040883153676986694,EXP_LinearModel_Alpha158_csi300_custom_step0_s_20260513_15,9a9f7606a29c46e5be67fdf4629f07b9,0.082,,,
1531,2026-05-13,SH601138,0.08163140714168549,EXP_LinearModel_Alpha158_csi300_custom_step0_s_20260513_15,9a9f7606a29c46e5be67fdf4629f07b9,0.082,,,
1532,2026-05-13,SH601169,-0.0655096247792244,EXP_LinearModel_Alpha158_csi300_custom_step0_s_20260513_15,9a9f7606a29c46e5be67fdf4629f07b9,0.082,,,
1533,2026-05-13,SH601186,0.02279176190495491,EXP_LinearModel_Alpha158_csi300_custom_step0_s_20260513_15,9a9f7606a29c46e5be67fdf4629f07b9,0.082,,,
1534,2026-05-13,SH601211,0.05426492542028427,EXP_LinearModel_Alpha158_csi300_custom_step0_s_20260513_15,9a9f7606a29c46e5be67fdf4629f07b9,0.082,,,
1535,2026-05-13,SH601225,0.00311849731951952,EXP_LinearModel_Alpha158_csi300_custom_step0_s_20260513_15,9a9f7606a29c46e5be67fdf4629f07b9,0.082,,,
1536,2026-05-13,SH601229,-0.01163557916879654,EXP_LinearModel_Alpha158_csi300_custom_step0_s_20260513_15,9a9f7606a29c46e5be67fdf4629f07b9,0.082,,,
1537,2026-05-13,SH601236,-0.019030099734663963,EXP_LinearModel_Alpha158_csi300_custom_step0_s_20260513_15,9a9f7606a29c46e5be67fdf4629f07b9,0.082,,,
1538,2026-05-13,SH601238,0.017794169485569,EXP_LinearModel_Alpha158_csi300_custom_step0_s_20260513_15,9a9f7606a29c46e5be67fdf4629f07b9,0.082,,,
1539,2026-05-13,SH601288,0.01686665788292885,EXP_LinearModel_Alpha158_csi300_custom_step0_s_20260513_15,9a9f7606a29c46e5be67fdf4629f07b9,0.082,,,
1540,2026-05-13,SH601298,0.04760155826807022,EXP_LinearModel_Alpha158_csi300_custom_step0_s_20260513_15,9a9f7606a29c46e5be67fdf4629f07b9,0.082,,,
1541,2026-05-13,SH601318,-0.05619275942444801,EXP_LinearModel_Alpha158_csi300_custom_step0_s_20260513_15,9a9f7606a29c46e5be67fdf4629f07b9,0.082,,,
1542,2026-05-13,SH601319,0.007560035679489374,EXP_LinearModel_Alpha158_csi300_custom_step0_s_20260513_15,9a9f7606a29c46e5be67fdf4629f07b9,0.082,,,
1543,2026-05-13,SH601166,-0.13073694705963135,EXP_LinearModel_Alpha158_csi300_custom_step0_s_20260513_15,9a9f7606a29c46e5be67fdf4629f07b9,0.082,,,
1544,2026-05-13,SH601012,-0.021204717457294464,EXP_LinearModel_Alpha158_csi300_custom_step0_s_20260513_15,9a9f7606a29c46e5be67fdf4629f07b9,0.082,,,
1545,2026-05-13,SH601009,-0.07313089072704315,EXP_LinearModel_Alpha158_csi300_custom_step0_s_20260513_15,9a9f7606a29c46e5be67fdf4629f07b9,0.082,,,
1546,2026-05-13,SH601006,0.01582392118871212,EXP_LinearModel_Alpha158_csi300_custom_step0_s_20260513_15,9a9f7606a29c46e5be67fdf4629f07b9,0.082,,,
1547,2026-05-13,SH600600,-0.10036375373601913,EXP_LinearModel_Alpha158_csi300_custom_step0_s_20260513_15,9a9f7606a29c46e5be67fdf4629f07b9,0.082,,,
1548,2026-05-13,SH600660,-0.010791128501296043,EXP_LinearModel_Alpha158_csi300_custom_step0_s_20260513_15,9a9f7606a29c46e5be67fdf4629f07b9,0.082,,,
1549,2026-05-13,SH600674,0.022212501615285873,EXP_LinearModel_Alpha158_csi300_custom_step0_s_20260513_15,9a9f7606a29c46e5be67fdf4629f07b9,0.082,,,
1550,2026-05-13,SH600690,-0.0771126076579094,EXP_LinearModel_Alpha158_csi300_custom_step0_s_20260513_15,9a9f7606a29c46e5be67fdf4629f07b9,0.082,,,
1551,2026-05-13,SH600741,0.01956566423177719,EXP_LinearModel_Alpha158_csi300_custom_step0_s_20260513_15,9a9f7606a29c46e5be67fdf4629f07b9,0.082,,,
1552,2026-05-13,SH600760,-0.01750202290713787,EXP_LinearModel_Alpha158_csi300_custom_step0_s_20260513_15,9a9f7606a29c46e5be67fdf4629f07b9,0.082,,,
1553,2026-05-13,SH600795,-0.0021347631700336933,EXP_LinearModel_Alpha158_csi300_custom_step0_s_20260513_15,9a9f7606a29c46e5be67fdf4629f07b9,0.082,,,
1554,2026-05-13,SH600803,-0.008528212085366249,EXP_LinearModel_Alpha158_csi300_custom_step0_s_20260513_15,9a9f7606a29c46e5be67fdf4629f07b9,0.082,,,
1555,2026-05-13,SH600809,-0.02797425352036953,EXP_LinearModel_Alpha158_csi300_custom_step0_s_20260513_15,9a9f7606a29c46e5be67fdf4629f07b9,0.082,,,
1556,2026-05-13,SH600845,-0.0027518111746758223,EXP_LinearModel_Alpha158_csi300_custom_step0_s_20260513_15,9a9f7606a29c46e5be67fdf4629f07b9,0.082,,,
1557,2026-05-13,SH600875,0.06125764176249504,EXP_LinearModel_Alpha158_csi300_custom_step0_s_20260513_15,9a9f7606a29c46e5be67fdf4629f07b9,0.082,,,
1558,2026-05-13,SH600886,-0.06184407323598862,EXP_LinearModel_Alpha158_csi300_custom_step0_s_20260513_15,9a9f7606a29c46e5be67fdf4629f07b9,0.082,,,
1559,2026-05-13,SH600887,0.06907530874013901,EXP_LinearModel_Alpha158_csi300_custom_step0_s_20260513_15,9a9f7606a29c46e5be67fdf4629f07b9,0.082,,,
1560,2026-05-13,SH600893,-0.007721419911831617,EXP_LinearModel_Alpha158_csi300_custom_step0_s_20260513_15,9a9f7606a29c46e5be67fdf4629f07b9,0.082,,,
1561,2026-05-13,SH600900,-0.019048668444156647,EXP_LinearModel_Alpha158_csi300_custom_step0_s_20260513_15,9a9f7606a29c46e5be67fdf4629f07b9,0.082,,,
1562,2026-05-13,SH600905,0.005629285238683224,EXP_LinearModel_Alpha158_csi300_custom_step0_s_20260513_15,9a9f7606a29c46e5be67fdf4629f07b9,0.082,,,
1563,2026-05-13,SH600918,-0.057913679629564285,EXP_LinearModel_Alpha158_csi300_custom_step0_s_20260513_15,9a9f7606a29c46e5be67fdf4629f07b9,0.082,,,
1564,2026-05-13,SH600919,0.03722541779279709,EXP_LinearModel_Alpha158_csi300_custom_step0_s_20260513_15,9a9f7606a29c46e5be67fdf4629f07b9,0.082,,,
1565,2026-05-13,SH600926,-0.03527669981122017,EXP_LinearModel_Alpha158_csi300_custom_step0_s_20260513_15,9a9f7606a29c46e5be67fdf4629f07b9,0.082,,,
1566,2026-05-13,SH600930,0.014729844406247139,EXP_LinearModel_Alpha158_csi300_custom_step0_s_20260513_15,9a9f7606a29c46e5be67fdf4629f07b9,0.082,,,
1567,2026-05-13,SH600938,-0.04329675808548927,EXP_LinearModel_Alpha158_csi300_custom_step0_s_20260513_15,9a9f7606a29c46e5be67fdf4629f07b9,0.082,,,
1568,2026-05-13,SH600941,0.03636066988110542,EXP_LinearModel_Alpha158_csi300_custom_step0_s_20260513_15,9a9f7606a29c46e5be67fdf4629f07b9,0.082,,,
1569,2026-05-13,SH600958,,EXP_LinearModel_Alpha158_csi300_custom_step0_s_20260513_15,9a9f7606a29c46e5be67fdf4629f07b9,0.082,,,
1570,2026-05-13,SH600989,-0.01400329452008009,EXP_LinearModel_Alpha158_csi300_custom_step0_s_20260513_15,9a9f7606a29c46e5be67fdf4629f07b9,0.082,,,
1571,2026-05-13,SH600999,-0.010748742148280144,EXP_LinearModel_Alpha158_csi300_custom_step0_s_20260513_15,9a9f7606a29c46e5be67fdf4629f07b9,0.082,,,
1572,2026-05-13,SZ000983,0.012347161769866943,EXP_LinearModel_Alpha158_csi300_custom_step0_s_20260513_15,9a9f7606a29c46e5be67fdf4629f07b9,0.082,,,
1573,2026-05-13,SH601916,0.059386443346738815,EXP_LinearModel_Alpha158_csi300_custom_step0_s_20260513_15,c943d4f61fe1404096c354f26af4de5a,0.144,,,
1574,2026-05-13,SZ000999,-0.13726046681404114,EXP_LinearModel_Alpha158_csi300_custom_step0_s_20260513_15,9a9f7606a29c46e5be67fdf4629f07b9,0.082,,,
1575,2026-05-13,SZ001965,0.0898589938879013,EXP_LinearModel_Alpha158_csi300_custom_step0_s_20260513_15,9a9f7606a29c46e5be67fdf4629f07b9,0.082,,,
1576,2026-05-13,SH600875,0.05836625397205353,EXP_LinearModel_Alpha158_csi300_custom_step0_s_20260513_15,c943d4f61fe1404096c354f26af4de5a,0.144,,,
1577,2026-05-13,SH600886,-0.14297743141651154,EXP_LinearModel_Alpha158_csi300_custom_step0_s_20260513_15,c943d4f61fe1404096c354f26af4de5a,0.144,,,
1578,2026-05-13,SH600887,0.06440631300210953,EXP_LinearModel_Alpha158_csi300_custom_step0_s_20260513_15,c943d4f61fe1404096c354f26af4de5a,0.144,,,
1579,2026-05-13,SH600893,0.0687626451253891,EXP_LinearModel_Alpha158_csi300_custom_step0_s_20260513_15,c943d4f61fe1404096c354f26af4de5a,0.144,,,
1580,2026-05-13,SH600900,-0.14767369627952576,EXP_LinearModel_Alpha158_csi300_custom_step0_s_20260513_15,c943d4f61fe1404096c354f26af4de5a,0.144,,,
1581,2026-05-13,SH600905,0.021755851805210114,EXP_LinearModel_Alpha158_csi300_custom_step0_s_20260513_15,c943d4f61fe1404096c354f26af4de5a,0.144,,,
1582,2026-05-13,SH600918,-0.1610569953918457,EXP_LinearModel_Alpha158_csi300_custom_step0_s_20260513_15,c943d4f61fe1404096c354f26af4de5a,0.144,,,
1583,2026-05-13,SH600919,0.07566823065280914,EXP_LinearModel_Alpha158_csi300_custom_step0_s_20260513_15,c943d4f61fe1404096c354f26af4de5a,0.144,,,
1584,2026-05-13,SH600926,-0.02516796439886093,EXP_LinearModel_Alpha158_csi300_custom_step0_s_20260513_15,c943d4f61fe1404096c354f26af4de5a,0.144,,,
1585,2026-05-13,SH600930,-0.015560828149318695,EXP_LinearModel_Alpha158_csi300_custom_step0_s_20260513_15,c943d4f61fe1404096c354f26af4de5a,0.144,,,
1586,2026-05-13,SH600938,0.005196886137127876,EXP_LinearModel_Alpha158_csi300_custom_step0_s_20260513_15,c943d4f61fe1404096c354f26af4de5a,0.144,,,
1587,2026-05-13,SH600845,0.08443224430084229,EXP_LinearModel_Alpha158_csi300_custom_step0_s_20260513_15,c943d4f61fe1404096c354f26af4de5a,0.144,,,
1588,2026-05-13,SH600941,0.023353472352027893,EXP_LinearModel_Alpha158_csi300_custom_step0_s_20260513_15,c943d4f61fe1404096c354f26af4de5a,0.144,,,
1589,2026-05-13,SH600989,0.08557801693677902,EXP_LinearModel_Alpha158_csi300_custom_step0_s_20260513_15,c943d4f61fe1404096c354f26af4de5a,0.144,,,
1590,2026-05-13,SH600999,0.0005462132394313812,EXP_LinearModel_Alpha158_csi300_custom_step0_s_20260513_15,c943d4f61fe1404096c354f26af4de5a,0.144,,,
1591,2026-05-13,SH601006,0.01754077896475792,EXP_LinearModel_Alpha158_csi300_custom_step0_s_20260513_15,c943d4f61fe1404096c354f26af4de5a,0.144,,,
1592,2026-05-13,SH601009,-0.020131591707468033,EXP_LinearModel_Alpha158_csi300_custom_step0_s_20260513_15,c943d4f61fe1404096c354f26af4de5a,0.144,,,
1593,2026-05-13,SH601012,0.00978483259677887,EXP_LinearModel_Alpha158_csi300_custom_step0_s_20260513_15,c943d4f61fe1404096c354f26af4de5a,0.144,,,
1594,2026-05-13,SH601018,-0.08581000566482544,EXP_LinearModel_Alpha158_csi300_custom_step0_s_20260513_15,c943d4f61fe1404096c354f26af4de5a,0.144,,,
1595,2026-05-13,SH601021,-0.010243570432066917,EXP_LinearModel_Alpha158_csi300_custom_step0_s_20260513_15,c943d4f61fe1404096c354f26af4de5a,0.144,,,
1596,2026-05-13,SH601058,-0.07519137859344482,EXP_LinearModel_Alpha158_csi300_custom_step0_s_20260513_15,c943d4f61fe1404096c354f26af4de5a,0.144,,,
1597,2026-05-13,SH601059,0.02101016789674759,EXP_LinearModel_Alpha158_csi300_custom_step0_s_20260513_15,c943d4f61fe1404096c354f26af4de5a,0.144,,,
1598,2026-05-13,SH601066,0.04445787891745567,EXP_LinearModel_Alpha158_csi300_custom_step0_s_20260513_15,c943d4f61fe1404096c354f26af4de5a,0.144,,,
1599,2026-05-13,SH601077,-0.0854562520980835,EXP_LinearModel_Alpha158_csi300_custom_step0_s_20260513_15,c943d4f61fe1404096c354f26af4de5a,0.144,,,
1600,2026-05-13,SH600958,,EXP_LinearModel_Alpha158_csi300_custom_step0_s_20260513_15,c943d4f61fe1404096c354f26af4de5a,0.144,,,
1601,2026-05-13,SH601088,0.008736401796340942,EXP_LinearModel_Alpha158_csi300_custom_step0_s_20260513_15,c943d4f61fe1404096c354f26af4de5a,0.144,,,
1602,2026-05-13,SH600809,-0.01816079020500183,EXP_LinearModel_Alpha158_csi300_custom_step0_s_20260513_15,c943d4f61fe1404096c354f26af4de5a,0.144,,,
1603,2026-05-13,SH600795,-0.009336225688457489,EXP_LinearModel_Alpha158_csi300_custom_step0_s_20260513_15,c943d4f61fe1404096c354f26af4de5a,0.144,,,
1604,2026-05-13,SH600372,0.037949301302433014,EXP_LinearModel_Alpha158_csi300_custom_step0_s_20260513_15,c943d4f61fe1404096c354f26af4de5a,0.144,,,
1605,2026-05-13,SH600377,0.01638265699148178,EXP_LinearModel_Alpha158_csi300_custom_step0_s_20260513_15,c943d4f61fe1404096c354f26af4de5a,0.144,,,
1606,2026-05-13,SH600406,-0.022351190447807312,EXP_LinearModel_Alpha158_csi300_custom_step0_s_20260513_15,c943d4f61fe1404096c354f26af4de5a,0.144,,,
1607,2026-05-13,SH600415,-0.1799057275056839,EXP_LinearModel_Alpha158_csi300_custom_step0_s_20260513_15,c943d4f61fe1404096c354f26af4de5a,0.144,,,
1608,2026-05-13,SH600426,0.0798209011554718,EXP_LinearModel_Alpha158_csi300_custom_step0_s_20260513_15,c943d4f61fe1404096c354f26af4de5a,0.144,,,
1609,2026-05-13,SH600436,-0.022150879725813866,EXP_LinearModel_Alpha158_csi300_custom_step0_s_20260513_15,c943d4f61fe1404096c354f26af4de5a,0.144,,,
1610,2026-05-13,SH600438,0.13856446743011475,EXP_LinearModel_Alpha158_csi300_custom_step0_s_20260513_15,c943d4f61fe1404096c354f26af4de5a,0.144,,,
1611,2026-05-13,SH600460,0.0032495930790901184,EXP_LinearModel_Alpha158_csi300_custom_step0_s_20260513_15,c943d4f61fe1404096c354f26af4de5a,0.144,,,
1612,2026-05-13,SH600482,0.13672901690006256,EXP_LinearModel_Alpha158_csi300_custom_step0_s_20260513_15,c943d4f61fe1404096c354f26af4de5a,0.144,,,
1613,2026-05-13,SH600489,-0.05534013360738754,EXP_LinearModel_Alpha158_csi300_custom_step0_s_20260513_15,c943d4f61fe1404096c354f26af4de5a,0.144,,,
1614,2026-05-13,SH600515,0.002315070480108261,EXP_LinearModel_Alpha158_csi300_custom_step0_s_20260513_15,c943d4f61fe1404096c354f26af4de5a,0.144,,,
1615,2026-05-13,SH600803,-0.07416792213916779,EXP_LinearModel_Alpha158_csi300_custom_step0_s_20260513_15,c943d4f61fe1404096c354f26af4de5a,0.144,,,
1616,2026-05-13,SH600519,-0.09677918255329132,EXP_LinearModel_Alpha158_csi300_custom_step0_s_20260513_15,c943d4f61fe1404096c354f26af4de5a,0.144,,,
1617,2026-05-13,SH600547,-0.06872216612100601,EXP_LinearModel_Alpha158_csi300_custom_step0_s_20260513_15,c943d4f61fe1404096c354f26af4de5a,0.144,,,
1618,2026-05-13,SH600570,0.11567799001932144,EXP_LinearModel_Alpha158_csi300_custom_step0_s_20260513_15,c943d4f61fe1404096c354f26af4de5a,0.144,,,
1619,2026-05-13,SH600584,0.05745674669742584,EXP_LinearModel_Alpha158_csi300_custom_step0_s_20260513_15,c943d4f61fe1404096c354f26af4de5a,0.144,,,
1620,2026-05-13,SH600585,-0.11061017215251923,EXP_LinearModel_Alpha158_csi300_custom_step0_s_20260513_15,c943d4f61fe1404096c354f26af4de5a,0.144,,,
1621,2026-05-13,SH600588,0.09075237065553665,EXP_LinearModel_Alpha158_csi300_custom_step0_s_20260513_15,c943d4f61fe1404096c354f26af4de5a,0.144,,,
1622,2026-05-13,SH600600,0.010669825598597527,EXP_LinearModel_Alpha158_csi300_custom_step0_s_20260513_15,c943d4f61fe1404096c354f26af4de5a,0.144,,,
1623,2026-05-13,SH600660,0.06468747556209564,EXP_LinearModel_Alpha158_csi300_custom_step0_s_20260513_15,c943d4f61fe1404096c354f26af4de5a,0.144,,,
1624,2026-05-13,SH600674,-0.033979423344135284,EXP_LinearModel_Alpha158_csi300_custom_step0_s_20260513_15,c943d4f61fe1404096c354f26af4de5a,0.144,,,
1625,2026-05-13,SH600690,-0.062392182648181915,EXP_LinearModel_Alpha158_csi300_custom_step0_s_20260513_15,c943d4f61fe1404096c354f26af4de5a,0.144,,,
1626,2026-05-13,SH600741,-0.03890279307961464,EXP_LinearModel_Alpha158_csi300_custom_step0_s_20260513_15,c943d4f61fe1404096c354f26af4de5a,0.144,,,
1627,2026-05-13,SH600760,-0.03558339551091194,EXP_LinearModel_Alpha158_csi300_custom_step0_s_20260513_15,c943d4f61fe1404096c354f26af4de5a,0.144,,,
1628,2026-05-13,SH600522,-0.029773317277431488,EXP_LinearModel_Alpha158_csi300_custom_step0_s_20260513_15,c943d4f61fe1404096c354f26af4de5a,0.144,,,
1629,2026-05-13,SH600362,0.15609210729599,EXP_LinearModel_Alpha158_csi300_custom_step0_s_20260513_15,c943d4f61fe1404096c354f26af4de5a,0.144,,,
1630,2026-05-13,SH601100,0.15142680704593658,EXP_LinearModel_Alpha158_csi300_custom_step0_s_20260513_15,c943d4f61fe1404096c354f26af4de5a,0.144,,,
1631,2026-05-13,SH601117,0.04416729509830475,EXP_LinearModel_Alpha158_csi300_custom_step0_s_20260513_15,c943d4f61fe1404096c354f26af4de5a,0.144,,,
1632,2026-05-13,SH601658,-0.03117821365594864,EXP_LinearModel_Alpha158_csi300_custom_step0_s_20260513_15,c943d4f61fe1404096c354f26af4de5a,0.144,,,
1633,2026-05-13,SH601668,-0.07636591047048569,EXP_LinearModel_Alpha158_csi300_custom_step0_s_20260513_15,c943d4f61fe1404096c354f26af4de5a,0.144,,,
1634,2026-05-13,SH601669,0.0917896255850792,EXP_LinearModel_Alpha158_csi300_custom_step0_s_20260513_15,c943d4f61fe1404096c354f26af4de5a,0.144,,,
1635,2026-05-13,SH601688,0.03499816730618477,EXP_LinearModel_Alpha158_csi300_custom_step0_s_20260513_15,c943d4f61fe1404096c354f26af4de5a,0.144,,,
1636,2026-05-13,SH601689,0.11983959376811981,EXP_LinearModel_Alpha158_csi300_custom_step0_s_20260513_15,c943d4f61fe1404096c354f26af4de5a,0.144,,,
1637,2026-05-13,SH601698,0.1212121844291687,EXP_LinearModel_Alpha158_csi300_custom_step0_s_20260513_15,c943d4f61fe1404096c354f26af4de5a,0.144,,,
1638,2026-05-13,SH601728,0.030253823846578598,EXP_LinearModel_Alpha158_csi300_custom_step0_s_20260513_15,c943d4f61fe1404096c354f26af4de5a,0.144,,,
1639,2026-05-13,SH601766,-0.06569503992795944,EXP_LinearModel_Alpha158_csi300_custom_step0_s_20260513_15,c943d4f61fe1404096c354f26af4de5a,0.144,,,
1640,2026-05-13,SH601788,-0.045239925384521484,EXP_LinearModel_Alpha158_csi300_custom_step0_s_20260513_15,c943d4f61fe1404096c354f26af4de5a,0.144,,,
1641,2026-05-13,SH601800,-0.1078711450099945,EXP_LinearModel_Alpha158_csi300_custom_step0_s_20260513_15,c943d4f61fe1404096c354f26af4de5a,0.144,,,
1642,2026-05-13,SH601808,0.0779934749007225,EXP_LinearModel_Alpha158_csi300_custom_step0_s_20260513_15,c943d4f61fe1404096c354f26af4de5a,0.144,,,
1643,2026-05-13,SH601633,-0.09805893898010254,EXP_LinearModel_Alpha158_csi300_custom_step0_s_20260513_15,c943d4f61fe1404096c354f26af4de5a,0.144,,,
1644,2026-05-13,SH601816,-0.08296094834804535,EXP_LinearModel_Alpha158_csi300_custom_step0_s_20260513_15,c943d4f61fe1404096c354f26af4de5a,0.144,,,
1645,2026-05-13,SH601825,-0.024096474051475525,EXP_LinearModel_Alpha158_csi300_custom_step0_s_20260513_15,c943d4f61fe1404096c354f26af4de5a,0.144,,,
1646,2026-05-13,SH601838,0.03930162638425827,EXP_LinearModel_Alpha158_csi300_custom_step0_s_20260513_15,c943d4f61fe1404096c354f26af4de5a,0.144,,,
1647,2026-05-13,SH601857,0.12625984847545624,EXP_LinearModel_Alpha158_csi300_custom_step0_s_20260513_15,c943d4f61fe1404096c354f26af4de5a,0.144,,,
1648,2026-05-13,SH601868,0.12620896100997925,EXP_LinearModel_Alpha158_csi300_custom_step0_s_20260513_15,c943d4f61fe1404096c354f26af4de5a,0.144,,,
1649,2026-05-13,SH601872,-0.034977637231349945,EXP_LinearModel_Alpha158_csi300_custom_step0_s_20260513_15,c943d4f61fe1404096c354f26af4de5a,0.144,,,
1650,2026-05-13,SH601877,0.08461315929889679,EXP_LinearModel_Alpha158_csi300_custom_step0_s_20260513_15,c943d4f61fe1404096c354f26af4de5a,0.144,,,
1651,2026-05-13,SH601878,0.029457904398441315,EXP_LinearModel_Alpha158_csi300_custom_step0_s_20260513_15,c943d4f61fe1404096c354f26af4de5a,0.144,,,
1652,2026-05-13,SH601881,0.009280012920498848,EXP_LinearModel_Alpha158_csi300_custom_step0_s_20260513_15,c943d4f61fe1404096c354f26af4de5a,0.144,,,
1653,2026-05-13,SH601888,0.017024796456098557,EXP_LinearModel_Alpha158_csi300_custom_step0_s_20260513_15,c943d4f61fe1404096c354f26af4de5a,0.144,,,
1654,2026-05-13,SH601898,0.01743478700518608,EXP_LinearModel_Alpha158_csi300_custom_step0_s_20260513_15,c943d4f61fe1404096c354f26af4de5a,0.144,,,
1655,2026-05-13,SH601899,0.02894839271903038,EXP_LinearModel_Alpha158_csi300_custom_step0_s_20260513_15,c943d4f61fe1404096c354f26af4de5a,0.144,,,
1656,2026-05-13,SH601818,-0.12692874670028687,EXP_LinearModel_Alpha158_csi300_custom_step0_s_20260513_15,c943d4f61fe1404096c354f26af4de5a,0.144,,,
1657,2026-05-13,SH601111,0.029659338295459747,EXP_LinearModel_Alpha158_csi300_custom_step0_s_20260513_15,c943d4f61fe1404096c354f26af4de5a,0.144,,,
1658,2026-05-13,SH601628,-0.04766758531332016,EXP_LinearModel_Alpha158_csi300_custom_step0_s_20260513_15,c943d4f61fe1404096c354f26af4de5a,0.144,,,
1659,2026-05-13,SH601607,-0.03967227786779404,EXP_LinearModel_Alpha158_csi300_custom_step0_s_20260513_15,c943d4f61fe1404096c354f26af4de5a,0.144,,,
1660,2026-05-13,SH601127,-0.02879985421895981,EXP_LinearModel_Alpha158_csi300_custom_step0_s_20260513_15,c943d4f61fe1404096c354f26af4de5a,0.144,,,
1661,2026-05-13,SH601136,-0.0016229376196861267,EXP_LinearModel_Alpha158_csi300_custom_step0_s_20260513_15,c943d4f61fe1404096c354f26af4de5a,0.144,,,
1662,2026-05-13,SH601138,0.06979124993085861,EXP_LinearModel_Alpha158_csi300_custom_step0_s_20260513_15,c943d4f61fe1404096c354f26af4de5a,0.144,,,
1663,2026-05-13,SH601166,-0.14527007937431335,EXP_LinearModel_Alpha158_csi300_custom_step0_s_20260513_15,c943d4f61fe1404096c354f26af4de5a,0.144,,,
1664,2026-05-13,SH601169,-0.09698376059532166,EXP_LinearModel_Alpha158_csi300_custom_step0_s_20260513_15,c943d4f61fe1404096c354f26af4de5a,0.144,,,
1665,2026-05-13,SH601186,-0.1116335391998291,EXP_LinearModel_Alpha158_csi300_custom_step0_s_20260513_15,c943d4f61fe1404096c354f26af4de5a,0.144,,,
1666,2026-05-13,SH601211,-0.006827466189861298,EXP_LinearModel_Alpha158_csi300_custom_step0_s_20260513_15,c943d4f61fe1404096c354f26af4de5a,0.144,,,
1667,2026-05-13,SH601225,0.12012860178947449,EXP_LinearModel_Alpha158_csi300_custom_step0_s_20260513_15,c943d4f61fe1404096c354f26af4de5a,0.144,,,
1668,2026-05-13,SH601229,-0.026164909824728966,EXP_LinearModel_Alpha158_csi300_custom_step0_s_20260513_15,c943d4f61fe1404096c354f26af4de5a,0.144,,,
1669,2026-05-13,SH601236,-0.10444748401641846,EXP_LinearModel_Alpha158_csi300_custom_step0_s_20260513_15,c943d4f61fe1404096c354f26af4de5a,0.144,,,
1670,2026-05-13,SH601238,-0.021345674991607666,EXP_LinearModel_Alpha158_csi300_custom_step0_s_20260513_15,c943d4f61fe1404096c354f26af4de5a,0.144,,,
1671,2026-05-13,SH601618,-0.09305274486541748,EXP_LinearModel_Alpha158_csi300_custom_step0_s_20260513_15,c943d4f61fe1404096c354f26af4de5a,0.144,,,
1672,2026-05-13,SH601288,-0.015933029353618622,EXP_LinearModel_Alpha158_csi300_custom_step0_s_20260513_15,c943d4f61fe1404096c354f26af4de5a,0.144,,,
1673,2026-05-13,SH601318,-0.0015478525310754776,EXP_LinearModel_Alpha158_csi300_custom_step0_s_20260513_15,c943d4f61fe1404096c354f26af4de5a,0.144,,,
1674,2026-05-13,SH601319,-0.0351644791662693,EXP_LinearModel_Alpha158_csi300_custom_step0_s_20260513_15,c943d4f61fe1404096c354f26af4de5a,0.144,,,
1675,2026-05-13,SH601328,-0.1553615927696228,EXP_LinearModel_Alpha158_csi300_custom_step0_s_20260513_15,c943d4f61fe1404096c354f26af4de5a,0.144,,,
1676,2026-05-13,SH601336,0.04006095975637436,EXP_LinearModel_Alpha158_csi300_custom_step0_s_20260513_15,c943d4f61fe1404096c354f26af4de5a,0.144,,,
1677,2026-05-13,SH601360,0.002524040639400482,EXP_LinearModel_Alpha158_csi300_custom_step0_s_20260513_15,c943d4f61fe1404096c354f26af4de5a,0.144,,,
1678,2026-05-13,SH601377,0.012592012993991375,EXP_LinearModel_Alpha158_csi300_custom_step0_s_20260513_15,c943d4f61fe1404096c354f26af4de5a,0.144,,,
1679,2026-05-13,SH601390,-0.06751827895641327,EXP_LinearModel_Alpha158_csi300_custom_step0_s_20260513_15,c943d4f61fe1404096c354f26af4de5a,0.144,,,
1680,2026-05-13,SH601398,-0.022134166210889816,EXP_LinearModel_Alpha158_csi300_custom_step0_s_20260513_15,c943d4f61fe1404096c354f26af4de5a,0.144,,,
1681,2026-05-13,SH601456,0.02514852024614811,EXP_LinearModel_Alpha158_csi300_custom_step0_s_20260513_15,c943d4f61fe1404096c354f26af4de5a,0.144,,,
1682,2026-05-13,SH601600,-0.06420835852622986,EXP_LinearModel_Alpha158_csi300_custom_step0_s_20260513_15,c943d4f61fe1404096c354f26af4de5a,0.144,,,
1683,2026-05-13,SH601601,-0.1336076706647873,EXP_LinearModel_Alpha158_csi300_custom_step0_s_20260513_15,c943d4f61fe1404096c354f26af4de5a,0.144,,,
1684,2026-05-13,SH601298,0.020182952284812927,EXP_LinearModel_Alpha158_csi300_custom_step0_s_20260513_15,c943d4f61fe1404096c354f26af4de5a,0.144,,,
1685,2026-05-13,SH600346,0.009361660107970238,EXP_LinearModel_Alpha158_csi300_custom_step0_s_20260513_15,c943d4f61fe1404096c354f26af4de5a,0.144,,,
1686,2026-05-13,SH600309,0.16226635873317719,EXP_LinearModel_Alpha158_csi300_custom_step0_s_20260513_15,c943d4f61fe1404096c354f26af4de5a,0.144,,,
1687,2026-05-13,SH600276,-0.01665520668029785,EXP_LinearModel_Alpha158_csi300_custom_step0_s_20260513_15,c943d4f61fe1404096c354f26af4de5a,0.144,,,
1688,2026-05-13,SZ002601,0.05723893269896507,EXP_LinearModel_Alpha158_csi300_custom_step0_s_20260513_15,9a9f7606a29c46e5be67fdf4629f07b9,0.082,,,
1689,2026-05-13,SZ002625,-0.03462421894073486,EXP_LinearModel_Alpha158_csi300_custom_step0_s_20260513_15,9a9f7606a29c46e5be67fdf4629f07b9,0.082,,,
1690,2026-05-13,SZ002648,0.10084223002195358,EXP_LinearModel_Alpha158_csi300_custom_step0_s_20260513_15,9a9f7606a29c46e5be67fdf4629f07b9,0.082,,,
1691,2026-05-13,SZ002709,0.19755850732326508,EXP_LinearModel_Alpha158_csi300_custom_step0_s_20260513_15,9a9f7606a29c46e5be67fdf4629f07b9,0.082,,,
1692,2026-05-13,SZ002714,-0.06283947825431824,EXP_LinearModel_Alpha158_csi300_custom_step0_s_20260513_15,9a9f7606a29c46e5be67fdf4629f07b9,0.082,,,
1693,2026-05-13,SZ002736,0.042462293058633804,EXP_LinearModel_Alpha158_csi300_custom_step0_s_20260513_15,9a9f7606a29c46e5be67fdf4629f07b9,0.082,,,
1694,2026-05-13,SZ002916,0.13693976402282715,EXP_LinearModel_Alpha158_csi300_custom_step0_s_20260513_15,9a9f7606a29c46e5be67fdf4629f07b9,0.082,,,
1695,2026-05-13,SZ002920,0.047529466450214386,EXP_LinearModel_Alpha158_csi300_custom_step0_s_20260513_15,9a9f7606a29c46e5be67fdf4629f07b9,0.082,,,
1696,2026-05-13,SZ002938,0.0491766557097435,EXP_LinearModel_Alpha158_csi300_custom_step0_s_20260513_15,9a9f7606a29c46e5be67fdf4629f07b9,0.082,,,
1697,2026-05-13,SZ003816,0.03360522910952568,EXP_LinearModel_Alpha158_csi300_custom_step0_s_20260513_15,9a9f7606a29c46e5be67fdf4629f07b9,0.082,,,
1698,2026-05-13,SZ300014,0.18795514106750488,EXP_LinearModel_Alpha158_csi300_custom_step0_s_20260513_15,9a9f7606a29c46e5be67fdf4629f07b9,0.082,,,
1699,2026-05-13,SZ002600,-0.016600921750068665,EXP_LinearModel_Alpha158_csi300_custom_step0_s_20260513_15,9a9f7606a29c46e5be67fdf4629f07b9,0.082,,,
1700,2026-05-13,SZ300015,0.014281058683991432,EXP_LinearModel_Alpha158_csi300_custom_step0_s_20260513_15,9a9f7606a29c46e5be67fdf4629f07b9,0.082,,,
1701,2026-05-13,SZ300059,-0.01917359232902527,EXP_LinearModel_Alpha158_csi300_custom_step0_s_20260513_15,9a9f7606a29c46e5be67fdf4629f07b9,0.082,,,
1702,2026-05-13,SZ300122,-0.06667458266019821,EXP_LinearModel_Alpha158_csi300_custom_step0_s_20260513_15,9a9f7606a29c46e5be67fdf4629f07b9,0.082,,,
1703,2026-05-13,SZ300124,-0.08644566684961319,EXP_LinearModel_Alpha158_csi300_custom_step0_s_20260513_15,9a9f7606a29c46e5be67fdf4629f07b9,0.082,,,
1704,2026-05-13,SZ300251,0.03721955791115761,EXP_LinearModel_Alpha158_csi300_custom_step0_s_20260513_15,9a9f7606a29c46e5be67fdf4629f07b9,0.082,,,
1705,2026-05-13,SZ300274,-0.0029892073944211006,EXP_LinearModel_Alpha158_csi300_custom_step0_s_20260513_15,9a9f7606a29c46e5be67fdf4629f07b9,0.082,,,
1706,2026-05-13,SZ300308,0.04578663781285286,EXP_LinearModel_Alpha158_csi300_custom_step0_s_20260513_15,9a9f7606a29c46e5be67fdf4629f07b9,0.082,,,
1707,2026-05-13,SZ300316,0.013176273554563522,EXP_LinearModel_Alpha158_csi300_custom_step0_s_20260513_15,9a9f7606a29c46e5be67fdf4629f07b9,0.082,,,
1708,2026-05-13,SZ300347,-0.10399194806814194,EXP_LinearModel_Alpha158_csi300_custom_step0_s_20260513_15,9a9f7606a29c46e5be67fdf4629f07b9,0.082,,,
1709,2026-05-13,SZ300394,0.08540500700473785,EXP_LinearModel_Alpha158_csi300_custom_step0_s_20260513_15,9a9f7606a29c46e5be67fdf4629f07b9,0.082,,,
1710,2026-05-13,SZ300408,0.060852788388729095,EXP_LinearModel_Alpha158_csi300_custom_step0_s_20260513_15,9a9f7606a29c46e5be67fdf4629f07b9,0.082,,,
1711,2026-05-13,SZ300413,0.058394961059093475,EXP_LinearModel_Alpha158_csi300_custom_step0_s_20260513_15,9a9f7606a29c46e5be67fdf4629f07b9,0.082,,,
1712,2026-05-13,SZ300033,0.03221983090043068,EXP_LinearModel_Alpha158_csi300_custom_step0_s_20260513_15,9a9f7606a29c46e5be67fdf4629f07b9,0.082,,,
1713,2026-05-13,SZ300418,-0.05932004749774933,EXP_LinearModel_Alpha158_csi300_custom_step0_s_20260513_15,9a9f7606a29c46e5be67fdf4629f07b9,0.082,,,
1714,2026-05-13,SZ002594,-0.10570866614580154,EXP_LinearModel_Alpha158_csi300_custom_step0_s_20260513_15,9a9f7606a29c46e5be67fdf4629f07b9,0.082,,,
1715,2026-05-13,SZ002475,-0.004723095800727606,EXP_LinearModel_Alpha158_csi300_custom_step0_s_20260513_15,9a9f7606a29c46e5be67fdf4629f07b9,0.082,,,
1716,2026-05-13,SZ001979,-0.043359141796827316,EXP_LinearModel_Alpha158_csi300_custom_step0_s_20260513_15,9a9f7606a29c46e5be67fdf4629f07b9,0.082,,,
1717,2026-05-13,SZ002001,-0.0002310930867679417,EXP_LinearModel_Alpha158_csi300_custom_step0_s_20260513_15,9a9f7606a29c46e5be67fdf4629f07b9,0.082,,,
1718,2026-05-13,SZ002027,0.01052903477102518,EXP_LinearModel_Alpha158_csi300_custom_step0_s_20260513_15,9a9f7606a29c46e5be67fdf4629f07b9,0.082,,,
1719,2026-05-13,SZ002028,0.01396496407687664,EXP_LinearModel_Alpha158_csi300_custom_step0_s_20260513_15,9a9f7606a29c46e5be67fdf4629f07b9,0.082,,,
1720,2026-05-13,SZ002049,-0.016674423590302467,EXP_LinearModel_Alpha158_csi300_custom_step0_s_20260513_15,9a9f7606a29c46e5be67fdf4629f07b9,0.082,,,
1721,2026-05-13,SZ002050,0.00124272215180099,EXP_LinearModel_Alpha158_csi300_custom_step0_s_20260513_15,9a9f7606a29c46e5be67fdf4629f07b9,0.082,,,
1722,2026-05-13,SZ002074,0.05903299152851105,EXP_LinearModel_Alpha158_csi300_custom_step0_s_20260513_15,9a9f7606a29c46e5be67fdf4629f07b9,0.082,,,
1723,2026-05-13,SZ002142,-0.01708114892244339,EXP_LinearModel_Alpha158_csi300_custom_step0_s_20260513_15,9a9f7606a29c46e5be67fdf4629f07b9,0.082,,,
1724,2026-05-13,SZ002179,-0.10282455384731293,EXP_LinearModel_Alpha158_csi300_custom_step0_s_20260513_15,9a9f7606a29c46e5be67fdf4629f07b9,0.082,,,
1725,2026-05-13,SZ002230,0.05033689737319946,EXP_LinearModel_Alpha158_csi300_custom_step0_s_20260513_15,9a9f7606a29c46e5be67fdf4629f07b9,0.082,,,
1726,2026-05-13,SZ002236,0.03713918477296829,EXP_LinearModel_Alpha158_csi300_custom_step0_s_20260513_15,9a9f7606a29c46e5be67fdf4629f07b9,0.082,,,
1727,2026-05-13,SZ002493,0.028086714446544647,EXP_LinearModel_Alpha158_csi300_custom_step0_s_20260513_15,9a9f7606a29c46e5be67fdf4629f07b9,0.082,,,
1728,2026-05-13,SZ002241,0.06377551704645157,EXP_LinearModel_Alpha158_csi300_custom_step0_s_20260513_15,9a9f7606a29c46e5be67fdf4629f07b9,0.082,,,
1729,2026-05-13,SZ002304,-0.107073113322258,EXP_LinearModel_Alpha158_csi300_custom_step0_s_20260513_15,9a9f7606a29c46e5be67fdf4629f07b9,0.082,,,
1730,2026-05-13,SZ002311,-0.10508930683135986,EXP_LinearModel_Alpha158_csi300_custom_step0_s_20260513_15,9a9f7606a29c46e5be67fdf4629f07b9,0.082,,,
1731,2026-05-13,SZ002352,-0.034262992441654205,EXP_LinearModel_Alpha158_csi300_custom_step0_s_20260513_15,9a9f7606a29c46e5be67fdf4629f07b9,0.082,,,
1732,2026-05-13,SZ002371,-0.0763675794005394,EXP_LinearModel_Alpha158_csi300_custom_step0_s_20260513_15,9a9f7606a29c46e5be67fdf4629f07b9,0.082,,,
1733,2026-05-13,SZ002384,0.17645025253295898,EXP_LinearModel_Alpha158_csi300_custom_step0_s_20260513_15,9a9f7606a29c46e5be67fdf4629f07b9,0.082,,,
1734,2026-05-13,SZ002415,0.06538131088018417,EXP_LinearModel_Alpha158_csi300_custom_step0_s_20260513_15,9a9f7606a29c46e5be67fdf4629f07b9,0.082,,,
1735,2026-05-13,SZ002422,-0.03364524245262146,EXP_LinearModel_Alpha158_csi300_custom_step0_s_20260513_15,9a9f7606a29c46e5be67fdf4629f07b9,0.082,,,
1736,2026-05-13,SZ002459,-0.12000691890716553,EXP_LinearModel_Alpha158_csi300_custom_step0_s_20260513_15,9a9f7606a29c46e5be67fdf4629f07b9,0.082,,,
1737,2026-05-13,SZ002460,0.11650679260492325,EXP_LinearModel_Alpha158_csi300_custom_step0_s_20260513_15,9a9f7606a29c46e5be67fdf4629f07b9,0.082,,,
1738,2026-05-13,SZ002463,0.15356366336345673,EXP_LinearModel_Alpha158_csi300_custom_step0_s_20260513_15,9a9f7606a29c46e5be67fdf4629f07b9,0.082,,,
1739,2026-05-13,SZ002466,0.22332969307899475,EXP_LinearModel_Alpha158_csi300_custom_step0_s_20260513_15,9a9f7606a29c46e5be67fdf4629f07b9,0.082,,,
1740,2026-05-13,SZ002252,0.016265498474240303,EXP_LinearModel_Alpha158_csi300_custom_step0_s_20260513_15,9a9f7606a29c46e5be67fdf4629f07b9,0.082,,,
1741,2026-05-13,SZ300433,-0.10416274517774582,EXP_LinearModel_Alpha158_csi300_custom_step0_s_20260513_15,9a9f7606a29c46e5be67fdf4629f07b9,0.082,,,
1742,2026-05-13,SZ300442,0.1775524616241455,EXP_LinearModel_Alpha158_csi300_custom_step0_s_20260513_15,9a9f7606a29c46e5be67fdf4629f07b9,0.082,,,
1743,2026-05-13,SZ300476,-0.051720138639211655,EXP_LinearModel_Alpha158_csi300_custom_step0_s_20260513_15,9a9f7606a29c46e5be67fdf4629f07b9,0.082,,,
1744,2026-05-13,SH600028,0.04563501104712486,EXP_LinearModel_Alpha158_csi300_custom_step0_s_20260513_15,c943d4f61fe1404096c354f26af4de5a,0.144,,,
1745,2026-05-13,SH600029,0.023983359336853027,EXP_LinearModel_Alpha158_csi300_custom_step0_s_20260513_15,c943d4f61fe1404096c354f26af4de5a,0.144,,,
1746,2026-05-13,SH600030,0.1055135726928711,EXP_LinearModel_Alpha158_csi300_custom_step0_s_20260513_15,c943d4f61fe1404096c354f26af4de5a,0.144,,,
1747,2026-05-13,SH600031,0.04890349507331848,EXP_LinearModel_Alpha158_csi300_custom_step0_s_20260513_15,c943d4f61fe1404096c354f26af4de5a,0.144,,,
1748,2026-05-13,SH600036,-0.12106998264789581,EXP_LinearModel_Alpha158_csi300_custom_step0_s_20260513_15,c943d4f61fe1404096c354f26af4de5a,0.144,,,
1749,2026-05-13,SH600039,0.0830778107047081,EXP_LinearModel_Alpha158_csi300_custom_step0_s_20260513_15,c943d4f61fe1404096c354f26af4de5a,0.144,,,
1750,2026-05-13,SH600048,0.06143426150083542,EXP_LinearModel_Alpha158_csi300_custom_step0_s_20260513_15,c943d4f61fe1404096c354f26af4de5a,0.144,,,
1751,2026-05-13,SH600050,-0.10207480937242508,EXP_LinearModel_Alpha158_csi300_custom_step0_s_20260513_15,c943d4f61fe1404096c354f26af4de5a,0.144,,,
1752,2026-05-13,SH600061,-0.10176430642604828,EXP_LinearModel_Alpha158_csi300_custom_step0_s_20260513_15,c943d4f61fe1404096c354f26af4de5a,0.144,,,
1753,2026-05-13,SH600066,0.011053502559661865,EXP_LinearModel_Alpha158_csi300_custom_step0_s_20260513_15,c943d4f61fe1404096c354f26af4de5a,0.144,,,
1754,2026-05-13,SH600085,0.022392012178897858,EXP_LinearModel_Alpha158_csi300_custom_step0_s_20260513_15,c943d4f61fe1404096c354f26af4de5a,0.144,,,
1755,2026-05-13,SH600027,0.06874909996986389,EXP_LinearModel_Alpha158_csi300_custom_step0_s_20260513_15,c943d4f61fe1404096c354f26af4de5a,0.144,,,
1756,2026-05-13,SH600089,0.04766782745718956,EXP_LinearModel_Alpha158_csi300_custom_step0_s_20260513_15,c943d4f61fe1404096c354f26af4de5a,0.144,,,
1757,2026-05-13,SH600111,0.09400254487991333,EXP_LinearModel_Alpha158_csi300_custom_step0_s_20260513_15,c943d4f61fe1404096c354f26af4de5a,0.144,,,
1758,2026-05-13,SH600115,-0.00441029854118824,EXP_LinearModel_Alpha158_csi300_custom_step0_s_20260513_15,c943d4f61fe1404096c354f26af4de5a,0.144,,,
1759,2026-05-13,SH600150,0.21289058029651642,EXP_LinearModel_Alpha158_csi300_custom_step0_s_20260513_15,c943d4f61fe1404096c354f26af4de5a,0.144,,,
1760,2026-05-13,SH600160,0.05921889841556549,EXP_LinearModel_Alpha158_csi300_custom_step0_s_20260513_15,c943d4f61fe1404096c354f26af4de5a,0.144,,,
1761,2026-05-13,SH600161,-0.125777006149292,EXP_LinearModel_Alpha158_csi300_custom_step0_s_20260513_15,c943d4f61fe1404096c354f26af4de5a,0.144,,,
1762,2026-05-13,SH600176,0.36446529626846313,EXP_LinearModel_Alpha158_csi300_custom_step0_s_20260513_15,c943d4f61fe1404096c354f26af4de5a,0.144,,,
1763,2026-05-13,SH600183,0.15789246559143066,EXP_LinearModel_Alpha158_csi300_custom_step0_s_20260513_15,c943d4f61fe1404096c354f26af4de5a,0.144,,,
1764,2026-05-13,SH600188,0.08502013981342316,EXP_LinearModel_Alpha158_csi300_custom_step0_s_20260513_15,c943d4f61fe1404096c354f26af4de5a,0.144,,,
1765,2026-05-13,SH600196,-0.03314691781997681,EXP_LinearModel_Alpha158_csi300_custom_step0_s_20260513_15,c943d4f61fe1404096c354f26af4de5a,0.144,,,
1766,2026-05-13,SH600219,-0.01507997140288353,EXP_LinearModel_Alpha158_csi300_custom_step0_s_20260513_15,c943d4f61fe1404096c354f26af4de5a,0.144,,,
1767,2026-05-13,SH600233,-0.08473937958478928,EXP_LinearModel_Alpha158_csi300_custom_step0_s_20260513_15,c943d4f61fe1404096c354f26af4de5a,0.144,,,
1768,2026-05-13,SH600104,-0.040526382625103,EXP_LinearModel_Alpha158_csi300_custom_step0_s_20260513_15,c943d4f61fe1404096c354f26af4de5a,0.144,,,
1769,2026-05-13,SH600026,-0.12692640721797943,EXP_LinearModel_Alpha158_csi300_custom_step0_s_20260513_15,c943d4f61fe1404096c354f26af4de5a,0.144,,,
1770,2026-05-13,SH600025,-0.16254767775535583,EXP_LinearModel_Alpha158_csi300_custom_step0_s_20260513_15,c943d4f61fe1404096c354f26af4de5a,0.144,,,
1771,2026-05-13,SH600023,0.029054775834083557,EXP_LinearModel_Alpha158_csi300_custom_step0_s_20260513_15,c943d4f61fe1404096c354f26af4de5a,0.144,,,
1772,2026-05-13,SZ300498,-0.042968153953552246,EXP_LinearModel_Alpha158_csi300_custom_step0_s_20260513_15,9a9f7606a29c46e5be67fdf4629f07b9,0.082,,,
1773,2026-05-13,SZ300502,0.04062916710972786,EXP_LinearModel_Alpha158_csi300_custom_step0_s_20260513_15,9a9f7606a29c46e5be67fdf4629f07b9,0.082,,,
1774,2026-05-13,SZ300628,0.04763585329055786,EXP_LinearModel_Alpha158_csi300_custom_step0_s_20260513_15,9a9f7606a29c46e5be67fdf4629f07b9,0.082,,,
1775,2026-05-13,SZ300661,-0.12785391509532928,EXP_LinearModel_Alpha158_csi300_custom_step0_s_20260513_15,9a9f7606a29c46e5be67fdf4629f07b9,0.082,,,
1776,2026-05-13,SZ300750,0.17015554010868073,EXP_LinearModel_Alpha158_csi300_custom_step0_s_20260513_15,9a9f7606a29c46e5be67fdf4629f07b9,0.082,,,
1777,2026-05-13,SZ300759,-0.02945716306567192,EXP_LinearModel_Alpha158_csi300_custom_step0_s_20260513_15,9a9f7606a29c46e5be67fdf4629f07b9,0.082,,,
1778,2026-05-13,SZ300760,0.033436357975006104,EXP_LinearModel_Alpha158_csi300_custom_step0_s_20260513_15,9a9f7606a29c46e5be67fdf4629f07b9,0.082,,,
1779,2026-05-13,SZ300782,0.2568999230861664,EXP_LinearModel_Alpha158_csi300_custom_step0_s_20260513_15,9a9f7606a29c46e5be67fdf4629f07b9,0.082,,,
1780,2026-05-13,SZ300803,-0.08823433518409729,EXP_LinearModel_Alpha158_csi300_custom_step0_s_20260513_15,9a9f7606a29c46e5be67fdf4629f07b9,0.082,,,
1781,2026-05-13,SZ300832,-0.051059477031230927,EXP_LinearModel_Alpha158_csi300_custom_step0_s_20260513_15,9a9f7606a29c46e5be67fdf4629f07b9,0.082,,,
1782,2026-05-13,SZ300866,0.028321335092186928,EXP_LinearModel_Alpha158_csi300_custom_step0_s_20260513_15,9a9f7606a29c46e5be67fdf4629f07b9,0.082,,,
1783,2026-05-13,SZ300896,-0.01688362844288349,EXP_LinearModel_Alpha158_csi300_custom_step0_s_20260513_15,9a9f7606a29c46e5be67fdf4629f07b9,0.082,,,
1784,2026-05-13,SZ300979,0.04083143547177315,EXP_LinearModel_Alpha158_csi300_custom_step0_s_20260513_15,9a9f7606a29c46e5be67fdf4629f07b9,0.082,,,
1785,2026-05-13,SZ300999,-0.028956301510334015,EXP_LinearModel_Alpha158_csi300_custom_step0_s_20260513_15,9a9f7606a29c46e5be67fdf4629f07b9,0.082,,,
1786,2026-05-13,SZ301236,0.01907300390303135,EXP_LinearModel_Alpha158_csi300_custom_step0_s_20260513_15,9a9f7606a29c46e5be67fdf4629f07b9,0.082,,,
1787,2026-05-13,SZ301269,-0.00027759745717048645,EXP_LinearModel_Alpha158_csi300_custom_step0_s_20260513_15,9a9f7606a29c46e5be67fdf4629f07b9,0.082,,,
1788,2026-05-13,SZ302132,-0.06457698345184326,EXP_LinearModel_Alpha158_csi300_custom_step0_s_20260513_15,9a9f7606a29c46e5be67fdf4629f07b9,0.082,,,
1789,2026-05-13,SH600000,-0.09930402040481567,EXP_LinearModel_Alpha158_csi300_custom_step0_s_20260513_15,c943d4f61fe1404096c354f26af4de5a,0.144,,,
1790,2026-05-13,SH600009,-0.09003254026174545,EXP_LinearModel_Alpha158_csi300_custom_step0_s_20260513_15,c943d4f61fe1404096c354f26af4de5a,0.144,,,
1791,2026-05-13,SH600010,0.018372435122728348,EXP_LinearModel_Alpha158_csi300_custom_step0_s_20260513_15,c943d4f61fe1404096c354f26af4de5a,0.144,,,
1792,2026-05-13,SH600011,0.017634697258472443,EXP_LinearModel_Alpha158_csi300_custom_step0_s_20260513_15,c943d4f61fe1404096c354f26af4de5a,0.144,,,
1793,2026-05-13,SH600015,-0.07554581016302109,EXP_LinearModel_Alpha158_csi300_custom_step0_s_20260513_15,c943d4f61fe1404096c354f26af4de5a,0.144,,,
1794,2026-05-13,SH600016,-0.10018953680992126,EXP_LinearModel_Alpha158_csi300_custom_step0_s_20260513_15,c943d4f61fe1404096c354f26af4de5a,0.144,,,
1795,2026-05-13,SH600018,-0.05136745423078537,EXP_LinearModel_Alpha158_csi300_custom_step0_s_20260513_15,c943d4f61fe1404096c354f26af4de5a,0.144,,,
1796,2026-05-13,SH600019,-0.08338962495326996,EXP_LinearModel_Alpha158_csi300_custom_step0_s_20260513_15,c943d4f61fe1404096c354f26af4de5a,0.144,,,
1797,2026-05-13,SZ001391,0.053536172956228256,EXP_LinearModel_Alpha158_csi300_custom_step0_s_20260513_15,9a9f7606a29c46e5be67fdf4629f07b9,0.082,,,
1798,2026-05-13,SH600000,-0.011209930832464859,EXP_DEnsembleModel_Alpha158_csi300_custom_step0_s_20260513_15,32147420af0c4431a959369843c9a039,0.008,,,
1799,2026-05-13,SZ302132,-0.05537167238796365,EXP_DEnsembleModel_Alpha158_csi300_custom_step0_s_20260513_15,bdac501e292a4d20b3b2242d54a3843d,0.071,,,
1800,2026-05-13,SZ301269,-0.05926122592103406,EXP_DEnsembleModel_Alpha158_csi300_custom_step0_s_20260513_15,bdac501e292a4d20b3b2242d54a3843d,0.071,,,
1801,2026-05-13,SZ300832,-0.003678266920299831,EXP_CatBoostModel_Alpha158_csi300_custom_step0_s_20260513_17,fc47e063461d466ba4698b7c049cecac,0.167,,,
1802,2026-05-13,SZ300866,0.07004269731136718,EXP_CatBoostModel_Alpha158_csi300_custom_step0_s_20260513_17,fc47e063461d466ba4698b7c049cecac,0.167,,,
1803,2026-05-13,SZ300896,-0.0051898197450723875,EXP_CatBoostModel_Alpha158_csi300_custom_step0_s_20260513_17,fc47e063461d466ba4698b7c049cecac,0.167,,,
1804,2026-05-13,SZ300979,-0.032771197922705046,EXP_CatBoostModel_Alpha158_csi300_custom_step0_s_20260513_17,fc47e063461d466ba4698b7c049cecac,0.167,,,
1805,2026-05-13,SZ300999,-0.02378343705325553,EXP_CatBoostModel_Alpha158_csi300_custom_step0_s_20260513_17,fc47e063461d466ba4698b7c049cecac,0.167,,,
1806,2026-05-13,SZ301236,0.023773537545460254,EXP_CatBoostModel_Alpha158_csi300_custom_step0_s_20260513_17,fc47e063461d466ba4698b7c049cecac,0.167,,,
1807,2026-05-13,SZ301269,0.013545147816913496,EXP_CatBoostModel_Alpha158_csi300_custom_step0_s_20260513_17,fc47e063461d466ba4698b7c049cecac,0.167,,,
1808,2026-05-13,SZ302132,-0.006737637843991125,EXP_CatBoostModel_Alpha158_csi300_custom_step0_s_20260513_17,fc47e063461d466ba4698b7c049cecac,0.167,,,
1809,2026-05-13,SH600000,-1.9959409893997404e-10,EXP_LGBModel_Alpha158_csi300_custom_step0_s_20260513_17,4a406988a9174dd3a1a70b0af953f5d6,0.081,,,
1810,2026-05-13,SH600009,-1.9959409893997404e-10,EXP_LGBModel_Alpha158_csi300_custom_step0_s_20260513_17,4a406988a9174dd3a1a70b0af953f5d6,0.081,,,
1811,2026-05-13,SH600010,-0.002433222760307109,EXP_LGBModel_Alpha158_csi300_custom_step0_s_20260513_17,4a406988a9174dd3a1a70b0af953f5d6,0.081,,,
1812,2026-05-13,SZ300803,0.009083786841023934,EXP_CatBoostModel_Alpha158_csi300_custom_step0_s_20260513_17,fc47e063461d466ba4698b7c049cecac,0.167,,,
1813,2026-05-13,SH600011,-0.0012296230794965174,EXP_LGBModel_Alpha158_csi300_custom_step0_s_20260513_17,4a406988a9174dd3a1a70b0af953f5d6,0.081,,,
1814,2026-05-13,SH600016,-1.9959409893997404e-10,EXP_LGBModel_Alpha158_csi300_custom_step0_s_20260513_17,4a406988a9174dd3a1a70b0af953f5d6,0.081,,,
1815,2026-05-13,SH600018,-1.9959409893997404e-10,EXP_LGBModel_Alpha158_csi300_custom_step0_s_20260513_17,4a406988a9174dd3a1a70b0af953f5d6,0.081,,,
1816,2026-05-13,SH600019,0.0029765454731025516,EXP_LGBModel_Alpha158_csi300_custom_step0_s_20260513_17,4a406988a9174dd3a1a70b0af953f5d6,0.081,,,
1817,2026-05-13,SH600023,-0.002433222760307109,EXP_LGBModel_Alpha158_csi300_custom_step0_s_20260513_17,4a406988a9174dd3a1a70b0af953f5d6,0.081,,,
1818,2026-05-13,SH600025,0.0029765454731025516,EXP_LGBModel_Alpha158_csi300_custom_step0_s_20260513_17,4a406988a9174dd3a1a70b0af953f5d6,0.081,,,
1819,2026-05-13,SH600026,-0.002433222760307109,EXP_LGBModel_Alpha158_csi300_custom_step0_s_20260513_17,4a406988a9174dd3a1a70b0af953f5d6,0.081,,,
1820,2026-05-13,SH600027,-1.9959409893997404e-10,EXP_LGBModel_Alpha158_csi300_custom_step0_s_20260513_17,4a406988a9174dd3a1a70b0af953f5d6,0.081,,,
1821,2026-05-13,SH600028,-0.002433222760307109,EXP_LGBModel_Alpha158_csi300_custom_step0_s_20260513_17,4a406988a9174dd3a1a70b0af953f5d6,0.081,,,
1822,2026-05-13,SH600029,-0.002433222760307109,EXP_LGBModel_Alpha158_csi300_custom_step0_s_20260513_17,4a406988a9174dd3a1a70b0af953f5d6,0.081,,,
1823,2026-05-13,SH600030,0.002057935059438724,EXP_LGBModel_Alpha158_csi300_custom_step0_s_20260513_17,4a406988a9174dd3a1a70b0af953f5d6,0.081,,,
1824,2026-05-13,SH600031,-0.002433222760307109,EXP_LGBModel_Alpha158_csi300_custom_step0_s_20260513_17,4a406988a9174dd3a1a70b0af953f5d6,0.081,,,
1825,2026-05-13,SH600015,-1.9959409893997404e-10,EXP_LGBModel_Alpha158_csi300_custom_step0_s_20260513_17,4a406988a9174dd3a1a70b0af953f5d6,0.081,,,
1826,2026-05-13,SH600036,-1.9959409893997404e-10,EXP_LGBModel_Alpha158_csi300_custom_step0_s_20260513_17,4a406988a9174dd3a1a70b0af953f5d6,0.081,,,
1827,2026-05-13,SZ300782,0.3628681780190305,EXP_CatBoostModel_Alpha158_csi300_custom_step0_s_20260513_17,fc47e063461d466ba4698b7c049cecac,0.167,,,
1828,2026-05-13,SZ300759,-0.026055163981167785,EXP_CatBoostModel_Alpha158_csi300_custom_step0_s_20260513_17,fc47e063461d466ba4698b7c049cecac,0.167,,,
1829,2026-05-13,SZ003816,-0.006434135479826447,EXP_CatBoostModel_Alpha158_csi300_custom_step0_s_20260513_17,fc47e063461d466ba4698b7c049cecac,0.167,,,
1830,2026-05-13,SZ300014,-0.00529252705505625,EXP_CatBoostModel_Alpha158_csi300_custom_step0_s_20260513_17,fc47e063461d466ba4698b7c049cecac,0.167,,,
1831,2026-05-13,SZ300015,0.027398796714641193,EXP_CatBoostModel_Alpha158_csi300_custom_step0_s_20260513_17,fc47e063461d466ba4698b7c049cecac,0.167,,,
1832,2026-05-13,SZ300033,0.015583523311415616,EXP_CatBoostModel_Alpha158_csi300_custom_step0_s_20260513_17,fc47e063461d466ba4698b7c049cecac,0.167,,,
1833,2026-05-13,SZ300059,0.006689124441457072,EXP_CatBoostModel_Alpha158_csi300_custom_step0_s_20260513_17,fc47e063461d466ba4698b7c049cecac,0.167,,,
1834,2026-05-13,SZ300122,-0.03329937153562587,EXP_CatBoostModel_Alpha158_csi300_custom_step0_s_20260513_17,fc47e063461d466ba4698b7c049cecac,0.167,,,
1835,2026-05-13,SZ300124,0.0251915241885848,EXP_CatBoostModel_Alpha158_csi300_custom_step0_s_20260513_17,fc47e063461d466ba4698b7c049cecac,0.167,,,
1836,2026-05-13,SZ300251,0.24739548731459274,EXP_CatBoostModel_Alpha158_csi300_custom_step0_s_20260513_17,fc47e063461d466ba4698b7c049cecac,0.167,,,
1837,2026-05-13,SZ300274,-0.04313459627055283,EXP_CatBoostModel_Alpha158_csi300_custom_step0_s_20260513_17,fc47e063461d466ba4698b7c049cecac,0.167,,,
1838,2026-05-13,SZ300308,0.1029645479285248,EXP_CatBoostModel_Alpha158_csi300_custom_step0_s_20260513_17,fc47e063461d466ba4698b7c049cecac,0.167,,,
1839,2026-05-13,SZ300316,0.2978753347792199,EXP_CatBoostModel_Alpha158_csi300_custom_step0_s_20260513_17,fc47e063461d466ba4698b7c049cecac,0.167,,,
1840,2026-05-13,SZ300760,-0.012246168481764061,EXP_CatBoostModel_Alpha158_csi300_custom_step0_s_20260513_17,fc47e063461d466ba4698b7c049cecac,0.167,,,
1841,2026-05-13,SZ300347,0.10695593395818255,EXP_CatBoostModel_Alpha158_csi300_custom_step0_s_20260513_17,fc47e063461d466ba4698b7c049cecac,0.167,,,
1842,2026-05-13,SZ300408,0.15203867104927818,EXP_CatBoostModel_Alpha158_csi300_custom_step0_s_20260513_17,fc47e063461d466ba4698b7c049cecac,0.167,,,
1843,2026-05-13,SZ300413,-0.03098163297120727,EXP_CatBoostModel_Alpha158_csi300_custom_step0_s_20260513_17,fc47e063461d466ba4698b7c049cecac,0.167,,,
1844,2026-05-13,SZ300418,0.0021967195192200213,EXP_CatBoostModel_Alpha158_csi300_custom_step0_s_20260513_17,fc47e063461d466ba4698b7c049cecac,0.167,,,
1845,2026-05-13,SZ300433,0.16885416597585834,EXP_CatBoostModel_Alpha158_csi300_custom_step0_s_20260513_17,fc47e063461d466ba4698b7c049cecac,0.167,,,
1846,2026-05-13,SZ300442,0.05463483237561288,EXP_CatBoostModel_Alpha158_csi300_custom_step0_s_20260513_17,fc47e063461d466ba4698b7c049cecac,0.167,,,
1847,2026-05-13,SZ300476,0.2212705967341663,EXP_CatBoostModel_Alpha158_csi300_custom_step0_s_20260513_17,fc47e063461d466ba4698b7c049cecac,0.167,,,
1848,2026-05-13,SZ300498,-0.049562779512754715,EXP_CatBoostModel_Alpha158_csi300_custom_step0_s_20260513_17,fc47e063461d466ba4698b7c049cecac,0.167,,,
1849,2026-05-13,SZ300502,0.03127261186277891,EXP_CatBoostModel_Alpha158_csi300_custom_step0_s_20260513_17,fc47e063461d466ba4698b7c049cecac,0.167,,,
1850,2026-05-13,SZ300628,0.057822010101822204,EXP_CatBoostModel_Alpha158_csi300_custom_step0_s_20260513_17,fc47e063461d466ba4698b7c049cecac,0.167,,,
1851,2026-05-13,SZ300661,0.14492493051356947,EXP_CatBoostModel_Alpha158_csi300_custom_step0_s_20260513_17,fc47e063461d466ba4698b7c049cecac,0.167,,,
1852,2026-05-13,SZ300750,0.03540679647506481,EXP_CatBoostModel_Alpha158_csi300_custom_step0_s_20260513_17,fc47e063461d466ba4698b7c049cecac,0.167,,,
1853,2026-05-13,SZ300394,0.23501582791063963,EXP_CatBoostModel_Alpha158_csi300_custom_step0_s_20260513_17,fc47e063461d466ba4698b7c049cecac,0.167,,,
1854,2026-05-13,SZ002938,-0.03222437160992458,EXP_CatBoostModel_Alpha158_csi300_custom_step0_s_20260513_17,fc47e063461d466ba4698b7c049cecac,0.167,,,
1855,2026-05-13,SH600039,-1.9959409893997404e-10,EXP_LGBModel_Alpha158_csi300_custom_step0_s_20260513_17,4a406988a9174dd3a1a70b0af953f5d6,0.081,,,
1856,2026-05-13,SH600050,0.0008344501384692852,EXP_LGBModel_Alpha158_csi300_custom_step0_s_20260513_17,4a406988a9174dd3a1a70b0af953f5d6,0.081,,,
1857,2026-05-13,SH600482,0.0041085445498978,EXP_LGBModel_Alpha158_csi300_custom_step0_s_20260513_17,4a406988a9174dd3a1a70b0af953f5d6,0.081,,,
1858,2026-05-13,SH600489,-0.002433222760307109,EXP_LGBModel_Alpha158_csi300_custom_step0_s_20260513_17,4a406988a9174dd3a1a70b0af953f5d6,0.081,,,
1859,2026-05-13,SH600515,-1.9959409893997404e-10,EXP_LGBModel_Alpha158_csi300_custom_step0_s_20260513_17,4a406988a9174dd3a1a70b0af953f5d6,0.081,,,
1860,2026-05-13,SH600519,-1.9959409893997404e-10,EXP_LGBModel_Alpha158_csi300_custom_step0_s_20260513_17,4a406988a9174dd3a1a70b0af953f5d6,0.081,,,
1861,2026-05-13,SH600522,-0.004290327800910992,EXP_LGBModel_Alpha158_csi300_custom_step0_s_20260513_17,4a406988a9174dd3a1a70b0af953f5d6,0.081,,,
1862,2026-05-13,SH600547,-1.9959409893997404e-10,EXP_LGBModel_Alpha158_csi300_custom_step0_s_20260513_17,4a406988a9174dd3a1a70b0af953f5d6,0.081,,,
1863,2026-05-13,SH600570,-1.9959409893997404e-10,EXP_LGBModel_Alpha158_csi300_custom_step0_s_20260513_17,4a406988a9174dd3a1a70b0af953f5d6,0.081,,,
1864,2026-05-13,SH600584,-0.004290327800910992,EXP_LGBModel_Alpha158_csi300_custom_step0_s_20260513_17,4a406988a9174dd3a1a70b0af953f5d6,0.081,,,
1865,2026-05-13,SH600585,-1.9959409893997404e-10,EXP_LGBModel_Alpha158_csi300_custom_step0_s_20260513_17,4a406988a9174dd3a1a70b0af953f5d6,0.081,,,
1866,2026-05-13,SH600588,-0.002433222760307109,EXP_LGBModel_Alpha158_csi300_custom_step0_s_20260513_17,4a406988a9174dd3a1a70b0af953f5d6,0.081,,,
1867,2026-05-13,SH600600,0.0029765454731025516,EXP_LGBModel_Alpha158_csi300_custom_step0_s_20260513_17,4a406988a9174dd3a1a70b0af953f5d6,0.081,,,
1868,2026-05-13,SH600460,0.0008344501384692852,EXP_LGBModel_Alpha158_csi300_custom_step0_s_20260513_17,4a406988a9174dd3a1a70b0af953f5d6,0.081,,,
1869,2026-05-13,SH600660,0.0029765454731025516,EXP_LGBModel_Alpha158_csi300_custom_step0_s_20260513_17,4a406988a9174dd3a1a70b0af953f5d6,0.081,,,
1870,2026-05-13,SH600690,0.0029765454731025516,EXP_LGBModel_Alpha158_csi300_custom_step0_s_20260513_17,4a406988a9174dd3a1a70b0af953f5d6,0.081,,,
1871,2026-05-13,SH600741,0.0012444340031235665,EXP_LGBModel_Alpha158_csi300_custom_step0_s_20260513_17,4a406988a9174dd3a1a70b0af953f5d6,0.081,,,
1872,2026-05-13,SH600760,-0.002433222760307109,EXP_LGBModel_Alpha158_csi300_custom_step0_s_20260513_17,4a406988a9174dd3a1a70b0af953f5d6,0.081,,,
1873,2026-05-13,SH600795,0.0008344501384692852,EXP_LGBModel_Alpha158_csi300_custom_step0_s_20260513_17,4a406988a9174dd3a1a70b0af953f5d6,0.081,,,
1874,2026-05-13,SH600803,0.0022381563372412447,EXP_LGBModel_Alpha158_csi300_custom_step0_s_20260513_17,4a406988a9174dd3a1a70b0af953f5d6,0.081,,,
1875,2026-05-13,SH600809,-1.9959409893997404e-10,EXP_LGBModel_Alpha158_csi300_custom_step0_s_20260513_17,4a406988a9174dd3a1a70b0af953f5d6,0.081,,,
1876,2026-05-13,SH600845,-0.0012296230794965174,EXP_LGBModel_Alpha158_csi300_custom_step0_s_20260513_17,4a406988a9174dd3a1a70b0af953f5d6,0.081,,,
1877,2026-05-13,SH600875,0.0008344501384692852,EXP_LGBModel_Alpha158_csi300_custom_step0_s_20260513_17,4a406988a9174dd3a1a70b0af953f5d6,0.081,,,
1878,2026-05-13,SH600886,-1.9959409893997404e-10,EXP_LGBModel_Alpha158_csi300_custom_step0_s_20260513_17,4a406988a9174dd3a1a70b0af953f5d6,0.081,,,
1879,2026-05-13,SH600887,0.0022381563372412447,EXP_LGBModel_Alpha158_csi300_custom_step0_s_20260513_17,4a406988a9174dd3a1a70b0af953f5d6,0.081,,,
1880,2026-05-13,SH600893,-1.9959409893997404e-10,EXP_LGBModel_Alpha158_csi300_custom_step0_s_20260513_17,4a406988a9174dd3a1a70b0af953f5d6,0.081,,,
1881,2026-05-13,SH600674,0.0029765454731025516,EXP_LGBModel_Alpha158_csi300_custom_step0_s_20260513_17,4a406988a9174dd3a1a70b0af953f5d6,0.081,,,
1882,2026-05-13,SH600048,-1.9959409893997404e-10,EXP_LGBModel_Alpha158_csi300_custom_step0_s_20260513_17,4a406988a9174dd3a1a70b0af953f5d6,0.081,,,
1883,2026-05-13,SH600438,-0.001927415599710875,EXP_LGBModel_Alpha158_csi300_custom_step0_s_20260513_17,4a406988a9174dd3a1a70b0af953f5d6,0.081,,,
1884,2026-05-13,SH600426,0.0012444340031235665,EXP_LGBModel_Alpha158_csi300_custom_step0_s_20260513_17,4a406988a9174dd3a1a70b0af953f5d6,0.081,,,
1885,2026-05-13,SH600061,-1.9959409893997404e-10,EXP_LGBModel_Alpha158_csi300_custom_step0_s_20260513_17,4a406988a9174dd3a1a70b0af953f5d6,0.081,,,
1886,2026-05-13,SH600066,-1.9959409893997404e-10,EXP_LGBModel_Alpha158_csi300_custom_step0_s_20260513_17,4a406988a9174dd3a1a70b0af953f5d6,0.081,,,
1887,2026-05-13,SH600085,0.0029765454731025516,EXP_LGBModel_Alpha158_csi300_custom_step0_s_20260513_17,4a406988a9174dd3a1a70b0af953f5d6,0.081,,,
1888,2026-05-13,SH600089,-0.0012296230794965174,EXP_LGBModel_Alpha158_csi300_custom_step0_s_20260513_17,4a406988a9174dd3a1a70b0af953f5d6,0.081,,,
1889,2026-05-13,SH600104,-1.9959409893997404e-10,EXP_LGBModel_Alpha158_csi300_custom_step0_s_20260513_17,4a406988a9174dd3a1a70b0af953f5d6,0.081,,,
1890,2026-05-13,SH600111,-0.002433222760307109,EXP_LGBModel_Alpha158_csi300_custom_step0_s_20260513_17,4a406988a9174dd3a1a70b0af953f5d6,0.081,,,
1891,2026-05-13,SH600115,-0.002433222760307109,EXP_LGBModel_Alpha158_csi300_custom_step0_s_20260513_17,4a406988a9174dd3a1a70b0af953f5d6,0.081,,,
1892,2026-05-13,SH600150,-1.9959409893997404e-10,EXP_LGBModel_Alpha158_csi300_custom_step0_s_20260513_17,4a406988a9174dd3a1a70b0af953f5d6,0.081,,,
1893,2026-05-13,SH600160,-0.002433222760307109,EXP_LGBModel_Alpha158_csi300_custom_step0_s_20260513_17,4a406988a9174dd3a1a70b0af953f5d6,0.081,,,
1894,2026-05-13,SH600161,-1.9959409893997404e-10,EXP_LGBModel_Alpha158_csi300_custom_step0_s_20260513_17,4a406988a9174dd3a1a70b0af953f5d6,0.081,,,
1895,2026-05-13,SH600176,0.0041085445498978,EXP_LGBModel_Alpha158_csi300_custom_step0_s_20260513_17,4a406988a9174dd3a1a70b0af953f5d6,0.081,,,
1896,2026-05-13,SH600436,-1.9959409893997404e-10,EXP_LGBModel_Alpha158_csi300_custom_step0_s_20260513_17,4a406988a9174dd3a1a70b0af953f5d6,0.081,,,
1897,2026-05-13,SH600183,-1.9959409893997404e-10,EXP_LGBModel_Alpha158_csi300_custom_step0_s_20260513_17,4a406988a9174dd3a1a70b0af953f5d6,0.081,,,
1898,2026-05-13,SH600196,-1.9959409893997404e-10,EXP_LGBModel_Alpha158_csi300_custom_step0_s_20260513_17,4a406988a9174dd3a1a70b0af953f5d6,0.081,,,
1899,2026-05-13,SH600219,-1.9959409893997404e-10,EXP_LGBModel_Alpha158_csi300_custom_step0_s_20260513_17,4a406988a9174dd3a1a70b0af953f5d6,0.081,,,
1900,2026-05-13,SH600233,-0.002433222760307109,EXP_LGBModel_Alpha158_csi300_custom_step0_s_20260513_17,4a406988a9174dd3a1a70b0af953f5d6,0.081,,,
1901,2026-05-13,SH600276,-1.9959409893997404e-10,EXP_LGBModel_Alpha158_csi300_custom_step0_s_20260513_17,4a406988a9174dd3a1a70b0af953f5d6,0.081,,,
1902,2026-05-13,SH600309,0.0012444340031235665,EXP_LGBModel_Alpha158_csi300_custom_step0_s_20260513_17,4a406988a9174dd3a1a70b0af953f5d6,0.081,,,
1903,2026-05-13,SH600346,-1.9959409893997404e-10,EXP_LGBModel_Alpha158_csi300_custom_step0_s_20260513_17,4a406988a9174dd3a1a70b0af953f5d6,0.081,,,
1904,2026-05-13,SH600362,-0.0012296230794965174,EXP_LGBModel_Alpha158_csi300_custom_step0_s_20260513_17,4a406988a9174dd3a1a70b0af953f5d6,0.081,,,
1905,2026-05-13,SH600372,-0.002433222760307109,EXP_LGBModel_Alpha158_csi300_custom_step0_s_20260513_17,4a406988a9174dd3a1a70b0af953f5d6,0.081,,,
1906,2026-05-13,SH600377,0.0029765454731025516,EXP_LGBModel_Alpha158_csi300_custom_step0_s_20260513_17,4a406988a9174dd3a1a70b0af953f5d6,0.081,,,
1907,2026-05-13,SH600406,0.0008344501384692852,EXP_LGBModel_Alpha158_csi300_custom_step0_s_20260513_17,4a406988a9174dd3a1a70b0af953f5d6,0.081,,,
1908,2026-05-13,SH600415,-1.9959409893997404e-10,EXP_LGBModel_Alpha158_csi300_custom_step0_s_20260513_17,4a406988a9174dd3a1a70b0af953f5d6,0.081,,,
1909,2026-05-13,SH600188,-0.002433222760307109,EXP_LGBModel_Alpha158_csi300_custom_step0_s_20260513_17,4a406988a9174dd3a1a70b0af953f5d6,0.081,,,
1910,2026-05-13,SZ002920,-0.004804335227049187,EXP_CatBoostModel_Alpha158_csi300_custom_step0_s_20260513_17,fc47e063461d466ba4698b7c049cecac,0.167,,,
1911,2026-05-13,SZ002916,-0.004617157467762517,EXP_CatBoostModel_Alpha158_csi300_custom_step0_s_20260513_17,fc47e063461d466ba4698b7c049cecac,0.167,,,
1912,2026-05-13,SZ002736,-0.05751563522453749,EXP_CatBoostModel_Alpha158_csi300_custom_step0_s_20260513_17,fc47e063461d466ba4698b7c049cecac,0.167,,,
1913,2026-05-13,SH688126,0.11798851169568726,EXP_CatBoostModel_Alpha158_csi300_custom_step0_s_20260513_17,fc47e063461d466ba4698b7c049cecac,0.167,,,
1914,2026-05-13,SH688169,-0.004888217038752966,EXP_CatBoostModel_Alpha158_csi300_custom_step0_s_20260513_17,fc47e063461d466ba4698b7c049cecac,0.167,,,
1915,2026-05-13,SH688187,-0.1087015459677842,EXP_CatBoostModel_Alpha158_csi300_custom_step0_s_20260513_17,fc47e063461d466ba4698b7c049cecac,0.167,,,
1916,2026-05-13,SH688223,0.04217635712856867,EXP_CatBoostModel_Alpha158_csi300_custom_step0_s_20260513_17,fc47e063461d466ba4698b7c049cecac,0.167,,,
1917,2026-05-13,SH688256,-0.13328842188445858,EXP_CatBoostModel_Alpha158_csi300_custom_step0_s_20260513_17,fc47e063461d466ba4698b7c049cecac,0.167,,,
1918,2026-05-13,SH688271,-0.015568612130319678,EXP_CatBoostModel_Alpha158_csi300_custom_step0_s_20260513_17,fc47e063461d466ba4698b7c049cecac,0.167,,,
1919,2026-05-13,SH688303,0.002259516674070575,EXP_CatBoostModel_Alpha158_csi300_custom_step0_s_20260513_17,fc47e063461d466ba4698b7c049cecac,0.167,,,
1920,2026-05-13,SH688396,0.03978844117616441,EXP_CatBoostModel_Alpha158_csi300_custom_step0_s_20260513_17,fc47e063461d466ba4698b7c049cecac,0.167,,,
1921,2026-05-13,SH688472,0.007383830177826954,EXP_CatBoostModel_Alpha158_csi300_custom_step0_s_20260513_17,fc47e063461d466ba4698b7c049cecac,0.167,,,
1922,2026-05-13,SH688506,-0.024068227281427827,EXP_CatBoostModel_Alpha158_csi300_custom_step0_s_20260513_17,fc47e063461d466ba4698b7c049cecac,0.167,,,
1923,2026-05-13,SH688981,-0.07510551442459235,EXP_CatBoostModel_Alpha158_csi300_custom_step0_s_20260513_17,fc47e063461d466ba4698b7c049cecac,0.167,,,
1924,2026-05-13,SH688111,0.004631450684887143,EXP_CatBoostModel_Alpha158_csi300_custom_step0_s_20260513_17,fc47e063461d466ba4698b7c049cecac,0.167,,,
1925,2026-05-13,SZ000001,-0.03080232240634981,EXP_CatBoostModel_Alpha158_csi300_custom_step0_s_20260513_17,fc47e063461d466ba4698b7c049cecac,0.167,,,
1926,2026-05-13,SZ000063,0.02164300698262779,EXP_CatBoostModel_Alpha158_csi300_custom_step0_s_20260513_17,fc47e063461d466ba4698b7c049cecac,0.167,,,
1927,2026-05-13,SZ000100,-0.02134721966387727,EXP_CatBoostModel_Alpha158_csi300_custom_step0_s_20260513_17,fc47e063461d466ba4698b7c049cecac,0.167,,,
1928,2026-05-13,SZ000157,-0.044377622122441764,EXP_CatBoostModel_Alpha158_csi300_custom_step0_s_20260513_17,fc47e063461d466ba4698b7c049cecac,0.167,,,
1929,2026-05-13,SZ000166,-0.015587898951138223,EXP_CatBoostModel_Alpha158_csi300_custom_step0_s_20260513_17,fc47e063461d466ba4698b7c049cecac,0.167,,,
1930,2026-05-13,SZ000301,-0.02235204211909893,EXP_CatBoostModel_Alpha158_csi300_custom_step0_s_20260513_17,fc47e063461d466ba4698b7c049cecac,0.167,,,
1931,2026-05-13,SZ000333,0.008297476010939893,EXP_CatBoostModel_Alpha158_csi300_custom_step0_s_20260513_17,fc47e063461d466ba4698b7c049cecac,0.167,,,
1932,2026-05-13,SZ000338,-0.09450517319223202,EXP_CatBoostModel_Alpha158_csi300_custom_step0_s_20260513_17,fc47e063461d466ba4698b7c049cecac,0.167,,,
1933,2026-05-13,SZ000408,0.027093894048689282,EXP_CatBoostModel_Alpha158_csi300_custom_step0_s_20260513_17,fc47e063461d466ba4698b7c049cecac,0.167,,,
1934,2026-05-13,SZ000425,-0.012587257290398899,EXP_CatBoostModel_Alpha158_csi300_custom_step0_s_20260513_17,fc47e063461d466ba4698b7c049cecac,0.167,,,
1935,2026-05-13,SZ000538,-0.051327207959323995,EXP_CatBoostModel_Alpha158_csi300_custom_step0_s_20260513_17,fc47e063461d466ba4698b7c049cecac,0.167,,,
1936,2026-05-13,SZ000568,-0.03702028744236909,EXP_CatBoostModel_Alpha158_csi300_custom_step0_s_20260513_17,fc47e063461d466ba4698b7c049cecac,0.167,,,
1937,2026-05-13,SZ000002,-0.03835055958036818,EXP_CatBoostModel_Alpha158_csi300_custom_step0_s_20260513_17,fc47e063461d466ba4698b7c049cecac,0.167,,,
1938,2026-05-13,SZ000596,-0.02147456962555938,EXP_CatBoostModel_Alpha158_csi300_custom_step0_s_20260513_17,fc47e063461d466ba4698b7c049cecac,0.167,,,
1939,2026-05-13,SH688082,0.061052601320143174,EXP_CatBoostModel_Alpha158_csi300_custom_step0_s_20260513_17,fc47e063461d466ba4698b7c049cecac,0.167,,,
1940,2026-05-13,SH688041,0.009325084541477981,EXP_CatBoostModel_Alpha158_csi300_custom_step0_s_20260513_17,fc47e063461d466ba4698b7c049cecac,0.167,,,
1941,2026-05-13,SH601939,-0.0032645396051076674,EXP_CatBoostModel_Alpha158_csi300_custom_step0_s_20260513_17,fc47e063461d466ba4698b7c049cecac,0.167,,,
1942,2026-05-13,SH601985,0.008984362450717718,EXP_CatBoostModel_Alpha158_csi300_custom_step0_s_20260513_17,fc47e063461d466ba4698b7c049cecac,0.167,,,
1943,2026-05-13,SH601988,-0.009585045561234816,EXP_CatBoostModel_Alpha158_csi300_custom_step0_s_20260513_17,fc47e063461d466ba4698b7c049cecac,0.167,,,
1944,2026-05-13,SH601995,0.017675586804531716,EXP_CatBoostModel_Alpha158_csi300_custom_step0_s_20260513_17,fc47e063461d466ba4698b7c049cecac,0.167,,,
1945,2026-05-13,SH601998,-0.01360175962202798,EXP_CatBoostModel_Alpha158_csi300_custom_step0_s_20260513_17,fc47e063461d466ba4698b7c049cecac,0.167,,,
1946,2026-05-13,SH603019,0.10229164759675952,EXP_CatBoostModel_Alpha158_csi300_custom_step0_s_20260513_17,fc47e063461d466ba4698b7c049cecac,0.167,,,
1947,2026-05-13,SH603195,-0.015484452816548571,EXP_CatBoostModel_Alpha158_csi300_custom_step0_s_20260513_17,fc47e063461d466ba4698b7c049cecac,0.167,,,
1948,2026-05-13,SH603259,0.008646303666055268,EXP_CatBoostModel_Alpha158_csi300_custom_step0_s_20260513_17,fc47e063461d466ba4698b7c049cecac,0.167,,,
1949,2026-05-13,SH603260,0.015187947928602553,EXP_CatBoostModel_Alpha158_csi300_custom_step0_s_20260513_17,fc47e063461d466ba4698b7c049cecac,0.167,,,
1950,2026-05-13,SH603288,-0.03651874048937164,EXP_CatBoostModel_Alpha158_csi300_custom_step0_s_20260513_17,fc47e063461d466ba4698b7c049cecac,0.167,,,
1951,2026-05-13,SH603296,-0.04807692361628113,EXP_CatBoostModel_Alpha158_csi300_custom_step0_s_20260513_17,fc47e063461d466ba4698b7c049cecac,0.167,,,
1952,2026-05-13,SH688047,-0.11195861497723078,EXP_CatBoostModel_Alpha158_csi300_custom_step0_s_20260513_17,fc47e063461d466ba4698b7c049cecac,0.167,,,
1953,2026-05-13,SH603369,-0.02579678549798007,EXP_CatBoostModel_Alpha158_csi300_custom_step0_s_20260513_17,fc47e063461d466ba4698b7c049cecac,0.167,,,
1954,2026-05-13,SH603501,0.010643992509087548,EXP_CatBoostModel_Alpha158_csi300_custom_step0_s_20260513_17,fc47e063461d466ba4698b7c049cecac,0.167,,,
1955,2026-05-13,SH603799,-0.00018554982028141484,EXP_CatBoostModel_Alpha158_csi300_custom_step0_s_20260513_17,fc47e063461d466ba4698b7c049cecac,0.167,,,
1956,2026-05-13,SH603893,-0.0919273564228265,EXP_CatBoostModel_Alpha158_csi300_custom_step0_s_20260513_17,fc47e063461d466ba4698b7c049cecac,0.167,,,
1957,2026-05-13,SH603986,0.10377310701776861,EXP_CatBoostModel_Alpha158_csi300_custom_step0_s_20260513_17,fc47e063461d466ba4698b7c049cecac,0.167,,,
1958,2026-05-13,SH603993,0.028626793060734023,EXP_CatBoostModel_Alpha158_csi300_custom_step0_s_20260513_17,fc47e063461d466ba4698b7c049cecac,0.167,,,
1959,2026-05-13,SH605117,0.07531150385385217,EXP_CatBoostModel_Alpha158_csi300_custom_step0_s_20260513_17,fc47e063461d466ba4698b7c049cecac,0.167,,,
1960,2026-05-13,SH605499,-0.0332407154834119,EXP_CatBoostModel_Alpha158_csi300_custom_step0_s_20260513_17,fc47e063461d466ba4698b7c049cecac,0.167,,,
1961,2026-05-13,SH688008,0.4429442731209862,EXP_CatBoostModel_Alpha158_csi300_custom_step0_s_20260513_17,fc47e063461d466ba4698b7c049cecac,0.167,,,
1962,2026-05-13,SH688009,-0.051602279560215854,EXP_CatBoostModel_Alpha158_csi300_custom_step0_s_20260513_17,fc47e063461d466ba4698b7c049cecac,0.167,,,
1963,2026-05-13,SH688012,0.006383030699860403,EXP_CatBoostModel_Alpha158_csi300_custom_step0_s_20260513_17,fc47e063461d466ba4698b7c049cecac,0.167,,,
1964,2026-05-13,SH688036,0.012318062056372347,EXP_CatBoostModel_Alpha158_csi300_custom_step0_s_20260513_17,fc47e063461d466ba4698b7c049cecac,0.167,,,
1965,2026-05-13,SH603392,-0.007309840166132182,EXP_CatBoostModel_Alpha158_csi300_custom_step0_s_20260513_17,fc47e063461d466ba4698b7c049cecac,0.167,,,
1966,2026-05-13,SZ000617,-0.02793087516498493,EXP_CatBoostModel_Alpha158_csi300_custom_step0_s_20260513_17,fc47e063461d466ba4698b7c049cecac,0.167,,,
1967,2026-05-13,SZ000625,-0.05098227849073592,EXP_CatBoostModel_Alpha158_csi300_custom_step0_s_20260513_17,fc47e063461d466ba4698b7c049cecac,0.167,,,
1968,2026-05-13,SZ000630,0.020309478120381114,EXP_CatBoostModel_Alpha158_csi300_custom_step0_s_20260513_17,fc47e063461d466ba4698b7c049cecac,0.167,,,
1969,2026-05-13,SZ002230,0.007749511182434141,EXP_CatBoostModel_Alpha158_csi300_custom_step0_s_20260513_17,fc47e063461d466ba4698b7c049cecac,0.167,,,
1970,2026-05-13,SZ002236,0.005427351056255187,EXP_CatBoostModel_Alpha158_csi300_custom_step0_s_20260513_17,fc47e063461d466ba4698b7c049cecac,0.167,,,
1971,2026-05-13,SZ002241,0.017076986312347473,EXP_CatBoostModel_Alpha158_csi300_custom_step0_s_20260513_17,fc47e063461d466ba4698b7c049cecac,0.167,,,
1972,2026-05-13,SZ002252,-0.038627746751955516,EXP_CatBoostModel_Alpha158_csi300_custom_step0_s_20260513_17,fc47e063461d466ba4698b7c049cecac,0.167,,,
1973,2026-05-13,SZ002304,-0.03421880327479587,EXP_CatBoostModel_Alpha158_csi300_custom_step0_s_20260513_17,fc47e063461d466ba4698b7c049cecac,0.167,,,
1974,2026-05-13,SZ002311,-0.029548240834257954,EXP_CatBoostModel_Alpha158_csi300_custom_step0_s_20260513_17,fc47e063461d466ba4698b7c049cecac,0.167,,,
1975,2026-05-13,SZ002352,-0.03831947141690026,EXP_CatBoostModel_Alpha158_csi300_custom_step0_s_20260513_17,fc47e063461d466ba4698b7c049cecac,0.167,,,
1976,2026-05-13,SZ002371,0.029781189962817825,EXP_CatBoostModel_Alpha158_csi300_custom_step0_s_20260513_17,fc47e063461d466ba4698b7c049cecac,0.167,,,
1977,2026-05-13,SZ002384,0.37062187364650684,EXP_CatBoostModel_Alpha158_csi300_custom_step0_s_20260513_17,fc47e063461d466ba4698b7c049cecac,0.167,,,
1978,2026-05-13,SZ002415,0.018548358244902027,EXP_CatBoostModel_Alpha158_csi300_custom_step0_s_20260513_17,fc47e063461d466ba4698b7c049cecac,0.167,,,
1979,2026-05-13,SZ002422,-0.019675610935732953,EXP_CatBoostModel_Alpha158_csi300_custom_step0_s_20260513_17,fc47e063461d466ba4698b7c049cecac,0.167,,,
1980,2026-05-13,SZ002179,0.1162496764558369,EXP_CatBoostModel_Alpha158_csi300_custom_step0_s_20260513_17,fc47e063461d466ba4698b7c049cecac,0.167,,,
1981,2026-05-13,SZ002459,-0.026644402872411252,EXP_CatBoostModel_Alpha158_csi300_custom_step0_s_20260513_17,fc47e063461d466ba4698b7c049cecac,0.167,,,
1982,2026-05-13,SZ002463,0.17829974050734584,EXP_CatBoostModel_Alpha158_csi300_custom_step0_s_20260513_17,fc47e063461d466ba4698b7c049cecac,0.167,,,
1983,2026-05-13,SZ002466,0.13242645426469454,EXP_CatBoostModel_Alpha158_csi300_custom_step0_s_20260513_17,fc47e063461d466ba4698b7c049cecac,0.167,,,
1984,2026-05-13,SZ002475,0.1347208078498079,EXP_CatBoostModel_Alpha158_csi300_custom_step0_s_20260513_17,fc47e063461d466ba4698b7c049cecac,0.167,,,
1985,2026-05-13,SZ002493,0.008207345972676897,EXP_CatBoostModel_Alpha158_csi300_custom_step0_s_20260513_17,fc47e063461d466ba4698b7c049cecac,0.167,,,
1986,2026-05-13,SZ002594,-0.0035466096915382135,EXP_CatBoostModel_Alpha158_csi300_custom_step0_s_20260513_17,fc47e063461d466ba4698b7c049cecac,0.167,,,
1987,2026-05-13,SZ002600,0.04630380622141185,EXP_CatBoostModel_Alpha158_csi300_custom_step0_s_20260513_17,fc47e063461d466ba4698b7c049cecac,0.167,,,
1988,2026-05-13,SZ002601,-0.018602333085678113,EXP_CatBoostModel_Alpha158_csi300_custom_step0_s_20260513_17,fc47e063461d466ba4698b7c049cecac,0.167,,,
1989,2026-05-13,SZ002625,0.006127804541123099,EXP_CatBoostModel_Alpha158_csi300_custom_step0_s_20260513_17,fc47e063461d466ba4698b7c049cecac,0.167,,,
1990,2026-05-13,SZ002648,-0.017060903236553314,EXP_CatBoostModel_Alpha158_csi300_custom_step0_s_20260513_17,fc47e063461d466ba4698b7c049cecac,0.167,,,
1991,2026-05-13,SZ002709,0.12147186707283227,EXP_CatBoostModel_Alpha158_csi300_custom_step0_s_20260513_17,fc47e063461d466ba4698b7c049cecac,0.167,,,
1992,2026-05-13,SZ002714,-0.043065466521189005,EXP_CatBoostModel_Alpha158_csi300_custom_step0_s_20260513_17,fc47e063461d466ba4698b7c049cecac,0.167,,,
1993,2026-05-13,SZ002460,0.037178232584031745,EXP_CatBoostModel_Alpha158_csi300_custom_step0_s_20260513_17,fc47e063461d466ba4698b7c049cecac,0.167,,,
1994,2026-05-13,SZ002142,-0.003164114763669054,EXP_CatBoostModel_Alpha158_csi300_custom_step0_s_20260513_17,fc47e063461d466ba4698b7c049cecac,0.167,,,
1995,2026-05-13,SZ002074,-0.0010263636539511961,EXP_CatBoostModel_Alpha158_csi300_custom_step0_s_20260513_17,fc47e063461d466ba4698b7c049cecac,0.167,,,
1996,2026-05-13,SZ002050,0.05808000224173269,EXP_CatBoostModel_Alpha158_csi300_custom_step0_s_20260513_17,fc47e063461d466ba4698b7c049cecac,0.167,,,
1997,2026-05-13,SZ000651,0.004379379084845982,EXP_CatBoostModel_Alpha158_csi300_custom_step0_s_20260513_17,fc47e063461d466ba4698b7c049cecac,0.167,,,
1998,2026-05-13,SZ000661,-0.019401923200340628,EXP_CatBoostModel_Alpha158_csi300_custom_step0_s_20260513_17,fc47e063461d466ba4698b7c049cecac,0.167,,,
1999,2026-05-13,SZ000708,-0.042175424249410697,EXP_CatBoostModel_Alpha158_csi300_custom_step0_s_20260513_17,fc47e063461d466ba4698b7c049cecac,0.167,,,
2000,2026-05-13,SZ000725,0.0024877577397760652,EXP_CatBoostModel_Alpha158_csi300_custom_step0_s_20260513_17,fc47e063461d466ba4698b7c049cecac,0.167,,,
2001,2026-05-13,SZ000768,-0.018005631440975983,EXP_CatBoostModel_Alpha158_csi300_custom_step0_s_20260513_17,fc47e063461d466ba4698b7c049cecac,0.167,,,
2002,2026-05-13,SZ000776,-0.001065079470896733,EXP_CatBoostModel_Alpha158_csi300_custom_step0_s_20260513_17,fc47e063461d466ba4698b7c049cecac,0.167,,,
2003,2026-05-13,SZ000786,-0.01235800622541833,EXP_CatBoostModel_Alpha158_csi300_custom_step0_s_20260513_17,fc47e063461d466ba4698b7c049cecac,0.167,,,
2004,2026-05-13,SZ000792,-0.02487596460906163,EXP_CatBoostModel_Alpha158_csi300_custom_step0_s_20260513_17,fc47e063461d466ba4698b7c049cecac,0.167,,,
2005,2026-05-13,SZ000807,-0.026197911430964935,EXP_CatBoostModel_Alpha158_csi300_custom_step0_s_20260513_17,fc47e063461d466ba4698b7c049cecac,0.167,,,
2006,2026-05-13,SZ000858,-0.013177719560337994,EXP_CatBoostModel_Alpha158_csi300_custom_step0_s_20260513_17,fc47e063461d466ba4698b7c049cecac,0.167,,,
2007,2026-05-13,SZ000876,-0.018216939289382464,EXP_CatBoostModel_Alpha158_csi300_custom_step0_s_20260513_17,fc47e063461d466ba4698b7c049cecac,0.167,,,
2008,2026-05-13,SZ000895,-0.024843046173071825,EXP_CatBoostModel_Alpha158_csi300_custom_step0_s_20260513_17,fc47e063461d466ba4698b7c049cecac,0.167,,,
2009,2026-05-13,SZ000938,-0.010732186505957317,EXP_CatBoostModel_Alpha158_csi300_custom_step0_s_20260513_17,fc47e063461d466ba4698b7c049cecac,0.167,,,
2010,2026-05-13,SZ000963,-0.057972928029382996,EXP_CatBoostModel_Alpha158_csi300_custom_step0_s_20260513_17,fc47e063461d466ba4698b7c049cecac,0.167,,,
2011,2026-05-13,SZ000975,-0.03139262652239108,EXP_CatBoostModel_Alpha158_csi300_custom_step0_s_20260513_17,fc47e063461d466ba4698b7c049cecac,0.167,,,
2012,2026-05-13,SZ000977,0.0033598836826302467,EXP_CatBoostModel_Alpha158_csi300_custom_step0_s_20260513_17,fc47e063461d466ba4698b7c049cecac,0.167,,,
2013,2026-05-13,SZ000983,-0.011812649387870458,EXP_CatBoostModel_Alpha158_csi300_custom_step0_s_20260513_17,fc47e063461d466ba4698b7c049cecac,0.167,,,
2014,2026-05-13,SZ000999,-0.04812430124844015,EXP_CatBoostModel_Alpha158_csi300_custom_step0_s_20260513_17,fc47e063461d466ba4698b7c049cecac,0.167,,,
2015,2026-05-13,SZ001391,-0.01719376572126632,EXP_CatBoostModel_Alpha158_csi300_custom_step0_s_20260513_17,fc47e063461d466ba4698b7c049cecac,0.167,,,
2016,2026-05-13,SZ001965,-0.010158293799403868,EXP_CatBoostModel_Alpha158_csi300_custom_step0_s_20260513_17,fc47e063461d466ba4698b7c049cecac,0.167,,,
2017,2026-05-13,SZ001979,0.015255113342679302,EXP_CatBoostModel_Alpha158_csi300_custom_step0_s_20260513_17,fc47e063461d466ba4698b7c049cecac,0.167,,,
2018,2026-05-13,SZ002001,-0.025315042310937546,EXP_CatBoostModel_Alpha158_csi300_custom_step0_s_20260513_17,fc47e063461d466ba4698b7c049cecac,0.167,,,
2019,2026-05-13,SZ002027,-0.04012634616288882,EXP_CatBoostModel_Alpha158_csi300_custom_step0_s_20260513_17,fc47e063461d466ba4698b7c049cecac,0.167,,,
2020,2026-05-13,SZ002028,-0.0663157972733503,EXP_CatBoostModel_Alpha158_csi300_custom_step0_s_20260513_17,fc47e063461d466ba4698b7c049cecac,0.167,,,
2021,2026-05-13,SZ002049,0.027988998325649064,EXP_CatBoostModel_Alpha158_csi300_custom_step0_s_20260513_17,fc47e063461d466ba4698b7c049cecac,0.167,,,
2022,2026-05-13,SH600900,0.0029765454731025516,EXP_LGBModel_Alpha158_csi300_custom_step0_s_20260513_17,4a406988a9174dd3a1a70b0af953f5d6,0.081,,,
2023,2026-05-13,SH601919,-0.0319606718973592,EXP_CatBoostModel_Alpha158_csi300_custom_step0_s_20260513_17,fc47e063461d466ba4698b7c049cecac,0.167,,,
2024,2026-05-13,SH600905,0.0029765454731025516,EXP_LGBModel_Alpha158_csi300_custom_step0_s_20260513_17,4a406988a9174dd3a1a70b0af953f5d6,0.081,,,
2025,2026-05-13,SH600919,0.0029765454731025516,EXP_LGBModel_Alpha158_csi300_custom_step0_s_20260513_17,4a406988a9174dd3a1a70b0af953f5d6,0.081,,,
2026,2026-05-13,SZ000876,-1.9959409893997404e-10,EXP_LGBModel_Alpha158_csi300_custom_step0_s_20260513_17,4a406988a9174dd3a1a70b0af953f5d6,0.081,,,
2027,2026-05-13,SZ000895,-1.9959409893997404e-10,EXP_LGBModel_Alpha158_csi300_custom_step0_s_20260513_17,4a406988a9174dd3a1a70b0af953f5d6,0.081,,,
2028,2026-05-13,SZ000938,-1.9959409893997404e-10,EXP_LGBModel_Alpha158_csi300_custom_step0_s_20260513_17,4a406988a9174dd3a1a70b0af953f5d6,0.081,,,
2029,2026-05-13,SZ000963,-1.9959409893997404e-10,EXP_LGBModel_Alpha158_csi300_custom_step0_s_20260513_17,4a406988a9174dd3a1a70b0af953f5d6,0.081,,,
2030,2026-05-13,SZ000975,0.0012444340031235665,EXP_LGBModel_Alpha158_csi300_custom_step0_s_20260513_17,4a406988a9174dd3a1a70b0af953f5d6,0.081,,,
2031,2026-05-13,SZ000977,-1.9959409893997404e-10,EXP_LGBModel_Alpha158_csi300_custom_step0_s_20260513_17,4a406988a9174dd3a1a70b0af953f5d6,0.081,,,
2032,2026-05-13,SZ000983,-0.002433222760307109,EXP_LGBModel_Alpha158_csi300_custom_step0_s_20260513_17,4a406988a9174dd3a1a70b0af953f5d6,0.081,,,
2033,2026-05-13,SZ000999,-1.9959409893997404e-10,EXP_LGBModel_Alpha158_csi300_custom_step0_s_20260513_17,4a406988a9174dd3a1a70b0af953f5d6,0.081,,,
2034,2026-05-13,SZ001391,0.0029765454731025516,EXP_LGBModel_Alpha158_csi300_custom_step0_s_20260513_17,4a406988a9174dd3a1a70b0af953f5d6,0.081,,,
2035,2026-05-13,SZ001965,-1.9959409893997404e-10,EXP_LGBModel_Alpha158_csi300_custom_step0_s_20260513_17,4a406988a9174dd3a1a70b0af953f5d6,0.081,,,
2036,2026-05-13,SZ001979,-1.9959409893997404e-10,EXP_LGBModel_Alpha158_csi300_custom_step0_s_20260513_17,4a406988a9174dd3a1a70b0af953f5d6,0.081,,,
2037,2026-05-13,SZ000858,-1.9959409893997404e-10,EXP_LGBModel_Alpha158_csi300_custom_step0_s_20260513_17,4a406988a9174dd3a1a70b0af953f5d6,0.081,,,
2038,2026-05-13,SZ002001,-1.9959409893997404e-10,EXP_LGBModel_Alpha158_csi300_custom_step0_s_20260513_17,4a406988a9174dd3a1a70b0af953f5d6,0.081,,,
2039,2026-05-13,SZ002028,-1.9959409893997404e-10,EXP_LGBModel_Alpha158_csi300_custom_step0_s_20260513_17,4a406988a9174dd3a1a70b0af953f5d6,0.081,,,
2040,2026-05-13,SZ002049,-0.0012296230794965174,EXP_LGBModel_Alpha158_csi300_custom_step0_s_20260513_17,4a406988a9174dd3a1a70b0af953f5d6,0.081,,,
2041,2026-05-13,SZ002050,-1.9959409893997404e-10,EXP_LGBModel_Alpha158_csi300_custom_step0_s_20260513_17,4a406988a9174dd3a1a70b0af953f5d6,0.081,,,
2042,2026-05-13,SZ002074,-0.002433222760307109,EXP_LGBModel_Alpha158_csi300_custom_step0_s_20260513_17,4a406988a9174dd3a1a70b0af953f5d6,0.081,,,
2043,2026-05-13,SZ002142,-0.002433222760307109,EXP_LGBModel_Alpha158_csi300_custom_step0_s_20260513_17,4a406988a9174dd3a1a70b0af953f5d6,0.081,,,
2044,2026-05-13,SZ002179,0.0022381563372412447,EXP_LGBModel_Alpha158_csi300_custom_step0_s_20260513_17,4a406988a9174dd3a1a70b0af953f5d6,0.081,,,
2045,2026-05-13,SZ002230,-0.001927415599710875,EXP_LGBModel_Alpha158_csi300_custom_step0_s_20260513_17,4a406988a9174dd3a1a70b0af953f5d6,0.081,,,
2046,2026-05-13,SZ002236,-0.001927415599710875,EXP_LGBModel_Alpha158_csi300_custom_step0_s_20260513_17,4a406988a9174dd3a1a70b0af953f5d6,0.081,,,
2047,2026-05-13,SZ002241,-0.0012296230794965174,EXP_LGBModel_Alpha158_csi300_custom_step0_s_20260513_17,4a406988a9174dd3a1a70b0af953f5d6,0.081,,,
2048,2026-05-13,SZ002252,0.0029765454731025516,EXP_LGBModel_Alpha158_csi300_custom_step0_s_20260513_17,4a406988a9174dd3a1a70b0af953f5d6,0.081,,,
2049,2026-05-13,SZ002304,-1.9959409893997404e-10,EXP_LGBModel_Alpha158_csi300_custom_step0_s_20260513_17,4a406988a9174dd3a1a70b0af953f5d6,0.081,,,
2050,2026-05-13,SZ002027,-0.002433222760307109,EXP_LGBModel_Alpha158_csi300_custom_step0_s_20260513_17,4a406988a9174dd3a1a70b0af953f5d6,0.081,,,
2051,2026-05-13,SZ002311,-0.0012296230794965174,EXP_LGBModel_Alpha158_csi300_custom_step0_s_20260513_17,4a406988a9174dd3a1a70b0af953f5d6,0.081,,,
2052,2026-05-13,SZ000807,-0.002433222760307109,EXP_LGBModel_Alpha158_csi300_custom_step0_s_20260513_17,4a406988a9174dd3a1a70b0af953f5d6,0.081,,,
2053,2026-05-13,SZ000786,-0.002433222760307109,EXP_LGBModel_Alpha158_csi300_custom_step0_s_20260513_17,4a406988a9174dd3a1a70b0af953f5d6,0.081,,,
2054,2026-05-13,SH688981,-1.9959409893997404e-10,EXP_LGBModel_Alpha158_csi300_custom_step0_s_20260513_17,4a406988a9174dd3a1a70b0af953f5d6,0.081,,,
2055,2026-05-13,SZ000001,0.0029765454731025516,EXP_LGBModel_Alpha158_csi300_custom_step0_s_20260513_17,4a406988a9174dd3a1a70b0af953f5d6,0.081,,,
2056,2026-05-13,SZ000002,-0.002433222760307109,EXP_LGBModel_Alpha158_csi300_custom_step0_s_20260513_17,4a406988a9174dd3a1a70b0af953f5d6,0.081,,,
2057,2026-05-13,SZ000063,-0.002433222760307109,EXP_LGBModel_Alpha158_csi300_custom_step0_s_20260513_17,4a406988a9174dd3a1a70b0af953f5d6,0.081,,,
2058,2026-05-13,SZ000100,0.0029765454731025516,EXP_LGBModel_Alpha158_csi300_custom_step0_s_20260513_17,4a406988a9174dd3a1a70b0af953f5d6,0.081,,,
2059,2026-05-13,SZ000157,-1.9959409893997404e-10,EXP_LGBModel_Alpha158_csi300_custom_step0_s_20260513_17,4a406988a9174dd3a1a70b0af953f5d6,0.081,,,
2060,2026-05-13,SZ000166,0.0029765454731025516,EXP_LGBModel_Alpha158_csi300_custom_step0_s_20260513_17,4a406988a9174dd3a1a70b0af953f5d6,0.081,,,
2061,2026-05-13,SZ000301,0.002057935059438724,EXP_LGBModel_Alpha158_csi300_custom_step0_s_20260513_17,4a406988a9174dd3a1a70b0af953f5d6,0.081,,,
2062,2026-05-13,SZ000333,0.002057935059438724,EXP_LGBModel_Alpha158_csi300_custom_step0_s_20260513_17,4a406988a9174dd3a1a70b0af953f5d6,0.081,,,
2063,2026-05-13,SZ000338,-0.004290327800910992,EXP_LGBModel_Alpha158_csi300_custom_step0_s_20260513_17,4a406988a9174dd3a1a70b0af953f5d6,0.081,,,
2064,2026-05-13,SZ000408,-1.9959409893997404e-10,EXP_LGBModel_Alpha158_csi300_custom_step0_s_20260513_17,4a406988a9174dd3a1a70b0af953f5d6,0.081,,,
2065,2026-05-13,SZ000792,-0.002433222760307109,EXP_LGBModel_Alpha158_csi300_custom_step0_s_20260513_17,4a406988a9174dd3a1a70b0af953f5d6,0.081,,,
2066,2026-05-13,SZ000425,-0.002433222760307109,EXP_LGBModel_Alpha158_csi300_custom_step0_s_20260513_17,4a406988a9174dd3a1a70b0af953f5d6,0.081,,,
2067,2026-05-13,SZ000568,-1.9959409893997404e-10,EXP_LGBModel_Alpha158_csi300_custom_step0_s_20260513_17,4a406988a9174dd3a1a70b0af953f5d6,0.081,,,
2068,2026-05-13,SZ000596,-1.9959409893997404e-10,EXP_LGBModel_Alpha158_csi300_custom_step0_s_20260513_17,4a406988a9174dd3a1a70b0af953f5d6,0.081,,,
2069,2026-05-13,SZ000617,-1.9959409893997404e-10,EXP_LGBModel_Alpha158_csi300_custom_step0_s_20260513_17,4a406988a9174dd3a1a70b0af953f5d6,0.081,,,
2070,2026-05-13,SZ000625,-1.9959409893997404e-10,EXP_LGBModel_Alpha158_csi300_custom_step0_s_20260513_17,4a406988a9174dd3a1a70b0af953f5d6,0.081,,,
2071,2026-05-13,SZ000630,-1.9959409893997404e-10,EXP_LGBModel_Alpha158_csi300_custom_step0_s_20260513_17,4a406988a9174dd3a1a70b0af953f5d6,0.081,,,
2072,2026-05-13,SZ000651,-1.9959409893997404e-10,EXP_LGBModel_Alpha158_csi300_custom_step0_s_20260513_17,4a406988a9174dd3a1a70b0af953f5d6,0.081,,,
2073,2026-05-13,SZ000661,-0.002433222760307109,EXP_LGBModel_Alpha158_csi300_custom_step0_s_20260513_17,4a406988a9174dd3a1a70b0af953f5d6,0.081,,,
2074,2026-05-13,SZ000708,-1.9959409893997404e-10,EXP_LGBModel_Alpha158_csi300_custom_step0_s_20260513_17,4a406988a9174dd3a1a70b0af953f5d6,0.081,,,
2075,2026-05-13,SZ000725,-1.9959409893997404e-10,EXP_LGBModel_Alpha158_csi300_custom_step0_s_20260513_17,4a406988a9174dd3a1a70b0af953f5d6,0.081,,,
2076,2026-05-13,SZ000768,-0.002433222760307109,EXP_LGBModel_Alpha158_csi300_custom_step0_s_20260513_17,4a406988a9174dd3a1a70b0af953f5d6,0.081,,,
2077,2026-05-13,SZ000776,-1.9959409893997404e-10,EXP_LGBModel_Alpha158_csi300_custom_step0_s_20260513_17,4a406988a9174dd3a1a70b0af953f5d6,0.081,,,
2078,2026-05-13,SZ000538,-1.9959409893997404e-10,EXP_LGBModel_Alpha158_csi300_custom_step0_s_20260513_17,4a406988a9174dd3a1a70b0af953f5d6,0.081,,,
2079,2026-05-13,SH688506,-0.002433222760307109,EXP_LGBModel_Alpha158_csi300_custom_step0_s_20260513_17,4a406988a9174dd3a1a70b0af953f5d6,0.081,,,
2080,2026-05-13,SZ002352,-1.9959409893997404e-10,EXP_LGBModel_Alpha158_csi300_custom_step0_s_20260513_17,4a406988a9174dd3a1a70b0af953f5d6,0.081,,,
2081,2026-05-13,SZ002384,-1.9959409893997404e-10,EXP_LGBModel_Alpha158_csi300_custom_step0_s_20260513_17,4a406988a9174dd3a1a70b0af953f5d6,0.081,,,
2082,2026-05-13,SZ300308,-1.9959409893997404e-10,EXP_LGBModel_Alpha158_csi300_custom_step0_s_20260513_17,4a406988a9174dd3a1a70b0af953f5d6,0.081,,,
2083,2026-05-13,SZ300316,-1.9959409893997404e-10,EXP_LGBModel_Alpha158_csi300_custom_step0_s_20260513_17,4a406988a9174dd3a1a70b0af953f5d6,0.081,,,
2084,2026-05-13,SZ300347,-1.9959409893997404e-10,EXP_LGBModel_Alpha158_csi300_custom_step0_s_20260513_17,4a406988a9174dd3a1a70b0af953f5d6,0.081,,,
2085,2026-05-13,SZ300394,-1.9959409893997404e-10,EXP_LGBModel_Alpha158_csi300_custom_step0_s_20260513_17,4a406988a9174dd3a1a70b0af953f5d6,0.081,,,
2086,2026-05-13,SZ300408,-0.004290327800910992,EXP_LGBModel_Alpha158_csi300_custom_step0_s_20260513_17,4a406988a9174dd3a1a70b0af953f5d6,0.081,,,
2087,2026-05-13,SZ300413,-1.9959409893997404e-10,EXP_LGBModel_Alpha158_csi300_custom_step0_s_20260513_17,4a406988a9174dd3a1a70b0af953f5d6,0.081,,,
2088,2026-05-13,SZ300418,-0.002433222760307109,EXP_LGBModel_Alpha158_csi300_custom_step0_s_20260513_17,4a406988a9174dd3a1a70b0af953f5d6,0.081,,,
2089,2026-05-13,SZ300433,-0.0005935414435348236,EXP_LGBModel_Alpha158_csi300_custom_step0_s_20260513_17,4a406988a9174dd3a1a70b0af953f5d6,0.081,,,
2090,2026-05-13,SZ300442,-1.9959409893997404e-10,EXP_LGBModel_Alpha158_csi300_custom_step0_s_20260513_17,4a406988a9174dd3a1a70b0af953f5d6,0.081,,,
2091,2026-05-13,SZ300476,-0.004290327800910992,EXP_LGBModel_Alpha158_csi300_custom_step0_s_20260513_17,4a406988a9174dd3a1a70b0af953f5d6,0.081,,,
2092,2026-05-13,SZ300498,-1.9959409893997404e-10,EXP_LGBModel_Alpha158_csi300_custom_step0_s_20260513_17,4a406988a9174dd3a1a70b0af953f5d6,0.081,,,
2093,2026-05-13,SZ300274,-0.002433222760307109,EXP_LGBModel_Alpha158_csi300_custom_step0_s_20260513_17,4a406988a9174dd3a1a70b0af953f5d6,0.081,,,
2094,2026-05-13,SZ300502,-1.9959409893997404e-10,EXP_LGBModel_Alpha158_csi300_custom_step0_s_20260513_17,4a406988a9174dd3a1a70b0af953f5d6,0.081,,,
2095,2026-05-13,SZ300661,-0.004290327800910992,EXP_LGBModel_Alpha158_csi300_custom_step0_s_20260513_17,4a406988a9174dd3a1a70b0af953f5d6,0.081,,,
2096,2026-05-13,SZ300750,-0.002433222760307109,EXP_LGBModel_Alpha158_csi300_custom_step0_s_20260513_17,4a406988a9174dd3a1a70b0af953f5d6,0.081,,,
2097,2026-05-13,SZ300759,-0.002433222760307109,EXP_LGBModel_Alpha158_csi300_custom_step0_s_20260513_17,4a406988a9174dd3a1a70b0af953f5d6,0.081,,,
2098,2026-05-13,SZ300760,-0.002433222760307109,EXP_LGBModel_Alpha158_csi300_custom_step0_s_20260513_17,4a406988a9174dd3a1a70b0af953f5d6,0.081,,,
2099,2026-05-13,SZ300782,-1.9959409893997404e-10,EXP_LGBModel_Alpha158_csi300_custom_step0_s_20260513_17,4a406988a9174dd3a1a70b0af953f5d6,0.081,,,
2100,2026-05-13,SZ300803,-1.9959409893997404e-10,EXP_LGBModel_Alpha158_csi300_custom_step0_s_20260513_17,4a406988a9174dd3a1a70b0af953f5d6,0.081,,,
2101,2026-05-13,SZ300832,0.0008344501384692852,EXP_LGBModel_Alpha158_csi300_custom_step0_s_20260513_17,4a406988a9174dd3a1a70b0af953f5d6,0.081,,,
2102,2026-05-13,SZ300866,-0.002433222760307109,EXP_LGBModel_Alpha158_csi300_custom_step0_s_20260513_17,4a406988a9174dd3a1a70b0af953f5d6,0.081,,,
2103,2026-05-13,SZ300896,-1.9959409893997404e-10,EXP_LGBModel_Alpha158_csi300_custom_step0_s_20260513_17,4a406988a9174dd3a1a70b0af953f5d6,0.081,,,
2104,2026-05-13,SZ300979,-1.9959409893997404e-10,EXP_LGBModel_Alpha158_csi300_custom_step0_s_20260513_17,4a406988a9174dd3a1a70b0af953f5d6,0.081,,,
2105,2026-05-13,SZ300999,0.0029765454731025516,EXP_LGBModel_Alpha158_csi300_custom_step0_s_20260513_17,4a406988a9174dd3a1a70b0af953f5d6,0.081,,,
2106,2026-05-13,SZ300628,0.0008344501384692852,EXP_LGBModel_Alpha158_csi300_custom_step0_s_20260513_17,4a406988a9174dd3a1a70b0af953f5d6,0.081,,,
2107,2026-05-13,SZ002371,-0.0012296230794965174,EXP_LGBModel_Alpha158_csi300_custom_step0_s_20260513_17,4a406988a9174dd3a1a70b0af953f5d6,0.081,,,
2108,2026-05-13,SZ300251,-0.001927415599710875,EXP_LGBModel_Alpha158_csi300_custom_step0_s_20260513_17,4a406988a9174dd3a1a70b0af953f5d6,0.081,,,
2109,2026-05-13,SZ300122,-1.9959409893997404e-10,EXP_LGBModel_Alpha158_csi300_custom_step0_s_20260513_17,4a406988a9174dd3a1a70b0af953f5d6,0.081,,,
2110,2026-05-13,SZ002415,-0.002433222760307109,EXP_LGBModel_Alpha158_csi300_custom_step0_s_20260513_17,4a406988a9174dd3a1a70b0af953f5d6,0.081,,,
2111,2026-05-13,SZ002422,-0.002433222760307109,EXP_LGBModel_Alpha158_csi300_custom_step0_s_20260513_17,4a406988a9174dd3a1a70b0af953f5d6,0.081,,,
2112,2026-05-13,SZ002459,-0.002433222760307109,EXP_LGBModel_Alpha158_csi300_custom_step0_s_20260513_17,4a406988a9174dd3a1a70b0af953f5d6,0.081,,,
2113,2026-05-13,SZ002460,-0.002433222760307109,EXP_LGBModel_Alpha158_csi300_custom_step0_s_20260513_17,4a406988a9174dd3a1a70b0af953f5d6,0.081,,,
2114,2026-05-13,SZ002463,-0.004290327800910992,EXP_LGBModel_Alpha158_csi300_custom_step0_s_20260513_17,4a406988a9174dd3a1a70b0af953f5d6,0.081,,,
2115,2026-05-13,SZ002466,0.0041085445498978,EXP_LGBModel_Alpha158_csi300_custom_step0_s_20260513_17,4a406988a9174dd3a1a70b0af953f5d6,0.081,,,
2116,2026-05-13,SZ002475,-1.9959409893997404e-10,EXP_LGBModel_Alpha158_csi300_custom_step0_s_20260513_17,4a406988a9174dd3a1a70b0af953f5d6,0.081,,,
2117,2026-05-13,SZ002493,-0.002433222760307109,EXP_LGBModel_Alpha158_csi300_custom_step0_s_20260513_17,4a406988a9174dd3a1a70b0af953f5d6,0.081,,,
2118,2026-05-13,SZ002594,-0.002433222760307109,EXP_LGBModel_Alpha158_csi300_custom_step0_s_20260513_17,4a406988a9174dd3a1a70b0af953f5d6,0.081,,,
2119,2026-05-13,SZ002600,-0.0012296230794965174,EXP_LGBModel_Alpha158_csi300_custom_step0_s_20260513_17,4a406988a9174dd3a1a70b0af953f5d6,0.081,,,
2120,2026-05-13,SZ002601,-0.0005935414435348236,EXP_LGBModel_Alpha158_csi300_custom_step0_s_20260513_17,4a406988a9174dd3a1a70b0af953f5d6,0.081,,,
2121,2026-05-13,SZ300124,-0.002433222760307109,EXP_LGBModel_Alpha158_csi300_custom_step0_s_20260513_17,4a406988a9174dd3a1a70b0af953f5d6,0.081,,,
2122,2026-05-13,SZ002625,-0.0012296230794965174,EXP_LGBModel_Alpha158_csi300_custom_step0_s_20260513_17,4a406988a9174dd3a1a70b0af953f5d6,0.081,,,
2123,2026-05-13,SZ002709,0.0041085445498978,EXP_LGBModel_Alpha158_csi300_custom_step0_s_20260513_17,4a406988a9174dd3a1a70b0af953f5d6,0.081,,,
2124,2026-05-13,SZ002714,-1.9959409893997404e-10,EXP_LGBModel_Alpha158_csi300_custom_step0_s_20260513_17,4a406988a9174dd3a1a70b0af953f5d6,0.081,,,
2125,2026-05-13,SZ002736,-1.9959409893997404e-10,EXP_LGBModel_Alpha158_csi300_custom_step0_s_20260513_17,4a406988a9174dd3a1a70b0af953f5d6,0.081,,,
2126,2026-05-13,SZ002916,-1.9959409893997404e-10,EXP_LGBModel_Alpha158_csi300_custom_step0_s_20260513_17,4a406988a9174dd3a1a70b0af953f5d6,0.081,,,
2127,2026-05-13,SZ002920,0.0008344501384692852,EXP_LGBModel_Alpha158_csi300_custom_step0_s_20260513_17,4a406988a9174dd3a1a70b0af953f5d6,0.081,,,
2128,2026-05-13,SZ002938,-0.004290327800910992,EXP_LGBModel_Alpha158_csi300_custom_step0_s_20260513_17,4a406988a9174dd3a1a70b0af953f5d6,0.081,,,
2129,2026-05-13,SZ003816,0.0012444340031235665,EXP_LGBModel_Alpha158_csi300_custom_step0_s_20260513_17,4a406988a9174dd3a1a70b0af953f5d6,0.081,,,
2130,2026-05-13,SZ300014,-0.002433222760307109,EXP_LGBModel_Alpha158_csi300_custom_step0_s_20260513_17,4a406988a9174dd3a1a70b0af953f5d6,0.081,,,
2131,2026-05-13,SZ300015,-1.9959409893997404e-10,EXP_LGBModel_Alpha158_csi300_custom_step0_s_20260513_17,4a406988a9174dd3a1a70b0af953f5d6,0.081,,,
2132,2026-05-13,SZ300033,-1.9959409893997404e-10,EXP_LGBModel_Alpha158_csi300_custom_step0_s_20260513_17,4a406988a9174dd3a1a70b0af953f5d6,0.081,,,
2133,2026-05-13,SZ300059,-0.0012296230794965174,EXP_LGBModel_Alpha158_csi300_custom_step0_s_20260513_17,4a406988a9174dd3a1a70b0af953f5d6,0.081,,,
2134,2026-05-13,SZ002648,0.0012444340031235665,EXP_LGBModel_Alpha158_csi300_custom_step0_s_20260513_17,4a406988a9174dd3a1a70b0af953f5d6,0.081,,,
2135,2026-05-13,SH688472,-0.002433222760307109,EXP_LGBModel_Alpha158_csi300_custom_step0_s_20260513_17,4a406988a9174dd3a1a70b0af953f5d6,0.081,,,
2136,2026-05-13,SH688396,-1.9959409893997404e-10,EXP_LGBModel_Alpha158_csi300_custom_step0_s_20260513_17,4a406988a9174dd3a1a70b0af953f5d6,0.081,,,
2137,2026-05-13,SH688303,-0.001927415599710875,EXP_LGBModel_Alpha158_csi300_custom_step0_s_20260513_17,4a406988a9174dd3a1a70b0af953f5d6,0.081,,,
2138,2026-05-13,SH601229,-1.9959409893997404e-10,EXP_LGBModel_Alpha158_csi300_custom_step0_s_20260513_17,4a406988a9174dd3a1a70b0af953f5d6,0.081,,,
2139,2026-05-13,SH601236,-1.9959409893997404e-10,EXP_LGBModel_Alpha158_csi300_custom_step0_s_20260513_17,4a406988a9174dd3a1a70b0af953f5d6,0.081,,,
2140,2026-05-13,SH601238,-1.9959409893997404e-10,EXP_LGBModel_Alpha158_csi300_custom_step0_s_20260513_17,4a406988a9174dd3a1a70b0af953f5d6,0.081,,,
2141,2026-05-13,SH601288,-1.9959409893997404e-10,EXP_LGBModel_Alpha158_csi300_custom_step0_s_20260513_17,4a406988a9174dd3a1a70b0af953f5d6,0.081,,,
2142,2026-05-13,SH601298,0.0029765454731025516,EXP_LGBModel_Alpha158_csi300_custom_step0_s_20260513_17,4a406988a9174dd3a1a70b0af953f5d6,0.081,,,
2143,2026-05-13,SH601318,-1.9959409893997404e-10,EXP_LGBModel_Alpha158_csi300_custom_step0_s_20260513_17,4a406988a9174dd3a1a70b0af953f5d6,0.081,,,
2144,2026-05-13,SH601319,0.0029765454731025516,EXP_LGBModel_Alpha158_csi300_custom_step0_s_20260513_17,4a406988a9174dd3a1a70b0af953f5d6,0.081,,,
2145,2026-05-13,SH601328,-1.9959409893997404e-10,EXP_LGBModel_Alpha158_csi300_custom_step0_s_20260513_17,4a406988a9174dd3a1a70b0af953f5d6,0.081,,,
2146,2026-05-13,SH601336,-1.9959409893997404e-10,EXP_LGBModel_Alpha158_csi300_custom_step0_s_20260513_17,4a406988a9174dd3a1a70b0af953f5d6,0.081,,,
2147,2026-05-13,SH601360,-0.002433222760307109,EXP_LGBModel_Alpha158_csi300_custom_step0_s_20260513_17,4a406988a9174dd3a1a70b0af953f5d6,0.081,,,
2148,2026-05-13,SH601377,-1.9959409893997404e-10,EXP_LGBModel_Alpha158_csi300_custom_step0_s_20260513_17,4a406988a9174dd3a1a70b0af953f5d6,0.081,,,
2149,2026-05-13,SH601225,0.0012444340031235665,EXP_LGBModel_Alpha158_csi300_custom_step0_s_20260513_17,4a406988a9174dd3a1a70b0af953f5d6,0.081,,,
2150,2026-05-13,SH601390,-1.9959409893997404e-10,EXP_LGBModel_Alpha158_csi300_custom_step0_s_20260513_17,4a406988a9174dd3a1a70b0af953f5d6,0.081,,,
2151,2026-05-13,SH601456,0.0029765454731025516,EXP_LGBModel_Alpha158_csi300_custom_step0_s_20260513_17,4a406988a9174dd3a1a70b0af953f5d6,0.081,,,
2152,2026-05-13,SH601600,-1.9959409893997404e-10,EXP_LGBModel_Alpha158_csi300_custom_step0_s_20260513_17,4a406988a9174dd3a1a70b0af953f5d6,0.081,,,
2153,2026-05-13,SH601601,-1.9959409893997404e-10,EXP_LGBModel_Alpha158_csi300_custom_step0_s_20260513_17,4a406988a9174dd3a1a70b0af953f5d6,0.081,,,
2154,2026-05-13,SH601607,0.0029765454731025516,EXP_LGBModel_Alpha158_csi300_custom_step0_s_20260513_17,4a406988a9174dd3a1a70b0af953f5d6,0.081,,,
2155,2026-05-13,SH601618,0.0029765454731025516,EXP_LGBModel_Alpha158_csi300_custom_step0_s_20260513_17,4a406988a9174dd3a1a70b0af953f5d6,0.081,,,
2156,2026-05-13,SH601628,-1.9959409893997404e-10,EXP_LGBModel_Alpha158_csi300_custom_step0_s_20260513_17,4a406988a9174dd3a1a70b0af953f5d6,0.081,,,
2157,2026-05-13,SH601633,-1.9959409893997404e-10,EXP_LGBModel_Alpha158_csi300_custom_step0_s_20260513_17,4a406988a9174dd3a1a70b0af953f5d6,0.081,,,
2158,2026-05-13,SH601658,0.0029765454731025516,EXP_LGBModel_Alpha158_csi300_custom_step0_s_20260513_17,4a406988a9174dd3a1a70b0af953f5d6,0.081,,,
2159,2026-05-13,SH601668,0.0029765454731025516,EXP_LGBModel_Alpha158_csi300_custom_step0_s_20260513_17,4a406988a9174dd3a1a70b0af953f5d6,0.081,,,
2160,2026-05-13,SH601669,-0.002433222760307109,EXP_LGBModel_Alpha158_csi300_custom_step0_s_20260513_17,4a406988a9174dd3a1a70b0af953f5d6,0.081,,,
2161,2026-05-13,SH601688,-1.9959409893997404e-10,EXP_LGBModel_Alpha158_csi300_custom_step0_s_20260513_17,4a406988a9174dd3a1a70b0af953f5d6,0.081,,,
2162,2026-05-13,SH601398,0.0029765454731025516,EXP_LGBModel_Alpha158_csi300_custom_step0_s_20260513_17,4a406988a9174dd3a1a70b0af953f5d6,0.081,,,
2163,2026-05-13,SH601689,-1.9959409893997404e-10,EXP_LGBModel_Alpha158_csi300_custom_step0_s_20260513_17,4a406988a9174dd3a1a70b0af953f5d6,0.081,,,
2164,2026-05-13,SH601211,-1.9959409893997404e-10,EXP_LGBModel_Alpha158_csi300_custom_step0_s_20260513_17,4a406988a9174dd3a1a70b0af953f5d6,0.081,,,
2165,2026-05-13,SH601169,-1.9959409893997404e-10,EXP_LGBModel_Alpha158_csi300_custom_step0_s_20260513_17,4a406988a9174dd3a1a70b0af953f5d6,0.081,,,
2166,2026-05-13,SH600926,-0.002433222760307109,EXP_LGBModel_Alpha158_csi300_custom_step0_s_20260513_17,4a406988a9174dd3a1a70b0af953f5d6,0.081,,,
2167,2026-05-13,SH600930,-0.002433222760307109,EXP_LGBModel_Alpha158_csi300_custom_step0_s_20260513_17,4a406988a9174dd3a1a70b0af953f5d6,0.081,,,
2168,2026-05-13,SH600938,-1.9959409893997404e-10,EXP_LGBModel_Alpha158_csi300_custom_step0_s_20260513_17,4a406988a9174dd3a1a70b0af953f5d6,0.081,,,
2169,2026-05-13,SH600941,0.0029765454731025516,EXP_LGBModel_Alpha158_csi300_custom_step0_s_20260513_17,4a406988a9174dd3a1a70b0af953f5d6,0.081,,,
2170,2026-05-13,SH600958,-0.0012296230794965174,EXP_LGBModel_Alpha158_csi300_custom_step0_s_20260513_17,4a406988a9174dd3a1a70b0af953f5d6,0.081,,,
2171,2026-05-13,SH600989,-0.002433222760307109,EXP_LGBModel_Alpha158_csi300_custom_step0_s_20260513_17,4a406988a9174dd3a1a70b0af953f5d6,0.081,,,
2172,2026-05-13,SH600999,-1.9959409893997404e-10,EXP_LGBModel_Alpha158_csi300_custom_step0_s_20260513_17,4a406988a9174dd3a1a70b0af953f5d6,0.081,,,
2173,2026-05-13,SH601006,0.0029765454731025516,EXP_LGBModel_Alpha158_csi300_custom_step0_s_20260513_17,4a406988a9174dd3a1a70b0af953f5d6,0.081,,,
2174,2026-05-13,SH601009,-0.002433222760307109,EXP_LGBModel_Alpha158_csi300_custom_step0_s_20260513_17,4a406988a9174dd3a1a70b0af953f5d6,0.081,,,
2175,2026-05-13,SH601012,-1.9959409893997404e-10,EXP_LGBModel_Alpha158_csi300_custom_step0_s_20260513_17,4a406988a9174dd3a1a70b0af953f5d6,0.081,,,
2176,2026-05-13,SH601018,-1.9959409893997404e-10,EXP_LGBModel_Alpha158_csi300_custom_step0_s_20260513_17,4a406988a9174dd3a1a70b0af953f5d6,0.081,,,
2177,2026-05-13,SH601186,-1.9959409893997404e-10,EXP_LGBModel_Alpha158_csi300_custom_step0_s_20260513_17,4a406988a9174dd3a1a70b0af953f5d6,0.081,,,
2178,2026-05-13,SH601021,0.0029765454731025516,EXP_LGBModel_Alpha158_csi300_custom_step0_s_20260513_17,4a406988a9174dd3a1a70b0af953f5d6,0.081,,,
2179,2026-05-13,SH601059,0.0029765454731025516,EXP_LGBModel_Alpha158_csi300_custom_step0_s_20260513_17,4a406988a9174dd3a1a70b0af953f5d6,0.081,,,
2180,2026-05-13,SH601066,-1.9959409893997404e-10,EXP_LGBModel_Alpha158_csi300_custom_step0_s_20260513_17,4a406988a9174dd3a1a70b0af953f5d6,0.081,,,
2181,2026-05-13,SH601077,0.0012444340031235665,EXP_LGBModel_Alpha158_csi300_custom_step0_s_20260513_17,4a406988a9174dd3a1a70b0af953f5d6,0.081,,,
2182,2026-05-13,SH601088,-1.9959409893997404e-10,EXP_LGBModel_Alpha158_csi300_custom_step0_s_20260513_17,4a406988a9174dd3a1a70b0af953f5d6,0.081,,,
2183,2026-05-13,SH601100,-0.002433222760307109,EXP_LGBModel_Alpha158_csi300_custom_step0_s_20260513_17,4a406988a9174dd3a1a70b0af953f5d6,0.081,,,
2184,2026-05-13,SH601111,-0.002433222760307109,EXP_LGBModel_Alpha158_csi300_custom_step0_s_20260513_17,4a406988a9174dd3a1a70b0af953f5d6,0.081,,,
2185,2026-05-13,SH601117,-0.001927415599710875,EXP_LGBModel_Alpha158_csi300_custom_step0_s_20260513_17,4a406988a9174dd3a1a70b0af953f5d6,0.081,,,
2186,2026-05-13,SH601127,-1.9959409893997404e-10,EXP_LGBModel_Alpha158_csi300_custom_step0_s_20260513_17,4a406988a9174dd3a1a70b0af953f5d6,0.081,,,
2187,2026-05-13,SH601136,-1.9959409893997404e-10,EXP_LGBModel_Alpha158_csi300_custom_step0_s_20260513_17,4a406988a9174dd3a1a70b0af953f5d6,0.081,,,
2188,2026-05-13,SH601138,-1.9959409893997404e-10,EXP_LGBModel_Alpha158_csi300_custom_step0_s_20260513_17,4a406988a9174dd3a1a70b0af953f5d6,0.081,,,
2189,2026-05-13,SH601166,-1.9959409893997404e-10,EXP_LGBModel_Alpha158_csi300_custom_step0_s_20260513_17,4a406988a9174dd3a1a70b0af953f5d6,0.081,,,
2190,2026-05-13,SH601058,-1.9959409893997404e-10,EXP_LGBModel_Alpha158_csi300_custom_step0_s_20260513_17,4a406988a9174dd3a1a70b0af953f5d6,0.081,,,
2191,2026-05-13,SH601698,-1.9959409893997404e-10,EXP_LGBModel_Alpha158_csi300_custom_step0_s_20260513_17,4a406988a9174dd3a1a70b0af953f5d6,0.081,,,
2192,2026-05-13,SH601728,-1.9959409893997404e-10,EXP_LGBModel_Alpha158_csi300_custom_step0_s_20260513_17,4a406988a9174dd3a1a70b0af953f5d6,0.081,,,
2193,2026-05-13,SH601766,0.0029765454731025516,EXP_LGBModel_Alpha158_csi300_custom_step0_s_20260513_17,4a406988a9174dd3a1a70b0af953f5d6,0.081,,,
2194,2026-05-13,SH603296,-1.9959409893997404e-10,EXP_LGBModel_Alpha158_csi300_custom_step0_s_20260513_17,4a406988a9174dd3a1a70b0af953f5d6,0.081,,,
2195,2026-05-13,SH603369,-0.002433222760307109,EXP_LGBModel_Alpha158_csi300_custom_step0_s_20260513_17,4a406988a9174dd3a1a70b0af953f5d6,0.081,,,
2196,2026-05-13,SH603392,-1.9959409893997404e-10,EXP_LGBModel_Alpha158_csi300_custom_step0_s_20260513_17,4a406988a9174dd3a1a70b0af953f5d6,0.081,,,
2197,2026-05-13,SH603501,-0.002433222760307109,EXP_LGBModel_Alpha158_csi300_custom_step0_s_20260513_17,4a406988a9174dd3a1a70b0af953f5d6,0.081,,,
2198,2026-05-13,SH603799,-1.9959409893997404e-10,EXP_LGBModel_Alpha158_csi300_custom_step0_s_20260513_17,4a406988a9174dd3a1a70b0af953f5d6,0.081,,,
2199,2026-05-13,SH603893,0.002057935059438724,EXP_LGBModel_Alpha158_csi300_custom_step0_s_20260513_17,4a406988a9174dd3a1a70b0af953f5d6,0.081,,,
2200,2026-05-13,SH603986,-1.9959409893997404e-10,EXP_LGBModel_Alpha158_csi300_custom_step0_s_20260513_17,4a406988a9174dd3a1a70b0af953f5d6,0.081,,,
2201,2026-05-13,SH603993,-0.0012296230794965174,EXP_LGBModel_Alpha158_csi300_custom_step0_s_20260513_17,4a406988a9174dd3a1a70b0af953f5d6,0.081,,,
2202,2026-05-13,SH605117,-0.002433222760307109,EXP_LGBModel_Alpha158_csi300_custom_step0_s_20260513_17,4a406988a9174dd3a1a70b0af953f5d6,0.081,,,
2203,2026-05-13,SH605499,-0.002433222760307109,EXP_LGBModel_Alpha158_csi300_custom_step0_s_20260513_17,4a406988a9174dd3a1a70b0af953f5d6,0.081,,,
2204,2026-05-13,SH688008,-0.004290327800910992,EXP_LGBModel_Alpha158_csi300_custom_step0_s_20260513_17,4a406988a9174dd3a1a70b0af953f5d6,0.081,,,
2205,2026-05-13,SH603288,-1.9959409893997404e-10,EXP_LGBModel_Alpha158_csi300_custom_step0_s_20260513_17,4a406988a9174dd3a1a70b0af953f5d6,0.081,,,
2206,2026-05-13,SH688009,-1.9959409893997404e-10,EXP_LGBModel_Alpha158_csi300_custom_step0_s_20260513_17,4a406988a9174dd3a1a70b0af953f5d6,0.081,,,
2207,2026-05-13,SH688036,-1.9959409893997404e-10,EXP_LGBModel_Alpha158_csi300_custom_step0_s_20260513_17,4a406988a9174dd3a1a70b0af953f5d6,0.081,,,
2208,2026-05-13,SH688041,-0.004290327800910992,EXP_LGBModel_Alpha158_csi300_custom_step0_s_20260513_17,4a406988a9174dd3a1a70b0af953f5d6,0.081,,,
2209,2026-05-13,SH688047,-1.9959409893997404e-10,EXP_LGBModel_Alpha158_csi300_custom_step0_s_20260513_17,4a406988a9174dd3a1a70b0af953f5d6,0.081,,,
2210,2026-05-13,SH688082,-1.9959409893997404e-10,EXP_LGBModel_Alpha158_csi300_custom_step0_s_20260513_17,4a406988a9174dd3a1a70b0af953f5d6,0.081,,,
2211,2026-05-13,SH688111,-0.002433222760307109,EXP_LGBModel_Alpha158_csi300_custom_step0_s_20260513_17,4a406988a9174dd3a1a70b0af953f5d6,0.081,,,
2212,2026-05-13,SH688126,-1.9959409893997404e-10,EXP_LGBModel_Alpha158_csi300_custom_step0_s_20260513_17,4a406988a9174dd3a1a70b0af953f5d6,0.081,,,
2213,2026-05-13,SH688169,-1.9959409893997404e-10,EXP_LGBModel_Alpha158_csi300_custom_step0_s_20260513_17,4a406988a9174dd3a1a70b0af953f5d6,0.081,,,
2214,2026-05-13,SH688187,-1.9959409893997404e-10,EXP_LGBModel_Alpha158_csi300_custom_step0_s_20260513_17,4a406988a9174dd3a1a70b0af953f5d6,0.081,,,
2215,2026-05-13,SH688223,-1.9959409893997404e-10,EXP_LGBModel_Alpha158_csi300_custom_step0_s_20260513_17,4a406988a9174dd3a1a70b0af953f5d6,0.081,,,
2216,2026-05-13,SH688256,-0.004290327800910992,EXP_LGBModel_Alpha158_csi300_custom_step0_s_20260513_17,4a406988a9174dd3a1a70b0af953f5d6,0.081,,,
2217,2026-05-13,SH688271,-0.002433222760307109,EXP_LGBModel_Alpha158_csi300_custom_step0_s_20260513_17,4a406988a9174dd3a1a70b0af953f5d6,0.081,,,
2218,2026-05-13,SH688012,-1.9959409893997404e-10,EXP_LGBModel_Alpha158_csi300_custom_step0_s_20260513_17,4a406988a9174dd3a1a70b0af953f5d6,0.081,,,
2219,2026-05-13,SH603260,-1.9959409893997404e-10,EXP_LGBModel_Alpha158_csi300_custom_step0_s_20260513_17,4a406988a9174dd3a1a70b0af953f5d6,0.081,,,
2220,2026-05-13,SH603259,-0.002433222760307109,EXP_LGBModel_Alpha158_csi300_custom_step0_s_20260513_17,4a406988a9174dd3a1a70b0af953f5d6,0.081,,,
2221,2026-05-13,SH603195,-1.9959409893997404e-10,EXP_LGBModel_Alpha158_csi300_custom_step0_s_20260513_17,4a406988a9174dd3a1a70b0af953f5d6,0.081,,,
2222,2026-05-13,SH601788,0.0022381563372412447,EXP_LGBModel_Alpha158_csi300_custom_step0_s_20260513_17,4a406988a9174dd3a1a70b0af953f5d6,0.081,,,
2223,2026-05-13,SH601800,-1.9959409893997404e-10,EXP_LGBModel_Alpha158_csi300_custom_step0_s_20260513_17,4a406988a9174dd3a1a70b0af953f5d6,0.081,,,
2224,2026-05-13,SH601808,-1.9959409893997404e-10,EXP_LGBModel_Alpha158_csi300_custom_step0_s_20260513_17,4a406988a9174dd3a1a70b0af953f5d6,0.081,,,
2225,2026-05-13,SH601816,-1.9959409893997404e-10,EXP_LGBModel_Alpha158_csi300_custom_step0_s_20260513_17,4a406988a9174dd3a1a70b0af953f5d6,0.081,,,
2226,2026-05-13,SH601818,-1.9959409893997404e-10,EXP_LGBModel_Alpha158_csi300_custom_step0_s_20260513_17,4a406988a9174dd3a1a70b0af953f5d6,0.081,,,
2227,2026-05-13,SH601825,0.0012444340031235665,EXP_LGBModel_Alpha158_csi300_custom_step0_s_20260513_17,4a406988a9174dd3a1a70b0af953f5d6,0.081,,,
2228,2026-05-13,SH601838,0.002057935059438724,EXP_LGBModel_Alpha158_csi300_custom_step0_s_20260513_17,4a406988a9174dd3a1a70b0af953f5d6,0.081,,,
2229,2026-05-13,SH601857,-1.9959409893997404e-10,EXP_LGBModel_Alpha158_csi300_custom_step0_s_20260513_17,4a406988a9174dd3a1a70b0af953f5d6,0.081,,,
2230,2026-05-13,SH601868,-0.002433222760307109,EXP_LGBModel_Alpha158_csi300_custom_step0_s_20260513_17,4a406988a9174dd3a1a70b0af953f5d6,0.081,,,
2231,2026-05-13,SH601872,-0.002433222760307109,EXP_LGBModel_Alpha158_csi300_custom_step0_s_20260513_17,4a406988a9174dd3a1a70b0af953f5d6,0.081,,,
2232,2026-05-13,SH601877,-0.002433222760307109,EXP_LGBModel_Alpha158_csi300_custom_step0_s_20260513_17,4a406988a9174dd3a1a70b0af953f5d6,0.081,,,
2233,2026-05-13,SH601878,0.0029765454731025516,EXP_LGBModel_Alpha158_csi300_custom_step0_s_20260513_17,4a406988a9174dd3a1a70b0af953f5d6,0.081,,,
2234,2026-05-13,SH601881,0.0029765454731025516,EXP_LGBModel_Alpha158_csi300_custom_step0_s_20260513_17,4a406988a9174dd3a1a70b0af953f5d6,0.081,,,
2235,2026-05-13,SH601888,-1.9959409893997404e-10,EXP_LGBModel_Alpha158_csi300_custom_step0_s_20260513_17,4a406988a9174dd3a1a70b0af953f5d6,0.081,,,
2236,2026-05-13,SH601898,-0.002433222760307109,EXP_LGBModel_Alpha158_csi300_custom_step0_s_20260513_17,4a406988a9174dd3a1a70b0af953f5d6,0.081,,,
2237,2026-05-13,SH601899,-1.9959409893997404e-10,EXP_LGBModel_Alpha158_csi300_custom_step0_s_20260513_17,4a406988a9174dd3a1a70b0af953f5d6,0.081,,,
2238,2026-05-13,SH601901,0.0029765454731025516,EXP_LGBModel_Alpha158_csi300_custom_step0_s_20260513_17,4a406988a9174dd3a1a70b0af953f5d6,0.081,,,
2239,2026-05-13,SH601916,0.0029765454731025516,EXP_LGBModel_Alpha158_csi300_custom_step0_s_20260513_17,4a406988a9174dd3a1a70b0af953f5d6,0.081,,,
2240,2026-05-13,SH601919,-1.9959409893997404e-10,EXP_LGBModel_Alpha158_csi300_custom_step0_s_20260513_17,4a406988a9174dd3a1a70b0af953f5d6,0.081,,,
2241,2026-05-13,SH601939,0.0029765454731025516,EXP_LGBModel_Alpha158_csi300_custom_step0_s_20260513_17,4a406988a9174dd3a1a70b0af953f5d6,0.081,,,
2242,2026-05-13,SH601985,0.0029765454731025516,EXP_LGBModel_Alpha158_csi300_custom_step0_s_20260513_17,4a406988a9174dd3a1a70b0af953f5d6,0.081,,,
2243,2026-05-13,SH601988,0.0029765454731025516,EXP_LGBModel_Alpha158_csi300_custom_step0_s_20260513_17,4a406988a9174dd3a1a70b0af953f5d6,0.081,,,
2244,2026-05-13,SH601995,0.0029765454731025516,EXP_LGBModel_Alpha158_csi300_custom_step0_s_20260513_17,4a406988a9174dd3a1a70b0af953f5d6,0.081,,,
2245,2026-05-13,SH601998,0.0029765454731025516,EXP_LGBModel_Alpha158_csi300_custom_step0_s_20260513_17,4a406988a9174dd3a1a70b0af953f5d6,0.081,,,
2246,2026-05-13,SH603019,-0.0012296230794965174,EXP_LGBModel_Alpha158_csi300_custom_step0_s_20260513_17,4a406988a9174dd3a1a70b0af953f5d6,0.081,,,
2247,2026-05-13,SH600918,0.0029765454731025516,EXP_LGBModel_Alpha158_csi300_custom_step0_s_20260513_17,4a406988a9174dd3a1a70b0af953f5d6,0.081,,,
2248,2026-05-13,SZ301236,-0.002433222760307109,EXP_LGBModel_Alpha158_csi300_custom_step0_s_20260513_17,4a406988a9174dd3a1a70b0af953f5d6,0.081,,,
2249,2026-05-13,SH601916,-0.025448057245210192,EXP_CatBoostModel_Alpha158_csi300_custom_step0_s_20260513_17,fc47e063461d466ba4698b7c049cecac,0.167,,,
2250,2026-05-13,SH601899,-0.005045428341422833,EXP_CatBoostModel_Alpha158_csi300_custom_step0_s_20260513_17,fc47e063461d466ba4698b7c049cecac,0.167,,,
2251,2026-05-13,SH601877,-0.0005887699427006065,EXP_CatBoostModel_Alpha158_csi300_custom_step0_s_20260513_17,3e58899130b5439f89726bf87c1e6cbb,0.013,,,
2252,2026-05-13,SH601878,-0.0014633847538777975,EXP_CatBoostModel_Alpha158_csi300_custom_step0_s_20260513_17,3e58899130b5439f89726bf87c1e6cbb,0.013,,,
2253,2026-05-13,SH601881,-0.0014633847538777975,EXP_CatBoostModel_Alpha158_csi300_custom_step0_s_20260513_17,3e58899130b5439f89726bf87c1e6cbb,0.013,,,
2254,2026-05-13,SH601888,-0.0006252526919327307,EXP_CatBoostModel_Alpha158_csi300_custom_step0_s_20260513_17,3e58899130b5439f89726bf87c1e6cbb,0.013,,,
2255,2026-05-13,SH601898,-0.003533712678505793,EXP_CatBoostModel_Alpha158_csi300_custom_step0_s_20260513_17,3e58899130b5439f89726bf87c1e6cbb,0.013,,,
2256,2026-05-13,SH601899,-0.0014633847538777975,EXP_CatBoostModel_Alpha158_csi300_custom_step0_s_20260513_17,3e58899130b5439f89726bf87c1e6cbb,0.013,,,
2257,2026-05-13,SH601901,0.001998745445043663,EXP_CatBoostModel_Alpha158_csi300_custom_step0_s_20260513_17,3e58899130b5439f89726bf87c1e6cbb,0.013,,,
2258,2026-05-13,SH601916,0.0009562424236409747,EXP_CatBoostModel_Alpha158_csi300_custom_step0_s_20260513_17,3e58899130b5439f89726bf87c1e6cbb,0.013,,,
2259,2026-05-13,SH601919,0.0007695333386795184,EXP_CatBoostModel_Alpha158_csi300_custom_step0_s_20260513_17,3e58899130b5439f89726bf87c1e6cbb,0.013,,,
2260,2026-05-13,SH601939,0.001998745445043663,EXP_CatBoostModel_Alpha158_csi300_custom_step0_s_20260513_17,3e58899130b5439f89726bf87c1e6cbb,0.013,,,
2261,2026-05-13,SH601985,0.001998745445043663,EXP_CatBoostModel_Alpha158_csi300_custom_step0_s_20260513_17,3e58899130b5439f89726bf87c1e6cbb,0.013,,,
2262,2026-05-13,SH601872,-0.0005887699427006065,EXP_CatBoostModel_Alpha158_csi300_custom_step0_s_20260513_17,3e58899130b5439f89726bf87c1e6cbb,0.013,,,
2263,2026-05-13,SH601988,0.0007695333386795184,EXP_CatBoostModel_Alpha158_csi300_custom_step0_s_20260513_17,3e58899130b5439f89726bf87c1e6cbb,0.013,,,
2264,2026-05-13,SH601998,0.0009562424236409747,EXP_CatBoostModel_Alpha158_csi300_custom_step0_s_20260513_17,3e58899130b5439f89726bf87c1e6cbb,0.013,,,
2265,2026-05-13,SH603019,-0.0005887699427006065,EXP_CatBoostModel_Alpha158_csi300_custom_step0_s_20260513_17,3e58899130b5439f89726bf87c1e6cbb,0.013,,,
2266,2026-05-13,SH603195,-0.0005887699427006065,EXP_CatBoostModel_Alpha158_csi300_custom_step0_s_20260513_17,3e58899130b5439f89726bf87c1e6cbb,0.013,,,
2267,2026-05-13,SH603259,-0.0005887699427006065,EXP_CatBoostModel_Alpha158_csi300_custom_step0_s_20260513_17,3e58899130b5439f89726bf87c1e6cbb,0.013,,,
2268,2026-05-13,SH603260,-0.0014633847538777975,EXP_CatBoostModel_Alpha158_csi300_custom_step0_s_20260513_17,3e58899130b5439f89726bf87c1e6cbb,0.013,,,
2269,2026-05-13,SH603288,-0.0014633847538777975,EXP_CatBoostModel_Alpha158_csi300_custom_step0_s_20260513_17,3e58899130b5439f89726bf87c1e6cbb,0.013,,,
2270,2026-05-13,SH603296,-0.0005887699427006065,EXP_CatBoostModel_Alpha158_csi300_custom_step0_s_20260513_17,3e58899130b5439f89726bf87c1e6cbb,0.013,,,
2271,2026-05-13,SH603369,-0.0014633847538777975,EXP_CatBoostModel_Alpha158_csi300_custom_step0_s_20260513_17,3e58899130b5439f89726bf87c1e6cbb,0.013,,,
2272,2026-05-13,SH603392,-0.0005887699427006065,EXP_CatBoostModel_Alpha158_csi300_custom_step0_s_20260513_17,3e58899130b5439f89726bf87c1e6cbb,0.013,,,
2273,2026-05-13,SH603501,-0.0014633847538777975,EXP_CatBoostModel_Alpha158_csi300_custom_step0_s_20260513_17,3e58899130b5439f89726bf87c1e6cbb,0.013,,,
2274,2026-05-13,SH603799,-0.0014633847538777975,EXP_CatBoostModel_Alpha158_csi300_custom_step0_s_20260513_17,3e58899130b5439f89726bf87c1e6cbb,0.013,,,
2275,2026-05-13,SH601995,0.001998745445043663,EXP_CatBoostModel_Alpha158_csi300_custom_step0_s_20260513_17,3e58899130b5439f89726bf87c1e6cbb,0.013,,,
2276,2026-05-13,SH603893,0.001998745445043663,EXP_CatBoostModel_Alpha158_csi300_custom_step0_s_20260513_17,3e58899130b5439f89726bf87c1e6cbb,0.013,,,
2277,2026-05-13,SH601868,-0.0005887699427006065,EXP_CatBoostModel_Alpha158_csi300_custom_step0_s_20260513_17,3e58899130b5439f89726bf87c1e6cbb,0.013,,,
2278,2026-05-13,SH601838,0.001998745445043663,EXP_CatBoostModel_Alpha158_csi300_custom_step0_s_20260513_17,3e58899130b5439f89726bf87c1e6cbb,0.013,,,
2279,2026-05-13,SH601377,-0.0014633847538777975,EXP_CatBoostModel_Alpha158_csi300_custom_step0_s_20260513_17,3e58899130b5439f89726bf87c1e6cbb,0.013,,,
2280,2026-05-13,SH601390,0.0007695333386795184,EXP_CatBoostModel_Alpha158_csi300_custom_step0_s_20260513_17,3e58899130b5439f89726bf87c1e6cbb,0.013,,,
2281,2026-05-13,SH601398,-0.0028280434116397606,EXP_CatBoostModel_Alpha158_csi300_custom_step0_s_20260513_17,3e58899130b5439f89726bf87c1e6cbb,0.013,,,
2282,2026-05-13,SH601456,0.001998745445043663,EXP_CatBoostModel_Alpha158_csi300_custom_step0_s_20260513_17,3e58899130b5439f89726bf87c1e6cbb,0.013,,,
2283,2026-05-13,SH601600,0.001998745445043663,EXP_CatBoostModel_Alpha158_csi300_custom_step0_s_20260513_17,3e58899130b5439f89726bf87c1e6cbb,0.013,,,
2284,2026-05-13,SH601601,-0.0006252526919327307,EXP_CatBoostModel_Alpha158_csi300_custom_step0_s_20260513_17,3e58899130b5439f89726bf87c1e6cbb,0.013,,,
2285,2026-05-13,SH601607,0.0009562424236409747,EXP_CatBoostModel_Alpha158_csi300_custom_step0_s_20260513_17,3e58899130b5439f89726bf87c1e6cbb,0.013,,,
2286,2026-05-13,SH601618,0.0009562424236409747,EXP_CatBoostModel_Alpha158_csi300_custom_step0_s_20260513_17,3e58899130b5439f89726bf87c1e6cbb,0.013,,,
2287,2026-05-13,SH601628,0.001998745445043663,EXP_CatBoostModel_Alpha158_csi300_custom_step0_s_20260513_17,3e58899130b5439f89726bf87c1e6cbb,0.013,,,
2288,2026-05-13,SH601633,0.0007695333386795184,EXP_CatBoostModel_Alpha158_csi300_custom_step0_s_20260513_17,3e58899130b5439f89726bf87c1e6cbb,0.013,,,
2289,2026-05-13,SH601658,0.0007695333386795184,EXP_CatBoostModel_Alpha158_csi300_custom_step0_s_20260513_17,3e58899130b5439f89726bf87c1e6cbb,0.013,,,
2290,2026-05-13,SH601857,-0.0014633847538777975,EXP_CatBoostModel_Alpha158_csi300_custom_step0_s_20260513_17,3e58899130b5439f89726bf87c1e6cbb,0.013,,,
2291,2026-05-13,SH601668,0.0009562424236409747,EXP_CatBoostModel_Alpha158_csi300_custom_step0_s_20260513_17,3e58899130b5439f89726bf87c1e6cbb,0.013,,,
2292,2026-05-13,SH601688,0.001998745445043663,EXP_CatBoostModel_Alpha158_csi300_custom_step0_s_20260513_17,3e58899130b5439f89726bf87c1e6cbb,0.013,,,
2293,2026-05-13,SH601689,-0.0005887699427006065,EXP_CatBoostModel_Alpha158_csi300_custom_step0_s_20260513_17,3e58899130b5439f89726bf87c1e6cbb,0.013,,,
2294,2026-05-13,SH601698,-0.0005887699427006065,EXP_CatBoostModel_Alpha158_csi300_custom_step0_s_20260513_17,3e58899130b5439f89726bf87c1e6cbb,0.013,,,
2295,2026-05-13,SH601728,0.001998745445043663,EXP_CatBoostModel_Alpha158_csi300_custom_step0_s_20260513_17,3e58899130b5439f89726bf87c1e6cbb,0.013,,,
2296,2026-05-13,SH601766,0.0007695333386795184,EXP_CatBoostModel_Alpha158_csi300_custom_step0_s_20260513_17,3e58899130b5439f89726bf87c1e6cbb,0.013,,,
2297,2026-05-13,SH601788,-0.0006252526919327307,EXP_CatBoostModel_Alpha158_csi300_custom_step0_s_20260513_17,3e58899130b5439f89726bf87c1e6cbb,0.013,,,
2298,2026-05-13,SH601800,0.0007695333386795184,EXP_CatBoostModel_Alpha158_csi300_custom_step0_s_20260513_17,3e58899130b5439f89726bf87c1e6cbb,0.013,,,
2299,2026-05-13,SH601808,-0.0014633847538777975,EXP_CatBoostModel_Alpha158_csi300_custom_step0_s_20260513_17,3e58899130b5439f89726bf87c1e6cbb,0.013,,,
2300,2026-05-13,SH601816,0.0007695333386795184,EXP_CatBoostModel_Alpha158_csi300_custom_step0_s_20260513_17,3e58899130b5439f89726bf87c1e6cbb,0.013,,,
2301,2026-05-13,SH601818,0.0009562424236409747,EXP_CatBoostModel_Alpha158_csi300_custom_step0_s_20260513_17,3e58899130b5439f89726bf87c1e6cbb,0.013,,,
2302,2026-05-13,SH601825,-0.0006252526919327307,EXP_CatBoostModel_Alpha158_csi300_custom_step0_s_20260513_17,3e58899130b5439f89726bf87c1e6cbb,0.013,,,
2303,2026-05-13,SH601669,-0.0005887699427006065,EXP_CatBoostModel_Alpha158_csi300_custom_step0_s_20260513_17,3e58899130b5439f89726bf87c1e6cbb,0.013,,,
2304,2026-05-13,SH601360,-0.0014633847538777975,EXP_CatBoostModel_Alpha158_csi300_custom_step0_s_20260513_17,3e58899130b5439f89726bf87c1e6cbb,0.013,,,
2305,2026-05-13,SH603986,-0.005372657262453341,EXP_CatBoostModel_Alpha158_csi300_custom_step0_s_20260513_17,3e58899130b5439f89726bf87c1e6cbb,0.013,,,
2306,2026-05-13,SH605117,-0.0005887699427006065,EXP_CatBoostModel_Alpha158_csi300_custom_step0_s_20260513_17,3e58899130b5439f89726bf87c1e6cbb,0.013,,,
2307,2026-05-13,SZ000338,0.013301021951717628,EXP_CatBoostModel_Alpha158_csi300_custom_step0_s_20260513_17,3e58899130b5439f89726bf87c1e6cbb,0.013,,,
2308,2026-05-13,SZ000408,-0.0005887699427006065,EXP_CatBoostModel_Alpha158_csi300_custom_step0_s_20260513_17,3e58899130b5439f89726bf87c1e6cbb,0.013,,,
2309,2026-05-13,SZ000425,-0.0014633847538777975,EXP_CatBoostModel_Alpha158_csi300_custom_step0_s_20260513_17,3e58899130b5439f89726bf87c1e6cbb,0.013,,,
2310,2026-05-13,SZ000538,0.0007695333386795184,EXP_CatBoostModel_Alpha158_csi300_custom_step0_s_20260513_17,3e58899130b5439f89726bf87c1e6cbb,0.013,,,
2311,2026-05-13,SZ000568,-0.0006252526919327307,EXP_CatBoostModel_Alpha158_csi300_custom_step0_s_20260513_17,3e58899130b5439f89726bf87c1e6cbb,0.013,,,
2312,2026-05-13,SZ000596,-0.003533712678505793,EXP_CatBoostModel_Alpha158_csi300_custom_step0_s_20260513_17,3e58899130b5439f89726bf87c1e6cbb,0.013,,,
2313,2026-05-13,SZ000617,0.0007695333386795184,EXP_CatBoostModel_Alpha158_csi300_custom_step0_s_20260513_17,3e58899130b5439f89726bf87c1e6cbb,0.013,,,
2314,2026-05-13,SZ000625,-0.0006252526919327307,EXP_CatBoostModel_Alpha158_csi300_custom_step0_s_20260513_17,3e58899130b5439f89726bf87c1e6cbb,0.013,,,
2315,2026-05-13,SZ000630,-0.0005887699427006065,EXP_CatBoostModel_Alpha158_csi300_custom_step0_s_20260513_17,3e58899130b5439f89726bf87c1e6cbb,0.013,,,
2316,2026-05-13,SZ000651,-0.0005887699427006065,EXP_CatBoostModel_Alpha158_csi300_custom_step0_s_20260513_17,3e58899130b5439f89726bf87c1e6cbb,0.013,,,
2317,2026-05-13,SZ000661,-0.0005887699427006065,EXP_CatBoostModel_Alpha158_csi300_custom_step0_s_20260513_17,3e58899130b5439f89726bf87c1e6cbb,0.013,,,
2318,2026-05-13,SZ000333,0.001998745445043663,EXP_CatBoostModel_Alpha158_csi300_custom_step0_s_20260513_17,3e58899130b5439f89726bf87c1e6cbb,0.013,,,
2319,2026-05-13,SZ000708,0.0007695333386795184,EXP_CatBoostModel_Alpha158_csi300_custom_step0_s_20260513_17,3e58899130b5439f89726bf87c1e6cbb,0.013,,,
2320,2026-05-13,SZ000768,-0.0014633847538777975,EXP_CatBoostModel_Alpha158_csi300_custom_step0_s_20260513_17,3e58899130b5439f89726bf87c1e6cbb,0.013,,,
2321,2026-05-13,SZ000776,-0.0005887699427006065,EXP_CatBoostModel_Alpha158_csi300_custom_step0_s_20260513_17,3e58899130b5439f89726bf87c1e6cbb,0.013,,,
2322,2026-05-13,SZ000786,-0.0014633847538777975,EXP_CatBoostModel_Alpha158_csi300_custom_step0_s_20260513_17,3e58899130b5439f89726bf87c1e6cbb,0.013,,,
2323,2026-05-13,SZ000792,-0.003533712678505793,EXP_CatBoostModel_Alpha158_csi300_custom_step0_s_20260513_17,3e58899130b5439f89726bf87c1e6cbb,0.013,,,
2324,2026-05-13,SZ000807,-0.0006252526919327307,EXP_CatBoostModel_Alpha158_csi300_custom_step0_s_20260513_17,3e58899130b5439f89726bf87c1e6cbb,0.013,,,
2325,2026-05-13,SZ000858,-0.0006252526919327307,EXP_CatBoostModel_Alpha158_csi300_custom_step0_s_20260513_17,3e58899130b5439f89726bf87c1e6cbb,0.013,,,
2326,2026-05-13,SZ000876,0.001998745445043663,EXP_CatBoostModel_Alpha158_csi300_custom_step0_s_20260513_17,3e58899130b5439f89726bf87c1e6cbb,0.013,,,
2327,2026-05-13,SZ000895,-0.0006252526919327307,EXP_CatBoostModel_Alpha158_csi300_custom_step0_s_20260513_17,3e58899130b5439f89726bf87c1e6cbb,0.013,,,
2328,2026-05-13,SZ000938,-0.0005887699427006065,EXP_CatBoostModel_Alpha158_csi300_custom_step0_s_20260513_17,3e58899130b5439f89726bf87c1e6cbb,0.013,,,
2329,2026-05-13,SZ000963,0.0007695333386795184,EXP_CatBoostModel_Alpha158_csi300_custom_step0_s_20260513_17,3e58899130b5439f89726bf87c1e6cbb,0.013,,,
2330,2026-05-13,SZ000975,-0.0006252526919327307,EXP_CatBoostModel_Alpha158_csi300_custom_step0_s_20260513_17,3e58899130b5439f89726bf87c1e6cbb,0.013,,,
2331,2026-05-13,SZ000725,0.001998745445043663,EXP_CatBoostModel_Alpha158_csi300_custom_step0_s_20260513_17,3e58899130b5439f89726bf87c1e6cbb,0.013,,,
2332,2026-05-13,SH603993,-0.0014633847538777975,EXP_CatBoostModel_Alpha158_csi300_custom_step0_s_20260513_17,3e58899130b5439f89726bf87c1e6cbb,0.013,,,
2333,2026-05-13,SZ000301,-0.0005887699427006065,EXP_CatBoostModel_Alpha158_csi300_custom_step0_s_20260513_17,3e58899130b5439f89726bf87c1e6cbb,0.013,,,
2334,2026-05-13,SZ000157,-0.0006252526919327307,EXP_CatBoostModel_Alpha158_csi300_custom_step0_s_20260513_17,3e58899130b5439f89726bf87c1e6cbb,0.013,,,
2335,2026-05-13,SH605499,-0.0006252526919327307,EXP_CatBoostModel_Alpha158_csi300_custom_step0_s_20260513_17,3e58899130b5439f89726bf87c1e6cbb,0.013,,,
2336,2026-05-13,SH688008,-0.027528641064984767,EXP_CatBoostModel_Alpha158_csi300_custom_step0_s_20260513_17,3e58899130b5439f89726bf87c1e6cbb,0.013,,,
2337,2026-05-13,SH688009,-0.0006252526919327307,EXP_CatBoostModel_Alpha158_csi300_custom_step0_s_20260513_17,3e58899130b5439f89726bf87c1e6cbb,0.013,,,
2338,2026-05-13,SH688012,-0.0005887699427006065,EXP_CatBoostModel_Alpha158_csi300_custom_step0_s_20260513_17,3e58899130b5439f89726bf87c1e6cbb,0.013,,,
2339,2026-05-13,SH688036,0.0007695333386795184,EXP_CatBoostModel_Alpha158_csi300_custom_step0_s_20260513_17,3e58899130b5439f89726bf87c1e6cbb,0.013,,,
2340,2026-05-13,SH688041,-0.005372657262453341,EXP_CatBoostModel_Alpha158_csi300_custom_step0_s_20260513_17,3e58899130b5439f89726bf87c1e6cbb,0.013,,,
2341,2026-05-13,SH688047,0.013301021951717628,EXP_CatBoostModel_Alpha158_csi300_custom_step0_s_20260513_17,3e58899130b5439f89726bf87c1e6cbb,0.013,,,
2342,2026-05-13,SH688082,-0.0005887699427006065,EXP_CatBoostModel_Alpha158_csi300_custom_step0_s_20260513_17,3e58899130b5439f89726bf87c1e6cbb,0.013,,,
2343,2026-05-13,SH688111,-0.0014633847538777975,EXP_CatBoostModel_Alpha158_csi300_custom_step0_s_20260513_17,3e58899130b5439f89726bf87c1e6cbb,0.013,,,
2344,2026-05-13,SH688126,-0.005372657262453341,EXP_CatBoostModel_Alpha158_csi300_custom_step0_s_20260513_17,3e58899130b5439f89726bf87c1e6cbb,0.013,,,
2345,2026-05-13,SH688169,-0.0006252526919327307,EXP_CatBoostModel_Alpha158_csi300_custom_step0_s_20260513_17,3e58899130b5439f89726bf87c1e6cbb,0.013,,,
2346,2026-05-13,SZ000166,-0.0028280434116397606,EXP_CatBoostModel_Alpha158_csi300_custom_step0_s_20260513_17,3e58899130b5439f89726bf87c1e6cbb,0.013,,,
2347,2026-05-13,SH688187,-0.0005887699427006065,EXP_CatBoostModel_Alpha158_csi300_custom_step0_s_20260513_17,3e58899130b5439f89726bf87c1e6cbb,0.013,,,
2348,2026-05-13,SH688256,-0.005372657262453341,EXP_CatBoostModel_Alpha158_csi300_custom_step0_s_20260513_17,3e58899130b5439f89726bf87c1e6cbb,0.013,,,
2349,2026-05-13,SH688271,-0.0006252526919327307,EXP_CatBoostModel_Alpha158_csi300_custom_step0_s_20260513_17,3e58899130b5439f89726bf87c1e6cbb,0.013,,,
2350,2026-05-13,SH688303,0.0007695333386795184,EXP_CatBoostModel_Alpha158_csi300_custom_step0_s_20260513_17,3e58899130b5439f89726bf87c1e6cbb,0.013,,,
2351,2026-05-13,SH688396,-0.0005887699427006065,EXP_CatBoostModel_Alpha158_csi300_custom_step0_s_20260513_17,3e58899130b5439f89726bf87c1e6cbb,0.013,,,
2352,2026-05-13,SH688472,-0.0005887699427006065,EXP_CatBoostModel_Alpha158_csi300_custom_step0_s_20260513_17,3e58899130b5439f89726bf87c1e6cbb,0.013,,,
2353,2026-05-13,SH688506,-0.0014633847538777975,EXP_CatBoostModel_Alpha158_csi300_custom_step0_s_20260513_17,3e58899130b5439f89726bf87c1e6cbb,0.013,,,
2354,2026-05-13,SH688981,-0.0005887699427006065,EXP_CatBoostModel_Alpha158_csi300_custom_step0_s_20260513_17,3e58899130b5439f89726bf87c1e6cbb,0.013,,,
2355,2026-05-13,SZ000001,0.001998745445043663,EXP_CatBoostModel_Alpha158_csi300_custom_step0_s_20260513_17,3e58899130b5439f89726bf87c1e6cbb,0.013,,,
2356,2026-05-13,SZ000002,-0.0014633847538777975,EXP_CatBoostModel_Alpha158_csi300_custom_step0_s_20260513_17,3e58899130b5439f89726bf87c1e6cbb,0.013,,,
2357,2026-05-13,SZ000063,-0.0005887699427006065,EXP_CatBoostModel_Alpha158_csi300_custom_step0_s_20260513_17,3e58899130b5439f89726bf87c1e6cbb,0.013,,,
2358,2026-05-13,SZ000100,0.001998745445043663,EXP_CatBoostModel_Alpha158_csi300_custom_step0_s_20260513_17,3e58899130b5439f89726bf87c1e6cbb,0.013,,,
2359,2026-05-13,SH688223,-0.0005887699427006065,EXP_CatBoostModel_Alpha158_csi300_custom_step0_s_20260513_17,3e58899130b5439f89726bf87c1e6cbb,0.013,,,
2360,2026-05-13,SH601336,-0.0014633847538777975,EXP_CatBoostModel_Alpha158_csi300_custom_step0_s_20260513_17,3e58899130b5439f89726bf87c1e6cbb,0.013,,,
2361,2026-05-13,SH601328,-0.0005887699427006065,EXP_CatBoostModel_Alpha158_csi300_custom_step0_s_20260513_17,3e58899130b5439f89726bf87c1e6cbb,0.013,,,
2362,2026-05-13,SH601319,0.0007695333386795184,EXP_CatBoostModel_Alpha158_csi300_custom_step0_s_20260513_17,3e58899130b5439f89726bf87c1e6cbb,0.013,,,
2363,2026-05-13,SH600161,0.0007695333386795184,EXP_CatBoostModel_Alpha158_csi300_custom_step0_s_20260513_17,3e58899130b5439f89726bf87c1e6cbb,0.013,,,
2364,2026-05-13,SH600176,0.013301021951717628,EXP_CatBoostModel_Alpha158_csi300_custom_step0_s_20260513_17,3e58899130b5439f89726bf87c1e6cbb,0.013,,,
2365,2026-05-13,SH600183,-0.005372657262453341,EXP_CatBoostModel_Alpha158_csi300_custom_step0_s_20260513_17,3e58899130b5439f89726bf87c1e6cbb,0.013,,,
2366,2026-05-13,SH600188,-0.0005887699427006065,EXP_CatBoostModel_Alpha158_csi300_custom_step0_s_20260513_17,3e58899130b5439f89726bf87c1e6cbb,0.013,,,
2367,2026-05-13,SH600196,0.0007695333386795184,EXP_CatBoostModel_Alpha158_csi300_custom_step0_s_20260513_17,3e58899130b5439f89726bf87c1e6cbb,0.013,,,
2368,2026-05-13,SH600219,-0.0006252526919327307,EXP_CatBoostModel_Alpha158_csi300_custom_step0_s_20260513_17,3e58899130b5439f89726bf87c1e6cbb,0.013,,,
2369,2026-05-13,SH600233,-0.0005887699427006065,EXP_CatBoostModel_Alpha158_csi300_custom_step0_s_20260513_17,3e58899130b5439f89726bf87c1e6cbb,0.013,,,
2370,2026-05-13,SH600276,-0.0005887699427006065,EXP_CatBoostModel_Alpha158_csi300_custom_step0_s_20260513_17,3e58899130b5439f89726bf87c1e6cbb,0.013,,,
2371,2026-05-13,SH600309,-0.0014633847538777975,EXP_CatBoostModel_Alpha158_csi300_custom_step0_s_20260513_17,3e58899130b5439f89726bf87c1e6cbb,0.013,,,
2372,2026-05-13,SH600346,-0.0006252526919327307,EXP_CatBoostModel_Alpha158_csi300_custom_step0_s_20260513_17,3e58899130b5439f89726bf87c1e6cbb,0.013,,,
2373,2026-05-13,SH600362,-0.0014633847538777975,EXP_CatBoostModel_Alpha158_csi300_custom_step0_s_20260513_17,3e58899130b5439f89726bf87c1e6cbb,0.013,,,
2374,2026-05-13,SH600160,-0.0014633847538777975,EXP_CatBoostModel_Alpha158_csi300_custom_step0_s_20260513_17,3e58899130b5439f89726bf87c1e6cbb,0.013,,,
2375,2026-05-13,SH600372,-0.0014633847538777975,EXP_CatBoostModel_Alpha158_csi300_custom_step0_s_20260513_17,3e58899130b5439f89726bf87c1e6cbb,0.013,,,
2376,2026-05-13,SH600406,-0.0005887699427006065,EXP_CatBoostModel_Alpha158_csi300_custom_step0_s_20260513_17,3e58899130b5439f89726bf87c1e6cbb,0.013,,,
2377,2026-05-13,SH600415,-0.0014633847538777975,EXP_CatBoostModel_Alpha158_csi300_custom_step0_s_20260513_17,3e58899130b5439f89726bf87c1e6cbb,0.013,,,
2378,2026-05-13,SH600426,-0.003533712678505793,EXP_CatBoostModel_Alpha158_csi300_custom_step0_s_20260513_17,3e58899130b5439f89726bf87c1e6cbb,0.013,,,
2379,2026-05-13,SH600436,0.0007695333386795184,EXP_CatBoostModel_Alpha158_csi300_custom_step0_s_20260513_17,3e58899130b5439f89726bf87c1e6cbb,0.013,,,
2380,2026-05-13,SH600438,0.0007695333386795184,EXP_CatBoostModel_Alpha158_csi300_custom_step0_s_20260513_17,3e58899130b5439f89726bf87c1e6cbb,0.013,,,
2381,2026-05-13,SH600460,-0.0005887699427006065,EXP_CatBoostModel_Alpha158_csi300_custom_step0_s_20260513_17,3e58899130b5439f89726bf87c1e6cbb,0.013,,,
2382,2026-05-13,SH600482,-0.0005887699427006065,EXP_CatBoostModel_Alpha158_csi300_custom_step0_s_20260513_17,3e58899130b5439f89726bf87c1e6cbb,0.013,,,
2383,2026-05-13,SH600489,-0.0014633847538777975,EXP_CatBoostModel_Alpha158_csi300_custom_step0_s_20260513_17,3e58899130b5439f89726bf87c1e6cbb,0.013,,,
2384,2026-05-13,SH600515,0.0007695333386795184,EXP_CatBoostModel_Alpha158_csi300_custom_step0_s_20260513_17,3e58899130b5439f89726bf87c1e6cbb,0.013,,,
2385,2026-05-13,SH600519,-0.0006252526919327307,EXP_CatBoostModel_Alpha158_csi300_custom_step0_s_20260513_17,3e58899130b5439f89726bf87c1e6cbb,0.013,,,
2386,2026-05-13,SH600522,-0.027528641064984767,EXP_CatBoostModel_Alpha158_csi300_custom_step0_s_20260513_17,3e58899130b5439f89726bf87c1e6cbb,0.013,,,
2387,2026-05-13,SH600377,0.001998745445043663,EXP_CatBoostModel_Alpha158_csi300_custom_step0_s_20260513_17,3e58899130b5439f89726bf87c1e6cbb,0.013,,,
2388,2026-05-13,SH600547,-0.0006252526919327307,EXP_CatBoostModel_Alpha158_csi300_custom_step0_s_20260513_17,3e58899130b5439f89726bf87c1e6cbb,0.013,,,
2389,2026-05-13,SH600150,0.0031420861236800316,EXP_CatBoostModel_Alpha158_csi300_custom_step0_s_20260513_17,3e58899130b5439f89726bf87c1e6cbb,0.013,,,
2390,2026-05-13,SH600111,-0.0005887699427006065,EXP_CatBoostModel_Alpha158_csi300_custom_step0_s_20260513_17,3e58899130b5439f89726bf87c1e6cbb,0.013,,,
2391,2026-05-13,SH600009,-0.0028280434116397606,EXP_CatBoostModel_Alpha158_csi300_custom_step0_s_20260513_17,3e58899130b5439f89726bf87c1e6cbb,0.013,,,
2392,2026-05-13,SH600010,-0.0014633847538777975,EXP_CatBoostModel_Alpha158_csi300_custom_step0_s_20260513_17,3e58899130b5439f89726bf87c1e6cbb,0.013,,,
2393,2026-05-13,SH600011,-0.0005887699427006065,EXP_CatBoostModel_Alpha158_csi300_custom_step0_s_20260513_17,3e58899130b5439f89726bf87c1e6cbb,0.013,,,
2394,2026-05-13,SH600015,-0.0006252526919327307,EXP_CatBoostModel_Alpha158_csi300_custom_step0_s_20260513_17,3e58899130b5439f89726bf87c1e6cbb,0.013,,,
2395,2026-05-13,SH600016,0.0009562424236409747,EXP_CatBoostModel_Alpha158_csi300_custom_step0_s_20260513_17,3e58899130b5439f89726bf87c1e6cbb,0.013,,,
2396,2026-05-13,SH600018,-0.0005887699427006065,EXP_CatBoostModel_Alpha158_csi300_custom_step0_s_20260513_17,3e58899130b5439f89726bf87c1e6cbb,0.013,,,
2397,2026-05-13,SH600019,0.0009562424236409747,EXP_CatBoostModel_Alpha158_csi300_custom_step0_s_20260513_17,3e58899130b5439f89726bf87c1e6cbb,0.013,,,
2398,2026-05-13,SH600023,-0.0005887699427006065,EXP_CatBoostModel_Alpha158_csi300_custom_step0_s_20260513_17,3e58899130b5439f89726bf87c1e6cbb,0.013,,,
2399,2026-05-13,SH600025,0.0007695333386795184,EXP_CatBoostModel_Alpha158_csi300_custom_step0_s_20260513_17,3e58899130b5439f89726bf87c1e6cbb,0.013,,,
2400,2026-05-13,SH600026,-0.0014633847538777975,EXP_CatBoostModel_Alpha158_csi300_custom_step0_s_20260513_17,3e58899130b5439f89726bf87c1e6cbb,0.013,,,
2401,2026-05-13,SH600027,-0.0005887699427006065,EXP_CatBoostModel_Alpha158_csi300_custom_step0_s_20260513_17,3e58899130b5439f89726bf87c1e6cbb,0.013,,,
2402,2026-05-13,SH600115,-0.0014633847538777975,EXP_CatBoostModel_Alpha158_csi300_custom_step0_s_20260513_17,3e58899130b5439f89726bf87c1e6cbb,0.013,,,
2403,2026-05-13,SH600028,-0.0006252526919327307,EXP_CatBoostModel_Alpha158_csi300_custom_step0_s_20260513_17,3e58899130b5439f89726bf87c1e6cbb,0.013,,,
2404,2026-05-13,SH600030,0.001998745445043663,EXP_CatBoostModel_Alpha158_csi300_custom_step0_s_20260513_17,3e58899130b5439f89726bf87c1e6cbb,0.013,,,
2405,2026-05-13,SH600031,-0.0014633847538777975,EXP_CatBoostModel_Alpha158_csi300_custom_step0_s_20260513_17,3e58899130b5439f89726bf87c1e6cbb,0.013,,,
2406,2026-05-13,SH600036,-0.0006252526919327307,EXP_CatBoostModel_Alpha158_csi300_custom_step0_s_20260513_17,3e58899130b5439f89726bf87c1e6cbb,0.013,,,
2407,2026-05-13,SH600039,-0.0006252526919327307,EXP_CatBoostModel_Alpha158_csi300_custom_step0_s_20260513_17,3e58899130b5439f89726bf87c1e6cbb,0.013,,,
2408,2026-05-13,SH600048,-0.0005887699427006065,EXP_CatBoostModel_Alpha158_csi300_custom_step0_s_20260513_17,3e58899130b5439f89726bf87c1e6cbb,0.013,,,
2409,2026-05-13,SH600050,-0.0005887699427006065,EXP_CatBoostModel_Alpha158_csi300_custom_step0_s_20260513_17,3e58899130b5439f89726bf87c1e6cbb,0.013,,,
2410,2026-05-13,SH600061,-0.0006252526919327307,EXP_CatBoostModel_Alpha158_csi300_custom_step0_s_20260513_17,3e58899130b5439f89726bf87c1e6cbb,0.013,,,
2411,2026-05-13,SH600066,0.0007695333386795184,EXP_CatBoostModel_Alpha158_csi300_custom_step0_s_20260513_17,3e58899130b5439f89726bf87c1e6cbb,0.013,,,
2412,2026-05-13,SH600085,0.0009562424236409747,EXP_CatBoostModel_Alpha158_csi300_custom_step0_s_20260513_17,3e58899130b5439f89726bf87c1e6cbb,0.013,,,
2413,2026-05-13,SH600089,-0.0005887699427006065,EXP_CatBoostModel_Alpha158_csi300_custom_step0_s_20260513_17,3e58899130b5439f89726bf87c1e6cbb,0.013,,,
2414,2026-05-13,SH600104,0.0007695333386795184,EXP_CatBoostModel_Alpha158_csi300_custom_step0_s_20260513_17,3e58899130b5439f89726bf87c1e6cbb,0.013,,,
2415,2026-05-13,SH600029,-0.0014633847538777975,EXP_CatBoostModel_Alpha158_csi300_custom_step0_s_20260513_17,3e58899130b5439f89726bf87c1e6cbb,0.013,,,
2416,2026-05-13,SH600570,-0.0005887699427006065,EXP_CatBoostModel_Alpha158_csi300_custom_step0_s_20260513_17,3e58899130b5439f89726bf87c1e6cbb,0.013,,,
2417,2026-05-13,SH600584,-0.0005887699427006065,EXP_CatBoostModel_Alpha158_csi300_custom_step0_s_20260513_17,3e58899130b5439f89726bf87c1e6cbb,0.013,,,
2418,2026-05-13,SH600585,0.0007695333386795184,EXP_CatBoostModel_Alpha158_csi300_custom_step0_s_20260513_17,3e58899130b5439f89726bf87c1e6cbb,0.013,,,
2419,2026-05-13,SH601018,0.0007695333386795184,EXP_CatBoostModel_Alpha158_csi300_custom_step0_s_20260513_17,3e58899130b5439f89726bf87c1e6cbb,0.013,,,
2420,2026-05-13,SH601021,0.0007695333386795184,EXP_CatBoostModel_Alpha158_csi300_custom_step0_s_20260513_17,3e58899130b5439f89726bf87c1e6cbb,0.013,,,
2421,2026-05-13,SH601058,-0.003533712678505793,EXP_CatBoostModel_Alpha158_csi300_custom_step0_s_20260513_17,3e58899130b5439f89726bf87c1e6cbb,0.013,,,
2422,2026-05-13,SH601059,0.001998745445043663,EXP_CatBoostModel_Alpha158_csi300_custom_step0_s_20260513_17,3e58899130b5439f89726bf87c1e6cbb,0.013,,,
2423,2026-05-13,SH601066,-0.0005887699427006065,EXP_CatBoostModel_Alpha158_csi300_custom_step0_s_20260513_17,3e58899130b5439f89726bf87c1e6cbb,0.013,,,
2424,2026-05-13,SH601077,-0.0006252526919327307,EXP_CatBoostModel_Alpha158_csi300_custom_step0_s_20260513_17,3e58899130b5439f89726bf87c1e6cbb,0.013,,,
2425,2026-05-13,SH601088,-0.003533712678505793,EXP_CatBoostModel_Alpha158_csi300_custom_step0_s_20260513_17,3e58899130b5439f89726bf87c1e6cbb,0.013,,,
2426,2026-05-13,SH601100,-0.0005887699427006065,EXP_CatBoostModel_Alpha158_csi300_custom_step0_s_20260513_17,3e58899130b5439f89726bf87c1e6cbb,0.013,,,
2427,2026-05-13,SH601111,-0.0014633847538777975,EXP_CatBoostModel_Alpha158_csi300_custom_step0_s_20260513_17,3e58899130b5439f89726bf87c1e6cbb,0.013,,,
2428,2026-05-13,SH601117,0.0007695333386795184,EXP_CatBoostModel_Alpha158_csi300_custom_step0_s_20260513_17,3e58899130b5439f89726bf87c1e6cbb,0.013,,,
2429,2026-05-13,SH601127,0.0007695333386795184,EXP_CatBoostModel_Alpha158_csi300_custom_step0_s_20260513_17,3e58899130b5439f89726bf87c1e6cbb,0.013,,,
2430,2026-05-13,SH601012,0.0007695333386795184,EXP_CatBoostModel_Alpha158_csi300_custom_step0_s_20260513_17,3e58899130b5439f89726bf87c1e6cbb,0.013,,,
2431,2026-05-13,SH601136,-0.0014633847538777975,EXP_CatBoostModel_Alpha158_csi300_custom_step0_s_20260513_17,3e58899130b5439f89726bf87c1e6cbb,0.013,,,
2432,2026-05-13,SH601166,0.0007695333386795184,EXP_CatBoostModel_Alpha158_csi300_custom_step0_s_20260513_17,3e58899130b5439f89726bf87c1e6cbb,0.013,,,
2433,2026-05-13,SH601169,0.0007695333386795184,EXP_CatBoostModel_Alpha158_csi300_custom_step0_s_20260513_17,3e58899130b5439f89726bf87c1e6cbb,0.013,,,
2434,2026-05-13,SH601186,0.0007695333386795184,EXP_CatBoostModel_Alpha158_csi300_custom_step0_s_20260513_17,3e58899130b5439f89726bf87c1e6cbb,0.013,,,
2435,2026-05-13,SH601211,0.0007695333386795184,EXP_CatBoostModel_Alpha158_csi300_custom_step0_s_20260513_17,3e58899130b5439f89726bf87c1e6cbb,0.013,,,
2436,2026-05-13,SH601225,-0.0006252526919327307,EXP_CatBoostModel_Alpha158_csi300_custom_step0_s_20260513_17,3e58899130b5439f89726bf87c1e6cbb,0.013,,,
2437,2026-05-13,SH601229,-0.0006252526919327307,EXP_CatBoostModel_Alpha158_csi300_custom_step0_s_20260513_17,3e58899130b5439f89726bf87c1e6cbb,0.013,,,
2438,2026-05-13,SH601236,0.0007695333386795184,EXP_CatBoostModel_Alpha158_csi300_custom_step0_s_20260513_17,3e58899130b5439f89726bf87c1e6cbb,0.013,,,
2439,2026-05-13,SH601238,0.0007695333386795184,EXP_CatBoostModel_Alpha158_csi300_custom_step0_s_20260513_17,3e58899130b5439f89726bf87c1e6cbb,0.013,,,
2440,2026-05-13,SH601288,0.001998745445043663,EXP_CatBoostModel_Alpha158_csi300_custom_step0_s_20260513_17,3e58899130b5439f89726bf87c1e6cbb,0.013,,,
2441,2026-05-13,SH601298,0.001998745445043663,EXP_CatBoostModel_Alpha158_csi300_custom_step0_s_20260513_17,3e58899130b5439f89726bf87c1e6cbb,0.013,,,
2442,2026-05-13,SH601318,-0.0014633847538777975,EXP_CatBoostModel_Alpha158_csi300_custom_step0_s_20260513_17,3e58899130b5439f89726bf87c1e6cbb,0.013,,,
2443,2026-05-13,SH601138,-0.0005887699427006065,EXP_CatBoostModel_Alpha158_csi300_custom_step0_s_20260513_17,3e58899130b5439f89726bf87c1e6cbb,0.013,,,
2444,2026-05-13,SH601009,-0.0005887699427006065,EXP_CatBoostModel_Alpha158_csi300_custom_step0_s_20260513_17,3e58899130b5439f89726bf87c1e6cbb,0.013,,,
2445,2026-05-13,SH601006,0.0009562424236409747,EXP_CatBoostModel_Alpha158_csi300_custom_step0_s_20260513_17,3e58899130b5439f89726bf87c1e6cbb,0.013,,,
2446,2026-05-13,SH600999,-0.0005887699427006065,EXP_CatBoostModel_Alpha158_csi300_custom_step0_s_20260513_17,3e58899130b5439f89726bf87c1e6cbb,0.013,,,
2447,2026-05-13,SH600588,-0.0014633847538777975,EXP_CatBoostModel_Alpha158_csi300_custom_step0_s_20260513_17,3e58899130b5439f89726bf87c1e6cbb,0.013,,,
2448,2026-05-13,SH600600,0.0009562424236409747,EXP_CatBoostModel_Alpha158_csi300_custom_step0_s_20260513_17,3e58899130b5439f89726bf87c1e6cbb,0.013,,,
2449,2026-05-13,SH600660,0.001998745445043663,EXP_CatBoostModel_Alpha158_csi300_custom_step0_s_20260513_17,3e58899130b5439f89726bf87c1e6cbb,0.013,,,
2450,2026-05-13,SH600674,0.001998745445043663,EXP_CatBoostModel_Alpha158_csi300_custom_step0_s_20260513_17,3e58899130b5439f89726bf87c1e6cbb,0.013,,,
2451,2026-05-13,SH600690,-0.0014633847538777975,EXP_CatBoostModel_Alpha158_csi300_custom_step0_s_20260513_17,3e58899130b5439f89726bf87c1e6cbb,0.013,,,
2452,2026-05-13,SH600741,-0.0006252526919327307,EXP_CatBoostModel_Alpha158_csi300_custom_step0_s_20260513_17,3e58899130b5439f89726bf87c1e6cbb,0.013,,,
2453,2026-05-13,SH600760,-0.0014633847538777975,EXP_CatBoostModel_Alpha158_csi300_custom_step0_s_20260513_17,3e58899130b5439f89726bf87c1e6cbb,0.013,,,
2454,2026-05-13,SH600795,-0.0005887699427006065,EXP_CatBoostModel_Alpha158_csi300_custom_step0_s_20260513_17,3e58899130b5439f89726bf87c1e6cbb,0.013,,,
2455,2026-05-13,SH600803,-0.0006252526919327307,EXP_CatBoostModel_Alpha158_csi300_custom_step0_s_20260513_17,3e58899130b5439f89726bf87c1e6cbb,0.013,,,
2456,2026-05-13,SH600809,-0.0006252526919327307,EXP_CatBoostModel_Alpha158_csi300_custom_step0_s_20260513_17,3e58899130b5439f89726bf87c1e6cbb,0.013,,,
2457,2026-05-13,SH600845,-0.0005887699427006065,EXP_CatBoostModel_Alpha158_csi300_custom_step0_s_20260513_17,3e58899130b5439f89726bf87c1e6cbb,0.013,,,
2458,2026-05-13,SH600875,-0.0005887699427006065,EXP_CatBoostModel_Alpha158_csi300_custom_step0_s_20260513_17,3e58899130b5439f89726bf87c1e6cbb,0.013,,,
2459,2026-05-13,SH600886,0.0007695333386795184,EXP_CatBoostModel_Alpha158_csi300_custom_step0_s_20260513_17,3e58899130b5439f89726bf87c1e6cbb,0.013,,,
2460,2026-05-13,SH600887,-0.0005887699427006065,EXP_CatBoostModel_Alpha158_csi300_custom_step0_s_20260513_17,3e58899130b5439f89726bf87c1e6cbb,0.013,,,
2461,2026-05-13,SH600893,-0.0014633847538777975,EXP_CatBoostModel_Alpha158_csi300_custom_step0_s_20260513_17,3e58899130b5439f89726bf87c1e6cbb,0.013,,,
2462,2026-05-13,SH600900,-0.0028280434116397606,EXP_CatBoostModel_Alpha158_csi300_custom_step0_s_20260513_17,3e58899130b5439f89726bf87c1e6cbb,0.013,,,
2463,2026-05-13,SH600905,0.0007695333386795184,EXP_CatBoostModel_Alpha158_csi300_custom_step0_s_20260513_17,3e58899130b5439f89726bf87c1e6cbb,0.013,,,
2464,2026-05-13,SH600918,0.0009562424236409747,EXP_CatBoostModel_Alpha158_csi300_custom_step0_s_20260513_17,3e58899130b5439f89726bf87c1e6cbb,0.013,,,
2465,2026-05-13,SH600919,0.001998745445043663,EXP_CatBoostModel_Alpha158_csi300_custom_step0_s_20260513_17,3e58899130b5439f89726bf87c1e6cbb,0.013,,,
2466,2026-05-13,SH600926,-0.0005887699427006065,EXP_CatBoostModel_Alpha158_csi300_custom_step0_s_20260513_17,3e58899130b5439f89726bf87c1e6cbb,0.013,,,
2467,2026-05-13,SH600930,-0.0005887699427006065,EXP_CatBoostModel_Alpha158_csi300_custom_step0_s_20260513_17,3e58899130b5439f89726bf87c1e6cbb,0.013,,,
2468,2026-05-13,SH600938,-0.003533712678505793,EXP_CatBoostModel_Alpha158_csi300_custom_step0_s_20260513_17,3e58899130b5439f89726bf87c1e6cbb,0.013,,,
2469,2026-05-13,SH600941,0.001998745445043663,EXP_CatBoostModel_Alpha158_csi300_custom_step0_s_20260513_17,3e58899130b5439f89726bf87c1e6cbb,0.013,,,
2470,2026-05-13,SH600958,-0.0005887699427006065,EXP_CatBoostModel_Alpha158_csi300_custom_step0_s_20260513_17,3e58899130b5439f89726bf87c1e6cbb,0.013,,,
2471,2026-05-13,SH600989,-0.0014633847538777975,EXP_CatBoostModel_Alpha158_csi300_custom_step0_s_20260513_17,3e58899130b5439f89726bf87c1e6cbb,0.013,,,
2472,2026-05-13,SZ000977,-0.0005887699427006065,EXP_CatBoostModel_Alpha158_csi300_custom_step0_s_20260513_17,3e58899130b5439f89726bf87c1e6cbb,0.013,,,
2473,2026-05-13,SH601901,0.008488925048385677,EXP_CatBoostModel_Alpha158_csi300_custom_step0_s_20260513_17,fc47e063461d466ba4698b7c049cecac,0.167,,,
2474,2026-05-13,SZ000983,-0.0014633847538777975,EXP_CatBoostModel_Alpha158_csi300_custom_step0_s_20260513_17,3e58899130b5439f89726bf87c1e6cbb,0.013,,,
2475,2026-05-13,SZ001391,0.0009562424236409747,EXP_CatBoostModel_Alpha158_csi300_custom_step0_s_20260513_17,3e58899130b5439f89726bf87c1e6cbb,0.013,,,
2476,2026-05-13,SH600845,0.03093710594594969,EXP_CatBoostModel_Alpha158_csi300_custom_step0_s_20260513_17,fc47e063461d466ba4698b7c049cecac,0.167,,,
2477,2026-05-13,SH600875,0.013062159313641748,EXP_CatBoostModel_Alpha158_csi300_custom_step0_s_20260513_17,fc47e063461d466ba4698b7c049cecac,0.167,,,
2478,2026-05-13,SH600886,-0.042864969144791064,EXP_CatBoostModel_Alpha158_csi300_custom_step0_s_20260513_17,fc47e063461d466ba4698b7c049cecac,0.167,,,
2479,2026-05-13,SH600887,-0.007244156458427019,EXP_CatBoostModel_Alpha158_csi300_custom_step0_s_20260513_17,fc47e063461d466ba4698b7c049cecac,0.167,,,
2480,2026-05-13,SH600893,-0.009368778112113684,EXP_CatBoostModel_Alpha158_csi300_custom_step0_s_20260513_17,fc47e063461d466ba4698b7c049cecac,0.167,,,
2481,2026-05-13,SH600900,-0.01320370231238532,EXP_CatBoostModel_Alpha158_csi300_custom_step0_s_20260513_17,fc47e063461d466ba4698b7c049cecac,0.167,,,
2482,2026-05-13,SH600905,-0.004239142602883165,EXP_CatBoostModel_Alpha158_csi300_custom_step0_s_20260513_17,fc47e063461d466ba4698b7c049cecac,0.167,,,
2483,2026-05-13,SH600918,-0.0476023627736061,EXP_CatBoostModel_Alpha158_csi300_custom_step0_s_20260513_17,fc47e063461d466ba4698b7c049cecac,0.167,,,
2484,2026-05-13,SH600919,0.010561913160710961,EXP_CatBoostModel_Alpha158_csi300_custom_step0_s_20260513_17,fc47e063461d466ba4698b7c049cecac,0.167,,,
2485,2026-05-13,SH600926,-0.02266614431355763,EXP_CatBoostModel_Alpha158_csi300_custom_step0_s_20260513_17,fc47e063461d466ba4698b7c049cecac,0.167,,,
2486,2026-05-13,SH600930,-0.002185747363910577,EXP_CatBoostModel_Alpha158_csi300_custom_step0_s_20260513_17,fc47e063461d466ba4698b7c049cecac,0.167,,,
2487,2026-05-13,SH600809,-0.035072122803309506,EXP_CatBoostModel_Alpha158_csi300_custom_step0_s_20260513_17,fc47e063461d466ba4698b7c049cecac,0.167,,,
2488,2026-05-13,SH600938,-0.019718388570364804,EXP_CatBoostModel_Alpha158_csi300_custom_step0_s_20260513_17,fc47e063461d466ba4698b7c049cecac,0.167,,,
2489,2026-05-13,SH600958,0.011352766730355152,EXP_CatBoostModel_Alpha158_csi300_custom_step0_s_20260513_17,fc47e063461d466ba4698b7c049cecac,0.167,,,
2490,2026-05-13,SH600989,-0.009176495864132477,EXP_CatBoostModel_Alpha158_csi300_custom_step0_s_20260513_17,fc47e063461d466ba4698b7c049cecac,0.167,,,
2491,2026-05-13,SH600999,-0.001984025017575834,EXP_CatBoostModel_Alpha158_csi300_custom_step0_s_20260513_17,fc47e063461d466ba4698b7c049cecac,0.167,,,
2492,2026-05-13,SH601006,-0.005110108119748382,EXP_CatBoostModel_Alpha158_csi300_custom_step0_s_20260513_17,fc47e063461d466ba4698b7c049cecac,0.167,,,
2493,2026-05-13,SH601009,-0.015915987622339835,EXP_CatBoostModel_Alpha158_csi300_custom_step0_s_20260513_17,fc47e063461d466ba4698b7c049cecac,0.167,,,
2494,2026-05-13,SH601012,-0.026003503900366192,EXP_CatBoostModel_Alpha158_csi300_custom_step0_s_20260513_17,fc47e063461d466ba4698b7c049cecac,0.167,,,
2495,2026-05-13,SH601018,-0.05002660613047429,EXP_CatBoostModel_Alpha158_csi300_custom_step0_s_20260513_17,fc47e063461d466ba4698b7c049cecac,0.167,,,
2496,2026-05-13,SH601021,-0.012384716254193582,EXP_CatBoostModel_Alpha158_csi300_custom_step0_s_20260513_17,fc47e063461d466ba4698b7c049cecac,0.167,,,
2497,2026-05-13,SH601058,-0.022695554469821775,EXP_CatBoostModel_Alpha158_csi300_custom_step0_s_20260513_17,fc47e063461d466ba4698b7c049cecac,0.167,,,
2498,2026-05-13,SH601059,-0.0005429970429111994,EXP_CatBoostModel_Alpha158_csi300_custom_step0_s_20260513_17,fc47e063461d466ba4698b7c049cecac,0.167,,,
2499,2026-05-13,SH601066,-0.01350519822380048,EXP_CatBoostModel_Alpha158_csi300_custom_step0_s_20260513_17,fc47e063461d466ba4698b7c049cecac,0.167,,,
2500,2026-05-13,SH600941,0.007844214910456105,EXP_CatBoostModel_Alpha158_csi300_custom_step0_s_20260513_17,fc47e063461d466ba4698b7c049cecac,0.167,,,
2501,2026-05-13,SH601077,-0.014750850634197349,EXP_CatBoostModel_Alpha158_csi300_custom_step0_s_20260513_17,fc47e063461d466ba4698b7c049cecac,0.167,,,
2502,2026-05-13,SH600803,-0.015888032369226146,EXP_CatBoostModel_Alpha158_csi300_custom_step0_s_20260513_17,fc47e063461d466ba4698b7c049cecac,0.167,,,
2503,2026-05-13,SH600760,-0.028717133090052784,EXP_CatBoostModel_Alpha158_csi300_custom_step0_s_20260513_17,fc47e063461d466ba4698b7c049cecac,0.167,,,
2504,2026-05-13,SH600362,0.01736697354131142,EXP_CatBoostModel_Alpha158_csi300_custom_step0_s_20260513_17,fc47e063461d466ba4698b7c049cecac,0.167,,,
2505,2026-05-13,SH600372,0.0023911663183407684,EXP_CatBoostModel_Alpha158_csi300_custom_step0_s_20260513_17,fc47e063461d466ba4698b7c049cecac,0.167,,,
2506,2026-05-13,SH600377,-0.0045698183418082326,EXP_CatBoostModel_Alpha158_csi300_custom_step0_s_20260513_17,fc47e063461d466ba4698b7c049cecac,0.167,,,
2507,2026-05-13,SH600406,0.00875270404382426,EXP_CatBoostModel_Alpha158_csi300_custom_step0_s_20260513_17,fc47e063461d466ba4698b7c049cecac,0.167,,,
2508,2026-05-13,SH600415,-0.008790288339911486,EXP_CatBoostModel_Alpha158_csi300_custom_step0_s_20260513_17,fc47e063461d466ba4698b7c049cecac,0.167,,,
2509,2026-05-13,SH600426,-0.013039551139232218,EXP_CatBoostModel_Alpha158_csi300_custom_step0_s_20260513_17,fc47e063461d466ba4698b7c049cecac,0.167,,,
2510,2026-05-13,SH600436,-0.04668010258679638,EXP_CatBoostModel_Alpha158_csi300_custom_step0_s_20260513_17,fc47e063461d466ba4698b7c049cecac,0.167,,,
2511,2026-05-13,SH600438,0.005458405599433355,EXP_CatBoostModel_Alpha158_csi300_custom_step0_s_20260513_17,fc47e063461d466ba4698b7c049cecac,0.167,,,
2512,2026-05-13,SH600460,0.10569276791045175,EXP_CatBoostModel_Alpha158_csi300_custom_step0_s_20260513_17,fc47e063461d466ba4698b7c049cecac,0.167,,,
2513,2026-05-13,SH600482,-0.18275450220296585,EXP_CatBoostModel_Alpha158_csi300_custom_step0_s_20260513_17,fc47e063461d466ba4698b7c049cecac,0.167,,,
2514,2026-05-13,SH600489,-0.008162820431987058,EXP_CatBoostModel_Alpha158_csi300_custom_step0_s_20260513_17,fc47e063461d466ba4698b7c049cecac,0.167,,,
2515,2026-05-13,SH600795,0.0003312793885003471,EXP_CatBoostModel_Alpha158_csi300_custom_step0_s_20260513_17,fc47e063461d466ba4698b7c049cecac,0.167,,,
2516,2026-05-13,SH600515,-0.033019986325681004,EXP_CatBoostModel_Alpha158_csi300_custom_step0_s_20260513_17,fc47e063461d466ba4698b7c049cecac,0.167,,,
2517,2026-05-13,SH600522,0.15533572300807622,EXP_CatBoostModel_Alpha158_csi300_custom_step0_s_20260513_17,fc47e063461d466ba4698b7c049cecac,0.167,,,
2518,2026-05-13,SH600547,-0.040350972869309096,EXP_CatBoostModel_Alpha158_csi300_custom_step0_s_20260513_17,fc47e063461d466ba4698b7c049cecac,0.167,,,
2519,2026-05-13,SH600570,0.006511254077481679,EXP_CatBoostModel_Alpha158_csi300_custom_step0_s_20260513_17,fc47e063461d466ba4698b7c049cecac,0.167,,,
2520,2026-05-13,SH600584,0.0783738702351076,EXP_CatBoostModel_Alpha158_csi300_custom_step0_s_20260513_17,fc47e063461d466ba4698b7c049cecac,0.167,,,
2521,2026-05-13,SH600585,-0.06139782394197821,EXP_CatBoostModel_Alpha158_csi300_custom_step0_s_20260513_17,fc47e063461d466ba4698b7c049cecac,0.167,,,
2522,2026-05-13,SH600588,0.0015455230541854099,EXP_CatBoostModel_Alpha158_csi300_custom_step0_s_20260513_17,fc47e063461d466ba4698b7c049cecac,0.167,,,
2523,2026-05-13,SH600600,-0.0321122127580009,EXP_CatBoostModel_Alpha158_csi300_custom_step0_s_20260513_17,fc47e063461d466ba4698b7c049cecac,0.167,,,
2524,2026-05-13,SH600660,-0.017516483617997215,EXP_CatBoostModel_Alpha158_csi300_custom_step0_s_20260513_17,fc47e063461d466ba4698b7c049cecac,0.167,,,
2525,2026-05-13,SH600674,0.003926839439224595,EXP_CatBoostModel_Alpha158_csi300_custom_step0_s_20260513_17,fc47e063461d466ba4698b7c049cecac,0.167,,,
2526,2026-05-13,SH600690,-0.02782789486757193,EXP_CatBoostModel_Alpha158_csi300_custom_step0_s_20260513_17,fc47e063461d466ba4698b7c049cecac,0.167,,,
2527,2026-05-13,SH600741,-0.040284443855702276,EXP_CatBoostModel_Alpha158_csi300_custom_step0_s_20260513_17,fc47e063461d466ba4698b7c049cecac,0.167,,,
2528,2026-05-13,SH600519,-0.04568963180843439,EXP_CatBoostModel_Alpha158_csi300_custom_step0_s_20260513_17,fc47e063461d466ba4698b7c049cecac,0.167,,,
2529,2026-05-13,SH600346,-0.030157700756671974,EXP_CatBoostModel_Alpha158_csi300_custom_step0_s_20260513_17,fc47e063461d466ba4698b7c049cecac,0.167,,,
2530,2026-05-13,SH601088,-0.023569902267677554,EXP_CatBoostModel_Alpha158_csi300_custom_step0_s_20260513_17,fc47e063461d466ba4698b7c049cecac,0.167,,,
2531,2026-05-13,SH601111,-0.0015817764452415062,EXP_CatBoostModel_Alpha158_csi300_custom_step0_s_20260513_17,fc47e063461d466ba4698b7c049cecac,0.167,,,
2532,2026-05-13,SH601633,-0.05576166599650566,EXP_CatBoostModel_Alpha158_csi300_custom_step0_s_20260513_17,fc47e063461d466ba4698b7c049cecac,0.167,,,
2533,2026-05-13,SH601658,-0.029277833467179017,EXP_CatBoostModel_Alpha158_csi300_custom_step0_s_20260513_17,fc47e063461d466ba4698b7c049cecac,0.167,,,
2534,2026-05-13,SH601668,-0.026162842863571022,EXP_CatBoostModel_Alpha158_csi300_custom_step0_s_20260513_17,fc47e063461d466ba4698b7c049cecac,0.167,,,
2535,2026-05-13,SH601669,0.013707427086232151,EXP_CatBoostModel_Alpha158_csi300_custom_step0_s_20260513_17,fc47e063461d466ba4698b7c049cecac,0.167,,,
2536,2026-05-13,SH601688,0.007153536552713061,EXP_CatBoostModel_Alpha158_csi300_custom_step0_s_20260513_17,fc47e063461d466ba4698b7c049cecac,0.167,,,
2537,2026-05-13,SH601689,0.05281693184860611,EXP_CatBoostModel_Alpha158_csi300_custom_step0_s_20260513_17,fc47e063461d466ba4698b7c049cecac,0.167,,,
2538,2026-05-13,SH601698,0.03846108547231912,EXP_CatBoostModel_Alpha158_csi300_custom_step0_s_20260513_17,fc47e063461d466ba4698b7c049cecac,0.167,,,
2539,2026-05-13,SH601728,0.01300953557995709,EXP_CatBoostModel_Alpha158_csi300_custom_step0_s_20260513_17,fc47e063461d466ba4698b7c049cecac,0.167,,,
2540,2026-05-13,SH601766,-0.03900016061878815,EXP_CatBoostModel_Alpha158_csi300_custom_step0_s_20260513_17,fc47e063461d466ba4698b7c049cecac,0.167,,,
2541,2026-05-13,SH601788,-0.03250983094310609,EXP_CatBoostModel_Alpha158_csi300_custom_step0_s_20260513_17,fc47e063461d466ba4698b7c049cecac,0.167,,,
2542,2026-05-13,SH601800,-0.058012386700051925,EXP_CatBoostModel_Alpha158_csi300_custom_step0_s_20260513_17,fc47e063461d466ba4698b7c049cecac,0.167,,,
2543,2026-05-13,SH601628,-0.031178310621549604,EXP_CatBoostModel_Alpha158_csi300_custom_step0_s_20260513_17,fc47e063461d466ba4698b7c049cecac,0.167,,,
2544,2026-05-13,SH601808,-0.01450733672643945,EXP_CatBoostModel_Alpha158_csi300_custom_step0_s_20260513_17,fc47e063461d466ba4698b7c049cecac,0.167,,,
2545,2026-05-13,SH601818,-0.041331038446019173,EXP_CatBoostModel_Alpha158_csi300_custom_step0_s_20260513_17,fc47e063461d466ba4698b7c049cecac,0.167,,,
2546,2026-05-13,SH601825,-0.024041308900892115,EXP_CatBoostModel_Alpha158_csi300_custom_step0_s_20260513_17,fc47e063461d466ba4698b7c049cecac,0.167,,,
2547,2026-05-13,SH601838,0.019692769922027016,EXP_CatBoostModel_Alpha158_csi300_custom_step0_s_20260513_17,fc47e063461d466ba4698b7c049cecac,0.167,,,
2548,2026-05-13,SH601857,-0.02220766954404559,EXP_CatBoostModel_Alpha158_csi300_custom_step0_s_20260513_17,fc47e063461d466ba4698b7c049cecac,0.167,,,
2549,2026-05-13,SH601868,0.010047077220262752,EXP_CatBoostModel_Alpha158_csi300_custom_step0_s_20260513_17,fc47e063461d466ba4698b7c049cecac,0.167,,,
2550,2026-05-13,SH601872,-0.03221961154985677,EXP_CatBoostModel_Alpha158_csi300_custom_step0_s_20260513_17,fc47e063461d466ba4698b7c049cecac,0.167,,,
2551,2026-05-13,SH601877,-0.011150478376434354,EXP_CatBoostModel_Alpha158_csi300_custom_step0_s_20260513_17,fc47e063461d466ba4698b7c049cecac,0.167,,,
2552,2026-05-13,SH601878,0.002382827122477153,EXP_CatBoostModel_Alpha158_csi300_custom_step0_s_20260513_17,fc47e063461d466ba4698b7c049cecac,0.167,,,
2553,2026-05-13,SH601881,-0.03903527139386289,EXP_CatBoostModel_Alpha158_csi300_custom_step0_s_20260513_17,fc47e063461d466ba4698b7c049cecac,0.167,,,
2554,2026-05-13,SH601888,0.03244426856257794,EXP_CatBoostModel_Alpha158_csi300_custom_step0_s_20260513_17,fc47e063461d466ba4698b7c049cecac,0.167,,,
2555,2026-05-13,SH601898,0.05442251652376631,EXP_CatBoostModel_Alpha158_csi300_custom_step0_s_20260513_17,fc47e063461d466ba4698b7c049cecac,0.167,,,
2556,2026-05-13,SH601816,-0.028790272299345426,EXP_CatBoostModel_Alpha158_csi300_custom_step0_s_20260513_17,fc47e063461d466ba4698b7c049cecac,0.167,,,
2557,2026-05-13,SH601100,0.01445286403369768,EXP_CatBoostModel_Alpha158_csi300_custom_step0_s_20260513_17,fc47e063461d466ba4698b7c049cecac,0.167,,,
2558,2026-05-13,SH601618,-0.02957164219884784,EXP_CatBoostModel_Alpha158_csi300_custom_step0_s_20260513_17,fc47e063461d466ba4698b7c049cecac,0.167,,,
2559,2026-05-13,SH601601,-0.03614993245967279,EXP_CatBoostModel_Alpha158_csi300_custom_step0_s_20260513_17,fc47e063461d466ba4698b7c049cecac,0.167,,,
2560,2026-05-13,SH601117,-0.029033581420402525,EXP_CatBoostModel_Alpha158_csi300_custom_step0_s_20260513_17,fc47e063461d466ba4698b7c049cecac,0.167,,,
2561,2026-05-13,SH601127,-0.023616740087650853,EXP_CatBoostModel_Alpha158_csi300_custom_step0_s_20260513_17,fc47e063461d466ba4698b7c049cecac,0.167,,,
2562,2026-05-13,SH601136,-0.009912732967589178,EXP_CatBoostModel_Alpha158_csi300_custom_step0_s_20260513_17,fc47e063461d466ba4698b7c049cecac,0.167,,,
2563,2026-05-13,SH601138,0.22163219670231443,EXP_CatBoostModel_Alpha158_csi300_custom_step0_s_20260513_17,fc47e063461d466ba4698b7c049cecac,0.167,,,
2564,2026-05-13,SH601166,-0.05408031284186316,EXP_CatBoostModel_Alpha158_csi300_custom_step0_s_20260513_17,fc47e063461d466ba4698b7c049cecac,0.167,,,
2565,2026-05-13,SH601169,-0.039764753948146575,EXP_CatBoostModel_Alpha158_csi300_custom_step0_s_20260513_17,fc47e063461d466ba4698b7c049cecac,0.167,,,
2566,2026-05-13,SH601186,-0.0360594228272936,EXP_CatBoostModel_Alpha158_csi300_custom_step0_s_20260513_17,fc47e063461d466ba4698b7c049cecac,0.167,,,
2567,2026-05-13,SH601211,-0.038100156576800735,EXP_CatBoostModel_Alpha158_csi300_custom_step0_s_20260513_17,fc47e063461d466ba4698b7c049cecac,0.167,,,
2568,2026-05-13,SH601225,-0.027784981560456418,EXP_CatBoostModel_Alpha158_csi300_custom_step0_s_20260513_17,fc47e063461d466ba4698b7c049cecac,0.167,,,
2569,2026-05-13,SH601229,-0.03987773651119603,EXP_CatBoostModel_Alpha158_csi300_custom_step0_s_20260513_17,fc47e063461d466ba4698b7c049cecac,0.167,,,
2570,2026-05-13,SH601236,-0.052117862072437966,EXP_CatBoostModel_Alpha158_csi300_custom_step0_s_20260513_17,fc47e063461d466ba4698b7c049cecac,0.167,,,
2571,2026-05-13,SH601607,-0.02546093657026994,EXP_CatBoostModel_Alpha158_csi300_custom_step0_s_20260513_17,fc47e063461d466ba4698b7c049cecac,0.167,,,
2572,2026-05-13,SH601238,-0.03729459454186423,EXP_CatBoostModel_Alpha158_csi300_custom_step0_s_20260513_17,fc47e063461d466ba4698b7c049cecac,0.167,,,
2573,2026-05-13,SH601298,-0.0005804246500446549,EXP_CatBoostModel_Alpha158_csi300_custom_step0_s_20260513_17,fc47e063461d466ba4698b7c049cecac,0.167,,,
2574,2026-05-13,SH601318,-0.023057640061754717,EXP_CatBoostModel_Alpha158_csi300_custom_step0_s_20260513_17,fc47e063461d466ba4698b7c049cecac,0.167,,,
2575,2026-05-13,SH601319,-0.03628615381935214,EXP_CatBoostModel_Alpha158_csi300_custom_step0_s_20260513_17,fc47e063461d466ba4698b7c049cecac,0.167,,,
2576,2026-05-13,SH601328,-0.03657578355964796,EXP_CatBoostModel_Alpha158_csi300_custom_step0_s_20260513_17,fc47e063461d466ba4698b7c049cecac,0.167,,,
2577,2026-05-13,SH601336,-0.004382745228216558,EXP_CatBoostModel_Alpha158_csi300_custom_step0_s_20260513_17,fc47e063461d466ba4698b7c049cecac,0.167,,,
2578,2026-05-13,SH601360,0.00517588498644755,EXP_CatBoostModel_Alpha158_csi300_custom_step0_s_20260513_17,fc47e063461d466ba4698b7c049cecac,0.167,,,
2579,2026-05-13,SH601377,-0.0006441981125178649,EXP_CatBoostModel_Alpha158_csi300_custom_step0_s_20260513_17,fc47e063461d466ba4698b7c049cecac,0.167,,,
2580,2026-05-13,SH601390,-0.038809323098818536,EXP_CatBoostModel_Alpha158_csi300_custom_step0_s_20260513_17,fc47e063461d466ba4698b7c049cecac,0.167,,,
2581,2026-05-13,SH601398,-0.0342889001545255,EXP_CatBoostModel_Alpha158_csi300_custom_step0_s_20260513_17,fc47e063461d466ba4698b7c049cecac,0.167,,,
2582,2026-05-13,SH601456,0.01188076787458344,EXP_CatBoostModel_Alpha158_csi300_custom_step0_s_20260513_17,fc47e063461d466ba4698b7c049cecac,0.167,,,
2583,2026-05-13,SH601600,-0.01867500637276654,EXP_CatBoostModel_Alpha158_csi300_custom_step0_s_20260513_17,fc47e063461d466ba4698b7c049cecac,0.167,,,
2584,2026-05-13,SH601288,-0.002596549962486367,EXP_CatBoostModel_Alpha158_csi300_custom_step0_s_20260513_17,fc47e063461d466ba4698b7c049cecac,0.167,,,
2585,2026-05-13,SH600309,-0.018859872052319634,EXP_CatBoostModel_Alpha158_csi300_custom_step0_s_20260513_17,fc47e063461d466ba4698b7c049cecac,0.167,,,
2586,2026-05-13,SH600276,-0.01731743577752917,EXP_CatBoostModel_Alpha158_csi300_custom_step0_s_20260513_17,fc47e063461d466ba4698b7c049cecac,0.167,,,
2587,2026-05-13,SH600233,-0.0008113503582510058,EXP_CatBoostModel_Alpha158_csi300_custom_step0_s_20260513_17,fc47e063461d466ba4698b7c049cecac,0.167,,,
2588,2026-05-13,SZ002600,-0.0005887699427006065,EXP_CatBoostModel_Alpha158_csi300_custom_step0_s_20260513_17,3e58899130b5439f89726bf87c1e6cbb,0.013,,,
2589,2026-05-13,SZ002601,-0.0006252526919327307,EXP_CatBoostModel_Alpha158_csi300_custom_step0_s_20260513_17,3e58899130b5439f89726bf87c1e6cbb,0.013,,,
2590,2026-05-13,SZ002625,-0.0014633847538777975,EXP_CatBoostModel_Alpha158_csi300_custom_step0_s_20260513_17,3e58899130b5439f89726bf87c1e6cbb,0.013,,,
2591,2026-05-13,SZ002648,-0.0005887699427006065,EXP_CatBoostModel_Alpha158_csi300_custom_step0_s_20260513_17,3e58899130b5439f89726bf87c1e6cbb,0.013,,,
2592,2026-05-13,SZ002709,0.013301021951717628,EXP_CatBoostModel_Alpha158_csi300_custom_step0_s_20260513_17,3e58899130b5439f89726bf87c1e6cbb,0.013,,,
2593,2026-05-13,SZ002714,-0.0006252526919327307,EXP_CatBoostModel_Alpha158_csi300_custom_step0_s_20260513_17,3e58899130b5439f89726bf87c1e6cbb,0.013,,,
2594,2026-05-13,SZ002736,0.0007695333386795184,EXP_CatBoostModel_Alpha158_csi300_custom_step0_s_20260513_17,3e58899130b5439f89726bf87c1e6cbb,0.013,,,
2595,2026-05-13,SZ002916,0.013301021951717628,EXP_CatBoostModel_Alpha158_csi300_custom_step0_s_20260513_17,3e58899130b5439f89726bf87c1e6cbb,0.013,,,
2596,2026-05-13,SZ002920,-0.0014633847538777975,EXP_CatBoostModel_Alpha158_csi300_custom_step0_s_20260513_17,3e58899130b5439f89726bf87c1e6cbb,0.013,,,
2597,2026-05-13,SZ002938,0.013301021951717628,EXP_CatBoostModel_Alpha158_csi300_custom_step0_s_20260513_17,3e58899130b5439f89726bf87c1e6cbb,0.013,,,
2598,2026-05-13,SZ003816,-0.0005887699427006065,EXP_CatBoostModel_Alpha158_csi300_custom_step0_s_20260513_17,3e58899130b5439f89726bf87c1e6cbb,0.013,,,
2599,2026-05-13,SZ002594,-0.0014633847538777975,EXP_CatBoostModel_Alpha158_csi300_custom_step0_s_20260513_17,3e58899130b5439f89726bf87c1e6cbb,0.013,,,
2600,2026-05-13,SZ300014,-0.0005887699427006065,EXP_CatBoostModel_Alpha158_csi300_custom_step0_s_20260513_17,3e58899130b5439f89726bf87c1e6cbb,0.013,,,
2601,2026-05-13,SZ300033,-0.0005887699427006065,EXP_CatBoostModel_Alpha158_csi300_custom_step0_s_20260513_17,3e58899130b5439f89726bf87c1e6cbb,0.013,,,
2602,2026-05-13,SZ300059,-0.0005887699427006065,EXP_CatBoostModel_Alpha158_csi300_custom_step0_s_20260513_17,3e58899130b5439f89726bf87c1e6cbb,0.013,,,
2603,2026-05-13,SZ300122,-0.0014633847538777975,EXP_CatBoostModel_Alpha158_csi300_custom_step0_s_20260513_17,3e58899130b5439f89726bf87c1e6cbb,0.013,,,
2604,2026-05-13,SZ300124,-0.0005887699427006065,EXP_CatBoostModel_Alpha158_csi300_custom_step0_s_20260513_17,3e58899130b5439f89726bf87c1e6cbb,0.013,,,
2605,2026-05-13,SZ300251,0.0007695333386795184,EXP_CatBoostModel_Alpha158_csi300_custom_step0_s_20260513_17,3e58899130b5439f89726bf87c1e6cbb,0.013,,,
2606,2026-05-13,SZ300274,-0.0006252526919327307,EXP_CatBoostModel_Alpha158_csi300_custom_step0_s_20260513_17,3e58899130b5439f89726bf87c1e6cbb,0.013,,,
2607,2026-05-13,SZ300308,0.01054292526002618,EXP_CatBoostModel_Alpha158_csi300_custom_step0_s_20260513_17,3e58899130b5439f89726bf87c1e6cbb,0.013,,,
2608,2026-05-13,SZ300316,-0.0005887699427006065,EXP_CatBoostModel_Alpha158_csi300_custom_step0_s_20260513_17,3e58899130b5439f89726bf87c1e6cbb,0.013,,,
2609,2026-05-13,SZ300347,-0.0006252526919327307,EXP_CatBoostModel_Alpha158_csi300_custom_step0_s_20260513_17,3e58899130b5439f89726bf87c1e6cbb,0.013,,,
2610,2026-05-13,SZ300394,-0.0005887699427006065,EXP_CatBoostModel_Alpha158_csi300_custom_step0_s_20260513_17,3e58899130b5439f89726bf87c1e6cbb,0.013,,,
2611,2026-05-13,SZ300408,0.013301021951717628,EXP_CatBoostModel_Alpha158_csi300_custom_step0_s_20260513_17,3e58899130b5439f89726bf87c1e6cbb,0.013,,,
2612,2026-05-13,SZ300015,-0.0005887699427006065,EXP_CatBoostModel_Alpha158_csi300_custom_step0_s_20260513_17,3e58899130b5439f89726bf87c1e6cbb,0.013,,,
2613,2026-05-13,SZ300413,0.0007695333386795184,EXP_CatBoostModel_Alpha158_csi300_custom_step0_s_20260513_17,3e58899130b5439f89726bf87c1e6cbb,0.013,,,
2614,2026-05-13,SZ002493,-0.0014633847538777975,EXP_CatBoostModel_Alpha158_csi300_custom_step0_s_20260513_17,3e58899130b5439f89726bf87c1e6cbb,0.013,,,
2615,2026-05-13,SZ002466,0.013301021951717628,EXP_CatBoostModel_Alpha158_csi300_custom_step0_s_20260513_17,3e58899130b5439f89726bf87c1e6cbb,0.013,,,
2616,2026-05-13,SZ001965,-0.0005887699427006065,EXP_CatBoostModel_Alpha158_csi300_custom_step0_s_20260513_17,3e58899130b5439f89726bf87c1e6cbb,0.013,,,
2617,2026-05-13,SZ001979,-0.0005887699427006065,EXP_CatBoostModel_Alpha158_csi300_custom_step0_s_20260513_17,3e58899130b5439f89726bf87c1e6cbb,0.013,,,
2618,2026-05-13,SZ002001,-0.0014633847538777975,EXP_CatBoostModel_Alpha158_csi300_custom_step0_s_20260513_17,3e58899130b5439f89726bf87c1e6cbb,0.013,,,
2619,2026-05-13,SZ002027,-0.0006252526919327307,EXP_CatBoostModel_Alpha158_csi300_custom_step0_s_20260513_17,3e58899130b5439f89726bf87c1e6cbb,0.013,,,
2620,2026-05-13,SZ002028,-0.0006252526919327307,EXP_CatBoostModel_Alpha158_csi300_custom_step0_s_20260513_17,3e58899130b5439f89726bf87c1e6cbb,0.013,,,
2621,2026-05-13,SZ002049,-0.0005887699427006065,EXP_CatBoostModel_Alpha158_csi300_custom_step0_s_20260513_17,3e58899130b5439f89726bf87c1e6cbb,0.013,,,
2622,2026-05-13,SZ002050,-0.0005887699427006065,EXP_CatBoostModel_Alpha158_csi300_custom_step0_s_20260513_17,3e58899130b5439f89726bf87c1e6cbb,0.013,,,
2623,2026-05-13,SZ002074,-0.0005887699427006065,EXP_CatBoostModel_Alpha158_csi300_custom_step0_s_20260513_17,3e58899130b5439f89726bf87c1e6cbb,0.013,,,
2624,2026-05-13,SZ002142,-0.0005887699427006065,EXP_CatBoostModel_Alpha158_csi300_custom_step0_s_20260513_17,3e58899130b5439f89726bf87c1e6cbb,0.013,,,
2625,2026-05-13,SZ002179,-0.0005887699427006065,EXP_CatBoostModel_Alpha158_csi300_custom_step0_s_20260513_17,3e58899130b5439f89726bf87c1e6cbb,0.013,,,
2626,2026-05-13,SZ002230,-0.0014633847538777975,EXP_CatBoostModel_Alpha158_csi300_custom_step0_s_20260513_17,3e58899130b5439f89726bf87c1e6cbb,0.013,,,
2627,2026-05-13,SZ002475,0.013301021951717628,EXP_CatBoostModel_Alpha158_csi300_custom_step0_s_20260513_17,3e58899130b5439f89726bf87c1e6cbb,0.013,,,
2628,2026-05-13,SZ002236,0.0007695333386795184,EXP_CatBoostModel_Alpha158_csi300_custom_step0_s_20260513_17,3e58899130b5439f89726bf87c1e6cbb,0.013,,,
2629,2026-05-13,SZ002252,0.0007695333386795184,EXP_CatBoostModel_Alpha158_csi300_custom_step0_s_20260513_17,3e58899130b5439f89726bf87c1e6cbb,0.013,,,
2630,2026-05-13,SZ002304,-0.0006252526919327307,EXP_CatBoostModel_Alpha158_csi300_custom_step0_s_20260513_17,3e58899130b5439f89726bf87c1e6cbb,0.013,,,
2631,2026-05-13,SZ002311,-0.0006252526919327307,EXP_CatBoostModel_Alpha158_csi300_custom_step0_s_20260513_17,3e58899130b5439f89726bf87c1e6cbb,0.013,,,
2632,2026-05-13,SZ002352,0.0007695333386795184,EXP_CatBoostModel_Alpha158_csi300_custom_step0_s_20260513_17,3e58899130b5439f89726bf87c1e6cbb,0.013,,,
2633,2026-05-13,SZ002371,-0.0005887699427006065,EXP_CatBoostModel_Alpha158_csi300_custom_step0_s_20260513_17,3e58899130b5439f89726bf87c1e6cbb,0.013,,,
2634,2026-05-13,SZ002384,-0.005372657262453341,EXP_CatBoostModel_Alpha158_csi300_custom_step0_s_20260513_17,3e58899130b5439f89726bf87c1e6cbb,0.013,,,
2635,2026-05-13,SZ002415,-0.0005887699427006065,EXP_CatBoostModel_Alpha158_csi300_custom_step0_s_20260513_17,3e58899130b5439f89726bf87c1e6cbb,0.013,,,
2636,2026-05-13,SZ002422,-0.0014633847538777975,EXP_CatBoostModel_Alpha158_csi300_custom_step0_s_20260513_17,3e58899130b5439f89726bf87c1e6cbb,0.013,,,
2637,2026-05-13,SZ002459,-0.0014633847538777975,EXP_CatBoostModel_Alpha158_csi300_custom_step0_s_20260513_17,3e58899130b5439f89726bf87c1e6cbb,0.013,,,
2638,2026-05-13,SZ002460,-0.0005887699427006065,EXP_CatBoostModel_Alpha158_csi300_custom_step0_s_20260513_17,3e58899130b5439f89726bf87c1e6cbb,0.013,,,
2639,2026-05-13,SZ002463,0.013301021951717628,EXP_CatBoostModel_Alpha158_csi300_custom_step0_s_20260513_17,3e58899130b5439f89726bf87c1e6cbb,0.013,,,
2640,2026-05-13,SZ002241,-0.0005887699427006065,EXP_CatBoostModel_Alpha158_csi300_custom_step0_s_20260513_17,3e58899130b5439f89726bf87c1e6cbb,0.013,,,
2641,2026-05-13,SZ300418,-0.0005887699427006065,EXP_CatBoostModel_Alpha158_csi300_custom_step0_s_20260513_17,3e58899130b5439f89726bf87c1e6cbb,0.013,,,
2642,2026-05-13,SZ300433,-0.0005887699427006065,EXP_CatBoostModel_Alpha158_csi300_custom_step0_s_20260513_17,3e58899130b5439f89726bf87c1e6cbb,0.013,,,
2643,2026-05-13,SZ300442,-0.0005887699427006065,EXP_CatBoostModel_Alpha158_csi300_custom_step0_s_20260513_17,3e58899130b5439f89726bf87c1e6cbb,0.013,,,
2644,2026-05-13,SH600027,-0.04413221877058171,EXP_CatBoostModel_Alpha158_csi300_custom_step0_s_20260513_17,fc47e063461d466ba4698b7c049cecac,0.167,,,
2645,2026-05-13,SH600028,-0.05625512590400436,EXP_CatBoostModel_Alpha158_csi300_custom_step0_s_20260513_17,fc47e063461d466ba4698b7c049cecac,0.167,,,
2646,2026-05-13,SH600029,-0.04328266426258945,EXP_CatBoostModel_Alpha158_csi300_custom_step0_s_20260513_17,fc47e063461d466ba4698b7c049cecac,0.167,,,
2647,2026-05-13,SH600030,0.005059315060857925,EXP_CatBoostModel_Alpha158_csi300_custom_step0_s_20260513_17,fc47e063461d466ba4698b7c049cecac,0.167,,,
2648,2026-05-13,SH600031,-0.006448428980570925,EXP_CatBoostModel_Alpha158_csi300_custom_step0_s_20260513_17,fc47e063461d466ba4698b7c049cecac,0.167,,,
2649,2026-05-13,SH600036,-0.05201425141335983,EXP_CatBoostModel_Alpha158_csi300_custom_step0_s_20260513_17,fc47e063461d466ba4698b7c049cecac,0.167,,,
2650,2026-05-13,SH600039,-0.01667370878634329,EXP_CatBoostModel_Alpha158_csi300_custom_step0_s_20260513_17,fc47e063461d466ba4698b7c049cecac,0.167,,,
2651,2026-05-13,SH600048,-0.013979683693706795,EXP_CatBoostModel_Alpha158_csi300_custom_step0_s_20260513_17,fc47e063461d466ba4698b7c049cecac,0.167,,,
2652,2026-05-13,SH600050,0.0025208495131732673,EXP_CatBoostModel_Alpha158_csi300_custom_step0_s_20260513_17,fc47e063461d466ba4698b7c049cecac,0.167,,,
2653,2026-05-13,SH600061,-0.042038749092522684,EXP_CatBoostModel_Alpha158_csi300_custom_step0_s_20260513_17,fc47e063461d466ba4698b7c049cecac,0.167,,,
2654,2026-05-13,SH600066,0.005896453198076685,EXP_CatBoostModel_Alpha158_csi300_custom_step0_s_20260513_17,fc47e063461d466ba4698b7c049cecac,0.167,,,
2655,2026-05-13,SH600026,-0.02153217895781614,EXP_CatBoostModel_Alpha158_csi300_custom_step0_s_20260513_17,fc47e063461d466ba4698b7c049cecac,0.167,,,
2656,2026-05-13,SH600085,-0.035696504735795644,EXP_CatBoostModel_Alpha158_csi300_custom_step0_s_20260513_17,fc47e063461d466ba4698b7c049cecac,0.167,,,
2657,2026-05-13,SH600104,-0.030248438211831218,EXP_CatBoostModel_Alpha158_csi300_custom_step0_s_20260513_17,fc47e063461d466ba4698b7c049cecac,0.167,,,
2658,2026-05-13,SH600111,0.06018714392664877,EXP_CatBoostModel_Alpha158_csi300_custom_step0_s_20260513_17,fc47e063461d466ba4698b7c049cecac,0.167,,,
2659,2026-05-13,SH600115,-0.0014357957679713518,EXP_CatBoostModel_Alpha158_csi300_custom_step0_s_20260513_17,fc47e063461d466ba4698b7c049cecac,0.167,,,
2660,2026-05-13,SH600150,0.11664741491611202,EXP_CatBoostModel_Alpha158_csi300_custom_step0_s_20260513_17,fc47e063461d466ba4698b7c049cecac,0.167,,,
2661,2026-05-13,SH600160,-0.007446922689348231,EXP_CatBoostModel_Alpha158_csi300_custom_step0_s_20260513_17,fc47e063461d466ba4698b7c049cecac,0.167,,,
2662,2026-05-13,SH600161,-0.054052687018243985,EXP_CatBoostModel_Alpha158_csi300_custom_step0_s_20260513_17,fc47e063461d466ba4698b7c049cecac,0.167,,,
2663,2026-05-13,SH600176,0.03296190000008856,EXP_CatBoostModel_Alpha158_csi300_custom_step0_s_20260513_17,fc47e063461d466ba4698b7c049cecac,0.167,,,
2664,2026-05-13,SH600183,0.16176264881420946,EXP_CatBoostModel_Alpha158_csi300_custom_step0_s_20260513_17,fc47e063461d466ba4698b7c049cecac,0.167,,,
2665,2026-05-13,SH600188,0.021095030908258903,EXP_CatBoostModel_Alpha158_csi300_custom_step0_s_20260513_17,fc47e063461d466ba4698b7c049cecac,0.167,,,
2666,2026-05-13,SH600196,-0.07338351522723054,EXP_CatBoostModel_Alpha158_csi300_custom_step0_s_20260513_17,fc47e063461d466ba4698b7c049cecac,0.167,,,
2667,2026-05-13,SH600219,-0.04206956123346138,EXP_CatBoostModel_Alpha158_csi300_custom_step0_s_20260513_17,fc47e063461d466ba4698b7c049cecac,0.167,,,
2668,2026-05-13,SH600089,0.013462501305696348,EXP_CatBoostModel_Alpha158_csi300_custom_step0_s_20260513_17,fc47e063461d466ba4698b7c049cecac,0.167,,,
2669,2026-05-13,SH600025,-0.04612862863960643,EXP_CatBoostModel_Alpha158_csi300_custom_step0_s_20260513_17,fc47e063461d466ba4698b7c049cecac,0.167,,,
2670,2026-05-13,SH600023,0.0013986489436092308,EXP_CatBoostModel_Alpha158_csi300_custom_step0_s_20260513_17,fc47e063461d466ba4698b7c049cecac,0.167,,,
2671,2026-05-13,SH600019,-0.03518348682321434,EXP_CatBoostModel_Alpha158_csi300_custom_step0_s_20260513_17,fc47e063461d466ba4698b7c049cecac,0.167,,,
2672,2026-05-13,SZ300476,-0.005372657262453341,EXP_CatBoostModel_Alpha158_csi300_custom_step0_s_20260513_17,3e58899130b5439f89726bf87c1e6cbb,0.013,,,
2673,2026-05-13,SZ300498,-0.0006252526919327307,EXP_CatBoostModel_Alpha158_csi300_custom_step0_s_20260513_17,3e58899130b5439f89726bf87c1e6cbb,0.013,,,
2674,2026-05-13,SZ300502,-0.0005887699427006065,EXP_CatBoostModel_Alpha158_csi300_custom_step0_s_20260513_17,3e58899130b5439f89726bf87c1e6cbb,0.013,,,
2675,2026-05-13,SZ300628,-0.0005887699427006065,EXP_CatBoostModel_Alpha158_csi300_custom_step0_s_20260513_17,3e58899130b5439f89726bf87c1e6cbb,0.013,,,
2676,2026-05-13,SZ300661,-0.005372657262453341,EXP_CatBoostModel_Alpha158_csi300_custom_step0_s_20260513_17,3e58899130b5439f89726bf87c1e6cbb,0.013,,,
2677,2026-05-13,SZ300750,-0.0005887699427006065,EXP_CatBoostModel_Alpha158_csi300_custom_step0_s_20260513_17,3e58899130b5439f89726bf87c1e6cbb,0.013,,,
2678,2026-05-13,SZ300759,-0.0014633847538777975,EXP_CatBoostModel_Alpha158_csi300_custom_step0_s_20260513_17,3e58899130b5439f89726bf87c1e6cbb,0.013,,,
2679,2026-05-13,SZ300760,-0.0014633847538777975,EXP_CatBoostModel_Alpha158_csi300_custom_step0_s_20260513_17,3e58899130b5439f89726bf87c1e6cbb,0.013,,,
2680,2026-05-13,SZ300782,-0.0005887699427006065,EXP_CatBoostModel_Alpha158_csi300_custom_step0_s_20260513_17,3e58899130b5439f89726bf87c1e6cbb,0.013,,,
2681,2026-05-13,SZ300803,-0.0014633847538777975,EXP_CatBoostModel_Alpha158_csi300_custom_step0_s_20260513_17,3e58899130b5439f89726bf87c1e6cbb,0.013,,,
2682,2026-05-13,SZ300832,-0.0006252526919327307,EXP_CatBoostModel_Alpha158_csi300_custom_step0_s_20260513_17,3e58899130b5439f89726bf87c1e6cbb,0.013,,,
2683,2026-05-13,SZ300866,-0.0005887699427006065,EXP_CatBoostModel_Alpha158_csi300_custom_step0_s_20260513_17,3e58899130b5439f89726bf87c1e6cbb,0.013,,,
2684,2026-05-13,SZ300896,0.001998745445043663,EXP_CatBoostModel_Alpha158_csi300_custom_step0_s_20260513_17,3e58899130b5439f89726bf87c1e6cbb,0.013,,,
2685,2026-05-13,SZ300979,-0.0006252526919327307,EXP_CatBoostModel_Alpha158_csi300_custom_step0_s_20260513_17,3e58899130b5439f89726bf87c1e6cbb,0.013,,,
2686,2026-05-13,SZ300999,0.0009562424236409747,EXP_CatBoostModel_Alpha158_csi300_custom_step0_s_20260513_17,3e58899130b5439f89726bf87c1e6cbb,0.013,,,
2687,2026-05-13,SZ301236,-0.0014633847538777975,EXP_CatBoostModel_Alpha158_csi300_custom_step0_s_20260513_17,3e58899130b5439f89726bf87c1e6cbb,0.013,,,
2688,2026-05-13,SZ301269,-0.0005887699427006065,EXP_CatBoostModel_Alpha158_csi300_custom_step0_s_20260513_17,3e58899130b5439f89726bf87c1e6cbb,0.013,,,
2689,2026-05-13,SZ302132,-0.0014633847538777975,EXP_CatBoostModel_Alpha158_csi300_custom_step0_s_20260513_17,3e58899130b5439f89726bf87c1e6cbb,0.013,,,
2690,2026-05-13,SH600000,-0.05380227649417158,EXP_CatBoostModel_Alpha158_csi300_custom_step0_s_20260513_17,fc47e063461d466ba4698b7c049cecac,0.167,,,
2691,2026-05-13,SH600009,-0.0463075317646582,EXP_CatBoostModel_Alpha158_csi300_custom_step0_s_20260513_17,fc47e063461d466ba4698b7c049cecac,0.167,,,
2692,2026-05-13,SH600010,-0.0087820522053766,EXP_CatBoostModel_Alpha158_csi300_custom_step0_s_20260513_17,fc47e063461d466ba4698b7c049cecac,0.167,,,
2693,2026-05-13,SH600011,-0.019979554025086946,EXP_CatBoostModel_Alpha158_csi300_custom_step0_s_20260513_17,fc47e063461d466ba4698b7c049cecac,0.167,,,
2694,2026-05-13,SH600015,-0.037841054515279963,EXP_CatBoostModel_Alpha158_csi300_custom_step0_s_20260513_17,fc47e063461d466ba4698b7c049cecac,0.167,,,
2695,2026-05-13,SH600016,-0.04678271799275628,EXP_CatBoostModel_Alpha158_csi300_custom_step0_s_20260513_17,fc47e063461d466ba4698b7c049cecac,0.167,,,
2696,2026-05-13,SH600018,-0.016428138546528148,EXP_CatBoostModel_Alpha158_csi300_custom_step0_s_20260513_17,fc47e063461d466ba4698b7c049cecac,0.167,,,
2697,2026-05-13,SZ000999,0.0007695333386795184,EXP_CatBoostModel_Alpha158_csi300_custom_step0_s_20260513_17,3e58899130b5439f89726bf87c1e6cbb,0.013,,,
2698,2026-05-13,SZ301269,-1.9959409893997404e-10,EXP_LGBModel_Alpha158_csi300_custom_step0_s_20260513_17,4a406988a9174dd3a1a70b0af953f5d6,0.081,,,
2699,2026-05-13,SZ302132,0.0022381563372412447,EXP_LGBModel_Alpha158_csi300_custom_step0_s_20260513_17,4a406988a9174dd3a1a70b0af953f5d6,0.081,,,
2700,2026-05-13,SH600000,-0.0008451261857714423,EXP_LGBModel_Alpha158_csi300_custom_step0_s_20260513_17,28bd53814cee49e58f4e78a0aceeee1d,0.01,,,
2701,2026-05-13,SZ300866,0.04774236590828743,EXP_LGBModel_Alpha158_csi300_custom_step0_s_20260513_17,a8e1c37232d44d4bb63dc47bc075e834,0.127,,,
2702,2026-05-13,SZ300896,-0.009370843418363079,EXP_LGBModel_Alpha158_csi300_custom_step0_s_20260513_17,a8e1c37232d44d4bb63dc47bc075e834,0.127,,,
2703,2026-05-13,SZ300979,-0.04491016468308523,EXP_LGBModel_Alpha158_csi300_custom_step0_s_20260513_17,a8e1c37232d44d4bb63dc47bc075e834,0.127,,,
2704,2026-05-13,SZ300999,-0.04606052262545781,EXP_LGBModel_Alpha158_csi300_custom_step0_s_20260513_17,a8e1c37232d44d4bb63dc47bc075e834,0.127,,,
2705,2026-05-13,SZ301236,0.02550840391376326,EXP_LGBModel_Alpha158_csi300_custom_step0_s_20260513_17,a8e1c37232d44d4bb63dc47bc075e834,0.127,,,
2706,2026-05-13,SZ301269,0.04887224223911722,EXP_LGBModel_Alpha158_csi300_custom_step0_s_20260513_17,a8e1c37232d44d4bb63dc47bc075e834,0.127,,,
2707,2026-05-13,SZ302132,-0.019214116481548693,EXP_LGBModel_Alpha158_csi300_custom_step0_s_20260513_17,a8e1c37232d44d4bb63dc47bc075e834,0.127,,,
2708,2026-05-13,SH600000,0.001841393013016332,EXP_DEnsembleModel_Alpha158_csi300_custom_step0_s_20260513_15,bdac501e292a4d20b3b2242d54a3843d,0.071,,,
2709,2026-05-13,SH600009,0.05427135455292843,EXP_DEnsembleModel_Alpha158_csi300_custom_step0_s_20260513_15,bdac501e292a4d20b3b2242d54a3843d,0.071,,,
2710,2026-05-13,SH600010,-0.10780959427360551,EXP_DEnsembleModel_Alpha158_csi300_custom_step0_s_20260513_15,bdac501e292a4d20b3b2242d54a3843d,0.071,,,
2711,2026-05-13,SH600011,-0.0067565877645289095,EXP_DEnsembleModel_Alpha158_csi300_custom_step0_s_20260513_15,bdac501e292a4d20b3b2242d54a3843d,0.071,,,
2712,2026-05-13,SZ300832,0.008130516859560594,EXP_LGBModel_Alpha158_csi300_custom_step0_s_20260513_17,a8e1c37232d44d4bb63dc47bc075e834,0.127,,,
2713,2026-05-13,SH600015,0.08177688621519297,EXP_DEnsembleModel_Alpha158_csi300_custom_step0_s_20260513_15,bdac501e292a4d20b3b2242d54a3843d,0.071,,,
2714,2026-05-13,SH600018,0.0633221595557841,EXP_DEnsembleModel_Alpha158_csi300_custom_step0_s_20260513_15,bdac501e292a4d20b3b2242d54a3843d,0.071,,,
2715,2026-05-13,SH600019,0.07129220311304768,EXP_DEnsembleModel_Alpha158_csi300_custom_step0_s_20260513_15,bdac501e292a4d20b3b2242d54a3843d,0.071,,,
2716,2026-05-13,SH600023,0.07244124390521726,EXP_DEnsembleModel_Alpha158_csi300_custom_step0_s_20260513_15,bdac501e292a4d20b3b2242d54a3843d,0.071,,,
2717,2026-05-13,SH600025,0.057534516762735355,EXP_DEnsembleModel_Alpha158_csi300_custom_step0_s_20260513_15,bdac501e292a4d20b3b2242d54a3843d,0.071,,,
2718,2026-05-13,SH600026,-0.07939326054579834,EXP_DEnsembleModel_Alpha158_csi300_custom_step0_s_20260513_15,bdac501e292a4d20b3b2242d54a3843d,0.071,,,
2719,2026-05-13,SH600027,0.04278902657939803,EXP_DEnsembleModel_Alpha158_csi300_custom_step0_s_20260513_15,bdac501e292a4d20b3b2242d54a3843d,0.071,,,
2720,2026-05-13,SH600028,-0.05047605012734421,EXP_DEnsembleModel_Alpha158_csi300_custom_step0_s_20260513_15,bdac501e292a4d20b3b2242d54a3843d,0.071,,,
2721,2026-05-13,SH600029,-0.02159955630024369,EXP_DEnsembleModel_Alpha158_csi300_custom_step0_s_20260513_15,bdac501e292a4d20b3b2242d54a3843d,0.071,,,
2722,2026-05-13,SH600030,0.017563706002387346,EXP_DEnsembleModel_Alpha158_csi300_custom_step0_s_20260513_15,bdac501e292a4d20b3b2242d54a3843d,0.071,,,
2723,2026-05-13,SH600031,-0.16003800224814174,EXP_DEnsembleModel_Alpha158_csi300_custom_step0_s_20260513_15,bdac501e292a4d20b3b2242d54a3843d,0.071,,,
2724,2026-05-13,SH600036,0.03216452423311078,EXP_DEnsembleModel_Alpha158_csi300_custom_step0_s_20260513_15,bdac501e292a4d20b3b2242d54a3843d,0.071,,,
2725,2026-05-13,SH600016,0.06647017563628903,EXP_DEnsembleModel_Alpha158_csi300_custom_step0_s_20260513_15,bdac501e292a4d20b3b2242d54a3843d,0.071,,,
2726,2026-05-13,SH600039,0.10803019663102433,EXP_DEnsembleModel_Alpha158_csi300_custom_step0_s_20260513_15,bdac501e292a4d20b3b2242d54a3843d,0.071,,,
2727,2026-05-13,SZ300803,-0.0036805789002055038,EXP_LGBModel_Alpha158_csi300_custom_step0_s_20260513_17,a8e1c37232d44d4bb63dc47bc075e834,0.127,,,
2728,2026-05-13,SZ300760,-0.01431889464875469,EXP_LGBModel_Alpha158_csi300_custom_step0_s_20260513_17,a8e1c37232d44d4bb63dc47bc075e834,0.127,,,
2729,2026-05-13,SZ300014,0.04864182520083521,EXP_LGBModel_Alpha158_csi300_custom_step0_s_20260513_17,a8e1c37232d44d4bb63dc47bc075e834,0.127,,,
2730,2026-05-13,SZ300015,0.043245508273227325,EXP_LGBModel_Alpha158_csi300_custom_step0_s_20260513_17,a8e1c37232d44d4bb63dc47bc075e834,0.127,,,
2731,2026-05-13,SZ300033,0.02483671767213686,EXP_LGBModel_Alpha158_csi300_custom_step0_s_20260513_17,a8e1c37232d44d4bb63dc47bc075e834,0.127,,,
2732,2026-05-13,SZ300059,-0.010541254565015572,EXP_LGBModel_Alpha158_csi300_custom_step0_s_20260513_17,a8e1c37232d44d4bb63dc47bc075e834,0.127,,,
2733,2026-05-13,SZ300122,-0.036535914661794046,EXP_LGBModel_Alpha158_csi300_custom_step0_s_20260513_17,a8e1c37232d44d4bb63dc47bc075e834,0.127,,,
2734,2026-05-13,SZ300124,0.028321848770669848,EXP_LGBModel_Alpha158_csi300_custom_step0_s_20260513_17,a8e1c37232d44d4bb63dc47bc075e834,0.127,,,
2735,2026-05-13,SZ300251,-0.01766994438784006,EXP_LGBModel_Alpha158_csi300_custom_step0_s_20260513_17,a8e1c37232d44d4bb63dc47bc075e834,0.127,,,
2736,2026-05-13,SZ300274,-0.005564688702160906,EXP_LGBModel_Alpha158_csi300_custom_step0_s_20260513_17,a8e1c37232d44d4bb63dc47bc075e834,0.127,,,
2737,2026-05-13,SZ300308,0.035052952542266556,EXP_LGBModel_Alpha158_csi300_custom_step0_s_20260513_17,a8e1c37232d44d4bb63dc47bc075e834,0.127,,,
2738,2026-05-13,SZ300316,0.043753336804900934,EXP_LGBModel_Alpha158_csi300_custom_step0_s_20260513_17,a8e1c37232d44d4bb63dc47bc075e834,0.127,,,
2739,2026-05-13,SZ300347,0.02980244240136007,EXP_LGBModel_Alpha158_csi300_custom_step0_s_20260513_17,a8e1c37232d44d4bb63dc47bc075e834,0.127,,,
2740,2026-05-13,SZ300782,0.037101432494243886,EXP_LGBModel_Alpha158_csi300_custom_step0_s_20260513_17,a8e1c37232d44d4bb63dc47bc075e834,0.127,,,
2741,2026-05-13,SZ300394,0.024855847275840993,EXP_LGBModel_Alpha158_csi300_custom_step0_s_20260513_17,a8e1c37232d44d4bb63dc47bc075e834,0.127,,,
2742,2026-05-13,SZ300413,-0.0061562943289665585,EXP_LGBModel_Alpha158_csi300_custom_step0_s_20260513_17,a8e1c37232d44d4bb63dc47bc075e834,0.127,,,
2743,2026-05-13,SZ300418,0.010727213360343574,EXP_LGBModel_Alpha158_csi300_custom_step0_s_20260513_17,a8e1c37232d44d4bb63dc47bc075e834,0.127,,,
2744,2026-05-13,SZ300433,0.010739564673654264,EXP_LGBModel_Alpha158_csi300_custom_step0_s_20260513_17,a8e1c37232d44d4bb63dc47bc075e834,0.127,,,
2745,2026-05-13,SZ300442,0.04976940837184831,EXP_LGBModel_Alpha158_csi300_custom_step0_s_20260513_17,a8e1c37232d44d4bb63dc47bc075e834,0.127,,,
2746,2026-05-13,SZ300476,0.056443109173600244,EXP_LGBModel_Alpha158_csi300_custom_step0_s_20260513_17,a8e1c37232d44d4bb63dc47bc075e834,0.127,,,
2747,2026-05-13,SZ300498,-0.011210112678485507,EXP_LGBModel_Alpha158_csi300_custom_step0_s_20260513_17,a8e1c37232d44d4bb63dc47bc075e834,0.127,,,
2748,2026-05-13,SZ300502,0.025883751378543436,EXP_LGBModel_Alpha158_csi300_custom_step0_s_20260513_17,a8e1c37232d44d4bb63dc47bc075e834,0.127,,,
2749,2026-05-13,SZ300628,0.032206047942586295,EXP_LGBModel_Alpha158_csi300_custom_step0_s_20260513_17,a8e1c37232d44d4bb63dc47bc075e834,0.127,,,
2750,2026-05-13,SZ300661,0.0958338262425688,EXP_LGBModel_Alpha158_csi300_custom_step0_s_20260513_17,a8e1c37232d44d4bb63dc47bc075e834,0.127,,,
2751,2026-05-13,SZ300750,0.06759801362163206,EXP_LGBModel_Alpha158_csi300_custom_step0_s_20260513_17,a8e1c37232d44d4bb63dc47bc075e834,0.127,,,
2752,2026-05-13,SZ300759,-0.0030772889081713975,EXP_LGBModel_Alpha158_csi300_custom_step0_s_20260513_17,a8e1c37232d44d4bb63dc47bc075e834,0.127,,,
2753,2026-05-13,SZ300408,0.03142673988187518,EXP_LGBModel_Alpha158_csi300_custom_step0_s_20260513_17,a8e1c37232d44d4bb63dc47bc075e834,0.127,,,
2754,2026-05-13,SZ003816,0.01393791033723803,EXP_LGBModel_Alpha158_csi300_custom_step0_s_20260513_17,a8e1c37232d44d4bb63dc47bc075e834,0.127,,,
2755,2026-05-13,SH600048,-0.060110407561844256,EXP_DEnsembleModel_Alpha158_csi300_custom_step0_s_20260513_15,bdac501e292a4d20b3b2242d54a3843d,0.071,,,
2756,2026-05-13,SH600061,0.004290160899699851,EXP_DEnsembleModel_Alpha158_csi300_custom_step0_s_20260513_15,bdac501e292a4d20b3b2242d54a3843d,0.071,,,
2757,2026-05-13,SH600489,-0.17522787643778837,EXP_DEnsembleModel_Alpha158_csi300_custom_step0_s_20260513_15,bdac501e292a4d20b3b2242d54a3843d,0.071,,,
2758,2026-05-13,SH600515,0.0017870345737249812,EXP_DEnsembleModel_Alpha158_csi300_custom_step0_s_20260513_15,bdac501e292a4d20b3b2242d54a3843d,0.071,,,
2759,2026-05-13,SH600519,0.03804794608185985,EXP_DEnsembleModel_Alpha158_csi300_custom_step0_s_20260513_15,bdac501e292a4d20b3b2242d54a3843d,0.071,,,
2760,2026-05-13,SH600522,-0.2600499456890083,EXP_DEnsembleModel_Alpha158_csi300_custom_step0_s_20260513_15,bdac501e292a4d20b3b2242d54a3843d,0.071,,,
2761,2026-05-13,SH600547,-0.028645199809295054,EXP_DEnsembleModel_Alpha158_csi300_custom_step0_s_20260513_15,bdac501e292a4d20b3b2242d54a3843d,0.071,,,
2762,2026-05-13,SH600570,-0.02655548626167343,EXP_DEnsembleModel_Alpha158_csi300_custom_step0_s_20260513_15,bdac501e292a4d20b3b2242d54a3843d,0.071,,,
2763,2026-05-13,SH600584,-0.10598219342886615,EXP_DEnsembleModel_Alpha158_csi300_custom_step0_s_20260513_15,bdac501e292a4d20b3b2242d54a3843d,0.071,,,
2764,2026-05-13,SH600585,0.026647530441209676,EXP_DEnsembleModel_Alpha158_csi300_custom_step0_s_20260513_15,bdac501e292a4d20b3b2242d54a3843d,0.071,,,
2765,2026-05-13,SH600588,-0.0375450278155002,EXP_DEnsembleModel_Alpha158_csi300_custom_step0_s_20260513_15,bdac501e292a4d20b3b2242d54a3843d,0.071,,,
2766,2026-05-13,SH600600,0.07049841154570864,EXP_DEnsembleModel_Alpha158_csi300_custom_step0_s_20260513_15,bdac501e292a4d20b3b2242d54a3843d,0.071,,,
2767,2026-05-13,SH600660,0.07853598776369113,EXP_DEnsembleModel_Alpha158_csi300_custom_step0_s_20260513_15,bdac501e292a4d20b3b2242d54a3843d,0.071,,,
2768,2026-05-13,SH600482,-0.026244383471284407,EXP_DEnsembleModel_Alpha158_csi300_custom_step0_s_20260513_15,bdac501e292a4d20b3b2242d54a3843d,0.071,,,
2769,2026-05-13,SH600674,0.11747495636777325,EXP_DEnsembleModel_Alpha158_csi300_custom_step0_s_20260513_15,bdac501e292a4d20b3b2242d54a3843d,0.071,,,
2770,2026-05-13,SH600741,0.0024232759475213772,EXP_DEnsembleModel_Alpha158_csi300_custom_step0_s_20260513_15,bdac501e292a4d20b3b2242d54a3843d,0.071,,,
2771,2026-05-13,SH600760,-0.06426649491470311,EXP_DEnsembleModel_Alpha158_csi300_custom_step0_s_20260513_15,bdac501e292a4d20b3b2242d54a3843d,0.071,,,
2772,2026-05-13,SH600795,0.04323023290075093,EXP_DEnsembleModel_Alpha158_csi300_custom_step0_s_20260513_15,bdac501e292a4d20b3b2242d54a3843d,0.071,,,
2773,2026-05-13,SH600803,-0.023769326089346367,EXP_DEnsembleModel_Alpha158_csi300_custom_step0_s_20260513_15,bdac501e292a4d20b3b2242d54a3843d,0.071,,,
2774,2026-05-13,SH600809,-0.07001604004248381,EXP_DEnsembleModel_Alpha158_csi300_custom_step0_s_20260513_15,bdac501e292a4d20b3b2242d54a3843d,0.071,,,
2775,2026-05-13,SH600845,-0.0918001743536798,EXP_DEnsembleModel_Alpha158_csi300_custom_step0_s_20260513_15,bdac501e292a4d20b3b2242d54a3843d,0.071,,,
2776,2026-05-13,SH600875,-0.056467053694139964,EXP_DEnsembleModel_Alpha158_csi300_custom_step0_s_20260513_15,bdac501e292a4d20b3b2242d54a3843d,0.071,,,
2777,2026-05-13,SH600886,0.03302392749373806,EXP_DEnsembleModel_Alpha158_csi300_custom_step0_s_20260513_15,bdac501e292a4d20b3b2242d54a3843d,0.071,,,
2778,2026-05-13,SH600887,0.011592672311612139,EXP_DEnsembleModel_Alpha158_csi300_custom_step0_s_20260513_15,bdac501e292a4d20b3b2242d54a3843d,0.071,,,
2779,2026-05-13,SH600893,0.036566756640508284,EXP_DEnsembleModel_Alpha158_csi300_custom_step0_s_20260513_15,bdac501e292a4d20b3b2242d54a3843d,0.071,,,
2780,2026-05-13,SH600900,0.14856500983821105,EXP_DEnsembleModel_Alpha158_csi300_custom_step0_s_20260513_15,bdac501e292a4d20b3b2242d54a3843d,0.071,,,
2781,2026-05-13,SH600690,0.031499716225764376,EXP_DEnsembleModel_Alpha158_csi300_custom_step0_s_20260513_15,bdac501e292a4d20b3b2242d54a3843d,0.071,,,
2782,2026-05-13,SH600050,-0.03813806602438532,EXP_DEnsembleModel_Alpha158_csi300_custom_step0_s_20260513_15,bdac501e292a4d20b3b2242d54a3843d,0.071,,,
2783,2026-05-13,SH600460,0.011049599565230335,EXP_DEnsembleModel_Alpha158_csi300_custom_step0_s_20260513_15,bdac501e292a4d20b3b2242d54a3843d,0.071,,,
2784,2026-05-13,SH600436,-0.02126319171993789,EXP_DEnsembleModel_Alpha158_csi300_custom_step0_s_20260513_15,bdac501e292a4d20b3b2242d54a3843d,0.071,,,
2785,2026-05-13,SH600066,0.0905083273786369,EXP_DEnsembleModel_Alpha158_csi300_custom_step0_s_20260513_15,bdac501e292a4d20b3b2242d54a3843d,0.071,,,
2786,2026-05-13,SH600085,0.08653956234030935,EXP_DEnsembleModel_Alpha158_csi300_custom_step0_s_20260513_15,bdac501e292a4d20b3b2242d54a3843d,0.071,,,
2787,2026-05-13,SH600089,-0.07807134721069499,EXP_DEnsembleModel_Alpha158_csi300_custom_step0_s_20260513_15,bdac501e292a4d20b3b2242d54a3843d,0.071,,,
2788,2026-05-13,SH600104,0.01197018698142064,EXP_DEnsembleModel_Alpha158_csi300_custom_step0_s_20260513_15,bdac501e292a4d20b3b2242d54a3843d,0.071,,,
2789,2026-05-13,SH600111,-0.1176428683751795,EXP_DEnsembleModel_Alpha158_csi300_custom_step0_s_20260513_15,bdac501e292a4d20b3b2242d54a3843d,0.071,,,
2790,2026-05-13,SH600115,-0.16315858105085024,EXP_DEnsembleModel_Alpha158_csi300_custom_step0_s_20260513_15,bdac501e292a4d20b3b2242d54a3843d,0.071,,,
2791,2026-05-13,SH600150,0.029251592773206183,EXP_DEnsembleModel_Alpha158_csi300_custom_step0_s_20260513_15,bdac501e292a4d20b3b2242d54a3843d,0.071,,,
2792,2026-05-13,SH600160,-0.08280358010264362,EXP_DEnsembleModel_Alpha158_csi300_custom_step0_s_20260513_15,bdac501e292a4d20b3b2242d54a3843d,0.071,,,
2793,2026-05-13,SH600161,0.1019364603812142,EXP_DEnsembleModel_Alpha158_csi300_custom_step0_s_20260513_15,bdac501e292a4d20b3b2242d54a3843d,0.071,,,
2794,2026-05-13,SH600176,-0.020885008385794202,EXP_DEnsembleModel_Alpha158_csi300_custom_step0_s_20260513_15,bdac501e292a4d20b3b2242d54a3843d,0.071,,,
2795,2026-05-13,SH600183,-0.2364273411460124,EXP_DEnsembleModel_Alpha158_csi300_custom_step0_s_20260513_15,bdac501e292a4d20b3b2242d54a3843d,0.071,,,
2796,2026-05-13,SH600438,-0.019328053291176355,EXP_DEnsembleModel_Alpha158_csi300_custom_step0_s_20260513_15,bdac501e292a4d20b3b2242d54a3843d,0.071,,,
2797,2026-05-13,SH600188,0.021083410412818037,EXP_DEnsembleModel_Alpha158_csi300_custom_step0_s_20260513_15,bdac501e292a4d20b3b2242d54a3843d,0.071,,,
2798,2026-05-13,SH600219,0.01814974863507288,EXP_DEnsembleModel_Alpha158_csi300_custom_step0_s_20260513_15,bdac501e292a4d20b3b2242d54a3843d,0.071,,,
2799,2026-05-13,SH600233,0.06556063511592698,EXP_DEnsembleModel_Alpha158_csi300_custom_step0_s_20260513_15,bdac501e292a4d20b3b2242d54a3843d,0.071,,,
2800,2026-05-13,SH600276,0.01347405993648512,EXP_DEnsembleModel_Alpha158_csi300_custom_step0_s_20260513_15,bdac501e292a4d20b3b2242d54a3843d,0.071,,,
2801,2026-05-13,SH600309,0.06493520218393121,EXP_DEnsembleModel_Alpha158_csi300_custom_step0_s_20260513_15,bdac501e292a4d20b3b2242d54a3843d,0.071,,,
2802,2026-05-13,SH600346,-0.0822283879893988,EXP_DEnsembleModel_Alpha158_csi300_custom_step0_s_20260513_15,bdac501e292a4d20b3b2242d54a3843d,0.071,,,
2803,2026-05-13,SH600362,-0.061596345906431364,EXP_DEnsembleModel_Alpha158_csi300_custom_step0_s_20260513_15,bdac501e292a4d20b3b2242d54a3843d,0.071,,,
2804,2026-05-13,SH600372,-0.008451117803015107,EXP_DEnsembleModel_Alpha158_csi300_custom_step0_s_20260513_15,bdac501e292a4d20b3b2242d54a3843d,0.071,,,
2805,2026-05-13,SH600377,0.13362308663623665,EXP_DEnsembleModel_Alpha158_csi300_custom_step0_s_20260513_15,bdac501e292a4d20b3b2242d54a3843d,0.071,,,
2806,2026-05-13,SH600406,0.03888614873065288,EXP_DEnsembleModel_Alpha158_csi300_custom_step0_s_20260513_15,bdac501e292a4d20b3b2242d54a3843d,0.071,,,
2807,2026-05-13,SH600415,-0.1654184137319335,EXP_DEnsembleModel_Alpha158_csi300_custom_step0_s_20260513_15,bdac501e292a4d20b3b2242d54a3843d,0.071,,,
2808,2026-05-13,SH600426,-0.023684993013069675,EXP_DEnsembleModel_Alpha158_csi300_custom_step0_s_20260513_15,bdac501e292a4d20b3b2242d54a3843d,0.071,,,
2809,2026-05-13,SH600196,0.10191796015334743,EXP_DEnsembleModel_Alpha158_csi300_custom_step0_s_20260513_15,bdac501e292a4d20b3b2242d54a3843d,0.071,,,
2810,2026-05-13,SZ002938,0.030589126741242128,EXP_LGBModel_Alpha158_csi300_custom_step0_s_20260513_17,a8e1c37232d44d4bb63dc47bc075e834,0.127,,,
2811,2026-05-13,SZ002920,-0.029504506189407035,EXP_LGBModel_Alpha158_csi300_custom_step0_s_20260513_17,a8e1c37232d44d4bb63dc47bc075e834,0.127,,,
2812,2026-05-13,SZ002916,0.01714660510909955,EXP_LGBModel_Alpha158_csi300_custom_step0_s_20260513_17,a8e1c37232d44d4bb63dc47bc075e834,0.127,,,
2813,2026-05-13,SH688169,-0.0262722912515094,EXP_LGBModel_Alpha158_csi300_custom_step0_s_20260513_17,a8e1c37232d44d4bb63dc47bc075e834,0.127,,,
2814,2026-05-13,SH688187,0.00515816127967055,EXP_LGBModel_Alpha158_csi300_custom_step0_s_20260513_17,a8e1c37232d44d4bb63dc47bc075e834,0.127,,,
2815,2026-05-13,SH688223,0.01384926095977993,EXP_LGBModel_Alpha158_csi300_custom_step0_s_20260513_17,a8e1c37232d44d4bb63dc47bc075e834,0.127,,,
2816,2026-05-13,SH688256,0.05375900791008898,EXP_LGBModel_Alpha158_csi300_custom_step0_s_20260513_17,a8e1c37232d44d4bb63dc47bc075e834,0.127,,,
2817,2026-05-13,SH688271,0.004233401246976447,EXP_LGBModel_Alpha158_csi300_custom_step0_s_20260513_17,a8e1c37232d44d4bb63dc47bc075e834,0.127,,,
2818,2026-05-13,SH688303,0.016944448531466604,EXP_LGBModel_Alpha158_csi300_custom_step0_s_20260513_17,a8e1c37232d44d4bb63dc47bc075e834,0.127,,,
2819,2026-05-13,SH688396,0.023771561398166004,EXP_LGBModel_Alpha158_csi300_custom_step0_s_20260513_17,a8e1c37232d44d4bb63dc47bc075e834,0.127,,,
2820,2026-05-13,SH688472,0.04759294908065601,EXP_LGBModel_Alpha158_csi300_custom_step0_s_20260513_17,a8e1c37232d44d4bb63dc47bc075e834,0.127,,,
2821,2026-05-13,SH688506,0.018599667809101342,EXP_LGBModel_Alpha158_csi300_custom_step0_s_20260513_17,a8e1c37232d44d4bb63dc47bc075e834,0.127,,,
2822,2026-05-13,SH688981,0.016884401380414416,EXP_LGBModel_Alpha158_csi300_custom_step0_s_20260513_17,a8e1c37232d44d4bb63dc47bc075e834,0.127,,,
2823,2026-05-13,SZ000001,-0.022508809993678016,EXP_LGBModel_Alpha158_csi300_custom_step0_s_20260513_17,a8e1c37232d44d4bb63dc47bc075e834,0.127,,,
2824,2026-05-13,SH688126,0.04986252652769554,EXP_LGBModel_Alpha158_csi300_custom_step0_s_20260513_17,a8e1c37232d44d4bb63dc47bc075e834,0.127,,,
2825,2026-05-13,SZ000002,-0.05010285110279538,EXP_LGBModel_Alpha158_csi300_custom_step0_s_20260513_17,a8e1c37232d44d4bb63dc47bc075e834,0.127,,,
2826,2026-05-13,SZ000100,-0.025372440443444354,EXP_LGBModel_Alpha158_csi300_custom_step0_s_20260513_17,a8e1c37232d44d4bb63dc47bc075e834,0.127,,,
2827,2026-05-13,SZ000157,-0.031572922760355795,EXP_LGBModel_Alpha158_csi300_custom_step0_s_20260513_17,a8e1c37232d44d4bb63dc47bc075e834,0.127,,,
2828,2026-05-13,SZ000166,-0.02579524170067324,EXP_LGBModel_Alpha158_csi300_custom_step0_s_20260513_17,a8e1c37232d44d4bb63dc47bc075e834,0.127,,,
2829,2026-05-13,SZ000301,0.029108370715905142,EXP_LGBModel_Alpha158_csi300_custom_step0_s_20260513_17,a8e1c37232d44d4bb63dc47bc075e834,0.127,,,
2830,2026-05-13,SZ000333,0.03744032896131431,EXP_LGBModel_Alpha158_csi300_custom_step0_s_20260513_17,a8e1c37232d44d4bb63dc47bc075e834,0.127,,,
2831,2026-05-13,SZ000338,0.02756668204987433,EXP_LGBModel_Alpha158_csi300_custom_step0_s_20260513_17,a8e1c37232d44d4bb63dc47bc075e834,0.127,,,
2832,2026-05-13,SZ000408,0.03147150506929596,EXP_LGBModel_Alpha158_csi300_custom_step0_s_20260513_17,a8e1c37232d44d4bb63dc47bc075e834,0.127,,,
2833,2026-05-13,SZ000425,-0.038442553374057394,EXP_LGBModel_Alpha158_csi300_custom_step0_s_20260513_17,a8e1c37232d44d4bb63dc47bc075e834,0.127,,,
2834,2026-05-13,SZ000538,-0.06505459043246749,EXP_LGBModel_Alpha158_csi300_custom_step0_s_20260513_17,a8e1c37232d44d4bb63dc47bc075e834,0.127,,,
2835,2026-05-13,SZ000568,-0.006872390195960562,EXP_LGBModel_Alpha158_csi300_custom_step0_s_20260513_17,a8e1c37232d44d4bb63dc47bc075e834,0.127,,,
2836,2026-05-13,SZ000596,-0.0019634686264302396,EXP_LGBModel_Alpha158_csi300_custom_step0_s_20260513_17,a8e1c37232d44d4bb63dc47bc075e834,0.127,,,
2837,2026-05-13,SZ000063,0.041611488069037195,EXP_LGBModel_Alpha158_csi300_custom_step0_s_20260513_17,a8e1c37232d44d4bb63dc47bc075e834,0.127,,,
2838,2026-05-13,SZ000617,-0.005606475430598095,EXP_LGBModel_Alpha158_csi300_custom_step0_s_20260513_17,a8e1c37232d44d4bb63dc47bc075e834,0.127,,,
2839,2026-05-13,SH688111,-0.0005206787189544707,EXP_LGBModel_Alpha158_csi300_custom_step0_s_20260513_17,a8e1c37232d44d4bb63dc47bc075e834,0.127,,,
2840,2026-05-13,SH688047,0.008476893995974788,EXP_LGBModel_Alpha158_csi300_custom_step0_s_20260513_17,a8e1c37232d44d4bb63dc47bc075e834,0.127,,,
2841,2026-05-13,SH601985,0.029564158100866204,EXP_LGBModel_Alpha158_csi300_custom_step0_s_20260513_17,a8e1c37232d44d4bb63dc47bc075e834,0.127,,,
2842,2026-05-13,SH601988,-0.012564461368581883,EXP_LGBModel_Alpha158_csi300_custom_step0_s_20260513_17,a8e1c37232d44d4bb63dc47bc075e834,0.127,,,
2843,2026-05-13,SH601995,0.0193356326458716,EXP_LGBModel_Alpha158_csi300_custom_step0_s_20260513_17,a8e1c37232d44d4bb63dc47bc075e834,0.127,,,
2844,2026-05-13,SH601998,-0.018736442036618603,EXP_LGBModel_Alpha158_csi300_custom_step0_s_20260513_17,a8e1c37232d44d4bb63dc47bc075e834,0.127,,,
2845,2026-05-13,SH603019,0.06646239960134984,EXP_LGBModel_Alpha158_csi300_custom_step0_s_20260513_17,a8e1c37232d44d4bb63dc47bc075e834,0.127,,,
2846,2026-05-13,SH603195,-0.031667197219099955,EXP_LGBModel_Alpha158_csi300_custom_step0_s_20260513_17,a8e1c37232d44d4bb63dc47bc075e834,0.127,,,
2847,2026-05-13,SH603259,0.004090184267339803,EXP_LGBModel_Alpha158_csi300_custom_step0_s_20260513_17,a8e1c37232d44d4bb63dc47bc075e834,0.127,,,
2848,2026-05-13,SH603260,0.01996640587031661,EXP_LGBModel_Alpha158_csi300_custom_step0_s_20260513_17,a8e1c37232d44d4bb63dc47bc075e834,0.127,,,
2849,2026-05-13,SH603288,-0.018832210029123855,EXP_LGBModel_Alpha158_csi300_custom_step0_s_20260513_17,a8e1c37232d44d4bb63dc47bc075e834,0.127,,,
2850,2026-05-13,SH603296,0.017027246353793723,EXP_LGBModel_Alpha158_csi300_custom_step0_s_20260513_17,a8e1c37232d44d4bb63dc47bc075e834,0.127,,,
2851,2026-05-13,SH603369,-0.03439977009855577,EXP_LGBModel_Alpha158_csi300_custom_step0_s_20260513_17,a8e1c37232d44d4bb63dc47bc075e834,0.127,,,
2852,2026-05-13,SH688082,0.020924451639035276,EXP_LGBModel_Alpha158_csi300_custom_step0_s_20260513_17,a8e1c37232d44d4bb63dc47bc075e834,0.127,,,
2853,2026-05-13,SH603392,-0.02612891365289745,EXP_LGBModel_Alpha158_csi300_custom_step0_s_20260513_17,a8e1c37232d44d4bb63dc47bc075e834,0.127,,,
2854,2026-05-13,SH603799,-0.003715590473340651,EXP_LGBModel_Alpha158_csi300_custom_step0_s_20260513_17,a8e1c37232d44d4bb63dc47bc075e834,0.127,,,
2855,2026-05-13,SH603893,0.027794775643258225,EXP_LGBModel_Alpha158_csi300_custom_step0_s_20260513_17,a8e1c37232d44d4bb63dc47bc075e834,0.127,,,
2856,2026-05-13,SH603986,0.02404776410861266,EXP_LGBModel_Alpha158_csi300_custom_step0_s_20260513_17,a8e1c37232d44d4bb63dc47bc075e834,0.127,,,
2857,2026-05-13,SH603993,0.017924821785763274,EXP_LGBModel_Alpha158_csi300_custom_step0_s_20260513_17,a8e1c37232d44d4bb63dc47bc075e834,0.127,,,
2858,2026-05-13,SH605117,0.11422061756034406,EXP_LGBModel_Alpha158_csi300_custom_step0_s_20260513_17,a8e1c37232d44d4bb63dc47bc075e834,0.127,,,
2859,2026-05-13,SH605499,-0.028362375319648685,EXP_LGBModel_Alpha158_csi300_custom_step0_s_20260513_17,a8e1c37232d44d4bb63dc47bc075e834,0.127,,,
2860,2026-05-13,SH688008,0.0501568941233295,EXP_LGBModel_Alpha158_csi300_custom_step0_s_20260513_17,a8e1c37232d44d4bb63dc47bc075e834,0.127,,,
2861,2026-05-13,SH688009,-0.04318761348415038,EXP_LGBModel_Alpha158_csi300_custom_step0_s_20260513_17,a8e1c37232d44d4bb63dc47bc075e834,0.127,,,
2862,2026-05-13,SH688012,0.04121616147519538,EXP_LGBModel_Alpha158_csi300_custom_step0_s_20260513_17,a8e1c37232d44d4bb63dc47bc075e834,0.127,,,
2863,2026-05-13,SH688036,0.00742027750594517,EXP_LGBModel_Alpha158_csi300_custom_step0_s_20260513_17,a8e1c37232d44d4bb63dc47bc075e834,0.127,,,
2864,2026-05-13,SH688041,0.03816304230658167,EXP_LGBModel_Alpha158_csi300_custom_step0_s_20260513_17,a8e1c37232d44d4bb63dc47bc075e834,0.127,,,
2865,2026-05-13,SH603501,0.010068767038904716,EXP_LGBModel_Alpha158_csi300_custom_step0_s_20260513_17,a8e1c37232d44d4bb63dc47bc075e834,0.127,,,
2866,2026-05-13,SZ000625,-0.026192749457749524,EXP_LGBModel_Alpha158_csi300_custom_step0_s_20260513_17,a8e1c37232d44d4bb63dc47bc075e834,0.127,,,
2867,2026-05-13,SZ000630,-0.00720181873386646,EXP_LGBModel_Alpha158_csi300_custom_step0_s_20260513_17,a8e1c37232d44d4bb63dc47bc075e834,0.127,,,
2868,2026-05-13,SZ000651,-0.001941696597689791,EXP_LGBModel_Alpha158_csi300_custom_step0_s_20260513_17,a8e1c37232d44d4bb63dc47bc075e834,0.127,,,
2869,2026-05-13,SZ002236,0.016178513205636225,EXP_LGBModel_Alpha158_csi300_custom_step0_s_20260513_17,a8e1c37232d44d4bb63dc47bc075e834,0.127,,,
2870,2026-05-13,SZ002241,0.029550632293328754,EXP_LGBModel_Alpha158_csi300_custom_step0_s_20260513_17,a8e1c37232d44d4bb63dc47bc075e834,0.127,,,
2871,2026-05-13,SZ002252,-0.04891954077867281,EXP_LGBModel_Alpha158_csi300_custom_step0_s_20260513_17,a8e1c37232d44d4bb63dc47bc075e834,0.127,,,
2872,2026-05-13,SZ002304,-0.020595384566273744,EXP_LGBModel_Alpha158_csi300_custom_step0_s_20260513_17,a8e1c37232d44d4bb63dc47bc075e834,0.127,,,
2873,2026-05-13,SZ002311,-0.021832299768379228,EXP_LGBModel_Alpha158_csi300_custom_step0_s_20260513_17,a8e1c37232d44d4bb63dc47bc075e834,0.127,,,
2874,2026-05-13,SZ002352,-0.051899635385358946,EXP_LGBModel_Alpha158_csi300_custom_step0_s_20260513_17,a8e1c37232d44d4bb63dc47bc075e834,0.127,,,
2875,2026-05-13,SZ002371,0.06761805030180983,EXP_LGBModel_Alpha158_csi300_custom_step0_s_20260513_17,a8e1c37232d44d4bb63dc47bc075e834,0.127,,,
2876,2026-05-13,SZ002384,0.0877342882587735,EXP_LGBModel_Alpha158_csi300_custom_step0_s_20260513_17,a8e1c37232d44d4bb63dc47bc075e834,0.127,,,
2877,2026-05-13,SZ002415,0.012124817373669715,EXP_LGBModel_Alpha158_csi300_custom_step0_s_20260513_17,a8e1c37232d44d4bb63dc47bc075e834,0.127,,,
2878,2026-05-13,SZ002422,-0.036472417769295204,EXP_LGBModel_Alpha158_csi300_custom_step0_s_20260513_17,a8e1c37232d44d4bb63dc47bc075e834,0.127,,,
2879,2026-05-13,SZ002459,0.0017759735964699753,EXP_LGBModel_Alpha158_csi300_custom_step0_s_20260513_17,a8e1c37232d44d4bb63dc47bc075e834,0.127,,,
2880,2026-05-13,SZ002230,0.024126795686933936,EXP_LGBModel_Alpha158_csi300_custom_step0_s_20260513_17,a8e1c37232d44d4bb63dc47bc075e834,0.127,,,
2881,2026-05-13,SZ002460,0.0585630622025354,EXP_LGBModel_Alpha158_csi300_custom_step0_s_20260513_17,a8e1c37232d44d4bb63dc47bc075e834,0.127,,,
2882,2026-05-13,SZ002466,0.11492603170442327,EXP_LGBModel_Alpha158_csi300_custom_step0_s_20260513_17,a8e1c37232d44d4bb63dc47bc075e834,0.127,,,
2883,2026-05-13,SZ002475,0.10646531893663624,EXP_LGBModel_Alpha158_csi300_custom_step0_s_20260513_17,a8e1c37232d44d4bb63dc47bc075e834,0.127,,,
2884,2026-05-13,SZ002493,0.04693994218849562,EXP_LGBModel_Alpha158_csi300_custom_step0_s_20260513_17,a8e1c37232d44d4bb63dc47bc075e834,0.127,,,
2885,2026-05-13,SZ002594,-0.01778577597185544,EXP_LGBModel_Alpha158_csi300_custom_step0_s_20260513_17,a8e1c37232d44d4bb63dc47bc075e834,0.127,,,
2886,2026-05-13,SZ002600,0.055572106890711216,EXP_LGBModel_Alpha158_csi300_custom_step0_s_20260513_17,a8e1c37232d44d4bb63dc47bc075e834,0.127,,,
2887,2026-05-13,SZ002601,-0.017194309518828714,EXP_LGBModel_Alpha158_csi300_custom_step0_s_20260513_17,a8e1c37232d44d4bb63dc47bc075e834,0.127,,,
2888,2026-05-13,SZ002625,0.04184598155431028,EXP_LGBModel_Alpha158_csi300_custom_step0_s_20260513_17,a8e1c37232d44d4bb63dc47bc075e834,0.127,,,
2889,2026-05-13,SZ002648,0.021616764739690694,EXP_LGBModel_Alpha158_csi300_custom_step0_s_20260513_17,a8e1c37232d44d4bb63dc47bc075e834,0.127,,,
2890,2026-05-13,SZ002709,0.13425079152705208,EXP_LGBModel_Alpha158_csi300_custom_step0_s_20260513_17,a8e1c37232d44d4bb63dc47bc075e834,0.127,,,
2891,2026-05-13,SZ002714,-0.042030527854234556,EXP_LGBModel_Alpha158_csi300_custom_step0_s_20260513_17,a8e1c37232d44d4bb63dc47bc075e834,0.127,,,
2892,2026-05-13,SZ002736,-0.06620963290640657,EXP_LGBModel_Alpha158_csi300_custom_step0_s_20260513_17,a8e1c37232d44d4bb63dc47bc075e834,0.127,,,
2893,2026-05-13,SZ002463,0.03636086618137164,EXP_LGBModel_Alpha158_csi300_custom_step0_s_20260513_17,a8e1c37232d44d4bb63dc47bc075e834,0.127,,,
2894,2026-05-13,SZ002179,0.07116891912025626,EXP_LGBModel_Alpha158_csi300_custom_step0_s_20260513_17,a8e1c37232d44d4bb63dc47bc075e834,0.127,,,
2895,2026-05-13,SZ002142,0.015089252240245252,EXP_LGBModel_Alpha158_csi300_custom_step0_s_20260513_17,a8e1c37232d44d4bb63dc47bc075e834,0.127,,,
2896,2026-05-13,SZ002074,0.007199011508810342,EXP_LGBModel_Alpha158_csi300_custom_step0_s_20260513_17,a8e1c37232d44d4bb63dc47bc075e834,0.127,,,
2897,2026-05-13,SZ000661,-0.0431761573672252,EXP_LGBModel_Alpha158_csi300_custom_step0_s_20260513_17,a8e1c37232d44d4bb63dc47bc075e834,0.127,,,
2898,2026-05-13,SZ000708,-0.03517268820020139,EXP_LGBModel_Alpha158_csi300_custom_step0_s_20260513_17,a8e1c37232d44d4bb63dc47bc075e834,0.127,,,
2899,2026-05-13,SZ000725,0.021720073513955187,EXP_LGBModel_Alpha158_csi300_custom_step0_s_20260513_17,a8e1c37232d44d4bb63dc47bc075e834,0.127,,,
2900,2026-05-13,SZ000768,-0.029100291016686937,EXP_LGBModel_Alpha158_csi300_custom_step0_s_20260513_17,a8e1c37232d44d4bb63dc47bc075e834,0.127,,,
2901,2026-05-13,SZ000776,0.00649614688688421,EXP_LGBModel_Alpha158_csi300_custom_step0_s_20260513_17,a8e1c37232d44d4bb63dc47bc075e834,0.127,,,
2902,2026-05-13,SZ000786,-0.024306807508802826,EXP_LGBModel_Alpha158_csi300_custom_step0_s_20260513_17,a8e1c37232d44d4bb63dc47bc075e834,0.127,,,
2903,2026-05-13,SZ000792,-0.02483932066646079,EXP_LGBModel_Alpha158_csi300_custom_step0_s_20260513_17,a8e1c37232d44d4bb63dc47bc075e834,0.127,,,
2904,2026-05-13,SZ000807,0.008524822173679052,EXP_LGBModel_Alpha158_csi300_custom_step0_s_20260513_17,a8e1c37232d44d4bb63dc47bc075e834,0.127,,,
2905,2026-05-13,SZ000858,-0.0035309634947030956,EXP_LGBModel_Alpha158_csi300_custom_step0_s_20260513_17,a8e1c37232d44d4bb63dc47bc075e834,0.127,,,
2906,2026-05-13,SZ000876,-0.01635544086813431,EXP_LGBModel_Alpha158_csi300_custom_step0_s_20260513_17,a8e1c37232d44d4bb63dc47bc075e834,0.127,,,
2907,2026-05-13,SZ000895,-0.005129797995404374,EXP_LGBModel_Alpha158_csi300_custom_step0_s_20260513_17,a8e1c37232d44d4bb63dc47bc075e834,0.127,,,
2908,2026-05-13,SZ000938,0.031692415194360335,EXP_LGBModel_Alpha158_csi300_custom_step0_s_20260513_17,a8e1c37232d44d4bb63dc47bc075e834,0.127,,,
2909,2026-05-13,SZ000963,-0.06513995919270196,EXP_LGBModel_Alpha158_csi300_custom_step0_s_20260513_17,a8e1c37232d44d4bb63dc47bc075e834,0.127,,,
2910,2026-05-13,SZ000975,-0.03453969731938307,EXP_LGBModel_Alpha158_csi300_custom_step0_s_20260513_17,a8e1c37232d44d4bb63dc47bc075e834,0.127,,,
2911,2026-05-13,SZ000977,0.041361621008692485,EXP_LGBModel_Alpha158_csi300_custom_step0_s_20260513_17,a8e1c37232d44d4bb63dc47bc075e834,0.127,,,
2912,2026-05-13,SZ000983,-0.016524107167491923,EXP_LGBModel_Alpha158_csi300_custom_step0_s_20260513_17,a8e1c37232d44d4bb63dc47bc075e834,0.127,,,
2913,2026-05-13,SZ000999,-0.03339054449751762,EXP_LGBModel_Alpha158_csi300_custom_step0_s_20260513_17,a8e1c37232d44d4bb63dc47bc075e834,0.127,,,
2914,2026-05-13,SZ001391,-0.012523623883715276,EXP_LGBModel_Alpha158_csi300_custom_step0_s_20260513_17,a8e1c37232d44d4bb63dc47bc075e834,0.127,,,
2915,2026-05-13,SZ001965,-0.0013760798962308932,EXP_LGBModel_Alpha158_csi300_custom_step0_s_20260513_17,a8e1c37232d44d4bb63dc47bc075e834,0.127,,,
2916,2026-05-13,SZ001979,-0.013720719024103718,EXP_LGBModel_Alpha158_csi300_custom_step0_s_20260513_17,a8e1c37232d44d4bb63dc47bc075e834,0.127,,,
2917,2026-05-13,SZ002001,-0.019262782887058853,EXP_LGBModel_Alpha158_csi300_custom_step0_s_20260513_17,a8e1c37232d44d4bb63dc47bc075e834,0.127,,,
2918,2026-05-13,SZ002027,-0.022516682312708144,EXP_LGBModel_Alpha158_csi300_custom_step0_s_20260513_17,a8e1c37232d44d4bb63dc47bc075e834,0.127,,,
2919,2026-05-13,SZ002028,-0.025688117752255588,EXP_LGBModel_Alpha158_csi300_custom_step0_s_20260513_17,a8e1c37232d44d4bb63dc47bc075e834,0.127,,,
2920,2026-05-13,SZ002049,0.06050081515061587,EXP_LGBModel_Alpha158_csi300_custom_step0_s_20260513_17,a8e1c37232d44d4bb63dc47bc075e834,0.127,,,
2921,2026-05-13,SZ002050,0.015868197758332463,EXP_LGBModel_Alpha158_csi300_custom_step0_s_20260513_17,a8e1c37232d44d4bb63dc47bc075e834,0.127,,,
2922,2026-05-13,SH600905,0.017361900696952114,EXP_DEnsembleModel_Alpha158_csi300_custom_step0_s_20260513_15,bdac501e292a4d20b3b2242d54a3843d,0.071,,,
2923,2026-05-13,SH601939,-0.0024652007650220586,EXP_LGBModel_Alpha158_csi300_custom_step0_s_20260513_17,a8e1c37232d44d4bb63dc47bc075e834,0.127,,,
2924,2026-05-13,SH600918,0.08052494462900421,EXP_DEnsembleModel_Alpha158_csi300_custom_step0_s_20260513_15,bdac501e292a4d20b3b2242d54a3843d,0.071,,,
2925,2026-05-13,SH600926,0.04619796452887966,EXP_DEnsembleModel_Alpha158_csi300_custom_step0_s_20260513_15,bdac501e292a4d20b3b2242d54a3843d,0.071,,,
2926,2026-05-13,SZ000895,0.058386133041781266,EXP_DEnsembleModel_Alpha158_csi300_custom_step0_s_20260513_15,bdac501e292a4d20b3b2242d54a3843d,0.071,,,
2927,2026-05-13,SZ000938,0.0687724970851581,EXP_DEnsembleModel_Alpha158_csi300_custom_step0_s_20260513_15,bdac501e292a4d20b3b2242d54a3843d,0.071,,,
2928,2026-05-13,SZ000963,0.017120016417733787,EXP_DEnsembleModel_Alpha158_csi300_custom_step0_s_20260513_15,bdac501e292a4d20b3b2242d54a3843d,0.071,,,
2929,2026-05-13,SZ000975,-0.0024749429414603094,EXP_DEnsembleModel_Alpha158_csi300_custom_step0_s_20260513_15,bdac501e292a4d20b3b2242d54a3843d,0.071,,,
2930,2026-05-13,SZ000977,-0.051342075968064525,EXP_DEnsembleModel_Alpha158_csi300_custom_step0_s_20260513_15,bdac501e292a4d20b3b2242d54a3843d,0.071,,,
2931,2026-05-13,SZ000983,-0.11323037648974653,EXP_DEnsembleModel_Alpha158_csi300_custom_step0_s_20260513_15,bdac501e292a4d20b3b2242d54a3843d,0.071,,,
2932,2026-05-13,SZ000999,0.024377717233056356,EXP_DEnsembleModel_Alpha158_csi300_custom_step0_s_20260513_15,bdac501e292a4d20b3b2242d54a3843d,0.071,,,
2933,2026-05-13,SZ001391,0.11688818725087484,EXP_DEnsembleModel_Alpha158_csi300_custom_step0_s_20260513_15,bdac501e292a4d20b3b2242d54a3843d,0.071,,,
2934,2026-05-13,SZ001965,0.09105911840728824,EXP_DEnsembleModel_Alpha158_csi300_custom_step0_s_20260513_15,bdac501e292a4d20b3b2242d54a3843d,0.071,,,
2935,2026-05-13,SZ001979,-0.10076310268700316,EXP_DEnsembleModel_Alpha158_csi300_custom_step0_s_20260513_15,bdac501e292a4d20b3b2242d54a3843d,0.071,,,
2936,2026-05-13,SZ002001,0.040739449607862716,EXP_DEnsembleModel_Alpha158_csi300_custom_step0_s_20260513_15,bdac501e292a4d20b3b2242d54a3843d,0.071,,,
2937,2026-05-13,SZ000876,0.056098237801816435,EXP_DEnsembleModel_Alpha158_csi300_custom_step0_s_20260513_15,bdac501e292a4d20b3b2242d54a3843d,0.071,,,
2938,2026-05-13,SZ002027,-0.05560437602980622,EXP_DEnsembleModel_Alpha158_csi300_custom_step0_s_20260513_15,bdac501e292a4d20b3b2242d54a3843d,0.071,,,
2939,2026-05-13,SZ002049,-0.06072909194588874,EXP_DEnsembleModel_Alpha158_csi300_custom_step0_s_20260513_15,bdac501e292a4d20b3b2242d54a3843d,0.071,,,
2940,2026-05-13,SZ002050,-0.15565639123209085,EXP_DEnsembleModel_Alpha158_csi300_custom_step0_s_20260513_15,bdac501e292a4d20b3b2242d54a3843d,0.071,,,
2941,2026-05-13,SZ002074,-0.10799924585857197,EXP_DEnsembleModel_Alpha158_csi300_custom_step0_s_20260513_15,bdac501e292a4d20b3b2242d54a3843d,0.071,,,
2942,2026-05-13,SZ002142,-0.019749375171968498,EXP_DEnsembleModel_Alpha158_csi300_custom_step0_s_20260513_15,bdac501e292a4d20b3b2242d54a3843d,0.071,,,
2943,2026-05-13,SZ002179,0.13236045759016593,EXP_DEnsembleModel_Alpha158_csi300_custom_step0_s_20260513_15,bdac501e292a4d20b3b2242d54a3843d,0.071,,,
2944,2026-05-13,SZ002230,-0.011912171410413763,EXP_DEnsembleModel_Alpha158_csi300_custom_step0_s_20260513_15,bdac501e292a4d20b3b2242d54a3843d,0.071,,,
2945,2026-05-13,SZ002236,-0.01075277971549301,EXP_DEnsembleModel_Alpha158_csi300_custom_step0_s_20260513_15,bdac501e292a4d20b3b2242d54a3843d,0.071,,,
2946,2026-05-13,SZ002241,0.03303799566521898,EXP_DEnsembleModel_Alpha158_csi300_custom_step0_s_20260513_15,bdac501e292a4d20b3b2242d54a3843d,0.071,,,
2947,2026-05-13,SZ002252,0.06430051023549715,EXP_DEnsembleModel_Alpha158_csi300_custom_step0_s_20260513_15,bdac501e292a4d20b3b2242d54a3843d,0.071,,,
2948,2026-05-13,SZ002304,-0.026308232186310888,EXP_DEnsembleModel_Alpha158_csi300_custom_step0_s_20260513_15,bdac501e292a4d20b3b2242d54a3843d,0.071,,,
2949,2026-05-13,SZ002311,-0.03421589378349678,EXP_DEnsembleModel_Alpha158_csi300_custom_step0_s_20260513_15,bdac501e292a4d20b3b2242d54a3843d,0.071,,,
2950,2026-05-13,SZ002028,-0.01252455242963919,EXP_DEnsembleModel_Alpha158_csi300_custom_step0_s_20260513_15,bdac501e292a4d20b3b2242d54a3843d,0.071,,,
2951,2026-05-13,SZ002352,0.04024978071983447,EXP_DEnsembleModel_Alpha158_csi300_custom_step0_s_20260513_15,bdac501e292a4d20b3b2242d54a3843d,0.071,,,
2952,2026-05-13,SZ000858,0.03739177625954325,EXP_DEnsembleModel_Alpha158_csi300_custom_step0_s_20260513_15,bdac501e292a4d20b3b2242d54a3843d,0.071,,,
2953,2026-05-13,SZ000792,-0.025250143642265088,EXP_DEnsembleModel_Alpha158_csi300_custom_step0_s_20260513_15,bdac501e292a4d20b3b2242d54a3843d,0.071,,,
2954,2026-05-13,SZ000001,0.11967416826303133,EXP_DEnsembleModel_Alpha158_csi300_custom_step0_s_20260513_15,bdac501e292a4d20b3b2242d54a3843d,0.071,,,
2955,2026-05-13,SZ000002,-0.06747012104623991,EXP_DEnsembleModel_Alpha158_csi300_custom_step0_s_20260513_15,bdac501e292a4d20b3b2242d54a3843d,0.071,,,
2956,2026-05-13,SZ000063,-0.07817592942755444,EXP_DEnsembleModel_Alpha158_csi300_custom_step0_s_20260513_15,bdac501e292a4d20b3b2242d54a3843d,0.071,,,
2957,2026-05-13,SZ000100,0.07676192094408164,EXP_DEnsembleModel_Alpha158_csi300_custom_step0_s_20260513_15,bdac501e292a4d20b3b2242d54a3843d,0.071,,,
2958,2026-05-13,SZ000157,-0.04390748903773133,EXP_DEnsembleModel_Alpha158_csi300_custom_step0_s_20260513_15,bdac501e292a4d20b3b2242d54a3843d,0.071,,,
2959,2026-05-13,SZ000166,0.09655962135858111,EXP_DEnsembleModel_Alpha158_csi300_custom_step0_s_20260513_15,bdac501e292a4d20b3b2242d54a3843d,0.071,,,
2960,2026-05-13,SZ000301,0.025837983252454583,EXP_DEnsembleModel_Alpha158_csi300_custom_step0_s_20260513_15,bdac501e292a4d20b3b2242d54a3843d,0.071,,,
2961,2026-05-13,SZ000333,0.09183792007887914,EXP_DEnsembleModel_Alpha158_csi300_custom_step0_s_20260513_15,bdac501e292a4d20b3b2242d54a3843d,0.071,,,
2962,2026-05-13,SZ000338,-0.09290535420748536,EXP_DEnsembleModel_Alpha158_csi300_custom_step0_s_20260513_15,bdac501e292a4d20b3b2242d54a3843d,0.071,,,
2963,2026-05-13,SZ000408,0.03422555302249,EXP_DEnsembleModel_Alpha158_csi300_custom_step0_s_20260513_15,bdac501e292a4d20b3b2242d54a3843d,0.071,,,
2964,2026-05-13,SZ000425,-0.17198171283659777,EXP_DEnsembleModel_Alpha158_csi300_custom_step0_s_20260513_15,bdac501e292a4d20b3b2242d54a3843d,0.071,,,
2965,2026-05-13,SZ000807,-0.04101728245877837,EXP_DEnsembleModel_Alpha158_csi300_custom_step0_s_20260513_15,bdac501e292a4d20b3b2242d54a3843d,0.071,,,
2966,2026-05-13,SZ000538,0.016745051826693894,EXP_DEnsembleModel_Alpha158_csi300_custom_step0_s_20260513_15,bdac501e292a4d20b3b2242d54a3843d,0.071,,,
2967,2026-05-13,SZ000596,-0.11349785159009954,EXP_DEnsembleModel_Alpha158_csi300_custom_step0_s_20260513_15,bdac501e292a4d20b3b2242d54a3843d,0.071,,,
2968,2026-05-13,SZ000617,0.021396692116773426,EXP_DEnsembleModel_Alpha158_csi300_custom_step0_s_20260513_15,bdac501e292a4d20b3b2242d54a3843d,0.071,,,
2969,2026-05-13,SZ000625,-0.02869560864170328,EXP_DEnsembleModel_Alpha158_csi300_custom_step0_s_20260513_15,bdac501e292a4d20b3b2242d54a3843d,0.071,,,
2970,2026-05-13,SZ000630,-0.15029727695558537,EXP_DEnsembleModel_Alpha158_csi300_custom_step0_s_20260513_15,bdac501e292a4d20b3b2242d54a3843d,0.071,,,
2971,2026-05-13,SZ000651,0.014572179338953573,EXP_DEnsembleModel_Alpha158_csi300_custom_step0_s_20260513_15,bdac501e292a4d20b3b2242d54a3843d,0.071,,,
2972,2026-05-13,SZ000661,-0.012377361238780075,EXP_DEnsembleModel_Alpha158_csi300_custom_step0_s_20260513_15,bdac501e292a4d20b3b2242d54a3843d,0.071,,,
2973,2026-05-13,SZ000708,0.01911857255813167,EXP_DEnsembleModel_Alpha158_csi300_custom_step0_s_20260513_15,bdac501e292a4d20b3b2242d54a3843d,0.071,,,
2974,2026-05-13,SZ000725,0.016945674096221768,EXP_DEnsembleModel_Alpha158_csi300_custom_step0_s_20260513_15,bdac501e292a4d20b3b2242d54a3843d,0.071,,,
2975,2026-05-13,SZ000768,-0.012584645438742183,EXP_DEnsembleModel_Alpha158_csi300_custom_step0_s_20260513_15,bdac501e292a4d20b3b2242d54a3843d,0.071,,,
2976,2026-05-13,SZ000776,0.0014515675730045689,EXP_DEnsembleModel_Alpha158_csi300_custom_step0_s_20260513_15,bdac501e292a4d20b3b2242d54a3843d,0.071,,,
2977,2026-05-13,SZ000786,-0.032270293231492254,EXP_DEnsembleModel_Alpha158_csi300_custom_step0_s_20260513_15,bdac501e292a4d20b3b2242d54a3843d,0.071,,,
2978,2026-05-13,SZ000568,-0.13412724287010072,EXP_DEnsembleModel_Alpha158_csi300_custom_step0_s_20260513_15,bdac501e292a4d20b3b2242d54a3843d,0.071,,,
2979,2026-05-13,SH688981,-0.06080129770265875,EXP_DEnsembleModel_Alpha158_csi300_custom_step0_s_20260513_15,bdac501e292a4d20b3b2242d54a3843d,0.071,,,
2980,2026-05-13,SZ002371,-0.12263646010129983,EXP_DEnsembleModel_Alpha158_csi300_custom_step0_s_20260513_15,bdac501e292a4d20b3b2242d54a3843d,0.071,,,
2981,2026-05-13,SZ002415,-0.005759349963309713,EXP_DEnsembleModel_Alpha158_csi300_custom_step0_s_20260513_15,bdac501e292a4d20b3b2242d54a3843d,0.071,,,
2982,2026-05-13,SZ300316,0.06882282365599778,EXP_DEnsembleModel_Alpha158_csi300_custom_step0_s_20260513_15,bdac501e292a4d20b3b2242d54a3843d,0.071,,,
2983,2026-05-13,SZ300347,0.105060974719545,EXP_DEnsembleModel_Alpha158_csi300_custom_step0_s_20260513_15,bdac501e292a4d20b3b2242d54a3843d,0.071,,,
2984,2026-05-13,SZ300394,0.11156831402343591,EXP_DEnsembleModel_Alpha158_csi300_custom_step0_s_20260513_15,bdac501e292a4d20b3b2242d54a3843d,0.071,,,
2985,2026-05-13,SZ300408,-0.16106416294480078,EXP_DEnsembleModel_Alpha158_csi300_custom_step0_s_20260513_15,bdac501e292a4d20b3b2242d54a3843d,0.071,,,
2986,2026-05-13,SZ300413,0.04050070036183948,EXP_DEnsembleModel_Alpha158_csi300_custom_step0_s_20260513_15,bdac501e292a4d20b3b2242d54a3843d,0.071,,,
2987,2026-05-13,SZ300418,-0.1833004812430894,EXP_DEnsembleModel_Alpha158_csi300_custom_step0_s_20260513_15,bdac501e292a4d20b3b2242d54a3843d,0.071,,,
2988,2026-05-13,SZ300433,0.002545463464784445,EXP_DEnsembleModel_Alpha158_csi300_custom_step0_s_20260513_15,bdac501e292a4d20b3b2242d54a3843d,0.071,,,
2989,2026-05-13,SZ300442,0.10253251417699512,EXP_DEnsembleModel_Alpha158_csi300_custom_step0_s_20260513_15,bdac501e292a4d20b3b2242d54a3843d,0.071,,,
2990,2026-05-13,SZ300476,-0.16332107014638222,EXP_DEnsembleModel_Alpha158_csi300_custom_step0_s_20260513_15,bdac501e292a4d20b3b2242d54a3843d,0.071,,,
2991,2026-05-13,SZ300498,-0.14470799450837385,EXP_DEnsembleModel_Alpha158_csi300_custom_step0_s_20260513_15,bdac501e292a4d20b3b2242d54a3843d,0.071,,,
2992,2026-05-13,SZ300502,-0.11212132867173775,EXP_DEnsembleModel_Alpha158_csi300_custom_step0_s_20260513_15,bdac501e292a4d20b3b2242d54a3843d,0.071,,,
2993,2026-05-13,SZ300308,-0.25036518924844703,EXP_DEnsembleModel_Alpha158_csi300_custom_step0_s_20260513_15,bdac501e292a4d20b3b2242d54a3843d,0.071,,,
2994,2026-05-13,SZ300628,0.05830054820125045,EXP_DEnsembleModel_Alpha158_csi300_custom_step0_s_20260513_15,bdac501e292a4d20b3b2242d54a3843d,0.071,,,
2995,2026-05-13,SZ300750,-0.027998719248049028,EXP_DEnsembleModel_Alpha158_csi300_custom_step0_s_20260513_15,bdac501e292a4d20b3b2242d54a3843d,0.071,,,
2996,2026-05-13,SZ300759,-0.05503535317078869,EXP_DEnsembleModel_Alpha158_csi300_custom_step0_s_20260513_15,bdac501e292a4d20b3b2242d54a3843d,0.071,,,
2997,2026-05-13,SZ300760,-0.058959411897467805,EXP_DEnsembleModel_Alpha158_csi300_custom_step0_s_20260513_15,bdac501e292a4d20b3b2242d54a3843d,0.071,,,
2998,2026-05-13,SZ300782,0.04860178941449164,EXP_DEnsembleModel_Alpha158_csi300_custom_step0_s_20260513_15,bdac501e292a4d20b3b2242d54a3843d,0.071,,,
2999,2026-05-13,SZ300803,-0.13372773485846232,EXP_DEnsembleModel_Alpha158_csi300_custom_step0_s_20260513_15,bdac501e292a4d20b3b2242d54a3843d,0.071,,,
3000,2026-05-13,SZ300832,-0.027810104078080884,EXP_DEnsembleModel_Alpha158_csi300_custom_step0_s_20260513_15,bdac501e292a4d20b3b2242d54a3843d,0.071,,,
3001,2026-05-13,SZ300866,-0.08317527240340049,EXP_DEnsembleModel_Alpha158_csi300_custom_step0_s_20260513_15,bdac501e292a4d20b3b2242d54a3843d,0.071,,,
3002,2026-05-13,SZ300896,-0.022459268990986794,EXP_DEnsembleModel_Alpha158_csi300_custom_step0_s_20260513_15,bdac501e292a4d20b3b2242d54a3843d,0.071,,,
3003,2026-05-13,SZ300979,0.06747790115129654,EXP_DEnsembleModel_Alpha158_csi300_custom_step0_s_20260513_15,bdac501e292a4d20b3b2242d54a3843d,0.071,,,
3004,2026-05-13,SZ300999,-0.004407491807020783,EXP_DEnsembleModel_Alpha158_csi300_custom_step0_s_20260513_15,bdac501e292a4d20b3b2242d54a3843d,0.071,,,
3005,2026-05-13,SZ301236,-0.12845469196527703,EXP_DEnsembleModel_Alpha158_csi300_custom_step0_s_20260513_15,bdac501e292a4d20b3b2242d54a3843d,0.071,,,
3006,2026-05-13,SZ300661,-0.03787410047913687,EXP_DEnsembleModel_Alpha158_csi300_custom_step0_s_20260513_15,bdac501e292a4d20b3b2242d54a3843d,0.071,,,
3007,2026-05-13,SZ002384,-0.137538957296951,EXP_DEnsembleModel_Alpha158_csi300_custom_step0_s_20260513_15,bdac501e292a4d20b3b2242d54a3843d,0.071,,,
3008,2026-05-13,SZ300274,-0.11414057832823155,EXP_DEnsembleModel_Alpha158_csi300_custom_step0_s_20260513_15,bdac501e292a4d20b3b2242d54a3843d,0.071,,,
3009,2026-05-13,SZ300124,-0.15419147246737783,EXP_DEnsembleModel_Alpha158_csi300_custom_step0_s_20260513_15,bdac501e292a4d20b3b2242d54a3843d,0.071,,,
3010,2026-05-13,SZ002422,-0.03245098866383411,EXP_DEnsembleModel_Alpha158_csi300_custom_step0_s_20260513_15,bdac501e292a4d20b3b2242d54a3843d,0.071,,,
3011,2026-05-13,SZ002459,-0.07173786883973453,EXP_DEnsembleModel_Alpha158_csi300_custom_step0_s_20260513_15,bdac501e292a4d20b3b2242d54a3843d,0.071,,,
3012,2026-05-13,SZ002460,-0.017314093950207228,EXP_DEnsembleModel_Alpha158_csi300_custom_step0_s_20260513_15,bdac501e292a4d20b3b2242d54a3843d,0.071,,,
3013,2026-05-13,SZ002463,-0.07086892876601845,EXP_DEnsembleModel_Alpha158_csi300_custom_step0_s_20260513_15,bdac501e292a4d20b3b2242d54a3843d,0.071,,,
3014,2026-05-13,SZ002466,0.17045742526074248,EXP_DEnsembleModel_Alpha158_csi300_custom_step0_s_20260513_15,bdac501e292a4d20b3b2242d54a3843d,0.071,,,
3015,2026-05-13,SZ002475,-0.08101537115271966,EXP_DEnsembleModel_Alpha158_csi300_custom_step0_s_20260513_15,bdac501e292a4d20b3b2242d54a3843d,0.071,,,
3016,2026-05-13,SZ002493,-0.11028056127272891,EXP_DEnsembleModel_Alpha158_csi300_custom_step0_s_20260513_15,bdac501e292a4d20b3b2242d54a3843d,0.071,,,
3017,2026-05-13,SZ002594,-0.06430925643772811,EXP_DEnsembleModel_Alpha158_csi300_custom_step0_s_20260513_15,bdac501e292a4d20b3b2242d54a3843d,0.071,,,
3018,2026-05-13,SZ002600,-0.04617916165016469,EXP_DEnsembleModel_Alpha158_csi300_custom_step0_s_20260513_15,bdac501e292a4d20b3b2242d54a3843d,0.071,,,
3019,2026-05-13,SZ002601,-0.060220758791322625,EXP_DEnsembleModel_Alpha158_csi300_custom_step0_s_20260513_15,bdac501e292a4d20b3b2242d54a3843d,0.071,,,
3020,2026-05-13,SZ002625,-0.0648180755928197,EXP_DEnsembleModel_Alpha158_csi300_custom_step0_s_20260513_15,bdac501e292a4d20b3b2242d54a3843d,0.071,,,
3021,2026-05-13,SZ300251,0.02638995891384877,EXP_DEnsembleModel_Alpha158_csi300_custom_step0_s_20260513_15,bdac501e292a4d20b3b2242d54a3843d,0.071,,,
3022,2026-05-13,SZ002648,-0.10476395957057105,EXP_DEnsembleModel_Alpha158_csi300_custom_step0_s_20260513_15,bdac501e292a4d20b3b2242d54a3843d,0.071,,,
3023,2026-05-13,SZ002714,-0.11077207229679885,EXP_DEnsembleModel_Alpha158_csi300_custom_step0_s_20260513_15,bdac501e292a4d20b3b2242d54a3843d,0.071,,,
3024,2026-05-13,SZ002736,0.041779176804050196,EXP_DEnsembleModel_Alpha158_csi300_custom_step0_s_20260513_15,bdac501e292a4d20b3b2242d54a3843d,0.071,,,
3025,2026-05-13,SZ002916,-0.03190541715475879,EXP_DEnsembleModel_Alpha158_csi300_custom_step0_s_20260513_15,bdac501e292a4d20b3b2242d54a3843d,0.071,,,
3026,2026-05-13,SZ002920,-0.008404133316279972,EXP_DEnsembleModel_Alpha158_csi300_custom_step0_s_20260513_15,bdac501e292a4d20b3b2242d54a3843d,0.071,,,
3027,2026-05-13,SZ002938,-0.23560163037016818,EXP_DEnsembleModel_Alpha158_csi300_custom_step0_s_20260513_15,bdac501e292a4d20b3b2242d54a3843d,0.071,,,
3028,2026-05-13,SZ003816,-0.02305079585638306,EXP_DEnsembleModel_Alpha158_csi300_custom_step0_s_20260513_15,bdac501e292a4d20b3b2242d54a3843d,0.071,,,
3029,2026-05-13,SZ300014,-0.05906653141949423,EXP_DEnsembleModel_Alpha158_csi300_custom_step0_s_20260513_15,bdac501e292a4d20b3b2242d54a3843d,0.071,,,
3030,2026-05-13,SZ300015,-0.13757721105031612,EXP_DEnsembleModel_Alpha158_csi300_custom_step0_s_20260513_15,bdac501e292a4d20b3b2242d54a3843d,0.071,,,
3031,2026-05-13,SZ300033,-0.12783693047745998,EXP_DEnsembleModel_Alpha158_csi300_custom_step0_s_20260513_15,bdac501e292a4d20b3b2242d54a3843d,0.071,,,
3032,2026-05-13,SZ300059,-0.03777581327779735,EXP_DEnsembleModel_Alpha158_csi300_custom_step0_s_20260513_15,bdac501e292a4d20b3b2242d54a3843d,0.071,,,
3033,2026-05-13,SZ300122,-0.0634439328449264,EXP_DEnsembleModel_Alpha158_csi300_custom_step0_s_20260513_15,bdac501e292a4d20b3b2242d54a3843d,0.071,,,
3034,2026-05-13,SZ002709,0.2223894353128184,EXP_DEnsembleModel_Alpha158_csi300_custom_step0_s_20260513_15,bdac501e292a4d20b3b2242d54a3843d,0.071,,,
3035,2026-05-13,SH688506,-0.08641921161681501,EXP_DEnsembleModel_Alpha158_csi300_custom_step0_s_20260513_15,bdac501e292a4d20b3b2242d54a3843d,0.071,,,
3036,2026-05-13,SH688472,-0.16010838801437322,EXP_DEnsembleModel_Alpha158_csi300_custom_step0_s_20260513_15,bdac501e292a4d20b3b2242d54a3843d,0.071,,,
3037,2026-05-13,SH688396,0.007889380821734397,EXP_DEnsembleModel_Alpha158_csi300_custom_step0_s_20260513_15,bdac501e292a4d20b3b2242d54a3843d,0.071,,,
3038,2026-05-13,SH601236,0.03820487569201312,EXP_DEnsembleModel_Alpha158_csi300_custom_step0_s_20260513_15,bdac501e292a4d20b3b2242d54a3843d,0.071,,,
3039,2026-05-13,SH601238,0.012148699125666915,EXP_DEnsembleModel_Alpha158_csi300_custom_step0_s_20260513_15,bdac501e292a4d20b3b2242d54a3843d,0.071,,,
3040,2026-05-13,SH601288,0.06439964417013831,EXP_DEnsembleModel_Alpha158_csi300_custom_step0_s_20260513_15,bdac501e292a4d20b3b2242d54a3843d,0.071,,,
3041,2026-05-13,SH601298,0.10420766816201807,EXP_DEnsembleModel_Alpha158_csi300_custom_step0_s_20260513_15,bdac501e292a4d20b3b2242d54a3843d,0.071,,,
3042,2026-05-13,SH601318,-0.06454078087464579,EXP_DEnsembleModel_Alpha158_csi300_custom_step0_s_20260513_15,bdac501e292a4d20b3b2242d54a3843d,0.071,,,
3043,2026-05-13,SH601319,-0.028309050751904943,EXP_DEnsembleModel_Alpha158_csi300_custom_step0_s_20260513_15,bdac501e292a4d20b3b2242d54a3843d,0.071,,,
3044,2026-05-13,SH601328,0.07059219033019812,EXP_DEnsembleModel_Alpha158_csi300_custom_step0_s_20260513_15,bdac501e292a4d20b3b2242d54a3843d,0.071,,,
3045,2026-05-13,SH601336,-0.1412034850178832,EXP_DEnsembleModel_Alpha158_csi300_custom_step0_s_20260513_15,bdac501e292a4d20b3b2242d54a3843d,0.071,,,
3046,2026-05-13,SH601360,-0.12807526100172828,EXP_DEnsembleModel_Alpha158_csi300_custom_step0_s_20260513_15,bdac501e292a4d20b3b2242d54a3843d,0.071,,,
3047,2026-05-13,SH601377,-8.011268428870755e-06,EXP_DEnsembleModel_Alpha158_csi300_custom_step0_s_20260513_15,bdac501e292a4d20b3b2242d54a3843d,0.071,,,
3048,2026-05-13,SH601390,0.08499030255975953,EXP_DEnsembleModel_Alpha158_csi300_custom_step0_s_20260513_15,bdac501e292a4d20b3b2242d54a3843d,0.071,,,
3049,2026-05-13,SH601229,0.02193103664979618,EXP_DEnsembleModel_Alpha158_csi300_custom_step0_s_20260513_15,bdac501e292a4d20b3b2242d54a3843d,0.071,,,
3050,2026-05-13,SH601398,0.13196168948382275,EXP_DEnsembleModel_Alpha158_csi300_custom_step0_s_20260513_15,bdac501e292a4d20b3b2242d54a3843d,0.071,,,
3051,2026-05-13,SH601600,-0.009816117196391349,EXP_DEnsembleModel_Alpha158_csi300_custom_step0_s_20260513_15,bdac501e292a4d20b3b2242d54a3843d,0.071,,,
3052,2026-05-13,SH601601,-0.05261295294663613,EXP_DEnsembleModel_Alpha158_csi300_custom_step0_s_20260513_15,bdac501e292a4d20b3b2242d54a3843d,0.071,,,
3053,2026-05-13,SH601607,0.12893894446665624,EXP_DEnsembleModel_Alpha158_csi300_custom_step0_s_20260513_15,bdac501e292a4d20b3b2242d54a3843d,0.071,,,
3054,2026-05-13,SH601618,0.08215865582823,EXP_DEnsembleModel_Alpha158_csi300_custom_step0_s_20260513_15,bdac501e292a4d20b3b2242d54a3843d,0.071,,,
3055,2026-05-13,SH601628,-0.001701170850086669,EXP_DEnsembleModel_Alpha158_csi300_custom_step0_s_20260513_15,bdac501e292a4d20b3b2242d54a3843d,0.071,,,
3056,2026-05-13,SH601633,0.0018034125614312595,EXP_DEnsembleModel_Alpha158_csi300_custom_step0_s_20260513_15,bdac501e292a4d20b3b2242d54a3843d,0.071,,,
3057,2026-05-13,SH601658,0.06139878073782277,EXP_DEnsembleModel_Alpha158_csi300_custom_step0_s_20260513_15,bdac501e292a4d20b3b2242d54a3843d,0.071,,,
3058,2026-05-13,SH601668,0.12478277625158307,EXP_DEnsembleModel_Alpha158_csi300_custom_step0_s_20260513_15,bdac501e292a4d20b3b2242d54a3843d,0.071,,,
3059,2026-05-13,SH601669,-0.028219706513733952,EXP_DEnsembleModel_Alpha158_csi300_custom_step0_s_20260513_15,bdac501e292a4d20b3b2242d54a3843d,0.071,,,
3060,2026-05-13,SH601688,-0.000654011841739812,EXP_DEnsembleModel_Alpha158_csi300_custom_step0_s_20260513_15,bdac501e292a4d20b3b2242d54a3843d,0.071,,,
3061,2026-05-13,SH601689,-0.08694990568204332,EXP_DEnsembleModel_Alpha158_csi300_custom_step0_s_20260513_15,bdac501e292a4d20b3b2242d54a3843d,0.071,,,
3062,2026-05-13,SH601456,0.09660406557576007,EXP_DEnsembleModel_Alpha158_csi300_custom_step0_s_20260513_15,bdac501e292a4d20b3b2242d54a3843d,0.071,,,
3063,2026-05-13,SH601698,-0.1263561526406407,EXP_DEnsembleModel_Alpha158_csi300_custom_step0_s_20260513_15,bdac501e292a4d20b3b2242d54a3843d,0.071,,,
3064,2026-05-13,SH601225,0.005962545167412494,EXP_DEnsembleModel_Alpha158_csi300_custom_step0_s_20260513_15,bdac501e292a4d20b3b2242d54a3843d,0.071,,,
3065,2026-05-13,SH601186,0.035068199562049776,EXP_DEnsembleModel_Alpha158_csi300_custom_step0_s_20260513_15,bdac501e292a4d20b3b2242d54a3843d,0.071,,,
3066,2026-05-13,SH600930,-0.00418658025822717,EXP_DEnsembleModel_Alpha158_csi300_custom_step0_s_20260513_15,bdac501e292a4d20b3b2242d54a3843d,0.071,,,
3067,2026-05-13,SH600938,0.02502311885604685,EXP_DEnsembleModel_Alpha158_csi300_custom_step0_s_20260513_15,bdac501e292a4d20b3b2242d54a3843d,0.071,,,
3068,2026-05-13,SH600941,0.14023139537917118,EXP_DEnsembleModel_Alpha158_csi300_custom_step0_s_20260513_15,bdac501e292a4d20b3b2242d54a3843d,0.071,,,
3069,2026-05-13,SH600958,-0.03462940870130224,EXP_DEnsembleModel_Alpha158_csi300_custom_step0_s_20260513_15,bdac501e292a4d20b3b2242d54a3843d,0.071,,,
3070,2026-05-13,SH600989,-0.10730728013019657,EXP_DEnsembleModel_Alpha158_csi300_custom_step0_s_20260513_15,bdac501e292a4d20b3b2242d54a3843d,0.071,,,
3071,2026-05-13,SH600999,0.05243056778639431,EXP_DEnsembleModel_Alpha158_csi300_custom_step0_s_20260513_15,bdac501e292a4d20b3b2242d54a3843d,0.071,,,
3072,2026-05-13,SH601006,0.09843090504192015,EXP_DEnsembleModel_Alpha158_csi300_custom_step0_s_20260513_15,bdac501e292a4d20b3b2242d54a3843d,0.071,,,
3073,2026-05-13,SH601009,0.015023985191086177,EXP_DEnsembleModel_Alpha158_csi300_custom_step0_s_20260513_15,bdac501e292a4d20b3b2242d54a3843d,0.071,,,
3074,2026-05-13,SH601012,0.04654543544692234,EXP_DEnsembleModel_Alpha158_csi300_custom_step0_s_20260513_15,bdac501e292a4d20b3b2242d54a3843d,0.071,,,
3075,2026-05-13,SH601018,0.012793850667378408,EXP_DEnsembleModel_Alpha158_csi300_custom_step0_s_20260513_15,bdac501e292a4d20b3b2242d54a3843d,0.071,,,
3076,2026-05-13,SH601021,0.05732536286316443,EXP_DEnsembleModel_Alpha158_csi300_custom_step0_s_20260513_15,bdac501e292a4d20b3b2242d54a3843d,0.071,,,
3077,2026-05-13,SH601211,0.05067528121807116,EXP_DEnsembleModel_Alpha158_csi300_custom_step0_s_20260513_15,bdac501e292a4d20b3b2242d54a3843d,0.071,,,
3078,2026-05-13,SH601058,-0.13919804276383338,EXP_DEnsembleModel_Alpha158_csi300_custom_step0_s_20260513_15,bdac501e292a4d20b3b2242d54a3843d,0.071,,,
3079,2026-05-13,SH601066,-0.04037795745585791,EXP_DEnsembleModel_Alpha158_csi300_custom_step0_s_20260513_15,bdac501e292a4d20b3b2242d54a3843d,0.071,,,
3080,2026-05-13,SH601077,0.08740405005572983,EXP_DEnsembleModel_Alpha158_csi300_custom_step0_s_20260513_15,bdac501e292a4d20b3b2242d54a3843d,0.071,,,
3081,2026-05-13,SH601088,0.003808473563825419,EXP_DEnsembleModel_Alpha158_csi300_custom_step0_s_20260513_15,bdac501e292a4d20b3b2242d54a3843d,0.071,,,
3082,2026-05-13,SH601100,-0.08259370425677186,EXP_DEnsembleModel_Alpha158_csi300_custom_step0_s_20260513_15,bdac501e292a4d20b3b2242d54a3843d,0.071,,,
3083,2026-05-13,SH601111,-0.1098026094131658,EXP_DEnsembleModel_Alpha158_csi300_custom_step0_s_20260513_15,bdac501e292a4d20b3b2242d54a3843d,0.071,,,
3084,2026-05-13,SH601117,0.029075195251015883,EXP_DEnsembleModel_Alpha158_csi300_custom_step0_s_20260513_15,bdac501e292a4d20b3b2242d54a3843d,0.071,,,
3085,2026-05-13,SH601127,0.005403585818831227,EXP_DEnsembleModel_Alpha158_csi300_custom_step0_s_20260513_15,bdac501e292a4d20b3b2242d54a3843d,0.071,,,
3086,2026-05-13,SH601136,0.0707707106589007,EXP_DEnsembleModel_Alpha158_csi300_custom_step0_s_20260513_15,bdac501e292a4d20b3b2242d54a3843d,0.071,,,
3087,2026-05-13,SH601138,0.07147418884851219,EXP_DEnsembleModel_Alpha158_csi300_custom_step0_s_20260513_15,bdac501e292a4d20b3b2242d54a3843d,0.071,,,
3088,2026-05-13,SH601166,0.040415354071330366,EXP_DEnsembleModel_Alpha158_csi300_custom_step0_s_20260513_15,bdac501e292a4d20b3b2242d54a3843d,0.071,,,
3089,2026-05-13,SH601169,0.05541185511956174,EXP_DEnsembleModel_Alpha158_csi300_custom_step0_s_20260513_15,bdac501e292a4d20b3b2242d54a3843d,0.071,,,
3090,2026-05-13,SH601059,0.11990638456677329,EXP_DEnsembleModel_Alpha158_csi300_custom_step0_s_20260513_15,bdac501e292a4d20b3b2242d54a3843d,0.071,,,
3091,2026-05-13,SH601728,0.12483737968045516,EXP_DEnsembleModel_Alpha158_csi300_custom_step0_s_20260513_15,bdac501e292a4d20b3b2242d54a3843d,0.071,,,
3092,2026-05-13,SH601766,0.02825686074817732,EXP_DEnsembleModel_Alpha158_csi300_custom_step0_s_20260513_15,bdac501e292a4d20b3b2242d54a3843d,0.071,,,
3093,2026-05-13,SH601788,0.08388459961851005,EXP_DEnsembleModel_Alpha158_csi300_custom_step0_s_20260513_15,bdac501e292a4d20b3b2242d54a3843d,0.071,,,
3094,2026-05-13,SH603369,-0.11463561682807562,EXP_DEnsembleModel_Alpha158_csi300_custom_step0_s_20260513_15,bdac501e292a4d20b3b2242d54a3843d,0.071,,,
3095,2026-05-13,SH603392,-0.07757428186864389,EXP_DEnsembleModel_Alpha158_csi300_custom_step0_s_20260513_15,bdac501e292a4d20b3b2242d54a3843d,0.071,,,
3096,2026-05-13,SH603501,-0.03247377929213477,EXP_DEnsembleModel_Alpha158_csi300_custom_step0_s_20260513_15,bdac501e292a4d20b3b2242d54a3843d,0.071,,,
3097,2026-05-13,SH603799,-0.13241605229913975,EXP_DEnsembleModel_Alpha158_csi300_custom_step0_s_20260513_15,bdac501e292a4d20b3b2242d54a3843d,0.071,,,
3098,2026-05-13,SH603893,-0.04887164617466475,EXP_DEnsembleModel_Alpha158_csi300_custom_step0_s_20260513_15,bdac501e292a4d20b3b2242d54a3843d,0.071,,,
3099,2026-05-13,SH603986,-0.151260735023356,EXP_DEnsembleModel_Alpha158_csi300_custom_step0_s_20260513_15,bdac501e292a4d20b3b2242d54a3843d,0.071,,,
3100,2026-05-13,SH603993,-0.17096297948027153,EXP_DEnsembleModel_Alpha158_csi300_custom_step0_s_20260513_15,bdac501e292a4d20b3b2242d54a3843d,0.071,,,
3101,2026-05-13,SH605117,-0.14079823259986748,EXP_DEnsembleModel_Alpha158_csi300_custom_step0_s_20260513_15,bdac501e292a4d20b3b2242d54a3843d,0.071,,,
3102,2026-05-13,SH605499,-0.10717629574198245,EXP_DEnsembleModel_Alpha158_csi300_custom_step0_s_20260513_15,bdac501e292a4d20b3b2242d54a3843d,0.071,,,
3103,2026-05-13,SH688008,-0.25959601917091146,EXP_DEnsembleModel_Alpha158_csi300_custom_step0_s_20260513_15,bdac501e292a4d20b3b2242d54a3843d,0.071,,,
3104,2026-05-13,SH688009,0.017037381592930858,EXP_DEnsembleModel_Alpha158_csi300_custom_step0_s_20260513_15,bdac501e292a4d20b3b2242d54a3843d,0.071,,,
3105,2026-05-13,SH603296,-0.11210078619175178,EXP_DEnsembleModel_Alpha158_csi300_custom_step0_s_20260513_15,bdac501e292a4d20b3b2242d54a3843d,0.071,,,
3106,2026-05-13,SH688012,-0.0424260928042992,EXP_DEnsembleModel_Alpha158_csi300_custom_step0_s_20260513_15,bdac501e292a4d20b3b2242d54a3843d,0.071,,,
3107,2026-05-13,SH688041,-0.08548604302834453,EXP_DEnsembleModel_Alpha158_csi300_custom_step0_s_20260513_15,bdac501e292a4d20b3b2242d54a3843d,0.071,,,
3108,2026-05-13,SH688047,-0.07077253166620465,EXP_DEnsembleModel_Alpha158_csi300_custom_step0_s_20260513_15,bdac501e292a4d20b3b2242d54a3843d,0.071,,,
3109,2026-05-13,SH688082,0.019532839520836245,EXP_DEnsembleModel_Alpha158_csi300_custom_step0_s_20260513_15,bdac501e292a4d20b3b2242d54a3843d,0.071,,,
3110,2026-05-13,SH688111,-0.12863067634541234,EXP_DEnsembleModel_Alpha158_csi300_custom_step0_s_20260513_15,bdac501e292a4d20b3b2242d54a3843d,0.071,,,
3111,2026-05-13,SH688126,-0.10287641647048563,EXP_DEnsembleModel_Alpha158_csi300_custom_step0_s_20260513_15,bdac501e292a4d20b3b2242d54a3843d,0.071,,,
3112,2026-05-13,SH688169,-0.05682639105518076,EXP_DEnsembleModel_Alpha158_csi300_custom_step0_s_20260513_15,bdac501e292a4d20b3b2242d54a3843d,0.071,,,
3113,2026-05-13,SH688187,0.2799314927564634,EXP_DEnsembleModel_Alpha158_csi300_custom_step0_s_20260513_15,bdac501e292a4d20b3b2242d54a3843d,0.071,,,
3114,2026-05-13,SH688223,-0.02437563440700145,EXP_DEnsembleModel_Alpha158_csi300_custom_step0_s_20260513_15,bdac501e292a4d20b3b2242d54a3843d,0.071,,,
3115,2026-05-13,SH688256,-0.303784109832474,EXP_DEnsembleModel_Alpha158_csi300_custom_step0_s_20260513_15,bdac501e292a4d20b3b2242d54a3843d,0.071,,,
3116,2026-05-13,SH688271,0.0657320450101257,EXP_DEnsembleModel_Alpha158_csi300_custom_step0_s_20260513_15,bdac501e292a4d20b3b2242d54a3843d,0.071,,,
3117,2026-05-13,SH688303,-0.11975328276462725,EXP_DEnsembleModel_Alpha158_csi300_custom_step0_s_20260513_15,bdac501e292a4d20b3b2242d54a3843d,0.071,,,
3118,2026-05-13,SH688036,-0.09037084517543495,EXP_DEnsembleModel_Alpha158_csi300_custom_step0_s_20260513_15,bdac501e292a4d20b3b2242d54a3843d,0.071,,,
3119,2026-05-13,SH603288,0.05961440198424906,EXP_DEnsembleModel_Alpha158_csi300_custom_step0_s_20260513_15,bdac501e292a4d20b3b2242d54a3843d,0.071,,,
3120,2026-05-13,SH603260,0.0033182413730755,EXP_DEnsembleModel_Alpha158_csi300_custom_step0_s_20260513_15,bdac501e292a4d20b3b2242d54a3843d,0.071,,,
3121,2026-05-13,SH603259,-0.1051322778531063,EXP_DEnsembleModel_Alpha158_csi300_custom_step0_s_20260513_15,bdac501e292a4d20b3b2242d54a3843d,0.071,,,
3122,2026-05-13,SH601800,-0.018770224189428416,EXP_DEnsembleModel_Alpha158_csi300_custom_step0_s_20260513_15,bdac501e292a4d20b3b2242d54a3843d,0.071,,,
3123,2026-05-13,SH601808,-0.032889314375473745,EXP_DEnsembleModel_Alpha158_csi300_custom_step0_s_20260513_15,bdac501e292a4d20b3b2242d54a3843d,0.071,,,
3124,2026-05-13,SH601816,0.08891535565522599,EXP_DEnsembleModel_Alpha158_csi300_custom_step0_s_20260513_15,bdac501e292a4d20b3b2242d54a3843d,0.071,,,
3125,2026-05-13,SH601818,0.11168678982680479,EXP_DEnsembleModel_Alpha158_csi300_custom_step0_s_20260513_15,bdac501e292a4d20b3b2242d54a3843d,0.071,,,
3126,2026-05-13,SH601825,0.14084336696526578,EXP_DEnsembleModel_Alpha158_csi300_custom_step0_s_20260513_15,bdac501e292a4d20b3b2242d54a3843d,0.071,,,
3127,2026-05-13,SH601838,0.09232767877772417,EXP_DEnsembleModel_Alpha158_csi300_custom_step0_s_20260513_15,bdac501e292a4d20b3b2242d54a3843d,0.071,,,
3128,2026-05-13,SH601857,-0.00881115210449973,EXP_DEnsembleModel_Alpha158_csi300_custom_step0_s_20260513_15,bdac501e292a4d20b3b2242d54a3843d,0.071,,,
3129,2026-05-13,SH601868,-0.16400689752835249,EXP_DEnsembleModel_Alpha158_csi300_custom_step0_s_20260513_15,bdac501e292a4d20b3b2242d54a3843d,0.071,,,
3130,2026-05-13,SH601872,-0.1118448270114489,EXP_DEnsembleModel_Alpha158_csi300_custom_step0_s_20260513_15,bdac501e292a4d20b3b2242d54a3843d,0.071,,,
3131,2026-05-13,SH601877,0.015669624066385678,EXP_DEnsembleModel_Alpha158_csi300_custom_step0_s_20260513_15,bdac501e292a4d20b3b2242d54a3843d,0.071,,,
3132,2026-05-13,SH601878,0.0871913368884733,EXP_DEnsembleModel_Alpha158_csi300_custom_step0_s_20260513_15,bdac501e292a4d20b3b2242d54a3843d,0.071,,,
3133,2026-05-13,SH601881,0.07394873045744131,EXP_DEnsembleModel_Alpha158_csi300_custom_step0_s_20260513_15,bdac501e292a4d20b3b2242d54a3843d,0.071,,,
3134,2026-05-13,SH601888,-0.0050212355530950175,EXP_DEnsembleModel_Alpha158_csi300_custom_step0_s_20260513_15,bdac501e292a4d20b3b2242d54a3843d,0.071,,,
3135,2026-05-13,SH601898,-0.057038986707003164,EXP_DEnsembleModel_Alpha158_csi300_custom_step0_s_20260513_15,bdac501e292a4d20b3b2242d54a3843d,0.071,,,
3136,2026-05-13,SH601899,-0.04396078205782527,EXP_DEnsembleModel_Alpha158_csi300_custom_step0_s_20260513_15,bdac501e292a4d20b3b2242d54a3843d,0.071,,,
3137,2026-05-13,SH601901,0.07769528121789204,EXP_DEnsembleModel_Alpha158_csi300_custom_step0_s_20260513_15,bdac501e292a4d20b3b2242d54a3843d,0.071,,,
3138,2026-05-13,SH601916,0.11145788900777907,EXP_DEnsembleModel_Alpha158_csi300_custom_step0_s_20260513_15,bdac501e292a4d20b3b2242d54a3843d,0.071,,,
3139,2026-05-13,SH601919,0.008941523818369308,EXP_DEnsembleModel_Alpha158_csi300_custom_step0_s_20260513_15,bdac501e292a4d20b3b2242d54a3843d,0.071,,,
3140,2026-05-13,SH601939,0.10930446585746899,EXP_DEnsembleModel_Alpha158_csi300_custom_step0_s_20260513_15,bdac501e292a4d20b3b2242d54a3843d,0.071,,,
3141,2026-05-13,SH601985,0.18694314840995088,EXP_DEnsembleModel_Alpha158_csi300_custom_step0_s_20260513_15,bdac501e292a4d20b3b2242d54a3843d,0.071,,,
3142,2026-05-13,SH601988,0.13194022358546398,EXP_DEnsembleModel_Alpha158_csi300_custom_step0_s_20260513_15,bdac501e292a4d20b3b2242d54a3843d,0.071,,,
3143,2026-05-13,SH601995,0.12710021457305637,EXP_DEnsembleModel_Alpha158_csi300_custom_step0_s_20260513_15,bdac501e292a4d20b3b2242d54a3843d,0.071,,,
3144,2026-05-13,SH601998,0.12867650871093927,EXP_DEnsembleModel_Alpha158_csi300_custom_step0_s_20260513_15,bdac501e292a4d20b3b2242d54a3843d,0.071,,,
3145,2026-05-13,SH603019,-0.06916915149882613,EXP_DEnsembleModel_Alpha158_csi300_custom_step0_s_20260513_15,bdac501e292a4d20b3b2242d54a3843d,0.071,,,
3146,2026-05-13,SH603195,-0.06062826586224208,EXP_DEnsembleModel_Alpha158_csi300_custom_step0_s_20260513_15,bdac501e292a4d20b3b2242d54a3843d,0.071,,,
3147,2026-05-13,SH600919,0.07977810112778713,EXP_DEnsembleModel_Alpha158_csi300_custom_step0_s_20260513_15,bdac501e292a4d20b3b2242d54a3843d,0.071,,,
3148,2026-05-13,SH601919,-0.031100811302387458,EXP_LGBModel_Alpha158_csi300_custom_step0_s_20260513_17,a8e1c37232d44d4bb63dc47bc075e834,0.127,,,
3149,2026-05-13,SH601916,-0.024598228813614096,EXP_LGBModel_Alpha158_csi300_custom_step0_s_20260513_17,a8e1c37232d44d4bb63dc47bc075e834,0.127,,,
3150,2026-05-13,SH601901,0.016248935828484155,EXP_LGBModel_Alpha158_csi300_custom_step0_s_20260513_17,a8e1c37232d44d4bb63dc47bc075e834,0.127,,,
3151,2026-05-13,SH601877,-0.0019748652524954097,EXP_LGBModel_Alpha158_csi300_custom_step0_s_20260513_17,28bd53814cee49e58f4e78a0aceeee1d,0.01,,,
3152,2026-05-13,SH601878,-6.170914881431975e-10,EXP_LGBModel_Alpha158_csi300_custom_step0_s_20260513_17,28bd53814cee49e58f4e78a0aceeee1d,0.01,,,
3153,2026-05-13,SH601881,-6.170914881431975e-10,EXP_LGBModel_Alpha158_csi300_custom_step0_s_20260513_17,28bd53814cee49e58f4e78a0aceeee1d,0.01,,,
3154,2026-05-13,SH601888,-6.170914881431975e-10,EXP_LGBModel_Alpha158_csi300_custom_step0_s_20260513_17,28bd53814cee49e58f4e78a0aceeee1d,0.01,,,
3155,2026-05-13,SH601898,-0.0019748652524954097,EXP_LGBModel_Alpha158_csi300_custom_step0_s_20260513_17,28bd53814cee49e58f4e78a0aceeee1d,0.01,,,
3156,2026-05-13,SH601899,-0.0019748652524954097,EXP_LGBModel_Alpha158_csi300_custom_step0_s_20260513_17,28bd53814cee49e58f4e78a0aceeee1d,0.01,,,
3157,2026-05-13,SH601901,-6.170914881431975e-10,EXP_LGBModel_Alpha158_csi300_custom_step0_s_20260513_17,28bd53814cee49e58f4e78a0aceeee1d,0.01,,,
3158,2026-05-13,SH601916,-6.170914881431975e-10,EXP_LGBModel_Alpha158_csi300_custom_step0_s_20260513_17,28bd53814cee49e58f4e78a0aceeee1d,0.01,,,
3159,2026-05-13,SH601919,0.003033520887621805,EXP_LGBModel_Alpha158_csi300_custom_step0_s_20260513_17,28bd53814cee49e58f4e78a0aceeee1d,0.01,,,
3160,2026-05-13,SH601939,0.0006690687798375831,EXP_LGBModel_Alpha158_csi300_custom_step0_s_20260513_17,28bd53814cee49e58f4e78a0aceeee1d,0.01,,,
3161,2026-05-13,SH601985,-6.170914881431975e-10,EXP_LGBModel_Alpha158_csi300_custom_step0_s_20260513_17,28bd53814cee49e58f4e78a0aceeee1d,0.01,,,
3162,2026-05-13,SH601872,-0.0019748652524954097,EXP_LGBModel_Alpha158_csi300_custom_step0_s_20260513_17,28bd53814cee49e58f4e78a0aceeee1d,0.01,,,
3163,2026-05-13,SH601988,0.003033520887621805,EXP_LGBModel_Alpha158_csi300_custom_step0_s_20260513_17,28bd53814cee49e58f4e78a0aceeee1d,0.01,,,
3164,2026-05-13,SH601998,-6.170914881431975e-10,EXP_LGBModel_Alpha158_csi300_custom_step0_s_20260513_17,28bd53814cee49e58f4e78a0aceeee1d,0.01,,,
3165,2026-05-13,SH603019,-0.0019748652524954097,EXP_LGBModel_Alpha158_csi300_custom_step0_s_20260513_17,28bd53814cee49e58f4e78a0aceeee1d,0.01,,,
3166,2026-05-13,SH603195,-6.170914881431975e-10,EXP_LGBModel_Alpha158_csi300_custom_step0_s_20260513_17,28bd53814cee49e58f4e78a0aceeee1d,0.01,,,
3167,2026-05-13,SH603259,-0.0019748652524954097,EXP_LGBModel_Alpha158_csi300_custom_step0_s_20260513_17,28bd53814cee49e58f4e78a0aceeee1d,0.01,,,
3168,2026-05-13,SH603260,-6.170914881431975e-10,EXP_LGBModel_Alpha158_csi300_custom_step0_s_20260513_17,28bd53814cee49e58f4e78a0aceeee1d,0.01,,,
3169,2026-05-13,SH603288,-6.170914881431975e-10,EXP_LGBModel_Alpha158_csi300_custom_step0_s_20260513_17,28bd53814cee49e58f4e78a0aceeee1d,0.01,,,
3170,2026-05-13,SH603296,-6.170914881431975e-10,EXP_LGBModel_Alpha158_csi300_custom_step0_s_20260513_17,28bd53814cee49e58f4e78a0aceeee1d,0.01,,,
3171,2026-05-13,SH603369,-0.0019748652524954097,EXP_LGBModel_Alpha158_csi300_custom_step0_s_20260513_17,28bd53814cee49e58f4e78a0aceeee1d,0.01,,,
3172,2026-05-13,SH603392,-0.0019748652524954097,EXP_LGBModel_Alpha158_csi300_custom_step0_s_20260513_17,28bd53814cee49e58f4e78a0aceeee1d,0.01,,,
3173,2026-05-13,SH603501,-6.170914881431975e-10,EXP_LGBModel_Alpha158_csi300_custom_step0_s_20260513_17,28bd53814cee49e58f4e78a0aceeee1d,0.01,,,
3174,2026-05-13,SH603799,-0.0019748652524954097,EXP_LGBModel_Alpha158_csi300_custom_step0_s_20260513_17,28bd53814cee49e58f4e78a0aceeee1d,0.01,,,
3175,2026-05-13,SH601995,-6.170914881431975e-10,EXP_LGBModel_Alpha158_csi300_custom_step0_s_20260513_17,28bd53814cee49e58f4e78a0aceeee1d,0.01,,,
3176,2026-05-13,SH603893,0.0006690687798375831,EXP_LGBModel_Alpha158_csi300_custom_step0_s_20260513_17,28bd53814cee49e58f4e78a0aceeee1d,0.01,,,
3177,2026-05-13,SH601868,-0.0019748652524954097,EXP_LGBModel_Alpha158_csi300_custom_step0_s_20260513_17,28bd53814cee49e58f4e78a0aceeee1d,0.01,,,
3178,2026-05-13,SH601838,0.003033520887621805,EXP_LGBModel_Alpha158_csi300_custom_step0_s_20260513_17,28bd53814cee49e58f4e78a0aceeee1d,0.01,,,
3179,2026-05-13,SH601377,-0.0019748652524954097,EXP_LGBModel_Alpha158_csi300_custom_step0_s_20260513_17,28bd53814cee49e58f4e78a0aceeee1d,0.01,,,
3180,2026-05-13,SH601390,-6.170914881431975e-10,EXP_LGBModel_Alpha158_csi300_custom_step0_s_20260513_17,28bd53814cee49e58f4e78a0aceeee1d,0.01,,,
3181,2026-05-13,SH601398,0.0006690687798375831,EXP_LGBModel_Alpha158_csi300_custom_step0_s_20260513_17,28bd53814cee49e58f4e78a0aceeee1d,0.01,,,
3182,2026-05-13,SH601456,-6.170914881431975e-10,EXP_LGBModel_Alpha158_csi300_custom_step0_s_20260513_17,28bd53814cee49e58f4e78a0aceeee1d,0.01,,,
3183,2026-05-13,SH601600,0.003033520887621805,EXP_LGBModel_Alpha158_csi300_custom_step0_s_20260513_17,28bd53814cee49e58f4e78a0aceeee1d,0.01,,,
3184,2026-05-13,SH601601,-0.0008451261857714423,EXP_LGBModel_Alpha158_csi300_custom_step0_s_20260513_17,28bd53814cee49e58f4e78a0aceeee1d,0.01,,,
3185,2026-05-13,SH601607,-6.170914881431975e-10,EXP_LGBModel_Alpha158_csi300_custom_step0_s_20260513_17,28bd53814cee49e58f4e78a0aceeee1d,0.01,,,
3186,2026-05-13,SH601618,0.0006690687798375831,EXP_LGBModel_Alpha158_csi300_custom_step0_s_20260513_17,28bd53814cee49e58f4e78a0aceeee1d,0.01,,,
3187,2026-05-13,SH601628,-6.170914881431975e-10,EXP_LGBModel_Alpha158_csi300_custom_step0_s_20260513_17,28bd53814cee49e58f4e78a0aceeee1d,0.01,,,
3188,2026-05-13,SH601633,-6.170914881431975e-10,EXP_LGBModel_Alpha158_csi300_custom_step0_s_20260513_17,28bd53814cee49e58f4e78a0aceeee1d,0.01,,,
3189,2026-05-13,SH601658,-6.170914881431975e-10,EXP_LGBModel_Alpha158_csi300_custom_step0_s_20260513_17,28bd53814cee49e58f4e78a0aceeee1d,0.01,,,
3190,2026-05-13,SH601857,-0.0019748652524954097,EXP_LGBModel_Alpha158_csi300_custom_step0_s_20260513_17,28bd53814cee49e58f4e78a0aceeee1d,0.01,,,
3191,2026-05-13,SH601668,0.0006690687798375831,EXP_LGBModel_Alpha158_csi300_custom_step0_s_20260513_17,28bd53814cee49e58f4e78a0aceeee1d,0.01,,,
3192,2026-05-13,SH601688,-6.170914881431975e-10,EXP_LGBModel_Alpha158_csi300_custom_step0_s_20260513_17,28bd53814cee49e58f4e78a0aceeee1d,0.01,,,
3193,2026-05-13,SH601689,-0.0019748652524954097,EXP_LGBModel_Alpha158_csi300_custom_step0_s_20260513_17,28bd53814cee49e58f4e78a0aceeee1d,0.01,,,
3194,2026-05-13,SH601698,-0.0019748652524954097,EXP_LGBModel_Alpha158_csi300_custom_step0_s_20260513_17,28bd53814cee49e58f4e78a0aceeee1d,0.01,,,
3195,2026-05-13,SH601728,-6.170914881431975e-10,EXP_LGBModel_Alpha158_csi300_custom_step0_s_20260513_17,28bd53814cee49e58f4e78a0aceeee1d,0.01,,,
3196,2026-05-13,SH601766,-0.0008451261857714423,EXP_LGBModel_Alpha158_csi300_custom_step0_s_20260513_17,28bd53814cee49e58f4e78a0aceeee1d,0.01,,,
3197,2026-05-13,SH601788,-6.170914881431975e-10,EXP_LGBModel_Alpha158_csi300_custom_step0_s_20260513_17,28bd53814cee49e58f4e78a0aceeee1d,0.01,,,
3198,2026-05-13,SH601800,-6.170914881431975e-10,EXP_LGBModel_Alpha158_csi300_custom_step0_s_20260513_17,28bd53814cee49e58f4e78a0aceeee1d,0.01,,,
3199,2026-05-13,SH601808,-0.0019748652524954097,EXP_LGBModel_Alpha158_csi300_custom_step0_s_20260513_17,28bd53814cee49e58f4e78a0aceeee1d,0.01,,,
3200,2026-05-13,SH601816,0.0006690687798375831,EXP_LGBModel_Alpha158_csi300_custom_step0_s_20260513_17,28bd53814cee49e58f4e78a0aceeee1d,0.01,,,
3201,2026-05-13,SH601818,-0.0008451261857714423,EXP_LGBModel_Alpha158_csi300_custom_step0_s_20260513_17,28bd53814cee49e58f4e78a0aceeee1d,0.01,,,
3202,2026-05-13,SH601825,-6.170914881431975e-10,EXP_LGBModel_Alpha158_csi300_custom_step0_s_20260513_17,28bd53814cee49e58f4e78a0aceeee1d,0.01,,,
3203,2026-05-13,SH601669,-0.0019748652524954097,EXP_LGBModel_Alpha158_csi300_custom_step0_s_20260513_17,28bd53814cee49e58f4e78a0aceeee1d,0.01,,,
3204,2026-05-13,SH601360,-0.0019748652524954097,EXP_LGBModel_Alpha158_csi300_custom_step0_s_20260513_17,28bd53814cee49e58f4e78a0aceeee1d,0.01,,,
3205,2026-05-13,SH603986,-6.170914881431975e-10,EXP_LGBModel_Alpha158_csi300_custom_step0_s_20260513_17,28bd53814cee49e58f4e78a0aceeee1d,0.01,,,
3206,2026-05-13,SH605117,-6.170914881431975e-10,EXP_LGBModel_Alpha158_csi300_custom_step0_s_20260513_17,28bd53814cee49e58f4e78a0aceeee1d,0.01,,,
3207,2026-05-13,SZ000338,-6.170914881431975e-10,EXP_LGBModel_Alpha158_csi300_custom_step0_s_20260513_17,28bd53814cee49e58f4e78a0aceeee1d,0.01,,,
3208,2026-05-13,SZ000408,0.0006690687798375831,EXP_LGBModel_Alpha158_csi300_custom_step0_s_20260513_17,28bd53814cee49e58f4e78a0aceeee1d,0.01,,,
3209,2026-05-13,SZ000425,-0.0019748652524954097,EXP_LGBModel_Alpha158_csi300_custom_step0_s_20260513_17,28bd53814cee49e58f4e78a0aceeee1d,0.01,,,
3210,2026-05-13,SZ000538,-0.0008451261857714423,EXP_LGBModel_Alpha158_csi300_custom_step0_s_20260513_17,28bd53814cee49e58f4e78a0aceeee1d,0.01,,,
3211,2026-05-13,SZ000568,-6.170914881431975e-10,EXP_LGBModel_Alpha158_csi300_custom_step0_s_20260513_17,28bd53814cee49e58f4e78a0aceeee1d,0.01,,,
3212,2026-05-13,SZ000596,-0.0019748652524954097,EXP_LGBModel_Alpha158_csi300_custom_step0_s_20260513_17,28bd53814cee49e58f4e78a0aceeee1d,0.01,,,
3213,2026-05-13,SZ000617,-6.170914881431975e-10,EXP_LGBModel_Alpha158_csi300_custom_step0_s_20260513_17,28bd53814cee49e58f4e78a0aceeee1d,0.01,,,
3214,2026-05-13,SZ000625,-6.170914881431975e-10,EXP_LGBModel_Alpha158_csi300_custom_step0_s_20260513_17,28bd53814cee49e58f4e78a0aceeee1d,0.01,,,
3215,2026-05-13,SZ000630,-0.0019748652524954097,EXP_LGBModel_Alpha158_csi300_custom_step0_s_20260513_17,28bd53814cee49e58f4e78a0aceeee1d,0.01,,,
3216,2026-05-13,SZ000651,-6.170914881431975e-10,EXP_LGBModel_Alpha158_csi300_custom_step0_s_20260513_17,28bd53814cee49e58f4e78a0aceeee1d,0.01,,,
3217,2026-05-13,SZ000661,-0.0019748652524954097,EXP_LGBModel_Alpha158_csi300_custom_step0_s_20260513_17,28bd53814cee49e58f4e78a0aceeee1d,0.01,,,
3218,2026-05-13,SZ000333,0.0006690687798375831,EXP_LGBModel_Alpha158_csi300_custom_step0_s_20260513_17,28bd53814cee49e58f4e78a0aceeee1d,0.01,,,
3219,2026-05-13,SZ000708,-0.0008451261857714423,EXP_LGBModel_Alpha158_csi300_custom_step0_s_20260513_17,28bd53814cee49e58f4e78a0aceeee1d,0.01,,,
3220,2026-05-13,SZ000768,-0.0019748652524954097,EXP_LGBModel_Alpha158_csi300_custom_step0_s_20260513_17,28bd53814cee49e58f4e78a0aceeee1d,0.01,,,
3221,2026-05-13,SZ000776,-6.170914881431975e-10,EXP_LGBModel_Alpha158_csi300_custom_step0_s_20260513_17,28bd53814cee49e58f4e78a0aceeee1d,0.01,,,
3222,2026-05-13,SZ000786,-0.0019748652524954097,EXP_LGBModel_Alpha158_csi300_custom_step0_s_20260513_17,28bd53814cee49e58f4e78a0aceeee1d,0.01,,,
3223,2026-05-13,SZ000792,-0.0019748652524954097,EXP_LGBModel_Alpha158_csi300_custom_step0_s_20260513_17,28bd53814cee49e58f4e78a0aceeee1d,0.01,,,
3224,2026-05-13,SZ000807,-6.170914881431975e-10,EXP_LGBModel_Alpha158_csi300_custom_step0_s_20260513_17,28bd53814cee49e58f4e78a0aceeee1d,0.01,,,
3225,2026-05-13,SZ000858,-6.170914881431975e-10,EXP_LGBModel_Alpha158_csi300_custom_step0_s_20260513_17,28bd53814cee49e58f4e78a0aceeee1d,0.01,,,
3226,2026-05-13,SZ000876,-0.0008451261857714423,EXP_LGBModel_Alpha158_csi300_custom_step0_s_20260513_17,28bd53814cee49e58f4e78a0aceeee1d,0.01,,,
3227,2026-05-13,SZ000895,-0.0019748652524954097,EXP_LGBModel_Alpha158_csi300_custom_step0_s_20260513_17,28bd53814cee49e58f4e78a0aceeee1d,0.01,,,
3228,2026-05-13,SZ000938,0.005064065574632794,EXP_LGBModel_Alpha158_csi300_custom_step0_s_20260513_17,28bd53814cee49e58f4e78a0aceeee1d,0.01,,,
3229,2026-05-13,SZ000963,-6.170914881431975e-10,EXP_LGBModel_Alpha158_csi300_custom_step0_s_20260513_17,28bd53814cee49e58f4e78a0aceeee1d,0.01,,,
3230,2026-05-13,SZ000975,-6.170914881431975e-10,EXP_LGBModel_Alpha158_csi300_custom_step0_s_20260513_17,28bd53814cee49e58f4e78a0aceeee1d,0.01,,,
3231,2026-05-13,SZ000725,0.0006690687798375831,EXP_LGBModel_Alpha158_csi300_custom_step0_s_20260513_17,28bd53814cee49e58f4e78a0aceeee1d,0.01,,,
3232,2026-05-13,SH603993,-0.0019748652524954097,EXP_LGBModel_Alpha158_csi300_custom_step0_s_20260513_17,28bd53814cee49e58f4e78a0aceeee1d,0.01,,,
3233,2026-05-13,SZ000301,0.003033520887621805,EXP_LGBModel_Alpha158_csi300_custom_step0_s_20260513_17,28bd53814cee49e58f4e78a0aceeee1d,0.01,,,
3234,2026-05-13,SZ000157,-6.170914881431975e-10,EXP_LGBModel_Alpha158_csi300_custom_step0_s_20260513_17,28bd53814cee49e58f4e78a0aceeee1d,0.01,,,
3235,2026-05-13,SH605499,-0.0019748652524954097,EXP_LGBModel_Alpha158_csi300_custom_step0_s_20260513_17,28bd53814cee49e58f4e78a0aceeee1d,0.01,,,
3236,2026-05-13,SH688008,-6.170914881431975e-10,EXP_LGBModel_Alpha158_csi300_custom_step0_s_20260513_17,28bd53814cee49e58f4e78a0aceeee1d,0.01,,,
3237,2026-05-13,SH688009,-0.0008451261857714423,EXP_LGBModel_Alpha158_csi300_custom_step0_s_20260513_17,28bd53814cee49e58f4e78a0aceeee1d,0.01,,,
3238,2026-05-13,SH688012,-6.170914881431975e-10,EXP_LGBModel_Alpha158_csi300_custom_step0_s_20260513_17,28bd53814cee49e58f4e78a0aceeee1d,0.01,,,
3239,2026-05-13,SH688036,0.0006690687798375831,EXP_LGBModel_Alpha158_csi300_custom_step0_s_20260513_17,28bd53814cee49e58f4e78a0aceeee1d,0.01,,,
3240,2026-05-13,SH688041,-6.170914881431975e-10,EXP_LGBModel_Alpha158_csi300_custom_step0_s_20260513_17,28bd53814cee49e58f4e78a0aceeee1d,0.01,,,
3241,2026-05-13,SH688047,-6.170914881431975e-10,EXP_LGBModel_Alpha158_csi300_custom_step0_s_20260513_17,28bd53814cee49e58f4e78a0aceeee1d,0.01,,,
3242,2026-05-13,SH688082,-0.0019748652524954097,EXP_LGBModel_Alpha158_csi300_custom_step0_s_20260513_17,28bd53814cee49e58f4e78a0aceeee1d,0.01,,,
3243,2026-05-13,SH688111,-0.0019748652524954097,EXP_LGBModel_Alpha158_csi300_custom_step0_s_20260513_17,28bd53814cee49e58f4e78a0aceeee1d,0.01,,,
3244,2026-05-13,SH688126,-0.0038545417493679084,EXP_LGBModel_Alpha158_csi300_custom_step0_s_20260513_17,28bd53814cee49e58f4e78a0aceeee1d,0.01,,,
3245,2026-05-13,SH688169,-6.170914881431975e-10,EXP_LGBModel_Alpha158_csi300_custom_step0_s_20260513_17,28bd53814cee49e58f4e78a0aceeee1d,0.01,,,
3246,2026-05-13,SZ000166,-6.170914881431975e-10,EXP_LGBModel_Alpha158_csi300_custom_step0_s_20260513_17,28bd53814cee49e58f4e78a0aceeee1d,0.01,,,
3247,2026-05-13,SH688187,-6.170914881431975e-10,EXP_LGBModel_Alpha158_csi300_custom_step0_s_20260513_17,28bd53814cee49e58f4e78a0aceeee1d,0.01,,,
3248,2026-05-13,SH688256,-6.170914881431975e-10,EXP_LGBModel_Alpha158_csi300_custom_step0_s_20260513_17,28bd53814cee49e58f4e78a0aceeee1d,0.01,,,
3249,2026-05-13,SH688271,-6.170914881431975e-10,EXP_LGBModel_Alpha158_csi300_custom_step0_s_20260513_17,28bd53814cee49e58f4e78a0aceeee1d,0.01,,,
3250,2026-05-13,SH688303,-0.0008451261857714423,EXP_LGBModel_Alpha158_csi300_custom_step0_s_20260513_17,28bd53814cee49e58f4e78a0aceeee1d,0.01,,,
3251,2026-05-13,SH688396,-6.170914881431975e-10,EXP_LGBModel_Alpha158_csi300_custom_step0_s_20260513_17,28bd53814cee49e58f4e78a0aceeee1d,0.01,,,
3252,2026-05-13,SH688472,-0.0019748652524954097,EXP_LGBModel_Alpha158_csi300_custom_step0_s_20260513_17,28bd53814cee49e58f4e78a0aceeee1d,0.01,,,
3253,2026-05-13,SH688506,-0.0019748652524954097,EXP_LGBModel_Alpha158_csi300_custom_step0_s_20260513_17,28bd53814cee49e58f4e78a0aceeee1d,0.01,,,
3254,2026-05-13,SH688981,0.005064065574632794,EXP_LGBModel_Alpha158_csi300_custom_step0_s_20260513_17,28bd53814cee49e58f4e78a0aceeee1d,0.01,,,
3255,2026-05-13,SZ000001,0.0006690687798375831,EXP_LGBModel_Alpha158_csi300_custom_step0_s_20260513_17,28bd53814cee49e58f4e78a0aceeee1d,0.01,,,
3256,2026-05-13,SZ000002,-0.0019748652524954097,EXP_LGBModel_Alpha158_csi300_custom_step0_s_20260513_17,28bd53814cee49e58f4e78a0aceeee1d,0.01,,,
3257,2026-05-13,SZ000063,-0.0019748652524954097,EXP_LGBModel_Alpha158_csi300_custom_step0_s_20260513_17,28bd53814cee49e58f4e78a0aceeee1d,0.01,,,
3258,2026-05-13,SZ000100,0.0006690687798375831,EXP_LGBModel_Alpha158_csi300_custom_step0_s_20260513_17,28bd53814cee49e58f4e78a0aceeee1d,0.01,,,
3259,2026-05-13,SH688223,-0.0019748652524954097,EXP_LGBModel_Alpha158_csi300_custom_step0_s_20260513_17,28bd53814cee49e58f4e78a0aceeee1d,0.01,,,
3260,2026-05-13,SH601336,-0.0019748652524954097,EXP_LGBModel_Alpha158_csi300_custom_step0_s_20260513_17,28bd53814cee49e58f4e78a0aceeee1d,0.01,,,
3261,2026-05-13,SH601328,-6.170914881431975e-10,EXP_LGBModel_Alpha158_csi300_custom_step0_s_20260513_17,28bd53814cee49e58f4e78a0aceeee1d,0.01,,,
3262,2026-05-13,SH601319,-6.170914881431975e-10,EXP_LGBModel_Alpha158_csi300_custom_step0_s_20260513_17,28bd53814cee49e58f4e78a0aceeee1d,0.01,,,
3263,2026-05-13,SH600161,-6.170914881431975e-10,EXP_LGBModel_Alpha158_csi300_custom_step0_s_20260513_17,28bd53814cee49e58f4e78a0aceeee1d,0.01,,,
3264,2026-05-13,SH600176,-6.170914881431975e-10,EXP_LGBModel_Alpha158_csi300_custom_step0_s_20260513_17,28bd53814cee49e58f4e78a0aceeee1d,0.01,,,
3265,2026-05-13,SH600183,-6.170914881431975e-10,EXP_LGBModel_Alpha158_csi300_custom_step0_s_20260513_17,28bd53814cee49e58f4e78a0aceeee1d,0.01,,,
3266,2026-05-13,SH600188,-0.0019748652524954097,EXP_LGBModel_Alpha158_csi300_custom_step0_s_20260513_17,28bd53814cee49e58f4e78a0aceeee1d,0.01,,,
3267,2026-05-13,SH600196,-0.0008451261857714423,EXP_LGBModel_Alpha158_csi300_custom_step0_s_20260513_17,28bd53814cee49e58f4e78a0aceeee1d,0.01,,,
3268,2026-05-13,SH600219,-6.170914881431975e-10,EXP_LGBModel_Alpha158_csi300_custom_step0_s_20260513_17,28bd53814cee49e58f4e78a0aceeee1d,0.01,,,
3269,2026-05-13,SH600233,-0.0019748652524954097,EXP_LGBModel_Alpha158_csi300_custom_step0_s_20260513_17,28bd53814cee49e58f4e78a0aceeee1d,0.01,,,
3270,2026-05-13,SH600276,-6.170914881431975e-10,EXP_LGBModel_Alpha158_csi300_custom_step0_s_20260513_17,28bd53814cee49e58f4e78a0aceeee1d,0.01,,,
3271,2026-05-13,SH600309,-6.170914881431975e-10,EXP_LGBModel_Alpha158_csi300_custom_step0_s_20260513_17,28bd53814cee49e58f4e78a0aceeee1d,0.01,,,
3272,2026-05-13,SH600346,-6.170914881431975e-10,EXP_LGBModel_Alpha158_csi300_custom_step0_s_20260513_17,28bd53814cee49e58f4e78a0aceeee1d,0.01,,,
3273,2026-05-13,SH600362,-0.0019748652524954097,EXP_LGBModel_Alpha158_csi300_custom_step0_s_20260513_17,28bd53814cee49e58f4e78a0aceeee1d,0.01,,,
3274,2026-05-13,SH600160,-0.0019748652524954097,EXP_LGBModel_Alpha158_csi300_custom_step0_s_20260513_17,28bd53814cee49e58f4e78a0aceeee1d,0.01,,,
3275,2026-05-13,SH600372,-0.0019748652524954097,EXP_LGBModel_Alpha158_csi300_custom_step0_s_20260513_17,28bd53814cee49e58f4e78a0aceeee1d,0.01,,,
3276,2026-05-13,SH600406,0.0018601888505592066,EXP_LGBModel_Alpha158_csi300_custom_step0_s_20260513_17,28bd53814cee49e58f4e78a0aceeee1d,0.01,,,
3277,2026-05-13,SH600415,-0.0019748652524954097,EXP_LGBModel_Alpha158_csi300_custom_step0_s_20260513_17,28bd53814cee49e58f4e78a0aceeee1d,0.01,,,
3278,2026-05-13,SH600426,-0.0019748652524954097,EXP_LGBModel_Alpha158_csi300_custom_step0_s_20260513_17,28bd53814cee49e58f4e78a0aceeee1d,0.01,,,
3279,2026-05-13,SH600436,-6.170914881431975e-10,EXP_LGBModel_Alpha158_csi300_custom_step0_s_20260513_17,28bd53814cee49e58f4e78a0aceeee1d,0.01,,,
3280,2026-05-13,SH600438,-0.0008451261857714423,EXP_LGBModel_Alpha158_csi300_custom_step0_s_20260513_17,28bd53814cee49e58f4e78a0aceeee1d,0.01,,,
3281,2026-05-13,SH600460,0.0018601888505592066,EXP_LGBModel_Alpha158_csi300_custom_step0_s_20260513_17,28bd53814cee49e58f4e78a0aceeee1d,0.01,,,
3282,2026-05-13,SH600482,-6.170914881431975e-10,EXP_LGBModel_Alpha158_csi300_custom_step0_s_20260513_17,28bd53814cee49e58f4e78a0aceeee1d,0.01,,,
3283,2026-05-13,SH600489,-0.0019748652524954097,EXP_LGBModel_Alpha158_csi300_custom_step0_s_20260513_17,28bd53814cee49e58f4e78a0aceeee1d,0.01,,,
3284,2026-05-13,SH600515,-6.170914881431975e-10,EXP_LGBModel_Alpha158_csi300_custom_step0_s_20260513_17,28bd53814cee49e58f4e78a0aceeee1d,0.01,,,
3285,2026-05-13,SH600519,-0.0008451261857714423,EXP_LGBModel_Alpha158_csi300_custom_step0_s_20260513_17,28bd53814cee49e58f4e78a0aceeee1d,0.01,,,
3286,2026-05-13,SH600522,-6.170914881431975e-10,EXP_LGBModel_Alpha158_csi300_custom_step0_s_20260513_17,28bd53814cee49e58f4e78a0aceeee1d,0.01,,,
3287,2026-05-13,SH600377,-6.170914881431975e-10,EXP_LGBModel_Alpha158_csi300_custom_step0_s_20260513_17,28bd53814cee49e58f4e78a0aceeee1d,0.01,,,
3288,2026-05-13,SH600547,-6.170914881431975e-10,EXP_LGBModel_Alpha158_csi300_custom_step0_s_20260513_17,28bd53814cee49e58f4e78a0aceeee1d,0.01,,,
3289,2026-05-13,SH600150,-6.170914881431975e-10,EXP_LGBModel_Alpha158_csi300_custom_step0_s_20260513_17,28bd53814cee49e58f4e78a0aceeee1d,0.01,,,
3290,2026-05-13,SH600111,-0.0019748652524954097,EXP_LGBModel_Alpha158_csi300_custom_step0_s_20260513_17,28bd53814cee49e58f4e78a0aceeee1d,0.01,,,
3291,2026-05-13,SH600009,-6.170914881431975e-10,EXP_LGBModel_Alpha158_csi300_custom_step0_s_20260513_17,28bd53814cee49e58f4e78a0aceeee1d,0.01,,,
3292,2026-05-13,SH600010,-0.0019748652524954097,EXP_LGBModel_Alpha158_csi300_custom_step0_s_20260513_17,28bd53814cee49e58f4e78a0aceeee1d,0.01,,,
3293,2026-05-13,SH600011,0.0018601888505592066,EXP_LGBModel_Alpha158_csi300_custom_step0_s_20260513_17,28bd53814cee49e58f4e78a0aceeee1d,0.01,,,
3294,2026-05-13,SH600015,-6.170914881431975e-10,EXP_LGBModel_Alpha158_csi300_custom_step0_s_20260513_17,28bd53814cee49e58f4e78a0aceeee1d,0.01,,,
3295,2026-05-13,SH600016,-0.0008451261857714423,EXP_LGBModel_Alpha158_csi300_custom_step0_s_20260513_17,28bd53814cee49e58f4e78a0aceeee1d,0.01,,,
3296,2026-05-13,SH600018,-6.170914881431975e-10,EXP_LGBModel_Alpha158_csi300_custom_step0_s_20260513_17,28bd53814cee49e58f4e78a0aceeee1d,0.01,,,
3297,2026-05-13,SH600019,-6.170914881431975e-10,EXP_LGBModel_Alpha158_csi300_custom_step0_s_20260513_17,28bd53814cee49e58f4e78a0aceeee1d,0.01,,,
3298,2026-05-13,SH600023,0.0018601888505592066,EXP_LGBModel_Alpha158_csi300_custom_step0_s_20260513_17,28bd53814cee49e58f4e78a0aceeee1d,0.01,,,
3299,2026-05-13,SH600025,-0.0008451261857714423,EXP_LGBModel_Alpha158_csi300_custom_step0_s_20260513_17,28bd53814cee49e58f4e78a0aceeee1d,0.01,,,
3300,2026-05-13,SH600026,-0.0019748652524954097,EXP_LGBModel_Alpha158_csi300_custom_step0_s_20260513_17,28bd53814cee49e58f4e78a0aceeee1d,0.01,,,
3301,2026-05-13,SH600027,0.0018601888505592066,EXP_LGBModel_Alpha158_csi300_custom_step0_s_20260513_17,28bd53814cee49e58f4e78a0aceeee1d,0.01,,,
3302,2026-05-13,SH600115,-0.0019748652524954097,EXP_LGBModel_Alpha158_csi300_custom_step0_s_20260513_17,28bd53814cee49e58f4e78a0aceeee1d,0.01,,,
3303,2026-05-13,SH600028,-6.170914881431975e-10,EXP_LGBModel_Alpha158_csi300_custom_step0_s_20260513_17,28bd53814cee49e58f4e78a0aceeee1d,0.01,,,
3304,2026-05-13,SH600030,-6.170914881431975e-10,EXP_LGBModel_Alpha158_csi300_custom_step0_s_20260513_17,28bd53814cee49e58f4e78a0aceeee1d,0.01,,,
3305,2026-05-13,SH600031,-0.0019748652524954097,EXP_LGBModel_Alpha158_csi300_custom_step0_s_20260513_17,28bd53814cee49e58f4e78a0aceeee1d,0.01,,,
3306,2026-05-13,SH600036,-6.170914881431975e-10,EXP_LGBModel_Alpha158_csi300_custom_step0_s_20260513_17,28bd53814cee49e58f4e78a0aceeee1d,0.01,,,
3307,2026-05-13,SH600039,0.005064065574632794,EXP_LGBModel_Alpha158_csi300_custom_step0_s_20260513_17,28bd53814cee49e58f4e78a0aceeee1d,0.01,,,
3308,2026-05-13,SH600048,-0.0019748652524954097,EXP_LGBModel_Alpha158_csi300_custom_step0_s_20260513_17,28bd53814cee49e58f4e78a0aceeee1d,0.01,,,
3309,2026-05-13,SH600050,-0.0019748652524954097,EXP_LGBModel_Alpha158_csi300_custom_step0_s_20260513_17,28bd53814cee49e58f4e78a0aceeee1d,0.01,,,
3310,2026-05-13,SH600061,0.003033520887621805,EXP_LGBModel_Alpha158_csi300_custom_step0_s_20260513_17,28bd53814cee49e58f4e78a0aceeee1d,0.01,,,
3311,2026-05-13,SH600066,0.003033520887621805,EXP_LGBModel_Alpha158_csi300_custom_step0_s_20260513_17,28bd53814cee49e58f4e78a0aceeee1d,0.01,,,
3312,2026-05-13,SH600085,-6.170914881431975e-10,EXP_LGBModel_Alpha158_csi300_custom_step0_s_20260513_17,28bd53814cee49e58f4e78a0aceeee1d,0.01,,,
3313,2026-05-13,SH600089,-0.0019748652524954097,EXP_LGBModel_Alpha158_csi300_custom_step0_s_20260513_17,28bd53814cee49e58f4e78a0aceeee1d,0.01,,,
3314,2026-05-13,SH600104,-6.170914881431975e-10,EXP_LGBModel_Alpha158_csi300_custom_step0_s_20260513_17,28bd53814cee49e58f4e78a0aceeee1d,0.01,,,
3315,2026-05-13,SH600029,-0.0019748652524954097,EXP_LGBModel_Alpha158_csi300_custom_step0_s_20260513_17,28bd53814cee49e58f4e78a0aceeee1d,0.01,,,
3316,2026-05-13,SH600570,-0.0019748652524954097,EXP_LGBModel_Alpha158_csi300_custom_step0_s_20260513_17,28bd53814cee49e58f4e78a0aceeee1d,0.01,,,
3317,2026-05-13,SH600584,-6.170914881431975e-10,EXP_LGBModel_Alpha158_csi300_custom_step0_s_20260513_17,28bd53814cee49e58f4e78a0aceeee1d,0.01,,,
3318,2026-05-13,SH600585,-6.170914881431975e-10,EXP_LGBModel_Alpha158_csi300_custom_step0_s_20260513_17,28bd53814cee49e58f4e78a0aceeee1d,0.01,,,
3319,2026-05-13,SH601018,-0.0008451261857714423,EXP_LGBModel_Alpha158_csi300_custom_step0_s_20260513_17,28bd53814cee49e58f4e78a0aceeee1d,0.01,,,
3320,2026-05-13,SH601021,-6.170914881431975e-10,EXP_LGBModel_Alpha158_csi300_custom_step0_s_20260513_17,28bd53814cee49e58f4e78a0aceeee1d,0.01,,,
3321,2026-05-13,SH601058,-0.0019748652524954097,EXP_LGBModel_Alpha158_csi300_custom_step0_s_20260513_17,28bd53814cee49e58f4e78a0aceeee1d,0.01,,,
3322,2026-05-13,SH601059,-6.170914881431975e-10,EXP_LGBModel_Alpha158_csi300_custom_step0_s_20260513_17,28bd53814cee49e58f4e78a0aceeee1d,0.01,,,
3323,2026-05-13,SH601066,-0.0019748652524954097,EXP_LGBModel_Alpha158_csi300_custom_step0_s_20260513_17,28bd53814cee49e58f4e78a0aceeee1d,0.01,,,
3324,2026-05-13,SH601077,-6.170914881431975e-10,EXP_LGBModel_Alpha158_csi300_custom_step0_s_20260513_17,28bd53814cee49e58f4e78a0aceeee1d,0.01,,,
3325,2026-05-13,SH601088,-0.0019748652524954097,EXP_LGBModel_Alpha158_csi300_custom_step0_s_20260513_17,28bd53814cee49e58f4e78a0aceeee1d,0.01,,,
3326,2026-05-13,SH601100,-0.0019748652524954097,EXP_LGBModel_Alpha158_csi300_custom_step0_s_20260513_17,28bd53814cee49e58f4e78a0aceeee1d,0.01,,,
3327,2026-05-13,SH601111,-0.0019748652524954097,EXP_LGBModel_Alpha158_csi300_custom_step0_s_20260513_17,28bd53814cee49e58f4e78a0aceeee1d,0.01,,,
3328,2026-05-13,SH601117,0.003033520887621805,EXP_LGBModel_Alpha158_csi300_custom_step0_s_20260513_17,28bd53814cee49e58f4e78a0aceeee1d,0.01,,,
3329,2026-05-13,SH601127,-6.170914881431975e-10,EXP_LGBModel_Alpha158_csi300_custom_step0_s_20260513_17,28bd53814cee49e58f4e78a0aceeee1d,0.01,,,
3330,2026-05-13,SH601012,-0.0008451261857714423,EXP_LGBModel_Alpha158_csi300_custom_step0_s_20260513_17,28bd53814cee49e58f4e78a0aceeee1d,0.01,,,
3331,2026-05-13,SH601136,-6.170914881431975e-10,EXP_LGBModel_Alpha158_csi300_custom_step0_s_20260513_17,28bd53814cee49e58f4e78a0aceeee1d,0.01,,,
3332,2026-05-13,SH601166,-0.0008451261857714423,EXP_LGBModel_Alpha158_csi300_custom_step0_s_20260513_17,28bd53814cee49e58f4e78a0aceeee1d,0.01,,,
3333,2026-05-13,SH601169,-6.170914881431975e-10,EXP_LGBModel_Alpha158_csi300_custom_step0_s_20260513_17,28bd53814cee49e58f4e78a0aceeee1d,0.01,,,
3334,2026-05-13,SH601186,-0.0008451261857714423,EXP_LGBModel_Alpha158_csi300_custom_step0_s_20260513_17,28bd53814cee49e58f4e78a0aceeee1d,0.01,,,
3335,2026-05-13,SH601211,-6.170914881431975e-10,EXP_LGBModel_Alpha158_csi300_custom_step0_s_20260513_17,28bd53814cee49e58f4e78a0aceeee1d,0.01,,,
3336,2026-05-13,SH601225,-0.0019748652524954097,EXP_LGBModel_Alpha158_csi300_custom_step0_s_20260513_17,28bd53814cee49e58f4e78a0aceeee1d,0.01,,,
3337,2026-05-13,SH601229,-0.0008451261857714423,EXP_LGBModel_Alpha158_csi300_custom_step0_s_20260513_17,28bd53814cee49e58f4e78a0aceeee1d,0.01,,,
3338,2026-05-13,SH601236,-6.170914881431975e-10,EXP_LGBModel_Alpha158_csi300_custom_step0_s_20260513_17,28bd53814cee49e58f4e78a0aceeee1d,0.01,,,
3339,2026-05-13,SH601238,-6.170914881431975e-10,EXP_LGBModel_Alpha158_csi300_custom_step0_s_20260513_17,28bd53814cee49e58f4e78a0aceeee1d,0.01,,,
3340,2026-05-13,SH601288,-0.0008451261857714423,EXP_LGBModel_Alpha158_csi300_custom_step0_s_20260513_17,28bd53814cee49e58f4e78a0aceeee1d,0.01,,,
3341,2026-05-13,SH601298,-6.170914881431975e-10,EXP_LGBModel_Alpha158_csi300_custom_step0_s_20260513_17,28bd53814cee49e58f4e78a0aceeee1d,0.01,,,
3342,2026-05-13,SH601318,-0.0019748652524954097,EXP_LGBModel_Alpha158_csi300_custom_step0_s_20260513_17,28bd53814cee49e58f4e78a0aceeee1d,0.01,,,
3343,2026-05-13,SH601138,-6.170914881431975e-10,EXP_LGBModel_Alpha158_csi300_custom_step0_s_20260513_17,28bd53814cee49e58f4e78a0aceeee1d,0.01,,,
3344,2026-05-13,SH601009,-0.0019748652524954097,EXP_LGBModel_Alpha158_csi300_custom_step0_s_20260513_17,28bd53814cee49e58f4e78a0aceeee1d,0.01,,,
3345,2026-05-13,SH601006,0.0006690687798375831,EXP_LGBModel_Alpha158_csi300_custom_step0_s_20260513_17,28bd53814cee49e58f4e78a0aceeee1d,0.01,,,
3346,2026-05-13,SH600999,-0.0019748652524954097,EXP_LGBModel_Alpha158_csi300_custom_step0_s_20260513_17,28bd53814cee49e58f4e78a0aceeee1d,0.01,,,
3347,2026-05-13,SH600588,-0.0019748652524954097,EXP_LGBModel_Alpha158_csi300_custom_step0_s_20260513_17,28bd53814cee49e58f4e78a0aceeee1d,0.01,,,
3348,2026-05-13,SH600600,-6.170914881431975e-10,EXP_LGBModel_Alpha158_csi300_custom_step0_s_20260513_17,28bd53814cee49e58f4e78a0aceeee1d,0.01,,,
3349,2026-05-13,SH600660,0.0006690687798375831,EXP_LGBModel_Alpha158_csi300_custom_step0_s_20260513_17,28bd53814cee49e58f4e78a0aceeee1d,0.01,,,
3350,2026-05-13,SH600674,0.0006690687798375831,EXP_LGBModel_Alpha158_csi300_custom_step0_s_20260513_17,28bd53814cee49e58f4e78a0aceeee1d,0.01,,,
3351,2026-05-13,SH600690,-6.170914881431975e-10,EXP_LGBModel_Alpha158_csi300_custom_step0_s_20260513_17,28bd53814cee49e58f4e78a0aceeee1d,0.01,,,
3352,2026-05-13,SH600741,-6.170914881431975e-10,EXP_LGBModel_Alpha158_csi300_custom_step0_s_20260513_17,28bd53814cee49e58f4e78a0aceeee1d,0.01,,,
3353,2026-05-13,SH600760,-0.0019748652524954097,EXP_LGBModel_Alpha158_csi300_custom_step0_s_20260513_17,28bd53814cee49e58f4e78a0aceeee1d,0.01,,,
3354,2026-05-13,SH600795,-0.0019748652524954097,EXP_LGBModel_Alpha158_csi300_custom_step0_s_20260513_17,28bd53814cee49e58f4e78a0aceeee1d,0.01,,,
3355,2026-05-13,SH600803,-6.170914881431975e-10,EXP_LGBModel_Alpha158_csi300_custom_step0_s_20260513_17,28bd53814cee49e58f4e78a0aceeee1d,0.01,,,
3356,2026-05-13,SH600809,-0.0019748652524954097,EXP_LGBModel_Alpha158_csi300_custom_step0_s_20260513_17,28bd53814cee49e58f4e78a0aceeee1d,0.01,,,
3357,2026-05-13,SH600845,-0.0019748652524954097,EXP_LGBModel_Alpha158_csi300_custom_step0_s_20260513_17,28bd53814cee49e58f4e78a0aceeee1d,0.01,,,
3358,2026-05-13,SH600875,-0.0019748652524954097,EXP_LGBModel_Alpha158_csi300_custom_step0_s_20260513_17,28bd53814cee49e58f4e78a0aceeee1d,0.01,,,
3359,2026-05-13,SH600886,-0.0008451261857714423,EXP_LGBModel_Alpha158_csi300_custom_step0_s_20260513_17,28bd53814cee49e58f4e78a0aceeee1d,0.01,,,
3360,2026-05-13,SH600887,-0.0019748652524954097,EXP_LGBModel_Alpha158_csi300_custom_step0_s_20260513_17,28bd53814cee49e58f4e78a0aceeee1d,0.01,,,
3361,2026-05-13,SH600893,-0.0019748652524954097,EXP_LGBModel_Alpha158_csi300_custom_step0_s_20260513_17,28bd53814cee49e58f4e78a0aceeee1d,0.01,,,
3362,2026-05-13,SH600900,0.0006690687798375831,EXP_LGBModel_Alpha158_csi300_custom_step0_s_20260513_17,28bd53814cee49e58f4e78a0aceeee1d,0.01,,,
3363,2026-05-13,SH600905,0.0006690687798375831,EXP_LGBModel_Alpha158_csi300_custom_step0_s_20260513_17,28bd53814cee49e58f4e78a0aceeee1d,0.01,,,
3364,2026-05-13,SH600918,-6.170914881431975e-10,EXP_LGBModel_Alpha158_csi300_custom_step0_s_20260513_17,28bd53814cee49e58f4e78a0aceeee1d,0.01,,,
3365,2026-05-13,SH600919,0.0006690687798375831,EXP_LGBModel_Alpha158_csi300_custom_step0_s_20260513_17,28bd53814cee49e58f4e78a0aceeee1d,0.01,,,
3366,2026-05-13,SH600926,-6.170914881431975e-10,EXP_LGBModel_Alpha158_csi300_custom_step0_s_20260513_17,28bd53814cee49e58f4e78a0aceeee1d,0.01,,,
3367,2026-05-13,SH600930,-0.0019748652524954097,EXP_LGBModel_Alpha158_csi300_custom_step0_s_20260513_17,28bd53814cee49e58f4e78a0aceeee1d,0.01,,,
3368,2026-05-13,SH600938,-0.0019748652524954097,EXP_LGBModel_Alpha158_csi300_custom_step0_s_20260513_17,28bd53814cee49e58f4e78a0aceeee1d,0.01,,,
3369,2026-05-13,SH600941,-6.170914881431975e-10,EXP_LGBModel_Alpha158_csi300_custom_step0_s_20260513_17,28bd53814cee49e58f4e78a0aceeee1d,0.01,,,
3370,2026-05-13,SH600958,-0.0019748652524954097,EXP_LGBModel_Alpha158_csi300_custom_step0_s_20260513_17,28bd53814cee49e58f4e78a0aceeee1d,0.01,,,
3371,2026-05-13,SH600989,-0.0019748652524954097,EXP_LGBModel_Alpha158_csi300_custom_step0_s_20260513_17,28bd53814cee49e58f4e78a0aceeee1d,0.01,,,
3372,2026-05-13,SZ000977,-6.170914881431975e-10,EXP_LGBModel_Alpha158_csi300_custom_step0_s_20260513_17,28bd53814cee49e58f4e78a0aceeee1d,0.01,,,
3373,2026-05-13,SZ000983,-6.170914881431975e-10,EXP_LGBModel_Alpha158_csi300_custom_step0_s_20260513_17,28bd53814cee49e58f4e78a0aceeee1d,0.01,,,
3374,2026-05-13,SZ000999,-6.170914881431975e-10,EXP_LGBModel_Alpha158_csi300_custom_step0_s_20260513_17,28bd53814cee49e58f4e78a0aceeee1d,0.01,,,
3375,2026-05-13,SZ001391,0.003033520887621805,EXP_LGBModel_Alpha158_csi300_custom_step0_s_20260513_17,28bd53814cee49e58f4e78a0aceeee1d,0.01,,,
3376,2026-05-13,SH600845,0.06025597938359549,EXP_LGBModel_Alpha158_csi300_custom_step0_s_20260513_17,a8e1c37232d44d4bb63dc47bc075e834,0.127,,,
3377,2026-05-13,SH600875,0.023762628626164243,EXP_LGBModel_Alpha158_csi300_custom_step0_s_20260513_17,a8e1c37232d44d4bb63dc47bc075e834,0.127,,,
3378,2026-05-13,SH600886,-0.014995523366311197,EXP_LGBModel_Alpha158_csi300_custom_step0_s_20260513_17,a8e1c37232d44d4bb63dc47bc075e834,0.127,,,
3379,2026-05-13,SH600887,-0.006815303553197987,EXP_LGBModel_Alpha158_csi300_custom_step0_s_20260513_17,a8e1c37232d44d4bb63dc47bc075e834,0.127,,,
3380,2026-05-13,SH600893,-0.0003283807298830291,EXP_LGBModel_Alpha158_csi300_custom_step0_s_20260513_17,a8e1c37232d44d4bb63dc47bc075e834,0.127,,,
3381,2026-05-13,SH600900,-0.013415187566124146,EXP_LGBModel_Alpha158_csi300_custom_step0_s_20260513_17,a8e1c37232d44d4bb63dc47bc075e834,0.127,,,
3382,2026-05-13,SH600905,-0.000638713499022733,EXP_LGBModel_Alpha158_csi300_custom_step0_s_20260513_17,a8e1c37232d44d4bb63dc47bc075e834,0.127,,,
3383,2026-05-13,SH600918,-0.05668880590093235,EXP_LGBModel_Alpha158_csi300_custom_step0_s_20260513_17,a8e1c37232d44d4bb63dc47bc075e834,0.127,,,
3384,2026-05-13,SH600919,0.02600151875346224,EXP_LGBModel_Alpha158_csi300_custom_step0_s_20260513_17,a8e1c37232d44d4bb63dc47bc075e834,0.127,,,
3385,2026-05-13,SH600926,-0.020509538375280426,EXP_LGBModel_Alpha158_csi300_custom_step0_s_20260513_17,a8e1c37232d44d4bb63dc47bc075e834,0.127,,,
3386,2026-05-13,SH600930,0.03858104752252479,EXP_LGBModel_Alpha158_csi300_custom_step0_s_20260513_17,a8e1c37232d44d4bb63dc47bc075e834,0.127,,,
3387,2026-05-13,SH600809,-0.04651782108725975,EXP_LGBModel_Alpha158_csi300_custom_step0_s_20260513_17,a8e1c37232d44d4bb63dc47bc075e834,0.127,,,
3388,2026-05-13,SH600938,-0.01694781674462368,EXP_LGBModel_Alpha158_csi300_custom_step0_s_20260513_17,a8e1c37232d44d4bb63dc47bc075e834,0.127,,,
3389,2026-05-13,SH600958,0.0048486790781826225,EXP_LGBModel_Alpha158_csi300_custom_step0_s_20260513_17,a8e1c37232d44d4bb63dc47bc075e834,0.127,,,
3390,2026-05-13,SH600989,0.03909955032267631,EXP_LGBModel_Alpha158_csi300_custom_step0_s_20260513_17,a8e1c37232d44d4bb63dc47bc075e834,0.127,,,
3391,2026-05-13,SH600999,-0.00363578637391349,EXP_LGBModel_Alpha158_csi300_custom_step0_s_20260513_17,a8e1c37232d44d4bb63dc47bc075e834,0.127,,,
3392,2026-05-13,SH601006,-0.0055285136183486315,EXP_LGBModel_Alpha158_csi300_custom_step0_s_20260513_17,a8e1c37232d44d4bb63dc47bc075e834,0.127,,,
3393,2026-05-13,SH601009,-0.01976096024494642,EXP_LGBModel_Alpha158_csi300_custom_step0_s_20260513_17,a8e1c37232d44d4bb63dc47bc075e834,0.127,,,
3394,2026-05-13,SH601012,-0.017130027422375457,EXP_LGBModel_Alpha158_csi300_custom_step0_s_20260513_17,a8e1c37232d44d4bb63dc47bc075e834,0.127,,,
3395,2026-05-13,SH601018,-0.011056617814558543,EXP_LGBModel_Alpha158_csi300_custom_step0_s_20260513_17,a8e1c37232d44d4bb63dc47bc075e834,0.127,,,
3396,2026-05-13,SH601021,-0.01804687565878819,EXP_LGBModel_Alpha158_csi300_custom_step0_s_20260513_17,a8e1c37232d44d4bb63dc47bc075e834,0.127,,,
3397,2026-05-13,SH601058,-0.017173683840812505,EXP_LGBModel_Alpha158_csi300_custom_step0_s_20260513_17,a8e1c37232d44d4bb63dc47bc075e834,0.127,,,
3398,2026-05-13,SH601059,-0.006888382038222788,EXP_LGBModel_Alpha158_csi300_custom_step0_s_20260513_17,a8e1c37232d44d4bb63dc47bc075e834,0.127,,,
3399,2026-05-13,SH601066,0.002824863080762527,EXP_LGBModel_Alpha158_csi300_custom_step0_s_20260513_17,a8e1c37232d44d4bb63dc47bc075e834,0.127,,,
3400,2026-05-13,SH600941,0.005450556778790149,EXP_LGBModel_Alpha158_csi300_custom_step0_s_20260513_17,a8e1c37232d44d4bb63dc47bc075e834,0.127,,,
3401,2026-05-13,SH601077,-0.010386686196757557,EXP_LGBModel_Alpha158_csi300_custom_step0_s_20260513_17,a8e1c37232d44d4bb63dc47bc075e834,0.127,,,
3402,2026-05-13,SH600803,-0.004396083685385773,EXP_LGBModel_Alpha158_csi300_custom_step0_s_20260513_17,a8e1c37232d44d4bb63dc47bc075e834,0.127,,,
3403,2026-05-13,SH600760,-0.06394839823333769,EXP_LGBModel_Alpha158_csi300_custom_step0_s_20260513_17,a8e1c37232d44d4bb63dc47bc075e834,0.127,,,
3404,2026-05-13,SH600362,0.0028247012811123007,EXP_LGBModel_Alpha158_csi300_custom_step0_s_20260513_17,a8e1c37232d44d4bb63dc47bc075e834,0.127,,,
3405,2026-05-13,SH600372,0.018108222168390406,EXP_LGBModel_Alpha158_csi300_custom_step0_s_20260513_17,a8e1c37232d44d4bb63dc47bc075e834,0.127,,,
3406,2026-05-13,SH600377,-0.014283124242635677,EXP_LGBModel_Alpha158_csi300_custom_step0_s_20260513_17,a8e1c37232d44d4bb63dc47bc075e834,0.127,,,
3407,2026-05-13,SH600406,0.018471532466209122,EXP_LGBModel_Alpha158_csi300_custom_step0_s_20260513_17,a8e1c37232d44d4bb63dc47bc075e834,0.127,,,
3408,2026-05-13,SH600415,-0.010526985313843457,EXP_LGBModel_Alpha158_csi300_custom_step0_s_20260513_17,a8e1c37232d44d4bb63dc47bc075e834,0.127,,,
3409,2026-05-13,SH600426,-0.049954941388679355,EXP_LGBModel_Alpha158_csi300_custom_step0_s_20260513_17,a8e1c37232d44d4bb63dc47bc075e834,0.127,,,
3410,2026-05-13,SH600436,-0.05094338440714655,EXP_LGBModel_Alpha158_csi300_custom_step0_s_20260513_17,a8e1c37232d44d4bb63dc47bc075e834,0.127,,,
3411,2026-05-13,SH600438,0.03914869254551808,EXP_LGBModel_Alpha158_csi300_custom_step0_s_20260513_17,a8e1c37232d44d4bb63dc47bc075e834,0.127,,,
3412,2026-05-13,SH600460,0.0489067005751581,EXP_LGBModel_Alpha158_csi300_custom_step0_s_20260513_17,a8e1c37232d44d4bb63dc47bc075e834,0.127,,,
3413,2026-05-13,SH600482,0.01179574622136514,EXP_LGBModel_Alpha158_csi300_custom_step0_s_20260513_17,a8e1c37232d44d4bb63dc47bc075e834,0.127,,,
3414,2026-05-13,SH600489,-0.01670910790950873,EXP_LGBModel_Alpha158_csi300_custom_step0_s_20260513_17,a8e1c37232d44d4bb63dc47bc075e834,0.127,,,
3415,2026-05-13,SH600795,0.02504785191006862,EXP_LGBModel_Alpha158_csi300_custom_step0_s_20260513_17,a8e1c37232d44d4bb63dc47bc075e834,0.127,,,
3416,2026-05-13,SH600515,-0.003720327073179517,EXP_LGBModel_Alpha158_csi300_custom_step0_s_20260513_17,a8e1c37232d44d4bb63dc47bc075e834,0.127,,,
3417,2026-05-13,SH600522,0.12037136756004332,EXP_LGBModel_Alpha158_csi300_custom_step0_s_20260513_17,a8e1c37232d44d4bb63dc47bc075e834,0.127,,,
3418,2026-05-13,SH600547,-0.03121390699557528,EXP_LGBModel_Alpha158_csi300_custom_step0_s_20260513_17,a8e1c37232d44d4bb63dc47bc075e834,0.127,,,
3419,2026-05-13,SH600570,0.022287469874442967,EXP_LGBModel_Alpha158_csi300_custom_step0_s_20260513_17,a8e1c37232d44d4bb63dc47bc075e834,0.127,,,
3420,2026-05-13,SH600584,0.04065427240151374,EXP_LGBModel_Alpha158_csi300_custom_step0_s_20260513_17,a8e1c37232d44d4bb63dc47bc075e834,0.127,,,
3421,2026-05-13,SH600585,-0.06052401598268814,EXP_LGBModel_Alpha158_csi300_custom_step0_s_20260513_17,a8e1c37232d44d4bb63dc47bc075e834,0.127,,,
3422,2026-05-13,SH600588,0.00011694178085588924,EXP_LGBModel_Alpha158_csi300_custom_step0_s_20260513_17,a8e1c37232d44d4bb63dc47bc075e834,0.127,,,
3423,2026-05-13,SH600600,-0.060463212444017284,EXP_LGBModel_Alpha158_csi300_custom_step0_s_20260513_17,a8e1c37232d44d4bb63dc47bc075e834,0.127,,,
3424,2026-05-13,SH600660,-0.017548445901651374,EXP_LGBModel_Alpha158_csi300_custom_step0_s_20260513_17,a8e1c37232d44d4bb63dc47bc075e834,0.127,,,
3425,2026-05-13,SH600674,0.030154442924255998,EXP_LGBModel_Alpha158_csi300_custom_step0_s_20260513_17,a8e1c37232d44d4bb63dc47bc075e834,0.127,,,
3426,2026-05-13,SH600690,-0.04434806036112989,EXP_LGBModel_Alpha158_csi300_custom_step0_s_20260513_17,a8e1c37232d44d4bb63dc47bc075e834,0.127,,,
3427,2026-05-13,SH600741,-0.019545171144330208,EXP_LGBModel_Alpha158_csi300_custom_step0_s_20260513_17,a8e1c37232d44d4bb63dc47bc075e834,0.127,,,
3428,2026-05-13,SH600519,-0.05878019471316945,EXP_LGBModel_Alpha158_csi300_custom_step0_s_20260513_17,a8e1c37232d44d4bb63dc47bc075e834,0.127,,,
3429,2026-05-13,SH601088,-0.024115981129818977,EXP_LGBModel_Alpha158_csi300_custom_step0_s_20260513_17,a8e1c37232d44d4bb63dc47bc075e834,0.127,,,
3430,2026-05-13,SH601100,0.004415422637117774,EXP_LGBModel_Alpha158_csi300_custom_step0_s_20260513_17,a8e1c37232d44d4bb63dc47bc075e834,0.127,,,
3431,2026-05-13,SH601111,-0.014394760624597006,EXP_LGBModel_Alpha158_csi300_custom_step0_s_20260513_17,a8e1c37232d44d4bb63dc47bc075e834,0.127,,,
3432,2026-05-13,SH601658,-0.022308173289385676,EXP_LGBModel_Alpha158_csi300_custom_step0_s_20260513_17,a8e1c37232d44d4bb63dc47bc075e834,0.127,,,
3433,2026-05-13,SH601668,-0.0499277668928851,EXP_LGBModel_Alpha158_csi300_custom_step0_s_20260513_17,a8e1c37232d44d4bb63dc47bc075e834,0.127,,,
3434,2026-05-13,SH601669,0.04558332962179879,EXP_LGBModel_Alpha158_csi300_custom_step0_s_20260513_17,a8e1c37232d44d4bb63dc47bc075e834,0.127,,,
3435,2026-05-13,SH601688,-0.011489391130138318,EXP_LGBModel_Alpha158_csi300_custom_step0_s_20260513_17,a8e1c37232d44d4bb63dc47bc075e834,0.127,,,
3436,2026-05-13,SH601689,0.017885790505189923,EXP_LGBModel_Alpha158_csi300_custom_step0_s_20260513_17,a8e1c37232d44d4bb63dc47bc075e834,0.127,,,
3437,2026-05-13,SH601698,0.0012875694613784213,EXP_LGBModel_Alpha158_csi300_custom_step0_s_20260513_17,a8e1c37232d44d4bb63dc47bc075e834,0.127,,,
3438,2026-05-13,SH601728,0.01774201572553685,EXP_LGBModel_Alpha158_csi300_custom_step0_s_20260513_17,a8e1c37232d44d4bb63dc47bc075e834,0.127,,,
3439,2026-05-13,SH601766,-0.061419752933947226,EXP_LGBModel_Alpha158_csi300_custom_step0_s_20260513_17,a8e1c37232d44d4bb63dc47bc075e834,0.127,,,
3440,2026-05-13,SH601788,-0.035644201567761685,EXP_LGBModel_Alpha158_csi300_custom_step0_s_20260513_17,a8e1c37232d44d4bb63dc47bc075e834,0.127,,,
3441,2026-05-13,SH601800,-0.03524837875525179,EXP_LGBModel_Alpha158_csi300_custom_step0_s_20260513_17,a8e1c37232d44d4bb63dc47bc075e834,0.127,,,
3442,2026-05-13,SH601808,-0.008926127653356462,EXP_LGBModel_Alpha158_csi300_custom_step0_s_20260513_17,a8e1c37232d44d4bb63dc47bc075e834,0.127,,,
3443,2026-05-13,SH601633,-0.06552746069850794,EXP_LGBModel_Alpha158_csi300_custom_step0_s_20260513_17,a8e1c37232d44d4bb63dc47bc075e834,0.127,,,
3444,2026-05-13,SH601816,-0.05652766930267687,EXP_LGBModel_Alpha158_csi300_custom_step0_s_20260513_17,a8e1c37232d44d4bb63dc47bc075e834,0.127,,,
3445,2026-05-13,SH601825,-0.022760335852353958,EXP_LGBModel_Alpha158_csi300_custom_step0_s_20260513_17,a8e1c37232d44d4bb63dc47bc075e834,0.127,,,
3446,2026-05-13,SH601838,0.022667380742726142,EXP_LGBModel_Alpha158_csi300_custom_step0_s_20260513_17,a8e1c37232d44d4bb63dc47bc075e834,0.127,,,
3447,2026-05-13,SH601857,-0.004420432688065305,EXP_LGBModel_Alpha158_csi300_custom_step0_s_20260513_17,a8e1c37232d44d4bb63dc47bc075e834,0.127,,,
3448,2026-05-13,SH601868,0.040322846631252636,EXP_LGBModel_Alpha158_csi300_custom_step0_s_20260513_17,a8e1c37232d44d4bb63dc47bc075e834,0.127,,,
3449,2026-05-13,SH601872,0.0022445554657233467,EXP_LGBModel_Alpha158_csi300_custom_step0_s_20260513_17,a8e1c37232d44d4bb63dc47bc075e834,0.127,,,
3450,2026-05-13,SH601877,0.007954578009172163,EXP_LGBModel_Alpha158_csi300_custom_step0_s_20260513_17,a8e1c37232d44d4bb63dc47bc075e834,0.127,,,
3451,2026-05-13,SH601878,0.004753227905728042,EXP_LGBModel_Alpha158_csi300_custom_step0_s_20260513_17,a8e1c37232d44d4bb63dc47bc075e834,0.127,,,
3452,2026-05-13,SH601881,-0.021039659217934513,EXP_LGBModel_Alpha158_csi300_custom_step0_s_20260513_17,a8e1c37232d44d4bb63dc47bc075e834,0.127,,,
3453,2026-05-13,SH601888,-0.015723382115497647,EXP_LGBModel_Alpha158_csi300_custom_step0_s_20260513_17,a8e1c37232d44d4bb63dc47bc075e834,0.127,,,
3454,2026-05-13,SH601898,-0.007319507188610392,EXP_LGBModel_Alpha158_csi300_custom_step0_s_20260513_17,a8e1c37232d44d4bb63dc47bc075e834,0.127,,,
3455,2026-05-13,SH601899,-0.0019066784225638908,EXP_LGBModel_Alpha158_csi300_custom_step0_s_20260513_17,a8e1c37232d44d4bb63dc47bc075e834,0.127,,,
3456,2026-05-13,SH601818,-0.04364555887683187,EXP_LGBModel_Alpha158_csi300_custom_step0_s_20260513_17,a8e1c37232d44d4bb63dc47bc075e834,0.127,,,
3457,2026-05-13,SH601628,-0.03323079570662387,EXP_LGBModel_Alpha158_csi300_custom_step0_s_20260513_17,a8e1c37232d44d4bb63dc47bc075e834,0.127,,,
3458,2026-05-13,SH601618,-0.018205527840306043,EXP_LGBModel_Alpha158_csi300_custom_step0_s_20260513_17,a8e1c37232d44d4bb63dc47bc075e834,0.127,,,
3459,2026-05-13,SH601607,-0.056800437166847684,EXP_LGBModel_Alpha158_csi300_custom_step0_s_20260513_17,a8e1c37232d44d4bb63dc47bc075e834,0.127,,,
3460,2026-05-13,SH601117,-0.017156717302352947,EXP_LGBModel_Alpha158_csi300_custom_step0_s_20260513_17,a8e1c37232d44d4bb63dc47bc075e834,0.127,,,
3461,2026-05-13,SH601127,-0.009773246076270769,EXP_LGBModel_Alpha158_csi300_custom_step0_s_20260513_17,a8e1c37232d44d4bb63dc47bc075e834,0.127,,,
3462,2026-05-13,SH601136,-6.938506610878895e-05,EXP_LGBModel_Alpha158_csi300_custom_step0_s_20260513_17,a8e1c37232d44d4bb63dc47bc075e834,0.127,,,
3463,2026-05-13,SH601138,0.05082087874672113,EXP_LGBModel_Alpha158_csi300_custom_step0_s_20260513_17,a8e1c37232d44d4bb63dc47bc075e834,0.127,,,
3464,2026-05-13,SH601166,-0.06737030625824206,EXP_LGBModel_Alpha158_csi300_custom_step0_s_20260513_17,a8e1c37232d44d4bb63dc47bc075e834,0.127,,,
3465,2026-05-13,SH601169,-0.033788352457860604,EXP_LGBModel_Alpha158_csi300_custom_step0_s_20260513_17,a8e1c37232d44d4bb63dc47bc075e834,0.127,,,
3466,2026-05-13,SH601186,-0.027278264326383136,EXP_LGBModel_Alpha158_csi300_custom_step0_s_20260513_17,a8e1c37232d44d4bb63dc47bc075e834,0.127,,,
3467,2026-05-13,SH601211,-0.002103687236478075,EXP_LGBModel_Alpha158_csi300_custom_step0_s_20260513_17,a8e1c37232d44d4bb63dc47bc075e834,0.127,,,
3468,2026-05-13,SH601225,-0.028669735687424768,EXP_LGBModel_Alpha158_csi300_custom_step0_s_20260513_17,a8e1c37232d44d4bb63dc47bc075e834,0.127,,,
3469,2026-05-13,SH601229,-0.024963659369843797,EXP_LGBModel_Alpha158_csi300_custom_step0_s_20260513_17,a8e1c37232d44d4bb63dc47bc075e834,0.127,,,
3470,2026-05-13,SH601236,-0.06482778979915631,EXP_LGBModel_Alpha158_csi300_custom_step0_s_20260513_17,a8e1c37232d44d4bb63dc47bc075e834,0.127,,,
3471,2026-05-13,SH601238,0.016068457746385323,EXP_LGBModel_Alpha158_csi300_custom_step0_s_20260513_17,a8e1c37232d44d4bb63dc47bc075e834,0.127,,,
3472,2026-05-13,SH601288,-0.006656960900053401,EXP_LGBModel_Alpha158_csi300_custom_step0_s_20260513_17,a8e1c37232d44d4bb63dc47bc075e834,0.127,,,
3473,2026-05-13,SH601298,-0.008178573203160735,EXP_LGBModel_Alpha158_csi300_custom_step0_s_20260513_17,a8e1c37232d44d4bb63dc47bc075e834,0.127,,,
3474,2026-05-13,SH601318,-0.024944603170592234,EXP_LGBModel_Alpha158_csi300_custom_step0_s_20260513_17,a8e1c37232d44d4bb63dc47bc075e834,0.127,,,
3475,2026-05-13,SH601319,-0.024799658235335153,EXP_LGBModel_Alpha158_csi300_custom_step0_s_20260513_17,a8e1c37232d44d4bb63dc47bc075e834,0.127,,,
3476,2026-05-13,SH601328,-0.04844532719049412,EXP_LGBModel_Alpha158_csi300_custom_step0_s_20260513_17,a8e1c37232d44d4bb63dc47bc075e834,0.127,,,
3477,2026-05-13,SH601336,-0.007424938111284508,EXP_LGBModel_Alpha158_csi300_custom_step0_s_20260513_17,a8e1c37232d44d4bb63dc47bc075e834,0.127,,,
3478,2026-05-13,SH601360,0.0017174007502005328,EXP_LGBModel_Alpha158_csi300_custom_step0_s_20260513_17,a8e1c37232d44d4bb63dc47bc075e834,0.127,,,
3479,2026-05-13,SH601377,0.008504418467951986,EXP_LGBModel_Alpha158_csi300_custom_step0_s_20260513_17,a8e1c37232d44d4bb63dc47bc075e834,0.127,,,
3480,2026-05-13,SH601390,-0.028095667182544182,EXP_LGBModel_Alpha158_csi300_custom_step0_s_20260513_17,a8e1c37232d44d4bb63dc47bc075e834,0.127,,,
3481,2026-05-13,SH601398,-0.060207094841375416,EXP_LGBModel_Alpha158_csi300_custom_step0_s_20260513_17,a8e1c37232d44d4bb63dc47bc075e834,0.127,,,
3482,2026-05-13,SH601456,0.016164682177945703,EXP_LGBModel_Alpha158_csi300_custom_step0_s_20260513_17,a8e1c37232d44d4bb63dc47bc075e834,0.127,,,
3483,2026-05-13,SH601600,-0.03739084490346377,EXP_LGBModel_Alpha158_csi300_custom_step0_s_20260513_17,a8e1c37232d44d4bb63dc47bc075e834,0.127,,,
3484,2026-05-13,SH601601,-0.04012595017919109,EXP_LGBModel_Alpha158_csi300_custom_step0_s_20260513_17,a8e1c37232d44d4bb63dc47bc075e834,0.127,,,
3485,2026-05-13,SH600346,-0.01737152766547214,EXP_LGBModel_Alpha158_csi300_custom_step0_s_20260513_17,a8e1c37232d44d4bb63dc47bc075e834,0.127,,,
3486,2026-05-13,SZ301269,0.03912792354822159,EXP_XGBModel_Alpha158_csi300_custom_step0_s_20260513_14,2e725a1498024a7b92dad05cd7eb6453,0.082,,,
3487,2026-05-13,SH600309,-0.003224726688469744,EXP_LGBModel_Alpha158_csi300_custom_step0_s_20260513_17,a8e1c37232d44d4bb63dc47bc075e834,0.127,,,
3488,2026-05-13,SH600233,-0.015354802749372537,EXP_LGBModel_Alpha158_csi300_custom_step0_s_20260513_17,a8e1c37232d44d4bb63dc47bc075e834,0.127,,,
3489,2026-05-13,SZ002600,-0.0019748652524954097,EXP_LGBModel_Alpha158_csi300_custom_step0_s_20260513_17,28bd53814cee49e58f4e78a0aceeee1d,0.01,,,
3490,2026-05-13,SZ002601,-6.170914881431975e-10,EXP_LGBModel_Alpha158_csi300_custom_step0_s_20260513_17,28bd53814cee49e58f4e78a0aceeee1d,0.01,,,
3491,2026-05-13,SZ002625,-0.0019748652524954097,EXP_LGBModel_Alpha158_csi300_custom_step0_s_20260513_17,28bd53814cee49e58f4e78a0aceeee1d,0.01,,,
3492,2026-05-13,SZ002648,-0.0019748652524954097,EXP_LGBModel_Alpha158_csi300_custom_step0_s_20260513_17,28bd53814cee49e58f4e78a0aceeee1d,0.01,,,
3493,2026-05-13,SZ002709,0.005064065574632794,EXP_LGBModel_Alpha158_csi300_custom_step0_s_20260513_17,28bd53814cee49e58f4e78a0aceeee1d,0.01,,,
3494,2026-05-13,SZ002714,-6.170914881431975e-10,EXP_LGBModel_Alpha158_csi300_custom_step0_s_20260513_17,28bd53814cee49e58f4e78a0aceeee1d,0.01,,,
3495,2026-05-13,SZ002736,-6.170914881431975e-10,EXP_LGBModel_Alpha158_csi300_custom_step0_s_20260513_17,28bd53814cee49e58f4e78a0aceeee1d,0.01,,,
3496,2026-05-13,SZ002916,-6.170914881431975e-10,EXP_LGBModel_Alpha158_csi300_custom_step0_s_20260513_17,28bd53814cee49e58f4e78a0aceeee1d,0.01,,,
3497,2026-05-13,SZ002920,-0.0019748652524954097,EXP_LGBModel_Alpha158_csi300_custom_step0_s_20260513_17,28bd53814cee49e58f4e78a0aceeee1d,0.01,,,
3498,2026-05-13,SZ002938,-6.170914881431975e-10,EXP_LGBModel_Alpha158_csi300_custom_step0_s_20260513_17,28bd53814cee49e58f4e78a0aceeee1d,0.01,,,
3499,2026-05-13,SZ003816,-0.0019748652524954097,EXP_LGBModel_Alpha158_csi300_custom_step0_s_20260513_17,28bd53814cee49e58f4e78a0aceeee1d,0.01,,,
3500,2026-05-13,SZ002594,-0.0019748652524954097,EXP_LGBModel_Alpha158_csi300_custom_step0_s_20260513_17,28bd53814cee49e58f4e78a0aceeee1d,0.01,,,
3501,2026-05-13,SZ300014,-0.0019748652524954097,EXP_LGBModel_Alpha158_csi300_custom_step0_s_20260513_17,28bd53814cee49e58f4e78a0aceeee1d,0.01,,,
3502,2026-05-13,SZ300033,-0.0019748652524954097,EXP_LGBModel_Alpha158_csi300_custom_step0_s_20260513_17,28bd53814cee49e58f4e78a0aceeee1d,0.01,,,
3503,2026-05-13,SZ300059,0.0018601888505592066,EXP_LGBModel_Alpha158_csi300_custom_step0_s_20260513_17,28bd53814cee49e58f4e78a0aceeee1d,0.01,,,
3504,2026-05-13,SZ300122,-0.0019748652524954097,EXP_LGBModel_Alpha158_csi300_custom_step0_s_20260513_17,28bd53814cee49e58f4e78a0aceeee1d,0.01,,,
3505,2026-05-13,SZ300124,-0.0019748652524954097,EXP_LGBModel_Alpha158_csi300_custom_step0_s_20260513_17,28bd53814cee49e58f4e78a0aceeee1d,0.01,,,
3506,2026-05-13,SZ300251,-6.170914881431975e-10,EXP_LGBModel_Alpha158_csi300_custom_step0_s_20260513_17,28bd53814cee49e58f4e78a0aceeee1d,0.01,,,
3507,2026-05-13,SZ300274,-0.0019748652524954097,EXP_LGBModel_Alpha158_csi300_custom_step0_s_20260513_17,28bd53814cee49e58f4e78a0aceeee1d,0.01,,,
3508,2026-05-13,SZ300308,-6.170914881431975e-10,EXP_LGBModel_Alpha158_csi300_custom_step0_s_20260513_17,28bd53814cee49e58f4e78a0aceeee1d,0.01,,,
3509,2026-05-13,SZ300316,-0.0019748652524954097,EXP_LGBModel_Alpha158_csi300_custom_step0_s_20260513_17,28bd53814cee49e58f4e78a0aceeee1d,0.01,,,
3510,2026-05-13,SZ300347,-6.170914881431975e-10,EXP_LGBModel_Alpha158_csi300_custom_step0_s_20260513_17,28bd53814cee49e58f4e78a0aceeee1d,0.01,,,
3511,2026-05-13,SZ300394,-0.0019748652524954097,EXP_LGBModel_Alpha158_csi300_custom_step0_s_20260513_17,28bd53814cee49e58f4e78a0aceeee1d,0.01,,,
3512,2026-05-13,SZ300408,-6.170914881431975e-10,EXP_LGBModel_Alpha158_csi300_custom_step0_s_20260513_17,28bd53814cee49e58f4e78a0aceeee1d,0.01,,,
3513,2026-05-13,SZ300015,-0.0019748652524954097,EXP_LGBModel_Alpha158_csi300_custom_step0_s_20260513_17,28bd53814cee49e58f4e78a0aceeee1d,0.01,,,
3514,2026-05-13,SZ300413,0.003033520887621805,EXP_LGBModel_Alpha158_csi300_custom_step0_s_20260513_17,28bd53814cee49e58f4e78a0aceeee1d,0.01,,,
3515,2026-05-13,SZ002493,-0.0019748652524954097,EXP_LGBModel_Alpha158_csi300_custom_step0_s_20260513_17,28bd53814cee49e58f4e78a0aceeee1d,0.01,,,
3516,2026-05-13,SZ002466,0.005064065574632794,EXP_LGBModel_Alpha158_csi300_custom_step0_s_20260513_17,28bd53814cee49e58f4e78a0aceeee1d,0.01,,,
3517,2026-05-13,SZ001965,-6.170914881431975e-10,EXP_LGBModel_Alpha158_csi300_custom_step0_s_20260513_17,28bd53814cee49e58f4e78a0aceeee1d,0.01,,,
3518,2026-05-13,SZ001979,-6.170914881431975e-10,EXP_LGBModel_Alpha158_csi300_custom_step0_s_20260513_17,28bd53814cee49e58f4e78a0aceeee1d,0.01,,,
3519,2026-05-13,SZ002001,-0.0019748652524954097,EXP_LGBModel_Alpha158_csi300_custom_step0_s_20260513_17,28bd53814cee49e58f4e78a0aceeee1d,0.01,,,
3520,2026-05-13,SZ002027,-0.0019748652524954097,EXP_LGBModel_Alpha158_csi300_custom_step0_s_20260513_17,28bd53814cee49e58f4e78a0aceeee1d,0.01,,,
3521,2026-05-13,SZ002028,-6.170914881431975e-10,EXP_LGBModel_Alpha158_csi300_custom_step0_s_20260513_17,28bd53814cee49e58f4e78a0aceeee1d,0.01,,,
3522,2026-05-13,SZ002049,-0.0019748652524954097,EXP_LGBModel_Alpha158_csi300_custom_step0_s_20260513_17,28bd53814cee49e58f4e78a0aceeee1d,0.01,,,
3523,2026-05-13,SZ002050,-0.0019748652524954097,EXP_LGBModel_Alpha158_csi300_custom_step0_s_20260513_17,28bd53814cee49e58f4e78a0aceeee1d,0.01,,,
3524,2026-05-13,SZ002074,-0.0019748652524954097,EXP_LGBModel_Alpha158_csi300_custom_step0_s_20260513_17,28bd53814cee49e58f4e78a0aceeee1d,0.01,,,
3525,2026-05-13,SZ002142,-0.0019748652524954097,EXP_LGBModel_Alpha158_csi300_custom_step0_s_20260513_17,28bd53814cee49e58f4e78a0aceeee1d,0.01,,,
3526,2026-05-13,SZ002179,-0.0019748652524954097,EXP_LGBModel_Alpha158_csi300_custom_step0_s_20260513_17,28bd53814cee49e58f4e78a0aceeee1d,0.01,,,
3527,2026-05-13,SZ002230,0.0006690687798375831,EXP_LGBModel_Alpha158_csi300_custom_step0_s_20260513_17,28bd53814cee49e58f4e78a0aceeee1d,0.01,,,
3528,2026-05-13,SZ002475,-6.170914881431975e-10,EXP_LGBModel_Alpha158_csi300_custom_step0_s_20260513_17,28bd53814cee49e58f4e78a0aceeee1d,0.01,,,
3529,2026-05-13,SZ002236,-0.0008451261857714423,EXP_LGBModel_Alpha158_csi300_custom_step0_s_20260513_17,28bd53814cee49e58f4e78a0aceeee1d,0.01,,,
3530,2026-05-13,SZ002252,-0.0008451261857714423,EXP_LGBModel_Alpha158_csi300_custom_step0_s_20260513_17,28bd53814cee49e58f4e78a0aceeee1d,0.01,,,
3531,2026-05-13,SZ002304,-6.170914881431975e-10,EXP_LGBModel_Alpha158_csi300_custom_step0_s_20260513_17,28bd53814cee49e58f4e78a0aceeee1d,0.01,,,
3532,2026-05-13,SZ002311,-0.0019748652524954097,EXP_LGBModel_Alpha158_csi300_custom_step0_s_20260513_17,28bd53814cee49e58f4e78a0aceeee1d,0.01,,,
3533,2026-05-13,SZ002352,-0.0008451261857714423,EXP_LGBModel_Alpha158_csi300_custom_step0_s_20260513_17,28bd53814cee49e58f4e78a0aceeee1d,0.01,,,
3534,2026-05-13,SZ002371,-0.0019748652524954097,EXP_LGBModel_Alpha158_csi300_custom_step0_s_20260513_17,28bd53814cee49e58f4e78a0aceeee1d,0.01,,,
3535,2026-05-13,SZ002384,-6.170914881431975e-10,EXP_LGBModel_Alpha158_csi300_custom_step0_s_20260513_17,28bd53814cee49e58f4e78a0aceeee1d,0.01,,,
3536,2026-05-13,SZ002415,-6.170914881431975e-10,EXP_LGBModel_Alpha158_csi300_custom_step0_s_20260513_17,28bd53814cee49e58f4e78a0aceeee1d,0.01,,,
3537,2026-05-13,SZ002422,-6.170914881431975e-10,EXP_LGBModel_Alpha158_csi300_custom_step0_s_20260513_17,28bd53814cee49e58f4e78a0aceeee1d,0.01,,,
3538,2026-05-13,SZ002459,-0.0019748652524954097,EXP_LGBModel_Alpha158_csi300_custom_step0_s_20260513_17,28bd53814cee49e58f4e78a0aceeee1d,0.01,,,
3539,2026-05-13,SZ002460,-6.170914881431975e-10,EXP_LGBModel_Alpha158_csi300_custom_step0_s_20260513_17,28bd53814cee49e58f4e78a0aceeee1d,0.01,,,
3540,2026-05-13,SZ002463,-6.170914881431975e-10,EXP_LGBModel_Alpha158_csi300_custom_step0_s_20260513_17,28bd53814cee49e58f4e78a0aceeee1d,0.01,,,
3541,2026-05-13,SZ002241,-0.0019748652524954097,EXP_LGBModel_Alpha158_csi300_custom_step0_s_20260513_17,28bd53814cee49e58f4e78a0aceeee1d,0.01,,,
3542,2026-05-13,SZ300418,-0.0019748652524954097,EXP_LGBModel_Alpha158_csi300_custom_step0_s_20260513_17,28bd53814cee49e58f4e78a0aceeee1d,0.01,,,
3543,2026-05-13,SZ300433,-0.0019748652524954097,EXP_LGBModel_Alpha158_csi300_custom_step0_s_20260513_17,28bd53814cee49e58f4e78a0aceeee1d,0.01,,,
3544,2026-05-13,SZ300442,0.0018601888505592066,EXP_LGBModel_Alpha158_csi300_custom_step0_s_20260513_17,28bd53814cee49e58f4e78a0aceeee1d,0.01,,,
3545,2026-05-13,SH600027,0.009809300178458647,EXP_LGBModel_Alpha158_csi300_custom_step0_s_20260513_17,a8e1c37232d44d4bb63dc47bc075e834,0.127,,,
3546,2026-05-13,SH600028,-0.048819896519125584,EXP_LGBModel_Alpha158_csi300_custom_step0_s_20260513_17,a8e1c37232d44d4bb63dc47bc075e834,0.127,,,
3547,2026-05-13,SH600029,-0.006979347006373168,EXP_LGBModel_Alpha158_csi300_custom_step0_s_20260513_17,a8e1c37232d44d4bb63dc47bc075e834,0.127,,,
3548,2026-05-13,SH600030,0.02473779867270943,EXP_LGBModel_Alpha158_csi300_custom_step0_s_20260513_17,a8e1c37232d44d4bb63dc47bc075e834,0.127,,,
3549,2026-05-13,SH600031,-0.00028454766512658446,EXP_LGBModel_Alpha158_csi300_custom_step0_s_20260513_17,a8e1c37232d44d4bb63dc47bc075e834,0.127,,,
3550,2026-05-13,SH600036,-0.04379815145921476,EXP_LGBModel_Alpha158_csi300_custom_step0_s_20260513_17,a8e1c37232d44d4bb63dc47bc075e834,0.127,,,
3551,2026-05-13,SH600039,-0.018264799525639,EXP_LGBModel_Alpha158_csi300_custom_step0_s_20260513_17,a8e1c37232d44d4bb63dc47bc075e834,0.127,,,
3552,2026-05-13,SH600048,-0.03023332517574682,EXP_LGBModel_Alpha158_csi300_custom_step0_s_20260513_17,a8e1c37232d44d4bb63dc47bc075e834,0.127,,,
3553,2026-05-13,SH600050,0.0015917893732274248,EXP_LGBModel_Alpha158_csi300_custom_step0_s_20260513_17,a8e1c37232d44d4bb63dc47bc075e834,0.127,,,
3554,2026-05-13,SH600061,-0.05060324342657084,EXP_LGBModel_Alpha158_csi300_custom_step0_s_20260513_17,a8e1c37232d44d4bb63dc47bc075e834,0.127,,,
3555,2026-05-13,SH600066,0.0011078986946563775,EXP_LGBModel_Alpha158_csi300_custom_step0_s_20260513_17,a8e1c37232d44d4bb63dc47bc075e834,0.127,,,
3556,2026-05-13,SH600026,0.007096342863454026,EXP_LGBModel_Alpha158_csi300_custom_step0_s_20260513_17,a8e1c37232d44d4bb63dc47bc075e834,0.127,,,
3557,2026-05-13,SH600085,-0.0597966870327734,EXP_LGBModel_Alpha158_csi300_custom_step0_s_20260513_17,a8e1c37232d44d4bb63dc47bc075e834,0.127,,,
3558,2026-05-13,SH600104,-0.01570218682764606,EXP_LGBModel_Alpha158_csi300_custom_step0_s_20260513_17,a8e1c37232d44d4bb63dc47bc075e834,0.127,,,
3559,2026-05-13,SH600111,0.05731841889291034,EXP_LGBModel_Alpha158_csi300_custom_step0_s_20260513_17,a8e1c37232d44d4bb63dc47bc075e834,0.127,,,
3560,2026-05-13,SH600115,-0.004542258929305921,EXP_LGBModel_Alpha158_csi300_custom_step0_s_20260513_17,a8e1c37232d44d4bb63dc47bc075e834,0.127,,,
3561,2026-05-13,SH600150,0.08124224995124558,EXP_LGBModel_Alpha158_csi300_custom_step0_s_20260513_17,a8e1c37232d44d4bb63dc47bc075e834,0.127,,,
3562,2026-05-13,SH600160,0.000357771789995626,EXP_LGBModel_Alpha158_csi300_custom_step0_s_20260513_17,a8e1c37232d44d4bb63dc47bc075e834,0.127,,,
3563,2026-05-13,SH600161,-0.06279779169415939,EXP_LGBModel_Alpha158_csi300_custom_step0_s_20260513_17,a8e1c37232d44d4bb63dc47bc075e834,0.127,,,
3564,2026-05-13,SH600176,0.04459682210769511,EXP_LGBModel_Alpha158_csi300_custom_step0_s_20260513_17,a8e1c37232d44d4bb63dc47bc075e834,0.127,,,
3565,2026-05-13,SH600183,0.003234473593497599,EXP_LGBModel_Alpha158_csi300_custom_step0_s_20260513_17,a8e1c37232d44d4bb63dc47bc075e834,0.127,,,
3566,2026-05-13,SH600188,-0.00027890460771170253,EXP_LGBModel_Alpha158_csi300_custom_step0_s_20260513_17,a8e1c37232d44d4bb63dc47bc075e834,0.127,,,
3567,2026-05-13,SH600196,-0.07270542209297969,EXP_LGBModel_Alpha158_csi300_custom_step0_s_20260513_17,a8e1c37232d44d4bb63dc47bc075e834,0.127,,,
3568,2026-05-13,SH600219,-0.054929715958372954,EXP_LGBModel_Alpha158_csi300_custom_step0_s_20260513_17,a8e1c37232d44d4bb63dc47bc075e834,0.127,,,
3569,2026-05-13,SH600089,0.01499395941311273,EXP_LGBModel_Alpha158_csi300_custom_step0_s_20260513_17,a8e1c37232d44d4bb63dc47bc075e834,0.127,,,
3570,2026-05-13,SH600025,-0.004060178143722231,EXP_LGBModel_Alpha158_csi300_custom_step0_s_20260513_17,a8e1c37232d44d4bb63dc47bc075e834,0.127,,,
3571,2026-05-13,SH600023,0.02691785367921328,EXP_LGBModel_Alpha158_csi300_custom_step0_s_20260513_17,a8e1c37232d44d4bb63dc47bc075e834,0.127,,,
3572,2026-05-13,SH600019,-0.06020244630893452,EXP_LGBModel_Alpha158_csi300_custom_step0_s_20260513_17,a8e1c37232d44d4bb63dc47bc075e834,0.127,,,
3573,2026-05-13,SZ300476,-6.170914881431975e-10,EXP_LGBModel_Alpha158_csi300_custom_step0_s_20260513_17,28bd53814cee49e58f4e78a0aceeee1d,0.01,,,
3574,2026-05-13,SZ300498,-0.0019748652524954097,EXP_LGBModel_Alpha158_csi300_custom_step0_s_20260513_17,28bd53814cee49e58f4e78a0aceeee1d,0.01,,,
3575,2026-05-13,SZ300502,-6.170914881431975e-10,EXP_LGBModel_Alpha158_csi300_custom_step0_s_20260513_17,28bd53814cee49e58f4e78a0aceeee1d,0.01,,,
3576,2026-05-13,SZ300628,-0.0019748652524954097,EXP_LGBModel_Alpha158_csi300_custom_step0_s_20260513_17,28bd53814cee49e58f4e78a0aceeee1d,0.01,,,
3577,2026-05-13,SZ300661,-6.170914881431975e-10,EXP_LGBModel_Alpha158_csi300_custom_step0_s_20260513_17,28bd53814cee49e58f4e78a0aceeee1d,0.01,,,
3578,2026-05-13,SZ300750,-6.170914881431975e-10,EXP_LGBModel_Alpha158_csi300_custom_step0_s_20260513_17,28bd53814cee49e58f4e78a0aceeee1d,0.01,,,
3579,2026-05-13,SZ300759,-0.0019748652524954097,EXP_LGBModel_Alpha158_csi300_custom_step0_s_20260513_17,28bd53814cee49e58f4e78a0aceeee1d,0.01,,,
3580,2026-05-13,SZ300760,-0.0019748652524954097,EXP_LGBModel_Alpha158_csi300_custom_step0_s_20260513_17,28bd53814cee49e58f4e78a0aceeee1d,0.01,,,
3581,2026-05-13,SZ300782,-6.170914881431975e-10,EXP_LGBModel_Alpha158_csi300_custom_step0_s_20260513_17,28bd53814cee49e58f4e78a0aceeee1d,0.01,,,
3582,2026-05-13,SZ300803,-0.0019748652524954097,EXP_LGBModel_Alpha158_csi300_custom_step0_s_20260513_17,28bd53814cee49e58f4e78a0aceeee1d,0.01,,,
3583,2026-05-13,SZ300832,0.0018601888505592066,EXP_LGBModel_Alpha158_csi300_custom_step0_s_20260513_17,28bd53814cee49e58f4e78a0aceeee1d,0.01,,,
3584,2026-05-13,SZ300866,-0.0019748652524954097,EXP_LGBModel_Alpha158_csi300_custom_step0_s_20260513_17,28bd53814cee49e58f4e78a0aceeee1d,0.01,,,
3585,2026-05-13,SZ300896,-6.170914881431975e-10,EXP_LGBModel_Alpha158_csi300_custom_step0_s_20260513_17,28bd53814cee49e58f4e78a0aceeee1d,0.01,,,
3586,2026-05-13,SZ300979,-6.170914881431975e-10,EXP_LGBModel_Alpha158_csi300_custom_step0_s_20260513_17,28bd53814cee49e58f4e78a0aceeee1d,0.01,,,
3587,2026-05-13,SZ300999,0.0006690687798375831,EXP_LGBModel_Alpha158_csi300_custom_step0_s_20260513_17,28bd53814cee49e58f4e78a0aceeee1d,0.01,,,
3588,2026-05-13,SZ301236,-0.0019748652524954097,EXP_LGBModel_Alpha158_csi300_custom_step0_s_20260513_17,28bd53814cee49e58f4e78a0aceeee1d,0.01,,,
3589,2026-05-13,SZ301269,-0.0019748652524954097,EXP_LGBModel_Alpha158_csi300_custom_step0_s_20260513_17,28bd53814cee49e58f4e78a0aceeee1d,0.01,,,
3590,2026-05-13,SZ302132,-0.0019748652524954097,EXP_LGBModel_Alpha158_csi300_custom_step0_s_20260513_17,28bd53814cee49e58f4e78a0aceeee1d,0.01,,,
3591,2026-05-13,SH600000,-0.02979280126084262,EXP_LGBModel_Alpha158_csi300_custom_step0_s_20260513_17,a8e1c37232d44d4bb63dc47bc075e834,0.127,,,
3592,2026-05-13,SH600009,-0.06471833459982526,EXP_LGBModel_Alpha158_csi300_custom_step0_s_20260513_17,a8e1c37232d44d4bb63dc47bc075e834,0.127,,,
3593,2026-05-13,SH600010,0.03658932143082451,EXP_LGBModel_Alpha158_csi300_custom_step0_s_20260513_17,a8e1c37232d44d4bb63dc47bc075e834,0.127,,,
3594,2026-05-13,SH600011,0.008137054584671313,EXP_LGBModel_Alpha158_csi300_custom_step0_s_20260513_17,a8e1c37232d44d4bb63dc47bc075e834,0.127,,,
3595,2026-05-13,SH600015,-0.034427248259645216,EXP_LGBModel_Alpha158_csi300_custom_step0_s_20260513_17,a8e1c37232d44d4bb63dc47bc075e834,0.127,,,
3596,2026-05-13,SH600016,-0.058807531958832815,EXP_LGBModel_Alpha158_csi300_custom_step0_s_20260513_17,a8e1c37232d44d4bb63dc47bc075e834,0.127,,,
3597,2026-05-13,SH600018,-0.042651085506675894,EXP_LGBModel_Alpha158_csi300_custom_step0_s_20260513_17,a8e1c37232d44d4bb63dc47bc075e834,0.127,,,
3598,2026-05-13,SH600276,-0.009856147706922742,EXP_LGBModel_Alpha158_csi300_custom_step0_s_20260513_17,a8e1c37232d44d4bb63dc47bc075e834,0.127,,,
3599,2026-05-13,SZ302132,-0.024826303124427795,EXP_XGBModel_Alpha158_csi300_custom_step0_s_20260513_14,2e725a1498024a7b92dad05cd7eb6453,0.082,,,
