,datetime,instrument,score,exp_name,rid,weight,real_label,error,abs_error
0,2026-05-25,SH600000,-0.0008362206285599157,EXP_CatBoostModel_Alpha158_csi300_custom_step0_s_20260525_18,02089fda4cde4e838352bcd8869c0bbe,0.058,,,
1,2026-05-25,SZ000596,-0.06824001669883728,EXP_LinearModel_Alpha158_csi300_custom_step0_s_20260525_15,a7e3883f52dd4344a1df7de6061aa888,0.074,,,
2,2026-05-25,SZ000568,-0.05218435823917389,EXP_LinearModel_Alpha158_csi300_custom_step0_s_20260525_15,a7e3883f52dd4344a1df7de6061aa888,0.074,,,
3,2026-05-25,SZ000538,-0.061898984014987946,EXP_LinearModel_Alpha158_csi300_custom_step0_s_20260525_15,a7e3883f52dd4344a1df7de6061aa888,0.074,,,
4,2026-05-25,SZ000425,-0.012020270340144634,EXP_LinearModel_Alpha158_csi300_custom_step0_s_20260525_15,a7e3883f52dd4344a1df7de6061aa888,0.074,,,
5,2026-05-25,SZ000408,-0.07140626758337021,EXP_LinearModel_Alpha158_csi300_custom_step0_s_20260525_15,a7e3883f52dd4344a1df7de6061aa888,0.074,,,
6,2026-05-25,SZ000338,-0.052635274827480316,EXP_LinearModel_Alpha158_csi300_custom_step0_s_20260525_15,a7e3883f52dd4344a1df7de6061aa888,0.074,,,
7,2026-05-25,SZ000617,-0.0038383356295526028,EXP_LinearModel_Alpha158_csi300_custom_step0_s_20260525_15,a7e3883f52dd4344a1df7de6061aa888,0.074,,,
8,2026-05-25,SZ000333,0.036546558141708374,EXP_LinearModel_Alpha158_csi300_custom_step0_s_20260525_15,a7e3883f52dd4344a1df7de6061aa888,0.074,,,
9,2026-05-25,SZ000166,-0.04028536006808281,EXP_LinearModel_Alpha158_csi300_custom_step0_s_20260525_15,a7e3883f52dd4344a1df7de6061aa888,0.074,,,
10,2026-05-25,SZ000157,-0.04134196788072586,EXP_LinearModel_Alpha158_csi300_custom_step0_s_20260525_15,a7e3883f52dd4344a1df7de6061aa888,0.074,,,
11,2026-05-25,SZ000100,-0.019623156636953354,EXP_LinearModel_Alpha158_csi300_custom_step0_s_20260525_15,a7e3883f52dd4344a1df7de6061aa888,0.074,,,
12,2026-05-25,SZ000063,-0.012881950475275517,EXP_LinearModel_Alpha158_csi300_custom_step0_s_20260525_15,a7e3883f52dd4344a1df7de6061aa888,0.074,,,
13,2026-05-25,SZ000002,-0.06663578748703003,EXP_LinearModel_Alpha158_csi300_custom_step0_s_20260525_15,a7e3883f52dd4344a1df7de6061aa888,0.074,,,
14,2026-05-25,SZ000001,-0.037779975682497025,EXP_LinearModel_Alpha158_csi300_custom_step0_s_20260525_15,a7e3883f52dd4344a1df7de6061aa888,0.074,,,
15,2026-05-25,SZ000301,-0.007007330656051636,EXP_LinearModel_Alpha158_csi300_custom_step0_s_20260525_15,a7e3883f52dd4344a1df7de6061aa888,0.074,,,
16,2026-05-25,SZ000625,-0.04350091516971588,EXP_LinearModel_Alpha158_csi300_custom_step0_s_20260525_15,a7e3883f52dd4344a1df7de6061aa888,0.074,,,
17,2026-05-25,SZ000630,-0.031811296939849854,EXP_LinearModel_Alpha158_csi300_custom_step0_s_20260525_15,a7e3883f52dd4344a1df7de6061aa888,0.074,,,
18,2026-05-25,SZ000651,0.0349133238196373,EXP_LinearModel_Alpha158_csi300_custom_step0_s_20260525_15,a7e3883f52dd4344a1df7de6061aa888,0.074,,,
19,2026-05-25,SZ000977,-0.037555888295173645,EXP_LinearModel_Alpha158_csi300_custom_step0_s_20260525_15,a7e3883f52dd4344a1df7de6061aa888,0.074,,,
20,2026-05-25,SZ000975,-0.0038107112050056458,EXP_LinearModel_Alpha158_csi300_custom_step0_s_20260525_15,a7e3883f52dd4344a1df7de6061aa888,0.074,,,
21,2026-05-25,SZ000963,-0.024314070120453835,EXP_LinearModel_Alpha158_csi300_custom_step0_s_20260525_15,a7e3883f52dd4344a1df7de6061aa888,0.074,,,
22,2026-05-25,SZ000938,-0.0159054696559906,EXP_LinearModel_Alpha158_csi300_custom_step0_s_20260525_15,a7e3883f52dd4344a1df7de6061aa888,0.074,,,
23,2026-05-25,SZ000895,-0.06423678994178772,EXP_LinearModel_Alpha158_csi300_custom_step0_s_20260525_15,a7e3883f52dd4344a1df7de6061aa888,0.074,,,
24,2026-05-25,SZ000876,-0.03920852765440941,EXP_LinearModel_Alpha158_csi300_custom_step0_s_20260525_15,a7e3883f52dd4344a1df7de6061aa888,0.074,,,
25,2026-05-25,SZ000858,-0.003011970082297921,EXP_LinearModel_Alpha158_csi300_custom_step0_s_20260525_15,a7e3883f52dd4344a1df7de6061aa888,0.074,,,
26,2026-05-25,SZ000807,-0.02944698929786682,EXP_LinearModel_Alpha158_csi300_custom_step0_s_20260525_15,a7e3883f52dd4344a1df7de6061aa888,0.074,,,
27,2026-05-25,SZ000792,-0.027243468910455704,EXP_LinearModel_Alpha158_csi300_custom_step0_s_20260525_15,a7e3883f52dd4344a1df7de6061aa888,0.074,,,
28,2026-05-25,SZ000786,-0.05180401727557182,EXP_LinearModel_Alpha158_csi300_custom_step0_s_20260525_15,a7e3883f52dd4344a1df7de6061aa888,0.074,,,
29,2026-05-25,SZ000776,-0.011077819392085075,EXP_LinearModel_Alpha158_csi300_custom_step0_s_20260525_15,a7e3883f52dd4344a1df7de6061aa888,0.074,,,
30,2026-05-25,SZ000768,-0.08811328560113907,EXP_LinearModel_Alpha158_csi300_custom_step0_s_20260525_15,a7e3883f52dd4344a1df7de6061aa888,0.074,,,
31,2026-05-25,SZ000725,-0.029988905414938927,EXP_LinearModel_Alpha158_csi300_custom_step0_s_20260525_15,a7e3883f52dd4344a1df7de6061aa888,0.074,,,
32,2026-05-25,SZ000708,-0.014543227851390839,EXP_LinearModel_Alpha158_csi300_custom_step0_s_20260525_15,a7e3883f52dd4344a1df7de6061aa888,0.074,,,
33,2026-05-25,SZ000661,-0.09288541227579117,EXP_LinearModel_Alpha158_csi300_custom_step0_s_20260525_15,a7e3883f52dd4344a1df7de6061aa888,0.074,,,
34,2026-05-25,SH688981,-0.0681607574224472,EXP_LinearModel_Alpha158_csi300_custom_step0_s_20260525_15,a7e3883f52dd4344a1df7de6061aa888,0.074,,,
35,2026-05-25,SH688506,-0.04740290343761444,EXP_LinearModel_Alpha158_csi300_custom_step0_s_20260525_15,a7e3883f52dd4344a1df7de6061aa888,0.074,,,
36,2026-05-25,SH688472,-0.00020448933355510235,EXP_LinearModel_Alpha158_csi300_custom_step0_s_20260525_15,a7e3883f52dd4344a1df7de6061aa888,0.074,,,
37,2026-05-25,SH688396,-0.05220957472920418,EXP_LinearModel_Alpha158_csi300_custom_step0_s_20260525_15,a7e3883f52dd4344a1df7de6061aa888,0.074,,,
38,2026-05-25,SH603893,-0.03501933068037033,EXP_LinearModel_Alpha158_csi300_custom_step0_s_20260525_15,a7e3883f52dd4344a1df7de6061aa888,0.074,,,
39,2026-05-25,SH603799,-0.06368135660886765,EXP_LinearModel_Alpha158_csi300_custom_step0_s_20260525_15,a7e3883f52dd4344a1df7de6061aa888,0.074,,,
40,2026-05-25,SH603501,-0.027078751474618912,EXP_LinearModel_Alpha158_csi300_custom_step0_s_20260525_15,a7e3883f52dd4344a1df7de6061aa888,0.074,,,
41,2026-05-25,SH603392,-0.06401345878839493,EXP_LinearModel_Alpha158_csi300_custom_step0_s_20260525_15,a7e3883f52dd4344a1df7de6061aa888,0.074,,,
42,2026-05-25,SH603369,-0.05270672217011452,EXP_LinearModel_Alpha158_csi300_custom_step0_s_20260525_15,a7e3883f52dd4344a1df7de6061aa888,0.074,,,
43,2026-05-25,SH603296,-0.05575935170054436,EXP_LinearModel_Alpha158_csi300_custom_step0_s_20260525_15,a7e3883f52dd4344a1df7de6061aa888,0.074,,,
44,2026-05-25,SH603288,-0.10367939621210098,EXP_LinearModel_Alpha158_csi300_custom_step0_s_20260525_15,a7e3883f52dd4344a1df7de6061aa888,0.074,,,
45,2026-05-25,SH603260,-0.06653623282909393,EXP_LinearModel_Alpha158_csi300_custom_step0_s_20260525_15,a7e3883f52dd4344a1df7de6061aa888,0.074,,,
46,2026-05-25,SH603259,0.015697365626692772,EXP_LinearModel_Alpha158_csi300_custom_step0_s_20260525_15,a7e3883f52dd4344a1df7de6061aa888,0.074,,,
47,2026-05-25,SH603195,0.010705319233238697,EXP_LinearModel_Alpha158_csi300_custom_step0_s_20260525_15,a7e3883f52dd4344a1df7de6061aa888,0.074,,,
48,2026-05-25,SH603019,-0.02001478523015976,EXP_LinearModel_Alpha158_csi300_custom_step0_s_20260525_15,a7e3883f52dd4344a1df7de6061aa888,0.074,,,
49,2026-05-25,SH601998,-0.04782075807452202,EXP_LinearModel_Alpha158_csi300_custom_step0_s_20260525_15,a7e3883f52dd4344a1df7de6061aa888,0.074,,,
50,2026-05-25,SH601995,0.017717724665999413,EXP_LinearModel_Alpha158_csi300_custom_step0_s_20260525_15,a7e3883f52dd4344a1df7de6061aa888,0.074,,,
51,2026-05-25,SH601988,0.053262628614902496,EXP_LinearModel_Alpha158_csi300_custom_step0_s_20260525_15,a7e3883f52dd4344a1df7de6061aa888,0.074,,,
52,2026-05-25,SH601985,-0.0463511161506176,EXP_LinearModel_Alpha158_csi300_custom_step0_s_20260525_15,a7e3883f52dd4344a1df7de6061aa888,0.074,,,
53,2026-05-25,SH603986,-0.15768426656723022,EXP_LinearModel_Alpha158_csi300_custom_step0_s_20260525_15,a7e3883f52dd4344a1df7de6061aa888,0.074,,,
54,2026-05-25,SZ000983,-0.01100442185997963,EXP_LinearModel_Alpha158_csi300_custom_step0_s_20260525_15,a7e3883f52dd4344a1df7de6061aa888,0.074,,,
55,2026-05-25,SH603993,-0.06669603288173676,EXP_LinearModel_Alpha158_csi300_custom_step0_s_20260525_15,a7e3883f52dd4344a1df7de6061aa888,0.074,,,
56,2026-05-25,SH605499,-0.040652040392160416,EXP_LinearModel_Alpha158_csi300_custom_step0_s_20260525_15,a7e3883f52dd4344a1df7de6061aa888,0.074,,,
57,2026-05-25,SH688303,-0.052965693175792694,EXP_LinearModel_Alpha158_csi300_custom_step0_s_20260525_15,a7e3883f52dd4344a1df7de6061aa888,0.074,,,
58,2026-05-25,SH688271,-0.07327460497617722,EXP_LinearModel_Alpha158_csi300_custom_step0_s_20260525_15,a7e3883f52dd4344a1df7de6061aa888,0.074,,,
59,2026-05-25,SH688256,-0.15247702598571777,EXP_LinearModel_Alpha158_csi300_custom_step0_s_20260525_15,a7e3883f52dd4344a1df7de6061aa888,0.074,,,
60,2026-05-25,SH688223,-0.01724916137754917,EXP_LinearModel_Alpha158_csi300_custom_step0_s_20260525_15,a7e3883f52dd4344a1df7de6061aa888,0.074,,,
61,2026-05-25,SH688187,-0.03755728155374527,EXP_LinearModel_Alpha158_csi300_custom_step0_s_20260525_15,a7e3883f52dd4344a1df7de6061aa888,0.074,,,
62,2026-05-25,SH688169,-0.05289287120103836,EXP_LinearModel_Alpha158_csi300_custom_step0_s_20260525_15,a7e3883f52dd4344a1df7de6061aa888,0.074,,,
63,2026-05-25,SH688126,-0.0949590876698494,EXP_LinearModel_Alpha158_csi300_custom_step0_s_20260525_15,a7e3883f52dd4344a1df7de6061aa888,0.074,,,
64,2026-05-25,SH688111,-0.07855751365423203,EXP_LinearModel_Alpha158_csi300_custom_step0_s_20260525_15,a7e3883f52dd4344a1df7de6061aa888,0.074,,,
65,2026-05-25,SH688082,-0.0033102259039878845,EXP_LinearModel_Alpha158_csi300_custom_step0_s_20260525_15,a7e3883f52dd4344a1df7de6061aa888,0.074,,,
66,2026-05-25,SH688047,-0.05669127404689789,EXP_LinearModel_Alpha158_csi300_custom_step0_s_20260525_15,a7e3883f52dd4344a1df7de6061aa888,0.074,,,
67,2026-05-25,SH688041,0.004659431520849466,EXP_LinearModel_Alpha158_csi300_custom_step0_s_20260525_15,a7e3883f52dd4344a1df7de6061aa888,0.074,,,
68,2026-05-25,SH688036,-0.03504834324121475,EXP_LinearModel_Alpha158_csi300_custom_step0_s_20260525_15,a7e3883f52dd4344a1df7de6061aa888,0.074,,,
69,2026-05-25,SH688012,-0.007122799754142761,EXP_LinearModel_Alpha158_csi300_custom_step0_s_20260525_15,a7e3883f52dd4344a1df7de6061aa888,0.074,,,
70,2026-05-25,SH688009,-0.009524300694465637,EXP_LinearModel_Alpha158_csi300_custom_step0_s_20260525_15,a7e3883f52dd4344a1df7de6061aa888,0.074,,,
71,2026-05-25,SH688008,-0.10561634600162506,EXP_LinearModel_Alpha158_csi300_custom_step0_s_20260525_15,a7e3883f52dd4344a1df7de6061aa888,0.074,,,
72,2026-05-25,SH605117,-0.049745168536901474,EXP_LinearModel_Alpha158_csi300_custom_step0_s_20260525_15,a7e3883f52dd4344a1df7de6061aa888,0.074,,,
73,2026-05-25,SH601939,0.007253991439938545,EXP_LinearModel_Alpha158_csi300_custom_step0_s_20260525_15,a7e3883f52dd4344a1df7de6061aa888,0.074,,,
74,2026-05-25,SZ000999,0.002387831686064601,EXP_LinearModel_Alpha158_csi300_custom_step0_s_20260525_15,a7e3883f52dd4344a1df7de6061aa888,0.074,,,
75,2026-05-25,SZ001965,0.026372194290161133,EXP_LinearModel_Alpha158_csi300_custom_step0_s_20260525_15,a7e3883f52dd4344a1df7de6061aa888,0.074,,,
76,2026-05-25,SZ300413,-0.04798414930701256,EXP_LinearModel_Alpha158_csi300_custom_step0_s_20260525_15,a7e3883f52dd4344a1df7de6061aa888,0.074,,,
77,2026-05-25,SZ300408,-0.23600982129573822,EXP_LinearModel_Alpha158_csi300_custom_step0_s_20260525_15,a7e3883f52dd4344a1df7de6061aa888,0.074,,,
78,2026-05-25,SZ300394,0.02762944996356964,EXP_LinearModel_Alpha158_csi300_custom_step0_s_20260525_15,a7e3883f52dd4344a1df7de6061aa888,0.074,,,
79,2026-05-25,SZ300347,-9.592087008059025e-05,EXP_LinearModel_Alpha158_csi300_custom_step0_s_20260525_15,a7e3883f52dd4344a1df7de6061aa888,0.074,,,
80,2026-05-25,SZ300316,-0.015593642368912697,EXP_LinearModel_Alpha158_csi300_custom_step0_s_20260525_15,a7e3883f52dd4344a1df7de6061aa888,0.074,,,
81,2026-05-25,SZ300308,-0.08795374631881714,EXP_LinearModel_Alpha158_csi300_custom_step0_s_20260525_15,a7e3883f52dd4344a1df7de6061aa888,0.074,,,
82,2026-05-25,SZ300418,-0.08340156823396683,EXP_LinearModel_Alpha158_csi300_custom_step0_s_20260525_15,a7e3883f52dd4344a1df7de6061aa888,0.074,,,
83,2026-05-25,SZ300274,-0.024351775646209717,EXP_LinearModel_Alpha158_csi300_custom_step0_s_20260525_15,a7e3883f52dd4344a1df7de6061aa888,0.074,,,
84,2026-05-25,SZ300124,-0.01574251987040043,EXP_LinearModel_Alpha158_csi300_custom_step0_s_20260525_15,a7e3883f52dd4344a1df7de6061aa888,0.074,,,
85,2026-05-25,SZ300122,-0.071852907538414,EXP_LinearModel_Alpha158_csi300_custom_step0_s_20260525_15,a7e3883f52dd4344a1df7de6061aa888,0.074,,,
86,2026-05-25,SZ300059,-0.061643023043870926,EXP_LinearModel_Alpha158_csi300_custom_step0_s_20260525_15,a7e3883f52dd4344a1df7de6061aa888,0.074,,,
87,2026-05-25,SZ300033,-0.008389480412006378,EXP_LinearModel_Alpha158_csi300_custom_step0_s_20260525_15,a7e3883f52dd4344a1df7de6061aa888,0.074,,,
88,2026-05-25,SZ300015,-0.04585597664117813,EXP_LinearModel_Alpha158_csi300_custom_step0_s_20260525_15,a7e3883f52dd4344a1df7de6061aa888,0.074,,,
89,2026-05-25,SZ300014,-0.004669628571718931,EXP_LinearModel_Alpha158_csi300_custom_step0_s_20260525_15,a7e3883f52dd4344a1df7de6061aa888,0.074,,,
90,2026-05-25,SZ300251,-0.07834379374980927,EXP_LinearModel_Alpha158_csi300_custom_step0_s_20260525_15,a7e3883f52dd4344a1df7de6061aa888,0.074,,,
91,2026-05-25,SZ300433,0.06117802858352661,EXP_LinearModel_Alpha158_csi300_custom_step0_s_20260525_15,a7e3883f52dd4344a1df7de6061aa888,0.074,,,
92,2026-05-25,SZ300442,-0.0900861844420433,EXP_LinearModel_Alpha158_csi300_custom_step0_s_20260525_15,a7e3883f52dd4344a1df7de6061aa888,0.074,,,
93,2026-05-25,SZ300476,-0.007314549759030342,EXP_LinearModel_Alpha158_csi300_custom_step0_s_20260525_15,a7e3883f52dd4344a1df7de6061aa888,0.074,,,
94,2026-05-25,SZ301236,-0.020140141248703003,EXP_LinearModel_Alpha158_csi300_custom_step0_s_20260525_15,a7e3883f52dd4344a1df7de6061aa888,0.074,,,
95,2026-05-25,SZ300999,-0.061777208000421524,EXP_LinearModel_Alpha158_csi300_custom_step0_s_20260525_15,a7e3883f52dd4344a1df7de6061aa888,0.074,,,
96,2026-05-25,SZ300979,0.006443291436880827,EXP_LinearModel_Alpha158_csi300_custom_step0_s_20260525_15,a7e3883f52dd4344a1df7de6061aa888,0.074,,,
97,2026-05-25,SZ300896,-0.06732428818941116,EXP_LinearModel_Alpha158_csi300_custom_step0_s_20260525_15,a7e3883f52dd4344a1df7de6061aa888,0.074,,,
98,2026-05-25,SZ300866,0.04409864917397499,EXP_LinearModel_Alpha158_csi300_custom_step0_s_20260525_15,a7e3883f52dd4344a1df7de6061aa888,0.074,,,
99,2026-05-25,SZ300832,-0.051640935242176056,EXP_LinearModel_Alpha158_csi300_custom_step0_s_20260525_15,a7e3883f52dd4344a1df7de6061aa888,0.074,,,
100,2026-05-25,SZ300803,-0.06961886584758759,EXP_LinearModel_Alpha158_csi300_custom_step0_s_20260525_15,a7e3883f52dd4344a1df7de6061aa888,0.074,,,
101,2026-05-25,SZ300782,0.04590090736746788,EXP_LinearModel_Alpha158_csi300_custom_step0_s_20260525_15,a7e3883f52dd4344a1df7de6061aa888,0.074,,,
102,2026-05-25,SZ300760,-0.048333123326301575,EXP_LinearModel_Alpha158_csi300_custom_step0_s_20260525_15,a7e3883f52dd4344a1df7de6061aa888,0.074,,,
103,2026-05-25,SZ300759,-0.020130781456828117,EXP_LinearModel_Alpha158_csi300_custom_step0_s_20260525_15,a7e3883f52dd4344a1df7de6061aa888,0.074,,,
104,2026-05-25,SZ300750,-0.034786563366651535,EXP_LinearModel_Alpha158_csi300_custom_step0_s_20260525_15,a7e3883f52dd4344a1df7de6061aa888,0.074,,,
105,2026-05-25,SZ300661,-0.08461779356002808,EXP_LinearModel_Alpha158_csi300_custom_step0_s_20260525_15,a7e3883f52dd4344a1df7de6061aa888,0.074,,,
106,2026-05-25,SZ300628,-0.005265901796519756,EXP_LinearModel_Alpha158_csi300_custom_step0_s_20260525_15,a7e3883f52dd4344a1df7de6061aa888,0.074,,,
107,2026-05-25,SZ300502,-0.050677694380283356,EXP_LinearModel_Alpha158_csi300_custom_step0_s_20260525_15,a7e3883f52dd4344a1df7de6061aa888,0.074,,,
108,2026-05-25,SZ300498,-0.0035759261809289455,EXP_LinearModel_Alpha158_csi300_custom_step0_s_20260525_15,a7e3883f52dd4344a1df7de6061aa888,0.074,,,
109,2026-05-25,SZ003816,0.005000704433768988,EXP_LinearModel_Alpha158_csi300_custom_step0_s_20260525_15,a7e3883f52dd4344a1df7de6061aa888,0.074,,,
110,2026-05-25,SZ002938,-0.20703557133674622,EXP_LinearModel_Alpha158_csi300_custom_step0_s_20260525_15,a7e3883f52dd4344a1df7de6061aa888,0.074,,,
111,2026-05-25,SZ002920,-0.022657357156276703,EXP_LinearModel_Alpha158_csi300_custom_step0_s_20260525_15,a7e3883f52dd4344a1df7de6061aa888,0.074,,,
112,2026-05-25,SZ002916,-0.1653430014848709,EXP_LinearModel_Alpha158_csi300_custom_step0_s_20260525_15,a7e3883f52dd4344a1df7de6061aa888,0.074,,,
113,2026-05-25,SZ002311,-0.021250825375318527,EXP_LinearModel_Alpha158_csi300_custom_step0_s_20260525_15,a7e3883f52dd4344a1df7de6061aa888,0.074,,,
114,2026-05-25,SZ002304,-0.05479443073272705,EXP_LinearModel_Alpha158_csi300_custom_step0_s_20260525_15,a7e3883f52dd4344a1df7de6061aa888,0.074,,,
115,2026-05-25,SZ002252,-0.02858223207294941,EXP_LinearModel_Alpha158_csi300_custom_step0_s_20260525_15,a7e3883f52dd4344a1df7de6061aa888,0.074,,,
116,2026-05-25,SZ002241,0.018020235002040863,EXP_LinearModel_Alpha158_csi300_custom_step0_s_20260525_15,a7e3883f52dd4344a1df7de6061aa888,0.074,,,
117,2026-05-25,SZ002236,-0.00705609330907464,EXP_LinearModel_Alpha158_csi300_custom_step0_s_20260525_15,a7e3883f52dd4344a1df7de6061aa888,0.074,,,
118,2026-05-25,SZ002230,-0.032328348606824875,EXP_LinearModel_Alpha158_csi300_custom_step0_s_20260525_15,a7e3883f52dd4344a1df7de6061aa888,0.074,,,
119,2026-05-25,SZ002179,0.0020042741671204567,EXP_LinearModel_Alpha158_csi300_custom_step0_s_20260525_15,a7e3883f52dd4344a1df7de6061aa888,0.074,,,
120,2026-05-25,SZ002142,-0.019434809684753418,EXP_LinearModel_Alpha158_csi300_custom_step0_s_20260525_15,a7e3883f52dd4344a1df7de6061aa888,0.074,,,
121,2026-05-25,SZ002074,-0.02988593280315399,EXP_LinearModel_Alpha158_csi300_custom_step0_s_20260525_15,a7e3883f52dd4344a1df7de6061aa888,0.074,,,
122,2026-05-25,SZ002050,-0.014206603169441223,EXP_LinearModel_Alpha158_csi300_custom_step0_s_20260525_15,a7e3883f52dd4344a1df7de6061aa888,0.074,,,
123,2026-05-25,SZ002049,0.005786352790892124,EXP_LinearModel_Alpha158_csi300_custom_step0_s_20260525_15,a7e3883f52dd4344a1df7de6061aa888,0.074,,,
124,2026-05-25,SZ002028,-0.03359576687216759,EXP_LinearModel_Alpha158_csi300_custom_step0_s_20260525_15,a7e3883f52dd4344a1df7de6061aa888,0.074,,,
125,2026-05-25,SZ002027,-0.008060816675424576,EXP_LinearModel_Alpha158_csi300_custom_step0_s_20260525_15,a7e3883f52dd4344a1df7de6061aa888,0.074,,,
126,2026-05-25,SZ002001,0.009097092784941196,EXP_LinearModel_Alpha158_csi300_custom_step0_s_20260525_15,a7e3883f52dd4344a1df7de6061aa888,0.074,,,
127,2026-05-25,SZ001979,-0.10038593411445618,EXP_LinearModel_Alpha158_csi300_custom_step0_s_20260525_15,a7e3883f52dd4344a1df7de6061aa888,0.074,,,
128,2026-05-25,SZ002352,-0.057111892849206924,EXP_LinearModel_Alpha158_csi300_custom_step0_s_20260525_15,a7e3883f52dd4344a1df7de6061aa888,0.074,,,
129,2026-05-25,SZ001391,-0.06969679147005081,EXP_LinearModel_Alpha158_csi300_custom_step0_s_20260525_15,a7e3883f52dd4344a1df7de6061aa888,0.074,,,
130,2026-05-25,SZ002371,-0.08981111645698547,EXP_LinearModel_Alpha158_csi300_custom_step0_s_20260525_15,a7e3883f52dd4344a1df7de6061aa888,0.074,,,
131,2026-05-25,SZ002415,-0.017016107216477394,EXP_LinearModel_Alpha158_csi300_custom_step0_s_20260525_15,a7e3883f52dd4344a1df7de6061aa888,0.074,,,
132,2026-05-25,SZ002736,-0.036029282957315445,EXP_LinearModel_Alpha158_csi300_custom_step0_s_20260525_15,a7e3883f52dd4344a1df7de6061aa888,0.074,,,
133,2026-05-25,SZ002714,-0.017632612958550453,EXP_LinearModel_Alpha158_csi300_custom_step0_s_20260525_15,a7e3883f52dd4344a1df7de6061aa888,0.074,,,
134,2026-05-25,SZ002709,0.05150432884693146,EXP_LinearModel_Alpha158_csi300_custom_step0_s_20260525_15,a7e3883f52dd4344a1df7de6061aa888,0.074,,,
135,2026-05-25,SZ002648,0.0030642796773463488,EXP_LinearModel_Alpha158_csi300_custom_step0_s_20260525_15,a7e3883f52dd4344a1df7de6061aa888,0.074,,,
136,2026-05-25,SZ002625,-0.043820083141326904,EXP_LinearModel_Alpha158_csi300_custom_step0_s_20260525_15,a7e3883f52dd4344a1df7de6061aa888,0.074,,,
137,2026-05-25,SZ002601,0.03283461555838585,EXP_LinearModel_Alpha158_csi300_custom_step0_s_20260525_15,a7e3883f52dd4344a1df7de6061aa888,0.074,,,
138,2026-05-25,SZ002600,-0.010371118783950806,EXP_LinearModel_Alpha158_csi300_custom_step0_s_20260525_15,a7e3883f52dd4344a1df7de6061aa888,0.074,,,
139,2026-05-25,SZ002594,-0.0542931854724884,EXP_LinearModel_Alpha158_csi300_custom_step0_s_20260525_15,a7e3883f52dd4344a1df7de6061aa888,0.074,,,
140,2026-05-25,SZ002493,-0.021547382697463036,EXP_LinearModel_Alpha158_csi300_custom_step0_s_20260525_15,a7e3883f52dd4344a1df7de6061aa888,0.074,,,
141,2026-05-25,SZ002475,-0.08566121757030487,EXP_LinearModel_Alpha158_csi300_custom_step0_s_20260525_15,a7e3883f52dd4344a1df7de6061aa888,0.074,,,
142,2026-05-25,SZ002466,-0.021308811381459236,EXP_LinearModel_Alpha158_csi300_custom_step0_s_20260525_15,a7e3883f52dd4344a1df7de6061aa888,0.074,,,
143,2026-05-25,SZ002463,-0.0883045420050621,EXP_LinearModel_Alpha158_csi300_custom_step0_s_20260525_15,a7e3883f52dd4344a1df7de6061aa888,0.074,,,
144,2026-05-25,SZ002460,0.018316714093089104,EXP_LinearModel_Alpha158_csi300_custom_step0_s_20260525_15,a7e3883f52dd4344a1df7de6061aa888,0.074,,,
145,2026-05-25,SZ002459,0.010088165290653706,EXP_LinearModel_Alpha158_csi300_custom_step0_s_20260525_15,a7e3883f52dd4344a1df7de6061aa888,0.074,,,
146,2026-05-25,SZ002422,0.0060033053159713745,EXP_LinearModel_Alpha158_csi300_custom_step0_s_20260525_15,a7e3883f52dd4344a1df7de6061aa888,0.074,,,
147,2026-05-25,SZ002384,-0.07184956967830658,EXP_LinearModel_Alpha158_csi300_custom_step0_s_20260525_15,a7e3883f52dd4344a1df7de6061aa888,0.074,,,
148,2026-05-25,SZ301269,-0.030540991574525833,EXP_LinearModel_Alpha158_csi300_custom_step0_s_20260525_15,a7e3883f52dd4344a1df7de6061aa888,0.074,,,
149,2026-05-25,SH601919,-0.005902152508497238,EXP_LinearModel_Alpha158_csi300_custom_step0_s_20260525_15,a7e3883f52dd4344a1df7de6061aa888,0.074,,,
150,2026-05-25,SH601901,-0.04624473303556442,EXP_LinearModel_Alpha158_csi300_custom_step0_s_20260525_15,a7e3883f52dd4344a1df7de6061aa888,0.074,,,
151,2026-05-25,SH600547,-0.0074786776676774025,EXP_LinearModel_Alpha158_csi300_custom_step0_s_20260525_15,a7e3883f52dd4344a1df7de6061aa888,0.074,,,
152,2026-05-25,SH600522,0.033487558364868164,EXP_LinearModel_Alpha158_csi300_custom_step0_s_20260525_15,a7e3883f52dd4344a1df7de6061aa888,0.074,,,
153,2026-05-25,SH600519,-0.07235285639762878,EXP_LinearModel_Alpha158_csi300_custom_step0_s_20260525_15,a7e3883f52dd4344a1df7de6061aa888,0.074,,,
154,2026-05-25,SH600515,-0.031362954527139664,EXP_LinearModel_Alpha158_csi300_custom_step0_s_20260525_15,a7e3883f52dd4344a1df7de6061aa888,0.074,,,
155,2026-05-25,SH600489,-0.03276946768164635,EXP_LinearModel_Alpha158_csi300_custom_step0_s_20260525_15,a7e3883f52dd4344a1df7de6061aa888,0.074,,,
156,2026-05-25,SH600482,-0.10147213935852051,EXP_LinearModel_Alpha158_csi300_custom_step0_s_20260525_15,a7e3883f52dd4344a1df7de6061aa888,0.074,,,
157,2026-05-25,SH600570,-0.032262399792671204,EXP_LinearModel_Alpha158_csi300_custom_step0_s_20260525_15,a7e3883f52dd4344a1df7de6061aa888,0.074,,,
158,2026-05-25,SH600460,0.005978644825518131,EXP_LinearModel_Alpha158_csi300_custom_step0_s_20260525_15,a7e3883f52dd4344a1df7de6061aa888,0.074,,,
159,2026-05-25,SH600436,-0.04807896539568901,EXP_LinearModel_Alpha158_csi300_custom_step0_s_20260525_15,a7e3883f52dd4344a1df7de6061aa888,0.074,,,
160,2026-05-25,SH600426,0.05376676097512245,EXP_LinearModel_Alpha158_csi300_custom_step0_s_20260525_15,a7e3883f52dd4344a1df7de6061aa888,0.074,,,
161,2026-05-25,SH600415,-0.09172370284795761,EXP_LinearModel_Alpha158_csi300_custom_step0_s_20260525_15,a7e3883f52dd4344a1df7de6061aa888,0.074,,,
162,2026-05-25,SH600406,-0.07245267927646637,EXP_LinearModel_Alpha158_csi300_custom_step0_s_20260525_15,a7e3883f52dd4344a1df7de6061aa888,0.074,,,
163,2026-05-25,SH600377,0.020816879346966743,EXP_LinearModel_Alpha158_csi300_custom_step0_s_20260525_15,a7e3883f52dd4344a1df7de6061aa888,0.074,,,
164,2026-05-25,SH600372,-0.052650000900030136,EXP_LinearModel_Alpha158_csi300_custom_step0_s_20260525_15,a7e3883f52dd4344a1df7de6061aa888,0.074,,,
165,2026-05-25,SH600438,0.029753729701042175,EXP_LinearModel_Alpha158_csi300_custom_step0_s_20260525_15,a7e3883f52dd4344a1df7de6061aa888,0.074,,,
166,2026-05-25,SH600584,-0.16340933740139008,EXP_LinearModel_Alpha158_csi300_custom_step0_s_20260525_15,a7e3883f52dd4344a1df7de6061aa888,0.074,,,
167,2026-05-25,SH600585,-0.06868376582860947,EXP_LinearModel_Alpha158_csi300_custom_step0_s_20260525_15,a7e3883f52dd4344a1df7de6061aa888,0.074,,,
168,2026-05-25,SH600588,-0.0867883712053299,EXP_LinearModel_Alpha158_csi300_custom_step0_s_20260525_15,a7e3883f52dd4344a1df7de6061aa888,0.074,,,
169,2026-05-25,SH600900,-0.008930831216275692,EXP_LinearModel_Alpha158_csi300_custom_step0_s_20260525_15,a7e3883f52dd4344a1df7de6061aa888,0.074,,,
170,2026-05-25,SH600893,-0.04785142466425896,EXP_LinearModel_Alpha158_csi300_custom_step0_s_20260525_15,a7e3883f52dd4344a1df7de6061aa888,0.074,,,
171,2026-05-25,SH600887,-0.023785999044775963,EXP_LinearModel_Alpha158_csi300_custom_step0_s_20260525_15,a7e3883f52dd4344a1df7de6061aa888,0.074,,,
172,2026-05-25,SH600886,0.002266004215925932,EXP_LinearModel_Alpha158_csi300_custom_step0_s_20260525_15,a7e3883f52dd4344a1df7de6061aa888,0.074,,,
173,2026-05-25,SH600875,-0.032895274460315704,EXP_LinearModel_Alpha158_csi300_custom_step0_s_20260525_15,a7e3883f52dd4344a1df7de6061aa888,0.074,,,
174,2026-05-25,SH600845,-0.019483506679534912,EXP_LinearModel_Alpha158_csi300_custom_step0_s_20260525_15,a7e3883f52dd4344a1df7de6061aa888,0.074,,,
175,2026-05-25,SH600809,-0.06967942416667938,EXP_LinearModel_Alpha158_csi300_custom_step0_s_20260525_15,a7e3883f52dd4344a1df7de6061aa888,0.074,,,
176,2026-05-25,SH600803,0.025478480383753777,EXP_LinearModel_Alpha158_csi300_custom_step0_s_20260525_15,a7e3883f52dd4344a1df7de6061aa888,0.074,,,
177,2026-05-25,SH600795,-0.045895252376794815,EXP_LinearModel_Alpha158_csi300_custom_step0_s_20260525_15,a7e3883f52dd4344a1df7de6061aa888,0.074,,,
178,2026-05-25,SH600760,-0.06941431015729904,EXP_LinearModel_Alpha158_csi300_custom_step0_s_20260525_15,a7e3883f52dd4344a1df7de6061aa888,0.074,,,
179,2026-05-25,SH600741,-0.05013006925582886,EXP_LinearModel_Alpha158_csi300_custom_step0_s_20260525_15,a7e3883f52dd4344a1df7de6061aa888,0.074,,,
180,2026-05-25,SH600690,-0.05804738029837608,EXP_LinearModel_Alpha158_csi300_custom_step0_s_20260525_15,a7e3883f52dd4344a1df7de6061aa888,0.074,,,
181,2026-05-25,SH600674,-0.00029987713787704706,EXP_LinearModel_Alpha158_csi300_custom_step0_s_20260525_15,a7e3883f52dd4344a1df7de6061aa888,0.074,,,
182,2026-05-25,SH600660,-0.09225071221590042,EXP_LinearModel_Alpha158_csi300_custom_step0_s_20260525_15,a7e3883f52dd4344a1df7de6061aa888,0.074,,,
183,2026-05-25,SH600600,-0.061437685042619705,EXP_LinearModel_Alpha158_csi300_custom_step0_s_20260525_15,a7e3883f52dd4344a1df7de6061aa888,0.074,,,
184,2026-05-25,SH600362,-0.044738538563251495,EXP_LinearModel_Alpha158_csi300_custom_step0_s_20260525_15,a7e3883f52dd4344a1df7de6061aa888,0.074,,,
185,2026-05-25,SH600346,-0.0285634882748127,EXP_LinearModel_Alpha158_csi300_custom_step0_s_20260525_15,a7e3883f52dd4344a1df7de6061aa888,0.074,,,
186,2026-05-25,SH600309,-0.008944996632635593,EXP_LinearModel_Alpha158_csi300_custom_step0_s_20260525_15,a7e3883f52dd4344a1df7de6061aa888,0.074,,,
187,2026-05-25,SH600276,-0.06697310507297516,EXP_LinearModel_Alpha158_csi300_custom_step0_s_20260525_15,a7e3883f52dd4344a1df7de6061aa888,0.074,,,
188,2026-05-25,SH600036,-0.05280182510614395,EXP_LinearModel_Alpha158_csi300_custom_step0_s_20260525_15,a7e3883f52dd4344a1df7de6061aa888,0.074,,,
189,2026-05-25,SH600031,-0.058377135545015335,EXP_LinearModel_Alpha158_csi300_custom_step0_s_20260525_15,a7e3883f52dd4344a1df7de6061aa888,0.074,,,
190,2026-05-25,SH600030,-0.00988885946571827,EXP_LinearModel_Alpha158_csi300_custom_step0_s_20260525_15,a7e3883f52dd4344a1df7de6061aa888,0.074,,,
191,2026-05-25,SH600029,-0.06657785177230835,EXP_LinearModel_Alpha158_csi300_custom_step0_s_20260525_15,a7e3883f52dd4344a1df7de6061aa888,0.074,,,
192,2026-05-25,SH600028,-0.055600930005311966,EXP_LinearModel_Alpha158_csi300_custom_step0_s_20260525_15,a7e3883f52dd4344a1df7de6061aa888,0.074,,,
193,2026-05-25,SH600027,-0.010525173507630825,EXP_LinearModel_Alpha158_csi300_custom_step0_s_20260525_15,a7e3883f52dd4344a1df7de6061aa888,0.074,,,
194,2026-05-25,SH600026,0.024031484499573708,EXP_LinearModel_Alpha158_csi300_custom_step0_s_20260525_15,a7e3883f52dd4344a1df7de6061aa888,0.074,,,
195,2026-05-25,SH600025,-0.02913748286664486,EXP_LinearModel_Alpha158_csi300_custom_step0_s_20260525_15,a7e3883f52dd4344a1df7de6061aa888,0.074,,,
196,2026-05-25,SH600023,-0.08152312785387039,EXP_LinearModel_Alpha158_csi300_custom_step0_s_20260525_15,a7e3883f52dd4344a1df7de6061aa888,0.074,,,
197,2026-05-25,SH600019,0.018613139167428017,EXP_LinearModel_Alpha158_csi300_custom_step0_s_20260525_15,a7e3883f52dd4344a1df7de6061aa888,0.074,,,
198,2026-05-25,SH600018,0.0719887986779213,EXP_LinearModel_Alpha158_csi300_custom_step0_s_20260525_15,a7e3883f52dd4344a1df7de6061aa888,0.074,,,
199,2026-05-25,SH600016,0.022935377433896065,EXP_LinearModel_Alpha158_csi300_custom_step0_s_20260525_15,a7e3883f52dd4344a1df7de6061aa888,0.074,,,
200,2026-05-25,SH600015,-0.010729070752859116,EXP_LinearModel_Alpha158_csi300_custom_step0_s_20260525_15,a7e3883f52dd4344a1df7de6061aa888,0.074,,,
201,2026-05-25,SH600011,-0.007206195965409279,EXP_LinearModel_Alpha158_csi300_custom_step0_s_20260525_15,a7e3883f52dd4344a1df7de6061aa888,0.074,,,
202,2026-05-25,SH600010,-0.008900058455765247,EXP_LinearModel_Alpha158_csi300_custom_step0_s_20260525_15,a7e3883f52dd4344a1df7de6061aa888,0.074,,,
203,2026-05-25,SH600039,0.04714127629995346,EXP_LinearModel_Alpha158_csi300_custom_step0_s_20260525_15,a7e3883f52dd4344a1df7de6061aa888,0.074,,,
204,2026-05-25,SH600905,-0.02534426748752594,EXP_LinearModel_Alpha158_csi300_custom_step0_s_20260525_15,a7e3883f52dd4344a1df7de6061aa888,0.074,,,
205,2026-05-25,SH600048,-0.08032131940126419,EXP_LinearModel_Alpha158_csi300_custom_step0_s_20260525_15,a7e3883f52dd4344a1df7de6061aa888,0.074,,,
206,2026-05-25,SH600061,-0.04810363054275513,EXP_LinearModel_Alpha158_csi300_custom_step0_s_20260525_15,a7e3883f52dd4344a1df7de6061aa888,0.074,,,
207,2026-05-25,SH600233,-0.023474203422665596,EXP_LinearModel_Alpha158_csi300_custom_step0_s_20260525_15,a7e3883f52dd4344a1df7de6061aa888,0.074,,,
208,2026-05-25,SH600219,0.04074868932366371,EXP_LinearModel_Alpha158_csi300_custom_step0_s_20260525_15,a7e3883f52dd4344a1df7de6061aa888,0.074,,,
209,2026-05-25,SH600196,-0.09050772339105606,EXP_LinearModel_Alpha158_csi300_custom_step0_s_20260525_15,a7e3883f52dd4344a1df7de6061aa888,0.074,,,
210,2026-05-25,SH600188,-0.010149366222321987,EXP_LinearModel_Alpha158_csi300_custom_step0_s_20260525_15,a7e3883f52dd4344a1df7de6061aa888,0.074,,,
211,2026-05-25,SH600183,-0.1301332712173462,EXP_LinearModel_Alpha158_csi300_custom_step0_s_20260525_15,a7e3883f52dd4344a1df7de6061aa888,0.074,,,
212,2026-05-25,SH600176,-0.009375096298754215,EXP_LinearModel_Alpha158_csi300_custom_step0_s_20260525_15,a7e3883f52dd4344a1df7de6061aa888,0.074,,,
213,2026-05-25,SH600161,-0.06184118613600731,EXP_LinearModel_Alpha158_csi300_custom_step0_s_20260525_15,a7e3883f52dd4344a1df7de6061aa888,0.074,,,
214,2026-05-25,SH600160,-0.01263238862156868,EXP_LinearModel_Alpha158_csi300_custom_step0_s_20260525_15,a7e3883f52dd4344a1df7de6061aa888,0.074,,,
215,2026-05-25,SH600150,-0.0005579201970249414,EXP_LinearModel_Alpha158_csi300_custom_step0_s_20260525_15,a7e3883f52dd4344a1df7de6061aa888,0.074,,,
216,2026-05-25,SH600115,-0.038760311901569366,EXP_LinearModel_Alpha158_csi300_custom_step0_s_20260525_15,a7e3883f52dd4344a1df7de6061aa888,0.074,,,
217,2026-05-25,SH600111,-0.020205922424793243,EXP_LinearModel_Alpha158_csi300_custom_step0_s_20260525_15,a7e3883f52dd4344a1df7de6061aa888,0.074,,,
218,2026-05-25,SH600104,-0.004945372696965933,EXP_LinearModel_Alpha158_csi300_custom_step0_s_20260525_15,a7e3883f52dd4344a1df7de6061aa888,0.074,,,
219,2026-05-25,SH600089,-0.0560012124478817,EXP_LinearModel_Alpha158_csi300_custom_step0_s_20260525_15,a7e3883f52dd4344a1df7de6061aa888,0.074,,,
220,2026-05-25,SH600085,-0.03400392830371857,EXP_LinearModel_Alpha158_csi300_custom_step0_s_20260525_15,a7e3883f52dd4344a1df7de6061aa888,0.074,,,
221,2026-05-25,SH600066,-0.0370667465031147,EXP_LinearModel_Alpha158_csi300_custom_step0_s_20260525_15,a7e3883f52dd4344a1df7de6061aa888,0.074,,,
222,2026-05-25,SH600050,0.0028794484678655863,EXP_LinearModel_Alpha158_csi300_custom_step0_s_20260525_15,a7e3883f52dd4344a1df7de6061aa888,0.074,,,
223,2026-05-25,SH601916,0.07863637804985046,EXP_LinearModel_Alpha158_csi300_custom_step0_s_20260525_15,a7e3883f52dd4344a1df7de6061aa888,0.074,,,
224,2026-05-25,SH600918,-0.06578146666288376,EXP_LinearModel_Alpha158_csi300_custom_step0_s_20260525_15,a7e3883f52dd4344a1df7de6061aa888,0.074,,,
225,2026-05-25,SH600926,-0.0678069144487381,EXP_LinearModel_Alpha158_csi300_custom_step0_s_20260525_15,a7e3883f52dd4344a1df7de6061aa888,0.074,,,
226,2026-05-25,SH601689,0.016483856365084648,EXP_LinearModel_Alpha158_csi300_custom_step0_s_20260525_15,a7e3883f52dd4344a1df7de6061aa888,0.074,,,
227,2026-05-25,SH601688,-0.09089765697717667,EXP_LinearModel_Alpha158_csi300_custom_step0_s_20260525_15,a7e3883f52dd4344a1df7de6061aa888,0.074,,,
228,2026-05-25,SH601669,-0.011011454276740551,EXP_LinearModel_Alpha158_csi300_custom_step0_s_20260525_15,a7e3883f52dd4344a1df7de6061aa888,0.074,,,
229,2026-05-25,SH601668,-0.019510749727487564,EXP_LinearModel_Alpha158_csi300_custom_step0_s_20260525_15,a7e3883f52dd4344a1df7de6061aa888,0.074,,,
230,2026-05-25,SH601658,-0.05661001056432724,EXP_LinearModel_Alpha158_csi300_custom_step0_s_20260525_15,a7e3883f52dd4344a1df7de6061aa888,0.074,,,
231,2026-05-25,SH601633,-0.041907601058483124,EXP_LinearModel_Alpha158_csi300_custom_step0_s_20260525_15,a7e3883f52dd4344a1df7de6061aa888,0.074,,,
232,2026-05-25,SH601698,-0.030081456527113914,EXP_LinearModel_Alpha158_csi300_custom_step0_s_20260525_15,a7e3883f52dd4344a1df7de6061aa888,0.074,,,
233,2026-05-25,SH601628,-0.12266621738672256,EXP_LinearModel_Alpha158_csi300_custom_step0_s_20260525_15,a7e3883f52dd4344a1df7de6061aa888,0.074,,,
234,2026-05-25,SH601607,-0.026739846915006638,EXP_LinearModel_Alpha158_csi300_custom_step0_s_20260525_15,a7e3883f52dd4344a1df7de6061aa888,0.074,,,
235,2026-05-25,SH601601,-0.057161614298820496,EXP_LinearModel_Alpha158_csi300_custom_step0_s_20260525_15,a7e3883f52dd4344a1df7de6061aa888,0.074,,,
236,2026-05-25,SH601600,-0.01300866436213255,EXP_LinearModel_Alpha158_csi300_custom_step0_s_20260525_15,a7e3883f52dd4344a1df7de6061aa888,0.074,,,
237,2026-05-25,SH601456,-0.012822997756302357,EXP_LinearModel_Alpha158_csi300_custom_step0_s_20260525_15,a7e3883f52dd4344a1df7de6061aa888,0.074,,,
238,2026-05-25,SH601398,-0.014656330458819866,EXP_LinearModel_Alpha158_csi300_custom_step0_s_20260525_15,a7e3883f52dd4344a1df7de6061aa888,0.074,,,
239,2026-05-25,SH601390,0.049337588250637054,EXP_LinearModel_Alpha158_csi300_custom_step0_s_20260525_15,a7e3883f52dd4344a1df7de6061aa888,0.074,,,
240,2026-05-25,SH601618,0.04650269076228142,EXP_LinearModel_Alpha158_csi300_custom_step0_s_20260525_15,a7e3883f52dd4344a1df7de6061aa888,0.074,,,
241,2026-05-25,SH601728,-0.06603604555130005,EXP_LinearModel_Alpha158_csi300_custom_step0_s_20260525_15,a7e3883f52dd4344a1df7de6061aa888,0.074,,,
242,2026-05-25,SH601766,-0.0818948820233345,EXP_LinearModel_Alpha158_csi300_custom_step0_s_20260525_15,a7e3883f52dd4344a1df7de6061aa888,0.074,,,
243,2026-05-25,SH601788,-0.06030583009123802,EXP_LinearModel_Alpha158_csi300_custom_step0_s_20260525_15,a7e3883f52dd4344a1df7de6061aa888,0.074,,,
244,2026-05-25,SH601899,-0.0509377047419548,EXP_LinearModel_Alpha158_csi300_custom_step0_s_20260525_15,a7e3883f52dd4344a1df7de6061aa888,0.074,,,
245,2026-05-25,SH601898,0.019839704036712646,EXP_LinearModel_Alpha158_csi300_custom_step0_s_20260525_15,a7e3883f52dd4344a1df7de6061aa888,0.074,,,
246,2026-05-25,SH601888,-0.03155003488063812,EXP_LinearModel_Alpha158_csi300_custom_step0_s_20260525_15,a7e3883f52dd4344a1df7de6061aa888,0.074,,,
247,2026-05-25,SH601881,-0.05505361780524254,EXP_LinearModel_Alpha158_csi300_custom_step0_s_20260525_15,a7e3883f52dd4344a1df7de6061aa888,0.074,,,
248,2026-05-25,SH601878,-0.04791274666786194,EXP_LinearModel_Alpha158_csi300_custom_step0_s_20260525_15,a7e3883f52dd4344a1df7de6061aa888,0.074,,,
249,2026-05-25,SH601877,-0.04741596430540085,EXP_LinearModel_Alpha158_csi300_custom_step0_s_20260525_15,a7e3883f52dd4344a1df7de6061aa888,0.074,,,
250,2026-05-25,SH601872,0.03567342087626457,EXP_LinearModel_Alpha158_csi300_custom_step0_s_20260525_15,a7e3883f52dd4344a1df7de6061aa888,0.074,,,
251,2026-05-25,SH601868,-0.05599341541528702,EXP_LinearModel_Alpha158_csi300_custom_step0_s_20260525_15,a7e3883f52dd4344a1df7de6061aa888,0.074,,,
252,2026-05-25,SH601857,-0.0003501477185636759,EXP_LinearModel_Alpha158_csi300_custom_step0_s_20260525_15,a7e3883f52dd4344a1df7de6061aa888,0.074,,,
253,2026-05-25,SH601838,0.011066939681768417,EXP_LinearModel_Alpha158_csi300_custom_step0_s_20260525_15,a7e3883f52dd4344a1df7de6061aa888,0.074,,,
254,2026-05-25,SH601825,0.00816498976200819,EXP_LinearModel_Alpha158_csi300_custom_step0_s_20260525_15,a7e3883f52dd4344a1df7de6061aa888,0.074,,,
255,2026-05-25,SH601818,0.1350155770778656,EXP_LinearModel_Alpha158_csi300_custom_step0_s_20260525_15,a7e3883f52dd4344a1df7de6061aa888,0.074,,,
256,2026-05-25,SH601816,-0.03320799395442009,EXP_LinearModel_Alpha158_csi300_custom_step0_s_20260525_15,a7e3883f52dd4344a1df7de6061aa888,0.074,,,
257,2026-05-25,SH601808,0.0435975044965744,EXP_LinearModel_Alpha158_csi300_custom_step0_s_20260525_15,a7e3883f52dd4344a1df7de6061aa888,0.074,,,
258,2026-05-25,SH601800,-0.023196345195174217,EXP_LinearModel_Alpha158_csi300_custom_step0_s_20260525_15,a7e3883f52dd4344a1df7de6061aa888,0.074,,,
259,2026-05-25,SH601377,-0.01915539801120758,EXP_LinearModel_Alpha158_csi300_custom_step0_s_20260525_15,a7e3883f52dd4344a1df7de6061aa888,0.074,,,
260,2026-05-25,SH601360,-0.033217284828424454,EXP_LinearModel_Alpha158_csi300_custom_step0_s_20260525_15,a7e3883f52dd4344a1df7de6061aa888,0.074,,,
261,2026-05-25,SH601336,-0.1063598170876503,EXP_LinearModel_Alpha158_csi300_custom_step0_s_20260525_15,a7e3883f52dd4344a1df7de6061aa888,0.074,,,
262,2026-05-25,SH601328,-0.017122022807598114,EXP_LinearModel_Alpha158_csi300_custom_step0_s_20260525_15,a7e3883f52dd4344a1df7de6061aa888,0.074,,,
263,2026-05-25,SH601077,-0.04335445165634155,EXP_LinearModel_Alpha158_csi300_custom_step0_s_20260525_15,a7e3883f52dd4344a1df7de6061aa888,0.074,,,
264,2026-05-25,SH601066,-0.03557457774877548,EXP_LinearModel_Alpha158_csi300_custom_step0_s_20260525_15,a7e3883f52dd4344a1df7de6061aa888,0.074,,,
265,2026-05-25,SH601059,-0.0013852596748620272,EXP_LinearModel_Alpha158_csi300_custom_step0_s_20260525_15,a7e3883f52dd4344a1df7de6061aa888,0.074,,,
266,2026-05-25,SH601058,-0.06696071475744247,EXP_LinearModel_Alpha158_csi300_custom_step0_s_20260525_15,a7e3883f52dd4344a1df7de6061aa888,0.074,,,
267,2026-05-25,SH601021,-0.029868505895137787,EXP_LinearModel_Alpha158_csi300_custom_step0_s_20260525_15,a7e3883f52dd4344a1df7de6061aa888,0.074,,,
268,2026-05-25,SH601018,0.026200026273727417,EXP_LinearModel_Alpha158_csi300_custom_step0_s_20260525_15,a7e3883f52dd4344a1df7de6061aa888,0.074,,,
269,2026-05-25,SH601012,-0.010059764608740807,EXP_LinearModel_Alpha158_csi300_custom_step0_s_20260525_15,a7e3883f52dd4344a1df7de6061aa888,0.074,,,
270,2026-05-25,SH601009,-0.05450361967086792,EXP_LinearModel_Alpha158_csi300_custom_step0_s_20260525_15,a7e3883f52dd4344a1df7de6061aa888,0.074,,,
271,2026-05-25,SH601006,0.04944932460784912,EXP_LinearModel_Alpha158_csi300_custom_step0_s_20260525_15,a7e3883f52dd4344a1df7de6061aa888,0.074,,,
272,2026-05-25,SH600999,0.024143733084201813,EXP_LinearModel_Alpha158_csi300_custom_step0_s_20260525_15,a7e3883f52dd4344a1df7de6061aa888,0.074,,,
273,2026-05-25,SH600989,0.045515406876802444,EXP_LinearModel_Alpha158_csi300_custom_step0_s_20260525_15,a7e3883f52dd4344a1df7de6061aa888,0.074,,,
274,2026-05-25,SH600958,,EXP_LinearModel_Alpha158_csi300_custom_step0_s_20260525_15,a7e3883f52dd4344a1df7de6061aa888,0.074,,,
275,2026-05-25,SH600941,-0.031023310497403145,EXP_LinearModel_Alpha158_csi300_custom_step0_s_20260525_15,a7e3883f52dd4344a1df7de6061aa888,0.074,,,
276,2026-05-25,SH600938,0.021099239587783813,EXP_LinearModel_Alpha158_csi300_custom_step0_s_20260525_15,a7e3883f52dd4344a1df7de6061aa888,0.074,,,
277,2026-05-25,SH600930,-0.06693004816770554,EXP_LinearModel_Alpha158_csi300_custom_step0_s_20260525_15,a7e3883f52dd4344a1df7de6061aa888,0.074,,,
278,2026-05-25,SH601088,-0.012720124796032906,EXP_LinearModel_Alpha158_csi300_custom_step0_s_20260525_15,a7e3883f52dd4344a1df7de6061aa888,0.074,,,
279,2026-05-25,SH600919,0.045508041977882385,EXP_LinearModel_Alpha158_csi300_custom_step0_s_20260525_15,a7e3883f52dd4344a1df7de6061aa888,0.074,,,
280,2026-05-25,SH601100,0.0038169161416590214,EXP_LinearModel_Alpha158_csi300_custom_step0_s_20260525_15,a7e3883f52dd4344a1df7de6061aa888,0.074,,,
281,2026-05-25,SH601117,-0.03134626895189285,EXP_LinearModel_Alpha158_csi300_custom_step0_s_20260525_15,a7e3883f52dd4344a1df7de6061aa888,0.074,,,
282,2026-05-25,SH601319,-0.012829681858420372,EXP_LinearModel_Alpha158_csi300_custom_step0_s_20260525_15,a7e3883f52dd4344a1df7de6061aa888,0.074,,,
283,2026-05-25,SH601318,-0.08516363799571991,EXP_LinearModel_Alpha158_csi300_custom_step0_s_20260525_15,a7e3883f52dd4344a1df7de6061aa888,0.074,,,
284,2026-05-25,SH601298,0.04195462912321091,EXP_LinearModel_Alpha158_csi300_custom_step0_s_20260525_15,a7e3883f52dd4344a1df7de6061aa888,0.074,,,
285,2026-05-25,SH601288,-0.045805081725120544,EXP_LinearModel_Alpha158_csi300_custom_step0_s_20260525_15,a7e3883f52dd4344a1df7de6061aa888,0.074,,,
286,2026-05-25,SH601238,-0.018474027514457703,EXP_LinearModel_Alpha158_csi300_custom_step0_s_20260525_15,a7e3883f52dd4344a1df7de6061aa888,0.074,,,
287,2026-05-25,SH601236,-0.050782009959220886,EXP_LinearModel_Alpha158_csi300_custom_step0_s_20260525_15,a7e3883f52dd4344a1df7de6061aa888,0.074,,,
288,2026-05-25,SH601229,-0.043997976928949356,EXP_LinearModel_Alpha158_csi300_custom_step0_s_20260525_15,a7e3883f52dd4344a1df7de6061aa888,0.074,,,
289,2026-05-25,SH601225,0.02392369695007801,EXP_LinearModel_Alpha158_csi300_custom_step0_s_20260525_15,a7e3883f52dd4344a1df7de6061aa888,0.074,,,
290,2026-05-25,SH601211,-0.07910335063934326,EXP_LinearModel_Alpha158_csi300_custom_step0_s_20260525_15,a7e3883f52dd4344a1df7de6061aa888,0.074,,,
291,2026-05-25,SH601186,0.01953602395951748,EXP_LinearModel_Alpha158_csi300_custom_step0_s_20260525_15,a7e3883f52dd4344a1df7de6061aa888,0.074,,,
292,2026-05-25,SH601169,0.027150018140673637,EXP_LinearModel_Alpha158_csi300_custom_step0_s_20260525_15,a7e3883f52dd4344a1df7de6061aa888,0.074,,,
293,2026-05-25,SH601166,-0.025282109156250954,EXP_LinearModel_Alpha158_csi300_custom_step0_s_20260525_15,a7e3883f52dd4344a1df7de6061aa888,0.074,,,
294,2026-05-25,SH601138,-0.0432857945561409,EXP_LinearModel_Alpha158_csi300_custom_step0_s_20260525_15,a7e3883f52dd4344a1df7de6061aa888,0.074,,,
295,2026-05-25,SH601136,-0.06682612746953964,EXP_LinearModel_Alpha158_csi300_custom_step0_s_20260525_15,a7e3883f52dd4344a1df7de6061aa888,0.074,,,
296,2026-05-25,SH601127,-0.03934398293495178,EXP_LinearModel_Alpha158_csi300_custom_step0_s_20260525_15,a7e3883f52dd4344a1df7de6061aa888,0.074,,,
297,2026-05-25,SH601111,-0.047180622816085815,EXP_LinearModel_Alpha158_csi300_custom_step0_s_20260525_15,a7e3883f52dd4344a1df7de6061aa888,0.074,,,
298,2026-05-25,SH600009,-0.05667370930314064,EXP_LinearModel_Alpha158_csi300_custom_step0_s_20260525_15,a7e3883f52dd4344a1df7de6061aa888,0.074,,,
299,2026-05-25,SZ302132,-0.059911392629146576,EXP_LinearModel_Alpha158_csi300_custom_step0_s_20260525_15,a7e3883f52dd4344a1df7de6061aa888,0.074,,,
300,2026-05-25,SH600009,-0.002152347704395652,EXP_LinearModel_Alpha158_csi300_custom_step0_s_20260525_15,18fd3fe0528d4f2a8dd5eb65dbec08a8,0.087,,,
301,2026-05-25,SZ000596,-0.01420056726783514,EXP_LinearModel_Alpha158_csi300_custom_step0_s_20260525_15,18fd3fe0528d4f2a8dd5eb65dbec08a8,0.087,,,
302,2026-05-25,SZ000568,0.03635754436254501,EXP_LinearModel_Alpha158_csi300_custom_step0_s_20260525_15,18fd3fe0528d4f2a8dd5eb65dbec08a8,0.087,,,
303,2026-05-25,SZ000538,-0.03514979034662247,EXP_LinearModel_Alpha158_csi300_custom_step0_s_20260525_15,18fd3fe0528d4f2a8dd5eb65dbec08a8,0.087,,,
304,2026-05-25,SZ000425,-0.036778733134269714,EXP_LinearModel_Alpha158_csi300_custom_step0_s_20260525_15,18fd3fe0528d4f2a8dd5eb65dbec08a8,0.087,,,
305,2026-05-25,SZ000408,-0.08568760007619858,EXP_LinearModel_Alpha158_csi300_custom_step0_s_20260525_15,18fd3fe0528d4f2a8dd5eb65dbec08a8,0.087,,,
306,2026-05-25,SZ000338,0.04757744446396828,EXP_LinearModel_Alpha158_csi300_custom_step0_s_20260525_15,18fd3fe0528d4f2a8dd5eb65dbec08a8,0.087,,,
307,2026-05-25,SZ000617,-0.07370007038116455,EXP_LinearModel_Alpha158_csi300_custom_step0_s_20260525_15,18fd3fe0528d4f2a8dd5eb65dbec08a8,0.087,,,
308,2026-05-25,SZ000333,0.02518024854362011,EXP_LinearModel_Alpha158_csi300_custom_step0_s_20260525_15,18fd3fe0528d4f2a8dd5eb65dbec08a8,0.087,,,
309,2026-05-25,SZ000166,-0.01177370734512806,EXP_LinearModel_Alpha158_csi300_custom_step0_s_20260525_15,18fd3fe0528d4f2a8dd5eb65dbec08a8,0.087,,,
310,2026-05-25,SZ000157,-0.029235107824206352,EXP_LinearModel_Alpha158_csi300_custom_step0_s_20260525_15,18fd3fe0528d4f2a8dd5eb65dbec08a8,0.087,,,
311,2026-05-25,SZ000100,-0.023745344951748848,EXP_LinearModel_Alpha158_csi300_custom_step0_s_20260525_15,18fd3fe0528d4f2a8dd5eb65dbec08a8,0.087,,,
312,2026-05-25,SZ000063,-0.011893459595739841,EXP_LinearModel_Alpha158_csi300_custom_step0_s_20260525_15,18fd3fe0528d4f2a8dd5eb65dbec08a8,0.087,,,
313,2026-05-25,SZ000002,-0.07190026342868805,EXP_LinearModel_Alpha158_csi300_custom_step0_s_20260525_15,18fd3fe0528d4f2a8dd5eb65dbec08a8,0.087,,,
314,2026-05-25,SZ000001,-0.028543740510940552,EXP_LinearModel_Alpha158_csi300_custom_step0_s_20260525_15,18fd3fe0528d4f2a8dd5eb65dbec08a8,0.087,,,
315,2026-05-25,SZ000301,-0.0006700986414216459,EXP_LinearModel_Alpha158_csi300_custom_step0_s_20260525_15,18fd3fe0528d4f2a8dd5eb65dbec08a8,0.087,,,
316,2026-05-25,SZ000625,0.0217159204185009,EXP_LinearModel_Alpha158_csi300_custom_step0_s_20260525_15,18fd3fe0528d4f2a8dd5eb65dbec08a8,0.087,,,
317,2026-05-25,SZ000630,-0.10859472304582596,EXP_LinearModel_Alpha158_csi300_custom_step0_s_20260525_15,18fd3fe0528d4f2a8dd5eb65dbec08a8,0.087,,,
318,2026-05-25,SZ000651,0.031116437166929245,EXP_LinearModel_Alpha158_csi300_custom_step0_s_20260525_15,18fd3fe0528d4f2a8dd5eb65dbec08a8,0.087,,,
319,2026-05-25,SZ000977,-0.015404230915009975,EXP_LinearModel_Alpha158_csi300_custom_step0_s_20260525_15,18fd3fe0528d4f2a8dd5eb65dbec08a8,0.087,,,
320,2026-05-25,SZ000975,-0.02590917982161045,EXP_LinearModel_Alpha158_csi300_custom_step0_s_20260525_15,18fd3fe0528d4f2a8dd5eb65dbec08a8,0.087,,,
321,2026-05-25,SZ000963,-0.038422226905822754,EXP_LinearModel_Alpha158_csi300_custom_step0_s_20260525_15,18fd3fe0528d4f2a8dd5eb65dbec08a8,0.087,,,
322,2026-05-25,SZ000938,0.0527968592941761,EXP_LinearModel_Alpha158_csi300_custom_step0_s_20260525_15,18fd3fe0528d4f2a8dd5eb65dbec08a8,0.087,,,
323,2026-05-25,SZ000895,-0.04387950524687767,EXP_LinearModel_Alpha158_csi300_custom_step0_s_20260525_15,18fd3fe0528d4f2a8dd5eb65dbec08a8,0.087,,,
324,2026-05-25,SZ000876,-0.02600116841495037,EXP_LinearModel_Alpha158_csi300_custom_step0_s_20260525_15,18fd3fe0528d4f2a8dd5eb65dbec08a8,0.087,,,
325,2026-05-25,SZ000858,0.036952659487724304,EXP_LinearModel_Alpha158_csi300_custom_step0_s_20260525_15,18fd3fe0528d4f2a8dd5eb65dbec08a8,0.087,,,
326,2026-05-25,SZ000807,0.00505743408575654,EXP_LinearModel_Alpha158_csi300_custom_step0_s_20260525_15,18fd3fe0528d4f2a8dd5eb65dbec08a8,0.087,,,
327,2026-05-25,SZ000792,-0.02307547628879547,EXP_LinearModel_Alpha158_csi300_custom_step0_s_20260525_15,18fd3fe0528d4f2a8dd5eb65dbec08a8,0.087,,,
328,2026-05-25,SZ000786,-0.047391172498464584,EXP_LinearModel_Alpha158_csi300_custom_step0_s_20260525_15,18fd3fe0528d4f2a8dd5eb65dbec08a8,0.087,,,
329,2026-05-25,SZ000776,-0.058463647961616516,EXP_LinearModel_Alpha158_csi300_custom_step0_s_20260525_15,18fd3fe0528d4f2a8dd5eb65dbec08a8,0.087,,,
330,2026-05-25,SZ000768,-0.14136144518852234,EXP_LinearModel_Alpha158_csi300_custom_step0_s_20260525_15,18fd3fe0528d4f2a8dd5eb65dbec08a8,0.087,,,
331,2026-05-25,SZ000725,-0.14936001598834991,EXP_LinearModel_Alpha158_csi300_custom_step0_s_20260525_15,18fd3fe0528d4f2a8dd5eb65dbec08a8,0.087,,,
332,2026-05-25,SZ000708,0.020647451281547546,EXP_LinearModel_Alpha158_csi300_custom_step0_s_20260525_15,18fd3fe0528d4f2a8dd5eb65dbec08a8,0.087,,,
333,2026-05-25,SZ000661,-0.06440849602222443,EXP_LinearModel_Alpha158_csi300_custom_step0_s_20260525_15,18fd3fe0528d4f2a8dd5eb65dbec08a8,0.087,,,
334,2026-05-25,SH688981,-0.041623350232839584,EXP_LinearModel_Alpha158_csi300_custom_step0_s_20260525_15,18fd3fe0528d4f2a8dd5eb65dbec08a8,0.087,,,
335,2026-05-25,SH688506,-0.03788245841860771,EXP_LinearModel_Alpha158_csi300_custom_step0_s_20260525_15,18fd3fe0528d4f2a8dd5eb65dbec08a8,0.087,,,
336,2026-05-25,SH688472,-0.04904670640826225,EXP_LinearModel_Alpha158_csi300_custom_step0_s_20260525_15,18fd3fe0528d4f2a8dd5eb65dbec08a8,0.087,,,
337,2026-05-25,SH688396,0.06041392311453819,EXP_LinearModel_Alpha158_csi300_custom_step0_s_20260525_15,18fd3fe0528d4f2a8dd5eb65dbec08a8,0.087,,,
338,2026-05-25,SH603893,-0.06807222962379456,EXP_LinearModel_Alpha158_csi300_custom_step0_s_20260525_15,18fd3fe0528d4f2a8dd5eb65dbec08a8,0.087,,,
339,2026-05-25,SH603799,-0.050139013677835464,EXP_LinearModel_Alpha158_csi300_custom_step0_s_20260525_15,18fd3fe0528d4f2a8dd5eb65dbec08a8,0.087,,,
340,2026-05-25,SH603501,-0.019812174141407013,EXP_LinearModel_Alpha158_csi300_custom_step0_s_20260525_15,18fd3fe0528d4f2a8dd5eb65dbec08a8,0.087,,,
341,2026-05-25,SH603392,-0.02053057961165905,EXP_LinearModel_Alpha158_csi300_custom_step0_s_20260525_15,18fd3fe0528d4f2a8dd5eb65dbec08a8,0.087,,,
342,2026-05-25,SH603369,0.047475967556238174,EXP_LinearModel_Alpha158_csi300_custom_step0_s_20260525_15,18fd3fe0528d4f2a8dd5eb65dbec08a8,0.087,,,
343,2026-05-25,SH603296,0.016209851950407028,EXP_LinearModel_Alpha158_csi300_custom_step0_s_20260525_15,18fd3fe0528d4f2a8dd5eb65dbec08a8,0.087,,,
344,2026-05-25,SH603288,-0.12615405023097992,EXP_LinearModel_Alpha158_csi300_custom_step0_s_20260525_15,18fd3fe0528d4f2a8dd5eb65dbec08a8,0.087,,,
345,2026-05-25,SH603260,-0.07161303609609604,EXP_LinearModel_Alpha158_csi300_custom_step0_s_20260525_15,18fd3fe0528d4f2a8dd5eb65dbec08a8,0.087,,,
346,2026-05-25,SH603259,0.03481307253241539,EXP_LinearModel_Alpha158_csi300_custom_step0_s_20260525_15,18fd3fe0528d4f2a8dd5eb65dbec08a8,0.087,,,
347,2026-05-25,SH603195,-0.017826398834586143,EXP_LinearModel_Alpha158_csi300_custom_step0_s_20260525_15,18fd3fe0528d4f2a8dd5eb65dbec08a8,0.087,,,
348,2026-05-25,SH603019,-0.01989755593240261,EXP_LinearModel_Alpha158_csi300_custom_step0_s_20260525_15,18fd3fe0528d4f2a8dd5eb65dbec08a8,0.087,,,
349,2026-05-25,SH601998,-0.08543681353330612,EXP_LinearModel_Alpha158_csi300_custom_step0_s_20260525_15,18fd3fe0528d4f2a8dd5eb65dbec08a8,0.087,,,
350,2026-05-25,SH601995,0.024245435371994972,EXP_LinearModel_Alpha158_csi300_custom_step0_s_20260525_15,18fd3fe0528d4f2a8dd5eb65dbec08a8,0.087,,,
351,2026-05-25,SH601988,0.035664163529872894,EXP_LinearModel_Alpha158_csi300_custom_step0_s_20260525_15,18fd3fe0528d4f2a8dd5eb65dbec08a8,0.087,,,
352,2026-05-25,SH601985,-0.035278208553791046,EXP_LinearModel_Alpha158_csi300_custom_step0_s_20260525_15,18fd3fe0528d4f2a8dd5eb65dbec08a8,0.087,,,
353,2026-05-25,SH603986,-0.11053098738193512,EXP_LinearModel_Alpha158_csi300_custom_step0_s_20260525_15,18fd3fe0528d4f2a8dd5eb65dbec08a8,0.087,,,
354,2026-05-25,SZ000983,-0.06947463750839233,EXP_LinearModel_Alpha158_csi300_custom_step0_s_20260525_15,18fd3fe0528d4f2a8dd5eb65dbec08a8,0.087,,,
355,2026-05-25,SH603993,-0.1187148168683052,EXP_LinearModel_Alpha158_csi300_custom_step0_s_20260525_15,18fd3fe0528d4f2a8dd5eb65dbec08a8,0.087,,,
356,2026-05-25,SH605499,-0.017521612346172333,EXP_LinearModel_Alpha158_csi300_custom_step0_s_20260525_15,18fd3fe0528d4f2a8dd5eb65dbec08a8,0.087,,,
357,2026-05-25,SH688303,-0.04477076232433319,EXP_LinearModel_Alpha158_csi300_custom_step0_s_20260525_15,18fd3fe0528d4f2a8dd5eb65dbec08a8,0.087,,,
358,2026-05-25,SH688271,-0.040652696043252945,EXP_LinearModel_Alpha158_csi300_custom_step0_s_20260525_15,18fd3fe0528d4f2a8dd5eb65dbec08a8,0.087,,,
359,2026-05-25,SH688256,-0.13960160315036774,EXP_LinearModel_Alpha158_csi300_custom_step0_s_20260525_15,18fd3fe0528d4f2a8dd5eb65dbec08a8,0.087,,,
360,2026-05-25,SH688223,-0.07626113295555115,EXP_LinearModel_Alpha158_csi300_custom_step0_s_20260525_15,18fd3fe0528d4f2a8dd5eb65dbec08a8,0.087,,,
361,2026-05-25,SH688187,-0.11965925991535187,EXP_LinearModel_Alpha158_csi300_custom_step0_s_20260525_15,18fd3fe0528d4f2a8dd5eb65dbec08a8,0.087,,,
362,2026-05-25,SH688169,-0.057964980602264404,EXP_LinearModel_Alpha158_csi300_custom_step0_s_20260525_15,18fd3fe0528d4f2a8dd5eb65dbec08a8,0.087,,,
363,2026-05-25,SH688126,-0.07286103069782257,EXP_LinearModel_Alpha158_csi300_custom_step0_s_20260525_15,18fd3fe0528d4f2a8dd5eb65dbec08a8,0.087,,,
364,2026-05-25,SH688111,-0.055357158184051514,EXP_LinearModel_Alpha158_csi300_custom_step0_s_20260525_15,18fd3fe0528d4f2a8dd5eb65dbec08a8,0.087,,,
365,2026-05-25,SH688082,0.09068642556667328,EXP_LinearModel_Alpha158_csi300_custom_step0_s_20260525_15,18fd3fe0528d4f2a8dd5eb65dbec08a8,0.087,,,
366,2026-05-25,SH688047,0.01124448049813509,EXP_LinearModel_Alpha158_csi300_custom_step0_s_20260525_15,18fd3fe0528d4f2a8dd5eb65dbec08a8,0.087,,,
367,2026-05-25,SH688041,0.05822543799877167,EXP_LinearModel_Alpha158_csi300_custom_step0_s_20260525_15,18fd3fe0528d4f2a8dd5eb65dbec08a8,0.087,,,
368,2026-05-25,SH688036,-0.020006293430924416,EXP_LinearModel_Alpha158_csi300_custom_step0_s_20260525_15,18fd3fe0528d4f2a8dd5eb65dbec08a8,0.087,,,
369,2026-05-25,SH688012,0.038412731140851974,EXP_LinearModel_Alpha158_csi300_custom_step0_s_20260525_15,18fd3fe0528d4f2a8dd5eb65dbec08a8,0.087,,,
370,2026-05-25,SH688009,-0.03895815834403038,EXP_LinearModel_Alpha158_csi300_custom_step0_s_20260525_15,18fd3fe0528d4f2a8dd5eb65dbec08a8,0.087,,,
371,2026-05-25,SH688008,-0.04048467054963112,EXP_LinearModel_Alpha158_csi300_custom_step0_s_20260525_15,18fd3fe0528d4f2a8dd5eb65dbec08a8,0.087,,,
372,2026-05-25,SH605117,0.0089816153049469,EXP_LinearModel_Alpha158_csi300_custom_step0_s_20260525_15,18fd3fe0528d4f2a8dd5eb65dbec08a8,0.087,,,
373,2026-05-25,SH601939,0.00857625063508749,EXP_LinearModel_Alpha158_csi300_custom_step0_s_20260525_15,18fd3fe0528d4f2a8dd5eb65dbec08a8,0.087,,,
374,2026-05-25,SZ000999,-0.01795404590666294,EXP_LinearModel_Alpha158_csi300_custom_step0_s_20260525_15,18fd3fe0528d4f2a8dd5eb65dbec08a8,0.087,,,
375,2026-05-25,SZ001965,0.03823762387037277,EXP_LinearModel_Alpha158_csi300_custom_step0_s_20260525_15,18fd3fe0528d4f2a8dd5eb65dbec08a8,0.087,,,
376,2026-05-25,SZ300413,-0.04390231519937515,EXP_LinearModel_Alpha158_csi300_custom_step0_s_20260525_15,18fd3fe0528d4f2a8dd5eb65dbec08a8,0.087,,,
377,2026-05-25,SZ300408,-0.30760398507118225,EXP_LinearModel_Alpha158_csi300_custom_step0_s_20260525_15,18fd3fe0528d4f2a8dd5eb65dbec08a8,0.087,,,
378,2026-05-25,SZ300394,0.0679035633802414,EXP_LinearModel_Alpha158_csi300_custom_step0_s_20260525_15,18fd3fe0528d4f2a8dd5eb65dbec08a8,0.087,,,
379,2026-05-25,SZ300347,0.026737242937088013,EXP_LinearModel_Alpha158_csi300_custom_step0_s_20260525_15,18fd3fe0528d4f2a8dd5eb65dbec08a8,0.087,,,
380,2026-05-25,SZ300316,-0.03515990078449249,EXP_LinearModel_Alpha158_csi300_custom_step0_s_20260525_15,18fd3fe0528d4f2a8dd5eb65dbec08a8,0.087,,,
381,2026-05-25,SZ300308,-0.039554815739393234,EXP_LinearModel_Alpha158_csi300_custom_step0_s_20260525_15,18fd3fe0528d4f2a8dd5eb65dbec08a8,0.087,,,
382,2026-05-25,SZ300418,-0.09372212737798691,EXP_LinearModel_Alpha158_csi300_custom_step0_s_20260525_15,18fd3fe0528d4f2a8dd5eb65dbec08a8,0.087,,,
383,2026-05-25,SZ300274,-0.019845109432935715,EXP_LinearModel_Alpha158_csi300_custom_step0_s_20260525_15,18fd3fe0528d4f2a8dd5eb65dbec08a8,0.087,,,
384,2026-05-25,SZ300124,-0.028500743210315704,EXP_LinearModel_Alpha158_csi300_custom_step0_s_20260525_15,18fd3fe0528d4f2a8dd5eb65dbec08a8,0.087,,,
385,2026-05-25,SZ300122,-0.018886495381593704,EXP_LinearModel_Alpha158_csi300_custom_step0_s_20260525_15,18fd3fe0528d4f2a8dd5eb65dbec08a8,0.087,,,
386,2026-05-25,SZ300059,-0.040636658668518066,EXP_LinearModel_Alpha158_csi300_custom_step0_s_20260525_15,18fd3fe0528d4f2a8dd5eb65dbec08a8,0.087,,,
387,2026-05-25,SZ300033,-0.0003817810211330652,EXP_LinearModel_Alpha158_csi300_custom_step0_s_20260525_15,18fd3fe0528d4f2a8dd5eb65dbec08a8,0.087,,,
388,2026-05-25,SZ300015,-0.05367329716682434,EXP_LinearModel_Alpha158_csi300_custom_step0_s_20260525_15,18fd3fe0528d4f2a8dd5eb65dbec08a8,0.087,,,
389,2026-05-25,SZ300014,0.01935046911239624,EXP_LinearModel_Alpha158_csi300_custom_step0_s_20260525_15,18fd3fe0528d4f2a8dd5eb65dbec08a8,0.087,,,
390,2026-05-25,SZ300251,-0.10395705699920654,EXP_LinearModel_Alpha158_csi300_custom_step0_s_20260525_15,18fd3fe0528d4f2a8dd5eb65dbec08a8,0.087,,,
391,2026-05-25,SZ300433,0.02061563730239868,EXP_LinearModel_Alpha158_csi300_custom_step0_s_20260525_15,18fd3fe0528d4f2a8dd5eb65dbec08a8,0.087,,,
392,2026-05-25,SZ300442,-0.10530635714530945,EXP_LinearModel_Alpha158_csi300_custom_step0_s_20260525_15,18fd3fe0528d4f2a8dd5eb65dbec08a8,0.087,,,
393,2026-05-25,SZ300476,-0.09919057041406631,EXP_LinearModel_Alpha158_csi300_custom_step0_s_20260525_15,18fd3fe0528d4f2a8dd5eb65dbec08a8,0.087,,,
394,2026-05-25,SZ301236,-0.014777434058487415,EXP_LinearModel_Alpha158_csi300_custom_step0_s_20260525_15,18fd3fe0528d4f2a8dd5eb65dbec08a8,0.087,,,
395,2026-05-25,SZ300999,-0.08682675659656525,EXP_LinearModel_Alpha158_csi300_custom_step0_s_20260525_15,18fd3fe0528d4f2a8dd5eb65dbec08a8,0.087,,,
396,2026-05-25,SZ300979,0.028574490919709206,EXP_LinearModel_Alpha158_csi300_custom_step0_s_20260525_15,18fd3fe0528d4f2a8dd5eb65dbec08a8,0.087,,,
397,2026-05-25,SZ300896,-0.1259356588125229,EXP_LinearModel_Alpha158_csi300_custom_step0_s_20260525_15,18fd3fe0528d4f2a8dd5eb65dbec08a8,0.087,,,
398,2026-05-25,SZ300866,0.09069765359163284,EXP_LinearModel_Alpha158_csi300_custom_step0_s_20260525_15,18fd3fe0528d4f2a8dd5eb65dbec08a8,0.087,,,
399,2026-05-25,SZ300832,-0.06674226373434067,EXP_LinearModel_Alpha158_csi300_custom_step0_s_20260525_15,18fd3fe0528d4f2a8dd5eb65dbec08a8,0.087,,,
400,2026-05-25,SZ300803,-0.029154011979699135,EXP_LinearModel_Alpha158_csi300_custom_step0_s_20260525_15,18fd3fe0528d4f2a8dd5eb65dbec08a8,0.087,,,
401,2026-05-25,SZ300782,0.0287184901535511,EXP_LinearModel_Alpha158_csi300_custom_step0_s_20260525_15,18fd3fe0528d4f2a8dd5eb65dbec08a8,0.087,,,
402,2026-05-25,SZ300760,-0.02788899838924408,EXP_LinearModel_Alpha158_csi300_custom_step0_s_20260525_15,18fd3fe0528d4f2a8dd5eb65dbec08a8,0.087,,,
403,2026-05-25,SZ300759,0.005885004997253418,EXP_LinearModel_Alpha158_csi300_custom_step0_s_20260525_15,18fd3fe0528d4f2a8dd5eb65dbec08a8,0.087,,,
404,2026-05-25,SZ300750,-0.007243095897138119,EXP_LinearModel_Alpha158_csi300_custom_step0_s_20260525_15,18fd3fe0528d4f2a8dd5eb65dbec08a8,0.087,,,
405,2026-05-25,SZ300661,0.03079819679260254,EXP_LinearModel_Alpha158_csi300_custom_step0_s_20260525_15,18fd3fe0528d4f2a8dd5eb65dbec08a8,0.087,,,
406,2026-05-25,SZ300628,0.04319177195429802,EXP_LinearModel_Alpha158_csi300_custom_step0_s_20260525_15,18fd3fe0528d4f2a8dd5eb65dbec08a8,0.087,,,
407,2026-05-25,SZ300502,0.047487709671258926,EXP_LinearModel_Alpha158_csi300_custom_step0_s_20260525_15,18fd3fe0528d4f2a8dd5eb65dbec08a8,0.087,,,
408,2026-05-25,SZ300498,0.03512243926525116,EXP_LinearModel_Alpha158_csi300_custom_step0_s_20260525_15,18fd3fe0528d4f2a8dd5eb65dbec08a8,0.087,,,
409,2026-05-25,SZ003816,0.05459465831518173,EXP_LinearModel_Alpha158_csi300_custom_step0_s_20260525_15,18fd3fe0528d4f2a8dd5eb65dbec08a8,0.087,,,
410,2026-05-25,SZ002938,-0.19544662535190582,EXP_LinearModel_Alpha158_csi300_custom_step0_s_20260525_15,18fd3fe0528d4f2a8dd5eb65dbec08a8,0.087,,,
411,2026-05-25,SZ002920,-0.02743089199066162,EXP_LinearModel_Alpha158_csi300_custom_step0_s_20260525_15,18fd3fe0528d4f2a8dd5eb65dbec08a8,0.087,,,
412,2026-05-25,SZ002916,-0.1874755471944809,EXP_LinearModel_Alpha158_csi300_custom_step0_s_20260525_15,18fd3fe0528d4f2a8dd5eb65dbec08a8,0.087,,,
413,2026-05-25,SZ002311,-0.054359015077352524,EXP_LinearModel_Alpha158_csi300_custom_step0_s_20260525_15,18fd3fe0528d4f2a8dd5eb65dbec08a8,0.087,,,
414,2026-05-25,SZ002304,-0.026935994625091553,EXP_LinearModel_Alpha158_csi300_custom_step0_s_20260525_15,18fd3fe0528d4f2a8dd5eb65dbec08a8,0.087,,,
415,2026-05-25,SZ002252,-0.0034916591830551624,EXP_LinearModel_Alpha158_csi300_custom_step0_s_20260525_15,18fd3fe0528d4f2a8dd5eb65dbec08a8,0.087,,,
416,2026-05-25,SZ002241,0.016372714191675186,EXP_LinearModel_Alpha158_csi300_custom_step0_s_20260525_15,18fd3fe0528d4f2a8dd5eb65dbec08a8,0.087,,,
417,2026-05-25,SZ002236,0.01776217110455036,EXP_LinearModel_Alpha158_csi300_custom_step0_s_20260525_15,18fd3fe0528d4f2a8dd5eb65dbec08a8,0.087,,,
418,2026-05-25,SZ002230,-0.008481365628540516,EXP_LinearModel_Alpha158_csi300_custom_step0_s_20260525_15,18fd3fe0528d4f2a8dd5eb65dbec08a8,0.087,,,
419,2026-05-25,SZ002179,0.03889966756105423,EXP_LinearModel_Alpha158_csi300_custom_step0_s_20260525_15,18fd3fe0528d4f2a8dd5eb65dbec08a8,0.087,,,
420,2026-05-25,SZ002142,0.014512788504362106,EXP_LinearModel_Alpha158_csi300_custom_step0_s_20260525_15,18fd3fe0528d4f2a8dd5eb65dbec08a8,0.087,,,
421,2026-05-25,SZ002074,-0.022844769060611725,EXP_LinearModel_Alpha158_csi300_custom_step0_s_20260525_15,18fd3fe0528d4f2a8dd5eb65dbec08a8,0.087,,,
422,2026-05-25,SZ002050,-0.05127700790762901,EXP_LinearModel_Alpha158_csi300_custom_step0_s_20260525_15,18fd3fe0528d4f2a8dd5eb65dbec08a8,0.087,,,
423,2026-05-25,SZ002049,-0.01758766546845436,EXP_LinearModel_Alpha158_csi300_custom_step0_s_20260525_15,18fd3fe0528d4f2a8dd5eb65dbec08a8,0.087,,,
424,2026-05-25,SZ002028,-0.03965780884027481,EXP_LinearModel_Alpha158_csi300_custom_step0_s_20260525_15,18fd3fe0528d4f2a8dd5eb65dbec08a8,0.087,,,
425,2026-05-25,SZ002027,-0.002872777869924903,EXP_LinearModel_Alpha158_csi300_custom_step0_s_20260525_15,18fd3fe0528d4f2a8dd5eb65dbec08a8,0.087,,,
426,2026-05-25,SZ002001,0.008435088209807873,EXP_LinearModel_Alpha158_csi300_custom_step0_s_20260525_15,18fd3fe0528d4f2a8dd5eb65dbec08a8,0.087,,,
427,2026-05-25,SZ001979,-0.06402876228094101,EXP_LinearModel_Alpha158_csi300_custom_step0_s_20260525_15,18fd3fe0528d4f2a8dd5eb65dbec08a8,0.087,,,
428,2026-05-25,SZ002352,-0.02627350203692913,EXP_LinearModel_Alpha158_csi300_custom_step0_s_20260525_15,18fd3fe0528d4f2a8dd5eb65dbec08a8,0.087,,,
429,2026-05-25,SZ001391,-0.016544459387660027,EXP_LinearModel_Alpha158_csi300_custom_step0_s_20260525_15,18fd3fe0528d4f2a8dd5eb65dbec08a8,0.087,,,
430,2026-05-25,SZ002371,-0.011462243273854256,EXP_LinearModel_Alpha158_csi300_custom_step0_s_20260525_15,18fd3fe0528d4f2a8dd5eb65dbec08a8,0.087,,,
431,2026-05-25,SZ002415,0.0065262275747954845,EXP_LinearModel_Alpha158_csi300_custom_step0_s_20260525_15,18fd3fe0528d4f2a8dd5eb65dbec08a8,0.087,,,
432,2026-05-25,SZ002736,-0.004389994777739048,EXP_LinearModel_Alpha158_csi300_custom_step0_s_20260525_15,18fd3fe0528d4f2a8dd5eb65dbec08a8,0.087,,,
433,2026-05-25,SZ002714,-0.07119923084974289,EXP_LinearModel_Alpha158_csi300_custom_step0_s_20260525_15,18fd3fe0528d4f2a8dd5eb65dbec08a8,0.087,,,
434,2026-05-25,SZ002709,0.07099500298500061,EXP_LinearModel_Alpha158_csi300_custom_step0_s_20260525_15,18fd3fe0528d4f2a8dd5eb65dbec08a8,0.087,,,
435,2026-05-25,SZ002648,0.012997571378946304,EXP_LinearModel_Alpha158_csi300_custom_step0_s_20260525_15,18fd3fe0528d4f2a8dd5eb65dbec08a8,0.087,,,
436,2026-05-25,SZ002625,-0.011966003105044365,EXP_LinearModel_Alpha158_csi300_custom_step0_s_20260525_15,18fd3fe0528d4f2a8dd5eb65dbec08a8,0.087,,,
437,2026-05-25,SZ002601,-0.06758464872837067,EXP_LinearModel_Alpha158_csi300_custom_step0_s_20260525_15,18fd3fe0528d4f2a8dd5eb65dbec08a8,0.087,,,
438,2026-05-25,SZ002600,-0.013509053736925125,EXP_LinearModel_Alpha158_csi300_custom_step0_s_20260525_15,18fd3fe0528d4f2a8dd5eb65dbec08a8,0.087,,,
439,2026-05-25,SZ002594,-0.07560346275568008,EXP_LinearModel_Alpha158_csi300_custom_step0_s_20260525_15,18fd3fe0528d4f2a8dd5eb65dbec08a8,0.087,,,
440,2026-05-25,SZ002493,-0.08354384452104568,EXP_LinearModel_Alpha158_csi300_custom_step0_s_20260525_15,18fd3fe0528d4f2a8dd5eb65dbec08a8,0.087,,,
441,2026-05-25,SZ002475,-0.03654273599386215,EXP_LinearModel_Alpha158_csi300_custom_step0_s_20260525_15,18fd3fe0528d4f2a8dd5eb65dbec08a8,0.087,,,
442,2026-05-25,SZ002466,-0.007514567580074072,EXP_LinearModel_Alpha158_csi300_custom_step0_s_20260525_15,18fd3fe0528d4f2a8dd5eb65dbec08a8,0.087,,,
443,2026-05-25,SZ002463,-0.14634260535240173,EXP_LinearModel_Alpha158_csi300_custom_step0_s_20260525_15,18fd3fe0528d4f2a8dd5eb65dbec08a8,0.087,,,
444,2026-05-25,SZ002460,0.02269957773387432,EXP_LinearModel_Alpha158_csi300_custom_step0_s_20260525_15,18fd3fe0528d4f2a8dd5eb65dbec08a8,0.087,,,
445,2026-05-25,SZ002459,-0.039374496787786484,EXP_LinearModel_Alpha158_csi300_custom_step0_s_20260525_15,18fd3fe0528d4f2a8dd5eb65dbec08a8,0.087,,,
446,2026-05-25,SZ002422,-0.03501394763588905,EXP_LinearModel_Alpha158_csi300_custom_step0_s_20260525_15,18fd3fe0528d4f2a8dd5eb65dbec08a8,0.087,,,
447,2026-05-25,SZ002384,0.049477219581604004,EXP_LinearModel_Alpha158_csi300_custom_step0_s_20260525_15,18fd3fe0528d4f2a8dd5eb65dbec08a8,0.087,,,
448,2026-05-25,SH600000,0.002451993990689516,EXP_LinearModel_Alpha158_csi300_custom_step0_s_20260525_15,18fd3fe0528d4f2a8dd5eb65dbec08a8,0.087,,,
449,2026-05-25,SH601919,-0.021981218829751015,EXP_LinearModel_Alpha158_csi300_custom_step0_s_20260525_15,18fd3fe0528d4f2a8dd5eb65dbec08a8,0.087,,,
450,2026-05-25,SH601901,0.019017189741134644,EXP_LinearModel_Alpha158_csi300_custom_step0_s_20260525_15,18fd3fe0528d4f2a8dd5eb65dbec08a8,0.087,,,
451,2026-05-25,SH600547,-0.07306182384490967,EXP_LinearModel_Alpha158_csi300_custom_step0_s_20260525_15,18fd3fe0528d4f2a8dd5eb65dbec08a8,0.087,,,
452,2026-05-25,SH600522,0.10588086396455765,EXP_LinearModel_Alpha158_csi300_custom_step0_s_20260525_15,18fd3fe0528d4f2a8dd5eb65dbec08a8,0.087,,,
453,2026-05-25,SH600519,-0.01513107493519783,EXP_LinearModel_Alpha158_csi300_custom_step0_s_20260525_15,18fd3fe0528d4f2a8dd5eb65dbec08a8,0.087,,,
454,2026-05-25,SH600515,-0.045536842197179794,EXP_LinearModel_Alpha158_csi300_custom_step0_s_20260525_15,18fd3fe0528d4f2a8dd5eb65dbec08a8,0.087,,,
455,2026-05-25,SH600489,-0.11092769354581833,EXP_LinearModel_Alpha158_csi300_custom_step0_s_20260525_15,18fd3fe0528d4f2a8dd5eb65dbec08a8,0.087,,,
456,2026-05-25,SH600482,-0.06519930064678192,EXP_LinearModel_Alpha158_csi300_custom_step0_s_20260525_15,18fd3fe0528d4f2a8dd5eb65dbec08a8,0.087,,,
457,2026-05-25,SH600570,0.015782900154590607,EXP_LinearModel_Alpha158_csi300_custom_step0_s_20260525_15,18fd3fe0528d4f2a8dd5eb65dbec08a8,0.087,,,
458,2026-05-25,SH600460,0.03643479570746422,EXP_LinearModel_Alpha158_csi300_custom_step0_s_20260525_15,18fd3fe0528d4f2a8dd5eb65dbec08a8,0.087,,,
459,2026-05-25,SH600436,-0.05655806511640549,EXP_LinearModel_Alpha158_csi300_custom_step0_s_20260525_15,18fd3fe0528d4f2a8dd5eb65dbec08a8,0.087,,,
460,2026-05-25,SH600426,-0.007247759960591793,EXP_LinearModel_Alpha158_csi300_custom_step0_s_20260525_15,18fd3fe0528d4f2a8dd5eb65dbec08a8,0.087,,,
461,2026-05-25,SH600415,-0.05449259653687477,EXP_LinearModel_Alpha158_csi300_custom_step0_s_20260525_15,18fd3fe0528d4f2a8dd5eb65dbec08a8,0.087,,,
462,2026-05-25,SH600406,-0.06952859461307526,EXP_LinearModel_Alpha158_csi300_custom_step0_s_20260525_15,18fd3fe0528d4f2a8dd5eb65dbec08a8,0.087,,,
463,2026-05-25,SH600377,0.05559435486793518,EXP_LinearModel_Alpha158_csi300_custom_step0_s_20260525_15,18fd3fe0528d4f2a8dd5eb65dbec08a8,0.087,,,
464,2026-05-25,SH600372,-0.06515595316886902,EXP_LinearModel_Alpha158_csi300_custom_step0_s_20260525_15,18fd3fe0528d4f2a8dd5eb65dbec08a8,0.087,,,
465,2026-05-25,SH600438,0.07020161300897598,EXP_LinearModel_Alpha158_csi300_custom_step0_s_20260525_15,18fd3fe0528d4f2a8dd5eb65dbec08a8,0.087,,,
466,2026-05-25,SH600584,-0.11991813033819199,EXP_LinearModel_Alpha158_csi300_custom_step0_s_20260525_15,18fd3fe0528d4f2a8dd5eb65dbec08a8,0.087,,,
467,2026-05-25,SH600585,-0.11554691195487976,EXP_LinearModel_Alpha158_csi300_custom_step0_s_20260525_15,18fd3fe0528d4f2a8dd5eb65dbec08a8,0.087,,,
468,2026-05-25,SH600588,-0.07390672713518143,EXP_LinearModel_Alpha158_csi300_custom_step0_s_20260525_15,18fd3fe0528d4f2a8dd5eb65dbec08a8,0.087,,,
469,2026-05-25,SH600900,-0.04062432795763016,EXP_LinearModel_Alpha158_csi300_custom_step0_s_20260525_15,18fd3fe0528d4f2a8dd5eb65dbec08a8,0.087,,,
470,2026-05-25,SH600893,-0.07164949178695679,EXP_LinearModel_Alpha158_csi300_custom_step0_s_20260525_15,18fd3fe0528d4f2a8dd5eb65dbec08a8,0.087,,,
471,2026-05-25,SH600887,-0.018213188275694847,EXP_LinearModel_Alpha158_csi300_custom_step0_s_20260525_15,18fd3fe0528d4f2a8dd5eb65dbec08a8,0.087,,,
472,2026-05-25,SH600886,0.022226018831133842,EXP_LinearModel_Alpha158_csi300_custom_step0_s_20260525_15,18fd3fe0528d4f2a8dd5eb65dbec08a8,0.087,,,
473,2026-05-25,SH600875,-0.04815172031521797,EXP_LinearModel_Alpha158_csi300_custom_step0_s_20260525_15,18fd3fe0528d4f2a8dd5eb65dbec08a8,0.087,,,
474,2026-05-25,SH600845,-0.04472826048731804,EXP_LinearModel_Alpha158_csi300_custom_step0_s_20260525_15,18fd3fe0528d4f2a8dd5eb65dbec08a8,0.087,,,
475,2026-05-25,SH600809,-0.021089382469654083,EXP_LinearModel_Alpha158_csi300_custom_step0_s_20260525_15,18fd3fe0528d4f2a8dd5eb65dbec08a8,0.087,,,
476,2026-05-25,SH600803,-0.01077740266919136,EXP_LinearModel_Alpha158_csi300_custom_step0_s_20260525_15,18fd3fe0528d4f2a8dd5eb65dbec08a8,0.087,,,
477,2026-05-25,SH600795,-0.018630079925060272,EXP_LinearModel_Alpha158_csi300_custom_step0_s_20260525_15,18fd3fe0528d4f2a8dd5eb65dbec08a8,0.087,,,
478,2026-05-25,SH600760,-0.08593093603849411,EXP_LinearModel_Alpha158_csi300_custom_step0_s_20260525_15,18fd3fe0528d4f2a8dd5eb65dbec08a8,0.087,,,
479,2026-05-25,SH600741,-0.038542911410331726,EXP_LinearModel_Alpha158_csi300_custom_step0_s_20260525_15,18fd3fe0528d4f2a8dd5eb65dbec08a8,0.087,,,
480,2026-05-25,SH600690,-0.062141627073287964,EXP_LinearModel_Alpha158_csi300_custom_step0_s_20260525_15,18fd3fe0528d4f2a8dd5eb65dbec08a8,0.087,,,
481,2026-05-25,SH600674,-0.032361991703510284,EXP_LinearModel_Alpha158_csi300_custom_step0_s_20260525_15,18fd3fe0528d4f2a8dd5eb65dbec08a8,0.087,,,
482,2026-05-25,SH600660,-0.07328196614980698,EXP_LinearModel_Alpha158_csi300_custom_step0_s_20260525_15,18fd3fe0528d4f2a8dd5eb65dbec08a8,0.087,,,
483,2026-05-25,SH600600,-0.056102704256772995,EXP_LinearModel_Alpha158_csi300_custom_step0_s_20260525_15,18fd3fe0528d4f2a8dd5eb65dbec08a8,0.087,,,
484,2026-05-25,SH600362,-0.09139508008956909,EXP_LinearModel_Alpha158_csi300_custom_step0_s_20260525_15,18fd3fe0528d4f2a8dd5eb65dbec08a8,0.087,,,
485,2026-05-25,SH600346,-0.06227201223373413,EXP_LinearModel_Alpha158_csi300_custom_step0_s_20260525_15,18fd3fe0528d4f2a8dd5eb65dbec08a8,0.087,,,
486,2026-05-25,SH600309,-0.03295668587088585,EXP_LinearModel_Alpha158_csi300_custom_step0_s_20260525_15,18fd3fe0528d4f2a8dd5eb65dbec08a8,0.087,,,
487,2026-05-25,SH600276,-0.13022315502166748,EXP_LinearModel_Alpha158_csi300_custom_step0_s_20260525_15,18fd3fe0528d4f2a8dd5eb65dbec08a8,0.087,,,
488,2026-05-25,SH600036,-0.0417725034058094,EXP_LinearModel_Alpha158_csi300_custom_step0_s_20260525_15,18fd3fe0528d4f2a8dd5eb65dbec08a8,0.087,,,
489,2026-05-25,SH600031,-0.07278405874967575,EXP_LinearModel_Alpha158_csi300_custom_step0_s_20260525_15,18fd3fe0528d4f2a8dd5eb65dbec08a8,0.087,,,
490,2026-05-25,SH600030,0.00303078000433743,EXP_LinearModel_Alpha158_csi300_custom_step0_s_20260525_15,18fd3fe0528d4f2a8dd5eb65dbec08a8,0.087,,,
491,2026-05-25,SH600029,-0.1314222514629364,EXP_LinearModel_Alpha158_csi300_custom_step0_s_20260525_15,18fd3fe0528d4f2a8dd5eb65dbec08a8,0.087,,,
492,2026-05-25,SH600028,-0.15894438326358795,EXP_LinearModel_Alpha158_csi300_custom_step0_s_20260525_15,18fd3fe0528d4f2a8dd5eb65dbec08a8,0.087,,,
493,2026-05-25,SH600027,0.0022816499695181847,EXP_LinearModel_Alpha158_csi300_custom_step0_s_20260525_15,18fd3fe0528d4f2a8dd5eb65dbec08a8,0.087,,,
494,2026-05-25,SH600026,0.022346964105963707,EXP_LinearModel_Alpha158_csi300_custom_step0_s_20260525_15,18fd3fe0528d4f2a8dd5eb65dbec08a8,0.087,,,
495,2026-05-25,SH600025,-0.0007322676246985793,EXP_LinearModel_Alpha158_csi300_custom_step0_s_20260525_15,18fd3fe0528d4f2a8dd5eb65dbec08a8,0.087,,,
496,2026-05-25,SH600023,0.022606464102864265,EXP_LinearModel_Alpha158_csi300_custom_step0_s_20260525_15,18fd3fe0528d4f2a8dd5eb65dbec08a8,0.087,,,
497,2026-05-25,SH600019,0.012096493504941463,EXP_LinearModel_Alpha158_csi300_custom_step0_s_20260525_15,18fd3fe0528d4f2a8dd5eb65dbec08a8,0.087,,,
498,2026-05-25,SH600018,0.06739537417888641,EXP_LinearModel_Alpha158_csi300_custom_step0_s_20260525_15,18fd3fe0528d4f2a8dd5eb65dbec08a8,0.087,,,
499,2026-05-25,SH600016,0.041122227907180786,EXP_LinearModel_Alpha158_csi300_custom_step0_s_20260525_15,18fd3fe0528d4f2a8dd5eb65dbec08a8,0.087,,,
500,2026-05-25,SH600015,0.013692663982510567,EXP_LinearModel_Alpha158_csi300_custom_step0_s_20260525_15,18fd3fe0528d4f2a8dd5eb65dbec08a8,0.087,,,
501,2026-05-25,SH600011,-0.006991159170866013,EXP_LinearModel_Alpha158_csi300_custom_step0_s_20260525_15,18fd3fe0528d4f2a8dd5eb65dbec08a8,0.087,,,
502,2026-05-25,SH600010,-0.016490042209625244,EXP_LinearModel_Alpha158_csi300_custom_step0_s_20260525_15,18fd3fe0528d4f2a8dd5eb65dbec08a8,0.087,,,
503,2026-05-25,SH600039,0.15366065502166748,EXP_LinearModel_Alpha158_csi300_custom_step0_s_20260525_15,18fd3fe0528d4f2a8dd5eb65dbec08a8,0.087,,,
504,2026-05-25,SH600905,-0.022966496646404266,EXP_LinearModel_Alpha158_csi300_custom_step0_s_20260525_15,18fd3fe0528d4f2a8dd5eb65dbec08a8,0.087,,,
505,2026-05-25,SH600048,-0.04421893507242203,EXP_LinearModel_Alpha158_csi300_custom_step0_s_20260525_15,18fd3fe0528d4f2a8dd5eb65dbec08a8,0.087,,,
506,2026-05-25,SH600061,-0.01939992792904377,EXP_LinearModel_Alpha158_csi300_custom_step0_s_20260525_15,18fd3fe0528d4f2a8dd5eb65dbec08a8,0.087,,,
507,2026-05-25,SH600233,-0.03363470360636711,EXP_LinearModel_Alpha158_csi300_custom_step0_s_20260525_15,18fd3fe0528d4f2a8dd5eb65dbec08a8,0.087,,,
508,2026-05-25,SH600219,0.024630988016724586,EXP_LinearModel_Alpha158_csi300_custom_step0_s_20260525_15,18fd3fe0528d4f2a8dd5eb65dbec08a8,0.087,,,
509,2026-05-25,SH600196,-0.07193011790513992,EXP_LinearModel_Alpha158_csi300_custom_step0_s_20260525_15,18fd3fe0528d4f2a8dd5eb65dbec08a8,0.087,,,
510,2026-05-25,SH600188,0.03641144558787346,EXP_LinearModel_Alpha158_csi300_custom_step0_s_20260525_15,18fd3fe0528d4f2a8dd5eb65dbec08a8,0.087,,,
511,2026-05-25,SH600183,-0.13565842807292938,EXP_LinearModel_Alpha158_csi300_custom_step0_s_20260525_15,18fd3fe0528d4f2a8dd5eb65dbec08a8,0.087,,,
512,2026-05-25,SH600176,-0.08669273555278778,EXP_LinearModel_Alpha158_csi300_custom_step0_s_20260525_15,18fd3fe0528d4f2a8dd5eb65dbec08a8,0.087,,,
513,2026-05-25,SH600161,-0.006038947030901909,EXP_LinearModel_Alpha158_csi300_custom_step0_s_20260525_15,18fd3fe0528d4f2a8dd5eb65dbec08a8,0.087,,,
514,2026-05-25,SH600160,-0.056759707629680634,EXP_LinearModel_Alpha158_csi300_custom_step0_s_20260525_15,18fd3fe0528d4f2a8dd5eb65dbec08a8,0.087,,,
515,2026-05-25,SH600150,0.012259586714208126,EXP_LinearModel_Alpha158_csi300_custom_step0_s_20260525_15,18fd3fe0528d4f2a8dd5eb65dbec08a8,0.087,,,
516,2026-05-25,SH600115,-0.11749356985092163,EXP_LinearModel_Alpha158_csi300_custom_step0_s_20260525_15,18fd3fe0528d4f2a8dd5eb65dbec08a8,0.087,,,
517,2026-05-25,SH600111,-0.03597132861614227,EXP_LinearModel_Alpha158_csi300_custom_step0_s_20260525_15,18fd3fe0528d4f2a8dd5eb65dbec08a8,0.087,,,
518,2026-05-25,SH600104,0.010285735130310059,EXP_LinearModel_Alpha158_csi300_custom_step0_s_20260525_15,18fd3fe0528d4f2a8dd5eb65dbec08a8,0.087,,,
519,2026-05-25,SH600089,-0.06311769783496857,EXP_LinearModel_Alpha158_csi300_custom_step0_s_20260525_15,18fd3fe0528d4f2a8dd5eb65dbec08a8,0.087,,,
520,2026-05-25,SH600085,-0.049143992364406586,EXP_LinearModel_Alpha158_csi300_custom_step0_s_20260525_15,18fd3fe0528d4f2a8dd5eb65dbec08a8,0.087,,,
521,2026-05-25,SH600066,-0.03456158936023712,EXP_LinearModel_Alpha158_csi300_custom_step0_s_20260525_15,18fd3fe0528d4f2a8dd5eb65dbec08a8,0.087,,,
522,2026-05-25,SH600050,0.03406938165426254,EXP_LinearModel_Alpha158_csi300_custom_step0_s_20260525_15,18fd3fe0528d4f2a8dd5eb65dbec08a8,0.087,,,
523,2026-05-25,SH601916,0.10833486169576645,EXP_LinearModel_Alpha158_csi300_custom_step0_s_20260525_15,18fd3fe0528d4f2a8dd5eb65dbec08a8,0.087,,,
524,2026-05-25,SH600918,-0.024966347962617874,EXP_LinearModel_Alpha158_csi300_custom_step0_s_20260525_15,18fd3fe0528d4f2a8dd5eb65dbec08a8,0.087,,,
525,2026-05-25,SH600926,-0.07004938274621964,EXP_LinearModel_Alpha158_csi300_custom_step0_s_20260525_15,18fd3fe0528d4f2a8dd5eb65dbec08a8,0.087,,,
526,2026-05-25,SH601689,-0.041442304849624634,EXP_LinearModel_Alpha158_csi300_custom_step0_s_20260525_15,18fd3fe0528d4f2a8dd5eb65dbec08a8,0.087,,,
527,2026-05-25,SH601688,-0.05550936982035637,EXP_LinearModel_Alpha158_csi300_custom_step0_s_20260525_15,18fd3fe0528d4f2a8dd5eb65dbec08a8,0.087,,,
528,2026-05-25,SH601669,-0.035620056092739105,EXP_LinearModel_Alpha158_csi300_custom_step0_s_20260525_15,18fd3fe0528d4f2a8dd5eb65dbec08a8,0.087,,,
529,2026-05-25,SH601668,0.021463440731167793,EXP_LinearModel_Alpha158_csi300_custom_step0_s_20260525_15,18fd3fe0528d4f2a8dd5eb65dbec08a8,0.087,,,
530,2026-05-25,SH601658,-0.019572416320443153,EXP_LinearModel_Alpha158_csi300_custom_step0_s_20260525_15,18fd3fe0528d4f2a8dd5eb65dbec08a8,0.087,,,
531,2026-05-25,SH601633,-0.03274146839976311,EXP_LinearModel_Alpha158_csi300_custom_step0_s_20260525_15,18fd3fe0528d4f2a8dd5eb65dbec08a8,0.087,,,
532,2026-05-25,SH601698,0.008963661268353462,EXP_LinearModel_Alpha158_csi300_custom_step0_s_20260525_15,18fd3fe0528d4f2a8dd5eb65dbec08a8,0.087,,,
533,2026-05-25,SH601628,-0.11492940783500671,EXP_LinearModel_Alpha158_csi300_custom_step0_s_20260525_15,18fd3fe0528d4f2a8dd5eb65dbec08a8,0.087,,,
534,2026-05-25,SH601607,0.004778194706887007,EXP_LinearModel_Alpha158_csi300_custom_step0_s_20260525_15,18fd3fe0528d4f2a8dd5eb65dbec08a8,0.087,,,
535,2026-05-25,SH601601,-0.048623912036418915,EXP_LinearModel_Alpha158_csi300_custom_step0_s_20260525_15,18fd3fe0528d4f2a8dd5eb65dbec08a8,0.087,,,
536,2026-05-25,SH601600,-0.037959951907396317,EXP_LinearModel_Alpha158_csi300_custom_step0_s_20260525_15,18fd3fe0528d4f2a8dd5eb65dbec08a8,0.087,,,
537,2026-05-25,SH601456,-0.007428137119859457,EXP_LinearModel_Alpha158_csi300_custom_step0_s_20260525_15,18fd3fe0528d4f2a8dd5eb65dbec08a8,0.087,,,
538,2026-05-25,SH601398,0.04550151154398918,EXP_LinearModel_Alpha158_csi300_custom_step0_s_20260525_15,18fd3fe0528d4f2a8dd5eb65dbec08a8,0.087,,,
539,2026-05-25,SH601390,0.0287997554987669,EXP_LinearModel_Alpha158_csi300_custom_step0_s_20260525_15,18fd3fe0528d4f2a8dd5eb65dbec08a8,0.087,,,
540,2026-05-25,SH601618,0.038842279464006424,EXP_LinearModel_Alpha158_csi300_custom_step0_s_20260525_15,18fd3fe0528d4f2a8dd5eb65dbec08a8,0.087,,,
541,2026-05-25,SH601728,-0.020503725856542587,EXP_LinearModel_Alpha158_csi300_custom_step0_s_20260525_15,18fd3fe0528d4f2a8dd5eb65dbec08a8,0.087,,,
542,2026-05-25,SH601766,-0.08754117786884308,EXP_LinearModel_Alpha158_csi300_custom_step0_s_20260525_15,18fd3fe0528d4f2a8dd5eb65dbec08a8,0.087,,,
543,2026-05-25,SH601788,-0.038494400680065155,EXP_LinearModel_Alpha158_csi300_custom_step0_s_20260525_15,18fd3fe0528d4f2a8dd5eb65dbec08a8,0.087,,,
544,2026-05-25,SH601899,-0.08845622092485428,EXP_LinearModel_Alpha158_csi300_custom_step0_s_20260525_15,18fd3fe0528d4f2a8dd5eb65dbec08a8,0.087,,,
545,2026-05-25,SH601898,0.009114835411310196,EXP_LinearModel_Alpha158_csi300_custom_step0_s_20260525_15,18fd3fe0528d4f2a8dd5eb65dbec08a8,0.087,,,
546,2026-05-25,SH601888,-0.015421761199831963,EXP_LinearModel_Alpha158_csi300_custom_step0_s_20260525_15,18fd3fe0528d4f2a8dd5eb65dbec08a8,0.087,,,
547,2026-05-25,SH601881,-0.03366519883275032,EXP_LinearModel_Alpha158_csi300_custom_step0_s_20260525_15,18fd3fe0528d4f2a8dd5eb65dbec08a8,0.087,,,
548,2026-05-25,SH601878,-0.004387403838336468,EXP_LinearModel_Alpha158_csi300_custom_step0_s_20260525_15,18fd3fe0528d4f2a8dd5eb65dbec08a8,0.087,,,
549,2026-05-25,SH601877,-0.08739523589611053,EXP_LinearModel_Alpha158_csi300_custom_step0_s_20260525_15,18fd3fe0528d4f2a8dd5eb65dbec08a8,0.087,,,
550,2026-05-25,SH601872,0.02376590482890606,EXP_LinearModel_Alpha158_csi300_custom_step0_s_20260525_15,18fd3fe0528d4f2a8dd5eb65dbec08a8,0.087,,,
551,2026-05-25,SH601868,-0.024824226275086403,EXP_LinearModel_Alpha158_csi300_custom_step0_s_20260525_15,18fd3fe0528d4f2a8dd5eb65dbec08a8,0.087,,,
552,2026-05-25,SH601857,-0.010547660291194916,EXP_LinearModel_Alpha158_csi300_custom_step0_s_20260525_15,18fd3fe0528d4f2a8dd5eb65dbec08a8,0.087,,,
553,2026-05-25,SH601838,0.0368693470954895,EXP_LinearModel_Alpha158_csi300_custom_step0_s_20260525_15,18fd3fe0528d4f2a8dd5eb65dbec08a8,0.087,,,
554,2026-05-25,SH601825,-0.03525077924132347,EXP_LinearModel_Alpha158_csi300_custom_step0_s_20260525_15,18fd3fe0528d4f2a8dd5eb65dbec08a8,0.087,,,
555,2026-05-25,SH601818,0.16301871836185455,EXP_LinearModel_Alpha158_csi300_custom_step0_s_20260525_15,18fd3fe0528d4f2a8dd5eb65dbec08a8,0.087,,,
556,2026-05-25,SH601816,-0.08218296617269516,EXP_LinearModel_Alpha158_csi300_custom_step0_s_20260525_15,18fd3fe0528d4f2a8dd5eb65dbec08a8,0.087,,,
557,2026-05-25,SH601808,-0.05547679588198662,EXP_LinearModel_Alpha158_csi300_custom_step0_s_20260525_15,18fd3fe0528d4f2a8dd5eb65dbec08a8,0.087,,,
558,2026-05-25,SH601800,-0.0037949644029140472,EXP_LinearModel_Alpha158_csi300_custom_step0_s_20260525_15,18fd3fe0528d4f2a8dd5eb65dbec08a8,0.087,,,
559,2026-05-25,SH601377,0.0015294118784368038,EXP_LinearModel_Alpha158_csi300_custom_step0_s_20260525_15,18fd3fe0528d4f2a8dd5eb65dbec08a8,0.087,,,
560,2026-05-25,SH601360,-0.017300259321928024,EXP_LinearModel_Alpha158_csi300_custom_step0_s_20260525_15,18fd3fe0528d4f2a8dd5eb65dbec08a8,0.087,,,
561,2026-05-25,SH601336,-0.08219414204359055,EXP_LinearModel_Alpha158_csi300_custom_step0_s_20260525_15,18fd3fe0528d4f2a8dd5eb65dbec08a8,0.087,,,
562,2026-05-25,SH601328,0.023947222158312798,EXP_LinearModel_Alpha158_csi300_custom_step0_s_20260525_15,18fd3fe0528d4f2a8dd5eb65dbec08a8,0.087,,,
563,2026-05-25,SH601077,-0.011020686477422714,EXP_LinearModel_Alpha158_csi300_custom_step0_s_20260525_15,18fd3fe0528d4f2a8dd5eb65dbec08a8,0.087,,,
564,2026-05-25,SH601066,-0.030831437557935715,EXP_LinearModel_Alpha158_csi300_custom_step0_s_20260525_15,18fd3fe0528d4f2a8dd5eb65dbec08a8,0.087,,,
565,2026-05-25,SH601059,0.01356205902993679,EXP_LinearModel_Alpha158_csi300_custom_step0_s_20260525_15,18fd3fe0528d4f2a8dd5eb65dbec08a8,0.087,,,
566,2026-05-25,SH601058,-0.06901531666517258,EXP_LinearModel_Alpha158_csi300_custom_step0_s_20260525_15,18fd3fe0528d4f2a8dd5eb65dbec08a8,0.087,,,
567,2026-05-25,SH601021,-0.030687537044286728,EXP_LinearModel_Alpha158_csi300_custom_step0_s_20260525_15,18fd3fe0528d4f2a8dd5eb65dbec08a8,0.087,,,
568,2026-05-25,SH601018,0.029163487255573273,EXP_LinearModel_Alpha158_csi300_custom_step0_s_20260525_15,18fd3fe0528d4f2a8dd5eb65dbec08a8,0.087,,,
569,2026-05-25,SH601012,-0.019995950162410736,EXP_LinearModel_Alpha158_csi300_custom_step0_s_20260525_15,18fd3fe0528d4f2a8dd5eb65dbec08a8,0.087,,,
570,2026-05-25,SH601009,-0.0023933916818350554,EXP_LinearModel_Alpha158_csi300_custom_step0_s_20260525_15,18fd3fe0528d4f2a8dd5eb65dbec08a8,0.087,,,
571,2026-05-25,SH601006,0.05597180873155594,EXP_LinearModel_Alpha158_csi300_custom_step0_s_20260525_15,18fd3fe0528d4f2a8dd5eb65dbec08a8,0.087,,,
572,2026-05-25,SH600999,0.009939473122358322,EXP_LinearModel_Alpha158_csi300_custom_step0_s_20260525_15,18fd3fe0528d4f2a8dd5eb65dbec08a8,0.087,,,
573,2026-05-25,SH600989,0.019955579191446304,EXP_LinearModel_Alpha158_csi300_custom_step0_s_20260525_15,18fd3fe0528d4f2a8dd5eb65dbec08a8,0.087,,,
574,2026-05-25,SH600958,,EXP_LinearModel_Alpha158_csi300_custom_step0_s_20260525_15,18fd3fe0528d4f2a8dd5eb65dbec08a8,0.087,,,
575,2026-05-25,SH600941,0.004599430598318577,EXP_LinearModel_Alpha158_csi300_custom_step0_s_20260525_15,18fd3fe0528d4f2a8dd5eb65dbec08a8,0.087,,,
576,2026-05-25,SH600938,-0.0038800123147666454,EXP_LinearModel_Alpha158_csi300_custom_step0_s_20260525_15,18fd3fe0528d4f2a8dd5eb65dbec08a8,0.087,,,
577,2026-05-25,SH600930,-0.08105205744504929,EXP_LinearModel_Alpha158_csi300_custom_step0_s_20260525_15,18fd3fe0528d4f2a8dd5eb65dbec08a8,0.087,,,
578,2026-05-25,SH601088,-0.03955676406621933,EXP_LinearModel_Alpha158_csi300_custom_step0_s_20260525_15,18fd3fe0528d4f2a8dd5eb65dbec08a8,0.087,,,
579,2026-05-25,SH600919,0.09818199276924133,EXP_LinearModel_Alpha158_csi300_custom_step0_s_20260525_15,18fd3fe0528d4f2a8dd5eb65dbec08a8,0.087,,,
580,2026-05-25,SH601100,0.027320507913827896,EXP_LinearModel_Alpha158_csi300_custom_step0_s_20260525_15,18fd3fe0528d4f2a8dd5eb65dbec08a8,0.087,,,
581,2026-05-25,SH601117,-0.0423211045563221,EXP_LinearModel_Alpha158_csi300_custom_step0_s_20260525_15,18fd3fe0528d4f2a8dd5eb65dbec08a8,0.087,,,
582,2026-05-25,SH601319,-0.003726446069777012,EXP_LinearModel_Alpha158_csi300_custom_step0_s_20260525_15,18fd3fe0528d4f2a8dd5eb65dbec08a8,0.087,,,
583,2026-05-25,SH601318,-0.037302907556295395,EXP_LinearModel_Alpha158_csi300_custom_step0_s_20260525_15,18fd3fe0528d4f2a8dd5eb65dbec08a8,0.087,,,
584,2026-05-25,SH601298,0.03225736692547798,EXP_LinearModel_Alpha158_csi300_custom_step0_s_20260525_15,18fd3fe0528d4f2a8dd5eb65dbec08a8,0.087,,,
585,2026-05-25,SH601288,0.022639932110905647,EXP_LinearModel_Alpha158_csi300_custom_step0_s_20260525_15,18fd3fe0528d4f2a8dd5eb65dbec08a8,0.087,,,
586,2026-05-25,SH601238,0.03496038168668747,EXP_LinearModel_Alpha158_csi300_custom_step0_s_20260525_15,18fd3fe0528d4f2a8dd5eb65dbec08a8,0.087,,,
587,2026-05-25,SH601236,-0.013351629488170147,EXP_LinearModel_Alpha158_csi300_custom_step0_s_20260525_15,18fd3fe0528d4f2a8dd5eb65dbec08a8,0.087,,,
588,2026-05-25,SH601229,-0.05601964145898819,EXP_LinearModel_Alpha158_csi300_custom_step0_s_20260525_15,18fd3fe0528d4f2a8dd5eb65dbec08a8,0.087,,,
589,2026-05-25,SH601225,0.006289390847086906,EXP_LinearModel_Alpha158_csi300_custom_step0_s_20260525_15,18fd3fe0528d4f2a8dd5eb65dbec08a8,0.087,,,
590,2026-05-25,SH601211,-0.022150056436657906,EXP_LinearModel_Alpha158_csi300_custom_step0_s_20260525_15,18fd3fe0528d4f2a8dd5eb65dbec08a8,0.087,,,
591,2026-05-25,SH601186,0.006591146811842918,EXP_LinearModel_Alpha158_csi300_custom_step0_s_20260525_15,18fd3fe0528d4f2a8dd5eb65dbec08a8,0.087,,,
592,2026-05-25,SH601169,-0.004897639621049166,EXP_LinearModel_Alpha158_csi300_custom_step0_s_20260525_15,18fd3fe0528d4f2a8dd5eb65dbec08a8,0.087,,,
593,2026-05-25,SH601166,-0.04381648078560829,EXP_LinearModel_Alpha158_csi300_custom_step0_s_20260525_15,18fd3fe0528d4f2a8dd5eb65dbec08a8,0.087,,,
594,2026-05-25,SH601138,-0.004566852934658527,EXP_LinearModel_Alpha158_csi300_custom_step0_s_20260525_15,18fd3fe0528d4f2a8dd5eb65dbec08a8,0.087,,,
595,2026-05-25,SH601136,-0.0554167814552784,EXP_LinearModel_Alpha158_csi300_custom_step0_s_20260525_15,18fd3fe0528d4f2a8dd5eb65dbec08a8,0.087,,,
596,2026-05-25,SH601127,-0.05536529794335365,EXP_LinearModel_Alpha158_csi300_custom_step0_s_20260525_15,18fd3fe0528d4f2a8dd5eb65dbec08a8,0.087,,,
597,2026-05-25,SH601111,-0.043101947754621506,EXP_LinearModel_Alpha158_csi300_custom_step0_s_20260525_15,18fd3fe0528d4f2a8dd5eb65dbec08a8,0.087,,,
598,2026-05-25,SZ301269,0.06860802322626114,EXP_LinearModel_Alpha158_csi300_custom_step0_s_20260525_15,18fd3fe0528d4f2a8dd5eb65dbec08a8,0.087,,,
599,2026-05-25,SH600000,-0.03427094966173172,EXP_LinearModel_Alpha158_csi300_custom_step0_s_20260525_15,a7e3883f52dd4344a1df7de6061aa888,0.074,,,
600,2026-05-25,SZ301269,-0.03340634464101671,EXP_DEnsembleModel_Alpha158_csi300_custom_step0_s_20260525_15,365305ddccab4dd98caceea45e43960a,0.059,,,
601,2026-05-25,SZ000596,-0.085938910147083,EXP_DEnsembleModel_Alpha158_csi300_custom_step0_s_20260525_15,3ae65ff58f274d38bdf15ad763968a84,0.066,,,
602,2026-05-25,SZ000568,-0.053386054189989186,EXP_DEnsembleModel_Alpha158_csi300_custom_step0_s_20260525_15,3ae65ff58f274d38bdf15ad763968a84,0.066,,,
603,2026-05-25,SZ000538,0.019645136894612277,EXP_DEnsembleModel_Alpha158_csi300_custom_step0_s_20260525_15,3ae65ff58f274d38bdf15ad763968a84,0.066,,,
604,2026-05-25,SZ000425,-0.047203432868132736,EXP_DEnsembleModel_Alpha158_csi300_custom_step0_s_20260525_15,3ae65ff58f274d38bdf15ad763968a84,0.066,,,
605,2026-05-25,SZ000408,-0.05871131055758434,EXP_DEnsembleModel_Alpha158_csi300_custom_step0_s_20260525_15,3ae65ff58f274d38bdf15ad763968a84,0.066,,,
606,2026-05-25,SZ000338,0.03403442136377683,EXP_DEnsembleModel_Alpha158_csi300_custom_step0_s_20260525_15,3ae65ff58f274d38bdf15ad763968a84,0.066,,,
607,2026-05-25,SZ000617,0.05528303405207948,EXP_DEnsembleModel_Alpha158_csi300_custom_step0_s_20260525_15,3ae65ff58f274d38bdf15ad763968a84,0.066,,,
608,2026-05-25,SZ000333,0.06470990964219141,EXP_DEnsembleModel_Alpha158_csi300_custom_step0_s_20260525_15,3ae65ff58f274d38bdf15ad763968a84,0.066,,,
609,2026-05-25,SZ000166,-0.01377479691294753,EXP_DEnsembleModel_Alpha158_csi300_custom_step0_s_20260525_15,3ae65ff58f274d38bdf15ad763968a84,0.066,,,
610,2026-05-25,SZ000157,-0.07950877704745231,EXP_DEnsembleModel_Alpha158_csi300_custom_step0_s_20260525_15,3ae65ff58f274d38bdf15ad763968a84,0.066,,,
611,2026-05-25,SZ000100,-0.08147725812637747,EXP_DEnsembleModel_Alpha158_csi300_custom_step0_s_20260525_15,3ae65ff58f274d38bdf15ad763968a84,0.066,,,
612,2026-05-25,SZ000063,-0.03268410739622873,EXP_DEnsembleModel_Alpha158_csi300_custom_step0_s_20260525_15,3ae65ff58f274d38bdf15ad763968a84,0.066,,,
613,2026-05-25,SZ000002,-0.10802667718085489,EXP_DEnsembleModel_Alpha158_csi300_custom_step0_s_20260525_15,3ae65ff58f274d38bdf15ad763968a84,0.066,,,
614,2026-05-25,SZ000001,-0.030517234125987322,EXP_DEnsembleModel_Alpha158_csi300_custom_step0_s_20260525_15,3ae65ff58f274d38bdf15ad763968a84,0.066,,,
615,2026-05-25,SZ000301,-0.029913359101334306,EXP_DEnsembleModel_Alpha158_csi300_custom_step0_s_20260525_15,3ae65ff58f274d38bdf15ad763968a84,0.066,,,
616,2026-05-25,SZ000625,0.09535952268056742,EXP_DEnsembleModel_Alpha158_csi300_custom_step0_s_20260525_15,3ae65ff58f274d38bdf15ad763968a84,0.066,,,
617,2026-05-25,SZ000630,-0.02240455284693935,EXP_DEnsembleModel_Alpha158_csi300_custom_step0_s_20260525_15,3ae65ff58f274d38bdf15ad763968a84,0.066,,,
618,2026-05-25,SZ000651,0.01643187045901565,EXP_DEnsembleModel_Alpha158_csi300_custom_step0_s_20260525_15,3ae65ff58f274d38bdf15ad763968a84,0.066,,,
619,2026-05-25,SZ000977,0.008471593111515581,EXP_DEnsembleModel_Alpha158_csi300_custom_step0_s_20260525_15,3ae65ff58f274d38bdf15ad763968a84,0.066,,,
620,2026-05-25,SZ000975,-0.049091189112219394,EXP_DEnsembleModel_Alpha158_csi300_custom_step0_s_20260525_15,3ae65ff58f274d38bdf15ad763968a84,0.066,,,
621,2026-05-25,SZ000963,-0.02056188110570709,EXP_DEnsembleModel_Alpha158_csi300_custom_step0_s_20260525_15,3ae65ff58f274d38bdf15ad763968a84,0.066,,,
622,2026-05-25,SZ000938,-0.022164059914041707,EXP_DEnsembleModel_Alpha158_csi300_custom_step0_s_20260525_15,3ae65ff58f274d38bdf15ad763968a84,0.066,,,
623,2026-05-25,SZ000895,-0.0009660358449975374,EXP_DEnsembleModel_Alpha158_csi300_custom_step0_s_20260525_15,3ae65ff58f274d38bdf15ad763968a84,0.066,,,
624,2026-05-25,SZ000876,-0.06595989917442556,EXP_DEnsembleModel_Alpha158_csi300_custom_step0_s_20260525_15,3ae65ff58f274d38bdf15ad763968a84,0.066,,,
625,2026-05-25,SZ000858,0.0312075475028697,EXP_DEnsembleModel_Alpha158_csi300_custom_step0_s_20260525_15,3ae65ff58f274d38bdf15ad763968a84,0.066,,,
626,2026-05-25,SZ000807,0.04836412605227423,EXP_DEnsembleModel_Alpha158_csi300_custom_step0_s_20260525_15,3ae65ff58f274d38bdf15ad763968a84,0.066,,,
627,2026-05-25,SZ000792,-0.049369256707068036,EXP_DEnsembleModel_Alpha158_csi300_custom_step0_s_20260525_15,3ae65ff58f274d38bdf15ad763968a84,0.066,,,
628,2026-05-25,SZ000786,-0.11898600838351829,EXP_DEnsembleModel_Alpha158_csi300_custom_step0_s_20260525_15,3ae65ff58f274d38bdf15ad763968a84,0.066,,,
629,2026-05-25,SZ000776,-0.017117364846486363,EXP_DEnsembleModel_Alpha158_csi300_custom_step0_s_20260525_15,3ae65ff58f274d38bdf15ad763968a84,0.066,,,
630,2026-05-25,SZ000768,-0.09350886699774603,EXP_DEnsembleModel_Alpha158_csi300_custom_step0_s_20260525_15,3ae65ff58f274d38bdf15ad763968a84,0.066,,,
631,2026-05-25,SZ000725,0.02214704724432063,EXP_DEnsembleModel_Alpha158_csi300_custom_step0_s_20260525_15,3ae65ff58f274d38bdf15ad763968a84,0.066,,,
632,2026-05-25,SZ000708,0.012583735575953754,EXP_DEnsembleModel_Alpha158_csi300_custom_step0_s_20260525_15,3ae65ff58f274d38bdf15ad763968a84,0.066,,,
633,2026-05-25,SZ000661,-0.11396358593069374,EXP_DEnsembleModel_Alpha158_csi300_custom_step0_s_20260525_15,3ae65ff58f274d38bdf15ad763968a84,0.066,,,
634,2026-05-25,SH688981,-0.00904181219959674,EXP_DEnsembleModel_Alpha158_csi300_custom_step0_s_20260525_15,3ae65ff58f274d38bdf15ad763968a84,0.066,,,
635,2026-05-25,SH688506,0.09749728694706832,EXP_DEnsembleModel_Alpha158_csi300_custom_step0_s_20260525_15,3ae65ff58f274d38bdf15ad763968a84,0.066,,,
636,2026-05-25,SH688472,-0.10800407885761139,EXP_DEnsembleModel_Alpha158_csi300_custom_step0_s_20260525_15,3ae65ff58f274d38bdf15ad763968a84,0.066,,,
637,2026-05-25,SH688396,0.043609741428886344,EXP_DEnsembleModel_Alpha158_csi300_custom_step0_s_20260525_15,3ae65ff58f274d38bdf15ad763968a84,0.066,,,
638,2026-05-25,SH603893,-0.08920505016072425,EXP_DEnsembleModel_Alpha158_csi300_custom_step0_s_20260525_15,3ae65ff58f274d38bdf15ad763968a84,0.066,,,
639,2026-05-25,SH603799,-0.09601701213612947,EXP_DEnsembleModel_Alpha158_csi300_custom_step0_s_20260525_15,3ae65ff58f274d38bdf15ad763968a84,0.066,,,
640,2026-05-25,SH603501,0.024713976964518485,EXP_DEnsembleModel_Alpha158_csi300_custom_step0_s_20260525_15,3ae65ff58f274d38bdf15ad763968a84,0.066,,,
641,2026-05-25,SH603392,-0.11853365765559679,EXP_DEnsembleModel_Alpha158_csi300_custom_step0_s_20260525_15,3ae65ff58f274d38bdf15ad763968a84,0.066,,,
642,2026-05-25,SH603369,-0.09693553404051854,EXP_DEnsembleModel_Alpha158_csi300_custom_step0_s_20260525_15,3ae65ff58f274d38bdf15ad763968a84,0.066,,,
643,2026-05-25,SH603296,-0.09692818038248122,EXP_DEnsembleModel_Alpha158_csi300_custom_step0_s_20260525_15,3ae65ff58f274d38bdf15ad763968a84,0.066,,,
644,2026-05-25,SH603288,-0.08934568251874439,EXP_DEnsembleModel_Alpha158_csi300_custom_step0_s_20260525_15,3ae65ff58f274d38bdf15ad763968a84,0.066,,,
645,2026-05-25,SH603260,-0.0832682236174158,EXP_DEnsembleModel_Alpha158_csi300_custom_step0_s_20260525_15,3ae65ff58f274d38bdf15ad763968a84,0.066,,,
646,2026-05-25,SH603259,0.023973052357602855,EXP_DEnsembleModel_Alpha158_csi300_custom_step0_s_20260525_15,3ae65ff58f274d38bdf15ad763968a84,0.066,,,
647,2026-05-25,SH603195,0.034630541851331346,EXP_DEnsembleModel_Alpha158_csi300_custom_step0_s_20260525_15,3ae65ff58f274d38bdf15ad763968a84,0.066,,,
648,2026-05-25,SH603019,-0.08051453594268503,EXP_DEnsembleModel_Alpha158_csi300_custom_step0_s_20260525_15,3ae65ff58f274d38bdf15ad763968a84,0.066,,,
649,2026-05-25,SH601998,0.0737573254803406,EXP_DEnsembleModel_Alpha158_csi300_custom_step0_s_20260525_15,3ae65ff58f274d38bdf15ad763968a84,0.066,,,
650,2026-05-25,SH601995,0.09971091157794802,EXP_DEnsembleModel_Alpha158_csi300_custom_step0_s_20260525_15,3ae65ff58f274d38bdf15ad763968a84,0.066,,,
651,2026-05-25,SH601988,0.1536168832139205,EXP_DEnsembleModel_Alpha158_csi300_custom_step0_s_20260525_15,3ae65ff58f274d38bdf15ad763968a84,0.066,,,
652,2026-05-25,SH601985,0.015668038379294966,EXP_DEnsembleModel_Alpha158_csi300_custom_step0_s_20260525_15,3ae65ff58f274d38bdf15ad763968a84,0.066,,,
653,2026-05-25,SH603986,-0.3290925678445422,EXP_DEnsembleModel_Alpha158_csi300_custom_step0_s_20260525_15,3ae65ff58f274d38bdf15ad763968a84,0.066,,,
654,2026-05-25,SZ000983,-0.04866827311665741,EXP_DEnsembleModel_Alpha158_csi300_custom_step0_s_20260525_15,3ae65ff58f274d38bdf15ad763968a84,0.066,,,
655,2026-05-25,SH603993,-0.15997871397291696,EXP_DEnsembleModel_Alpha158_csi300_custom_step0_s_20260525_15,3ae65ff58f274d38bdf15ad763968a84,0.066,,,
656,2026-05-25,SH605499,0.06642033025723507,EXP_DEnsembleModel_Alpha158_csi300_custom_step0_s_20260525_15,3ae65ff58f274d38bdf15ad763968a84,0.066,,,
657,2026-05-25,SH688303,-0.13620112676175952,EXP_DEnsembleModel_Alpha158_csi300_custom_step0_s_20260525_15,3ae65ff58f274d38bdf15ad763968a84,0.066,,,
658,2026-05-25,SH688271,0.017718901058059264,EXP_DEnsembleModel_Alpha158_csi300_custom_step0_s_20260525_15,3ae65ff58f274d38bdf15ad763968a84,0.066,,,
659,2026-05-25,SH688256,-0.05188833420193655,EXP_DEnsembleModel_Alpha158_csi300_custom_step0_s_20260525_15,3ae65ff58f274d38bdf15ad763968a84,0.066,,,
660,2026-05-25,SH688223,-0.12180539870766204,EXP_DEnsembleModel_Alpha158_csi300_custom_step0_s_20260525_15,3ae65ff58f274d38bdf15ad763968a84,0.066,,,
661,2026-05-25,SH688187,-0.00020705926590752725,EXP_DEnsembleModel_Alpha158_csi300_custom_step0_s_20260525_15,3ae65ff58f274d38bdf15ad763968a84,0.066,,,
662,2026-05-25,SH688169,-0.1673310456998433,EXP_DEnsembleModel_Alpha158_csi300_custom_step0_s_20260525_15,3ae65ff58f274d38bdf15ad763968a84,0.066,,,
663,2026-05-25,SH688126,-0.08215931678891426,EXP_DEnsembleModel_Alpha158_csi300_custom_step0_s_20260525_15,3ae65ff58f274d38bdf15ad763968a84,0.066,,,
664,2026-05-25,SH688111,-0.13090651788017746,EXP_DEnsembleModel_Alpha158_csi300_custom_step0_s_20260525_15,3ae65ff58f274d38bdf15ad763968a84,0.066,,,
665,2026-05-25,SH688082,-0.42692377700115774,EXP_DEnsembleModel_Alpha158_csi300_custom_step0_s_20260525_15,3ae65ff58f274d38bdf15ad763968a84,0.066,,,
666,2026-05-25,SH688047,-0.01889340112000409,EXP_DEnsembleModel_Alpha158_csi300_custom_step0_s_20260525_15,3ae65ff58f274d38bdf15ad763968a84,0.066,,,
667,2026-05-25,SH688041,0.05373039357069715,EXP_DEnsembleModel_Alpha158_csi300_custom_step0_s_20260525_15,3ae65ff58f274d38bdf15ad763968a84,0.066,,,
668,2026-05-25,SH688036,-0.16762190955908446,EXP_DEnsembleModel_Alpha158_csi300_custom_step0_s_20260525_15,3ae65ff58f274d38bdf15ad763968a84,0.066,,,
669,2026-05-25,SH688012,-0.16955721450711478,EXP_DEnsembleModel_Alpha158_csi300_custom_step0_s_20260525_15,3ae65ff58f274d38bdf15ad763968a84,0.066,,,
670,2026-05-25,SH688009,-0.09116822692067672,EXP_DEnsembleModel_Alpha158_csi300_custom_step0_s_20260525_15,3ae65ff58f274d38bdf15ad763968a84,0.066,,,
671,2026-05-25,SH688008,-0.1541382515740771,EXP_DEnsembleModel_Alpha158_csi300_custom_step0_s_20260525_15,3ae65ff58f274d38bdf15ad763968a84,0.066,,,
672,2026-05-25,SH605117,-0.09859346560139401,EXP_DEnsembleModel_Alpha158_csi300_custom_step0_s_20260525_15,3ae65ff58f274d38bdf15ad763968a84,0.066,,,
673,2026-05-25,SH601939,0.12326023666654054,EXP_DEnsembleModel_Alpha158_csi300_custom_step0_s_20260525_15,3ae65ff58f274d38bdf15ad763968a84,0.066,,,
674,2026-05-25,SZ000999,-0.02655471736226833,EXP_DEnsembleModel_Alpha158_csi300_custom_step0_s_20260525_15,3ae65ff58f274d38bdf15ad763968a84,0.066,,,
675,2026-05-25,SZ001965,0.05514224793095413,EXP_DEnsembleModel_Alpha158_csi300_custom_step0_s_20260525_15,3ae65ff58f274d38bdf15ad763968a84,0.066,,,
676,2026-05-25,SZ300413,0.02257308445862987,EXP_DEnsembleModel_Alpha158_csi300_custom_step0_s_20260525_15,3ae65ff58f274d38bdf15ad763968a84,0.066,,,
677,2026-05-25,SZ300408,-0.11222229861950539,EXP_DEnsembleModel_Alpha158_csi300_custom_step0_s_20260525_15,3ae65ff58f274d38bdf15ad763968a84,0.066,,,
678,2026-05-25,SZ300394,0.04253264510134495,EXP_DEnsembleModel_Alpha158_csi300_custom_step0_s_20260525_15,3ae65ff58f274d38bdf15ad763968a84,0.066,,,
679,2026-05-25,SZ300347,0.06556759874672922,EXP_DEnsembleModel_Alpha158_csi300_custom_step0_s_20260525_15,3ae65ff58f274d38bdf15ad763968a84,0.066,,,
680,2026-05-25,SZ300316,-0.11162946978894887,EXP_DEnsembleModel_Alpha158_csi300_custom_step0_s_20260525_15,3ae65ff58f274d38bdf15ad763968a84,0.066,,,
681,2026-05-25,SZ300308,0.16193746826490563,EXP_DEnsembleModel_Alpha158_csi300_custom_step0_s_20260525_15,3ae65ff58f274d38bdf15ad763968a84,0.066,,,
682,2026-05-25,SZ300418,-0.11963513503546089,EXP_DEnsembleModel_Alpha158_csi300_custom_step0_s_20260525_15,3ae65ff58f274d38bdf15ad763968a84,0.066,,,
683,2026-05-25,SZ300274,-0.08082183927846433,EXP_DEnsembleModel_Alpha158_csi300_custom_step0_s_20260525_15,3ae65ff58f274d38bdf15ad763968a84,0.066,,,
684,2026-05-25,SZ300124,-0.04391335038510443,EXP_DEnsembleModel_Alpha158_csi300_custom_step0_s_20260525_15,3ae65ff58f274d38bdf15ad763968a84,0.066,,,
685,2026-05-25,SZ300122,-0.203259691213083,EXP_DEnsembleModel_Alpha158_csi300_custom_step0_s_20260525_15,3ae65ff58f274d38bdf15ad763968a84,0.066,,,
686,2026-05-25,SZ300059,-0.07508521510689598,EXP_DEnsembleModel_Alpha158_csi300_custom_step0_s_20260525_15,3ae65ff58f274d38bdf15ad763968a84,0.066,,,
687,2026-05-25,SZ300033,-0.09930604589592397,EXP_DEnsembleModel_Alpha158_csi300_custom_step0_s_20260525_15,3ae65ff58f274d38bdf15ad763968a84,0.066,,,
688,2026-05-25,SZ300015,-0.1911752951555658,EXP_DEnsembleModel_Alpha158_csi300_custom_step0_s_20260525_15,3ae65ff58f274d38bdf15ad763968a84,0.066,,,
689,2026-05-25,SZ300014,0.028301931288443976,EXP_DEnsembleModel_Alpha158_csi300_custom_step0_s_20260525_15,3ae65ff58f274d38bdf15ad763968a84,0.066,,,
690,2026-05-25,SZ300251,-0.1169915052175325,EXP_DEnsembleModel_Alpha158_csi300_custom_step0_s_20260525_15,3ae65ff58f274d38bdf15ad763968a84,0.066,,,
691,2026-05-25,SZ300433,0.046619290127473144,EXP_DEnsembleModel_Alpha158_csi300_custom_step0_s_20260525_15,3ae65ff58f274d38bdf15ad763968a84,0.066,,,
692,2026-05-25,SZ300442,-0.12026729777773947,EXP_DEnsembleModel_Alpha158_csi300_custom_step0_s_20260525_15,3ae65ff58f274d38bdf15ad763968a84,0.066,,,
693,2026-05-25,SZ300476,-0.02926229469206602,EXP_DEnsembleModel_Alpha158_csi300_custom_step0_s_20260525_15,3ae65ff58f274d38bdf15ad763968a84,0.066,,,
694,2026-05-25,SZ301236,-0.06059503336871165,EXP_DEnsembleModel_Alpha158_csi300_custom_step0_s_20260525_15,3ae65ff58f274d38bdf15ad763968a84,0.066,,,
695,2026-05-25,SZ300999,-0.07219224628382973,EXP_DEnsembleModel_Alpha158_csi300_custom_step0_s_20260525_15,3ae65ff58f274d38bdf15ad763968a84,0.066,,,
696,2026-05-25,SZ300979,0.0017063314131139445,EXP_DEnsembleModel_Alpha158_csi300_custom_step0_s_20260525_15,3ae65ff58f274d38bdf15ad763968a84,0.066,,,
697,2026-05-25,SZ300896,-0.10442218109566162,EXP_DEnsembleModel_Alpha158_csi300_custom_step0_s_20260525_15,3ae65ff58f274d38bdf15ad763968a84,0.066,,,
698,2026-05-25,SZ300866,0.030099321686360085,EXP_DEnsembleModel_Alpha158_csi300_custom_step0_s_20260525_15,3ae65ff58f274d38bdf15ad763968a84,0.066,,,
699,2026-05-25,SZ300832,-0.059886402723886935,EXP_DEnsembleModel_Alpha158_csi300_custom_step0_s_20260525_15,3ae65ff58f274d38bdf15ad763968a84,0.066,,,
700,2026-05-25,SZ300803,-0.09309330553267015,EXP_DEnsembleModel_Alpha158_csi300_custom_step0_s_20260525_15,3ae65ff58f274d38bdf15ad763968a84,0.066,,,
701,2026-05-25,SZ300782,0.13095649871727577,EXP_DEnsembleModel_Alpha158_csi300_custom_step0_s_20260525_15,3ae65ff58f274d38bdf15ad763968a84,0.066,,,
702,2026-05-25,SZ300760,-0.06905149185048907,EXP_DEnsembleModel_Alpha158_csi300_custom_step0_s_20260525_15,3ae65ff58f274d38bdf15ad763968a84,0.066,,,
703,2026-05-25,SZ300759,0.058167120645154856,EXP_DEnsembleModel_Alpha158_csi300_custom_step0_s_20260525_15,3ae65ff58f274d38bdf15ad763968a84,0.066,,,
704,2026-05-25,SZ300750,0.05904385705204735,EXP_DEnsembleModel_Alpha158_csi300_custom_step0_s_20260525_15,3ae65ff58f274d38bdf15ad763968a84,0.066,,,
705,2026-05-25,SZ300661,0.08393148968517304,EXP_DEnsembleModel_Alpha158_csi300_custom_step0_s_20260525_15,3ae65ff58f274d38bdf15ad763968a84,0.066,,,
706,2026-05-25,SZ300628,-0.02627171259491005,EXP_DEnsembleModel_Alpha158_csi300_custom_step0_s_20260525_15,3ae65ff58f274d38bdf15ad763968a84,0.066,,,
707,2026-05-25,SZ300502,-0.07469610360942473,EXP_DEnsembleModel_Alpha158_csi300_custom_step0_s_20260525_15,3ae65ff58f274d38bdf15ad763968a84,0.066,,,
708,2026-05-25,SZ300498,0.004751837551625163,EXP_DEnsembleModel_Alpha158_csi300_custom_step0_s_20260525_15,3ae65ff58f274d38bdf15ad763968a84,0.066,,,
709,2026-05-25,SZ003816,0.007309165861566152,EXP_DEnsembleModel_Alpha158_csi300_custom_step0_s_20260525_15,3ae65ff58f274d38bdf15ad763968a84,0.066,,,
710,2026-05-25,SZ002938,-0.21130338917822852,EXP_DEnsembleModel_Alpha158_csi300_custom_step0_s_20260525_15,3ae65ff58f274d38bdf15ad763968a84,0.066,,,
711,2026-05-25,SZ002920,-0.12528738803049305,EXP_DEnsembleModel_Alpha158_csi300_custom_step0_s_20260525_15,3ae65ff58f274d38bdf15ad763968a84,0.066,,,
712,2026-05-25,SZ002916,-0.10582877036856836,EXP_DEnsembleModel_Alpha158_csi300_custom_step0_s_20260525_15,3ae65ff58f274d38bdf15ad763968a84,0.066,,,
713,2026-05-25,SZ002311,-0.03197640348466861,EXP_DEnsembleModel_Alpha158_csi300_custom_step0_s_20260525_15,3ae65ff58f274d38bdf15ad763968a84,0.066,,,
714,2026-05-25,SZ002304,-0.09298085806714333,EXP_DEnsembleModel_Alpha158_csi300_custom_step0_s_20260525_15,3ae65ff58f274d38bdf15ad763968a84,0.066,,,
715,2026-05-25,SZ002252,-0.04734334692161715,EXP_DEnsembleModel_Alpha158_csi300_custom_step0_s_20260525_15,3ae65ff58f274d38bdf15ad763968a84,0.066,,,
716,2026-05-25,SZ002241,0.024943924413031147,EXP_DEnsembleModel_Alpha158_csi300_custom_step0_s_20260525_15,3ae65ff58f274d38bdf15ad763968a84,0.066,,,
717,2026-05-25,SZ002236,0.049060443452999015,EXP_DEnsembleModel_Alpha158_csi300_custom_step0_s_20260525_15,3ae65ff58f274d38bdf15ad763968a84,0.066,,,
718,2026-05-25,SZ002230,-0.004696094604051597,EXP_DEnsembleModel_Alpha158_csi300_custom_step0_s_20260525_15,3ae65ff58f274d38bdf15ad763968a84,0.066,,,
719,2026-05-25,SZ002179,-0.01003172443708109,EXP_DEnsembleModel_Alpha158_csi300_custom_step0_s_20260525_15,3ae65ff58f274d38bdf15ad763968a84,0.066,,,
720,2026-05-25,SZ002142,0.06904658550327035,EXP_DEnsembleModel_Alpha158_csi300_custom_step0_s_20260525_15,3ae65ff58f274d38bdf15ad763968a84,0.066,,,
721,2026-05-25,SZ002074,-0.03993293712928271,EXP_DEnsembleModel_Alpha158_csi300_custom_step0_s_20260525_15,3ae65ff58f274d38bdf15ad763968a84,0.066,,,
722,2026-05-25,SZ002050,-0.020593412738364555,EXP_DEnsembleModel_Alpha158_csi300_custom_step0_s_20260525_15,3ae65ff58f274d38bdf15ad763968a84,0.066,,,
723,2026-05-25,SZ002049,0.042541609874032486,EXP_DEnsembleModel_Alpha158_csi300_custom_step0_s_20260525_15,3ae65ff58f274d38bdf15ad763968a84,0.066,,,
724,2026-05-25,SZ002028,-0.03287819618042893,EXP_DEnsembleModel_Alpha158_csi300_custom_step0_s_20260525_15,3ae65ff58f274d38bdf15ad763968a84,0.066,,,
725,2026-05-25,SZ002027,0.03529138106934656,EXP_DEnsembleModel_Alpha158_csi300_custom_step0_s_20260525_15,3ae65ff58f274d38bdf15ad763968a84,0.066,,,
726,2026-05-25,SZ002001,0.005150897062116214,EXP_DEnsembleModel_Alpha158_csi300_custom_step0_s_20260525_15,3ae65ff58f274d38bdf15ad763968a84,0.066,,,
727,2026-05-25,SZ001979,-0.2045677363672643,EXP_DEnsembleModel_Alpha158_csi300_custom_step0_s_20260525_15,3ae65ff58f274d38bdf15ad763968a84,0.066,,,
728,2026-05-25,SZ002352,0.04979427660291,EXP_DEnsembleModel_Alpha158_csi300_custom_step0_s_20260525_15,3ae65ff58f274d38bdf15ad763968a84,0.066,,,
729,2026-05-25,SZ001391,-0.015075773464626246,EXP_DEnsembleModel_Alpha158_csi300_custom_step0_s_20260525_15,3ae65ff58f274d38bdf15ad763968a84,0.066,,,
730,2026-05-25,SZ002371,-0.25746264322787993,EXP_DEnsembleModel_Alpha158_csi300_custom_step0_s_20260525_15,3ae65ff58f274d38bdf15ad763968a84,0.066,,,
731,2026-05-25,SZ002415,-0.040202511762447296,EXP_DEnsembleModel_Alpha158_csi300_custom_step0_s_20260525_15,3ae65ff58f274d38bdf15ad763968a84,0.066,,,
732,2026-05-25,SZ002736,-0.04736319727705574,EXP_DEnsembleModel_Alpha158_csi300_custom_step0_s_20260525_15,3ae65ff58f274d38bdf15ad763968a84,0.066,,,
733,2026-05-25,SZ002714,0.023636229216744364,EXP_DEnsembleModel_Alpha158_csi300_custom_step0_s_20260525_15,3ae65ff58f274d38bdf15ad763968a84,0.066,,,
734,2026-05-25,SZ002709,0.16381710257350576,EXP_DEnsembleModel_Alpha158_csi300_custom_step0_s_20260525_15,3ae65ff58f274d38bdf15ad763968a84,0.066,,,
735,2026-05-25,SZ002648,0.06517995855975331,EXP_DEnsembleModel_Alpha158_csi300_custom_step0_s_20260525_15,3ae65ff58f274d38bdf15ad763968a84,0.066,,,
736,2026-05-25,SZ002625,0.002885607055194969,EXP_DEnsembleModel_Alpha158_csi300_custom_step0_s_20260525_15,3ae65ff58f274d38bdf15ad763968a84,0.066,,,
737,2026-05-25,SZ002601,-0.15062876819369173,EXP_DEnsembleModel_Alpha158_csi300_custom_step0_s_20260525_15,3ae65ff58f274d38bdf15ad763968a84,0.066,,,
738,2026-05-25,SZ002600,-0.058343385166674144,EXP_DEnsembleModel_Alpha158_csi300_custom_step0_s_20260525_15,3ae65ff58f274d38bdf15ad763968a84,0.066,,,
739,2026-05-25,SZ002594,-0.0588118601410792,EXP_DEnsembleModel_Alpha158_csi300_custom_step0_s_20260525_15,3ae65ff58f274d38bdf15ad763968a84,0.066,,,
740,2026-05-25,SZ002493,-0.17844159204296137,EXP_DEnsembleModel_Alpha158_csi300_custom_step0_s_20260525_15,3ae65ff58f274d38bdf15ad763968a84,0.066,,,
741,2026-05-25,SZ002475,-0.13652697054854077,EXP_DEnsembleModel_Alpha158_csi300_custom_step0_s_20260525_15,3ae65ff58f274d38bdf15ad763968a84,0.066,,,
742,2026-05-25,SZ002466,0.026651264440757067,EXP_DEnsembleModel_Alpha158_csi300_custom_step0_s_20260525_15,3ae65ff58f274d38bdf15ad763968a84,0.066,,,
743,2026-05-25,SZ002463,-0.09639865030870988,EXP_DEnsembleModel_Alpha158_csi300_custom_step0_s_20260525_15,3ae65ff58f274d38bdf15ad763968a84,0.066,,,
744,2026-05-25,SZ002460,0.026832003837875585,EXP_DEnsembleModel_Alpha158_csi300_custom_step0_s_20260525_15,3ae65ff58f274d38bdf15ad763968a84,0.066,,,
745,2026-05-25,SZ002459,-0.03910422136929168,EXP_DEnsembleModel_Alpha158_csi300_custom_step0_s_20260525_15,3ae65ff58f274d38bdf15ad763968a84,0.066,,,
746,2026-05-25,SZ002422,-0.05237309773079945,EXP_DEnsembleModel_Alpha158_csi300_custom_step0_s_20260525_15,3ae65ff58f274d38bdf15ad763968a84,0.066,,,
747,2026-05-25,SZ002384,0.2202224426245992,EXP_DEnsembleModel_Alpha158_csi300_custom_step0_s_20260525_15,3ae65ff58f274d38bdf15ad763968a84,0.066,,,
748,2026-05-25,SZ301269,-0.05678348015838064,EXP_DEnsembleModel_Alpha158_csi300_custom_step0_s_20260525_15,3ae65ff58f274d38bdf15ad763968a84,0.066,,,
749,2026-05-25,SH601919,0.003002748513553973,EXP_DEnsembleModel_Alpha158_csi300_custom_step0_s_20260525_15,3ae65ff58f274d38bdf15ad763968a84,0.066,,,
750,2026-05-25,SH601901,0.07519626503077144,EXP_DEnsembleModel_Alpha158_csi300_custom_step0_s_20260525_15,3ae65ff58f274d38bdf15ad763968a84,0.066,,,
751,2026-05-25,SH600547,0.005622400305323353,EXP_DEnsembleModel_Alpha158_csi300_custom_step0_s_20260525_15,3ae65ff58f274d38bdf15ad763968a84,0.066,,,
752,2026-05-25,SH600522,0.16242904457993834,EXP_DEnsembleModel_Alpha158_csi300_custom_step0_s_20260525_15,3ae65ff58f274d38bdf15ad763968a84,0.066,,,
753,2026-05-25,SH600519,0.010869293006616555,EXP_DEnsembleModel_Alpha158_csi300_custom_step0_s_20260525_15,3ae65ff58f274d38bdf15ad763968a84,0.066,,,
754,2026-05-25,SH600515,-0.10343976771691568,EXP_DEnsembleModel_Alpha158_csi300_custom_step0_s_20260525_15,3ae65ff58f274d38bdf15ad763968a84,0.066,,,
755,2026-05-25,SH600489,-0.09467754818238852,EXP_DEnsembleModel_Alpha158_csi300_custom_step0_s_20260525_15,3ae65ff58f274d38bdf15ad763968a84,0.066,,,
756,2026-05-25,SH600482,-0.10397635365707975,EXP_DEnsembleModel_Alpha158_csi300_custom_step0_s_20260525_15,3ae65ff58f274d38bdf15ad763968a84,0.066,,,
757,2026-05-25,SH600570,-0.025481890745348092,EXP_DEnsembleModel_Alpha158_csi300_custom_step0_s_20260525_15,3ae65ff58f274d38bdf15ad763968a84,0.066,,,
758,2026-05-25,SH600460,0.03328876717437195,EXP_DEnsembleModel_Alpha158_csi300_custom_step0_s_20260525_15,3ae65ff58f274d38bdf15ad763968a84,0.066,,,
759,2026-05-25,SH600436,0.0036964515598292363,EXP_DEnsembleModel_Alpha158_csi300_custom_step0_s_20260525_15,3ae65ff58f274d38bdf15ad763968a84,0.066,,,
760,2026-05-25,SH600426,0.2528005855612201,EXP_DEnsembleModel_Alpha158_csi300_custom_step0_s_20260525_15,3ae65ff58f274d38bdf15ad763968a84,0.066,,,
761,2026-05-25,SH600415,-0.17470379319300072,EXP_DEnsembleModel_Alpha158_csi300_custom_step0_s_20260525_15,3ae65ff58f274d38bdf15ad763968a84,0.066,,,
762,2026-05-25,SH600406,-0.09484051804707284,EXP_DEnsembleModel_Alpha158_csi300_custom_step0_s_20260525_15,3ae65ff58f274d38bdf15ad763968a84,0.066,,,
763,2026-05-25,SH600377,0.1243420347174943,EXP_DEnsembleModel_Alpha158_csi300_custom_step0_s_20260525_15,3ae65ff58f274d38bdf15ad763968a84,0.066,,,
764,2026-05-25,SH600372,-0.1035625059996856,EXP_DEnsembleModel_Alpha158_csi300_custom_step0_s_20260525_15,3ae65ff58f274d38bdf15ad763968a84,0.066,,,
765,2026-05-25,SH600438,-0.03912913608146591,EXP_DEnsembleModel_Alpha158_csi300_custom_step0_s_20260525_15,3ae65ff58f274d38bdf15ad763968a84,0.066,,,
766,2026-05-25,SH600584,-0.39887027453128515,EXP_DEnsembleModel_Alpha158_csi300_custom_step0_s_20260525_15,3ae65ff58f274d38bdf15ad763968a84,0.066,,,
767,2026-05-25,SH600585,0.016025390378474568,EXP_DEnsembleModel_Alpha158_csi300_custom_step0_s_20260525_15,3ae65ff58f274d38bdf15ad763968a84,0.066,,,
768,2026-05-25,SH600588,-0.019904268885209443,EXP_DEnsembleModel_Alpha158_csi300_custom_step0_s_20260525_15,3ae65ff58f274d38bdf15ad763968a84,0.066,,,
769,2026-05-25,SH600900,0.0991666816076961,EXP_DEnsembleModel_Alpha158_csi300_custom_step0_s_20260525_15,3ae65ff58f274d38bdf15ad763968a84,0.066,,,
770,2026-05-25,SH600893,-0.13883854526388148,EXP_DEnsembleModel_Alpha158_csi300_custom_step0_s_20260525_15,3ae65ff58f274d38bdf15ad763968a84,0.066,,,
771,2026-05-25,SH600887,0.04383339041121902,EXP_DEnsembleModel_Alpha158_csi300_custom_step0_s_20260525_15,3ae65ff58f274d38bdf15ad763968a84,0.066,,,
772,2026-05-25,SH600886,0.12748128711931536,EXP_DEnsembleModel_Alpha158_csi300_custom_step0_s_20260525_15,3ae65ff58f274d38bdf15ad763968a84,0.066,,,
773,2026-05-25,SH600875,-0.05275311278030839,EXP_DEnsembleModel_Alpha158_csi300_custom_step0_s_20260525_15,3ae65ff58f274d38bdf15ad763968a84,0.066,,,
774,2026-05-25,SH600845,-0.05278130274211159,EXP_DEnsembleModel_Alpha158_csi300_custom_step0_s_20260525_15,3ae65ff58f274d38bdf15ad763968a84,0.066,,,
775,2026-05-25,SH600809,-0.028986610064571545,EXP_DEnsembleModel_Alpha158_csi300_custom_step0_s_20260525_15,3ae65ff58f274d38bdf15ad763968a84,0.066,,,
776,2026-05-25,SH600803,-0.09394845314300695,EXP_DEnsembleModel_Alpha158_csi300_custom_step0_s_20260525_15,3ae65ff58f274d38bdf15ad763968a84,0.066,,,
777,2026-05-25,SH600795,0.04717806700584448,EXP_DEnsembleModel_Alpha158_csi300_custom_step0_s_20260525_15,3ae65ff58f274d38bdf15ad763968a84,0.066,,,
778,2026-05-25,SH600760,-0.173590871073362,EXP_DEnsembleModel_Alpha158_csi300_custom_step0_s_20260525_15,3ae65ff58f274d38bdf15ad763968a84,0.066,,,
779,2026-05-25,SH600741,0.019335062713337695,EXP_DEnsembleModel_Alpha158_csi300_custom_step0_s_20260525_15,3ae65ff58f274d38bdf15ad763968a84,0.066,,,
780,2026-05-25,SH600690,-0.10162505721152247,EXP_DEnsembleModel_Alpha158_csi300_custom_step0_s_20260525_15,3ae65ff58f274d38bdf15ad763968a84,0.066,,,
781,2026-05-25,SH600674,-0.024832153897280787,EXP_DEnsembleModel_Alpha158_csi300_custom_step0_s_20260525_15,3ae65ff58f274d38bdf15ad763968a84,0.066,,,
782,2026-05-25,SH600660,-0.08043800279911414,EXP_DEnsembleModel_Alpha158_csi300_custom_step0_s_20260525_15,3ae65ff58f274d38bdf15ad763968a84,0.066,,,
783,2026-05-25,SH600600,0.06355118455873271,EXP_DEnsembleModel_Alpha158_csi300_custom_step0_s_20260525_15,3ae65ff58f274d38bdf15ad763968a84,0.066,,,
784,2026-05-25,SH600362,-0.08725904703547188,EXP_DEnsembleModel_Alpha158_csi300_custom_step0_s_20260525_15,3ae65ff58f274d38bdf15ad763968a84,0.066,,,
785,2026-05-25,SH600346,-0.08247199034477458,EXP_DEnsembleModel_Alpha158_csi300_custom_step0_s_20260525_15,3ae65ff58f274d38bdf15ad763968a84,0.066,,,
786,2026-05-25,SH600309,0.007344818479865609,EXP_DEnsembleModel_Alpha158_csi300_custom_step0_s_20260525_15,3ae65ff58f274d38bdf15ad763968a84,0.066,,,
787,2026-05-25,SH600276,-0.06333356643758332,EXP_DEnsembleModel_Alpha158_csi300_custom_step0_s_20260525_15,3ae65ff58f274d38bdf15ad763968a84,0.066,,,
788,2026-05-25,SH600036,-0.0045157103438405125,EXP_DEnsembleModel_Alpha158_csi300_custom_step0_s_20260525_15,3ae65ff58f274d38bdf15ad763968a84,0.066,,,
789,2026-05-25,SH600031,-0.09476070635195157,EXP_DEnsembleModel_Alpha158_csi300_custom_step0_s_20260525_15,3ae65ff58f274d38bdf15ad763968a84,0.066,,,
790,2026-05-25,SH600030,-0.008889980191383401,EXP_DEnsembleModel_Alpha158_csi300_custom_step0_s_20260525_15,3ae65ff58f274d38bdf15ad763968a84,0.066,,,
791,2026-05-25,SH600029,-0.0673965215508475,EXP_DEnsembleModel_Alpha158_csi300_custom_step0_s_20260525_15,3ae65ff58f274d38bdf15ad763968a84,0.066,,,
792,2026-05-25,SH600028,-0.03263226605773671,EXP_DEnsembleModel_Alpha158_csi300_custom_step0_s_20260525_15,3ae65ff58f274d38bdf15ad763968a84,0.066,,,
793,2026-05-25,SH600027,-0.0813589916160584,EXP_DEnsembleModel_Alpha158_csi300_custom_step0_s_20260525_15,3ae65ff58f274d38bdf15ad763968a84,0.066,,,
794,2026-05-25,SH600026,-0.10056769147956283,EXP_DEnsembleModel_Alpha158_csi300_custom_step0_s_20260525_15,3ae65ff58f274d38bdf15ad763968a84,0.066,,,
795,2026-05-25,SH600025,-0.02742575756319739,EXP_DEnsembleModel_Alpha158_csi300_custom_step0_s_20260525_15,3ae65ff58f274d38bdf15ad763968a84,0.066,,,
796,2026-05-25,SH600023,-0.03204688344957354,EXP_DEnsembleModel_Alpha158_csi300_custom_step0_s_20260525_15,3ae65ff58f274d38bdf15ad763968a84,0.066,,,
797,2026-05-25,SH600019,-0.05070059209253411,EXP_DEnsembleModel_Alpha158_csi300_custom_step0_s_20260525_15,3ae65ff58f274d38bdf15ad763968a84,0.066,,,
798,2026-05-25,SH600018,0.11906267147959121,EXP_DEnsembleModel_Alpha158_csi300_custom_step0_s_20260525_15,3ae65ff58f274d38bdf15ad763968a84,0.066,,,
799,2026-05-25,SH600016,-0.0008729027111511754,EXP_DEnsembleModel_Alpha158_csi300_custom_step0_s_20260525_15,3ae65ff58f274d38bdf15ad763968a84,0.066,,,
800,2026-05-25,SH600015,0.06707339379799153,EXP_DEnsembleModel_Alpha158_csi300_custom_step0_s_20260525_15,3ae65ff58f274d38bdf15ad763968a84,0.066,,,
801,2026-05-25,SH600011,-0.06905268517436752,EXP_DEnsembleModel_Alpha158_csi300_custom_step0_s_20260525_15,3ae65ff58f274d38bdf15ad763968a84,0.066,,,
802,2026-05-25,SH600010,-0.11927741525165592,EXP_DEnsembleModel_Alpha158_csi300_custom_step0_s_20260525_15,3ae65ff58f274d38bdf15ad763968a84,0.066,,,
803,2026-05-25,SH600039,0.031132127578953034,EXP_DEnsembleModel_Alpha158_csi300_custom_step0_s_20260525_15,3ae65ff58f274d38bdf15ad763968a84,0.066,,,
804,2026-05-25,SH600905,0.03409552052573447,EXP_DEnsembleModel_Alpha158_csi300_custom_step0_s_20260525_15,3ae65ff58f274d38bdf15ad763968a84,0.066,,,
805,2026-05-25,SH600048,-0.13064390807206758,EXP_DEnsembleModel_Alpha158_csi300_custom_step0_s_20260525_15,3ae65ff58f274d38bdf15ad763968a84,0.066,,,
806,2026-05-25,SH600061,-0.057194523483062955,EXP_DEnsembleModel_Alpha158_csi300_custom_step0_s_20260525_15,3ae65ff58f274d38bdf15ad763968a84,0.066,,,
807,2026-05-25,SH600233,0.05308989928278296,EXP_DEnsembleModel_Alpha158_csi300_custom_step0_s_20260525_15,3ae65ff58f274d38bdf15ad763968a84,0.066,,,
808,2026-05-25,SH600219,0.0796072431687052,EXP_DEnsembleModel_Alpha158_csi300_custom_step0_s_20260525_15,3ae65ff58f274d38bdf15ad763968a84,0.066,,,
809,2026-05-25,SH600196,-0.027888701919681153,EXP_DEnsembleModel_Alpha158_csi300_custom_step0_s_20260525_15,3ae65ff58f274d38bdf15ad763968a84,0.066,,,
810,2026-05-25,SH600188,-0.02023118938751003,EXP_DEnsembleModel_Alpha158_csi300_custom_step0_s_20260525_15,3ae65ff58f274d38bdf15ad763968a84,0.066,,,
811,2026-05-25,SH600183,-0.33321247401286863,EXP_DEnsembleModel_Alpha158_csi300_custom_step0_s_20260525_15,3ae65ff58f274d38bdf15ad763968a84,0.066,,,
812,2026-05-25,SH600176,-0.03211477491177834,EXP_DEnsembleModel_Alpha158_csi300_custom_step0_s_20260525_15,3ae65ff58f274d38bdf15ad763968a84,0.066,,,
813,2026-05-25,SH600161,-0.10703515043819874,EXP_DEnsembleModel_Alpha158_csi300_custom_step0_s_20260525_15,3ae65ff58f274d38bdf15ad763968a84,0.066,,,
814,2026-05-25,SH600160,-0.04852258201597202,EXP_DEnsembleModel_Alpha158_csi300_custom_step0_s_20260525_15,3ae65ff58f274d38bdf15ad763968a84,0.066,,,
815,2026-05-25,SH600150,-0.013233991603610792,EXP_DEnsembleModel_Alpha158_csi300_custom_step0_s_20260525_15,3ae65ff58f274d38bdf15ad763968a84,0.066,,,
816,2026-05-25,SH600115,-0.040317596136983984,EXP_DEnsembleModel_Alpha158_csi300_custom_step0_s_20260525_15,3ae65ff58f274d38bdf15ad763968a84,0.066,,,
817,2026-05-25,SH600111,-0.07583779448367146,EXP_DEnsembleModel_Alpha158_csi300_custom_step0_s_20260525_15,3ae65ff58f274d38bdf15ad763968a84,0.066,,,
818,2026-05-25,SH600104,0.037863278414379094,EXP_DEnsembleModel_Alpha158_csi300_custom_step0_s_20260525_15,3ae65ff58f274d38bdf15ad763968a84,0.066,,,
819,2026-05-25,SH600089,-0.12261424699674574,EXP_DEnsembleModel_Alpha158_csi300_custom_step0_s_20260525_15,3ae65ff58f274d38bdf15ad763968a84,0.066,,,
820,2026-05-25,SH600085,0.031781142940060195,EXP_DEnsembleModel_Alpha158_csi300_custom_step0_s_20260525_15,3ae65ff58f274d38bdf15ad763968a84,0.066,,,
821,2026-05-25,SH600066,-0.08266828279861273,EXP_DEnsembleModel_Alpha158_csi300_custom_step0_s_20260525_15,3ae65ff58f274d38bdf15ad763968a84,0.066,,,
822,2026-05-25,SH600050,-0.11041411566532174,EXP_DEnsembleModel_Alpha158_csi300_custom_step0_s_20260525_15,3ae65ff58f274d38bdf15ad763968a84,0.066,,,
823,2026-05-25,SH601916,0.06793781694219728,EXP_DEnsembleModel_Alpha158_csi300_custom_step0_s_20260525_15,3ae65ff58f274d38bdf15ad763968a84,0.066,,,
824,2026-05-25,SH600918,-0.03101372560682731,EXP_DEnsembleModel_Alpha158_csi300_custom_step0_s_20260525_15,3ae65ff58f274d38bdf15ad763968a84,0.066,,,
825,2026-05-25,SH600926,0.0375493563545541,EXP_DEnsembleModel_Alpha158_csi300_custom_step0_s_20260525_15,3ae65ff58f274d38bdf15ad763968a84,0.066,,,
826,2026-05-25,SH601689,-0.06996262711081568,EXP_DEnsembleModel_Alpha158_csi300_custom_step0_s_20260525_15,3ae65ff58f274d38bdf15ad763968a84,0.066,,,
827,2026-05-25,SH601688,-0.09310691026312767,EXP_DEnsembleModel_Alpha158_csi300_custom_step0_s_20260525_15,3ae65ff58f274d38bdf15ad763968a84,0.066,,,
828,2026-05-25,SH601669,-0.07511335729930069,EXP_DEnsembleModel_Alpha158_csi300_custom_step0_s_20260525_15,3ae65ff58f274d38bdf15ad763968a84,0.066,,,
829,2026-05-25,SH601668,0.015059608602969217,EXP_DEnsembleModel_Alpha158_csi300_custom_step0_s_20260525_15,3ae65ff58f274d38bdf15ad763968a84,0.066,,,
830,2026-05-25,SH601658,0.056444382616201265,EXP_DEnsembleModel_Alpha158_csi300_custom_step0_s_20260525_15,3ae65ff58f274d38bdf15ad763968a84,0.066,,,
831,2026-05-25,SH601633,0.03304813706388899,EXP_DEnsembleModel_Alpha158_csi300_custom_step0_s_20260525_15,3ae65ff58f274d38bdf15ad763968a84,0.066,,,
832,2026-05-25,SH601698,-0.03323728537599404,EXP_DEnsembleModel_Alpha158_csi300_custom_step0_s_20260525_15,3ae65ff58f274d38bdf15ad763968a84,0.066,,,
833,2026-05-25,SH601628,-0.08808633364900019,EXP_DEnsembleModel_Alpha158_csi300_custom_step0_s_20260525_15,3ae65ff58f274d38bdf15ad763968a84,0.066,,,
834,2026-05-25,SH601607,0.02076179826346936,EXP_DEnsembleModel_Alpha158_csi300_custom_step0_s_20260525_15,3ae65ff58f274d38bdf15ad763968a84,0.066,,,
835,2026-05-25,SH601601,-0.07677483104038776,EXP_DEnsembleModel_Alpha158_csi300_custom_step0_s_20260525_15,3ae65ff58f274d38bdf15ad763968a84,0.066,,,
836,2026-05-25,SH601600,-0.07244364142004014,EXP_DEnsembleModel_Alpha158_csi300_custom_step0_s_20260525_15,3ae65ff58f274d38bdf15ad763968a84,0.066,,,
837,2026-05-25,SH601456,-0.037356709997565636,EXP_DEnsembleModel_Alpha158_csi300_custom_step0_s_20260525_15,3ae65ff58f274d38bdf15ad763968a84,0.066,,,
838,2026-05-25,SH601398,0.10510381944693986,EXP_DEnsembleModel_Alpha158_csi300_custom_step0_s_20260525_15,3ae65ff58f274d38bdf15ad763968a84,0.066,,,
839,2026-05-25,SH601390,0.007608610097668285,EXP_DEnsembleModel_Alpha158_csi300_custom_step0_s_20260525_15,3ae65ff58f274d38bdf15ad763968a84,0.066,,,
840,2026-05-25,SH601618,-0.027169852022143396,EXP_DEnsembleModel_Alpha158_csi300_custom_step0_s_20260525_15,3ae65ff58f274d38bdf15ad763968a84,0.066,,,
841,2026-05-25,SH601728,-0.05439536399995607,EXP_DEnsembleModel_Alpha158_csi300_custom_step0_s_20260525_15,3ae65ff58f274d38bdf15ad763968a84,0.066,,,
842,2026-05-25,SH601766,-0.08596269721051952,EXP_DEnsembleModel_Alpha158_csi300_custom_step0_s_20260525_15,3ae65ff58f274d38bdf15ad763968a84,0.066,,,
843,2026-05-25,SH601788,-0.07873901685258619,EXP_DEnsembleModel_Alpha158_csi300_custom_step0_s_20260525_15,3ae65ff58f274d38bdf15ad763968a84,0.066,,,
844,2026-05-25,SH601899,-0.12952172458509262,EXP_DEnsembleModel_Alpha158_csi300_custom_step0_s_20260525_15,3ae65ff58f274d38bdf15ad763968a84,0.066,,,
845,2026-05-25,SH601898,-0.04367896001539367,EXP_DEnsembleModel_Alpha158_csi300_custom_step0_s_20260525_15,3ae65ff58f274d38bdf15ad763968a84,0.066,,,
846,2026-05-25,SH601888,-0.03955164593781496,EXP_DEnsembleModel_Alpha158_csi300_custom_step0_s_20260525_15,3ae65ff58f274d38bdf15ad763968a84,0.066,,,
847,2026-05-25,SH601881,-0.055920990442088085,EXP_DEnsembleModel_Alpha158_csi300_custom_step0_s_20260525_15,3ae65ff58f274d38bdf15ad763968a84,0.066,,,
848,2026-05-25,SH601878,-0.048983234932104554,EXP_DEnsembleModel_Alpha158_csi300_custom_step0_s_20260525_15,3ae65ff58f274d38bdf15ad763968a84,0.066,,,
849,2026-05-25,SH601877,-0.06599677736520411,EXP_DEnsembleModel_Alpha158_csi300_custom_step0_s_20260525_15,3ae65ff58f274d38bdf15ad763968a84,0.066,,,
850,2026-05-25,SH601872,-0.05133116610440458,EXP_DEnsembleModel_Alpha158_csi300_custom_step0_s_20260525_15,3ae65ff58f274d38bdf15ad763968a84,0.066,,,
851,2026-05-25,SH601868,-0.05263531162956947,EXP_DEnsembleModel_Alpha158_csi300_custom_step0_s_20260525_15,3ae65ff58f274d38bdf15ad763968a84,0.066,,,
852,2026-05-25,SH601857,-0.1820152476187262,EXP_DEnsembleModel_Alpha158_csi300_custom_step0_s_20260525_15,3ae65ff58f274d38bdf15ad763968a84,0.066,,,
853,2026-05-25,SH601838,0.11516223467570687,EXP_DEnsembleModel_Alpha158_csi300_custom_step0_s_20260525_15,3ae65ff58f274d38bdf15ad763968a84,0.066,,,
854,2026-05-25,SH601825,0.05477536323948514,EXP_DEnsembleModel_Alpha158_csi300_custom_step0_s_20260525_15,3ae65ff58f274d38bdf15ad763968a84,0.066,,,
855,2026-05-25,SH601818,0.09755666773318075,EXP_DEnsembleModel_Alpha158_csi300_custom_step0_s_20260525_15,3ae65ff58f274d38bdf15ad763968a84,0.066,,,
856,2026-05-25,SH601816,-0.010872974889839446,EXP_DEnsembleModel_Alpha158_csi300_custom_step0_s_20260525_15,3ae65ff58f274d38bdf15ad763968a84,0.066,,,
857,2026-05-25,SH601808,-0.053877691817941956,EXP_DEnsembleModel_Alpha158_csi300_custom_step0_s_20260525_15,3ae65ff58f274d38bdf15ad763968a84,0.066,,,
858,2026-05-25,SH601800,-0.021555262189244646,EXP_DEnsembleModel_Alpha158_csi300_custom_step0_s_20260525_15,3ae65ff58f274d38bdf15ad763968a84,0.066,,,
859,2026-05-25,SH601377,-0.08695981627715772,EXP_DEnsembleModel_Alpha158_csi300_custom_step0_s_20260525_15,3ae65ff58f274d38bdf15ad763968a84,0.066,,,
860,2026-05-25,SH601360,0.011321596522584033,EXP_DEnsembleModel_Alpha158_csi300_custom_step0_s_20260525_15,3ae65ff58f274d38bdf15ad763968a84,0.066,,,
861,2026-05-25,SH601336,-0.15236926410921317,EXP_DEnsembleModel_Alpha158_csi300_custom_step0_s_20260525_15,3ae65ff58f274d38bdf15ad763968a84,0.066,,,
862,2026-05-25,SH601328,0.07205047787441525,EXP_DEnsembleModel_Alpha158_csi300_custom_step0_s_20260525_15,3ae65ff58f274d38bdf15ad763968a84,0.066,,,
863,2026-05-25,SH601077,0.07382022920089211,EXP_DEnsembleModel_Alpha158_csi300_custom_step0_s_20260525_15,3ae65ff58f274d38bdf15ad763968a84,0.066,,,
864,2026-05-25,SH601066,0.006087167576531078,EXP_DEnsembleModel_Alpha158_csi300_custom_step0_s_20260525_15,3ae65ff58f274d38bdf15ad763968a84,0.066,,,
865,2026-05-25,SH601059,0.11322736941054047,EXP_DEnsembleModel_Alpha158_csi300_custom_step0_s_20260525_15,3ae65ff58f274d38bdf15ad763968a84,0.066,,,
866,2026-05-25,SH601058,-0.08554484856419381,EXP_DEnsembleModel_Alpha158_csi300_custom_step0_s_20260525_15,3ae65ff58f274d38bdf15ad763968a84,0.066,,,
867,2026-05-25,SH601021,0.005759278431941733,EXP_DEnsembleModel_Alpha158_csi300_custom_step0_s_20260525_15,3ae65ff58f274d38bdf15ad763968a84,0.066,,,
868,2026-05-25,SH601018,-0.010944232865331504,EXP_DEnsembleModel_Alpha158_csi300_custom_step0_s_20260525_15,3ae65ff58f274d38bdf15ad763968a84,0.066,,,
869,2026-05-25,SH601012,0.04150633140755113,EXP_DEnsembleModel_Alpha158_csi300_custom_step0_s_20260525_15,3ae65ff58f274d38bdf15ad763968a84,0.066,,,
870,2026-05-25,SH601009,-0.004628424471245246,EXP_DEnsembleModel_Alpha158_csi300_custom_step0_s_20260525_15,3ae65ff58f274d38bdf15ad763968a84,0.066,,,
871,2026-05-25,SH601006,0.10466557412352864,EXP_DEnsembleModel_Alpha158_csi300_custom_step0_s_20260525_15,3ae65ff58f274d38bdf15ad763968a84,0.066,,,
872,2026-05-25,SH600999,-0.024454003474624772,EXP_DEnsembleModel_Alpha158_csi300_custom_step0_s_20260525_15,3ae65ff58f274d38bdf15ad763968a84,0.066,,,
873,2026-05-25,SH600989,0.014272760928534784,EXP_DEnsembleModel_Alpha158_csi300_custom_step0_s_20260525_15,3ae65ff58f274d38bdf15ad763968a84,0.066,,,
874,2026-05-25,SH600958,-0.11136036471106169,EXP_DEnsembleModel_Alpha158_csi300_custom_step0_s_20260525_15,3ae65ff58f274d38bdf15ad763968a84,0.066,,,
875,2026-05-25,SH600941,-0.029694227489677937,EXP_DEnsembleModel_Alpha158_csi300_custom_step0_s_20260525_15,3ae65ff58f274d38bdf15ad763968a84,0.066,,,
876,2026-05-25,SH600938,-0.12563889920642532,EXP_DEnsembleModel_Alpha158_csi300_custom_step0_s_20260525_15,3ae65ff58f274d38bdf15ad763968a84,0.066,,,
877,2026-05-25,SH600930,-0.053304197345999886,EXP_DEnsembleModel_Alpha158_csi300_custom_step0_s_20260525_15,3ae65ff58f274d38bdf15ad763968a84,0.066,,,
878,2026-05-25,SH601088,0.04711120130852426,EXP_DEnsembleModel_Alpha158_csi300_custom_step0_s_20260525_15,3ae65ff58f274d38bdf15ad763968a84,0.066,,,
879,2026-05-25,SH600919,0.17292469723225365,EXP_DEnsembleModel_Alpha158_csi300_custom_step0_s_20260525_15,3ae65ff58f274d38bdf15ad763968a84,0.066,,,
880,2026-05-25,SH601100,-0.13692080978081622,EXP_DEnsembleModel_Alpha158_csi300_custom_step0_s_20260525_15,3ae65ff58f274d38bdf15ad763968a84,0.066,,,
881,2026-05-25,SH601117,-0.13306224556000676,EXP_DEnsembleModel_Alpha158_csi300_custom_step0_s_20260525_15,3ae65ff58f274d38bdf15ad763968a84,0.066,,,
882,2026-05-25,SH601319,-0.013470865905955249,EXP_DEnsembleModel_Alpha158_csi300_custom_step0_s_20260525_15,3ae65ff58f274d38bdf15ad763968a84,0.066,,,
883,2026-05-25,SH601318,-0.08114401262762834,EXP_DEnsembleModel_Alpha158_csi300_custom_step0_s_20260525_15,3ae65ff58f274d38bdf15ad763968a84,0.066,,,
884,2026-05-25,SH601298,0.11346415206127217,EXP_DEnsembleModel_Alpha158_csi300_custom_step0_s_20260525_15,3ae65ff58f274d38bdf15ad763968a84,0.066,,,
885,2026-05-25,SH601288,0.009979395180863708,EXP_DEnsembleModel_Alpha158_csi300_custom_step0_s_20260525_15,3ae65ff58f274d38bdf15ad763968a84,0.066,,,
886,2026-05-25,SH601238,0.04701235890154774,EXP_DEnsembleModel_Alpha158_csi300_custom_step0_s_20260525_15,3ae65ff58f274d38bdf15ad763968a84,0.066,,,
887,2026-05-25,SH601236,0.024417848323933653,EXP_DEnsembleModel_Alpha158_csi300_custom_step0_s_20260525_15,3ae65ff58f274d38bdf15ad763968a84,0.066,,,
888,2026-05-25,SH601229,-0.02639050647670617,EXP_DEnsembleModel_Alpha158_csi300_custom_step0_s_20260525_15,3ae65ff58f274d38bdf15ad763968a84,0.066,,,
889,2026-05-25,SH601225,0.002533730090375742,EXP_DEnsembleModel_Alpha158_csi300_custom_step0_s_20260525_15,3ae65ff58f274d38bdf15ad763968a84,0.066,,,
890,2026-05-25,SH601211,-0.04840572150151607,EXP_DEnsembleModel_Alpha158_csi300_custom_step0_s_20260525_15,3ae65ff58f274d38bdf15ad763968a84,0.066,,,
891,2026-05-25,SH601186,-0.0561471144576117,EXP_DEnsembleModel_Alpha158_csi300_custom_step0_s_20260525_15,3ae65ff58f274d38bdf15ad763968a84,0.066,,,
892,2026-05-25,SH601169,-0.009006516544511812,EXP_DEnsembleModel_Alpha158_csi300_custom_step0_s_20260525_15,3ae65ff58f274d38bdf15ad763968a84,0.066,,,
893,2026-05-25,SH601166,-0.004789768590660151,EXP_DEnsembleModel_Alpha158_csi300_custom_step0_s_20260525_15,3ae65ff58f274d38bdf15ad763968a84,0.066,,,
894,2026-05-25,SH601138,-0.0017211446204469128,EXP_DEnsembleModel_Alpha158_csi300_custom_step0_s_20260525_15,3ae65ff58f274d38bdf15ad763968a84,0.066,,,
895,2026-05-25,SH601136,-0.05935036464982676,EXP_DEnsembleModel_Alpha158_csi300_custom_step0_s_20260525_15,3ae65ff58f274d38bdf15ad763968a84,0.066,,,
896,2026-05-25,SH601127,-0.013208774229268508,EXP_DEnsembleModel_Alpha158_csi300_custom_step0_s_20260525_15,3ae65ff58f274d38bdf15ad763968a84,0.066,,,
897,2026-05-25,SH601111,-0.07003294193354273,EXP_DEnsembleModel_Alpha158_csi300_custom_step0_s_20260525_15,3ae65ff58f274d38bdf15ad763968a84,0.066,,,
898,2026-05-25,SZ302132,-0.01765089646374708,EXP_DEnsembleModel_Alpha158_csi300_custom_step0_s_20260525_15,365305ddccab4dd98caceea45e43960a,0.059,,,
899,2026-05-25,SZ302132,-0.1256660055630664,EXP_DEnsembleModel_Alpha158_csi300_custom_step0_s_20260525_15,3ae65ff58f274d38bdf15ad763968a84,0.066,,,
900,2026-05-25,SH600009,-0.0482975936333667,EXP_DEnsembleModel_Alpha158_csi300_custom_step0_s_20260525_15,365305ddccab4dd98caceea45e43960a,0.059,,,
901,2026-05-25,SZ000596,0.03372728964114793,EXP_DEnsembleModel_Alpha158_csi300_custom_step0_s_20260525_15,365305ddccab4dd98caceea45e43960a,0.059,,,
902,2026-05-25,SZ000568,-0.02624150211851158,EXP_DEnsembleModel_Alpha158_csi300_custom_step0_s_20260525_15,365305ddccab4dd98caceea45e43960a,0.059,,,
903,2026-05-25,SZ000538,-0.12465579710359592,EXP_DEnsembleModel_Alpha158_csi300_custom_step0_s_20260525_15,365305ddccab4dd98caceea45e43960a,0.059,,,
904,2026-05-25,SZ000425,0.10713035314995485,EXP_DEnsembleModel_Alpha158_csi300_custom_step0_s_20260525_15,365305ddccab4dd98caceea45e43960a,0.059,,,
905,2026-05-25,SZ000408,0.14530235190199278,EXP_DEnsembleModel_Alpha158_csi300_custom_step0_s_20260525_15,365305ddccab4dd98caceea45e43960a,0.059,,,
906,2026-05-25,SZ000338,-0.07093946931899084,EXP_DEnsembleModel_Alpha158_csi300_custom_step0_s_20260525_15,365305ddccab4dd98caceea45e43960a,0.059,,,
907,2026-05-25,SZ000617,0.04805592639089437,EXP_DEnsembleModel_Alpha158_csi300_custom_step0_s_20260525_15,365305ddccab4dd98caceea45e43960a,0.059,,,
908,2026-05-25,SZ000333,0.15434315719348635,EXP_DEnsembleModel_Alpha158_csi300_custom_step0_s_20260525_15,365305ddccab4dd98caceea45e43960a,0.059,,,
909,2026-05-25,SZ000166,-0.08296326347536051,EXP_DEnsembleModel_Alpha158_csi300_custom_step0_s_20260525_15,365305ddccab4dd98caceea45e43960a,0.059,,,
910,2026-05-25,SZ000157,-0.025964657489653365,EXP_DEnsembleModel_Alpha158_csi300_custom_step0_s_20260525_15,365305ddccab4dd98caceea45e43960a,0.059,,,
911,2026-05-25,SZ000100,-0.045903956399145525,EXP_DEnsembleModel_Alpha158_csi300_custom_step0_s_20260525_15,365305ddccab4dd98caceea45e43960a,0.059,,,
912,2026-05-25,SZ000063,0.08455505149626824,EXP_DEnsembleModel_Alpha158_csi300_custom_step0_s_20260525_15,365305ddccab4dd98caceea45e43960a,0.059,,,
913,2026-05-25,SZ000002,0.11387330616028497,EXP_DEnsembleModel_Alpha158_csi300_custom_step0_s_20260525_15,365305ddccab4dd98caceea45e43960a,0.059,,,
914,2026-05-25,SZ000001,-0.09184972065047502,EXP_DEnsembleModel_Alpha158_csi300_custom_step0_s_20260525_15,365305ddccab4dd98caceea45e43960a,0.059,,,
915,2026-05-25,SZ000301,0.08927293427488885,EXP_DEnsembleModel_Alpha158_csi300_custom_step0_s_20260525_15,365305ddccab4dd98caceea45e43960a,0.059,,,
916,2026-05-25,SZ000625,0.023493310233617077,EXP_DEnsembleModel_Alpha158_csi300_custom_step0_s_20260525_15,365305ddccab4dd98caceea45e43960a,0.059,,,
917,2026-05-25,SZ000630,0.019923623773969532,EXP_DEnsembleModel_Alpha158_csi300_custom_step0_s_20260525_15,365305ddccab4dd98caceea45e43960a,0.059,,,
918,2026-05-25,SZ000651,-0.0037810146671082047,EXP_DEnsembleModel_Alpha158_csi300_custom_step0_s_20260525_15,365305ddccab4dd98caceea45e43960a,0.059,,,
919,2026-05-25,SZ000977,0.2096187767908512,EXP_DEnsembleModel_Alpha158_csi300_custom_step0_s_20260525_15,365305ddccab4dd98caceea45e43960a,0.059,,,
920,2026-05-25,SZ000975,0.08815077582870133,EXP_DEnsembleModel_Alpha158_csi300_custom_step0_s_20260525_15,365305ddccab4dd98caceea45e43960a,0.059,,,
921,2026-05-25,SZ000963,-0.019550615037333824,EXP_DEnsembleModel_Alpha158_csi300_custom_step0_s_20260525_15,365305ddccab4dd98caceea45e43960a,0.059,,,
922,2026-05-25,SZ000938,0.07993421026038997,EXP_DEnsembleModel_Alpha158_csi300_custom_step0_s_20260525_15,365305ddccab4dd98caceea45e43960a,0.059,,,
923,2026-05-25,SZ000895,0.005595574764785767,EXP_DEnsembleModel_Alpha158_csi300_custom_step0_s_20260525_15,365305ddccab4dd98caceea45e43960a,0.059,,,
924,2026-05-25,SZ000876,-0.04179874254999765,EXP_DEnsembleModel_Alpha158_csi300_custom_step0_s_20260525_15,365305ddccab4dd98caceea45e43960a,0.059,,,
925,2026-05-25,SZ000858,-0.036460033638807836,EXP_DEnsembleModel_Alpha158_csi300_custom_step0_s_20260525_15,365305ddccab4dd98caceea45e43960a,0.059,,,
926,2026-05-25,SZ000807,0.24656902189851385,EXP_DEnsembleModel_Alpha158_csi300_custom_step0_s_20260525_15,365305ddccab4dd98caceea45e43960a,0.059,,,
927,2026-05-25,SZ000792,0.12877838270939795,EXP_DEnsembleModel_Alpha158_csi300_custom_step0_s_20260525_15,365305ddccab4dd98caceea45e43960a,0.059,,,
928,2026-05-25,SZ000786,-0.05193056085129358,EXP_DEnsembleModel_Alpha158_csi300_custom_step0_s_20260525_15,365305ddccab4dd98caceea45e43960a,0.059,,,
929,2026-05-25,SZ000776,-0.022329715582808066,EXP_DEnsembleModel_Alpha158_csi300_custom_step0_s_20260525_15,365305ddccab4dd98caceea45e43960a,0.059,,,
930,2026-05-25,SZ000768,0.02706446347873248,EXP_DEnsembleModel_Alpha158_csi300_custom_step0_s_20260525_15,365305ddccab4dd98caceea45e43960a,0.059,,,
931,2026-05-25,SZ000725,-0.011418155191379238,EXP_DEnsembleModel_Alpha158_csi300_custom_step0_s_20260525_15,365305ddccab4dd98caceea45e43960a,0.059,,,
932,2026-05-25,SZ000708,0.013084668695067197,EXP_DEnsembleModel_Alpha158_csi300_custom_step0_s_20260525_15,365305ddccab4dd98caceea45e43960a,0.059,,,
933,2026-05-25,SZ000661,0.02998331672704102,EXP_DEnsembleModel_Alpha158_csi300_custom_step0_s_20260525_15,365305ddccab4dd98caceea45e43960a,0.059,,,
934,2026-05-25,SH688981,0.2265151104220218,EXP_DEnsembleModel_Alpha158_csi300_custom_step0_s_20260525_15,365305ddccab4dd98caceea45e43960a,0.059,,,
935,2026-05-25,SH688506,0.21606994990612347,EXP_DEnsembleModel_Alpha158_csi300_custom_step0_s_20260525_15,365305ddccab4dd98caceea45e43960a,0.059,,,
936,2026-05-25,SH688472,0.06563150471269988,EXP_DEnsembleModel_Alpha158_csi300_custom_step0_s_20260525_15,365305ddccab4dd98caceea45e43960a,0.059,,,
937,2026-05-25,SH688396,-0.0023002248879344556,EXP_DEnsembleModel_Alpha158_csi300_custom_step0_s_20260525_15,365305ddccab4dd98caceea45e43960a,0.059,,,
938,2026-05-25,SH603893,0.09621201584402296,EXP_DEnsembleModel_Alpha158_csi300_custom_step0_s_20260525_15,365305ddccab4dd98caceea45e43960a,0.059,,,
939,2026-05-25,SH603799,0.08677101248893056,EXP_DEnsembleModel_Alpha158_csi300_custom_step0_s_20260525_15,365305ddccab4dd98caceea45e43960a,0.059,,,
940,2026-05-25,SH603501,0.15085965487908562,EXP_DEnsembleModel_Alpha158_csi300_custom_step0_s_20260525_15,365305ddccab4dd98caceea45e43960a,0.059,,,
941,2026-05-25,SH603392,0.015160433062710178,EXP_DEnsembleModel_Alpha158_csi300_custom_step0_s_20260525_15,365305ddccab4dd98caceea45e43960a,0.059,,,
942,2026-05-25,SH603369,0.09623461331277725,EXP_DEnsembleModel_Alpha158_csi300_custom_step0_s_20260525_15,365305ddccab4dd98caceea45e43960a,0.059,,,
943,2026-05-25,SH603296,0.08388411096474065,EXP_DEnsembleModel_Alpha158_csi300_custom_step0_s_20260525_15,365305ddccab4dd98caceea45e43960a,0.059,,,
944,2026-05-25,SH603288,-0.006285989811693684,EXP_DEnsembleModel_Alpha158_csi300_custom_step0_s_20260525_15,365305ddccab4dd98caceea45e43960a,0.059,,,
945,2026-05-25,SH603260,0.09930497285273418,EXP_DEnsembleModel_Alpha158_csi300_custom_step0_s_20260525_15,365305ddccab4dd98caceea45e43960a,0.059,,,
946,2026-05-25,SH603259,0.14603053204608674,EXP_DEnsembleModel_Alpha158_csi300_custom_step0_s_20260525_15,365305ddccab4dd98caceea45e43960a,0.059,,,
947,2026-05-25,SH603195,-0.012478350459945508,EXP_DEnsembleModel_Alpha158_csi300_custom_step0_s_20260525_15,365305ddccab4dd98caceea45e43960a,0.059,,,
948,2026-05-25,SH603019,0.08608680811210605,EXP_DEnsembleModel_Alpha158_csi300_custom_step0_s_20260525_15,365305ddccab4dd98caceea45e43960a,0.059,,,
949,2026-05-25,SH601998,-0.053882050772470984,EXP_DEnsembleModel_Alpha158_csi300_custom_step0_s_20260525_15,365305ddccab4dd98caceea45e43960a,0.059,,,
950,2026-05-25,SH601995,0.08495467217466704,EXP_DEnsembleModel_Alpha158_csi300_custom_step0_s_20260525_15,365305ddccab4dd98caceea45e43960a,0.059,,,
951,2026-05-25,SH601988,-0.018265512039886404,EXP_DEnsembleModel_Alpha158_csi300_custom_step0_s_20260525_15,365305ddccab4dd98caceea45e43960a,0.059,,,
952,2026-05-25,SH601985,-0.012044495675815054,EXP_DEnsembleModel_Alpha158_csi300_custom_step0_s_20260525_15,365305ddccab4dd98caceea45e43960a,0.059,,,
953,2026-05-25,SH603986,-0.12672323860961024,EXP_DEnsembleModel_Alpha158_csi300_custom_step0_s_20260525_15,365305ddccab4dd98caceea45e43960a,0.059,,,
954,2026-05-25,SZ000983,0.09127479898521973,EXP_DEnsembleModel_Alpha158_csi300_custom_step0_s_20260525_15,365305ddccab4dd98caceea45e43960a,0.059,,,
955,2026-05-25,SH603993,0.004906496866177818,EXP_DEnsembleModel_Alpha158_csi300_custom_step0_s_20260525_15,365305ddccab4dd98caceea45e43960a,0.059,,,
956,2026-05-25,SH605499,0.15902738478398118,EXP_DEnsembleModel_Alpha158_csi300_custom_step0_s_20260525_15,365305ddccab4dd98caceea45e43960a,0.059,,,
957,2026-05-25,SH688303,0.0823847433601315,EXP_DEnsembleModel_Alpha158_csi300_custom_step0_s_20260525_15,365305ddccab4dd98caceea45e43960a,0.059,,,
958,2026-05-25,SH688271,-0.07291017359226014,EXP_DEnsembleModel_Alpha158_csi300_custom_step0_s_20260525_15,365305ddccab4dd98caceea45e43960a,0.059,,,
959,2026-05-25,SH688256,0.27988974638117153,EXP_DEnsembleModel_Alpha158_csi300_custom_step0_s_20260525_15,365305ddccab4dd98caceea45e43960a,0.059,,,
960,2026-05-25,SH688223,0.10897888749665673,EXP_DEnsembleModel_Alpha158_csi300_custom_step0_s_20260525_15,365305ddccab4dd98caceea45e43960a,0.059,,,
961,2026-05-25,SH688187,-0.0401045997043848,EXP_DEnsembleModel_Alpha158_csi300_custom_step0_s_20260525_15,365305ddccab4dd98caceea45e43960a,0.059,,,
962,2026-05-25,SH688169,0.03351741670868785,EXP_DEnsembleModel_Alpha158_csi300_custom_step0_s_20260525_15,365305ddccab4dd98caceea45e43960a,0.059,,,
963,2026-05-25,SH688126,-0.06168379079351637,EXP_DEnsembleModel_Alpha158_csi300_custom_step0_s_20260525_15,365305ddccab4dd98caceea45e43960a,0.059,,,
964,2026-05-25,SH688111,0.08392432721983492,EXP_DEnsembleModel_Alpha158_csi300_custom_step0_s_20260525_15,365305ddccab4dd98caceea45e43960a,0.059,,,
965,2026-05-25,SH688082,0.053006929167414445,EXP_DEnsembleModel_Alpha158_csi300_custom_step0_s_20260525_15,365305ddccab4dd98caceea45e43960a,0.059,,,
966,2026-05-25,SH688047,-0.046010485801032966,EXP_DEnsembleModel_Alpha158_csi300_custom_step0_s_20260525_15,365305ddccab4dd98caceea45e43960a,0.059,,,
967,2026-05-25,SH688041,-0.22588426946475945,EXP_DEnsembleModel_Alpha158_csi300_custom_step0_s_20260525_15,365305ddccab4dd98caceea45e43960a,0.059,,,
968,2026-05-25,SH688036,0.1335675539450253,EXP_DEnsembleModel_Alpha158_csi300_custom_step0_s_20260525_15,365305ddccab4dd98caceea45e43960a,0.059,,,
969,2026-05-25,SH688012,-0.16912068923791715,EXP_DEnsembleModel_Alpha158_csi300_custom_step0_s_20260525_15,365305ddccab4dd98caceea45e43960a,0.059,,,
970,2026-05-25,SH688009,0.01945295008789381,EXP_DEnsembleModel_Alpha158_csi300_custom_step0_s_20260525_15,365305ddccab4dd98caceea45e43960a,0.059,,,
971,2026-05-25,SH688008,-0.1131603358610365,EXP_DEnsembleModel_Alpha158_csi300_custom_step0_s_20260525_15,365305ddccab4dd98caceea45e43960a,0.059,,,
972,2026-05-25,SH605117,0.20115424433236373,EXP_DEnsembleModel_Alpha158_csi300_custom_step0_s_20260525_15,365305ddccab4dd98caceea45e43960a,0.059,,,
973,2026-05-25,SH601939,-0.036857049771384306,EXP_DEnsembleModel_Alpha158_csi300_custom_step0_s_20260525_15,365305ddccab4dd98caceea45e43960a,0.059,,,
974,2026-05-25,SZ000999,-0.06672539639070295,EXP_DEnsembleModel_Alpha158_csi300_custom_step0_s_20260525_15,365305ddccab4dd98caceea45e43960a,0.059,,,
975,2026-05-25,SZ001965,0.12529078744116184,EXP_DEnsembleModel_Alpha158_csi300_custom_step0_s_20260525_15,365305ddccab4dd98caceea45e43960a,0.059,,,
976,2026-05-25,SZ300413,0.026887275953187958,EXP_DEnsembleModel_Alpha158_csi300_custom_step0_s_20260525_15,365305ddccab4dd98caceea45e43960a,0.059,,,
977,2026-05-25,SZ300408,-0.18407564895069634,EXP_DEnsembleModel_Alpha158_csi300_custom_step0_s_20260525_15,365305ddccab4dd98caceea45e43960a,0.059,,,
978,2026-05-25,SZ300394,-0.15039140918141125,EXP_DEnsembleModel_Alpha158_csi300_custom_step0_s_20260525_15,365305ddccab4dd98caceea45e43960a,0.059,,,
979,2026-05-25,SZ300347,0.18667615794515519,EXP_DEnsembleModel_Alpha158_csi300_custom_step0_s_20260525_15,365305ddccab4dd98caceea45e43960a,0.059,,,
980,2026-05-25,SZ300316,0.15207025605208843,EXP_DEnsembleModel_Alpha158_csi300_custom_step0_s_20260525_15,365305ddccab4dd98caceea45e43960a,0.059,,,
981,2026-05-25,SZ300308,-0.10894633107202552,EXP_DEnsembleModel_Alpha158_csi300_custom_step0_s_20260525_15,365305ddccab4dd98caceea45e43960a,0.059,,,
982,2026-05-25,SZ300418,-0.07396839663903652,EXP_DEnsembleModel_Alpha158_csi300_custom_step0_s_20260525_15,365305ddccab4dd98caceea45e43960a,0.059,,,
983,2026-05-25,SZ300274,0.45329854747767895,EXP_DEnsembleModel_Alpha158_csi300_custom_step0_s_20260525_15,365305ddccab4dd98caceea45e43960a,0.059,,,
984,2026-05-25,SZ300124,0.17757549604456901,EXP_DEnsembleModel_Alpha158_csi300_custom_step0_s_20260525_15,365305ddccab4dd98caceea45e43960a,0.059,,,
985,2026-05-25,SZ300122,0.028739706163884337,EXP_DEnsembleModel_Alpha158_csi300_custom_step0_s_20260525_15,365305ddccab4dd98caceea45e43960a,0.059,,,
986,2026-05-25,SZ300059,0.12599836613959156,EXP_DEnsembleModel_Alpha158_csi300_custom_step0_s_20260525_15,365305ddccab4dd98caceea45e43960a,0.059,,,
987,2026-05-25,SZ300033,0.03789392425307761,EXP_DEnsembleModel_Alpha158_csi300_custom_step0_s_20260525_15,365305ddccab4dd98caceea45e43960a,0.059,,,
988,2026-05-25,SZ300015,-0.05307625283200421,EXP_DEnsembleModel_Alpha158_csi300_custom_step0_s_20260525_15,365305ddccab4dd98caceea45e43960a,0.059,,,
989,2026-05-25,SZ300014,0.10817631538643825,EXP_DEnsembleModel_Alpha158_csi300_custom_step0_s_20260525_15,365305ddccab4dd98caceea45e43960a,0.059,,,
990,2026-05-25,SZ300251,0.11857379928712573,EXP_DEnsembleModel_Alpha158_csi300_custom_step0_s_20260525_15,365305ddccab4dd98caceea45e43960a,0.059,,,
991,2026-05-25,SZ300433,0.2196641832532635,EXP_DEnsembleModel_Alpha158_csi300_custom_step0_s_20260525_15,365305ddccab4dd98caceea45e43960a,0.059,,,
992,2026-05-25,SZ300442,-0.09613982543140914,EXP_DEnsembleModel_Alpha158_csi300_custom_step0_s_20260525_15,365305ddccab4dd98caceea45e43960a,0.059,,,
993,2026-05-25,SZ300476,0.011227514465639335,EXP_DEnsembleModel_Alpha158_csi300_custom_step0_s_20260525_15,365305ddccab4dd98caceea45e43960a,0.059,,,
994,2026-05-25,SZ301236,-0.03067566802882716,EXP_DEnsembleModel_Alpha158_csi300_custom_step0_s_20260525_15,365305ddccab4dd98caceea45e43960a,0.059,,,
995,2026-05-25,SZ300999,-0.07767160253465895,EXP_DEnsembleModel_Alpha158_csi300_custom_step0_s_20260525_15,365305ddccab4dd98caceea45e43960a,0.059,,,
996,2026-05-25,SZ300979,0.013583612342150903,EXP_DEnsembleModel_Alpha158_csi300_custom_step0_s_20260525_15,365305ddccab4dd98caceea45e43960a,0.059,,,
997,2026-05-25,SZ300896,-0.017886820002668287,EXP_DEnsembleModel_Alpha158_csi300_custom_step0_s_20260525_15,365305ddccab4dd98caceea45e43960a,0.059,,,
998,2026-05-25,SZ300866,0.12375275252129055,EXP_DEnsembleModel_Alpha158_csi300_custom_step0_s_20260525_15,365305ddccab4dd98caceea45e43960a,0.059,,,
999,2026-05-25,SZ300832,0.1303396931901966,EXP_DEnsembleModel_Alpha158_csi300_custom_step0_s_20260525_15,365305ddccab4dd98caceea45e43960a,0.059,,,
1000,2026-05-25,SZ300803,0.14303236620597784,EXP_DEnsembleModel_Alpha158_csi300_custom_step0_s_20260525_15,365305ddccab4dd98caceea45e43960a,0.059,,,
1001,2026-05-25,SZ300782,0.12769366508438906,EXP_DEnsembleModel_Alpha158_csi300_custom_step0_s_20260525_15,365305ddccab4dd98caceea45e43960a,0.059,,,
1002,2026-05-25,SZ300760,0.011753737029199527,EXP_DEnsembleModel_Alpha158_csi300_custom_step0_s_20260525_15,365305ddccab4dd98caceea45e43960a,0.059,,,
1003,2026-05-25,SZ300759,0.17750383688860547,EXP_DEnsembleModel_Alpha158_csi300_custom_step0_s_20260525_15,365305ddccab4dd98caceea45e43960a,0.059,,,
1004,2026-05-25,SZ300750,0.06403342310206277,EXP_DEnsembleModel_Alpha158_csi300_custom_step0_s_20260525_15,365305ddccab4dd98caceea45e43960a,0.059,,,
1005,2026-05-25,SZ300661,0.20696153471202097,EXP_DEnsembleModel_Alpha158_csi300_custom_step0_s_20260525_15,365305ddccab4dd98caceea45e43960a,0.059,,,
1006,2026-05-25,SZ300628,0.2634074834063857,EXP_DEnsembleModel_Alpha158_csi300_custom_step0_s_20260525_15,365305ddccab4dd98caceea45e43960a,0.059,,,
1007,2026-05-25,SZ300502,-0.1599173053013028,EXP_DEnsembleModel_Alpha158_csi300_custom_step0_s_20260525_15,365305ddccab4dd98caceea45e43960a,0.059,,,
1008,2026-05-25,SZ300498,0.08636800188359316,EXP_DEnsembleModel_Alpha158_csi300_custom_step0_s_20260525_15,365305ddccab4dd98caceea45e43960a,0.059,,,
1009,2026-05-25,SZ003816,-0.07300903144581981,EXP_DEnsembleModel_Alpha158_csi300_custom_step0_s_20260525_15,365305ddccab4dd98caceea45e43960a,0.059,,,
1010,2026-05-25,SZ002938,0.10650912982863046,EXP_DEnsembleModel_Alpha158_csi300_custom_step0_s_20260525_15,365305ddccab4dd98caceea45e43960a,0.059,,,
1011,2026-05-25,SZ002920,-0.026007438076586356,EXP_DEnsembleModel_Alpha158_csi300_custom_step0_s_20260525_15,365305ddccab4dd98caceea45e43960a,0.059,,,
1012,2026-05-25,SZ002916,-0.0651579432794317,EXP_DEnsembleModel_Alpha158_csi300_custom_step0_s_20260525_15,365305ddccab4dd98caceea45e43960a,0.059,,,
1013,2026-05-25,SZ002311,-0.05231026399325999,EXP_DEnsembleModel_Alpha158_csi300_custom_step0_s_20260525_15,365305ddccab4dd98caceea45e43960a,0.059,,,
1014,2026-05-25,SZ002304,-0.01643390867958253,EXP_DEnsembleModel_Alpha158_csi300_custom_step0_s_20260525_15,365305ddccab4dd98caceea45e43960a,0.059,,,
1015,2026-05-25,SZ002252,-0.07892817917972197,EXP_DEnsembleModel_Alpha158_csi300_custom_step0_s_20260525_15,365305ddccab4dd98caceea45e43960a,0.059,,,
1016,2026-05-25,SZ002241,0.1586302052902651,EXP_DEnsembleModel_Alpha158_csi300_custom_step0_s_20260525_15,365305ddccab4dd98caceea45e43960a,0.059,,,
1017,2026-05-25,SZ002236,0.047244717402961135,EXP_DEnsembleModel_Alpha158_csi300_custom_step0_s_20260525_15,365305ddccab4dd98caceea45e43960a,0.059,,,
1018,2026-05-25,SZ002230,-0.032313480806603026,EXP_DEnsembleModel_Alpha158_csi300_custom_step0_s_20260525_15,365305ddccab4dd98caceea45e43960a,0.059,,,
1019,2026-05-25,SZ002179,0.01844201882806327,EXP_DEnsembleModel_Alpha158_csi300_custom_step0_s_20260525_15,365305ddccab4dd98caceea45e43960a,0.059,,,
1020,2026-05-25,SZ002142,-0.05770524119982414,EXP_DEnsembleModel_Alpha158_csi300_custom_step0_s_20260525_15,365305ddccab4dd98caceea45e43960a,0.059,,,
1021,2026-05-25,SZ002074,0.017567096481931964,EXP_DEnsembleModel_Alpha158_csi300_custom_step0_s_20260525_15,365305ddccab4dd98caceea45e43960a,0.059,,,
1022,2026-05-25,SZ002050,0.0515750951731824,EXP_DEnsembleModel_Alpha158_csi300_custom_step0_s_20260525_15,365305ddccab4dd98caceea45e43960a,0.059,,,
1023,2026-05-25,SZ002049,0.23284554648622988,EXP_DEnsembleModel_Alpha158_csi300_custom_step0_s_20260525_15,365305ddccab4dd98caceea45e43960a,0.059,,,
1024,2026-05-25,SZ002028,-0.1274092276063386,EXP_DEnsembleModel_Alpha158_csi300_custom_step0_s_20260525_15,365305ddccab4dd98caceea45e43960a,0.059,,,
1025,2026-05-25,SZ002027,0.0766171226419495,EXP_DEnsembleModel_Alpha158_csi300_custom_step0_s_20260525_15,365305ddccab4dd98caceea45e43960a,0.059,,,
1026,2026-05-25,SZ002001,0.1133266471599944,EXP_DEnsembleModel_Alpha158_csi300_custom_step0_s_20260525_15,365305ddccab4dd98caceea45e43960a,0.059,,,
1027,2026-05-25,SZ001979,0.06689177221289448,EXP_DEnsembleModel_Alpha158_csi300_custom_step0_s_20260525_15,365305ddccab4dd98caceea45e43960a,0.059,,,
1028,2026-05-25,SZ002352,0.0017388902108356693,EXP_DEnsembleModel_Alpha158_csi300_custom_step0_s_20260525_15,365305ddccab4dd98caceea45e43960a,0.059,,,
1029,2026-05-25,SZ001391,-0.004846697798483634,EXP_DEnsembleModel_Alpha158_csi300_custom_step0_s_20260525_15,365305ddccab4dd98caceea45e43960a,0.059,,,
1030,2026-05-25,SZ002371,-0.12135014243464269,EXP_DEnsembleModel_Alpha158_csi300_custom_step0_s_20260525_15,365305ddccab4dd98caceea45e43960a,0.059,,,
1031,2026-05-25,SZ002415,0.01767016630808922,EXP_DEnsembleModel_Alpha158_csi300_custom_step0_s_20260525_15,365305ddccab4dd98caceea45e43960a,0.059,,,
1032,2026-05-25,SZ002736,-0.0740151508466736,EXP_DEnsembleModel_Alpha158_csi300_custom_step0_s_20260525_15,365305ddccab4dd98caceea45e43960a,0.059,,,
1033,2026-05-25,SZ002714,0.02375592886001053,EXP_DEnsembleModel_Alpha158_csi300_custom_step0_s_20260525_15,365305ddccab4dd98caceea45e43960a,0.059,,,
1034,2026-05-25,SZ002709,0.14222459405218943,EXP_DEnsembleModel_Alpha158_csi300_custom_step0_s_20260525_15,365305ddccab4dd98caceea45e43960a,0.059,,,
1035,2026-05-25,SZ002648,0.17469361931170904,EXP_DEnsembleModel_Alpha158_csi300_custom_step0_s_20260525_15,365305ddccab4dd98caceea45e43960a,0.059,,,
1036,2026-05-25,SZ002625,0.004489884568857136,EXP_DEnsembleModel_Alpha158_csi300_custom_step0_s_20260525_15,365305ddccab4dd98caceea45e43960a,0.059,,,
1037,2026-05-25,SZ002601,0.06127233810753297,EXP_DEnsembleModel_Alpha158_csi300_custom_step0_s_20260525_15,365305ddccab4dd98caceea45e43960a,0.059,,,
1038,2026-05-25,SZ002600,-0.03671622069102373,EXP_DEnsembleModel_Alpha158_csi300_custom_step0_s_20260525_15,365305ddccab4dd98caceea45e43960a,0.059,,,
1039,2026-05-25,SZ002594,-0.009280928630885431,EXP_DEnsembleModel_Alpha158_csi300_custom_step0_s_20260525_15,365305ddccab4dd98caceea45e43960a,0.059,,,
1040,2026-05-25,SZ002493,0.3081471864691129,EXP_DEnsembleModel_Alpha158_csi300_custom_step0_s_20260525_15,365305ddccab4dd98caceea45e43960a,0.059,,,
1041,2026-05-25,SZ002475,-0.03140016971608799,EXP_DEnsembleModel_Alpha158_csi300_custom_step0_s_20260525_15,365305ddccab4dd98caceea45e43960a,0.059,,,
1042,2026-05-25,SZ002466,0.08693143982645314,EXP_DEnsembleModel_Alpha158_csi300_custom_step0_s_20260525_15,365305ddccab4dd98caceea45e43960a,0.059,,,
1043,2026-05-25,SZ002463,-0.03433344853773422,EXP_DEnsembleModel_Alpha158_csi300_custom_step0_s_20260525_15,365305ddccab4dd98caceea45e43960a,0.059,,,
1044,2026-05-25,SZ002460,0.11058421862153886,EXP_DEnsembleModel_Alpha158_csi300_custom_step0_s_20260525_15,365305ddccab4dd98caceea45e43960a,0.059,,,
1045,2026-05-25,SZ002459,0.13660246437536747,EXP_DEnsembleModel_Alpha158_csi300_custom_step0_s_20260525_15,365305ddccab4dd98caceea45e43960a,0.059,,,
1046,2026-05-25,SZ002422,-0.020587807768558047,EXP_DEnsembleModel_Alpha158_csi300_custom_step0_s_20260525_15,365305ddccab4dd98caceea45e43960a,0.059,,,
1047,2026-05-25,SZ002384,-0.010900632368378594,EXP_DEnsembleModel_Alpha158_csi300_custom_step0_s_20260525_15,365305ddccab4dd98caceea45e43960a,0.059,,,
1048,2026-05-25,SH600000,-0.1404250625195767,EXP_DEnsembleModel_Alpha158_csi300_custom_step0_s_20260525_15,365305ddccab4dd98caceea45e43960a,0.059,,,
1049,2026-05-25,SH601919,-0.05833639035872794,EXP_DEnsembleModel_Alpha158_csi300_custom_step0_s_20260525_15,365305ddccab4dd98caceea45e43960a,0.059,,,
1050,2026-05-25,SH601901,0.06524139783140019,EXP_DEnsembleModel_Alpha158_csi300_custom_step0_s_20260525_15,365305ddccab4dd98caceea45e43960a,0.059,,,
1051,2026-05-25,SH600547,0.2640375355660153,EXP_DEnsembleModel_Alpha158_csi300_custom_step0_s_20260525_15,365305ddccab4dd98caceea45e43960a,0.059,,,
1052,2026-05-25,SH600522,0.24558973559144429,EXP_DEnsembleModel_Alpha158_csi300_custom_step0_s_20260525_15,365305ddccab4dd98caceea45e43960a,0.059,,,
1053,2026-05-25,SH600519,-0.05432538932838284,EXP_DEnsembleModel_Alpha158_csi300_custom_step0_s_20260525_15,365305ddccab4dd98caceea45e43960a,0.059,,,
1054,2026-05-25,SH600515,-0.04131551473613467,EXP_DEnsembleModel_Alpha158_csi300_custom_step0_s_20260525_15,365305ddccab4dd98caceea45e43960a,0.059,,,
1055,2026-05-25,SH600489,0.043753772639068295,EXP_DEnsembleModel_Alpha158_csi300_custom_step0_s_20260525_15,365305ddccab4dd98caceea45e43960a,0.059,,,
1056,2026-05-25,SH600482,-0.14887663802176224,EXP_DEnsembleModel_Alpha158_csi300_custom_step0_s_20260525_15,365305ddccab4dd98caceea45e43960a,0.059,,,
1057,2026-05-25,SH600570,0.072369000638675,EXP_DEnsembleModel_Alpha158_csi300_custom_step0_s_20260525_15,365305ddccab4dd98caceea45e43960a,0.059,,,
1058,2026-05-25,SH600460,0.2762575029945661,EXP_DEnsembleModel_Alpha158_csi300_custom_step0_s_20260525_15,365305ddccab4dd98caceea45e43960a,0.059,,,
1059,2026-05-25,SH600436,0.019151828560142154,EXP_DEnsembleModel_Alpha158_csi300_custom_step0_s_20260525_15,365305ddccab4dd98caceea45e43960a,0.059,,,
1060,2026-05-25,SH600426,0.23761260195847658,EXP_DEnsembleModel_Alpha158_csi300_custom_step0_s_20260525_15,365305ddccab4dd98caceea45e43960a,0.059,,,
1061,2026-05-25,SH600415,-0.04262901198103967,EXP_DEnsembleModel_Alpha158_csi300_custom_step0_s_20260525_15,365305ddccab4dd98caceea45e43960a,0.059,,,
1062,2026-05-25,SH600406,0.0557989016266769,EXP_DEnsembleModel_Alpha158_csi300_custom_step0_s_20260525_15,365305ddccab4dd98caceea45e43960a,0.059,,,
1063,2026-05-25,SH600377,0.10848885414361734,EXP_DEnsembleModel_Alpha158_csi300_custom_step0_s_20260525_15,365305ddccab4dd98caceea45e43960a,0.059,,,
1064,2026-05-25,SH600372,0.037240310791352496,EXP_DEnsembleModel_Alpha158_csi300_custom_step0_s_20260525_15,365305ddccab4dd98caceea45e43960a,0.059,,,
1065,2026-05-25,SH600438,0.06166399842452194,EXP_DEnsembleModel_Alpha158_csi300_custom_step0_s_20260525_15,365305ddccab4dd98caceea45e43960a,0.059,,,
1066,2026-05-25,SH600584,-0.13312438116539096,EXP_DEnsembleModel_Alpha158_csi300_custom_step0_s_20260525_15,365305ddccab4dd98caceea45e43960a,0.059,,,
1067,2026-05-25,SH600585,0.003106910059576778,EXP_DEnsembleModel_Alpha158_csi300_custom_step0_s_20260525_15,365305ddccab4dd98caceea45e43960a,0.059,,,
1068,2026-05-25,SH600588,0.130105491307949,EXP_DEnsembleModel_Alpha158_csi300_custom_step0_s_20260525_15,365305ddccab4dd98caceea45e43960a,0.059,,,
1069,2026-05-25,SH600900,-0.01618330345868268,EXP_DEnsembleModel_Alpha158_csi300_custom_step0_s_20260525_15,365305ddccab4dd98caceea45e43960a,0.059,,,
1070,2026-05-25,SH600893,0.06957761673256704,EXP_DEnsembleModel_Alpha158_csi300_custom_step0_s_20260525_15,365305ddccab4dd98caceea45e43960a,0.059,,,
1071,2026-05-25,SH600887,-0.020081073882126304,EXP_DEnsembleModel_Alpha158_csi300_custom_step0_s_20260525_15,365305ddccab4dd98caceea45e43960a,0.059,,,
1072,2026-05-25,SH600886,-0.03389698165136726,EXP_DEnsembleModel_Alpha158_csi300_custom_step0_s_20260525_15,365305ddccab4dd98caceea45e43960a,0.059,,,
1073,2026-05-25,SH600875,-0.07258677770907236,EXP_DEnsembleModel_Alpha158_csi300_custom_step0_s_20260525_15,365305ddccab4dd98caceea45e43960a,0.059,,,
1074,2026-05-25,SH600845,-0.04053052622358691,EXP_DEnsembleModel_Alpha158_csi300_custom_step0_s_20260525_15,365305ddccab4dd98caceea45e43960a,0.059,,,
1075,2026-05-25,SH600809,0.09335736000668705,EXP_DEnsembleModel_Alpha158_csi300_custom_step0_s_20260525_15,365305ddccab4dd98caceea45e43960a,0.059,,,
1076,2026-05-25,SH600803,0.037127809414974344,EXP_DEnsembleModel_Alpha158_csi300_custom_step0_s_20260525_15,365305ddccab4dd98caceea45e43960a,0.059,,,
1077,2026-05-25,SH600795,0.020638723800652233,EXP_DEnsembleModel_Alpha158_csi300_custom_step0_s_20260525_15,365305ddccab4dd98caceea45e43960a,0.059,,,
1078,2026-05-25,SH600760,-0.02061670178090059,EXP_DEnsembleModel_Alpha158_csi300_custom_step0_s_20260525_15,365305ddccab4dd98caceea45e43960a,0.059,,,
1079,2026-05-25,SH600741,-0.01683446357830114,EXP_DEnsembleModel_Alpha158_csi300_custom_step0_s_20260525_15,365305ddccab4dd98caceea45e43960a,0.059,,,
1080,2026-05-25,SH600690,-0.0436279726246895,EXP_DEnsembleModel_Alpha158_csi300_custom_step0_s_20260525_15,365305ddccab4dd98caceea45e43960a,0.059,,,
1081,2026-05-25,SH600674,0.02198848003895229,EXP_DEnsembleModel_Alpha158_csi300_custom_step0_s_20260525_15,365305ddccab4dd98caceea45e43960a,0.059,,,
1082,2026-05-25,SH600660,-0.060331646572092036,EXP_DEnsembleModel_Alpha158_csi300_custom_step0_s_20260525_15,365305ddccab4dd98caceea45e43960a,0.059,,,
1083,2026-05-25,SH600600,-0.10957456234692523,EXP_DEnsembleModel_Alpha158_csi300_custom_step0_s_20260525_15,365305ddccab4dd98caceea45e43960a,0.059,,,
1084,2026-05-25,SH600362,0.032530464922463996,EXP_DEnsembleModel_Alpha158_csi300_custom_step0_s_20260525_15,365305ddccab4dd98caceea45e43960a,0.059,,,
1085,2026-05-25,SH600346,0.20395126895286156,EXP_DEnsembleModel_Alpha158_csi300_custom_step0_s_20260525_15,365305ddccab4dd98caceea45e43960a,0.059,,,
1086,2026-05-25,SH600309,0.11215187199076775,EXP_DEnsembleModel_Alpha158_csi300_custom_step0_s_20260525_15,365305ddccab4dd98caceea45e43960a,0.059,,,
1087,2026-05-25,SH600276,-0.01356222790636529,EXP_DEnsembleModel_Alpha158_csi300_custom_step0_s_20260525_15,365305ddccab4dd98caceea45e43960a,0.059,,,
1088,2026-05-25,SH600036,-0.1114417641028601,EXP_DEnsembleModel_Alpha158_csi300_custom_step0_s_20260525_15,365305ddccab4dd98caceea45e43960a,0.059,,,
1089,2026-05-25,SH600031,0.049699444729692226,EXP_DEnsembleModel_Alpha158_csi300_custom_step0_s_20260525_15,365305ddccab4dd98caceea45e43960a,0.059,,,
1090,2026-05-25,SH600030,0.031221224545691192,EXP_DEnsembleModel_Alpha158_csi300_custom_step0_s_20260525_15,365305ddccab4dd98caceea45e43960a,0.059,,,
1091,2026-05-25,SH600029,0.06591021156039667,EXP_DEnsembleModel_Alpha158_csi300_custom_step0_s_20260525_15,365305ddccab4dd98caceea45e43960a,0.059,,,
1092,2026-05-25,SH600028,0.010072704142716443,EXP_DEnsembleModel_Alpha158_csi300_custom_step0_s_20260525_15,365305ddccab4dd98caceea45e43960a,0.059,,,
1093,2026-05-25,SH600027,0.08739308822698497,EXP_DEnsembleModel_Alpha158_csi300_custom_step0_s_20260525_15,365305ddccab4dd98caceea45e43960a,0.059,,,
1094,2026-05-25,SH600026,0.07507181708534014,EXP_DEnsembleModel_Alpha158_csi300_custom_step0_s_20260525_15,365305ddccab4dd98caceea45e43960a,0.059,,,
1095,2026-05-25,SH600025,-0.006931232632931271,EXP_DEnsembleModel_Alpha158_csi300_custom_step0_s_20260525_15,365305ddccab4dd98caceea45e43960a,0.059,,,
1096,2026-05-25,SH600023,-0.21242714212307418,EXP_DEnsembleModel_Alpha158_csi300_custom_step0_s_20260525_15,365305ddccab4dd98caceea45e43960a,0.059,,,
1097,2026-05-25,SH600019,-0.04097030177676642,EXP_DEnsembleModel_Alpha158_csi300_custom_step0_s_20260525_15,365305ddccab4dd98caceea45e43960a,0.059,,,
1098,2026-05-25,SH600018,0.027146482947058143,EXP_DEnsembleModel_Alpha158_csi300_custom_step0_s_20260525_15,365305ddccab4dd98caceea45e43960a,0.059,,,
1099,2026-05-25,SH600016,-0.1270538910364391,EXP_DEnsembleModel_Alpha158_csi300_custom_step0_s_20260525_15,365305ddccab4dd98caceea45e43960a,0.059,,,
1100,2026-05-25,SH600015,-0.08596189562628195,EXP_DEnsembleModel_Alpha158_csi300_custom_step0_s_20260525_15,365305ddccab4dd98caceea45e43960a,0.059,,,
1101,2026-05-25,SH600011,0.05981536946001586,EXP_DEnsembleModel_Alpha158_csi300_custom_step0_s_20260525_15,365305ddccab4dd98caceea45e43960a,0.059,,,
1102,2026-05-25,SH600010,0.0297265845066888,EXP_DEnsembleModel_Alpha158_csi300_custom_step0_s_20260525_15,365305ddccab4dd98caceea45e43960a,0.059,,,
1103,2026-05-25,SH600039,-0.09631828578114252,EXP_DEnsembleModel_Alpha158_csi300_custom_step0_s_20260525_15,365305ddccab4dd98caceea45e43960a,0.059,,,
1104,2026-05-25,SH600905,0.032774574751877554,EXP_DEnsembleModel_Alpha158_csi300_custom_step0_s_20260525_15,365305ddccab4dd98caceea45e43960a,0.059,,,
1105,2026-05-25,SH600048,0.01614159317244002,EXP_DEnsembleModel_Alpha158_csi300_custom_step0_s_20260525_15,365305ddccab4dd98caceea45e43960a,0.059,,,
1106,2026-05-25,SH600061,-0.01982009722568707,EXP_DEnsembleModel_Alpha158_csi300_custom_step0_s_20260525_15,365305ddccab4dd98caceea45e43960a,0.059,,,
1107,2026-05-25,SH600233,0.03550108519103168,EXP_DEnsembleModel_Alpha158_csi300_custom_step0_s_20260525_15,365305ddccab4dd98caceea45e43960a,0.059,,,
1108,2026-05-25,SH600219,0.11410738302404468,EXP_DEnsembleModel_Alpha158_csi300_custom_step0_s_20260525_15,365305ddccab4dd98caceea45e43960a,0.059,,,
1109,2026-05-25,SH600196,-0.061251975536951615,EXP_DEnsembleModel_Alpha158_csi300_custom_step0_s_20260525_15,365305ddccab4dd98caceea45e43960a,0.059,,,
1110,2026-05-25,SH600188,0.16482938039067607,EXP_DEnsembleModel_Alpha158_csi300_custom_step0_s_20260525_15,365305ddccab4dd98caceea45e43960a,0.059,,,
1111,2026-05-25,SH600183,-0.030335416121345413,EXP_DEnsembleModel_Alpha158_csi300_custom_step0_s_20260525_15,365305ddccab4dd98caceea45e43960a,0.059,,,
1112,2026-05-25,SH600176,-0.04082397895397772,EXP_DEnsembleModel_Alpha158_csi300_custom_step0_s_20260525_15,365305ddccab4dd98caceea45e43960a,0.059,,,
1113,2026-05-25,SH600161,-0.09878382770359591,EXP_DEnsembleModel_Alpha158_csi300_custom_step0_s_20260525_15,365305ddccab4dd98caceea45e43960a,0.059,,,
1114,2026-05-25,SH600160,-0.04489021394220573,EXP_DEnsembleModel_Alpha158_csi300_custom_step0_s_20260525_15,365305ddccab4dd98caceea45e43960a,0.059,,,
1115,2026-05-25,SH600150,0.33570889648191093,EXP_DEnsembleModel_Alpha158_csi300_custom_step0_s_20260525_15,365305ddccab4dd98caceea45e43960a,0.059,,,
1116,2026-05-25,SH600115,0.05522983440465025,EXP_DEnsembleModel_Alpha158_csi300_custom_step0_s_20260525_15,365305ddccab4dd98caceea45e43960a,0.059,,,
1117,2026-05-25,SH600111,0.055051595348410996,EXP_DEnsembleModel_Alpha158_csi300_custom_step0_s_20260525_15,365305ddccab4dd98caceea45e43960a,0.059,,,
1118,2026-05-25,SH600104,-0.03781785004995915,EXP_DEnsembleModel_Alpha158_csi300_custom_step0_s_20260525_15,365305ddccab4dd98caceea45e43960a,0.059,,,
1119,2026-05-25,SH600089,-0.041250241280396865,EXP_DEnsembleModel_Alpha158_csi300_custom_step0_s_20260525_15,365305ddccab4dd98caceea45e43960a,0.059,,,
1120,2026-05-25,SH600085,-0.04871474685014946,EXP_DEnsembleModel_Alpha158_csi300_custom_step0_s_20260525_15,365305ddccab4dd98caceea45e43960a,0.059,,,
1121,2026-05-25,SH600066,0.11318575242746629,EXP_DEnsembleModel_Alpha158_csi300_custom_step0_s_20260525_15,365305ddccab4dd98caceea45e43960a,0.059,,,
1122,2026-05-25,SH600050,-0.047802961295548306,EXP_DEnsembleModel_Alpha158_csi300_custom_step0_s_20260525_15,365305ddccab4dd98caceea45e43960a,0.059,,,
1123,2026-05-25,SH601916,-0.02778655209806521,EXP_DEnsembleModel_Alpha158_csi300_custom_step0_s_20260525_15,365305ddccab4dd98caceea45e43960a,0.059,,,
1124,2026-05-25,SH600918,-0.0440141209104911,EXP_DEnsembleModel_Alpha158_csi300_custom_step0_s_20260525_15,365305ddccab4dd98caceea45e43960a,0.059,,,
1125,2026-05-25,SH600926,-0.027889880209926787,EXP_DEnsembleModel_Alpha158_csi300_custom_step0_s_20260525_15,365305ddccab4dd98caceea45e43960a,0.059,,,
1126,2026-05-25,SH601689,0.1156510179587718,EXP_DEnsembleModel_Alpha158_csi300_custom_step0_s_20260525_15,365305ddccab4dd98caceea45e43960a,0.059,,,
1127,2026-05-25,SH601688,0.017576609804112776,EXP_DEnsembleModel_Alpha158_csi300_custom_step0_s_20260525_15,365305ddccab4dd98caceea45e43960a,0.059,,,
1128,2026-05-25,SH601669,0.019748485782970993,EXP_DEnsembleModel_Alpha158_csi300_custom_step0_s_20260525_15,365305ddccab4dd98caceea45e43960a,0.059,,,
1129,2026-05-25,SH601668,-0.08641758776343432,EXP_DEnsembleModel_Alpha158_csi300_custom_step0_s_20260525_15,365305ddccab4dd98caceea45e43960a,0.059,,,
1130,2026-05-25,SH601658,-0.04042383711469862,EXP_DEnsembleModel_Alpha158_csi300_custom_step0_s_20260525_15,365305ddccab4dd98caceea45e43960a,0.059,,,
1131,2026-05-25,SH601633,0.017575385704795107,EXP_DEnsembleModel_Alpha158_csi300_custom_step0_s_20260525_15,365305ddccab4dd98caceea45e43960a,0.059,,,
1132,2026-05-25,SH601698,0.016978230297517948,EXP_DEnsembleModel_Alpha158_csi300_custom_step0_s_20260525_15,365305ddccab4dd98caceea45e43960a,0.059,,,
1133,2026-05-25,SH601628,-0.02768541554036478,EXP_DEnsembleModel_Alpha158_csi300_custom_step0_s_20260525_15,365305ddccab4dd98caceea45e43960a,0.059,,,
1134,2026-05-25,SH601607,-0.09377751325441815,EXP_DEnsembleModel_Alpha158_csi300_custom_step0_s_20260525_15,365305ddccab4dd98caceea45e43960a,0.059,,,
1135,2026-05-25,SH601601,-0.05693466623635825,EXP_DEnsembleModel_Alpha158_csi300_custom_step0_s_20260525_15,365305ddccab4dd98caceea45e43960a,0.059,,,
1136,2026-05-25,SH601600,0.11289969822406727,EXP_DEnsembleModel_Alpha158_csi300_custom_step0_s_20260525_15,365305ddccab4dd98caceea45e43960a,0.059,,,
1137,2026-05-25,SH601456,-0.0811839668338987,EXP_DEnsembleModel_Alpha158_csi300_custom_step0_s_20260525_15,365305ddccab4dd98caceea45e43960a,0.059,,,
1138,2026-05-25,SH601398,-0.010231827912383914,EXP_DEnsembleModel_Alpha158_csi300_custom_step0_s_20260525_15,365305ddccab4dd98caceea45e43960a,0.059,,,
1139,2026-05-25,SH601390,-0.023770297121350963,EXP_DEnsembleModel_Alpha158_csi300_custom_step0_s_20260525_15,365305ddccab4dd98caceea45e43960a,0.059,,,
1140,2026-05-25,SH601618,0.062381626881796645,EXP_DEnsembleModel_Alpha158_csi300_custom_step0_s_20260525_15,365305ddccab4dd98caceea45e43960a,0.059,,,
1141,2026-05-25,SH601728,-0.046068238050998495,EXP_DEnsembleModel_Alpha158_csi300_custom_step0_s_20260525_15,365305ddccab4dd98caceea45e43960a,0.059,,,
1142,2026-05-25,SH601766,-0.10383319654214512,EXP_DEnsembleModel_Alpha158_csi300_custom_step0_s_20260525_15,365305ddccab4dd98caceea45e43960a,0.059,,,
1143,2026-05-25,SH601788,0.019074012976513857,EXP_DEnsembleModel_Alpha158_csi300_custom_step0_s_20260525_15,365305ddccab4dd98caceea45e43960a,0.059,,,
1144,2026-05-25,SH601899,0.07109241655164536,EXP_DEnsembleModel_Alpha158_csi300_custom_step0_s_20260525_15,365305ddccab4dd98caceea45e43960a,0.059,,,
1145,2026-05-25,SH601898,0.08417786865537104,EXP_DEnsembleModel_Alpha158_csi300_custom_step0_s_20260525_15,365305ddccab4dd98caceea45e43960a,0.059,,,
1146,2026-05-25,SH601888,0.011439131722892919,EXP_DEnsembleModel_Alpha158_csi300_custom_step0_s_20260525_15,365305ddccab4dd98caceea45e43960a,0.059,,,
1147,2026-05-25,SH601881,-0.046739198120967995,EXP_DEnsembleModel_Alpha158_csi300_custom_step0_s_20260525_15,365305ddccab4dd98caceea45e43960a,0.059,,,
1148,2026-05-25,SH601878,0.003132121705207143,EXP_DEnsembleModel_Alpha158_csi300_custom_step0_s_20260525_15,365305ddccab4dd98caceea45e43960a,0.059,,,
1149,2026-05-25,SH601877,0.12011783916360824,EXP_DEnsembleModel_Alpha158_csi300_custom_step0_s_20260525_15,365305ddccab4dd98caceea45e43960a,0.059,,,
1150,2026-05-25,SH601872,0.017372971425819297,EXP_DEnsembleModel_Alpha158_csi300_custom_step0_s_20260525_15,365305ddccab4dd98caceea45e43960a,0.059,,,
1151,2026-05-25,SH601868,-0.052065028199190795,EXP_DEnsembleModel_Alpha158_csi300_custom_step0_s_20260525_15,365305ddccab4dd98caceea45e43960a,0.059,,,
1152,2026-05-25,SH601857,0.027884311042430807,EXP_DEnsembleModel_Alpha158_csi300_custom_step0_s_20260525_15,365305ddccab4dd98caceea45e43960a,0.059,,,
1153,2026-05-25,SH601838,-0.11094416658574649,EXP_DEnsembleModel_Alpha158_csi300_custom_step0_s_20260525_15,365305ddccab4dd98caceea45e43960a,0.059,,,
1154,2026-05-25,SH601825,-0.06864188939225582,EXP_DEnsembleModel_Alpha158_csi300_custom_step0_s_20260525_15,365305ddccab4dd98caceea45e43960a,0.059,,,
1155,2026-05-25,SH601818,-0.07890272085660972,EXP_DEnsembleModel_Alpha158_csi300_custom_step0_s_20260525_15,365305ddccab4dd98caceea45e43960a,0.059,,,
1156,2026-05-25,SH601816,-0.09980256973803235,EXP_DEnsembleModel_Alpha158_csi300_custom_step0_s_20260525_15,365305ddccab4dd98caceea45e43960a,0.059,,,
1157,2026-05-25,SH601808,0.007183728472219348,EXP_DEnsembleModel_Alpha158_csi300_custom_step0_s_20260525_15,365305ddccab4dd98caceea45e43960a,0.059,,,
1158,2026-05-25,SH601800,0.005781362075766399,EXP_DEnsembleModel_Alpha158_csi300_custom_step0_s_20260525_15,365305ddccab4dd98caceea45e43960a,0.059,,,
1159,2026-05-25,SH601377,-0.05218121637094612,EXP_DEnsembleModel_Alpha158_csi300_custom_step0_s_20260525_15,365305ddccab4dd98caceea45e43960a,0.059,,,
1160,2026-05-25,SH601360,0.1483079347164643,EXP_DEnsembleModel_Alpha158_csi300_custom_step0_s_20260525_15,365305ddccab4dd98caceea45e43960a,0.059,,,
1161,2026-05-25,SH601336,0.016270478161153564,EXP_DEnsembleModel_Alpha158_csi300_custom_step0_s_20260525_15,365305ddccab4dd98caceea45e43960a,0.059,,,
1162,2026-05-25,SH601328,-0.06926271051629788,EXP_DEnsembleModel_Alpha158_csi300_custom_step0_s_20260525_15,365305ddccab4dd98caceea45e43960a,0.059,,,
1163,2026-05-25,SH601077,-0.012989945646954843,EXP_DEnsembleModel_Alpha158_csi300_custom_step0_s_20260525_15,365305ddccab4dd98caceea45e43960a,0.059,,,
1164,2026-05-25,SH601066,0.09189441634375317,EXP_DEnsembleModel_Alpha158_csi300_custom_step0_s_20260525_15,365305ddccab4dd98caceea45e43960a,0.059,,,
1165,2026-05-25,SH601059,0.008936072734317523,EXP_DEnsembleModel_Alpha158_csi300_custom_step0_s_20260525_15,365305ddccab4dd98caceea45e43960a,0.059,,,
1166,2026-05-25,SH601058,0.018360470580604984,EXP_DEnsembleModel_Alpha158_csi300_custom_step0_s_20260525_15,365305ddccab4dd98caceea45e43960a,0.059,,,
1167,2026-05-25,SH601021,-0.030594491008009823,EXP_DEnsembleModel_Alpha158_csi300_custom_step0_s_20260525_15,365305ddccab4dd98caceea45e43960a,0.059,,,
1168,2026-05-25,SH601018,-0.10337533344500666,EXP_DEnsembleModel_Alpha158_csi300_custom_step0_s_20260525_15,365305ddccab4dd98caceea45e43960a,0.059,,,
1169,2026-05-25,SH601012,0.05789902635802013,EXP_DEnsembleModel_Alpha158_csi300_custom_step0_s_20260525_15,365305ddccab4dd98caceea45e43960a,0.059,,,
1170,2026-05-25,SH601009,-0.08915722608096457,EXP_DEnsembleModel_Alpha158_csi300_custom_step0_s_20260525_15,365305ddccab4dd98caceea45e43960a,0.059,,,
1171,2026-05-25,SH601006,-0.04657973353578196,EXP_DEnsembleModel_Alpha158_csi300_custom_step0_s_20260525_15,365305ddccab4dd98caceea45e43960a,0.059,,,
1172,2026-05-25,SH600999,0.01859122258098449,EXP_DEnsembleModel_Alpha158_csi300_custom_step0_s_20260525_15,365305ddccab4dd98caceea45e43960a,0.059,,,
1173,2026-05-25,SH600989,0.08306709900529761,EXP_DEnsembleModel_Alpha158_csi300_custom_step0_s_20260525_15,365305ddccab4dd98caceea45e43960a,0.059,,,
1174,2026-05-25,SH600958,0.07080376348510499,EXP_DEnsembleModel_Alpha158_csi300_custom_step0_s_20260525_15,365305ddccab4dd98caceea45e43960a,0.059,,,
1175,2026-05-25,SH600941,0.01849061145814944,EXP_DEnsembleModel_Alpha158_csi300_custom_step0_s_20260525_15,365305ddccab4dd98caceea45e43960a,0.059,,,
1176,2026-05-25,SH600938,0.056812001892568985,EXP_DEnsembleModel_Alpha158_csi300_custom_step0_s_20260525_15,365305ddccab4dd98caceea45e43960a,0.059,,,
1177,2026-05-25,SH600930,0.00047462414816545033,EXP_DEnsembleModel_Alpha158_csi300_custom_step0_s_20260525_15,365305ddccab4dd98caceea45e43960a,0.059,,,
1178,2026-05-25,SH601088,0.07641220611518039,EXP_DEnsembleModel_Alpha158_csi300_custom_step0_s_20260525_15,365305ddccab4dd98caceea45e43960a,0.059,,,
1179,2026-05-25,SH600919,-0.029732314029739384,EXP_DEnsembleModel_Alpha158_csi300_custom_step0_s_20260525_15,365305ddccab4dd98caceea45e43960a,0.059,,,
1180,2026-05-25,SH601100,0.049752561151020884,EXP_DEnsembleModel_Alpha158_csi300_custom_step0_s_20260525_15,365305ddccab4dd98caceea45e43960a,0.059,,,
1181,2026-05-25,SH601117,0.004950244537165073,EXP_DEnsembleModel_Alpha158_csi300_custom_step0_s_20260525_15,365305ddccab4dd98caceea45e43960a,0.059,,,
1182,2026-05-25,SH601319,0.021753725283945105,EXP_DEnsembleModel_Alpha158_csi300_custom_step0_s_20260525_15,365305ddccab4dd98caceea45e43960a,0.059,,,
1183,2026-05-25,SH601318,-0.0503753175913184,EXP_DEnsembleModel_Alpha158_csi300_custom_step0_s_20260525_15,365305ddccab4dd98caceea45e43960a,0.059,,,
1184,2026-05-25,SH601298,-0.01185089637827728,EXP_DEnsembleModel_Alpha158_csi300_custom_step0_s_20260525_15,365305ddccab4dd98caceea45e43960a,0.059,,,
1185,2026-05-25,SH601288,-0.044975353782351894,EXP_DEnsembleModel_Alpha158_csi300_custom_step0_s_20260525_15,365305ddccab4dd98caceea45e43960a,0.059,,,
1186,2026-05-25,SH601238,-0.03139239863790225,EXP_DEnsembleModel_Alpha158_csi300_custom_step0_s_20260525_15,365305ddccab4dd98caceea45e43960a,0.059,,,
1187,2026-05-25,SH601236,-0.023097468872005793,EXP_DEnsembleModel_Alpha158_csi300_custom_step0_s_20260525_15,365305ddccab4dd98caceea45e43960a,0.059,,,
1188,2026-05-25,SH601229,-0.09177317457542251,EXP_DEnsembleModel_Alpha158_csi300_custom_step0_s_20260525_15,365305ddccab4dd98caceea45e43960a,0.059,,,
1189,2026-05-25,SH601225,0.06699257362621906,EXP_DEnsembleModel_Alpha158_csi300_custom_step0_s_20260525_15,365305ddccab4dd98caceea45e43960a,0.059,,,
1190,2026-05-25,SH601211,-0.07467625597253362,EXP_DEnsembleModel_Alpha158_csi300_custom_step0_s_20260525_15,365305ddccab4dd98caceea45e43960a,0.059,,,
1191,2026-05-25,SH601186,-0.09277013065091302,EXP_DEnsembleModel_Alpha158_csi300_custom_step0_s_20260525_15,365305ddccab4dd98caceea45e43960a,0.059,,,
1192,2026-05-25,SH601169,-0.11810736837938075,EXP_DEnsembleModel_Alpha158_csi300_custom_step0_s_20260525_15,365305ddccab4dd98caceea45e43960a,0.059,,,
1193,2026-05-25,SH601166,-0.06119225374776779,EXP_DEnsembleModel_Alpha158_csi300_custom_step0_s_20260525_15,365305ddccab4dd98caceea45e43960a,0.059,,,
1194,2026-05-25,SH601138,-0.021338035303604345,EXP_DEnsembleModel_Alpha158_csi300_custom_step0_s_20260525_15,365305ddccab4dd98caceea45e43960a,0.059,,,
1195,2026-05-25,SH601136,0.014805014030178766,EXP_DEnsembleModel_Alpha158_csi300_custom_step0_s_20260525_15,365305ddccab4dd98caceea45e43960a,0.059,,,
1196,2026-05-25,SH601127,-0.031184901064103522,EXP_DEnsembleModel_Alpha158_csi300_custom_step0_s_20260525_15,365305ddccab4dd98caceea45e43960a,0.059,,,
1197,2026-05-25,SH601111,-0.047131873044027696,EXP_DEnsembleModel_Alpha158_csi300_custom_step0_s_20260525_15,365305ddccab4dd98caceea45e43960a,0.059,,,
1198,2026-05-25,SH600009,-0.015215522753353016,EXP_DEnsembleModel_Alpha158_csi300_custom_step0_s_20260525_15,3ae65ff58f274d38bdf15ad763968a84,0.066,,,
1199,2026-05-25,SZ302132,-0.1130601316690445,EXP_LinearModel_Alpha158_csi300_custom_step0_s_20260525_15,18fd3fe0528d4f2a8dd5eb65dbec08a8,0.087,,,
1200,2026-05-25,SH600009,-0.02063307911157608,EXP_LinearModel_Alpha158_csi300_custom_step0_s_20260525_15,e51d6b7ee8c24470a57211d7842c1378,0.021,,,
1201,2026-05-25,SZ000596,-0.028435010462999344,EXP_XGBModel_Alpha158_csi300_custom_step0_s_20260525_15,faea0b44b6e645a68f948067aea3d07b,0.057,,,
1202,2026-05-25,SZ000568,-0.026852337643504143,EXP_XGBModel_Alpha158_csi300_custom_step0_s_20260525_15,faea0b44b6e645a68f948067aea3d07b,0.057,,,
1203,2026-05-25,SZ000538,0.010628104209899902,EXP_XGBModel_Alpha158_csi300_custom_step0_s_20260525_15,faea0b44b6e645a68f948067aea3d07b,0.057,,,
1204,2026-05-25,SZ000425,-0.03812173381447792,EXP_XGBModel_Alpha158_csi300_custom_step0_s_20260525_15,faea0b44b6e645a68f948067aea3d07b,0.057,,,
1205,2026-05-25,SZ000408,-0.026318136602640152,EXP_XGBModel_Alpha158_csi300_custom_step0_s_20260525_15,faea0b44b6e645a68f948067aea3d07b,0.057,,,
1206,2026-05-25,SZ000338,0.046296533197164536,EXP_XGBModel_Alpha158_csi300_custom_step0_s_20260525_15,faea0b44b6e645a68f948067aea3d07b,0.057,,,
1207,2026-05-25,SZ000617,-0.00964286457747221,EXP_XGBModel_Alpha158_csi300_custom_step0_s_20260525_15,faea0b44b6e645a68f948067aea3d07b,0.057,,,
1208,2026-05-25,SZ000333,0.023310886695981026,EXP_XGBModel_Alpha158_csi300_custom_step0_s_20260525_15,faea0b44b6e645a68f948067aea3d07b,0.057,,,
1209,2026-05-25,SZ000166,-0.017617421224713326,EXP_XGBModel_Alpha158_csi300_custom_step0_s_20260525_15,faea0b44b6e645a68f948067aea3d07b,0.057,,,
1210,2026-05-25,SZ000157,-0.04241567850112915,EXP_XGBModel_Alpha158_csi300_custom_step0_s_20260525_15,faea0b44b6e645a68f948067aea3d07b,0.057,,,
1211,2026-05-25,SZ000100,-0.01788984052836895,EXP_XGBModel_Alpha158_csi300_custom_step0_s_20260525_15,faea0b44b6e645a68f948067aea3d07b,0.057,,,
1212,2026-05-25,SZ000063,-0.0072344886139035225,EXP_XGBModel_Alpha158_csi300_custom_step0_s_20260525_15,faea0b44b6e645a68f948067aea3d07b,0.057,,,
1213,2026-05-25,SZ000002,-0.0403931550681591,EXP_XGBModel_Alpha158_csi300_custom_step0_s_20260525_15,faea0b44b6e645a68f948067aea3d07b,0.057,,,
1214,2026-05-25,SZ000001,-0.01399112306535244,EXP_XGBModel_Alpha158_csi300_custom_step0_s_20260525_15,faea0b44b6e645a68f948067aea3d07b,0.057,,,
1215,2026-05-25,SZ000301,-0.010841571725904942,EXP_XGBModel_Alpha158_csi300_custom_step0_s_20260525_15,faea0b44b6e645a68f948067aea3d07b,0.057,,,
1216,2026-05-25,SZ000625,-0.004290549550205469,EXP_XGBModel_Alpha158_csi300_custom_step0_s_20260525_15,faea0b44b6e645a68f948067aea3d07b,0.057,,,
1217,2026-05-25,SZ000630,-0.009287454187870026,EXP_XGBModel_Alpha158_csi300_custom_step0_s_20260525_15,faea0b44b6e645a68f948067aea3d07b,0.057,,,
1218,2026-05-25,SZ000651,-0.011603533290326595,EXP_XGBModel_Alpha158_csi300_custom_step0_s_20260525_15,faea0b44b6e645a68f948067aea3d07b,0.057,,,
1219,2026-05-25,SZ000977,-0.030701350420713425,EXP_XGBModel_Alpha158_csi300_custom_step0_s_20260525_15,faea0b44b6e645a68f948067aea3d07b,0.057,,,
1220,2026-05-25,SZ000975,-0.04888654872775078,EXP_XGBModel_Alpha158_csi300_custom_step0_s_20260525_15,faea0b44b6e645a68f948067aea3d07b,0.057,,,
1221,2026-05-25,SZ000963,0.002793175633996725,EXP_XGBModel_Alpha158_csi300_custom_step0_s_20260525_15,faea0b44b6e645a68f948067aea3d07b,0.057,,,
1222,2026-05-25,SZ000938,-0.014377310872077942,EXP_XGBModel_Alpha158_csi300_custom_step0_s_20260525_15,faea0b44b6e645a68f948067aea3d07b,0.057,,,
1223,2026-05-25,SZ000895,0.011735095642507076,EXP_XGBModel_Alpha158_csi300_custom_step0_s_20260525_15,faea0b44b6e645a68f948067aea3d07b,0.057,,,
1224,2026-05-25,SZ000876,-0.004233717918395996,EXP_XGBModel_Alpha158_csi300_custom_step0_s_20260525_15,faea0b44b6e645a68f948067aea3d07b,0.057,,,
1225,2026-05-25,SZ000858,-0.012034132145345211,EXP_XGBModel_Alpha158_csi300_custom_step0_s_20260525_15,faea0b44b6e645a68f948067aea3d07b,0.057,,,
1226,2026-05-25,SZ000807,0.0038100823294371367,EXP_XGBModel_Alpha158_csi300_custom_step0_s_20260525_15,faea0b44b6e645a68f948067aea3d07b,0.057,,,
1227,2026-05-25,SZ000792,-0.032244712114334106,EXP_XGBModel_Alpha158_csi300_custom_step0_s_20260525_15,faea0b44b6e645a68f948067aea3d07b,0.057,,,
1228,2026-05-25,SZ000786,-0.04141871631145477,EXP_XGBModel_Alpha158_csi300_custom_step0_s_20260525_15,faea0b44b6e645a68f948067aea3d07b,0.057,,,
1229,2026-05-25,SZ000776,-0.022609693929553032,EXP_XGBModel_Alpha158_csi300_custom_step0_s_20260525_15,faea0b44b6e645a68f948067aea3d07b,0.057,,,
1230,2026-05-25,SZ000768,-0.03772277384996414,EXP_XGBModel_Alpha158_csi300_custom_step0_s_20260525_15,faea0b44b6e645a68f948067aea3d07b,0.057,,,
1231,2026-05-25,SZ000725,0.06823897361755371,EXP_XGBModel_Alpha158_csi300_custom_step0_s_20260525_15,faea0b44b6e645a68f948067aea3d07b,0.057,,,
1232,2026-05-25,SZ000708,-0.009789914824068546,EXP_XGBModel_Alpha158_csi300_custom_step0_s_20260525_15,faea0b44b6e645a68f948067aea3d07b,0.057,,,
1233,2026-05-25,SZ000661,-0.034559011459350586,EXP_XGBModel_Alpha158_csi300_custom_step0_s_20260525_15,faea0b44b6e645a68f948067aea3d07b,0.057,,,
1234,2026-05-25,SH688981,0.17310719192028046,EXP_XGBModel_Alpha158_csi300_custom_step0_s_20260525_15,faea0b44b6e645a68f948067aea3d07b,0.057,,,
1235,2026-05-25,SH688506,0.0013317711418494582,EXP_XGBModel_Alpha158_csi300_custom_step0_s_20260525_15,faea0b44b6e645a68f948067aea3d07b,0.057,,,
1236,2026-05-25,SH688472,-0.039524879306554794,EXP_XGBModel_Alpha158_csi300_custom_step0_s_20260525_15,faea0b44b6e645a68f948067aea3d07b,0.057,,,
1237,2026-05-25,SH688396,0.09098397195339203,EXP_XGBModel_Alpha158_csi300_custom_step0_s_20260525_15,faea0b44b6e645a68f948067aea3d07b,0.057,,,
1238,2026-05-25,SH603893,-0.032518334686756134,EXP_XGBModel_Alpha158_csi300_custom_step0_s_20260525_15,faea0b44b6e645a68f948067aea3d07b,0.057,,,
1239,2026-05-25,SH603799,-0.032502371817827225,EXP_XGBModel_Alpha158_csi300_custom_step0_s_20260525_15,faea0b44b6e645a68f948067aea3d07b,0.057,,,
1240,2026-05-25,SH603501,-0.03914500027894974,EXP_XGBModel_Alpha158_csi300_custom_step0_s_20260525_15,faea0b44b6e645a68f948067aea3d07b,0.057,,,
1241,2026-05-25,SH603392,-0.07999653369188309,EXP_XGBModel_Alpha158_csi300_custom_step0_s_20260525_15,faea0b44b6e645a68f948067aea3d07b,0.057,,,
1242,2026-05-25,SH603369,-0.009581062942743301,EXP_XGBModel_Alpha158_csi300_custom_step0_s_20260525_15,faea0b44b6e645a68f948067aea3d07b,0.057,,,
1243,2026-05-25,SH603296,-0.029868267476558685,EXP_XGBModel_Alpha158_csi300_custom_step0_s_20260525_15,faea0b44b6e645a68f948067aea3d07b,0.057,,,
1244,2026-05-25,SH603288,-0.03417756035923958,EXP_XGBModel_Alpha158_csi300_custom_step0_s_20260525_15,faea0b44b6e645a68f948067aea3d07b,0.057,,,
1245,2026-05-25,SH603260,-0.026086151599884033,EXP_XGBModel_Alpha158_csi300_custom_step0_s_20260525_15,faea0b44b6e645a68f948067aea3d07b,0.057,,,
1246,2026-05-25,SH603259,-0.0146564319729805,EXP_XGBModel_Alpha158_csi300_custom_step0_s_20260525_15,faea0b44b6e645a68f948067aea3d07b,0.057,,,
1247,2026-05-25,SH603195,0.021568458527326584,EXP_XGBModel_Alpha158_csi300_custom_step0_s_20260525_15,faea0b44b6e645a68f948067aea3d07b,0.057,,,
1248,2026-05-25,SH603019,-0.032257307320833206,EXP_XGBModel_Alpha158_csi300_custom_step0_s_20260525_15,faea0b44b6e645a68f948067aea3d07b,0.057,,,
1249,2026-05-25,SH601998,0.0012651152210310102,EXP_XGBModel_Alpha158_csi300_custom_step0_s_20260525_15,faea0b44b6e645a68f948067aea3d07b,0.057,,,
1250,2026-05-25,SH601995,0.046599503606557846,EXP_XGBModel_Alpha158_csi300_custom_step0_s_20260525_15,faea0b44b6e645a68f948067aea3d07b,0.057,,,
1251,2026-05-25,SH601988,0.08502627164125443,EXP_XGBModel_Alpha158_csi300_custom_step0_s_20260525_15,faea0b44b6e645a68f948067aea3d07b,0.057,,,
1252,2026-05-25,SH601985,-0.039498526602983475,EXP_XGBModel_Alpha158_csi300_custom_step0_s_20260525_15,faea0b44b6e645a68f948067aea3d07b,0.057,,,
1253,2026-05-25,SH603986,-0.3050958216190338,EXP_XGBModel_Alpha158_csi300_custom_step0_s_20260525_15,faea0b44b6e645a68f948067aea3d07b,0.057,,,
1254,2026-05-25,SZ000983,-0.02218618243932724,EXP_XGBModel_Alpha158_csi300_custom_step0_s_20260525_15,faea0b44b6e645a68f948067aea3d07b,0.057,,,
1255,2026-05-25,SH603993,-0.06743959337472916,EXP_XGBModel_Alpha158_csi300_custom_step0_s_20260525_15,faea0b44b6e645a68f948067aea3d07b,0.057,,,
1256,2026-05-25,SH605499,-0.01286978367716074,EXP_XGBModel_Alpha158_csi300_custom_step0_s_20260525_15,faea0b44b6e645a68f948067aea3d07b,0.057,,,
1257,2026-05-25,SH688303,-0.02197069302201271,EXP_XGBModel_Alpha158_csi300_custom_step0_s_20260525_15,faea0b44b6e645a68f948067aea3d07b,0.057,,,
1258,2026-05-25,SH688271,-0.04466819390654564,EXP_XGBModel_Alpha158_csi300_custom_step0_s_20260525_15,faea0b44b6e645a68f948067aea3d07b,0.057,,,
1259,2026-05-25,SH688256,-0.12687784433364868,EXP_XGBModel_Alpha158_csi300_custom_step0_s_20260525_15,faea0b44b6e645a68f948067aea3d07b,0.057,,,
1260,2026-05-25,SH688223,-0.05049380660057068,EXP_XGBModel_Alpha158_csi300_custom_step0_s_20260525_15,faea0b44b6e645a68f948067aea3d07b,0.057,,,
1261,2026-05-25,SH688187,0.002458336064592004,EXP_XGBModel_Alpha158_csi300_custom_step0_s_20260525_15,faea0b44b6e645a68f948067aea3d07b,0.057,,,
1262,2026-05-25,SH688169,-0.06139356642961502,EXP_XGBModel_Alpha158_csi300_custom_step0_s_20260525_15,faea0b44b6e645a68f948067aea3d07b,0.057,,,
1263,2026-05-25,SH688126,-0.313128799200058,EXP_XGBModel_Alpha158_csi300_custom_step0_s_20260525_15,faea0b44b6e645a68f948067aea3d07b,0.057,,,
1264,2026-05-25,SH688111,-0.030642742291092873,EXP_XGBModel_Alpha158_csi300_custom_step0_s_20260525_15,faea0b44b6e645a68f948067aea3d07b,0.057,,,
1265,2026-05-25,SH688082,-0.6285976767539978,EXP_XGBModel_Alpha158_csi300_custom_step0_s_20260525_15,faea0b44b6e645a68f948067aea3d07b,0.057,,,
1266,2026-05-25,SH688047,-0.029441947117447853,EXP_XGBModel_Alpha158_csi300_custom_step0_s_20260525_15,faea0b44b6e645a68f948067aea3d07b,0.057,,,
1267,2026-05-25,SH688041,-0.12053379416465759,EXP_XGBModel_Alpha158_csi300_custom_step0_s_20260525_15,faea0b44b6e645a68f948067aea3d07b,0.057,,,
1268,2026-05-25,SH688036,-0.11539801955223083,EXP_XGBModel_Alpha158_csi300_custom_step0_s_20260525_15,faea0b44b6e645a68f948067aea3d07b,0.057,,,
1269,2026-05-25,SH688012,-0.06370564550161362,EXP_XGBModel_Alpha158_csi300_custom_step0_s_20260525_15,faea0b44b6e645a68f948067aea3d07b,0.057,,,
1270,2026-05-25,SH688009,-0.08068496733903885,EXP_XGBModel_Alpha158_csi300_custom_step0_s_20260525_15,faea0b44b6e645a68f948067aea3d07b,0.057,,,
1271,2026-05-25,SH688008,-0.41334235668182373,EXP_XGBModel_Alpha158_csi300_custom_step0_s_20260525_15,faea0b44b6e645a68f948067aea3d07b,0.057,,,
1272,2026-05-25,SH605117,-0.06504417955875397,EXP_XGBModel_Alpha158_csi300_custom_step0_s_20260525_15,faea0b44b6e645a68f948067aea3d07b,0.057,,,
1273,2026-05-25,SH601939,0.018011493608355522,EXP_XGBModel_Alpha158_csi300_custom_step0_s_20260525_15,faea0b44b6e645a68f948067aea3d07b,0.057,,,
1274,2026-05-25,SZ000999,0.00024606892839074135,EXP_XGBModel_Alpha158_csi300_custom_step0_s_20260525_15,faea0b44b6e645a68f948067aea3d07b,0.057,,,
1275,2026-05-25,SZ001965,0.04018571227788925,EXP_XGBModel_Alpha158_csi300_custom_step0_s_20260525_15,faea0b44b6e645a68f948067aea3d07b,0.057,,,
1276,2026-05-25,SZ300413,-0.02780815213918686,EXP_XGBModel_Alpha158_csi300_custom_step0_s_20260525_15,faea0b44b6e645a68f948067aea3d07b,0.057,,,
1277,2026-05-25,SZ300408,-0.1369263231754303,EXP_XGBModel_Alpha158_csi300_custom_step0_s_20260525_15,faea0b44b6e645a68f948067aea3d07b,0.057,,,
1278,2026-05-25,SZ300394,0.0475030355155468,EXP_XGBModel_Alpha158_csi300_custom_step0_s_20260525_15,faea0b44b6e645a68f948067aea3d07b,0.057,,,
1279,2026-05-25,SZ300347,-0.035031531006097794,EXP_XGBModel_Alpha158_csi300_custom_step0_s_20260525_15,faea0b44b6e645a68f948067aea3d07b,0.057,,,
1280,2026-05-25,SZ300316,0.16799341142177582,EXP_XGBModel_Alpha158_csi300_custom_step0_s_20260525_15,faea0b44b6e645a68f948067aea3d07b,0.057,,,
1281,2026-05-25,SZ300308,0.3349887728691101,EXP_XGBModel_Alpha158_csi300_custom_step0_s_20260525_15,faea0b44b6e645a68f948067aea3d07b,0.057,,,
1282,2026-05-25,SZ300418,-0.043733540922403336,EXP_XGBModel_Alpha158_csi300_custom_step0_s_20260525_15,faea0b44b6e645a68f948067aea3d07b,0.057,,,
1283,2026-05-25,SZ300274,0.026255687698721886,EXP_XGBModel_Alpha158_csi300_custom_step0_s_20260525_15,faea0b44b6e645a68f948067aea3d07b,0.057,,,
1284,2026-05-25,SZ300124,-0.007927931845188141,EXP_XGBModel_Alpha158_csi300_custom_step0_s_20260525_15,faea0b44b6e645a68f948067aea3d07b,0.057,,,
1285,2026-05-25,SZ300122,-0.09101150929927826,EXP_XGBModel_Alpha158_csi300_custom_step0_s_20260525_15,faea0b44b6e645a68f948067aea3d07b,0.057,,,
1286,2026-05-25,SZ300059,-0.032469410449266434,EXP_XGBModel_Alpha158_csi300_custom_step0_s_20260525_15,faea0b44b6e645a68f948067aea3d07b,0.057,,,
1287,2026-05-25,SZ300033,-0.04560210183262825,EXP_XGBModel_Alpha158_csi300_custom_step0_s_20260525_15,faea0b44b6e645a68f948067aea3d07b,0.057,,,
1288,2026-05-25,SZ300015,-0.04382496699690819,EXP_XGBModel_Alpha158_csi300_custom_step0_s_20260525_15,faea0b44b6e645a68f948067aea3d07b,0.057,,,
1289,2026-05-25,SZ300014,-0.008917607367038727,EXP_XGBModel_Alpha158_csi300_custom_step0_s_20260525_15,faea0b44b6e645a68f948067aea3d07b,0.057,,,
1290,2026-05-25,SZ300251,-0.06711535155773163,EXP_XGBModel_Alpha158_csi300_custom_step0_s_20260525_15,faea0b44b6e645a68f948067aea3d07b,0.057,,,
1291,2026-05-25,SZ300433,0.2978217601776123,EXP_XGBModel_Alpha158_csi300_custom_step0_s_20260525_15,faea0b44b6e645a68f948067aea3d07b,0.057,,,
1292,2026-05-25,SZ300442,-0.07108768820762634,EXP_XGBModel_Alpha158_csi300_custom_step0_s_20260525_15,faea0b44b6e645a68f948067aea3d07b,0.057,,,
1293,2026-05-25,SZ300476,-0.2752457857131958,EXP_XGBModel_Alpha158_csi300_custom_step0_s_20260525_15,faea0b44b6e645a68f948067aea3d07b,0.057,,,
1294,2026-05-25,SZ301236,-0.03541009500622749,EXP_XGBModel_Alpha158_csi300_custom_step0_s_20260525_15,faea0b44b6e645a68f948067aea3d07b,0.057,,,
1295,2026-05-25,SZ300999,-0.03501248359680176,EXP_XGBModel_Alpha158_csi300_custom_step0_s_20260525_15,faea0b44b6e645a68f948067aea3d07b,0.057,,,
1296,2026-05-25,SZ300979,-0.019541136920452118,EXP_XGBModel_Alpha158_csi300_custom_step0_s_20260525_15,faea0b44b6e645a68f948067aea3d07b,0.057,,,
1297,2026-05-25,SZ300896,-0.04082109406590462,EXP_XGBModel_Alpha158_csi300_custom_step0_s_20260525_15,faea0b44b6e645a68f948067aea3d07b,0.057,,,
1298,2026-05-25,SZ300866,0.014071780256927013,EXP_XGBModel_Alpha158_csi300_custom_step0_s_20260525_15,faea0b44b6e645a68f948067aea3d07b,0.057,,,
1299,2026-05-25,SZ300832,-0.025778625160455704,EXP_XGBModel_Alpha158_csi300_custom_step0_s_20260525_15,faea0b44b6e645a68f948067aea3d07b,0.057,,,
1300,2026-05-25,SZ300803,-0.05566567927598953,EXP_XGBModel_Alpha158_csi300_custom_step0_s_20260525_15,faea0b44b6e645a68f948067aea3d07b,0.057,,,
1301,2026-05-25,SZ300782,-0.04090869426727295,EXP_XGBModel_Alpha158_csi300_custom_step0_s_20260525_15,faea0b44b6e645a68f948067aea3d07b,0.057,,,
1302,2026-05-25,SZ300760,-0.035667456686496735,EXP_XGBModel_Alpha158_csi300_custom_step0_s_20260525_15,faea0b44b6e645a68f948067aea3d07b,0.057,,,
1303,2026-05-25,SZ300759,-0.011239860206842422,EXP_XGBModel_Alpha158_csi300_custom_step0_s_20260525_15,faea0b44b6e645a68f948067aea3d07b,0.057,,,
1304,2026-05-25,SZ300750,0.007379491813480854,EXP_XGBModel_Alpha158_csi300_custom_step0_s_20260525_15,faea0b44b6e645a68f948067aea3d07b,0.057,,,
1305,2026-05-25,SZ300661,-0.23329582810401917,EXP_XGBModel_Alpha158_csi300_custom_step0_s_20260525_15,faea0b44b6e645a68f948067aea3d07b,0.057,,,
1306,2026-05-25,SZ300628,-0.010972704738378525,EXP_XGBModel_Alpha158_csi300_custom_step0_s_20260525_15,faea0b44b6e645a68f948067aea3d07b,0.057,,,
1307,2026-05-25,SZ300502,-0.21852515637874603,EXP_XGBModel_Alpha158_csi300_custom_step0_s_20260525_15,faea0b44b6e645a68f948067aea3d07b,0.057,,,
1308,2026-05-25,SZ300498,-0.034341294318437576,EXP_XGBModel_Alpha158_csi300_custom_step0_s_20260525_15,faea0b44b6e645a68f948067aea3d07b,0.057,,,
1309,2026-05-25,SZ003816,-0.056382447481155396,EXP_XGBModel_Alpha158_csi300_custom_step0_s_20260525_15,faea0b44b6e645a68f948067aea3d07b,0.057,,,
1310,2026-05-25,SZ002938,-0.6792692542076111,EXP_XGBModel_Alpha158_csi300_custom_step0_s_20260525_15,faea0b44b6e645a68f948067aea3d07b,0.057,,,
1311,2026-05-25,SZ002920,-0.06974704563617706,EXP_XGBModel_Alpha158_csi300_custom_step0_s_20260525_15,faea0b44b6e645a68f948067aea3d07b,0.057,,,
1312,2026-05-25,SZ002916,-0.2098228931427002,EXP_XGBModel_Alpha158_csi300_custom_step0_s_20260525_15,faea0b44b6e645a68f948067aea3d07b,0.057,,,
1313,2026-05-25,SZ002311,-0.030942507088184357,EXP_XGBModel_Alpha158_csi300_custom_step0_s_20260525_15,faea0b44b6e645a68f948067aea3d07b,0.057,,,
1314,2026-05-25,SZ002304,-0.03235597163438797,EXP_XGBModel_Alpha158_csi300_custom_step0_s_20260525_15,faea0b44b6e645a68f948067aea3d07b,0.057,,,
1315,2026-05-25,SZ002252,-0.030660761520266533,EXP_XGBModel_Alpha158_csi300_custom_step0_s_20260525_15,faea0b44b6e645a68f948067aea3d07b,0.057,,,
1316,2026-05-25,SZ002241,0.018676912412047386,EXP_XGBModel_Alpha158_csi300_custom_step0_s_20260525_15,faea0b44b6e645a68f948067aea3d07b,0.057,,,
1317,2026-05-25,SZ002236,0.022730832919478416,EXP_XGBModel_Alpha158_csi300_custom_step0_s_20260525_15,faea0b44b6e645a68f948067aea3d07b,0.057,,,
1318,2026-05-25,SZ002230,-0.029264751821756363,EXP_XGBModel_Alpha158_csi300_custom_step0_s_20260525_15,faea0b44b6e645a68f948067aea3d07b,0.057,,,
1319,2026-05-25,SZ002179,-0.029063668102025986,EXP_XGBModel_Alpha158_csi300_custom_step0_s_20260525_15,faea0b44b6e645a68f948067aea3d07b,0.057,,,
1320,2026-05-25,SZ002142,0.02184077352285385,EXP_XGBModel_Alpha158_csi300_custom_step0_s_20260525_15,faea0b44b6e645a68f948067aea3d07b,0.057,,,
1321,2026-05-25,SZ002074,-0.020018232986330986,EXP_XGBModel_Alpha158_csi300_custom_step0_s_20260525_15,faea0b44b6e645a68f948067aea3d07b,0.057,,,
1322,2026-05-25,SZ002050,-0.01515146717429161,EXP_XGBModel_Alpha158_csi300_custom_step0_s_20260525_15,faea0b44b6e645a68f948067aea3d07b,0.057,,,
1323,2026-05-25,SZ002049,0.02204792946577072,EXP_XGBModel_Alpha158_csi300_custom_step0_s_20260525_15,faea0b44b6e645a68f948067aea3d07b,0.057,,,
1324,2026-05-25,SZ002028,-0.025591520592570305,EXP_XGBModel_Alpha158_csi300_custom_step0_s_20260525_15,faea0b44b6e645a68f948067aea3d07b,0.057,,,
1325,2026-05-25,SZ002027,-0.005561536643654108,EXP_XGBModel_Alpha158_csi300_custom_step0_s_20260525_15,faea0b44b6e645a68f948067aea3d07b,0.057,,,
1326,2026-05-25,SZ002001,-0.017369301989674568,EXP_XGBModel_Alpha158_csi300_custom_step0_s_20260525_15,faea0b44b6e645a68f948067aea3d07b,0.057,,,
1327,2026-05-25,SZ001979,-0.10907642543315887,EXP_XGBModel_Alpha158_csi300_custom_step0_s_20260525_15,faea0b44b6e645a68f948067aea3d07b,0.057,,,
1328,2026-05-25,SZ002352,0.026683520525693893,EXP_XGBModel_Alpha158_csi300_custom_step0_s_20260525_15,faea0b44b6e645a68f948067aea3d07b,0.057,,,
1329,2026-05-25,SZ001391,0.009542129002511501,EXP_XGBModel_Alpha158_csi300_custom_step0_s_20260525_15,faea0b44b6e645a68f948067aea3d07b,0.057,,,
1330,2026-05-25,SZ002371,-0.14642217755317688,EXP_XGBModel_Alpha158_csi300_custom_step0_s_20260525_15,faea0b44b6e645a68f948067aea3d07b,0.057,,,
1331,2026-05-25,SZ002415,-0.029949558898806572,EXP_XGBModel_Alpha158_csi300_custom_step0_s_20260525_15,faea0b44b6e645a68f948067aea3d07b,0.057,,,
1332,2026-05-25,SZ002736,-0.02125803753733635,EXP_XGBModel_Alpha158_csi300_custom_step0_s_20260525_15,faea0b44b6e645a68f948067aea3d07b,0.057,,,
1333,2026-05-25,SZ002714,-0.0139851663261652,EXP_XGBModel_Alpha158_csi300_custom_step0_s_20260525_15,faea0b44b6e645a68f948067aea3d07b,0.057,,,
1334,2026-05-25,SZ002709,-0.0066557032987475395,EXP_XGBModel_Alpha158_csi300_custom_step0_s_20260525_15,faea0b44b6e645a68f948067aea3d07b,0.057,,,
1335,2026-05-25,SZ002648,-0.027128925547003746,EXP_XGBModel_Alpha158_csi300_custom_step0_s_20260525_15,faea0b44b6e645a68f948067aea3d07b,0.057,,,
1336,2026-05-25,SZ002625,0.11735446006059647,EXP_XGBModel_Alpha158_csi300_custom_step0_s_20260525_15,faea0b44b6e645a68f948067aea3d07b,0.057,,,
1337,2026-05-25,SZ002601,-0.05182685703039169,EXP_XGBModel_Alpha158_csi300_custom_step0_s_20260525_15,faea0b44b6e645a68f948067aea3d07b,0.057,,,
1338,2026-05-25,SZ002600,-0.07701699435710907,EXP_XGBModel_Alpha158_csi300_custom_step0_s_20260525_15,faea0b44b6e645a68f948067aea3d07b,0.057,,,
1339,2026-05-25,SZ002594,-0.02233036980032921,EXP_XGBModel_Alpha158_csi300_custom_step0_s_20260525_15,faea0b44b6e645a68f948067aea3d07b,0.057,,,
1340,2026-05-25,SZ002493,-0.1387150138616562,EXP_XGBModel_Alpha158_csi300_custom_step0_s_20260525_15,faea0b44b6e645a68f948067aea3d07b,0.057,,,
1341,2026-05-25,SZ002475,-0.1026274561882019,EXP_XGBModel_Alpha158_csi300_custom_step0_s_20260525_15,faea0b44b6e645a68f948067aea3d07b,0.057,,,
1342,2026-05-25,SZ002466,-0.00967000238597393,EXP_XGBModel_Alpha158_csi300_custom_step0_s_20260525_15,faea0b44b6e645a68f948067aea3d07b,0.057,,,
1343,2026-05-25,SZ002463,-0.26106366515159607,EXP_XGBModel_Alpha158_csi300_custom_step0_s_20260525_15,faea0b44b6e645a68f948067aea3d07b,0.057,,,
1344,2026-05-25,SZ002460,-0.019822588190436363,EXP_XGBModel_Alpha158_csi300_custom_step0_s_20260525_15,faea0b44b6e645a68f948067aea3d07b,0.057,,,
1345,2026-05-25,SZ002459,-0.031240351498126984,EXP_XGBModel_Alpha158_csi300_custom_step0_s_20260525_15,faea0b44b6e645a68f948067aea3d07b,0.057,,,
1346,2026-05-25,SZ002422,-0.02321319840848446,EXP_XGBModel_Alpha158_csi300_custom_step0_s_20260525_15,faea0b44b6e645a68f948067aea3d07b,0.057,,,
1347,2026-05-25,SZ002384,0.055378254503011703,EXP_XGBModel_Alpha158_csi300_custom_step0_s_20260525_15,faea0b44b6e645a68f948067aea3d07b,0.057,,,
1348,2026-05-25,SZ301269,0.003112180856987834,EXP_XGBModel_Alpha158_csi300_custom_step0_s_20260525_15,faea0b44b6e645a68f948067aea3d07b,0.057,,,
1349,2026-05-25,SH601919,0.002650223672389984,EXP_XGBModel_Alpha158_csi300_custom_step0_s_20260525_15,faea0b44b6e645a68f948067aea3d07b,0.057,,,
1350,2026-05-25,SH601901,0.042830098420381546,EXP_XGBModel_Alpha158_csi300_custom_step0_s_20260525_15,faea0b44b6e645a68f948067aea3d07b,0.057,,,
1351,2026-05-25,SH600547,0.004685191437602043,EXP_XGBModel_Alpha158_csi300_custom_step0_s_20260525_15,faea0b44b6e645a68f948067aea3d07b,0.057,,,
1352,2026-05-25,SH600522,0.1937670111656189,EXP_XGBModel_Alpha158_csi300_custom_step0_s_20260525_15,faea0b44b6e645a68f948067aea3d07b,0.057,,,
1353,2026-05-25,SH600519,0.00031597045017406344,EXP_XGBModel_Alpha158_csi300_custom_step0_s_20260525_15,faea0b44b6e645a68f948067aea3d07b,0.057,,,
1354,2026-05-25,SH600515,-0.0327678881585598,EXP_XGBModel_Alpha158_csi300_custom_step0_s_20260525_15,faea0b44b6e645a68f948067aea3d07b,0.057,,,
1355,2026-05-25,SH600489,-0.04447942227125168,EXP_XGBModel_Alpha158_csi300_custom_step0_s_20260525_15,faea0b44b6e645a68f948067aea3d07b,0.057,,,
1356,2026-05-25,SH600482,-0.058311767876148224,EXP_XGBModel_Alpha158_csi300_custom_step0_s_20260525_15,faea0b44b6e645a68f948067aea3d07b,0.057,,,
1357,2026-05-25,SH600570,-0.016132652759552002,EXP_XGBModel_Alpha158_csi300_custom_step0_s_20260525_15,faea0b44b6e645a68f948067aea3d07b,0.057,,,
1358,2026-05-25,SH600460,0.0037616670597344637,EXP_XGBModel_Alpha158_csi300_custom_step0_s_20260525_15,faea0b44b6e645a68f948067aea3d07b,0.057,,,
1359,2026-05-25,SH600436,-0.01934599131345749,EXP_XGBModel_Alpha158_csi300_custom_step0_s_20260525_15,faea0b44b6e645a68f948067aea3d07b,0.057,,,
1360,2026-05-25,SH600426,0.11528731882572174,EXP_XGBModel_Alpha158_csi300_custom_step0_s_20260525_15,faea0b44b6e645a68f948067aea3d07b,0.057,,,
1361,2026-05-25,SH600415,-0.06783012300729752,EXP_XGBModel_Alpha158_csi300_custom_step0_s_20260525_15,faea0b44b6e645a68f948067aea3d07b,0.057,,,
1362,2026-05-25,SH600406,-0.03210699185729027,EXP_XGBModel_Alpha158_csi300_custom_step0_s_20260525_15,faea0b44b6e645a68f948067aea3d07b,0.057,,,
1363,2026-05-25,SH600377,0.051024191081523895,EXP_XGBModel_Alpha158_csi300_custom_step0_s_20260525_15,faea0b44b6e645a68f948067aea3d07b,0.057,,,
1364,2026-05-25,SH600372,-0.042949650436639786,EXP_XGBModel_Alpha158_csi300_custom_step0_s_20260525_15,faea0b44b6e645a68f948067aea3d07b,0.057,,,
1365,2026-05-25,SH600438,-0.021082846447825432,EXP_XGBModel_Alpha158_csi300_custom_step0_s_20260525_15,faea0b44b6e645a68f948067aea3d07b,0.057,,,
1366,2026-05-25,SH600584,-0.1622237265110016,EXP_XGBModel_Alpha158_csi300_custom_step0_s_20260525_15,faea0b44b6e645a68f948067aea3d07b,0.057,,,
1367,2026-05-25,SH600585,-0.019689347594976425,EXP_XGBModel_Alpha158_csi300_custom_step0_s_20260525_15,faea0b44b6e645a68f948067aea3d07b,0.057,,,
1368,2026-05-25,SH600588,-0.03364517167210579,EXP_XGBModel_Alpha158_csi300_custom_step0_s_20260525_15,faea0b44b6e645a68f948067aea3d07b,0.057,,,
1369,2026-05-25,SH600900,0.05075123533606529,EXP_XGBModel_Alpha158_csi300_custom_step0_s_20260525_15,faea0b44b6e645a68f948067aea3d07b,0.057,,,
1370,2026-05-25,SH600893,-0.06767020374536514,EXP_XGBModel_Alpha158_csi300_custom_step0_s_20260525_15,faea0b44b6e645a68f948067aea3d07b,0.057,,,
1371,2026-05-25,SH600887,0.0012714223703369498,EXP_XGBModel_Alpha158_csi300_custom_step0_s_20260525_15,faea0b44b6e645a68f948067aea3d07b,0.057,,,
1372,2026-05-25,SH600886,0.04469186067581177,EXP_XGBModel_Alpha158_csi300_custom_step0_s_20260525_15,faea0b44b6e645a68f948067aea3d07b,0.057,,,
1373,2026-05-25,SH600875,-0.04358857870101929,EXP_XGBModel_Alpha158_csi300_custom_step0_s_20260525_15,faea0b44b6e645a68f948067aea3d07b,0.057,,,
1374,2026-05-25,SH600845,-0.020598743110895157,EXP_XGBModel_Alpha158_csi300_custom_step0_s_20260525_15,faea0b44b6e645a68f948067aea3d07b,0.057,,,
1375,2026-05-25,SH600809,-0.03683408349752426,EXP_XGBModel_Alpha158_csi300_custom_step0_s_20260525_15,faea0b44b6e645a68f948067aea3d07b,0.057,,,
1376,2026-05-25,SH600803,-0.06570406258106232,EXP_XGBModel_Alpha158_csi300_custom_step0_s_20260525_15,faea0b44b6e645a68f948067aea3d07b,0.057,,,
1377,2026-05-25,SH600795,0.017507050186395645,EXP_XGBModel_Alpha158_csi300_custom_step0_s_20260525_15,faea0b44b6e645a68f948067aea3d07b,0.057,,,
1378,2026-05-25,SH600760,-0.08512905240058899,EXP_XGBModel_Alpha158_csi300_custom_step0_s_20260525_15,faea0b44b6e645a68f948067aea3d07b,0.057,,,
1379,2026-05-25,SH600741,-0.0020037388894706964,EXP_XGBModel_Alpha158_csi300_custom_step0_s_20260525_15,faea0b44b6e645a68f948067aea3d07b,0.057,,,
1380,2026-05-25,SH600690,-0.04621119424700737,EXP_XGBModel_Alpha158_csi300_custom_step0_s_20260525_15,faea0b44b6e645a68f948067aea3d07b,0.057,,,
1381,2026-05-25,SH600674,-0.020847925916314125,EXP_XGBModel_Alpha158_csi300_custom_step0_s_20260525_15,faea0b44b6e645a68f948067aea3d07b,0.057,,,
1382,2026-05-25,SH600660,-0.01588406041264534,EXP_XGBModel_Alpha158_csi300_custom_step0_s_20260525_15,faea0b44b6e645a68f948067aea3d07b,0.057,,,
1383,2026-05-25,SH600600,0.03522901237010956,EXP_XGBModel_Alpha158_csi300_custom_step0_s_20260525_15,faea0b44b6e645a68f948067aea3d07b,0.057,,,
1384,2026-05-25,SH600362,-0.05543378368020058,EXP_XGBModel_Alpha158_csi300_custom_step0_s_20260525_15,faea0b44b6e645a68f948067aea3d07b,0.057,,,
1385,2026-05-25,SH600346,0.004563264083117247,EXP_XGBModel_Alpha158_csi300_custom_step0_s_20260525_15,faea0b44b6e645a68f948067aea3d07b,0.057,,,
1386,2026-05-25,SH600309,0.0018719459185376763,EXP_XGBModel_Alpha158_csi300_custom_step0_s_20260525_15,faea0b44b6e645a68f948067aea3d07b,0.057,,,
1387,2026-05-25,SH600276,-0.008222869597375393,EXP_XGBModel_Alpha158_csi300_custom_step0_s_20260525_15,faea0b44b6e645a68f948067aea3d07b,0.057,,,
1388,2026-05-25,SH600036,0.015549956820905209,EXP_XGBModel_Alpha158_csi300_custom_step0_s_20260525_15,faea0b44b6e645a68f948067aea3d07b,0.057,,,
1389,2026-05-25,SH600031,-0.029140442609786987,EXP_XGBModel_Alpha158_csi300_custom_step0_s_20260525_15,faea0b44b6e645a68f948067aea3d07b,0.057,,,
1390,2026-05-25,SH600030,-0.014181236736476421,EXP_XGBModel_Alpha158_csi300_custom_step0_s_20260525_15,faea0b44b6e645a68f948067aea3d07b,0.057,,,
1391,2026-05-25,SH600029,-0.0366172194480896,EXP_XGBModel_Alpha158_csi300_custom_step0_s_20260525_15,faea0b44b6e645a68f948067aea3d07b,0.057,,,
1392,2026-05-25,SH600028,-0.025890206918120384,EXP_XGBModel_Alpha158_csi300_custom_step0_s_20260525_15,faea0b44b6e645a68f948067aea3d07b,0.057,,,
1393,2026-05-25,SH600027,-0.02835884317755699,EXP_XGBModel_Alpha158_csi300_custom_step0_s_20260525_15,faea0b44b6e645a68f948067aea3d07b,0.057,,,
1394,2026-05-25,SH600026,0.0032389042899012566,EXP_XGBModel_Alpha158_csi300_custom_step0_s_20260525_15,faea0b44b6e645a68f948067aea3d07b,0.057,,,
1395,2026-05-25,SH600025,-0.02492392063140869,EXP_XGBModel_Alpha158_csi300_custom_step0_s_20260525_15,faea0b44b6e645a68f948067aea3d07b,0.057,,,
1396,2026-05-25,SH600023,-0.08239597827196121,EXP_XGBModel_Alpha158_csi300_custom_step0_s_20260525_15,faea0b44b6e645a68f948067aea3d07b,0.057,,,
1397,2026-05-25,SH600019,-0.023280160501599312,EXP_XGBModel_Alpha158_csi300_custom_step0_s_20260525_15,faea0b44b6e645a68f948067aea3d07b,0.057,,,
1398,2026-05-25,SH600018,0.06657786667346954,EXP_XGBModel_Alpha158_csi300_custom_step0_s_20260525_15,faea0b44b6e645a68f948067aea3d07b,0.057,,,
1399,2026-05-25,SH600016,0.009228534996509552,EXP_XGBModel_Alpha158_csi300_custom_step0_s_20260525_15,faea0b44b6e645a68f948067aea3d07b,0.057,,,
1400,2026-05-25,SH600015,0.011972449719905853,EXP_XGBModel_Alpha158_csi300_custom_step0_s_20260525_15,faea0b44b6e645a68f948067aea3d07b,0.057,,,
1401,2026-05-25,SH600011,-0.02873496524989605,EXP_XGBModel_Alpha158_csi300_custom_step0_s_20260525_15,faea0b44b6e645a68f948067aea3d07b,0.057,,,
1402,2026-05-25,SH600010,-0.03360111266374588,EXP_XGBModel_Alpha158_csi300_custom_step0_s_20260525_15,faea0b44b6e645a68f948067aea3d07b,0.057,,,
1403,2026-05-25,SH600039,0.026782598346471786,EXP_XGBModel_Alpha158_csi300_custom_step0_s_20260525_15,faea0b44b6e645a68f948067aea3d07b,0.057,,,
1404,2026-05-25,SH600905,0.013510093092918396,EXP_XGBModel_Alpha158_csi300_custom_step0_s_20260525_15,faea0b44b6e645a68f948067aea3d07b,0.057,,,
1405,2026-05-25,SH600048,-0.06979233771562576,EXP_XGBModel_Alpha158_csi300_custom_step0_s_20260525_15,faea0b44b6e645a68f948067aea3d07b,0.057,,,
1406,2026-05-25,SH600061,-0.02459726110100746,EXP_XGBModel_Alpha158_csi300_custom_step0_s_20260525_15,faea0b44b6e645a68f948067aea3d07b,0.057,,,
1407,2026-05-25,SH600233,-0.00044399272883310914,EXP_XGBModel_Alpha158_csi300_custom_step0_s_20260525_15,faea0b44b6e645a68f948067aea3d07b,0.057,,,
1408,2026-05-25,SH600219,0.008034799247980118,EXP_XGBModel_Alpha158_csi300_custom_step0_s_20260525_15,faea0b44b6e645a68f948067aea3d07b,0.057,,,
1409,2026-05-25,SH600196,-0.012069505639374256,EXP_XGBModel_Alpha158_csi300_custom_step0_s_20260525_15,faea0b44b6e645a68f948067aea3d07b,0.057,,,
1410,2026-05-25,SH600188,-0.024947000667452812,EXP_XGBModel_Alpha158_csi300_custom_step0_s_20260525_15,faea0b44b6e645a68f948067aea3d07b,0.057,,,
1411,2026-05-25,SH600183,-0.6855003237724304,EXP_XGBModel_Alpha158_csi300_custom_step0_s_20260525_15,faea0b44b6e645a68f948067aea3d07b,0.057,,,
1412,2026-05-25,SH600176,-0.02334243431687355,EXP_XGBModel_Alpha158_csi300_custom_step0_s_20260525_15,faea0b44b6e645a68f948067aea3d07b,0.057,,,
1413,2026-05-25,SH600161,-0.031928472220897675,EXP_XGBModel_Alpha158_csi300_custom_step0_s_20260525_15,faea0b44b6e645a68f948067aea3d07b,0.057,,,
1414,2026-05-25,SH600160,-0.02431323193013668,EXP_XGBModel_Alpha158_csi300_custom_step0_s_20260525_15,faea0b44b6e645a68f948067aea3d07b,0.057,,,
1415,2026-05-25,SH600150,-0.02790432795882225,EXP_XGBModel_Alpha158_csi300_custom_step0_s_20260525_15,faea0b44b6e645a68f948067aea3d07b,0.057,,,
1416,2026-05-25,SH600115,-0.04133603721857071,EXP_XGBModel_Alpha158_csi300_custom_step0_s_20260525_15,faea0b44b6e645a68f948067aea3d07b,0.057,,,
1417,2026-05-25,SH600111,-0.04684068635106087,EXP_XGBModel_Alpha158_csi300_custom_step0_s_20260525_15,faea0b44b6e645a68f948067aea3d07b,0.057,,,
1418,2026-05-25,SH600104,-0.004346632398664951,EXP_XGBModel_Alpha158_csi300_custom_step0_s_20260525_15,faea0b44b6e645a68f948067aea3d07b,0.057,,,
1419,2026-05-25,SH600089,-0.03309096768498421,EXP_XGBModel_Alpha158_csi300_custom_step0_s_20260525_15,faea0b44b6e645a68f948067aea3d07b,0.057,,,
1420,2026-05-25,SH600085,-0.011684918776154518,EXP_XGBModel_Alpha158_csi300_custom_step0_s_20260525_15,faea0b44b6e645a68f948067aea3d07b,0.057,,,
1421,2026-05-25,SH600066,-0.023806793615221977,EXP_XGBModel_Alpha158_csi300_custom_step0_s_20260525_15,faea0b44b6e645a68f948067aea3d07b,0.057,,,
1422,2026-05-25,SH600050,-0.06693558394908905,EXP_XGBModel_Alpha158_csi300_custom_step0_s_20260525_15,faea0b44b6e645a68f948067aea3d07b,0.057,,,
1423,2026-05-25,SH601916,0.03775923699140549,EXP_XGBModel_Alpha158_csi300_custom_step0_s_20260525_15,faea0b44b6e645a68f948067aea3d07b,0.057,,,
1424,2026-05-25,SH600918,-0.015907999128103256,EXP_XGBModel_Alpha158_csi300_custom_step0_s_20260525_15,faea0b44b6e645a68f948067aea3d07b,0.057,,,
1425,2026-05-25,SH600926,0.016973787918686867,EXP_XGBModel_Alpha158_csi300_custom_step0_s_20260525_15,faea0b44b6e645a68f948067aea3d07b,0.057,,,
1426,2026-05-25,SH601689,-0.060951486229896545,EXP_XGBModel_Alpha158_csi300_custom_step0_s_20260525_15,faea0b44b6e645a68f948067aea3d07b,0.057,,,
1427,2026-05-25,SH601688,-0.03160712495446205,EXP_XGBModel_Alpha158_csi300_custom_step0_s_20260525_15,faea0b44b6e645a68f948067aea3d07b,0.057,,,
1428,2026-05-25,SH601669,-0.024028899148106575,EXP_XGBModel_Alpha158_csi300_custom_step0_s_20260525_15,faea0b44b6e645a68f948067aea3d07b,0.057,,,
1429,2026-05-25,SH601668,0.017622869461774826,EXP_XGBModel_Alpha158_csi300_custom_step0_s_20260525_15,faea0b44b6e645a68f948067aea3d07b,0.057,,,
1430,2026-05-25,SH601658,0.03853534534573555,EXP_XGBModel_Alpha158_csi300_custom_step0_s_20260525_15,faea0b44b6e645a68f948067aea3d07b,0.057,,,
1431,2026-05-25,SH601633,-0.01952463388442993,EXP_XGBModel_Alpha158_csi300_custom_step0_s_20260525_15,faea0b44b6e645a68f948067aea3d07b,0.057,,,
1432,2026-05-25,SH601698,-0.030501477420330048,EXP_XGBModel_Alpha158_csi300_custom_step0_s_20260525_15,faea0b44b6e645a68f948067aea3d07b,0.057,,,
1433,2026-05-25,SH601628,-0.06319815665483475,EXP_XGBModel_Alpha158_csi300_custom_step0_s_20260525_15,faea0b44b6e645a68f948067aea3d07b,0.057,,,
1434,2026-05-25,SH601607,0.019762905314564705,EXP_XGBModel_Alpha158_csi300_custom_step0_s_20260525_15,faea0b44b6e645a68f948067aea3d07b,0.057,,,
1435,2026-05-25,SH601601,-0.03283647447824478,EXP_XGBModel_Alpha158_csi300_custom_step0_s_20260525_15,faea0b44b6e645a68f948067aea3d07b,0.057,,,
1436,2026-05-25,SH601600,-0.0387854166328907,EXP_XGBModel_Alpha158_csi300_custom_step0_s_20260525_15,faea0b44b6e645a68f948067aea3d07b,0.057,,,
1437,2026-05-25,SH601456,-0.01735825464129448,EXP_XGBModel_Alpha158_csi300_custom_step0_s_20260525_15,faea0b44b6e645a68f948067aea3d07b,0.057,,,
1438,2026-05-25,SH601398,0.04298153519630432,EXP_XGBModel_Alpha158_csi300_custom_step0_s_20260525_15,faea0b44b6e645a68f948067aea3d07b,0.057,,,
1439,2026-05-25,SH601390,-0.003887348575517535,EXP_XGBModel_Alpha158_csi300_custom_step0_s_20260525_15,faea0b44b6e645a68f948067aea3d07b,0.057,,,
1440,2026-05-25,SH601618,-0.006213948130607605,EXP_XGBModel_Alpha158_csi300_custom_step0_s_20260525_15,faea0b44b6e645a68f948067aea3d07b,0.057,,,
1441,2026-05-25,SH601728,-0.016363298520445824,EXP_XGBModel_Alpha158_csi300_custom_step0_s_20260525_15,faea0b44b6e645a68f948067aea3d07b,0.057,,,
1442,2026-05-25,SH601766,-0.028088372200727463,EXP_XGBModel_Alpha158_csi300_custom_step0_s_20260525_15,faea0b44b6e645a68f948067aea3d07b,0.057,,,
1443,2026-05-25,SH601788,-0.04916251450777054,EXP_XGBModel_Alpha158_csi300_custom_step0_s_20260525_15,faea0b44b6e645a68f948067aea3d07b,0.057,,,
1444,2026-05-25,SH601899,-0.03509493172168732,EXP_XGBModel_Alpha158_csi300_custom_step0_s_20260525_15,faea0b44b6e645a68f948067aea3d07b,0.057,,,
1445,2026-05-25,SH601898,-0.0497579462826252,EXP_XGBModel_Alpha158_csi300_custom_step0_s_20260525_15,faea0b44b6e645a68f948067aea3d07b,0.057,,,
1446,2026-05-25,SH601888,-0.0388917401432991,EXP_XGBModel_Alpha158_csi300_custom_step0_s_20260525_15,faea0b44b6e645a68f948067aea3d07b,0.057,,,
1447,2026-05-25,SH601881,-0.03293818235397339,EXP_XGBModel_Alpha158_csi300_custom_step0_s_20260525_15,faea0b44b6e645a68f948067aea3d07b,0.057,,,
1448,2026-05-25,SH601878,-0.021200718358159065,EXP_XGBModel_Alpha158_csi300_custom_step0_s_20260525_15,faea0b44b6e645a68f948067aea3d07b,0.057,,,
1449,2026-05-25,SH601877,-0.03383524715900421,EXP_XGBModel_Alpha158_csi300_custom_step0_s_20260525_15,faea0b44b6e645a68f948067aea3d07b,0.057,,,
1450,2026-05-25,SH601872,0.07239365577697754,EXP_XGBModel_Alpha158_csi300_custom_step0_s_20260525_15,faea0b44b6e645a68f948067aea3d07b,0.057,,,
1451,2026-05-25,SH601868,-0.024238381534814835,EXP_XGBModel_Alpha158_csi300_custom_step0_s_20260525_15,faea0b44b6e645a68f948067aea3d07b,0.057,,,
1452,2026-05-25,SH601857,-0.05195245519280434,EXP_XGBModel_Alpha158_csi300_custom_step0_s_20260525_15,faea0b44b6e645a68f948067aea3d07b,0.057,,,
1453,2026-05-25,SH601838,0.04510321095585823,EXP_XGBModel_Alpha158_csi300_custom_step0_s_20260525_15,faea0b44b6e645a68f948067aea3d07b,0.057,,,
1454,2026-05-25,SH601825,0.03508297726511955,EXP_XGBModel_Alpha158_csi300_custom_step0_s_20260525_15,faea0b44b6e645a68f948067aea3d07b,0.057,,,
1455,2026-05-25,SH601818,0.04204658791422844,EXP_XGBModel_Alpha158_csi300_custom_step0_s_20260525_15,faea0b44b6e645a68f948067aea3d07b,0.057,,,
1456,2026-05-25,SH601816,0.010766962543129921,EXP_XGBModel_Alpha158_csi300_custom_step0_s_20260525_15,faea0b44b6e645a68f948067aea3d07b,0.057,,,
1457,2026-05-25,SH601808,-0.035082947462797165,EXP_XGBModel_Alpha158_csi300_custom_step0_s_20260525_15,faea0b44b6e645a68f948067aea3d07b,0.057,,,
1458,2026-05-25,SH601800,-0.016268426552414894,EXP_XGBModel_Alpha158_csi300_custom_step0_s_20260525_15,faea0b44b6e645a68f948067aea3d07b,0.057,,,
1459,2026-05-25,SH601377,-0.016922058537602425,EXP_XGBModel_Alpha158_csi300_custom_step0_s_20260525_15,faea0b44b6e645a68f948067aea3d07b,0.057,,,
1460,2026-05-25,SH601360,-0.008369877934455872,EXP_XGBModel_Alpha158_csi300_custom_step0_s_20260525_15,faea0b44b6e645a68f948067aea3d07b,0.057,,,
1461,2026-05-25,SH601336,-0.061482373625040054,EXP_XGBModel_Alpha158_csi300_custom_step0_s_20260525_15,faea0b44b6e645a68f948067aea3d07b,0.057,,,
1462,2026-05-25,SH601328,0.02587873861193657,EXP_XGBModel_Alpha158_csi300_custom_step0_s_20260525_15,faea0b44b6e645a68f948067aea3d07b,0.057,,,
1463,2026-05-25,SH601077,0.03380490094423294,EXP_XGBModel_Alpha158_csi300_custom_step0_s_20260525_15,faea0b44b6e645a68f948067aea3d07b,0.057,,,
1464,2026-05-25,SH601066,0.0020343554206192493,EXP_XGBModel_Alpha158_csi300_custom_step0_s_20260525_15,faea0b44b6e645a68f948067aea3d07b,0.057,,,
1465,2026-05-25,SH601059,0.06142565608024597,EXP_XGBModel_Alpha158_csi300_custom_step0_s_20260525_15,faea0b44b6e645a68f948067aea3d07b,0.057,,,
1466,2026-05-25,SH601058,-0.02419458143413067,EXP_XGBModel_Alpha158_csi300_custom_step0_s_20260525_15,faea0b44b6e645a68f948067aea3d07b,0.057,,,
1467,2026-05-25,SH601021,0.010159156285226345,EXP_XGBModel_Alpha158_csi300_custom_step0_s_20260525_15,faea0b44b6e645a68f948067aea3d07b,0.057,,,
1468,2026-05-25,SH601018,-0.010384089313447475,EXP_XGBModel_Alpha158_csi300_custom_step0_s_20260525_15,faea0b44b6e645a68f948067aea3d07b,0.057,,,
1469,2026-05-25,SH601012,-0.007242029067128897,EXP_XGBModel_Alpha158_csi300_custom_step0_s_20260525_15,faea0b44b6e645a68f948067aea3d07b,0.057,,,
1470,2026-05-25,SH601009,0.014499456621706486,EXP_XGBModel_Alpha158_csi300_custom_step0_s_20260525_15,faea0b44b6e645a68f948067aea3d07b,0.057,,,
1471,2026-05-25,SH601006,0.05554696545004845,EXP_XGBModel_Alpha158_csi300_custom_step0_s_20260525_15,faea0b44b6e645a68f948067aea3d07b,0.057,,,
1472,2026-05-25,SH600999,-0.012667795643210411,EXP_XGBModel_Alpha158_csi300_custom_step0_s_20260525_15,faea0b44b6e645a68f948067aea3d07b,0.057,,,
1473,2026-05-25,SH600989,-0.03978503495454788,EXP_XGBModel_Alpha158_csi300_custom_step0_s_20260525_15,faea0b44b6e645a68f948067aea3d07b,0.057,,,
1474,2026-05-25,SH600958,-0.01345532201230526,EXP_XGBModel_Alpha158_csi300_custom_step0_s_20260525_15,faea0b44b6e645a68f948067aea3d07b,0.057,,,
1475,2026-05-25,SH600941,-0.02642209082841873,EXP_XGBModel_Alpha158_csi300_custom_step0_s_20260525_15,faea0b44b6e645a68f948067aea3d07b,0.057,,,
1476,2026-05-25,SH600938,-0.04677848890423775,EXP_XGBModel_Alpha158_csi300_custom_step0_s_20260525_15,faea0b44b6e645a68f948067aea3d07b,0.057,,,
1477,2026-05-25,SH600930,-0.023005438968539238,EXP_XGBModel_Alpha158_csi300_custom_step0_s_20260525_15,faea0b44b6e645a68f948067aea3d07b,0.057,,,
1478,2026-05-25,SH601088,0.014912884682416916,EXP_XGBModel_Alpha158_csi300_custom_step0_s_20260525_15,faea0b44b6e645a68f948067aea3d07b,0.057,,,
1479,2026-05-25,SH600919,0.05378331243991852,EXP_XGBModel_Alpha158_csi300_custom_step0_s_20260525_15,faea0b44b6e645a68f948067aea3d07b,0.057,,,
1480,2026-05-25,SH601100,-0.03583882376551628,EXP_XGBModel_Alpha158_csi300_custom_step0_s_20260525_15,faea0b44b6e645a68f948067aea3d07b,0.057,,,
1481,2026-05-25,SH601117,-0.029801025986671448,EXP_XGBModel_Alpha158_csi300_custom_step0_s_20260525_15,faea0b44b6e645a68f948067aea3d07b,0.057,,,
1482,2026-05-25,SH601319,-0.032720137387514114,EXP_XGBModel_Alpha158_csi300_custom_step0_s_20260525_15,faea0b44b6e645a68f948067aea3d07b,0.057,,,
1483,2026-05-25,SH601318,-0.03862903639674187,EXP_XGBModel_Alpha158_csi300_custom_step0_s_20260525_15,faea0b44b6e645a68f948067aea3d07b,0.057,,,
1484,2026-05-25,SH601298,0.03802839294075966,EXP_XGBModel_Alpha158_csi300_custom_step0_s_20260525_15,faea0b44b6e645a68f948067aea3d07b,0.057,,,
1485,2026-05-25,SH601288,0.000954990042373538,EXP_XGBModel_Alpha158_csi300_custom_step0_s_20260525_15,faea0b44b6e645a68f948067aea3d07b,0.057,,,
1486,2026-05-25,SH601238,-0.01383195724338293,EXP_XGBModel_Alpha158_csi300_custom_step0_s_20260525_15,faea0b44b6e645a68f948067aea3d07b,0.057,,,
1487,2026-05-25,SH601236,-0.008590620011091232,EXP_XGBModel_Alpha158_csi300_custom_step0_s_20260525_15,faea0b44b6e645a68f948067aea3d07b,0.057,,,
1488,2026-05-25,SH601229,-0.012772376649081707,EXP_XGBModel_Alpha158_csi300_custom_step0_s_20260525_15,faea0b44b6e645a68f948067aea3d07b,0.057,,,
1489,2026-05-25,SH601225,-0.0069880117662250996,EXP_XGBModel_Alpha158_csi300_custom_step0_s_20260525_15,faea0b44b6e645a68f948067aea3d07b,0.057,,,
1490,2026-05-25,SH601211,-0.034870244562625885,EXP_XGBModel_Alpha158_csi300_custom_step0_s_20260525_15,faea0b44b6e645a68f948067aea3d07b,0.057,,,
1491,2026-05-25,SH601186,-0.011128246784210205,EXP_XGBModel_Alpha158_csi300_custom_step0_s_20260525_15,faea0b44b6e645a68f948067aea3d07b,0.057,,,
1492,2026-05-25,SH601169,0.017698651179671288,EXP_XGBModel_Alpha158_csi300_custom_step0_s_20260525_15,faea0b44b6e645a68f948067aea3d07b,0.057,,,
1493,2026-05-25,SH601166,0.033512018620967865,EXP_XGBModel_Alpha158_csi300_custom_step0_s_20260525_15,faea0b44b6e645a68f948067aea3d07b,0.057,,,
1494,2026-05-25,SH601138,-0.01643488183617592,EXP_XGBModel_Alpha158_csi300_custom_step0_s_20260525_15,faea0b44b6e645a68f948067aea3d07b,0.057,,,
1495,2026-05-25,SH601136,-0.019680703058838844,EXP_XGBModel_Alpha158_csi300_custom_step0_s_20260525_15,faea0b44b6e645a68f948067aea3d07b,0.057,,,
1496,2026-05-25,SH601127,-0.03794994577765465,EXP_XGBModel_Alpha158_csi300_custom_step0_s_20260525_15,faea0b44b6e645a68f948067aea3d07b,0.057,,,
1497,2026-05-25,SH601111,-0.04547235742211342,EXP_XGBModel_Alpha158_csi300_custom_step0_s_20260525_15,faea0b44b6e645a68f948067aea3d07b,0.057,,,
1498,2026-05-25,SH600009,-0.02031242661178112,EXP_XGBModel_Alpha158_csi300_custom_step0_s_20260525_15,faea0b44b6e645a68f948067aea3d07b,0.057,,,
1499,2026-05-25,SZ302132,-0.05365331098437309,EXP_XGBModel_Alpha158_csi300_custom_step0_s_20260525_15,faea0b44b6e645a68f948067aea3d07b,0.057,,,
1500,2026-05-25,SH600009,-0.03346908092498779,EXP_XGBModel_Alpha158_csi300_custom_step0_s_20260525_15,40de00fc87f54eea914d549ef7f0c3d3,0.078,,,
1501,2026-05-25,SZ000596,-0.041774194687604904,EXP_XGBModel_Alpha158_csi300_custom_step0_s_20260525_15,40de00fc87f54eea914d549ef7f0c3d3,0.078,,,
1502,2026-05-25,SZ000568,0.030502652749419212,EXP_XGBModel_Alpha158_csi300_custom_step0_s_20260525_15,40de00fc87f54eea914d549ef7f0c3d3,0.078,,,
1503,2026-05-25,SZ000538,-0.06542313098907471,EXP_XGBModel_Alpha158_csi300_custom_step0_s_20260525_15,40de00fc87f54eea914d549ef7f0c3d3,0.078,,,
1504,2026-05-25,SZ000425,0.06534802168607712,EXP_XGBModel_Alpha158_csi300_custom_step0_s_20260525_15,40de00fc87f54eea914d549ef7f0c3d3,0.078,,,
1505,2026-05-25,SZ000408,0.021291209384799004,EXP_XGBModel_Alpha158_csi300_custom_step0_s_20260525_15,40de00fc87f54eea914d549ef7f0c3d3,0.078,,,
1506,2026-05-25,SZ000338,0.19139792025089264,EXP_XGBModel_Alpha158_csi300_custom_step0_s_20260525_15,40de00fc87f54eea914d549ef7f0c3d3,0.078,,,
1507,2026-05-25,SZ000617,0.10946119576692581,EXP_XGBModel_Alpha158_csi300_custom_step0_s_20260525_15,40de00fc87f54eea914d549ef7f0c3d3,0.078,,,
1508,2026-05-25,SZ000333,0.015070046298205853,EXP_XGBModel_Alpha158_csi300_custom_step0_s_20260525_15,40de00fc87f54eea914d549ef7f0c3d3,0.078,,,
1509,2026-05-25,SZ000166,-0.03923559933900833,EXP_XGBModel_Alpha158_csi300_custom_step0_s_20260525_15,40de00fc87f54eea914d549ef7f0c3d3,0.078,,,
1510,2026-05-25,SZ000157,-0.02030996046960354,EXP_XGBModel_Alpha158_csi300_custom_step0_s_20260525_15,40de00fc87f54eea914d549ef7f0c3d3,0.078,,,
1511,2026-05-25,SZ000100,-0.0341590978205204,EXP_XGBModel_Alpha158_csi300_custom_step0_s_20260525_15,40de00fc87f54eea914d549ef7f0c3d3,0.078,,,
1512,2026-05-25,SZ000063,0.004257869906723499,EXP_XGBModel_Alpha158_csi300_custom_step0_s_20260525_15,40de00fc87f54eea914d549ef7f0c3d3,0.078,,,
1513,2026-05-25,SZ000002,0.0745532363653183,EXP_XGBModel_Alpha158_csi300_custom_step0_s_20260525_15,40de00fc87f54eea914d549ef7f0c3d3,0.078,,,
1514,2026-05-25,SZ000001,-0.03163256123661995,EXP_XGBModel_Alpha158_csi300_custom_step0_s_20260525_15,40de00fc87f54eea914d549ef7f0c3d3,0.078,,,
1515,2026-05-25,SZ000301,0.043044958263635635,EXP_XGBModel_Alpha158_csi300_custom_step0_s_20260525_15,40de00fc87f54eea914d549ef7f0c3d3,0.078,,,
1516,2026-05-25,SZ000625,0.14376002550125122,EXP_XGBModel_Alpha158_csi300_custom_step0_s_20260525_15,40de00fc87f54eea914d549ef7f0c3d3,0.078,,,
1517,2026-05-25,SZ000630,0.06862682104110718,EXP_XGBModel_Alpha158_csi300_custom_step0_s_20260525_15,40de00fc87f54eea914d549ef7f0c3d3,0.078,,,
1518,2026-05-25,SZ000651,-0.007322665303945541,EXP_XGBModel_Alpha158_csi300_custom_step0_s_20260525_15,40de00fc87f54eea914d549ef7f0c3d3,0.078,,,
1519,2026-05-25,SZ000977,0.04426601156592369,EXP_XGBModel_Alpha158_csi300_custom_step0_s_20260525_15,40de00fc87f54eea914d549ef7f0c3d3,0.078,,,
1520,2026-05-25,SZ000975,0.10308754444122314,EXP_XGBModel_Alpha158_csi300_custom_step0_s_20260525_15,40de00fc87f54eea914d549ef7f0c3d3,0.078,,,
1521,2026-05-25,SZ000963,-0.008500016294419765,EXP_XGBModel_Alpha158_csi300_custom_step0_s_20260525_15,40de00fc87f54eea914d549ef7f0c3d3,0.078,,,
1522,2026-05-25,SZ000938,-0.06613855808973312,EXP_XGBModel_Alpha158_csi300_custom_step0_s_20260525_15,40de00fc87f54eea914d549ef7f0c3d3,0.078,,,
1523,2026-05-25,SZ000895,-0.010864551179111004,EXP_XGBModel_Alpha158_csi300_custom_step0_s_20260525_15,40de00fc87f54eea914d549ef7f0c3d3,0.078,,,
1524,2026-05-25,SZ000876,-0.039127763360738754,EXP_XGBModel_Alpha158_csi300_custom_step0_s_20260525_15,40de00fc87f54eea914d549ef7f0c3d3,0.078,,,
1525,2026-05-25,SZ000858,-0.013122432865202427,EXP_XGBModel_Alpha158_csi300_custom_step0_s_20260525_15,40de00fc87f54eea914d549ef7f0c3d3,0.078,,,
1526,2026-05-25,SZ000807,0.41575074195861816,EXP_XGBModel_Alpha158_csi300_custom_step0_s_20260525_15,40de00fc87f54eea914d549ef7f0c3d3,0.078,,,
1527,2026-05-25,SZ000792,0.12452790141105652,EXP_XGBModel_Alpha158_csi300_custom_step0_s_20260525_15,40de00fc87f54eea914d549ef7f0c3d3,0.078,,,
1528,2026-05-25,SZ000786,-0.002960402984172106,EXP_XGBModel_Alpha158_csi300_custom_step0_s_20260525_15,40de00fc87f54eea914d549ef7f0c3d3,0.078,,,
1529,2026-05-25,SZ000776,-0.016449090093374252,EXP_XGBModel_Alpha158_csi300_custom_step0_s_20260525_15,40de00fc87f54eea914d549ef7f0c3d3,0.078,,,
1530,2026-05-25,SZ000768,0.2744082808494568,EXP_XGBModel_Alpha158_csi300_custom_step0_s_20260525_15,40de00fc87f54eea914d549ef7f0c3d3,0.078,,,
1531,2026-05-25,SZ000725,0.10367627441883087,EXP_XGBModel_Alpha158_csi300_custom_step0_s_20260525_15,40de00fc87f54eea914d549ef7f0c3d3,0.078,,,
1532,2026-05-25,SZ000708,-0.02021622285246849,EXP_XGBModel_Alpha158_csi300_custom_step0_s_20260525_15,40de00fc87f54eea914d549ef7f0c3d3,0.078,,,
1533,2026-05-25,SZ000661,-0.0010155944619327784,EXP_XGBModel_Alpha158_csi300_custom_step0_s_20260525_15,40de00fc87f54eea914d549ef7f0c3d3,0.078,,,
1534,2026-05-25,SH688981,0.20193709433078766,EXP_XGBModel_Alpha158_csi300_custom_step0_s_20260525_15,40de00fc87f54eea914d549ef7f0c3d3,0.078,,,
1535,2026-05-25,SH688506,0.4032128155231476,EXP_XGBModel_Alpha158_csi300_custom_step0_s_20260525_15,40de00fc87f54eea914d549ef7f0c3d3,0.078,,,
1536,2026-05-25,SH688472,-0.023381372913718224,EXP_XGBModel_Alpha158_csi300_custom_step0_s_20260525_15,40de00fc87f54eea914d549ef7f0c3d3,0.078,,,
1537,2026-05-25,SH688396,0.026948772370815277,EXP_XGBModel_Alpha158_csi300_custom_step0_s_20260525_15,40de00fc87f54eea914d549ef7f0c3d3,0.078,,,
1538,2026-05-25,SH603893,0.02207843028008938,EXP_XGBModel_Alpha158_csi300_custom_step0_s_20260525_15,40de00fc87f54eea914d549ef7f0c3d3,0.078,,,
1539,2026-05-25,SH603799,0.039829447865486145,EXP_XGBModel_Alpha158_csi300_custom_step0_s_20260525_15,40de00fc87f54eea914d549ef7f0c3d3,0.078,,,
1540,2026-05-25,SH603501,0.055106498301029205,EXP_XGBModel_Alpha158_csi300_custom_step0_s_20260525_15,40de00fc87f54eea914d549ef7f0c3d3,0.078,,,
1541,2026-05-25,SH603392,-0.05558227747678757,EXP_XGBModel_Alpha158_csi300_custom_step0_s_20260525_15,40de00fc87f54eea914d549ef7f0c3d3,0.078,,,
1542,2026-05-25,SH603369,0.04655494913458824,EXP_XGBModel_Alpha158_csi300_custom_step0_s_20260525_15,40de00fc87f54eea914d549ef7f0c3d3,0.078,,,
1543,2026-05-25,SH603296,0.06455328315496445,EXP_XGBModel_Alpha158_csi300_custom_step0_s_20260525_15,40de00fc87f54eea914d549ef7f0c3d3,0.078,,,
1544,2026-05-25,SH603288,0.004836391191929579,EXP_XGBModel_Alpha158_csi300_custom_step0_s_20260525_15,40de00fc87f54eea914d549ef7f0c3d3,0.078,,,
1545,2026-05-25,SH603260,-0.023557808250188828,EXP_XGBModel_Alpha158_csi300_custom_step0_s_20260525_15,40de00fc87f54eea914d549ef7f0c3d3,0.078,,,
1546,2026-05-25,SH603259,0.012094116769731045,EXP_XGBModel_Alpha158_csi300_custom_step0_s_20260525_15,40de00fc87f54eea914d549ef7f0c3d3,0.078,,,
1547,2026-05-25,SH603195,0.00898855272680521,EXP_XGBModel_Alpha158_csi300_custom_step0_s_20260525_15,40de00fc87f54eea914d549ef7f0c3d3,0.078,,,
1548,2026-05-25,SH603019,0.03899814933538437,EXP_XGBModel_Alpha158_csi300_custom_step0_s_20260525_15,40de00fc87f54eea914d549ef7f0c3d3,0.078,,,
1549,2026-05-25,SH601998,-0.03895432502031326,EXP_XGBModel_Alpha158_csi300_custom_step0_s_20260525_15,40de00fc87f54eea914d549ef7f0c3d3,0.078,,,
1550,2026-05-25,SH601995,0.004831882193684578,EXP_XGBModel_Alpha158_csi300_custom_step0_s_20260525_15,40de00fc87f54eea914d549ef7f0c3d3,0.078,,,
1551,2026-05-25,SH601988,-0.007861226797103882,EXP_XGBModel_Alpha158_csi300_custom_step0_s_20260525_15,40de00fc87f54eea914d549ef7f0c3d3,0.078,,,
1552,2026-05-25,SH601985,-0.01631619967520237,EXP_XGBModel_Alpha158_csi300_custom_step0_s_20260525_15,40de00fc87f54eea914d549ef7f0c3d3,0.078,,,
1553,2026-05-25,SH603986,-0.0068017300218343735,EXP_XGBModel_Alpha158_csi300_custom_step0_s_20260525_15,40de00fc87f54eea914d549ef7f0c3d3,0.078,,,
1554,2026-05-25,SZ000983,0.0844341367483139,EXP_XGBModel_Alpha158_csi300_custom_step0_s_20260525_15,40de00fc87f54eea914d549ef7f0c3d3,0.078,,,
1555,2026-05-25,SH603993,0.05810483545064926,EXP_XGBModel_Alpha158_csi300_custom_step0_s_20260525_15,40de00fc87f54eea914d549ef7f0c3d3,0.078,,,
1556,2026-05-25,SH605499,0.1535826325416565,EXP_XGBModel_Alpha158_csi300_custom_step0_s_20260525_15,40de00fc87f54eea914d549ef7f0c3d3,0.078,,,
1557,2026-05-25,SH688303,-0.0067415377125144005,EXP_XGBModel_Alpha158_csi300_custom_step0_s_20260525_15,40de00fc87f54eea914d549ef7f0c3d3,0.078,,,
1558,2026-05-25,SH688271,-0.04805394634604454,EXP_XGBModel_Alpha158_csi300_custom_step0_s_20260525_15,40de00fc87f54eea914d549ef7f0c3d3,0.078,,,
1559,2026-05-25,SH688256,0.031934745609760284,EXP_XGBModel_Alpha158_csi300_custom_step0_s_20260525_15,40de00fc87f54eea914d549ef7f0c3d3,0.078,,,
1560,2026-05-25,SH688223,-0.029014509171247482,EXP_XGBModel_Alpha158_csi300_custom_step0_s_20260525_15,40de00fc87f54eea914d549ef7f0c3d3,0.078,,,
1561,2026-05-25,SH688187,-0.06254484504461288,EXP_XGBModel_Alpha158_csi300_custom_step0_s_20260525_15,40de00fc87f54eea914d549ef7f0c3d3,0.078,,,
1562,2026-05-25,SH688169,-0.010405057109892368,EXP_XGBModel_Alpha158_csi300_custom_step0_s_20260525_15,40de00fc87f54eea914d549ef7f0c3d3,0.078,,,
1563,2026-05-25,SH688126,-0.19767352938652039,EXP_XGBModel_Alpha158_csi300_custom_step0_s_20260525_15,40de00fc87f54eea914d549ef7f0c3d3,0.078,,,
1564,2026-05-25,SH688111,0.017527589574456215,EXP_XGBModel_Alpha158_csi300_custom_step0_s_20260525_15,40de00fc87f54eea914d549ef7f0c3d3,0.078,,,
1565,2026-05-25,SH688082,0.40972045063972473,EXP_XGBModel_Alpha158_csi300_custom_step0_s_20260525_15,40de00fc87f54eea914d549ef7f0c3d3,0.078,,,
1566,2026-05-25,SH688047,-0.18964579701423645,EXP_XGBModel_Alpha158_csi300_custom_step0_s_20260525_15,40de00fc87f54eea914d549ef7f0c3d3,0.078,,,
1567,2026-05-25,SH688041,-0.41048887372016907,EXP_XGBModel_Alpha158_csi300_custom_step0_s_20260525_15,40de00fc87f54eea914d549ef7f0c3d3,0.078,,,
1568,2026-05-25,SH688036,0.08770095556974411,EXP_XGBModel_Alpha158_csi300_custom_step0_s_20260525_15,40de00fc87f54eea914d549ef7f0c3d3,0.078,,,
1569,2026-05-25,SH688012,-0.24209342896938324,EXP_XGBModel_Alpha158_csi300_custom_step0_s_20260525_15,40de00fc87f54eea914d549ef7f0c3d3,0.078,,,
1570,2026-05-25,SH688009,-0.018368668854236603,EXP_XGBModel_Alpha158_csi300_custom_step0_s_20260525_15,40de00fc87f54eea914d549ef7f0c3d3,0.078,,,
1571,2026-05-25,SH688008,-0.762920618057251,EXP_XGBModel_Alpha158_csi300_custom_step0_s_20260525_15,40de00fc87f54eea914d549ef7f0c3d3,0.078,,,
1572,2026-05-25,SH605117,0.10329160839319229,EXP_XGBModel_Alpha158_csi300_custom_step0_s_20260525_15,40de00fc87f54eea914d549ef7f0c3d3,0.078,,,
1573,2026-05-25,SH601939,-0.008518248796463013,EXP_XGBModel_Alpha158_csi300_custom_step0_s_20260525_15,40de00fc87f54eea914d549ef7f0c3d3,0.078,,,
1574,2026-05-25,SZ000999,-0.04608063027262688,EXP_XGBModel_Alpha158_csi300_custom_step0_s_20260525_15,40de00fc87f54eea914d549ef7f0c3d3,0.078,,,
1575,2026-05-25,SZ001965,0.004625833127647638,EXP_XGBModel_Alpha158_csi300_custom_step0_s_20260525_15,40de00fc87f54eea914d549ef7f0c3d3,0.078,,,
1576,2026-05-25,SZ300413,0.1788623183965683,EXP_XGBModel_Alpha158_csi300_custom_step0_s_20260525_15,40de00fc87f54eea914d549ef7f0c3d3,0.078,,,
1577,2026-05-25,SZ300408,-0.41675469279289246,EXP_XGBModel_Alpha158_csi300_custom_step0_s_20260525_15,40de00fc87f54eea914d549ef7f0c3d3,0.078,,,
1578,2026-05-25,SZ300394,-0.36978664994239807,EXP_XGBModel_Alpha158_csi300_custom_step0_s_20260525_15,40de00fc87f54eea914d549ef7f0c3d3,0.078,,,
1579,2026-05-25,SZ300347,0.3471202850341797,EXP_XGBModel_Alpha158_csi300_custom_step0_s_20260525_15,40de00fc87f54eea914d549ef7f0c3d3,0.078,,,
1580,2026-05-25,SZ300316,0.033627040684223175,EXP_XGBModel_Alpha158_csi300_custom_step0_s_20260525_15,40de00fc87f54eea914d549ef7f0c3d3,0.078,,,
1581,2026-05-25,SZ300308,0.1475650668144226,EXP_XGBModel_Alpha158_csi300_custom_step0_s_20260525_15,40de00fc87f54eea914d549ef7f0c3d3,0.078,,,
1582,2026-05-25,SZ300418,-0.045059069991111755,EXP_XGBModel_Alpha158_csi300_custom_step0_s_20260525_15,40de00fc87f54eea914d549ef7f0c3d3,0.078,,,
1583,2026-05-25,SZ300274,0.21856145560741425,EXP_XGBModel_Alpha158_csi300_custom_step0_s_20260525_15,40de00fc87f54eea914d549ef7f0c3d3,0.078,,,
1584,2026-05-25,SZ300124,0.26846128702163696,EXP_XGBModel_Alpha158_csi300_custom_step0_s_20260525_15,40de00fc87f54eea914d549ef7f0c3d3,0.078,,,
1585,2026-05-25,SZ300122,-0.02367313764989376,EXP_XGBModel_Alpha158_csi300_custom_step0_s_20260525_15,40de00fc87f54eea914d549ef7f0c3d3,0.078,,,
1586,2026-05-25,SZ300059,0.012606466189026833,EXP_XGBModel_Alpha158_csi300_custom_step0_s_20260525_15,40de00fc87f54eea914d549ef7f0c3d3,0.078,,,
1587,2026-05-25,SZ300033,-0.03004085086286068,EXP_XGBModel_Alpha158_csi300_custom_step0_s_20260525_15,40de00fc87f54eea914d549ef7f0c3d3,0.078,,,
1588,2026-05-25,SZ300015,0.0007465690141543746,EXP_XGBModel_Alpha158_csi300_custom_step0_s_20260525_15,40de00fc87f54eea914d549ef7f0c3d3,0.078,,,
1589,2026-05-25,SZ300014,-0.010900013148784637,EXP_XGBModel_Alpha158_csi300_custom_step0_s_20260525_15,40de00fc87f54eea914d549ef7f0c3d3,0.078,,,
1590,2026-05-25,SZ300251,0.05439652502536774,EXP_XGBModel_Alpha158_csi300_custom_step0_s_20260525_15,40de00fc87f54eea914d549ef7f0c3d3,0.078,,,
1591,2026-05-25,SZ300433,0.2550153136253357,EXP_XGBModel_Alpha158_csi300_custom_step0_s_20260525_15,40de00fc87f54eea914d549ef7f0c3d3,0.078,,,
1592,2026-05-25,SZ300442,-0.02731688879430294,EXP_XGBModel_Alpha158_csi300_custom_step0_s_20260525_15,40de00fc87f54eea914d549ef7f0c3d3,0.078,,,
1593,2026-05-25,SZ300476,-0.014918946661055088,EXP_XGBModel_Alpha158_csi300_custom_step0_s_20260525_15,40de00fc87f54eea914d549ef7f0c3d3,0.078,,,
1594,2026-05-25,SZ301236,-0.05487174540758133,EXP_XGBModel_Alpha158_csi300_custom_step0_s_20260525_15,40de00fc87f54eea914d549ef7f0c3d3,0.078,,,
1595,2026-05-25,SZ300999,-0.043902501463890076,EXP_XGBModel_Alpha158_csi300_custom_step0_s_20260525_15,40de00fc87f54eea914d549ef7f0c3d3,0.078,,,
1596,2026-05-25,SZ300979,-0.004307268653064966,EXP_XGBModel_Alpha158_csi300_custom_step0_s_20260525_15,40de00fc87f54eea914d549ef7f0c3d3,0.078,,,
1597,2026-05-25,SZ300896,0.06294766068458557,EXP_XGBModel_Alpha158_csi300_custom_step0_s_20260525_15,40de00fc87f54eea914d549ef7f0c3d3,0.078,,,
1598,2026-05-25,SZ300866,0.2213943600654602,EXP_XGBModel_Alpha158_csi300_custom_step0_s_20260525_15,40de00fc87f54eea914d549ef7f0c3d3,0.078,,,
1599,2026-05-25,SZ300832,0.030675595626235008,EXP_XGBModel_Alpha158_csi300_custom_step0_s_20260525_15,40de00fc87f54eea914d549ef7f0c3d3,0.078,,,
1600,2026-05-25,SZ300803,0.07853835076093674,EXP_XGBModel_Alpha158_csi300_custom_step0_s_20260525_15,40de00fc87f54eea914d549ef7f0c3d3,0.078,,,
1601,2026-05-25,SZ300782,0.059731632471084595,EXP_XGBModel_Alpha158_csi300_custom_step0_s_20260525_15,40de00fc87f54eea914d549ef7f0c3d3,0.078,,,
1602,2026-05-25,SZ300760,-0.04982566833496094,EXP_XGBModel_Alpha158_csi300_custom_step0_s_20260525_15,40de00fc87f54eea914d549ef7f0c3d3,0.078,,,
1603,2026-05-25,SZ300759,0.08173321932554245,EXP_XGBModel_Alpha158_csi300_custom_step0_s_20260525_15,40de00fc87f54eea914d549ef7f0c3d3,0.078,,,
1604,2026-05-25,SZ300750,-0.01952550932765007,EXP_XGBModel_Alpha158_csi300_custom_step0_s_20260525_15,40de00fc87f54eea914d549ef7f0c3d3,0.078,,,
1605,2026-05-25,SZ300661,0.3859737813472748,EXP_XGBModel_Alpha158_csi300_custom_step0_s_20260525_15,40de00fc87f54eea914d549ef7f0c3d3,0.078,,,
1606,2026-05-25,SZ300628,0.03033473715186119,EXP_XGBModel_Alpha158_csi300_custom_step0_s_20260525_15,40de00fc87f54eea914d549ef7f0c3d3,0.078,,,
1607,2026-05-25,SZ300502,-0.2574015259742737,EXP_XGBModel_Alpha158_csi300_custom_step0_s_20260525_15,40de00fc87f54eea914d549ef7f0c3d3,0.078,,,
1608,2026-05-25,SZ300498,0.1257961243391037,EXP_XGBModel_Alpha158_csi300_custom_step0_s_20260525_15,40de00fc87f54eea914d549ef7f0c3d3,0.078,,,
1609,2026-05-25,SZ003816,-0.03829043358564377,EXP_XGBModel_Alpha158_csi300_custom_step0_s_20260525_15,40de00fc87f54eea914d549ef7f0c3d3,0.078,,,
1610,2026-05-25,SZ002938,0.31918689608573914,EXP_XGBModel_Alpha158_csi300_custom_step0_s_20260525_15,40de00fc87f54eea914d549ef7f0c3d3,0.078,,,
1611,2026-05-25,SZ002920,-0.02726593241095543,EXP_XGBModel_Alpha158_csi300_custom_step0_s_20260525_15,40de00fc87f54eea914d549ef7f0c3d3,0.078,,,
1612,2026-05-25,SZ002916,-0.3233354389667511,EXP_XGBModel_Alpha158_csi300_custom_step0_s_20260525_15,40de00fc87f54eea914d549ef7f0c3d3,0.078,,,
1613,2026-05-25,SZ002311,-0.045356497168540955,EXP_XGBModel_Alpha158_csi300_custom_step0_s_20260525_15,40de00fc87f54eea914d549ef7f0c3d3,0.078,,,
1614,2026-05-25,SZ002304,-0.030742475762963295,EXP_XGBModel_Alpha158_csi300_custom_step0_s_20260525_15,40de00fc87f54eea914d549ef7f0c3d3,0.078,,,
1615,2026-05-25,SZ002252,-0.01977161318063736,EXP_XGBModel_Alpha158_csi300_custom_step0_s_20260525_15,40de00fc87f54eea914d549ef7f0c3d3,0.078,,,
1616,2026-05-25,SZ002241,0.02284844033420086,EXP_XGBModel_Alpha158_csi300_custom_step0_s_20260525_15,40de00fc87f54eea914d549ef7f0c3d3,0.078,,,
1617,2026-05-25,SZ002236,-0.007591382134705782,EXP_XGBModel_Alpha158_csi300_custom_step0_s_20260525_15,40de00fc87f54eea914d549ef7f0c3d3,0.078,,,
1618,2026-05-25,SZ002230,-0.006111994851380587,EXP_XGBModel_Alpha158_csi300_custom_step0_s_20260525_15,40de00fc87f54eea914d549ef7f0c3d3,0.078,,,
1619,2026-05-25,SZ002179,-0.005543983541429043,EXP_XGBModel_Alpha158_csi300_custom_step0_s_20260525_15,40de00fc87f54eea914d549ef7f0c3d3,0.078,,,
1620,2026-05-25,SZ002142,-0.029482580721378326,EXP_XGBModel_Alpha158_csi300_custom_step0_s_20260525_15,40de00fc87f54eea914d549ef7f0c3d3,0.078,,,
1621,2026-05-25,SZ002074,-0.04038514196872711,EXP_XGBModel_Alpha158_csi300_custom_step0_s_20260525_15,40de00fc87f54eea914d549ef7f0c3d3,0.078,,,
1622,2026-05-25,SZ002050,-0.004219776019454002,EXP_XGBModel_Alpha158_csi300_custom_step0_s_20260525_15,40de00fc87f54eea914d549ef7f0c3d3,0.078,,,
1623,2026-05-25,SZ002049,0.13925182819366455,EXP_XGBModel_Alpha158_csi300_custom_step0_s_20260525_15,40de00fc87f54eea914d549ef7f0c3d3,0.078,,,
1624,2026-05-25,SZ002028,-0.024190958589315414,EXP_XGBModel_Alpha158_csi300_custom_step0_s_20260525_15,40de00fc87f54eea914d549ef7f0c3d3,0.078,,,
1625,2026-05-25,SZ002027,-0.05146607384085655,EXP_XGBModel_Alpha158_csi300_custom_step0_s_20260525_15,40de00fc87f54eea914d549ef7f0c3d3,0.078,,,
1626,2026-05-25,SZ002001,0.06666683405637741,EXP_XGBModel_Alpha158_csi300_custom_step0_s_20260525_15,40de00fc87f54eea914d549ef7f0c3d3,0.078,,,
1627,2026-05-25,SZ001979,0.053704120218753815,EXP_XGBModel_Alpha158_csi300_custom_step0_s_20260525_15,40de00fc87f54eea914d549ef7f0c3d3,0.078,,,
1628,2026-05-25,SZ002352,-0.012097005732357502,EXP_XGBModel_Alpha158_csi300_custom_step0_s_20260525_15,40de00fc87f54eea914d549ef7f0c3d3,0.078,,,
1629,2026-05-25,SZ001391,-0.006083462852984667,EXP_XGBModel_Alpha158_csi300_custom_step0_s_20260525_15,40de00fc87f54eea914d549ef7f0c3d3,0.078,,,
1630,2026-05-25,SZ002371,-0.3968483507633209,EXP_XGBModel_Alpha158_csi300_custom_step0_s_20260525_15,40de00fc87f54eea914d549ef7f0c3d3,0.078,,,
1631,2026-05-25,SZ002415,0.016835475340485573,EXP_XGBModel_Alpha158_csi300_custom_step0_s_20260525_15,40de00fc87f54eea914d549ef7f0c3d3,0.078,,,
1632,2026-05-25,SZ002736,-0.02771380916237831,EXP_XGBModel_Alpha158_csi300_custom_step0_s_20260525_15,40de00fc87f54eea914d549ef7f0c3d3,0.078,,,
1633,2026-05-25,SZ002714,0.08231712877750397,EXP_XGBModel_Alpha158_csi300_custom_step0_s_20260525_15,40de00fc87f54eea914d549ef7f0c3d3,0.078,,,
1634,2026-05-25,SZ002709,0.04334967955946922,EXP_XGBModel_Alpha158_csi300_custom_step0_s_20260525_15,40de00fc87f54eea914d549ef7f0c3d3,0.078,,,
1635,2026-05-25,SZ002648,0.19977860152721405,EXP_XGBModel_Alpha158_csi300_custom_step0_s_20260525_15,40de00fc87f54eea914d549ef7f0c3d3,0.078,,,
1636,2026-05-25,SZ002625,-0.2740764915943146,EXP_XGBModel_Alpha158_csi300_custom_step0_s_20260525_15,40de00fc87f54eea914d549ef7f0c3d3,0.078,,,
1637,2026-05-25,SZ002601,0.250097393989563,EXP_XGBModel_Alpha158_csi300_custom_step0_s_20260525_15,40de00fc87f54eea914d549ef7f0c3d3,0.078,,,
1638,2026-05-25,SZ002600,0.11378443241119385,EXP_XGBModel_Alpha158_csi300_custom_step0_s_20260525_15,40de00fc87f54eea914d549ef7f0c3d3,0.078,,,
1639,2026-05-25,SZ002594,0.02522348426282406,EXP_XGBModel_Alpha158_csi300_custom_step0_s_20260525_15,40de00fc87f54eea914d549ef7f0c3d3,0.078,,,
1640,2026-05-25,SZ002493,0.2035944163799286,EXP_XGBModel_Alpha158_csi300_custom_step0_s_20260525_15,40de00fc87f54eea914d549ef7f0c3d3,0.078,,,
1641,2026-05-25,SZ002475,-0.0757874846458435,EXP_XGBModel_Alpha158_csi300_custom_step0_s_20260525_15,40de00fc87f54eea914d549ef7f0c3d3,0.078,,,
1642,2026-05-25,SZ002466,-0.012307963334023952,EXP_XGBModel_Alpha158_csi300_custom_step0_s_20260525_15,40de00fc87f54eea914d549ef7f0c3d3,0.078,,,
1643,2026-05-25,SZ002463,-0.09277554601430893,EXP_XGBModel_Alpha158_csi300_custom_step0_s_20260525_15,40de00fc87f54eea914d549ef7f0c3d3,0.078,,,
1644,2026-05-25,SZ002460,-0.019491374492645264,EXP_XGBModel_Alpha158_csi300_custom_step0_s_20260525_15,40de00fc87f54eea914d549ef7f0c3d3,0.078,,,
1645,2026-05-25,SZ002459,0.2464912235736847,EXP_XGBModel_Alpha158_csi300_custom_step0_s_20260525_15,40de00fc87f54eea914d549ef7f0c3d3,0.078,,,
1646,2026-05-25,SZ002422,-0.007592456415295601,EXP_XGBModel_Alpha158_csi300_custom_step0_s_20260525_15,40de00fc87f54eea914d549ef7f0c3d3,0.078,,,
1647,2026-05-25,SZ002384,-0.04512123018503189,EXP_XGBModel_Alpha158_csi300_custom_step0_s_20260525_15,40de00fc87f54eea914d549ef7f0c3d3,0.078,,,
1648,2026-05-25,SH600000,-0.03271655738353729,EXP_XGBModel_Alpha158_csi300_custom_step0_s_20260525_15,40de00fc87f54eea914d549ef7f0c3d3,0.078,,,
1649,2026-05-25,SH601919,-0.04968474432826042,EXP_XGBModel_Alpha158_csi300_custom_step0_s_20260525_15,40de00fc87f54eea914d549ef7f0c3d3,0.078,,,
1650,2026-05-25,SH601901,-0.006505451165139675,EXP_XGBModel_Alpha158_csi300_custom_step0_s_20260525_15,40de00fc87f54eea914d549ef7f0c3d3,0.078,,,
1651,2026-05-25,SH600547,0.9355488419532776,EXP_XGBModel_Alpha158_csi300_custom_step0_s_20260525_15,40de00fc87f54eea914d549ef7f0c3d3,0.078,,,
1652,2026-05-25,SH600522,0.33709219098091125,EXP_XGBModel_Alpha158_csi300_custom_step0_s_20260525_15,40de00fc87f54eea914d549ef7f0c3d3,0.078,,,
1653,2026-05-25,SH600519,-0.05137750133872032,EXP_XGBModel_Alpha158_csi300_custom_step0_s_20260525_15,40de00fc87f54eea914d549ef7f0c3d3,0.078,,,
1654,2026-05-25,SH600515,-0.016347618773579597,EXP_XGBModel_Alpha158_csi300_custom_step0_s_20260525_15,40de00fc87f54eea914d549ef7f0c3d3,0.078,,,
1655,2026-05-25,SH600489,-0.0011423255782574415,EXP_XGBModel_Alpha158_csi300_custom_step0_s_20260525_15,40de00fc87f54eea914d549ef7f0c3d3,0.078,,,
1656,2026-05-25,SH600482,-0.04060010984539986,EXP_XGBModel_Alpha158_csi300_custom_step0_s_20260525_15,40de00fc87f54eea914d549ef7f0c3d3,0.078,,,
1657,2026-05-25,SH600570,0.0023105619475245476,EXP_XGBModel_Alpha158_csi300_custom_step0_s_20260525_15,40de00fc87f54eea914d549ef7f0c3d3,0.078,,,
1658,2026-05-25,SH600460,0.3894515335559845,EXP_XGBModel_Alpha158_csi300_custom_step0_s_20260525_15,40de00fc87f54eea914d549ef7f0c3d3,0.078,,,
1659,2026-05-25,SH600436,-7.491212454624474e-05,EXP_XGBModel_Alpha158_csi300_custom_step0_s_20260525_15,40de00fc87f54eea914d549ef7f0c3d3,0.078,,,
1660,2026-05-25,SH600426,0.38959962129592896,EXP_XGBModel_Alpha158_csi300_custom_step0_s_20260525_15,40de00fc87f54eea914d549ef7f0c3d3,0.078,,,
1661,2026-05-25,SH600415,0.022855425253510475,EXP_XGBModel_Alpha158_csi300_custom_step0_s_20260525_15,40de00fc87f54eea914d549ef7f0c3d3,0.078,,,
1662,2026-05-25,SH600406,-0.01195412129163742,EXP_XGBModel_Alpha158_csi300_custom_step0_s_20260525_15,40de00fc87f54eea914d549ef7f0c3d3,0.078,,,
1663,2026-05-25,SH600377,0.01603280007839203,EXP_XGBModel_Alpha158_csi300_custom_step0_s_20260525_15,40de00fc87f54eea914d549ef7f0c3d3,0.078,,,
1664,2026-05-25,SH600372,0.03972841054201126,EXP_XGBModel_Alpha158_csi300_custom_step0_s_20260525_15,40de00fc87f54eea914d549ef7f0c3d3,0.078,,,
1665,2026-05-25,SH600438,-0.03062128648161888,EXP_XGBModel_Alpha158_csi300_custom_step0_s_20260525_15,40de00fc87f54eea914d549ef7f0c3d3,0.078,,,
1666,2026-05-25,SH600584,1.0783270597457886,EXP_XGBModel_Alpha158_csi300_custom_step0_s_20260525_15,40de00fc87f54eea914d549ef7f0c3d3,0.078,,,
1667,2026-05-25,SH600585,0.014589725062251091,EXP_XGBModel_Alpha158_csi300_custom_step0_s_20260525_15,40de00fc87f54eea914d549ef7f0c3d3,0.078,,,
1668,2026-05-25,SH600588,0.03596296161413193,EXP_XGBModel_Alpha158_csi300_custom_step0_s_20260525_15,40de00fc87f54eea914d549ef7f0c3d3,0.078,,,
1669,2026-05-25,SH600900,-0.016864966601133347,EXP_XGBModel_Alpha158_csi300_custom_step0_s_20260525_15,40de00fc87f54eea914d549ef7f0c3d3,0.078,,,
1670,2026-05-25,SH600893,-8.940897532738745e-05,EXP_XGBModel_Alpha158_csi300_custom_step0_s_20260525_15,40de00fc87f54eea914d549ef7f0c3d3,0.078,,,
1671,2026-05-25,SH600887,0.018069036304950714,EXP_XGBModel_Alpha158_csi300_custom_step0_s_20260525_15,40de00fc87f54eea914d549ef7f0c3d3,0.078,,,
1672,2026-05-25,SH600886,-0.017062434926629066,EXP_XGBModel_Alpha158_csi300_custom_step0_s_20260525_15,40de00fc87f54eea914d549ef7f0c3d3,0.078,,,
1673,2026-05-25,SH600875,-0.028935540467500687,EXP_XGBModel_Alpha158_csi300_custom_step0_s_20260525_15,40de00fc87f54eea914d549ef7f0c3d3,0.078,,,
1674,2026-05-25,SH600845,-0.02544371597468853,EXP_XGBModel_Alpha158_csi300_custom_step0_s_20260525_15,40de00fc87f54eea914d549ef7f0c3d3,0.078,,,
1675,2026-05-25,SH600809,-0.0018886015750467777,EXP_XGBModel_Alpha158_csi300_custom_step0_s_20260525_15,40de00fc87f54eea914d549ef7f0c3d3,0.078,,,
1676,2026-05-25,SH600803,-0.03849368542432785,EXP_XGBModel_Alpha158_csi300_custom_step0_s_20260525_15,40de00fc87f54eea914d549ef7f0c3d3,0.078,,,
1677,2026-05-25,SH600795,0.005067651625722647,EXP_XGBModel_Alpha158_csi300_custom_step0_s_20260525_15,40de00fc87f54eea914d549ef7f0c3d3,0.078,,,
1678,2026-05-25,SH600760,-0.035356197506189346,EXP_XGBModel_Alpha158_csi300_custom_step0_s_20260525_15,40de00fc87f54eea914d549ef7f0c3d3,0.078,,,
1679,2026-05-25,SH600741,-0.019588463008403778,EXP_XGBModel_Alpha158_csi300_custom_step0_s_20260525_15,40de00fc87f54eea914d549ef7f0c3d3,0.078,,,
1680,2026-05-25,SH600690,-0.018209308385849,EXP_XGBModel_Alpha158_csi300_custom_step0_s_20260525_15,40de00fc87f54eea914d549ef7f0c3d3,0.078,,,
1681,2026-05-25,SH600674,0.010169364511966705,EXP_XGBModel_Alpha158_csi300_custom_step0_s_20260525_15,40de00fc87f54eea914d549ef7f0c3d3,0.078,,,
1682,2026-05-25,SH600660,-0.0531575009226799,EXP_XGBModel_Alpha158_csi300_custom_step0_s_20260525_15,40de00fc87f54eea914d549ef7f0c3d3,0.078,,,
1683,2026-05-25,SH600600,-0.05769291892647743,EXP_XGBModel_Alpha158_csi300_custom_step0_s_20260525_15,40de00fc87f54eea914d549ef7f0c3d3,0.078,,,
1684,2026-05-25,SH600362,-0.008331934921443462,EXP_XGBModel_Alpha158_csi300_custom_step0_s_20260525_15,40de00fc87f54eea914d549ef7f0c3d3,0.078,,,
1685,2026-05-25,SH600346,0.36716005206108093,EXP_XGBModel_Alpha158_csi300_custom_step0_s_20260525_15,40de00fc87f54eea914d549ef7f0c3d3,0.078,,,
1686,2026-05-25,SH600309,-0.019250474870204926,EXP_XGBModel_Alpha158_csi300_custom_step0_s_20260525_15,40de00fc87f54eea914d549ef7f0c3d3,0.078,,,
1687,2026-05-25,SH600276,-0.054357148706912994,EXP_XGBModel_Alpha158_csi300_custom_step0_s_20260525_15,40de00fc87f54eea914d549ef7f0c3d3,0.078,,,
1688,2026-05-25,SH600036,-0.06805732846260071,EXP_XGBModel_Alpha158_csi300_custom_step0_s_20260525_15,40de00fc87f54eea914d549ef7f0c3d3,0.078,,,
1689,2026-05-25,SH600031,0.023930709809064865,EXP_XGBModel_Alpha158_csi300_custom_step0_s_20260525_15,40de00fc87f54eea914d549ef7f0c3d3,0.078,,,
1690,2026-05-25,SH600030,0.003541249316185713,EXP_XGBModel_Alpha158_csi300_custom_step0_s_20260525_15,40de00fc87f54eea914d549ef7f0c3d3,0.078,,,
1691,2026-05-25,SH600029,0.06235698610544205,EXP_XGBModel_Alpha158_csi300_custom_step0_s_20260525_15,40de00fc87f54eea914d549ef7f0c3d3,0.078,,,
1692,2026-05-25,SH600028,-0.035183921456336975,EXP_XGBModel_Alpha158_csi300_custom_step0_s_20260525_15,40de00fc87f54eea914d549ef7f0c3d3,0.078,,,
1693,2026-05-25,SH600027,0.0006979005411267281,EXP_XGBModel_Alpha158_csi300_custom_step0_s_20260525_15,40de00fc87f54eea914d549ef7f0c3d3,0.078,,,
1694,2026-05-25,SH600026,-0.04884375259280205,EXP_XGBModel_Alpha158_csi300_custom_step0_s_20260525_15,40de00fc87f54eea914d549ef7f0c3d3,0.078,,,
1695,2026-05-25,SH600025,-0.023597275838255882,EXP_XGBModel_Alpha158_csi300_custom_step0_s_20260525_15,40de00fc87f54eea914d549ef7f0c3d3,0.078,,,
1696,2026-05-25,SH600023,-0.32630667090415955,EXP_XGBModel_Alpha158_csi300_custom_step0_s_20260525_15,40de00fc87f54eea914d549ef7f0c3d3,0.078,,,
1697,2026-05-25,SH600019,-0.02866113744676113,EXP_XGBModel_Alpha158_csi300_custom_step0_s_20260525_15,40de00fc87f54eea914d549ef7f0c3d3,0.078,,,
1698,2026-05-25,SH600018,-0.0031569763086736202,EXP_XGBModel_Alpha158_csi300_custom_step0_s_20260525_15,40de00fc87f54eea914d549ef7f0c3d3,0.078,,,
1699,2026-05-25,SH600016,-0.054140765219926834,EXP_XGBModel_Alpha158_csi300_custom_step0_s_20260525_15,40de00fc87f54eea914d549ef7f0c3d3,0.078,,,
1700,2026-05-25,SH600015,-0.05553319305181503,EXP_XGBModel_Alpha158_csi300_custom_step0_s_20260525_15,40de00fc87f54eea914d549ef7f0c3d3,0.078,,,
1701,2026-05-25,SH600011,0.008685927838087082,EXP_XGBModel_Alpha158_csi300_custom_step0_s_20260525_15,40de00fc87f54eea914d549ef7f0c3d3,0.078,,,
1702,2026-05-25,SH600010,0.00558052770793438,EXP_XGBModel_Alpha158_csi300_custom_step0_s_20260525_15,40de00fc87f54eea914d549ef7f0c3d3,0.078,,,
1703,2026-05-25,SH600039,-0.12337247282266617,EXP_XGBModel_Alpha158_csi300_custom_step0_s_20260525_15,40de00fc87f54eea914d549ef7f0c3d3,0.078,,,
1704,2026-05-25,SH600905,-0.0247078537940979,EXP_XGBModel_Alpha158_csi300_custom_step0_s_20260525_15,40de00fc87f54eea914d549ef7f0c3d3,0.078,,,
1705,2026-05-25,SH600048,0.02209317684173584,EXP_XGBModel_Alpha158_csi300_custom_step0_s_20260525_15,40de00fc87f54eea914d549ef7f0c3d3,0.078,,,
1706,2026-05-25,SH600061,-0.013703906908631325,EXP_XGBModel_Alpha158_csi300_custom_step0_s_20260525_15,40de00fc87f54eea914d549ef7f0c3d3,0.078,,,
1707,2026-05-25,SH600233,-0.02041969634592533,EXP_XGBModel_Alpha158_csi300_custom_step0_s_20260525_15,40de00fc87f54eea914d549ef7f0c3d3,0.078,,,
1708,2026-05-25,SH600219,0.03961731120944023,EXP_XGBModel_Alpha158_csi300_custom_step0_s_20260525_15,40de00fc87f54eea914d549ef7f0c3d3,0.078,,,
1709,2026-05-25,SH600196,-0.014712219126522541,EXP_XGBModel_Alpha158_csi300_custom_step0_s_20260525_15,40de00fc87f54eea914d549ef7f0c3d3,0.078,,,
1710,2026-05-25,SH600188,0.014693401753902435,EXP_XGBModel_Alpha158_csi300_custom_step0_s_20260525_15,40de00fc87f54eea914d549ef7f0c3d3,0.078,,,
1711,2026-05-25,SH600183,-0.26594510674476624,EXP_XGBModel_Alpha158_csi300_custom_step0_s_20260525_15,40de00fc87f54eea914d549ef7f0c3d3,0.078,,,
1712,2026-05-25,SH600176,0.27130550146102905,EXP_XGBModel_Alpha158_csi300_custom_step0_s_20260525_15,40de00fc87f54eea914d549ef7f0c3d3,0.078,,,
1713,2026-05-25,SH600161,-0.03179285302758217,EXP_XGBModel_Alpha158_csi300_custom_step0_s_20260525_15,40de00fc87f54eea914d549ef7f0c3d3,0.078,,,
1714,2026-05-25,SH600160,0.0722474530339241,EXP_XGBModel_Alpha158_csi300_custom_step0_s_20260525_15,40de00fc87f54eea914d549ef7f0c3d3,0.078,,,
1715,2026-05-25,SH600150,0.08211567252874374,EXP_XGBModel_Alpha158_csi300_custom_step0_s_20260525_15,40de00fc87f54eea914d549ef7f0c3d3,0.078,,,
1716,2026-05-25,SH600115,0.10377892106771469,EXP_XGBModel_Alpha158_csi300_custom_step0_s_20260525_15,40de00fc87f54eea914d549ef7f0c3d3,0.078,,,
1717,2026-05-25,SH600111,0.014605721458792686,EXP_XGBModel_Alpha158_csi300_custom_step0_s_20260525_15,40de00fc87f54eea914d549ef7f0c3d3,0.078,,,
1718,2026-05-25,SH600104,-0.046461332589387894,EXP_XGBModel_Alpha158_csi300_custom_step0_s_20260525_15,40de00fc87f54eea914d549ef7f0c3d3,0.078,,,
1719,2026-05-25,SH600089,-0.017234105616807938,EXP_XGBModel_Alpha158_csi300_custom_step0_s_20260525_15,40de00fc87f54eea914d549ef7f0c3d3,0.078,,,
1720,2026-05-25,SH600085,-0.03050527535378933,EXP_XGBModel_Alpha158_csi300_custom_step0_s_20260525_15,40de00fc87f54eea914d549ef7f0c3d3,0.078,,,
1721,2026-05-25,SH600066,0.022631395608186722,EXP_XGBModel_Alpha158_csi300_custom_step0_s_20260525_15,40de00fc87f54eea914d549ef7f0c3d3,0.078,,,
1722,2026-05-25,SH600050,-0.028446784242987633,EXP_XGBModel_Alpha158_csi300_custom_step0_s_20260525_15,40de00fc87f54eea914d549ef7f0c3d3,0.078,,,
1723,2026-05-25,SH601916,-0.0309466402977705,EXP_XGBModel_Alpha158_csi300_custom_step0_s_20260525_15,40de00fc87f54eea914d549ef7f0c3d3,0.078,,,
1724,2026-05-25,SH600918,-0.03564679995179176,EXP_XGBModel_Alpha158_csi300_custom_step0_s_20260525_15,40de00fc87f54eea914d549ef7f0c3d3,0.078,,,
1725,2026-05-25,SH600926,-0.027041057124733925,EXP_XGBModel_Alpha158_csi300_custom_step0_s_20260525_15,40de00fc87f54eea914d549ef7f0c3d3,0.078,,,
1726,2026-05-25,SH601689,-0.00866116862744093,EXP_XGBModel_Alpha158_csi300_custom_step0_s_20260525_15,40de00fc87f54eea914d549ef7f0c3d3,0.078,,,
1727,2026-05-25,SH601688,-0.006814090069383383,EXP_XGBModel_Alpha158_csi300_custom_step0_s_20260525_15,40de00fc87f54eea914d549ef7f0c3d3,0.078,,,
1728,2026-05-25,SH601669,0.0019878216553479433,EXP_XGBModel_Alpha158_csi300_custom_step0_s_20260525_15,40de00fc87f54eea914d549ef7f0c3d3,0.078,,,
1729,2026-05-25,SH601668,-0.04314315319061279,EXP_XGBModel_Alpha158_csi300_custom_step0_s_20260525_15,40de00fc87f54eea914d549ef7f0c3d3,0.078,,,
1730,2026-05-25,SH601658,-0.02670784294605255,EXP_XGBModel_Alpha158_csi300_custom_step0_s_20260525_15,40de00fc87f54eea914d549ef7f0c3d3,0.078,,,
1731,2026-05-25,SH601633,0.00918264128267765,EXP_XGBModel_Alpha158_csi300_custom_step0_s_20260525_15,40de00fc87f54eea914d549ef7f0c3d3,0.078,,,
1732,2026-05-25,SH601698,0.014508174732327461,EXP_XGBModel_Alpha158_csi300_custom_step0_s_20260525_15,40de00fc87f54eea914d549ef7f0c3d3,0.078,,,
1733,2026-05-25,SH601628,0.024828122928738594,EXP_XGBModel_Alpha158_csi300_custom_step0_s_20260525_15,40de00fc87f54eea914d549ef7f0c3d3,0.078,,,
1734,2026-05-25,SH601607,-0.04205534979701042,EXP_XGBModel_Alpha158_csi300_custom_step0_s_20260525_15,40de00fc87f54eea914d549ef7f0c3d3,0.078,,,
1735,2026-05-25,SH601601,-0.033999644219875336,EXP_XGBModel_Alpha158_csi300_custom_step0_s_20260525_15,40de00fc87f54eea914d549ef7f0c3d3,0.078,,,
1736,2026-05-25,SH601600,0.0594332292675972,EXP_XGBModel_Alpha158_csi300_custom_step0_s_20260525_15,40de00fc87f54eea914d549ef7f0c3d3,0.078,,,
1737,2026-05-25,SH601456,-0.044934649020433426,EXP_XGBModel_Alpha158_csi300_custom_step0_s_20260525_15,40de00fc87f54eea914d549ef7f0c3d3,0.078,,,
1738,2026-05-25,SH601398,-0.03490758687257767,EXP_XGBModel_Alpha158_csi300_custom_step0_s_20260525_15,40de00fc87f54eea914d549ef7f0c3d3,0.078,,,
1739,2026-05-25,SH601390,-0.0351330041885376,EXP_XGBModel_Alpha158_csi300_custom_step0_s_20260525_15,40de00fc87f54eea914d549ef7f0c3d3,0.078,,,
1740,2026-05-25,SH601618,0.013548891060054302,EXP_XGBModel_Alpha158_csi300_custom_step0_s_20260525_15,40de00fc87f54eea914d549ef7f0c3d3,0.078,,,
1741,2026-05-25,SH601728,-0.12406565994024277,EXP_XGBModel_Alpha158_csi300_custom_step0_s_20260525_15,40de00fc87f54eea914d549ef7f0c3d3,0.078,,,
1742,2026-05-25,SH601766,-0.03280675783753395,EXP_XGBModel_Alpha158_csi300_custom_step0_s_20260525_15,40de00fc87f54eea914d549ef7f0c3d3,0.078,,,
1743,2026-05-25,SH601788,-0.012900300323963165,EXP_XGBModel_Alpha158_csi300_custom_step0_s_20260525_15,40de00fc87f54eea914d549ef7f0c3d3,0.078,,,
1744,2026-05-25,SH601899,-0.014148980379104614,EXP_XGBModel_Alpha158_csi300_custom_step0_s_20260525_15,40de00fc87f54eea914d549ef7f0c3d3,0.078,,,
1745,2026-05-25,SH601898,-0.008834985084831715,EXP_XGBModel_Alpha158_csi300_custom_step0_s_20260525_15,40de00fc87f54eea914d549ef7f0c3d3,0.078,,,
1746,2026-05-25,SH601888,0.08639761805534363,EXP_XGBModel_Alpha158_csi300_custom_step0_s_20260525_15,40de00fc87f54eea914d549ef7f0c3d3,0.078,,,
1747,2026-05-25,SH601881,-0.044646408408880234,EXP_XGBModel_Alpha158_csi300_custom_step0_s_20260525_15,40de00fc87f54eea914d549ef7f0c3d3,0.078,,,
1748,2026-05-25,SH601878,-0.008925171568989754,EXP_XGBModel_Alpha158_csi300_custom_step0_s_20260525_15,40de00fc87f54eea914d549ef7f0c3d3,0.078,,,
1749,2026-05-25,SH601877,0.051267459988594055,EXP_XGBModel_Alpha158_csi300_custom_step0_s_20260525_15,40de00fc87f54eea914d549ef7f0c3d3,0.078,,,
1750,2026-05-25,SH601872,-0.22438587248325348,EXP_XGBModel_Alpha158_csi300_custom_step0_s_20260525_15,40de00fc87f54eea914d549ef7f0c3d3,0.078,,,
1751,2026-05-25,SH601868,-0.03257320076227188,EXP_XGBModel_Alpha158_csi300_custom_step0_s_20260525_15,40de00fc87f54eea914d549ef7f0c3d3,0.078,,,
1752,2026-05-25,SH601857,-0.009102157317101955,EXP_XGBModel_Alpha158_csi300_custom_step0_s_20260525_15,40de00fc87f54eea914d549ef7f0c3d3,0.078,,,
1753,2026-05-25,SH601838,-0.02599249966442585,EXP_XGBModel_Alpha158_csi300_custom_step0_s_20260525_15,40de00fc87f54eea914d549ef7f0c3d3,0.078,,,
1754,2026-05-25,SH601825,-0.01800943911075592,EXP_XGBModel_Alpha158_csi300_custom_step0_s_20260525_15,40de00fc87f54eea914d549ef7f0c3d3,0.078,,,
1755,2026-05-25,SH601818,-0.050953786820173264,EXP_XGBModel_Alpha158_csi300_custom_step0_s_20260525_15,40de00fc87f54eea914d549ef7f0c3d3,0.078,,,
1756,2026-05-25,SH601816,-0.04739179089665413,EXP_XGBModel_Alpha158_csi300_custom_step0_s_20260525_15,40de00fc87f54eea914d549ef7f0c3d3,0.078,,,
1757,2026-05-25,SH601808,0.017120203003287315,EXP_XGBModel_Alpha158_csi300_custom_step0_s_20260525_15,40de00fc87f54eea914d549ef7f0c3d3,0.078,,,
1758,2026-05-25,SH601800,0.009731875732541084,EXP_XGBModel_Alpha158_csi300_custom_step0_s_20260525_15,40de00fc87f54eea914d549ef7f0c3d3,0.078,,,
1759,2026-05-25,SH601377,-0.02436053566634655,EXP_XGBModel_Alpha158_csi300_custom_step0_s_20260525_15,40de00fc87f54eea914d549ef7f0c3d3,0.078,,,
1760,2026-05-25,SH601360,0.021007776260375977,EXP_XGBModel_Alpha158_csi300_custom_step0_s_20260525_15,40de00fc87f54eea914d549ef7f0c3d3,0.078,,,
1761,2026-05-25,SH601336,0.007742832414805889,EXP_XGBModel_Alpha158_csi300_custom_step0_s_20260525_15,40de00fc87f54eea914d549ef7f0c3d3,0.078,,,
1762,2026-05-25,SH601328,-0.057349931448698044,EXP_XGBModel_Alpha158_csi300_custom_step0_s_20260525_15,40de00fc87f54eea914d549ef7f0c3d3,0.078,,,
1763,2026-05-25,SH601077,-0.029473792761564255,EXP_XGBModel_Alpha158_csi300_custom_step0_s_20260525_15,40de00fc87f54eea914d549ef7f0c3d3,0.078,,,
1764,2026-05-25,SH601066,0.009069964289665222,EXP_XGBModel_Alpha158_csi300_custom_step0_s_20260525_15,40de00fc87f54eea914d549ef7f0c3d3,0.078,,,
1765,2026-05-25,SH601059,0.00168635044246912,EXP_XGBModel_Alpha158_csi300_custom_step0_s_20260525_15,40de00fc87f54eea914d549ef7f0c3d3,0.078,,,
1766,2026-05-25,SH601058,-0.006339447107166052,EXP_XGBModel_Alpha158_csi300_custom_step0_s_20260525_15,40de00fc87f54eea914d549ef7f0c3d3,0.078,,,
1767,2026-05-25,SH601021,0.004903115332126617,EXP_XGBModel_Alpha158_csi300_custom_step0_s_20260525_15,40de00fc87f54eea914d549ef7f0c3d3,0.078,,,
1768,2026-05-25,SH601018,-0.035235971212387085,EXP_XGBModel_Alpha158_csi300_custom_step0_s_20260525_15,40de00fc87f54eea914d549ef7f0c3d3,0.078,,,
1769,2026-05-25,SH601012,0.0860854908823967,EXP_XGBModel_Alpha158_csi300_custom_step0_s_20260525_15,40de00fc87f54eea914d549ef7f0c3d3,0.078,,,
1770,2026-05-25,SH601009,-0.04478159919381142,EXP_XGBModel_Alpha158_csi300_custom_step0_s_20260525_15,40de00fc87f54eea914d549ef7f0c3d3,0.078,,,
1771,2026-05-25,SH601006,-0.029254091903567314,EXP_XGBModel_Alpha158_csi300_custom_step0_s_20260525_15,40de00fc87f54eea914d549ef7f0c3d3,0.078,,,
1772,2026-05-25,SH600999,0.033874936401844025,EXP_XGBModel_Alpha158_csi300_custom_step0_s_20260525_15,40de00fc87f54eea914d549ef7f0c3d3,0.078,,,
1773,2026-05-25,SH600989,0.06294815242290497,EXP_XGBModel_Alpha158_csi300_custom_step0_s_20260525_15,40de00fc87f54eea914d549ef7f0c3d3,0.078,,,
1774,2026-05-25,SH600958,-0.0037283897399902344,EXP_XGBModel_Alpha158_csi300_custom_step0_s_20260525_15,40de00fc87f54eea914d549ef7f0c3d3,0.078,,,
1775,2026-05-25,SH600941,-0.014581184834241867,EXP_XGBModel_Alpha158_csi300_custom_step0_s_20260525_15,40de00fc87f54eea914d549ef7f0c3d3,0.078,,,
1776,2026-05-25,SH600938,0.006885377690196037,EXP_XGBModel_Alpha158_csi300_custom_step0_s_20260525_15,40de00fc87f54eea914d549ef7f0c3d3,0.078,,,
1777,2026-05-25,SH600930,0.011918195523321629,EXP_XGBModel_Alpha158_csi300_custom_step0_s_20260525_15,40de00fc87f54eea914d549ef7f0c3d3,0.078,,,
1778,2026-05-25,SH601088,0.039176326245069504,EXP_XGBModel_Alpha158_csi300_custom_step0_s_20260525_15,40de00fc87f54eea914d549ef7f0c3d3,0.078,,,
1779,2026-05-25,SH600919,-0.006773612927645445,EXP_XGBModel_Alpha158_csi300_custom_step0_s_20260525_15,40de00fc87f54eea914d549ef7f0c3d3,0.078,,,
1780,2026-05-25,SH601100,-0.023440856486558914,EXP_XGBModel_Alpha158_csi300_custom_step0_s_20260525_15,40de00fc87f54eea914d549ef7f0c3d3,0.078,,,
1781,2026-05-25,SH601117,-0.031207306310534477,EXP_XGBModel_Alpha158_csi300_custom_step0_s_20260525_15,40de00fc87f54eea914d549ef7f0c3d3,0.078,,,
1782,2026-05-25,SH601319,0.006414067931473255,EXP_XGBModel_Alpha158_csi300_custom_step0_s_20260525_15,40de00fc87f54eea914d549ef7f0c3d3,0.078,,,
1783,2026-05-25,SH601318,-0.01593671925365925,EXP_XGBModel_Alpha158_csi300_custom_step0_s_20260525_15,40de00fc87f54eea914d549ef7f0c3d3,0.078,,,
1784,2026-05-25,SH601298,-0.02617400884628296,EXP_XGBModel_Alpha158_csi300_custom_step0_s_20260525_15,40de00fc87f54eea914d549ef7f0c3d3,0.078,,,
1785,2026-05-25,SH601288,-0.029255852103233337,EXP_XGBModel_Alpha158_csi300_custom_step0_s_20260525_15,40de00fc87f54eea914d549ef7f0c3d3,0.078,,,
1786,2026-05-25,SH601238,-0.014315297827124596,EXP_XGBModel_Alpha158_csi300_custom_step0_s_20260525_15,40de00fc87f54eea914d549ef7f0c3d3,0.078,,,
1787,2026-05-25,SH601236,-0.03993868827819824,EXP_XGBModel_Alpha158_csi300_custom_step0_s_20260525_15,40de00fc87f54eea914d549ef7f0c3d3,0.078,,,
1788,2026-05-25,SH601229,-0.04814651608467102,EXP_XGBModel_Alpha158_csi300_custom_step0_s_20260525_15,40de00fc87f54eea914d549ef7f0c3d3,0.078,,,
1789,2026-05-25,SH601225,0.04346400499343872,EXP_XGBModel_Alpha158_csi300_custom_step0_s_20260525_15,40de00fc87f54eea914d549ef7f0c3d3,0.078,,,
1790,2026-05-25,SH601211,-0.03822832927107811,EXP_XGBModel_Alpha158_csi300_custom_step0_s_20260525_15,40de00fc87f54eea914d549ef7f0c3d3,0.078,,,
1791,2026-05-25,SH601186,-0.05329018086194992,EXP_XGBModel_Alpha158_csi300_custom_step0_s_20260525_15,40de00fc87f54eea914d549ef7f0c3d3,0.078,,,
1792,2026-05-25,SH601169,-0.05471349135041237,EXP_XGBModel_Alpha158_csi300_custom_step0_s_20260525_15,40de00fc87f54eea914d549ef7f0c3d3,0.078,,,
1793,2026-05-25,SH601166,-0.027925588190555573,EXP_XGBModel_Alpha158_csi300_custom_step0_s_20260525_15,40de00fc87f54eea914d549ef7f0c3d3,0.078,,,
1794,2026-05-25,SH601138,-0.032073065638542175,EXP_XGBModel_Alpha158_csi300_custom_step0_s_20260525_15,40de00fc87f54eea914d549ef7f0c3d3,0.078,,,
1795,2026-05-25,SH601136,-0.01749122515320778,EXP_XGBModel_Alpha158_csi300_custom_step0_s_20260525_15,40de00fc87f54eea914d549ef7f0c3d3,0.078,,,
1796,2026-05-25,SH601127,-0.018057972192764282,EXP_XGBModel_Alpha158_csi300_custom_step0_s_20260525_15,40de00fc87f54eea914d549ef7f0c3d3,0.078,,,
1797,2026-05-25,SH601111,-0.009591503068804741,EXP_XGBModel_Alpha158_csi300_custom_step0_s_20260525_15,40de00fc87f54eea914d549ef7f0c3d3,0.078,,,
1798,2026-05-25,SH600000,0.031085507944226265,EXP_LinearModel_Alpha158_csi300_custom_step0_s_20260525_15,e51d6b7ee8c24470a57211d7842c1378,0.021,,,
1799,2026-05-25,SH600000,0.0004011932178400457,EXP_XGBModel_Alpha158_csi300_custom_step0_s_20260525_15,faea0b44b6e645a68f948067aea3d07b,0.057,,,
1800,2026-05-25,SZ301269,-0.027573391795158386,EXP_LinearModel_Alpha158_csi300_custom_step0_s_20260525_15,671e282f8b41416ab8a9e7985602f66e,0.119,,,
1801,2026-05-25,SZ000596,-0.00023953401250764728,EXP_LinearModel_Alpha158_csi300_custom_step0_s_20260525_15,e51d6b7ee8c24470a57211d7842c1378,0.021,,,
1802,2026-05-25,SZ000568,0.030276812613010406,EXP_LinearModel_Alpha158_csi300_custom_step0_s_20260525_15,e51d6b7ee8c24470a57211d7842c1378,0.021,,,
1803,2026-05-25,SZ000538,-0.1387132853269577,EXP_LinearModel_Alpha158_csi300_custom_step0_s_20260525_15,e51d6b7ee8c24470a57211d7842c1378,0.021,,,
1804,2026-05-25,SZ000425,-0.011874580755829811,EXP_LinearModel_Alpha158_csi300_custom_step0_s_20260525_15,e51d6b7ee8c24470a57211d7842c1378,0.021,,,
1805,2026-05-25,SZ000408,0.00737921753898263,EXP_LinearModel_Alpha158_csi300_custom_step0_s_20260525_15,e51d6b7ee8c24470a57211d7842c1378,0.021,,,
1806,2026-05-25,SZ000338,0.0918976441025734,EXP_LinearModel_Alpha158_csi300_custom_step0_s_20260525_15,e51d6b7ee8c24470a57211d7842c1378,0.021,,,
1807,2026-05-25,SZ000617,-0.05390314757823944,EXP_LinearModel_Alpha158_csi300_custom_step0_s_20260525_15,e51d6b7ee8c24470a57211d7842c1378,0.021,,,
1808,2026-05-25,SZ000333,0.02917763963341713,EXP_LinearModel_Alpha158_csi300_custom_step0_s_20260525_15,e51d6b7ee8c24470a57211d7842c1378,0.021,,,
1809,2026-05-25,SZ000166,-0.047568827867507935,EXP_LinearModel_Alpha158_csi300_custom_step0_s_20260525_15,e51d6b7ee8c24470a57211d7842c1378,0.021,,,
1810,2026-05-25,SZ000157,-0.013026927597820759,EXP_LinearModel_Alpha158_csi300_custom_step0_s_20260525_15,e51d6b7ee8c24470a57211d7842c1378,0.021,,,
1811,2026-05-25,SZ000100,0.014589473605155945,EXP_LinearModel_Alpha158_csi300_custom_step0_s_20260525_15,e51d6b7ee8c24470a57211d7842c1378,0.021,,,
1812,2026-05-25,SZ000063,0.04646596312522888,EXP_LinearModel_Alpha158_csi300_custom_step0_s_20260525_15,e51d6b7ee8c24470a57211d7842c1378,0.021,,,
1813,2026-05-25,SZ000002,0.016703566536307335,EXP_LinearModel_Alpha158_csi300_custom_step0_s_20260525_15,e51d6b7ee8c24470a57211d7842c1378,0.021,,,
1814,2026-05-25,SZ000001,-0.09601420909166336,EXP_LinearModel_Alpha158_csi300_custom_step0_s_20260525_15,e51d6b7ee8c24470a57211d7842c1378,0.021,,,
1815,2026-05-25,SZ000301,0.021613823249936104,EXP_LinearModel_Alpha158_csi300_custom_step0_s_20260525_15,e51d6b7ee8c24470a57211d7842c1378,0.021,,,
1816,2026-05-25,SZ000625,0.021379750221967697,EXP_LinearModel_Alpha158_csi300_custom_step0_s_20260525_15,e51d6b7ee8c24470a57211d7842c1378,0.021,,,
1817,2026-05-25,SZ000630,-0.05618327111005783,EXP_LinearModel_Alpha158_csi300_custom_step0_s_20260525_15,e51d6b7ee8c24470a57211d7842c1378,0.021,,,
1818,2026-05-25,SZ000651,-0.011342615820467472,EXP_LinearModel_Alpha158_csi300_custom_step0_s_20260525_15,e51d6b7ee8c24470a57211d7842c1378,0.021,,,
1819,2026-05-25,SZ000977,0.0529252253472805,EXP_LinearModel_Alpha158_csi300_custom_step0_s_20260525_15,e51d6b7ee8c24470a57211d7842c1378,0.021,,,
1820,2026-05-25,SZ000975,-0.015412310138344765,EXP_LinearModel_Alpha158_csi300_custom_step0_s_20260525_15,e51d6b7ee8c24470a57211d7842c1378,0.021,,,
1821,2026-05-25,SZ000963,-0.11689822375774384,EXP_LinearModel_Alpha158_csi300_custom_step0_s_20260525_15,e51d6b7ee8c24470a57211d7842c1378,0.021,,,
1822,2026-05-25,SZ000938,0.13020944595336914,EXP_LinearModel_Alpha158_csi300_custom_step0_s_20260525_15,e51d6b7ee8c24470a57211d7842c1378,0.021,,,
1823,2026-05-25,SZ000895,-0.01969393901526928,EXP_LinearModel_Alpha158_csi300_custom_step0_s_20260525_15,e51d6b7ee8c24470a57211d7842c1378,0.021,,,
1824,2026-05-25,SZ000876,-0.04144064337015152,EXP_LinearModel_Alpha158_csi300_custom_step0_s_20260525_15,e51d6b7ee8c24470a57211d7842c1378,0.021,,,
1825,2026-05-25,SZ000858,-0.017215512692928314,EXP_LinearModel_Alpha158_csi300_custom_step0_s_20260525_15,e51d6b7ee8c24470a57211d7842c1378,0.021,,,
1826,2026-05-25,SZ000807,0.07295501977205276,EXP_LinearModel_Alpha158_csi300_custom_step0_s_20260525_15,e51d6b7ee8c24470a57211d7842c1378,0.021,,,
1827,2026-05-25,SZ000792,-0.011100328527390957,EXP_LinearModel_Alpha158_csi300_custom_step0_s_20260525_15,e51d6b7ee8c24470a57211d7842c1378,0.021,,,
1828,2026-05-25,SZ000786,0.014795603230595589,EXP_LinearModel_Alpha158_csi300_custom_step0_s_20260525_15,e51d6b7ee8c24470a57211d7842c1378,0.021,,,
1829,2026-05-25,SZ000776,-0.0408787801861763,EXP_LinearModel_Alpha158_csi300_custom_step0_s_20260525_15,e51d6b7ee8c24470a57211d7842c1378,0.021,,,
1830,2026-05-25,SZ000768,-0.07553732395172119,EXP_LinearModel_Alpha158_csi300_custom_step0_s_20260525_15,e51d6b7ee8c24470a57211d7842c1378,0.021,,,
1831,2026-05-25,SZ000725,-0.06625919789075851,EXP_LinearModel_Alpha158_csi300_custom_step0_s_20260525_15,e51d6b7ee8c24470a57211d7842c1378,0.021,,,
1832,2026-05-25,SZ000708,0.005587568506598473,EXP_LinearModel_Alpha158_csi300_custom_step0_s_20260525_15,e51d6b7ee8c24470a57211d7842c1378,0.021,,,
1833,2026-05-25,SZ000661,-0.017966773360967636,EXP_LinearModel_Alpha158_csi300_custom_step0_s_20260525_15,e51d6b7ee8c24470a57211d7842c1378,0.021,,,
1834,2026-05-25,SH688981,0.052297838032245636,EXP_LinearModel_Alpha158_csi300_custom_step0_s_20260525_15,e51d6b7ee8c24470a57211d7842c1378,0.021,,,
1835,2026-05-25,SH688506,0.04786727577447891,EXP_LinearModel_Alpha158_csi300_custom_step0_s_20260525_15,e51d6b7ee8c24470a57211d7842c1378,0.021,,,
1836,2026-05-25,SH688472,0.03807017579674721,EXP_LinearModel_Alpha158_csi300_custom_step0_s_20260525_15,e51d6b7ee8c24470a57211d7842c1378,0.021,,,
1837,2026-05-25,SH688396,0.08504042029380798,EXP_LinearModel_Alpha158_csi300_custom_step0_s_20260525_15,e51d6b7ee8c24470a57211d7842c1378,0.021,,,
1838,2026-05-25,SH603893,-0.0561615526676178,EXP_LinearModel_Alpha158_csi300_custom_step0_s_20260525_15,e51d6b7ee8c24470a57211d7842c1378,0.021,,,
1839,2026-05-25,SH603799,0.060328226536512375,EXP_LinearModel_Alpha158_csi300_custom_step0_s_20260525_15,e51d6b7ee8c24470a57211d7842c1378,0.021,,,
1840,2026-05-25,SH603501,0.04990662261843681,EXP_LinearModel_Alpha158_csi300_custom_step0_s_20260525_15,e51d6b7ee8c24470a57211d7842c1378,0.021,,,
1841,2026-05-25,SH603392,0.12037290632724762,EXP_LinearModel_Alpha158_csi300_custom_step0_s_20260525_15,e51d6b7ee8c24470a57211d7842c1378,0.021,,,
1842,2026-05-25,SH603369,0.06341804563999176,EXP_LinearModel_Alpha158_csi300_custom_step0_s_20260525_15,e51d6b7ee8c24470a57211d7842c1378,0.021,,,
1843,2026-05-25,SH603296,0.048014700412750244,EXP_LinearModel_Alpha158_csi300_custom_step0_s_20260525_15,e51d6b7ee8c24470a57211d7842c1378,0.021,,,
1844,2026-05-25,SH603288,-0.09712666273117065,EXP_LinearModel_Alpha158_csi300_custom_step0_s_20260525_15,e51d6b7ee8c24470a57211d7842c1378,0.021,,,
1845,2026-05-25,SH603260,0.031584739685058594,EXP_LinearModel_Alpha158_csi300_custom_step0_s_20260525_15,e51d6b7ee8c24470a57211d7842c1378,0.021,,,
1846,2026-05-25,SH603259,0.03794591873884201,EXP_LinearModel_Alpha158_csi300_custom_step0_s_20260525_15,e51d6b7ee8c24470a57211d7842c1378,0.021,,,
1847,2026-05-25,SH603195,-0.027753686532378197,EXP_LinearModel_Alpha158_csi300_custom_step0_s_20260525_15,e51d6b7ee8c24470a57211d7842c1378,0.021,,,
1848,2026-05-25,SH603019,0.024889100342988968,EXP_LinearModel_Alpha158_csi300_custom_step0_s_20260525_15,e51d6b7ee8c24470a57211d7842c1378,0.021,,,
1849,2026-05-25,SH601998,-0.12905040383338928,EXP_LinearModel_Alpha158_csi300_custom_step0_s_20260525_15,e51d6b7ee8c24470a57211d7842c1378,0.021,,,
1850,2026-05-25,SH601995,0.032998234033584595,EXP_LinearModel_Alpha158_csi300_custom_step0_s_20260525_15,e51d6b7ee8c24470a57211d7842c1378,0.021,,,
1851,2026-05-25,SH601988,0.01137104444205761,EXP_LinearModel_Alpha158_csi300_custom_step0_s_20260525_15,e51d6b7ee8c24470a57211d7842c1378,0.021,,,
1852,2026-05-25,SH601985,-0.012796904891729355,EXP_LinearModel_Alpha158_csi300_custom_step0_s_20260525_15,e51d6b7ee8c24470a57211d7842c1378,0.021,,,
1853,2026-05-25,SH603986,-0.1714649498462677,EXP_LinearModel_Alpha158_csi300_custom_step0_s_20260525_15,e51d6b7ee8c24470a57211d7842c1378,0.021,,,
1854,2026-05-25,SZ000983,-0.013212844729423523,EXP_LinearModel_Alpha158_csi300_custom_step0_s_20260525_15,e51d6b7ee8c24470a57211d7842c1378,0.021,,,
1855,2026-05-25,SH603993,-0.032070569694042206,EXP_LinearModel_Alpha158_csi300_custom_step0_s_20260525_15,e51d6b7ee8c24470a57211d7842c1378,0.021,,,
1856,2026-05-25,SH605499,0.01667061634361744,EXP_LinearModel_Alpha158_csi300_custom_step0_s_20260525_15,e51d6b7ee8c24470a57211d7842c1378,0.021,,,
1857,2026-05-25,SH688303,0.039876747876405716,EXP_LinearModel_Alpha158_csi300_custom_step0_s_20260525_15,e51d6b7ee8c24470a57211d7842c1378,0.021,,,
1858,2026-05-25,SH688271,0.0497368685901165,EXP_LinearModel_Alpha158_csi300_custom_step0_s_20260525_15,e51d6b7ee8c24470a57211d7842c1378,0.021,,,
1859,2026-05-25,SH688256,-0.1567363739013672,EXP_LinearModel_Alpha158_csi300_custom_step0_s_20260525_15,e51d6b7ee8c24470a57211d7842c1378,0.021,,,
1860,2026-05-25,SH688223,-0.03844977915287018,EXP_LinearModel_Alpha158_csi300_custom_step0_s_20260525_15,e51d6b7ee8c24470a57211d7842c1378,0.021,,,
1861,2026-05-25,SH688187,-0.18812984228134155,EXP_LinearModel_Alpha158_csi300_custom_step0_s_20260525_15,e51d6b7ee8c24470a57211d7842c1378,0.021,,,
1862,2026-05-25,SH688169,0.007146582938730717,EXP_LinearModel_Alpha158_csi300_custom_step0_s_20260525_15,e51d6b7ee8c24470a57211d7842c1378,0.021,,,
1863,2026-05-25,SH688126,-0.06857798248529434,EXP_LinearModel_Alpha158_csi300_custom_step0_s_20260525_15,e51d6b7ee8c24470a57211d7842c1378,0.021,,,
1864,2026-05-25,SH688111,0.010275356471538544,EXP_LinearModel_Alpha158_csi300_custom_step0_s_20260525_15,e51d6b7ee8c24470a57211d7842c1378,0.021,,,
1865,2026-05-25,SH688082,0.034894801676273346,EXP_LinearModel_Alpha158_csi300_custom_step0_s_20260525_15,e51d6b7ee8c24470a57211d7842c1378,0.021,,,
1866,2026-05-25,SH688047,0.12499921023845673,EXP_LinearModel_Alpha158_csi300_custom_step0_s_20260525_15,e51d6b7ee8c24470a57211d7842c1378,0.021,,,
1867,2026-05-25,SH688041,0.13923141360282898,EXP_LinearModel_Alpha158_csi300_custom_step0_s_20260525_15,e51d6b7ee8c24470a57211d7842c1378,0.021,,,
1868,2026-05-25,SH688036,0.01161167398095131,EXP_LinearModel_Alpha158_csi300_custom_step0_s_20260525_15,e51d6b7ee8c24470a57211d7842c1378,0.021,,,
1869,2026-05-25,SH688012,0.046264905482530594,EXP_LinearModel_Alpha158_csi300_custom_step0_s_20260525_15,e51d6b7ee8c24470a57211d7842c1378,0.021,,,
1870,2026-05-25,SH688009,-0.04459512606263161,EXP_LinearModel_Alpha158_csi300_custom_step0_s_20260525_15,e51d6b7ee8c24470a57211d7842c1378,0.021,,,
1871,2026-05-25,SH688008,-0.028407679870724678,EXP_LinearModel_Alpha158_csi300_custom_step0_s_20260525_15,e51d6b7ee8c24470a57211d7842c1378,0.021,,,
1872,2026-05-25,SH605117,0.005713860969990492,EXP_LinearModel_Alpha158_csi300_custom_step0_s_20260525_15,e51d6b7ee8c24470a57211d7842c1378,0.021,,,
1873,2026-05-25,SH601939,0.016977623105049133,EXP_LinearModel_Alpha158_csi300_custom_step0_s_20260525_15,e51d6b7ee8c24470a57211d7842c1378,0.021,,,
1874,2026-05-25,SZ000999,-0.015992971137166023,EXP_LinearModel_Alpha158_csi300_custom_step0_s_20260525_15,e51d6b7ee8c24470a57211d7842c1378,0.021,,,
1875,2026-05-25,SZ001965,0.05206703394651413,EXP_LinearModel_Alpha158_csi300_custom_step0_s_20260525_15,e51d6b7ee8c24470a57211d7842c1378,0.021,,,
1876,2026-05-25,SZ300413,-0.01992439478635788,EXP_LinearModel_Alpha158_csi300_custom_step0_s_20260525_15,e51d6b7ee8c24470a57211d7842c1378,0.021,,,
1877,2026-05-25,SZ300408,-0.18831071257591248,EXP_LinearModel_Alpha158_csi300_custom_step0_s_20260525_15,e51d6b7ee8c24470a57211d7842c1378,0.021,,,
1878,2026-05-25,SZ300394,-0.05073960870504379,EXP_LinearModel_Alpha158_csi300_custom_step0_s_20260525_15,e51d6b7ee8c24470a57211d7842c1378,0.021,,,
1879,2026-05-25,SZ300347,0.10513101518154144,EXP_LinearModel_Alpha158_csi300_custom_step0_s_20260525_15,e51d6b7ee8c24470a57211d7842c1378,0.021,,,
1880,2026-05-25,SZ300316,-0.13697554171085358,EXP_LinearModel_Alpha158_csi300_custom_step0_s_20260525_15,e51d6b7ee8c24470a57211d7842c1378,0.021,,,
1881,2026-05-25,SZ300308,-0.06620382517576218,EXP_LinearModel_Alpha158_csi300_custom_step0_s_20260525_15,e51d6b7ee8c24470a57211d7842c1378,0.021,,,
1882,2026-05-25,SZ300418,0.031652383506298065,EXP_LinearModel_Alpha158_csi300_custom_step0_s_20260525_15,e51d6b7ee8c24470a57211d7842c1378,0.021,,,
1883,2026-05-25,SZ300274,-0.12051767110824585,EXP_LinearModel_Alpha158_csi300_custom_step0_s_20260525_15,e51d6b7ee8c24470a57211d7842c1378,0.021,,,
1884,2026-05-25,SZ300124,-0.03884784132242203,EXP_LinearModel_Alpha158_csi300_custom_step0_s_20260525_15,e51d6b7ee8c24470a57211d7842c1378,0.021,,,
1885,2026-05-25,SZ300122,0.03400823846459389,EXP_LinearModel_Alpha158_csi300_custom_step0_s_20260525_15,e51d6b7ee8c24470a57211d7842c1378,0.021,,,
1886,2026-05-25,SZ300059,0.023349884897470474,EXP_LinearModel_Alpha158_csi300_custom_step0_s_20260525_15,e51d6b7ee8c24470a57211d7842c1378,0.021,,,
1887,2026-05-25,SZ300033,0.059612371027469635,EXP_LinearModel_Alpha158_csi300_custom_step0_s_20260525_15,e51d6b7ee8c24470a57211d7842c1378,0.021,,,
1888,2026-05-25,SZ300015,0.0969386100769043,EXP_LinearModel_Alpha158_csi300_custom_step0_s_20260525_15,e51d6b7ee8c24470a57211d7842c1378,0.021,,,
1889,2026-05-25,SZ300014,0.04910743609070778,EXP_LinearModel_Alpha158_csi300_custom_step0_s_20260525_15,e51d6b7ee8c24470a57211d7842c1378,0.021,,,
1890,2026-05-25,SZ300251,-0.023706089705228806,EXP_LinearModel_Alpha158_csi300_custom_step0_s_20260525_15,e51d6b7ee8c24470a57211d7842c1378,0.021,,,
1891,2026-05-25,SZ300433,-0.05238458514213562,EXP_LinearModel_Alpha158_csi300_custom_step0_s_20260525_15,e51d6b7ee8c24470a57211d7842c1378,0.021,,,
1892,2026-05-25,SZ300442,-0.002624240703880787,EXP_LinearModel_Alpha158_csi300_custom_step0_s_20260525_15,e51d6b7ee8c24470a57211d7842c1378,0.021,,,
1893,2026-05-25,SZ300476,-0.07823440432548523,EXP_LinearModel_Alpha158_csi300_custom_step0_s_20260525_15,e51d6b7ee8c24470a57211d7842c1378,0.021,,,
1894,2026-05-25,SZ301236,0.07091724127531052,EXP_LinearModel_Alpha158_csi300_custom_step0_s_20260525_15,e51d6b7ee8c24470a57211d7842c1378,0.021,,,
1895,2026-05-25,SZ300999,-0.10189379006624222,EXP_LinearModel_Alpha158_csi300_custom_step0_s_20260525_15,e51d6b7ee8c24470a57211d7842c1378,0.021,,,
1896,2026-05-25,SZ300979,0.05230647698044777,EXP_LinearModel_Alpha158_csi300_custom_step0_s_20260525_15,e51d6b7ee8c24470a57211d7842c1378,0.021,,,
1897,2026-05-25,SZ300896,-0.050030697137117386,EXP_LinearModel_Alpha158_csi300_custom_step0_s_20260525_15,e51d6b7ee8c24470a57211d7842c1378,0.021,,,
1898,2026-05-25,SZ300866,0.08809502422809601,EXP_LinearModel_Alpha158_csi300_custom_step0_s_20260525_15,e51d6b7ee8c24470a57211d7842c1378,0.021,,,
1899,2026-05-25,SZ300832,-0.00758524751290679,EXP_LinearModel_Alpha158_csi300_custom_step0_s_20260525_15,e51d6b7ee8c24470a57211d7842c1378,0.021,,,
1900,2026-05-25,SZ300803,0.08807079493999481,EXP_LinearModel_Alpha158_csi300_custom_step0_s_20260525_15,e51d6b7ee8c24470a57211d7842c1378,0.021,,,
1901,2026-05-25,SZ300782,-0.044922783970832825,EXP_LinearModel_Alpha158_csi300_custom_step0_s_20260525_15,e51d6b7ee8c24470a57211d7842c1378,0.021,,,
1902,2026-05-25,SZ300760,0.05130209028720856,EXP_LinearModel_Alpha158_csi300_custom_step0_s_20260525_15,e51d6b7ee8c24470a57211d7842c1378,0.021,,,
1903,2026-05-25,SZ300759,0.035575516521930695,EXP_LinearModel_Alpha158_csi300_custom_step0_s_20260525_15,e51d6b7ee8c24470a57211d7842c1378,0.021,,,
1904,2026-05-25,SZ300750,-0.09466441720724106,EXP_LinearModel_Alpha158_csi300_custom_step0_s_20260525_15,e51d6b7ee8c24470a57211d7842c1378,0.021,,,
1905,2026-05-25,SZ300661,0.04606318473815918,EXP_LinearModel_Alpha158_csi300_custom_step0_s_20260525_15,e51d6b7ee8c24470a57211d7842c1378,0.021,,,
1906,2026-05-25,SZ300628,0.06121623516082764,EXP_LinearModel_Alpha158_csi300_custom_step0_s_20260525_15,e51d6b7ee8c24470a57211d7842c1378,0.021,,,
1907,2026-05-25,SZ300502,-0.00019397953292354941,EXP_LinearModel_Alpha158_csi300_custom_step0_s_20260525_15,e51d6b7ee8c24470a57211d7842c1378,0.021,,,
1908,2026-05-25,SZ300498,0.009583286009728909,EXP_LinearModel_Alpha158_csi300_custom_step0_s_20260525_15,e51d6b7ee8c24470a57211d7842c1378,0.021,,,
1909,2026-05-25,SZ003816,0.08916963636875153,EXP_LinearModel_Alpha158_csi300_custom_step0_s_20260525_15,e51d6b7ee8c24470a57211d7842c1378,0.021,,,
1910,2026-05-25,SZ002938,-0.07068096846342087,EXP_LinearModel_Alpha158_csi300_custom_step0_s_20260525_15,e51d6b7ee8c24470a57211d7842c1378,0.021,,,
1911,2026-05-25,SZ002920,-0.009299272671341896,EXP_LinearModel_Alpha158_csi300_custom_step0_s_20260525_15,e51d6b7ee8c24470a57211d7842c1378,0.021,,,
1912,2026-05-25,SZ002916,-0.0761481299996376,EXP_LinearModel_Alpha158_csi300_custom_step0_s_20260525_15,e51d6b7ee8c24470a57211d7842c1378,0.021,,,
1913,2026-05-25,SZ002311,-0.037728823721408844,EXP_LinearModel_Alpha158_csi300_custom_step0_s_20260525_15,e51d6b7ee8c24470a57211d7842c1378,0.021,,,
1914,2026-05-25,SZ002304,-0.04447612911462784,EXP_LinearModel_Alpha158_csi300_custom_step0_s_20260525_15,e51d6b7ee8c24470a57211d7842c1378,0.021,,,
1915,2026-05-25,SZ002252,-0.010363727807998657,EXP_LinearModel_Alpha158_csi300_custom_step0_s_20260525_15,e51d6b7ee8c24470a57211d7842c1378,0.021,,,
1916,2026-05-25,SZ002241,0.03732779249548912,EXP_LinearModel_Alpha158_csi300_custom_step0_s_20260525_15,e51d6b7ee8c24470a57211d7842c1378,0.021,,,
1917,2026-05-25,SZ002236,0.05403086915612221,EXP_LinearModel_Alpha158_csi300_custom_step0_s_20260525_15,e51d6b7ee8c24470a57211d7842c1378,0.021,,,
1918,2026-05-25,SZ002230,0.058459196239709854,EXP_LinearModel_Alpha158_csi300_custom_step0_s_20260525_15,e51d6b7ee8c24470a57211d7842c1378,0.021,,,
1919,2026-05-25,SZ002179,0.046714842319488525,EXP_LinearModel_Alpha158_csi300_custom_step0_s_20260525_15,e51d6b7ee8c24470a57211d7842c1378,0.021,,,
1920,2026-05-25,SZ002142,-0.018746456131339073,EXP_LinearModel_Alpha158_csi300_custom_step0_s_20260525_15,e51d6b7ee8c24470a57211d7842c1378,0.021,,,
1921,2026-05-25,SZ002074,0.027201373130083084,EXP_LinearModel_Alpha158_csi300_custom_step0_s_20260525_15,e51d6b7ee8c24470a57211d7842c1378,0.021,,,
1922,2026-05-25,SZ002050,-0.050671909004449844,EXP_LinearModel_Alpha158_csi300_custom_step0_s_20260525_15,e51d6b7ee8c24470a57211d7842c1378,0.021,,,
1923,2026-05-25,SZ002049,0.014092870056629181,EXP_LinearModel_Alpha158_csi300_custom_step0_s_20260525_15,e51d6b7ee8c24470a57211d7842c1378,0.021,,,
1924,2026-05-25,SZ002028,-0.06338337808847427,EXP_LinearModel_Alpha158_csi300_custom_step0_s_20260525_15,e51d6b7ee8c24470a57211d7842c1378,0.021,,,
1925,2026-05-25,SZ002027,-0.05883517861366272,EXP_LinearModel_Alpha158_csi300_custom_step0_s_20260525_15,e51d6b7ee8c24470a57211d7842c1378,0.021,,,
1926,2026-05-25,SZ002001,0.00906316563487053,EXP_LinearModel_Alpha158_csi300_custom_step0_s_20260525_15,e51d6b7ee8c24470a57211d7842c1378,0.021,,,
1927,2026-05-25,SZ001979,0.006941795814782381,EXP_LinearModel_Alpha158_csi300_custom_step0_s_20260525_15,e51d6b7ee8c24470a57211d7842c1378,0.021,,,
1928,2026-05-25,SZ002352,0.023850122466683388,EXP_LinearModel_Alpha158_csi300_custom_step0_s_20260525_15,e51d6b7ee8c24470a57211d7842c1378,0.021,,,
1929,2026-05-25,SZ001391,-0.050190556794404984,EXP_LinearModel_Alpha158_csi300_custom_step0_s_20260525_15,e51d6b7ee8c24470a57211d7842c1378,0.021,,,
1930,2026-05-25,SZ002371,-0.026116259396076202,EXP_LinearModel_Alpha158_csi300_custom_step0_s_20260525_15,e51d6b7ee8c24470a57211d7842c1378,0.021,,,
1931,2026-05-25,SZ002415,0.029479799792170525,EXP_LinearModel_Alpha158_csi300_custom_step0_s_20260525_15,e51d6b7ee8c24470a57211d7842c1378,0.021,,,
1932,2026-05-25,SZ002736,-0.022971270605921745,EXP_LinearModel_Alpha158_csi300_custom_step0_s_20260525_15,e51d6b7ee8c24470a57211d7842c1378,0.021,,,
1933,2026-05-25,SZ002714,-0.07881231606006622,EXP_LinearModel_Alpha158_csi300_custom_step0_s_20260525_15,e51d6b7ee8c24470a57211d7842c1378,0.021,,,
1934,2026-05-25,SZ002709,0.15493342280387878,EXP_LinearModel_Alpha158_csi300_custom_step0_s_20260525_15,e51d6b7ee8c24470a57211d7842c1378,0.021,,,
1935,2026-05-25,SZ002648,0.06217005476355553,EXP_LinearModel_Alpha158_csi300_custom_step0_s_20260525_15,e51d6b7ee8c24470a57211d7842c1378,0.021,,,
1936,2026-05-25,SZ002625,0.007918132469058037,EXP_LinearModel_Alpha158_csi300_custom_step0_s_20260525_15,e51d6b7ee8c24470a57211d7842c1378,0.021,,,
1937,2026-05-25,SZ002601,-0.01325927209109068,EXP_LinearModel_Alpha158_csi300_custom_step0_s_20260525_15,e51d6b7ee8c24470a57211d7842c1378,0.021,,,
1938,2026-05-25,SZ002600,0.026286810636520386,EXP_LinearModel_Alpha158_csi300_custom_step0_s_20260525_15,e51d6b7ee8c24470a57211d7842c1378,0.021,,,
1939,2026-05-25,SZ002594,-0.0537363700568676,EXP_LinearModel_Alpha158_csi300_custom_step0_s_20260525_15,e51d6b7ee8c24470a57211d7842c1378,0.021,,,
1940,2026-05-25,SZ002493,0.027897434309124947,EXP_LinearModel_Alpha158_csi300_custom_step0_s_20260525_15,e51d6b7ee8c24470a57211d7842c1378,0.021,,,
1941,2026-05-25,SZ002475,0.003417255589738488,EXP_LinearModel_Alpha158_csi300_custom_step0_s_20260525_15,e51d6b7ee8c24470a57211d7842c1378,0.021,,,
1942,2026-05-25,SZ002466,0.06581577658653259,EXP_LinearModel_Alpha158_csi300_custom_step0_s_20260525_15,e51d6b7ee8c24470a57211d7842c1378,0.021,,,
1943,2026-05-25,SZ002463,-0.0740959495306015,EXP_LinearModel_Alpha158_csi300_custom_step0_s_20260525_15,e51d6b7ee8c24470a57211d7842c1378,0.021,,,
1944,2026-05-25,SZ002460,0.035822849720716476,EXP_LinearModel_Alpha158_csi300_custom_step0_s_20260525_15,e51d6b7ee8c24470a57211d7842c1378,0.021,,,
1945,2026-05-25,SZ002459,-0.06223001703619957,EXP_LinearModel_Alpha158_csi300_custom_step0_s_20260525_15,e51d6b7ee8c24470a57211d7842c1378,0.021,,,
1946,2026-05-25,SZ002422,-0.0851362943649292,EXP_LinearModel_Alpha158_csi300_custom_step0_s_20260525_15,e51d6b7ee8c24470a57211d7842c1378,0.021,,,
1947,2026-05-25,SZ002384,0.13121891021728516,EXP_LinearModel_Alpha158_csi300_custom_step0_s_20260525_15,e51d6b7ee8c24470a57211d7842c1378,0.021,,,
1948,2026-05-25,SZ301269,0.1312565803527832,EXP_LinearModel_Alpha158_csi300_custom_step0_s_20260525_15,e51d6b7ee8c24470a57211d7842c1378,0.021,,,
1949,2026-05-25,SH601919,0.004929123446345329,EXP_LinearModel_Alpha158_csi300_custom_step0_s_20260525_15,e51d6b7ee8c24470a57211d7842c1378,0.021,,,
1950,2026-05-25,SH601901,0.04788925498723984,EXP_LinearModel_Alpha158_csi300_custom_step0_s_20260525_15,e51d6b7ee8c24470a57211d7842c1378,0.021,,,
1951,2026-05-25,SH600547,0.01784914918243885,EXP_LinearModel_Alpha158_csi300_custom_step0_s_20260525_15,e51d6b7ee8c24470a57211d7842c1378,0.021,,,
1952,2026-05-25,SH600522,0.25278642773628235,EXP_LinearModel_Alpha158_csi300_custom_step0_s_20260525_15,e51d6b7ee8c24470a57211d7842c1378,0.021,,,
1953,2026-05-25,SH600519,-0.07533655315637589,EXP_LinearModel_Alpha158_csi300_custom_step0_s_20260525_15,e51d6b7ee8c24470a57211d7842c1378,0.021,,,
1954,2026-05-25,SH600515,-0.05980256199836731,EXP_LinearModel_Alpha158_csi300_custom_step0_s_20260525_15,e51d6b7ee8c24470a57211d7842c1378,0.021,,,
1955,2026-05-25,SH600489,-0.022186072543263435,EXP_LinearModel_Alpha158_csi300_custom_step0_s_20260525_15,e51d6b7ee8c24470a57211d7842c1378,0.021,,,
1956,2026-05-25,SH600482,-0.0065804654732346535,EXP_LinearModel_Alpha158_csi300_custom_step0_s_20260525_15,e51d6b7ee8c24470a57211d7842c1378,0.021,,,
1957,2026-05-25,SH600570,0.03681729733943939,EXP_LinearModel_Alpha158_csi300_custom_step0_s_20260525_15,e51d6b7ee8c24470a57211d7842c1378,0.021,,,
1958,2026-05-25,SH600460,0.014364838600158691,EXP_LinearModel_Alpha158_csi300_custom_step0_s_20260525_15,e51d6b7ee8c24470a57211d7842c1378,0.021,,,
1959,2026-05-25,SH600436,-0.0911419540643692,EXP_LinearModel_Alpha158_csi300_custom_step0_s_20260525_15,e51d6b7ee8c24470a57211d7842c1378,0.021,,,
1960,2026-05-25,SH600426,0.025534147396683693,EXP_LinearModel_Alpha158_csi300_custom_step0_s_20260525_15,e51d6b7ee8c24470a57211d7842c1378,0.021,,,
1961,2026-05-25,SH600415,9.601027704775333e-05,EXP_LinearModel_Alpha158_csi300_custom_step0_s_20260525_15,e51d6b7ee8c24470a57211d7842c1378,0.021,,,
1962,2026-05-25,SH600406,-0.0030435111839324236,EXP_LinearModel_Alpha158_csi300_custom_step0_s_20260525_15,e51d6b7ee8c24470a57211d7842c1378,0.021,,,
1963,2026-05-25,SH600377,0.06323976814746857,EXP_LinearModel_Alpha158_csi300_custom_step0_s_20260525_15,e51d6b7ee8c24470a57211d7842c1378,0.021,,,
1964,2026-05-25,SH600372,-0.06269899755716324,EXP_LinearModel_Alpha158_csi300_custom_step0_s_20260525_15,e51d6b7ee8c24470a57211d7842c1378,0.021,,,
1965,2026-05-25,SH600438,0.11754970252513885,EXP_LinearModel_Alpha158_csi300_custom_step0_s_20260525_15,e51d6b7ee8c24470a57211d7842c1378,0.021,,,
1966,2026-05-25,SH600584,-0.1757250428199768,EXP_LinearModel_Alpha158_csi300_custom_step0_s_20260525_15,e51d6b7ee8c24470a57211d7842c1378,0.021,,,
1967,2026-05-25,SH600585,-0.15689560770988464,EXP_LinearModel_Alpha158_csi300_custom_step0_s_20260525_15,e51d6b7ee8c24470a57211d7842c1378,0.021,,,
1968,2026-05-25,SH600588,-0.031015299260616302,EXP_LinearModel_Alpha158_csi300_custom_step0_s_20260525_15,e51d6b7ee8c24470a57211d7842c1378,0.021,,,
1969,2026-05-25,SH600900,-0.1021387130022049,EXP_LinearModel_Alpha158_csi300_custom_step0_s_20260525_15,e51d6b7ee8c24470a57211d7842c1378,0.021,,,
1970,2026-05-25,SH600893,0.042602334171533585,EXP_LinearModel_Alpha158_csi300_custom_step0_s_20260525_15,e51d6b7ee8c24470a57211d7842c1378,0.021,,,
1971,2026-05-25,SH600887,-0.060872599482536316,EXP_LinearModel_Alpha158_csi300_custom_step0_s_20260525_15,e51d6b7ee8c24470a57211d7842c1378,0.021,,,
1972,2026-05-25,SH600886,-0.010888176038861275,EXP_LinearModel_Alpha158_csi300_custom_step0_s_20260525_15,e51d6b7ee8c24470a57211d7842c1378,0.021,,,
1973,2026-05-25,SH600875,0.06532083451747894,EXP_LinearModel_Alpha158_csi300_custom_step0_s_20260525_15,e51d6b7ee8c24470a57211d7842c1378,0.021,,,
1974,2026-05-25,SH600845,0.05411988124251366,EXP_LinearModel_Alpha158_csi300_custom_step0_s_20260525_15,e51d6b7ee8c24470a57211d7842c1378,0.021,,,
1975,2026-05-25,SH600809,0.011718307621777058,EXP_LinearModel_Alpha158_csi300_custom_step0_s_20260525_15,e51d6b7ee8c24470a57211d7842c1378,0.021,,,
1976,2026-05-25,SH600803,-0.005219937302172184,EXP_LinearModel_Alpha158_csi300_custom_step0_s_20260525_15,e51d6b7ee8c24470a57211d7842c1378,0.021,,,
1977,2026-05-25,SH600795,0.005002525169402361,EXP_LinearModel_Alpha158_csi300_custom_step0_s_20260525_15,e51d6b7ee8c24470a57211d7842c1378,0.021,,,
1978,2026-05-25,SH600760,-0.04448646306991577,EXP_LinearModel_Alpha158_csi300_custom_step0_s_20260525_15,e51d6b7ee8c24470a57211d7842c1378,0.021,,,
1979,2026-05-25,SH600741,-0.05444873869419098,EXP_LinearModel_Alpha158_csi300_custom_step0_s_20260525_15,e51d6b7ee8c24470a57211d7842c1378,0.021,,,
1980,2026-05-25,SH600690,-0.052332937717437744,EXP_LinearModel_Alpha158_csi300_custom_step0_s_20260525_15,e51d6b7ee8c24470a57211d7842c1378,0.021,,,
1981,2026-05-25,SH600674,0.006081647239625454,EXP_LinearModel_Alpha158_csi300_custom_step0_s_20260525_15,e51d6b7ee8c24470a57211d7842c1378,0.021,,,
1982,2026-05-25,SH600660,-0.08985281735658646,EXP_LinearModel_Alpha158_csi300_custom_step0_s_20260525_15,e51d6b7ee8c24470a57211d7842c1378,0.021,,,
1983,2026-05-25,SH600600,-0.12713176012039185,EXP_LinearModel_Alpha158_csi300_custom_step0_s_20260525_15,e51d6b7ee8c24470a57211d7842c1378,0.021,,,
1984,2026-05-25,SH600362,-0.05014466866850853,EXP_LinearModel_Alpha158_csi300_custom_step0_s_20260525_15,e51d6b7ee8c24470a57211d7842c1378,0.021,,,
1985,2026-05-25,SH600346,-0.02438550814986229,EXP_LinearModel_Alpha158_csi300_custom_step0_s_20260525_15,e51d6b7ee8c24470a57211d7842c1378,0.021,,,
1986,2026-05-25,SH600309,-0.029598837718367577,EXP_LinearModel_Alpha158_csi300_custom_step0_s_20260525_15,e51d6b7ee8c24470a57211d7842c1378,0.021,,,
1987,2026-05-25,SH600276,-0.12572726607322693,EXP_LinearModel_Alpha158_csi300_custom_step0_s_20260525_15,e51d6b7ee8c24470a57211d7842c1378,0.021,,,
1988,2026-05-25,SH600036,-0.11262534558773041,EXP_LinearModel_Alpha158_csi300_custom_step0_s_20260525_15,e51d6b7ee8c24470a57211d7842c1378,0.021,,,
1989,2026-05-25,SH600031,-0.023182377219200134,EXP_LinearModel_Alpha158_csi300_custom_step0_s_20260525_15,e51d6b7ee8c24470a57211d7842c1378,0.021,,,
1990,2026-05-25,SH600030,0.02016087993979454,EXP_LinearModel_Alpha158_csi300_custom_step0_s_20260525_15,e51d6b7ee8c24470a57211d7842c1378,0.021,,,
1991,2026-05-25,SH600029,-0.07235847413539886,EXP_LinearModel_Alpha158_csi300_custom_step0_s_20260525_15,e51d6b7ee8c24470a57211d7842c1378,0.021,,,
1992,2026-05-25,SH600028,-0.1144275963306427,EXP_LinearModel_Alpha158_csi300_custom_step0_s_20260525_15,e51d6b7ee8c24470a57211d7842c1378,0.021,,,
1993,2026-05-25,SH600027,0.035718441009521484,EXP_LinearModel_Alpha158_csi300_custom_step0_s_20260525_15,e51d6b7ee8c24470a57211d7842c1378,0.021,,,
1994,2026-05-25,SH600026,0.02709372155368328,EXP_LinearModel_Alpha158_csi300_custom_step0_s_20260525_15,e51d6b7ee8c24470a57211d7842c1378,0.021,,,
1995,2026-05-25,SH600025,0.0563550740480423,EXP_LinearModel_Alpha158_csi300_custom_step0_s_20260525_15,e51d6b7ee8c24470a57211d7842c1378,0.021,,,
1996,2026-05-25,SH600023,0.11567675322294235,EXP_LinearModel_Alpha158_csi300_custom_step0_s_20260525_15,e51d6b7ee8c24470a57211d7842c1378,0.021,,,
1997,2026-05-25,SH600019,-0.039583005011081696,EXP_LinearModel_Alpha158_csi300_custom_step0_s_20260525_15,e51d6b7ee8c24470a57211d7842c1378,0.021,,,
1998,2026-05-25,SH600018,0.05719570443034172,EXP_LinearModel_Alpha158_csi300_custom_step0_s_20260525_15,e51d6b7ee8c24470a57211d7842c1378,0.021,,,
1999,2026-05-25,SH600016,-0.1012626439332962,EXP_LinearModel_Alpha158_csi300_custom_step0_s_20260525_15,e51d6b7ee8c24470a57211d7842c1378,0.021,,,
2000,2026-05-25,SH600015,0.0410398505628109,EXP_LinearModel_Alpha158_csi300_custom_step0_s_20260525_15,e51d6b7ee8c24470a57211d7842c1378,0.021,,,
2001,2026-05-25,SH600011,0.022634446620941162,EXP_LinearModel_Alpha158_csi300_custom_step0_s_20260525_15,e51d6b7ee8c24470a57211d7842c1378,0.021,,,
2002,2026-05-25,SH600010,0.06666972488164902,EXP_LinearModel_Alpha158_csi300_custom_step0_s_20260525_15,e51d6b7ee8c24470a57211d7842c1378,0.021,,,
2003,2026-05-25,SH600039,0.1455148458480835,EXP_LinearModel_Alpha158_csi300_custom_step0_s_20260525_15,e51d6b7ee8c24470a57211d7842c1378,0.021,,,
2004,2026-05-25,SH600905,-0.013047728687524796,EXP_LinearModel_Alpha158_csi300_custom_step0_s_20260525_15,e51d6b7ee8c24470a57211d7842c1378,0.021,,,
2005,2026-05-25,SH600048,-0.02195703610777855,EXP_LinearModel_Alpha158_csi300_custom_step0_s_20260525_15,e51d6b7ee8c24470a57211d7842c1378,0.021,,,
2006,2026-05-25,SH600061,-0.007426902186125517,EXP_LinearModel_Alpha158_csi300_custom_step0_s_20260525_15,e51d6b7ee8c24470a57211d7842c1378,0.021,,,
2007,2026-05-25,SH600233,0.011250458657741547,EXP_LinearModel_Alpha158_csi300_custom_step0_s_20260525_15,e51d6b7ee8c24470a57211d7842c1378,0.021,,,
2008,2026-05-25,SH600219,0.06570512801408768,EXP_LinearModel_Alpha158_csi300_custom_step0_s_20260525_15,e51d6b7ee8c24470a57211d7842c1378,0.021,,,
2009,2026-05-25,SH600196,-0.07395243644714355,EXP_LinearModel_Alpha158_csi300_custom_step0_s_20260525_15,e51d6b7ee8c24470a57211d7842c1378,0.021,,,
2010,2026-05-25,SH600188,0.06406667083501816,EXP_LinearModel_Alpha158_csi300_custom_step0_s_20260525_15,e51d6b7ee8c24470a57211d7842c1378,0.021,,,
2011,2026-05-25,SH600183,-0.1402624547481537,EXP_LinearModel_Alpha158_csi300_custom_step0_s_20260525_15,e51d6b7ee8c24470a57211d7842c1378,0.021,,,
2012,2026-05-25,SH600176,-0.09007297456264496,EXP_LinearModel_Alpha158_csi300_custom_step0_s_20260525_15,e51d6b7ee8c24470a57211d7842c1378,0.021,,,
2013,2026-05-25,SH600161,0.02430415153503418,EXP_LinearModel_Alpha158_csi300_custom_step0_s_20260525_15,e51d6b7ee8c24470a57211d7842c1378,0.021,,,
2014,2026-05-25,SH600160,0.013298967853188515,EXP_LinearModel_Alpha158_csi300_custom_step0_s_20260525_15,e51d6b7ee8c24470a57211d7842c1378,0.021,,,
2015,2026-05-25,SH600150,0.14514663815498352,EXP_LinearModel_Alpha158_csi300_custom_step0_s_20260525_15,e51d6b7ee8c24470a57211d7842c1378,0.021,,,
2016,2026-05-25,SH600115,-0.0871710479259491,EXP_LinearModel_Alpha158_csi300_custom_step0_s_20260525_15,e51d6b7ee8c24470a57211d7842c1378,0.021,,,
2017,2026-05-25,SH600111,0.09702897816896439,EXP_LinearModel_Alpha158_csi300_custom_step0_s_20260525_15,e51d6b7ee8c24470a57211d7842c1378,0.021,,,
2018,2026-05-25,SH600104,-0.05217865854501724,EXP_LinearModel_Alpha158_csi300_custom_step0_s_20260525_15,e51d6b7ee8c24470a57211d7842c1378,0.021,,,
2019,2026-05-25,SH600089,0.010339882224798203,EXP_LinearModel_Alpha158_csi300_custom_step0_s_20260525_15,e51d6b7ee8c24470a57211d7842c1378,0.021,,,
2020,2026-05-25,SH600085,-0.12341989576816559,EXP_LinearModel_Alpha158_csi300_custom_step0_s_20260525_15,e51d6b7ee8c24470a57211d7842c1378,0.021,,,
2021,2026-05-25,SH600066,-0.09037511050701141,EXP_LinearModel_Alpha158_csi300_custom_step0_s_20260525_15,e51d6b7ee8c24470a57211d7842c1378,0.021,,,
2022,2026-05-25,SH600050,0.1156325712800026,EXP_LinearModel_Alpha158_csi300_custom_step0_s_20260525_15,e51d6b7ee8c24470a57211d7842c1378,0.021,,,
2023,2026-05-25,SH601916,0.03403671085834503,EXP_LinearModel_Alpha158_csi300_custom_step0_s_20260525_15,e51d6b7ee8c24470a57211d7842c1378,0.021,,,
2024,2026-05-25,SH600918,-0.07980844378471375,EXP_LinearModel_Alpha158_csi300_custom_step0_s_20260525_15,e51d6b7ee8c24470a57211d7842c1378,0.021,,,
2025,2026-05-25,SH600926,-0.12928137183189392,EXP_LinearModel_Alpha158_csi300_custom_step0_s_20260525_15,e51d6b7ee8c24470a57211d7842c1378,0.021,,,
2026,2026-05-25,SH601689,-0.043001122772693634,EXP_LinearModel_Alpha158_csi300_custom_step0_s_20260525_15,e51d6b7ee8c24470a57211d7842c1378,0.021,,,
2027,2026-05-25,SH601688,-0.006716778036206961,EXP_LinearModel_Alpha158_csi300_custom_step0_s_20260525_15,e51d6b7ee8c24470a57211d7842c1378,0.021,,,
2028,2026-05-25,SH601669,-0.01004053931683302,EXP_LinearModel_Alpha158_csi300_custom_step0_s_20260525_15,e51d6b7ee8c24470a57211d7842c1378,0.021,,,
2029,2026-05-25,SH601668,-0.09599152207374573,EXP_LinearModel_Alpha158_csi300_custom_step0_s_20260525_15,e51d6b7ee8c24470a57211d7842c1378,0.021,,,
2030,2026-05-25,SH601658,0.018189452588558197,EXP_LinearModel_Alpha158_csi300_custom_step0_s_20260525_15,e51d6b7ee8c24470a57211d7842c1378,0.021,,,
2031,2026-05-25,SH601633,-0.09252826869487762,EXP_LinearModel_Alpha158_csi300_custom_step0_s_20260525_15,e51d6b7ee8c24470a57211d7842c1378,0.021,,,
2032,2026-05-25,SH601698,0.08399850875139236,EXP_LinearModel_Alpha158_csi300_custom_step0_s_20260525_15,e51d6b7ee8c24470a57211d7842c1378,0.021,,,
2033,2026-05-25,SH601628,-0.10924196988344193,EXP_LinearModel_Alpha158_csi300_custom_step0_s_20260525_15,e51d6b7ee8c24470a57211d7842c1378,0.021,,,
2034,2026-05-25,SH601607,-0.0313386507332325,EXP_LinearModel_Alpha158_csi300_custom_step0_s_20260525_15,e51d6b7ee8c24470a57211d7842c1378,0.021,,,
2035,2026-05-25,SH601601,-0.07635713368654251,EXP_LinearModel_Alpha158_csi300_custom_step0_s_20260525_15,e51d6b7ee8c24470a57211d7842c1378,0.021,,,
2036,2026-05-25,SH601600,0.0630158856511116,EXP_LinearModel_Alpha158_csi300_custom_step0_s_20260525_15,e51d6b7ee8c24470a57211d7842c1378,0.021,,,
2037,2026-05-25,SH601456,0.0220622755587101,EXP_LinearModel_Alpha158_csi300_custom_step0_s_20260525_15,e51d6b7ee8c24470a57211d7842c1378,0.021,,,
2038,2026-05-25,SH601398,0.05084129050374031,EXP_LinearModel_Alpha158_csi300_custom_step0_s_20260525_15,e51d6b7ee8c24470a57211d7842c1378,0.021,,,
2039,2026-05-25,SH601390,-0.05870793014764786,EXP_LinearModel_Alpha158_csi300_custom_step0_s_20260525_15,e51d6b7ee8c24470a57211d7842c1378,0.021,,,
2040,2026-05-25,SH601618,-0.09534645825624466,EXP_LinearModel_Alpha158_csi300_custom_step0_s_20260525_15,e51d6b7ee8c24470a57211d7842c1378,0.021,,,
2041,2026-05-25,SH601728,0.11291030049324036,EXP_LinearModel_Alpha158_csi300_custom_step0_s_20260525_15,e51d6b7ee8c24470a57211d7842c1378,0.021,,,
2042,2026-05-25,SH601766,-0.14275123178958893,EXP_LinearModel_Alpha158_csi300_custom_step0_s_20260525_15,e51d6b7ee8c24470a57211d7842c1378,0.021,,,
2043,2026-05-25,SH601788,-0.06776759773492813,EXP_LinearModel_Alpha158_csi300_custom_step0_s_20260525_15,e51d6b7ee8c24470a57211d7842c1378,0.021,,,
2044,2026-05-25,SH601899,-0.056197915226221085,EXP_LinearModel_Alpha158_csi300_custom_step0_s_20260525_15,e51d6b7ee8c24470a57211d7842c1378,0.021,,,
2045,2026-05-25,SH601898,0.09487044811248779,EXP_LinearModel_Alpha158_csi300_custom_step0_s_20260525_15,e51d6b7ee8c24470a57211d7842c1378,0.021,,,
2046,2026-05-25,SH601888,-0.021233130246400833,EXP_LinearModel_Alpha158_csi300_custom_step0_s_20260525_15,e51d6b7ee8c24470a57211d7842c1378,0.021,,,
2047,2026-05-25,SH601881,0.01992887258529663,EXP_LinearModel_Alpha158_csi300_custom_step0_s_20260525_15,e51d6b7ee8c24470a57211d7842c1378,0.021,,,
2048,2026-05-25,SH601878,0.0032461255323141813,EXP_LinearModel_Alpha158_csi300_custom_step0_s_20260525_15,e51d6b7ee8c24470a57211d7842c1378,0.021,,,
2049,2026-05-25,SH601877,-0.05593668296933174,EXP_LinearModel_Alpha158_csi300_custom_step0_s_20260525_15,e51d6b7ee8c24470a57211d7842c1378,0.021,,,
2050,2026-05-25,SH601872,0.06460501998662949,EXP_LinearModel_Alpha158_csi300_custom_step0_s_20260525_15,e51d6b7ee8c24470a57211d7842c1378,0.021,,,
2051,2026-05-25,SH601868,0.015884947031736374,EXP_LinearModel_Alpha158_csi300_custom_step0_s_20260525_15,e51d6b7ee8c24470a57211d7842c1378,0.021,,,
2052,2026-05-25,SH601857,0.060067806392908096,EXP_LinearModel_Alpha158_csi300_custom_step0_s_20260525_15,e51d6b7ee8c24470a57211d7842c1378,0.021,,,
2053,2026-05-25,SH601838,0.03469151630997658,EXP_LinearModel_Alpha158_csi300_custom_step0_s_20260525_15,e51d6b7ee8c24470a57211d7842c1378,0.021,,,
2054,2026-05-25,SH601825,-0.05586612969636917,EXP_LinearModel_Alpha158_csi300_custom_step0_s_20260525_15,e51d6b7ee8c24470a57211d7842c1378,0.021,,,
2055,2026-05-25,SH601818,0.043315041810274124,EXP_LinearModel_Alpha158_csi300_custom_step0_s_20260525_15,e51d6b7ee8c24470a57211d7842c1378,0.021,,,
2056,2026-05-25,SH601816,-0.1339540183544159,EXP_LinearModel_Alpha158_csi300_custom_step0_s_20260525_15,e51d6b7ee8c24470a57211d7842c1378,0.021,,,
2057,2026-05-25,SH601808,-0.02198067307472229,EXP_LinearModel_Alpha158_csi300_custom_step0_s_20260525_15,e51d6b7ee8c24470a57211d7842c1378,0.021,,,
2058,2026-05-25,SH601800,-0.016567468643188477,EXP_LinearModel_Alpha158_csi300_custom_step0_s_20260525_15,e51d6b7ee8c24470a57211d7842c1378,0.021,,,
2059,2026-05-25,SH601377,0.00966811366379261,EXP_LinearModel_Alpha158_csi300_custom_step0_s_20260525_15,e51d6b7ee8c24470a57211d7842c1378,0.021,,,
2060,2026-05-25,SH601360,-0.008171499706804752,EXP_LinearModel_Alpha158_csi300_custom_step0_s_20260525_15,e51d6b7ee8c24470a57211d7842c1378,0.021,,,
2061,2026-05-25,SH601336,-0.008661845698952675,EXP_LinearModel_Alpha158_csi300_custom_step0_s_20260525_15,e51d6b7ee8c24470a57211d7842c1378,0.021,,,
2062,2026-05-25,SH601328,0.053436554968357086,EXP_LinearModel_Alpha158_csi300_custom_step0_s_20260525_15,e51d6b7ee8c24470a57211d7842c1378,0.021,,,
2063,2026-05-25,SH601077,-0.02735559456050396,EXP_LinearModel_Alpha158_csi300_custom_step0_s_20260525_15,e51d6b7ee8c24470a57211d7842c1378,0.021,,,
2064,2026-05-25,SH601066,-0.00426273001357913,EXP_LinearModel_Alpha158_csi300_custom_step0_s_20260525_15,e51d6b7ee8c24470a57211d7842c1378,0.021,,,
2065,2026-05-25,SH601059,0.02628498338162899,EXP_LinearModel_Alpha158_csi300_custom_step0_s_20260525_15,e51d6b7ee8c24470a57211d7842c1378,0.021,,,
2066,2026-05-25,SH601058,-0.03843189775943756,EXP_LinearModel_Alpha158_csi300_custom_step0_s_20260525_15,e51d6b7ee8c24470a57211d7842c1378,0.021,,,
2067,2026-05-25,SH601021,-0.018264295533299446,EXP_LinearModel_Alpha158_csi300_custom_step0_s_20260525_15,e51d6b7ee8c24470a57211d7842c1378,0.021,,,
2068,2026-05-25,SH601018,-0.004586523864418268,EXP_LinearModel_Alpha158_csi300_custom_step0_s_20260525_15,e51d6b7ee8c24470a57211d7842c1378,0.021,,,
2069,2026-05-25,SH601012,-0.01562613435089588,EXP_LinearModel_Alpha158_csi300_custom_step0_s_20260525_15,e51d6b7ee8c24470a57211d7842c1378,0.021,,,
2070,2026-05-25,SH601009,-0.01687663048505783,EXP_LinearModel_Alpha158_csi300_custom_step0_s_20260525_15,e51d6b7ee8c24470a57211d7842c1378,0.021,,,
2071,2026-05-25,SH601006,0.008968809619545937,EXP_LinearModel_Alpha158_csi300_custom_step0_s_20260525_15,e51d6b7ee8c24470a57211d7842c1378,0.021,,,
2072,2026-05-25,SH600999,0.025478443130850792,EXP_LinearModel_Alpha158_csi300_custom_step0_s_20260525_15,e51d6b7ee8c24470a57211d7842c1378,0.021,,,
2073,2026-05-25,SH600989,0.10107949376106262,EXP_LinearModel_Alpha158_csi300_custom_step0_s_20260525_15,e51d6b7ee8c24470a57211d7842c1378,0.021,,,
2074,2026-05-25,SH600958,,EXP_LinearModel_Alpha158_csi300_custom_step0_s_20260525_15,e51d6b7ee8c24470a57211d7842c1378,0.021,,,
2075,2026-05-25,SH600941,0.035508763045072556,EXP_LinearModel_Alpha158_csi300_custom_step0_s_20260525_15,e51d6b7ee8c24470a57211d7842c1378,0.021,,,
2076,2026-05-25,SH600938,0.03737799823284149,EXP_LinearModel_Alpha158_csi300_custom_step0_s_20260525_15,e51d6b7ee8c24470a57211d7842c1378,0.021,,,
2077,2026-05-25,SH600930,-0.03394642099738121,EXP_LinearModel_Alpha158_csi300_custom_step0_s_20260525_15,e51d6b7ee8c24470a57211d7842c1378,0.021,,,
2078,2026-05-25,SH601088,-0.02181170880794525,EXP_LinearModel_Alpha158_csi300_custom_step0_s_20260525_15,e51d6b7ee8c24470a57211d7842c1378,0.021,,,
2079,2026-05-25,SH600919,0.07165852934122086,EXP_LinearModel_Alpha158_csi300_custom_step0_s_20260525_15,e51d6b7ee8c24470a57211d7842c1378,0.021,,,
2080,2026-05-25,SH601100,0.07578926533460617,EXP_LinearModel_Alpha158_csi300_custom_step0_s_20260525_15,e51d6b7ee8c24470a57211d7842c1378,0.021,,,
2081,2026-05-25,SH601117,-0.01827118918299675,EXP_LinearModel_Alpha158_csi300_custom_step0_s_20260525_15,e51d6b7ee8c24470a57211d7842c1378,0.021,,,
2082,2026-05-25,SH601319,0.023211419582366943,EXP_LinearModel_Alpha158_csi300_custom_step0_s_20260525_15,e51d6b7ee8c24470a57211d7842c1378,0.021,,,
2083,2026-05-25,SH601318,-0.028492260724306107,EXP_LinearModel_Alpha158_csi300_custom_step0_s_20260525_15,e51d6b7ee8c24470a57211d7842c1378,0.021,,,
2084,2026-05-25,SH601298,0.004553935490548611,EXP_LinearModel_Alpha158_csi300_custom_step0_s_20260525_15,e51d6b7ee8c24470a57211d7842c1378,0.021,,,
2085,2026-05-25,SH601288,0.0782051607966423,EXP_LinearModel_Alpha158_csi300_custom_step0_s_20260525_15,e51d6b7ee8c24470a57211d7842c1378,0.021,,,
2086,2026-05-25,SH601238,-0.0440889336168766,EXP_LinearModel_Alpha158_csi300_custom_step0_s_20260525_15,e51d6b7ee8c24470a57211d7842c1378,0.021,,,
2087,2026-05-25,SH601236,-0.03576727211475372,EXP_LinearModel_Alpha158_csi300_custom_step0_s_20260525_15,e51d6b7ee8c24470a57211d7842c1378,0.021,,,
2088,2026-05-25,SH601229,-0.029099760577082634,EXP_LinearModel_Alpha158_csi300_custom_step0_s_20260525_15,e51d6b7ee8c24470a57211d7842c1378,0.021,,,
2089,2026-05-25,SH601225,0.009226087480783463,EXP_LinearModel_Alpha158_csi300_custom_step0_s_20260525_15,e51d6b7ee8c24470a57211d7842c1378,0.021,,,
2090,2026-05-25,SH601211,-0.037524040788412094,EXP_LinearModel_Alpha158_csi300_custom_step0_s_20260525_15,e51d6b7ee8c24470a57211d7842c1378,0.021,,,
2091,2026-05-25,SH601186,-0.055095937103033066,EXP_LinearModel_Alpha158_csi300_custom_step0_s_20260525_15,e51d6b7ee8c24470a57211d7842c1378,0.021,,,
2092,2026-05-25,SH601169,-0.12023141980171204,EXP_LinearModel_Alpha158_csi300_custom_step0_s_20260525_15,e51d6b7ee8c24470a57211d7842c1378,0.021,,,
2093,2026-05-25,SH601166,-0.05923563987016678,EXP_LinearModel_Alpha158_csi300_custom_step0_s_20260525_15,e51d6b7ee8c24470a57211d7842c1378,0.021,,,
2094,2026-05-25,SH601138,0.037578683346509933,EXP_LinearModel_Alpha158_csi300_custom_step0_s_20260525_15,e51d6b7ee8c24470a57211d7842c1378,0.021,,,
2095,2026-05-25,SH601136,-0.0909472405910492,EXP_LinearModel_Alpha158_csi300_custom_step0_s_20260525_15,e51d6b7ee8c24470a57211d7842c1378,0.021,,,
2096,2026-05-25,SH601127,-0.01286863163113594,EXP_LinearModel_Alpha158_csi300_custom_step0_s_20260525_15,e51d6b7ee8c24470a57211d7842c1378,0.021,,,
2097,2026-05-25,SH601111,-0.04328033700585365,EXP_LinearModel_Alpha158_csi300_custom_step0_s_20260525_15,e51d6b7ee8c24470a57211d7842c1378,0.021,,,
2098,2026-05-25,SZ302132,-0.12321709841489792,EXP_LinearModel_Alpha158_csi300_custom_step0_s_20260525_15,671e282f8b41416ab8a9e7985602f66e,0.119,,,
2099,2026-05-25,SZ302132,-0.08613775670528412,EXP_LinearModel_Alpha158_csi300_custom_step0_s_20260525_15,e51d6b7ee8c24470a57211d7842c1378,0.021,,,
2100,2026-05-25,SH600009,-0.01797328144311905,EXP_LinearModel_Alpha158_csi300_custom_step0_s_20260525_15,671e282f8b41416ab8a9e7985602f66e,0.119,,,
2101,2026-05-25,SZ000596,0.15400095283985138,EXP_LinearModel_Alpha158_csi300_custom_step0_s_20260525_15,671e282f8b41416ab8a9e7985602f66e,0.119,,,
2102,2026-05-25,SZ000568,0.07546582072973251,EXP_LinearModel_Alpha158_csi300_custom_step0_s_20260525_15,671e282f8b41416ab8a9e7985602f66e,0.119,,,
2103,2026-05-25,SZ000538,-0.13627709448337555,EXP_LinearModel_Alpha158_csi300_custom_step0_s_20260525_15,671e282f8b41416ab8a9e7985602f66e,0.119,,,
2104,2026-05-25,SZ000425,0.17814268171787262,EXP_LinearModel_Alpha158_csi300_custom_step0_s_20260525_15,671e282f8b41416ab8a9e7985602f66e,0.119,,,
2105,2026-05-25,SZ000408,0.003903627395629883,EXP_LinearModel_Alpha158_csi300_custom_step0_s_20260525_15,671e282f8b41416ab8a9e7985602f66e,0.119,,,
2106,2026-05-25,SZ000338,0.19758808612823486,EXP_LinearModel_Alpha158_csi300_custom_step0_s_20260525_15,671e282f8b41416ab8a9e7985602f66e,0.119,,,
2107,2026-05-25,SZ000617,0.17409288883209229,EXP_LinearModel_Alpha158_csi300_custom_step0_s_20260525_15,671e282f8b41416ab8a9e7985602f66e,0.119,,,
2108,2026-05-25,SZ000333,0.15789324045181274,EXP_LinearModel_Alpha158_csi300_custom_step0_s_20260525_15,671e282f8b41416ab8a9e7985602f66e,0.119,,,
2109,2026-05-25,SZ000166,-0.0666835606098175,EXP_LinearModel_Alpha158_csi300_custom_step0_s_20260525_15,671e282f8b41416ab8a9e7985602f66e,0.119,,,
2110,2026-05-25,SZ000157,0.15571101009845734,EXP_LinearModel_Alpha158_csi300_custom_step0_s_20260525_15,671e282f8b41416ab8a9e7985602f66e,0.119,,,
2111,2026-05-25,SZ000100,0.007210239768028259,EXP_LinearModel_Alpha158_csi300_custom_step0_s_20260525_15,671e282f8b41416ab8a9e7985602f66e,0.119,,,
2112,2026-05-25,SZ000063,0.13900050520896912,EXP_LinearModel_Alpha158_csi300_custom_step0_s_20260525_15,671e282f8b41416ab8a9e7985602f66e,0.119,,,
2113,2026-05-25,SZ000002,0.1268589347600937,EXP_LinearModel_Alpha158_csi300_custom_step0_s_20260525_15,671e282f8b41416ab8a9e7985602f66e,0.119,,,
2114,2026-05-25,SZ000001,-0.14807657897472382,EXP_LinearModel_Alpha158_csi300_custom_step0_s_20260525_15,671e282f8b41416ab8a9e7985602f66e,0.119,,,
2115,2026-05-25,SZ000301,0.17011649906635284,EXP_LinearModel_Alpha158_csi300_custom_step0_s_20260525_15,671e282f8b41416ab8a9e7985602f66e,0.119,,,
2116,2026-05-25,SZ000625,-0.009217161685228348,EXP_LinearModel_Alpha158_csi300_custom_step0_s_20260525_15,671e282f8b41416ab8a9e7985602f66e,0.119,,,
2117,2026-05-25,SZ000630,0.19521868228912354,EXP_LinearModel_Alpha158_csi300_custom_step0_s_20260525_15,671e282f8b41416ab8a9e7985602f66e,0.119,,,
2118,2026-05-25,SZ000651,-0.04772505164146423,EXP_LinearModel_Alpha158_csi300_custom_step0_s_20260525_15,671e282f8b41416ab8a9e7985602f66e,0.119,,,
2119,2026-05-25,SZ000977,0.06896016001701355,EXP_LinearModel_Alpha158_csi300_custom_step0_s_20260525_15,671e282f8b41416ab8a9e7985602f66e,0.119,,,
2120,2026-05-25,SZ000975,0.04573282226920128,EXP_LinearModel_Alpha158_csi300_custom_step0_s_20260525_15,671e282f8b41416ab8a9e7985602f66e,0.119,,,
2121,2026-05-25,SZ000963,-0.031126275658607483,EXP_LinearModel_Alpha158_csi300_custom_step0_s_20260525_15,671e282f8b41416ab8a9e7985602f66e,0.119,,,
2122,2026-05-25,SZ000938,0.09270241111516953,EXP_LinearModel_Alpha158_csi300_custom_step0_s_20260525_15,671e282f8b41416ab8a9e7985602f66e,0.119,,,
2123,2026-05-25,SZ000895,-0.026645109057426453,EXP_LinearModel_Alpha158_csi300_custom_step0_s_20260525_15,671e282f8b41416ab8a9e7985602f66e,0.119,,,
2124,2026-05-25,SZ000876,-0.012659660540521145,EXP_LinearModel_Alpha158_csi300_custom_step0_s_20260525_15,671e282f8b41416ab8a9e7985602f66e,0.119,,,
2125,2026-05-25,SZ000858,-0.05646594613790512,EXP_LinearModel_Alpha158_csi300_custom_step0_s_20260525_15,671e282f8b41416ab8a9e7985602f66e,0.119,,,
2126,2026-05-25,SZ000807,-0.04297788441181183,EXP_LinearModel_Alpha158_csi300_custom_step0_s_20260525_15,671e282f8b41416ab8a9e7985602f66e,0.119,,,
2127,2026-05-25,SZ000792,-0.08415108919143677,EXP_LinearModel_Alpha158_csi300_custom_step0_s_20260525_15,671e282f8b41416ab8a9e7985602f66e,0.119,,,
2128,2026-05-25,SZ000786,0.011467902921140194,EXP_LinearModel_Alpha158_csi300_custom_step0_s_20260525_15,671e282f8b41416ab8a9e7985602f66e,0.119,,,
2129,2026-05-25,SZ000776,-0.012578969821333885,EXP_LinearModel_Alpha158_csi300_custom_step0_s_20260525_15,671e282f8b41416ab8a9e7985602f66e,0.119,,,
2130,2026-05-25,SZ000768,0.02055717445909977,EXP_LinearModel_Alpha158_csi300_custom_step0_s_20260525_15,671e282f8b41416ab8a9e7985602f66e,0.119,,,
2131,2026-05-25,SZ000725,-0.10672133415937424,EXP_LinearModel_Alpha158_csi300_custom_step0_s_20260525_15,671e282f8b41416ab8a9e7985602f66e,0.119,,,
2132,2026-05-25,SZ000708,-0.08879971504211426,EXP_LinearModel_Alpha158_csi300_custom_step0_s_20260525_15,671e282f8b41416ab8a9e7985602f66e,0.119,,,
2133,2026-05-25,SZ000661,0.06990335881710052,EXP_LinearModel_Alpha158_csi300_custom_step0_s_20260525_15,671e282f8b41416ab8a9e7985602f66e,0.119,,,
2134,2026-05-25,SH688981,0.04872467368841171,EXP_LinearModel_Alpha158_csi300_custom_step0_s_20260525_15,671e282f8b41416ab8a9e7985602f66e,0.119,,,
2135,2026-05-25,SH688506,0.15918056666851044,EXP_LinearModel_Alpha158_csi300_custom_step0_s_20260525_15,671e282f8b41416ab8a9e7985602f66e,0.119,,,
2136,2026-05-25,SH688472,-0.05395004153251648,EXP_LinearModel_Alpha158_csi300_custom_step0_s_20260525_15,671e282f8b41416ab8a9e7985602f66e,0.119,,,
2137,2026-05-25,SH688396,0.21287894248962402,EXP_LinearModel_Alpha158_csi300_custom_step0_s_20260525_15,671e282f8b41416ab8a9e7985602f66e,0.119,,,
2138,2026-05-25,SH603893,-0.03201347216963768,EXP_LinearModel_Alpha158_csi300_custom_step0_s_20260525_15,671e282f8b41416ab8a9e7985602f66e,0.119,,,
2139,2026-05-25,SH603799,0.059882666915655136,EXP_LinearModel_Alpha158_csi300_custom_step0_s_20260525_15,671e282f8b41416ab8a9e7985602f66e,0.119,,,
2140,2026-05-25,SH603501,0.17435476183891296,EXP_LinearModel_Alpha158_csi300_custom_step0_s_20260525_15,671e282f8b41416ab8a9e7985602f66e,0.119,,,
2141,2026-05-25,SH603392,0.09813166409730911,EXP_LinearModel_Alpha158_csi300_custom_step0_s_20260525_15,671e282f8b41416ab8a9e7985602f66e,0.119,,,
2142,2026-05-25,SH603369,0.1946856826543808,EXP_LinearModel_Alpha158_csi300_custom_step0_s_20260525_15,671e282f8b41416ab8a9e7985602f66e,0.119,,,
2143,2026-05-25,SH603296,0.2010708749294281,EXP_LinearModel_Alpha158_csi300_custom_step0_s_20260525_15,671e282f8b41416ab8a9e7985602f66e,0.119,,,
2144,2026-05-25,SH603288,-0.003567248582839966,EXP_LinearModel_Alpha158_csi300_custom_step0_s_20260525_15,671e282f8b41416ab8a9e7985602f66e,0.119,,,
2145,2026-05-25,SH603260,0.07826979458332062,EXP_LinearModel_Alpha158_csi300_custom_step0_s_20260525_15,671e282f8b41416ab8a9e7985602f66e,0.119,,,
2146,2026-05-25,SH603259,-0.004557250998914242,EXP_LinearModel_Alpha158_csi300_custom_step0_s_20260525_15,671e282f8b41416ab8a9e7985602f66e,0.119,,,
2147,2026-05-25,SH603195,-0.028761722147464752,EXP_LinearModel_Alpha158_csi300_custom_step0_s_20260525_15,671e282f8b41416ab8a9e7985602f66e,0.119,,,
2148,2026-05-25,SH603019,0.1235203817486763,EXP_LinearModel_Alpha158_csi300_custom_step0_s_20260525_15,671e282f8b41416ab8a9e7985602f66e,0.119,,,
2149,2026-05-25,SH601998,-0.020564928650856018,EXP_LinearModel_Alpha158_csi300_custom_step0_s_20260525_15,671e282f8b41416ab8a9e7985602f66e,0.119,,,
2150,2026-05-25,SH601995,0.038579318672418594,EXP_LinearModel_Alpha158_csi300_custom_step0_s_20260525_15,671e282f8b41416ab8a9e7985602f66e,0.119,,,
2151,2026-05-25,SH601988,-0.015920046716928482,EXP_LinearModel_Alpha158_csi300_custom_step0_s_20260525_15,671e282f8b41416ab8a9e7985602f66e,0.119,,,
2152,2026-05-25,SH601985,-0.029083233326673508,EXP_LinearModel_Alpha158_csi300_custom_step0_s_20260525_15,671e282f8b41416ab8a9e7985602f66e,0.119,,,
2153,2026-05-25,SH603986,0.022777842357754707,EXP_LinearModel_Alpha158_csi300_custom_step0_s_20260525_15,671e282f8b41416ab8a9e7985602f66e,0.119,,,
2154,2026-05-25,SZ000983,-0.09003151208162308,EXP_LinearModel_Alpha158_csi300_custom_step0_s_20260525_15,671e282f8b41416ab8a9e7985602f66e,0.119,,,
2155,2026-05-25,SH603993,0.13508692383766174,EXP_LinearModel_Alpha158_csi300_custom_step0_s_20260525_15,671e282f8b41416ab8a9e7985602f66e,0.119,,,
2156,2026-05-25,SH605499,0.06102960929274559,EXP_LinearModel_Alpha158_csi300_custom_step0_s_20260525_15,671e282f8b41416ab8a9e7985602f66e,0.119,,,
2157,2026-05-25,SH688303,-0.024005889892578125,EXP_LinearModel_Alpha158_csi300_custom_step0_s_20260525_15,671e282f8b41416ab8a9e7985602f66e,0.119,,,
2158,2026-05-25,SH688271,-0.0734260231256485,EXP_LinearModel_Alpha158_csi300_custom_step0_s_20260525_15,671e282f8b41416ab8a9e7985602f66e,0.119,,,
2159,2026-05-25,SH688256,0.0512225404381752,EXP_LinearModel_Alpha158_csi300_custom_step0_s_20260525_15,671e282f8b41416ab8a9e7985602f66e,0.119,,,
2160,2026-05-25,SH688223,-0.04456883296370506,EXP_LinearModel_Alpha158_csi300_custom_step0_s_20260525_15,671e282f8b41416ab8a9e7985602f66e,0.119,,,
2161,2026-05-25,SH688187,-0.08709603548049927,EXP_LinearModel_Alpha158_csi300_custom_step0_s_20260525_15,671e282f8b41416ab8a9e7985602f66e,0.119,,,
2162,2026-05-25,SH688169,0.150772824883461,EXP_LinearModel_Alpha158_csi300_custom_step0_s_20260525_15,671e282f8b41416ab8a9e7985602f66e,0.119,,,
2163,2026-05-25,SH688126,0.03710872679948807,EXP_LinearModel_Alpha158_csi300_custom_step0_s_20260525_15,671e282f8b41416ab8a9e7985602f66e,0.119,,,
2164,2026-05-25,SH688111,0.051741376519203186,EXP_LinearModel_Alpha158_csi300_custom_step0_s_20260525_15,671e282f8b41416ab8a9e7985602f66e,0.119,,,
2165,2026-05-25,SH688082,0.09513182938098907,EXP_LinearModel_Alpha158_csi300_custom_step0_s_20260525_15,671e282f8b41416ab8a9e7985602f66e,0.119,,,
2166,2026-05-25,SH688047,0.15844282507896423,EXP_LinearModel_Alpha158_csi300_custom_step0_s_20260525_15,671e282f8b41416ab8a9e7985602f66e,0.119,,,
2167,2026-05-25,SH688041,0.3084011673927307,EXP_LinearModel_Alpha158_csi300_custom_step0_s_20260525_15,671e282f8b41416ab8a9e7985602f66e,0.119,,,
2168,2026-05-25,SH688036,0.0858534500002861,EXP_LinearModel_Alpha158_csi300_custom_step0_s_20260525_15,671e282f8b41416ab8a9e7985602f66e,0.119,,,
2169,2026-05-25,SH688012,0.09951646625995636,EXP_LinearModel_Alpha158_csi300_custom_step0_s_20260525_15,671e282f8b41416ab8a9e7985602f66e,0.119,,,
2170,2026-05-25,SH688009,0.014619043096899986,EXP_LinearModel_Alpha158_csi300_custom_step0_s_20260525_15,671e282f8b41416ab8a9e7985602f66e,0.119,,,
2171,2026-05-25,SH688008,0.19555126130580902,EXP_LinearModel_Alpha158_csi300_custom_step0_s_20260525_15,671e282f8b41416ab8a9e7985602f66e,0.119,,,
2172,2026-05-25,SH605117,0.13369981944561005,EXP_LinearModel_Alpha158_csi300_custom_step0_s_20260525_15,671e282f8b41416ab8a9e7985602f66e,0.119,,,
2173,2026-05-25,SH601939,0.07945821434259415,EXP_LinearModel_Alpha158_csi300_custom_step0_s_20260525_15,671e282f8b41416ab8a9e7985602f66e,0.119,,,
2174,2026-05-25,SZ000999,-0.10389907658100128,EXP_LinearModel_Alpha158_csi300_custom_step0_s_20260525_15,671e282f8b41416ab8a9e7985602f66e,0.119,,,
2175,2026-05-25,SZ001965,0.09108328819274902,EXP_LinearModel_Alpha158_csi300_custom_step0_s_20260525_15,671e282f8b41416ab8a9e7985602f66e,0.119,,,
2176,2026-05-25,SZ300413,0.0006398428231477737,EXP_LinearModel_Alpha158_csi300_custom_step0_s_20260525_15,671e282f8b41416ab8a9e7985602f66e,0.119,,,
2177,2026-05-25,SZ300408,-0.14142341911792755,EXP_LinearModel_Alpha158_csi300_custom_step0_s_20260525_15,671e282f8b41416ab8a9e7985602f66e,0.119,,,
2178,2026-05-25,SZ300394,-0.09687068313360214,EXP_LinearModel_Alpha158_csi300_custom_step0_s_20260525_15,671e282f8b41416ab8a9e7985602f66e,0.119,,,
2179,2026-05-25,SZ300347,0.1757703274488449,EXP_LinearModel_Alpha158_csi300_custom_step0_s_20260525_15,671e282f8b41416ab8a9e7985602f66e,0.119,,,
2180,2026-05-25,SZ300316,0.01981327496469021,EXP_LinearModel_Alpha158_csi300_custom_step0_s_20260525_15,671e282f8b41416ab8a9e7985602f66e,0.119,,,
2181,2026-05-25,SZ300308,-0.015771806240081787,EXP_LinearModel_Alpha158_csi300_custom_step0_s_20260525_15,671e282f8b41416ab8a9e7985602f66e,0.119,,,
2182,2026-05-25,SZ300418,0.15623970329761505,EXP_LinearModel_Alpha158_csi300_custom_step0_s_20260525_15,671e282f8b41416ab8a9e7985602f66e,0.119,,,
2183,2026-05-25,SZ300274,0.011687515303492546,EXP_LinearModel_Alpha158_csi300_custom_step0_s_20260525_15,671e282f8b41416ab8a9e7985602f66e,0.119,,,
2184,2026-05-25,SZ300124,0.04542089253664017,EXP_LinearModel_Alpha158_csi300_custom_step0_s_20260525_15,671e282f8b41416ab8a9e7985602f66e,0.119,,,
2185,2026-05-25,SZ300122,0.028817180544137955,EXP_LinearModel_Alpha158_csi300_custom_step0_s_20260525_15,671e282f8b41416ab8a9e7985602f66e,0.119,,,
2186,2026-05-25,SZ300059,-0.0021500829607248306,EXP_LinearModel_Alpha158_csi300_custom_step0_s_20260525_15,671e282f8b41416ab8a9e7985602f66e,0.119,,,
2187,2026-05-25,SZ300033,0.0029939040541648865,EXP_LinearModel_Alpha158_csi300_custom_step0_s_20260525_15,671e282f8b41416ab8a9e7985602f66e,0.119,,,
2188,2026-05-25,SZ300015,0.2705690562725067,EXP_LinearModel_Alpha158_csi300_custom_step0_s_20260525_15,671e282f8b41416ab8a9e7985602f66e,0.119,,,
2189,2026-05-25,SZ300014,0.025185715407133102,EXP_LinearModel_Alpha158_csi300_custom_step0_s_20260525_15,671e282f8b41416ab8a9e7985602f66e,0.119,,,
2190,2026-05-25,SZ300251,0.07113178819417953,EXP_LinearModel_Alpha158_csi300_custom_step0_s_20260525_15,671e282f8b41416ab8a9e7985602f66e,0.119,,,
2191,2026-05-25,SZ300433,0.1866508424282074,EXP_LinearModel_Alpha158_csi300_custom_step0_s_20260525_15,671e282f8b41416ab8a9e7985602f66e,0.119,,,
2192,2026-05-25,SZ300442,0.0963267832994461,EXP_LinearModel_Alpha158_csi300_custom_step0_s_20260525_15,671e282f8b41416ab8a9e7985602f66e,0.119,,,
2193,2026-05-25,SZ300476,0.0020603779703378677,EXP_LinearModel_Alpha158_csi300_custom_step0_s_20260525_15,671e282f8b41416ab8a9e7985602f66e,0.119,,,
2194,2026-05-25,SZ301236,0.08480896055698395,EXP_LinearModel_Alpha158_csi300_custom_step0_s_20260525_15,671e282f8b41416ab8a9e7985602f66e,0.119,,,
2195,2026-05-25,SZ300999,-0.040953196585178375,EXP_LinearModel_Alpha158_csi300_custom_step0_s_20260525_15,671e282f8b41416ab8a9e7985602f66e,0.119,,,
2196,2026-05-25,SZ300979,0.014862895011901855,EXP_LinearModel_Alpha158_csi300_custom_step0_s_20260525_15,671e282f8b41416ab8a9e7985602f66e,0.119,,,
2197,2026-05-25,SZ300896,0.10727538168430328,EXP_LinearModel_Alpha158_csi300_custom_step0_s_20260525_15,671e282f8b41416ab8a9e7985602f66e,0.119,,,
2198,2026-05-25,SZ300866,0.0903177261352539,EXP_LinearModel_Alpha158_csi300_custom_step0_s_20260525_15,671e282f8b41416ab8a9e7985602f66e,0.119,,,
2199,2026-05-25,SZ300832,0.06388841569423676,EXP_LinearModel_Alpha158_csi300_custom_step0_s_20260525_15,671e282f8b41416ab8a9e7985602f66e,0.119,,,
2200,2026-05-25,SZ300803,-0.004600130021572113,EXP_LinearModel_Alpha158_csi300_custom_step0_s_20260525_15,671e282f8b41416ab8a9e7985602f66e,0.119,,,
2201,2026-05-25,SZ300782,-0.19317413866519928,EXP_LinearModel_Alpha158_csi300_custom_step0_s_20260525_15,671e282f8b41416ab8a9e7985602f66e,0.119,,,
2202,2026-05-25,SZ300760,0.03202137351036072,EXP_LinearModel_Alpha158_csi300_custom_step0_s_20260525_15,671e282f8b41416ab8a9e7985602f66e,0.119,,,
2203,2026-05-25,SZ300759,0.05570298433303833,EXP_LinearModel_Alpha158_csi300_custom_step0_s_20260525_15,671e282f8b41416ab8a9e7985602f66e,0.119,,,
2204,2026-05-25,SZ300750,-0.08771146833896637,EXP_LinearModel_Alpha158_csi300_custom_step0_s_20260525_15,671e282f8b41416ab8a9e7985602f66e,0.119,,,
2205,2026-05-25,SZ300661,0.20319843292236328,EXP_LinearModel_Alpha158_csi300_custom_step0_s_20260525_15,671e282f8b41416ab8a9e7985602f66e,0.119,,,
2206,2026-05-25,SZ300628,0.12622487545013428,EXP_LinearModel_Alpha158_csi300_custom_step0_s_20260525_15,671e282f8b41416ab8a9e7985602f66e,0.119,,,
2207,2026-05-25,SZ300502,-0.07059260457754135,EXP_LinearModel_Alpha158_csi300_custom_step0_s_20260525_15,671e282f8b41416ab8a9e7985602f66e,0.119,,,
2208,2026-05-25,SZ300498,0.016827847808599472,EXP_LinearModel_Alpha158_csi300_custom_step0_s_20260525_15,671e282f8b41416ab8a9e7985602f66e,0.119,,,
2209,2026-05-25,SZ003816,0.08876526355743408,EXP_LinearModel_Alpha158_csi300_custom_step0_s_20260525_15,671e282f8b41416ab8a9e7985602f66e,0.119,,,
2210,2026-05-25,SZ002938,0.049730170518159866,EXP_LinearModel_Alpha158_csi300_custom_step0_s_20260525_15,671e282f8b41416ab8a9e7985602f66e,0.119,,,
2211,2026-05-25,SZ002920,0.09887522459030151,EXP_LinearModel_Alpha158_csi300_custom_step0_s_20260525_15,671e282f8b41416ab8a9e7985602f66e,0.119,,,
2212,2026-05-25,SZ002916,0.05582759156823158,EXP_LinearModel_Alpha158_csi300_custom_step0_s_20260525_15,671e282f8b41416ab8a9e7985602f66e,0.119,,,
2213,2026-05-25,SZ002311,-0.04636172950267792,EXP_LinearModel_Alpha158_csi300_custom_step0_s_20260525_15,671e282f8b41416ab8a9e7985602f66e,0.119,,,
2214,2026-05-25,SZ002304,-0.008312420919537544,EXP_LinearModel_Alpha158_csi300_custom_step0_s_20260525_15,671e282f8b41416ab8a9e7985602f66e,0.119,,,
2215,2026-05-25,SZ002252,-0.013069150038063526,EXP_LinearModel_Alpha158_csi300_custom_step0_s_20260525_15,671e282f8b41416ab8a9e7985602f66e,0.119,,,
2216,2026-05-25,SZ002241,0.11808440089225769,EXP_LinearModel_Alpha158_csi300_custom_step0_s_20260525_15,671e282f8b41416ab8a9e7985602f66e,0.119,,,
2217,2026-05-25,SZ002236,0.04077168181538582,EXP_LinearModel_Alpha158_csi300_custom_step0_s_20260525_15,671e282f8b41416ab8a9e7985602f66e,0.119,,,
2218,2026-05-25,SZ002230,0.0679149180650711,EXP_LinearModel_Alpha158_csi300_custom_step0_s_20260525_15,671e282f8b41416ab8a9e7985602f66e,0.119,,,
2219,2026-05-25,SZ002179,0.013460516929626465,EXP_LinearModel_Alpha158_csi300_custom_step0_s_20260525_15,671e282f8b41416ab8a9e7985602f66e,0.119,,,
2220,2026-05-25,SZ002142,0.023225557059049606,EXP_LinearModel_Alpha158_csi300_custom_step0_s_20260525_15,671e282f8b41416ab8a9e7985602f66e,0.119,,,
2221,2026-05-25,SZ002074,-0.08171139657497406,EXP_LinearModel_Alpha158_csi300_custom_step0_s_20260525_15,671e282f8b41416ab8a9e7985602f66e,0.119,,,
2222,2026-05-25,SZ002050,0.06778738647699356,EXP_LinearModel_Alpha158_csi300_custom_step0_s_20260525_15,671e282f8b41416ab8a9e7985602f66e,0.119,,,
2223,2026-05-25,SZ002049,0.1364506334066391,EXP_LinearModel_Alpha158_csi300_custom_step0_s_20260525_15,671e282f8b41416ab8a9e7985602f66e,0.119,,,
2224,2026-05-25,SZ002028,-0.14365974068641663,EXP_LinearModel_Alpha158_csi300_custom_step0_s_20260525_15,671e282f8b41416ab8a9e7985602f66e,0.119,,,
2225,2026-05-25,SZ002027,-0.0016911020502448082,EXP_LinearModel_Alpha158_csi300_custom_step0_s_20260525_15,671e282f8b41416ab8a9e7985602f66e,0.119,,,
2226,2026-05-25,SZ002001,-0.03505325689911842,EXP_LinearModel_Alpha158_csi300_custom_step0_s_20260525_15,671e282f8b41416ab8a9e7985602f66e,0.119,,,
2227,2026-05-25,SZ001979,0.03425256535410881,EXP_LinearModel_Alpha158_csi300_custom_step0_s_20260525_15,671e282f8b41416ab8a9e7985602f66e,0.119,,,
2228,2026-05-25,SZ002352,0.03261372819542885,EXP_LinearModel_Alpha158_csi300_custom_step0_s_20260525_15,671e282f8b41416ab8a9e7985602f66e,0.119,,,
2229,2026-05-25,SZ001391,-0.08064467459917068,EXP_LinearModel_Alpha158_csi300_custom_step0_s_20260525_15,671e282f8b41416ab8a9e7985602f66e,0.119,,,
2230,2026-05-25,SZ002371,0.09551527351140976,EXP_LinearModel_Alpha158_csi300_custom_step0_s_20260525_15,671e282f8b41416ab8a9e7985602f66e,0.119,,,
2231,2026-05-25,SZ002415,0.06966321915388107,EXP_LinearModel_Alpha158_csi300_custom_step0_s_20260525_15,671e282f8b41416ab8a9e7985602f66e,0.119,,,
2232,2026-05-25,SZ002736,-0.07330622524023056,EXP_LinearModel_Alpha158_csi300_custom_step0_s_20260525_15,671e282f8b41416ab8a9e7985602f66e,0.119,,,
2233,2026-05-25,SZ002714,-0.004212330095469952,EXP_LinearModel_Alpha158_csi300_custom_step0_s_20260525_15,671e282f8b41416ab8a9e7985602f66e,0.119,,,
2234,2026-05-25,SZ002709,-0.08973897993564606,EXP_LinearModel_Alpha158_csi300_custom_step0_s_20260525_15,671e282f8b41416ab8a9e7985602f66e,0.119,,,
2235,2026-05-25,SZ002648,-0.002595356199890375,EXP_LinearModel_Alpha158_csi300_custom_step0_s_20260525_15,671e282f8b41416ab8a9e7985602f66e,0.119,,,
2236,2026-05-25,SZ002625,-0.08404766023159027,EXP_LinearModel_Alpha158_csi300_custom_step0_s_20260525_15,671e282f8b41416ab8a9e7985602f66e,0.119,,,
2237,2026-05-25,SZ002601,-0.055864155292510986,EXP_LinearModel_Alpha158_csi300_custom_step0_s_20260525_15,671e282f8b41416ab8a9e7985602f66e,0.119,,,
2238,2026-05-25,SZ002600,0.030007243156433105,EXP_LinearModel_Alpha158_csi300_custom_step0_s_20260525_15,671e282f8b41416ab8a9e7985602f66e,0.119,,,
2239,2026-05-25,SZ002594,0.01715858094394207,EXP_LinearModel_Alpha158_csi300_custom_step0_s_20260525_15,671e282f8b41416ab8a9e7985602f66e,0.119,,,
2240,2026-05-25,SZ002493,0.08736356347799301,EXP_LinearModel_Alpha158_csi300_custom_step0_s_20260525_15,671e282f8b41416ab8a9e7985602f66e,0.119,,,
2241,2026-05-25,SZ002475,0.12000063806772232,EXP_LinearModel_Alpha158_csi300_custom_step0_s_20260525_15,671e282f8b41416ab8a9e7985602f66e,0.119,,,
2242,2026-05-25,SZ002466,0.19585756957530975,EXP_LinearModel_Alpha158_csi300_custom_step0_s_20260525_15,671e282f8b41416ab8a9e7985602f66e,0.119,,,
2243,2026-05-25,SZ002463,0.14677561819553375,EXP_LinearModel_Alpha158_csi300_custom_step0_s_20260525_15,671e282f8b41416ab8a9e7985602f66e,0.119,,,
2244,2026-05-25,SZ002460,0.09131923317909241,EXP_LinearModel_Alpha158_csi300_custom_step0_s_20260525_15,671e282f8b41416ab8a9e7985602f66e,0.119,,,
2245,2026-05-25,SZ002459,0.00035161059349775314,EXP_LinearModel_Alpha158_csi300_custom_step0_s_20260525_15,671e282f8b41416ab8a9e7985602f66e,0.119,,,
2246,2026-05-25,SZ002422,-0.10346449911594391,EXP_LinearModel_Alpha158_csi300_custom_step0_s_20260525_15,671e282f8b41416ab8a9e7985602f66e,0.119,,,
2247,2026-05-25,SZ002384,0.26284387707710266,EXP_LinearModel_Alpha158_csi300_custom_step0_s_20260525_15,671e282f8b41416ab8a9e7985602f66e,0.119,,,
2248,2026-05-25,SH600000,-0.024197356775403023,EXP_LinearModel_Alpha158_csi300_custom_step0_s_20260525_15,671e282f8b41416ab8a9e7985602f66e,0.119,,,
2249,2026-05-25,SH601919,-0.022850848734378815,EXP_LinearModel_Alpha158_csi300_custom_step0_s_20260525_15,671e282f8b41416ab8a9e7985602f66e,0.119,,,
2250,2026-05-25,SH601901,0.026028964668512344,EXP_LinearModel_Alpha158_csi300_custom_step0_s_20260525_15,671e282f8b41416ab8a9e7985602f66e,0.119,,,
2251,2026-05-25,SH600547,0.2035377323627472,EXP_LinearModel_Alpha158_csi300_custom_step0_s_20260525_15,671e282f8b41416ab8a9e7985602f66e,0.119,,,
2252,2026-05-25,SH600522,0.11672937124967575,EXP_LinearModel_Alpha158_csi300_custom_step0_s_20260525_15,671e282f8b41416ab8a9e7985602f66e,0.119,,,
2253,2026-05-25,SH600519,-0.08977654576301575,EXP_LinearModel_Alpha158_csi300_custom_step0_s_20260525_15,671e282f8b41416ab8a9e7985602f66e,0.119,,,
2254,2026-05-25,SH600515,0.03884616866707802,EXP_LinearModel_Alpha158_csi300_custom_step0_s_20260525_15,671e282f8b41416ab8a9e7985602f66e,0.119,,,
2255,2026-05-25,SH600489,0.15564393997192383,EXP_LinearModel_Alpha158_csi300_custom_step0_s_20260525_15,671e282f8b41416ab8a9e7985602f66e,0.119,,,
2256,2026-05-25,SH600482,0.08210033923387527,EXP_LinearModel_Alpha158_csi300_custom_step0_s_20260525_15,671e282f8b41416ab8a9e7985602f66e,0.119,,,
2257,2026-05-25,SH600570,0.012446604669094086,EXP_LinearModel_Alpha158_csi300_custom_step0_s_20260525_15,671e282f8b41416ab8a9e7985602f66e,0.119,,,
2258,2026-05-25,SH600460,0.16362959146499634,EXP_LinearModel_Alpha158_csi300_custom_step0_s_20260525_15,671e282f8b41416ab8a9e7985602f66e,0.119,,,
2259,2026-05-25,SH600436,-0.033420905470848083,EXP_LinearModel_Alpha158_csi300_custom_step0_s_20260525_15,671e282f8b41416ab8a9e7985602f66e,0.119,,,
2260,2026-05-25,SH600426,0.12993454933166504,EXP_LinearModel_Alpha158_csi300_custom_step0_s_20260525_15,671e282f8b41416ab8a9e7985602f66e,0.119,,,
2261,2026-05-25,SH600415,0.13964493572711945,EXP_LinearModel_Alpha158_csi300_custom_step0_s_20260525_15,671e282f8b41416ab8a9e7985602f66e,0.119,,,
2262,2026-05-25,SH600406,-0.025648610666394234,EXP_LinearModel_Alpha158_csi300_custom_step0_s_20260525_15,671e282f8b41416ab8a9e7985602f66e,0.119,,,
2263,2026-05-25,SH600377,0.09343165904283524,EXP_LinearModel_Alpha158_csi300_custom_step0_s_20260525_15,671e282f8b41416ab8a9e7985602f66e,0.119,,,
2264,2026-05-25,SH600372,0.052447132766246796,EXP_LinearModel_Alpha158_csi300_custom_step0_s_20260525_15,671e282f8b41416ab8a9e7985602f66e,0.119,,,
2265,2026-05-25,SH600438,0.04591718688607216,EXP_LinearModel_Alpha158_csi300_custom_step0_s_20260525_15,671e282f8b41416ab8a9e7985602f66e,0.119,,,
2266,2026-05-25,SH600584,0.013897791504859924,EXP_LinearModel_Alpha158_csi300_custom_step0_s_20260525_15,671e282f8b41416ab8a9e7985602f66e,0.119,,,
2267,2026-05-25,SH600585,-0.08187093585729599,EXP_LinearModel_Alpha158_csi300_custom_step0_s_20260525_15,671e282f8b41416ab8a9e7985602f66e,0.119,,,
2268,2026-05-25,SH600588,0.06737503409385681,EXP_LinearModel_Alpha158_csi300_custom_step0_s_20260525_15,671e282f8b41416ab8a9e7985602f66e,0.119,,,
2269,2026-05-25,SH600900,-0.08245021849870682,EXP_LinearModel_Alpha158_csi300_custom_step0_s_20260525_15,671e282f8b41416ab8a9e7985602f66e,0.119,,,
2270,2026-05-25,SH600893,0.056972257792949677,EXP_LinearModel_Alpha158_csi300_custom_step0_s_20260525_15,671e282f8b41416ab8a9e7985602f66e,0.119,,,
2271,2026-05-25,SH600887,-0.08581859618425369,EXP_LinearModel_Alpha158_csi300_custom_step0_s_20260525_15,671e282f8b41416ab8a9e7985602f66e,0.119,,,
2272,2026-05-25,SH600886,-0.04986961558461189,EXP_LinearModel_Alpha158_csi300_custom_step0_s_20260525_15,671e282f8b41416ab8a9e7985602f66e,0.119,,,
2273,2026-05-25,SH600875,-0.09239013493061066,EXP_LinearModel_Alpha158_csi300_custom_step0_s_20260525_15,671e282f8b41416ab8a9e7985602f66e,0.119,,,
2274,2026-05-25,SH600845,-0.012722136452794075,EXP_LinearModel_Alpha158_csi300_custom_step0_s_20260525_15,671e282f8b41416ab8a9e7985602f66e,0.119,,,
2275,2026-05-25,SH600809,0.11302661895751953,EXP_LinearModel_Alpha158_csi300_custom_step0_s_20260525_15,671e282f8b41416ab8a9e7985602f66e,0.119,,,
2276,2026-05-25,SH600803,-0.07815790176391602,EXP_LinearModel_Alpha158_csi300_custom_step0_s_20260525_15,671e282f8b41416ab8a9e7985602f66e,0.119,,,
2277,2026-05-25,SH600795,-0.033949706703424454,EXP_LinearModel_Alpha158_csi300_custom_step0_s_20260525_15,671e282f8b41416ab8a9e7985602f66e,0.119,,,
2278,2026-05-25,SH600760,-0.03436553478240967,EXP_LinearModel_Alpha158_csi300_custom_step0_s_20260525_15,671e282f8b41416ab8a9e7985602f66e,0.119,,,
2279,2026-05-25,SH600741,-0.0998590737581253,EXP_LinearModel_Alpha158_csi300_custom_step0_s_20260525_15,671e282f8b41416ab8a9e7985602f66e,0.119,,,
2280,2026-05-25,SH600690,-0.07196148484945297,EXP_LinearModel_Alpha158_csi300_custom_step0_s_20260525_15,671e282f8b41416ab8a9e7985602f66e,0.119,,,
2281,2026-05-25,SH600674,0.04837128147482872,EXP_LinearModel_Alpha158_csi300_custom_step0_s_20260525_15,671e282f8b41416ab8a9e7985602f66e,0.119,,,
2282,2026-05-25,SH600660,-0.10064156353473663,EXP_LinearModel_Alpha158_csi300_custom_step0_s_20260525_15,671e282f8b41416ab8a9e7985602f66e,0.119,,,
2283,2026-05-25,SH600600,-0.11789394915103912,EXP_LinearModel_Alpha158_csi300_custom_step0_s_20260525_15,671e282f8b41416ab8a9e7985602f66e,0.119,,,
2284,2026-05-25,SH600362,0.004846485797315836,EXP_LinearModel_Alpha158_csi300_custom_step0_s_20260525_15,671e282f8b41416ab8a9e7985602f66e,0.119,,,
2285,2026-05-25,SH600346,-0.00822866428643465,EXP_LinearModel_Alpha158_csi300_custom_step0_s_20260525_15,671e282f8b41416ab8a9e7985602f66e,0.119,,,
2286,2026-05-25,SH600309,0.0034340969286859035,EXP_LinearModel_Alpha158_csi300_custom_step0_s_20260525_15,671e282f8b41416ab8a9e7985602f66e,0.119,,,
2287,2026-05-25,SH600276,-0.04183269664645195,EXP_LinearModel_Alpha158_csi300_custom_step0_s_20260525_15,671e282f8b41416ab8a9e7985602f66e,0.119,,,
2288,2026-05-25,SH600036,-0.21637392044067383,EXP_LinearModel_Alpha158_csi300_custom_step0_s_20260525_15,671e282f8b41416ab8a9e7985602f66e,0.119,,,
2289,2026-05-25,SH600031,-0.009011248126626015,EXP_LinearModel_Alpha158_csi300_custom_step0_s_20260525_15,671e282f8b41416ab8a9e7985602f66e,0.119,,,
2290,2026-05-25,SH600030,-0.0025291950441896915,EXP_LinearModel_Alpha158_csi300_custom_step0_s_20260525_15,671e282f8b41416ab8a9e7985602f66e,0.119,,,
2291,2026-05-25,SH600029,0.09656926989555359,EXP_LinearModel_Alpha158_csi300_custom_step0_s_20260525_15,671e282f8b41416ab8a9e7985602f66e,0.119,,,
2292,2026-05-25,SH600028,-0.022104201838374138,EXP_LinearModel_Alpha158_csi300_custom_step0_s_20260525_15,671e282f8b41416ab8a9e7985602f66e,0.119,,,
2293,2026-05-25,SH600027,0.14876799285411835,EXP_LinearModel_Alpha158_csi300_custom_step0_s_20260525_15,671e282f8b41416ab8a9e7985602f66e,0.119,,,
2294,2026-05-25,SH600026,-0.19488199055194855,EXP_LinearModel_Alpha158_csi300_custom_step0_s_20260525_15,671e282f8b41416ab8a9e7985602f66e,0.119,,,
2295,2026-05-25,SH600025,0.005460986867547035,EXP_LinearModel_Alpha158_csi300_custom_step0_s_20260525_15,671e282f8b41416ab8a9e7985602f66e,0.119,,,
2296,2026-05-25,SH600023,-0.077654629945755,EXP_LinearModel_Alpha158_csi300_custom_step0_s_20260525_15,671e282f8b41416ab8a9e7985602f66e,0.119,,,
2297,2026-05-25,SH600019,0.013949483633041382,EXP_LinearModel_Alpha158_csi300_custom_step0_s_20260525_15,671e282f8b41416ab8a9e7985602f66e,0.119,,,
2298,2026-05-25,SH600018,0.049786802381277084,EXP_LinearModel_Alpha158_csi300_custom_step0_s_20260525_15,671e282f8b41416ab8a9e7985602f66e,0.119,,,
2299,2026-05-25,SH600016,-0.20417943596839905,EXP_LinearModel_Alpha158_csi300_custom_step0_s_20260525_15,671e282f8b41416ab8a9e7985602f66e,0.119,,,
2300,2026-05-25,SH600015,-0.04055027291178703,EXP_LinearModel_Alpha158_csi300_custom_step0_s_20260525_15,671e282f8b41416ab8a9e7985602f66e,0.119,,,
2301,2026-05-25,SH600011,0.06175387278199196,EXP_LinearModel_Alpha158_csi300_custom_step0_s_20260525_15,671e282f8b41416ab8a9e7985602f66e,0.119,,,
2302,2026-05-25,SH600010,0.09803637117147446,EXP_LinearModel_Alpha158_csi300_custom_step0_s_20260525_15,671e282f8b41416ab8a9e7985602f66e,0.119,,,
2303,2026-05-25,SH600039,0.03483474999666214,EXP_LinearModel_Alpha158_csi300_custom_step0_s_20260525_15,671e282f8b41416ab8a9e7985602f66e,0.119,,,
2304,2026-05-25,SH600905,0.006431075744330883,EXP_LinearModel_Alpha158_csi300_custom_step0_s_20260525_15,671e282f8b41416ab8a9e7985602f66e,0.119,,,
2305,2026-05-25,SH600048,-0.005616378504782915,EXP_LinearModel_Alpha158_csi300_custom_step0_s_20260525_15,671e282f8b41416ab8a9e7985602f66e,0.119,,,
2306,2026-05-25,SH600061,-0.059240877628326416,EXP_LinearModel_Alpha158_csi300_custom_step0_s_20260525_15,671e282f8b41416ab8a9e7985602f66e,0.119,,,
2307,2026-05-25,SH600233,0.001085811760276556,EXP_LinearModel_Alpha158_csi300_custom_step0_s_20260525_15,671e282f8b41416ab8a9e7985602f66e,0.119,,,
2308,2026-05-25,SH600219,0.11009517312049866,EXP_LinearModel_Alpha158_csi300_custom_step0_s_20260525_15,671e282f8b41416ab8a9e7985602f66e,0.119,,,
2309,2026-05-25,SH600196,-0.08089055866003036,EXP_LinearModel_Alpha158_csi300_custom_step0_s_20260525_15,671e282f8b41416ab8a9e7985602f66e,0.119,,,
2310,2026-05-25,SH600188,-0.0808318555355072,EXP_LinearModel_Alpha158_csi300_custom_step0_s_20260525_15,671e282f8b41416ab8a9e7985602f66e,0.119,,,
2311,2026-05-25,SH600183,0.014383209869265556,EXP_LinearModel_Alpha158_csi300_custom_step0_s_20260525_15,671e282f8b41416ab8a9e7985602f66e,0.119,,,
2312,2026-05-25,SH600176,0.16633889079093933,EXP_LinearModel_Alpha158_csi300_custom_step0_s_20260525_15,671e282f8b41416ab8a9e7985602f66e,0.119,,,
2313,2026-05-25,SH600161,0.029330965131521225,EXP_LinearModel_Alpha158_csi300_custom_step0_s_20260525_15,671e282f8b41416ab8a9e7985602f66e,0.119,,,
2314,2026-05-25,SH600160,0.12078732997179031,EXP_LinearModel_Alpha158_csi300_custom_step0_s_20260525_15,671e282f8b41416ab8a9e7985602f66e,0.119,,,
2315,2026-05-25,SH600150,0.23830032348632812,EXP_LinearModel_Alpha158_csi300_custom_step0_s_20260525_15,671e282f8b41416ab8a9e7985602f66e,0.119,,,
2316,2026-05-25,SH600115,0.08127255737781525,EXP_LinearModel_Alpha158_csi300_custom_step0_s_20260525_15,671e282f8b41416ab8a9e7985602f66e,0.119,,,
2317,2026-05-25,SH600111,0.19195407629013062,EXP_LinearModel_Alpha158_csi300_custom_step0_s_20260525_15,671e282f8b41416ab8a9e7985602f66e,0.119,,,
2318,2026-05-25,SH600104,-0.06189337000250816,EXP_LinearModel_Alpha158_csi300_custom_step0_s_20260525_15,671e282f8b41416ab8a9e7985602f66e,0.119,,,
2319,2026-05-25,SH600089,-0.007412059232592583,EXP_LinearModel_Alpha158_csi300_custom_step0_s_20260525_15,671e282f8b41416ab8a9e7985602f66e,0.119,,,
2320,2026-05-25,SH600085,-0.062380533665418625,EXP_LinearModel_Alpha158_csi300_custom_step0_s_20260525_15,671e282f8b41416ab8a9e7985602f66e,0.119,,,
2321,2026-05-25,SH600066,0.025510726496577263,EXP_LinearModel_Alpha158_csi300_custom_step0_s_20260525_15,671e282f8b41416ab8a9e7985602f66e,0.119,,,
2322,2026-05-25,SH600050,-0.10964340716600418,EXP_LinearModel_Alpha158_csi300_custom_step0_s_20260525_15,671e282f8b41416ab8a9e7985602f66e,0.119,,,
2323,2026-05-25,SH601916,-0.019174430519342422,EXP_LinearModel_Alpha158_csi300_custom_step0_s_20260525_15,671e282f8b41416ab8a9e7985602f66e,0.119,,,
2324,2026-05-25,SH600918,-0.09263738244771957,EXP_LinearModel_Alpha158_csi300_custom_step0_s_20260525_15,671e282f8b41416ab8a9e7985602f66e,0.119,,,
2325,2026-05-25,SH600926,-0.07103658467531204,EXP_LinearModel_Alpha158_csi300_custom_step0_s_20260525_15,671e282f8b41416ab8a9e7985602f66e,0.119,,,
2326,2026-05-25,SH601689,0.08830825239419937,EXP_LinearModel_Alpha158_csi300_custom_step0_s_20260525_15,671e282f8b41416ab8a9e7985602f66e,0.119,,,
2327,2026-05-25,SH601688,0.0070702494122087955,EXP_LinearModel_Alpha158_csi300_custom_step0_s_20260525_15,671e282f8b41416ab8a9e7985602f66e,0.119,,,
2328,2026-05-25,SH601669,0.026176773011684418,EXP_LinearModel_Alpha158_csi300_custom_step0_s_20260525_15,671e282f8b41416ab8a9e7985602f66e,0.119,,,
2329,2026-05-25,SH601668,-0.12265104800462723,EXP_LinearModel_Alpha158_csi300_custom_step0_s_20260525_15,671e282f8b41416ab8a9e7985602f66e,0.119,,,
2330,2026-05-25,SH601658,0.012067437171936035,EXP_LinearModel_Alpha158_csi300_custom_step0_s_20260525_15,671e282f8b41416ab8a9e7985602f66e,0.119,,,
2331,2026-05-25,SH601633,-0.11681829392910004,EXP_LinearModel_Alpha158_csi300_custom_step0_s_20260525_15,671e282f8b41416ab8a9e7985602f66e,0.119,,,
2332,2026-05-25,SH601698,0.13275574147701263,EXP_LinearModel_Alpha158_csi300_custom_step0_s_20260525_15,671e282f8b41416ab8a9e7985602f66e,0.119,,,
2333,2026-05-25,SH601628,-0.06606318056583405,EXP_LinearModel_Alpha158_csi300_custom_step0_s_20260525_15,671e282f8b41416ab8a9e7985602f66e,0.119,,,
2334,2026-05-25,SH601607,-0.04084456339478493,EXP_LinearModel_Alpha158_csi300_custom_step0_s_20260525_15,671e282f8b41416ab8a9e7985602f66e,0.119,,,
2335,2026-05-25,SH601601,-0.03350956365466118,EXP_LinearModel_Alpha158_csi300_custom_step0_s_20260525_15,671e282f8b41416ab8a9e7985602f66e,0.119,,,
2336,2026-05-25,SH601600,0.18948101997375488,EXP_LinearModel_Alpha158_csi300_custom_step0_s_20260525_15,671e282f8b41416ab8a9e7985602f66e,0.119,,,
2337,2026-05-25,SH601456,0.005045128520578146,EXP_LinearModel_Alpha158_csi300_custom_step0_s_20260525_15,671e282f8b41416ab8a9e7985602f66e,0.119,,,
2338,2026-05-25,SH601398,-0.05788643658161163,EXP_LinearModel_Alpha158_csi300_custom_step0_s_20260525_15,671e282f8b41416ab8a9e7985602f66e,0.119,,,
2339,2026-05-25,SH601390,-0.04484409838914871,EXP_LinearModel_Alpha158_csi300_custom_step0_s_20260525_15,671e282f8b41416ab8a9e7985602f66e,0.119,,,
2340,2026-05-25,SH601618,-0.07375191897153854,EXP_LinearModel_Alpha158_csi300_custom_step0_s_20260525_15,671e282f8b41416ab8a9e7985602f66e,0.119,,,
2341,2026-05-25,SH601728,-0.15703852474689484,EXP_LinearModel_Alpha158_csi300_custom_step0_s_20260525_15,671e282f8b41416ab8a9e7985602f66e,0.119,,,
2342,2026-05-25,SH601766,-0.13945280015468597,EXP_LinearModel_Alpha158_csi300_custom_step0_s_20260525_15,671e282f8b41416ab8a9e7985602f66e,0.119,,,
2343,2026-05-25,SH601788,-0.12920714914798737,EXP_LinearModel_Alpha158_csi300_custom_step0_s_20260525_15,671e282f8b41416ab8a9e7985602f66e,0.119,,,
2344,2026-05-25,SH601899,0.02349039912223816,EXP_LinearModel_Alpha158_csi300_custom_step0_s_20260525_15,671e282f8b41416ab8a9e7985602f66e,0.119,,,
2345,2026-05-25,SH601898,-0.08573590219020844,EXP_LinearModel_Alpha158_csi300_custom_step0_s_20260525_15,671e282f8b41416ab8a9e7985602f66e,0.119,,,
2346,2026-05-25,SH601888,0.05276886373758316,EXP_LinearModel_Alpha158_csi300_custom_step0_s_20260525_15,671e282f8b41416ab8a9e7985602f66e,0.119,,,
2347,2026-05-25,SH601881,-0.0258320402354002,EXP_LinearModel_Alpha158_csi300_custom_step0_s_20260525_15,671e282f8b41416ab8a9e7985602f66e,0.119,,,
2348,2026-05-25,SH601878,-0.06316131353378296,EXP_LinearModel_Alpha158_csi300_custom_step0_s_20260525_15,671e282f8b41416ab8a9e7985602f66e,0.119,,,
2349,2026-05-25,SH601877,-0.13694645464420319,EXP_LinearModel_Alpha158_csi300_custom_step0_s_20260525_15,671e282f8b41416ab8a9e7985602f66e,0.119,,,
2350,2026-05-25,SH601872,-0.12259802222251892,EXP_LinearModel_Alpha158_csi300_custom_step0_s_20260525_15,671e282f8b41416ab8a9e7985602f66e,0.119,,,
2351,2026-05-25,SH601868,0.016598111018538475,EXP_LinearModel_Alpha158_csi300_custom_step0_s_20260525_15,671e282f8b41416ab8a9e7985602f66e,0.119,,,
2352,2026-05-25,SH601857,0.09364714473485947,EXP_LinearModel_Alpha158_csi300_custom_step0_s_20260525_15,671e282f8b41416ab8a9e7985602f66e,0.119,,,
2353,2026-05-25,SH601838,0.08902457356452942,EXP_LinearModel_Alpha158_csi300_custom_step0_s_20260525_15,671e282f8b41416ab8a9e7985602f66e,0.119,,,
2354,2026-05-25,SH601825,-0.08521568775177002,EXP_LinearModel_Alpha158_csi300_custom_step0_s_20260525_15,671e282f8b41416ab8a9e7985602f66e,0.119,,,
2355,2026-05-25,SH601818,-0.11207706481218338,EXP_LinearModel_Alpha158_csi300_custom_step0_s_20260525_15,671e282f8b41416ab8a9e7985602f66e,0.119,,,
2356,2026-05-25,SH601816,-0.13313472270965576,EXP_LinearModel_Alpha158_csi300_custom_step0_s_20260525_15,671e282f8b41416ab8a9e7985602f66e,0.119,,,
2357,2026-05-25,SH601808,0.12633909285068512,EXP_LinearModel_Alpha158_csi300_custom_step0_s_20260525_15,671e282f8b41416ab8a9e7985602f66e,0.119,,,
2358,2026-05-25,SH601800,-0.016140228137373924,EXP_LinearModel_Alpha158_csi300_custom_step0_s_20260525_15,671e282f8b41416ab8a9e7985602f66e,0.119,,,
2359,2026-05-25,SH601377,-0.06095070019364357,EXP_LinearModel_Alpha158_csi300_custom_step0_s_20260525_15,671e282f8b41416ab8a9e7985602f66e,0.119,,,
2360,2026-05-25,SH601360,0.05636744201183319,EXP_LinearModel_Alpha158_csi300_custom_step0_s_20260525_15,671e282f8b41416ab8a9e7985602f66e,0.119,,,
2361,2026-05-25,SH601336,0.04522985965013504,EXP_LinearModel_Alpha158_csi300_custom_step0_s_20260525_15,671e282f8b41416ab8a9e7985602f66e,0.119,,,
2362,2026-05-25,SH601328,-0.0027722716331481934,EXP_LinearModel_Alpha158_csi300_custom_step0_s_20260525_15,671e282f8b41416ab8a9e7985602f66e,0.119,,,
2363,2026-05-25,SH601077,-0.049405768513679504,EXP_LinearModel_Alpha158_csi300_custom_step0_s_20260525_15,671e282f8b41416ab8a9e7985602f66e,0.119,,,
2364,2026-05-25,SH601066,-0.004724354017525911,EXP_LinearModel_Alpha158_csi300_custom_step0_s_20260525_15,671e282f8b41416ab8a9e7985602f66e,0.119,,,
2365,2026-05-25,SH601059,-0.07255910336971283,EXP_LinearModel_Alpha158_csi300_custom_step0_s_20260525_15,671e282f8b41416ab8a9e7985602f66e,0.119,,,
2366,2026-05-25,SH601058,0.016037309542298317,EXP_LinearModel_Alpha158_csi300_custom_step0_s_20260525_15,671e282f8b41416ab8a9e7985602f66e,0.119,,,
2367,2026-05-25,SH601021,0.04632338881492615,EXP_LinearModel_Alpha158_csi300_custom_step0_s_20260525_15,671e282f8b41416ab8a9e7985602f66e,0.119,,,
2368,2026-05-25,SH601018,-0.05049557611346245,EXP_LinearModel_Alpha158_csi300_custom_step0_s_20260525_15,671e282f8b41416ab8a9e7985602f66e,0.119,,,
2369,2026-05-25,SH601012,0.011409730650484562,EXP_LinearModel_Alpha158_csi300_custom_step0_s_20260525_15,671e282f8b41416ab8a9e7985602f66e,0.119,,,
2370,2026-05-25,SH601009,0.0016535446047782898,EXP_LinearModel_Alpha158_csi300_custom_step0_s_20260525_15,671e282f8b41416ab8a9e7985602f66e,0.119,,,
2371,2026-05-25,SH601006,0.03718123212456703,EXP_LinearModel_Alpha158_csi300_custom_step0_s_20260525_15,671e282f8b41416ab8a9e7985602f66e,0.119,,,
2372,2026-05-25,SH600999,0.004341520369052887,EXP_LinearModel_Alpha158_csi300_custom_step0_s_20260525_15,671e282f8b41416ab8a9e7985602f66e,0.119,,,
2373,2026-05-25,SH600989,0.08214607834815979,EXP_LinearModel_Alpha158_csi300_custom_step0_s_20260525_15,671e282f8b41416ab8a9e7985602f66e,0.119,,,
2374,2026-05-25,SH600958,,EXP_LinearModel_Alpha158_csi300_custom_step0_s_20260525_15,671e282f8b41416ab8a9e7985602f66e,0.119,,,
2375,2026-05-25,SH600941,0.025837766006588936,EXP_LinearModel_Alpha158_csi300_custom_step0_s_20260525_15,671e282f8b41416ab8a9e7985602f66e,0.119,,,
2376,2026-05-25,SH600938,0.06805097311735153,EXP_LinearModel_Alpha158_csi300_custom_step0_s_20260525_15,671e282f8b41416ab8a9e7985602f66e,0.119,,,
2377,2026-05-25,SH600930,0.033955466002225876,EXP_LinearModel_Alpha158_csi300_custom_step0_s_20260525_15,671e282f8b41416ab8a9e7985602f66e,0.119,,,
2378,2026-05-25,SH601088,-0.12565042078495026,EXP_LinearModel_Alpha158_csi300_custom_step0_s_20260525_15,671e282f8b41416ab8a9e7985602f66e,0.119,,,
2379,2026-05-25,SH600919,0.006494730245321989,EXP_LinearModel_Alpha158_csi300_custom_step0_s_20260525_15,671e282f8b41416ab8a9e7985602f66e,0.119,,,
2380,2026-05-25,SH601100,-0.01466620247811079,EXP_LinearModel_Alpha158_csi300_custom_step0_s_20260525_15,671e282f8b41416ab8a9e7985602f66e,0.119,,,
2381,2026-05-25,SH601117,0.022997748106718063,EXP_LinearModel_Alpha158_csi300_custom_step0_s_20260525_15,671e282f8b41416ab8a9e7985602f66e,0.119,,,
2382,2026-05-25,SH601319,0.014073962345719337,EXP_LinearModel_Alpha158_csi300_custom_step0_s_20260525_15,671e282f8b41416ab8a9e7985602f66e,0.119,,,
2383,2026-05-25,SH601318,-0.01040532998740673,EXP_LinearModel_Alpha158_csi300_custom_step0_s_20260525_15,671e282f8b41416ab8a9e7985602f66e,0.119,,,
2384,2026-05-25,SH601298,-0.06288331747055054,EXP_LinearModel_Alpha158_csi300_custom_step0_s_20260525_15,671e282f8b41416ab8a9e7985602f66e,0.119,,,
2385,2026-05-25,SH601288,-0.02145262435078621,EXP_LinearModel_Alpha158_csi300_custom_step0_s_20260525_15,671e282f8b41416ab8a9e7985602f66e,0.119,,,
2386,2026-05-25,SH601238,-0.0465674065053463,EXP_LinearModel_Alpha158_csi300_custom_step0_s_20260525_15,671e282f8b41416ab8a9e7985602f66e,0.119,,,
2387,2026-05-25,SH601236,-0.04754471778869629,EXP_LinearModel_Alpha158_csi300_custom_step0_s_20260525_15,671e282f8b41416ab8a9e7985602f66e,0.119,,,
2388,2026-05-25,SH601229,-0.01565789245069027,EXP_LinearModel_Alpha158_csi300_custom_step0_s_20260525_15,671e282f8b41416ab8a9e7985602f66e,0.119,,,
2389,2026-05-25,SH601225,-0.05806045979261398,EXP_LinearModel_Alpha158_csi300_custom_step0_s_20260525_15,671e282f8b41416ab8a9e7985602f66e,0.119,,,
2390,2026-05-25,SH601211,-0.09620394557714462,EXP_LinearModel_Alpha158_csi300_custom_step0_s_20260525_15,671e282f8b41416ab8a9e7985602f66e,0.119,,,
2391,2026-05-25,SH601186,-0.09879793226718903,EXP_LinearModel_Alpha158_csi300_custom_step0_s_20260525_15,671e282f8b41416ab8a9e7985602f66e,0.119,,,
2392,2026-05-25,SH601169,-0.19237296283245087,EXP_LinearModel_Alpha158_csi300_custom_step0_s_20260525_15,671e282f8b41416ab8a9e7985602f66e,0.119,,,
2393,2026-05-25,SH601166,-0.0713459849357605,EXP_LinearModel_Alpha158_csi300_custom_step0_s_20260525_15,671e282f8b41416ab8a9e7985602f66e,0.119,,,
2394,2026-05-25,SH601138,0.25150442123413086,EXP_LinearModel_Alpha158_csi300_custom_step0_s_20260525_15,671e282f8b41416ab8a9e7985602f66e,0.119,,,
2395,2026-05-25,SH601136,-0.06446528434753418,EXP_LinearModel_Alpha158_csi300_custom_step0_s_20260525_15,671e282f8b41416ab8a9e7985602f66e,0.119,,,
2396,2026-05-25,SH601127,0.06137249618768692,EXP_LinearModel_Alpha158_csi300_custom_step0_s_20260525_15,671e282f8b41416ab8a9e7985602f66e,0.119,,,
2397,2026-05-25,SH601111,-0.01193966157734394,EXP_LinearModel_Alpha158_csi300_custom_step0_s_20260525_15,671e282f8b41416ab8a9e7985602f66e,0.119,,,
2398,2026-05-25,SH600000,-0.05626813779440821,EXP_DEnsembleModel_Alpha158_csi300_custom_step0_s_20260525_15,3ae65ff58f274d38bdf15ad763968a84,0.066,,,
2399,2026-05-25,SZ302132,-0.1640849391849854,EXP_DEnsembleModel_Alpha158_csi300_custom_step0_s_20260525_15,e4bb2a3885114c06898d9fbd9d9c154a,0.053,,,
2400,2026-05-25,SZ301269,0.006047794568927882,EXP_DEnsembleModel_Alpha158_csi300_custom_step0_s_20260525_15,e4bb2a3885114c06898d9fbd9d9c154a,0.053,,,
2401,2026-05-25,SZ000568,-0.014970874438998949,EXP_CatBoostModel_Alpha158_csi300_custom_step0_s_20260525_18,874a7695eab74536814c9290336caddd,0.077,,,
2402,2026-05-25,SZ000538,-0.023957300614218156,EXP_CatBoostModel_Alpha158_csi300_custom_step0_s_20260525_18,874a7695eab74536814c9290336caddd,0.077,,,
2403,2026-05-25,SZ000425,0.02446436566121989,EXP_CatBoostModel_Alpha158_csi300_custom_step0_s_20260525_18,874a7695eab74536814c9290336caddd,0.077,,,
2404,2026-05-25,SZ000408,-0.011593836520362026,EXP_CatBoostModel_Alpha158_csi300_custom_step0_s_20260525_18,874a7695eab74536814c9290336caddd,0.077,,,
2405,2026-05-25,SZ000338,0.004512861700085545,EXP_CatBoostModel_Alpha158_csi300_custom_step0_s_20260525_18,874a7695eab74536814c9290336caddd,0.077,,,
2406,2026-05-25,SZ000333,0.01673522621239213,EXP_CatBoostModel_Alpha158_csi300_custom_step0_s_20260525_18,874a7695eab74536814c9290336caddd,0.077,,,
2407,2026-05-25,SZ000596,0.019690040922244283,EXP_CatBoostModel_Alpha158_csi300_custom_step0_s_20260525_18,874a7695eab74536814c9290336caddd,0.077,,,
2408,2026-05-25,SZ000301,0.009168714570737865,EXP_CatBoostModel_Alpha158_csi300_custom_step0_s_20260525_18,874a7695eab74536814c9290336caddd,0.077,,,
2409,2026-05-25,SZ000157,-0.011240364051571246,EXP_CatBoostModel_Alpha158_csi300_custom_step0_s_20260525_18,874a7695eab74536814c9290336caddd,0.077,,,
2410,2026-05-25,SZ000100,-0.00899555266631137,EXP_CatBoostModel_Alpha158_csi300_custom_step0_s_20260525_18,874a7695eab74536814c9290336caddd,0.077,,,
2411,2026-05-25,SZ000063,0.00024026942054598718,EXP_CatBoostModel_Alpha158_csi300_custom_step0_s_20260525_18,874a7695eab74536814c9290336caddd,0.077,,,
2412,2026-05-25,SZ000002,0.02325646611108528,EXP_CatBoostModel_Alpha158_csi300_custom_step0_s_20260525_18,874a7695eab74536814c9290336caddd,0.077,,,
2413,2026-05-25,SZ000001,-0.01668921000970154,EXP_CatBoostModel_Alpha158_csi300_custom_step0_s_20260525_18,874a7695eab74536814c9290336caddd,0.077,,,
2414,2026-05-25,SH688981,0.10248355436890838,EXP_CatBoostModel_Alpha158_csi300_custom_step0_s_20260525_18,874a7695eab74536814c9290336caddd,0.077,,,
2415,2026-05-25,SZ000166,-0.01940006088901118,EXP_CatBoostModel_Alpha158_csi300_custom_step0_s_20260525_18,874a7695eab74536814c9290336caddd,0.077,,,
2416,2026-05-25,SZ000617,0.04135777972829674,EXP_CatBoostModel_Alpha158_csi300_custom_step0_s_20260525_18,874a7695eab74536814c9290336caddd,0.077,,,
2417,2026-05-25,SZ000625,0.015106337470398964,EXP_CatBoostModel_Alpha158_csi300_custom_step0_s_20260525_18,874a7695eab74536814c9290336caddd,0.077,,,
2418,2026-05-25,SZ000630,-0.005265448481198032,EXP_CatBoostModel_Alpha158_csi300_custom_step0_s_20260525_18,874a7695eab74536814c9290336caddd,0.077,,,
2419,2026-05-25,SZ000975,0.050803797741232885,EXP_CatBoostModel_Alpha158_csi300_custom_step0_s_20260525_18,874a7695eab74536814c9290336caddd,0.077,,,
2420,2026-05-25,SZ000963,0.011876200512266111,EXP_CatBoostModel_Alpha158_csi300_custom_step0_s_20260525_18,874a7695eab74536814c9290336caddd,0.077,,,
2421,2026-05-25,SZ000938,0.04546411867006003,EXP_CatBoostModel_Alpha158_csi300_custom_step0_s_20260525_18,874a7695eab74536814c9290336caddd,0.077,,,
2422,2026-05-25,SZ000895,-0.01736464756207528,EXP_CatBoostModel_Alpha158_csi300_custom_step0_s_20260525_18,874a7695eab74536814c9290336caddd,0.077,,,
2423,2026-05-25,SZ000876,-0.021197732987071696,EXP_CatBoostModel_Alpha158_csi300_custom_step0_s_20260525_18,874a7695eab74536814c9290336caddd,0.077,,,
2424,2026-05-25,SZ000858,0.021255595054741217,EXP_CatBoostModel_Alpha158_csi300_custom_step0_s_20260525_18,874a7695eab74536814c9290336caddd,0.077,,,
2425,2026-05-25,SZ000807,0.03331959188473658,EXP_CatBoostModel_Alpha158_csi300_custom_step0_s_20260525_18,874a7695eab74536814c9290336caddd,0.077,,,
2426,2026-05-25,SZ000792,0.12063889956029006,EXP_CatBoostModel_Alpha158_csi300_custom_step0_s_20260525_18,874a7695eab74536814c9290336caddd,0.077,,,
2427,2026-05-25,SZ000786,-0.008625939642859966,EXP_CatBoostModel_Alpha158_csi300_custom_step0_s_20260525_18,874a7695eab74536814c9290336caddd,0.077,,,
2428,2026-05-25,SZ000776,-0.006197241728913944,EXP_CatBoostModel_Alpha158_csi300_custom_step0_s_20260525_18,874a7695eab74536814c9290336caddd,0.077,,,
2429,2026-05-25,SZ000768,0.00031744838324794674,EXP_CatBoostModel_Alpha158_csi300_custom_step0_s_20260525_18,874a7695eab74536814c9290336caddd,0.077,,,
2430,2026-05-25,SZ000725,-0.019537415357680513,EXP_CatBoostModel_Alpha158_csi300_custom_step0_s_20260525_18,874a7695eab74536814c9290336caddd,0.077,,,
2431,2026-05-25,SZ000708,0.02205654273879789,EXP_CatBoostModel_Alpha158_csi300_custom_step0_s_20260525_18,874a7695eab74536814c9290336caddd,0.077,,,
2432,2026-05-25,SZ000661,-0.007225084253650734,EXP_CatBoostModel_Alpha158_csi300_custom_step0_s_20260525_18,874a7695eab74536814c9290336caddd,0.077,,,
2433,2026-05-25,SZ000651,-0.004982314452378041,EXP_CatBoostModel_Alpha158_csi300_custom_step0_s_20260525_18,874a7695eab74536814c9290336caddd,0.077,,,
2434,2026-05-25,SH688506,0.02695255786395118,EXP_CatBoostModel_Alpha158_csi300_custom_step0_s_20260525_18,874a7695eab74536814c9290336caddd,0.077,,,
2435,2026-05-25,SH688472,-0.011105111116217623,EXP_CatBoostModel_Alpha158_csi300_custom_step0_s_20260525_18,874a7695eab74536814c9290336caddd,0.077,,,
2436,2026-05-25,SH688396,0.06429232868560436,EXP_CatBoostModel_Alpha158_csi300_custom_step0_s_20260525_18,874a7695eab74536814c9290336caddd,0.077,,,
2437,2026-05-25,SH688303,0.018536849390504952,EXP_CatBoostModel_Alpha158_csi300_custom_step0_s_20260525_18,874a7695eab74536814c9290336caddd,0.077,,,
2438,2026-05-25,SH603799,-0.00543280735723943,EXP_CatBoostModel_Alpha158_csi300_custom_step0_s_20260525_18,874a7695eab74536814c9290336caddd,0.077,,,
2439,2026-05-25,SH603501,0.020797491325688727,EXP_CatBoostModel_Alpha158_csi300_custom_step0_s_20260525_18,874a7695eab74536814c9290336caddd,0.077,,,
2440,2026-05-25,SH603392,0.019405955745023254,EXP_CatBoostModel_Alpha158_csi300_custom_step0_s_20260525_18,874a7695eab74536814c9290336caddd,0.077,,,
2441,2026-05-25,SH603369,0.007940119759504224,EXP_CatBoostModel_Alpha158_csi300_custom_step0_s_20260525_18,874a7695eab74536814c9290336caddd,0.077,,,
2442,2026-05-25,SH603296,0.02257701812013923,EXP_CatBoostModel_Alpha158_csi300_custom_step0_s_20260525_18,874a7695eab74536814c9290336caddd,0.077,,,
2443,2026-05-25,SH603288,-0.003161266131931433,EXP_CatBoostModel_Alpha158_csi300_custom_step0_s_20260525_18,874a7695eab74536814c9290336caddd,0.077,,,
2444,2026-05-25,SH603260,0.01597208741312917,EXP_CatBoostModel_Alpha158_csi300_custom_step0_s_20260525_18,874a7695eab74536814c9290336caddd,0.077,,,
2445,2026-05-25,SH603259,0.009276301835079806,EXP_CatBoostModel_Alpha158_csi300_custom_step0_s_20260525_18,874a7695eab74536814c9290336caddd,0.077,,,
2446,2026-05-25,SH603195,-0.002013425132128781,EXP_CatBoostModel_Alpha158_csi300_custom_step0_s_20260525_18,874a7695eab74536814c9290336caddd,0.077,,,
2447,2026-05-25,SH603019,0.018095044438086627,EXP_CatBoostModel_Alpha158_csi300_custom_step0_s_20260525_18,874a7695eab74536814c9290336caddd,0.077,,,
2448,2026-05-25,SH601998,-0.017785455607650682,EXP_CatBoostModel_Alpha158_csi300_custom_step0_s_20260525_18,874a7695eab74536814c9290336caddd,0.077,,,
2449,2026-05-25,SH601995,0.0015083079455006647,EXP_CatBoostModel_Alpha158_csi300_custom_step0_s_20260525_18,874a7695eab74536814c9290336caddd,0.077,,,
2450,2026-05-25,SH601988,-0.005417635312331364,EXP_CatBoostModel_Alpha158_csi300_custom_step0_s_20260525_18,874a7695eab74536814c9290336caddd,0.077,,,
2451,2026-05-25,SH601985,-0.017249939273619504,EXP_CatBoostModel_Alpha158_csi300_custom_step0_s_20260525_18,874a7695eab74536814c9290336caddd,0.077,,,
2452,2026-05-25,SH601939,0.0003506217042764155,EXP_CatBoostModel_Alpha158_csi300_custom_step0_s_20260525_18,874a7695eab74536814c9290336caddd,0.077,,,
2453,2026-05-25,SH603893,0.03257017564880234,EXP_CatBoostModel_Alpha158_csi300_custom_step0_s_20260525_18,874a7695eab74536814c9290336caddd,0.077,,,
2454,2026-05-25,SZ000977,0.003494400708928618,EXP_CatBoostModel_Alpha158_csi300_custom_step0_s_20260525_18,874a7695eab74536814c9290336caddd,0.077,,,
2455,2026-05-25,SH603986,0.02048362626894659,EXP_CatBoostModel_Alpha158_csi300_custom_step0_s_20260525_18,874a7695eab74536814c9290336caddd,0.077,,,
2456,2026-05-25,SH605117,0.023719223821836187,EXP_CatBoostModel_Alpha158_csi300_custom_step0_s_20260525_18,874a7695eab74536814c9290336caddd,0.077,,,
2457,2026-05-25,SH688271,-0.006140993293744508,EXP_CatBoostModel_Alpha158_csi300_custom_step0_s_20260525_18,874a7695eab74536814c9290336caddd,0.077,,,
2458,2026-05-25,SH688256,0.04046029118534358,EXP_CatBoostModel_Alpha158_csi300_custom_step0_s_20260525_18,874a7695eab74536814c9290336caddd,0.077,,,
2459,2026-05-25,SH688223,0.023290250560046653,EXP_CatBoostModel_Alpha158_csi300_custom_step0_s_20260525_18,874a7695eab74536814c9290336caddd,0.077,,,
2460,2026-05-25,SH688187,-0.016462690897594057,EXP_CatBoostModel_Alpha158_csi300_custom_step0_s_20260525_18,874a7695eab74536814c9290336caddd,0.077,,,
2461,2026-05-25,SH688169,0.0020194387132724226,EXP_CatBoostModel_Alpha158_csi300_custom_step0_s_20260525_18,874a7695eab74536814c9290336caddd,0.077,,,
2462,2026-05-25,SH688126,-0.005679772215435048,EXP_CatBoostModel_Alpha158_csi300_custom_step0_s_20260525_18,874a7695eab74536814c9290336caddd,0.077,,,
2463,2026-05-25,SH688111,0.008753718637316067,EXP_CatBoostModel_Alpha158_csi300_custom_step0_s_20260525_18,874a7695eab74536814c9290336caddd,0.077,,,
2464,2026-05-25,SH688082,-0.007737068259053121,EXP_CatBoostModel_Alpha158_csi300_custom_step0_s_20260525_18,874a7695eab74536814c9290336caddd,0.077,,,
2465,2026-05-25,SH688047,-0.0019284342156389517,EXP_CatBoostModel_Alpha158_csi300_custom_step0_s_20260525_18,874a7695eab74536814c9290336caddd,0.077,,,
2466,2026-05-25,SH688041,-0.038539733155641576,EXP_CatBoostModel_Alpha158_csi300_custom_step0_s_20260525_18,874a7695eab74536814c9290336caddd,0.077,,,
2467,2026-05-25,SH688036,0.013348091705199782,EXP_CatBoostModel_Alpha158_csi300_custom_step0_s_20260525_18,874a7695eab74536814c9290336caddd,0.077,,,
2468,2026-05-25,SH688012,-0.02099900111437592,EXP_CatBoostModel_Alpha158_csi300_custom_step0_s_20260525_18,874a7695eab74536814c9290336caddd,0.077,,,
2469,2026-05-25,SH688009,-0.007661770072667585,EXP_CatBoostModel_Alpha158_csi300_custom_step0_s_20260525_18,874a7695eab74536814c9290336caddd,0.077,,,
2470,2026-05-25,SH688008,0.027440863319005086,EXP_CatBoostModel_Alpha158_csi300_custom_step0_s_20260525_18,874a7695eab74536814c9290336caddd,0.077,,,
2471,2026-05-25,SH605499,-0.0017958046288967689,EXP_CatBoostModel_Alpha158_csi300_custom_step0_s_20260525_18,874a7695eab74536814c9290336caddd,0.077,,,
2472,2026-05-25,SH603993,0.011101151288546425,EXP_CatBoostModel_Alpha158_csi300_custom_step0_s_20260525_18,874a7695eab74536814c9290336caddd,0.077,,,
2473,2026-05-25,SH601919,-0.012001036515435949,EXP_CatBoostModel_Alpha158_csi300_custom_step0_s_20260525_18,874a7695eab74536814c9290336caddd,0.077,,,
2474,2026-05-25,SZ000983,4.312988727854533e-05,EXP_CatBoostModel_Alpha158_csi300_custom_step0_s_20260525_18,874a7695eab74536814c9290336caddd,0.077,,,
2475,2026-05-25,SZ001391,-0.005136719410176379,EXP_CatBoostModel_Alpha158_csi300_custom_step0_s_20260525_18,874a7695eab74536814c9290336caddd,0.077,,,
2476,2026-05-25,SZ300408,-0.08904688402712425,EXP_CatBoostModel_Alpha158_csi300_custom_step0_s_20260525_18,874a7695eab74536814c9290336caddd,0.077,,,
2477,2026-05-25,SZ300394,-0.006703158684241449,EXP_CatBoostModel_Alpha158_csi300_custom_step0_s_20260525_18,874a7695eab74536814c9290336caddd,0.077,,,
2478,2026-05-25,SZ300347,0.0379189549040888,EXP_CatBoostModel_Alpha158_csi300_custom_step0_s_20260525_18,874a7695eab74536814c9290336caddd,0.077,,,
2479,2026-05-25,SZ300316,0.06954694986936528,EXP_CatBoostModel_Alpha158_csi300_custom_step0_s_20260525_18,874a7695eab74536814c9290336caddd,0.077,,,
2480,2026-05-25,SZ300308,0.15184757865885423,EXP_CatBoostModel_Alpha158_csi300_custom_step0_s_20260525_18,874a7695eab74536814c9290336caddd,0.077,,,
2481,2026-05-25,SZ300274,0.03631990786071784,EXP_CatBoostModel_Alpha158_csi300_custom_step0_s_20260525_18,874a7695eab74536814c9290336caddd,0.077,,,
2482,2026-05-25,SZ300413,0.01553906133842568,EXP_CatBoostModel_Alpha158_csi300_custom_step0_s_20260525_18,874a7695eab74536814c9290336caddd,0.077,,,
2483,2026-05-25,SZ300251,0.035237455564564486,EXP_CatBoostModel_Alpha158_csi300_custom_step0_s_20260525_18,874a7695eab74536814c9290336caddd,0.077,,,
2484,2026-05-25,SZ300122,0.022847979877346054,EXP_CatBoostModel_Alpha158_csi300_custom_step0_s_20260525_18,874a7695eab74536814c9290336caddd,0.077,,,
2485,2026-05-25,SZ300059,-0.0028612010107981595,EXP_CatBoostModel_Alpha158_csi300_custom_step0_s_20260525_18,874a7695eab74536814c9290336caddd,0.077,,,
2486,2026-05-25,SZ300033,-0.003997640712915925,EXP_CatBoostModel_Alpha158_csi300_custom_step0_s_20260525_18,874a7695eab74536814c9290336caddd,0.077,,,
2487,2026-05-25,SZ300015,0.009917678763228556,EXP_CatBoostModel_Alpha158_csi300_custom_step0_s_20260525_18,874a7695eab74536814c9290336caddd,0.077,,,
2488,2026-05-25,SZ300014,-0.008250812874683383,EXP_CatBoostModel_Alpha158_csi300_custom_step0_s_20260525_18,874a7695eab74536814c9290336caddd,0.077,,,
2489,2026-05-25,SZ003816,0.0014581374368238024,EXP_CatBoostModel_Alpha158_csi300_custom_step0_s_20260525_18,874a7695eab74536814c9290336caddd,0.077,,,
2490,2026-05-25,SZ300124,0.026586132355550435,EXP_CatBoostModel_Alpha158_csi300_custom_step0_s_20260525_18,874a7695eab74536814c9290336caddd,0.077,,,
2491,2026-05-25,SZ300418,-0.01806949684923801,EXP_CatBoostModel_Alpha158_csi300_custom_step0_s_20260525_18,874a7695eab74536814c9290336caddd,0.077,,,
2492,2026-05-25,SZ300433,-0.025655646767439623,EXP_CatBoostModel_Alpha158_csi300_custom_step0_s_20260525_18,874a7695eab74536814c9290336caddd,0.077,,,
2493,2026-05-25,SZ300442,-0.003857732177567601,EXP_CatBoostModel_Alpha158_csi300_custom_step0_s_20260525_18,874a7695eab74536814c9290336caddd,0.077,,,
2494,2026-05-25,SZ300999,-0.008924901343714372,EXP_CatBoostModel_Alpha158_csi300_custom_step0_s_20260525_18,874a7695eab74536814c9290336caddd,0.077,,,
2495,2026-05-25,SZ300979,0.013248808354143543,EXP_CatBoostModel_Alpha158_csi300_custom_step0_s_20260525_18,874a7695eab74536814c9290336caddd,0.077,,,
2496,2026-05-25,SZ300896,0.008351705905208302,EXP_CatBoostModel_Alpha158_csi300_custom_step0_s_20260525_18,874a7695eab74536814c9290336caddd,0.077,,,
2497,2026-05-25,SZ300866,0.028821628267305634,EXP_CatBoostModel_Alpha158_csi300_custom_step0_s_20260525_18,874a7695eab74536814c9290336caddd,0.077,,,
2498,2026-05-25,SZ300832,-0.0035592451681247766,EXP_CatBoostModel_Alpha158_csi300_custom_step0_s_20260525_18,874a7695eab74536814c9290336caddd,0.077,,,
2499,2026-05-25,SZ300803,-0.0017460780938098482,EXP_CatBoostModel_Alpha158_csi300_custom_step0_s_20260525_18,874a7695eab74536814c9290336caddd,0.077,,,
2500,2026-05-25,SZ300782,0.037541895198844086,EXP_CatBoostModel_Alpha158_csi300_custom_step0_s_20260525_18,874a7695eab74536814c9290336caddd,0.077,,,
2501,2026-05-25,SZ300760,-0.011746180773902212,EXP_CatBoostModel_Alpha158_csi300_custom_step0_s_20260525_18,874a7695eab74536814c9290336caddd,0.077,,,
2502,2026-05-25,SZ300759,0.004324721710063934,EXP_CatBoostModel_Alpha158_csi300_custom_step0_s_20260525_18,874a7695eab74536814c9290336caddd,0.077,,,
2503,2026-05-25,SZ300750,-0.00536320511198296,EXP_CatBoostModel_Alpha158_csi300_custom_step0_s_20260525_18,874a7695eab74536814c9290336caddd,0.077,,,
2504,2026-05-25,SZ300661,0.0481036199644493,EXP_CatBoostModel_Alpha158_csi300_custom_step0_s_20260525_18,874a7695eab74536814c9290336caddd,0.077,,,
2505,2026-05-25,SZ300628,0.012809111868945924,EXP_CatBoostModel_Alpha158_csi300_custom_step0_s_20260525_18,874a7695eab74536814c9290336caddd,0.077,,,
2506,2026-05-25,SZ300502,-0.06566900821194398,EXP_CatBoostModel_Alpha158_csi300_custom_step0_s_20260525_18,874a7695eab74536814c9290336caddd,0.077,,,
2507,2026-05-25,SZ300498,0.026299081814141895,EXP_CatBoostModel_Alpha158_csi300_custom_step0_s_20260525_18,874a7695eab74536814c9290336caddd,0.077,,,
2508,2026-05-25,SZ300476,0.054643579517163476,EXP_CatBoostModel_Alpha158_csi300_custom_step0_s_20260525_18,874a7695eab74536814c9290336caddd,0.077,,,
2509,2026-05-25,SZ002938,0.030977010495488226,EXP_CatBoostModel_Alpha158_csi300_custom_step0_s_20260525_18,874a7695eab74536814c9290336caddd,0.077,,,
2510,2026-05-25,SZ002920,-0.010046320396703041,EXP_CatBoostModel_Alpha158_csi300_custom_step0_s_20260525_18,874a7695eab74536814c9290336caddd,0.077,,,
2511,2026-05-25,SZ002916,-0.008581510445336643,EXP_CatBoostModel_Alpha158_csi300_custom_step0_s_20260525_18,874a7695eab74536814c9290336caddd,0.077,,,
2512,2026-05-25,SZ002736,-0.014728898427847565,EXP_CatBoostModel_Alpha158_csi300_custom_step0_s_20260525_18,874a7695eab74536814c9290336caddd,0.077,,,
2513,2026-05-25,SZ002304,-0.010089633227467634,EXP_CatBoostModel_Alpha158_csi300_custom_step0_s_20260525_18,874a7695eab74536814c9290336caddd,0.077,,,
2514,2026-05-25,SZ002252,-0.009863749777976884,EXP_CatBoostModel_Alpha158_csi300_custom_step0_s_20260525_18,874a7695eab74536814c9290336caddd,0.077,,,
2515,2026-05-25,SZ002241,0.00505462042935014,EXP_CatBoostModel_Alpha158_csi300_custom_step0_s_20260525_18,874a7695eab74536814c9290336caddd,0.077,,,
2516,2026-05-25,SZ002236,-0.006128357849079372,EXP_CatBoostModel_Alpha158_csi300_custom_step0_s_20260525_18,874a7695eab74536814c9290336caddd,0.077,,,
2517,2026-05-25,SZ002230,-0.0032448918204374304,EXP_CatBoostModel_Alpha158_csi300_custom_step0_s_20260525_18,874a7695eab74536814c9290336caddd,0.077,,,
2518,2026-05-25,SZ002179,-0.005989955698040967,EXP_CatBoostModel_Alpha158_csi300_custom_step0_s_20260525_18,874a7695eab74536814c9290336caddd,0.077,,,
2519,2026-05-25,SZ002142,-0.013927704294245754,EXP_CatBoostModel_Alpha158_csi300_custom_step0_s_20260525_18,874a7695eab74536814c9290336caddd,0.077,,,
2520,2026-05-25,SZ002074,0.0012227697335696968,EXP_CatBoostModel_Alpha158_csi300_custom_step0_s_20260525_18,874a7695eab74536814c9290336caddd,0.077,,,
2521,2026-05-25,SZ002050,0.016346246689431326,EXP_CatBoostModel_Alpha158_csi300_custom_step0_s_20260525_18,874a7695eab74536814c9290336caddd,0.077,,,
2522,2026-05-25,SZ002049,0.02919053857404344,EXP_CatBoostModel_Alpha158_csi300_custom_step0_s_20260525_18,874a7695eab74536814c9290336caddd,0.077,,,
2523,2026-05-25,SZ002028,-0.02301080428050623,EXP_CatBoostModel_Alpha158_csi300_custom_step0_s_20260525_18,874a7695eab74536814c9290336caddd,0.077,,,
2524,2026-05-25,SZ002027,0.02031895481549874,EXP_CatBoostModel_Alpha158_csi300_custom_step0_s_20260525_18,874a7695eab74536814c9290336caddd,0.077,,,
2525,2026-05-25,SZ002001,0.03418149811911524,EXP_CatBoostModel_Alpha158_csi300_custom_step0_s_20260525_18,874a7695eab74536814c9290336caddd,0.077,,,
2526,2026-05-25,SZ001979,0.004137465769375263,EXP_CatBoostModel_Alpha158_csi300_custom_step0_s_20260525_18,874a7695eab74536814c9290336caddd,0.077,,,
2527,2026-05-25,SZ001965,0.004410203864787707,EXP_CatBoostModel_Alpha158_csi300_custom_step0_s_20260525_18,874a7695eab74536814c9290336caddd,0.077,,,
2528,2026-05-25,SZ002311,-0.01901257503821016,EXP_CatBoostModel_Alpha158_csi300_custom_step0_s_20260525_18,874a7695eab74536814c9290336caddd,0.077,,,
2529,2026-05-25,SZ000999,-0.014553185953680691,EXP_CatBoostModel_Alpha158_csi300_custom_step0_s_20260525_18,874a7695eab74536814c9290336caddd,0.077,,,
2530,2026-05-25,SZ002352,-0.017643181313853337,EXP_CatBoostModel_Alpha158_csi300_custom_step0_s_20260525_18,874a7695eab74536814c9290336caddd,0.077,,,
2531,2026-05-25,SZ002384,-0.0062025607282692324,EXP_CatBoostModel_Alpha158_csi300_custom_step0_s_20260525_18,874a7695eab74536814c9290336caddd,0.077,,,
2532,2026-05-25,SZ002714,0.027408296436293538,EXP_CatBoostModel_Alpha158_csi300_custom_step0_s_20260525_18,874a7695eab74536814c9290336caddd,0.077,,,
2533,2026-05-25,SZ002709,0.045283506251166034,EXP_CatBoostModel_Alpha158_csi300_custom_step0_s_20260525_18,874a7695eab74536814c9290336caddd,0.077,,,
2534,2026-05-25,SZ002648,0.05526072641541263,EXP_CatBoostModel_Alpha158_csi300_custom_step0_s_20260525_18,874a7695eab74536814c9290336caddd,0.077,,,
2535,2026-05-25,SZ002625,-0.04855726309933269,EXP_CatBoostModel_Alpha158_csi300_custom_step0_s_20260525_18,874a7695eab74536814c9290336caddd,0.077,,,
2536,2026-05-25,SZ002601,0.06624212450961105,EXP_CatBoostModel_Alpha158_csi300_custom_step0_s_20260525_18,874a7695eab74536814c9290336caddd,0.077,,,
2537,2026-05-25,SZ002600,0.01970674066246666,EXP_CatBoostModel_Alpha158_csi300_custom_step0_s_20260525_18,874a7695eab74536814c9290336caddd,0.077,,,
2538,2026-05-25,SZ002594,-0.013641721266456476,EXP_CatBoostModel_Alpha158_csi300_custom_step0_s_20260525_18,874a7695eab74536814c9290336caddd,0.077,,,
2539,2026-05-25,SZ002493,0.11456218058770229,EXP_CatBoostModel_Alpha158_csi300_custom_step0_s_20260525_18,874a7695eab74536814c9290336caddd,0.077,,,
2540,2026-05-25,SZ002475,0.024799970741081142,EXP_CatBoostModel_Alpha158_csi300_custom_step0_s_20260525_18,874a7695eab74536814c9290336caddd,0.077,,,
2541,2026-05-25,SZ002466,0.03543592398501902,EXP_CatBoostModel_Alpha158_csi300_custom_step0_s_20260525_18,874a7695eab74536814c9290336caddd,0.077,,,
2542,2026-05-25,SZ002463,-0.03169014960543359,EXP_CatBoostModel_Alpha158_csi300_custom_step0_s_20260525_18,874a7695eab74536814c9290336caddd,0.077,,,
2543,2026-05-25,SZ002460,0.003539761971455086,EXP_CatBoostModel_Alpha158_csi300_custom_step0_s_20260525_18,874a7695eab74536814c9290336caddd,0.077,,,
2544,2026-05-25,SZ002459,0.015671571641466844,EXP_CatBoostModel_Alpha158_csi300_custom_step0_s_20260525_18,874a7695eab74536814c9290336caddd,0.077,,,
2545,2026-05-25,SZ002422,-0.0006046776479720676,EXP_CatBoostModel_Alpha158_csi300_custom_step0_s_20260525_18,874a7695eab74536814c9290336caddd,0.077,,,
2546,2026-05-25,SZ002415,0.0031109929103342354,EXP_CatBoostModel_Alpha158_csi300_custom_step0_s_20260525_18,874a7695eab74536814c9290336caddd,0.077,,,
2547,2026-05-25,SZ002371,0.017081301818396045,EXP_CatBoostModel_Alpha158_csi300_custom_step0_s_20260525_18,874a7695eab74536814c9290336caddd,0.077,,,
2548,2026-05-25,SZ301236,-0.007866045782749229,EXP_CatBoostModel_Alpha158_csi300_custom_step0_s_20260525_18,874a7695eab74536814c9290336caddd,0.077,,,
2549,2026-05-25,SH601916,-0.010661503697812207,EXP_CatBoostModel_Alpha158_csi300_custom_step0_s_20260525_18,874a7695eab74536814c9290336caddd,0.077,,,
2550,2026-05-25,SH601899,-0.001559367420336813,EXP_CatBoostModel_Alpha158_csi300_custom_step0_s_20260525_18,874a7695eab74536814c9290336caddd,0.077,,,
2551,2026-05-25,SH600522,0.09183030080785326,EXP_CatBoostModel_Alpha158_csi300_custom_step0_s_20260525_18,874a7695eab74536814c9290336caddd,0.077,,,
2552,2026-05-25,SH600519,-0.02147158949949149,EXP_CatBoostModel_Alpha158_csi300_custom_step0_s_20260525_18,874a7695eab74536814c9290336caddd,0.077,,,
2553,2026-05-25,SH600515,-0.016052085113172097,EXP_CatBoostModel_Alpha158_csi300_custom_step0_s_20260525_18,874a7695eab74536814c9290336caddd,0.077,,,
2554,2026-05-25,SH600489,0.017357846344941943,EXP_CatBoostModel_Alpha158_csi300_custom_step0_s_20260525_18,874a7695eab74536814c9290336caddd,0.077,,,
2555,2026-05-25,SH600482,-0.025839551811393503,EXP_CatBoostModel_Alpha158_csi300_custom_step0_s_20260525_18,874a7695eab74536814c9290336caddd,0.077,,,
2556,2026-05-25,SH600460,0.10848225933591221,EXP_CatBoostModel_Alpha158_csi300_custom_step0_s_20260525_18,874a7695eab74536814c9290336caddd,0.077,,,
2557,2026-05-25,SH600547,0.2356415472034012,EXP_CatBoostModel_Alpha158_csi300_custom_step0_s_20260525_18,874a7695eab74536814c9290336caddd,0.077,,,
2558,2026-05-25,SH600438,-0.0018074296481522564,EXP_CatBoostModel_Alpha158_csi300_custom_step0_s_20260525_18,874a7695eab74536814c9290336caddd,0.077,,,
2559,2026-05-25,SH600426,0.010779387042743591,EXP_CatBoostModel_Alpha158_csi300_custom_step0_s_20260525_18,874a7695eab74536814c9290336caddd,0.077,,,
2560,2026-05-25,SH600415,0.0038786161448033664,EXP_CatBoostModel_Alpha158_csi300_custom_step0_s_20260525_18,874a7695eab74536814c9290336caddd,0.077,,,
2561,2026-05-25,SH600406,-0.008353141994178664,EXP_CatBoostModel_Alpha158_csi300_custom_step0_s_20260525_18,874a7695eab74536814c9290336caddd,0.077,,,
2562,2026-05-25,SH600377,0.0029479092535421706,EXP_CatBoostModel_Alpha158_csi300_custom_step0_s_20260525_18,874a7695eab74536814c9290336caddd,0.077,,,
2563,2026-05-25,SH600372,-0.0048998658136798386,EXP_CatBoostModel_Alpha158_csi300_custom_step0_s_20260525_18,874a7695eab74536814c9290336caddd,0.077,,,
2564,2026-05-25,SH600362,0.004668092338145002,EXP_CatBoostModel_Alpha158_csi300_custom_step0_s_20260525_18,874a7695eab74536814c9290336caddd,0.077,,,
2565,2026-05-25,SH600436,0.01375935445104786,EXP_CatBoostModel_Alpha158_csi300_custom_step0_s_20260525_18,874a7695eab74536814c9290336caddd,0.077,,,
2566,2026-05-25,SH600570,-0.0021042147002672132,EXP_CatBoostModel_Alpha158_csi300_custom_step0_s_20260525_18,874a7695eab74536814c9290336caddd,0.077,,,
2567,2026-05-25,SH600584,0.017047081316962302,EXP_CatBoostModel_Alpha158_csi300_custom_step0_s_20260525_18,874a7695eab74536814c9290336caddd,0.077,,,
2568,2026-05-25,SH600585,-0.011585065759700265,EXP_CatBoostModel_Alpha158_csi300_custom_step0_s_20260525_18,874a7695eab74536814c9290336caddd,0.077,,,
2569,2026-05-25,SH600893,-0.008534480839020739,EXP_CatBoostModel_Alpha158_csi300_custom_step0_s_20260525_18,874a7695eab74536814c9290336caddd,0.077,,,
2570,2026-05-25,SH600887,0.004445757083958082,EXP_CatBoostModel_Alpha158_csi300_custom_step0_s_20260525_18,874a7695eab74536814c9290336caddd,0.077,,,
2571,2026-05-25,SH600886,-0.00537594618681113,EXP_CatBoostModel_Alpha158_csi300_custom_step0_s_20260525_18,874a7695eab74536814c9290336caddd,0.077,,,
2572,2026-05-25,SH600875,-0.0168358470441629,EXP_CatBoostModel_Alpha158_csi300_custom_step0_s_20260525_18,874a7695eab74536814c9290336caddd,0.077,,,
2573,2026-05-25,SH600845,-0.011219324795004097,EXP_CatBoostModel_Alpha158_csi300_custom_step0_s_20260525_18,874a7695eab74536814c9290336caddd,0.077,,,
2574,2026-05-25,SH600809,-0.009716780351498706,EXP_CatBoostModel_Alpha158_csi300_custom_step0_s_20260525_18,874a7695eab74536814c9290336caddd,0.077,,,
2575,2026-05-25,SH600803,-0.013176496421420377,EXP_CatBoostModel_Alpha158_csi300_custom_step0_s_20260525_18,874a7695eab74536814c9290336caddd,0.077,,,
2576,2026-05-25,SH600795,0.004673176149515515,EXP_CatBoostModel_Alpha158_csi300_custom_step0_s_20260525_18,874a7695eab74536814c9290336caddd,0.077,,,
2577,2026-05-25,SH600760,0.001723219428843125,EXP_CatBoostModel_Alpha158_csi300_custom_step0_s_20260525_18,874a7695eab74536814c9290336caddd,0.077,,,
2578,2026-05-25,SH600741,0.017174451002857104,EXP_CatBoostModel_Alpha158_csi300_custom_step0_s_20260525_18,874a7695eab74536814c9290336caddd,0.077,,,
2579,2026-05-25,SH600690,0.0028014538459159156,EXP_CatBoostModel_Alpha158_csi300_custom_step0_s_20260525_18,874a7695eab74536814c9290336caddd,0.077,,,
2580,2026-05-25,SH600674,0.00048448415446837215,EXP_CatBoostModel_Alpha158_csi300_custom_step0_s_20260525_18,874a7695eab74536814c9290336caddd,0.077,,,
2581,2026-05-25,SH600660,-0.02069893654604715,EXP_CatBoostModel_Alpha158_csi300_custom_step0_s_20260525_18,874a7695eab74536814c9290336caddd,0.077,,,
2582,2026-05-25,SH600600,-0.027630793024813964,EXP_CatBoostModel_Alpha158_csi300_custom_step0_s_20260525_18,874a7695eab74536814c9290336caddd,0.077,,,
2583,2026-05-25,SH600588,0.005039248343994277,EXP_CatBoostModel_Alpha158_csi300_custom_step0_s_20260525_18,874a7695eab74536814c9290336caddd,0.077,,,
2584,2026-05-25,SH600346,0.06817296778131848,EXP_CatBoostModel_Alpha158_csi300_custom_step0_s_20260525_18,874a7695eab74536814c9290336caddd,0.077,,,
2585,2026-05-25,SH600309,0.02833775459014292,EXP_CatBoostModel_Alpha158_csi300_custom_step0_s_20260525_18,874a7695eab74536814c9290336caddd,0.077,,,
2586,2026-05-25,SH600276,0.0032096222925531576,EXP_CatBoostModel_Alpha158_csi300_custom_step0_s_20260525_18,874a7695eab74536814c9290336caddd,0.077,,,
2587,2026-05-25,SH600233,0.0289387423613924,EXP_CatBoostModel_Alpha158_csi300_custom_step0_s_20260525_18,874a7695eab74536814c9290336caddd,0.077,,,
2588,2026-05-25,SH600031,-0.007480948378099316,EXP_CatBoostModel_Alpha158_csi300_custom_step0_s_20260525_18,874a7695eab74536814c9290336caddd,0.077,,,
2589,2026-05-25,SH600030,-0.0023859009581031565,EXP_CatBoostModel_Alpha158_csi300_custom_step0_s_20260525_18,874a7695eab74536814c9290336caddd,0.077,,,
2590,2026-05-25,SH600029,0.0009481879180422645,EXP_CatBoostModel_Alpha158_csi300_custom_step0_s_20260525_18,874a7695eab74536814c9290336caddd,0.077,,,
2591,2026-05-25,SH600028,0.00047686199100558627,EXP_CatBoostModel_Alpha158_csi300_custom_step0_s_20260525_18,874a7695eab74536814c9290336caddd,0.077,,,
2592,2026-05-25,SH600027,-0.0011445933980384787,EXP_CatBoostModel_Alpha158_csi300_custom_step0_s_20260525_18,874a7695eab74536814c9290336caddd,0.077,,,
2593,2026-05-25,SH600026,-0.03294950518133037,EXP_CatBoostModel_Alpha158_csi300_custom_step0_s_20260525_18,874a7695eab74536814c9290336caddd,0.077,,,
2594,2026-05-25,SH600025,-0.012562678498583077,EXP_CatBoostModel_Alpha158_csi300_custom_step0_s_20260525_18,874a7695eab74536814c9290336caddd,0.077,,,
2595,2026-05-25,SH600023,0.06486192081013498,EXP_CatBoostModel_Alpha158_csi300_custom_step0_s_20260525_18,874a7695eab74536814c9290336caddd,0.077,,,
2596,2026-05-25,SH600019,-0.01886925665549583,EXP_CatBoostModel_Alpha158_csi300_custom_step0_s_20260525_18,874a7695eab74536814c9290336caddd,0.077,,,
2597,2026-05-25,SH600018,0.0016544141143914003,EXP_CatBoostModel_Alpha158_csi300_custom_step0_s_20260525_18,874a7695eab74536814c9290336caddd,0.077,,,
2598,2026-05-25,SH600016,-0.01814070406876608,EXP_CatBoostModel_Alpha158_csi300_custom_step0_s_20260525_18,874a7695eab74536814c9290336caddd,0.077,,,
2599,2026-05-25,SH600015,-0.017572955158071748,EXP_CatBoostModel_Alpha158_csi300_custom_step0_s_20260525_18,874a7695eab74536814c9290336caddd,0.077,,,
2600,2026-05-25,SH600011,0.0038786161448033664,EXP_CatBoostModel_Alpha158_csi300_custom_step0_s_20260525_18,874a7695eab74536814c9290336caddd,0.077,,,
2601,2026-05-25,SH600010,-0.007645134245317738,EXP_CatBoostModel_Alpha158_csi300_custom_step0_s_20260525_18,874a7695eab74536814c9290336caddd,0.077,,,
2602,2026-05-25,SH600009,-0.01806279364310624,EXP_CatBoostModel_Alpha158_csi300_custom_step0_s_20260525_18,874a7695eab74536814c9290336caddd,0.077,,,
2603,2026-05-25,SH600036,-0.022151213524089625,EXP_CatBoostModel_Alpha158_csi300_custom_step0_s_20260525_18,874a7695eab74536814c9290336caddd,0.077,,,
2604,2026-05-25,SH600900,-0.0033782356410720347,EXP_CatBoostModel_Alpha158_csi300_custom_step0_s_20260525_18,874a7695eab74536814c9290336caddd,0.077,,,
2605,2026-05-25,SH600039,-0.018854436228215803,EXP_CatBoostModel_Alpha158_csi300_custom_step0_s_20260525_18,874a7695eab74536814c9290336caddd,0.077,,,
2606,2026-05-25,SH600050,-0.017672285344235008,EXP_CatBoostModel_Alpha158_csi300_custom_step0_s_20260525_18,874a7695eab74536814c9290336caddd,0.077,,,
2607,2026-05-25,SH600219,0.01538045120514732,EXP_CatBoostModel_Alpha158_csi300_custom_step0_s_20260525_18,874a7695eab74536814c9290336caddd,0.077,,,
2608,2026-05-25,SH600196,-0.019254369864577063,EXP_CatBoostModel_Alpha158_csi300_custom_step0_s_20260525_18,874a7695eab74536814c9290336caddd,0.077,,,
2609,2026-05-25,SH600188,0.002221806636744084,EXP_CatBoostModel_Alpha158_csi300_custom_step0_s_20260525_18,874a7695eab74536814c9290336caddd,0.077,,,
2610,2026-05-25,SH600183,-0.03440753030692744,EXP_CatBoostModel_Alpha158_csi300_custom_step0_s_20260525_18,874a7695eab74536814c9290336caddd,0.077,,,
2611,2026-05-25,SH600176,-0.016042279236995007,EXP_CatBoostModel_Alpha158_csi300_custom_step0_s_20260525_18,874a7695eab74536814c9290336caddd,0.077,,,
2612,2026-05-25,SH600161,-0.01818124542513412,EXP_CatBoostModel_Alpha158_csi300_custom_step0_s_20260525_18,874a7695eab74536814c9290336caddd,0.077,,,
2613,2026-05-25,SH600160,-0.0021880286823787423,EXP_CatBoostModel_Alpha158_csi300_custom_step0_s_20260525_18,874a7695eab74536814c9290336caddd,0.077,,,
2614,2026-05-25,SH600150,0.021879845135562695,EXP_CatBoostModel_Alpha158_csi300_custom_step0_s_20260525_18,874a7695eab74536814c9290336caddd,0.077,,,
2615,2026-05-25,SH600115,0.016714112007326445,EXP_CatBoostModel_Alpha158_csi300_custom_step0_s_20260525_18,874a7695eab74536814c9290336caddd,0.077,,,
2616,2026-05-25,SH600111,-0.013042674478176721,EXP_CatBoostModel_Alpha158_csi300_custom_step0_s_20260525_18,874a7695eab74536814c9290336caddd,0.077,,,
2617,2026-05-25,SH600104,-0.01602011619145512,EXP_CatBoostModel_Alpha158_csi300_custom_step0_s_20260525_18,874a7695eab74536814c9290336caddd,0.077,,,
2618,2026-05-25,SH600089,-0.015287975071998255,EXP_CatBoostModel_Alpha158_csi300_custom_step0_s_20260525_18,874a7695eab74536814c9290336caddd,0.077,,,
2619,2026-05-25,SH600085,-0.006210799508483652,EXP_CatBoostModel_Alpha158_csi300_custom_step0_s_20260525_18,874a7695eab74536814c9290336caddd,0.077,,,
2620,2026-05-25,SH600066,-0.003210902958179351,EXP_CatBoostModel_Alpha158_csi300_custom_step0_s_20260525_18,874a7695eab74536814c9290336caddd,0.077,,,
2621,2026-05-25,SH600061,-0.01834739076900502,EXP_CatBoostModel_Alpha158_csi300_custom_step0_s_20260525_18,874a7695eab74536814c9290336caddd,0.077,,,
2622,2026-05-25,SH600048,-0.014791107848501083,EXP_CatBoostModel_Alpha158_csi300_custom_step0_s_20260525_18,874a7695eab74536814c9290336caddd,0.077,,,
2623,2026-05-25,SH601901,-0.0050219711972337286,EXP_CatBoostModel_Alpha158_csi300_custom_step0_s_20260525_18,874a7695eab74536814c9290336caddd,0.077,,,
2624,2026-05-25,SH600905,-0.005322354367170472,EXP_CatBoostModel_Alpha158_csi300_custom_step0_s_20260525_18,874a7695eab74536814c9290336caddd,0.077,,,
2625,2026-05-25,SH600919,-0.0015146850505327915,EXP_CatBoostModel_Alpha158_csi300_custom_step0_s_20260525_18,874a7695eab74536814c9290336caddd,0.077,,,
2626,2026-05-25,SH601688,-0.012283352394237385,EXP_CatBoostModel_Alpha158_csi300_custom_step0_s_20260525_18,874a7695eab74536814c9290336caddd,0.077,,,
2627,2026-05-25,SH601669,-0.013140719526565496,EXP_CatBoostModel_Alpha158_csi300_custom_step0_s_20260525_18,874a7695eab74536814c9290336caddd,0.077,,,
2628,2026-05-25,SH601668,-0.022118497019805262,EXP_CatBoostModel_Alpha158_csi300_custom_step0_s_20260525_18,874a7695eab74536814c9290336caddd,0.077,,,
2629,2026-05-25,SH601658,-0.01482053116377128,EXP_CatBoostModel_Alpha158_csi300_custom_step0_s_20260525_18,874a7695eab74536814c9290336caddd,0.077,,,
2630,2026-05-25,SH601633,0.015759009002854894,EXP_CatBoostModel_Alpha158_csi300_custom_step0_s_20260525_18,874a7695eab74536814c9290336caddd,0.077,,,
2631,2026-05-25,SH601628,-0.02062362580212626,EXP_CatBoostModel_Alpha158_csi300_custom_step0_s_20260525_18,874a7695eab74536814c9290336caddd,0.077,,,
2632,2026-05-25,SH601689,0.02539969698357614,EXP_CatBoostModel_Alpha158_csi300_custom_step0_s_20260525_18,874a7695eab74536814c9290336caddd,0.077,,,
2633,2026-05-25,SH601618,-0.005677036477320903,EXP_CatBoostModel_Alpha158_csi300_custom_step0_s_20260525_18,874a7695eab74536814c9290336caddd,0.077,,,
2634,2026-05-25,SH601601,-0.008800203304013309,EXP_CatBoostModel_Alpha158_csi300_custom_step0_s_20260525_18,874a7695eab74536814c9290336caddd,0.077,,,
2635,2026-05-25,SH601600,-0.001559367420336813,EXP_CatBoostModel_Alpha158_csi300_custom_step0_s_20260525_18,874a7695eab74536814c9290336caddd,0.077,,,
2636,2026-05-25,SH601456,-0.014981175675491966,EXP_CatBoostModel_Alpha158_csi300_custom_step0_s_20260525_18,874a7695eab74536814c9290336caddd,0.077,,,
2637,2026-05-25,SH601398,-0.014515760811655402,EXP_CatBoostModel_Alpha158_csi300_custom_step0_s_20260525_18,874a7695eab74536814c9290336caddd,0.077,,,
2638,2026-05-25,SH601390,-0.0054943724972384865,EXP_CatBoostModel_Alpha158_csi300_custom_step0_s_20260525_18,874a7695eab74536814c9290336caddd,0.077,,,
2639,2026-05-25,SH601377,-0.010784300336004925,EXP_CatBoostModel_Alpha158_csi300_custom_step0_s_20260525_18,874a7695eab74536814c9290336caddd,0.077,,,
2640,2026-05-25,SH601607,-0.020928920828192515,EXP_CatBoostModel_Alpha158_csi300_custom_step0_s_20260525_18,874a7695eab74536814c9290336caddd,0.077,,,
2641,2026-05-25,SH601698,0.005626375089026527,EXP_CatBoostModel_Alpha158_csi300_custom_step0_s_20260525_18,874a7695eab74536814c9290336caddd,0.077,,,
2642,2026-05-25,SH601728,0.07687278300166299,EXP_CatBoostModel_Alpha158_csi300_custom_step0_s_20260525_18,874a7695eab74536814c9290336caddd,0.077,,,
2643,2026-05-25,SH601766,-0.019034160456962577,EXP_CatBoostModel_Alpha158_csi300_custom_step0_s_20260525_18,874a7695eab74536814c9290336caddd,0.077,,,
2644,2026-05-25,SH601898,0.021922855466409197,EXP_CatBoostModel_Alpha158_csi300_custom_step0_s_20260525_18,874a7695eab74536814c9290336caddd,0.077,,,
2645,2026-05-25,SH601888,0.05395375142105897,EXP_CatBoostModel_Alpha158_csi300_custom_step0_s_20260525_18,874a7695eab74536814c9290336caddd,0.077,,,
2646,2026-05-25,SH601881,-0.014724117013284783,EXP_CatBoostModel_Alpha158_csi300_custom_step0_s_20260525_18,874a7695eab74536814c9290336caddd,0.077,,,
2647,2026-05-25,SH601878,-0.008350028320113757,EXP_CatBoostModel_Alpha158_csi300_custom_step0_s_20260525_18,874a7695eab74536814c9290336caddd,0.077,,,
2648,2026-05-25,SH601877,-0.006772393585391079,EXP_CatBoostModel_Alpha158_csi300_custom_step0_s_20260525_18,874a7695eab74536814c9290336caddd,0.077,,,
2649,2026-05-25,SH601872,-0.07362869483331062,EXP_CatBoostModel_Alpha158_csi300_custom_step0_s_20260525_18,874a7695eab74536814c9290336caddd,0.077,,,
2650,2026-05-25,SH601868,0.0011303146767287827,EXP_CatBoostModel_Alpha158_csi300_custom_step0_s_20260525_18,874a7695eab74536814c9290336caddd,0.077,,,
2651,2026-05-25,SH601857,-0.004496344911253993,EXP_CatBoostModel_Alpha158_csi300_custom_step0_s_20260525_18,874a7695eab74536814c9290336caddd,0.077,,,
2652,2026-05-25,SH601838,-0.00024295785480036566,EXP_CatBoostModel_Alpha158_csi300_custom_step0_s_20260525_18,874a7695eab74536814c9290336caddd,0.077,,,
2653,2026-05-25,SH601825,-0.019187053894992423,EXP_CatBoostModel_Alpha158_csi300_custom_step0_s_20260525_18,874a7695eab74536814c9290336caddd,0.077,,,
2654,2026-05-25,SH601818,-0.01750422023090159,EXP_CatBoostModel_Alpha158_csi300_custom_step0_s_20260525_18,874a7695eab74536814c9290336caddd,0.077,,,
2655,2026-05-25,SH601816,-0.02396886626333821,EXP_CatBoostModel_Alpha158_csi300_custom_step0_s_20260525_18,874a7695eab74536814c9290336caddd,0.077,,,
2656,2026-05-25,SH601808,0.0036540161225066354,EXP_CatBoostModel_Alpha158_csi300_custom_step0_s_20260525_18,874a7695eab74536814c9290336caddd,0.077,,,
2657,2026-05-25,SH601800,0.017115381503065196,EXP_CatBoostModel_Alpha158_csi300_custom_step0_s_20260525_18,874a7695eab74536814c9290336caddd,0.077,,,
2658,2026-05-25,SH601788,-0.01806436754233562,EXP_CatBoostModel_Alpha158_csi300_custom_step0_s_20260525_18,874a7695eab74536814c9290336caddd,0.077,,,
2659,2026-05-25,SH601360,-0.0002986478495232043,EXP_CatBoostModel_Alpha158_csi300_custom_step0_s_20260525_18,874a7695eab74536814c9290336caddd,0.077,,,
2660,2026-05-25,SH601336,-0.01491948420803677,EXP_CatBoostModel_Alpha158_csi300_custom_step0_s_20260525_18,874a7695eab74536814c9290336caddd,0.077,,,
2661,2026-05-25,SH601328,-0.018256245906216165,EXP_CatBoostModel_Alpha158_csi300_custom_step0_s_20260525_18,874a7695eab74536814c9290336caddd,0.077,,,
2662,2026-05-25,SH601319,-0.013455193573707868,EXP_CatBoostModel_Alpha158_csi300_custom_step0_s_20260525_18,874a7695eab74536814c9290336caddd,0.077,,,
2663,2026-05-25,SH601066,-0.0008277985900272361,EXP_CatBoostModel_Alpha158_csi300_custom_step0_s_20260525_18,874a7695eab74536814c9290336caddd,0.077,,,
2664,2026-05-25,SH601059,-0.0004723094542546089,EXP_CatBoostModel_Alpha158_csi300_custom_step0_s_20260525_18,874a7695eab74536814c9290336caddd,0.077,,,
2665,2026-05-25,SH601058,-0.007779762784680606,EXP_CatBoostModel_Alpha158_csi300_custom_step0_s_20260525_18,874a7695eab74536814c9290336caddd,0.077,,,
2666,2026-05-25,SH601021,-0.004511387039460685,EXP_CatBoostModel_Alpha158_csi300_custom_step0_s_20260525_18,874a7695eab74536814c9290336caddd,0.077,,,
2667,2026-05-25,SH601018,-0.013441471135639716,EXP_CatBoostModel_Alpha158_csi300_custom_step0_s_20260525_18,874a7695eab74536814c9290336caddd,0.077,,,
2668,2026-05-25,SH601012,0.025216427032225146,EXP_CatBoostModel_Alpha158_csi300_custom_step0_s_20260525_18,874a7695eab74536814c9290336caddd,0.077,,,
2669,2026-05-25,SH601009,-0.02267923332591821,EXP_CatBoostModel_Alpha158_csi300_custom_step0_s_20260525_18,874a7695eab74536814c9290336caddd,0.077,,,
2670,2026-05-25,SH601006,-0.0064807028065783775,EXP_CatBoostModel_Alpha158_csi300_custom_step0_s_20260525_18,874a7695eab74536814c9290336caddd,0.077,,,
2671,2026-05-25,SH600999,-0.005539213451558457,EXP_CatBoostModel_Alpha158_csi300_custom_step0_s_20260525_18,874a7695eab74536814c9290336caddd,0.077,,,
2672,2026-05-25,SH600989,0.0238965532389566,EXP_CatBoostModel_Alpha158_csi300_custom_step0_s_20260525_18,874a7695eab74536814c9290336caddd,0.077,,,
2673,2026-05-25,SH600958,0.010899281161239106,EXP_CatBoostModel_Alpha158_csi300_custom_step0_s_20260525_18,874a7695eab74536814c9290336caddd,0.077,,,
2674,2026-05-25,SH600941,-0.001271904804399595,EXP_CatBoostModel_Alpha158_csi300_custom_step0_s_20260525_18,874a7695eab74536814c9290336caddd,0.077,,,
2675,2026-05-25,SH600938,-0.008700223280649868,EXP_CatBoostModel_Alpha158_csi300_custom_step0_s_20260525_18,874a7695eab74536814c9290336caddd,0.077,,,
2676,2026-05-25,SH600930,-0.0025996635996311155,EXP_CatBoostModel_Alpha158_csi300_custom_step0_s_20260525_18,874a7695eab74536814c9290336caddd,0.077,,,
2677,2026-05-25,SH600926,-0.016103337007436356,EXP_CatBoostModel_Alpha158_csi300_custom_step0_s_20260525_18,874a7695eab74536814c9290336caddd,0.077,,,
2678,2026-05-25,SH601077,-0.00817890327928673,EXP_CatBoostModel_Alpha158_csi300_custom_step0_s_20260525_18,874a7695eab74536814c9290336caddd,0.077,,,
2679,2026-05-25,SH600918,-0.013684326764478267,EXP_CatBoostModel_Alpha158_csi300_custom_step0_s_20260525_18,874a7695eab74536814c9290336caddd,0.077,,,
2680,2026-05-25,SH601088,-0.01853740875860478,EXP_CatBoostModel_Alpha158_csi300_custom_step0_s_20260525_18,874a7695eab74536814c9290336caddd,0.077,,,
2681,2026-05-25,SH601111,-0.006317058464212015,EXP_CatBoostModel_Alpha158_csi300_custom_step0_s_20260525_18,874a7695eab74536814c9290336caddd,0.077,,,
2682,2026-05-25,SH601318,-0.02278179453410666,EXP_CatBoostModel_Alpha158_csi300_custom_step0_s_20260525_18,874a7695eab74536814c9290336caddd,0.077,,,
2683,2026-05-25,SH601298,-0.0062416882214516994,EXP_CatBoostModel_Alpha158_csi300_custom_step0_s_20260525_18,874a7695eab74536814c9290336caddd,0.077,,,
2684,2026-05-25,SH601288,-0.014073095532951147,EXP_CatBoostModel_Alpha158_csi300_custom_step0_s_20260525_18,874a7695eab74536814c9290336caddd,0.077,,,
2685,2026-05-25,SH601238,-0.009871236901389012,EXP_CatBoostModel_Alpha158_csi300_custom_step0_s_20260525_18,874a7695eab74536814c9290336caddd,0.077,,,
2686,2026-05-25,SH601236,-0.012668708640671015,EXP_CatBoostModel_Alpha158_csi300_custom_step0_s_20260525_18,874a7695eab74536814c9290336caddd,0.077,,,
2687,2026-05-25,SH601229,-0.02365833891336375,EXP_CatBoostModel_Alpha158_csi300_custom_step0_s_20260525_18,874a7695eab74536814c9290336caddd,0.077,,,
2688,2026-05-25,SH601225,-0.011696877722382966,EXP_CatBoostModel_Alpha158_csi300_custom_step0_s_20260525_18,874a7695eab74536814c9290336caddd,0.077,,,
2689,2026-05-25,SH601211,-0.01191566777180115,EXP_CatBoostModel_Alpha158_csi300_custom_step0_s_20260525_18,874a7695eab74536814c9290336caddd,0.077,,,
2690,2026-05-25,SH601186,-0.02287608994004501,EXP_CatBoostModel_Alpha158_csi300_custom_step0_s_20260525_18,874a7695eab74536814c9290336caddd,0.077,,,
2691,2026-05-25,SH601169,-0.02113784275341979,EXP_CatBoostModel_Alpha158_csi300_custom_step0_s_20260525_18,874a7695eab74536814c9290336caddd,0.077,,,
2692,2026-05-25,SH601166,-0.01809007344621694,EXP_CatBoostModel_Alpha158_csi300_custom_step0_s_20260525_18,874a7695eab74536814c9290336caddd,0.077,,,
2693,2026-05-25,SH601138,0.015915075821992655,EXP_CatBoostModel_Alpha158_csi300_custom_step0_s_20260525_18,874a7695eab74536814c9290336caddd,0.077,,,
2694,2026-05-25,SH601136,-0.013310646907650046,EXP_CatBoostModel_Alpha158_csi300_custom_step0_s_20260525_18,874a7695eab74536814c9290336caddd,0.077,,,
2695,2026-05-25,SH601127,-0.00565599494109854,EXP_CatBoostModel_Alpha158_csi300_custom_step0_s_20260525_18,874a7695eab74536814c9290336caddd,0.077,,,
2696,2026-05-25,SH601117,-0.013608881351114129,EXP_CatBoostModel_Alpha158_csi300_custom_step0_s_20260525_18,874a7695eab74536814c9290336caddd,0.077,,,
2697,2026-05-25,SH601100,-0.015426479434389278,EXP_CatBoostModel_Alpha158_csi300_custom_step0_s_20260525_18,874a7695eab74536814c9290336caddd,0.077,,,
2698,2026-05-25,SH600000,-0.01922510276414081,EXP_CatBoostModel_Alpha158_csi300_custom_step0_s_20260525_18,874a7695eab74536814c9290336caddd,0.077,,,
2699,2026-05-25,SZ301269,-0.20110180388469864,EXP_CatBoostModel_Alpha158_csi300_custom_step0_s_20260525_18,874a7695eab74536814c9290336caddd,0.077,,,
2700,2026-05-25,SH600000,-0.0019574951342104224,EXP_LGBModel_Alpha158_csi300_custom_step0_s_20260525_17,ec3fe8a024b840a7a3ef10e5420422ca,0.045,,,
2701,2026-05-25,SZ000568,-0.0016693630394455112,EXP_LGBModel_Alpha158_csi300_custom_step0_s_20260525_17,ec3fe8a024b840a7a3ef10e5420422ca,0.045,,,
2702,2026-05-25,SZ000538,-3.279200183646561e-10,EXP_LGBModel_Alpha158_csi300_custom_step0_s_20260525_17,ec3fe8a024b840a7a3ef10e5420422ca,0.045,,,
2703,2026-05-25,SZ000425,-0.002448321252007252,EXP_LGBModel_Alpha158_csi300_custom_step0_s_20260525_17,ec3fe8a024b840a7a3ef10e5420422ca,0.045,,,
2704,2026-05-25,SZ000408,-0.002448321252007252,EXP_LGBModel_Alpha158_csi300_custom_step0_s_20260525_17,ec3fe8a024b840a7a3ef10e5420422ca,0.045,,,
2705,2026-05-25,SZ000338,0.0050546918939844525,EXP_LGBModel_Alpha158_csi300_custom_step0_s_20260525_17,ec3fe8a024b840a7a3ef10e5420422ca,0.045,,,
2706,2026-05-25,SZ000333,0.002413057225652406,EXP_LGBModel_Alpha158_csi300_custom_step0_s_20260525_17,ec3fe8a024b840a7a3ef10e5420422ca,0.045,,,
2707,2026-05-25,SZ000596,-0.0016693630394455112,EXP_LGBModel_Alpha158_csi300_custom_step0_s_20260525_17,ec3fe8a024b840a7a3ef10e5420422ca,0.045,,,
2708,2026-05-25,SZ000301,-0.002448321252007252,EXP_LGBModel_Alpha158_csi300_custom_step0_s_20260525_17,ec3fe8a024b840a7a3ef10e5420422ca,0.045,,,
2709,2026-05-25,SZ000157,-0.002448321252007252,EXP_LGBModel_Alpha158_csi300_custom_step0_s_20260525_17,ec3fe8a024b840a7a3ef10e5420422ca,0.045,,,
2710,2026-05-25,SZ000100,-0.0016693630394455112,EXP_LGBModel_Alpha158_csi300_custom_step0_s_20260525_17,ec3fe8a024b840a7a3ef10e5420422ca,0.045,,,
2711,2026-05-25,SZ000063,-0.002448321252007252,EXP_LGBModel_Alpha158_csi300_custom_step0_s_20260525_17,ec3fe8a024b840a7a3ef10e5420422ca,0.045,,,
2712,2026-05-25,SZ000002,-0.002448321252007252,EXP_LGBModel_Alpha158_csi300_custom_step0_s_20260525_17,ec3fe8a024b840a7a3ef10e5420422ca,0.045,,,
2713,2026-05-25,SZ000001,-3.279200183646561e-10,EXP_LGBModel_Alpha158_csi300_custom_step0_s_20260525_17,ec3fe8a024b840a7a3ef10e5420422ca,0.045,,,
2714,2026-05-25,SH688981,-3.279200183646561e-10,EXP_LGBModel_Alpha158_csi300_custom_step0_s_20260525_17,ec3fe8a024b840a7a3ef10e5420422ca,0.045,,,
2715,2026-05-25,SZ000166,-0.002448321252007252,EXP_LGBModel_Alpha158_csi300_custom_step0_s_20260525_17,ec3fe8a024b840a7a3ef10e5420422ca,0.045,,,
2716,2026-05-25,SZ000617,-3.279200183646561e-10,EXP_LGBModel_Alpha158_csi300_custom_step0_s_20260525_17,ec3fe8a024b840a7a3ef10e5420422ca,0.045,,,
2717,2026-05-25,SZ000625,-3.279200183646561e-10,EXP_LGBModel_Alpha158_csi300_custom_step0_s_20260525_17,ec3fe8a024b840a7a3ef10e5420422ca,0.045,,,
2718,2026-05-25,SZ000630,-0.0016693630394455112,EXP_LGBModel_Alpha158_csi300_custom_step0_s_20260525_17,ec3fe8a024b840a7a3ef10e5420422ca,0.045,,,
2719,2026-05-25,SZ000975,-3.279200183646561e-10,EXP_LGBModel_Alpha158_csi300_custom_step0_s_20260525_17,ec3fe8a024b840a7a3ef10e5420422ca,0.045,,,
2720,2026-05-25,SZ000963,-0.002448321252007252,EXP_LGBModel_Alpha158_csi300_custom_step0_s_20260525_17,ec3fe8a024b840a7a3ef10e5420422ca,0.045,,,
2721,2026-05-25,SZ000938,-3.279200183646561e-10,EXP_LGBModel_Alpha158_csi300_custom_step0_s_20260525_17,ec3fe8a024b840a7a3ef10e5420422ca,0.045,,,
2722,2026-05-25,SZ000895,-3.279200183646561e-10,EXP_LGBModel_Alpha158_csi300_custom_step0_s_20260525_17,ec3fe8a024b840a7a3ef10e5420422ca,0.045,,,
2723,2026-05-25,SZ000876,-0.002448321252007252,EXP_LGBModel_Alpha158_csi300_custom_step0_s_20260525_17,ec3fe8a024b840a7a3ef10e5420422ca,0.045,,,
2724,2026-05-25,SZ000858,-3.279200183646561e-10,EXP_LGBModel_Alpha158_csi300_custom_step0_s_20260525_17,ec3fe8a024b840a7a3ef10e5420422ca,0.045,,,
2725,2026-05-25,SZ000807,0.0007510784844829556,EXP_LGBModel_Alpha158_csi300_custom_step0_s_20260525_17,ec3fe8a024b840a7a3ef10e5420422ca,0.045,,,
2726,2026-05-25,SZ000792,-0.002448321252007252,EXP_LGBModel_Alpha158_csi300_custom_step0_s_20260525_17,ec3fe8a024b840a7a3ef10e5420422ca,0.045,,,
2727,2026-05-25,SZ000786,-0.002448321252007252,EXP_LGBModel_Alpha158_csi300_custom_step0_s_20260525_17,ec3fe8a024b840a7a3ef10e5420422ca,0.045,,,
2728,2026-05-25,SZ000776,-3.279200183646561e-10,EXP_LGBModel_Alpha158_csi300_custom_step0_s_20260525_17,ec3fe8a024b840a7a3ef10e5420422ca,0.045,,,
2729,2026-05-25,SZ000768,-0.002448321252007252,EXP_LGBModel_Alpha158_csi300_custom_step0_s_20260525_17,ec3fe8a024b840a7a3ef10e5420422ca,0.045,,,
2730,2026-05-25,SZ000725,-3.279200183646561e-10,EXP_LGBModel_Alpha158_csi300_custom_step0_s_20260525_17,ec3fe8a024b840a7a3ef10e5420422ca,0.045,,,
2731,2026-05-25,SZ000708,-3.279200183646561e-10,EXP_LGBModel_Alpha158_csi300_custom_step0_s_20260525_17,ec3fe8a024b840a7a3ef10e5420422ca,0.045,,,
2732,2026-05-25,SZ000661,-0.002448321252007252,EXP_LGBModel_Alpha158_csi300_custom_step0_s_20260525_17,ec3fe8a024b840a7a3ef10e5420422ca,0.045,,,
2733,2026-05-25,SZ000651,-3.279200183646561e-10,EXP_LGBModel_Alpha158_csi300_custom_step0_s_20260525_17,ec3fe8a024b840a7a3ef10e5420422ca,0.045,,,
2734,2026-05-25,SH688506,-3.279200183646561e-10,EXP_LGBModel_Alpha158_csi300_custom_step0_s_20260525_17,ec3fe8a024b840a7a3ef10e5420422ca,0.045,,,
2735,2026-05-25,SH688472,-0.002448321252007252,EXP_LGBModel_Alpha158_csi300_custom_step0_s_20260525_17,ec3fe8a024b840a7a3ef10e5420422ca,0.045,,,
2736,2026-05-25,SH688396,-3.279200183646561e-10,EXP_LGBModel_Alpha158_csi300_custom_step0_s_20260525_17,ec3fe8a024b840a7a3ef10e5420422ca,0.045,,,
2737,2026-05-25,SH688303,-0.002448321252007252,EXP_LGBModel_Alpha158_csi300_custom_step0_s_20260525_17,ec3fe8a024b840a7a3ef10e5420422ca,0.045,,,
2738,2026-05-25,SH603799,-0.002448321252007252,EXP_LGBModel_Alpha158_csi300_custom_step0_s_20260525_17,ec3fe8a024b840a7a3ef10e5420422ca,0.045,,,
2739,2026-05-25,SH603501,-0.0016693630394455112,EXP_LGBModel_Alpha158_csi300_custom_step0_s_20260525_17,ec3fe8a024b840a7a3ef10e5420422ca,0.045,,,
2740,2026-05-25,SH603392,-3.279200183646561e-10,EXP_LGBModel_Alpha158_csi300_custom_step0_s_20260525_17,ec3fe8a024b840a7a3ef10e5420422ca,0.045,,,
2741,2026-05-25,SH603369,-0.0016693630394455112,EXP_LGBModel_Alpha158_csi300_custom_step0_s_20260525_17,ec3fe8a024b840a7a3ef10e5420422ca,0.045,,,
2742,2026-05-25,SH603296,-0.002448321252007252,EXP_LGBModel_Alpha158_csi300_custom_step0_s_20260525_17,ec3fe8a024b840a7a3ef10e5420422ca,0.045,,,
2743,2026-05-25,SH603288,-0.002448321252007252,EXP_LGBModel_Alpha158_csi300_custom_step0_s_20260525_17,ec3fe8a024b840a7a3ef10e5420422ca,0.045,,,
2744,2026-05-25,SH603260,-0.002448321252007252,EXP_LGBModel_Alpha158_csi300_custom_step0_s_20260525_17,ec3fe8a024b840a7a3ef10e5420422ca,0.045,,,
2745,2026-05-25,SH603259,-0.002448321252007252,EXP_LGBModel_Alpha158_csi300_custom_step0_s_20260525_17,ec3fe8a024b840a7a3ef10e5420422ca,0.045,,,
2746,2026-05-25,SH603195,-3.279200183646561e-10,EXP_LGBModel_Alpha158_csi300_custom_step0_s_20260525_17,ec3fe8a024b840a7a3ef10e5420422ca,0.045,,,
2747,2026-05-25,SH603019,-0.002448321252007252,EXP_LGBModel_Alpha158_csi300_custom_step0_s_20260525_17,ec3fe8a024b840a7a3ef10e5420422ca,0.045,,,
2748,2026-05-25,SH601998,-0.002448321252007252,EXP_LGBModel_Alpha158_csi300_custom_step0_s_20260525_17,ec3fe8a024b840a7a3ef10e5420422ca,0.045,,,
2749,2026-05-25,SH601995,0.002413057225652406,EXP_LGBModel_Alpha158_csi300_custom_step0_s_20260525_17,ec3fe8a024b840a7a3ef10e5420422ca,0.045,,,
2750,2026-05-25,SH601988,0.002413057225652406,EXP_LGBModel_Alpha158_csi300_custom_step0_s_20260525_17,ec3fe8a024b840a7a3ef10e5420422ca,0.045,,,
2751,2026-05-25,SH601985,-0.002448321252007252,EXP_LGBModel_Alpha158_csi300_custom_step0_s_20260525_17,ec3fe8a024b840a7a3ef10e5420422ca,0.045,,,
2752,2026-05-25,SH601939,-3.279200183646561e-10,EXP_LGBModel_Alpha158_csi300_custom_step0_s_20260525_17,ec3fe8a024b840a7a3ef10e5420422ca,0.045,,,
2753,2026-05-25,SH603893,0.0007510784844829556,EXP_LGBModel_Alpha158_csi300_custom_step0_s_20260525_17,ec3fe8a024b840a7a3ef10e5420422ca,0.045,,,
2754,2026-05-25,SZ000977,-0.002448321252007252,EXP_LGBModel_Alpha158_csi300_custom_step0_s_20260525_17,ec3fe8a024b840a7a3ef10e5420422ca,0.045,,,
2755,2026-05-25,SH603986,-0.004229849856877637,EXP_LGBModel_Alpha158_csi300_custom_step0_s_20260525_17,ec3fe8a024b840a7a3ef10e5420422ca,0.045,,,
2756,2026-05-25,SH605117,-0.002448321252007252,EXP_LGBModel_Alpha158_csi300_custom_step0_s_20260525_17,ec3fe8a024b840a7a3ef10e5420422ca,0.045,,,
2757,2026-05-25,SH688271,-3.279200183646561e-10,EXP_LGBModel_Alpha158_csi300_custom_step0_s_20260525_17,ec3fe8a024b840a7a3ef10e5420422ca,0.045,,,
2758,2026-05-25,SH688256,-0.004229849856877637,EXP_LGBModel_Alpha158_csi300_custom_step0_s_20260525_17,ec3fe8a024b840a7a3ef10e5420422ca,0.045,,,
2759,2026-05-25,SH688223,-0.002448321252007252,EXP_LGBModel_Alpha158_csi300_custom_step0_s_20260525_17,ec3fe8a024b840a7a3ef10e5420422ca,0.045,,,
2760,2026-05-25,SH688187,-3.279200183646561e-10,EXP_LGBModel_Alpha158_csi300_custom_step0_s_20260525_17,ec3fe8a024b840a7a3ef10e5420422ca,0.045,,,
2761,2026-05-25,SH688169,-0.002448321252007252,EXP_LGBModel_Alpha158_csi300_custom_step0_s_20260525_17,ec3fe8a024b840a7a3ef10e5420422ca,0.045,,,
2762,2026-05-25,SH688126,-3.279200183646561e-10,EXP_LGBModel_Alpha158_csi300_custom_step0_s_20260525_17,ec3fe8a024b840a7a3ef10e5420422ca,0.045,,,
2763,2026-05-25,SH688111,-0.002448321252007252,EXP_LGBModel_Alpha158_csi300_custom_step0_s_20260525_17,ec3fe8a024b840a7a3ef10e5420422ca,0.045,,,
2764,2026-05-25,SH688082,-0.004229849856877637,EXP_LGBModel_Alpha158_csi300_custom_step0_s_20260525_17,ec3fe8a024b840a7a3ef10e5420422ca,0.045,,,
2765,2026-05-25,SH688047,0.0050546918939844525,EXP_LGBModel_Alpha158_csi300_custom_step0_s_20260525_17,ec3fe8a024b840a7a3ef10e5420422ca,0.045,,,
2766,2026-05-25,SH688041,-3.279200183646561e-10,EXP_LGBModel_Alpha158_csi300_custom_step0_s_20260525_17,ec3fe8a024b840a7a3ef10e5420422ca,0.045,,,
2767,2026-05-25,SH688036,-0.002448321252007252,EXP_LGBModel_Alpha158_csi300_custom_step0_s_20260525_17,ec3fe8a024b840a7a3ef10e5420422ca,0.045,,,
2768,2026-05-25,SH688012,-0.004229849856877637,EXP_LGBModel_Alpha158_csi300_custom_step0_s_20260525_17,ec3fe8a024b840a7a3ef10e5420422ca,0.045,,,
2769,2026-05-25,SH688009,-3.279200183646561e-10,EXP_LGBModel_Alpha158_csi300_custom_step0_s_20260525_17,ec3fe8a024b840a7a3ef10e5420422ca,0.045,,,
2770,2026-05-25,SH688008,-0.004229849856877637,EXP_LGBModel_Alpha158_csi300_custom_step0_s_20260525_17,ec3fe8a024b840a7a3ef10e5420422ca,0.045,,,
2771,2026-05-25,SH605499,0.002413057225652406,EXP_LGBModel_Alpha158_csi300_custom_step0_s_20260525_17,ec3fe8a024b840a7a3ef10e5420422ca,0.045,,,
2772,2026-05-25,SH603993,-0.002448321252007252,EXP_LGBModel_Alpha158_csi300_custom_step0_s_20260525_17,ec3fe8a024b840a7a3ef10e5420422ca,0.045,,,
2773,2026-05-25,SH601919,-0.002448321252007252,EXP_LGBModel_Alpha158_csi300_custom_step0_s_20260525_17,ec3fe8a024b840a7a3ef10e5420422ca,0.045,,,
2774,2026-05-25,SZ000983,-0.002448321252007252,EXP_LGBModel_Alpha158_csi300_custom_step0_s_20260525_17,ec3fe8a024b840a7a3ef10e5420422ca,0.045,,,
2775,2026-05-25,SZ001391,-3.279200183646561e-10,EXP_LGBModel_Alpha158_csi300_custom_step0_s_20260525_17,ec3fe8a024b840a7a3ef10e5420422ca,0.045,,,
2776,2026-05-25,SZ300408,-3.279200183646561e-10,EXP_LGBModel_Alpha158_csi300_custom_step0_s_20260525_17,ec3fe8a024b840a7a3ef10e5420422ca,0.045,,,
2777,2026-05-25,SZ300394,-3.279200183646561e-10,EXP_LGBModel_Alpha158_csi300_custom_step0_s_20260525_17,ec3fe8a024b840a7a3ef10e5420422ca,0.045,,,
2778,2026-05-25,SZ300347,-3.279200183646561e-10,EXP_LGBModel_Alpha158_csi300_custom_step0_s_20260525_17,ec3fe8a024b840a7a3ef10e5420422ca,0.045,,,
2779,2026-05-25,SZ300316,-3.279200183646561e-10,EXP_LGBModel_Alpha158_csi300_custom_step0_s_20260525_17,ec3fe8a024b840a7a3ef10e5420422ca,0.045,,,
2780,2026-05-25,SZ300308,0.0050546918939844525,EXP_LGBModel_Alpha158_csi300_custom_step0_s_20260525_17,ec3fe8a024b840a7a3ef10e5420422ca,0.045,,,
2781,2026-05-25,SZ300274,-0.002448321252007252,EXP_LGBModel_Alpha158_csi300_custom_step0_s_20260525_17,ec3fe8a024b840a7a3ef10e5420422ca,0.045,,,
2782,2026-05-25,SZ300413,-3.279200183646561e-10,EXP_LGBModel_Alpha158_csi300_custom_step0_s_20260525_17,ec3fe8a024b840a7a3ef10e5420422ca,0.045,,,
2783,2026-05-25,SZ300251,-3.279200183646561e-10,EXP_LGBModel_Alpha158_csi300_custom_step0_s_20260525_17,ec3fe8a024b840a7a3ef10e5420422ca,0.045,,,
2784,2026-05-25,SZ300122,-3.279200183646561e-10,EXP_LGBModel_Alpha158_csi300_custom_step0_s_20260525_17,ec3fe8a024b840a7a3ef10e5420422ca,0.045,,,
2785,2026-05-25,SZ300059,-0.002448321252007252,EXP_LGBModel_Alpha158_csi300_custom_step0_s_20260525_17,ec3fe8a024b840a7a3ef10e5420422ca,0.045,,,
2786,2026-05-25,SZ300033,-0.002448321252007252,EXP_LGBModel_Alpha158_csi300_custom_step0_s_20260525_17,ec3fe8a024b840a7a3ef10e5420422ca,0.045,,,
2787,2026-05-25,SZ300015,-0.002448321252007252,EXP_LGBModel_Alpha158_csi300_custom_step0_s_20260525_17,ec3fe8a024b840a7a3ef10e5420422ca,0.045,,,
2788,2026-05-25,SZ300014,-0.002448321252007252,EXP_LGBModel_Alpha158_csi300_custom_step0_s_20260525_17,ec3fe8a024b840a7a3ef10e5420422ca,0.045,,,
2789,2026-05-25,SZ003816,-3.279200183646561e-10,EXP_LGBModel_Alpha158_csi300_custom_step0_s_20260525_17,ec3fe8a024b840a7a3ef10e5420422ca,0.045,,,
2790,2026-05-25,SZ300124,-0.002448321252007252,EXP_LGBModel_Alpha158_csi300_custom_step0_s_20260525_17,ec3fe8a024b840a7a3ef10e5420422ca,0.045,,,
2791,2026-05-25,SZ300418,-0.002448321252007252,EXP_LGBModel_Alpha158_csi300_custom_step0_s_20260525_17,ec3fe8a024b840a7a3ef10e5420422ca,0.045,,,
2792,2026-05-25,SZ300433,-3.279200183646561e-10,EXP_LGBModel_Alpha158_csi300_custom_step0_s_20260525_17,ec3fe8a024b840a7a3ef10e5420422ca,0.045,,,
2793,2026-05-25,SZ300442,-0.002448321252007252,EXP_LGBModel_Alpha158_csi300_custom_step0_s_20260525_17,ec3fe8a024b840a7a3ef10e5420422ca,0.045,,,
2794,2026-05-25,SZ300999,-0.002448321252007252,EXP_LGBModel_Alpha158_csi300_custom_step0_s_20260525_17,ec3fe8a024b840a7a3ef10e5420422ca,0.045,,,
2795,2026-05-25,SZ300979,-3.279200183646561e-10,EXP_LGBModel_Alpha158_csi300_custom_step0_s_20260525_17,ec3fe8a024b840a7a3ef10e5420422ca,0.045,,,
2796,2026-05-25,SZ300896,-0.002448321252007252,EXP_LGBModel_Alpha158_csi300_custom_step0_s_20260525_17,ec3fe8a024b840a7a3ef10e5420422ca,0.045,,,
2797,2026-05-25,SZ300866,-0.002448321252007252,EXP_LGBModel_Alpha158_csi300_custom_step0_s_20260525_17,ec3fe8a024b840a7a3ef10e5420422ca,0.045,,,
2798,2026-05-25,SZ300832,-0.0016693630394455112,EXP_LGBModel_Alpha158_csi300_custom_step0_s_20260525_17,ec3fe8a024b840a7a3ef10e5420422ca,0.045,,,
2799,2026-05-25,SZ300803,-0.002448321252007252,EXP_LGBModel_Alpha158_csi300_custom_step0_s_20260525_17,ec3fe8a024b840a7a3ef10e5420422ca,0.045,,,
2800,2026-05-25,SZ300782,-3.279200183646561e-10,EXP_LGBModel_Alpha158_csi300_custom_step0_s_20260525_17,ec3fe8a024b840a7a3ef10e5420422ca,0.045,,,
2801,2026-05-25,SZ300760,-0.002448321252007252,EXP_LGBModel_Alpha158_csi300_custom_step0_s_20260525_17,ec3fe8a024b840a7a3ef10e5420422ca,0.045,,,
2802,2026-05-25,SZ300759,-0.002448321252007252,EXP_LGBModel_Alpha158_csi300_custom_step0_s_20260525_17,ec3fe8a024b840a7a3ef10e5420422ca,0.045,,,
2803,2026-05-25,SZ300750,0.0007510784844829556,EXP_LGBModel_Alpha158_csi300_custom_step0_s_20260525_17,ec3fe8a024b840a7a3ef10e5420422ca,0.045,,,
2804,2026-05-25,SZ300661,-0.004229849856877637,EXP_LGBModel_Alpha158_csi300_custom_step0_s_20260525_17,ec3fe8a024b840a7a3ef10e5420422ca,0.045,,,
2805,2026-05-25,SZ300628,-0.002448321252007252,EXP_LGBModel_Alpha158_csi300_custom_step0_s_20260525_17,ec3fe8a024b840a7a3ef10e5420422ca,0.045,,,
2806,2026-05-25,SZ300502,-3.279200183646561e-10,EXP_LGBModel_Alpha158_csi300_custom_step0_s_20260525_17,ec3fe8a024b840a7a3ef10e5420422ca,0.045,,,
2807,2026-05-25,SZ300498,-3.279200183646561e-10,EXP_LGBModel_Alpha158_csi300_custom_step0_s_20260525_17,ec3fe8a024b840a7a3ef10e5420422ca,0.045,,,
2808,2026-05-25,SZ300476,0.0007510784844829556,EXP_LGBModel_Alpha158_csi300_custom_step0_s_20260525_17,ec3fe8a024b840a7a3ef10e5420422ca,0.045,,,
2809,2026-05-25,SZ002938,-3.279200183646561e-10,EXP_LGBModel_Alpha158_csi300_custom_step0_s_20260525_17,ec3fe8a024b840a7a3ef10e5420422ca,0.045,,,
2810,2026-05-25,SZ002920,-3.279200183646561e-10,EXP_LGBModel_Alpha158_csi300_custom_step0_s_20260525_17,ec3fe8a024b840a7a3ef10e5420422ca,0.045,,,
2811,2026-05-25,SZ002916,-0.004229849856877637,EXP_LGBModel_Alpha158_csi300_custom_step0_s_20260525_17,ec3fe8a024b840a7a3ef10e5420422ca,0.045,,,
2812,2026-05-25,SZ002736,-3.279200183646561e-10,EXP_LGBModel_Alpha158_csi300_custom_step0_s_20260525_17,ec3fe8a024b840a7a3ef10e5420422ca,0.045,,,
2813,2026-05-25,SZ002304,-0.0016693630394455112,EXP_LGBModel_Alpha158_csi300_custom_step0_s_20260525_17,ec3fe8a024b840a7a3ef10e5420422ca,0.045,,,
2814,2026-05-25,SZ002252,-0.0016693630394455112,EXP_LGBModel_Alpha158_csi300_custom_step0_s_20260525_17,ec3fe8a024b840a7a3ef10e5420422ca,0.045,,,
2815,2026-05-25,SZ002241,0.002413057225652406,EXP_LGBModel_Alpha158_csi300_custom_step0_s_20260525_17,ec3fe8a024b840a7a3ef10e5420422ca,0.045,,,
2816,2026-05-25,SZ002236,0.002413057225652406,EXP_LGBModel_Alpha158_csi300_custom_step0_s_20260525_17,ec3fe8a024b840a7a3ef10e5420422ca,0.045,,,
2817,2026-05-25,SZ002230,-3.279200183646561e-10,EXP_LGBModel_Alpha158_csi300_custom_step0_s_20260525_17,ec3fe8a024b840a7a3ef10e5420422ca,0.045,,,
2818,2026-05-25,SZ002179,-0.002448321252007252,EXP_LGBModel_Alpha158_csi300_custom_step0_s_20260525_17,ec3fe8a024b840a7a3ef10e5420422ca,0.045,,,
2819,2026-05-25,SZ002142,0.002413057225652406,EXP_LGBModel_Alpha158_csi300_custom_step0_s_20260525_17,ec3fe8a024b840a7a3ef10e5420422ca,0.045,,,
2820,2026-05-25,SZ002074,-0.002448321252007252,EXP_LGBModel_Alpha158_csi300_custom_step0_s_20260525_17,ec3fe8a024b840a7a3ef10e5420422ca,0.045,,,
2821,2026-05-25,SZ002050,0.0007510784844829556,EXP_LGBModel_Alpha158_csi300_custom_step0_s_20260525_17,ec3fe8a024b840a7a3ef10e5420422ca,0.045,,,
2822,2026-05-25,SZ002049,-3.279200183646561e-10,EXP_LGBModel_Alpha158_csi300_custom_step0_s_20260525_17,ec3fe8a024b840a7a3ef10e5420422ca,0.045,,,
2823,2026-05-25,SZ002028,-0.002448321252007252,EXP_LGBModel_Alpha158_csi300_custom_step0_s_20260525_17,ec3fe8a024b840a7a3ef10e5420422ca,0.045,,,
2824,2026-05-25,SZ002027,-0.002448321252007252,EXP_LGBModel_Alpha158_csi300_custom_step0_s_20260525_17,ec3fe8a024b840a7a3ef10e5420422ca,0.045,,,
2825,2026-05-25,SZ002001,-3.279200183646561e-10,EXP_LGBModel_Alpha158_csi300_custom_step0_s_20260525_17,ec3fe8a024b840a7a3ef10e5420422ca,0.045,,,
2826,2026-05-25,SZ001979,-0.002448321252007252,EXP_LGBModel_Alpha158_csi300_custom_step0_s_20260525_17,ec3fe8a024b840a7a3ef10e5420422ca,0.045,,,
2827,2026-05-25,SZ001965,-3.279200183646561e-10,EXP_LGBModel_Alpha158_csi300_custom_step0_s_20260525_17,ec3fe8a024b840a7a3ef10e5420422ca,0.045,,,
2828,2026-05-25,SZ002311,-0.002448321252007252,EXP_LGBModel_Alpha158_csi300_custom_step0_s_20260525_17,ec3fe8a024b840a7a3ef10e5420422ca,0.045,,,
2829,2026-05-25,SZ000999,-3.279200183646561e-10,EXP_LGBModel_Alpha158_csi300_custom_step0_s_20260525_17,ec3fe8a024b840a7a3ef10e5420422ca,0.045,,,
2830,2026-05-25,SZ002352,0.002413057225652406,EXP_LGBModel_Alpha158_csi300_custom_step0_s_20260525_17,ec3fe8a024b840a7a3ef10e5420422ca,0.045,,,
2831,2026-05-25,SZ002384,-3.279200183646561e-10,EXP_LGBModel_Alpha158_csi300_custom_step0_s_20260525_17,ec3fe8a024b840a7a3ef10e5420422ca,0.045,,,
2832,2026-05-25,SZ002714,-0.002448321252007252,EXP_LGBModel_Alpha158_csi300_custom_step0_s_20260525_17,ec3fe8a024b840a7a3ef10e5420422ca,0.045,,,
2833,2026-05-25,SZ002709,-3.279200183646561e-10,EXP_LGBModel_Alpha158_csi300_custom_step0_s_20260525_17,ec3fe8a024b840a7a3ef10e5420422ca,0.045,,,
2834,2026-05-25,SZ002648,-3.279200183646561e-10,EXP_LGBModel_Alpha158_csi300_custom_step0_s_20260525_17,ec3fe8a024b840a7a3ef10e5420422ca,0.045,,,
2835,2026-05-25,SZ002625,-0.0016693630394455112,EXP_LGBModel_Alpha158_csi300_custom_step0_s_20260525_17,ec3fe8a024b840a7a3ef10e5420422ca,0.045,,,
2836,2026-05-25,SZ002601,-3.279200183646561e-10,EXP_LGBModel_Alpha158_csi300_custom_step0_s_20260525_17,ec3fe8a024b840a7a3ef10e5420422ca,0.045,,,
2837,2026-05-25,SZ002600,-0.002448321252007252,EXP_LGBModel_Alpha158_csi300_custom_step0_s_20260525_17,ec3fe8a024b840a7a3ef10e5420422ca,0.045,,,
2838,2026-05-25,SZ002594,-0.002448321252007252,EXP_LGBModel_Alpha158_csi300_custom_step0_s_20260525_17,ec3fe8a024b840a7a3ef10e5420422ca,0.045,,,
2839,2026-05-25,SZ002493,-0.002448321252007252,EXP_LGBModel_Alpha158_csi300_custom_step0_s_20260525_17,ec3fe8a024b840a7a3ef10e5420422ca,0.045,,,
2840,2026-05-25,SZ002475,-3.279200183646561e-10,EXP_LGBModel_Alpha158_csi300_custom_step0_s_20260525_17,ec3fe8a024b840a7a3ef10e5420422ca,0.045,,,
2841,2026-05-25,SZ002466,-3.279200183646561e-10,EXP_LGBModel_Alpha158_csi300_custom_step0_s_20260525_17,ec3fe8a024b840a7a3ef10e5420422ca,0.045,,,
2842,2026-05-25,SZ002463,-3.279200183646561e-10,EXP_LGBModel_Alpha158_csi300_custom_step0_s_20260525_17,ec3fe8a024b840a7a3ef10e5420422ca,0.045,,,
2843,2026-05-25,SZ002460,-3.279200183646561e-10,EXP_LGBModel_Alpha158_csi300_custom_step0_s_20260525_17,ec3fe8a024b840a7a3ef10e5420422ca,0.045,,,
2844,2026-05-25,SZ002459,-3.279200183646561e-10,EXP_LGBModel_Alpha158_csi300_custom_step0_s_20260525_17,ec3fe8a024b840a7a3ef10e5420422ca,0.045,,,
2845,2026-05-25,SZ002422,-0.002448321252007252,EXP_LGBModel_Alpha158_csi300_custom_step0_s_20260525_17,ec3fe8a024b840a7a3ef10e5420422ca,0.045,,,
2846,2026-05-25,SZ002415,-0.002448321252007252,EXP_LGBModel_Alpha158_csi300_custom_step0_s_20260525_17,ec3fe8a024b840a7a3ef10e5420422ca,0.045,,,
2847,2026-05-25,SZ002371,-0.004229849856877637,EXP_LGBModel_Alpha158_csi300_custom_step0_s_20260525_17,ec3fe8a024b840a7a3ef10e5420422ca,0.045,,,
2848,2026-05-25,SZ302132,-0.004577994235578628,EXP_CatBoostModel_Alpha158_csi300_custom_step0_s_20260525_18,874a7695eab74536814c9290336caddd,0.077,,,
2849,2026-05-25,SH601916,0.002413057225652406,EXP_LGBModel_Alpha158_csi300_custom_step0_s_20260525_17,ec3fe8a024b840a7a3ef10e5420422ca,0.045,,,
2850,2026-05-25,SH601899,-0.002448321252007252,EXP_LGBModel_Alpha158_csi300_custom_step0_s_20260525_17,ec3fe8a024b840a7a3ef10e5420422ca,0.045,,,
2851,2026-05-25,SH600522,-3.279200183646561e-10,EXP_LGBModel_Alpha158_csi300_custom_step0_s_20260525_17,ec3fe8a024b840a7a3ef10e5420422ca,0.045,,,
2852,2026-05-25,SH600519,-0.002448321252007252,EXP_LGBModel_Alpha158_csi300_custom_step0_s_20260525_17,ec3fe8a024b840a7a3ef10e5420422ca,0.045,,,
2853,2026-05-25,SH600515,-0.002448321252007252,EXP_LGBModel_Alpha158_csi300_custom_step0_s_20260525_17,ec3fe8a024b840a7a3ef10e5420422ca,0.045,,,
2854,2026-05-25,SH600489,-3.279200183646561e-10,EXP_LGBModel_Alpha158_csi300_custom_step0_s_20260525_17,ec3fe8a024b840a7a3ef10e5420422ca,0.045,,,
2855,2026-05-25,SH600482,-0.002448321252007252,EXP_LGBModel_Alpha158_csi300_custom_step0_s_20260525_17,ec3fe8a024b840a7a3ef10e5420422ca,0.045,,,
2856,2026-05-25,SH600460,-3.279200183646561e-10,EXP_LGBModel_Alpha158_csi300_custom_step0_s_20260525_17,ec3fe8a024b840a7a3ef10e5420422ca,0.045,,,
2857,2026-05-25,SH600547,-3.279200183646561e-10,EXP_LGBModel_Alpha158_csi300_custom_step0_s_20260525_17,ec3fe8a024b840a7a3ef10e5420422ca,0.045,,,
2858,2026-05-25,SH600438,-0.002448321252007252,EXP_LGBModel_Alpha158_csi300_custom_step0_s_20260525_17,ec3fe8a024b840a7a3ef10e5420422ca,0.045,,,
2859,2026-05-25,SH600426,-3.279200183646561e-10,EXP_LGBModel_Alpha158_csi300_custom_step0_s_20260525_17,ec3fe8a024b840a7a3ef10e5420422ca,0.045,,,
2860,2026-05-25,SH600415,-0.002448321252007252,EXP_LGBModel_Alpha158_csi300_custom_step0_s_20260525_17,ec3fe8a024b840a7a3ef10e5420422ca,0.045,,,
2861,2026-05-25,SH600406,-0.002448321252007252,EXP_LGBModel_Alpha158_csi300_custom_step0_s_20260525_17,ec3fe8a024b840a7a3ef10e5420422ca,0.045,,,
2862,2026-05-25,SH600377,0.002413057225652406,EXP_LGBModel_Alpha158_csi300_custom_step0_s_20260525_17,ec3fe8a024b840a7a3ef10e5420422ca,0.045,,,
2863,2026-05-25,SH600372,-0.002448321252007252,EXP_LGBModel_Alpha158_csi300_custom_step0_s_20260525_17,ec3fe8a024b840a7a3ef10e5420422ca,0.045,,,
2864,2026-05-25,SH600362,-0.002448321252007252,EXP_LGBModel_Alpha158_csi300_custom_step0_s_20260525_17,ec3fe8a024b840a7a3ef10e5420422ca,0.045,,,
2865,2026-05-25,SH600436,-0.002448321252007252,EXP_LGBModel_Alpha158_csi300_custom_step0_s_20260525_17,ec3fe8a024b840a7a3ef10e5420422ca,0.045,,,
2866,2026-05-25,SH600570,-0.002448321252007252,EXP_LGBModel_Alpha158_csi300_custom_step0_s_20260525_17,ec3fe8a024b840a7a3ef10e5420422ca,0.045,,,
2867,2026-05-25,SH600584,-0.004229849856877637,EXP_LGBModel_Alpha158_csi300_custom_step0_s_20260525_17,ec3fe8a024b840a7a3ef10e5420422ca,0.045,,,
2868,2026-05-25,SH600585,-0.002448321252007252,EXP_LGBModel_Alpha158_csi300_custom_step0_s_20260525_17,ec3fe8a024b840a7a3ef10e5420422ca,0.045,,,
2869,2026-05-25,SH600893,-0.002448321252007252,EXP_LGBModel_Alpha158_csi300_custom_step0_s_20260525_17,ec3fe8a024b840a7a3ef10e5420422ca,0.045,,,
2870,2026-05-25,SH600887,-3.279200183646561e-10,EXP_LGBModel_Alpha158_csi300_custom_step0_s_20260525_17,ec3fe8a024b840a7a3ef10e5420422ca,0.045,,,
2871,2026-05-25,SH600886,0.002413057225652406,EXP_LGBModel_Alpha158_csi300_custom_step0_s_20260525_17,ec3fe8a024b840a7a3ef10e5420422ca,0.045,,,
2872,2026-05-25,SH600875,-0.002448321252007252,EXP_LGBModel_Alpha158_csi300_custom_step0_s_20260525_17,ec3fe8a024b840a7a3ef10e5420422ca,0.045,,,
2873,2026-05-25,SH600845,0.0007510784844829556,EXP_LGBModel_Alpha158_csi300_custom_step0_s_20260525_17,ec3fe8a024b840a7a3ef10e5420422ca,0.045,,,
2874,2026-05-25,SH600809,-0.0016693630394455112,EXP_LGBModel_Alpha158_csi300_custom_step0_s_20260525_17,ec3fe8a024b840a7a3ef10e5420422ca,0.045,,,
2875,2026-05-25,SH600803,-3.279200183646561e-10,EXP_LGBModel_Alpha158_csi300_custom_step0_s_20260525_17,ec3fe8a024b840a7a3ef10e5420422ca,0.045,,,
2876,2026-05-25,SH600795,-0.002448321252007252,EXP_LGBModel_Alpha158_csi300_custom_step0_s_20260525_17,ec3fe8a024b840a7a3ef10e5420422ca,0.045,,,
2877,2026-05-25,SH600760,-0.002448321252007252,EXP_LGBModel_Alpha158_csi300_custom_step0_s_20260525_17,ec3fe8a024b840a7a3ef10e5420422ca,0.045,,,
2878,2026-05-25,SH600741,-3.279200183646561e-10,EXP_LGBModel_Alpha158_csi300_custom_step0_s_20260525_17,ec3fe8a024b840a7a3ef10e5420422ca,0.045,,,
2879,2026-05-25,SH600690,-0.002448321252007252,EXP_LGBModel_Alpha158_csi300_custom_step0_s_20260525_17,ec3fe8a024b840a7a3ef10e5420422ca,0.045,,,
2880,2026-05-25,SH600674,-0.002448321252007252,EXP_LGBModel_Alpha158_csi300_custom_step0_s_20260525_17,ec3fe8a024b840a7a3ef10e5420422ca,0.045,,,
2881,2026-05-25,SH600660,-0.002448321252007252,EXP_LGBModel_Alpha158_csi300_custom_step0_s_20260525_17,ec3fe8a024b840a7a3ef10e5420422ca,0.045,,,
2882,2026-05-25,SH600600,0.002413057225652406,EXP_LGBModel_Alpha158_csi300_custom_step0_s_20260525_17,ec3fe8a024b840a7a3ef10e5420422ca,0.045,,,
2883,2026-05-25,SH600588,-3.279200183646561e-10,EXP_LGBModel_Alpha158_csi300_custom_step0_s_20260525_17,ec3fe8a024b840a7a3ef10e5420422ca,0.045,,,
2884,2026-05-25,SH600346,-3.279200183646561e-10,EXP_LGBModel_Alpha158_csi300_custom_step0_s_20260525_17,ec3fe8a024b840a7a3ef10e5420422ca,0.045,,,
2885,2026-05-25,SH600309,-3.279200183646561e-10,EXP_LGBModel_Alpha158_csi300_custom_step0_s_20260525_17,ec3fe8a024b840a7a3ef10e5420422ca,0.045,,,
2886,2026-05-25,SH600276,-0.002448321252007252,EXP_LGBModel_Alpha158_csi300_custom_step0_s_20260525_17,ec3fe8a024b840a7a3ef10e5420422ca,0.045,,,
2887,2026-05-25,SH600233,-3.279200183646561e-10,EXP_LGBModel_Alpha158_csi300_custom_step0_s_20260525_17,ec3fe8a024b840a7a3ef10e5420422ca,0.045,,,
2888,2026-05-25,SH600031,-0.002448321252007252,EXP_LGBModel_Alpha158_csi300_custom_step0_s_20260525_17,ec3fe8a024b840a7a3ef10e5420422ca,0.045,,,
2889,2026-05-25,SH600030,-3.279200183646561e-10,EXP_LGBModel_Alpha158_csi300_custom_step0_s_20260525_17,ec3fe8a024b840a7a3ef10e5420422ca,0.045,,,
2890,2026-05-25,SH600029,-0.0016693630394455112,EXP_LGBModel_Alpha158_csi300_custom_step0_s_20260525_17,ec3fe8a024b840a7a3ef10e5420422ca,0.045,,,
2891,2026-05-25,SH600028,-0.002448321252007252,EXP_LGBModel_Alpha158_csi300_custom_step0_s_20260525_17,ec3fe8a024b840a7a3ef10e5420422ca,0.045,,,
2892,2026-05-25,SH600027,-0.002448321252007252,EXP_LGBModel_Alpha158_csi300_custom_step0_s_20260525_17,ec3fe8a024b840a7a3ef10e5420422ca,0.045,,,
2893,2026-05-25,SH600026,-0.002448321252007252,EXP_LGBModel_Alpha158_csi300_custom_step0_s_20260525_17,ec3fe8a024b840a7a3ef10e5420422ca,0.045,,,
2894,2026-05-25,SH600025,-0.002448321252007252,EXP_LGBModel_Alpha158_csi300_custom_step0_s_20260525_17,ec3fe8a024b840a7a3ef10e5420422ca,0.045,,,
2895,2026-05-25,SH600023,-3.279200183646561e-10,EXP_LGBModel_Alpha158_csi300_custom_step0_s_20260525_17,ec3fe8a024b840a7a3ef10e5420422ca,0.045,,,
2896,2026-05-25,SH600019,-0.002448321252007252,EXP_LGBModel_Alpha158_csi300_custom_step0_s_20260525_17,ec3fe8a024b840a7a3ef10e5420422ca,0.045,,,
2897,2026-05-25,SH600018,0.002413057225652406,EXP_LGBModel_Alpha158_csi300_custom_step0_s_20260525_17,ec3fe8a024b840a7a3ef10e5420422ca,0.045,,,
2898,2026-05-25,SH600016,-3.279200183646561e-10,EXP_LGBModel_Alpha158_csi300_custom_step0_s_20260525_17,ec3fe8a024b840a7a3ef10e5420422ca,0.045,,,
2899,2026-05-25,SH600015,-0.0019574951342104224,EXP_LGBModel_Alpha158_csi300_custom_step0_s_20260525_17,ec3fe8a024b840a7a3ef10e5420422ca,0.045,,,
2900,2026-05-25,SH600011,-0.002448321252007252,EXP_LGBModel_Alpha158_csi300_custom_step0_s_20260525_17,ec3fe8a024b840a7a3ef10e5420422ca,0.045,,,
2901,2026-05-25,SH600010,-0.002448321252007252,EXP_LGBModel_Alpha158_csi300_custom_step0_s_20260525_17,ec3fe8a024b840a7a3ef10e5420422ca,0.045,,,
2902,2026-05-25,SH600009,-0.0016693630394455112,EXP_LGBModel_Alpha158_csi300_custom_step0_s_20260525_17,ec3fe8a024b840a7a3ef10e5420422ca,0.045,,,
2903,2026-05-25,SH600036,-3.279200183646561e-10,EXP_LGBModel_Alpha158_csi300_custom_step0_s_20260525_17,ec3fe8a024b840a7a3ef10e5420422ca,0.045,,,
2904,2026-05-25,SH600900,-3.279200183646561e-10,EXP_LGBModel_Alpha158_csi300_custom_step0_s_20260525_17,ec3fe8a024b840a7a3ef10e5420422ca,0.045,,,
2905,2026-05-25,SH600039,-3.279200183646561e-10,EXP_LGBModel_Alpha158_csi300_custom_step0_s_20260525_17,ec3fe8a024b840a7a3ef10e5420422ca,0.045,,,
2906,2026-05-25,SH600050,-0.002448321252007252,EXP_LGBModel_Alpha158_csi300_custom_step0_s_20260525_17,ec3fe8a024b840a7a3ef10e5420422ca,0.045,,,
2907,2026-05-25,SH600219,-3.279200183646561e-10,EXP_LGBModel_Alpha158_csi300_custom_step0_s_20260525_17,ec3fe8a024b840a7a3ef10e5420422ca,0.045,,,
2908,2026-05-25,SH600196,-0.002448321252007252,EXP_LGBModel_Alpha158_csi300_custom_step0_s_20260525_17,ec3fe8a024b840a7a3ef10e5420422ca,0.045,,,
2909,2026-05-25,SH600188,-0.002448321252007252,EXP_LGBModel_Alpha158_csi300_custom_step0_s_20260525_17,ec3fe8a024b840a7a3ef10e5420422ca,0.045,,,
2910,2026-05-25,SH600183,-0.004229849856877637,EXP_LGBModel_Alpha158_csi300_custom_step0_s_20260525_17,ec3fe8a024b840a7a3ef10e5420422ca,0.045,,,
2911,2026-05-25,SH600176,0.0007510784844829556,EXP_LGBModel_Alpha158_csi300_custom_step0_s_20260525_17,ec3fe8a024b840a7a3ef10e5420422ca,0.045,,,
2912,2026-05-25,SH600161,-0.002448321252007252,EXP_LGBModel_Alpha158_csi300_custom_step0_s_20260525_17,ec3fe8a024b840a7a3ef10e5420422ca,0.045,,,
2913,2026-05-25,SH600160,-0.002448321252007252,EXP_LGBModel_Alpha158_csi300_custom_step0_s_20260525_17,ec3fe8a024b840a7a3ef10e5420422ca,0.045,,,
2914,2026-05-25,SH600150,-3.279200183646561e-10,EXP_LGBModel_Alpha158_csi300_custom_step0_s_20260525_17,ec3fe8a024b840a7a3ef10e5420422ca,0.045,,,
2915,2026-05-25,SH600115,-3.279200183646561e-10,EXP_LGBModel_Alpha158_csi300_custom_step0_s_20260525_17,ec3fe8a024b840a7a3ef10e5420422ca,0.045,,,
2916,2026-05-25,SH600111,-0.002448321252007252,EXP_LGBModel_Alpha158_csi300_custom_step0_s_20260525_17,ec3fe8a024b840a7a3ef10e5420422ca,0.045,,,
2917,2026-05-25,SH600104,-3.279200183646561e-10,EXP_LGBModel_Alpha158_csi300_custom_step0_s_20260525_17,ec3fe8a024b840a7a3ef10e5420422ca,0.045,,,
2918,2026-05-25,SH600089,-0.002448321252007252,EXP_LGBModel_Alpha158_csi300_custom_step0_s_20260525_17,ec3fe8a024b840a7a3ef10e5420422ca,0.045,,,
2919,2026-05-25,SH600085,-3.279200183646561e-10,EXP_LGBModel_Alpha158_csi300_custom_step0_s_20260525_17,ec3fe8a024b840a7a3ef10e5420422ca,0.045,,,
2920,2026-05-25,SH600066,-0.002448321252007252,EXP_LGBModel_Alpha158_csi300_custom_step0_s_20260525_17,ec3fe8a024b840a7a3ef10e5420422ca,0.045,,,
2921,2026-05-25,SH600061,-0.002448321252007252,EXP_LGBModel_Alpha158_csi300_custom_step0_s_20260525_17,ec3fe8a024b840a7a3ef10e5420422ca,0.045,,,
2922,2026-05-25,SH600048,-0.002448321252007252,EXP_LGBModel_Alpha158_csi300_custom_step0_s_20260525_17,ec3fe8a024b840a7a3ef10e5420422ca,0.045,,,
2923,2026-05-25,SH601901,0.002413057225652406,EXP_LGBModel_Alpha158_csi300_custom_step0_s_20260525_17,ec3fe8a024b840a7a3ef10e5420422ca,0.045,,,
2924,2026-05-25,SH600905,0.002413057225652406,EXP_LGBModel_Alpha158_csi300_custom_step0_s_20260525_17,ec3fe8a024b840a7a3ef10e5420422ca,0.045,,,
2925,2026-05-25,SH600919,0.002413057225652406,EXP_LGBModel_Alpha158_csi300_custom_step0_s_20260525_17,ec3fe8a024b840a7a3ef10e5420422ca,0.045,,,
2926,2026-05-25,SH601688,-0.002448321252007252,EXP_LGBModel_Alpha158_csi300_custom_step0_s_20260525_17,ec3fe8a024b840a7a3ef10e5420422ca,0.045,,,
2927,2026-05-25,SH601669,-0.002448321252007252,EXP_LGBModel_Alpha158_csi300_custom_step0_s_20260525_17,ec3fe8a024b840a7a3ef10e5420422ca,0.045,,,
2928,2026-05-25,SH601668,-3.279200183646561e-10,EXP_LGBModel_Alpha158_csi300_custom_step0_s_20260525_17,ec3fe8a024b840a7a3ef10e5420422ca,0.045,,,
2929,2026-05-25,SH601658,-3.279200183646561e-10,EXP_LGBModel_Alpha158_csi300_custom_step0_s_20260525_17,ec3fe8a024b840a7a3ef10e5420422ca,0.045,,,
2930,2026-05-25,SH601633,-3.279200183646561e-10,EXP_LGBModel_Alpha158_csi300_custom_step0_s_20260525_17,ec3fe8a024b840a7a3ef10e5420422ca,0.045,,,
2931,2026-05-25,SH601628,-0.002448321252007252,EXP_LGBModel_Alpha158_csi300_custom_step0_s_20260525_17,ec3fe8a024b840a7a3ef10e5420422ca,0.045,,,
2932,2026-05-25,SH601689,-0.002448321252007252,EXP_LGBModel_Alpha158_csi300_custom_step0_s_20260525_17,ec3fe8a024b840a7a3ef10e5420422ca,0.045,,,
2933,2026-05-25,SH601618,-0.002448321252007252,EXP_LGBModel_Alpha158_csi300_custom_step0_s_20260525_17,ec3fe8a024b840a7a3ef10e5420422ca,0.045,,,
2934,2026-05-25,SH601601,-0.002448321252007252,EXP_LGBModel_Alpha158_csi300_custom_step0_s_20260525_17,ec3fe8a024b840a7a3ef10e5420422ca,0.045,,,
2935,2026-05-25,SH601600,-0.002448321252007252,EXP_LGBModel_Alpha158_csi300_custom_step0_s_20260525_17,ec3fe8a024b840a7a3ef10e5420422ca,0.045,,,
2936,2026-05-25,SH601456,-0.002448321252007252,EXP_LGBModel_Alpha158_csi300_custom_step0_s_20260525_17,ec3fe8a024b840a7a3ef10e5420422ca,0.045,,,
2937,2026-05-25,SH601398,0.002413057225652406,EXP_LGBModel_Alpha158_csi300_custom_step0_s_20260525_17,ec3fe8a024b840a7a3ef10e5420422ca,0.045,,,
2938,2026-05-25,SH601390,-3.279200183646561e-10,EXP_LGBModel_Alpha158_csi300_custom_step0_s_20260525_17,ec3fe8a024b840a7a3ef10e5420422ca,0.045,,,
2939,2026-05-25,SH601377,-0.002448321252007252,EXP_LGBModel_Alpha158_csi300_custom_step0_s_20260525_17,ec3fe8a024b840a7a3ef10e5420422ca,0.045,,,
2940,2026-05-25,SH601607,-3.279200183646561e-10,EXP_LGBModel_Alpha158_csi300_custom_step0_s_20260525_17,ec3fe8a024b840a7a3ef10e5420422ca,0.045,,,
2941,2026-05-25,SH601698,-0.002448321252007252,EXP_LGBModel_Alpha158_csi300_custom_step0_s_20260525_17,ec3fe8a024b840a7a3ef10e5420422ca,0.045,,,
2942,2026-05-25,SH601728,-0.002448321252007252,EXP_LGBModel_Alpha158_csi300_custom_step0_s_20260525_17,ec3fe8a024b840a7a3ef10e5420422ca,0.045,,,
2943,2026-05-25,SH601766,-0.002448321252007252,EXP_LGBModel_Alpha158_csi300_custom_step0_s_20260525_17,ec3fe8a024b840a7a3ef10e5420422ca,0.045,,,
2944,2026-05-25,SH601898,-0.002448321252007252,EXP_LGBModel_Alpha158_csi300_custom_step0_s_20260525_17,ec3fe8a024b840a7a3ef10e5420422ca,0.045,,,
2945,2026-05-25,SH601888,-0.002448321252007252,EXP_LGBModel_Alpha158_csi300_custom_step0_s_20260525_17,ec3fe8a024b840a7a3ef10e5420422ca,0.045,,,
2946,2026-05-25,SH601881,-0.002448321252007252,EXP_LGBModel_Alpha158_csi300_custom_step0_s_20260525_17,ec3fe8a024b840a7a3ef10e5420422ca,0.045,,,
2947,2026-05-25,SH601878,-3.279200183646561e-10,EXP_LGBModel_Alpha158_csi300_custom_step0_s_20260525_17,ec3fe8a024b840a7a3ef10e5420422ca,0.045,,,
2948,2026-05-25,SH601877,-0.002448321252007252,EXP_LGBModel_Alpha158_csi300_custom_step0_s_20260525_17,ec3fe8a024b840a7a3ef10e5420422ca,0.045,,,
2949,2026-05-25,SH601872,-0.002448321252007252,EXP_LGBModel_Alpha158_csi300_custom_step0_s_20260525_17,ec3fe8a024b840a7a3ef10e5420422ca,0.045,,,
2950,2026-05-25,SH601868,-0.002448321252007252,EXP_LGBModel_Alpha158_csi300_custom_step0_s_20260525_17,ec3fe8a024b840a7a3ef10e5420422ca,0.045,,,
2951,2026-05-25,SH601857,-0.002448321252007252,EXP_LGBModel_Alpha158_csi300_custom_step0_s_20260525_17,ec3fe8a024b840a7a3ef10e5420422ca,0.045,,,
2952,2026-05-25,SH601838,0.002413057225652406,EXP_LGBModel_Alpha158_csi300_custom_step0_s_20260525_17,ec3fe8a024b840a7a3ef10e5420422ca,0.045,,,
2953,2026-05-25,SH601825,0.002413057225652406,EXP_LGBModel_Alpha158_csi300_custom_step0_s_20260525_17,ec3fe8a024b840a7a3ef10e5420422ca,0.045,,,
2954,2026-05-25,SH601818,0.002413057225652406,EXP_LGBModel_Alpha158_csi300_custom_step0_s_20260525_17,ec3fe8a024b840a7a3ef10e5420422ca,0.045,,,
2955,2026-05-25,SH601816,-3.279200183646561e-10,EXP_LGBModel_Alpha158_csi300_custom_step0_s_20260525_17,ec3fe8a024b840a7a3ef10e5420422ca,0.045,,,
2956,2026-05-25,SH601808,-0.002448321252007252,EXP_LGBModel_Alpha158_csi300_custom_step0_s_20260525_17,ec3fe8a024b840a7a3ef10e5420422ca,0.045,,,
2957,2026-05-25,SH601800,-0.002448321252007252,EXP_LGBModel_Alpha158_csi300_custom_step0_s_20260525_17,ec3fe8a024b840a7a3ef10e5420422ca,0.045,,,
2958,2026-05-25,SH601788,-0.002448321252007252,EXP_LGBModel_Alpha158_csi300_custom_step0_s_20260525_17,ec3fe8a024b840a7a3ef10e5420422ca,0.045,,,
2959,2026-05-25,SH601360,-3.279200183646561e-10,EXP_LGBModel_Alpha158_csi300_custom_step0_s_20260525_17,ec3fe8a024b840a7a3ef10e5420422ca,0.045,,,
2960,2026-05-25,SH601336,-0.002448321252007252,EXP_LGBModel_Alpha158_csi300_custom_step0_s_20260525_17,ec3fe8a024b840a7a3ef10e5420422ca,0.045,,,
2961,2026-05-25,SH601328,-3.279200183646561e-10,EXP_LGBModel_Alpha158_csi300_custom_step0_s_20260525_17,ec3fe8a024b840a7a3ef10e5420422ca,0.045,,,
2962,2026-05-25,SH601319,-3.279200183646561e-10,EXP_LGBModel_Alpha158_csi300_custom_step0_s_20260525_17,ec3fe8a024b840a7a3ef10e5420422ca,0.045,,,
2963,2026-05-25,SH601066,0.002413057225652406,EXP_LGBModel_Alpha158_csi300_custom_step0_s_20260525_17,ec3fe8a024b840a7a3ef10e5420422ca,0.045,,,
2964,2026-05-25,SH601059,0.002413057225652406,EXP_LGBModel_Alpha158_csi300_custom_step0_s_20260525_17,ec3fe8a024b840a7a3ef10e5420422ca,0.045,,,
2965,2026-05-25,SH601058,0.0018282844103531895,EXP_LGBModel_Alpha158_csi300_custom_step0_s_20260525_17,ec3fe8a024b840a7a3ef10e5420422ca,0.045,,,
2966,2026-05-25,SH601021,-3.279200183646561e-10,EXP_LGBModel_Alpha158_csi300_custom_step0_s_20260525_17,ec3fe8a024b840a7a3ef10e5420422ca,0.045,,,
2967,2026-05-25,SH601018,-3.279200183646561e-10,EXP_LGBModel_Alpha158_csi300_custom_step0_s_20260525_17,ec3fe8a024b840a7a3ef10e5420422ca,0.045,,,
2968,2026-05-25,SH601012,-3.279200183646561e-10,EXP_LGBModel_Alpha158_csi300_custom_step0_s_20260525_17,ec3fe8a024b840a7a3ef10e5420422ca,0.045,,,
2969,2026-05-25,SH601009,-3.279200183646561e-10,EXP_LGBModel_Alpha158_csi300_custom_step0_s_20260525_17,ec3fe8a024b840a7a3ef10e5420422ca,0.045,,,
2970,2026-05-25,SH601006,0.002413057225652406,EXP_LGBModel_Alpha158_csi300_custom_step0_s_20260525_17,ec3fe8a024b840a7a3ef10e5420422ca,0.045,,,
2971,2026-05-25,SH600999,-0.002448321252007252,EXP_LGBModel_Alpha158_csi300_custom_step0_s_20260525_17,ec3fe8a024b840a7a3ef10e5420422ca,0.045,,,
2972,2026-05-25,SH600989,-3.279200183646561e-10,EXP_LGBModel_Alpha158_csi300_custom_step0_s_20260525_17,ec3fe8a024b840a7a3ef10e5420422ca,0.045,,,
2973,2026-05-25,SH600958,-0.002448321252007252,EXP_LGBModel_Alpha158_csi300_custom_step0_s_20260525_17,ec3fe8a024b840a7a3ef10e5420422ca,0.045,,,
2974,2026-05-25,SH600941,-0.002448321252007252,EXP_LGBModel_Alpha158_csi300_custom_step0_s_20260525_17,ec3fe8a024b840a7a3ef10e5420422ca,0.045,,,
2975,2026-05-25,SH600938,-3.279200183646561e-10,EXP_LGBModel_Alpha158_csi300_custom_step0_s_20260525_17,ec3fe8a024b840a7a3ef10e5420422ca,0.045,,,
2976,2026-05-25,SH600930,-0.002448321252007252,EXP_LGBModel_Alpha158_csi300_custom_step0_s_20260525_17,ec3fe8a024b840a7a3ef10e5420422ca,0.045,,,
2977,2026-05-25,SH600926,-3.279200183646561e-10,EXP_LGBModel_Alpha158_csi300_custom_step0_s_20260525_17,ec3fe8a024b840a7a3ef10e5420422ca,0.045,,,
2978,2026-05-25,SH601077,-3.279200183646561e-10,EXP_LGBModel_Alpha158_csi300_custom_step0_s_20260525_17,ec3fe8a024b840a7a3ef10e5420422ca,0.045,,,
2979,2026-05-25,SH600918,-0.002448321252007252,EXP_LGBModel_Alpha158_csi300_custom_step0_s_20260525_17,ec3fe8a024b840a7a3ef10e5420422ca,0.045,,,
2980,2026-05-25,SH601088,0.002413057225652406,EXP_LGBModel_Alpha158_csi300_custom_step0_s_20260525_17,ec3fe8a024b840a7a3ef10e5420422ca,0.045,,,
2981,2026-05-25,SH601111,-0.0016693630394455112,EXP_LGBModel_Alpha158_csi300_custom_step0_s_20260525_17,ec3fe8a024b840a7a3ef10e5420422ca,0.045,,,
2982,2026-05-25,SH601318,-0.0016693630394455112,EXP_LGBModel_Alpha158_csi300_custom_step0_s_20260525_17,ec3fe8a024b840a7a3ef10e5420422ca,0.045,,,
2983,2026-05-25,SH601298,0.002413057225652406,EXP_LGBModel_Alpha158_csi300_custom_step0_s_20260525_17,ec3fe8a024b840a7a3ef10e5420422ca,0.045,,,
2984,2026-05-25,SH601288,-0.002448321252007252,EXP_LGBModel_Alpha158_csi300_custom_step0_s_20260525_17,ec3fe8a024b840a7a3ef10e5420422ca,0.045,,,
2985,2026-05-25,SH601238,-3.279200183646561e-10,EXP_LGBModel_Alpha158_csi300_custom_step0_s_20260525_17,ec3fe8a024b840a7a3ef10e5420422ca,0.045,,,
2986,2026-05-25,SH601236,-0.002448321252007252,EXP_LGBModel_Alpha158_csi300_custom_step0_s_20260525_17,ec3fe8a024b840a7a3ef10e5420422ca,0.045,,,
2987,2026-05-25,SH601229,-3.279200183646561e-10,EXP_LGBModel_Alpha158_csi300_custom_step0_s_20260525_17,ec3fe8a024b840a7a3ef10e5420422ca,0.045,,,
2988,2026-05-25,SH601225,-3.279200183646561e-10,EXP_LGBModel_Alpha158_csi300_custom_step0_s_20260525_17,ec3fe8a024b840a7a3ef10e5420422ca,0.045,,,
2989,2026-05-25,SH601211,-3.279200183646561e-10,EXP_LGBModel_Alpha158_csi300_custom_step0_s_20260525_17,ec3fe8a024b840a7a3ef10e5420422ca,0.045,,,
2990,2026-05-25,SH601186,-0.002448321252007252,EXP_LGBModel_Alpha158_csi300_custom_step0_s_20260525_17,ec3fe8a024b840a7a3ef10e5420422ca,0.045,,,
2991,2026-05-25,SH601169,-3.279200183646561e-10,EXP_LGBModel_Alpha158_csi300_custom_step0_s_20260525_17,ec3fe8a024b840a7a3ef10e5420422ca,0.045,,,
2992,2026-05-25,SH601166,-3.279200183646561e-10,EXP_LGBModel_Alpha158_csi300_custom_step0_s_20260525_17,ec3fe8a024b840a7a3ef10e5420422ca,0.045,,,
2993,2026-05-25,SH601138,-3.279200183646561e-10,EXP_LGBModel_Alpha158_csi300_custom_step0_s_20260525_17,ec3fe8a024b840a7a3ef10e5420422ca,0.045,,,
2994,2026-05-25,SH601136,-0.002448321252007252,EXP_LGBModel_Alpha158_csi300_custom_step0_s_20260525_17,ec3fe8a024b840a7a3ef10e5420422ca,0.045,,,
2995,2026-05-25,SH601127,-0.002448321252007252,EXP_LGBModel_Alpha158_csi300_custom_step0_s_20260525_17,ec3fe8a024b840a7a3ef10e5420422ca,0.045,,,
2996,2026-05-25,SH601117,-0.002448321252007252,EXP_LGBModel_Alpha158_csi300_custom_step0_s_20260525_17,ec3fe8a024b840a7a3ef10e5420422ca,0.045,,,
2997,2026-05-25,SH601100,-0.002448321252007252,EXP_LGBModel_Alpha158_csi300_custom_step0_s_20260525_17,ec3fe8a024b840a7a3ef10e5420422ca,0.045,,,
2998,2026-05-25,SZ301236,-0.002448321252007252,EXP_LGBModel_Alpha158_csi300_custom_step0_s_20260525_17,ec3fe8a024b840a7a3ef10e5420422ca,0.045,,,
2999,2026-05-25,SZ302132,-0.0016638386714869378,EXP_CatBoostModel_Alpha158_csi300_custom_step0_s_20260525_18,4308f537c3f44671828750eddfcd391e,0.064,,,
3000,2026-05-25,SZ301236,-0.0011636198018941414,EXP_CatBoostModel_Alpha158_csi300_custom_step0_s_20260525_18,4308f537c3f44671828750eddfcd391e,0.064,,,
3001,2026-05-25,SZ000568,-0.0008362206285599157,EXP_CatBoostModel_Alpha158_csi300_custom_step0_s_20260525_18,02089fda4cde4e838352bcd8869c0bbe,0.058,,,
3002,2026-05-25,SZ000538,-0.00016268852373780852,EXP_CatBoostModel_Alpha158_csi300_custom_step0_s_20260525_18,02089fda4cde4e838352bcd8869c0bbe,0.058,,,
3003,2026-05-25,SZ000425,-0.0008630221192819945,EXP_CatBoostModel_Alpha158_csi300_custom_step0_s_20260525_18,02089fda4cde4e838352bcd8869c0bbe,0.058,,,
3004,2026-05-25,SZ000408,-0.0008630221192819945,EXP_CatBoostModel_Alpha158_csi300_custom_step0_s_20260525_18,02089fda4cde4e838352bcd8869c0bbe,0.058,,,
3005,2026-05-25,SZ000338,-0.0019439775476989892,EXP_CatBoostModel_Alpha158_csi300_custom_step0_s_20260525_18,02089fda4cde4e838352bcd8869c0bbe,0.058,,,
3006,2026-05-25,SZ000333,0.00047015005363294413,EXP_CatBoostModel_Alpha158_csi300_custom_step0_s_20260525_18,02089fda4cde4e838352bcd8869c0bbe,0.058,,,
3007,2026-05-25,SZ000596,-0.0008362206285599157,EXP_CatBoostModel_Alpha158_csi300_custom_step0_s_20260525_18,02089fda4cde4e838352bcd8869c0bbe,0.058,,,
3008,2026-05-25,SZ000301,-0.0008630221192819945,EXP_CatBoostModel_Alpha158_csi300_custom_step0_s_20260525_18,02089fda4cde4e838352bcd8869c0bbe,0.058,,,
3009,2026-05-25,SZ000157,-0.0008362206285599157,EXP_CatBoostModel_Alpha158_csi300_custom_step0_s_20260525_18,02089fda4cde4e838352bcd8869c0bbe,0.058,,,
3010,2026-05-25,SZ000100,-0.00044570441193717903,EXP_CatBoostModel_Alpha158_csi300_custom_step0_s_20260525_18,02089fda4cde4e838352bcd8869c0bbe,0.058,,,
3011,2026-05-25,SZ000063,-0.0008362206285599157,EXP_CatBoostModel_Alpha158_csi300_custom_step0_s_20260525_18,02089fda4cde4e838352bcd8869c0bbe,0.058,,,
3012,2026-05-25,SZ000002,-0.0008362206285599157,EXP_CatBoostModel_Alpha158_csi300_custom_step0_s_20260525_18,02089fda4cde4e838352bcd8869c0bbe,0.058,,,
3013,2026-05-25,SZ000001,0.00047015005363294413,EXP_CatBoostModel_Alpha158_csi300_custom_step0_s_20260525_18,02089fda4cde4e838352bcd8869c0bbe,0.058,,,
3014,2026-05-25,SH688981,-0.010155839695922,EXP_CatBoostModel_Alpha158_csi300_custom_step0_s_20260525_18,02089fda4cde4e838352bcd8869c0bbe,0.058,,,
3015,2026-05-25,SZ000166,-0.00016268852373780852,EXP_CatBoostModel_Alpha158_csi300_custom_step0_s_20260525_18,02089fda4cde4e838352bcd8869c0bbe,0.058,,,
3016,2026-05-25,SZ000617,-0.00016268852373780852,EXP_CatBoostModel_Alpha158_csi300_custom_step0_s_20260525_18,02089fda4cde4e838352bcd8869c0bbe,0.058,,,
3017,2026-05-25,SZ000625,-0.00016268852373780852,EXP_CatBoostModel_Alpha158_csi300_custom_step0_s_20260525_18,02089fda4cde4e838352bcd8869c0bbe,0.058,,,
3018,2026-05-25,SZ000630,0.007866883327452997,EXP_CatBoostModel_Alpha158_csi300_custom_step0_s_20260525_18,02089fda4cde4e838352bcd8869c0bbe,0.058,,,
3019,2026-05-25,SZ000975,0.0005206120892799527,EXP_CatBoostModel_Alpha158_csi300_custom_step0_s_20260525_18,02089fda4cde4e838352bcd8869c0bbe,0.058,,,
3020,2026-05-25,SZ000963,-0.00016268852373780852,EXP_CatBoostModel_Alpha158_csi300_custom_step0_s_20260525_18,02089fda4cde4e838352bcd8869c0bbe,0.058,,,
3021,2026-05-25,SZ000938,-0.0035081692941926466,EXP_CatBoostModel_Alpha158_csi300_custom_step0_s_20260525_18,02089fda4cde4e838352bcd8869c0bbe,0.058,,,
3022,2026-05-25,SZ000895,-0.0008362206285599157,EXP_CatBoostModel_Alpha158_csi300_custom_step0_s_20260525_18,02089fda4cde4e838352bcd8869c0bbe,0.058,,,
3023,2026-05-25,SZ000876,-0.0008630221192819945,EXP_CatBoostModel_Alpha158_csi300_custom_step0_s_20260525_18,02089fda4cde4e838352bcd8869c0bbe,0.058,,,
3024,2026-05-25,SZ000858,-0.0008362206285599157,EXP_CatBoostModel_Alpha158_csi300_custom_step0_s_20260525_18,02089fda4cde4e838352bcd8869c0bbe,0.058,,,
3025,2026-05-25,SZ000807,-0.00016268852373780852,EXP_CatBoostModel_Alpha158_csi300_custom_step0_s_20260525_18,02089fda4cde4e838352bcd8869c0bbe,0.058,,,
3026,2026-05-25,SZ000792,-0.00016268852373780852,EXP_CatBoostModel_Alpha158_csi300_custom_step0_s_20260525_18,02089fda4cde4e838352bcd8869c0bbe,0.058,,,
3027,2026-05-25,SZ000786,-0.0008630221192819945,EXP_CatBoostModel_Alpha158_csi300_custom_step0_s_20260525_18,02089fda4cde4e838352bcd8869c0bbe,0.058,,,
3028,2026-05-25,SZ000776,-0.0008630221192819945,EXP_CatBoostModel_Alpha158_csi300_custom_step0_s_20260525_18,02089fda4cde4e838352bcd8869c0bbe,0.058,,,
3029,2026-05-25,SZ000768,-0.0008362206285599157,EXP_CatBoostModel_Alpha158_csi300_custom_step0_s_20260525_18,02089fda4cde4e838352bcd8869c0bbe,0.058,,,
3030,2026-05-25,SZ000725,-0.003405601951160357,EXP_CatBoostModel_Alpha158_csi300_custom_step0_s_20260525_18,02089fda4cde4e838352bcd8869c0bbe,0.058,,,
3031,2026-05-25,SZ000708,-0.00016268852373780852,EXP_CatBoostModel_Alpha158_csi300_custom_step0_s_20260525_18,02089fda4cde4e838352bcd8869c0bbe,0.058,,,
3032,2026-05-25,SZ000661,-0.0008362206285599157,EXP_CatBoostModel_Alpha158_csi300_custom_step0_s_20260525_18,02089fda4cde4e838352bcd8869c0bbe,0.058,,,
3033,2026-05-25,SZ000651,0.0014343024688522326,EXP_CatBoostModel_Alpha158_csi300_custom_step0_s_20260525_18,02089fda4cde4e838352bcd8869c0bbe,0.058,,,
3034,2026-05-25,SH688506,0.00251244275647189,EXP_CatBoostModel_Alpha158_csi300_custom_step0_s_20260525_18,02089fda4cde4e838352bcd8869c0bbe,0.058,,,
3035,2026-05-25,SH688472,-0.00016268852373780852,EXP_CatBoostModel_Alpha158_csi300_custom_step0_s_20260525_18,02089fda4cde4e838352bcd8869c0bbe,0.058,,,
3036,2026-05-25,SH688396,-0.0035081692941926466,EXP_CatBoostModel_Alpha158_csi300_custom_step0_s_20260525_18,02089fda4cde4e838352bcd8869c0bbe,0.058,,,
3037,2026-05-25,SH688303,-0.0008630221192819945,EXP_CatBoostModel_Alpha158_csi300_custom_step0_s_20260525_18,02089fda4cde4e838352bcd8869c0bbe,0.058,,,
3038,2026-05-25,SH603799,-0.0008630221192819945,EXP_CatBoostModel_Alpha158_csi300_custom_step0_s_20260525_18,02089fda4cde4e838352bcd8869c0bbe,0.058,,,
3039,2026-05-25,SH603501,0.0007659150256479637,EXP_CatBoostModel_Alpha158_csi300_custom_step0_s_20260525_18,02089fda4cde4e838352bcd8869c0bbe,0.058,,,
3040,2026-05-25,SH603392,-0.0008630221192819945,EXP_CatBoostModel_Alpha158_csi300_custom_step0_s_20260525_18,02089fda4cde4e838352bcd8869c0bbe,0.058,,,
3041,2026-05-25,SH603369,-0.0008362206285599157,EXP_CatBoostModel_Alpha158_csi300_custom_step0_s_20260525_18,02089fda4cde4e838352bcd8869c0bbe,0.058,,,
3042,2026-05-25,SH603296,-0.0035081692941926466,EXP_CatBoostModel_Alpha158_csi300_custom_step0_s_20260525_18,02089fda4cde4e838352bcd8869c0bbe,0.058,,,
3043,2026-05-25,SH603288,-0.0008362206285599157,EXP_CatBoostModel_Alpha158_csi300_custom_step0_s_20260525_18,02089fda4cde4e838352bcd8869c0bbe,0.058,,,
3044,2026-05-25,SH603260,-0.0008630221192819945,EXP_CatBoostModel_Alpha158_csi300_custom_step0_s_20260525_18,02089fda4cde4e838352bcd8869c0bbe,0.058,,,
3045,2026-05-25,SH603259,-0.0008630221192819945,EXP_CatBoostModel_Alpha158_csi300_custom_step0_s_20260525_18,02089fda4cde4e838352bcd8869c0bbe,0.058,,,
3046,2026-05-25,SH603195,0.0014343024688522326,EXP_CatBoostModel_Alpha158_csi300_custom_step0_s_20260525_18,02089fda4cde4e838352bcd8869c0bbe,0.058,,,
3047,2026-05-25,SH603019,-0.0035081692941926466,EXP_CatBoostModel_Alpha158_csi300_custom_step0_s_20260525_18,02089fda4cde4e838352bcd8869c0bbe,0.058,,,
3048,2026-05-25,SH601998,-0.00016268852373780852,EXP_CatBoostModel_Alpha158_csi300_custom_step0_s_20260525_18,02089fda4cde4e838352bcd8869c0bbe,0.058,,,
3049,2026-05-25,SH601995,0.0015642749589001603,EXP_CatBoostModel_Alpha158_csi300_custom_step0_s_20260525_18,02089fda4cde4e838352bcd8869c0bbe,0.058,,,
3050,2026-05-25,SH601988,0.0030379662276003453,EXP_CatBoostModel_Alpha158_csi300_custom_step0_s_20260525_18,02089fda4cde4e838352bcd8869c0bbe,0.058,,,
3051,2026-05-25,SH601985,-0.00044570441193717903,EXP_CatBoostModel_Alpha158_csi300_custom_step0_s_20260525_18,02089fda4cde4e838352bcd8869c0bbe,0.058,,,
3052,2026-05-25,SH601939,0.0030379662276003453,EXP_CatBoostModel_Alpha158_csi300_custom_step0_s_20260525_18,02089fda4cde4e838352bcd8869c0bbe,0.058,,,
3053,2026-05-25,SH603893,0.0014343024688522326,EXP_CatBoostModel_Alpha158_csi300_custom_step0_s_20260525_18,02089fda4cde4e838352bcd8869c0bbe,0.058,,,
3054,2026-05-25,SZ000977,-0.0008630221192819945,EXP_CatBoostModel_Alpha158_csi300_custom_step0_s_20260525_18,02089fda4cde4e838352bcd8869c0bbe,0.058,,,
3055,2026-05-25,SH603986,-0.04889639762711272,EXP_CatBoostModel_Alpha158_csi300_custom_step0_s_20260525_18,02089fda4cde4e838352bcd8869c0bbe,0.058,,,
3056,2026-05-25,SH605117,0.0014343024688522326,EXP_CatBoostModel_Alpha158_csi300_custom_step0_s_20260525_18,02089fda4cde4e838352bcd8869c0bbe,0.058,,,
3057,2026-05-25,SH688271,0.0007659150256479637,EXP_CatBoostModel_Alpha158_csi300_custom_step0_s_20260525_18,02089fda4cde4e838352bcd8869c0bbe,0.058,,,
3058,2026-05-25,SH688256,-0.0035081692941926466,EXP_CatBoostModel_Alpha158_csi300_custom_step0_s_20260525_18,02089fda4cde4e838352bcd8869c0bbe,0.058,,,
3059,2026-05-25,SH688223,-0.0008630221192819945,EXP_CatBoostModel_Alpha158_csi300_custom_step0_s_20260525_18,02089fda4cde4e838352bcd8869c0bbe,0.058,,,
3060,2026-05-25,SH688187,0.0007659150256479637,EXP_CatBoostModel_Alpha158_csi300_custom_step0_s_20260525_18,02089fda4cde4e838352bcd8869c0bbe,0.058,,,
3061,2026-05-25,SH688169,-0.00016268852373780852,EXP_CatBoostModel_Alpha158_csi300_custom_step0_s_20260525_18,02089fda4cde4e838352bcd8869c0bbe,0.058,,,
3062,2026-05-25,SH688126,-0.003405601951160357,EXP_CatBoostModel_Alpha158_csi300_custom_step0_s_20260525_18,02089fda4cde4e838352bcd8869c0bbe,0.058,,,
3063,2026-05-25,SH688111,-0.0008362206285599157,EXP_CatBoostModel_Alpha158_csi300_custom_step0_s_20260525_18,02089fda4cde4e838352bcd8869c0bbe,0.058,,,
3064,2026-05-25,SH688082,-0.04445919266189231,EXP_CatBoostModel_Alpha158_csi300_custom_step0_s_20260525_18,02089fda4cde4e838352bcd8869c0bbe,0.058,,,
3065,2026-05-25,SH688047,-0.0035081692941926466,EXP_CatBoostModel_Alpha158_csi300_custom_step0_s_20260525_18,02089fda4cde4e838352bcd8869c0bbe,0.058,,,
3066,2026-05-25,SH688041,-0.0035081692941926466,EXP_CatBoostModel_Alpha158_csi300_custom_step0_s_20260525_18,02089fda4cde4e838352bcd8869c0bbe,0.058,,,
3067,2026-05-25,SH688036,0.0014343024688522326,EXP_CatBoostModel_Alpha158_csi300_custom_step0_s_20260525_18,02089fda4cde4e838352bcd8869c0bbe,0.058,,,
3068,2026-05-25,SH688012,-0.003405601951160357,EXP_CatBoostModel_Alpha158_csi300_custom_step0_s_20260525_18,02089fda4cde4e838352bcd8869c0bbe,0.058,,,
3069,2026-05-25,SH688009,-0.00016268852373780852,EXP_CatBoostModel_Alpha158_csi300_custom_step0_s_20260525_18,02089fda4cde4e838352bcd8869c0bbe,0.058,,,
3070,2026-05-25,SH688008,-0.008257337310901048,EXP_CatBoostModel_Alpha158_csi300_custom_step0_s_20260525_18,02089fda4cde4e838352bcd8869c0bbe,0.058,,,
3071,2026-05-25,SH605499,-0.0008362206285599157,EXP_CatBoostModel_Alpha158_csi300_custom_step0_s_20260525_18,02089fda4cde4e838352bcd8869c0bbe,0.058,,,
3072,2026-05-25,SH603993,-0.0008362206285599157,EXP_CatBoostModel_Alpha158_csi300_custom_step0_s_20260525_18,02089fda4cde4e838352bcd8869c0bbe,0.058,,,
3073,2026-05-25,SH601919,-0.00016268852373780852,EXP_CatBoostModel_Alpha158_csi300_custom_step0_s_20260525_18,02089fda4cde4e838352bcd8869c0bbe,0.058,,,
3074,2026-05-25,SZ000983,-0.0008630221192819945,EXP_CatBoostModel_Alpha158_csi300_custom_step0_s_20260525_18,02089fda4cde4e838352bcd8869c0bbe,0.058,,,
3075,2026-05-25,SZ001391,0.00047015005363294413,EXP_CatBoostModel_Alpha158_csi300_custom_step0_s_20260525_18,02089fda4cde4e838352bcd8869c0bbe,0.058,,,
3076,2026-05-25,SZ300408,-0.008257337310901048,EXP_CatBoostModel_Alpha158_csi300_custom_step0_s_20260525_18,02089fda4cde4e838352bcd8869c0bbe,0.058,,,
3077,2026-05-25,SZ300394,-0.0035081692941926466,EXP_CatBoostModel_Alpha158_csi300_custom_step0_s_20260525_18,02089fda4cde4e838352bcd8869c0bbe,0.058,,,
3078,2026-05-25,SZ300347,-0.0008362206285599157,EXP_CatBoostModel_Alpha158_csi300_custom_step0_s_20260525_18,02089fda4cde4e838352bcd8869c0bbe,0.058,,,
3079,2026-05-25,SZ300316,-0.0035081692941926466,EXP_CatBoostModel_Alpha158_csi300_custom_step0_s_20260525_18,02089fda4cde4e838352bcd8869c0bbe,0.058,,,
3080,2026-05-25,SZ300308,-0.0035081692941926466,EXP_CatBoostModel_Alpha158_csi300_custom_step0_s_20260525_18,02089fda4cde4e838352bcd8869c0bbe,0.058,,,
3081,2026-05-25,SZ300274,-0.0035081692941926466,EXP_CatBoostModel_Alpha158_csi300_custom_step0_s_20260525_18,02089fda4cde4e838352bcd8869c0bbe,0.058,,,
3082,2026-05-25,SZ300413,-0.00016268852373780852,EXP_CatBoostModel_Alpha158_csi300_custom_step0_s_20260525_18,02089fda4cde4e838352bcd8869c0bbe,0.058,,,
3083,2026-05-25,SZ300251,0.0005206120892799527,EXP_CatBoostModel_Alpha158_csi300_custom_step0_s_20260525_18,02089fda4cde4e838352bcd8869c0bbe,0.058,,,
3084,2026-05-25,SZ300122,-0.0008630221192819945,EXP_CatBoostModel_Alpha158_csi300_custom_step0_s_20260525_18,02089fda4cde4e838352bcd8869c0bbe,0.058,,,
3085,2026-05-25,SZ300059,-0.0008362206285599157,EXP_CatBoostModel_Alpha158_csi300_custom_step0_s_20260525_18,02089fda4cde4e838352bcd8869c0bbe,0.058,,,
3086,2026-05-25,SZ300033,-0.0008362206285599157,EXP_CatBoostModel_Alpha158_csi300_custom_step0_s_20260525_18,02089fda4cde4e838352bcd8869c0bbe,0.058,,,
3087,2026-05-25,SZ300015,-0.0008362206285599157,EXP_CatBoostModel_Alpha158_csi300_custom_step0_s_20260525_18,02089fda4cde4e838352bcd8869c0bbe,0.058,,,
3088,2026-05-25,SZ300014,-0.0008630221192819945,EXP_CatBoostModel_Alpha158_csi300_custom_step0_s_20260525_18,02089fda4cde4e838352bcd8869c0bbe,0.058,,,
3089,2026-05-25,SZ003816,-0.0008362206285599157,EXP_CatBoostModel_Alpha158_csi300_custom_step0_s_20260525_18,02089fda4cde4e838352bcd8869c0bbe,0.058,,,
3090,2026-05-25,SZ300124,0.0014343024688522326,EXP_CatBoostModel_Alpha158_csi300_custom_step0_s_20260525_18,02089fda4cde4e838352bcd8869c0bbe,0.058,,,
3091,2026-05-25,SZ300418,-0.0008362206285599157,EXP_CatBoostModel_Alpha158_csi300_custom_step0_s_20260525_18,02089fda4cde4e838352bcd8869c0bbe,0.058,,,
3092,2026-05-25,SZ300433,-0.04445919266189231,EXP_CatBoostModel_Alpha158_csi300_custom_step0_s_20260525_18,02089fda4cde4e838352bcd8869c0bbe,0.058,,,
3093,2026-05-25,SZ300442,-0.0008362206285599157,EXP_CatBoostModel_Alpha158_csi300_custom_step0_s_20260525_18,02089fda4cde4e838352bcd8869c0bbe,0.058,,,
3094,2026-05-25,SZ300999,-0.00016268852373780852,EXP_CatBoostModel_Alpha158_csi300_custom_step0_s_20260525_18,02089fda4cde4e838352bcd8869c0bbe,0.058,,,
3095,2026-05-25,SZ300979,-0.00016268852373780852,EXP_CatBoostModel_Alpha158_csi300_custom_step0_s_20260525_18,02089fda4cde4e838352bcd8869c0bbe,0.058,,,
3096,2026-05-25,SZ300896,-0.0008630221192819945,EXP_CatBoostModel_Alpha158_csi300_custom_step0_s_20260525_18,02089fda4cde4e838352bcd8869c0bbe,0.058,,,
3097,2026-05-25,SZ300866,-0.00016268852373780852,EXP_CatBoostModel_Alpha158_csi300_custom_step0_s_20260525_18,02089fda4cde4e838352bcd8869c0bbe,0.058,,,
3098,2026-05-25,SZ300832,-0.00016268852373780852,EXP_CatBoostModel_Alpha158_csi300_custom_step0_s_20260525_18,02089fda4cde4e838352bcd8869c0bbe,0.058,,,
3099,2026-05-25,SZ300803,-0.0008362206285599157,EXP_CatBoostModel_Alpha158_csi300_custom_step0_s_20260525_18,02089fda4cde4e838352bcd8869c0bbe,0.058,,,
3100,2026-05-25,SZ300782,0.00251244275647189,EXP_CatBoostModel_Alpha158_csi300_custom_step0_s_20260525_18,02089fda4cde4e838352bcd8869c0bbe,0.058,,,
3101,2026-05-25,SZ300760,-0.0008362206285599157,EXP_CatBoostModel_Alpha158_csi300_custom_step0_s_20260525_18,02089fda4cde4e838352bcd8869c0bbe,0.058,,,
3102,2026-05-25,SZ300759,-0.00016268852373780852,EXP_CatBoostModel_Alpha158_csi300_custom_step0_s_20260525_18,02089fda4cde4e838352bcd8869c0bbe,0.058,,,
3103,2026-05-25,SZ300750,-0.0008630221192819945,EXP_CatBoostModel_Alpha158_csi300_custom_step0_s_20260525_18,02089fda4cde4e838352bcd8869c0bbe,0.058,,,
3104,2026-05-25,SZ300661,-0.0035081692941926466,EXP_CatBoostModel_Alpha158_csi300_custom_step0_s_20260525_18,02089fda4cde4e838352bcd8869c0bbe,0.058,,,
3105,2026-05-25,SZ300628,0.0014343024688522326,EXP_CatBoostModel_Alpha158_csi300_custom_step0_s_20260525_18,02089fda4cde4e838352bcd8869c0bbe,0.058,,,
3106,2026-05-25,SZ300502,-0.0035081692941926466,EXP_CatBoostModel_Alpha158_csi300_custom_step0_s_20260525_18,02089fda4cde4e838352bcd8869c0bbe,0.058,,,
3107,2026-05-25,SZ300498,-0.0008362206285599157,EXP_CatBoostModel_Alpha158_csi300_custom_step0_s_20260525_18,02089fda4cde4e838352bcd8869c0bbe,0.058,,,
3108,2026-05-25,SZ300476,0.0014343024688522326,EXP_CatBoostModel_Alpha158_csi300_custom_step0_s_20260525_18,02089fda4cde4e838352bcd8869c0bbe,0.058,,,
3109,2026-05-25,SZ002938,-0.010155839695922,EXP_CatBoostModel_Alpha158_csi300_custom_step0_s_20260525_18,02089fda4cde4e838352bcd8869c0bbe,0.058,,,
3110,2026-05-25,SZ002920,0.0007659150256479637,EXP_CatBoostModel_Alpha158_csi300_custom_step0_s_20260525_18,02089fda4cde4e838352bcd8869c0bbe,0.058,,,
3111,2026-05-25,SZ002916,0.0014343024688522326,EXP_CatBoostModel_Alpha158_csi300_custom_step0_s_20260525_18,02089fda4cde4e838352bcd8869c0bbe,0.058,,,
3112,2026-05-25,SZ002736,-0.00016268852373780852,EXP_CatBoostModel_Alpha158_csi300_custom_step0_s_20260525_18,02089fda4cde4e838352bcd8869c0bbe,0.058,,,
3113,2026-05-25,SZ002304,0.0007659150256479637,EXP_CatBoostModel_Alpha158_csi300_custom_step0_s_20260525_18,02089fda4cde4e838352bcd8869c0bbe,0.058,,,
3114,2026-05-25,SZ002252,-0.00016268852373780852,EXP_CatBoostModel_Alpha158_csi300_custom_step0_s_20260525_18,02089fda4cde4e838352bcd8869c0bbe,0.058,,,
3115,2026-05-25,SZ002241,0.0014343024688522326,EXP_CatBoostModel_Alpha158_csi300_custom_step0_s_20260525_18,02089fda4cde4e838352bcd8869c0bbe,0.058,,,
3116,2026-05-25,SZ002236,-0.0008362206285599157,EXP_CatBoostModel_Alpha158_csi300_custom_step0_s_20260525_18,02089fda4cde4e838352bcd8869c0bbe,0.058,,,
3117,2026-05-25,SZ002230,0.002550355680179219,EXP_CatBoostModel_Alpha158_csi300_custom_step0_s_20260525_18,02089fda4cde4e838352bcd8869c0bbe,0.058,,,
3118,2026-05-25,SZ002179,0.0014343024688522326,EXP_CatBoostModel_Alpha158_csi300_custom_step0_s_20260525_18,02089fda4cde4e838352bcd8869c0bbe,0.058,,,
3119,2026-05-25,SZ002142,-0.0008630221192819945,EXP_CatBoostModel_Alpha158_csi300_custom_step0_s_20260525_18,02089fda4cde4e838352bcd8869c0bbe,0.058,,,
3120,2026-05-25,SZ002074,-0.00016268852373780852,EXP_CatBoostModel_Alpha158_csi300_custom_step0_s_20260525_18,02089fda4cde4e838352bcd8869c0bbe,0.058,,,
3121,2026-05-25,SZ002050,0.0014343024688522326,EXP_CatBoostModel_Alpha158_csi300_custom_step0_s_20260525_18,02089fda4cde4e838352bcd8869c0bbe,0.058,,,
3122,2026-05-25,SZ002049,0.0007659150256479637,EXP_CatBoostModel_Alpha158_csi300_custom_step0_s_20260525_18,02089fda4cde4e838352bcd8869c0bbe,0.058,,,
3123,2026-05-25,SZ002028,-0.0008362206285599157,EXP_CatBoostModel_Alpha158_csi300_custom_step0_s_20260525_18,02089fda4cde4e838352bcd8869c0bbe,0.058,,,
3124,2026-05-25,SZ002027,-0.00016268852373780852,EXP_CatBoostModel_Alpha158_csi300_custom_step0_s_20260525_18,02089fda4cde4e838352bcd8869c0bbe,0.058,,,
3125,2026-05-25,SZ002001,-0.00016268852373780852,EXP_CatBoostModel_Alpha158_csi300_custom_step0_s_20260525_18,02089fda4cde4e838352bcd8869c0bbe,0.058,,,
3126,2026-05-25,SZ001979,-0.0008362206285599157,EXP_CatBoostModel_Alpha158_csi300_custom_step0_s_20260525_18,02089fda4cde4e838352bcd8869c0bbe,0.058,,,
3127,2026-05-25,SZ001965,-0.0035081692941926466,EXP_CatBoostModel_Alpha158_csi300_custom_step0_s_20260525_18,02089fda4cde4e838352bcd8869c0bbe,0.058,,,
3128,2026-05-25,SZ002311,-0.00016268852373780852,EXP_CatBoostModel_Alpha158_csi300_custom_step0_s_20260525_18,02089fda4cde4e838352bcd8869c0bbe,0.058,,,
3129,2026-05-25,SZ000999,-0.00016268852373780852,EXP_CatBoostModel_Alpha158_csi300_custom_step0_s_20260525_18,02089fda4cde4e838352bcd8869c0bbe,0.058,,,
3130,2026-05-25,SZ002352,0.002550355680179219,EXP_CatBoostModel_Alpha158_csi300_custom_step0_s_20260525_18,02089fda4cde4e838352bcd8869c0bbe,0.058,,,
3131,2026-05-25,SZ002384,-0.0035081692941926466,EXP_CatBoostModel_Alpha158_csi300_custom_step0_s_20260525_18,02089fda4cde4e838352bcd8869c0bbe,0.058,,,
3132,2026-05-25,SZ002714,-0.00016268852373780852,EXP_CatBoostModel_Alpha158_csi300_custom_step0_s_20260525_18,02089fda4cde4e838352bcd8869c0bbe,0.058,,,
3133,2026-05-25,SZ002709,0.00251244275647189,EXP_CatBoostModel_Alpha158_csi300_custom_step0_s_20260525_18,02089fda4cde4e838352bcd8869c0bbe,0.058,,,
3134,2026-05-25,SZ002648,-0.0008630221192819945,EXP_CatBoostModel_Alpha158_csi300_custom_step0_s_20260525_18,02089fda4cde4e838352bcd8869c0bbe,0.058,,,
3135,2026-05-25,SZ002625,0.0007659150256479637,EXP_CatBoostModel_Alpha158_csi300_custom_step0_s_20260525_18,02089fda4cde4e838352bcd8869c0bbe,0.058,,,
3136,2026-05-25,SZ002601,-0.00016268852373780852,EXP_CatBoostModel_Alpha158_csi300_custom_step0_s_20260525_18,02089fda4cde4e838352bcd8869c0bbe,0.058,,,
3137,2026-05-25,SZ002600,-0.00016268852373780852,EXP_CatBoostModel_Alpha158_csi300_custom_step0_s_20260525_18,02089fda4cde4e838352bcd8869c0bbe,0.058,,,
3138,2026-05-25,SZ002594,-0.0008362206285599157,EXP_CatBoostModel_Alpha158_csi300_custom_step0_s_20260525_18,02089fda4cde4e838352bcd8869c0bbe,0.058,,,
3139,2026-05-25,SZ002493,-0.0008630221192819945,EXP_CatBoostModel_Alpha158_csi300_custom_step0_s_20260525_18,02089fda4cde4e838352bcd8869c0bbe,0.058,,,
3140,2026-05-25,SZ002475,-0.0035081692941926466,EXP_CatBoostModel_Alpha158_csi300_custom_step0_s_20260525_18,02089fda4cde4e838352bcd8869c0bbe,0.058,,,
3141,2026-05-25,SZ002466,-0.0008630221192819945,EXP_CatBoostModel_Alpha158_csi300_custom_step0_s_20260525_18,02089fda4cde4e838352bcd8869c0bbe,0.058,,,
3142,2026-05-25,SZ002463,-0.0035081692941926466,EXP_CatBoostModel_Alpha158_csi300_custom_step0_s_20260525_18,02089fda4cde4e838352bcd8869c0bbe,0.058,,,
3143,2026-05-25,SZ002460,-0.0008630221192819945,EXP_CatBoostModel_Alpha158_csi300_custom_step0_s_20260525_18,02089fda4cde4e838352bcd8869c0bbe,0.058,,,
3144,2026-05-25,SZ002459,-0.00016268852373780852,EXP_CatBoostModel_Alpha158_csi300_custom_step0_s_20260525_18,02089fda4cde4e838352bcd8869c0bbe,0.058,,,
3145,2026-05-25,SZ002422,-0.0008630221192819945,EXP_CatBoostModel_Alpha158_csi300_custom_step0_s_20260525_18,02089fda4cde4e838352bcd8869c0bbe,0.058,,,
3146,2026-05-25,SZ002415,-0.0008362206285599157,EXP_CatBoostModel_Alpha158_csi300_custom_step0_s_20260525_18,02089fda4cde4e838352bcd8869c0bbe,0.058,,,
3147,2026-05-25,SZ002371,-0.003405601951160357,EXP_CatBoostModel_Alpha158_csi300_custom_step0_s_20260525_18,02089fda4cde4e838352bcd8869c0bbe,0.058,,,
3148,2026-05-25,SZ301236,-0.0008362206285599157,EXP_CatBoostModel_Alpha158_csi300_custom_step0_s_20260525_18,02089fda4cde4e838352bcd8869c0bbe,0.058,,,
3149,2026-05-25,SH601916,0.009379230416520053,EXP_CatBoostModel_Alpha158_csi300_custom_step0_s_20260525_18,02089fda4cde4e838352bcd8869c0bbe,0.058,,,
3150,2026-05-25,SH601899,-0.00016268852373780852,EXP_CatBoostModel_Alpha158_csi300_custom_step0_s_20260525_18,02089fda4cde4e838352bcd8869c0bbe,0.058,,,
3151,2026-05-25,SH600522,-0.006492007446964984,EXP_CatBoostModel_Alpha158_csi300_custom_step0_s_20260525_18,02089fda4cde4e838352bcd8869c0bbe,0.058,,,
3152,2026-05-25,SH600519,-0.00016268852373780852,EXP_CatBoostModel_Alpha158_csi300_custom_step0_s_20260525_18,02089fda4cde4e838352bcd8869c0bbe,0.058,,,
3153,2026-05-25,SH600515,-0.0008362206285599157,EXP_CatBoostModel_Alpha158_csi300_custom_step0_s_20260525_18,02089fda4cde4e838352bcd8869c0bbe,0.058,,,
3154,2026-05-25,SH600489,-0.00016268852373780852,EXP_CatBoostModel_Alpha158_csi300_custom_step0_s_20260525_18,02089fda4cde4e838352bcd8869c0bbe,0.058,,,
3155,2026-05-25,SH600482,-0.0008362206285599157,EXP_CatBoostModel_Alpha158_csi300_custom_step0_s_20260525_18,02089fda4cde4e838352bcd8869c0bbe,0.058,,,
3156,2026-05-25,SH600460,0.0007659150256479637,EXP_CatBoostModel_Alpha158_csi300_custom_step0_s_20260525_18,02089fda4cde4e838352bcd8869c0bbe,0.058,,,
3157,2026-05-25,SH600547,0.0005206120892799527,EXP_CatBoostModel_Alpha158_csi300_custom_step0_s_20260525_18,02089fda4cde4e838352bcd8869c0bbe,0.058,,,
3158,2026-05-25,SH600438,-0.0008630221192819945,EXP_CatBoostModel_Alpha158_csi300_custom_step0_s_20260525_18,02089fda4cde4e838352bcd8869c0bbe,0.058,,,
3159,2026-05-25,SH600426,-0.00016268852373780852,EXP_CatBoostModel_Alpha158_csi300_custom_step0_s_20260525_18,02089fda4cde4e838352bcd8869c0bbe,0.058,,,
3160,2026-05-25,SH600415,-0.0008362206285599157,EXP_CatBoostModel_Alpha158_csi300_custom_step0_s_20260525_18,02089fda4cde4e838352bcd8869c0bbe,0.058,,,
3161,2026-05-25,SH600406,-0.00044570441193717903,EXP_CatBoostModel_Alpha158_csi300_custom_step0_s_20260525_18,02089fda4cde4e838352bcd8869c0bbe,0.058,,,
3162,2026-05-25,SH600377,-0.0008362206285599157,EXP_CatBoostModel_Alpha158_csi300_custom_step0_s_20260525_18,02089fda4cde4e838352bcd8869c0bbe,0.058,,,
3163,2026-05-25,SH600372,-0.0008362206285599157,EXP_CatBoostModel_Alpha158_csi300_custom_step0_s_20260525_18,02089fda4cde4e838352bcd8869c0bbe,0.058,,,
3164,2026-05-25,SH600362,-0.0008630221192819945,EXP_CatBoostModel_Alpha158_csi300_custom_step0_s_20260525_18,02089fda4cde4e838352bcd8869c0bbe,0.058,,,
3165,2026-05-25,SH600436,-0.00016268852373780852,EXP_CatBoostModel_Alpha158_csi300_custom_step0_s_20260525_18,02089fda4cde4e838352bcd8869c0bbe,0.058,,,
3166,2026-05-25,SH600570,-0.00044570441193717903,EXP_CatBoostModel_Alpha158_csi300_custom_step0_s_20260525_18,02089fda4cde4e838352bcd8869c0bbe,0.058,,,
3167,2026-05-25,SH600584,-0.04445919266189231,EXP_CatBoostModel_Alpha158_csi300_custom_step0_s_20260525_18,02089fda4cde4e838352bcd8869c0bbe,0.058,,,
3168,2026-05-25,SH600585,-0.00016268852373780852,EXP_CatBoostModel_Alpha158_csi300_custom_step0_s_20260525_18,02089fda4cde4e838352bcd8869c0bbe,0.058,,,
3169,2026-05-25,SH600893,-0.00016268852373780852,EXP_CatBoostModel_Alpha158_csi300_custom_step0_s_20260525_18,02089fda4cde4e838352bcd8869c0bbe,0.058,,,
3170,2026-05-25,SH600887,0.001845962990575807,EXP_CatBoostModel_Alpha158_csi300_custom_step0_s_20260525_18,02089fda4cde4e838352bcd8869c0bbe,0.058,,,
3171,2026-05-25,SH600886,0.0015642749589001603,EXP_CatBoostModel_Alpha158_csi300_custom_step0_s_20260525_18,02089fda4cde4e838352bcd8869c0bbe,0.058,,,
3172,2026-05-25,SH600875,-0.0008362206285599157,EXP_CatBoostModel_Alpha158_csi300_custom_step0_s_20260525_18,02089fda4cde4e838352bcd8869c0bbe,0.058,,,
3173,2026-05-25,SH600845,-0.0008630221192819945,EXP_CatBoostModel_Alpha158_csi300_custom_step0_s_20260525_18,02089fda4cde4e838352bcd8869c0bbe,0.058,,,
3174,2026-05-25,SH600809,-0.0008362206285599157,EXP_CatBoostModel_Alpha158_csi300_custom_step0_s_20260525_18,02089fda4cde4e838352bcd8869c0bbe,0.058,,,
3175,2026-05-25,SH600803,-0.0008630221192819945,EXP_CatBoostModel_Alpha158_csi300_custom_step0_s_20260525_18,02089fda4cde4e838352bcd8869c0bbe,0.058,,,
3176,2026-05-25,SH600795,-0.006217292300580879,EXP_CatBoostModel_Alpha158_csi300_custom_step0_s_20260525_18,02089fda4cde4e838352bcd8869c0bbe,0.058,,,
3177,2026-05-25,SH600760,-0.00016268852373780852,EXP_CatBoostModel_Alpha158_csi300_custom_step0_s_20260525_18,02089fda4cde4e838352bcd8869c0bbe,0.058,,,
3178,2026-05-25,SH600741,-0.00016268852373780852,EXP_CatBoostModel_Alpha158_csi300_custom_step0_s_20260525_18,02089fda4cde4e838352bcd8869c0bbe,0.058,,,
3179,2026-05-25,SH600690,-0.00044570441193717903,EXP_CatBoostModel_Alpha158_csi300_custom_step0_s_20260525_18,02089fda4cde4e838352bcd8869c0bbe,0.058,,,
3180,2026-05-25,SH600674,-0.00044570441193717903,EXP_CatBoostModel_Alpha158_csi300_custom_step0_s_20260525_18,02089fda4cde4e838352bcd8869c0bbe,0.058,,,
3181,2026-05-25,SH600660,-0.0008630221192819945,EXP_CatBoostModel_Alpha158_csi300_custom_step0_s_20260525_18,02089fda4cde4e838352bcd8869c0bbe,0.058,,,
3182,2026-05-25,SH600600,-0.0003897818610355087,EXP_CatBoostModel_Alpha158_csi300_custom_step0_s_20260525_18,02089fda4cde4e838352bcd8869c0bbe,0.058,,,
3183,2026-05-25,SH600588,-0.00016268852373780852,EXP_CatBoostModel_Alpha158_csi300_custom_step0_s_20260525_18,02089fda4cde4e838352bcd8869c0bbe,0.058,,,
3184,2026-05-25,SH600346,0.0005206120892799527,EXP_CatBoostModel_Alpha158_csi300_custom_step0_s_20260525_18,02089fda4cde4e838352bcd8869c0bbe,0.058,,,
3185,2026-05-25,SH600309,-0.00016268852373780852,EXP_CatBoostModel_Alpha158_csi300_custom_step0_s_20260525_18,02089fda4cde4e838352bcd8869c0bbe,0.058,,,
3186,2026-05-25,SH600276,-0.00016268852373780852,EXP_CatBoostModel_Alpha158_csi300_custom_step0_s_20260525_18,02089fda4cde4e838352bcd8869c0bbe,0.058,,,
3187,2026-05-25,SH600233,-0.0008630221192819945,EXP_CatBoostModel_Alpha158_csi300_custom_step0_s_20260525_18,02089fda4cde4e838352bcd8869c0bbe,0.058,,,
3188,2026-05-25,SH600031,-0.0008630221192819945,EXP_CatBoostModel_Alpha158_csi300_custom_step0_s_20260525_18,02089fda4cde4e838352bcd8869c0bbe,0.058,,,
3189,2026-05-25,SH600030,-0.0008362206285599157,EXP_CatBoostModel_Alpha158_csi300_custom_step0_s_20260525_18,02089fda4cde4e838352bcd8869c0bbe,0.058,,,
3190,2026-05-25,SH600029,0.0007659150256479637,EXP_CatBoostModel_Alpha158_csi300_custom_step0_s_20260525_18,02089fda4cde4e838352bcd8869c0bbe,0.058,,,
3191,2026-05-25,SH600028,-0.00016268852373780852,EXP_CatBoostModel_Alpha158_csi300_custom_step0_s_20260525_18,02089fda4cde4e838352bcd8869c0bbe,0.058,,,
3192,2026-05-25,SH600027,-0.0008362206285599157,EXP_CatBoostModel_Alpha158_csi300_custom_step0_s_20260525_18,02089fda4cde4e838352bcd8869c0bbe,0.058,,,
3193,2026-05-25,SH600026,-0.0008630221192819945,EXP_CatBoostModel_Alpha158_csi300_custom_step0_s_20260525_18,02089fda4cde4e838352bcd8869c0bbe,0.058,,,
3194,2026-05-25,SH600025,-0.006217292300580879,EXP_CatBoostModel_Alpha158_csi300_custom_step0_s_20260525_18,02089fda4cde4e838352bcd8869c0bbe,0.058,,,
3195,2026-05-25,SH600023,-0.0008362206285599157,EXP_CatBoostModel_Alpha158_csi300_custom_step0_s_20260525_18,02089fda4cde4e838352bcd8869c0bbe,0.058,,,
3196,2026-05-25,SH600019,-0.0008362206285599157,EXP_CatBoostModel_Alpha158_csi300_custom_step0_s_20260525_18,02089fda4cde4e838352bcd8869c0bbe,0.058,,,
3197,2026-05-25,SH600018,0.0015497945945873804,EXP_CatBoostModel_Alpha158_csi300_custom_step0_s_20260525_18,02089fda4cde4e838352bcd8869c0bbe,0.058,,,
3198,2026-05-25,SH600016,0.0012892918247001685,EXP_CatBoostModel_Alpha158_csi300_custom_step0_s_20260525_18,02089fda4cde4e838352bcd8869c0bbe,0.058,,,
3199,2026-05-25,SH600015,-0.00016268852373780852,EXP_CatBoostModel_Alpha158_csi300_custom_step0_s_20260525_18,02089fda4cde4e838352bcd8869c0bbe,0.058,,,
3200,2026-05-25,SH600011,-0.0008362206285599157,EXP_CatBoostModel_Alpha158_csi300_custom_step0_s_20260525_18,02089fda4cde4e838352bcd8869c0bbe,0.058,,,
3201,2026-05-25,SH600010,-0.00016268852373780852,EXP_CatBoostModel_Alpha158_csi300_custom_step0_s_20260525_18,02089fda4cde4e838352bcd8869c0bbe,0.058,,,
3202,2026-05-25,SH600009,-0.00016268852373780852,EXP_CatBoostModel_Alpha158_csi300_custom_step0_s_20260525_18,02089fda4cde4e838352bcd8869c0bbe,0.058,,,
3203,2026-05-25,SH600036,0.0014343024688522326,EXP_CatBoostModel_Alpha158_csi300_custom_step0_s_20260525_18,02089fda4cde4e838352bcd8869c0bbe,0.058,,,
3204,2026-05-25,SH600900,-0.0003897818610355087,EXP_CatBoostModel_Alpha158_csi300_custom_step0_s_20260525_18,02089fda4cde4e838352bcd8869c0bbe,0.058,,,
3205,2026-05-25,SH600039,-0.0008362206285599157,EXP_CatBoostModel_Alpha158_csi300_custom_step0_s_20260525_18,02089fda4cde4e838352bcd8869c0bbe,0.058,,,
3206,2026-05-25,SH600050,-0.0008630221192819945,EXP_CatBoostModel_Alpha158_csi300_custom_step0_s_20260525_18,02089fda4cde4e838352bcd8869c0bbe,0.058,,,
3207,2026-05-25,SH600219,-0.00016268852373780852,EXP_CatBoostModel_Alpha158_csi300_custom_step0_s_20260525_18,02089fda4cde4e838352bcd8869c0bbe,0.058,,,
3208,2026-05-25,SH600196,-0.00016268852373780852,EXP_CatBoostModel_Alpha158_csi300_custom_step0_s_20260525_18,02089fda4cde4e838352bcd8869c0bbe,0.058,,,
3209,2026-05-25,SH600188,-0.0008630221192819945,EXP_CatBoostModel_Alpha158_csi300_custom_step0_s_20260525_18,02089fda4cde4e838352bcd8869c0bbe,0.058,,,
3210,2026-05-25,SH600183,-0.010155839695922,EXP_CatBoostModel_Alpha158_csi300_custom_step0_s_20260525_18,02089fda4cde4e838352bcd8869c0bbe,0.058,,,
3211,2026-05-25,SH600176,-0.0035081692941926466,EXP_CatBoostModel_Alpha158_csi300_custom_step0_s_20260525_18,02089fda4cde4e838352bcd8869c0bbe,0.058,,,
3212,2026-05-25,SH600161,-0.0008362206285599157,EXP_CatBoostModel_Alpha158_csi300_custom_step0_s_20260525_18,02089fda4cde4e838352bcd8869c0bbe,0.058,,,
3213,2026-05-25,SH600160,-0.0008630221192819945,EXP_CatBoostModel_Alpha158_csi300_custom_step0_s_20260525_18,02089fda4cde4e838352bcd8869c0bbe,0.058,,,
3214,2026-05-25,SH600150,-0.00016268852373780852,EXP_CatBoostModel_Alpha158_csi300_custom_step0_s_20260525_18,02089fda4cde4e838352bcd8869c0bbe,0.058,,,
3215,2026-05-25,SH600115,0.0007659150256479637,EXP_CatBoostModel_Alpha158_csi300_custom_step0_s_20260525_18,02089fda4cde4e838352bcd8869c0bbe,0.058,,,
3216,2026-05-25,SH600111,-0.0008630221192819945,EXP_CatBoostModel_Alpha158_csi300_custom_step0_s_20260525_18,02089fda4cde4e838352bcd8869c0bbe,0.058,,,
3217,2026-05-25,SH600104,-0.00016268852373780852,EXP_CatBoostModel_Alpha158_csi300_custom_step0_s_20260525_18,02089fda4cde4e838352bcd8869c0bbe,0.058,,,
3218,2026-05-25,SH600089,-0.0008362206285599157,EXP_CatBoostModel_Alpha158_csi300_custom_step0_s_20260525_18,02089fda4cde4e838352bcd8869c0bbe,0.058,,,
3219,2026-05-25,SH600085,-0.00016268852373780852,EXP_CatBoostModel_Alpha158_csi300_custom_step0_s_20260525_18,02089fda4cde4e838352bcd8869c0bbe,0.058,,,
3220,2026-05-25,SH600066,-0.0008362206285599157,EXP_CatBoostModel_Alpha158_csi300_custom_step0_s_20260525_18,02089fda4cde4e838352bcd8869c0bbe,0.058,,,
3221,2026-05-25,SH600061,-0.0008362206285599157,EXP_CatBoostModel_Alpha158_csi300_custom_step0_s_20260525_18,02089fda4cde4e838352bcd8869c0bbe,0.058,,,
3222,2026-05-25,SH600048,-0.0008362206285599157,EXP_CatBoostModel_Alpha158_csi300_custom_step0_s_20260525_18,02089fda4cde4e838352bcd8869c0bbe,0.058,,,
3223,2026-05-25,SH601901,0.002550355680179219,EXP_CatBoostModel_Alpha158_csi300_custom_step0_s_20260525_18,02089fda4cde4e838352bcd8869c0bbe,0.058,,,
3224,2026-05-25,SH600905,-0.0003897818610355087,EXP_CatBoostModel_Alpha158_csi300_custom_step0_s_20260525_18,02089fda4cde4e838352bcd8869c0bbe,0.058,,,
3225,2026-05-25,SH600919,0.002550355680179219,EXP_CatBoostModel_Alpha158_csi300_custom_step0_s_20260525_18,02089fda4cde4e838352bcd8869c0bbe,0.058,,,
3226,2026-05-25,SH601688,-0.00044570441193717903,EXP_CatBoostModel_Alpha158_csi300_custom_step0_s_20260525_18,02089fda4cde4e838352bcd8869c0bbe,0.058,,,
3227,2026-05-25,SH601669,-0.0008630221192819945,EXP_CatBoostModel_Alpha158_csi300_custom_step0_s_20260525_18,02089fda4cde4e838352bcd8869c0bbe,0.058,,,
3228,2026-05-25,SH601668,-0.0003897818610355087,EXP_CatBoostModel_Alpha158_csi300_custom_step0_s_20260525_18,02089fda4cde4e838352bcd8869c0bbe,0.058,,,
3229,2026-05-25,SH601658,0.0012892918247001685,EXP_CatBoostModel_Alpha158_csi300_custom_step0_s_20260525_18,02089fda4cde4e838352bcd8869c0bbe,0.058,,,
3230,2026-05-25,SH601633,-0.00016268852373780852,EXP_CatBoostModel_Alpha158_csi300_custom_step0_s_20260525_18,02089fda4cde4e838352bcd8869c0bbe,0.058,,,
3231,2026-05-25,SH601628,-0.00016268852373780852,EXP_CatBoostModel_Alpha158_csi300_custom_step0_s_20260525_18,02089fda4cde4e838352bcd8869c0bbe,0.058,,,
3232,2026-05-25,SH601689,0.0014343024688522326,EXP_CatBoostModel_Alpha158_csi300_custom_step0_s_20260525_18,02089fda4cde4e838352bcd8869c0bbe,0.058,,,
3233,2026-05-25,SH601618,-0.00044570441193717903,EXP_CatBoostModel_Alpha158_csi300_custom_step0_s_20260525_18,02089fda4cde4e838352bcd8869c0bbe,0.058,,,
3234,2026-05-25,SH601601,-0.0008362206285599157,EXP_CatBoostModel_Alpha158_csi300_custom_step0_s_20260525_18,02089fda4cde4e838352bcd8869c0bbe,0.058,,,
3235,2026-05-25,SH601600,-0.00016268852373780852,EXP_CatBoostModel_Alpha158_csi300_custom_step0_s_20260525_18,02089fda4cde4e838352bcd8869c0bbe,0.058,,,
3236,2026-05-25,SH601456,-0.00044570441193717903,EXP_CatBoostModel_Alpha158_csi300_custom_step0_s_20260525_18,02089fda4cde4e838352bcd8869c0bbe,0.058,,,
3237,2026-05-25,SH601398,0.002550355680179219,EXP_CatBoostModel_Alpha158_csi300_custom_step0_s_20260525_18,02089fda4cde4e838352bcd8869c0bbe,0.058,,,
3238,2026-05-25,SH601390,-0.00016268852373780852,EXP_CatBoostModel_Alpha158_csi300_custom_step0_s_20260525_18,02089fda4cde4e838352bcd8869c0bbe,0.058,,,
3239,2026-05-25,SH601377,-0.00044570441193717903,EXP_CatBoostModel_Alpha158_csi300_custom_step0_s_20260525_18,02089fda4cde4e838352bcd8869c0bbe,0.058,,,
3240,2026-05-25,SH601607,-0.0003897818610355087,EXP_CatBoostModel_Alpha158_csi300_custom_step0_s_20260525_18,02089fda4cde4e838352bcd8869c0bbe,0.058,,,
3241,2026-05-25,SH601698,-0.0008630221192819945,EXP_CatBoostModel_Alpha158_csi300_custom_step0_s_20260525_18,02089fda4cde4e838352bcd8869c0bbe,0.058,,,
3242,2026-05-25,SH601728,-0.00016268852373780852,EXP_CatBoostModel_Alpha158_csi300_custom_step0_s_20260525_18,02089fda4cde4e838352bcd8869c0bbe,0.058,,,
3243,2026-05-25,SH601766,-0.00016268852373780852,EXP_CatBoostModel_Alpha158_csi300_custom_step0_s_20260525_18,02089fda4cde4e838352bcd8869c0bbe,0.058,,,
3244,2026-05-25,SH601898,-0.0008630221192819945,EXP_CatBoostModel_Alpha158_csi300_custom_step0_s_20260525_18,02089fda4cde4e838352bcd8869c0bbe,0.058,,,
3245,2026-05-25,SH601888,-0.0008362206285599157,EXP_CatBoostModel_Alpha158_csi300_custom_step0_s_20260525_18,02089fda4cde4e838352bcd8869c0bbe,0.058,,,
3246,2026-05-25,SH601881,-0.00044570441193717903,EXP_CatBoostModel_Alpha158_csi300_custom_step0_s_20260525_18,02089fda4cde4e838352bcd8869c0bbe,0.058,,,
3247,2026-05-25,SH601878,-0.00044570441193717903,EXP_CatBoostModel_Alpha158_csi300_custom_step0_s_20260525_18,02089fda4cde4e838352bcd8869c0bbe,0.058,,,
3248,2026-05-25,SH601877,-0.0008630221192819945,EXP_CatBoostModel_Alpha158_csi300_custom_step0_s_20260525_18,02089fda4cde4e838352bcd8869c0bbe,0.058,,,
3249,2026-05-25,SH601872,-0.0008630221192819945,EXP_CatBoostModel_Alpha158_csi300_custom_step0_s_20260525_18,02089fda4cde4e838352bcd8869c0bbe,0.058,,,
3250,2026-05-25,SH601868,-0.0008362206285599157,EXP_CatBoostModel_Alpha158_csi300_custom_step0_s_20260525_18,02089fda4cde4e838352bcd8869c0bbe,0.058,,,
3251,2026-05-25,SH601857,-0.0008630221192819945,EXP_CatBoostModel_Alpha158_csi300_custom_step0_s_20260525_18,02089fda4cde4e838352bcd8869c0bbe,0.058,,,
3252,2026-05-25,SH601838,0.0014343024688522326,EXP_CatBoostModel_Alpha158_csi300_custom_step0_s_20260525_18,02089fda4cde4e838352bcd8869c0bbe,0.058,,,
3253,2026-05-25,SH601825,0.0014343024688522326,EXP_CatBoostModel_Alpha158_csi300_custom_step0_s_20260525_18,02089fda4cde4e838352bcd8869c0bbe,0.058,,,
3254,2026-05-25,SH601818,0.0012892918247001685,EXP_CatBoostModel_Alpha158_csi300_custom_step0_s_20260525_18,02089fda4cde4e838352bcd8869c0bbe,0.058,,,
3255,2026-05-25,SH601816,-0.0003897818610355087,EXP_CatBoostModel_Alpha158_csi300_custom_step0_s_20260525_18,02089fda4cde4e838352bcd8869c0bbe,0.058,,,
3256,2026-05-25,SH601808,-0.00016268852373780852,EXP_CatBoostModel_Alpha158_csi300_custom_step0_s_20260525_18,02089fda4cde4e838352bcd8869c0bbe,0.058,,,
3257,2026-05-25,SH601800,-0.00016268852373780852,EXP_CatBoostModel_Alpha158_csi300_custom_step0_s_20260525_18,02089fda4cde4e838352bcd8869c0bbe,0.058,,,
3258,2026-05-25,SH601788,-0.0008630221192819945,EXP_CatBoostModel_Alpha158_csi300_custom_step0_s_20260525_18,02089fda4cde4e838352bcd8869c0bbe,0.058,,,
3259,2026-05-25,SH601360,-0.0008630221192819945,EXP_CatBoostModel_Alpha158_csi300_custom_step0_s_20260525_18,02089fda4cde4e838352bcd8869c0bbe,0.058,,,
3260,2026-05-25,SH601336,-0.0008362206285599157,EXP_CatBoostModel_Alpha158_csi300_custom_step0_s_20260525_18,02089fda4cde4e838352bcd8869c0bbe,0.058,,,
3261,2026-05-25,SH601328,0.002550355680179219,EXP_CatBoostModel_Alpha158_csi300_custom_step0_s_20260525_18,02089fda4cde4e838352bcd8869c0bbe,0.058,,,
3262,2026-05-25,SH601319,-0.0008362206285599157,EXP_CatBoostModel_Alpha158_csi300_custom_step0_s_20260525_18,02089fda4cde4e838352bcd8869c0bbe,0.058,,,
3263,2026-05-25,SH601066,-0.0008362206285599157,EXP_CatBoostModel_Alpha158_csi300_custom_step0_s_20260525_18,02089fda4cde4e838352bcd8869c0bbe,0.058,,,
3264,2026-05-25,SH601059,0.0030379662276003453,EXP_CatBoostModel_Alpha158_csi300_custom_step0_s_20260525_18,02089fda4cde4e838352bcd8869c0bbe,0.058,,,
3265,2026-05-25,SH601058,-0.0008362206285599157,EXP_CatBoostModel_Alpha158_csi300_custom_step0_s_20260525_18,02089fda4cde4e838352bcd8869c0bbe,0.058,,,
3266,2026-05-25,SH601021,0.0015497945945873804,EXP_CatBoostModel_Alpha158_csi300_custom_step0_s_20260525_18,02089fda4cde4e838352bcd8869c0bbe,0.058,,,
3267,2026-05-25,SH601018,-0.0008362206285599157,EXP_CatBoostModel_Alpha158_csi300_custom_step0_s_20260525_18,02089fda4cde4e838352bcd8869c0bbe,0.058,,,
3268,2026-05-25,SH601012,-0.00016268852373780852,EXP_CatBoostModel_Alpha158_csi300_custom_step0_s_20260525_18,02089fda4cde4e838352bcd8869c0bbe,0.058,,,
3269,2026-05-25,SH601009,-0.0008630221192819945,EXP_CatBoostModel_Alpha158_csi300_custom_step0_s_20260525_18,02089fda4cde4e838352bcd8869c0bbe,0.058,,,
3270,2026-05-25,SH601006,0.004647066935121306,EXP_CatBoostModel_Alpha158_csi300_custom_step0_s_20260525_18,02089fda4cde4e838352bcd8869c0bbe,0.058,,,
3271,2026-05-25,SH600999,0.0014343024688522326,EXP_CatBoostModel_Alpha158_csi300_custom_step0_s_20260525_18,02089fda4cde4e838352bcd8869c0bbe,0.058,,,
3272,2026-05-25,SH600989,-0.0008630221192819945,EXP_CatBoostModel_Alpha158_csi300_custom_step0_s_20260525_18,02089fda4cde4e838352bcd8869c0bbe,0.058,,,
3273,2026-05-25,SH600958,0.0014343024688522326,EXP_CatBoostModel_Alpha158_csi300_custom_step0_s_20260525_18,02089fda4cde4e838352bcd8869c0bbe,0.058,,,
3274,2026-05-25,SH600941,-0.0003897818610355087,EXP_CatBoostModel_Alpha158_csi300_custom_step0_s_20260525_18,02089fda4cde4e838352bcd8869c0bbe,0.058,,,
3275,2026-05-25,SH600938,-0.0008630221192819945,EXP_CatBoostModel_Alpha158_csi300_custom_step0_s_20260525_18,02089fda4cde4e838352bcd8869c0bbe,0.058,,,
3276,2026-05-25,SH600930,-0.0008362206285599157,EXP_CatBoostModel_Alpha158_csi300_custom_step0_s_20260525_18,02089fda4cde4e838352bcd8869c0bbe,0.058,,,
3277,2026-05-25,SH600926,-0.0008362206285599157,EXP_CatBoostModel_Alpha158_csi300_custom_step0_s_20260525_18,02089fda4cde4e838352bcd8869c0bbe,0.058,,,
3278,2026-05-25,SH601077,-0.00016268852373780852,EXP_CatBoostModel_Alpha158_csi300_custom_step0_s_20260525_18,02089fda4cde4e838352bcd8869c0bbe,0.058,,,
3279,2026-05-25,SH600918,-0.00016268852373780852,EXP_CatBoostModel_Alpha158_csi300_custom_step0_s_20260525_18,02089fda4cde4e838352bcd8869c0bbe,0.058,,,
3280,2026-05-25,SH601088,0.0015642749589001603,EXP_CatBoostModel_Alpha158_csi300_custom_step0_s_20260525_18,02089fda4cde4e838352bcd8869c0bbe,0.058,,,
3281,2026-05-25,SH601111,0.0007659150256479637,EXP_CatBoostModel_Alpha158_csi300_custom_step0_s_20260525_18,02089fda4cde4e838352bcd8869c0bbe,0.058,,,
3282,2026-05-25,SH601318,-0.0008362206285599157,EXP_CatBoostModel_Alpha158_csi300_custom_step0_s_20260525_18,02089fda4cde4e838352bcd8869c0bbe,0.058,,,
3283,2026-05-25,SH601298,0.0015642749589001603,EXP_CatBoostModel_Alpha158_csi300_custom_step0_s_20260525_18,02089fda4cde4e838352bcd8869c0bbe,0.058,,,
3284,2026-05-25,SH601288,-0.0008630221192819945,EXP_CatBoostModel_Alpha158_csi300_custom_step0_s_20260525_18,02089fda4cde4e838352bcd8869c0bbe,0.058,,,
3285,2026-05-25,SH601238,-0.00016268852373780852,EXP_CatBoostModel_Alpha158_csi300_custom_step0_s_20260525_18,02089fda4cde4e838352bcd8869c0bbe,0.058,,,
3286,2026-05-25,SH601236,-0.00016268852373780852,EXP_CatBoostModel_Alpha158_csi300_custom_step0_s_20260525_18,02089fda4cde4e838352bcd8869c0bbe,0.058,,,
3287,2026-05-25,SH601229,-0.00016268852373780852,EXP_CatBoostModel_Alpha158_csi300_custom_step0_s_20260525_18,02089fda4cde4e838352bcd8869c0bbe,0.058,,,
3288,2026-05-25,SH601225,-0.0008630221192819945,EXP_CatBoostModel_Alpha158_csi300_custom_step0_s_20260525_18,02089fda4cde4e838352bcd8869c0bbe,0.058,,,
3289,2026-05-25,SH601211,-0.00016268852373780852,EXP_CatBoostModel_Alpha158_csi300_custom_step0_s_20260525_18,02089fda4cde4e838352bcd8869c0bbe,0.058,,,
3290,2026-05-25,SH601186,-0.00016268852373780852,EXP_CatBoostModel_Alpha158_csi300_custom_step0_s_20260525_18,02089fda4cde4e838352bcd8869c0bbe,0.058,,,
3291,2026-05-25,SH601169,0.0014343024688522326,EXP_CatBoostModel_Alpha158_csi300_custom_step0_s_20260525_18,02089fda4cde4e838352bcd8869c0bbe,0.058,,,
3292,2026-05-25,SH601166,-0.0008362206285599157,EXP_CatBoostModel_Alpha158_csi300_custom_step0_s_20260525_18,02089fda4cde4e838352bcd8869c0bbe,0.058,,,
3293,2026-05-25,SH601138,-0.0035081692941926466,EXP_CatBoostModel_Alpha158_csi300_custom_step0_s_20260525_18,02089fda4cde4e838352bcd8869c0bbe,0.058,,,
3294,2026-05-25,SH601136,-0.0008630221192819945,EXP_CatBoostModel_Alpha158_csi300_custom_step0_s_20260525_18,02089fda4cde4e838352bcd8869c0bbe,0.058,,,
3295,2026-05-25,SH601127,-0.00016268852373780852,EXP_CatBoostModel_Alpha158_csi300_custom_step0_s_20260525_18,02089fda4cde4e838352bcd8869c0bbe,0.058,,,
3296,2026-05-25,SH601117,-0.00016268852373780852,EXP_CatBoostModel_Alpha158_csi300_custom_step0_s_20260525_18,02089fda4cde4e838352bcd8869c0bbe,0.058,,,
3297,2026-05-25,SH601100,0.0014343024688522326,EXP_CatBoostModel_Alpha158_csi300_custom_step0_s_20260525_18,02089fda4cde4e838352bcd8869c0bbe,0.058,,,
3298,2026-05-25,SZ301269,0.0009543336006429412,EXP_CatBoostModel_Alpha158_csi300_custom_step0_s_20260525_18,4308f537c3f44671828750eddfcd391e,0.064,,,
3299,2026-05-25,SZ301269,-0.010155839695922,EXP_CatBoostModel_Alpha158_csi300_custom_step0_s_20260525_18,02089fda4cde4e838352bcd8869c0bbe,0.058,,,
3300,2026-05-25,SH600000,0.0006337176834253092,EXP_CatBoostModel_Alpha158_csi300_custom_step0_s_20260525_18,4308f537c3f44671828750eddfcd391e,0.064,,,
3301,2026-05-25,SZ000568,-0.0016638386714869378,EXP_CatBoostModel_Alpha158_csi300_custom_step0_s_20260525_18,4308f537c3f44671828750eddfcd391e,0.064,,,
3302,2026-05-25,SZ000538,0.0006337176834253092,EXP_CatBoostModel_Alpha158_csi300_custom_step0_s_20260525_18,4308f537c3f44671828750eddfcd391e,0.064,,,
3303,2026-05-25,SZ000425,-0.0016638386714869378,EXP_CatBoostModel_Alpha158_csi300_custom_step0_s_20260525_18,4308f537c3f44671828750eddfcd391e,0.064,,,
3304,2026-05-25,SZ000408,-0.0016638386714869378,EXP_CatBoostModel_Alpha158_csi300_custom_step0_s_20260525_18,4308f537c3f44671828750eddfcd391e,0.064,,,
3305,2026-05-25,SZ000338,-0.0011636198018941414,EXP_CatBoostModel_Alpha158_csi300_custom_step0_s_20260525_18,4308f537c3f44671828750eddfcd391e,0.064,,,
3306,2026-05-25,SZ000333,0.0006337176834253092,EXP_CatBoostModel_Alpha158_csi300_custom_step0_s_20260525_18,4308f537c3f44671828750eddfcd391e,0.064,,,
3307,2026-05-25,SZ000596,0.0009543336006429412,EXP_CatBoostModel_Alpha158_csi300_custom_step0_s_20260525_18,4308f537c3f44671828750eddfcd391e,0.064,,,
3308,2026-05-25,SZ000301,-0.0011636198018941414,EXP_CatBoostModel_Alpha158_csi300_custom_step0_s_20260525_18,4308f537c3f44671828750eddfcd391e,0.064,,,
3309,2026-05-25,SZ000157,-0.0016638386714869378,EXP_CatBoostModel_Alpha158_csi300_custom_step0_s_20260525_18,4308f537c3f44671828750eddfcd391e,0.064,,,
3310,2026-05-25,SZ000100,0.0014570101925490807,EXP_CatBoostModel_Alpha158_csi300_custom_step0_s_20260525_18,4308f537c3f44671828750eddfcd391e,0.064,,,
3311,2026-05-25,SZ000063,-0.0011636198018941414,EXP_CatBoostModel_Alpha158_csi300_custom_step0_s_20260525_18,4308f537c3f44671828750eddfcd391e,0.064,,,
3312,2026-05-25,SZ000002,-0.0016638386714869378,EXP_CatBoostModel_Alpha158_csi300_custom_step0_s_20260525_18,4308f537c3f44671828750eddfcd391e,0.064,,,
3313,2026-05-25,SZ000001,0.0016968446566231008,EXP_CatBoostModel_Alpha158_csi300_custom_step0_s_20260525_18,4308f537c3f44671828750eddfcd391e,0.064,,,
3314,2026-05-25,SH688981,0.0009543336006429412,EXP_CatBoostModel_Alpha158_csi300_custom_step0_s_20260525_18,4308f537c3f44671828750eddfcd391e,0.064,,,
3315,2026-05-25,SZ000166,-0.0016638386714869378,EXP_CatBoostModel_Alpha158_csi300_custom_step0_s_20260525_18,4308f537c3f44671828750eddfcd391e,0.064,,,
3316,2026-05-25,SZ000617,-0.0016638386714869378,EXP_CatBoostModel_Alpha158_csi300_custom_step0_s_20260525_18,4308f537c3f44671828750eddfcd391e,0.064,,,
3317,2026-05-25,SZ000625,-0.0016638386714869378,EXP_CatBoostModel_Alpha158_csi300_custom_step0_s_20260525_18,4308f537c3f44671828750eddfcd391e,0.064,,,
3318,2026-05-25,SZ000630,0.0009543336006429412,EXP_CatBoostModel_Alpha158_csi300_custom_step0_s_20260525_18,4308f537c3f44671828750eddfcd391e,0.064,,,
3319,2026-05-25,SZ000975,-0.0016638386714869378,EXP_CatBoostModel_Alpha158_csi300_custom_step0_s_20260525_18,4308f537c3f44671828750eddfcd391e,0.064,,,
3320,2026-05-25,SZ000963,-0.0016638386714869378,EXP_CatBoostModel_Alpha158_csi300_custom_step0_s_20260525_18,4308f537c3f44671828750eddfcd391e,0.064,,,
3321,2026-05-25,SZ000938,-0.0011636198018941414,EXP_CatBoostModel_Alpha158_csi300_custom_step0_s_20260525_18,4308f537c3f44671828750eddfcd391e,0.064,,,
3322,2026-05-25,SZ000895,0.0006337176834253092,EXP_CatBoostModel_Alpha158_csi300_custom_step0_s_20260525_18,4308f537c3f44671828750eddfcd391e,0.064,,,
3323,2026-05-25,SZ000876,-0.0011636198018941414,EXP_CatBoostModel_Alpha158_csi300_custom_step0_s_20260525_18,4308f537c3f44671828750eddfcd391e,0.064,,,
3324,2026-05-25,SZ000858,-0.0016638386714869378,EXP_CatBoostModel_Alpha158_csi300_custom_step0_s_20260525_18,4308f537c3f44671828750eddfcd391e,0.064,,,
3325,2026-05-25,SZ000807,0.0009543336006429412,EXP_CatBoostModel_Alpha158_csi300_custom_step0_s_20260525_18,4308f537c3f44671828750eddfcd391e,0.064,,,
3326,2026-05-25,SZ000792,-0.0011636198018941414,EXP_CatBoostModel_Alpha158_csi300_custom_step0_s_20260525_18,4308f537c3f44671828750eddfcd391e,0.064,,,
3327,2026-05-25,SZ000786,-0.0011636198018941414,EXP_CatBoostModel_Alpha158_csi300_custom_step0_s_20260525_18,4308f537c3f44671828750eddfcd391e,0.064,,,
3328,2026-05-25,SZ000776,-0.0016638386714869378,EXP_CatBoostModel_Alpha158_csi300_custom_step0_s_20260525_18,4308f537c3f44671828750eddfcd391e,0.064,,,
3329,2026-05-25,SZ000768,-0.0011636198018941414,EXP_CatBoostModel_Alpha158_csi300_custom_step0_s_20260525_18,4308f537c3f44671828750eddfcd391e,0.064,,,
3330,2026-05-25,SZ000725,0.0009543336006429412,EXP_CatBoostModel_Alpha158_csi300_custom_step0_s_20260525_18,4308f537c3f44671828750eddfcd391e,0.064,,,
3331,2026-05-25,SZ000708,-0.0011636198018941414,EXP_CatBoostModel_Alpha158_csi300_custom_step0_s_20260525_18,4308f537c3f44671828750eddfcd391e,0.064,,,
3332,2026-05-25,SZ000661,-0.0016638386714869378,EXP_CatBoostModel_Alpha158_csi300_custom_step0_s_20260525_18,4308f537c3f44671828750eddfcd391e,0.064,,,
3333,2026-05-25,SZ000651,0.0006337176834253092,EXP_CatBoostModel_Alpha158_csi300_custom_step0_s_20260525_18,4308f537c3f44671828750eddfcd391e,0.064,,,
3334,2026-05-25,SH688506,-0.0016638386714869378,EXP_CatBoostModel_Alpha158_csi300_custom_step0_s_20260525_18,4308f537c3f44671828750eddfcd391e,0.064,,,
3335,2026-05-25,SH688472,-0.0011636198018941414,EXP_CatBoostModel_Alpha158_csi300_custom_step0_s_20260525_18,4308f537c3f44671828750eddfcd391e,0.064,,,
3336,2026-05-25,SH688396,0.0009543336006429412,EXP_CatBoostModel_Alpha158_csi300_custom_step0_s_20260525_18,4308f537c3f44671828750eddfcd391e,0.064,,,
3337,2026-05-25,SH688303,-0.0011636198018941414,EXP_CatBoostModel_Alpha158_csi300_custom_step0_s_20260525_18,4308f537c3f44671828750eddfcd391e,0.064,,,
3338,2026-05-25,SH603799,-0.0016638386714869378,EXP_CatBoostModel_Alpha158_csi300_custom_step0_s_20260525_18,4308f537c3f44671828750eddfcd391e,0.064,,,
3339,2026-05-25,SH603501,0.0009543336006429412,EXP_CatBoostModel_Alpha158_csi300_custom_step0_s_20260525_18,4308f537c3f44671828750eddfcd391e,0.064,,,
3340,2026-05-25,SH603392,-0.0011636198018941414,EXP_CatBoostModel_Alpha158_csi300_custom_step0_s_20260525_18,4308f537c3f44671828750eddfcd391e,0.064,,,
3341,2026-05-25,SH603369,0.0006337176834253092,EXP_CatBoostModel_Alpha158_csi300_custom_step0_s_20260525_18,4308f537c3f44671828750eddfcd391e,0.064,,,
3342,2026-05-25,SH603296,-0.0011636198018941414,EXP_CatBoostModel_Alpha158_csi300_custom_step0_s_20260525_18,4308f537c3f44671828750eddfcd391e,0.064,,,
3343,2026-05-25,SH603288,-0.0016638386714869378,EXP_CatBoostModel_Alpha158_csi300_custom_step0_s_20260525_18,4308f537c3f44671828750eddfcd391e,0.064,,,
3344,2026-05-25,SH603260,-0.0011636198018941414,EXP_CatBoostModel_Alpha158_csi300_custom_step0_s_20260525_18,4308f537c3f44671828750eddfcd391e,0.064,,,
3345,2026-05-25,SH603259,-0.0011636198018941414,EXP_CatBoostModel_Alpha158_csi300_custom_step0_s_20260525_18,4308f537c3f44671828750eddfcd391e,0.064,,,
3346,2026-05-25,SH603195,0.0006337176834253092,EXP_CatBoostModel_Alpha158_csi300_custom_step0_s_20260525_18,4308f537c3f44671828750eddfcd391e,0.064,,,
3347,2026-05-25,SH603019,-0.0011636198018941414,EXP_CatBoostModel_Alpha158_csi300_custom_step0_s_20260525_18,4308f537c3f44671828750eddfcd391e,0.064,,,
3348,2026-05-25,SH601998,-0.0011636198018941414,EXP_CatBoostModel_Alpha158_csi300_custom_step0_s_20260525_18,4308f537c3f44671828750eddfcd391e,0.064,,,
3349,2026-05-25,SH601995,0.0006709650475411412,EXP_CatBoostModel_Alpha158_csi300_custom_step0_s_20260525_18,4308f537c3f44671828750eddfcd391e,0.064,,,
3350,2026-05-25,SH601988,0.0014570101925490807,EXP_CatBoostModel_Alpha158_csi300_custom_step0_s_20260525_18,4308f537c3f44671828750eddfcd391e,0.064,,,
3351,2026-05-25,SH601985,0.0006709650475411412,EXP_CatBoostModel_Alpha158_csi300_custom_step0_s_20260525_18,4308f537c3f44671828750eddfcd391e,0.064,,,
3352,2026-05-25,SH601939,-0.0011636198018941414,EXP_CatBoostModel_Alpha158_csi300_custom_step0_s_20260525_18,4308f537c3f44671828750eddfcd391e,0.064,,,
3353,2026-05-25,SH603893,-0.0011636198018941414,EXP_CatBoostModel_Alpha158_csi300_custom_step0_s_20260525_18,4308f537c3f44671828750eddfcd391e,0.064,,,
3354,2026-05-25,SZ000977,-0.0011636198018941414,EXP_CatBoostModel_Alpha158_csi300_custom_step0_s_20260525_18,4308f537c3f44671828750eddfcd391e,0.064,,,
3355,2026-05-25,SH603986,-0.027359424032664635,EXP_CatBoostModel_Alpha158_csi300_custom_step0_s_20260525_18,4308f537c3f44671828750eddfcd391e,0.064,,,
3356,2026-05-25,SH605117,-0.0011636198018941414,EXP_CatBoostModel_Alpha158_csi300_custom_step0_s_20260525_18,4308f537c3f44671828750eddfcd391e,0.064,,,
3357,2026-05-25,SH688271,-0.0011636198018941414,EXP_CatBoostModel_Alpha158_csi300_custom_step0_s_20260525_18,4308f537c3f44671828750eddfcd391e,0.064,,,
3358,2026-05-25,SH688256,0.00023700010785863526,EXP_CatBoostModel_Alpha158_csi300_custom_step0_s_20260525_18,4308f537c3f44671828750eddfcd391e,0.064,,,
3359,2026-05-25,SH688223,-0.0011636198018941414,EXP_CatBoostModel_Alpha158_csi300_custom_step0_s_20260525_18,4308f537c3f44671828750eddfcd391e,0.064,,,
3360,2026-05-25,SH688187,-0.0011636198018941414,EXP_CatBoostModel_Alpha158_csi300_custom_step0_s_20260525_18,4308f537c3f44671828750eddfcd391e,0.064,,,
3361,2026-05-25,SH688169,-0.0033088348706769395,EXP_CatBoostModel_Alpha158_csi300_custom_step0_s_20260525_18,4308f537c3f44671828750eddfcd391e,0.064,,,
3362,2026-05-25,SH688126,0.0033840815986554487,EXP_CatBoostModel_Alpha158_csi300_custom_step0_s_20260525_18,4308f537c3f44671828750eddfcd391e,0.064,,,
3363,2026-05-25,SH688111,-0.0011636198018941414,EXP_CatBoostModel_Alpha158_csi300_custom_step0_s_20260525_18,4308f537c3f44671828750eddfcd391e,0.064,,,
3364,2026-05-25,SH688082,0.0009543336006429412,EXP_CatBoostModel_Alpha158_csi300_custom_step0_s_20260525_18,4308f537c3f44671828750eddfcd391e,0.064,,,
3365,2026-05-25,SH688047,-0.0011636198018941414,EXP_CatBoostModel_Alpha158_csi300_custom_step0_s_20260525_18,4308f537c3f44671828750eddfcd391e,0.064,,,
3366,2026-05-25,SH688041,0.0033840815986554487,EXP_CatBoostModel_Alpha158_csi300_custom_step0_s_20260525_18,4308f537c3f44671828750eddfcd391e,0.064,,,
3367,2026-05-25,SH688036,-0.0011636198018941414,EXP_CatBoostModel_Alpha158_csi300_custom_step0_s_20260525_18,4308f537c3f44671828750eddfcd391e,0.064,,,
3368,2026-05-25,SH688012,0.0033840815986554487,EXP_CatBoostModel_Alpha158_csi300_custom_step0_s_20260525_18,4308f537c3f44671828750eddfcd391e,0.064,,,
3369,2026-05-25,SH688009,-0.0016638386714869378,EXP_CatBoostModel_Alpha158_csi300_custom_step0_s_20260525_18,4308f537c3f44671828750eddfcd391e,0.064,,,
3370,2026-05-25,SH688008,0.00023700010785863526,EXP_CatBoostModel_Alpha158_csi300_custom_step0_s_20260525_18,4308f537c3f44671828750eddfcd391e,0.064,,,
3371,2026-05-25,SH605499,0.0006337176834253092,EXP_CatBoostModel_Alpha158_csi300_custom_step0_s_20260525_18,4308f537c3f44671828750eddfcd391e,0.064,,,
3372,2026-05-25,SH603993,-0.0033088348706769395,EXP_CatBoostModel_Alpha158_csi300_custom_step0_s_20260525_18,4308f537c3f44671828750eddfcd391e,0.064,,,
3373,2026-05-25,SH601919,-0.0011636198018941414,EXP_CatBoostModel_Alpha158_csi300_custom_step0_s_20260525_18,4308f537c3f44671828750eddfcd391e,0.064,,,
3374,2026-05-25,SZ000983,-0.0016638386714869378,EXP_CatBoostModel_Alpha158_csi300_custom_step0_s_20260525_18,4308f537c3f44671828750eddfcd391e,0.064,,,
3375,2026-05-25,SZ001391,0.00011844934206180781,EXP_CatBoostModel_Alpha158_csi300_custom_step0_s_20260525_18,4308f537c3f44671828750eddfcd391e,0.064,,,
3376,2026-05-25,SZ300408,-0.02649866020248996,EXP_CatBoostModel_Alpha158_csi300_custom_step0_s_20260525_18,4308f537c3f44671828750eddfcd391e,0.064,,,
3377,2026-05-25,SZ300394,0.0009543336006429412,EXP_CatBoostModel_Alpha158_csi300_custom_step0_s_20260525_18,4308f537c3f44671828750eddfcd391e,0.064,,,
3378,2026-05-25,SZ300347,0.0033840815986554487,EXP_CatBoostModel_Alpha158_csi300_custom_step0_s_20260525_18,4308f537c3f44671828750eddfcd391e,0.064,,,
3379,2026-05-25,SZ300316,-0.0011636198018941414,EXP_CatBoostModel_Alpha158_csi300_custom_step0_s_20260525_18,4308f537c3f44671828750eddfcd391e,0.064,,,
3380,2026-05-25,SZ300308,0.0009543336006429412,EXP_CatBoostModel_Alpha158_csi300_custom_step0_s_20260525_18,4308f537c3f44671828750eddfcd391e,0.064,,,
3381,2026-05-25,SZ300274,-0.0011636198018941414,EXP_CatBoostModel_Alpha158_csi300_custom_step0_s_20260525_18,4308f537c3f44671828750eddfcd391e,0.064,,,
3382,2026-05-25,SZ300413,-0.0016638386714869378,EXP_CatBoostModel_Alpha158_csi300_custom_step0_s_20260525_18,4308f537c3f44671828750eddfcd391e,0.064,,,
3383,2026-05-25,SZ300251,-0.0016638386714869378,EXP_CatBoostModel_Alpha158_csi300_custom_step0_s_20260525_18,4308f537c3f44671828750eddfcd391e,0.064,,,
3384,2026-05-25,SZ300122,-0.0016638386714869378,EXP_CatBoostModel_Alpha158_csi300_custom_step0_s_20260525_18,4308f537c3f44671828750eddfcd391e,0.064,,,
3385,2026-05-25,SZ300059,-0.0011636198018941414,EXP_CatBoostModel_Alpha158_csi300_custom_step0_s_20260525_18,4308f537c3f44671828750eddfcd391e,0.064,,,
3386,2026-05-25,SZ300033,-0.0011636198018941414,EXP_CatBoostModel_Alpha158_csi300_custom_step0_s_20260525_18,4308f537c3f44671828750eddfcd391e,0.064,,,
3387,2026-05-25,SZ300015,-0.0016638386714869378,EXP_CatBoostModel_Alpha158_csi300_custom_step0_s_20260525_18,4308f537c3f44671828750eddfcd391e,0.064,,,
3388,2026-05-25,SZ300014,-0.0011636198018941414,EXP_CatBoostModel_Alpha158_csi300_custom_step0_s_20260525_18,4308f537c3f44671828750eddfcd391e,0.064,,,
3389,2026-05-25,SZ003816,-0.0011636198018941414,EXP_CatBoostModel_Alpha158_csi300_custom_step0_s_20260525_18,4308f537c3f44671828750eddfcd391e,0.064,,,
3390,2026-05-25,SZ300124,0.0006337176834253092,EXP_CatBoostModel_Alpha158_csi300_custom_step0_s_20260525_18,4308f537c3f44671828750eddfcd391e,0.064,,,
3391,2026-05-25,SZ300418,-0.0011636198018941414,EXP_CatBoostModel_Alpha158_csi300_custom_step0_s_20260525_18,4308f537c3f44671828750eddfcd391e,0.064,,,
3392,2026-05-25,SZ300433,0.017230825466822707,EXP_CatBoostModel_Alpha158_csi300_custom_step0_s_20260525_18,4308f537c3f44671828750eddfcd391e,0.064,,,
3393,2026-05-25,SZ300442,-0.0016638386714869378,EXP_CatBoostModel_Alpha158_csi300_custom_step0_s_20260525_18,4308f537c3f44671828750eddfcd391e,0.064,,,
3394,2026-05-25,SZ300999,-0.0016638386714869378,EXP_CatBoostModel_Alpha158_csi300_custom_step0_s_20260525_18,4308f537c3f44671828750eddfcd391e,0.064,,,
3395,2026-05-25,SZ300979,-0.0016638386714869378,EXP_CatBoostModel_Alpha158_csi300_custom_step0_s_20260525_18,4308f537c3f44671828750eddfcd391e,0.064,,,
3396,2026-05-25,SZ300896,-0.0016638386714869378,EXP_CatBoostModel_Alpha158_csi300_custom_step0_s_20260525_18,4308f537c3f44671828750eddfcd391e,0.064,,,
3397,2026-05-25,SZ300866,-0.0011636198018941414,EXP_CatBoostModel_Alpha158_csi300_custom_step0_s_20260525_18,4308f537c3f44671828750eddfcd391e,0.064,,,
3398,2026-05-25,SZ300832,0.0009543336006429412,EXP_CatBoostModel_Alpha158_csi300_custom_step0_s_20260525_18,4308f537c3f44671828750eddfcd391e,0.064,,,
3399,2026-05-25,SZ300803,-0.0011636198018941414,EXP_CatBoostModel_Alpha158_csi300_custom_step0_s_20260525_18,4308f537c3f44671828750eddfcd391e,0.064,,,
3400,2026-05-25,SZ300782,-0.0011636198018941414,EXP_CatBoostModel_Alpha158_csi300_custom_step0_s_20260525_18,4308f537c3f44671828750eddfcd391e,0.064,,,
3401,2026-05-25,SZ300760,-0.0011636198018941414,EXP_CatBoostModel_Alpha158_csi300_custom_step0_s_20260525_18,4308f537c3f44671828750eddfcd391e,0.064,,,
3402,2026-05-25,SZ300759,-0.0011636198018941414,EXP_CatBoostModel_Alpha158_csi300_custom_step0_s_20260525_18,4308f537c3f44671828750eddfcd391e,0.064,,,
3403,2026-05-25,SZ300750,0.0009543336006429412,EXP_CatBoostModel_Alpha158_csi300_custom_step0_s_20260525_18,4308f537c3f44671828750eddfcd391e,0.064,,,
3404,2026-05-25,SZ300661,0.017230825466822707,EXP_CatBoostModel_Alpha158_csi300_custom_step0_s_20260525_18,4308f537c3f44671828750eddfcd391e,0.064,,,
3405,2026-05-25,SZ300628,-0.0011636198018941414,EXP_CatBoostModel_Alpha158_csi300_custom_step0_s_20260525_18,4308f537c3f44671828750eddfcd391e,0.064,,,
3406,2026-05-25,SZ300502,0.0009543336006429412,EXP_CatBoostModel_Alpha158_csi300_custom_step0_s_20260525_18,4308f537c3f44671828750eddfcd391e,0.064,,,
3407,2026-05-25,SZ300498,-0.0011636198018941414,EXP_CatBoostModel_Alpha158_csi300_custom_step0_s_20260525_18,4308f537c3f44671828750eddfcd391e,0.064,,,
3408,2026-05-25,SZ300476,0.0009543336006429412,EXP_CatBoostModel_Alpha158_csi300_custom_step0_s_20260525_18,4308f537c3f44671828750eddfcd391e,0.064,,,
3409,2026-05-25,SZ002938,0.00023700010785863526,EXP_CatBoostModel_Alpha158_csi300_custom_step0_s_20260525_18,4308f537c3f44671828750eddfcd391e,0.064,,,
3410,2026-05-25,SZ002920,0.0009543336006429412,EXP_CatBoostModel_Alpha158_csi300_custom_step0_s_20260525_18,4308f537c3f44671828750eddfcd391e,0.064,,,
3411,2026-05-25,SZ002916,0.0009543336006429412,EXP_CatBoostModel_Alpha158_csi300_custom_step0_s_20260525_18,4308f537c3f44671828750eddfcd391e,0.064,,,
3412,2026-05-25,SZ002736,-0.0016638386714869378,EXP_CatBoostModel_Alpha158_csi300_custom_step0_s_20260525_18,4308f537c3f44671828750eddfcd391e,0.064,,,
3413,2026-05-25,SZ002304,-0.0016638386714869378,EXP_CatBoostModel_Alpha158_csi300_custom_step0_s_20260525_18,4308f537c3f44671828750eddfcd391e,0.064,,,
3414,2026-05-25,SZ002252,-0.0016638386714869378,EXP_CatBoostModel_Alpha158_csi300_custom_step0_s_20260525_18,4308f537c3f44671828750eddfcd391e,0.064,,,
3415,2026-05-25,SZ002241,0.0006337176834253092,EXP_CatBoostModel_Alpha158_csi300_custom_step0_s_20260525_18,4308f537c3f44671828750eddfcd391e,0.064,,,
3416,2026-05-25,SZ002236,0.0006337176834253092,EXP_CatBoostModel_Alpha158_csi300_custom_step0_s_20260525_18,4308f537c3f44671828750eddfcd391e,0.064,,,
3417,2026-05-25,SZ002230,0.002977064758724916,EXP_CatBoostModel_Alpha158_csi300_custom_step0_s_20260525_18,4308f537c3f44671828750eddfcd391e,0.064,,,
3418,2026-05-25,SZ002179,-0.0011636198018941414,EXP_CatBoostModel_Alpha158_csi300_custom_step0_s_20260525_18,4308f537c3f44671828750eddfcd391e,0.064,,,
3419,2026-05-25,SZ002142,0.0006337176834253092,EXP_CatBoostModel_Alpha158_csi300_custom_step0_s_20260525_18,4308f537c3f44671828750eddfcd391e,0.064,,,
3420,2026-05-25,SZ002074,-0.0011636198018941414,EXP_CatBoostModel_Alpha158_csi300_custom_step0_s_20260525_18,4308f537c3f44671828750eddfcd391e,0.064,,,
3421,2026-05-25,SZ002050,-0.0011636198018941414,EXP_CatBoostModel_Alpha158_csi300_custom_step0_s_20260525_18,4308f537c3f44671828750eddfcd391e,0.064,,,
3422,2026-05-25,SZ002049,0.0009543336006429412,EXP_CatBoostModel_Alpha158_csi300_custom_step0_s_20260525_18,4308f537c3f44671828750eddfcd391e,0.064,,,
3423,2026-05-25,SZ002028,-0.0011636198018941414,EXP_CatBoostModel_Alpha158_csi300_custom_step0_s_20260525_18,4308f537c3f44671828750eddfcd391e,0.064,,,
3424,2026-05-25,SZ002027,-0.0016638386714869378,EXP_CatBoostModel_Alpha158_csi300_custom_step0_s_20260525_18,4308f537c3f44671828750eddfcd391e,0.064,,,
3425,2026-05-25,SZ002001,-0.0011636198018941414,EXP_CatBoostModel_Alpha158_csi300_custom_step0_s_20260525_18,4308f537c3f44671828750eddfcd391e,0.064,,,
3426,2026-05-25,SZ001979,-0.0016638386714869378,EXP_CatBoostModel_Alpha158_csi300_custom_step0_s_20260525_18,4308f537c3f44671828750eddfcd391e,0.064,,,
3427,2026-05-25,SZ001965,0.0006337176834253092,EXP_CatBoostModel_Alpha158_csi300_custom_step0_s_20260525_18,4308f537c3f44671828750eddfcd391e,0.064,,,
3428,2026-05-25,SZ002311,-0.0016638386714869378,EXP_CatBoostModel_Alpha158_csi300_custom_step0_s_20260525_18,4308f537c3f44671828750eddfcd391e,0.064,,,
3429,2026-05-25,SZ000999,0.0006337176834253092,EXP_CatBoostModel_Alpha158_csi300_custom_step0_s_20260525_18,4308f537c3f44671828750eddfcd391e,0.064,,,
3430,2026-05-25,SZ002352,0.0006709650475411412,EXP_CatBoostModel_Alpha158_csi300_custom_step0_s_20260525_18,4308f537c3f44671828750eddfcd391e,0.064,,,
3431,2026-05-25,SZ002384,0.017230825466822707,EXP_CatBoostModel_Alpha158_csi300_custom_step0_s_20260525_18,4308f537c3f44671828750eddfcd391e,0.064,,,
3432,2026-05-25,SZ002714,-0.0011636198018941414,EXP_CatBoostModel_Alpha158_csi300_custom_step0_s_20260525_18,4308f537c3f44671828750eddfcd391e,0.064,,,
3433,2026-05-25,SZ002709,0.0009543336006429412,EXP_CatBoostModel_Alpha158_csi300_custom_step0_s_20260525_18,4308f537c3f44671828750eddfcd391e,0.064,,,
3434,2026-05-25,SZ002648,-0.0011636198018941414,EXP_CatBoostModel_Alpha158_csi300_custom_step0_s_20260525_18,4308f537c3f44671828750eddfcd391e,0.064,,,
3435,2026-05-25,SZ002625,0.0009543336006429412,EXP_CatBoostModel_Alpha158_csi300_custom_step0_s_20260525_18,4308f537c3f44671828750eddfcd391e,0.064,,,
3436,2026-05-25,SZ002601,-0.0011636198018941414,EXP_CatBoostModel_Alpha158_csi300_custom_step0_s_20260525_18,4308f537c3f44671828750eddfcd391e,0.064,,,
3437,2026-05-25,SZ002600,-0.0011636198018941414,EXP_CatBoostModel_Alpha158_csi300_custom_step0_s_20260525_18,4308f537c3f44671828750eddfcd391e,0.064,,,
3438,2026-05-25,SZ002594,-0.0016638386714869378,EXP_CatBoostModel_Alpha158_csi300_custom_step0_s_20260525_18,4308f537c3f44671828750eddfcd391e,0.064,,,
3439,2026-05-25,SZ002493,-0.0016638386714869378,EXP_CatBoostModel_Alpha158_csi300_custom_step0_s_20260525_18,4308f537c3f44671828750eddfcd391e,0.064,,,
3440,2026-05-25,SZ002475,-0.0011636198018941414,EXP_CatBoostModel_Alpha158_csi300_custom_step0_s_20260525_18,4308f537c3f44671828750eddfcd391e,0.064,,,
3441,2026-05-25,SZ002466,-0.0011636198018941414,EXP_CatBoostModel_Alpha158_csi300_custom_step0_s_20260525_18,4308f537c3f44671828750eddfcd391e,0.064,,,
3442,2026-05-25,SZ002463,0.0009543336006429412,EXP_CatBoostModel_Alpha158_csi300_custom_step0_s_20260525_18,4308f537c3f44671828750eddfcd391e,0.064,,,
3443,2026-05-25,SZ002460,-0.0011636198018941414,EXP_CatBoostModel_Alpha158_csi300_custom_step0_s_20260525_18,4308f537c3f44671828750eddfcd391e,0.064,,,
3444,2026-05-25,SZ002459,-0.0011636198018941414,EXP_CatBoostModel_Alpha158_csi300_custom_step0_s_20260525_18,4308f537c3f44671828750eddfcd391e,0.064,,,
3445,2026-05-25,SZ002422,-0.0011636198018941414,EXP_CatBoostModel_Alpha158_csi300_custom_step0_s_20260525_18,4308f537c3f44671828750eddfcd391e,0.064,,,
3446,2026-05-25,SZ002415,-0.0011636198018941414,EXP_CatBoostModel_Alpha158_csi300_custom_step0_s_20260525_18,4308f537c3f44671828750eddfcd391e,0.064,,,
3447,2026-05-25,SZ002371,0.0009543336006429412,EXP_CatBoostModel_Alpha158_csi300_custom_step0_s_20260525_18,4308f537c3f44671828750eddfcd391e,0.064,,,
3448,2026-05-25,SZ302132,-0.0008630221192819945,EXP_CatBoostModel_Alpha158_csi300_custom_step0_s_20260525_18,02089fda4cde4e838352bcd8869c0bbe,0.058,,,
3449,2026-05-25,SH601916,0.00011844934206180781,EXP_CatBoostModel_Alpha158_csi300_custom_step0_s_20260525_18,4308f537c3f44671828750eddfcd391e,0.064,,,
3450,2026-05-25,SH601899,-0.0011636198018941414,EXP_CatBoostModel_Alpha158_csi300_custom_step0_s_20260525_18,4308f537c3f44671828750eddfcd391e,0.064,,,
3451,2026-05-25,SH600522,0.0033840815986554487,EXP_CatBoostModel_Alpha158_csi300_custom_step0_s_20260525_18,4308f537c3f44671828750eddfcd391e,0.064,,,
3452,2026-05-25,SH600519,0.0006337176834253092,EXP_CatBoostModel_Alpha158_csi300_custom_step0_s_20260525_18,4308f537c3f44671828750eddfcd391e,0.064,,,
3453,2026-05-25,SH600515,-0.0016638386714869378,EXP_CatBoostModel_Alpha158_csi300_custom_step0_s_20260525_18,4308f537c3f44671828750eddfcd391e,0.064,,,
3454,2026-05-25,SH600489,-0.0016638386714869378,EXP_CatBoostModel_Alpha158_csi300_custom_step0_s_20260525_18,4308f537c3f44671828750eddfcd391e,0.064,,,
3455,2026-05-25,SH600482,-0.0011636198018941414,EXP_CatBoostModel_Alpha158_csi300_custom_step0_s_20260525_18,4308f537c3f44671828750eddfcd391e,0.064,,,
3456,2026-05-25,SH600460,0.0009543336006429412,EXP_CatBoostModel_Alpha158_csi300_custom_step0_s_20260525_18,4308f537c3f44671828750eddfcd391e,0.064,,,
3457,2026-05-25,SH600547,-0.0016638386714869378,EXP_CatBoostModel_Alpha158_csi300_custom_step0_s_20260525_18,4308f537c3f44671828750eddfcd391e,0.064,,,
3458,2026-05-25,SH600438,-0.0016638386714869378,EXP_CatBoostModel_Alpha158_csi300_custom_step0_s_20260525_18,4308f537c3f44671828750eddfcd391e,0.064,,,
3459,2026-05-25,SH600426,0.0009543336006429412,EXP_CatBoostModel_Alpha158_csi300_custom_step0_s_20260525_18,4308f537c3f44671828750eddfcd391e,0.064,,,
3460,2026-05-25,SH600415,-0.0033088348706769395,EXP_CatBoostModel_Alpha158_csi300_custom_step0_s_20260525_18,4308f537c3f44671828750eddfcd391e,0.064,,,
3461,2026-05-25,SH600406,0.0016968446566231008,EXP_CatBoostModel_Alpha158_csi300_custom_step0_s_20260525_18,4308f537c3f44671828750eddfcd391e,0.064,,,
3462,2026-05-25,SH600377,0.0006337176834253092,EXP_CatBoostModel_Alpha158_csi300_custom_step0_s_20260525_18,4308f537c3f44671828750eddfcd391e,0.064,,,
3463,2026-05-25,SH600372,-0.0011636198018941414,EXP_CatBoostModel_Alpha158_csi300_custom_step0_s_20260525_18,4308f537c3f44671828750eddfcd391e,0.064,,,
3464,2026-05-25,SH600362,-0.0016638386714869378,EXP_CatBoostModel_Alpha158_csi300_custom_step0_s_20260525_18,4308f537c3f44671828750eddfcd391e,0.064,,,
3465,2026-05-25,SH600436,-0.0016638386714869378,EXP_CatBoostModel_Alpha158_csi300_custom_step0_s_20260525_18,4308f537c3f44671828750eddfcd391e,0.064,,,
3466,2026-05-25,SH600570,0.0016968446566231008,EXP_CatBoostModel_Alpha158_csi300_custom_step0_s_20260525_18,4308f537c3f44671828750eddfcd391e,0.064,,,
3467,2026-05-25,SH600584,-0.02649866020248996,EXP_CatBoostModel_Alpha158_csi300_custom_step0_s_20260525_18,4308f537c3f44671828750eddfcd391e,0.064,,,
3468,2026-05-25,SH600585,-0.0016638386714869378,EXP_CatBoostModel_Alpha158_csi300_custom_step0_s_20260525_18,4308f537c3f44671828750eddfcd391e,0.064,,,
3469,2026-05-25,SH600893,-0.0016638386714869378,EXP_CatBoostModel_Alpha158_csi300_custom_step0_s_20260525_18,4308f537c3f44671828750eddfcd391e,0.064,,,
3470,2026-05-25,SH600887,-0.0011636198018941414,EXP_CatBoostModel_Alpha158_csi300_custom_step0_s_20260525_18,4308f537c3f44671828750eddfcd391e,0.064,,,
3471,2026-05-25,SH600886,0.002977064758724916,EXP_CatBoostModel_Alpha158_csi300_custom_step0_s_20260525_18,4308f537c3f44671828750eddfcd391e,0.064,,,
3472,2026-05-25,SH600875,-0.0011636198018941414,EXP_CatBoostModel_Alpha158_csi300_custom_step0_s_20260525_18,4308f537c3f44671828750eddfcd391e,0.064,,,
3473,2026-05-25,SH600845,0.0009543336006429412,EXP_CatBoostModel_Alpha158_csi300_custom_step0_s_20260525_18,4308f537c3f44671828750eddfcd391e,0.064,,,
3474,2026-05-25,SH600809,-0.0016638386714869378,EXP_CatBoostModel_Alpha158_csi300_custom_step0_s_20260525_18,4308f537c3f44671828750eddfcd391e,0.064,,,
3475,2026-05-25,SH600803,-0.0011636198018941414,EXP_CatBoostModel_Alpha158_csi300_custom_step0_s_20260525_18,4308f537c3f44671828750eddfcd391e,0.064,,,
3476,2026-05-25,SH600795,0.002977064758724916,EXP_CatBoostModel_Alpha158_csi300_custom_step0_s_20260525_18,4308f537c3f44671828750eddfcd391e,0.064,,,
3477,2026-05-25,SH600760,-0.0016638386714869378,EXP_CatBoostModel_Alpha158_csi300_custom_step0_s_20260525_18,4308f537c3f44671828750eddfcd391e,0.064,,,
3478,2026-05-25,SH600741,-0.0016638386714869378,EXP_CatBoostModel_Alpha158_csi300_custom_step0_s_20260525_18,4308f537c3f44671828750eddfcd391e,0.064,,,
3479,2026-05-25,SH600690,0.0016968446566231008,EXP_CatBoostModel_Alpha158_csi300_custom_step0_s_20260525_18,4308f537c3f44671828750eddfcd391e,0.064,,,
3480,2026-05-25,SH600674,0.0006709650475411412,EXP_CatBoostModel_Alpha158_csi300_custom_step0_s_20260525_18,4308f537c3f44671828750eddfcd391e,0.064,,,
3481,2026-05-25,SH600660,-0.0011636198018941414,EXP_CatBoostModel_Alpha158_csi300_custom_step0_s_20260525_18,4308f537c3f44671828750eddfcd391e,0.064,,,
3482,2026-05-25,SH600600,0.0016968446566231008,EXP_CatBoostModel_Alpha158_csi300_custom_step0_s_20260525_18,4308f537c3f44671828750eddfcd391e,0.064,,,
3483,2026-05-25,SH600588,-0.0011636198018941414,EXP_CatBoostModel_Alpha158_csi300_custom_step0_s_20260525_18,4308f537c3f44671828750eddfcd391e,0.064,,,
3484,2026-05-25,SH600346,-0.0011636198018941414,EXP_CatBoostModel_Alpha158_csi300_custom_step0_s_20260525_18,4308f537c3f44671828750eddfcd391e,0.064,,,
3485,2026-05-25,SH600309,-0.0011636198018941414,EXP_CatBoostModel_Alpha158_csi300_custom_step0_s_20260525_18,4308f537c3f44671828750eddfcd391e,0.064,,,
3486,2026-05-25,SH600276,-0.0016638386714869378,EXP_CatBoostModel_Alpha158_csi300_custom_step0_s_20260525_18,4308f537c3f44671828750eddfcd391e,0.064,,,
3487,2026-05-25,SH600233,-0.0011636198018941414,EXP_CatBoostModel_Alpha158_csi300_custom_step0_s_20260525_18,4308f537c3f44671828750eddfcd391e,0.064,,,
3488,2026-05-25,SH600031,-0.0016638386714869378,EXP_CatBoostModel_Alpha158_csi300_custom_step0_s_20260525_18,4308f537c3f44671828750eddfcd391e,0.064,,,
3489,2026-05-25,SH600030,0.0006337176834253092,EXP_CatBoostModel_Alpha158_csi300_custom_step0_s_20260525_18,4308f537c3f44671828750eddfcd391e,0.064,,,
3490,2026-05-25,SH600029,-0.0033088348706769395,EXP_CatBoostModel_Alpha158_csi300_custom_step0_s_20260525_18,4308f537c3f44671828750eddfcd391e,0.064,,,
3491,2026-05-25,SH600028,-0.0016638386714869378,EXP_CatBoostModel_Alpha158_csi300_custom_step0_s_20260525_18,4308f537c3f44671828750eddfcd391e,0.064,,,
3492,2026-05-25,SH600027,-0.0011636198018941414,EXP_CatBoostModel_Alpha158_csi300_custom_step0_s_20260525_18,4308f537c3f44671828750eddfcd391e,0.064,,,
3493,2026-05-25,SH600026,-0.0011636198018941414,EXP_CatBoostModel_Alpha158_csi300_custom_step0_s_20260525_18,4308f537c3f44671828750eddfcd391e,0.064,,,
3494,2026-05-25,SH600025,-0.000569741610109757,EXP_CatBoostModel_Alpha158_csi300_custom_step0_s_20260525_18,4308f537c3f44671828750eddfcd391e,0.064,,,
3495,2026-05-25,SH600023,-0.0011636198018941414,EXP_CatBoostModel_Alpha158_csi300_custom_step0_s_20260525_18,4308f537c3f44671828750eddfcd391e,0.064,,,
3496,2026-05-25,SH600019,-0.0011636198018941414,EXP_CatBoostModel_Alpha158_csi300_custom_step0_s_20260525_18,4308f537c3f44671828750eddfcd391e,0.064,,,
3497,2026-05-25,SH600018,0.0006709650475411412,EXP_CatBoostModel_Alpha158_csi300_custom_step0_s_20260525_18,4308f537c3f44671828750eddfcd391e,0.064,,,
3498,2026-05-25,SH600016,0.0009780621094699828,EXP_CatBoostModel_Alpha158_csi300_custom_step0_s_20260525_18,4308f537c3f44671828750eddfcd391e,0.064,,,
3499,2026-05-25,SH600015,0.0006337176834253092,EXP_CatBoostModel_Alpha158_csi300_custom_step0_s_20260525_18,4308f537c3f44671828750eddfcd391e,0.064,,,
3500,2026-05-25,SH600011,-0.0011636198018941414,EXP_CatBoostModel_Alpha158_csi300_custom_step0_s_20260525_18,4308f537c3f44671828750eddfcd391e,0.064,,,
3501,2026-05-25,SH600010,-0.0016638386714869378,EXP_CatBoostModel_Alpha158_csi300_custom_step0_s_20260525_18,4308f537c3f44671828750eddfcd391e,0.064,,,
3502,2026-05-25,SH600009,-0.0016638386714869378,EXP_CatBoostModel_Alpha158_csi300_custom_step0_s_20260525_18,4308f537c3f44671828750eddfcd391e,0.064,,,
3503,2026-05-25,SH600036,0.0006337176834253092,EXP_CatBoostModel_Alpha158_csi300_custom_step0_s_20260525_18,4308f537c3f44671828750eddfcd391e,0.064,,,
3504,2026-05-25,SH600900,0.0006709650475411412,EXP_CatBoostModel_Alpha158_csi300_custom_step0_s_20260525_18,4308f537c3f44671828750eddfcd391e,0.064,,,
3505,2026-05-25,SH600039,-0.0019114251742704423,EXP_CatBoostModel_Alpha158_csi300_custom_step0_s_20260525_18,4308f537c3f44671828750eddfcd391e,0.064,,,
3506,2026-05-25,SH600050,-0.0011636198018941414,EXP_CatBoostModel_Alpha158_csi300_custom_step0_s_20260525_18,4308f537c3f44671828750eddfcd391e,0.064,,,
3507,2026-05-25,SH600219,-0.0016638386714869378,EXP_CatBoostModel_Alpha158_csi300_custom_step0_s_20260525_18,4308f537c3f44671828750eddfcd391e,0.064,,,
3508,2026-05-25,SH600196,-0.0016638386714869378,EXP_CatBoostModel_Alpha158_csi300_custom_step0_s_20260525_18,4308f537c3f44671828750eddfcd391e,0.064,,,
3509,2026-05-25,SH600188,-0.0011636198018941414,EXP_CatBoostModel_Alpha158_csi300_custom_step0_s_20260525_18,4308f537c3f44671828750eddfcd391e,0.064,,,
3510,2026-05-25,SH600183,0.00023700010785863526,EXP_CatBoostModel_Alpha158_csi300_custom_step0_s_20260525_18,4308f537c3f44671828750eddfcd391e,0.064,,,
3511,2026-05-25,SH600176,0.0009543336006429412,EXP_CatBoostModel_Alpha158_csi300_custom_step0_s_20260525_18,4308f537c3f44671828750eddfcd391e,0.064,,,
3512,2026-05-25,SH600161,-0.0016638386714869378,EXP_CatBoostModel_Alpha158_csi300_custom_step0_s_20260525_18,4308f537c3f44671828750eddfcd391e,0.064,,,
3513,2026-05-25,SH600160,-0.0011636198018941414,EXP_CatBoostModel_Alpha158_csi300_custom_step0_s_20260525_18,4308f537c3f44671828750eddfcd391e,0.064,,,
3514,2026-05-25,SH600150,-0.0011636198018941414,EXP_CatBoostModel_Alpha158_csi300_custom_step0_s_20260525_18,4308f537c3f44671828750eddfcd391e,0.064,,,
3515,2026-05-25,SH600115,-0.0033088348706769395,EXP_CatBoostModel_Alpha158_csi300_custom_step0_s_20260525_18,4308f537c3f44671828750eddfcd391e,0.064,,,
3516,2026-05-25,SH600111,-0.0011636198018941414,EXP_CatBoostModel_Alpha158_csi300_custom_step0_s_20260525_18,4308f537c3f44671828750eddfcd391e,0.064,,,
3517,2026-05-25,SH600104,-0.0016638386714869378,EXP_CatBoostModel_Alpha158_csi300_custom_step0_s_20260525_18,4308f537c3f44671828750eddfcd391e,0.064,,,
3518,2026-05-25,SH600089,-0.0011636198018941414,EXP_CatBoostModel_Alpha158_csi300_custom_step0_s_20260525_18,4308f537c3f44671828750eddfcd391e,0.064,,,
3519,2026-05-25,SH600085,-0.0016638386714869378,EXP_CatBoostModel_Alpha158_csi300_custom_step0_s_20260525_18,4308f537c3f44671828750eddfcd391e,0.064,,,
3520,2026-05-25,SH600066,-0.0011636198018941414,EXP_CatBoostModel_Alpha158_csi300_custom_step0_s_20260525_18,4308f537c3f44671828750eddfcd391e,0.064,,,
3521,2026-05-25,SH600061,-0.0016638386714869378,EXP_CatBoostModel_Alpha158_csi300_custom_step0_s_20260525_18,4308f537c3f44671828750eddfcd391e,0.064,,,
3522,2026-05-25,SH600048,-0.0016638386714869378,EXP_CatBoostModel_Alpha158_csi300_custom_step0_s_20260525_18,4308f537c3f44671828750eddfcd391e,0.064,,,
3523,2026-05-25,SH601901,0.002977064758724916,EXP_CatBoostModel_Alpha158_csi300_custom_step0_s_20260525_18,4308f537c3f44671828750eddfcd391e,0.064,,,
3524,2026-05-25,SH600905,0.00011844934206180781,EXP_CatBoostModel_Alpha158_csi300_custom_step0_s_20260525_18,4308f537c3f44671828750eddfcd391e,0.064,,,
3525,2026-05-25,SH600919,0.0006709650475411412,EXP_CatBoostModel_Alpha158_csi300_custom_step0_s_20260525_18,4308f537c3f44671828750eddfcd391e,0.064,,,
3526,2026-05-25,SH601688,0.0016968446566231008,EXP_CatBoostModel_Alpha158_csi300_custom_step0_s_20260525_18,4308f537c3f44671828750eddfcd391e,0.064,,,
3527,2026-05-25,SH601669,-0.0011636198018941414,EXP_CatBoostModel_Alpha158_csi300_custom_step0_s_20260525_18,4308f537c3f44671828750eddfcd391e,0.064,,,
3528,2026-05-25,SH601668,0.0016968446566231008,EXP_CatBoostModel_Alpha158_csi300_custom_step0_s_20260525_18,4308f537c3f44671828750eddfcd391e,0.064,,,
3529,2026-05-25,SH601658,0.002977064758724916,EXP_CatBoostModel_Alpha158_csi300_custom_step0_s_20260525_18,4308f537c3f44671828750eddfcd391e,0.064,,,
3530,2026-05-25,SH601633,-0.0016638386714869378,EXP_CatBoostModel_Alpha158_csi300_custom_step0_s_20260525_18,4308f537c3f44671828750eddfcd391e,0.064,,,
3531,2026-05-25,SH601628,-0.0016638386714869378,EXP_CatBoostModel_Alpha158_csi300_custom_step0_s_20260525_18,4308f537c3f44671828750eddfcd391e,0.064,,,
3532,2026-05-25,SH601689,-0.0033088348706769395,EXP_CatBoostModel_Alpha158_csi300_custom_step0_s_20260525_18,4308f537c3f44671828750eddfcd391e,0.064,,,
3533,2026-05-25,SH601618,0.0006709650475411412,EXP_CatBoostModel_Alpha158_csi300_custom_step0_s_20260525_18,4308f537c3f44671828750eddfcd391e,0.064,,,
3534,2026-05-25,SH601601,-0.0016638386714869378,EXP_CatBoostModel_Alpha158_csi300_custom_step0_s_20260525_18,4308f537c3f44671828750eddfcd391e,0.064,,,
3535,2026-05-25,SH601600,-0.0011636198018941414,EXP_CatBoostModel_Alpha158_csi300_custom_step0_s_20260525_18,4308f537c3f44671828750eddfcd391e,0.064,,,
3536,2026-05-25,SH601456,0.0016968446566231008,EXP_CatBoostModel_Alpha158_csi300_custom_step0_s_20260525_18,4308f537c3f44671828750eddfcd391e,0.064,,,
3537,2026-05-25,SH601398,0.0016968446566231008,EXP_CatBoostModel_Alpha158_csi300_custom_step0_s_20260525_18,4308f537c3f44671828750eddfcd391e,0.064,,,
3538,2026-05-25,SH601390,-0.0016638386714869378,EXP_CatBoostModel_Alpha158_csi300_custom_step0_s_20260525_18,4308f537c3f44671828750eddfcd391e,0.064,,,
3539,2026-05-25,SH601377,0.0016968446566231008,EXP_CatBoostModel_Alpha158_csi300_custom_step0_s_20260525_18,4308f537c3f44671828750eddfcd391e,0.064,,,
3540,2026-05-25,SH601607,0.0009780621094699828,EXP_CatBoostModel_Alpha158_csi300_custom_step0_s_20260525_18,4308f537c3f44671828750eddfcd391e,0.064,,,
3541,2026-05-25,SH601698,-0.0011636198018941414,EXP_CatBoostModel_Alpha158_csi300_custom_step0_s_20260525_18,4308f537c3f44671828750eddfcd391e,0.064,,,
3542,2026-05-25,SH601728,-0.0011636198018941414,EXP_CatBoostModel_Alpha158_csi300_custom_step0_s_20260525_18,4308f537c3f44671828750eddfcd391e,0.064,,,
3543,2026-05-25,SH601766,-0.0016638386714869378,EXP_CatBoostModel_Alpha158_csi300_custom_step0_s_20260525_18,4308f537c3f44671828750eddfcd391e,0.064,,,
3544,2026-05-25,SH601898,-0.0011636198018941414,EXP_CatBoostModel_Alpha158_csi300_custom_step0_s_20260525_18,4308f537c3f44671828750eddfcd391e,0.064,,,
3545,2026-05-25,SH601888,-0.0016638386714869378,EXP_CatBoostModel_Alpha158_csi300_custom_step0_s_20260525_18,4308f537c3f44671828750eddfcd391e,0.064,,,
3546,2026-05-25,SH601881,-0.0016638386714869378,EXP_CatBoostModel_Alpha158_csi300_custom_step0_s_20260525_18,4308f537c3f44671828750eddfcd391e,0.064,,,
3547,2026-05-25,SH601878,0.00011844934206180781,EXP_CatBoostModel_Alpha158_csi300_custom_step0_s_20260525_18,4308f537c3f44671828750eddfcd391e,0.064,,,
3548,2026-05-25,SH601877,-0.0011636198018941414,EXP_CatBoostModel_Alpha158_csi300_custom_step0_s_20260525_18,4308f537c3f44671828750eddfcd391e,0.064,,,
3549,2026-05-25,SH601872,0.0006337176834253092,EXP_CatBoostModel_Alpha158_csi300_custom_step0_s_20260525_18,4308f537c3f44671828750eddfcd391e,0.064,,,
3550,2026-05-25,SH601868,-0.0011636198018941414,EXP_CatBoostModel_Alpha158_csi300_custom_step0_s_20260525_18,4308f537c3f44671828750eddfcd391e,0.064,,,
3551,2026-05-25,SH601857,-0.0011636198018941414,EXP_CatBoostModel_Alpha158_csi300_custom_step0_s_20260525_18,4308f537c3f44671828750eddfcd391e,0.064,,,
3552,2026-05-25,SH601838,0.0006337176834253092,EXP_CatBoostModel_Alpha158_csi300_custom_step0_s_20260525_18,4308f537c3f44671828750eddfcd391e,0.064,,,
3553,2026-05-25,SH601825,0.0006337176834253092,EXP_CatBoostModel_Alpha158_csi300_custom_step0_s_20260525_18,4308f537c3f44671828750eddfcd391e,0.064,,,
3554,2026-05-25,SH601818,0.0006709650475411412,EXP_CatBoostModel_Alpha158_csi300_custom_step0_s_20260525_18,4308f537c3f44671828750eddfcd391e,0.064,,,
3555,2026-05-25,SH601816,0.0016968446566231008,EXP_CatBoostModel_Alpha158_csi300_custom_step0_s_20260525_18,4308f537c3f44671828750eddfcd391e,0.064,,,
3556,2026-05-25,SH601808,-0.0016638386714869378,EXP_CatBoostModel_Alpha158_csi300_custom_step0_s_20260525_18,4308f537c3f44671828750eddfcd391e,0.064,,,
3557,2026-05-25,SH601800,-0.0016638386714869378,EXP_CatBoostModel_Alpha158_csi300_custom_step0_s_20260525_18,4308f537c3f44671828750eddfcd391e,0.064,,,
3558,2026-05-25,SH601788,-0.0016638386714869378,EXP_CatBoostModel_Alpha158_csi300_custom_step0_s_20260525_18,4308f537c3f44671828750eddfcd391e,0.064,,,
3559,2026-05-25,SH601360,-0.0011636198018941414,EXP_CatBoostModel_Alpha158_csi300_custom_step0_s_20260525_18,4308f537c3f44671828750eddfcd391e,0.064,,,
3560,2026-05-25,SH601336,-0.0016638386714869378,EXP_CatBoostModel_Alpha158_csi300_custom_step0_s_20260525_18,4308f537c3f44671828750eddfcd391e,0.064,,,
3561,2026-05-25,SH601328,0.0006709650475411412,EXP_CatBoostModel_Alpha158_csi300_custom_step0_s_20260525_18,4308f537c3f44671828750eddfcd391e,0.064,,,
3562,2026-05-25,SH601319,-0.0016638386714869378,EXP_CatBoostModel_Alpha158_csi300_custom_step0_s_20260525_18,4308f537c3f44671828750eddfcd391e,0.064,,,
3563,2026-05-25,SH601066,0.0006337176834253092,EXP_CatBoostModel_Alpha158_csi300_custom_step0_s_20260525_18,4308f537c3f44671828750eddfcd391e,0.064,,,
3564,2026-05-25,SH601059,0.002977064758724916,EXP_CatBoostModel_Alpha158_csi300_custom_step0_s_20260525_18,4308f537c3f44671828750eddfcd391e,0.064,,,
3565,2026-05-25,SH601058,-0.0016638386714869378,EXP_CatBoostModel_Alpha158_csi300_custom_step0_s_20260525_18,4308f537c3f44671828750eddfcd391e,0.064,,,
3566,2026-05-25,SH601021,0.0014570101925490807,EXP_CatBoostModel_Alpha158_csi300_custom_step0_s_20260525_18,4308f537c3f44671828750eddfcd391e,0.064,,,
3567,2026-05-25,SH601018,0.0006337176834253092,EXP_CatBoostModel_Alpha158_csi300_custom_step0_s_20260525_18,4308f537c3f44671828750eddfcd391e,0.064,,,
3568,2026-05-25,SH601012,-0.0011636198018941414,EXP_CatBoostModel_Alpha158_csi300_custom_step0_s_20260525_18,4308f537c3f44671828750eddfcd391e,0.064,,,
3569,2026-05-25,SH601009,0.0006337176834253092,EXP_CatBoostModel_Alpha158_csi300_custom_step0_s_20260525_18,4308f537c3f44671828750eddfcd391e,0.064,,,
3570,2026-05-25,SH601006,0.0009780621094699828,EXP_CatBoostModel_Alpha158_csi300_custom_step0_s_20260525_18,4308f537c3f44671828750eddfcd391e,0.064,,,
3571,2026-05-25,SH600999,-0.0011636198018941414,EXP_CatBoostModel_Alpha158_csi300_custom_step0_s_20260525_18,4308f537c3f44671828750eddfcd391e,0.064,,,
3572,2026-05-25,SH600989,-0.0011636198018941414,EXP_CatBoostModel_Alpha158_csi300_custom_step0_s_20260525_18,4308f537c3f44671828750eddfcd391e,0.064,,,
3573,2026-05-25,SH600958,0.0006337176834253092,EXP_CatBoostModel_Alpha158_csi300_custom_step0_s_20260525_18,4308f537c3f44671828750eddfcd391e,0.064,,,
3574,2026-05-25,SH600941,0.0006709650475411412,EXP_CatBoostModel_Alpha158_csi300_custom_step0_s_20260525_18,4308f537c3f44671828750eddfcd391e,0.064,,,
3575,2026-05-25,SH600938,-0.0011636198018941414,EXP_CatBoostModel_Alpha158_csi300_custom_step0_s_20260525_18,4308f537c3f44671828750eddfcd391e,0.064,,,
3576,2026-05-25,SH600930,-0.0011636198018941414,EXP_CatBoostModel_Alpha158_csi300_custom_step0_s_20260525_18,4308f537c3f44671828750eddfcd391e,0.064,,,
3577,2026-05-25,SH600926,0.0006337176834253092,EXP_CatBoostModel_Alpha158_csi300_custom_step0_s_20260525_18,4308f537c3f44671828750eddfcd391e,0.064,,,
3578,2026-05-25,SH601077,0.0006337176834253092,EXP_CatBoostModel_Alpha158_csi300_custom_step0_s_20260525_18,4308f537c3f44671828750eddfcd391e,0.064,,,
3579,2026-05-25,SH600918,-0.0011636198018941414,EXP_CatBoostModel_Alpha158_csi300_custom_step0_s_20260525_18,4308f537c3f44671828750eddfcd391e,0.064,,,
3580,2026-05-25,SH601088,0.0016968446566231008,EXP_CatBoostModel_Alpha158_csi300_custom_step0_s_20260525_18,4308f537c3f44671828750eddfcd391e,0.064,,,
3581,2026-05-25,SH601111,-0.0033088348706769395,EXP_CatBoostModel_Alpha158_csi300_custom_step0_s_20260525_18,4308f537c3f44671828750eddfcd391e,0.064,,,
3582,2026-05-25,SH601318,-0.0016638386714869378,EXP_CatBoostModel_Alpha158_csi300_custom_step0_s_20260525_18,4308f537c3f44671828750eddfcd391e,0.064,,,
3583,2026-05-25,SH601298,0.0006709650475411412,EXP_CatBoostModel_Alpha158_csi300_custom_step0_s_20260525_18,4308f537c3f44671828750eddfcd391e,0.064,,,
3584,2026-05-25,SH601288,0.0006337176834253092,EXP_CatBoostModel_Alpha158_csi300_custom_step0_s_20260525_18,4308f537c3f44671828750eddfcd391e,0.064,,,
3585,2026-05-25,SH601238,-0.0016638386714869378,EXP_CatBoostModel_Alpha158_csi300_custom_step0_s_20260525_18,4308f537c3f44671828750eddfcd391e,0.064,,,
3586,2026-05-25,SH601236,-0.0011636198018941414,EXP_CatBoostModel_Alpha158_csi300_custom_step0_s_20260525_18,4308f537c3f44671828750eddfcd391e,0.064,,,
3587,2026-05-25,SH601229,-0.0016638386714869378,EXP_CatBoostModel_Alpha158_csi300_custom_step0_s_20260525_18,4308f537c3f44671828750eddfcd391e,0.064,,,
3588,2026-05-25,SH601225,0.0006337176834253092,EXP_CatBoostModel_Alpha158_csi300_custom_step0_s_20260525_18,4308f537c3f44671828750eddfcd391e,0.064,,,
3589,2026-05-25,SH601211,-0.0016638386714869378,EXP_CatBoostModel_Alpha158_csi300_custom_step0_s_20260525_18,4308f537c3f44671828750eddfcd391e,0.064,,,
3590,2026-05-25,SH601186,-0.0016638386714869378,EXP_CatBoostModel_Alpha158_csi300_custom_step0_s_20260525_18,4308f537c3f44671828750eddfcd391e,0.064,,,
3591,2026-05-25,SH601169,0.0006337176834253092,EXP_CatBoostModel_Alpha158_csi300_custom_step0_s_20260525_18,4308f537c3f44671828750eddfcd391e,0.064,,,
3592,2026-05-25,SH601166,0.0006337176834253092,EXP_CatBoostModel_Alpha158_csi300_custom_step0_s_20260525_18,4308f537c3f44671828750eddfcd391e,0.064,,,
3593,2026-05-25,SH601138,0.0009543336006429412,EXP_CatBoostModel_Alpha158_csi300_custom_step0_s_20260525_18,4308f537c3f44671828750eddfcd391e,0.064,,,
3594,2026-05-25,SH601136,-0.0016638386714869378,EXP_CatBoostModel_Alpha158_csi300_custom_step0_s_20260525_18,4308f537c3f44671828750eddfcd391e,0.064,,,
3595,2026-05-25,SH601127,-0.0016638386714869378,EXP_CatBoostModel_Alpha158_csi300_custom_step0_s_20260525_18,4308f537c3f44671828750eddfcd391e,0.064,,,
3596,2026-05-25,SH601117,-0.0016638386714869378,EXP_CatBoostModel_Alpha158_csi300_custom_step0_s_20260525_18,4308f537c3f44671828750eddfcd391e,0.064,,,
3597,2026-05-25,SH601100,-0.0011636198018941414,EXP_CatBoostModel_Alpha158_csi300_custom_step0_s_20260525_18,4308f537c3f44671828750eddfcd391e,0.064,,,
3598,2026-05-25,SZ301269,-3.279200183646561e-10,EXP_LGBModel_Alpha158_csi300_custom_step0_s_20260525_17,ec3fe8a024b840a7a3ef10e5420422ca,0.045,,,
3599,2026-05-25,SZ302132,-0.002448321252007252,EXP_LGBModel_Alpha158_csi300_custom_step0_s_20260525_17,ec3fe8a024b840a7a3ef10e5420422ca,0.045,,,
3600,2026-05-25,SH600000,-0.0027205983008637227,EXP_LGBModel_Alpha158_csi300_custom_step0_s_20260525_17,3cdffef28cba47f9a614d46e2ea9f54a,0.011,,,
3601,2026-05-25,SZ000596,-0.11446823646771073,EXP_DEnsembleModel_Alpha158_csi300_custom_step0_s_20260525_15,651214621e94452ea62fef52c57faeba,0.058,,,
3602,2026-05-25,SZ000568,-0.0926112586904542,EXP_DEnsembleModel_Alpha158_csi300_custom_step0_s_20260525_15,651214621e94452ea62fef52c57faeba,0.058,,,
3603,2026-05-25,SZ000538,0.028701028462742913,EXP_DEnsembleModel_Alpha158_csi300_custom_step0_s_20260525_15,651214621e94452ea62fef52c57faeba,0.058,,,
3604,2026-05-25,SZ000425,-0.08334943315004167,EXP_DEnsembleModel_Alpha158_csi300_custom_step0_s_20260525_15,651214621e94452ea62fef52c57faeba,0.058,,,
3605,2026-05-25,SZ000408,-0.13715791782503078,EXP_DEnsembleModel_Alpha158_csi300_custom_step0_s_20260525_15,651214621e94452ea62fef52c57faeba,0.058,,,
3606,2026-05-25,SZ000338,-0.17864692648652572,EXP_DEnsembleModel_Alpha158_csi300_custom_step0_s_20260525_15,651214621e94452ea62fef52c57faeba,0.058,,,
3607,2026-05-25,SZ000617,0.031549114712021105,EXP_DEnsembleModel_Alpha158_csi300_custom_step0_s_20260525_15,651214621e94452ea62fef52c57faeba,0.058,,,
3608,2026-05-25,SZ000333,0.06887528833920452,EXP_DEnsembleModel_Alpha158_csi300_custom_step0_s_20260525_15,651214621e94452ea62fef52c57faeba,0.058,,,
3609,2026-05-25,SZ000166,-0.043331962542321245,EXP_DEnsembleModel_Alpha158_csi300_custom_step0_s_20260525_15,651214621e94452ea62fef52c57faeba,0.058,,,
3610,2026-05-25,SZ000157,-0.04508690611669584,EXP_DEnsembleModel_Alpha158_csi300_custom_step0_s_20260525_15,651214621e94452ea62fef52c57faeba,0.058,,,
3611,2026-05-25,SZ000100,0.002358843755856965,EXP_DEnsembleModel_Alpha158_csi300_custom_step0_s_20260525_15,651214621e94452ea62fef52c57faeba,0.058,,,
3612,2026-05-25,SZ000063,-0.05883605061173562,EXP_DEnsembleModel_Alpha158_csi300_custom_step0_s_20260525_15,651214621e94452ea62fef52c57faeba,0.058,,,
3613,2026-05-25,SZ000002,-0.09311292786379022,EXP_DEnsembleModel_Alpha158_csi300_custom_step0_s_20260525_15,651214621e94452ea62fef52c57faeba,0.058,,,
3614,2026-05-25,SZ000001,0.0041353784520686155,EXP_DEnsembleModel_Alpha158_csi300_custom_step0_s_20260525_15,651214621e94452ea62fef52c57faeba,0.058,,,
3615,2026-05-25,SZ000301,-0.029604129668900924,EXP_DEnsembleModel_Alpha158_csi300_custom_step0_s_20260525_15,651214621e94452ea62fef52c57faeba,0.058,,,
3616,2026-05-25,SZ000625,0.04846812701015346,EXP_DEnsembleModel_Alpha158_csi300_custom_step0_s_20260525_15,651214621e94452ea62fef52c57faeba,0.058,,,
3617,2026-05-25,SZ000630,-0.015454078456796416,EXP_DEnsembleModel_Alpha158_csi300_custom_step0_s_20260525_15,651214621e94452ea62fef52c57faeba,0.058,,,
3618,2026-05-25,SZ000651,0.022105771735038544,EXP_DEnsembleModel_Alpha158_csi300_custom_step0_s_20260525_15,651214621e94452ea62fef52c57faeba,0.058,,,
3619,2026-05-25,SZ000977,-0.0006904362395469544,EXP_DEnsembleModel_Alpha158_csi300_custom_step0_s_20260525_15,651214621e94452ea62fef52c57faeba,0.058,,,
3620,2026-05-25,SZ000975,0.04195590108025578,EXP_DEnsembleModel_Alpha158_csi300_custom_step0_s_20260525_15,651214621e94452ea62fef52c57faeba,0.058,,,
3621,2026-05-25,SZ000963,0.037066679365875294,EXP_DEnsembleModel_Alpha158_csi300_custom_step0_s_20260525_15,651214621e94452ea62fef52c57faeba,0.058,,,
3622,2026-05-25,SZ000938,0.003932661415399858,EXP_DEnsembleModel_Alpha158_csi300_custom_step0_s_20260525_15,651214621e94452ea62fef52c57faeba,0.058,,,
3623,2026-05-25,SZ000895,0.0001135814597320378,EXP_DEnsembleModel_Alpha158_csi300_custom_step0_s_20260525_15,651214621e94452ea62fef52c57faeba,0.058,,,
3624,2026-05-25,SZ000876,-0.05464897416659288,EXP_DEnsembleModel_Alpha158_csi300_custom_step0_s_20260525_15,651214621e94452ea62fef52c57faeba,0.058,,,
3625,2026-05-25,SZ000858,-0.05484998584248449,EXP_DEnsembleModel_Alpha158_csi300_custom_step0_s_20260525_15,651214621e94452ea62fef52c57faeba,0.058,,,
3626,2026-05-25,SZ000807,-0.024301465448716586,EXP_DEnsembleModel_Alpha158_csi300_custom_step0_s_20260525_15,651214621e94452ea62fef52c57faeba,0.058,,,
3627,2026-05-25,SZ000792,-0.06001814194427432,EXP_DEnsembleModel_Alpha158_csi300_custom_step0_s_20260525_15,651214621e94452ea62fef52c57faeba,0.058,,,
3628,2026-05-25,SZ000786,-0.08125033704186814,EXP_DEnsembleModel_Alpha158_csi300_custom_step0_s_20260525_15,651214621e94452ea62fef52c57faeba,0.058,,,
3629,2026-05-25,SZ000776,0.007018339163750887,EXP_DEnsembleModel_Alpha158_csi300_custom_step0_s_20260525_15,651214621e94452ea62fef52c57faeba,0.058,,,
3630,2026-05-25,SZ000768,-0.02117437554317318,EXP_DEnsembleModel_Alpha158_csi300_custom_step0_s_20260525_15,651214621e94452ea62fef52c57faeba,0.058,,,
3631,2026-05-25,SZ000725,0.02547954582159679,EXP_DEnsembleModel_Alpha158_csi300_custom_step0_s_20260525_15,651214621e94452ea62fef52c57faeba,0.058,,,
3632,2026-05-25,SZ000708,-0.007540714715612437,EXP_DEnsembleModel_Alpha158_csi300_custom_step0_s_20260525_15,651214621e94452ea62fef52c57faeba,0.058,,,
3633,2026-05-25,SZ000661,-0.12361488379508632,EXP_DEnsembleModel_Alpha158_csi300_custom_step0_s_20260525_15,651214621e94452ea62fef52c57faeba,0.058,,,
3634,2026-05-25,SH688981,0.04681432648777577,EXP_DEnsembleModel_Alpha158_csi300_custom_step0_s_20260525_15,651214621e94452ea62fef52c57faeba,0.058,,,
3635,2026-05-25,SH688506,-0.0012193056051871384,EXP_DEnsembleModel_Alpha158_csi300_custom_step0_s_20260525_15,651214621e94452ea62fef52c57faeba,0.058,,,
3636,2026-05-25,SH688472,-0.0857407127509142,EXP_DEnsembleModel_Alpha158_csi300_custom_step0_s_20260525_15,651214621e94452ea62fef52c57faeba,0.058,,,
3637,2026-05-25,SH688396,-0.12267654733960497,EXP_DEnsembleModel_Alpha158_csi300_custom_step0_s_20260525_15,651214621e94452ea62fef52c57faeba,0.058,,,
3638,2026-05-25,SH603893,-0.03227509139258414,EXP_DEnsembleModel_Alpha158_csi300_custom_step0_s_20260525_15,651214621e94452ea62fef52c57faeba,0.058,,,
3639,2026-05-25,SH603799,-0.14263807349333252,EXP_DEnsembleModel_Alpha158_csi300_custom_step0_s_20260525_15,651214621e94452ea62fef52c57faeba,0.058,,,
3640,2026-05-25,SH603501,-0.08320931639718622,EXP_DEnsembleModel_Alpha158_csi300_custom_step0_s_20260525_15,651214621e94452ea62fef52c57faeba,0.058,,,
3641,2026-05-25,SH603392,-0.12834868778220468,EXP_DEnsembleModel_Alpha158_csi300_custom_step0_s_20260525_15,651214621e94452ea62fef52c57faeba,0.058,,,
3642,2026-05-25,SH603369,-0.08124474157851254,EXP_DEnsembleModel_Alpha158_csi300_custom_step0_s_20260525_15,651214621e94452ea62fef52c57faeba,0.058,,,
3643,2026-05-25,SH603296,-0.088643634475629,EXP_DEnsembleModel_Alpha158_csi300_custom_step0_s_20260525_15,651214621e94452ea62fef52c57faeba,0.058,,,
3644,2026-05-25,SH603288,-0.07746073215991008,EXP_DEnsembleModel_Alpha158_csi300_custom_step0_s_20260525_15,651214621e94452ea62fef52c57faeba,0.058,,,
3645,2026-05-25,SH603260,-0.11056212263068657,EXP_DEnsembleModel_Alpha158_csi300_custom_step0_s_20260525_15,651214621e94452ea62fef52c57faeba,0.058,,,
3646,2026-05-25,SH603259,-0.02670288157438779,EXP_DEnsembleModel_Alpha158_csi300_custom_step0_s_20260525_15,651214621e94452ea62fef52c57faeba,0.058,,,
3647,2026-05-25,SH603195,-0.006884472430131613,EXP_DEnsembleModel_Alpha158_csi300_custom_step0_s_20260525_15,651214621e94452ea62fef52c57faeba,0.058,,,
3648,2026-05-25,SH603019,-0.04158528774580616,EXP_DEnsembleModel_Alpha158_csi300_custom_step0_s_20260525_15,651214621e94452ea62fef52c57faeba,0.058,,,
3649,2026-05-25,SH601998,0.052358172769544874,EXP_DEnsembleModel_Alpha158_csi300_custom_step0_s_20260525_15,651214621e94452ea62fef52c57faeba,0.058,,,
3650,2026-05-25,SH601995,0.052011728617285445,EXP_DEnsembleModel_Alpha158_csi300_custom_step0_s_20260525_15,651214621e94452ea62fef52c57faeba,0.058,,,
3651,2026-05-25,SH601988,0.1731154877079028,EXP_DEnsembleModel_Alpha158_csi300_custom_step0_s_20260525_15,651214621e94452ea62fef52c57faeba,0.058,,,
3652,2026-05-25,SH601985,0.06644237785027775,EXP_DEnsembleModel_Alpha158_csi300_custom_step0_s_20260525_15,651214621e94452ea62fef52c57faeba,0.058,,,
3653,2026-05-25,SH603986,-0.3909286891471872,EXP_DEnsembleModel_Alpha158_csi300_custom_step0_s_20260525_15,651214621e94452ea62fef52c57faeba,0.058,,,
3654,2026-05-25,SZ000983,-0.05956439334847048,EXP_DEnsembleModel_Alpha158_csi300_custom_step0_s_20260525_15,651214621e94452ea62fef52c57faeba,0.058,,,
3655,2026-05-25,SH603993,-0.13331030005072234,EXP_DEnsembleModel_Alpha158_csi300_custom_step0_s_20260525_15,651214621e94452ea62fef52c57faeba,0.058,,,
3656,2026-05-25,SH605499,-0.06608506783238034,EXP_DEnsembleModel_Alpha158_csi300_custom_step0_s_20260525_15,651214621e94452ea62fef52c57faeba,0.058,,,
3657,2026-05-25,SH688303,-0.17588520221678172,EXP_DEnsembleModel_Alpha158_csi300_custom_step0_s_20260525_15,651214621e94452ea62fef52c57faeba,0.058,,,
3658,2026-05-25,SH688271,0.03070234021645887,EXP_DEnsembleModel_Alpha158_csi300_custom_step0_s_20260525_15,651214621e94452ea62fef52c57faeba,0.058,,,
3659,2026-05-25,SH688256,-0.23371562956949804,EXP_DEnsembleModel_Alpha158_csi300_custom_step0_s_20260525_15,651214621e94452ea62fef52c57faeba,0.058,,,
3660,2026-05-25,SH688223,-0.08526538283061987,EXP_DEnsembleModel_Alpha158_csi300_custom_step0_s_20260525_15,651214621e94452ea62fef52c57faeba,0.058,,,
3661,2026-05-25,SH688187,0.010397328978662098,EXP_DEnsembleModel_Alpha158_csi300_custom_step0_s_20260525_15,651214621e94452ea62fef52c57faeba,0.058,,,
3662,2026-05-25,SH688169,-0.09614655828318353,EXP_DEnsembleModel_Alpha158_csi300_custom_step0_s_20260525_15,651214621e94452ea62fef52c57faeba,0.058,,,
3663,2026-05-25,SH688126,-0.0522012900327253,EXP_DEnsembleModel_Alpha158_csi300_custom_step0_s_20260525_15,651214621e94452ea62fef52c57faeba,0.058,,,
3664,2026-05-25,SH688111,-0.1083484330602361,EXP_DEnsembleModel_Alpha158_csi300_custom_step0_s_20260525_15,651214621e94452ea62fef52c57faeba,0.058,,,
3665,2026-05-25,SH688082,-0.28728050267680444,EXP_DEnsembleModel_Alpha158_csi300_custom_step0_s_20260525_15,651214621e94452ea62fef52c57faeba,0.058,,,
3666,2026-05-25,SH688047,-0.1322207692174058,EXP_DEnsembleModel_Alpha158_csi300_custom_step0_s_20260525_15,651214621e94452ea62fef52c57faeba,0.058,,,
3667,2026-05-25,SH688041,-0.11166790141525713,EXP_DEnsembleModel_Alpha158_csi300_custom_step0_s_20260525_15,651214621e94452ea62fef52c57faeba,0.058,,,
3668,2026-05-25,SH688036,-0.04371636488799318,EXP_DEnsembleModel_Alpha158_csi300_custom_step0_s_20260525_15,651214621e94452ea62fef52c57faeba,0.058,,,
3669,2026-05-25,SH688012,-0.12752014879990067,EXP_DEnsembleModel_Alpha158_csi300_custom_step0_s_20260525_15,651214621e94452ea62fef52c57faeba,0.058,,,
3670,2026-05-25,SH688009,-0.031947294350077385,EXP_DEnsembleModel_Alpha158_csi300_custom_step0_s_20260525_15,651214621e94452ea62fef52c57faeba,0.058,,,
3671,2026-05-25,SH688008,-0.28611763235577375,EXP_DEnsembleModel_Alpha158_csi300_custom_step0_s_20260525_15,651214621e94452ea62fef52c57faeba,0.058,,,
3672,2026-05-25,SH605117,-0.18908270860909837,EXP_DEnsembleModel_Alpha158_csi300_custom_step0_s_20260525_15,651214621e94452ea62fef52c57faeba,0.058,,,
3673,2026-05-25,SH601939,0.09172459144812298,EXP_DEnsembleModel_Alpha158_csi300_custom_step0_s_20260525_15,651214621e94452ea62fef52c57faeba,0.058,,,
3674,2026-05-25,SZ000999,0.007420488600795097,EXP_DEnsembleModel_Alpha158_csi300_custom_step0_s_20260525_15,651214621e94452ea62fef52c57faeba,0.058,,,
3675,2026-05-25,SZ001965,0.027959419265472667,EXP_DEnsembleModel_Alpha158_csi300_custom_step0_s_20260525_15,651214621e94452ea62fef52c57faeba,0.058,,,
3676,2026-05-25,SZ300413,0.0531953406081429,EXP_DEnsembleModel_Alpha158_csi300_custom_step0_s_20260525_15,651214621e94452ea62fef52c57faeba,0.058,,,
3677,2026-05-25,SZ300408,-0.08545782042219267,EXP_DEnsembleModel_Alpha158_csi300_custom_step0_s_20260525_15,651214621e94452ea62fef52c57faeba,0.058,,,
3678,2026-05-25,SZ300394,-0.05574778909571572,EXP_DEnsembleModel_Alpha158_csi300_custom_step0_s_20260525_15,651214621e94452ea62fef52c57faeba,0.058,,,
3679,2026-05-25,SZ300347,0.017496203109898956,EXP_DEnsembleModel_Alpha158_csi300_custom_step0_s_20260525_15,651214621e94452ea62fef52c57faeba,0.058,,,
3680,2026-05-25,SZ300316,-0.17793580652641675,EXP_DEnsembleModel_Alpha158_csi300_custom_step0_s_20260525_15,651214621e94452ea62fef52c57faeba,0.058,,,
3681,2026-05-25,SZ300308,-0.14669399307146533,EXP_DEnsembleModel_Alpha158_csi300_custom_step0_s_20260525_15,651214621e94452ea62fef52c57faeba,0.058,,,
3682,2026-05-25,SZ300418,-0.09607381701675574,EXP_DEnsembleModel_Alpha158_csi300_custom_step0_s_20260525_15,651214621e94452ea62fef52c57faeba,0.058,,,
3683,2026-05-25,SZ300274,-0.15024485441523083,EXP_DEnsembleModel_Alpha158_csi300_custom_step0_s_20260525_15,651214621e94452ea62fef52c57faeba,0.058,,,
3684,2026-05-25,SZ300124,0.043191866814694585,EXP_DEnsembleModel_Alpha158_csi300_custom_step0_s_20260525_15,651214621e94452ea62fef52c57faeba,0.058,,,
3685,2026-05-25,SZ300122,-0.14746648978301446,EXP_DEnsembleModel_Alpha158_csi300_custom_step0_s_20260525_15,651214621e94452ea62fef52c57faeba,0.058,,,
3686,2026-05-25,SZ300059,-0.09289925016363226,EXP_DEnsembleModel_Alpha158_csi300_custom_step0_s_20260525_15,651214621e94452ea62fef52c57faeba,0.058,,,
3687,2026-05-25,SZ300033,-0.09054855608098956,EXP_DEnsembleModel_Alpha158_csi300_custom_step0_s_20260525_15,651214621e94452ea62fef52c57faeba,0.058,,,
3688,2026-05-25,SZ300015,-0.1475491372827439,EXP_DEnsembleModel_Alpha158_csi300_custom_step0_s_20260525_15,651214621e94452ea62fef52c57faeba,0.058,,,
3689,2026-05-25,SZ300014,-0.02005889425646021,EXP_DEnsembleModel_Alpha158_csi300_custom_step0_s_20260525_15,651214621e94452ea62fef52c57faeba,0.058,,,
3690,2026-05-25,SZ300251,-0.06677926789923665,EXP_DEnsembleModel_Alpha158_csi300_custom_step0_s_20260525_15,651214621e94452ea62fef52c57faeba,0.058,,,
3691,2026-05-25,SZ300433,0.09803799893721271,EXP_DEnsembleModel_Alpha158_csi300_custom_step0_s_20260525_15,651214621e94452ea62fef52c57faeba,0.058,,,
3692,2026-05-25,SZ300442,-0.09633460561106923,EXP_DEnsembleModel_Alpha158_csi300_custom_step0_s_20260525_15,651214621e94452ea62fef52c57faeba,0.058,,,
3693,2026-05-25,SZ300476,0.004137474495956798,EXP_DEnsembleModel_Alpha158_csi300_custom_step0_s_20260525_15,651214621e94452ea62fef52c57faeba,0.058,,,
3694,2026-05-25,SZ301236,-0.05080174265407831,EXP_DEnsembleModel_Alpha158_csi300_custom_step0_s_20260525_15,651214621e94452ea62fef52c57faeba,0.058,,,
3695,2026-05-25,SZ300999,-0.020992675890237313,EXP_DEnsembleModel_Alpha158_csi300_custom_step0_s_20260525_15,651214621e94452ea62fef52c57faeba,0.058,,,
3696,2026-05-25,SZ300979,0.016076302546059976,EXP_DEnsembleModel_Alpha158_csi300_custom_step0_s_20260525_15,651214621e94452ea62fef52c57faeba,0.058,,,
3697,2026-05-25,SZ300896,-0.057023608592197066,EXP_DEnsembleModel_Alpha158_csi300_custom_step0_s_20260525_15,651214621e94452ea62fef52c57faeba,0.058,,,
3698,2026-05-25,SZ300866,0.055961791351666075,EXP_DEnsembleModel_Alpha158_csi300_custom_step0_s_20260525_15,651214621e94452ea62fef52c57faeba,0.058,,,
3699,2026-05-25,SZ300832,-0.07974530700485166,EXP_DEnsembleModel_Alpha158_csi300_custom_step0_s_20260525_15,651214621e94452ea62fef52c57faeba,0.058,,,
3700,2026-05-25,SZ300803,-0.11361362195827522,EXP_DEnsembleModel_Alpha158_csi300_custom_step0_s_20260525_15,651214621e94452ea62fef52c57faeba,0.058,,,
3701,2026-05-25,SZ300782,0.1825320726959976,EXP_DEnsembleModel_Alpha158_csi300_custom_step0_s_20260525_15,651214621e94452ea62fef52c57faeba,0.058,,,
3702,2026-05-25,SZ300760,-0.0707419413615711,EXP_DEnsembleModel_Alpha158_csi300_custom_step0_s_20260525_15,651214621e94452ea62fef52c57faeba,0.058,,,
3703,2026-05-25,SZ300759,-0.029692872987310583,EXP_DEnsembleModel_Alpha158_csi300_custom_step0_s_20260525_15,651214621e94452ea62fef52c57faeba,0.058,,,
3704,2026-05-25,SZ300750,0.05180700695973945,EXP_DEnsembleModel_Alpha158_csi300_custom_step0_s_20260525_15,651214621e94452ea62fef52c57faeba,0.058,,,
3705,2026-05-25,SZ300661,-0.13047937562107062,EXP_DEnsembleModel_Alpha158_csi300_custom_step0_s_20260525_15,651214621e94452ea62fef52c57faeba,0.058,,,
3706,2026-05-25,SZ300628,-0.02405424774001204,EXP_DEnsembleModel_Alpha158_csi300_custom_step0_s_20260525_15,651214621e94452ea62fef52c57faeba,0.058,,,
3707,2026-05-25,SZ300502,-0.1515040264044993,EXP_DEnsembleModel_Alpha158_csi300_custom_step0_s_20260525_15,651214621e94452ea62fef52c57faeba,0.058,,,
3708,2026-05-25,SZ300498,-0.03493012379722241,EXP_DEnsembleModel_Alpha158_csi300_custom_step0_s_20260525_15,651214621e94452ea62fef52c57faeba,0.058,,,
3709,2026-05-25,SZ003816,-0.02006724453332717,EXP_DEnsembleModel_Alpha158_csi300_custom_step0_s_20260525_15,651214621e94452ea62fef52c57faeba,0.058,,,
3710,2026-05-25,SZ002938,-0.19112419459688917,EXP_DEnsembleModel_Alpha158_csi300_custom_step0_s_20260525_15,651214621e94452ea62fef52c57faeba,0.058,,,
3711,2026-05-25,SZ002920,-0.05525017487450313,EXP_DEnsembleModel_Alpha158_csi300_custom_step0_s_20260525_15,651214621e94452ea62fef52c57faeba,0.058,,,
3712,2026-05-25,SZ002916,-0.06306998592679827,EXP_DEnsembleModel_Alpha158_csi300_custom_step0_s_20260525_15,651214621e94452ea62fef52c57faeba,0.058,,,
3713,2026-05-25,SZ002311,0.04657908773971068,EXP_DEnsembleModel_Alpha158_csi300_custom_step0_s_20260525_15,651214621e94452ea62fef52c57faeba,0.058,,,
3714,2026-05-25,SZ002304,-0.10419302672827602,EXP_DEnsembleModel_Alpha158_csi300_custom_step0_s_20260525_15,651214621e94452ea62fef52c57faeba,0.058,,,
3715,2026-05-25,SZ002252,-0.04269709374218247,EXP_DEnsembleModel_Alpha158_csi300_custom_step0_s_20260525_15,651214621e94452ea62fef52c57faeba,0.058,,,
3716,2026-05-25,SZ002241,-0.003346588094677923,EXP_DEnsembleModel_Alpha158_csi300_custom_step0_s_20260525_15,651214621e94452ea62fef52c57faeba,0.058,,,
3717,2026-05-25,SZ002236,-0.03891015730785582,EXP_DEnsembleModel_Alpha158_csi300_custom_step0_s_20260525_15,651214621e94452ea62fef52c57faeba,0.058,,,
3718,2026-05-25,SZ002230,-0.005407146880110538,EXP_DEnsembleModel_Alpha158_csi300_custom_step0_s_20260525_15,651214621e94452ea62fef52c57faeba,0.058,,,
3719,2026-05-25,SZ002179,-0.008945915623945958,EXP_DEnsembleModel_Alpha158_csi300_custom_step0_s_20260525_15,651214621e94452ea62fef52c57faeba,0.058,,,
3720,2026-05-25,SZ002142,0.043687212201110694,EXP_DEnsembleModel_Alpha158_csi300_custom_step0_s_20260525_15,651214621e94452ea62fef52c57faeba,0.058,,,
3721,2026-05-25,SZ002074,-0.10853851434247086,EXP_DEnsembleModel_Alpha158_csi300_custom_step0_s_20260525_15,651214621e94452ea62fef52c57faeba,0.058,,,
3722,2026-05-25,SZ002050,0.032371637546995936,EXP_DEnsembleModel_Alpha158_csi300_custom_step0_s_20260525_15,651214621e94452ea62fef52c57faeba,0.058,,,
3723,2026-05-25,SZ002049,-0.03803764070828001,EXP_DEnsembleModel_Alpha158_csi300_custom_step0_s_20260525_15,651214621e94452ea62fef52c57faeba,0.058,,,
3724,2026-05-25,SZ002028,-0.06278379312626725,EXP_DEnsembleModel_Alpha158_csi300_custom_step0_s_20260525_15,651214621e94452ea62fef52c57faeba,0.058,,,
3725,2026-05-25,SZ002027,-0.01601828177485712,EXP_DEnsembleModel_Alpha158_csi300_custom_step0_s_20260525_15,651214621e94452ea62fef52c57faeba,0.058,,,
3726,2026-05-25,SZ002001,-0.003083623673284392,EXP_DEnsembleModel_Alpha158_csi300_custom_step0_s_20260525_15,651214621e94452ea62fef52c57faeba,0.058,,,
3727,2026-05-25,SZ001979,-0.15821550992719138,EXP_DEnsembleModel_Alpha158_csi300_custom_step0_s_20260525_15,651214621e94452ea62fef52c57faeba,0.058,,,
3728,2026-05-25,SZ002352,-0.014819299739920706,EXP_DEnsembleModel_Alpha158_csi300_custom_step0_s_20260525_15,651214621e94452ea62fef52c57faeba,0.058,,,
3729,2026-05-25,SZ001391,0.019942907616395573,EXP_DEnsembleModel_Alpha158_csi300_custom_step0_s_20260525_15,651214621e94452ea62fef52c57faeba,0.058,,,
3730,2026-05-25,SZ002371,-0.21094932120805082,EXP_DEnsembleModel_Alpha158_csi300_custom_step0_s_20260525_15,651214621e94452ea62fef52c57faeba,0.058,,,
3731,2026-05-25,SZ002415,-0.03110045258130948,EXP_DEnsembleModel_Alpha158_csi300_custom_step0_s_20260525_15,651214621e94452ea62fef52c57faeba,0.058,,,
3732,2026-05-25,SZ002736,-0.013316117823649555,EXP_DEnsembleModel_Alpha158_csi300_custom_step0_s_20260525_15,651214621e94452ea62fef52c57faeba,0.058,,,
3733,2026-05-25,SZ002714,0.05752868522381787,EXP_DEnsembleModel_Alpha158_csi300_custom_step0_s_20260525_15,651214621e94452ea62fef52c57faeba,0.058,,,
3734,2026-05-25,SZ002709,0.20756572320418928,EXP_DEnsembleModel_Alpha158_csi300_custom_step0_s_20260525_15,651214621e94452ea62fef52c57faeba,0.058,,,
3735,2026-05-25,SZ002648,0.015080573023141626,EXP_DEnsembleModel_Alpha158_csi300_custom_step0_s_20260525_15,651214621e94452ea62fef52c57faeba,0.058,,,
3736,2026-05-25,SZ002625,0.045874726009893355,EXP_DEnsembleModel_Alpha158_csi300_custom_step0_s_20260525_15,651214621e94452ea62fef52c57faeba,0.058,,,
3737,2026-05-25,SZ002601,0.04494364603786161,EXP_DEnsembleModel_Alpha158_csi300_custom_step0_s_20260525_15,651214621e94452ea62fef52c57faeba,0.058,,,
3738,2026-05-25,SZ002600,0.0694682256576722,EXP_DEnsembleModel_Alpha158_csi300_custom_step0_s_20260525_15,651214621e94452ea62fef52c57faeba,0.058,,,
3739,2026-05-25,SZ002594,-0.0474340307591388,EXP_DEnsembleModel_Alpha158_csi300_custom_step0_s_20260525_15,651214621e94452ea62fef52c57faeba,0.058,,,
3740,2026-05-25,SZ002493,-0.10810016424495604,EXP_DEnsembleModel_Alpha158_csi300_custom_step0_s_20260525_15,651214621e94452ea62fef52c57faeba,0.058,,,
3741,2026-05-25,SZ002475,-0.15197510836071498,EXP_DEnsembleModel_Alpha158_csi300_custom_step0_s_20260525_15,651214621e94452ea62fef52c57faeba,0.058,,,
3742,2026-05-25,SZ002466,0.05516888070891725,EXP_DEnsembleModel_Alpha158_csi300_custom_step0_s_20260525_15,651214621e94452ea62fef52c57faeba,0.058,,,
3743,2026-05-25,SZ002463,-0.14769789852136822,EXP_DEnsembleModel_Alpha158_csi300_custom_step0_s_20260525_15,651214621e94452ea62fef52c57faeba,0.058,,,
3744,2026-05-25,SZ002460,0.01810196948815275,EXP_DEnsembleModel_Alpha158_csi300_custom_step0_s_20260525_15,651214621e94452ea62fef52c57faeba,0.058,,,
3745,2026-05-25,SZ002459,0.012995097182011242,EXP_DEnsembleModel_Alpha158_csi300_custom_step0_s_20260525_15,651214621e94452ea62fef52c57faeba,0.058,,,
3746,2026-05-25,SZ002422,0.014748728798162452,EXP_DEnsembleModel_Alpha158_csi300_custom_step0_s_20260525_15,651214621e94452ea62fef52c57faeba,0.058,,,
3747,2026-05-25,SZ002384,-0.05070022258113151,EXP_DEnsembleModel_Alpha158_csi300_custom_step0_s_20260525_15,651214621e94452ea62fef52c57faeba,0.058,,,
3748,2026-05-25,SZ301269,-0.12933680094389857,EXP_DEnsembleModel_Alpha158_csi300_custom_step0_s_20260525_15,651214621e94452ea62fef52c57faeba,0.058,,,
3749,2026-05-25,SH601919,0.026564686889343315,EXP_DEnsembleModel_Alpha158_csi300_custom_step0_s_20260525_15,651214621e94452ea62fef52c57faeba,0.058,,,
3750,2026-05-25,SH601901,0.04328715136270655,EXP_DEnsembleModel_Alpha158_csi300_custom_step0_s_20260525_15,651214621e94452ea62fef52c57faeba,0.058,,,
3751,2026-05-25,SH600547,-0.00964824621674787,EXP_DEnsembleModel_Alpha158_csi300_custom_step0_s_20260525_15,651214621e94452ea62fef52c57faeba,0.058,,,
3752,2026-05-25,SH600522,0.10963298644789056,EXP_DEnsembleModel_Alpha158_csi300_custom_step0_s_20260525_15,651214621e94452ea62fef52c57faeba,0.058,,,
3753,2026-05-25,SH600519,-0.020289746288366415,EXP_DEnsembleModel_Alpha158_csi300_custom_step0_s_20260525_15,651214621e94452ea62fef52c57faeba,0.058,,,
3754,2026-05-25,SH600515,-0.06619709921345392,EXP_DEnsembleModel_Alpha158_csi300_custom_step0_s_20260525_15,651214621e94452ea62fef52c57faeba,0.058,,,
3755,2026-05-25,SH600489,-0.056584759108306765,EXP_DEnsembleModel_Alpha158_csi300_custom_step0_s_20260525_15,651214621e94452ea62fef52c57faeba,0.058,,,
3756,2026-05-25,SH600482,-0.10479473412153124,EXP_DEnsembleModel_Alpha158_csi300_custom_step0_s_20260525_15,651214621e94452ea62fef52c57faeba,0.058,,,
3757,2026-05-25,SH600570,-0.012641001200163243,EXP_DEnsembleModel_Alpha158_csi300_custom_step0_s_20260525_15,651214621e94452ea62fef52c57faeba,0.058,,,
3758,2026-05-25,SH600460,-0.09809883592911271,EXP_DEnsembleModel_Alpha158_csi300_custom_step0_s_20260525_15,651214621e94452ea62fef52c57faeba,0.058,,,
3759,2026-05-25,SH600436,-0.00013209097263931034,EXP_DEnsembleModel_Alpha158_csi300_custom_step0_s_20260525_15,651214621e94452ea62fef52c57faeba,0.058,,,
3760,2026-05-25,SH600426,0.1345104823728786,EXP_DEnsembleModel_Alpha158_csi300_custom_step0_s_20260525_15,651214621e94452ea62fef52c57faeba,0.058,,,
3761,2026-05-25,SH600415,-0.17252857029198684,EXP_DEnsembleModel_Alpha158_csi300_custom_step0_s_20260525_15,651214621e94452ea62fef52c57faeba,0.058,,,
3762,2026-05-25,SH600406,-0.06594116342328747,EXP_DEnsembleModel_Alpha158_csi300_custom_step0_s_20260525_15,651214621e94452ea62fef52c57faeba,0.058,,,
3763,2026-05-25,SH600377,0.06511918847874293,EXP_DEnsembleModel_Alpha158_csi300_custom_step0_s_20260525_15,651214621e94452ea62fef52c57faeba,0.058,,,
3764,2026-05-25,SH600372,-0.07055401132532797,EXP_DEnsembleModel_Alpha158_csi300_custom_step0_s_20260525_15,651214621e94452ea62fef52c57faeba,0.058,,,
3765,2026-05-25,SH600438,-0.10114702548712538,EXP_DEnsembleModel_Alpha158_csi300_custom_step0_s_20260525_15,651214621e94452ea62fef52c57faeba,0.058,,,
3766,2026-05-25,SH600584,-0.30753617250672777,EXP_DEnsembleModel_Alpha158_csi300_custom_step0_s_20260525_15,651214621e94452ea62fef52c57faeba,0.058,,,
3767,2026-05-25,SH600585,0.03693926217430587,EXP_DEnsembleModel_Alpha158_csi300_custom_step0_s_20260525_15,651214621e94452ea62fef52c57faeba,0.058,,,
3768,2026-05-25,SH600588,-0.04574516388977397,EXP_DEnsembleModel_Alpha158_csi300_custom_step0_s_20260525_15,651214621e94452ea62fef52c57faeba,0.058,,,
3769,2026-05-25,SH600900,0.1001005649416004,EXP_DEnsembleModel_Alpha158_csi300_custom_step0_s_20260525_15,651214621e94452ea62fef52c57faeba,0.058,,,
3770,2026-05-25,SH600893,-0.053459732207883026,EXP_DEnsembleModel_Alpha158_csi300_custom_step0_s_20260525_15,651214621e94452ea62fef52c57faeba,0.058,,,
3771,2026-05-25,SH600887,0.00796744757609465,EXP_DEnsembleModel_Alpha158_csi300_custom_step0_s_20260525_15,651214621e94452ea62fef52c57faeba,0.058,,,
3772,2026-05-25,SH600886,0.0978691963261186,EXP_DEnsembleModel_Alpha158_csi300_custom_step0_s_20260525_15,651214621e94452ea62fef52c57faeba,0.058,,,
3773,2026-05-25,SH600875,-0.06152231485843138,EXP_DEnsembleModel_Alpha158_csi300_custom_step0_s_20260525_15,651214621e94452ea62fef52c57faeba,0.058,,,
3774,2026-05-25,SH600845,-0.10554725664568754,EXP_DEnsembleModel_Alpha158_csi300_custom_step0_s_20260525_15,651214621e94452ea62fef52c57faeba,0.058,,,
3775,2026-05-25,SH600809,-0.07943184706583135,EXP_DEnsembleModel_Alpha158_csi300_custom_step0_s_20260525_15,651214621e94452ea62fef52c57faeba,0.058,,,
3776,2026-05-25,SH600803,-0.03540602992003867,EXP_DEnsembleModel_Alpha158_csi300_custom_step0_s_20260525_15,651214621e94452ea62fef52c57faeba,0.058,,,
3777,2026-05-25,SH600795,0.06599154210017905,EXP_DEnsembleModel_Alpha158_csi300_custom_step0_s_20260525_15,651214621e94452ea62fef52c57faeba,0.058,,,
3778,2026-05-25,SH600760,-0.17246550293580454,EXP_DEnsembleModel_Alpha158_csi300_custom_step0_s_20260525_15,651214621e94452ea62fef52c57faeba,0.058,,,
3779,2026-05-25,SH600741,-0.018084151936495114,EXP_DEnsembleModel_Alpha158_csi300_custom_step0_s_20260525_15,651214621e94452ea62fef52c57faeba,0.058,,,
3780,2026-05-25,SH600690,-0.028814436667496585,EXP_DEnsembleModel_Alpha158_csi300_custom_step0_s_20260525_15,651214621e94452ea62fef52c57faeba,0.058,,,
3781,2026-05-25,SH600674,0.051201918502216705,EXP_DEnsembleModel_Alpha158_csi300_custom_step0_s_20260525_15,651214621e94452ea62fef52c57faeba,0.058,,,
3782,2026-05-25,SH600660,-0.12855022373609937,EXP_DEnsembleModel_Alpha158_csi300_custom_step0_s_20260525_15,651214621e94452ea62fef52c57faeba,0.058,,,
3783,2026-05-25,SH600600,-0.013263950564896569,EXP_DEnsembleModel_Alpha158_csi300_custom_step0_s_20260525_15,651214621e94452ea62fef52c57faeba,0.058,,,
3784,2026-05-25,SH600362,-0.12751475154008432,EXP_DEnsembleModel_Alpha158_csi300_custom_step0_s_20260525_15,651214621e94452ea62fef52c57faeba,0.058,,,
3785,2026-05-25,SH600346,-0.08430305788801136,EXP_DEnsembleModel_Alpha158_csi300_custom_step0_s_20260525_15,651214621e94452ea62fef52c57faeba,0.058,,,
3786,2026-05-25,SH600309,-0.0021060279020563874,EXP_DEnsembleModel_Alpha158_csi300_custom_step0_s_20260525_15,651214621e94452ea62fef52c57faeba,0.058,,,
3787,2026-05-25,SH600276,-0.061604935561221576,EXP_DEnsembleModel_Alpha158_csi300_custom_step0_s_20260525_15,651214621e94452ea62fef52c57faeba,0.058,,,
3788,2026-05-25,SH600036,0.01742455900677628,EXP_DEnsembleModel_Alpha158_csi300_custom_step0_s_20260525_15,651214621e94452ea62fef52c57faeba,0.058,,,
3789,2026-05-25,SH600031,-0.13405868870013832,EXP_DEnsembleModel_Alpha158_csi300_custom_step0_s_20260525_15,651214621e94452ea62fef52c57faeba,0.058,,,
3790,2026-05-25,SH600030,-0.048898689472449415,EXP_DEnsembleModel_Alpha158_csi300_custom_step0_s_20260525_15,651214621e94452ea62fef52c57faeba,0.058,,,
3791,2026-05-25,SH600029,-0.019067696497412957,EXP_DEnsembleModel_Alpha158_csi300_custom_step0_s_20260525_15,651214621e94452ea62fef52c57faeba,0.058,,,
3792,2026-05-25,SH600028,0.033654000756166494,EXP_DEnsembleModel_Alpha158_csi300_custom_step0_s_20260525_15,651214621e94452ea62fef52c57faeba,0.058,,,
3793,2026-05-25,SH600027,-0.07739906151611022,EXP_DEnsembleModel_Alpha158_csi300_custom_step0_s_20260525_15,651214621e94452ea62fef52c57faeba,0.058,,,
3794,2026-05-25,SH600026,-0.04444387836739883,EXP_DEnsembleModel_Alpha158_csi300_custom_step0_s_20260525_15,651214621e94452ea62fef52c57faeba,0.058,,,
3795,2026-05-25,SH600025,-0.0025977587177406065,EXP_DEnsembleModel_Alpha158_csi300_custom_step0_s_20260525_15,651214621e94452ea62fef52c57faeba,0.058,,,
3796,2026-05-25,SH600023,0.001543508652757644,EXP_DEnsembleModel_Alpha158_csi300_custom_step0_s_20260525_15,651214621e94452ea62fef52c57faeba,0.058,,,
3797,2026-05-25,SH600019,-0.056640231184603373,EXP_DEnsembleModel_Alpha158_csi300_custom_step0_s_20260525_15,651214621e94452ea62fef52c57faeba,0.058,,,
3798,2026-05-25,SH600018,0.08449923825578626,EXP_DEnsembleModel_Alpha158_csi300_custom_step0_s_20260525_15,651214621e94452ea62fef52c57faeba,0.058,,,
3799,2026-05-25,SH600016,0.009026699666136975,EXP_DEnsembleModel_Alpha158_csi300_custom_step0_s_20260525_15,651214621e94452ea62fef52c57faeba,0.058,,,
3800,2026-05-25,SH600015,0.04628903005671092,EXP_DEnsembleModel_Alpha158_csi300_custom_step0_s_20260525_15,651214621e94452ea62fef52c57faeba,0.058,,,
3801,2026-05-25,SH600011,-0.05164129652029217,EXP_DEnsembleModel_Alpha158_csi300_custom_step0_s_20260525_15,651214621e94452ea62fef52c57faeba,0.058,,,
3802,2026-05-25,SH600010,-0.07110240741378816,EXP_DEnsembleModel_Alpha158_csi300_custom_step0_s_20260525_15,651214621e94452ea62fef52c57faeba,0.058,,,
3803,2026-05-25,SH600039,0.016478973527855795,EXP_DEnsembleModel_Alpha158_csi300_custom_step0_s_20260525_15,651214621e94452ea62fef52c57faeba,0.058,,,
3804,2026-05-25,SH600905,0.07540416371440063,EXP_DEnsembleModel_Alpha158_csi300_custom_step0_s_20260525_15,651214621e94452ea62fef52c57faeba,0.058,,,
3805,2026-05-25,SH600048,-0.12112977959822756,EXP_DEnsembleModel_Alpha158_csi300_custom_step0_s_20260525_15,651214621e94452ea62fef52c57faeba,0.058,,,
3806,2026-05-25,SH600061,-0.08140062222913146,EXP_DEnsembleModel_Alpha158_csi300_custom_step0_s_20260525_15,651214621e94452ea62fef52c57faeba,0.058,,,
3807,2026-05-25,SH600233,0.026771945669197855,EXP_DEnsembleModel_Alpha158_csi300_custom_step0_s_20260525_15,651214621e94452ea62fef52c57faeba,0.058,,,
3808,2026-05-25,SH600219,0.07457337832627733,EXP_DEnsembleModel_Alpha158_csi300_custom_step0_s_20260525_15,651214621e94452ea62fef52c57faeba,0.058,,,
3809,2026-05-25,SH600196,0.00231283224646726,EXP_DEnsembleModel_Alpha158_csi300_custom_step0_s_20260525_15,651214621e94452ea62fef52c57faeba,0.058,,,
3810,2026-05-25,SH600188,-0.06663450892811895,EXP_DEnsembleModel_Alpha158_csi300_custom_step0_s_20260525_15,651214621e94452ea62fef52c57faeba,0.058,,,
3811,2026-05-25,SH600183,-0.33107562730967643,EXP_DEnsembleModel_Alpha158_csi300_custom_step0_s_20260525_15,651214621e94452ea62fef52c57faeba,0.058,,,
3812,2026-05-25,SH600176,-0.0838967006574593,EXP_DEnsembleModel_Alpha158_csi300_custom_step0_s_20260525_15,651214621e94452ea62fef52c57faeba,0.058,,,
3813,2026-05-25,SH600161,-0.11449667280910557,EXP_DEnsembleModel_Alpha158_csi300_custom_step0_s_20260525_15,651214621e94452ea62fef52c57faeba,0.058,,,
3814,2026-05-25,SH600160,-0.055272816454851756,EXP_DEnsembleModel_Alpha158_csi300_custom_step0_s_20260525_15,651214621e94452ea62fef52c57faeba,0.058,,,
3815,2026-05-25,SH600150,-0.03790305065708994,EXP_DEnsembleModel_Alpha158_csi300_custom_step0_s_20260525_15,651214621e94452ea62fef52c57faeba,0.058,,,
3816,2026-05-25,SH600115,-0.06663000508833902,EXP_DEnsembleModel_Alpha158_csi300_custom_step0_s_20260525_15,651214621e94452ea62fef52c57faeba,0.058,,,
3817,2026-05-25,SH600111,-0.12583447739639977,EXP_DEnsembleModel_Alpha158_csi300_custom_step0_s_20260525_15,651214621e94452ea62fef52c57faeba,0.058,,,
3818,2026-05-25,SH600104,0.0096059281672349,EXP_DEnsembleModel_Alpha158_csi300_custom_step0_s_20260525_15,651214621e94452ea62fef52c57faeba,0.058,,,
3819,2026-05-25,SH600089,-0.10483554185432822,EXP_DEnsembleModel_Alpha158_csi300_custom_step0_s_20260525_15,651214621e94452ea62fef52c57faeba,0.058,,,
3820,2026-05-25,SH600085,0.00010779643310216857,EXP_DEnsembleModel_Alpha158_csi300_custom_step0_s_20260525_15,651214621e94452ea62fef52c57faeba,0.058,,,
3821,2026-05-25,SH600066,-0.08271889679665154,EXP_DEnsembleModel_Alpha158_csi300_custom_step0_s_20260525_15,651214621e94452ea62fef52c57faeba,0.058,,,
3822,2026-05-25,SH600050,-0.041738425185991516,EXP_DEnsembleModel_Alpha158_csi300_custom_step0_s_20260525_15,651214621e94452ea62fef52c57faeba,0.058,,,
3823,2026-05-25,SH601916,0.09064378966263123,EXP_DEnsembleModel_Alpha158_csi300_custom_step0_s_20260525_15,651214621e94452ea62fef52c57faeba,0.058,,,
3824,2026-05-25,SH600918,-0.04384820276628653,EXP_DEnsembleModel_Alpha158_csi300_custom_step0_s_20260525_15,651214621e94452ea62fef52c57faeba,0.058,,,
3825,2026-05-25,SH600926,-0.048191189183070464,EXP_DEnsembleModel_Alpha158_csi300_custom_step0_s_20260525_15,651214621e94452ea62fef52c57faeba,0.058,,,
3826,2026-05-25,SH601689,0.03165112198879699,EXP_DEnsembleModel_Alpha158_csi300_custom_step0_s_20260525_15,651214621e94452ea62fef52c57faeba,0.058,,,
3827,2026-05-25,SH601688,-0.1007166111570993,EXP_DEnsembleModel_Alpha158_csi300_custom_step0_s_20260525_15,651214621e94452ea62fef52c57faeba,0.058,,,
3828,2026-05-25,SH601669,-0.019527375310154735,EXP_DEnsembleModel_Alpha158_csi300_custom_step0_s_20260525_15,651214621e94452ea62fef52c57faeba,0.058,,,
3829,2026-05-25,SH601668,0.015510166161565283,EXP_DEnsembleModel_Alpha158_csi300_custom_step0_s_20260525_15,651214621e94452ea62fef52c57faeba,0.058,,,
3830,2026-05-25,SH601658,0.05486054450895635,EXP_DEnsembleModel_Alpha158_csi300_custom_step0_s_20260525_15,651214621e94452ea62fef52c57faeba,0.058,,,
3831,2026-05-25,SH601633,-0.028070491986320514,EXP_DEnsembleModel_Alpha158_csi300_custom_step0_s_20260525_15,651214621e94452ea62fef52c57faeba,0.058,,,
3832,2026-05-25,SH601698,-0.027478205504159785,EXP_DEnsembleModel_Alpha158_csi300_custom_step0_s_20260525_15,651214621e94452ea62fef52c57faeba,0.058,,,
3833,2026-05-25,SH601628,-0.0731605851691802,EXP_DEnsembleModel_Alpha158_csi300_custom_step0_s_20260525_15,651214621e94452ea62fef52c57faeba,0.058,,,
3834,2026-05-25,SH601607,-0.02961362873393883,EXP_DEnsembleModel_Alpha158_csi300_custom_step0_s_20260525_15,651214621e94452ea62fef52c57faeba,0.058,,,
3835,2026-05-25,SH601601,-0.11463986730387227,EXP_DEnsembleModel_Alpha158_csi300_custom_step0_s_20260525_15,651214621e94452ea62fef52c57faeba,0.058,,,
3836,2026-05-25,SH601600,-0.040044697544388545,EXP_DEnsembleModel_Alpha158_csi300_custom_step0_s_20260525_15,651214621e94452ea62fef52c57faeba,0.058,,,
3837,2026-05-25,SH601456,-0.03137856996735962,EXP_DEnsembleModel_Alpha158_csi300_custom_step0_s_20260525_15,651214621e94452ea62fef52c57faeba,0.058,,,
3838,2026-05-25,SH601398,0.07657869657734584,EXP_DEnsembleModel_Alpha158_csi300_custom_step0_s_20260525_15,651214621e94452ea62fef52c57faeba,0.058,,,
3839,2026-05-25,SH601390,0.0250824086632287,EXP_DEnsembleModel_Alpha158_csi300_custom_step0_s_20260525_15,651214621e94452ea62fef52c57faeba,0.058,,,
3840,2026-05-25,SH601618,-0.02652133759846977,EXP_DEnsembleModel_Alpha158_csi300_custom_step0_s_20260525_15,651214621e94452ea62fef52c57faeba,0.058,,,
3841,2026-05-25,SH601728,-0.05541982752286075,EXP_DEnsembleModel_Alpha158_csi300_custom_step0_s_20260525_15,651214621e94452ea62fef52c57faeba,0.058,,,
3842,2026-05-25,SH601766,-0.05285968975111613,EXP_DEnsembleModel_Alpha158_csi300_custom_step0_s_20260525_15,651214621e94452ea62fef52c57faeba,0.058,,,
3843,2026-05-25,SH601788,-0.07391849301439796,EXP_DEnsembleModel_Alpha158_csi300_custom_step0_s_20260525_15,651214621e94452ea62fef52c57faeba,0.058,,,
3844,2026-05-25,SH601899,-0.1274762373680031,EXP_DEnsembleModel_Alpha158_csi300_custom_step0_s_20260525_15,651214621e94452ea62fef52c57faeba,0.058,,,
3845,2026-05-25,SH601898,-0.003690131965771719,EXP_DEnsembleModel_Alpha158_csi300_custom_step0_s_20260525_15,651214621e94452ea62fef52c57faeba,0.058,,,
3846,2026-05-25,SH601888,-0.04389097117197671,EXP_DEnsembleModel_Alpha158_csi300_custom_step0_s_20260525_15,651214621e94452ea62fef52c57faeba,0.058,,,
3847,2026-05-25,SH601881,-0.10196210047653557,EXP_DEnsembleModel_Alpha158_csi300_custom_step0_s_20260525_15,651214621e94452ea62fef52c57faeba,0.058,,,
3848,2026-05-25,SH601878,-0.03108403674656064,EXP_DEnsembleModel_Alpha158_csi300_custom_step0_s_20260525_15,651214621e94452ea62fef52c57faeba,0.058,,,
3849,2026-05-25,SH601877,-0.05269196225843027,EXP_DEnsembleModel_Alpha158_csi300_custom_step0_s_20260525_15,651214621e94452ea62fef52c57faeba,0.058,,,
3850,2026-05-25,SH601872,-0.04970041437294653,EXP_DEnsembleModel_Alpha158_csi300_custom_step0_s_20260525_15,651214621e94452ea62fef52c57faeba,0.058,,,
3851,2026-05-25,SH601868,-0.060946490063876736,EXP_DEnsembleModel_Alpha158_csi300_custom_step0_s_20260525_15,651214621e94452ea62fef52c57faeba,0.058,,,
3852,2026-05-25,SH601857,-0.1166559194617149,EXP_DEnsembleModel_Alpha158_csi300_custom_step0_s_20260525_15,651214621e94452ea62fef52c57faeba,0.058,,,
3853,2026-05-25,SH601838,0.12475464699911086,EXP_DEnsembleModel_Alpha158_csi300_custom_step0_s_20260525_15,651214621e94452ea62fef52c57faeba,0.058,,,
3854,2026-05-25,SH601825,0.07890025184683219,EXP_DEnsembleModel_Alpha158_csi300_custom_step0_s_20260525_15,651214621e94452ea62fef52c57faeba,0.058,,,
3855,2026-05-25,SH601818,0.071961780439051,EXP_DEnsembleModel_Alpha158_csi300_custom_step0_s_20260525_15,651214621e94452ea62fef52c57faeba,0.058,,,
3856,2026-05-25,SH601816,-7.813164982094788e-05,EXP_DEnsembleModel_Alpha158_csi300_custom_step0_s_20260525_15,651214621e94452ea62fef52c57faeba,0.058,,,
3857,2026-05-25,SH601808,0.0562962958031532,EXP_DEnsembleModel_Alpha158_csi300_custom_step0_s_20260525_15,651214621e94452ea62fef52c57faeba,0.058,,,
3858,2026-05-25,SH601800,-0.019606186677104866,EXP_DEnsembleModel_Alpha158_csi300_custom_step0_s_20260525_15,651214621e94452ea62fef52c57faeba,0.058,,,
3859,2026-05-25,SH601377,-0.09845350288774052,EXP_DEnsembleModel_Alpha158_csi300_custom_step0_s_20260525_15,651214621e94452ea62fef52c57faeba,0.058,,,
3860,2026-05-25,SH601360,0.003680917363220463,EXP_DEnsembleModel_Alpha158_csi300_custom_step0_s_20260525_15,651214621e94452ea62fef52c57faeba,0.058,,,
3861,2026-05-25,SH601336,-0.1298374299033461,EXP_DEnsembleModel_Alpha158_csi300_custom_step0_s_20260525_15,651214621e94452ea62fef52c57faeba,0.058,,,
3862,2026-05-25,SH601328,0.03877842273947186,EXP_DEnsembleModel_Alpha158_csi300_custom_step0_s_20260525_15,651214621e94452ea62fef52c57faeba,0.058,,,
3863,2026-05-25,SH601077,0.045591378759531405,EXP_DEnsembleModel_Alpha158_csi300_custom_step0_s_20260525_15,651214621e94452ea62fef52c57faeba,0.058,,,
3864,2026-05-25,SH601066,-0.048668071694081744,EXP_DEnsembleModel_Alpha158_csi300_custom_step0_s_20260525_15,651214621e94452ea62fef52c57faeba,0.058,,,
3865,2026-05-25,SH601059,0.054772386552846525,EXP_DEnsembleModel_Alpha158_csi300_custom_step0_s_20260525_15,651214621e94452ea62fef52c57faeba,0.058,,,
3866,2026-05-25,SH601058,-0.06570272651176509,EXP_DEnsembleModel_Alpha158_csi300_custom_step0_s_20260525_15,651214621e94452ea62fef52c57faeba,0.058,,,
3867,2026-05-25,SH601021,-0.06623367202809242,EXP_DEnsembleModel_Alpha158_csi300_custom_step0_s_20260525_15,651214621e94452ea62fef52c57faeba,0.058,,,
3868,2026-05-25,SH601018,-0.01583636224036466,EXP_DEnsembleModel_Alpha158_csi300_custom_step0_s_20260525_15,651214621e94452ea62fef52c57faeba,0.058,,,
3869,2026-05-25,SH601012,0.016875620929046063,EXP_DEnsembleModel_Alpha158_csi300_custom_step0_s_20260525_15,651214621e94452ea62fef52c57faeba,0.058,,,
3870,2026-05-25,SH601009,-0.04066567107384466,EXP_DEnsembleModel_Alpha158_csi300_custom_step0_s_20260525_15,651214621e94452ea62fef52c57faeba,0.058,,,
3871,2026-05-25,SH601006,0.14078294713977083,EXP_DEnsembleModel_Alpha158_csi300_custom_step0_s_20260525_15,651214621e94452ea62fef52c57faeba,0.058,,,
3872,2026-05-25,SH600999,0.05898506308475568,EXP_DEnsembleModel_Alpha158_csi300_custom_step0_s_20260525_15,651214621e94452ea62fef52c57faeba,0.058,,,
3873,2026-05-25,SH600989,-0.0064511202627371535,EXP_DEnsembleModel_Alpha158_csi300_custom_step0_s_20260525_15,651214621e94452ea62fef52c57faeba,0.058,,,
3874,2026-05-25,SH600958,-0.06484680995304008,EXP_DEnsembleModel_Alpha158_csi300_custom_step0_s_20260525_15,651214621e94452ea62fef52c57faeba,0.058,,,
3875,2026-05-25,SH600941,-0.020210559017887493,EXP_DEnsembleModel_Alpha158_csi300_custom_step0_s_20260525_15,651214621e94452ea62fef52c57faeba,0.058,,,
3876,2026-05-25,SH600938,-0.06551124387071351,EXP_DEnsembleModel_Alpha158_csi300_custom_step0_s_20260525_15,651214621e94452ea62fef52c57faeba,0.058,,,
3877,2026-05-25,SH600930,-0.013059096089920928,EXP_DEnsembleModel_Alpha158_csi300_custom_step0_s_20260525_15,651214621e94452ea62fef52c57faeba,0.058,,,
3878,2026-05-25,SH601088,0.0033198655862111356,EXP_DEnsembleModel_Alpha158_csi300_custom_step0_s_20260525_15,651214621e94452ea62fef52c57faeba,0.058,,,
3879,2026-05-25,SH600919,0.1249875914465753,EXP_DEnsembleModel_Alpha158_csi300_custom_step0_s_20260525_15,651214621e94452ea62fef52c57faeba,0.058,,,
3880,2026-05-25,SH601100,0.0033255977854524123,EXP_DEnsembleModel_Alpha158_csi300_custom_step0_s_20260525_15,651214621e94452ea62fef52c57faeba,0.058,,,
3881,2026-05-25,SH601117,-0.04518817559552989,EXP_DEnsembleModel_Alpha158_csi300_custom_step0_s_20260525_15,651214621e94452ea62fef52c57faeba,0.058,,,
3882,2026-05-25,SH601319,-0.04013565948356706,EXP_DEnsembleModel_Alpha158_csi300_custom_step0_s_20260525_15,651214621e94452ea62fef52c57faeba,0.058,,,
3883,2026-05-25,SH601318,-0.11811104158854636,EXP_DEnsembleModel_Alpha158_csi300_custom_step0_s_20260525_15,651214621e94452ea62fef52c57faeba,0.058,,,
3884,2026-05-25,SH601298,0.08996515789335392,EXP_DEnsembleModel_Alpha158_csi300_custom_step0_s_20260525_15,651214621e94452ea62fef52c57faeba,0.058,,,
3885,2026-05-25,SH601288,0.039258598443959576,EXP_DEnsembleModel_Alpha158_csi300_custom_step0_s_20260525_15,651214621e94452ea62fef52c57faeba,0.058,,,
3886,2026-05-25,SH601238,0.013015609074949142,EXP_DEnsembleModel_Alpha158_csi300_custom_step0_s_20260525_15,651214621e94452ea62fef52c57faeba,0.058,,,
3887,2026-05-25,SH601236,-0.002874424437915918,EXP_DEnsembleModel_Alpha158_csi300_custom_step0_s_20260525_15,651214621e94452ea62fef52c57faeba,0.058,,,
3888,2026-05-25,SH601229,-0.012510247031895785,EXP_DEnsembleModel_Alpha158_csi300_custom_step0_s_20260525_15,651214621e94452ea62fef52c57faeba,0.058,,,
3889,2026-05-25,SH601225,-0.0028478041323331507,EXP_DEnsembleModel_Alpha158_csi300_custom_step0_s_20260525_15,651214621e94452ea62fef52c57faeba,0.058,,,
3890,2026-05-25,SH601211,-0.01281088198245566,EXP_DEnsembleModel_Alpha158_csi300_custom_step0_s_20260525_15,651214621e94452ea62fef52c57faeba,0.058,,,
3891,2026-05-25,SH601186,-0.036834439485811395,EXP_DEnsembleModel_Alpha158_csi300_custom_step0_s_20260525_15,651214621e94452ea62fef52c57faeba,0.058,,,
3892,2026-05-25,SH601169,0.003390463032202111,EXP_DEnsembleModel_Alpha158_csi300_custom_step0_s_20260525_15,651214621e94452ea62fef52c57faeba,0.058,,,
3893,2026-05-25,SH601166,0.04199118086416073,EXP_DEnsembleModel_Alpha158_csi300_custom_step0_s_20260525_15,651214621e94452ea62fef52c57faeba,0.058,,,
3894,2026-05-25,SH601138,-0.08149196084919119,EXP_DEnsembleModel_Alpha158_csi300_custom_step0_s_20260525_15,651214621e94452ea62fef52c57faeba,0.058,,,
3895,2026-05-25,SH601136,-0.08485858256950639,EXP_DEnsembleModel_Alpha158_csi300_custom_step0_s_20260525_15,651214621e94452ea62fef52c57faeba,0.058,,,
3896,2026-05-25,SH601127,-0.07657563629927498,EXP_DEnsembleModel_Alpha158_csi300_custom_step0_s_20260525_15,651214621e94452ea62fef52c57faeba,0.058,,,
3897,2026-05-25,SH601111,-0.03033902814364819,EXP_DEnsembleModel_Alpha158_csi300_custom_step0_s_20260525_15,651214621e94452ea62fef52c57faeba,0.058,,,
3898,2026-05-25,SH600009,-0.05301846694857216,EXP_DEnsembleModel_Alpha158_csi300_custom_step0_s_20260525_15,651214621e94452ea62fef52c57faeba,0.058,,,
3899,2026-05-25,SZ302132,-0.16601298027687983,EXP_DEnsembleModel_Alpha158_csi300_custom_step0_s_20260525_15,651214621e94452ea62fef52c57faeba,0.058,,,
3900,2026-05-25,SH600009,-0.03270179671562505,EXP_DEnsembleModel_Alpha158_csi300_custom_step0_s_20260525_15,e4bb2a3885114c06898d9fbd9d9c154a,0.053,,,
3901,2026-05-25,SZ000596,-0.11627196949082211,EXP_DEnsembleModel_Alpha158_csi300_custom_step0_s_20260525_15,e4bb2a3885114c06898d9fbd9d9c154a,0.053,,,
3902,2026-05-25,SZ000568,-0.06998826063325474,EXP_DEnsembleModel_Alpha158_csi300_custom_step0_s_20260525_15,e4bb2a3885114c06898d9fbd9d9c154a,0.053,,,
3903,2026-05-25,SZ000538,0.04787890249484952,EXP_DEnsembleModel_Alpha158_csi300_custom_step0_s_20260525_15,e4bb2a3885114c06898d9fbd9d9c154a,0.053,,,
3904,2026-05-25,SZ000425,-0.06180811318996912,EXP_DEnsembleModel_Alpha158_csi300_custom_step0_s_20260525_15,e4bb2a3885114c06898d9fbd9d9c154a,0.053,,,
3905,2026-05-25,SZ000408,-0.08939995047991227,EXP_DEnsembleModel_Alpha158_csi300_custom_step0_s_20260525_15,e4bb2a3885114c06898d9fbd9d9c154a,0.053,,,
3906,2026-05-25,SZ000338,-0.10387726260894771,EXP_DEnsembleModel_Alpha158_csi300_custom_step0_s_20260525_15,e4bb2a3885114c06898d9fbd9d9c154a,0.053,,,
3907,2026-05-25,SZ000617,0.0538813841149325,EXP_DEnsembleModel_Alpha158_csi300_custom_step0_s_20260525_15,e4bb2a3885114c06898d9fbd9d9c154a,0.053,,,
3908,2026-05-25,SZ000333,0.06369746338923954,EXP_DEnsembleModel_Alpha158_csi300_custom_step0_s_20260525_15,e4bb2a3885114c06898d9fbd9d9c154a,0.053,,,
3909,2026-05-25,SZ000166,-0.0022271735974195056,EXP_DEnsembleModel_Alpha158_csi300_custom_step0_s_20260525_15,e4bb2a3885114c06898d9fbd9d9c154a,0.053,,,
3910,2026-05-25,SZ000157,-0.015528889869091287,EXP_DEnsembleModel_Alpha158_csi300_custom_step0_s_20260525_15,e4bb2a3885114c06898d9fbd9d9c154a,0.053,,,
3911,2026-05-25,SZ000100,-0.0663891535988186,EXP_DEnsembleModel_Alpha158_csi300_custom_step0_s_20260525_15,e4bb2a3885114c06898d9fbd9d9c154a,0.053,,,
3912,2026-05-25,SZ000063,-0.05571018748763442,EXP_DEnsembleModel_Alpha158_csi300_custom_step0_s_20260525_15,e4bb2a3885114c06898d9fbd9d9c154a,0.053,,,
3913,2026-05-25,SZ000002,-0.10858015439355054,EXP_DEnsembleModel_Alpha158_csi300_custom_step0_s_20260525_15,e4bb2a3885114c06898d9fbd9d9c154a,0.053,,,
3914,2026-05-25,SZ000001,-0.017481731545446032,EXP_DEnsembleModel_Alpha158_csi300_custom_step0_s_20260525_15,e4bb2a3885114c06898d9fbd9d9c154a,0.053,,,
3915,2026-05-25,SZ000301,-0.0794701766332275,EXP_DEnsembleModel_Alpha158_csi300_custom_step0_s_20260525_15,e4bb2a3885114c06898d9fbd9d9c154a,0.053,,,
3916,2026-05-25,SZ000625,0.052611562434363754,EXP_DEnsembleModel_Alpha158_csi300_custom_step0_s_20260525_15,e4bb2a3885114c06898d9fbd9d9c154a,0.053,,,
3917,2026-05-25,SZ000630,-0.09347448253937858,EXP_DEnsembleModel_Alpha158_csi300_custom_step0_s_20260525_15,e4bb2a3885114c06898d9fbd9d9c154a,0.053,,,
3918,2026-05-25,SZ000651,0.005469921225689263,EXP_DEnsembleModel_Alpha158_csi300_custom_step0_s_20260525_15,e4bb2a3885114c06898d9fbd9d9c154a,0.053,,,
3919,2026-05-25,SZ000977,-0.05075743690089008,EXP_DEnsembleModel_Alpha158_csi300_custom_step0_s_20260525_15,e4bb2a3885114c06898d9fbd9d9c154a,0.053,,,
3920,2026-05-25,SZ000975,0.05769937024241158,EXP_DEnsembleModel_Alpha158_csi300_custom_step0_s_20260525_15,e4bb2a3885114c06898d9fbd9d9c154a,0.053,,,
3921,2026-05-25,SZ000963,-0.025615394507719273,EXP_DEnsembleModel_Alpha158_csi300_custom_step0_s_20260525_15,e4bb2a3885114c06898d9fbd9d9c154a,0.053,,,
3922,2026-05-25,SZ000938,-0.055598586876412275,EXP_DEnsembleModel_Alpha158_csi300_custom_step0_s_20260525_15,e4bb2a3885114c06898d9fbd9d9c154a,0.053,,,
3923,2026-05-25,SZ000895,-0.006059174508821147,EXP_DEnsembleModel_Alpha158_csi300_custom_step0_s_20260525_15,e4bb2a3885114c06898d9fbd9d9c154a,0.053,,,
3924,2026-05-25,SZ000876,-0.046986290707834506,EXP_DEnsembleModel_Alpha158_csi300_custom_step0_s_20260525_15,e4bb2a3885114c06898d9fbd9d9c154a,0.053,,,
3925,2026-05-25,SZ000858,0.04209779481076414,EXP_DEnsembleModel_Alpha158_csi300_custom_step0_s_20260525_15,e4bb2a3885114c06898d9fbd9d9c154a,0.053,,,
3926,2026-05-25,SZ000807,0.00921283152971246,EXP_DEnsembleModel_Alpha158_csi300_custom_step0_s_20260525_15,e4bb2a3885114c06898d9fbd9d9c154a,0.053,,,
3927,2026-05-25,SZ000792,-0.056389019819108106,EXP_DEnsembleModel_Alpha158_csi300_custom_step0_s_20260525_15,e4bb2a3885114c06898d9fbd9d9c154a,0.053,,,
3928,2026-05-25,SZ000786,-0.11401834983650183,EXP_DEnsembleModel_Alpha158_csi300_custom_step0_s_20260525_15,e4bb2a3885114c06898d9fbd9d9c154a,0.053,,,
3929,2026-05-25,SZ000776,-0.02288191872499959,EXP_DEnsembleModel_Alpha158_csi300_custom_step0_s_20260525_15,e4bb2a3885114c06898d9fbd9d9c154a,0.053,,,
3930,2026-05-25,SZ000768,-0.05023541615201157,EXP_DEnsembleModel_Alpha158_csi300_custom_step0_s_20260525_15,e4bb2a3885114c06898d9fbd9d9c154a,0.053,,,
3931,2026-05-25,SZ000725,0.09502118288647585,EXP_DEnsembleModel_Alpha158_csi300_custom_step0_s_20260525_15,e4bb2a3885114c06898d9fbd9d9c154a,0.053,,,
3932,2026-05-25,SZ000708,0.013554141575935324,EXP_DEnsembleModel_Alpha158_csi300_custom_step0_s_20260525_15,e4bb2a3885114c06898d9fbd9d9c154a,0.053,,,
3933,2026-05-25,SZ000661,-0.15121856172928724,EXP_DEnsembleModel_Alpha158_csi300_custom_step0_s_20260525_15,e4bb2a3885114c06898d9fbd9d9c154a,0.053,,,
3934,2026-05-25,SH688981,0.08081938973297868,EXP_DEnsembleModel_Alpha158_csi300_custom_step0_s_20260525_15,e4bb2a3885114c06898d9fbd9d9c154a,0.053,,,
3935,2026-05-25,SH688506,0.027218482014552438,EXP_DEnsembleModel_Alpha158_csi300_custom_step0_s_20260525_15,e4bb2a3885114c06898d9fbd9d9c154a,0.053,,,
3936,2026-05-25,SH688472,-0.15890614846300713,EXP_DEnsembleModel_Alpha158_csi300_custom_step0_s_20260525_15,e4bb2a3885114c06898d9fbd9d9c154a,0.053,,,
3937,2026-05-25,SH688396,-0.041562748268636075,EXP_DEnsembleModel_Alpha158_csi300_custom_step0_s_20260525_15,e4bb2a3885114c06898d9fbd9d9c154a,0.053,,,
3938,2026-05-25,SH603893,-0.010168256945443491,EXP_DEnsembleModel_Alpha158_csi300_custom_step0_s_20260525_15,e4bb2a3885114c06898d9fbd9d9c154a,0.053,,,
3939,2026-05-25,SH603799,-0.08344031359852408,EXP_DEnsembleModel_Alpha158_csi300_custom_step0_s_20260525_15,e4bb2a3885114c06898d9fbd9d9c154a,0.053,,,
3940,2026-05-25,SH603501,-0.04494905687513604,EXP_DEnsembleModel_Alpha158_csi300_custom_step0_s_20260525_15,e4bb2a3885114c06898d9fbd9d9c154a,0.053,,,
3941,2026-05-25,SH603392,-0.1336628033876078,EXP_DEnsembleModel_Alpha158_csi300_custom_step0_s_20260525_15,e4bb2a3885114c06898d9fbd9d9c154a,0.053,,,
3942,2026-05-25,SH603369,-0.07549529732009806,EXP_DEnsembleModel_Alpha158_csi300_custom_step0_s_20260525_15,e4bb2a3885114c06898d9fbd9d9c154a,0.053,,,
3943,2026-05-25,SH603296,-0.07831990899294212,EXP_DEnsembleModel_Alpha158_csi300_custom_step0_s_20260525_15,e4bb2a3885114c06898d9fbd9d9c154a,0.053,,,
3944,2026-05-25,SH603288,-0.09495540817226514,EXP_DEnsembleModel_Alpha158_csi300_custom_step0_s_20260525_15,e4bb2a3885114c06898d9fbd9d9c154a,0.053,,,
3945,2026-05-25,SH603260,-0.061019810971322086,EXP_DEnsembleModel_Alpha158_csi300_custom_step0_s_20260525_15,e4bb2a3885114c06898d9fbd9d9c154a,0.053,,,
3946,2026-05-25,SH603259,-0.025908313106784788,EXP_DEnsembleModel_Alpha158_csi300_custom_step0_s_20260525_15,e4bb2a3885114c06898d9fbd9d9c154a,0.053,,,
3947,2026-05-25,SH603195,-0.008610827655998151,EXP_DEnsembleModel_Alpha158_csi300_custom_step0_s_20260525_15,e4bb2a3885114c06898d9fbd9d9c154a,0.053,,,
3948,2026-05-25,SH603019,-0.08395975388428677,EXP_DEnsembleModel_Alpha158_csi300_custom_step0_s_20260525_15,e4bb2a3885114c06898d9fbd9d9c154a,0.053,,,
3949,2026-05-25,SH601998,0.08022388653761893,EXP_DEnsembleModel_Alpha158_csi300_custom_step0_s_20260525_15,e4bb2a3885114c06898d9fbd9d9c154a,0.053,,,
3950,2026-05-25,SH601995,0.07501717562306025,EXP_DEnsembleModel_Alpha158_csi300_custom_step0_s_20260525_15,e4bb2a3885114c06898d9fbd9d9c154a,0.053,,,
3951,2026-05-25,SH601988,0.15134291507352013,EXP_DEnsembleModel_Alpha158_csi300_custom_step0_s_20260525_15,e4bb2a3885114c06898d9fbd9d9c154a,0.053,,,
3952,2026-05-25,SH601985,0.06780421784017517,EXP_DEnsembleModel_Alpha158_csi300_custom_step0_s_20260525_15,e4bb2a3885114c06898d9fbd9d9c154a,0.053,,,
3953,2026-05-25,SH603986,-0.44663053479014647,EXP_DEnsembleModel_Alpha158_csi300_custom_step0_s_20260525_15,e4bb2a3885114c06898d9fbd9d9c154a,0.053,,,
3954,2026-05-25,SZ000983,-0.09541196953857294,EXP_DEnsembleModel_Alpha158_csi300_custom_step0_s_20260525_15,e4bb2a3885114c06898d9fbd9d9c154a,0.053,,,
3955,2026-05-25,SH603993,-0.17265617307207518,EXP_DEnsembleModel_Alpha158_csi300_custom_step0_s_20260525_15,e4bb2a3885114c06898d9fbd9d9c154a,0.053,,,
3956,2026-05-25,SH605499,0.03986942134238975,EXP_DEnsembleModel_Alpha158_csi300_custom_step0_s_20260525_15,e4bb2a3885114c06898d9fbd9d9c154a,0.053,,,
3957,2026-05-25,SH688303,-0.17992849567989225,EXP_DEnsembleModel_Alpha158_csi300_custom_step0_s_20260525_15,e4bb2a3885114c06898d9fbd9d9c154a,0.053,,,
3958,2026-05-25,SH688271,-0.025172030552090646,EXP_DEnsembleModel_Alpha158_csi300_custom_step0_s_20260525_15,e4bb2a3885114c06898d9fbd9d9c154a,0.053,,,
3959,2026-05-25,SH688256,-0.25563089375348863,EXP_DEnsembleModel_Alpha158_csi300_custom_step0_s_20260525_15,e4bb2a3885114c06898d9fbd9d9c154a,0.053,,,
3960,2026-05-25,SH688223,-0.14883628555494172,EXP_DEnsembleModel_Alpha158_csi300_custom_step0_s_20260525_15,e4bb2a3885114c06898d9fbd9d9c154a,0.053,,,
3961,2026-05-25,SH688187,0.07862131514498821,EXP_DEnsembleModel_Alpha158_csi300_custom_step0_s_20260525_15,e4bb2a3885114c06898d9fbd9d9c154a,0.053,,,
3962,2026-05-25,SH688169,-0.11997460774696203,EXP_DEnsembleModel_Alpha158_csi300_custom_step0_s_20260525_15,e4bb2a3885114c06898d9fbd9d9c154a,0.053,,,
3963,2026-05-25,SH688126,-0.16056507328408062,EXP_DEnsembleModel_Alpha158_csi300_custom_step0_s_20260525_15,e4bb2a3885114c06898d9fbd9d9c154a,0.053,,,
3964,2026-05-25,SH688111,-0.14963904694267072,EXP_DEnsembleModel_Alpha158_csi300_custom_step0_s_20260525_15,e4bb2a3885114c06898d9fbd9d9c154a,0.053,,,
3965,2026-05-25,SH688082,-0.3816739044482344,EXP_DEnsembleModel_Alpha158_csi300_custom_step0_s_20260525_15,e4bb2a3885114c06898d9fbd9d9c154a,0.053,,,
3966,2026-05-25,SH688047,-0.09542916554825924,EXP_DEnsembleModel_Alpha158_csi300_custom_step0_s_20260525_15,e4bb2a3885114c06898d9fbd9d9c154a,0.053,,,
3967,2026-05-25,SH688041,-0.13292428672402298,EXP_DEnsembleModel_Alpha158_csi300_custom_step0_s_20260525_15,e4bb2a3885114c06898d9fbd9d9c154a,0.053,,,
3968,2026-05-25,SH688036,-0.024556379552404344,EXP_DEnsembleModel_Alpha158_csi300_custom_step0_s_20260525_15,e4bb2a3885114c06898d9fbd9d9c154a,0.053,,,
3969,2026-05-25,SH688012,-0.21715410418081926,EXP_DEnsembleModel_Alpha158_csi300_custom_step0_s_20260525_15,e4bb2a3885114c06898d9fbd9d9c154a,0.053,,,
3970,2026-05-25,SH688009,-0.036852523993151344,EXP_DEnsembleModel_Alpha158_csi300_custom_step0_s_20260525_15,e4bb2a3885114c06898d9fbd9d9c154a,0.053,,,
3971,2026-05-25,SH688008,-0.2855152955449848,EXP_DEnsembleModel_Alpha158_csi300_custom_step0_s_20260525_15,e4bb2a3885114c06898d9fbd9d9c154a,0.053,,,
3972,2026-05-25,SH605117,-0.09700180968105869,EXP_DEnsembleModel_Alpha158_csi300_custom_step0_s_20260525_15,e4bb2a3885114c06898d9fbd9d9c154a,0.053,,,
3973,2026-05-25,SH601939,0.1346032043564855,EXP_DEnsembleModel_Alpha158_csi300_custom_step0_s_20260525_15,e4bb2a3885114c06898d9fbd9d9c154a,0.053,,,
3974,2026-05-25,SZ000999,-0.0009320712250487987,EXP_DEnsembleModel_Alpha158_csi300_custom_step0_s_20260525_15,e4bb2a3885114c06898d9fbd9d9c154a,0.053,,,
3975,2026-05-25,SZ001965,0.01519904506437176,EXP_DEnsembleModel_Alpha158_csi300_custom_step0_s_20260525_15,e4bb2a3885114c06898d9fbd9d9c154a,0.053,,,
3976,2026-05-25,SZ300413,0.06003455496988648,EXP_DEnsembleModel_Alpha158_csi300_custom_step0_s_20260525_15,e4bb2a3885114c06898d9fbd9d9c154a,0.053,,,
3977,2026-05-25,SZ300408,-0.11653897301494671,EXP_DEnsembleModel_Alpha158_csi300_custom_step0_s_20260525_15,e4bb2a3885114c06898d9fbd9d9c154a,0.053,,,
3978,2026-05-25,SZ300394,0.09400341564078628,EXP_DEnsembleModel_Alpha158_csi300_custom_step0_s_20260525_15,e4bb2a3885114c06898d9fbd9d9c154a,0.053,,,
3979,2026-05-25,SZ300347,0.03762338949376883,EXP_DEnsembleModel_Alpha158_csi300_custom_step0_s_20260525_15,e4bb2a3885114c06898d9fbd9d9c154a,0.053,,,
3980,2026-05-25,SZ300316,-0.10214247174916301,EXP_DEnsembleModel_Alpha158_csi300_custom_step0_s_20260525_15,e4bb2a3885114c06898d9fbd9d9c154a,0.053,,,
3981,2026-05-25,SZ300308,-0.0839516281309661,EXP_DEnsembleModel_Alpha158_csi300_custom_step0_s_20260525_15,e4bb2a3885114c06898d9fbd9d9c154a,0.053,,,
3982,2026-05-25,SZ300418,-0.1289390574875105,EXP_DEnsembleModel_Alpha158_csi300_custom_step0_s_20260525_15,e4bb2a3885114c06898d9fbd9d9c154a,0.053,,,
3983,2026-05-25,SZ300274,-0.180608749101374,EXP_DEnsembleModel_Alpha158_csi300_custom_step0_s_20260525_15,e4bb2a3885114c06898d9fbd9d9c154a,0.053,,,
3984,2026-05-25,SZ300124,0.02162344260512983,EXP_DEnsembleModel_Alpha158_csi300_custom_step0_s_20260525_15,e4bb2a3885114c06898d9fbd9d9c154a,0.053,,,
3985,2026-05-25,SZ300122,-0.17166191193092398,EXP_DEnsembleModel_Alpha158_csi300_custom_step0_s_20260525_15,e4bb2a3885114c06898d9fbd9d9c154a,0.053,,,
3986,2026-05-25,SZ300059,-0.1270827318970824,EXP_DEnsembleModel_Alpha158_csi300_custom_step0_s_20260525_15,e4bb2a3885114c06898d9fbd9d9c154a,0.053,,,
3987,2026-05-25,SZ300033,-0.13600543363528642,EXP_DEnsembleModel_Alpha158_csi300_custom_step0_s_20260525_15,e4bb2a3885114c06898d9fbd9d9c154a,0.053,,,
3988,2026-05-25,SZ300015,-0.162519045883775,EXP_DEnsembleModel_Alpha158_csi300_custom_step0_s_20260525_15,e4bb2a3885114c06898d9fbd9d9c154a,0.053,,,
3989,2026-05-25,SZ300014,-0.020072293573480105,EXP_DEnsembleModel_Alpha158_csi300_custom_step0_s_20260525_15,e4bb2a3885114c06898d9fbd9d9c154a,0.053,,,
3990,2026-05-25,SZ300251,-0.03356091240044229,EXP_DEnsembleModel_Alpha158_csi300_custom_step0_s_20260525_15,e4bb2a3885114c06898d9fbd9d9c154a,0.053,,,
3991,2026-05-25,SZ300433,0.08126052945496691,EXP_DEnsembleModel_Alpha158_csi300_custom_step0_s_20260525_15,e4bb2a3885114c06898d9fbd9d9c154a,0.053,,,
3992,2026-05-25,SZ300442,-0.16943278703074313,EXP_DEnsembleModel_Alpha158_csi300_custom_step0_s_20260525_15,e4bb2a3885114c06898d9fbd9d9c154a,0.053,,,
3993,2026-05-25,SZ300476,-0.017895101777020857,EXP_DEnsembleModel_Alpha158_csi300_custom_step0_s_20260525_15,e4bb2a3885114c06898d9fbd9d9c154a,0.053,,,
3994,2026-05-25,SZ301236,-0.06879907027964492,EXP_DEnsembleModel_Alpha158_csi300_custom_step0_s_20260525_15,e4bb2a3885114c06898d9fbd9d9c154a,0.053,,,
3995,2026-05-25,SZ300999,-0.053227786357686116,EXP_DEnsembleModel_Alpha158_csi300_custom_step0_s_20260525_15,e4bb2a3885114c06898d9fbd9d9c154a,0.053,,,
3996,2026-05-25,SZ300979,0.009956642836769097,EXP_DEnsembleModel_Alpha158_csi300_custom_step0_s_20260525_15,e4bb2a3885114c06898d9fbd9d9c154a,0.053,,,
3997,2026-05-25,SZ300896,-0.05594909681007588,EXP_DEnsembleModel_Alpha158_csi300_custom_step0_s_20260525_15,e4bb2a3885114c06898d9fbd9d9c154a,0.053,,,
3998,2026-05-25,SZ300866,0.05748266125394471,EXP_DEnsembleModel_Alpha158_csi300_custom_step0_s_20260525_15,e4bb2a3885114c06898d9fbd9d9c154a,0.053,,,
3999,2026-05-25,SZ300832,-0.12177562457798338,EXP_DEnsembleModel_Alpha158_csi300_custom_step0_s_20260525_15,e4bb2a3885114c06898d9fbd9d9c154a,0.053,,,
4000,2026-05-25,SZ300803,-0.159707667557653,EXP_DEnsembleModel_Alpha158_csi300_custom_step0_s_20260525_15,e4bb2a3885114c06898d9fbd9d9c154a,0.053,,,
4001,2026-05-25,SZ300782,0.1131955399976874,EXP_DEnsembleModel_Alpha158_csi300_custom_step0_s_20260525_15,e4bb2a3885114c06898d9fbd9d9c154a,0.053,,,
4002,2026-05-25,SZ300760,-0.09829517724681744,EXP_DEnsembleModel_Alpha158_csi300_custom_step0_s_20260525_15,e4bb2a3885114c06898d9fbd9d9c154a,0.053,,,
4003,2026-05-25,SZ300759,0.028118437186615584,EXP_DEnsembleModel_Alpha158_csi300_custom_step0_s_20260525_15,e4bb2a3885114c06898d9fbd9d9c154a,0.053,,,
4004,2026-05-25,SZ300750,0.0023009399382028467,EXP_DEnsembleModel_Alpha158_csi300_custom_step0_s_20260525_15,e4bb2a3885114c06898d9fbd9d9c154a,0.053,,,
4005,2026-05-25,SZ300661,-0.21408453884937173,EXP_DEnsembleModel_Alpha158_csi300_custom_step0_s_20260525_15,e4bb2a3885114c06898d9fbd9d9c154a,0.053,,,
4006,2026-05-25,SZ300628,-0.042988347695283625,EXP_DEnsembleModel_Alpha158_csi300_custom_step0_s_20260525_15,e4bb2a3885114c06898d9fbd9d9c154a,0.053,,,
4007,2026-05-25,SZ300502,-0.12211806694515266,EXP_DEnsembleModel_Alpha158_csi300_custom_step0_s_20260525_15,e4bb2a3885114c06898d9fbd9d9c154a,0.053,,,
4008,2026-05-25,SZ300498,-0.05818215533829922,EXP_DEnsembleModel_Alpha158_csi300_custom_step0_s_20260525_15,e4bb2a3885114c06898d9fbd9d9c154a,0.053,,,
4009,2026-05-25,SZ003816,-0.0011913949912559804,EXP_DEnsembleModel_Alpha158_csi300_custom_step0_s_20260525_15,e4bb2a3885114c06898d9fbd9d9c154a,0.053,,,
4010,2026-05-25,SZ002938,-0.2882389335934758,EXP_DEnsembleModel_Alpha158_csi300_custom_step0_s_20260525_15,e4bb2a3885114c06898d9fbd9d9c154a,0.053,,,
4011,2026-05-25,SZ002920,-0.05397087016394337,EXP_DEnsembleModel_Alpha158_csi300_custom_step0_s_20260525_15,e4bb2a3885114c06898d9fbd9d9c154a,0.053,,,
4012,2026-05-25,SZ002916,-0.14825747152148083,EXP_DEnsembleModel_Alpha158_csi300_custom_step0_s_20260525_15,e4bb2a3885114c06898d9fbd9d9c154a,0.053,,,
4013,2026-05-25,SZ002311,0.019780600391816894,EXP_DEnsembleModel_Alpha158_csi300_custom_step0_s_20260525_15,e4bb2a3885114c06898d9fbd9d9c154a,0.053,,,
4014,2026-05-25,SZ002304,-0.1091875690279266,EXP_DEnsembleModel_Alpha158_csi300_custom_step0_s_20260525_15,e4bb2a3885114c06898d9fbd9d9c154a,0.053,,,
4015,2026-05-25,SZ002252,-0.006776975136704918,EXP_DEnsembleModel_Alpha158_csi300_custom_step0_s_20260525_15,e4bb2a3885114c06898d9fbd9d9c154a,0.053,,,
4016,2026-05-25,SZ002241,-0.0025552503374687884,EXP_DEnsembleModel_Alpha158_csi300_custom_step0_s_20260525_15,e4bb2a3885114c06898d9fbd9d9c154a,0.053,,,
4017,2026-05-25,SZ002236,-0.005535261644581654,EXP_DEnsembleModel_Alpha158_csi300_custom_step0_s_20260525_15,e4bb2a3885114c06898d9fbd9d9c154a,0.053,,,
4018,2026-05-25,SZ002230,-0.009973595826860297,EXP_DEnsembleModel_Alpha158_csi300_custom_step0_s_20260525_15,e4bb2a3885114c06898d9fbd9d9c154a,0.053,,,
4019,2026-05-25,SZ002179,0.02681691102659992,EXP_DEnsembleModel_Alpha158_csi300_custom_step0_s_20260525_15,e4bb2a3885114c06898d9fbd9d9c154a,0.053,,,
4020,2026-05-25,SZ002142,0.08502194403032332,EXP_DEnsembleModel_Alpha158_csi300_custom_step0_s_20260525_15,e4bb2a3885114c06898d9fbd9d9c154a,0.053,,,
4021,2026-05-25,SZ002074,-0.09503416740678547,EXP_DEnsembleModel_Alpha158_csi300_custom_step0_s_20260525_15,e4bb2a3885114c06898d9fbd9d9c154a,0.053,,,
4022,2026-05-25,SZ002050,0.005658606207355273,EXP_DEnsembleModel_Alpha158_csi300_custom_step0_s_20260525_15,e4bb2a3885114c06898d9fbd9d9c154a,0.053,,,
4023,2026-05-25,SZ002049,0.03963693394810524,EXP_DEnsembleModel_Alpha158_csi300_custom_step0_s_20260525_15,e4bb2a3885114c06898d9fbd9d9c154a,0.053,,,
4024,2026-05-25,SZ002028,-0.08624661038888519,EXP_DEnsembleModel_Alpha158_csi300_custom_step0_s_20260525_15,e4bb2a3885114c06898d9fbd9d9c154a,0.053,,,
4025,2026-05-25,SZ002027,0.008998845126052521,EXP_DEnsembleModel_Alpha158_csi300_custom_step0_s_20260525_15,e4bb2a3885114c06898d9fbd9d9c154a,0.053,,,
4026,2026-05-25,SZ002001,0.05990830167960665,EXP_DEnsembleModel_Alpha158_csi300_custom_step0_s_20260525_15,e4bb2a3885114c06898d9fbd9d9c154a,0.053,,,
4027,2026-05-25,SZ001979,-0.24959204720169298,EXP_DEnsembleModel_Alpha158_csi300_custom_step0_s_20260525_15,e4bb2a3885114c06898d9fbd9d9c154a,0.053,,,
4028,2026-05-25,SZ002352,0.044218731366044796,EXP_DEnsembleModel_Alpha158_csi300_custom_step0_s_20260525_15,e4bb2a3885114c06898d9fbd9d9c154a,0.053,,,
4029,2026-05-25,SZ001391,0.009165728705630975,EXP_DEnsembleModel_Alpha158_csi300_custom_step0_s_20260525_15,e4bb2a3885114c06898d9fbd9d9c154a,0.053,,,
4030,2026-05-25,SZ002371,-0.2985990766486918,EXP_DEnsembleModel_Alpha158_csi300_custom_step0_s_20260525_15,e4bb2a3885114c06898d9fbd9d9c154a,0.053,,,
4031,2026-05-25,SZ002415,-0.06601726529356189,EXP_DEnsembleModel_Alpha158_csi300_custom_step0_s_20260525_15,e4bb2a3885114c06898d9fbd9d9c154a,0.053,,,
4032,2026-05-25,SZ002736,-0.032716182131117585,EXP_DEnsembleModel_Alpha158_csi300_custom_step0_s_20260525_15,e4bb2a3885114c06898d9fbd9d9c154a,0.053,,,
4033,2026-05-25,SZ002714,0.021160834220488818,EXP_DEnsembleModel_Alpha158_csi300_custom_step0_s_20260525_15,e4bb2a3885114c06898d9fbd9d9c154a,0.053,,,
4034,2026-05-25,SZ002709,0.17944235461197874,EXP_DEnsembleModel_Alpha158_csi300_custom_step0_s_20260525_15,e4bb2a3885114c06898d9fbd9d9c154a,0.053,,,
4035,2026-05-25,SZ002648,0.07990003312555015,EXP_DEnsembleModel_Alpha158_csi300_custom_step0_s_20260525_15,e4bb2a3885114c06898d9fbd9d9c154a,0.053,,,
4036,2026-05-25,SZ002625,0.0014671723127532637,EXP_DEnsembleModel_Alpha158_csi300_custom_step0_s_20260525_15,e4bb2a3885114c06898d9fbd9d9c154a,0.053,,,
4037,2026-05-25,SZ002601,-0.013015486079935554,EXP_DEnsembleModel_Alpha158_csi300_custom_step0_s_20260525_15,e4bb2a3885114c06898d9fbd9d9c154a,0.053,,,
4038,2026-05-25,SZ002600,-0.0025515481582273395,EXP_DEnsembleModel_Alpha158_csi300_custom_step0_s_20260525_15,e4bb2a3885114c06898d9fbd9d9c154a,0.053,,,
4039,2026-05-25,SZ002594,-0.09012986941857176,EXP_DEnsembleModel_Alpha158_csi300_custom_step0_s_20260525_15,e4bb2a3885114c06898d9fbd9d9c154a,0.053,,,
4040,2026-05-25,SZ002493,-0.16548586171960541,EXP_DEnsembleModel_Alpha158_csi300_custom_step0_s_20260525_15,e4bb2a3885114c06898d9fbd9d9c154a,0.053,,,
4041,2026-05-25,SZ002475,-0.21321189868248935,EXP_DEnsembleModel_Alpha158_csi300_custom_step0_s_20260525_15,e4bb2a3885114c06898d9fbd9d9c154a,0.053,,,
4042,2026-05-25,SZ002466,-0.06900751427597084,EXP_DEnsembleModel_Alpha158_csi300_custom_step0_s_20260525_15,e4bb2a3885114c06898d9fbd9d9c154a,0.053,,,
4043,2026-05-25,SZ002463,-0.14110247579428845,EXP_DEnsembleModel_Alpha158_csi300_custom_step0_s_20260525_15,e4bb2a3885114c06898d9fbd9d9c154a,0.053,,,
4044,2026-05-25,SZ002460,0.014882342432160148,EXP_DEnsembleModel_Alpha158_csi300_custom_step0_s_20260525_15,e4bb2a3885114c06898d9fbd9d9c154a,0.053,,,
4045,2026-05-25,SZ002459,-0.009351581284808461,EXP_DEnsembleModel_Alpha158_csi300_custom_step0_s_20260525_15,e4bb2a3885114c06898d9fbd9d9c154a,0.053,,,
4046,2026-05-25,SZ002422,0.016823471805074302,EXP_DEnsembleModel_Alpha158_csi300_custom_step0_s_20260525_15,e4bb2a3885114c06898d9fbd9d9c154a,0.053,,,
4047,2026-05-25,SZ002384,-0.01790031244588058,EXP_DEnsembleModel_Alpha158_csi300_custom_step0_s_20260525_15,e4bb2a3885114c06898d9fbd9d9c154a,0.053,,,
4048,2026-05-25,SH600000,-0.006763929477716831,EXP_DEnsembleModel_Alpha158_csi300_custom_step0_s_20260525_15,e4bb2a3885114c06898d9fbd9d9c154a,0.053,,,
4049,2026-05-25,SH601919,0.02110203769696091,EXP_DEnsembleModel_Alpha158_csi300_custom_step0_s_20260525_15,e4bb2a3885114c06898d9fbd9d9c154a,0.053,,,
4050,2026-05-25,SH601901,0.08545295614713905,EXP_DEnsembleModel_Alpha158_csi300_custom_step0_s_20260525_15,e4bb2a3885114c06898d9fbd9d9c154a,0.053,,,
4051,2026-05-25,SH600547,-0.05051949936727878,EXP_DEnsembleModel_Alpha158_csi300_custom_step0_s_20260525_15,e4bb2a3885114c06898d9fbd9d9c154a,0.053,,,
4052,2026-05-25,SH600522,0.1381248609352829,EXP_DEnsembleModel_Alpha158_csi300_custom_step0_s_20260525_15,e4bb2a3885114c06898d9fbd9d9c154a,0.053,,,
4053,2026-05-25,SH600519,0.017024633866757104,EXP_DEnsembleModel_Alpha158_csi300_custom_step0_s_20260525_15,e4bb2a3885114c06898d9fbd9d9c154a,0.053,,,
4054,2026-05-25,SH600515,-0.05673306255749624,EXP_DEnsembleModel_Alpha158_csi300_custom_step0_s_20260525_15,e4bb2a3885114c06898d9fbd9d9c154a,0.053,,,
4055,2026-05-25,SH600489,-0.041045370610299704,EXP_DEnsembleModel_Alpha158_csi300_custom_step0_s_20260525_15,e4bb2a3885114c06898d9fbd9d9c154a,0.053,,,
4056,2026-05-25,SH600482,-0.11365803305586314,EXP_DEnsembleModel_Alpha158_csi300_custom_step0_s_20260525_15,e4bb2a3885114c06898d9fbd9d9c154a,0.053,,,
4057,2026-05-25,SH600570,-0.03766044035172117,EXP_DEnsembleModel_Alpha158_csi300_custom_step0_s_20260525_15,e4bb2a3885114c06898d9fbd9d9c154a,0.053,,,
4058,2026-05-25,SH600460,0.00040521513790892435,EXP_DEnsembleModel_Alpha158_csi300_custom_step0_s_20260525_15,e4bb2a3885114c06898d9fbd9d9c154a,0.053,,,
4059,2026-05-25,SH600436,-0.031278832321104164,EXP_DEnsembleModel_Alpha158_csi300_custom_step0_s_20260525_15,e4bb2a3885114c06898d9fbd9d9c154a,0.053,,,
4060,2026-05-25,SH600426,0.202291391905922,EXP_DEnsembleModel_Alpha158_csi300_custom_step0_s_20260525_15,e4bb2a3885114c06898d9fbd9d9c154a,0.053,,,
4061,2026-05-25,SH600415,-0.19602572169622584,EXP_DEnsembleModel_Alpha158_csi300_custom_step0_s_20260525_15,e4bb2a3885114c06898d9fbd9d9c154a,0.053,,,
4062,2026-05-25,SH600406,-0.07462248930386006,EXP_DEnsembleModel_Alpha158_csi300_custom_step0_s_20260525_15,e4bb2a3885114c06898d9fbd9d9c154a,0.053,,,
4063,2026-05-25,SH600377,0.09309735790879202,EXP_DEnsembleModel_Alpha158_csi300_custom_step0_s_20260525_15,e4bb2a3885114c06898d9fbd9d9c154a,0.053,,,
4064,2026-05-25,SH600372,-0.09496006378727581,EXP_DEnsembleModel_Alpha158_csi300_custom_step0_s_20260525_15,e4bb2a3885114c06898d9fbd9d9c154a,0.053,,,
4065,2026-05-25,SH600438,-0.07812235917728036,EXP_DEnsembleModel_Alpha158_csi300_custom_step0_s_20260525_15,e4bb2a3885114c06898d9fbd9d9c154a,0.053,,,
4066,2026-05-25,SH600584,-0.38269540265238877,EXP_DEnsembleModel_Alpha158_csi300_custom_step0_s_20260525_15,e4bb2a3885114c06898d9fbd9d9c154a,0.053,,,
4067,2026-05-25,SH600585,0.01686277781237744,EXP_DEnsembleModel_Alpha158_csi300_custom_step0_s_20260525_15,e4bb2a3885114c06898d9fbd9d9c154a,0.053,,,
4068,2026-05-25,SH600588,-0.017352365532884124,EXP_DEnsembleModel_Alpha158_csi300_custom_step0_s_20260525_15,e4bb2a3885114c06898d9fbd9d9c154a,0.053,,,
4069,2026-05-25,SH600900,0.08546103236018258,EXP_DEnsembleModel_Alpha158_csi300_custom_step0_s_20260525_15,e4bb2a3885114c06898d9fbd9d9c154a,0.053,,,
4070,2026-05-25,SH600893,-0.030783960090508246,EXP_DEnsembleModel_Alpha158_csi300_custom_step0_s_20260525_15,e4bb2a3885114c06898d9fbd9d9c154a,0.053,,,
4071,2026-05-25,SH600887,0.014067561705142685,EXP_DEnsembleModel_Alpha158_csi300_custom_step0_s_20260525_15,e4bb2a3885114c06898d9fbd9d9c154a,0.053,,,
4072,2026-05-25,SH600886,0.09875322572043789,EXP_DEnsembleModel_Alpha158_csi300_custom_step0_s_20260525_15,e4bb2a3885114c06898d9fbd9d9c154a,0.053,,,
4073,2026-05-25,SH600875,-0.04682880114067927,EXP_DEnsembleModel_Alpha158_csi300_custom_step0_s_20260525_15,e4bb2a3885114c06898d9fbd9d9c154a,0.053,,,
4074,2026-05-25,SH600845,-0.09038217589699456,EXP_DEnsembleModel_Alpha158_csi300_custom_step0_s_20260525_15,e4bb2a3885114c06898d9fbd9d9c154a,0.053,,,
4075,2026-05-25,SH600809,-0.04358147980091429,EXP_DEnsembleModel_Alpha158_csi300_custom_step0_s_20260525_15,e4bb2a3885114c06898d9fbd9d9c154a,0.053,,,
4076,2026-05-25,SH600803,-0.020082545238223785,EXP_DEnsembleModel_Alpha158_csi300_custom_step0_s_20260525_15,e4bb2a3885114c06898d9fbd9d9c154a,0.053,,,
4077,2026-05-25,SH600795,0.06085817812371979,EXP_DEnsembleModel_Alpha158_csi300_custom_step0_s_20260525_15,e4bb2a3885114c06898d9fbd9d9c154a,0.053,,,
4078,2026-05-25,SH600760,-0.187463838838365,EXP_DEnsembleModel_Alpha158_csi300_custom_step0_s_20260525_15,e4bb2a3885114c06898d9fbd9d9c154a,0.053,,,
4079,2026-05-25,SH600741,0.029830628407957655,EXP_DEnsembleModel_Alpha158_csi300_custom_step0_s_20260525_15,e4bb2a3885114c06898d9fbd9d9c154a,0.053,,,
4080,2026-05-25,SH600690,-0.0289914247635396,EXP_DEnsembleModel_Alpha158_csi300_custom_step0_s_20260525_15,e4bb2a3885114c06898d9fbd9d9c154a,0.053,,,
4081,2026-05-25,SH600674,0.0172498364096003,EXP_DEnsembleModel_Alpha158_csi300_custom_step0_s_20260525_15,e4bb2a3885114c06898d9fbd9d9c154a,0.053,,,
4082,2026-05-25,SH600660,-0.050064180497145075,EXP_DEnsembleModel_Alpha158_csi300_custom_step0_s_20260525_15,e4bb2a3885114c06898d9fbd9d9c154a,0.053,,,
4083,2026-05-25,SH600600,0.059782380026026496,EXP_DEnsembleModel_Alpha158_csi300_custom_step0_s_20260525_15,e4bb2a3885114c06898d9fbd9d9c154a,0.053,,,
4084,2026-05-25,SH600362,-0.15559182378097705,EXP_DEnsembleModel_Alpha158_csi300_custom_step0_s_20260525_15,e4bb2a3885114c06898d9fbd9d9c154a,0.053,,,
4085,2026-05-25,SH600346,-0.09765010098306462,EXP_DEnsembleModel_Alpha158_csi300_custom_step0_s_20260525_15,e4bb2a3885114c06898d9fbd9d9c154a,0.053,,,
4086,2026-05-25,SH600309,0.0027650643520816267,EXP_DEnsembleModel_Alpha158_csi300_custom_step0_s_20260525_15,e4bb2a3885114c06898d9fbd9d9c154a,0.053,,,
4087,2026-05-25,SH600276,-0.0555100656312916,EXP_DEnsembleModel_Alpha158_csi300_custom_step0_s_20260525_15,e4bb2a3885114c06898d9fbd9d9c154a,0.053,,,
4088,2026-05-25,SH600036,0.038035387822763195,EXP_DEnsembleModel_Alpha158_csi300_custom_step0_s_20260525_15,e4bb2a3885114c06898d9fbd9d9c154a,0.053,,,
4089,2026-05-25,SH600031,-0.12114997863998901,EXP_DEnsembleModel_Alpha158_csi300_custom_step0_s_20260525_15,e4bb2a3885114c06898d9fbd9d9c154a,0.053,,,
4090,2026-05-25,SH600030,-0.04365217235798889,EXP_DEnsembleModel_Alpha158_csi300_custom_step0_s_20260525_15,e4bb2a3885114c06898d9fbd9d9c154a,0.053,,,
4091,2026-05-25,SH600029,-0.03186176618318098,EXP_DEnsembleModel_Alpha158_csi300_custom_step0_s_20260525_15,e4bb2a3885114c06898d9fbd9d9c154a,0.053,,,
4092,2026-05-25,SH600028,-0.046350503710083535,EXP_DEnsembleModel_Alpha158_csi300_custom_step0_s_20260525_15,e4bb2a3885114c06898d9fbd9d9c154a,0.053,,,
4093,2026-05-25,SH600027,-0.10234427634498644,EXP_DEnsembleModel_Alpha158_csi300_custom_step0_s_20260525_15,e4bb2a3885114c06898d9fbd9d9c154a,0.053,,,
4094,2026-05-25,SH600026,-0.06119461782935003,EXP_DEnsembleModel_Alpha158_csi300_custom_step0_s_20260525_15,e4bb2a3885114c06898d9fbd9d9c154a,0.053,,,
4095,2026-05-25,SH600025,0.01753305791093176,EXP_DEnsembleModel_Alpha158_csi300_custom_step0_s_20260525_15,e4bb2a3885114c06898d9fbd9d9c154a,0.053,,,
4096,2026-05-25,SH600023,-0.013788603050286334,EXP_DEnsembleModel_Alpha158_csi300_custom_step0_s_20260525_15,e4bb2a3885114c06898d9fbd9d9c154a,0.053,,,
4097,2026-05-25,SH600019,-0.031238327120544914,EXP_DEnsembleModel_Alpha158_csi300_custom_step0_s_20260525_15,e4bb2a3885114c06898d9fbd9d9c154a,0.053,,,
4098,2026-05-25,SH600018,0.13027197179383534,EXP_DEnsembleModel_Alpha158_csi300_custom_step0_s_20260525_15,e4bb2a3885114c06898d9fbd9d9c154a,0.053,,,
4099,2026-05-25,SH600016,0.040721561737152655,EXP_DEnsembleModel_Alpha158_csi300_custom_step0_s_20260525_15,e4bb2a3885114c06898d9fbd9d9c154a,0.053,,,
4100,2026-05-25,SH600015,0.08971160223184158,EXP_DEnsembleModel_Alpha158_csi300_custom_step0_s_20260525_15,e4bb2a3885114c06898d9fbd9d9c154a,0.053,,,
4101,2026-05-25,SH600011,-0.029900323677930277,EXP_DEnsembleModel_Alpha158_csi300_custom_step0_s_20260525_15,e4bb2a3885114c06898d9fbd9d9c154a,0.053,,,
4102,2026-05-25,SH600010,-0.07259094115875124,EXP_DEnsembleModel_Alpha158_csi300_custom_step0_s_20260525_15,e4bb2a3885114c06898d9fbd9d9c154a,0.053,,,
4103,2026-05-25,SH600039,0.07877787799728182,EXP_DEnsembleModel_Alpha158_csi300_custom_step0_s_20260525_15,e4bb2a3885114c06898d9fbd9d9c154a,0.053,,,
4104,2026-05-25,SH600905,0.0866600787873338,EXP_DEnsembleModel_Alpha158_csi300_custom_step0_s_20260525_15,e4bb2a3885114c06898d9fbd9d9c154a,0.053,,,
4105,2026-05-25,SH600048,-0.17676081365681723,EXP_DEnsembleModel_Alpha158_csi300_custom_step0_s_20260525_15,e4bb2a3885114c06898d9fbd9d9c154a,0.053,,,
4106,2026-05-25,SH600061,-0.04090633921530898,EXP_DEnsembleModel_Alpha158_csi300_custom_step0_s_20260525_15,e4bb2a3885114c06898d9fbd9d9c154a,0.053,,,
4107,2026-05-25,SH600233,0.016341399874668868,EXP_DEnsembleModel_Alpha158_csi300_custom_step0_s_20260525_15,e4bb2a3885114c06898d9fbd9d9c154a,0.053,,,
4108,2026-05-25,SH600219,0.06432512958872527,EXP_DEnsembleModel_Alpha158_csi300_custom_step0_s_20260525_15,e4bb2a3885114c06898d9fbd9d9c154a,0.053,,,
4109,2026-05-25,SH600196,-0.0064665951827329905,EXP_DEnsembleModel_Alpha158_csi300_custom_step0_s_20260525_15,e4bb2a3885114c06898d9fbd9d9c154a,0.053,,,
4110,2026-05-25,SH600188,-0.04439679355040308,EXP_DEnsembleModel_Alpha158_csi300_custom_step0_s_20260525_15,e4bb2a3885114c06898d9fbd9d9c154a,0.053,,,
4111,2026-05-25,SH600183,-0.38261483955762066,EXP_DEnsembleModel_Alpha158_csi300_custom_step0_s_20260525_15,e4bb2a3885114c06898d9fbd9d9c154a,0.053,,,
4112,2026-05-25,SH600176,-0.12026314949626916,EXP_DEnsembleModel_Alpha158_csi300_custom_step0_s_20260525_15,e4bb2a3885114c06898d9fbd9d9c154a,0.053,,,
4113,2026-05-25,SH600161,-0.11060556742858822,EXP_DEnsembleModel_Alpha158_csi300_custom_step0_s_20260525_15,e4bb2a3885114c06898d9fbd9d9c154a,0.053,,,
4114,2026-05-25,SH600160,-0.04916188243992016,EXP_DEnsembleModel_Alpha158_csi300_custom_step0_s_20260525_15,e4bb2a3885114c06898d9fbd9d9c154a,0.053,,,
4115,2026-05-25,SH600150,-0.13921724312833977,EXP_DEnsembleModel_Alpha158_csi300_custom_step0_s_20260525_15,e4bb2a3885114c06898d9fbd9d9c154a,0.053,,,
4116,2026-05-25,SH600115,-0.04051926384561155,EXP_DEnsembleModel_Alpha158_csi300_custom_step0_s_20260525_15,e4bb2a3885114c06898d9fbd9d9c154a,0.053,,,
4117,2026-05-25,SH600111,-0.11531753753058416,EXP_DEnsembleModel_Alpha158_csi300_custom_step0_s_20260525_15,e4bb2a3885114c06898d9fbd9d9c154a,0.053,,,
4118,2026-05-25,SH600104,0.01880928396674277,EXP_DEnsembleModel_Alpha158_csi300_custom_step0_s_20260525_15,e4bb2a3885114c06898d9fbd9d9c154a,0.053,,,
4119,2026-05-25,SH600089,-0.14433339270093332,EXP_DEnsembleModel_Alpha158_csi300_custom_step0_s_20260525_15,e4bb2a3885114c06898d9fbd9d9c154a,0.053,,,
4120,2026-05-25,SH600085,0.018896840901076056,EXP_DEnsembleModel_Alpha158_csi300_custom_step0_s_20260525_15,e4bb2a3885114c06898d9fbd9d9c154a,0.053,,,
4121,2026-05-25,SH600066,-0.08425708155420808,EXP_DEnsembleModel_Alpha158_csi300_custom_step0_s_20260525_15,e4bb2a3885114c06898d9fbd9d9c154a,0.053,,,
4122,2026-05-25,SH600050,-0.04008934643142458,EXP_DEnsembleModel_Alpha158_csi300_custom_step0_s_20260525_15,e4bb2a3885114c06898d9fbd9d9c154a,0.053,,,
4123,2026-05-25,SH601916,0.11127489495562382,EXP_DEnsembleModel_Alpha158_csi300_custom_step0_s_20260525_15,e4bb2a3885114c06898d9fbd9d9c154a,0.053,,,
4124,2026-05-25,SH600918,-0.028266657479647243,EXP_DEnsembleModel_Alpha158_csi300_custom_step0_s_20260525_15,e4bb2a3885114c06898d9fbd9d9c154a,0.053,,,
4125,2026-05-25,SH600926,0.03265109680838567,EXP_DEnsembleModel_Alpha158_csi300_custom_step0_s_20260525_15,e4bb2a3885114c06898d9fbd9d9c154a,0.053,,,
4126,2026-05-25,SH601689,-0.06175455638628549,EXP_DEnsembleModel_Alpha158_csi300_custom_step0_s_20260525_15,e4bb2a3885114c06898d9fbd9d9c154a,0.053,,,
4127,2026-05-25,SH601688,-0.09163908819822428,EXP_DEnsembleModel_Alpha158_csi300_custom_step0_s_20260525_15,e4bb2a3885114c06898d9fbd9d9c154a,0.053,,,
4128,2026-05-25,SH601669,-0.09373114841510045,EXP_DEnsembleModel_Alpha158_csi300_custom_step0_s_20260525_15,e4bb2a3885114c06898d9fbd9d9c154a,0.053,,,
4129,2026-05-25,SH601668,0.03596598190386879,EXP_DEnsembleModel_Alpha158_csi300_custom_step0_s_20260525_15,e4bb2a3885114c06898d9fbd9d9c154a,0.053,,,
4130,2026-05-25,SH601658,0.08731168400885334,EXP_DEnsembleModel_Alpha158_csi300_custom_step0_s_20260525_15,e4bb2a3885114c06898d9fbd9d9c154a,0.053,,,
4131,2026-05-25,SH601633,0.0069500735708095725,EXP_DEnsembleModel_Alpha158_csi300_custom_step0_s_20260525_15,e4bb2a3885114c06898d9fbd9d9c154a,0.053,,,
4132,2026-05-25,SH601698,-0.05143916335662394,EXP_DEnsembleModel_Alpha158_csi300_custom_step0_s_20260525_15,e4bb2a3885114c06898d9fbd9d9c154a,0.053,,,
4133,2026-05-25,SH601628,-0.055390552603868666,EXP_DEnsembleModel_Alpha158_csi300_custom_step0_s_20260525_15,e4bb2a3885114c06898d9fbd9d9c154a,0.053,,,
4134,2026-05-25,SH601607,0.030083382700892704,EXP_DEnsembleModel_Alpha158_csi300_custom_step0_s_20260525_15,e4bb2a3885114c06898d9fbd9d9c154a,0.053,,,
4135,2026-05-25,SH601601,-0.13178679449256092,EXP_DEnsembleModel_Alpha158_csi300_custom_step0_s_20260525_15,e4bb2a3885114c06898d9fbd9d9c154a,0.053,,,
4136,2026-05-25,SH601600,-0.11283980475038034,EXP_DEnsembleModel_Alpha158_csi300_custom_step0_s_20260525_15,e4bb2a3885114c06898d9fbd9d9c154a,0.053,,,
4137,2026-05-25,SH601456,-0.0028588775937393287,EXP_DEnsembleModel_Alpha158_csi300_custom_step0_s_20260525_15,e4bb2a3885114c06898d9fbd9d9c154a,0.053,,,
4138,2026-05-25,SH601398,0.10940146099194509,EXP_DEnsembleModel_Alpha158_csi300_custom_step0_s_20260525_15,e4bb2a3885114c06898d9fbd9d9c154a,0.053,,,
4139,2026-05-25,SH601390,0.001887597307436137,EXP_DEnsembleModel_Alpha158_csi300_custom_step0_s_20260525_15,e4bb2a3885114c06898d9fbd9d9c154a,0.053,,,
4140,2026-05-25,SH601618,0.005102198612546475,EXP_DEnsembleModel_Alpha158_csi300_custom_step0_s_20260525_15,e4bb2a3885114c06898d9fbd9d9c154a,0.053,,,
4141,2026-05-25,SH601728,-0.05085494820747572,EXP_DEnsembleModel_Alpha158_csi300_custom_step0_s_20260525_15,e4bb2a3885114c06898d9fbd9d9c154a,0.053,,,
4142,2026-05-25,SH601766,-0.051401366136277236,EXP_DEnsembleModel_Alpha158_csi300_custom_step0_s_20260525_15,e4bb2a3885114c06898d9fbd9d9c154a,0.053,,,
4143,2026-05-25,SH601788,-0.050732245082280865,EXP_DEnsembleModel_Alpha158_csi300_custom_step0_s_20260525_15,e4bb2a3885114c06898d9fbd9d9c154a,0.053,,,
4144,2026-05-25,SH601899,-0.09493009524921556,EXP_DEnsembleModel_Alpha158_csi300_custom_step0_s_20260525_15,e4bb2a3885114c06898d9fbd9d9c154a,0.053,,,
4145,2026-05-25,SH601898,-0.016717159331495115,EXP_DEnsembleModel_Alpha158_csi300_custom_step0_s_20260525_15,e4bb2a3885114c06898d9fbd9d9c154a,0.053,,,
4146,2026-05-25,SH601888,-0.019419087062998552,EXP_DEnsembleModel_Alpha158_csi300_custom_step0_s_20260525_15,e4bb2a3885114c06898d9fbd9d9c154a,0.053,,,
4147,2026-05-25,SH601881,-0.042197450382735625,EXP_DEnsembleModel_Alpha158_csi300_custom_step0_s_20260525_15,e4bb2a3885114c06898d9fbd9d9c154a,0.053,,,
4148,2026-05-25,SH601878,-0.04851966725094231,EXP_DEnsembleModel_Alpha158_csi300_custom_step0_s_20260525_15,e4bb2a3885114c06898d9fbd9d9c154a,0.053,,,
4149,2026-05-25,SH601877,-0.015913404220023086,EXP_DEnsembleModel_Alpha158_csi300_custom_step0_s_20260525_15,e4bb2a3885114c06898d9fbd9d9c154a,0.053,,,
4150,2026-05-25,SH601872,-0.06236871484304384,EXP_DEnsembleModel_Alpha158_csi300_custom_step0_s_20260525_15,e4bb2a3885114c06898d9fbd9d9c154a,0.053,,,
4151,2026-05-25,SH601868,-0.07234652571859136,EXP_DEnsembleModel_Alpha158_csi300_custom_step0_s_20260525_15,e4bb2a3885114c06898d9fbd9d9c154a,0.053,,,
4152,2026-05-25,SH601857,-0.10161470605300076,EXP_DEnsembleModel_Alpha158_csi300_custom_step0_s_20260525_15,e4bb2a3885114c06898d9fbd9d9c154a,0.053,,,
4153,2026-05-25,SH601838,0.1655866931683072,EXP_DEnsembleModel_Alpha158_csi300_custom_step0_s_20260525_15,e4bb2a3885114c06898d9fbd9d9c154a,0.053,,,
4154,2026-05-25,SH601825,0.10521775355945924,EXP_DEnsembleModel_Alpha158_csi300_custom_step0_s_20260525_15,e4bb2a3885114c06898d9fbd9d9c154a,0.053,,,
4155,2026-05-25,SH601818,0.10201268428519342,EXP_DEnsembleModel_Alpha158_csi300_custom_step0_s_20260525_15,e4bb2a3885114c06898d9fbd9d9c154a,0.053,,,
4156,2026-05-25,SH601816,0.0268304355890493,EXP_DEnsembleModel_Alpha158_csi300_custom_step0_s_20260525_15,e4bb2a3885114c06898d9fbd9d9c154a,0.053,,,
4157,2026-05-25,SH601808,-0.02714481372955424,EXP_DEnsembleModel_Alpha158_csi300_custom_step0_s_20260525_15,e4bb2a3885114c06898d9fbd9d9c154a,0.053,,,
4158,2026-05-25,SH601800,-0.020293838112699646,EXP_DEnsembleModel_Alpha158_csi300_custom_step0_s_20260525_15,e4bb2a3885114c06898d9fbd9d9c154a,0.053,,,
4159,2026-05-25,SH601377,-0.05793456884335497,EXP_DEnsembleModel_Alpha158_csi300_custom_step0_s_20260525_15,e4bb2a3885114c06898d9fbd9d9c154a,0.053,,,
4160,2026-05-25,SH601360,-0.022384398325547335,EXP_DEnsembleModel_Alpha158_csi300_custom_step0_s_20260525_15,e4bb2a3885114c06898d9fbd9d9c154a,0.053,,,
4161,2026-05-25,SH601336,-0.1517749851572859,EXP_DEnsembleModel_Alpha158_csi300_custom_step0_s_20260525_15,e4bb2a3885114c06898d9fbd9d9c154a,0.053,,,
4162,2026-05-25,SH601328,0.10293241857562209,EXP_DEnsembleModel_Alpha158_csi300_custom_step0_s_20260525_15,e4bb2a3885114c06898d9fbd9d9c154a,0.053,,,
4163,2026-05-25,SH601077,0.08866276398145433,EXP_DEnsembleModel_Alpha158_csi300_custom_step0_s_20260525_15,e4bb2a3885114c06898d9fbd9d9c154a,0.053,,,
4164,2026-05-25,SH601066,-0.028187139855391192,EXP_DEnsembleModel_Alpha158_csi300_custom_step0_s_20260525_15,e4bb2a3885114c06898d9fbd9d9c154a,0.053,,,
4165,2026-05-25,SH601059,0.12356421010069113,EXP_DEnsembleModel_Alpha158_csi300_custom_step0_s_20260525_15,e4bb2a3885114c06898d9fbd9d9c154a,0.053,,,
4166,2026-05-25,SH601058,-0.042810658963039906,EXP_DEnsembleModel_Alpha158_csi300_custom_step0_s_20260525_15,e4bb2a3885114c06898d9fbd9d9c154a,0.053,,,
4167,2026-05-25,SH601021,-0.007449682957885151,EXP_DEnsembleModel_Alpha158_csi300_custom_step0_s_20260525_15,e4bb2a3885114c06898d9fbd9d9c154a,0.053,,,
4168,2026-05-25,SH601018,0.025295726567121046,EXP_DEnsembleModel_Alpha158_csi300_custom_step0_s_20260525_15,e4bb2a3885114c06898d9fbd9d9c154a,0.053,,,
4169,2026-05-25,SH601012,-0.0009951035184059176,EXP_DEnsembleModel_Alpha158_csi300_custom_step0_s_20260525_15,e4bb2a3885114c06898d9fbd9d9c154a,0.053,,,
4170,2026-05-25,SH601009,0.008175069805865862,EXP_DEnsembleModel_Alpha158_csi300_custom_step0_s_20260525_15,e4bb2a3885114c06898d9fbd9d9c154a,0.053,,,
4171,2026-05-25,SH601006,0.1406100161893953,EXP_DEnsembleModel_Alpha158_csi300_custom_step0_s_20260525_15,e4bb2a3885114c06898d9fbd9d9c154a,0.053,,,
4172,2026-05-25,SH600999,0.029511010809652637,EXP_DEnsembleModel_Alpha158_csi300_custom_step0_s_20260525_15,e4bb2a3885114c06898d9fbd9d9c154a,0.053,,,
4173,2026-05-25,SH600989,0.004719555265279754,EXP_DEnsembleModel_Alpha158_csi300_custom_step0_s_20260525_15,e4bb2a3885114c06898d9fbd9d9c154a,0.053,,,
4174,2026-05-25,SH600958,-0.0417793304383785,EXP_DEnsembleModel_Alpha158_csi300_custom_step0_s_20260525_15,e4bb2a3885114c06898d9fbd9d9c154a,0.053,,,
4175,2026-05-25,SH600941,-0.005147399430713684,EXP_DEnsembleModel_Alpha158_csi300_custom_step0_s_20260525_15,e4bb2a3885114c06898d9fbd9d9c154a,0.053,,,
4176,2026-05-25,SH600938,-0.06383483312557225,EXP_DEnsembleModel_Alpha158_csi300_custom_step0_s_20260525_15,e4bb2a3885114c06898d9fbd9d9c154a,0.053,,,
4177,2026-05-25,SH600930,-0.06984561743661187,EXP_DEnsembleModel_Alpha158_csi300_custom_step0_s_20260525_15,e4bb2a3885114c06898d9fbd9d9c154a,0.053,,,
4178,2026-05-25,SH601088,0.026564784336626856,EXP_DEnsembleModel_Alpha158_csi300_custom_step0_s_20260525_15,e4bb2a3885114c06898d9fbd9d9c154a,0.053,,,
4179,2026-05-25,SH600919,0.15842081407888361,EXP_DEnsembleModel_Alpha158_csi300_custom_step0_s_20260525_15,e4bb2a3885114c06898d9fbd9d9c154a,0.053,,,
4180,2026-05-25,SH601100,0.014848328249837913,EXP_DEnsembleModel_Alpha158_csi300_custom_step0_s_20260525_15,e4bb2a3885114c06898d9fbd9d9c154a,0.053,,,
4181,2026-05-25,SH601117,-0.07184351452717719,EXP_DEnsembleModel_Alpha158_csi300_custom_step0_s_20260525_15,e4bb2a3885114c06898d9fbd9d9c154a,0.053,,,
4182,2026-05-25,SH601319,-0.00395061261070185,EXP_DEnsembleModel_Alpha158_csi300_custom_step0_s_20260525_15,e4bb2a3885114c06898d9fbd9d9c154a,0.053,,,
4183,2026-05-25,SH601318,-0.10570427830432086,EXP_DEnsembleModel_Alpha158_csi300_custom_step0_s_20260525_15,e4bb2a3885114c06898d9fbd9d9c154a,0.053,,,
4184,2026-05-25,SH601298,0.1435177395528144,EXP_DEnsembleModel_Alpha158_csi300_custom_step0_s_20260525_15,e4bb2a3885114c06898d9fbd9d9c154a,0.053,,,
4185,2026-05-25,SH601288,0.04282034879014778,EXP_DEnsembleModel_Alpha158_csi300_custom_step0_s_20260525_15,e4bb2a3885114c06898d9fbd9d9c154a,0.053,,,
4186,2026-05-25,SH601238,0.022992307870648748,EXP_DEnsembleModel_Alpha158_csi300_custom_step0_s_20260525_15,e4bb2a3885114c06898d9fbd9d9c154a,0.053,,,
4187,2026-05-25,SH601236,-0.015623988530825958,EXP_DEnsembleModel_Alpha158_csi300_custom_step0_s_20260525_15,e4bb2a3885114c06898d9fbd9d9c154a,0.053,,,
4188,2026-05-25,SH601229,-0.016155697876891986,EXP_DEnsembleModel_Alpha158_csi300_custom_step0_s_20260525_15,e4bb2a3885114c06898d9fbd9d9c154a,0.053,,,
4189,2026-05-25,SH601225,0.020142336624876873,EXP_DEnsembleModel_Alpha158_csi300_custom_step0_s_20260525_15,e4bb2a3885114c06898d9fbd9d9c154a,0.053,,,
4190,2026-05-25,SH601211,-0.04836345945128076,EXP_DEnsembleModel_Alpha158_csi300_custom_step0_s_20260525_15,e4bb2a3885114c06898d9fbd9d9c154a,0.053,,,
4191,2026-05-25,SH601186,0.003761625687695799,EXP_DEnsembleModel_Alpha158_csi300_custom_step0_s_20260525_15,e4bb2a3885114c06898d9fbd9d9c154a,0.053,,,
4192,2026-05-25,SH601169,0.021360418128957486,EXP_DEnsembleModel_Alpha158_csi300_custom_step0_s_20260525_15,e4bb2a3885114c06898d9fbd9d9c154a,0.053,,,
4193,2026-05-25,SH601166,0.06952398920334042,EXP_DEnsembleModel_Alpha158_csi300_custom_step0_s_20260525_15,e4bb2a3885114c06898d9fbd9d9c154a,0.053,,,
4194,2026-05-25,SH601138,-0.08619241315982662,EXP_DEnsembleModel_Alpha158_csi300_custom_step0_s_20260525_15,e4bb2a3885114c06898d9fbd9d9c154a,0.053,,,
4195,2026-05-25,SH601136,-0.08225350396122307,EXP_DEnsembleModel_Alpha158_csi300_custom_step0_s_20260525_15,e4bb2a3885114c06898d9fbd9d9c154a,0.053,,,
4196,2026-05-25,SH601127,-0.05076266125898603,EXP_DEnsembleModel_Alpha158_csi300_custom_step0_s_20260525_15,e4bb2a3885114c06898d9fbd9d9c154a,0.053,,,
4197,2026-05-25,SH601111,-0.07554542774581151,EXP_DEnsembleModel_Alpha158_csi300_custom_step0_s_20260525_15,e4bb2a3885114c06898d9fbd9d9c154a,0.053,,,
4198,2026-05-25,SH600000,-0.06350890592997321,EXP_DEnsembleModel_Alpha158_csi300_custom_step0_s_20260525_15,651214621e94452ea62fef52c57faeba,0.058,,,
4199,2026-05-25,SZ302132,-0.01268493002715613,EXP_LGBModel_Alpha158_csi300_custom_step0_s_20260525_17,8b03081675eb4a11886176ad363a7f38,0.072,,,
4200,2026-05-25,SZ301269,0.004700397134466482,EXP_LGBModel_Alpha158_csi300_custom_step0_s_20260525_17,8b03081675eb4a11886176ad363a7f38,0.072,,,
4201,2026-05-25,SZ000568,-0.0020832922613104534,EXP_LGBModel_Alpha158_csi300_custom_step0_s_20260525_17,3cdffef28cba47f9a614d46e2ea9f54a,0.011,,,
4202,2026-05-25,SZ000538,-0.001779400811032985,EXP_LGBModel_Alpha158_csi300_custom_step0_s_20260525_17,3cdffef28cba47f9a614d46e2ea9f54a,0.011,,,
4203,2026-05-25,SZ000425,-0.004200782314976352,EXP_LGBModel_Alpha158_csi300_custom_step0_s_20260525_17,3cdffef28cba47f9a614d46e2ea9f54a,0.011,,,
4204,2026-05-25,SZ000408,-5.392432725775036e-10,EXP_LGBModel_Alpha158_csi300_custom_step0_s_20260525_17,3cdffef28cba47f9a614d46e2ea9f54a,0.011,,,
4205,2026-05-25,SZ000338,-0.0026012407112966066,EXP_LGBModel_Alpha158_csi300_custom_step0_s_20260525_17,3cdffef28cba47f9a614d46e2ea9f54a,0.011,,,
4206,2026-05-25,SZ000333,-5.392432725775036e-10,EXP_LGBModel_Alpha158_csi300_custom_step0_s_20260525_17,3cdffef28cba47f9a614d46e2ea9f54a,0.011,,,
4207,2026-05-25,SZ000596,-0.004200782314976352,EXP_LGBModel_Alpha158_csi300_custom_step0_s_20260525_17,3cdffef28cba47f9a614d46e2ea9f54a,0.011,,,
4208,2026-05-25,SZ000301,-0.004200782314976352,EXP_LGBModel_Alpha158_csi300_custom_step0_s_20260525_17,3cdffef28cba47f9a614d46e2ea9f54a,0.011,,,
4209,2026-05-25,SZ000157,-0.004200782314976352,EXP_LGBModel_Alpha158_csi300_custom_step0_s_20260525_17,3cdffef28cba47f9a614d46e2ea9f54a,0.011,,,
4210,2026-05-25,SZ000100,-5.392432725775036e-10,EXP_LGBModel_Alpha158_csi300_custom_step0_s_20260525_17,3cdffef28cba47f9a614d46e2ea9f54a,0.011,,,
4211,2026-05-25,SZ000063,-0.003896890864698884,EXP_LGBModel_Alpha158_csi300_custom_step0_s_20260525_17,3cdffef28cba47f9a614d46e2ea9f54a,0.011,,,
4212,2026-05-25,SZ000002,-0.0020832922613104534,EXP_LGBModel_Alpha158_csi300_custom_step0_s_20260525_17,3cdffef28cba47f9a614d46e2ea9f54a,0.011,,,
4213,2026-05-25,SZ000001,-5.392432725775036e-10,EXP_LGBModel_Alpha158_csi300_custom_step0_s_20260525_17,3cdffef28cba47f9a614d46e2ea9f54a,0.011,,,
4214,2026-05-25,SH688981,-5.392432725775036e-10,EXP_LGBModel_Alpha158_csi300_custom_step0_s_20260525_17,3cdffef28cba47f9a614d46e2ea9f54a,0.011,,,
4215,2026-05-25,SZ000166,-0.001779400811032985,EXP_LGBModel_Alpha158_csi300_custom_step0_s_20260525_17,3cdffef28cba47f9a614d46e2ea9f54a,0.011,,,
4216,2026-05-25,SZ000617,-5.392432725775036e-10,EXP_LGBModel_Alpha158_csi300_custom_step0_s_20260525_17,3cdffef28cba47f9a614d46e2ea9f54a,0.011,,,
4217,2026-05-25,SZ000625,-0.002117490592909172,EXP_LGBModel_Alpha158_csi300_custom_step0_s_20260525_17,3cdffef28cba47f9a614d46e2ea9f54a,0.011,,,
4218,2026-05-25,SZ000630,-5.392432725775036e-10,EXP_LGBModel_Alpha158_csi300_custom_step0_s_20260525_17,3cdffef28cba47f9a614d46e2ea9f54a,0.011,,,
4219,2026-05-25,SZ000975,-5.392432725775036e-10,EXP_LGBModel_Alpha158_csi300_custom_step0_s_20260525_17,3cdffef28cba47f9a614d46e2ea9f54a,0.011,,,
4220,2026-05-25,SZ000963,-5.392432725775036e-10,EXP_LGBModel_Alpha158_csi300_custom_step0_s_20260525_17,3cdffef28cba47f9a614d46e2ea9f54a,0.011,,,
4221,2026-05-25,SZ000938,-0.004200782314976352,EXP_LGBModel_Alpha158_csi300_custom_step0_s_20260525_17,3cdffef28cba47f9a614d46e2ea9f54a,0.011,,,
4222,2026-05-25,SZ000895,-5.392432725775036e-10,EXP_LGBModel_Alpha158_csi300_custom_step0_s_20260525_17,3cdffef28cba47f9a614d46e2ea9f54a,0.011,,,
4223,2026-05-25,SZ000876,-5.392432725775036e-10,EXP_LGBModel_Alpha158_csi300_custom_step0_s_20260525_17,3cdffef28cba47f9a614d46e2ea9f54a,0.011,,,
4224,2026-05-25,SZ000858,0.0054849080471083235,EXP_LGBModel_Alpha158_csi300_custom_step0_s_20260525_17,3cdffef28cba47f9a614d46e2ea9f54a,0.011,,,
4225,2026-05-25,SZ000807,-5.392432725775036e-10,EXP_LGBModel_Alpha158_csi300_custom_step0_s_20260525_17,3cdffef28cba47f9a614d46e2ea9f54a,0.011,,,
4226,2026-05-25,SZ000792,-5.392432725775036e-10,EXP_LGBModel_Alpha158_csi300_custom_step0_s_20260525_17,3cdffef28cba47f9a614d46e2ea9f54a,0.011,,,
4227,2026-05-25,SZ000786,-0.003896890864698884,EXP_LGBModel_Alpha158_csi300_custom_step0_s_20260525_17,3cdffef28cba47f9a614d46e2ea9f54a,0.011,,,
4228,2026-05-25,SZ000776,-0.002117490592909172,EXP_LGBModel_Alpha158_csi300_custom_step0_s_20260525_17,3cdffef28cba47f9a614d46e2ea9f54a,0.011,,,
4229,2026-05-25,SZ000768,-0.002117490592909172,EXP_LGBModel_Alpha158_csi300_custom_step0_s_20260525_17,3cdffef28cba47f9a614d46e2ea9f54a,0.011,,,
4230,2026-05-25,SZ000725,-5.392432725775036e-10,EXP_LGBModel_Alpha158_csi300_custom_step0_s_20260525_17,3cdffef28cba47f9a614d46e2ea9f54a,0.011,,,
4231,2026-05-25,SZ000708,-0.002117490592909172,EXP_LGBModel_Alpha158_csi300_custom_step0_s_20260525_17,3cdffef28cba47f9a614d46e2ea9f54a,0.011,,,
4232,2026-05-25,SZ000661,-0.004200782314976352,EXP_LGBModel_Alpha158_csi300_custom_step0_s_20260525_17,3cdffef28cba47f9a614d46e2ea9f54a,0.011,,,
4233,2026-05-25,SZ000651,-5.392432725775036e-10,EXP_LGBModel_Alpha158_csi300_custom_step0_s_20260525_17,3cdffef28cba47f9a614d46e2ea9f54a,0.011,,,
4234,2026-05-25,SH688506,0.0124701271340805,EXP_LGBModel_Alpha158_csi300_custom_step0_s_20260525_17,3cdffef28cba47f9a614d46e2ea9f54a,0.011,,,
4235,2026-05-25,SH688472,-0.004200782314976352,EXP_LGBModel_Alpha158_csi300_custom_step0_s_20260525_17,3cdffef28cba47f9a614d46e2ea9f54a,0.011,,,
4236,2026-05-25,SH688396,-0.0026012407112966066,EXP_LGBModel_Alpha158_csi300_custom_step0_s_20260525_17,3cdffef28cba47f9a614d46e2ea9f54a,0.011,,,
4237,2026-05-25,SH688303,-5.392432725775036e-10,EXP_LGBModel_Alpha158_csi300_custom_step0_s_20260525_17,3cdffef28cba47f9a614d46e2ea9f54a,0.011,,,
4238,2026-05-25,SH603799,-5.392432725775036e-10,EXP_LGBModel_Alpha158_csi300_custom_step0_s_20260525_17,3cdffef28cba47f9a614d46e2ea9f54a,0.011,,,
4239,2026-05-25,SH603501,0.0030240306170205957,EXP_LGBModel_Alpha158_csi300_custom_step0_s_20260525_17,3cdffef28cba47f9a614d46e2ea9f54a,0.011,,,
4240,2026-05-25,SH603392,-5.392432725775036e-10,EXP_LGBModel_Alpha158_csi300_custom_step0_s_20260525_17,3cdffef28cba47f9a614d46e2ea9f54a,0.011,,,
4241,2026-05-25,SH603369,-0.004200782314976352,EXP_LGBModel_Alpha158_csi300_custom_step0_s_20260525_17,3cdffef28cba47f9a614d46e2ea9f54a,0.011,,,
4242,2026-05-25,SH603296,-0.0020832922613104534,EXP_LGBModel_Alpha158_csi300_custom_step0_s_20260525_17,3cdffef28cba47f9a614d46e2ea9f54a,0.011,,,
4243,2026-05-25,SH603288,-0.0020832922613104534,EXP_LGBModel_Alpha158_csi300_custom_step0_s_20260525_17,3cdffef28cba47f9a614d46e2ea9f54a,0.011,,,
4244,2026-05-25,SH603260,-0.004200782314976352,EXP_LGBModel_Alpha158_csi300_custom_step0_s_20260525_17,3cdffef28cba47f9a614d46e2ea9f54a,0.011,,,
4245,2026-05-25,SH603259,-0.004200782314976352,EXP_LGBModel_Alpha158_csi300_custom_step0_s_20260525_17,3cdffef28cba47f9a614d46e2ea9f54a,0.011,,,
4246,2026-05-25,SH603195,-0.0027205983008637227,EXP_LGBModel_Alpha158_csi300_custom_step0_s_20260525_17,3cdffef28cba47f9a614d46e2ea9f54a,0.011,,,
4247,2026-05-25,SH603019,-0.004200782314976352,EXP_LGBModel_Alpha158_csi300_custom_step0_s_20260525_17,3cdffef28cba47f9a614d46e2ea9f54a,0.011,,,
4248,2026-05-25,SH601998,-0.003896890864698884,EXP_LGBModel_Alpha158_csi300_custom_step0_s_20260525_17,3cdffef28cba47f9a614d46e2ea9f54a,0.011,,,
4249,2026-05-25,SH601995,0.00512936255228409,EXP_LGBModel_Alpha158_csi300_custom_step0_s_20260525_17,3cdffef28cba47f9a614d46e2ea9f54a,0.011,,,
4250,2026-05-25,SH601988,0.0034195142297893145,EXP_LGBModel_Alpha158_csi300_custom_step0_s_20260525_17,3cdffef28cba47f9a614d46e2ea9f54a,0.011,,,
4251,2026-05-25,SH601985,-0.001779400811032985,EXP_LGBModel_Alpha158_csi300_custom_step0_s_20260525_17,3cdffef28cba47f9a614d46e2ea9f54a,0.011,,,
4252,2026-05-25,SH601939,0.00036957639538987746,EXP_LGBModel_Alpha158_csi300_custom_step0_s_20260525_17,3cdffef28cba47f9a614d46e2ea9f54a,0.011,,,
4253,2026-05-25,SH603893,-5.392432725775036e-10,EXP_LGBModel_Alpha158_csi300_custom_step0_s_20260525_17,3cdffef28cba47f9a614d46e2ea9f54a,0.011,,,
4254,2026-05-25,SZ000977,-0.004200782314976352,EXP_LGBModel_Alpha158_csi300_custom_step0_s_20260525_17,3cdffef28cba47f9a614d46e2ea9f54a,0.011,,,
4255,2026-05-25,SH603986,-0.00020253495996624385,EXP_LGBModel_Alpha158_csi300_custom_step0_s_20260525_17,3cdffef28cba47f9a614d46e2ea9f54a,0.011,,,
4256,2026-05-25,SH605117,-0.004200782314976352,EXP_LGBModel_Alpha158_csi300_custom_step0_s_20260525_17,3cdffef28cba47f9a614d46e2ea9f54a,0.011,,,
4257,2026-05-25,SH688271,-0.0020832922613104534,EXP_LGBModel_Alpha158_csi300_custom_step0_s_20260525_17,3cdffef28cba47f9a614d46e2ea9f54a,0.011,,,
4258,2026-05-25,SH688256,-0.00020253495996624385,EXP_LGBModel_Alpha158_csi300_custom_step0_s_20260525_17,3cdffef28cba47f9a614d46e2ea9f54a,0.011,,,
4259,2026-05-25,SH688223,-0.002117490592909172,EXP_LGBModel_Alpha158_csi300_custom_step0_s_20260525_17,3cdffef28cba47f9a614d46e2ea9f54a,0.011,,,
4260,2026-05-25,SH688187,-5.392432725775036e-10,EXP_LGBModel_Alpha158_csi300_custom_step0_s_20260525_17,3cdffef28cba47f9a614d46e2ea9f54a,0.011,,,
4261,2026-05-25,SH688169,-0.003896890864698884,EXP_LGBModel_Alpha158_csi300_custom_step0_s_20260525_17,3cdffef28cba47f9a614d46e2ea9f54a,0.011,,,
4262,2026-05-25,SH688126,-5.392432725775036e-10,EXP_LGBModel_Alpha158_csi300_custom_step0_s_20260525_17,3cdffef28cba47f9a614d46e2ea9f54a,0.011,,,
4263,2026-05-25,SH688111,-0.004200782314976352,EXP_LGBModel_Alpha158_csi300_custom_step0_s_20260525_17,3cdffef28cba47f9a614d46e2ea9f54a,0.011,,,
4264,2026-05-25,SH688082,-0.00020253495996624385,EXP_LGBModel_Alpha158_csi300_custom_step0_s_20260525_17,3cdffef28cba47f9a614d46e2ea9f54a,0.011,,,
4265,2026-05-25,SH688047,0.0034016163250411425,EXP_LGBModel_Alpha158_csi300_custom_step0_s_20260525_17,3cdffef28cba47f9a614d46e2ea9f54a,0.011,,,
4266,2026-05-25,SH688041,-0.00020253495996624385,EXP_LGBModel_Alpha158_csi300_custom_step0_s_20260525_17,3cdffef28cba47f9a614d46e2ea9f54a,0.011,,,
4267,2026-05-25,SH688036,-0.002117490592909172,EXP_LGBModel_Alpha158_csi300_custom_step0_s_20260525_17,3cdffef28cba47f9a614d46e2ea9f54a,0.011,,,
4268,2026-05-25,SH688012,-5.392432725775036e-10,EXP_LGBModel_Alpha158_csi300_custom_step0_s_20260525_17,3cdffef28cba47f9a614d46e2ea9f54a,0.011,,,
4269,2026-05-25,SH688009,-0.003896890864698884,EXP_LGBModel_Alpha158_csi300_custom_step0_s_20260525_17,3cdffef28cba47f9a614d46e2ea9f54a,0.011,,,
4270,2026-05-25,SH688008,-5.392432725775036e-10,EXP_LGBModel_Alpha158_csi300_custom_step0_s_20260525_17,3cdffef28cba47f9a614d46e2ea9f54a,0.011,,,
4271,2026-05-25,SH605499,-0.0020832922613104534,EXP_LGBModel_Alpha158_csi300_custom_step0_s_20260525_17,3cdffef28cba47f9a614d46e2ea9f54a,0.011,,,
4272,2026-05-25,SH603993,-0.0020832922613104534,EXP_LGBModel_Alpha158_csi300_custom_step0_s_20260525_17,3cdffef28cba47f9a614d46e2ea9f54a,0.011,,,
4273,2026-05-25,SH601919,-0.002117490592909172,EXP_LGBModel_Alpha158_csi300_custom_step0_s_20260525_17,3cdffef28cba47f9a614d46e2ea9f54a,0.011,,,
4274,2026-05-25,SZ000983,-0.002117490592909172,EXP_LGBModel_Alpha158_csi300_custom_step0_s_20260525_17,3cdffef28cba47f9a614d46e2ea9f54a,0.011,,,
4275,2026-05-25,SZ001391,-5.392432725775036e-10,EXP_LGBModel_Alpha158_csi300_custom_step0_s_20260525_17,3cdffef28cba47f9a614d46e2ea9f54a,0.011,,,
4276,2026-05-25,SZ300408,-0.0035414374036526505,EXP_LGBModel_Alpha158_csi300_custom_step0_s_20260525_17,3cdffef28cba47f9a614d46e2ea9f54a,0.011,,,
4277,2026-05-25,SZ300394,-0.002117490592909172,EXP_LGBModel_Alpha158_csi300_custom_step0_s_20260525_17,3cdffef28cba47f9a614d46e2ea9f54a,0.011,,,
4278,2026-05-25,SZ300347,0.0124701271340805,EXP_LGBModel_Alpha158_csi300_custom_step0_s_20260525_17,3cdffef28cba47f9a614d46e2ea9f54a,0.011,,,
4279,2026-05-25,SZ300316,-0.0035414374036526505,EXP_LGBModel_Alpha158_csi300_custom_step0_s_20260525_17,3cdffef28cba47f9a614d46e2ea9f54a,0.011,,,
4280,2026-05-25,SZ300308,-0.00020253495996624385,EXP_LGBModel_Alpha158_csi300_custom_step0_s_20260525_17,3cdffef28cba47f9a614d46e2ea9f54a,0.011,,,
4281,2026-05-25,SZ300274,-0.004718730764962506,EXP_LGBModel_Alpha158_csi300_custom_step0_s_20260525_17,3cdffef28cba47f9a614d46e2ea9f54a,0.011,,,
4282,2026-05-25,SZ300413,-0.004200782314976352,EXP_LGBModel_Alpha158_csi300_custom_step0_s_20260525_17,3cdffef28cba47f9a614d46e2ea9f54a,0.011,,,
4283,2026-05-25,SZ300251,0.0054849080471083235,EXP_LGBModel_Alpha158_csi300_custom_step0_s_20260525_17,3cdffef28cba47f9a614d46e2ea9f54a,0.011,,,
4284,2026-05-25,SZ300122,-5.392432725775036e-10,EXP_LGBModel_Alpha158_csi300_custom_step0_s_20260525_17,3cdffef28cba47f9a614d46e2ea9f54a,0.011,,,
4285,2026-05-25,SZ300059,-0.0020832922613104534,EXP_LGBModel_Alpha158_csi300_custom_step0_s_20260525_17,3cdffef28cba47f9a614d46e2ea9f54a,0.011,,,
4286,2026-05-25,SZ300033,-0.004200782314976352,EXP_LGBModel_Alpha158_csi300_custom_step0_s_20260525_17,3cdffef28cba47f9a614d46e2ea9f54a,0.011,,,
4287,2026-05-25,SZ300015,-0.0020832922613104534,EXP_LGBModel_Alpha158_csi300_custom_step0_s_20260525_17,3cdffef28cba47f9a614d46e2ea9f54a,0.011,,,
4288,2026-05-25,SZ300014,-0.004200782314976352,EXP_LGBModel_Alpha158_csi300_custom_step0_s_20260525_17,3cdffef28cba47f9a614d46e2ea9f54a,0.011,,,
4289,2026-05-25,SZ003816,-0.004200782314976352,EXP_LGBModel_Alpha158_csi300_custom_step0_s_20260525_17,3cdffef28cba47f9a614d46e2ea9f54a,0.011,,,
4290,2026-05-25,SZ300124,-0.002117490592909172,EXP_LGBModel_Alpha158_csi300_custom_step0_s_20260525_17,3cdffef28cba47f9a614d46e2ea9f54a,0.011,,,
4291,2026-05-25,SZ300418,-0.004200782314976352,EXP_LGBModel_Alpha158_csi300_custom_step0_s_20260525_17,3cdffef28cba47f9a614d46e2ea9f54a,0.011,,,
4292,2026-05-25,SZ300433,-5.392432725775036e-10,EXP_LGBModel_Alpha158_csi300_custom_step0_s_20260525_17,3cdffef28cba47f9a614d46e2ea9f54a,0.011,,,
4293,2026-05-25,SZ300442,-0.004200782314976352,EXP_LGBModel_Alpha158_csi300_custom_step0_s_20260525_17,3cdffef28cba47f9a614d46e2ea9f54a,0.011,,,
4294,2026-05-25,SZ300999,-0.002117490592909172,EXP_LGBModel_Alpha158_csi300_custom_step0_s_20260525_17,3cdffef28cba47f9a614d46e2ea9f54a,0.011,,,
4295,2026-05-25,SZ300979,-0.003896890864698884,EXP_LGBModel_Alpha158_csi300_custom_step0_s_20260525_17,3cdffef28cba47f9a614d46e2ea9f54a,0.011,,,
4296,2026-05-25,SZ300896,-5.392432725775036e-10,EXP_LGBModel_Alpha158_csi300_custom_step0_s_20260525_17,3cdffef28cba47f9a614d46e2ea9f54a,0.011,,,
4297,2026-05-25,SZ300866,-0.002117490592909172,EXP_LGBModel_Alpha158_csi300_custom_step0_s_20260525_17,3cdffef28cba47f9a614d46e2ea9f54a,0.011,,,
4298,2026-05-25,SZ300832,-0.002117490592909172,EXP_LGBModel_Alpha158_csi300_custom_step0_s_20260525_17,3cdffef28cba47f9a614d46e2ea9f54a,0.011,,,
4299,2026-05-25,SZ300803,-0.004200782314976352,EXP_LGBModel_Alpha158_csi300_custom_step0_s_20260525_17,3cdffef28cba47f9a614d46e2ea9f54a,0.011,,,
4300,2026-05-25,SZ300782,0.0124701271340805,EXP_LGBModel_Alpha158_csi300_custom_step0_s_20260525_17,3cdffef28cba47f9a614d46e2ea9f54a,0.011,,,
4301,2026-05-25,SZ300760,-0.004200782314976352,EXP_LGBModel_Alpha158_csi300_custom_step0_s_20260525_17,3cdffef28cba47f9a614d46e2ea9f54a,0.011,,,
4302,2026-05-25,SZ300759,-0.002117490592909172,EXP_LGBModel_Alpha158_csi300_custom_step0_s_20260525_17,3cdffef28cba47f9a614d46e2ea9f54a,0.011,,,
4303,2026-05-25,SZ300750,-0.004200782314976352,EXP_LGBModel_Alpha158_csi300_custom_step0_s_20260525_17,3cdffef28cba47f9a614d46e2ea9f54a,0.011,,,
4304,2026-05-25,SZ300661,-5.392432725775036e-10,EXP_LGBModel_Alpha158_csi300_custom_step0_s_20260525_17,3cdffef28cba47f9a614d46e2ea9f54a,0.011,,,
4305,2026-05-25,SZ300628,-0.002117490592909172,EXP_LGBModel_Alpha158_csi300_custom_step0_s_20260525_17,3cdffef28cba47f9a614d46e2ea9f54a,0.011,,,
4306,2026-05-25,SZ300502,-0.004718730764962506,EXP_LGBModel_Alpha158_csi300_custom_step0_s_20260525_17,3cdffef28cba47f9a614d46e2ea9f54a,0.011,,,
4307,2026-05-25,SZ300498,-5.392432725775036e-10,EXP_LGBModel_Alpha158_csi300_custom_step0_s_20260525_17,3cdffef28cba47f9a614d46e2ea9f54a,0.011,,,
4308,2026-05-25,SZ300476,-0.004718730764962506,EXP_LGBModel_Alpha158_csi300_custom_step0_s_20260525_17,3cdffef28cba47f9a614d46e2ea9f54a,0.011,,,
4309,2026-05-25,SZ002938,-0.00020253495996624385,EXP_LGBModel_Alpha158_csi300_custom_step0_s_20260525_17,3cdffef28cba47f9a614d46e2ea9f54a,0.011,,,
4310,2026-05-25,SZ002920,-0.0026012407112966066,EXP_LGBModel_Alpha158_csi300_custom_step0_s_20260525_17,3cdffef28cba47f9a614d46e2ea9f54a,0.011,,,
4311,2026-05-25,SZ002916,-0.0026012407112966066,EXP_LGBModel_Alpha158_csi300_custom_step0_s_20260525_17,3cdffef28cba47f9a614d46e2ea9f54a,0.011,,,
4312,2026-05-25,SZ002736,-0.003896890864698884,EXP_LGBModel_Alpha158_csi300_custom_step0_s_20260525_17,3cdffef28cba47f9a614d46e2ea9f54a,0.011,,,
4313,2026-05-25,SZ002304,-0.004200782314976352,EXP_LGBModel_Alpha158_csi300_custom_step0_s_20260525_17,3cdffef28cba47f9a614d46e2ea9f54a,0.011,,,
4314,2026-05-25,SZ002252,-0.002117490592909172,EXP_LGBModel_Alpha158_csi300_custom_step0_s_20260525_17,3cdffef28cba47f9a614d46e2ea9f54a,0.011,,,
4315,2026-05-25,SZ002241,0.0034195142297893145,EXP_LGBModel_Alpha158_csi300_custom_step0_s_20260525_17,3cdffef28cba47f9a614d46e2ea9f54a,0.011,,,
4316,2026-05-25,SZ002236,0.00512936255228409,EXP_LGBModel_Alpha158_csi300_custom_step0_s_20260525_17,3cdffef28cba47f9a614d46e2ea9f54a,0.011,,,
4317,2026-05-25,SZ002230,-5.392432725775036e-10,EXP_LGBModel_Alpha158_csi300_custom_step0_s_20260525_17,3cdffef28cba47f9a614d46e2ea9f54a,0.011,,,
4318,2026-05-25,SZ002179,-0.002117490592909172,EXP_LGBModel_Alpha158_csi300_custom_step0_s_20260525_17,3cdffef28cba47f9a614d46e2ea9f54a,0.011,,,
4319,2026-05-25,SZ002142,-5.392432725775036e-10,EXP_LGBModel_Alpha158_csi300_custom_step0_s_20260525_17,3cdffef28cba47f9a614d46e2ea9f54a,0.011,,,
4320,2026-05-25,SZ002074,-0.002117490592909172,EXP_LGBModel_Alpha158_csi300_custom_step0_s_20260525_17,3cdffef28cba47f9a614d46e2ea9f54a,0.011,,,
4321,2026-05-25,SZ002050,-0.002117490592909172,EXP_LGBModel_Alpha158_csi300_custom_step0_s_20260525_17,3cdffef28cba47f9a614d46e2ea9f54a,0.011,,,
4322,2026-05-25,SZ002049,0.0016280529489141422,EXP_LGBModel_Alpha158_csi300_custom_step0_s_20260525_17,3cdffef28cba47f9a614d46e2ea9f54a,0.011,,,
4323,2026-05-25,SZ002028,-0.004200782314976352,EXP_LGBModel_Alpha158_csi300_custom_step0_s_20260525_17,3cdffef28cba47f9a614d46e2ea9f54a,0.011,,,
4324,2026-05-25,SZ002027,-0.004200782314976352,EXP_LGBModel_Alpha158_csi300_custom_step0_s_20260525_17,3cdffef28cba47f9a614d46e2ea9f54a,0.011,,,
4325,2026-05-25,SZ002001,-0.002117490592909172,EXP_LGBModel_Alpha158_csi300_custom_step0_s_20260525_17,3cdffef28cba47f9a614d46e2ea9f54a,0.011,,,
4326,2026-05-25,SZ001979,-0.0020832922613104534,EXP_LGBModel_Alpha158_csi300_custom_step0_s_20260525_17,3cdffef28cba47f9a614d46e2ea9f54a,0.011,,,
4327,2026-05-25,SZ001965,0.0009324472414902653,EXP_LGBModel_Alpha158_csi300_custom_step0_s_20260525_17,3cdffef28cba47f9a614d46e2ea9f54a,0.011,,,
4328,2026-05-25,SZ002311,-0.004200782314976352,EXP_LGBModel_Alpha158_csi300_custom_step0_s_20260525_17,3cdffef28cba47f9a614d46e2ea9f54a,0.011,,,
4329,2026-05-25,SZ000999,-0.002117490592909172,EXP_LGBModel_Alpha158_csi300_custom_step0_s_20260525_17,3cdffef28cba47f9a614d46e2ea9f54a,0.011,,,
4330,2026-05-25,SZ002352,-0.0006373065787965419,EXP_LGBModel_Alpha158_csi300_custom_step0_s_20260525_17,3cdffef28cba47f9a614d46e2ea9f54a,0.011,,,
4331,2026-05-25,SZ002384,-0.00020253495996624385,EXP_LGBModel_Alpha158_csi300_custom_step0_s_20260525_17,3cdffef28cba47f9a614d46e2ea9f54a,0.011,,,
4332,2026-05-25,SZ002714,-5.392432725775036e-10,EXP_LGBModel_Alpha158_csi300_custom_step0_s_20260525_17,3cdffef28cba47f9a614d46e2ea9f54a,0.011,,,
4333,2026-05-25,SZ002709,0.0124701271340805,EXP_LGBModel_Alpha158_csi300_custom_step0_s_20260525_17,3cdffef28cba47f9a614d46e2ea9f54a,0.011,,,
4334,2026-05-25,SZ002648,-5.392432725775036e-10,EXP_LGBModel_Alpha158_csi300_custom_step0_s_20260525_17,3cdffef28cba47f9a614d46e2ea9f54a,0.011,,,
4335,2026-05-25,SZ002625,-5.392432725775036e-10,EXP_LGBModel_Alpha158_csi300_custom_step0_s_20260525_17,3cdffef28cba47f9a614d46e2ea9f54a,0.011,,,
4336,2026-05-25,SZ002601,-5.392432725775036e-10,EXP_LGBModel_Alpha158_csi300_custom_step0_s_20260525_17,3cdffef28cba47f9a614d46e2ea9f54a,0.011,,,
4337,2026-05-25,SZ002600,-0.004200782314976352,EXP_LGBModel_Alpha158_csi300_custom_step0_s_20260525_17,3cdffef28cba47f9a614d46e2ea9f54a,0.011,,,
4338,2026-05-25,SZ002594,-0.0020832922613104534,EXP_LGBModel_Alpha158_csi300_custom_step0_s_20260525_17,3cdffef28cba47f9a614d46e2ea9f54a,0.011,,,
4339,2026-05-25,SZ002493,-5.392432725775036e-10,EXP_LGBModel_Alpha158_csi300_custom_step0_s_20260525_17,3cdffef28cba47f9a614d46e2ea9f54a,0.011,,,
4340,2026-05-25,SZ002475,-0.0020832922613104534,EXP_LGBModel_Alpha158_csi300_custom_step0_s_20260525_17,3cdffef28cba47f9a614d46e2ea9f54a,0.011,,,
4341,2026-05-25,SZ002466,0.0054849080471083235,EXP_LGBModel_Alpha158_csi300_custom_step0_s_20260525_17,3cdffef28cba47f9a614d46e2ea9f54a,0.011,,,
4342,2026-05-25,SZ002463,-0.004718730764962506,EXP_LGBModel_Alpha158_csi300_custom_step0_s_20260525_17,3cdffef28cba47f9a614d46e2ea9f54a,0.011,,,
4343,2026-05-25,SZ002460,-0.002117490592909172,EXP_LGBModel_Alpha158_csi300_custom_step0_s_20260525_17,3cdffef28cba47f9a614d46e2ea9f54a,0.011,,,
4344,2026-05-25,SZ002459,-0.0020832922613104534,EXP_LGBModel_Alpha158_csi300_custom_step0_s_20260525_17,3cdffef28cba47f9a614d46e2ea9f54a,0.011,,,
4345,2026-05-25,SZ002422,-0.002117490592909172,EXP_LGBModel_Alpha158_csi300_custom_step0_s_20260525_17,3cdffef28cba47f9a614d46e2ea9f54a,0.011,,,
4346,2026-05-25,SZ002415,-0.003896890864698884,EXP_LGBModel_Alpha158_csi300_custom_step0_s_20260525_17,3cdffef28cba47f9a614d46e2ea9f54a,0.011,,,
4347,2026-05-25,SZ002371,-0.00020253495996624385,EXP_LGBModel_Alpha158_csi300_custom_step0_s_20260525_17,3cdffef28cba47f9a614d46e2ea9f54a,0.011,,,
4348,2026-05-25,SZ301236,-0.004200782314976352,EXP_LGBModel_Alpha158_csi300_custom_step0_s_20260525_17,3cdffef28cba47f9a614d46e2ea9f54a,0.011,,,
4349,2026-05-25,SH601916,0.00512936255228409,EXP_LGBModel_Alpha158_csi300_custom_step0_s_20260525_17,3cdffef28cba47f9a614d46e2ea9f54a,0.011,,,
4350,2026-05-25,SH601899,-0.0020832922613104534,EXP_LGBModel_Alpha158_csi300_custom_step0_s_20260525_17,3cdffef28cba47f9a614d46e2ea9f54a,0.011,,,
4351,2026-05-25,SH600522,0.0124701271340805,EXP_LGBModel_Alpha158_csi300_custom_step0_s_20260525_17,3cdffef28cba47f9a614d46e2ea9f54a,0.011,,,
4352,2026-05-25,SH600519,-0.002117490592909172,EXP_LGBModel_Alpha158_csi300_custom_step0_s_20260525_17,3cdffef28cba47f9a614d46e2ea9f54a,0.011,,,
4353,2026-05-25,SH600515,-0.003896890864698884,EXP_LGBModel_Alpha158_csi300_custom_step0_s_20260525_17,3cdffef28cba47f9a614d46e2ea9f54a,0.011,,,
4354,2026-05-25,SH600489,-5.392432725775036e-10,EXP_LGBModel_Alpha158_csi300_custom_step0_s_20260525_17,3cdffef28cba47f9a614d46e2ea9f54a,0.011,,,
4355,2026-05-25,SH600482,-0.004200782314976352,EXP_LGBModel_Alpha158_csi300_custom_step0_s_20260525_17,3cdffef28cba47f9a614d46e2ea9f54a,0.011,,,
4356,2026-05-25,SH600460,0.0016280529489141422,EXP_LGBModel_Alpha158_csi300_custom_step0_s_20260525_17,3cdffef28cba47f9a614d46e2ea9f54a,0.011,,,
4357,2026-05-25,SH600547,0.0124701271340805,EXP_LGBModel_Alpha158_csi300_custom_step0_s_20260525_17,3cdffef28cba47f9a614d46e2ea9f54a,0.011,,,
4358,2026-05-25,SH600438,-0.002117490592909172,EXP_LGBModel_Alpha158_csi300_custom_step0_s_20260525_17,3cdffef28cba47f9a614d46e2ea9f54a,0.011,,,
4359,2026-05-25,SH600426,0.0054849080471083235,EXP_LGBModel_Alpha158_csi300_custom_step0_s_20260525_17,3cdffef28cba47f9a614d46e2ea9f54a,0.011,,,
4360,2026-05-25,SH600415,-0.004200782314976352,EXP_LGBModel_Alpha158_csi300_custom_step0_s_20260525_17,3cdffef28cba47f9a614d46e2ea9f54a,0.011,,,
4361,2026-05-25,SH600406,-0.003896890864698884,EXP_LGBModel_Alpha158_csi300_custom_step0_s_20260525_17,3cdffef28cba47f9a614d46e2ea9f54a,0.011,,,
4362,2026-05-25,SH600377,0.00512936255228409,EXP_LGBModel_Alpha158_csi300_custom_step0_s_20260525_17,3cdffef28cba47f9a614d46e2ea9f54a,0.011,,,
4363,2026-05-25,SH600372,-0.002117490592909172,EXP_LGBModel_Alpha158_csi300_custom_step0_s_20260525_17,3cdffef28cba47f9a614d46e2ea9f54a,0.011,,,
4364,2026-05-25,SH600362,-0.0020832922613104534,EXP_LGBModel_Alpha158_csi300_custom_step0_s_20260525_17,3cdffef28cba47f9a614d46e2ea9f54a,0.011,,,
4365,2026-05-25,SH600436,-5.392432725775036e-10,EXP_LGBModel_Alpha158_csi300_custom_step0_s_20260525_17,3cdffef28cba47f9a614d46e2ea9f54a,0.011,,,
4366,2026-05-25,SH600570,-0.0020832922613104534,EXP_LGBModel_Alpha158_csi300_custom_step0_s_20260525_17,3cdffef28cba47f9a614d46e2ea9f54a,0.011,,,
4367,2026-05-25,SH600584,-0.00020253495996624385,EXP_LGBModel_Alpha158_csi300_custom_step0_s_20260525_17,3cdffef28cba47f9a614d46e2ea9f54a,0.011,,,
4368,2026-05-25,SH600585,-0.003896890864698884,EXP_LGBModel_Alpha158_csi300_custom_step0_s_20260525_17,3cdffef28cba47f9a614d46e2ea9f54a,0.011,,,
4369,2026-05-25,SH600893,-0.004200782314976352,EXP_LGBModel_Alpha158_csi300_custom_step0_s_20260525_17,3cdffef28cba47f9a614d46e2ea9f54a,0.011,,,
4370,2026-05-25,SH600887,-0.001779400811032985,EXP_LGBModel_Alpha158_csi300_custom_step0_s_20260525_17,3cdffef28cba47f9a614d46e2ea9f54a,0.011,,,
4371,2026-05-25,SH600886,0.0009324472414902653,EXP_LGBModel_Alpha158_csi300_custom_step0_s_20260525_17,3cdffef28cba47f9a614d46e2ea9f54a,0.011,,,
4372,2026-05-25,SH600875,-5.392432725775036e-10,EXP_LGBModel_Alpha158_csi300_custom_step0_s_20260525_17,3cdffef28cba47f9a614d46e2ea9f54a,0.011,,,
4373,2026-05-25,SH600845,-0.004200782314976352,EXP_LGBModel_Alpha158_csi300_custom_step0_s_20260525_17,3cdffef28cba47f9a614d46e2ea9f54a,0.011,,,
4374,2026-05-25,SH600809,-0.002117490592909172,EXP_LGBModel_Alpha158_csi300_custom_step0_s_20260525_17,3cdffef28cba47f9a614d46e2ea9f54a,0.011,,,
4375,2026-05-25,SH600803,-0.004200782314976352,EXP_LGBModel_Alpha158_csi300_custom_step0_s_20260525_17,3cdffef28cba47f9a614d46e2ea9f54a,0.011,,,
4376,2026-05-25,SH600795,0.002487066449055777,EXP_LGBModel_Alpha158_csi300_custom_step0_s_20260525_17,3cdffef28cba47f9a614d46e2ea9f54a,0.011,,,
4377,2026-05-25,SH600760,-0.004200782314976352,EXP_LGBModel_Alpha158_csi300_custom_step0_s_20260525_17,3cdffef28cba47f9a614d46e2ea9f54a,0.011,,,
4378,2026-05-25,SH600741,0.0054849080471083235,EXP_LGBModel_Alpha158_csi300_custom_step0_s_20260525_17,3cdffef28cba47f9a614d46e2ea9f54a,0.011,,,
4379,2026-05-25,SH600690,-0.002117490592909172,EXP_LGBModel_Alpha158_csi300_custom_step0_s_20260525_17,3cdffef28cba47f9a614d46e2ea9f54a,0.011,,,
4380,2026-05-25,SH600674,-5.392432725775036e-10,EXP_LGBModel_Alpha158_csi300_custom_step0_s_20260525_17,3cdffef28cba47f9a614d46e2ea9f54a,0.011,,,
4381,2026-05-25,SH600660,-0.0020832922613104534,EXP_LGBModel_Alpha158_csi300_custom_step0_s_20260525_17,3cdffef28cba47f9a614d46e2ea9f54a,0.011,,,
4382,2026-05-25,SH600600,-0.0006373065787965419,EXP_LGBModel_Alpha158_csi300_custom_step0_s_20260525_17,3cdffef28cba47f9a614d46e2ea9f54a,0.011,,,
4383,2026-05-25,SH600588,-0.004200782314976352,EXP_LGBModel_Alpha158_csi300_custom_step0_s_20260525_17,3cdffef28cba47f9a614d46e2ea9f54a,0.011,,,
4384,2026-05-25,SH600346,0.0124701271340805,EXP_LGBModel_Alpha158_csi300_custom_step0_s_20260525_17,3cdffef28cba47f9a614d46e2ea9f54a,0.011,,,
4385,2026-05-25,SH600309,-0.002117490592909172,EXP_LGBModel_Alpha158_csi300_custom_step0_s_20260525_17,3cdffef28cba47f9a614d46e2ea9f54a,0.011,,,
4386,2026-05-25,SH600276,-0.002117490592909172,EXP_LGBModel_Alpha158_csi300_custom_step0_s_20260525_17,3cdffef28cba47f9a614d46e2ea9f54a,0.011,,,
4387,2026-05-25,SH600233,-5.392432725775036e-10,EXP_LGBModel_Alpha158_csi300_custom_step0_s_20260525_17,3cdffef28cba47f9a614d46e2ea9f54a,0.011,,,
4388,2026-05-25,SH600031,-0.004200782314976352,EXP_LGBModel_Alpha158_csi300_custom_step0_s_20260525_17,3cdffef28cba47f9a614d46e2ea9f54a,0.011,,,
4389,2026-05-25,SH600030,-5.392432725775036e-10,EXP_LGBModel_Alpha158_csi300_custom_step0_s_20260525_17,3cdffef28cba47f9a614d46e2ea9f54a,0.011,,,
4390,2026-05-25,SH600029,-0.004200782314976352,EXP_LGBModel_Alpha158_csi300_custom_step0_s_20260525_17,3cdffef28cba47f9a614d46e2ea9f54a,0.011,,,
4391,2026-05-25,SH600028,-0.002117490592909172,EXP_LGBModel_Alpha158_csi300_custom_step0_s_20260525_17,3cdffef28cba47f9a614d46e2ea9f54a,0.011,,,
4392,2026-05-25,SH600027,-0.002117490592909172,EXP_LGBModel_Alpha158_csi300_custom_step0_s_20260525_17,3cdffef28cba47f9a614d46e2ea9f54a,0.011,,,
4393,2026-05-25,SH600026,-5.392432725775036e-10,EXP_LGBModel_Alpha158_csi300_custom_step0_s_20260525_17,3cdffef28cba47f9a614d46e2ea9f54a,0.011,,,
4394,2026-05-25,SH600025,-0.003896890864698884,EXP_LGBModel_Alpha158_csi300_custom_step0_s_20260525_17,3cdffef28cba47f9a614d46e2ea9f54a,0.011,,,
4395,2026-05-25,SH600023,-0.004200782314976352,EXP_LGBModel_Alpha158_csi300_custom_step0_s_20260525_17,3cdffef28cba47f9a614d46e2ea9f54a,0.011,,,
4396,2026-05-25,SH600019,-0.003896890864698884,EXP_LGBModel_Alpha158_csi300_custom_step0_s_20260525_17,3cdffef28cba47f9a614d46e2ea9f54a,0.011,,,
4397,2026-05-25,SH600018,0.0034195142297893145,EXP_LGBModel_Alpha158_csi300_custom_step0_s_20260525_17,3cdffef28cba47f9a614d46e2ea9f54a,0.011,,,
4398,2026-05-25,SH600016,-5.392432725775036e-10,EXP_LGBModel_Alpha158_csi300_custom_step0_s_20260525_17,3cdffef28cba47f9a614d46e2ea9f54a,0.011,,,
4399,2026-05-25,SH600015,0.0026422955639850403,EXP_LGBModel_Alpha158_csi300_custom_step0_s_20260525_17,3cdffef28cba47f9a614d46e2ea9f54a,0.011,,,
4400,2026-05-25,SH600011,-0.004200782314976352,EXP_LGBModel_Alpha158_csi300_custom_step0_s_20260525_17,3cdffef28cba47f9a614d46e2ea9f54a,0.011,,,
4401,2026-05-25,SH600010,-0.002117490592909172,EXP_LGBModel_Alpha158_csi300_custom_step0_s_20260525_17,3cdffef28cba47f9a614d46e2ea9f54a,0.011,,,
4402,2026-05-25,SH600009,-0.002117490592909172,EXP_LGBModel_Alpha158_csi300_custom_step0_s_20260525_17,3cdffef28cba47f9a614d46e2ea9f54a,0.011,,,
4403,2026-05-25,SH600036,-0.0006373065787965419,EXP_LGBModel_Alpha158_csi300_custom_step0_s_20260525_17,3cdffef28cba47f9a614d46e2ea9f54a,0.011,,,
4404,2026-05-25,SH600900,0.002487066449055777,EXP_LGBModel_Alpha158_csi300_custom_step0_s_20260525_17,3cdffef28cba47f9a614d46e2ea9f54a,0.011,,,
4405,2026-05-25,SH600039,-5.392432725775036e-10,EXP_LGBModel_Alpha158_csi300_custom_step0_s_20260525_17,3cdffef28cba47f9a614d46e2ea9f54a,0.011,,,
4406,2026-05-25,SH600050,-0.003896890864698884,EXP_LGBModel_Alpha158_csi300_custom_step0_s_20260525_17,3cdffef28cba47f9a614d46e2ea9f54a,0.011,,,
4407,2026-05-25,SH600219,-0.004200782314976352,EXP_LGBModel_Alpha158_csi300_custom_step0_s_20260525_17,3cdffef28cba47f9a614d46e2ea9f54a,0.011,,,
4408,2026-05-25,SH600196,-0.002117490592909172,EXP_LGBModel_Alpha158_csi300_custom_step0_s_20260525_17,3cdffef28cba47f9a614d46e2ea9f54a,0.011,,,
4409,2026-05-25,SH600188,-0.004200782314976352,EXP_LGBModel_Alpha158_csi300_custom_step0_s_20260525_17,3cdffef28cba47f9a614d46e2ea9f54a,0.011,,,
4410,2026-05-25,SH600183,-0.00020253495996624385,EXP_LGBModel_Alpha158_csi300_custom_step0_s_20260525_17,3cdffef28cba47f9a614d46e2ea9f54a,0.011,,,
4411,2026-05-25,SH600176,-0.004718730764962506,EXP_LGBModel_Alpha158_csi300_custom_step0_s_20260525_17,3cdffef28cba47f9a614d46e2ea9f54a,0.011,,,
4412,2026-05-25,SH600161,-0.0020832922613104534,EXP_LGBModel_Alpha158_csi300_custom_step0_s_20260525_17,3cdffef28cba47f9a614d46e2ea9f54a,0.011,,,
4413,2026-05-25,SH600160,-0.004200782314976352,EXP_LGBModel_Alpha158_csi300_custom_step0_s_20260525_17,3cdffef28cba47f9a614d46e2ea9f54a,0.011,,,
4414,2026-05-25,SH600150,0.0034016163250411425,EXP_LGBModel_Alpha158_csi300_custom_step0_s_20260525_17,3cdffef28cba47f9a614d46e2ea9f54a,0.011,,,
4415,2026-05-25,SH600115,-0.004200782314976352,EXP_LGBModel_Alpha158_csi300_custom_step0_s_20260525_17,3cdffef28cba47f9a614d46e2ea9f54a,0.011,,,
4416,2026-05-25,SH600111,-0.004200782314976352,EXP_LGBModel_Alpha158_csi300_custom_step0_s_20260525_17,3cdffef28cba47f9a614d46e2ea9f54a,0.011,,,
4417,2026-05-25,SH600104,-0.0020832922613104534,EXP_LGBModel_Alpha158_csi300_custom_step0_s_20260525_17,3cdffef28cba47f9a614d46e2ea9f54a,0.011,,,
4418,2026-05-25,SH600089,-0.004200782314976352,EXP_LGBModel_Alpha158_csi300_custom_step0_s_20260525_17,3cdffef28cba47f9a614d46e2ea9f54a,0.011,,,
4419,2026-05-25,SH600085,-0.003896890864698884,EXP_LGBModel_Alpha158_csi300_custom_step0_s_20260525_17,3cdffef28cba47f9a614d46e2ea9f54a,0.011,,,
4420,2026-05-25,SH600066,-0.004200782314976352,EXP_LGBModel_Alpha158_csi300_custom_step0_s_20260525_17,3cdffef28cba47f9a614d46e2ea9f54a,0.011,,,
4421,2026-05-25,SH600061,-0.002117490592909172,EXP_LGBModel_Alpha158_csi300_custom_step0_s_20260525_17,3cdffef28cba47f9a614d46e2ea9f54a,0.011,,,
4422,2026-05-25,SH600048,-0.004200782314976352,EXP_LGBModel_Alpha158_csi300_custom_step0_s_20260525_17,3cdffef28cba47f9a614d46e2ea9f54a,0.011,,,
4423,2026-05-25,SH601901,0.0034195142297893145,EXP_LGBModel_Alpha158_csi300_custom_step0_s_20260525_17,3cdffef28cba47f9a614d46e2ea9f54a,0.011,,,
4424,2026-05-25,SH600905,0.002487066449055777,EXP_LGBModel_Alpha158_csi300_custom_step0_s_20260525_17,3cdffef28cba47f9a614d46e2ea9f54a,0.011,,,
4425,2026-05-25,SH600919,0.0034195142297893145,EXP_LGBModel_Alpha158_csi300_custom_step0_s_20260525_17,3cdffef28cba47f9a614d46e2ea9f54a,0.011,,,
4426,2026-05-25,SH601688,-0.002117490592909172,EXP_LGBModel_Alpha158_csi300_custom_step0_s_20260525_17,3cdffef28cba47f9a614d46e2ea9f54a,0.011,,,
4427,2026-05-25,SH601669,-0.003896890864698884,EXP_LGBModel_Alpha158_csi300_custom_step0_s_20260525_17,3cdffef28cba47f9a614d46e2ea9f54a,0.011,,,
4428,2026-05-25,SH601668,-5.392432725775036e-10,EXP_LGBModel_Alpha158_csi300_custom_step0_s_20260525_17,3cdffef28cba47f9a614d46e2ea9f54a,0.011,,,
4429,2026-05-25,SH601658,0.00512936255228409,EXP_LGBModel_Alpha158_csi300_custom_step0_s_20260525_17,3cdffef28cba47f9a614d46e2ea9f54a,0.011,,,
4430,2026-05-25,SH601633,-5.392432725775036e-10,EXP_LGBModel_Alpha158_csi300_custom_step0_s_20260525_17,3cdffef28cba47f9a614d46e2ea9f54a,0.011,,,
4431,2026-05-25,SH601628,-0.004200782314976352,EXP_LGBModel_Alpha158_csi300_custom_step0_s_20260525_17,3cdffef28cba47f9a614d46e2ea9f54a,0.011,,,
4432,2026-05-25,SH601689,-0.002117490592909172,EXP_LGBModel_Alpha158_csi300_custom_step0_s_20260525_17,3cdffef28cba47f9a614d46e2ea9f54a,0.011,,,
4433,2026-05-25,SH601618,-0.0020832922613104534,EXP_LGBModel_Alpha158_csi300_custom_step0_s_20260525_17,3cdffef28cba47f9a614d46e2ea9f54a,0.011,,,
4434,2026-05-25,SH601601,-0.004200782314976352,EXP_LGBModel_Alpha158_csi300_custom_step0_s_20260525_17,3cdffef28cba47f9a614d46e2ea9f54a,0.011,,,
4435,2026-05-25,SH601600,-0.004200782314976352,EXP_LGBModel_Alpha158_csi300_custom_step0_s_20260525_17,3cdffef28cba47f9a614d46e2ea9f54a,0.011,,,
4436,2026-05-25,SH601456,-0.001779400811032985,EXP_LGBModel_Alpha158_csi300_custom_step0_s_20260525_17,3cdffef28cba47f9a614d46e2ea9f54a,0.011,,,
4437,2026-05-25,SH601398,0.00512936255228409,EXP_LGBModel_Alpha158_csi300_custom_step0_s_20260525_17,3cdffef28cba47f9a614d46e2ea9f54a,0.011,,,
4438,2026-05-25,SH601390,-0.003896890864698884,EXP_LGBModel_Alpha158_csi300_custom_step0_s_20260525_17,3cdffef28cba47f9a614d46e2ea9f54a,0.011,,,
4439,2026-05-25,SH601377,-0.004200782314976352,EXP_LGBModel_Alpha158_csi300_custom_step0_s_20260525_17,3cdffef28cba47f9a614d46e2ea9f54a,0.011,,,
4440,2026-05-25,SH601607,-0.0006373065787965419,EXP_LGBModel_Alpha158_csi300_custom_step0_s_20260525_17,3cdffef28cba47f9a614d46e2ea9f54a,0.011,,,
4441,2026-05-25,SH601698,-0.002117490592909172,EXP_LGBModel_Alpha158_csi300_custom_step0_s_20260525_17,3cdffef28cba47f9a614d46e2ea9f54a,0.011,,,
4442,2026-05-25,SH601728,-0.002117490592909172,EXP_LGBModel_Alpha158_csi300_custom_step0_s_20260525_17,3cdffef28cba47f9a614d46e2ea9f54a,0.011,,,
4443,2026-05-25,SH601766,-5.392432725775036e-10,EXP_LGBModel_Alpha158_csi300_custom_step0_s_20260525_17,3cdffef28cba47f9a614d46e2ea9f54a,0.011,,,
4444,2026-05-25,SH601898,-5.392432725775036e-10,EXP_LGBModel_Alpha158_csi300_custom_step0_s_20260525_17,3cdffef28cba47f9a614d46e2ea9f54a,0.011,,,
4445,2026-05-25,SH601888,-0.002117490592909172,EXP_LGBModel_Alpha158_csi300_custom_step0_s_20260525_17,3cdffef28cba47f9a614d46e2ea9f54a,0.011,,,
4446,2026-05-25,SH601881,-5.392432725775036e-10,EXP_LGBModel_Alpha158_csi300_custom_step0_s_20260525_17,3cdffef28cba47f9a614d46e2ea9f54a,0.011,,,
4447,2026-05-25,SH601878,-0.002117490592909172,EXP_LGBModel_Alpha158_csi300_custom_step0_s_20260525_17,3cdffef28cba47f9a614d46e2ea9f54a,0.011,,,
4448,2026-05-25,SH601877,-0.002117490592909172,EXP_LGBModel_Alpha158_csi300_custom_step0_s_20260525_17,3cdffef28cba47f9a614d46e2ea9f54a,0.011,,,
4449,2026-05-25,SH601872,-0.004200782314976352,EXP_LGBModel_Alpha158_csi300_custom_step0_s_20260525_17,3cdffef28cba47f9a614d46e2ea9f54a,0.011,,,
4450,2026-05-25,SH601868,-0.004200782314976352,EXP_LGBModel_Alpha158_csi300_custom_step0_s_20260525_17,3cdffef28cba47f9a614d46e2ea9f54a,0.011,,,
4451,2026-05-25,SH601857,-0.004200782314976352,EXP_LGBModel_Alpha158_csi300_custom_step0_s_20260525_17,3cdffef28cba47f9a614d46e2ea9f54a,0.011,,,
4452,2026-05-25,SH601838,0.0009324472414902653,EXP_LGBModel_Alpha158_csi300_custom_step0_s_20260525_17,3cdffef28cba47f9a614d46e2ea9f54a,0.011,,,
4453,2026-05-25,SH601825,-0.0006373065787965419,EXP_LGBModel_Alpha158_csi300_custom_step0_s_20260525_17,3cdffef28cba47f9a614d46e2ea9f54a,0.011,,,
4454,2026-05-25,SH601818,0.0026422955639850403,EXP_LGBModel_Alpha158_csi300_custom_step0_s_20260525_17,3cdffef28cba47f9a614d46e2ea9f54a,0.011,,,
4455,2026-05-25,SH601816,-0.001779400811032985,EXP_LGBModel_Alpha158_csi300_custom_step0_s_20260525_17,3cdffef28cba47f9a614d46e2ea9f54a,0.011,,,
4456,2026-05-25,SH601808,-0.002117490592909172,EXP_LGBModel_Alpha158_csi300_custom_step0_s_20260525_17,3cdffef28cba47f9a614d46e2ea9f54a,0.011,,,
4457,2026-05-25,SH601800,-0.002117490592909172,EXP_LGBModel_Alpha158_csi300_custom_step0_s_20260525_17,3cdffef28cba47f9a614d46e2ea9f54a,0.011,,,
4458,2026-05-25,SH601788,-0.004200782314976352,EXP_LGBModel_Alpha158_csi300_custom_step0_s_20260525_17,3cdffef28cba47f9a614d46e2ea9f54a,0.011,,,
4459,2026-05-25,SH601360,-5.392432725775036e-10,EXP_LGBModel_Alpha158_csi300_custom_step0_s_20260525_17,3cdffef28cba47f9a614d46e2ea9f54a,0.011,,,
4460,2026-05-25,SH601336,-0.0020832922613104534,EXP_LGBModel_Alpha158_csi300_custom_step0_s_20260525_17,3cdffef28cba47f9a614d46e2ea9f54a,0.011,,,
4461,2026-05-25,SH601328,-0.0006373065787965419,EXP_LGBModel_Alpha158_csi300_custom_step0_s_20260525_17,3cdffef28cba47f9a614d46e2ea9f54a,0.011,,,
4462,2026-05-25,SH601319,-0.003896890864698884,EXP_LGBModel_Alpha158_csi300_custom_step0_s_20260525_17,3cdffef28cba47f9a614d46e2ea9f54a,0.011,,,
4463,2026-05-25,SH601066,0.0034195142297893145,EXP_LGBModel_Alpha158_csi300_custom_step0_s_20260525_17,3cdffef28cba47f9a614d46e2ea9f54a,0.011,,,
4464,2026-05-25,SH601059,0.002487066449055777,EXP_LGBModel_Alpha158_csi300_custom_step0_s_20260525_17,3cdffef28cba47f9a614d46e2ea9f54a,0.011,,,
4465,2026-05-25,SH601058,-0.004200782314976352,EXP_LGBModel_Alpha158_csi300_custom_step0_s_20260525_17,3cdffef28cba47f9a614d46e2ea9f54a,0.011,,,
4466,2026-05-25,SH601021,0.001395977128863181,EXP_LGBModel_Alpha158_csi300_custom_step0_s_20260525_17,3cdffef28cba47f9a614d46e2ea9f54a,0.011,,,
4467,2026-05-25,SH601018,-0.002117490592909172,EXP_LGBModel_Alpha158_csi300_custom_step0_s_20260525_17,3cdffef28cba47f9a614d46e2ea9f54a,0.011,,,
4468,2026-05-25,SH601012,-0.004200782314976352,EXP_LGBModel_Alpha158_csi300_custom_step0_s_20260525_17,3cdffef28cba47f9a614d46e2ea9f54a,0.011,,,
4469,2026-05-25,SH601009,-5.392432725775036e-10,EXP_LGBModel_Alpha158_csi300_custom_step0_s_20260525_17,3cdffef28cba47f9a614d46e2ea9f54a,0.011,,,
4470,2026-05-25,SH601006,0.0009324472414902653,EXP_LGBModel_Alpha158_csi300_custom_step0_s_20260525_17,3cdffef28cba47f9a614d46e2ea9f54a,0.011,,,
4471,2026-05-25,SH600999,-5.392432725775036e-10,EXP_LGBModel_Alpha158_csi300_custom_step0_s_20260525_17,3cdffef28cba47f9a614d46e2ea9f54a,0.011,,,
4472,2026-05-25,SH600989,-5.392432725775036e-10,EXP_LGBModel_Alpha158_csi300_custom_step0_s_20260525_17,3cdffef28cba47f9a614d46e2ea9f54a,0.011,,,
4473,2026-05-25,SH600958,-0.004200782314976352,EXP_LGBModel_Alpha158_csi300_custom_step0_s_20260525_17,3cdffef28cba47f9a614d46e2ea9f54a,0.011,,,
4474,2026-05-25,SH600941,-0.001779400811032985,EXP_LGBModel_Alpha158_csi300_custom_step0_s_20260525_17,3cdffef28cba47f9a614d46e2ea9f54a,0.011,,,
4475,2026-05-25,SH600938,-0.004200782314976352,EXP_LGBModel_Alpha158_csi300_custom_step0_s_20260525_17,3cdffef28cba47f9a614d46e2ea9f54a,0.011,,,
4476,2026-05-25,SH600930,-0.003896890864698884,EXP_LGBModel_Alpha158_csi300_custom_step0_s_20260525_17,3cdffef28cba47f9a614d46e2ea9f54a,0.011,,,
4477,2026-05-25,SH600926,-0.0006373065787965419,EXP_LGBModel_Alpha158_csi300_custom_step0_s_20260525_17,3cdffef28cba47f9a614d46e2ea9f54a,0.011,,,
4478,2026-05-25,SH601077,-0.0006373065787965419,EXP_LGBModel_Alpha158_csi300_custom_step0_s_20260525_17,3cdffef28cba47f9a614d46e2ea9f54a,0.011,,,
4479,2026-05-25,SH600918,-5.392432725775036e-10,EXP_LGBModel_Alpha158_csi300_custom_step0_s_20260525_17,3cdffef28cba47f9a614d46e2ea9f54a,0.011,,,
4480,2026-05-25,SH601088,-0.0027205983008637227,EXP_LGBModel_Alpha158_csi300_custom_step0_s_20260525_17,3cdffef28cba47f9a614d46e2ea9f54a,0.011,,,
4481,2026-05-25,SH601111,-0.002117490592909172,EXP_LGBModel_Alpha158_csi300_custom_step0_s_20260525_17,3cdffef28cba47f9a614d46e2ea9f54a,0.011,,,
4482,2026-05-25,SH601318,-0.004200782314976352,EXP_LGBModel_Alpha158_csi300_custom_step0_s_20260525_17,3cdffef28cba47f9a614d46e2ea9f54a,0.011,,,
4483,2026-05-25,SH601298,0.0009324472414902653,EXP_LGBModel_Alpha158_csi300_custom_step0_s_20260525_17,3cdffef28cba47f9a614d46e2ea9f54a,0.011,,,
4484,2026-05-25,SH601288,-5.392432725775036e-10,EXP_LGBModel_Alpha158_csi300_custom_step0_s_20260525_17,3cdffef28cba47f9a614d46e2ea9f54a,0.011,,,
4485,2026-05-25,SH601238,-0.002117490592909172,EXP_LGBModel_Alpha158_csi300_custom_step0_s_20260525_17,3cdffef28cba47f9a614d46e2ea9f54a,0.011,,,
4486,2026-05-25,SH601236,-0.003896890864698884,EXP_LGBModel_Alpha158_csi300_custom_step0_s_20260525_17,3cdffef28cba47f9a614d46e2ea9f54a,0.011,,,
4487,2026-05-25,SH601229,-0.001779400811032985,EXP_LGBModel_Alpha158_csi300_custom_step0_s_20260525_17,3cdffef28cba47f9a614d46e2ea9f54a,0.011,,,
4488,2026-05-25,SH601225,-0.004200782314976352,EXP_LGBModel_Alpha158_csi300_custom_step0_s_20260525_17,3cdffef28cba47f9a614d46e2ea9f54a,0.011,,,
4489,2026-05-25,SH601211,-0.002117490592909172,EXP_LGBModel_Alpha158_csi300_custom_step0_s_20260525_17,3cdffef28cba47f9a614d46e2ea9f54a,0.011,,,
4490,2026-05-25,SH601186,-5.392432725775036e-10,EXP_LGBModel_Alpha158_csi300_custom_step0_s_20260525_17,3cdffef28cba47f9a614d46e2ea9f54a,0.011,,,
4491,2026-05-25,SH601169,-0.0006373065787965419,EXP_LGBModel_Alpha158_csi300_custom_step0_s_20260525_17,3cdffef28cba47f9a614d46e2ea9f54a,0.011,,,
4492,2026-05-25,SH601166,0.0026422955639850403,EXP_LGBModel_Alpha158_csi300_custom_step0_s_20260525_17,3cdffef28cba47f9a614d46e2ea9f54a,0.011,,,
4493,2026-05-25,SH601138,-0.0020832922613104534,EXP_LGBModel_Alpha158_csi300_custom_step0_s_20260525_17,3cdffef28cba47f9a614d46e2ea9f54a,0.011,,,
4494,2026-05-25,SH601136,-0.004200782314976352,EXP_LGBModel_Alpha158_csi300_custom_step0_s_20260525_17,3cdffef28cba47f9a614d46e2ea9f54a,0.011,,,
4495,2026-05-25,SH601127,-0.003896890864698884,EXP_LGBModel_Alpha158_csi300_custom_step0_s_20260525_17,3cdffef28cba47f9a614d46e2ea9f54a,0.011,,,
4496,2026-05-25,SH601117,-5.392432725775036e-10,EXP_LGBModel_Alpha158_csi300_custom_step0_s_20260525_17,3cdffef28cba47f9a614d46e2ea9f54a,0.011,,,
4497,2026-05-25,SH601100,-0.0020832922613104534,EXP_LGBModel_Alpha158_csi300_custom_step0_s_20260525_17,3cdffef28cba47f9a614d46e2ea9f54a,0.011,,,
4498,2026-05-25,SZ301269,0.001395977128863181,EXP_LGBModel_Alpha158_csi300_custom_step0_s_20260525_17,3cdffef28cba47f9a614d46e2ea9f54a,0.011,,,
4499,2026-05-25,SZ302132,-0.004200782314976352,EXP_LGBModel_Alpha158_csi300_custom_step0_s_20260525_17,3cdffef28cba47f9a614d46e2ea9f54a,0.011,,,
4500,2026-05-25,SH600000,-0.02832424543159113,EXP_LGBModel_Alpha158_csi300_custom_step0_s_20260525_17,8b03081675eb4a11886176ad363a7f38,0.072,,,
4501,2026-05-25,SZ000596,0.0029550737407017342,EXP_LGBModel_Alpha158_csi300_custom_step0_s_20260525_17,8b03081675eb4a11886176ad363a7f38,0.072,,,
4502,2026-05-25,SZ000568,-0.01735061028231765,EXP_LGBModel_Alpha158_csi300_custom_step0_s_20260525_17,8b03081675eb4a11886176ad363a7f38,0.072,,,
4503,2026-05-25,SZ000538,-0.02488104416229957,EXP_LGBModel_Alpha158_csi300_custom_step0_s_20260525_17,8b03081675eb4a11886176ad363a7f38,0.072,,,
4504,2026-05-25,SZ000425,-0.0009266062310242276,EXP_LGBModel_Alpha158_csi300_custom_step0_s_20260525_17,8b03081675eb4a11886176ad363a7f38,0.072,,,
4505,2026-05-25,SZ000408,-0.002575406580383288,EXP_LGBModel_Alpha158_csi300_custom_step0_s_20260525_17,8b03081675eb4a11886176ad363a7f38,0.072,,,
4506,2026-05-25,SZ000338,0.019638753799075773,EXP_LGBModel_Alpha158_csi300_custom_step0_s_20260525_17,8b03081675eb4a11886176ad363a7f38,0.072,,,
4507,2026-05-25,SZ000617,0.005098730850758089,EXP_LGBModel_Alpha158_csi300_custom_step0_s_20260525_17,8b03081675eb4a11886176ad363a7f38,0.072,,,
4508,2026-05-25,SZ000333,0.02013772186449989,EXP_LGBModel_Alpha158_csi300_custom_step0_s_20260525_17,8b03081675eb4a11886176ad363a7f38,0.072,,,
4509,2026-05-25,SZ000166,-0.0176880187826201,EXP_LGBModel_Alpha158_csi300_custom_step0_s_20260525_17,8b03081675eb4a11886176ad363a7f38,0.072,,,
4510,2026-05-25,SZ000157,-0.0035979545142293566,EXP_LGBModel_Alpha158_csi300_custom_step0_s_20260525_17,8b03081675eb4a11886176ad363a7f38,0.072,,,
4511,2026-05-25,SZ000100,0.0003417021016355753,EXP_LGBModel_Alpha158_csi300_custom_step0_s_20260525_17,8b03081675eb4a11886176ad363a7f38,0.072,,,
4512,2026-05-25,SZ000063,0.020803768850574313,EXP_LGBModel_Alpha158_csi300_custom_step0_s_20260525_17,8b03081675eb4a11886176ad363a7f38,0.072,,,
4513,2026-05-25,SZ000002,0.0068364313569738815,EXP_LGBModel_Alpha158_csi300_custom_step0_s_20260525_17,8b03081675eb4a11886176ad363a7f38,0.072,,,
4514,2026-05-25,SZ000001,-0.013335707220088592,EXP_LGBModel_Alpha158_csi300_custom_step0_s_20260525_17,8b03081675eb4a11886176ad363a7f38,0.072,,,
4515,2026-05-25,SZ000301,0.016661655907283107,EXP_LGBModel_Alpha158_csi300_custom_step0_s_20260525_17,8b03081675eb4a11886176ad363a7f38,0.072,,,
4516,2026-05-25,SZ000625,-0.0005107444740183724,EXP_LGBModel_Alpha158_csi300_custom_step0_s_20260525_17,8b03081675eb4a11886176ad363a7f38,0.072,,,
4517,2026-05-25,SZ000630,0.003265175206319689,EXP_LGBModel_Alpha158_csi300_custom_step0_s_20260525_17,8b03081675eb4a11886176ad363a7f38,0.072,,,
4518,2026-05-25,SZ000651,0.000873978657593473,EXP_LGBModel_Alpha158_csi300_custom_step0_s_20260525_17,8b03081675eb4a11886176ad363a7f38,0.072,,,
4519,2026-05-25,SZ000977,0.04481574304414033,EXP_LGBModel_Alpha158_csi300_custom_step0_s_20260525_17,8b03081675eb4a11886176ad363a7f38,0.072,,,
4520,2026-05-25,SZ000975,0.053662255323700316,EXP_LGBModel_Alpha158_csi300_custom_step0_s_20260525_17,8b03081675eb4a11886176ad363a7f38,0.072,,,
4521,2026-05-25,SZ000963,0.002588331528496122,EXP_LGBModel_Alpha158_csi300_custom_step0_s_20260525_17,8b03081675eb4a11886176ad363a7f38,0.072,,,
4522,2026-05-25,SZ000938,0.06265641815771025,EXP_LGBModel_Alpha158_csi300_custom_step0_s_20260525_17,8b03081675eb4a11886176ad363a7f38,0.072,,,
4523,2026-05-25,SZ000895,-0.006234757314102372,EXP_LGBModel_Alpha158_csi300_custom_step0_s_20260525_17,8b03081675eb4a11886176ad363a7f38,0.072,,,
4524,2026-05-25,SZ000876,-0.020970964152954012,EXP_LGBModel_Alpha158_csi300_custom_step0_s_20260525_17,8b03081675eb4a11886176ad363a7f38,0.072,,,
4525,2026-05-25,SZ000858,0.0007279700269562485,EXP_LGBModel_Alpha158_csi300_custom_step0_s_20260525_17,8b03081675eb4a11886176ad363a7f38,0.072,,,
4526,2026-05-25,SZ000807,0.01587873416024616,EXP_LGBModel_Alpha158_csi300_custom_step0_s_20260525_17,8b03081675eb4a11886176ad363a7f38,0.072,,,
4527,2026-05-25,SZ000792,0.01917886610870561,EXP_LGBModel_Alpha158_csi300_custom_step0_s_20260525_17,8b03081675eb4a11886176ad363a7f38,0.072,,,
4528,2026-05-25,SZ000786,-0.01218418317111357,EXP_LGBModel_Alpha158_csi300_custom_step0_s_20260525_17,8b03081675eb4a11886176ad363a7f38,0.072,,,
4529,2026-05-25,SZ000776,-0.006916291644882269,EXP_LGBModel_Alpha158_csi300_custom_step0_s_20260525_17,8b03081675eb4a11886176ad363a7f38,0.072,,,
4530,2026-05-25,SZ000768,-0.005461891428870613,EXP_LGBModel_Alpha158_csi300_custom_step0_s_20260525_17,8b03081675eb4a11886176ad363a7f38,0.072,,,
4531,2026-05-25,SZ000725,-0.0008318548174046309,EXP_LGBModel_Alpha158_csi300_custom_step0_s_20260525_17,8b03081675eb4a11886176ad363a7f38,0.072,,,
4532,2026-05-25,SZ000708,-0.0011297411246957482,EXP_LGBModel_Alpha158_csi300_custom_step0_s_20260525_17,8b03081675eb4a11886176ad363a7f38,0.072,,,
4533,2026-05-25,SZ000661,-0.008591478103938614,EXP_LGBModel_Alpha158_csi300_custom_step0_s_20260525_17,8b03081675eb4a11886176ad363a7f38,0.072,,,
4534,2026-05-25,SH688981,-9.442230226494255e-10,EXP_LGBModel_Alpha158_csi300_custom_step0_s_20260525_17,8b03081675eb4a11886176ad363a7f38,0.072,,,
4535,2026-05-25,SH688506,0.017919698575990742,EXP_LGBModel_Alpha158_csi300_custom_step0_s_20260525_17,8b03081675eb4a11886176ad363a7f38,0.072,,,
4536,2026-05-25,SH688472,0.0010302118660138492,EXP_LGBModel_Alpha158_csi300_custom_step0_s_20260525_17,8b03081675eb4a11886176ad363a7f38,0.072,,,
4537,2026-05-25,SH688396,0.022150170382750245,EXP_LGBModel_Alpha158_csi300_custom_step0_s_20260525_17,8b03081675eb4a11886176ad363a7f38,0.072,,,
4538,2026-05-25,SH603893,0.05153284300023376,EXP_LGBModel_Alpha158_csi300_custom_step0_s_20260525_17,8b03081675eb4a11886176ad363a7f38,0.072,,,
4539,2026-05-25,SH603799,-0.008579061686772726,EXP_LGBModel_Alpha158_csi300_custom_step0_s_20260525_17,8b03081675eb4a11886176ad363a7f38,0.072,,,
4540,2026-05-25,SH603501,0.02031844836487161,EXP_LGBModel_Alpha158_csi300_custom_step0_s_20260525_17,8b03081675eb4a11886176ad363a7f38,0.072,,,
4541,2026-05-25,SH603392,0.0010646457257566576,EXP_LGBModel_Alpha158_csi300_custom_step0_s_20260525_17,8b03081675eb4a11886176ad363a7f38,0.072,,,
4542,2026-05-25,SH603369,0.03963127225650142,EXP_LGBModel_Alpha158_csi300_custom_step0_s_20260525_17,8b03081675eb4a11886176ad363a7f38,0.072,,,
4543,2026-05-25,SH603296,0.033853512551039154,EXP_LGBModel_Alpha158_csi300_custom_step0_s_20260525_17,8b03081675eb4a11886176ad363a7f38,0.072,,,
4544,2026-05-25,SH603288,-0.0032007399035478955,EXP_LGBModel_Alpha158_csi300_custom_step0_s_20260525_17,8b03081675eb4a11886176ad363a7f38,0.072,,,
4545,2026-05-25,SH603260,-0.008775735618590798,EXP_LGBModel_Alpha158_csi300_custom_step0_s_20260525_17,8b03081675eb4a11886176ad363a7f38,0.072,,,
4546,2026-05-25,SH603259,-0.006483611317559266,EXP_LGBModel_Alpha158_csi300_custom_step0_s_20260525_17,8b03081675eb4a11886176ad363a7f38,0.072,,,
4547,2026-05-25,SH603195,-0.01207390517436943,EXP_LGBModel_Alpha158_csi300_custom_step0_s_20260525_17,8b03081675eb4a11886176ad363a7f38,0.072,,,
4548,2026-05-25,SH603019,0.03159388517742565,EXP_LGBModel_Alpha158_csi300_custom_step0_s_20260525_17,8b03081675eb4a11886176ad363a7f38,0.072,,,
4549,2026-05-25,SH601998,-0.015531185794025779,EXP_LGBModel_Alpha158_csi300_custom_step0_s_20260525_17,8b03081675eb4a11886176ad363a7f38,0.072,,,
4550,2026-05-25,SH601995,0.015235266972756317,EXP_LGBModel_Alpha158_csi300_custom_step0_s_20260525_17,8b03081675eb4a11886176ad363a7f38,0.072,,,
4551,2026-05-25,SH601988,0.004384914652341869,EXP_LGBModel_Alpha158_csi300_custom_step0_s_20260525_17,8b03081675eb4a11886176ad363a7f38,0.072,,,
4552,2026-05-25,SH601985,-0.003134977546543346,EXP_LGBModel_Alpha158_csi300_custom_step0_s_20260525_17,8b03081675eb4a11886176ad363a7f38,0.072,,,
4553,2026-05-25,SH603986,-0.009901302797504737,EXP_LGBModel_Alpha158_csi300_custom_step0_s_20260525_17,8b03081675eb4a11886176ad363a7f38,0.072,,,
4554,2026-05-25,SZ000983,0.014167211967305297,EXP_LGBModel_Alpha158_csi300_custom_step0_s_20260525_17,8b03081675eb4a11886176ad363a7f38,0.072,,,
4555,2026-05-25,SH603993,0.0020589535373042255,EXP_LGBModel_Alpha158_csi300_custom_step0_s_20260525_17,8b03081675eb4a11886176ad363a7f38,0.072,,,
4556,2026-05-25,SH605499,-0.00999591676561877,EXP_LGBModel_Alpha158_csi300_custom_step0_s_20260525_17,8b03081675eb4a11886176ad363a7f38,0.072,,,
4557,2026-05-25,SH688303,0.002588331528496122,EXP_LGBModel_Alpha158_csi300_custom_step0_s_20260525_17,8b03081675eb4a11886176ad363a7f38,0.072,,,
4558,2026-05-25,SH688271,-0.00883442457776222,EXP_LGBModel_Alpha158_csi300_custom_step0_s_20260525_17,8b03081675eb4a11886176ad363a7f38,0.072,,,
4559,2026-05-25,SH688256,0.03745636478657303,EXP_LGBModel_Alpha158_csi300_custom_step0_s_20260525_17,8b03081675eb4a11886176ad363a7f38,0.072,,,
4560,2026-05-25,SH688223,-0.012983572459074944,EXP_LGBModel_Alpha158_csi300_custom_step0_s_20260525_17,8b03081675eb4a11886176ad363a7f38,0.072,,,
4561,2026-05-25,SH688187,0.002059554857512494,EXP_LGBModel_Alpha158_csi300_custom_step0_s_20260525_17,8b03081675eb4a11886176ad363a7f38,0.072,,,
4562,2026-05-25,SH688169,0.011743444564480936,EXP_LGBModel_Alpha158_csi300_custom_step0_s_20260525_17,8b03081675eb4a11886176ad363a7f38,0.072,,,
4563,2026-05-25,SH688126,-0.015198911174522519,EXP_LGBModel_Alpha158_csi300_custom_step0_s_20260525_17,8b03081675eb4a11886176ad363a7f38,0.072,,,
4564,2026-05-25,SH688111,0.03182890448396914,EXP_LGBModel_Alpha158_csi300_custom_step0_s_20260525_17,8b03081675eb4a11886176ad363a7f38,0.072,,,
4565,2026-05-25,SH688082,-9.442230226494255e-10,EXP_LGBModel_Alpha158_csi300_custom_step0_s_20260525_17,8b03081675eb4a11886176ad363a7f38,0.072,,,
4566,2026-05-25,SH688047,0.030509862255901354,EXP_LGBModel_Alpha158_csi300_custom_step0_s_20260525_17,8b03081675eb4a11886176ad363a7f38,0.072,,,
4567,2026-05-25,SH688041,0.0008882311083128531,EXP_LGBModel_Alpha158_csi300_custom_step0_s_20260525_17,8b03081675eb4a11886176ad363a7f38,0.072,,,
4568,2026-05-25,SH688036,0.04294018982885521,EXP_LGBModel_Alpha158_csi300_custom_step0_s_20260525_17,8b03081675eb4a11886176ad363a7f38,0.072,,,
4569,2026-05-25,SH688012,-0.009620477573110176,EXP_LGBModel_Alpha158_csi300_custom_step0_s_20260525_17,8b03081675eb4a11886176ad363a7f38,0.072,,,
4570,2026-05-25,SH688009,-0.014132136270276974,EXP_LGBModel_Alpha158_csi300_custom_step0_s_20260525_17,8b03081675eb4a11886176ad363a7f38,0.072,,,
4571,2026-05-25,SH688008,0.007979420433191699,EXP_LGBModel_Alpha158_csi300_custom_step0_s_20260525_17,8b03081675eb4a11886176ad363a7f38,0.072,,,
4572,2026-05-25,SH605117,0.06411793428266192,EXP_LGBModel_Alpha158_csi300_custom_step0_s_20260525_17,8b03081675eb4a11886176ad363a7f38,0.072,,,
4573,2026-05-25,SH601939,-0.010355488893114606,EXP_LGBModel_Alpha158_csi300_custom_step0_s_20260525_17,8b03081675eb4a11886176ad363a7f38,0.072,,,
4574,2026-05-25,SZ000999,-0.008162837195114566,EXP_LGBModel_Alpha158_csi300_custom_step0_s_20260525_17,8b03081675eb4a11886176ad363a7f38,0.072,,,
4575,2026-05-25,SZ001965,0.02503494708880413,EXP_LGBModel_Alpha158_csi300_custom_step0_s_20260525_17,8b03081675eb4a11886176ad363a7f38,0.072,,,
4576,2026-05-25,SZ300413,0.005350731832210207,EXP_LGBModel_Alpha158_csi300_custom_step0_s_20260525_17,8b03081675eb4a11886176ad363a7f38,0.072,,,
4577,2026-05-25,SZ300408,0.027871074775902407,EXP_LGBModel_Alpha158_csi300_custom_step0_s_20260525_17,8b03081675eb4a11886176ad363a7f38,0.072,,,
4578,2026-05-25,SZ300394,0.012677257783763407,EXP_LGBModel_Alpha158_csi300_custom_step0_s_20260525_17,8b03081675eb4a11886176ad363a7f38,0.072,,,
4579,2026-05-25,SZ300347,0.015287408968851912,EXP_LGBModel_Alpha158_csi300_custom_step0_s_20260525_17,8b03081675eb4a11886176ad363a7f38,0.072,,,
4580,2026-05-25,SZ300316,0.05117751025811893,EXP_LGBModel_Alpha158_csi300_custom_step0_s_20260525_17,8b03081675eb4a11886176ad363a7f38,0.072,,,
4581,2026-05-25,SZ300308,-0.0006354546944266111,EXP_LGBModel_Alpha158_csi300_custom_step0_s_20260525_17,8b03081675eb4a11886176ad363a7f38,0.072,,,
4582,2026-05-25,SZ300418,0.0009170676058675312,EXP_LGBModel_Alpha158_csi300_custom_step0_s_20260525_17,8b03081675eb4a11886176ad363a7f38,0.072,,,
4583,2026-05-25,SZ300274,0.12225211530774382,EXP_LGBModel_Alpha158_csi300_custom_step0_s_20260525_17,8b03081675eb4a11886176ad363a7f38,0.072,,,
4584,2026-05-25,SZ300124,0.01717188571493426,EXP_LGBModel_Alpha158_csi300_custom_step0_s_20260525_17,8b03081675eb4a11886176ad363a7f38,0.072,,,
4585,2026-05-25,SZ300122,0.0010646457257566576,EXP_LGBModel_Alpha158_csi300_custom_step0_s_20260525_17,8b03081675eb4a11886176ad363a7f38,0.072,,,
4586,2026-05-25,SZ300059,0.014794791417915964,EXP_LGBModel_Alpha158_csi300_custom_step0_s_20260525_17,8b03081675eb4a11886176ad363a7f38,0.072,,,
4587,2026-05-25,SZ300033,0.0008701936621335882,EXP_LGBModel_Alpha158_csi300_custom_step0_s_20260525_17,8b03081675eb4a11886176ad363a7f38,0.072,,,
4588,2026-05-25,SZ300015,-0.001357051569744468,EXP_LGBModel_Alpha158_csi300_custom_step0_s_20260525_17,8b03081675eb4a11886176ad363a7f38,0.072,,,
4589,2026-05-25,SZ300014,0.01357449618277525,EXP_LGBModel_Alpha158_csi300_custom_step0_s_20260525_17,8b03081675eb4a11886176ad363a7f38,0.072,,,
4590,2026-05-25,SZ300251,0.015157298272276656,EXP_LGBModel_Alpha158_csi300_custom_step0_s_20260525_17,8b03081675eb4a11886176ad363a7f38,0.072,,,
4591,2026-05-25,SZ300433,0.02027420754927936,EXP_LGBModel_Alpha158_csi300_custom_step0_s_20260525_17,8b03081675eb4a11886176ad363a7f38,0.072,,,
4592,2026-05-25,SZ300442,-0.0020217498081109894,EXP_LGBModel_Alpha158_csi300_custom_step0_s_20260525_17,8b03081675eb4a11886176ad363a7f38,0.072,,,
4593,2026-05-25,SZ300476,0.10498660188320769,EXP_LGBModel_Alpha158_csi300_custom_step0_s_20260525_17,8b03081675eb4a11886176ad363a7f38,0.072,,,
4594,2026-05-25,SZ301236,-0.01736357096091621,EXP_LGBModel_Alpha158_csi300_custom_step0_s_20260525_17,8b03081675eb4a11886176ad363a7f38,0.072,,,
4595,2026-05-25,SZ300999,-0.002076993267220826,EXP_LGBModel_Alpha158_csi300_custom_step0_s_20260525_17,8b03081675eb4a11886176ad363a7f38,0.072,,,
4596,2026-05-25,SZ300979,0.0038270460294707424,EXP_LGBModel_Alpha158_csi300_custom_step0_s_20260525_17,8b03081675eb4a11886176ad363a7f38,0.072,,,
4597,2026-05-25,SZ300896,-0.007960825735077528,EXP_LGBModel_Alpha158_csi300_custom_step0_s_20260525_17,8b03081675eb4a11886176ad363a7f38,0.072,,,
4598,2026-05-25,SZ300866,0.021018203414493897,EXP_LGBModel_Alpha158_csi300_custom_step0_s_20260525_17,8b03081675eb4a11886176ad363a7f38,0.072,,,
4599,2026-05-25,SZ300832,0.025964945440369647,EXP_LGBModel_Alpha158_csi300_custom_step0_s_20260525_17,8b03081675eb4a11886176ad363a7f38,0.072,,,
4600,2026-05-25,SZ300803,0.002567176521120843,EXP_LGBModel_Alpha158_csi300_custom_step0_s_20260525_17,8b03081675eb4a11886176ad363a7f38,0.072,,,
4601,2026-05-25,SZ300782,0.12225211530774382,EXP_LGBModel_Alpha158_csi300_custom_step0_s_20260525_17,8b03081675eb4a11886176ad363a7f38,0.072,,,
4602,2026-05-25,SZ300760,-0.007513318935968111,EXP_LGBModel_Alpha158_csi300_custom_step0_s_20260525_17,8b03081675eb4a11886176ad363a7f38,0.072,,,
4603,2026-05-25,SZ300759,0.06268811081182982,EXP_LGBModel_Alpha158_csi300_custom_step0_s_20260525_17,8b03081675eb4a11886176ad363a7f38,0.072,,,
4604,2026-05-25,SZ300750,-0.008375178339968627,EXP_LGBModel_Alpha158_csi300_custom_step0_s_20260525_17,8b03081675eb4a11886176ad363a7f38,0.072,,,
4605,2026-05-25,SZ300661,0.07343470716852993,EXP_LGBModel_Alpha158_csi300_custom_step0_s_20260525_17,8b03081675eb4a11886176ad363a7f38,0.072,,,
4606,2026-05-25,SZ300628,0.0337113804910918,EXP_LGBModel_Alpha158_csi300_custom_step0_s_20260525_17,8b03081675eb4a11886176ad363a7f38,0.072,,,
4607,2026-05-25,SZ300502,-9.442230226494255e-10,EXP_LGBModel_Alpha158_csi300_custom_step0_s_20260525_17,8b03081675eb4a11886176ad363a7f38,0.072,,,
4608,2026-05-25,SZ300498,0.0011874449744765732,EXP_LGBModel_Alpha158_csi300_custom_step0_s_20260525_17,8b03081675eb4a11886176ad363a7f38,0.072,,,
4609,2026-05-25,SZ003816,0.00217608070965906,EXP_LGBModel_Alpha158_csi300_custom_step0_s_20260525_17,8b03081675eb4a11886176ad363a7f38,0.072,,,
4610,2026-05-25,SZ002938,0.006080482567824589,EXP_LGBModel_Alpha158_csi300_custom_step0_s_20260525_17,8b03081675eb4a11886176ad363a7f38,0.072,,,
4611,2026-05-25,SZ002920,-0.0032054190134614196,EXP_LGBModel_Alpha158_csi300_custom_step0_s_20260525_17,8b03081675eb4a11886176ad363a7f38,0.072,,,
4612,2026-05-25,SZ002916,0.07154306275462691,EXP_LGBModel_Alpha158_csi300_custom_step0_s_20260525_17,8b03081675eb4a11886176ad363a7f38,0.072,,,
4613,2026-05-25,SZ002311,-0.023091049706444947,EXP_LGBModel_Alpha158_csi300_custom_step0_s_20260525_17,8b03081675eb4a11886176ad363a7f38,0.072,,,
4614,2026-05-25,SZ002304,-0.016496709099149555,EXP_LGBModel_Alpha158_csi300_custom_step0_s_20260525_17,8b03081675eb4a11886176ad363a7f38,0.072,,,
4615,2026-05-25,SZ002252,-0.021841560659456676,EXP_LGBModel_Alpha158_csi300_custom_step0_s_20260525_17,8b03081675eb4a11886176ad363a7f38,0.072,,,
4616,2026-05-25,SZ002241,0.02237539850838676,EXP_LGBModel_Alpha158_csi300_custom_step0_s_20260525_17,8b03081675eb4a11886176ad363a7f38,0.072,,,
4617,2026-05-25,SZ002236,0.002809075529791711,EXP_LGBModel_Alpha158_csi300_custom_step0_s_20260525_17,8b03081675eb4a11886176ad363a7f38,0.072,,,
4618,2026-05-25,SZ002230,-0.017582109153566162,EXP_LGBModel_Alpha158_csi300_custom_step0_s_20260525_17,8b03081675eb4a11886176ad363a7f38,0.072,,,
4619,2026-05-25,SZ002179,0.037554089282474945,EXP_LGBModel_Alpha158_csi300_custom_step0_s_20260525_17,8b03081675eb4a11886176ad363a7f38,0.072,,,
4620,2026-05-25,SZ002142,-0.04021476030941968,EXP_LGBModel_Alpha158_csi300_custom_step0_s_20260525_17,8b03081675eb4a11886176ad363a7f38,0.072,,,
4621,2026-05-25,SZ002074,0.002588331528496122,EXP_LGBModel_Alpha158_csi300_custom_step0_s_20260525_17,8b03081675eb4a11886176ad363a7f38,0.072,,,
4622,2026-05-25,SZ002050,0.0005906138973590784,EXP_LGBModel_Alpha158_csi300_custom_step0_s_20260525_17,8b03081675eb4a11886176ad363a7f38,0.072,,,
4623,2026-05-25,SZ002049,0.03627301237733786,EXP_LGBModel_Alpha158_csi300_custom_step0_s_20260525_17,8b03081675eb4a11886176ad363a7f38,0.072,,,
4624,2026-05-25,SZ002028,-0.009782562002440173,EXP_LGBModel_Alpha158_csi300_custom_step0_s_20260525_17,8b03081675eb4a11886176ad363a7f38,0.072,,,
4625,2026-05-25,SZ002027,0.004286085162230526,EXP_LGBModel_Alpha158_csi300_custom_step0_s_20260525_17,8b03081675eb4a11886176ad363a7f38,0.072,,,
4626,2026-05-25,SZ002001,0.002588331528496122,EXP_LGBModel_Alpha158_csi300_custom_step0_s_20260525_17,8b03081675eb4a11886176ad363a7f38,0.072,,,
4627,2026-05-25,SZ001979,0.032747990180886664,EXP_LGBModel_Alpha158_csi300_custom_step0_s_20260525_17,8b03081675eb4a11886176ad363a7f38,0.072,,,
4628,2026-05-25,SZ002352,-0.009611610464345298,EXP_LGBModel_Alpha158_csi300_custom_step0_s_20260525_17,8b03081675eb4a11886176ad363a7f38,0.072,,,
4629,2026-05-25,SZ001391,-0.005822552526018631,EXP_LGBModel_Alpha158_csi300_custom_step0_s_20260525_17,8b03081675eb4a11886176ad363a7f38,0.072,,,
4630,2026-05-25,SZ002371,0.020548387176972237,EXP_LGBModel_Alpha158_csi300_custom_step0_s_20260525_17,8b03081675eb4a11886176ad363a7f38,0.072,,,
4631,2026-05-25,SZ002415,0.03110592988264836,EXP_LGBModel_Alpha158_csi300_custom_step0_s_20260525_17,8b03081675eb4a11886176ad363a7f38,0.072,,,
4632,2026-05-25,SZ002736,0.0023863200684590825,EXP_LGBModel_Alpha158_csi300_custom_step0_s_20260525_17,8b03081675eb4a11886176ad363a7f38,0.072,,,
4633,2026-05-25,SZ002714,0.002588331528496122,EXP_LGBModel_Alpha158_csi300_custom_step0_s_20260525_17,8b03081675eb4a11886176ad363a7f38,0.072,,,
4634,2026-05-25,SZ002709,0.02614689093004176,EXP_LGBModel_Alpha158_csi300_custom_step0_s_20260525_17,8b03081675eb4a11886176ad363a7f38,0.072,,,
4635,2026-05-25,SZ002648,0.009384816957211639,EXP_LGBModel_Alpha158_csi300_custom_step0_s_20260525_17,8b03081675eb4a11886176ad363a7f38,0.072,,,
4636,2026-05-25,SZ002625,0.004587557245896396,EXP_LGBModel_Alpha158_csi300_custom_step0_s_20260525_17,8b03081675eb4a11886176ad363a7f38,0.072,,,
4637,2026-05-25,SZ002601,0.002588331528496122,EXP_LGBModel_Alpha158_csi300_custom_step0_s_20260525_17,8b03081675eb4a11886176ad363a7f38,0.072,,,
4638,2026-05-25,SZ002600,0.0034949227577942385,EXP_LGBModel_Alpha158_csi300_custom_step0_s_20260525_17,8b03081675eb4a11886176ad363a7f38,0.072,,,
4639,2026-05-25,SZ002594,-0.008280474813705372,EXP_LGBModel_Alpha158_csi300_custom_step0_s_20260525_17,8b03081675eb4a11886176ad363a7f38,0.072,,,
4640,2026-05-25,SZ002493,0.006778010754059732,EXP_LGBModel_Alpha158_csi300_custom_step0_s_20260525_17,8b03081675eb4a11886176ad363a7f38,0.072,,,
4641,2026-05-25,SZ002475,0.019638753799075773,EXP_LGBModel_Alpha158_csi300_custom_step0_s_20260525_17,8b03081675eb4a11886176ad363a7f38,0.072,,,
4642,2026-05-25,SZ002466,0.026096149248686168,EXP_LGBModel_Alpha158_csi300_custom_step0_s_20260525_17,8b03081675eb4a11886176ad363a7f38,0.072,,,
4643,2026-05-25,SZ002463,0.009794967452036472,EXP_LGBModel_Alpha158_csi300_custom_step0_s_20260525_17,8b03081675eb4a11886176ad363a7f38,0.072,,,
4644,2026-05-25,SZ002460,-0.008579061686772726,EXP_LGBModel_Alpha158_csi300_custom_step0_s_20260525_17,8b03081675eb4a11886176ad363a7f38,0.072,,,
4645,2026-05-25,SZ002459,0.0036560944913758674,EXP_LGBModel_Alpha158_csi300_custom_step0_s_20260525_17,8b03081675eb4a11886176ad363a7f38,0.072,,,
4646,2026-05-25,SZ002422,-0.0027030648269416434,EXP_LGBModel_Alpha158_csi300_custom_step0_s_20260525_17,8b03081675eb4a11886176ad363a7f38,0.072,,,
4647,2026-05-25,SZ002384,0.0054450288176210015,EXP_LGBModel_Alpha158_csi300_custom_step0_s_20260525_17,8b03081675eb4a11886176ad363a7f38,0.072,,,
4648,2026-05-25,SH601919,-0.015053536194024388,EXP_LGBModel_Alpha158_csi300_custom_step0_s_20260525_17,8b03081675eb4a11886176ad363a7f38,0.072,,,
4649,2026-05-25,SH601916,-0.014694265218519147,EXP_LGBModel_Alpha158_csi300_custom_step0_s_20260525_17,8b03081675eb4a11886176ad363a7f38,0.072,,,
4650,2026-05-25,SH601901,-0.007817907080846159,EXP_LGBModel_Alpha158_csi300_custom_step0_s_20260525_17,8b03081675eb4a11886176ad363a7f38,0.072,,,
4651,2026-05-25,SH600522,0.08860562804306675,EXP_LGBModel_Alpha158_csi300_custom_step0_s_20260525_17,8b03081675eb4a11886176ad363a7f38,0.072,,,
4652,2026-05-25,SH600519,-0.030208243207064448,EXP_LGBModel_Alpha158_csi300_custom_step0_s_20260525_17,8b03081675eb4a11886176ad363a7f38,0.072,,,
4653,2026-05-25,SH600515,-0.0071147059453637905,EXP_LGBModel_Alpha158_csi300_custom_step0_s_20260525_17,8b03081675eb4a11886176ad363a7f38,0.072,,,
4654,2026-05-25,SH600489,-0.0020234362565805532,EXP_LGBModel_Alpha158_csi300_custom_step0_s_20260525_17,8b03081675eb4a11886176ad363a7f38,0.072,,,
4655,2026-05-25,SH600482,-0.003506869244431659,EXP_LGBModel_Alpha158_csi300_custom_step0_s_20260525_17,8b03081675eb4a11886176ad363a7f38,0.072,,,
4656,2026-05-25,SH600460,0.029074087948239673,EXP_LGBModel_Alpha158_csi300_custom_step0_s_20260525_17,8b03081675eb4a11886176ad363a7f38,0.072,,,
4657,2026-05-25,SH600547,0.015157298272276656,EXP_LGBModel_Alpha158_csi300_custom_step0_s_20260525_17,8b03081675eb4a11886176ad363a7f38,0.072,,,
4658,2026-05-25,SH600438,-0.007744621023788798,EXP_LGBModel_Alpha158_csi300_custom_step0_s_20260525_17,8b03081675eb4a11886176ad363a7f38,0.072,,,
4659,2026-05-25,SH600426,0.03061877601634653,EXP_LGBModel_Alpha158_csi300_custom_step0_s_20260525_17,8b03081675eb4a11886176ad363a7f38,0.072,,,
4660,2026-05-25,SH600415,0.0016893431447232016,EXP_LGBModel_Alpha158_csi300_custom_step0_s_20260525_17,8b03081675eb4a11886176ad363a7f38,0.072,,,
4661,2026-05-25,SH600406,-0.007737120390025044,EXP_LGBModel_Alpha158_csi300_custom_step0_s_20260525_17,8b03081675eb4a11886176ad363a7f38,0.072,,,
4662,2026-05-25,SH600377,0.023997724387185938,EXP_LGBModel_Alpha158_csi300_custom_step0_s_20260525_17,8b03081675eb4a11886176ad363a7f38,0.072,,,
4663,2026-05-25,SH600372,-0.004534362016639154,EXP_LGBModel_Alpha158_csi300_custom_step0_s_20260525_17,8b03081675eb4a11886176ad363a7f38,0.072,,,
4664,2026-05-25,SH600362,-0.01633537304824472,EXP_LGBModel_Alpha158_csi300_custom_step0_s_20260525_17,8b03081675eb4a11886176ad363a7f38,0.072,,,
4665,2026-05-25,SH600436,0.009380306987211248,EXP_LGBModel_Alpha158_csi300_custom_step0_s_20260525_17,8b03081675eb4a11886176ad363a7f38,0.072,,,
4666,2026-05-25,SH600570,-0.007367070292294845,EXP_LGBModel_Alpha158_csi300_custom_step0_s_20260525_17,8b03081675eb4a11886176ad363a7f38,0.072,,,
4667,2026-05-25,SH600584,-0.01245557028658435,EXP_LGBModel_Alpha158_csi300_custom_step0_s_20260525_17,8b03081675eb4a11886176ad363a7f38,0.072,,,
4668,2026-05-25,SH600585,-0.011597624550551999,EXP_LGBModel_Alpha158_csi300_custom_step0_s_20260525_17,8b03081675eb4a11886176ad363a7f38,0.072,,,
4669,2026-05-25,SH600893,0.005871548209124328,EXP_LGBModel_Alpha158_csi300_custom_step0_s_20260525_17,8b03081675eb4a11886176ad363a7f38,0.072,,,
4670,2026-05-25,SH600887,0.006512066577851523,EXP_LGBModel_Alpha158_csi300_custom_step0_s_20260525_17,8b03081675eb4a11886176ad363a7f38,0.072,,,
4671,2026-05-25,SH600886,-0.017524805098557188,EXP_LGBModel_Alpha158_csi300_custom_step0_s_20260525_17,8b03081675eb4a11886176ad363a7f38,0.072,,,
4672,2026-05-25,SH600875,0.0028283723790340333,EXP_LGBModel_Alpha158_csi300_custom_step0_s_20260525_17,8b03081675eb4a11886176ad363a7f38,0.072,,,
4673,2026-05-25,SH600845,-0.014844649406024299,EXP_LGBModel_Alpha158_csi300_custom_step0_s_20260525_17,8b03081675eb4a11886176ad363a7f38,0.072,,,
4674,2026-05-25,SH600809,0.0008147863805650904,EXP_LGBModel_Alpha158_csi300_custom_step0_s_20260525_17,8b03081675eb4a11886176ad363a7f38,0.072,,,
4675,2026-05-25,SH600803,-0.002076993267220826,EXP_LGBModel_Alpha158_csi300_custom_step0_s_20260525_17,8b03081675eb4a11886176ad363a7f38,0.072,,,
4676,2026-05-25,SH600795,0.02293372755275789,EXP_LGBModel_Alpha158_csi300_custom_step0_s_20260525_17,8b03081675eb4a11886176ad363a7f38,0.072,,,
4677,2026-05-25,SH600760,-0.008775735618590798,EXP_LGBModel_Alpha158_csi300_custom_step0_s_20260525_17,8b03081675eb4a11886176ad363a7f38,0.072,,,
4678,2026-05-25,SH600741,-0.0020344302767578365,EXP_LGBModel_Alpha158_csi300_custom_step0_s_20260525_17,8b03081675eb4a11886176ad363a7f38,0.072,,,
4679,2026-05-25,SH600690,-0.016255228747841945,EXP_LGBModel_Alpha158_csi300_custom_step0_s_20260525_17,8b03081675eb4a11886176ad363a7f38,0.072,,,
4680,2026-05-25,SH600674,0.01214333500776056,EXP_LGBModel_Alpha158_csi300_custom_step0_s_20260525_17,8b03081675eb4a11886176ad363a7f38,0.072,,,
4681,2026-05-25,SH600660,-0.043902991406401574,EXP_LGBModel_Alpha158_csi300_custom_step0_s_20260525_17,8b03081675eb4a11886176ad363a7f38,0.072,,,
4682,2026-05-25,SH600600,-0.04563831927058345,EXP_LGBModel_Alpha158_csi300_custom_step0_s_20260525_17,8b03081675eb4a11886176ad363a7f38,0.072,,,
4683,2026-05-25,SH600588,0.0003469076493457328,EXP_LGBModel_Alpha158_csi300_custom_step0_s_20260525_17,8b03081675eb4a11886176ad363a7f38,0.072,,,
4684,2026-05-25,SH600346,0.009578864670864313,EXP_LGBModel_Alpha158_csi300_custom_step0_s_20260525_17,8b03081675eb4a11886176ad363a7f38,0.072,,,
4685,2026-05-25,SH600309,0.002588331528496122,EXP_LGBModel_Alpha158_csi300_custom_step0_s_20260525_17,8b03081675eb4a11886176ad363a7f38,0.072,,,
4686,2026-05-25,SH600276,-0.006312400942662661,EXP_LGBModel_Alpha158_csi300_custom_step0_s_20260525_17,8b03081675eb4a11886176ad363a7f38,0.072,,,
4687,2026-05-25,SH600233,0.005350731832210207,EXP_LGBModel_Alpha158_csi300_custom_step0_s_20260525_17,8b03081675eb4a11886176ad363a7f38,0.072,,,
4688,2026-05-25,SH600031,-0.0011297411246957482,EXP_LGBModel_Alpha158_csi300_custom_step0_s_20260525_17,8b03081675eb4a11886176ad363a7f38,0.072,,,
4689,2026-05-25,SH600030,0.01263870806871101,EXP_LGBModel_Alpha158_csi300_custom_step0_s_20260525_17,8b03081675eb4a11886176ad363a7f38,0.072,,,
4690,2026-05-25,SH600029,-0.0012642351881240698,EXP_LGBModel_Alpha158_csi300_custom_step0_s_20260525_17,8b03081675eb4a11886176ad363a7f38,0.072,,,
4691,2026-05-25,SH600028,0.0010646457257566576,EXP_LGBModel_Alpha158_csi300_custom_step0_s_20260525_17,8b03081675eb4a11886176ad363a7f38,0.072,,,
4692,2026-05-25,SH600027,0.016556315521205383,EXP_LGBModel_Alpha158_csi300_custom_step0_s_20260525_17,8b03081675eb4a11886176ad363a7f38,0.072,,,
4693,2026-05-25,SH600026,0.010779557297469718,EXP_LGBModel_Alpha158_csi300_custom_step0_s_20260525_17,8b03081675eb4a11886176ad363a7f38,0.072,,,
4694,2026-05-25,SH600025,-0.02071561047079848,EXP_LGBModel_Alpha158_csi300_custom_step0_s_20260525_17,8b03081675eb4a11886176ad363a7f38,0.072,,,
4695,2026-05-25,SH600023,0.004197188107615339,EXP_LGBModel_Alpha158_csi300_custom_step0_s_20260525_17,8b03081675eb4a11886176ad363a7f38,0.072,,,
4696,2026-05-25,SH600019,-0.0016158119615220928,EXP_LGBModel_Alpha158_csi300_custom_step0_s_20260525_17,8b03081675eb4a11886176ad363a7f38,0.072,,,
4697,2026-05-25,SH600018,-0.01019290098428799,EXP_LGBModel_Alpha158_csi300_custom_step0_s_20260525_17,8b03081675eb4a11886176ad363a7f38,0.072,,,
4698,2026-05-25,SH600016,-0.016665004090484006,EXP_LGBModel_Alpha158_csi300_custom_step0_s_20260525_17,8b03081675eb4a11886176ad363a7f38,0.072,,,
4699,2026-05-25,SH600015,-0.024165188645982733,EXP_LGBModel_Alpha158_csi300_custom_step0_s_20260525_17,8b03081675eb4a11886176ad363a7f38,0.072,,,
4700,2026-05-25,SH600011,0.01985611104218005,EXP_LGBModel_Alpha158_csi300_custom_step0_s_20260525_17,8b03081675eb4a11886176ad363a7f38,0.072,,,
4701,2026-05-25,SH600010,-0.0025863828744325875,EXP_LGBModel_Alpha158_csi300_custom_step0_s_20260525_17,8b03081675eb4a11886176ad363a7f38,0.072,,,
4702,2026-05-25,SH600009,-0.025606942281018043,EXP_LGBModel_Alpha158_csi300_custom_step0_s_20260525_17,8b03081675eb4a11886176ad363a7f38,0.072,,,
4703,2026-05-25,SH600036,-0.02822329111928615,EXP_LGBModel_Alpha158_csi300_custom_step0_s_20260525_17,8b03081675eb4a11886176ad363a7f38,0.072,,,
4704,2026-05-25,SH600900,-0.013318742863480502,EXP_LGBModel_Alpha158_csi300_custom_step0_s_20260525_17,8b03081675eb4a11886176ad363a7f38,0.072,,,
4705,2026-05-25,SH600039,-0.004617299587658252,EXP_LGBModel_Alpha158_csi300_custom_step0_s_20260525_17,8b03081675eb4a11886176ad363a7f38,0.072,,,
4706,2026-05-25,SH600050,-0.003919884609036068,EXP_LGBModel_Alpha158_csi300_custom_step0_s_20260525_17,8b03081675eb4a11886176ad363a7f38,0.072,,,
4707,2026-05-25,SH600219,0.047230445044507796,EXP_LGBModel_Alpha158_csi300_custom_step0_s_20260525_17,8b03081675eb4a11886176ad363a7f38,0.072,,,
4708,2026-05-25,SH600196,-0.012806444047680936,EXP_LGBModel_Alpha158_csi300_custom_step0_s_20260525_17,8b03081675eb4a11886176ad363a7f38,0.072,,,
4709,2026-05-25,SH600188,0.03404699987518649,EXP_LGBModel_Alpha158_csi300_custom_step0_s_20260525_17,8b03081675eb4a11886176ad363a7f38,0.072,,,
4710,2026-05-25,SH600183,0.01201813108517303,EXP_LGBModel_Alpha158_csi300_custom_step0_s_20260525_17,8b03081675eb4a11886176ad363a7f38,0.072,,,
4711,2026-05-25,SH600176,0.015936283031134313,EXP_LGBModel_Alpha158_csi300_custom_step0_s_20260525_17,8b03081675eb4a11886176ad363a7f38,0.072,,,
4712,2026-05-25,SH600161,-0.022664340124193466,EXP_LGBModel_Alpha158_csi300_custom_step0_s_20260525_17,8b03081675eb4a11886176ad363a7f38,0.072,,,
4713,2026-05-25,SH600160,-0.004847941720760286,EXP_LGBModel_Alpha158_csi300_custom_step0_s_20260525_17,8b03081675eb4a11886176ad363a7f38,0.072,,,
4714,2026-05-25,SH600150,0.09614499458740595,EXP_LGBModel_Alpha158_csi300_custom_step0_s_20260525_17,8b03081675eb4a11886176ad363a7f38,0.072,,,
4715,2026-05-25,SH600115,0.0009842602121021907,EXP_LGBModel_Alpha158_csi300_custom_step0_s_20260525_17,8b03081675eb4a11886176ad363a7f38,0.072,,,
4716,2026-05-25,SH600111,-0.003126112198486353,EXP_LGBModel_Alpha158_csi300_custom_step0_s_20260525_17,8b03081675eb4a11886176ad363a7f38,0.072,,,
4717,2026-05-25,SH600104,-0.01430643240512332,EXP_LGBModel_Alpha158_csi300_custom_step0_s_20260525_17,8b03081675eb4a11886176ad363a7f38,0.072,,,
4718,2026-05-25,SH600089,-0.01578974784489495,EXP_LGBModel_Alpha158_csi300_custom_step0_s_20260525_17,8b03081675eb4a11886176ad363a7f38,0.072,,,
4719,2026-05-25,SH600085,-0.011656811058031067,EXP_LGBModel_Alpha158_csi300_custom_step0_s_20260525_17,8b03081675eb4a11886176ad363a7f38,0.072,,,
4720,2026-05-25,SH600066,0.011500507152829973,EXP_LGBModel_Alpha158_csi300_custom_step0_s_20260525_17,8b03081675eb4a11886176ad363a7f38,0.072,,,
4721,2026-05-25,SH600061,-0.007951277991092612,EXP_LGBModel_Alpha158_csi300_custom_step0_s_20260525_17,8b03081675eb4a11886176ad363a7f38,0.072,,,
4722,2026-05-25,SH600048,0.007136532287375659,EXP_LGBModel_Alpha158_csi300_custom_step0_s_20260525_17,8b03081675eb4a11886176ad363a7f38,0.072,,,
4723,2026-05-25,SH600905,0.001164631634073766,EXP_LGBModel_Alpha158_csi300_custom_step0_s_20260525_17,8b03081675eb4a11886176ad363a7f38,0.072,,,
4724,2026-05-25,SH600918,-0.011179619559212121,EXP_LGBModel_Alpha158_csi300_custom_step0_s_20260525_17,8b03081675eb4a11886176ad363a7f38,0.072,,,
4725,2026-05-25,SH600919,0.0032062921420667532,EXP_LGBModel_Alpha158_csi300_custom_step0_s_20260525_17,8b03081675eb4a11886176ad363a7f38,0.072,,,
4726,2026-05-25,SH601689,0.10319144867154421,EXP_LGBModel_Alpha158_csi300_custom_step0_s_20260525_17,8b03081675eb4a11886176ad363a7f38,0.072,,,
4727,2026-05-25,SH601688,-0.0022004124428778174,EXP_LGBModel_Alpha158_csi300_custom_step0_s_20260525_17,8b03081675eb4a11886176ad363a7f38,0.072,,,
4728,2026-05-25,SH601669,-0.002076993267220826,EXP_LGBModel_Alpha158_csi300_custom_step0_s_20260525_17,8b03081675eb4a11886176ad363a7f38,0.072,,,
4729,2026-05-25,SH601668,-0.019679451255882146,EXP_LGBModel_Alpha158_csi300_custom_step0_s_20260525_17,8b03081675eb4a11886176ad363a7f38,0.072,,,
4730,2026-05-25,SH601658,-0.012190554823050927,EXP_LGBModel_Alpha158_csi300_custom_step0_s_20260525_17,8b03081675eb4a11886176ad363a7f38,0.072,,,
4731,2026-05-25,SH601633,0.002588331528496122,EXP_LGBModel_Alpha158_csi300_custom_step0_s_20260525_17,8b03081675eb4a11886176ad363a7f38,0.072,,,
4732,2026-05-25,SH601628,-0.0024830740331684645,EXP_LGBModel_Alpha158_csi300_custom_step0_s_20260525_17,8b03081675eb4a11886176ad363a7f38,0.072,,,
4733,2026-05-25,SH601618,-0.0036881793901128645,EXP_LGBModel_Alpha158_csi300_custom_step0_s_20260525_17,8b03081675eb4a11886176ad363a7f38,0.072,,,
4734,2026-05-25,SH601607,-0.02471335090073188,EXP_LGBModel_Alpha158_csi300_custom_step0_s_20260525_17,8b03081675eb4a11886176ad363a7f38,0.072,,,
4735,2026-05-25,SH601601,-0.007057157284575868,EXP_LGBModel_Alpha158_csi300_custom_step0_s_20260525_17,8b03081675eb4a11886176ad363a7f38,0.072,,,
4736,2026-05-25,SH601600,-0.01188066590550518,EXP_LGBModel_Alpha158_csi300_custom_step0_s_20260525_17,8b03081675eb4a11886176ad363a7f38,0.072,,,
4737,2026-05-25,SH601456,-0.028527219644593,EXP_LGBModel_Alpha158_csi300_custom_step0_s_20260525_17,8b03081675eb4a11886176ad363a7f38,0.072,,,
4738,2026-05-25,SH601398,-0.015330679652254495,EXP_LGBModel_Alpha158_csi300_custom_step0_s_20260525_17,8b03081675eb4a11886176ad363a7f38,0.072,,,
4739,2026-05-25,SH601390,-0.0005514448302291246,EXP_LGBModel_Alpha158_csi300_custom_step0_s_20260525_17,8b03081675eb4a11886176ad363a7f38,0.072,,,
4740,2026-05-25,SH601377,-0.014089203291135067,EXP_LGBModel_Alpha158_csi300_custom_step0_s_20260525_17,8b03081675eb4a11886176ad363a7f38,0.072,,,
4741,2026-05-25,SH601698,-0.012149080494076404,EXP_LGBModel_Alpha158_csi300_custom_step0_s_20260525_17,8b03081675eb4a11886176ad363a7f38,0.072,,,
4742,2026-05-25,SH601360,0.0016438039417019774,EXP_LGBModel_Alpha158_csi300_custom_step0_s_20260525_17,8b03081675eb4a11886176ad363a7f38,0.072,,,
4743,2026-05-25,SH601728,-0.002442116086173143,EXP_LGBModel_Alpha158_csi300_custom_step0_s_20260525_17,8b03081675eb4a11886176ad363a7f38,0.072,,,
4744,2026-05-25,SH601788,-0.017471810949494192,EXP_LGBModel_Alpha158_csi300_custom_step0_s_20260525_17,8b03081675eb4a11886176ad363a7f38,0.072,,,
4745,2026-05-25,SH601899,-0.008133177508124183,EXP_LGBModel_Alpha158_csi300_custom_step0_s_20260525_17,8b03081675eb4a11886176ad363a7f38,0.072,,,
4746,2026-05-25,SH601898,0.01357449618277525,EXP_LGBModel_Alpha158_csi300_custom_step0_s_20260525_17,8b03081675eb4a11886176ad363a7f38,0.072,,,
4747,2026-05-25,SH601888,0.009578864670864313,EXP_LGBModel_Alpha158_csi300_custom_step0_s_20260525_17,8b03081675eb4a11886176ad363a7f38,0.072,,,
4748,2026-05-25,SH601881,-0.011526951813205785,EXP_LGBModel_Alpha158_csi300_custom_step0_s_20260525_17,8b03081675eb4a11886176ad363a7f38,0.072,,,
4749,2026-05-25,SH601878,-0.0029320614534215183,EXP_LGBModel_Alpha158_csi300_custom_step0_s_20260525_17,8b03081675eb4a11886176ad363a7f38,0.072,,,
4750,2026-05-25,SH601877,0.01081521217196123,EXP_LGBModel_Alpha158_csi300_custom_step0_s_20260525_17,8b03081675eb4a11886176ad363a7f38,0.072,,,
4751,2026-05-25,SH601872,0.011685541365333335,EXP_LGBModel_Alpha158_csi300_custom_step0_s_20260525_17,8b03081675eb4a11886176ad363a7f38,0.072,,,
4752,2026-05-25,SH601868,-0.002417369109788038,EXP_LGBModel_Alpha158_csi300_custom_step0_s_20260525_17,8b03081675eb4a11886176ad363a7f38,0.072,,,
4753,2026-05-25,SH601857,-1.8635784752597674e-06,EXP_LGBModel_Alpha158_csi300_custom_step0_s_20260525_17,8b03081675eb4a11886176ad363a7f38,0.072,,,
4754,2026-05-25,SH601838,-0.018471824895061044,EXP_LGBModel_Alpha158_csi300_custom_step0_s_20260525_17,8b03081675eb4a11886176ad363a7f38,0.072,,,
4755,2026-05-25,SH601825,-0.01907555391943689,EXP_LGBModel_Alpha158_csi300_custom_step0_s_20260525_17,8b03081675eb4a11886176ad363a7f38,0.072,,,
4756,2026-05-25,SH601818,-0.009146370127812118,EXP_LGBModel_Alpha158_csi300_custom_step0_s_20260525_17,8b03081675eb4a11886176ad363a7f38,0.072,,,
4757,2026-05-25,SH601816,-0.02298157926447761,EXP_LGBModel_Alpha158_csi300_custom_step0_s_20260525_17,8b03081675eb4a11886176ad363a7f38,0.072,,,
4758,2026-05-25,SH601808,0.0008626342657196182,EXP_LGBModel_Alpha158_csi300_custom_step0_s_20260525_17,8b03081675eb4a11886176ad363a7f38,0.072,,,
4759,2026-05-25,SH601800,0.002588331528496122,EXP_LGBModel_Alpha158_csi300_custom_step0_s_20260525_17,8b03081675eb4a11886176ad363a7f38,0.072,,,
4760,2026-05-25,SH601766,-0.03131481405700999,EXP_LGBModel_Alpha158_csi300_custom_step0_s_20260525_17,8b03081675eb4a11886176ad363a7f38,0.072,,,
4761,2026-05-25,SZ301269,-0.9757446050643921,EXP_XGBModel_Alpha158_csi300_custom_step0_s_20260525_15,40de00fc87f54eea914d549ef7f0c3d3,0.078,,,
4762,2026-05-25,SH601336,-0.005481767084800838,EXP_LGBModel_Alpha158_csi300_custom_step0_s_20260525_17,8b03081675eb4a11886176ad363a7f38,0.072,,,
4763,2026-05-25,SH601319,-0.00989766143131922,EXP_LGBModel_Alpha158_csi300_custom_step0_s_20260525_17,8b03081675eb4a11886176ad363a7f38,0.072,,,
4764,2026-05-25,SH601066,0.01965360984555587,EXP_LGBModel_Alpha158_csi300_custom_step0_s_20260525_17,8b03081675eb4a11886176ad363a7f38,0.072,,,
4765,2026-05-25,SH601059,0.005372753768557983,EXP_LGBModel_Alpha158_csi300_custom_step0_s_20260525_17,8b03081675eb4a11886176ad363a7f38,0.072,,,
4766,2026-05-25,SH601058,0.0028338941766537524,EXP_LGBModel_Alpha158_csi300_custom_step0_s_20260525_17,8b03081675eb4a11886176ad363a7f38,0.072,,,
4767,2026-05-25,SH601021,-0.0044995813002303535,EXP_LGBModel_Alpha158_csi300_custom_step0_s_20260525_17,8b03081675eb4a11886176ad363a7f38,0.072,,,
4768,2026-05-25,SH601018,-0.030275754380290502,EXP_LGBModel_Alpha158_csi300_custom_step0_s_20260525_17,8b03081675eb4a11886176ad363a7f38,0.072,,,
4769,2026-05-25,SH601012,-0.000958789586600873,EXP_LGBModel_Alpha158_csi300_custom_step0_s_20260525_17,8b03081675eb4a11886176ad363a7f38,0.072,,,
4770,2026-05-25,SH601009,-0.015224357253879332,EXP_LGBModel_Alpha158_csi300_custom_step0_s_20260525_17,8b03081675eb4a11886176ad363a7f38,0.072,,,
4771,2026-05-25,SH601006,-0.01606770772545462,EXP_LGBModel_Alpha158_csi300_custom_step0_s_20260525_17,8b03081675eb4a11886176ad363a7f38,0.072,,,
4772,2026-05-25,SH600999,0.0017494822836270512,EXP_LGBModel_Alpha158_csi300_custom_step0_s_20260525_17,8b03081675eb4a11886176ad363a7f38,0.072,,,
4773,2026-05-25,SH600989,0.006622416653497554,EXP_LGBModel_Alpha158_csi300_custom_step0_s_20260525_17,8b03081675eb4a11886176ad363a7f38,0.072,,,
4774,2026-05-25,SH600958,0.005600783208547531,EXP_LGBModel_Alpha158_csi300_custom_step0_s_20260525_17,8b03081675eb4a11886176ad363a7f38,0.072,,,
4775,2026-05-25,SH600941,-0.001956715440632555,EXP_LGBModel_Alpha158_csi300_custom_step0_s_20260525_17,8b03081675eb4a11886176ad363a7f38,0.072,,,
4776,2026-05-25,SH600938,-0.004006759835907929,EXP_LGBModel_Alpha158_csi300_custom_step0_s_20260525_17,8b03081675eb4a11886176ad363a7f38,0.072,,,
4777,2026-05-25,SH600930,0.018406932099591874,EXP_LGBModel_Alpha158_csi300_custom_step0_s_20260525_17,8b03081675eb4a11886176ad363a7f38,0.072,,,
4778,2026-05-25,SH600926,-0.01427856465564502,EXP_LGBModel_Alpha158_csi300_custom_step0_s_20260525_17,8b03081675eb4a11886176ad363a7f38,0.072,,,
4779,2026-05-25,SH601077,-0.020995562915344598,EXP_LGBModel_Alpha158_csi300_custom_step0_s_20260525_17,8b03081675eb4a11886176ad363a7f38,0.072,,,
4780,2026-05-25,SH601328,-0.028527219644593,EXP_LGBModel_Alpha158_csi300_custom_step0_s_20260525_17,8b03081675eb4a11886176ad363a7f38,0.072,,,
4781,2026-05-25,SH601088,-0.0037085143401814286,EXP_LGBModel_Alpha158_csi300_custom_step0_s_20260525_17,8b03081675eb4a11886176ad363a7f38,0.072,,,
4782,2026-05-25,SH601111,0.004811594091493671,EXP_LGBModel_Alpha158_csi300_custom_step0_s_20260525_17,8b03081675eb4a11886176ad363a7f38,0.072,,,
4783,2026-05-25,SH601318,-0.011306247805179637,EXP_LGBModel_Alpha158_csi300_custom_step0_s_20260525_17,8b03081675eb4a11886176ad363a7f38,0.072,,,
4784,2026-05-25,SH601298,-0.011817179217052413,EXP_LGBModel_Alpha158_csi300_custom_step0_s_20260525_17,8b03081675eb4a11886176ad363a7f38,0.072,,,
4785,2026-05-25,SH601288,-0.015330679652254495,EXP_LGBModel_Alpha158_csi300_custom_step0_s_20260525_17,8b03081675eb4a11886176ad363a7f38,0.072,,,
4786,2026-05-25,SH601238,-0.01079917093094833,EXP_LGBModel_Alpha158_csi300_custom_step0_s_20260525_17,8b03081675eb4a11886176ad363a7f38,0.072,,,
4787,2026-05-25,SH601236,-0.010129470596008928,EXP_LGBModel_Alpha158_csi300_custom_step0_s_20260525_17,8b03081675eb4a11886176ad363a7f38,0.072,,,
4788,2026-05-25,SH601229,-0.0168326973520517,EXP_LGBModel_Alpha158_csi300_custom_step0_s_20260525_17,8b03081675eb4a11886176ad363a7f38,0.072,,,
4789,2026-05-25,SH601225,-0.012686947627199116,EXP_LGBModel_Alpha158_csi300_custom_step0_s_20260525_17,8b03081675eb4a11886176ad363a7f38,0.072,,,
4790,2026-05-25,SH601211,-0.01263412125154832,EXP_LGBModel_Alpha158_csi300_custom_step0_s_20260525_17,8b03081675eb4a11886176ad363a7f38,0.072,,,
4791,2026-05-25,SH601186,-0.019871743279840426,EXP_LGBModel_Alpha158_csi300_custom_step0_s_20260525_17,8b03081675eb4a11886176ad363a7f38,0.072,,,
4792,2026-05-25,SH601169,-0.039938766837215374,EXP_LGBModel_Alpha158_csi300_custom_step0_s_20260525_17,8b03081675eb4a11886176ad363a7f38,0.072,,,
4793,2026-05-25,SH601166,-0.026445309221167095,EXP_LGBModel_Alpha158_csi300_custom_step0_s_20260525_17,8b03081675eb4a11886176ad363a7f38,0.072,,,
4794,2026-05-25,SH601138,0.04611309820629681,EXP_LGBModel_Alpha158_csi300_custom_step0_s_20260525_17,8b03081675eb4a11886176ad363a7f38,0.072,,,
4795,2026-05-25,SH601136,-0.002746294693908663,EXP_LGBModel_Alpha158_csi300_custom_step0_s_20260525_17,8b03081675eb4a11886176ad363a7f38,0.072,,,
4796,2026-05-25,SH601127,-0.02418282037922277,EXP_LGBModel_Alpha158_csi300_custom_step0_s_20260525_17,8b03081675eb4a11886176ad363a7f38,0.072,,,
4797,2026-05-25,SH601117,-0.012432109791511282,EXP_LGBModel_Alpha158_csi300_custom_step0_s_20260525_17,8b03081675eb4a11886176ad363a7f38,0.072,,,
4798,2026-05-25,SH601100,0.0054258398469384,EXP_LGBModel_Alpha158_csi300_custom_step0_s_20260525_17,8b03081675eb4a11886176ad363a7f38,0.072,,,
4799,2026-05-25,SZ302132,-0.056083694100379944,EXP_XGBModel_Alpha158_csi300_custom_step0_s_20260525_15,40de00fc87f54eea914d549ef7f0c3d3,0.078,,,
