,datetime,instrument,score,exp_name,rid,weight,real_label,error,abs_error
0,2026-05-19,SH600000,-0.00015935669501669126,EXP_CatBoostModel_Alpha158_csi300_custom_step0_s_20260519_18,36d18220d0a34bf3965d2d3aad8610ff,0.042,,,
1,2026-05-19,SH601225,0.06021367013454437,EXP_LinearModel_Alpha158_csi300_custom_step0_s_20260519_15,348603c2f7c842829c4f1dca2e56d0f0,0.082,,,
2,2026-05-19,SH601211,-0.08889440447092056,EXP_LinearModel_Alpha158_csi300_custom_step0_s_20260519_15,348603c2f7c842829c4f1dca2e56d0f0,0.082,,,
3,2026-05-19,SH601186,0.032548483461141586,EXP_LinearModel_Alpha158_csi300_custom_step0_s_20260519_15,348603c2f7c842829c4f1dca2e56d0f0,0.082,,,
4,2026-05-19,SH601169,0.028983747586607933,EXP_LinearModel_Alpha158_csi300_custom_step0_s_20260519_15,348603c2f7c842829c4f1dca2e56d0f0,0.082,,,
5,2026-05-19,SH601166,-0.04814999923110008,EXP_LinearModel_Alpha158_csi300_custom_step0_s_20260519_15,348603c2f7c842829c4f1dca2e56d0f0,0.082,,,
6,2026-05-19,SH601138,-0.0728592574596405,EXP_LinearModel_Alpha158_csi300_custom_step0_s_20260519_15,348603c2f7c842829c4f1dca2e56d0f0,0.082,,,
7,2026-05-19,SH601136,-0.07013654708862305,EXP_LinearModel_Alpha158_csi300_custom_step0_s_20260519_15,348603c2f7c842829c4f1dca2e56d0f0,0.082,,,
8,2026-05-19,SH601127,-0.056907813996076584,EXP_LinearModel_Alpha158_csi300_custom_step0_s_20260519_15,348603c2f7c842829c4f1dca2e56d0f0,0.082,,,
9,2026-05-19,SH601117,-0.05133103206753731,EXP_LinearModel_Alpha158_csi300_custom_step0_s_20260519_15,348603c2f7c842829c4f1dca2e56d0f0,0.082,,,
10,2026-05-19,SH601111,-0.09319835156202316,EXP_LinearModel_Alpha158_csi300_custom_step0_s_20260519_15,348603c2f7c842829c4f1dca2e56d0f0,0.082,,,
11,2026-05-19,SH601100,-0.01429235003888607,EXP_LinearModel_Alpha158_csi300_custom_step0_s_20260519_15,348603c2f7c842829c4f1dca2e56d0f0,0.082,,,
12,2026-05-19,SH601088,0.04574998468160629,EXP_LinearModel_Alpha158_csi300_custom_step0_s_20260519_15,348603c2f7c842829c4f1dca2e56d0f0,0.082,,,
13,2026-05-19,SH601077,-0.09568825364112854,EXP_LinearModel_Alpha158_csi300_custom_step0_s_20260519_15,348603c2f7c842829c4f1dca2e56d0f0,0.082,,,
14,2026-05-19,SH601066,-0.09198927879333496,EXP_LinearModel_Alpha158_csi300_custom_step0_s_20260519_15,348603c2f7c842829c4f1dca2e56d0f0,0.082,,,
15,2026-05-19,SH601059,0.06292717158794403,EXP_LinearModel_Alpha158_csi300_custom_step0_s_20260519_15,348603c2f7c842829c4f1dca2e56d0f0,0.082,,,
16,2026-05-19,SH601229,-0.05148926004767418,EXP_LinearModel_Alpha158_csi300_custom_step0_s_20260519_15,348603c2f7c842829c4f1dca2e56d0f0,0.082,,,
17,2026-05-19,SH601236,-0.06483637541532516,EXP_LinearModel_Alpha158_csi300_custom_step0_s_20260519_15,348603c2f7c842829c4f1dca2e56d0f0,0.082,,,
18,2026-05-19,SH601238,-0.036347921937704086,EXP_LinearModel_Alpha158_csi300_custom_step0_s_20260519_15,348603c2f7c842829c4f1dca2e56d0f0,0.082,,,
19,2026-05-19,SH601288,-0.008227026090025902,EXP_LinearModel_Alpha158_csi300_custom_step0_s_20260519_15,348603c2f7c842829c4f1dca2e56d0f0,0.082,,,
20,2026-05-19,SH601633,-0.04339086636900902,EXP_LinearModel_Alpha158_csi300_custom_step0_s_20260519_15,348603c2f7c842829c4f1dca2e56d0f0,0.082,,,
21,2026-05-19,SH601628,-0.1029709205031395,EXP_LinearModel_Alpha158_csi300_custom_step0_s_20260519_15,348603c2f7c842829c4f1dca2e56d0f0,0.082,,,
22,2026-05-19,SH601618,0.09763665497303009,EXP_LinearModel_Alpha158_csi300_custom_step0_s_20260519_15,348603c2f7c842829c4f1dca2e56d0f0,0.082,,,
23,2026-05-19,SH601607,-0.01562553271651268,EXP_LinearModel_Alpha158_csi300_custom_step0_s_20260519_15,348603c2f7c842829c4f1dca2e56d0f0,0.082,,,
24,2026-05-19,SH601601,-0.03151915967464447,EXP_LinearModel_Alpha158_csi300_custom_step0_s_20260519_15,348603c2f7c842829c4f1dca2e56d0f0,0.082,,,
25,2026-05-19,SH601600,-0.04762660339474678,EXP_LinearModel_Alpha158_csi300_custom_step0_s_20260519_15,348603c2f7c842829c4f1dca2e56d0f0,0.082,,,
26,2026-05-19,SH601456,-0.029649052768945694,EXP_LinearModel_Alpha158_csi300_custom_step0_s_20260519_15,348603c2f7c842829c4f1dca2e56d0f0,0.082,,,
27,2026-05-19,SH601058,-0.0853915736079216,EXP_LinearModel_Alpha158_csi300_custom_step0_s_20260519_15,348603c2f7c842829c4f1dca2e56d0f0,0.082,,,
28,2026-05-19,SH601398,0.014813482761383057,EXP_LinearModel_Alpha158_csi300_custom_step0_s_20260519_15,348603c2f7c842829c4f1dca2e56d0f0,0.082,,,
29,2026-05-19,SH601377,-0.06592197716236115,EXP_LinearModel_Alpha158_csi300_custom_step0_s_20260519_15,348603c2f7c842829c4f1dca2e56d0f0,0.082,,,
30,2026-05-19,SH601360,-0.09945394098758698,EXP_LinearModel_Alpha158_csi300_custom_step0_s_20260519_15,348603c2f7c842829c4f1dca2e56d0f0,0.082,,,
31,2026-05-19,SH601336,-0.08621668815612793,EXP_LinearModel_Alpha158_csi300_custom_step0_s_20260519_15,348603c2f7c842829c4f1dca2e56d0f0,0.082,,,
32,2026-05-19,SH601328,-0.011893265880644321,EXP_LinearModel_Alpha158_csi300_custom_step0_s_20260519_15,348603c2f7c842829c4f1dca2e56d0f0,0.082,,,
33,2026-05-19,SH601319,0.012494822964072227,EXP_LinearModel_Alpha158_csi300_custom_step0_s_20260519_15,348603c2f7c842829c4f1dca2e56d0f0,0.082,,,
34,2026-05-19,SH601318,-0.04485755413770676,EXP_LinearModel_Alpha158_csi300_custom_step0_s_20260519_15,348603c2f7c842829c4f1dca2e56d0f0,0.082,,,
35,2026-05-19,SH601298,0.03485707566142082,EXP_LinearModel_Alpha158_csi300_custom_step0_s_20260519_15,348603c2f7c842829c4f1dca2e56d0f0,0.082,,,
36,2026-05-19,SH601390,0.07221251726150513,EXP_LinearModel_Alpha158_csi300_custom_step0_s_20260519_15,348603c2f7c842829c4f1dca2e56d0f0,0.082,,,
37,2026-05-19,SH601021,-0.05980784073472023,EXP_LinearModel_Alpha158_csi300_custom_step0_s_20260519_15,348603c2f7c842829c4f1dca2e56d0f0,0.082,,,
38,2026-05-19,SH601018,0.05383656173944473,EXP_LinearModel_Alpha158_csi300_custom_step0_s_20260519_15,348603c2f7c842829c4f1dca2e56d0f0,0.082,,,
39,2026-05-19,SH601012,-0.00896428432315588,EXP_LinearModel_Alpha158_csi300_custom_step0_s_20260519_15,348603c2f7c842829c4f1dca2e56d0f0,0.082,,,
40,2026-05-19,SH600795,0.08048801124095917,EXP_LinearModel_Alpha158_csi300_custom_step0_s_20260519_15,348603c2f7c842829c4f1dca2e56d0f0,0.082,,,
41,2026-05-19,SH600760,-0.07188557088375092,EXP_LinearModel_Alpha158_csi300_custom_step0_s_20260519_15,348603c2f7c842829c4f1dca2e56d0f0,0.082,,,
42,2026-05-19,SH600741,-0.05985686928033829,EXP_LinearModel_Alpha158_csi300_custom_step0_s_20260519_15,348603c2f7c842829c4f1dca2e56d0f0,0.082,,,
43,2026-05-19,SH600690,-0.02425740659236908,EXP_LinearModel_Alpha158_csi300_custom_step0_s_20260519_15,348603c2f7c842829c4f1dca2e56d0f0,0.082,,,
44,2026-05-19,SH600674,0.06957463175058365,EXP_LinearModel_Alpha158_csi300_custom_step0_s_20260519_15,348603c2f7c842829c4f1dca2e56d0f0,0.082,,,
45,2026-05-19,SH600660,-0.050610072910785675,EXP_LinearModel_Alpha158_csi300_custom_step0_s_20260519_15,348603c2f7c842829c4f1dca2e56d0f0,0.082,,,
46,2026-05-19,SH600600,-0.01801939681172371,EXP_LinearModel_Alpha158_csi300_custom_step0_s_20260519_15,348603c2f7c842829c4f1dca2e56d0f0,0.082,,,
47,2026-05-19,SH600803,0.09383243322372437,EXP_LinearModel_Alpha158_csi300_custom_step0_s_20260519_15,348603c2f7c842829c4f1dca2e56d0f0,0.082,,,
48,2026-05-19,SH600588,-0.061210960149765015,EXP_LinearModel_Alpha158_csi300_custom_step0_s_20260519_15,348603c2f7c842829c4f1dca2e56d0f0,0.082,,,
49,2026-05-19,SH600584,0.022257855162024498,EXP_LinearModel_Alpha158_csi300_custom_step0_s_20260519_15,348603c2f7c842829c4f1dca2e56d0f0,0.082,,,
50,2026-05-19,SH600570,-0.1054372787475586,EXP_LinearModel_Alpha158_csi300_custom_step0_s_20260519_15,348603c2f7c842829c4f1dca2e56d0f0,0.082,,,
51,2026-05-19,SH600547,-0.021875422447919846,EXP_LinearModel_Alpha158_csi300_custom_step0_s_20260519_15,348603c2f7c842829c4f1dca2e56d0f0,0.082,,,
52,2026-05-19,SH600522,0.005937617272138596,EXP_LinearModel_Alpha158_csi300_custom_step0_s_20260519_15,348603c2f7c842829c4f1dca2e56d0f0,0.082,,,
53,2026-05-19,SH600519,-0.06427498161792755,EXP_LinearModel_Alpha158_csi300_custom_step0_s_20260519_15,348603c2f7c842829c4f1dca2e56d0f0,0.082,,,
54,2026-05-19,SH600515,-0.047332264482975006,EXP_LinearModel_Alpha158_csi300_custom_step0_s_20260519_15,348603c2f7c842829c4f1dca2e56d0f0,0.082,,,
55,2026-05-19,SH600489,-0.03750834986567497,EXP_LinearModel_Alpha158_csi300_custom_step0_s_20260519_15,348603c2f7c842829c4f1dca2e56d0f0,0.082,,,
56,2026-05-19,SH600585,-0.07134978473186493,EXP_LinearModel_Alpha158_csi300_custom_step0_s_20260519_15,348603c2f7c842829c4f1dca2e56d0f0,0.082,,,
57,2026-05-19,SH601658,-0.03809379041194916,EXP_LinearModel_Alpha158_csi300_custom_step0_s_20260519_15,348603c2f7c842829c4f1dca2e56d0f0,0.082,,,
58,2026-05-19,SH600809,-0.06583673506975174,EXP_LinearModel_Alpha158_csi300_custom_step0_s_20260519_15,348603c2f7c842829c4f1dca2e56d0f0,0.082,,,
59,2026-05-19,SH600875,-0.01484281662851572,EXP_LinearModel_Alpha158_csi300_custom_step0_s_20260519_15,348603c2f7c842829c4f1dca2e56d0f0,0.082,,,
60,2026-05-19,SH601009,-0.06303666532039642,EXP_LinearModel_Alpha158_csi300_custom_step0_s_20260519_15,348603c2f7c842829c4f1dca2e56d0f0,0.082,,,
61,2026-05-19,SH601006,0.08253815025091171,EXP_LinearModel_Alpha158_csi300_custom_step0_s_20260519_15,348603c2f7c842829c4f1dca2e56d0f0,0.082,,,
62,2026-05-19,SH600999,0.07110927253961563,EXP_LinearModel_Alpha158_csi300_custom_step0_s_20260519_15,348603c2f7c842829c4f1dca2e56d0f0,0.082,,,
63,2026-05-19,SH600989,0.009024394676089287,EXP_LinearModel_Alpha158_csi300_custom_step0_s_20260519_15,348603c2f7c842829c4f1dca2e56d0f0,0.082,,,
64,2026-05-19,SH600958,,EXP_LinearModel_Alpha158_csi300_custom_step0_s_20260519_15,348603c2f7c842829c4f1dca2e56d0f0,0.082,,,
65,2026-05-19,SH600941,0.032276663929224014,EXP_LinearModel_Alpha158_csi300_custom_step0_s_20260519_15,348603c2f7c842829c4f1dca2e56d0f0,0.082,,,
66,2026-05-19,SH600938,0.07428667694330215,EXP_LinearModel_Alpha158_csi300_custom_step0_s_20260519_15,348603c2f7c842829c4f1dca2e56d0f0,0.082,,,
67,2026-05-19,SH600845,0.026467889547348022,EXP_LinearModel_Alpha158_csi300_custom_step0_s_20260519_15,348603c2f7c842829c4f1dca2e56d0f0,0.082,,,
68,2026-05-19,SH600930,-0.006115684285759926,EXP_LinearModel_Alpha158_csi300_custom_step0_s_20260519_15,348603c2f7c842829c4f1dca2e56d0f0,0.082,,,
69,2026-05-19,SH600919,0.03653925657272339,EXP_LinearModel_Alpha158_csi300_custom_step0_s_20260519_15,348603c2f7c842829c4f1dca2e56d0f0,0.082,,,
70,2026-05-19,SH600918,-0.0657203420996666,EXP_LinearModel_Alpha158_csi300_custom_step0_s_20260519_15,348603c2f7c842829c4f1dca2e56d0f0,0.082,,,
71,2026-05-19,SH600905,-0.007375647313892841,EXP_LinearModel_Alpha158_csi300_custom_step0_s_20260519_15,348603c2f7c842829c4f1dca2e56d0f0,0.082,,,
72,2026-05-19,SH600900,0.08166314661502838,EXP_LinearModel_Alpha158_csi300_custom_step0_s_20260519_15,348603c2f7c842829c4f1dca2e56d0f0,0.082,,,
73,2026-05-19,SH600893,-0.04431850463151932,EXP_LinearModel_Alpha158_csi300_custom_step0_s_20260519_15,348603c2f7c842829c4f1dca2e56d0f0,0.082,,,
74,2026-05-19,SH600887,0.06724720448255539,EXP_LinearModel_Alpha158_csi300_custom_step0_s_20260519_15,348603c2f7c842829c4f1dca2e56d0f0,0.082,,,
75,2026-05-19,SH600886,0.0595330148935318,EXP_LinearModel_Alpha158_csi300_custom_step0_s_20260519_15,348603c2f7c842829c4f1dca2e56d0f0,0.082,,,
76,2026-05-19,SH600926,-0.05544770136475563,EXP_LinearModel_Alpha158_csi300_custom_step0_s_20260519_15,348603c2f7c842829c4f1dca2e56d0f0,0.082,,,
77,2026-05-19,SH601668,0.09486472606658936,EXP_LinearModel_Alpha158_csi300_custom_step0_s_20260519_15,348603c2f7c842829c4f1dca2e56d0f0,0.082,,,
78,2026-05-19,SH601669,-0.02779417112469673,EXP_LinearModel_Alpha158_csi300_custom_step0_s_20260519_15,348603c2f7c842829c4f1dca2e56d0f0,0.082,,,
79,2026-05-19,SH601688,-0.0638972669839859,EXP_LinearModel_Alpha158_csi300_custom_step0_s_20260519_15,348603c2f7c842829c4f1dca2e56d0f0,0.082,,,
80,2026-05-19,SH688256,-0.022662797942757607,EXP_LinearModel_Alpha158_csi300_custom_step0_s_20260519_15,348603c2f7c842829c4f1dca2e56d0f0,0.082,,,
81,2026-05-19,SH688223,-0.08331459015607834,EXP_LinearModel_Alpha158_csi300_custom_step0_s_20260519_15,348603c2f7c842829c4f1dca2e56d0f0,0.082,,,
82,2026-05-19,SH688187,-0.09246108680963516,EXP_LinearModel_Alpha158_csi300_custom_step0_s_20260519_15,348603c2f7c842829c4f1dca2e56d0f0,0.082,,,
83,2026-05-19,SH688169,-0.11143652349710464,EXP_LinearModel_Alpha158_csi300_custom_step0_s_20260519_15,348603c2f7c842829c4f1dca2e56d0f0,0.082,,,
84,2026-05-19,SH688126,0.10639321804046631,EXP_LinearModel_Alpha158_csi300_custom_step0_s_20260519_15,348603c2f7c842829c4f1dca2e56d0f0,0.082,,,
85,2026-05-19,SH688111,-0.09296587854623795,EXP_LinearModel_Alpha158_csi300_custom_step0_s_20260519_15,348603c2f7c842829c4f1dca2e56d0f0,0.082,,,
86,2026-05-19,SH688082,-0.04375024884939194,EXP_LinearModel_Alpha158_csi300_custom_step0_s_20260519_15,348603c2f7c842829c4f1dca2e56d0f0,0.082,,,
87,2026-05-19,SH688271,-0.05246720463037491,EXP_LinearModel_Alpha158_csi300_custom_step0_s_20260519_15,348603c2f7c842829c4f1dca2e56d0f0,0.082,,,
88,2026-05-19,SH688047,-0.03600075840950012,EXP_LinearModel_Alpha158_csi300_custom_step0_s_20260519_15,348603c2f7c842829c4f1dca2e56d0f0,0.082,,,
89,2026-05-19,SH688036,-0.037636928260326385,EXP_LinearModel_Alpha158_csi300_custom_step0_s_20260519_15,348603c2f7c842829c4f1dca2e56d0f0,0.082,,,
90,2026-05-19,SH688012,-0.08039100468158722,EXP_LinearModel_Alpha158_csi300_custom_step0_s_20260519_15,348603c2f7c842829c4f1dca2e56d0f0,0.082,,,
91,2026-05-19,SH688009,-0.01366234477609396,EXP_LinearModel_Alpha158_csi300_custom_step0_s_20260519_15,348603c2f7c842829c4f1dca2e56d0f0,0.082,,,
92,2026-05-19,SH688008,0.022281832993030548,EXP_LinearModel_Alpha158_csi300_custom_step0_s_20260519_15,348603c2f7c842829c4f1dca2e56d0f0,0.082,,,
93,2026-05-19,SH605499,-0.07452143728733063,EXP_LinearModel_Alpha158_csi300_custom_step0_s_20260519_15,348603c2f7c842829c4f1dca2e56d0f0,0.082,,,
94,2026-05-19,SH605117,-0.0486530177295208,EXP_LinearModel_Alpha158_csi300_custom_step0_s_20260519_15,348603c2f7c842829c4f1dca2e56d0f0,0.082,,,
95,2026-05-19,SH603993,-0.05140111222863197,EXP_LinearModel_Alpha158_csi300_custom_step0_s_20260519_15,348603c2f7c842829c4f1dca2e56d0f0,0.082,,,
96,2026-05-19,SH688041,0.008284121751785278,EXP_LinearModel_Alpha158_csi300_custom_step0_s_20260519_15,348603c2f7c842829c4f1dca2e56d0f0,0.082,,,
97,2026-05-19,SH603986,-0.09173379838466644,EXP_LinearModel_Alpha158_csi300_custom_step0_s_20260519_15,348603c2f7c842829c4f1dca2e56d0f0,0.082,,,
98,2026-05-19,SH688303,-0.1012241467833519,EXP_LinearModel_Alpha158_csi300_custom_step0_s_20260519_15,348603c2f7c842829c4f1dca2e56d0f0,0.082,,,
99,2026-05-19,SH688472,-0.0009719290537759662,EXP_LinearModel_Alpha158_csi300_custom_step0_s_20260519_15,348603c2f7c842829c4f1dca2e56d0f0,0.082,,,
100,2026-05-19,SZ000596,-0.05259748548269272,EXP_LinearModel_Alpha158_csi300_custom_step0_s_20260519_15,348603c2f7c842829c4f1dca2e56d0f0,0.082,,,
101,2026-05-19,SZ000568,-0.06171467900276184,EXP_LinearModel_Alpha158_csi300_custom_step0_s_20260519_15,348603c2f7c842829c4f1dca2e56d0f0,0.082,,,
102,2026-05-19,SZ000538,-0.06593696027994156,EXP_LinearModel_Alpha158_csi300_custom_step0_s_20260519_15,348603c2f7c842829c4f1dca2e56d0f0,0.082,,,
103,2026-05-19,SZ000425,-0.026812521740794182,EXP_LinearModel_Alpha158_csi300_custom_step0_s_20260519_15,348603c2f7c842829c4f1dca2e56d0f0,0.082,,,
104,2026-05-19,SZ000408,-0.08082982897758484,EXP_LinearModel_Alpha158_csi300_custom_step0_s_20260519_15,348603c2f7c842829c4f1dca2e56d0f0,0.082,,,
105,2026-05-19,SZ000338,0.02197210118174553,EXP_LinearModel_Alpha158_csi300_custom_step0_s_20260519_15,348603c2f7c842829c4f1dca2e56d0f0,0.082,,,
106,2026-05-19,SZ000333,-0.007695028092712164,EXP_LinearModel_Alpha158_csi300_custom_step0_s_20260519_15,348603c2f7c842829c4f1dca2e56d0f0,0.082,,,
107,2026-05-19,SH688396,-0.028045807033777237,EXP_LinearModel_Alpha158_csi300_custom_step0_s_20260519_15,348603c2f7c842829c4f1dca2e56d0f0,0.082,,,
108,2026-05-19,SZ000301,-0.013728981837630272,EXP_LinearModel_Alpha158_csi300_custom_step0_s_20260519_15,348603c2f7c842829c4f1dca2e56d0f0,0.082,,,
109,2026-05-19,SZ000157,-0.041825998574495316,EXP_LinearModel_Alpha158_csi300_custom_step0_s_20260519_15,348603c2f7c842829c4f1dca2e56d0f0,0.082,,,
110,2026-05-19,SZ000100,-0.06438732147216797,EXP_LinearModel_Alpha158_csi300_custom_step0_s_20260519_15,348603c2f7c842829c4f1dca2e56d0f0,0.082,,,
111,2026-05-19,SZ000063,-0.024176213890314102,EXP_LinearModel_Alpha158_csi300_custom_step0_s_20260519_15,348603c2f7c842829c4f1dca2e56d0f0,0.082,,,
112,2026-05-19,SZ000002,-0.013766909949481487,EXP_LinearModel_Alpha158_csi300_custom_step0_s_20260519_15,348603c2f7c842829c4f1dca2e56d0f0,0.082,,,
113,2026-05-19,SZ000001,-0.0052451989613473415,EXP_LinearModel_Alpha158_csi300_custom_step0_s_20260519_15,348603c2f7c842829c4f1dca2e56d0f0,0.082,,,
114,2026-05-19,SH688981,-0.0035726320929825306,EXP_LinearModel_Alpha158_csi300_custom_step0_s_20260519_15,348603c2f7c842829c4f1dca2e56d0f0,0.082,,,
115,2026-05-19,SH688506,-0.04359133169054985,EXP_LinearModel_Alpha158_csi300_custom_step0_s_20260519_15,348603c2f7c842829c4f1dca2e56d0f0,0.082,,,
116,2026-05-19,SZ000166,-0.047679752111434937,EXP_LinearModel_Alpha158_csi300_custom_step0_s_20260519_15,348603c2f7c842829c4f1dca2e56d0f0,0.082,,,
117,2026-05-19,SH600482,-0.08028470724821091,EXP_LinearModel_Alpha158_csi300_custom_step0_s_20260519_15,348603c2f7c842829c4f1dca2e56d0f0,0.082,,,
118,2026-05-19,SH603893,0.03474593535065651,EXP_LinearModel_Alpha158_csi300_custom_step0_s_20260519_15,348603c2f7c842829c4f1dca2e56d0f0,0.082,,,
119,2026-05-19,SH603501,-0.010291751474142075,EXP_LinearModel_Alpha158_csi300_custom_step0_s_20260519_15,348603c2f7c842829c4f1dca2e56d0f0,0.082,,,
120,2026-05-19,SH601878,-0.06462066620588303,EXP_LinearModel_Alpha158_csi300_custom_step0_s_20260519_15,348603c2f7c842829c4f1dca2e56d0f0,0.082,,,
121,2026-05-19,SH601877,-0.012912053614854813,EXP_LinearModel_Alpha158_csi300_custom_step0_s_20260519_15,348603c2f7c842829c4f1dca2e56d0f0,0.082,,,
122,2026-05-19,SH601872,-0.022484011948108673,EXP_LinearModel_Alpha158_csi300_custom_step0_s_20260519_15,348603c2f7c842829c4f1dca2e56d0f0,0.082,,,
123,2026-05-19,SH601868,-0.04036601260304451,EXP_LinearModel_Alpha158_csi300_custom_step0_s_20260519_15,348603c2f7c842829c4f1dca2e56d0f0,0.082,,,
124,2026-05-19,SH601857,0.03127831593155861,EXP_LinearModel_Alpha158_csi300_custom_step0_s_20260519_15,348603c2f7c842829c4f1dca2e56d0f0,0.082,,,
125,2026-05-19,SH601838,0.010044058784842491,EXP_LinearModel_Alpha158_csi300_custom_step0_s_20260519_15,348603c2f7c842829c4f1dca2e56d0f0,0.082,,,
126,2026-05-19,SH601825,0.018422579392790794,EXP_LinearModel_Alpha158_csi300_custom_step0_s_20260519_15,348603c2f7c842829c4f1dca2e56d0f0,0.082,,,
127,2026-05-19,SH601881,-0.04451677203178406,EXP_LinearModel_Alpha158_csi300_custom_step0_s_20260519_15,348603c2f7c842829c4f1dca2e56d0f0,0.082,,,
128,2026-05-19,SH601818,0.11837774515151978,EXP_LinearModel_Alpha158_csi300_custom_step0_s_20260519_15,348603c2f7c842829c4f1dca2e56d0f0,0.082,,,
129,2026-05-19,SH601808,-0.020438749343156815,EXP_LinearModel_Alpha158_csi300_custom_step0_s_20260519_15,348603c2f7c842829c4f1dca2e56d0f0,0.082,,,
130,2026-05-19,SH601800,-0.04578044265508652,EXP_LinearModel_Alpha158_csi300_custom_step0_s_20260519_15,348603c2f7c842829c4f1dca2e56d0f0,0.082,,,
131,2026-05-19,SH601788,-0.08624082803726196,EXP_LinearModel_Alpha158_csi300_custom_step0_s_20260519_15,348603c2f7c842829c4f1dca2e56d0f0,0.082,,,
132,2026-05-19,SH601766,-0.03191090747714043,EXP_LinearModel_Alpha158_csi300_custom_step0_s_20260519_15,348603c2f7c842829c4f1dca2e56d0f0,0.082,,,
133,2026-05-19,SH601728,0.011413989588618279,EXP_LinearModel_Alpha158_csi300_custom_step0_s_20260519_15,348603c2f7c842829c4f1dca2e56d0f0,0.082,,,
134,2026-05-19,SH601698,-0.04306967929005623,EXP_LinearModel_Alpha158_csi300_custom_step0_s_20260519_15,348603c2f7c842829c4f1dca2e56d0f0,0.082,,,
135,2026-05-19,SH601689,-0.033745937049388885,EXP_LinearModel_Alpha158_csi300_custom_step0_s_20260519_15,348603c2f7c842829c4f1dca2e56d0f0,0.082,,,
136,2026-05-19,SH601816,0.009688718244433403,EXP_LinearModel_Alpha158_csi300_custom_step0_s_20260519_15,348603c2f7c842829c4f1dca2e56d0f0,0.082,,,
137,2026-05-19,SH603799,-0.07040612399578094,EXP_LinearModel_Alpha158_csi300_custom_step0_s_20260519_15,348603c2f7c842829c4f1dca2e56d0f0,0.082,,,
138,2026-05-19,SH601888,-0.05096336826682091,EXP_LinearModel_Alpha158_csi300_custom_step0_s_20260519_15,348603c2f7c842829c4f1dca2e56d0f0,0.082,,,
139,2026-05-19,SH601899,-0.047836460173130035,EXP_LinearModel_Alpha158_csi300_custom_step0_s_20260519_15,348603c2f7c842829c4f1dca2e56d0f0,0.082,,,
140,2026-05-19,SH603392,-0.08017534017562866,EXP_LinearModel_Alpha158_csi300_custom_step0_s_20260519_15,348603c2f7c842829c4f1dca2e56d0f0,0.082,,,
141,2026-05-19,SH603369,-0.03802337870001793,EXP_LinearModel_Alpha158_csi300_custom_step0_s_20260519_15,348603c2f7c842829c4f1dca2e56d0f0,0.082,,,
142,2026-05-19,SH603296,-0.025857999920845032,EXP_LinearModel_Alpha158_csi300_custom_step0_s_20260519_15,348603c2f7c842829c4f1dca2e56d0f0,0.082,,,
143,2026-05-19,SH603288,-0.07496774941682816,EXP_LinearModel_Alpha158_csi300_custom_step0_s_20260519_15,348603c2f7c842829c4f1dca2e56d0f0,0.082,,,
144,2026-05-19,SH603260,-0.03767365589737892,EXP_LinearModel_Alpha158_csi300_custom_step0_s_20260519_15,348603c2f7c842829c4f1dca2e56d0f0,0.082,,,
145,2026-05-19,SH603259,-0.0008174247341230512,EXP_LinearModel_Alpha158_csi300_custom_step0_s_20260519_15,348603c2f7c842829c4f1dca2e56d0f0,0.082,,,
146,2026-05-19,SH603195,-0.024103328585624695,EXP_LinearModel_Alpha158_csi300_custom_step0_s_20260519_15,348603c2f7c842829c4f1dca2e56d0f0,0.082,,,
147,2026-05-19,SH601898,0.017236461862921715,EXP_LinearModel_Alpha158_csi300_custom_step0_s_20260519_15,348603c2f7c842829c4f1dca2e56d0f0,0.082,,,
148,2026-05-19,SH603019,-0.02337873913347721,EXP_LinearModel_Alpha158_csi300_custom_step0_s_20260519_15,348603c2f7c842829c4f1dca2e56d0f0,0.082,,,
149,2026-05-19,SH601995,0.017018692567944527,EXP_LinearModel_Alpha158_csi300_custom_step0_s_20260519_15,348603c2f7c842829c4f1dca2e56d0f0,0.082,,,
150,2026-05-19,SH601988,0.054910339415073395,EXP_LinearModel_Alpha158_csi300_custom_step0_s_20260519_15,348603c2f7c842829c4f1dca2e56d0f0,0.082,,,
151,2026-05-19,SH601985,0.05850779637694359,EXP_LinearModel_Alpha158_csi300_custom_step0_s_20260519_15,348603c2f7c842829c4f1dca2e56d0f0,0.082,,,
152,2026-05-19,SH601939,0.014792725443840027,EXP_LinearModel_Alpha158_csi300_custom_step0_s_20260519_15,348603c2f7c842829c4f1dca2e56d0f0,0.082,,,
153,2026-05-19,SH601919,-0.007597633637487888,EXP_LinearModel_Alpha158_csi300_custom_step0_s_20260519_15,348603c2f7c842829c4f1dca2e56d0f0,0.082,,,
154,2026-05-19,SH601916,0.11014886200428009,EXP_LinearModel_Alpha158_csi300_custom_step0_s_20260519_15,348603c2f7c842829c4f1dca2e56d0f0,0.082,,,
155,2026-05-19,SH601901,-0.06770245730876923,EXP_LinearModel_Alpha158_csi300_custom_step0_s_20260519_15,348603c2f7c842829c4f1dca2e56d0f0,0.082,,,
156,2026-05-19,SH601998,-0.03419424220919609,EXP_LinearModel_Alpha158_csi300_custom_step0_s_20260519_15,348603c2f7c842829c4f1dca2e56d0f0,0.082,,,
157,2026-05-19,SZ000617,-0.02354545332491398,EXP_LinearModel_Alpha158_csi300_custom_step0_s_20260519_15,348603c2f7c842829c4f1dca2e56d0f0,0.082,,,
158,2026-05-19,SH600460,-0.015331058762967587,EXP_LinearModel_Alpha158_csi300_custom_step0_s_20260519_15,348603c2f7c842829c4f1dca2e56d0f0,0.082,,,
159,2026-05-19,SH600436,-0.05878085643053055,EXP_LinearModel_Alpha158_csi300_custom_step0_s_20260519_15,348603c2f7c842829c4f1dca2e56d0f0,0.082,,,
160,2026-05-19,SZ002384,-0.07763015429281082,EXP_DEnsembleModel_Alpha158_csi300_custom_step0_s_20260519_15,d60c69a62a3446588f3652c3aedde5c1,0.047,,,
161,2026-05-19,SZ002371,0.09021810012688965,EXP_DEnsembleModel_Alpha158_csi300_custom_step0_s_20260519_15,d60c69a62a3446588f3652c3aedde5c1,0.047,,,
162,2026-05-19,SZ002352,-0.07157634055280884,EXP_DEnsembleModel_Alpha158_csi300_custom_step0_s_20260519_15,d60c69a62a3446588f3652c3aedde5c1,0.047,,,
163,2026-05-19,SZ002311,0.013676400960112339,EXP_DEnsembleModel_Alpha158_csi300_custom_step0_s_20260519_15,d60c69a62a3446588f3652c3aedde5c1,0.047,,,
164,2026-05-19,SZ002304,-0.05336642189137283,EXP_DEnsembleModel_Alpha158_csi300_custom_step0_s_20260519_15,d60c69a62a3446588f3652c3aedde5c1,0.047,,,
165,2026-05-19,SZ002252,-0.05692488307205958,EXP_DEnsembleModel_Alpha158_csi300_custom_step0_s_20260519_15,d60c69a62a3446588f3652c3aedde5c1,0.047,,,
166,2026-05-19,SZ002241,0.095031480993485,EXP_DEnsembleModel_Alpha158_csi300_custom_step0_s_20260519_15,d60c69a62a3446588f3652c3aedde5c1,0.047,,,
167,2026-05-19,SZ002236,-0.0020847586644079856,EXP_DEnsembleModel_Alpha158_csi300_custom_step0_s_20260519_15,d60c69a62a3446588f3652c3aedde5c1,0.047,,,
168,2026-05-19,SZ002230,0.10880255395073458,EXP_DEnsembleModel_Alpha158_csi300_custom_step0_s_20260519_15,d60c69a62a3446588f3652c3aedde5c1,0.047,,,
169,2026-05-19,SZ002179,-0.08667018070227943,EXP_DEnsembleModel_Alpha158_csi300_custom_step0_s_20260519_15,d60c69a62a3446588f3652c3aedde5c1,0.047,,,
170,2026-05-19,SZ002142,0.0625517272774833,EXP_DEnsembleModel_Alpha158_csi300_custom_step0_s_20260519_15,d60c69a62a3446588f3652c3aedde5c1,0.047,,,
171,2026-05-19,SZ002074,-0.02087921418326433,EXP_DEnsembleModel_Alpha158_csi300_custom_step0_s_20260519_15,d60c69a62a3446588f3652c3aedde5c1,0.047,,,
172,2026-05-19,SZ002050,0.08764395214989172,EXP_DEnsembleModel_Alpha158_csi300_custom_step0_s_20260519_15,d60c69a62a3446588f3652c3aedde5c1,0.047,,,
173,2026-05-19,SZ002049,-0.002284263546167981,EXP_DEnsembleModel_Alpha158_csi300_custom_step0_s_20260519_15,d60c69a62a3446588f3652c3aedde5c1,0.047,,,
174,2026-05-19,SZ002028,0.008415682353802327,EXP_DEnsembleModel_Alpha158_csi300_custom_step0_s_20260519_15,d60c69a62a3446588f3652c3aedde5c1,0.047,,,
175,2026-05-19,SZ002415,-0.006048197424573587,EXP_DEnsembleModel_Alpha158_csi300_custom_step0_s_20260519_15,d60c69a62a3446588f3652c3aedde5c1,0.047,,,
176,2026-05-19,SZ002422,-0.006911892127721774,EXP_DEnsembleModel_Alpha158_csi300_custom_step0_s_20260519_15,d60c69a62a3446588f3652c3aedde5c1,0.047,,,
177,2026-05-19,SZ002459,0.06437147234346265,EXP_DEnsembleModel_Alpha158_csi300_custom_step0_s_20260519_15,d60c69a62a3446588f3652c3aedde5c1,0.047,,,
178,2026-05-19,SZ002460,0.17827667706075753,EXP_DEnsembleModel_Alpha158_csi300_custom_step0_s_20260519_15,d60c69a62a3446588f3652c3aedde5c1,0.047,,,
179,2026-05-19,SZ003816,-0.031315369394653035,EXP_DEnsembleModel_Alpha158_csi300_custom_step0_s_20260519_15,d60c69a62a3446588f3652c3aedde5c1,0.047,,,
180,2026-05-19,SZ002938,0.036229405063800325,EXP_DEnsembleModel_Alpha158_csi300_custom_step0_s_20260519_15,d60c69a62a3446588f3652c3aedde5c1,0.047,,,
181,2026-05-19,SZ002920,-0.04622812906104833,EXP_DEnsembleModel_Alpha158_csi300_custom_step0_s_20260519_15,d60c69a62a3446588f3652c3aedde5c1,0.047,,,
182,2026-05-19,SZ002916,0.13762893892942638,EXP_DEnsembleModel_Alpha158_csi300_custom_step0_s_20260519_15,d60c69a62a3446588f3652c3aedde5c1,0.047,,,
183,2026-05-19,SZ002736,-0.03449393665424431,EXP_DEnsembleModel_Alpha158_csi300_custom_step0_s_20260519_15,d60c69a62a3446588f3652c3aedde5c1,0.047,,,
184,2026-05-19,SZ002714,0.11605710853190743,EXP_DEnsembleModel_Alpha158_csi300_custom_step0_s_20260519_15,d60c69a62a3446588f3652c3aedde5c1,0.047,,,
185,2026-05-19,SZ002709,0.35973241814576656,EXP_DEnsembleModel_Alpha158_csi300_custom_step0_s_20260519_15,d60c69a62a3446588f3652c3aedde5c1,0.047,,,
186,2026-05-19,SZ002027,-0.03462794176473249,EXP_DEnsembleModel_Alpha158_csi300_custom_step0_s_20260519_15,d60c69a62a3446588f3652c3aedde5c1,0.047,,,
187,2026-05-19,SZ002648,0.040643969238675394,EXP_DEnsembleModel_Alpha158_csi300_custom_step0_s_20260519_15,d60c69a62a3446588f3652c3aedde5c1,0.047,,,
188,2026-05-19,SZ002601,0.0026317157601754106,EXP_DEnsembleModel_Alpha158_csi300_custom_step0_s_20260519_15,d60c69a62a3446588f3652c3aedde5c1,0.047,,,
189,2026-05-19,SZ002600,0.059642652275456905,EXP_DEnsembleModel_Alpha158_csi300_custom_step0_s_20260519_15,d60c69a62a3446588f3652c3aedde5c1,0.047,,,
190,2026-05-19,SZ002594,0.046103689217953506,EXP_DEnsembleModel_Alpha158_csi300_custom_step0_s_20260519_15,d60c69a62a3446588f3652c3aedde5c1,0.047,,,
191,2026-05-19,SZ002493,0.08956360861488151,EXP_DEnsembleModel_Alpha158_csi300_custom_step0_s_20260519_15,d60c69a62a3446588f3652c3aedde5c1,0.047,,,
192,2026-05-19,SZ002475,0.10772928254035942,EXP_DEnsembleModel_Alpha158_csi300_custom_step0_s_20260519_15,d60c69a62a3446588f3652c3aedde5c1,0.047,,,
193,2026-05-19,SZ002466,0.16400660234364917,EXP_DEnsembleModel_Alpha158_csi300_custom_step0_s_20260519_15,d60c69a62a3446588f3652c3aedde5c1,0.047,,,
194,2026-05-19,SZ002463,0.01120693877305773,EXP_DEnsembleModel_Alpha158_csi300_custom_step0_s_20260519_15,d60c69a62a3446588f3652c3aedde5c1,0.047,,,
195,2026-05-19,SZ002625,0.07644021186004986,EXP_DEnsembleModel_Alpha158_csi300_custom_step0_s_20260519_15,d60c69a62a3446588f3652c3aedde5c1,0.047,,,
196,2026-05-19,SZ002001,0.1761994644838866,EXP_DEnsembleModel_Alpha158_csi300_custom_step0_s_20260519_15,d60c69a62a3446588f3652c3aedde5c1,0.047,,,
197,2026-05-19,SZ001979,0.009222086441445206,EXP_DEnsembleModel_Alpha158_csi300_custom_step0_s_20260519_15,d60c69a62a3446588f3652c3aedde5c1,0.047,,,
198,2026-05-19,SZ001965,0.0715385474125835,EXP_DEnsembleModel_Alpha158_csi300_custom_step0_s_20260519_15,d60c69a62a3446588f3652c3aedde5c1,0.047,,,
199,2026-05-19,SZ000625,0.10984114234914297,EXP_DEnsembleModel_Alpha158_csi300_custom_step0_s_20260519_15,d60c69a62a3446588f3652c3aedde5c1,0.047,,,
200,2026-05-19,SZ000617,0.08627780680161602,EXP_DEnsembleModel_Alpha158_csi300_custom_step0_s_20260519_15,d60c69a62a3446588f3652c3aedde5c1,0.047,,,
201,2026-05-19,SZ000596,0.04189640800897539,EXP_DEnsembleModel_Alpha158_csi300_custom_step0_s_20260519_15,d60c69a62a3446588f3652c3aedde5c1,0.047,,,
202,2026-05-19,SZ000568,-0.001583548600846456,EXP_DEnsembleModel_Alpha158_csi300_custom_step0_s_20260519_15,d60c69a62a3446588f3652c3aedde5c1,0.047,,,
203,2026-05-19,SZ000538,-0.09560612122152386,EXP_DEnsembleModel_Alpha158_csi300_custom_step0_s_20260519_15,d60c69a62a3446588f3652c3aedde5c1,0.047,,,
204,2026-05-19,SZ000425,0.007620057761943571,EXP_DEnsembleModel_Alpha158_csi300_custom_step0_s_20260519_15,d60c69a62a3446588f3652c3aedde5c1,0.047,,,
205,2026-05-19,SZ000408,0.04986025508970047,EXP_DEnsembleModel_Alpha158_csi300_custom_step0_s_20260519_15,d60c69a62a3446588f3652c3aedde5c1,0.047,,,
206,2026-05-19,SZ000630,0.06298392221134996,EXP_DEnsembleModel_Alpha158_csi300_custom_step0_s_20260519_15,d60c69a62a3446588f3652c3aedde5c1,0.047,,,
207,2026-05-19,SZ000338,0.3405309227108927,EXP_DEnsembleModel_Alpha158_csi300_custom_step0_s_20260519_15,d60c69a62a3446588f3652c3aedde5c1,0.047,,,
208,2026-05-19,SZ000301,0.1818751484446712,EXP_DEnsembleModel_Alpha158_csi300_custom_step0_s_20260519_15,d60c69a62a3446588f3652c3aedde5c1,0.047,,,
209,2026-05-19,SZ000166,-0.0304981345785949,EXP_DEnsembleModel_Alpha158_csi300_custom_step0_s_20260519_15,d60c69a62a3446588f3652c3aedde5c1,0.047,,,
210,2026-05-19,SZ000157,-0.00659692531759895,EXP_DEnsembleModel_Alpha158_csi300_custom_step0_s_20260519_15,d60c69a62a3446588f3652c3aedde5c1,0.047,,,
211,2026-05-19,SZ000100,-0.05253916286386318,EXP_DEnsembleModel_Alpha158_csi300_custom_step0_s_20260519_15,d60c69a62a3446588f3652c3aedde5c1,0.047,,,
212,2026-05-19,SZ000063,0.1473904362163365,EXP_DEnsembleModel_Alpha158_csi300_custom_step0_s_20260519_15,d60c69a62a3446588f3652c3aedde5c1,0.047,,,
213,2026-05-19,SZ000002,-0.015389452924936485,EXP_DEnsembleModel_Alpha158_csi300_custom_step0_s_20260519_15,d60c69a62a3446588f3652c3aedde5c1,0.047,,,
214,2026-05-19,SZ000001,-0.0403974854623008,EXP_DEnsembleModel_Alpha158_csi300_custom_step0_s_20260519_15,d60c69a62a3446588f3652c3aedde5c1,0.047,,,
215,2026-05-19,SZ000333,0.09225739012741667,EXP_DEnsembleModel_Alpha158_csi300_custom_step0_s_20260519_15,d60c69a62a3446588f3652c3aedde5c1,0.047,,,
216,2026-05-19,SZ300014,0.01640664950936985,EXP_DEnsembleModel_Alpha158_csi300_custom_step0_s_20260519_15,d60c69a62a3446588f3652c3aedde5c1,0.047,,,
217,2026-05-19,SZ000651,0.07867240939676506,EXP_DEnsembleModel_Alpha158_csi300_custom_step0_s_20260519_15,d60c69a62a3446588f3652c3aedde5c1,0.047,,,
218,2026-05-19,SZ000708,0.013583891083658343,EXP_DEnsembleModel_Alpha158_csi300_custom_step0_s_20260519_15,d60c69a62a3446588f3652c3aedde5c1,0.047,,,
219,2026-05-19,SZ001391,-0.06634852000020204,EXP_DEnsembleModel_Alpha158_csi300_custom_step0_s_20260519_15,d60c69a62a3446588f3652c3aedde5c1,0.047,,,
220,2026-05-19,SZ000999,-0.04840758214695913,EXP_DEnsembleModel_Alpha158_csi300_custom_step0_s_20260519_15,d60c69a62a3446588f3652c3aedde5c1,0.047,,,
221,2026-05-19,SZ000983,0.050048885399727856,EXP_DEnsembleModel_Alpha158_csi300_custom_step0_s_20260519_15,d60c69a62a3446588f3652c3aedde5c1,0.047,,,
222,2026-05-19,SZ000977,-0.07634846049654173,EXP_DEnsembleModel_Alpha158_csi300_custom_step0_s_20260519_15,d60c69a62a3446588f3652c3aedde5c1,0.047,,,
223,2026-05-19,SZ000975,0.1334874718775617,EXP_DEnsembleModel_Alpha158_csi300_custom_step0_s_20260519_15,d60c69a62a3446588f3652c3aedde5c1,0.047,,,
224,2026-05-19,SZ000963,0.00898048050329462,EXP_DEnsembleModel_Alpha158_csi300_custom_step0_s_20260519_15,d60c69a62a3446588f3652c3aedde5c1,0.047,,,
225,2026-05-19,SZ000938,-0.05852917490109948,EXP_DEnsembleModel_Alpha158_csi300_custom_step0_s_20260519_15,d60c69a62a3446588f3652c3aedde5c1,0.047,,,
226,2026-05-19,SZ000661,-0.0164384545450085,EXP_DEnsembleModel_Alpha158_csi300_custom_step0_s_20260519_15,d60c69a62a3446588f3652c3aedde5c1,0.047,,,
227,2026-05-19,SZ000895,-0.06988883386891269,EXP_DEnsembleModel_Alpha158_csi300_custom_step0_s_20260519_15,d60c69a62a3446588f3652c3aedde5c1,0.047,,,
228,2026-05-19,SZ000858,0.016467848493254073,EXP_DEnsembleModel_Alpha158_csi300_custom_step0_s_20260519_15,d60c69a62a3446588f3652c3aedde5c1,0.047,,,
229,2026-05-19,SZ000807,0.014730696059079625,EXP_DEnsembleModel_Alpha158_csi300_custom_step0_s_20260519_15,d60c69a62a3446588f3652c3aedde5c1,0.047,,,
230,2026-05-19,SZ000792,0.10437015633000957,EXP_DEnsembleModel_Alpha158_csi300_custom_step0_s_20260519_15,d60c69a62a3446588f3652c3aedde5c1,0.047,,,
231,2026-05-19,SZ000786,0.020105872268635794,EXP_DEnsembleModel_Alpha158_csi300_custom_step0_s_20260519_15,d60c69a62a3446588f3652c3aedde5c1,0.047,,,
232,2026-05-19,SZ000776,0.01593230088018688,EXP_DEnsembleModel_Alpha158_csi300_custom_step0_s_20260519_15,d60c69a62a3446588f3652c3aedde5c1,0.047,,,
233,2026-05-19,SZ000768,-0.05704616591227225,EXP_DEnsembleModel_Alpha158_csi300_custom_step0_s_20260519_15,d60c69a62a3446588f3652c3aedde5c1,0.047,,,
234,2026-05-19,SZ000725,0.10094714187947317,EXP_DEnsembleModel_Alpha158_csi300_custom_step0_s_20260519_15,d60c69a62a3446588f3652c3aedde5c1,0.047,,,
235,2026-05-19,SZ000876,-0.04580164273507061,EXP_DEnsembleModel_Alpha158_csi300_custom_step0_s_20260519_15,d60c69a62a3446588f3652c3aedde5c1,0.047,,,
236,2026-05-19,SZ300015,-0.009981441684965639,EXP_DEnsembleModel_Alpha158_csi300_custom_step0_s_20260519_15,d60c69a62a3446588f3652c3aedde5c1,0.047,,,
237,2026-05-19,SZ300033,-0.0113952053769617,EXP_DEnsembleModel_Alpha158_csi300_custom_step0_s_20260519_15,d60c69a62a3446588f3652c3aedde5c1,0.047,,,
238,2026-05-19,SZ300059,0.027351195767469926,EXP_DEnsembleModel_Alpha158_csi300_custom_step0_s_20260519_15,d60c69a62a3446588f3652c3aedde5c1,0.047,,,
239,2026-05-19,SH600104,-0.013999265618622303,EXP_LinearModel_Alpha158_csi300_custom_step0_s_20260519_15,348603c2f7c842829c4f1dca2e56d0f0,0.082,,,
240,2026-05-19,SH600089,-0.038110967725515366,EXP_LinearModel_Alpha158_csi300_custom_step0_s_20260519_15,348603c2f7c842829c4f1dca2e56d0f0,0.082,,,
241,2026-05-19,SH600085,-0.0181045550853014,EXP_LinearModel_Alpha158_csi300_custom_step0_s_20260519_15,348603c2f7c842829c4f1dca2e56d0f0,0.082,,,
242,2026-05-19,SH600066,0.00492465402930975,EXP_LinearModel_Alpha158_csi300_custom_step0_s_20260519_15,348603c2f7c842829c4f1dca2e56d0f0,0.082,,,
243,2026-05-19,SH600061,-0.03258569538593292,EXP_LinearModel_Alpha158_csi300_custom_step0_s_20260519_15,348603c2f7c842829c4f1dca2e56d0f0,0.082,,,
244,2026-05-19,SH600050,0.001033887267112732,EXP_LinearModel_Alpha158_csi300_custom_step0_s_20260519_15,348603c2f7c842829c4f1dca2e56d0f0,0.082,,,
245,2026-05-19,SH600048,-0.020586136728525162,EXP_LinearModel_Alpha158_csi300_custom_step0_s_20260519_15,348603c2f7c842829c4f1dca2e56d0f0,0.082,,,
246,2026-05-19,SH600111,-0.0420055128633976,EXP_LinearModel_Alpha158_csi300_custom_step0_s_20260519_15,348603c2f7c842829c4f1dca2e56d0f0,0.082,,,
247,2026-05-19,SH600039,0.1179799735546112,EXP_LinearModel_Alpha158_csi300_custom_step0_s_20260519_15,348603c2f7c842829c4f1dca2e56d0f0,0.082,,,
248,2026-05-19,SH600031,-0.03761028125882149,EXP_LinearModel_Alpha158_csi300_custom_step0_s_20260519_15,348603c2f7c842829c4f1dca2e56d0f0,0.082,,,
249,2026-05-19,SH600030,-0.03264571353793144,EXP_LinearModel_Alpha158_csi300_custom_step0_s_20260519_15,348603c2f7c842829c4f1dca2e56d0f0,0.082,,,
250,2026-05-19,SH600029,-0.09693878889083862,EXP_LinearModel_Alpha158_csi300_custom_step0_s_20260519_15,348603c2f7c842829c4f1dca2e56d0f0,0.082,,,
251,2026-05-19,SH600028,-0.05804121866822243,EXP_LinearModel_Alpha158_csi300_custom_step0_s_20260519_15,348603c2f7c842829c4f1dca2e56d0f0,0.082,,,
252,2026-05-19,SH600027,0.05377660319209099,EXP_LinearModel_Alpha158_csi300_custom_step0_s_20260519_15,348603c2f7c842829c4f1dca2e56d0f0,0.082,,,
253,2026-05-19,SH600026,-0.01219884492456913,EXP_LinearModel_Alpha158_csi300_custom_step0_s_20260519_15,348603c2f7c842829c4f1dca2e56d0f0,0.082,,,
254,2026-05-19,SH600025,0.12129613757133484,EXP_LinearModel_Alpha158_csi300_custom_step0_s_20260519_15,348603c2f7c842829c4f1dca2e56d0f0,0.082,,,
255,2026-05-19,SH600036,-0.04216852784156799,EXP_LinearModel_Alpha158_csi300_custom_step0_s_20260519_15,348603c2f7c842829c4f1dca2e56d0f0,0.082,,,
256,2026-05-19,SH600023,0.09278246015310287,EXP_LinearModel_Alpha158_csi300_custom_step0_s_20260519_15,348603c2f7c842829c4f1dca2e56d0f0,0.082,,,
257,2026-05-19,SH600115,-0.10491030663251877,EXP_LinearModel_Alpha158_csi300_custom_step0_s_20260519_15,348603c2f7c842829c4f1dca2e56d0f0,0.082,,,
258,2026-05-19,SH600160,-0.0003733346238732338,EXP_LinearModel_Alpha158_csi300_custom_step0_s_20260519_15,348603c2f7c842829c4f1dca2e56d0f0,0.082,,,
259,2026-05-19,SH600426,0.011969666928052902,EXP_LinearModel_Alpha158_csi300_custom_step0_s_20260519_15,348603c2f7c842829c4f1dca2e56d0f0,0.082,,,
260,2026-05-19,SH600415,-0.018191559240221977,EXP_LinearModel_Alpha158_csi300_custom_step0_s_20260519_15,348603c2f7c842829c4f1dca2e56d0f0,0.082,,,
261,2026-05-19,SH600406,-0.07754872739315033,EXP_LinearModel_Alpha158_csi300_custom_step0_s_20260519_15,348603c2f7c842829c4f1dca2e56d0f0,0.082,,,
262,2026-05-19,SH600377,0.012186294421553612,EXP_LinearModel_Alpha158_csi300_custom_step0_s_20260519_15,348603c2f7c842829c4f1dca2e56d0f0,0.082,,,
263,2026-05-19,SH600372,-0.02040630206465721,EXP_LinearModel_Alpha158_csi300_custom_step0_s_20260519_15,348603c2f7c842829c4f1dca2e56d0f0,0.082,,,
264,2026-05-19,SH600362,-0.018942251801490784,EXP_LinearModel_Alpha158_csi300_custom_step0_s_20260519_15,348603c2f7c842829c4f1dca2e56d0f0,0.082,,,
265,2026-05-19,SH600346,-0.021515360102057457,EXP_LinearModel_Alpha158_csi300_custom_step0_s_20260519_15,348603c2f7c842829c4f1dca2e56d0f0,0.082,,,
266,2026-05-19,SH600150,-0.02978052757680416,EXP_LinearModel_Alpha158_csi300_custom_step0_s_20260519_15,348603c2f7c842829c4f1dca2e56d0f0,0.082,,,
267,2026-05-19,SH600309,-0.009649918414652348,EXP_LinearModel_Alpha158_csi300_custom_step0_s_20260519_15,348603c2f7c842829c4f1dca2e56d0f0,0.082,,,
268,2026-05-19,SH600233,0.012993371114134789,EXP_LinearModel_Alpha158_csi300_custom_step0_s_20260519_15,348603c2f7c842829c4f1dca2e56d0f0,0.082,,,
269,2026-05-19,SH600219,0.051797352731227875,EXP_LinearModel_Alpha158_csi300_custom_step0_s_20260519_15,348603c2f7c842829c4f1dca2e56d0f0,0.082,,,
270,2026-05-19,SH600196,-0.06433779746294022,EXP_LinearModel_Alpha158_csi300_custom_step0_s_20260519_15,348603c2f7c842829c4f1dca2e56d0f0,0.082,,,
271,2026-05-19,SH600188,0.008231130428612232,EXP_LinearModel_Alpha158_csi300_custom_step0_s_20260519_15,348603c2f7c842829c4f1dca2e56d0f0,0.082,,,
272,2026-05-19,SH600183,-0.12093814462423325,EXP_LinearModel_Alpha158_csi300_custom_step0_s_20260519_15,348603c2f7c842829c4f1dca2e56d0f0,0.082,,,
273,2026-05-19,SH600176,0.021714486181735992,EXP_LinearModel_Alpha158_csi300_custom_step0_s_20260519_15,348603c2f7c842829c4f1dca2e56d0f0,0.082,,,
274,2026-05-19,SH600161,-0.019427422434091568,EXP_LinearModel_Alpha158_csi300_custom_step0_s_20260519_15,348603c2f7c842829c4f1dca2e56d0f0,0.082,,,
275,2026-05-19,SH600276,-0.038702789694070816,EXP_LinearModel_Alpha158_csi300_custom_step0_s_20260519_15,348603c2f7c842829c4f1dca2e56d0f0,0.082,,,
276,2026-05-19,SH600438,-0.005872569512575865,EXP_LinearModel_Alpha158_csi300_custom_step0_s_20260519_15,348603c2f7c842829c4f1dca2e56d0f0,0.082,,,
277,2026-05-19,SH600019,0.03918948769569397,EXP_LinearModel_Alpha158_csi300_custom_step0_s_20260519_15,348603c2f7c842829c4f1dca2e56d0f0,0.082,,,
278,2026-05-19,SH600016,0.025935113430023193,EXP_LinearModel_Alpha158_csi300_custom_step0_s_20260519_15,348603c2f7c842829c4f1dca2e56d0f0,0.082,,,
279,2026-05-19,SZ300502,0.17622503319361732,EXP_DEnsembleModel_Alpha158_csi300_custom_step0_s_20260519_15,d60c69a62a3446588f3652c3aedde5c1,0.047,,,
280,2026-05-19,SZ300498,0.09898776743573948,EXP_DEnsembleModel_Alpha158_csi300_custom_step0_s_20260519_15,d60c69a62a3446588f3652c3aedde5c1,0.047,,,
281,2026-05-19,SZ300476,0.19598948095906957,EXP_DEnsembleModel_Alpha158_csi300_custom_step0_s_20260519_15,d60c69a62a3446588f3652c3aedde5c1,0.047,,,
282,2026-05-19,SZ300442,0.06210583452198928,EXP_DEnsembleModel_Alpha158_csi300_custom_step0_s_20260519_15,d60c69a62a3446588f3652c3aedde5c1,0.047,,,
283,2026-05-19,SZ300433,-0.16340293715283705,EXP_DEnsembleModel_Alpha158_csi300_custom_step0_s_20260519_15,d60c69a62a3446588f3652c3aedde5c1,0.047,,,
284,2026-05-19,SZ300418,-0.01715139515008828,EXP_DEnsembleModel_Alpha158_csi300_custom_step0_s_20260519_15,d60c69a62a3446588f3652c3aedde5c1,0.047,,,
285,2026-05-19,SZ300413,-0.05739881268049498,EXP_DEnsembleModel_Alpha158_csi300_custom_step0_s_20260519_15,d60c69a62a3446588f3652c3aedde5c1,0.047,,,
286,2026-05-19,SZ300628,0.11465280387037062,EXP_DEnsembleModel_Alpha158_csi300_custom_step0_s_20260519_15,d60c69a62a3446588f3652c3aedde5c1,0.047,,,
287,2026-05-19,SZ300408,0.08374766770874535,EXP_DEnsembleModel_Alpha158_csi300_custom_step0_s_20260519_15,d60c69a62a3446588f3652c3aedde5c1,0.047,,,
288,2026-05-19,SZ300347,0.14664656760062644,EXP_DEnsembleModel_Alpha158_csi300_custom_step0_s_20260519_15,d60c69a62a3446588f3652c3aedde5c1,0.047,,,
289,2026-05-19,SZ300316,0.0034923122720231735,EXP_DEnsembleModel_Alpha158_csi300_custom_step0_s_20260519_15,d60c69a62a3446588f3652c3aedde5c1,0.047,,,
290,2026-05-19,SZ300308,0.16849571061897792,EXP_DEnsembleModel_Alpha158_csi300_custom_step0_s_20260519_15,d60c69a62a3446588f3652c3aedde5c1,0.047,,,
291,2026-05-19,SZ300274,0.17214246652424128,EXP_DEnsembleModel_Alpha158_csi300_custom_step0_s_20260519_15,d60c69a62a3446588f3652c3aedde5c1,0.047,,,
292,2026-05-19,SZ300251,0.1781792391295339,EXP_DEnsembleModel_Alpha158_csi300_custom_step0_s_20260519_15,d60c69a62a3446588f3652c3aedde5c1,0.047,,,
293,2026-05-19,SZ300124,0.08920109937812004,EXP_DEnsembleModel_Alpha158_csi300_custom_step0_s_20260519_15,d60c69a62a3446588f3652c3aedde5c1,0.047,,,
294,2026-05-19,SZ300122,-0.03671970606047756,EXP_DEnsembleModel_Alpha158_csi300_custom_step0_s_20260519_15,d60c69a62a3446588f3652c3aedde5c1,0.047,,,
295,2026-05-19,SZ300394,0.014726760210511263,EXP_DEnsembleModel_Alpha158_csi300_custom_step0_s_20260519_15,d60c69a62a3446588f3652c3aedde5c1,0.047,,,
296,2026-05-19,SH600018,0.07569292932748795,EXP_LinearModel_Alpha158_csi300_custom_step0_s_20260519_15,348603c2f7c842829c4f1dca2e56d0f0,0.082,,,
297,2026-05-19,SZ300661,-0.07591446840307485,EXP_DEnsembleModel_Alpha158_csi300_custom_step0_s_20260519_15,d60c69a62a3446588f3652c3aedde5c1,0.047,,,
298,2026-05-19,SZ300759,0.055579647936208544,EXP_DEnsembleModel_Alpha158_csi300_custom_step0_s_20260519_15,d60c69a62a3446588f3652c3aedde5c1,0.047,,,
299,2026-05-19,SH600015,-0.020117901265621185,EXP_LinearModel_Alpha158_csi300_custom_step0_s_20260519_15,348603c2f7c842829c4f1dca2e56d0f0,0.082,,,
300,2026-05-19,SH600011,0.10076362639665604,EXP_LinearModel_Alpha158_csi300_custom_step0_s_20260519_15,348603c2f7c842829c4f1dca2e56d0f0,0.082,,,
301,2026-05-19,SH600010,-0.03755098581314087,EXP_LinearModel_Alpha158_csi300_custom_step0_s_20260519_15,348603c2f7c842829c4f1dca2e56d0f0,0.082,,,
302,2026-05-19,SH600009,-0.07115733623504639,EXP_LinearModel_Alpha158_csi300_custom_step0_s_20260519_15,348603c2f7c842829c4f1dca2e56d0f0,0.082,,,
303,2026-05-19,SH600000,-0.04078363627195358,EXP_LinearModel_Alpha158_csi300_custom_step0_s_20260519_15,348603c2f7c842829c4f1dca2e56d0f0,0.082,,,
304,2026-05-19,SZ302132,-0.09105413216841486,EXP_DEnsembleModel_Alpha158_csi300_custom_step0_s_20260519_15,d60c69a62a3446588f3652c3aedde5c1,0.047,,,
305,2026-05-19,SZ301269,0.1798156644748983,EXP_DEnsembleModel_Alpha158_csi300_custom_step0_s_20260519_15,d60c69a62a3446588f3652c3aedde5c1,0.047,,,
306,2026-05-19,SZ300750,-0.017201131366401678,EXP_DEnsembleModel_Alpha158_csi300_custom_step0_s_20260519_15,d60c69a62a3446588f3652c3aedde5c1,0.047,,,
307,2026-05-19,SZ301236,0.07604896045426959,EXP_DEnsembleModel_Alpha158_csi300_custom_step0_s_20260519_15,d60c69a62a3446588f3652c3aedde5c1,0.047,,,
308,2026-05-19,SZ300979,-0.11822072334938419,EXP_DEnsembleModel_Alpha158_csi300_custom_step0_s_20260519_15,d60c69a62a3446588f3652c3aedde5c1,0.047,,,
309,2026-05-19,SZ300896,0.022346296302696782,EXP_DEnsembleModel_Alpha158_csi300_custom_step0_s_20260519_15,d60c69a62a3446588f3652c3aedde5c1,0.047,,,
310,2026-05-19,SZ300866,0.21911130256936176,EXP_DEnsembleModel_Alpha158_csi300_custom_step0_s_20260519_15,d60c69a62a3446588f3652c3aedde5c1,0.047,,,
311,2026-05-19,SZ300832,0.09266996781774774,EXP_DEnsembleModel_Alpha158_csi300_custom_step0_s_20260519_15,d60c69a62a3446588f3652c3aedde5c1,0.047,,,
312,2026-05-19,SZ300803,0.024876076099728254,EXP_DEnsembleModel_Alpha158_csi300_custom_step0_s_20260519_15,d60c69a62a3446588f3652c3aedde5c1,0.047,,,
313,2026-05-19,SZ300782,-0.11212315421429349,EXP_DEnsembleModel_Alpha158_csi300_custom_step0_s_20260519_15,d60c69a62a3446588f3652c3aedde5c1,0.047,,,
314,2026-05-19,SZ300760,-0.002635374440167469,EXP_DEnsembleModel_Alpha158_csi300_custom_step0_s_20260519_15,d60c69a62a3446588f3652c3aedde5c1,0.047,,,
315,2026-05-19,SZ300999,0.02804193571942491,EXP_DEnsembleModel_Alpha158_csi300_custom_step0_s_20260519_15,d60c69a62a3446588f3652c3aedde5c1,0.047,,,
316,2026-05-19,SZ000625,-0.06453342735767365,EXP_LinearModel_Alpha158_csi300_custom_step0_s_20260519_15,348603c2f7c842829c4f1dca2e56d0f0,0.082,,,
317,2026-05-19,SZ000630,-0.02320840023458004,EXP_LinearModel_Alpha158_csi300_custom_step0_s_20260519_15,348603c2f7c842829c4f1dca2e56d0f0,0.082,,,
318,2026-05-19,SZ000651,0.11677157878875732,EXP_LinearModel_Alpha158_csi300_custom_step0_s_20260519_15,348603c2f7c842829c4f1dca2e56d0f0,0.082,,,
319,2026-05-19,SH601628,-0.10094957053661346,EXP_LinearModel_Alpha158_csi300_custom_step0_s_20260519_15,53831762a81d41238460f62be69537c2,0.096,,,
320,2026-05-19,SH601618,0.0712113231420517,EXP_LinearModel_Alpha158_csi300_custom_step0_s_20260519_15,53831762a81d41238460f62be69537c2,0.096,,,
321,2026-05-19,SH601607,-0.018221648409962654,EXP_LinearModel_Alpha158_csi300_custom_step0_s_20260519_15,53831762a81d41238460f62be69537c2,0.096,,,
322,2026-05-19,SH601601,-0.056077368557453156,EXP_LinearModel_Alpha158_csi300_custom_step0_s_20260519_15,53831762a81d41238460f62be69537c2,0.096,,,
323,2026-05-19,SH601600,-0.06655893474817276,EXP_LinearModel_Alpha158_csi300_custom_step0_s_20260519_15,53831762a81d41238460f62be69537c2,0.096,,,
324,2026-05-19,SH601456,-0.017811523750424385,EXP_LinearModel_Alpha158_csi300_custom_step0_s_20260519_15,53831762a81d41238460f62be69537c2,0.096,,,
325,2026-05-19,SH601398,0.04315156489610672,EXP_LinearModel_Alpha158_csi300_custom_step0_s_20260519_15,53831762a81d41238460f62be69537c2,0.096,,,
326,2026-05-19,SH601390,0.018858233466744423,EXP_LinearModel_Alpha158_csi300_custom_step0_s_20260519_15,53831762a81d41238460f62be69537c2,0.096,,,
327,2026-05-19,SH601377,-0.03827430307865143,EXP_LinearModel_Alpha158_csi300_custom_step0_s_20260519_15,53831762a81d41238460f62be69537c2,0.096,,,
328,2026-05-19,SH601360,-0.09918297827243805,EXP_LinearModel_Alpha158_csi300_custom_step0_s_20260519_15,53831762a81d41238460f62be69537c2,0.096,,,
329,2026-05-19,SH601336,-0.0742700845003128,EXP_LinearModel_Alpha158_csi300_custom_step0_s_20260519_15,53831762a81d41238460f62be69537c2,0.096,,,
330,2026-05-19,SH601328,0.045183006674051285,EXP_LinearModel_Alpha158_csi300_custom_step0_s_20260519_15,53831762a81d41238460f62be69537c2,0.096,,,
331,2026-05-19,SH601319,-0.005499738268554211,EXP_LinearModel_Alpha158_csi300_custom_step0_s_20260519_15,53831762a81d41238460f62be69537c2,0.096,,,
332,2026-05-19,SH601318,-0.024150744080543518,EXP_LinearModel_Alpha158_csi300_custom_step0_s_20260519_15,53831762a81d41238460f62be69537c2,0.096,,,
333,2026-05-19,SH601298,0.03498244285583496,EXP_LinearModel_Alpha158_csi300_custom_step0_s_20260519_15,53831762a81d41238460f62be69537c2,0.096,,,
334,2026-05-19,SH601633,-0.03416686877608299,EXP_LinearModel_Alpha158_csi300_custom_step0_s_20260519_15,53831762a81d41238460f62be69537c2,0.096,,,
335,2026-05-19,SH601658,0.018855005502700806,EXP_LinearModel_Alpha158_csi300_custom_step0_s_20260519_15,53831762a81d41238460f62be69537c2,0.096,,,
336,2026-05-19,SH601668,0.10354365408420563,EXP_LinearModel_Alpha158_csi300_custom_step0_s_20260519_15,53831762a81d41238460f62be69537c2,0.096,,,
337,2026-05-19,SH601669,-0.06697787344455719,EXP_LinearModel_Alpha158_csi300_custom_step0_s_20260519_15,53831762a81d41238460f62be69537c2,0.096,,,
338,2026-05-19,SH601877,0.020028557628393173,EXP_LinearModel_Alpha158_csi300_custom_step0_s_20260519_15,53831762a81d41238460f62be69537c2,0.096,,,
339,2026-05-19,SH601872,0.023834984749555588,EXP_LinearModel_Alpha158_csi300_custom_step0_s_20260519_15,53831762a81d41238460f62be69537c2,0.096,,,
340,2026-05-19,SH601868,0.03933414816856384,EXP_LinearModel_Alpha158_csi300_custom_step0_s_20260519_15,53831762a81d41238460f62be69537c2,0.096,,,
341,2026-05-19,SH601857,0.052715741097927094,EXP_LinearModel_Alpha158_csi300_custom_step0_s_20260519_15,53831762a81d41238460f62be69537c2,0.096,,,
342,2026-05-19,SH601838,0.04513731971383095,EXP_LinearModel_Alpha158_csi300_custom_step0_s_20260519_15,53831762a81d41238460f62be69537c2,0.096,,,
343,2026-05-19,SH601825,0.04678048938512802,EXP_LinearModel_Alpha158_csi300_custom_step0_s_20260519_15,53831762a81d41238460f62be69537c2,0.096,,,
344,2026-05-19,SH601818,0.12867078185081482,EXP_LinearModel_Alpha158_csi300_custom_step0_s_20260519_15,53831762a81d41238460f62be69537c2,0.096,,,
345,2026-05-19,SH601288,0.07118473947048187,EXP_LinearModel_Alpha158_csi300_custom_step0_s_20260519_15,53831762a81d41238460f62be69537c2,0.096,,,
346,2026-05-19,SH601816,0.009372907690703869,EXP_LinearModel_Alpha158_csi300_custom_step0_s_20260519_15,53831762a81d41238460f62be69537c2,0.096,,,
347,2026-05-19,SH601800,-0.016582634299993515,EXP_LinearModel_Alpha158_csi300_custom_step0_s_20260519_15,53831762a81d41238460f62be69537c2,0.096,,,
348,2026-05-19,SH601788,-0.06723160296678543,EXP_LinearModel_Alpha158_csi300_custom_step0_s_20260519_15,53831762a81d41238460f62be69537c2,0.096,,,
349,2026-05-19,SH601766,-0.012762373313307762,EXP_LinearModel_Alpha158_csi300_custom_step0_s_20260519_15,53831762a81d41238460f62be69537c2,0.096,,,
350,2026-05-19,SH601728,-0.011902937665581703,EXP_LinearModel_Alpha158_csi300_custom_step0_s_20260519_15,53831762a81d41238460f62be69537c2,0.096,,,
351,2026-05-19,SH601698,-0.03288887068629265,EXP_LinearModel_Alpha158_csi300_custom_step0_s_20260519_15,53831762a81d41238460f62be69537c2,0.096,,,
352,2026-05-19,SH601689,-0.11103756725788116,EXP_LinearModel_Alpha158_csi300_custom_step0_s_20260519_15,53831762a81d41238460f62be69537c2,0.096,,,
353,2026-05-19,SH601688,-0.06580986827611923,EXP_LinearModel_Alpha158_csi300_custom_step0_s_20260519_15,53831762a81d41238460f62be69537c2,0.096,,,
354,2026-05-19,SH601808,-0.040031515061855316,EXP_LinearModel_Alpha158_csi300_custom_step0_s_20260519_15,53831762a81d41238460f62be69537c2,0.096,,,
355,2026-05-19,SH601238,-0.0026376438327133656,EXP_LinearModel_Alpha158_csi300_custom_step0_s_20260519_15,53831762a81d41238460f62be69537c2,0.096,,,
356,2026-05-19,SH601236,-0.0412261076271534,EXP_LinearModel_Alpha158_csi300_custom_step0_s_20260519_15,53831762a81d41238460f62be69537c2,0.096,,,
357,2026-05-19,SH601229,-0.00976303406059742,EXP_LinearModel_Alpha158_csi300_custom_step0_s_20260519_15,53831762a81d41238460f62be69537c2,0.096,,,
358,2026-05-19,SH601006,0.03517790138721466,EXP_LinearModel_Alpha158_csi300_custom_step0_s_20260519_15,53831762a81d41238460f62be69537c2,0.096,,,
359,2026-05-19,SH600999,0.07032012939453125,EXP_LinearModel_Alpha158_csi300_custom_step0_s_20260519_15,53831762a81d41238460f62be69537c2,0.096,,,
360,2026-05-19,SH600989,0.03599705547094345,EXP_LinearModel_Alpha158_csi300_custom_step0_s_20260519_15,53831762a81d41238460f62be69537c2,0.096,,,
361,2026-05-19,SH600958,,EXP_LinearModel_Alpha158_csi300_custom_step0_s_20260519_15,53831762a81d41238460f62be69537c2,0.096,,,
362,2026-05-19,SH600941,0.042488329112529755,EXP_LinearModel_Alpha158_csi300_custom_step0_s_20260519_15,53831762a81d41238460f62be69537c2,0.096,,,
363,2026-05-19,SH600938,0.11047723889350891,EXP_LinearModel_Alpha158_csi300_custom_step0_s_20260519_15,53831762a81d41238460f62be69537c2,0.096,,,
364,2026-05-19,SH600930,0.003029832849279046,EXP_LinearModel_Alpha158_csi300_custom_step0_s_20260519_15,53831762a81d41238460f62be69537c2,0.096,,,
365,2026-05-19,SH601009,-0.02232140488922596,EXP_LinearModel_Alpha158_csi300_custom_step0_s_20260519_15,53831762a81d41238460f62be69537c2,0.096,,,
366,2026-05-19,SH600926,-0.03434424102306366,EXP_LinearModel_Alpha158_csi300_custom_step0_s_20260519_15,53831762a81d41238460f62be69537c2,0.096,,,
367,2026-05-19,SH600918,-0.05154071003198624,EXP_LinearModel_Alpha158_csi300_custom_step0_s_20260519_15,53831762a81d41238460f62be69537c2,0.096,,,
368,2026-05-19,SH600905,-0.009450641460716724,EXP_LinearModel_Alpha158_csi300_custom_step0_s_20260519_15,53831762a81d41238460f62be69537c2,0.096,,,
369,2026-05-19,SH600900,0.04734405130147934,EXP_LinearModel_Alpha158_csi300_custom_step0_s_20260519_15,53831762a81d41238460f62be69537c2,0.096,,,
370,2026-05-19,SH600893,-0.0634331926703453,EXP_LinearModel_Alpha158_csi300_custom_step0_s_20260519_15,53831762a81d41238460f62be69537c2,0.096,,,
371,2026-05-19,SH600887,0.04027342423796654,EXP_LinearModel_Alpha158_csi300_custom_step0_s_20260519_15,53831762a81d41238460f62be69537c2,0.096,,,
372,2026-05-19,SH600886,0.05890034884214401,EXP_LinearModel_Alpha158_csi300_custom_step0_s_20260519_15,53831762a81d41238460f62be69537c2,0.096,,,
373,2026-05-19,SH600875,0.014520381577312946,EXP_LinearModel_Alpha158_csi300_custom_step0_s_20260519_15,53831762a81d41238460f62be69537c2,0.096,,,
374,2026-05-19,SH600919,0.056067124009132385,EXP_LinearModel_Alpha158_csi300_custom_step0_s_20260519_15,53831762a81d41238460f62be69537c2,0.096,,,
375,2026-05-19,SH601878,-0.05802658200263977,EXP_LinearModel_Alpha158_csi300_custom_step0_s_20260519_15,53831762a81d41238460f62be69537c2,0.096,,,
376,2026-05-19,SH601012,-0.02289949357509613,EXP_LinearModel_Alpha158_csi300_custom_step0_s_20260519_15,53831762a81d41238460f62be69537c2,0.096,,,
377,2026-05-19,SH601021,-0.03030487149953842,EXP_LinearModel_Alpha158_csi300_custom_step0_s_20260519_15,53831762a81d41238460f62be69537c2,0.096,,,
378,2026-05-19,SH601225,0.07785382121801376,EXP_LinearModel_Alpha158_csi300_custom_step0_s_20260519_15,53831762a81d41238460f62be69537c2,0.096,,,
379,2026-05-19,SH601211,-0.06878174096345901,EXP_LinearModel_Alpha158_csi300_custom_step0_s_20260519_15,53831762a81d41238460f62be69537c2,0.096,,,
380,2026-05-19,SH601186,0.025881724432110786,EXP_LinearModel_Alpha158_csi300_custom_step0_s_20260519_15,53831762a81d41238460f62be69537c2,0.096,,,
381,2026-05-19,SH601169,0.03157522901892662,EXP_LinearModel_Alpha158_csi300_custom_step0_s_20260519_15,53831762a81d41238460f62be69537c2,0.096,,,
382,2026-05-19,SH601166,-0.030536632984876633,EXP_LinearModel_Alpha158_csi300_custom_step0_s_20260519_15,53831762a81d41238460f62be69537c2,0.096,,,
383,2026-05-19,SH601138,-0.0514938123524189,EXP_LinearModel_Alpha158_csi300_custom_step0_s_20260519_15,53831762a81d41238460f62be69537c2,0.096,,,
384,2026-05-19,SH601136,-0.037840209901332855,EXP_LinearModel_Alpha158_csi300_custom_step0_s_20260519_15,53831762a81d41238460f62be69537c2,0.096,,,
385,2026-05-19,SH601018,0.05624232813715935,EXP_LinearModel_Alpha158_csi300_custom_step0_s_20260519_15,53831762a81d41238460f62be69537c2,0.096,,,
386,2026-05-19,SH601127,-0.0900668352842331,EXP_LinearModel_Alpha158_csi300_custom_step0_s_20260519_15,53831762a81d41238460f62be69537c2,0.096,,,
387,2026-05-19,SH601111,-0.09083099663257599,EXP_LinearModel_Alpha158_csi300_custom_step0_s_20260519_15,53831762a81d41238460f62be69537c2,0.096,,,
388,2026-05-19,SH601100,-0.04603748768568039,EXP_LinearModel_Alpha158_csi300_custom_step0_s_20260519_15,53831762a81d41238460f62be69537c2,0.096,,,
389,2026-05-19,SH601088,0.07067231088876724,EXP_LinearModel_Alpha158_csi300_custom_step0_s_20260519_15,53831762a81d41238460f62be69537c2,0.096,,,
390,2026-05-19,SH601077,0.006737623363733292,EXP_LinearModel_Alpha158_csi300_custom_step0_s_20260519_15,53831762a81d41238460f62be69537c2,0.096,,,
391,2026-05-19,SH601066,-0.08019327372312546,EXP_LinearModel_Alpha158_csi300_custom_step0_s_20260519_15,53831762a81d41238460f62be69537c2,0.096,,,
392,2026-05-19,SH601059,0.00546110887080431,EXP_LinearModel_Alpha158_csi300_custom_step0_s_20260519_15,53831762a81d41238460f62be69537c2,0.096,,,
393,2026-05-19,SH601058,-0.07904626429080963,EXP_LinearModel_Alpha158_csi300_custom_step0_s_20260519_15,53831762a81d41238460f62be69537c2,0.096,,,
394,2026-05-19,SH601117,-0.035154327750205994,EXP_LinearModel_Alpha158_csi300_custom_step0_s_20260519_15,53831762a81d41238460f62be69537c2,0.096,,,
395,2026-05-19,SH601881,-0.03558611869812012,EXP_LinearModel_Alpha158_csi300_custom_step0_s_20260519_15,53831762a81d41238460f62be69537c2,0.096,,,
396,2026-05-19,SH601888,-0.1004754975438118,EXP_LinearModel_Alpha158_csi300_custom_step0_s_20260519_15,53831762a81d41238460f62be69537c2,0.096,,,
397,2026-05-19,SH601898,0.07358614355325699,EXP_LinearModel_Alpha158_csi300_custom_step0_s_20260519_15,53831762a81d41238460f62be69537c2,0.096,,,
398,2026-05-19,SZ000568,-0.03051207959651947,EXP_LinearModel_Alpha158_csi300_custom_step0_s_20260519_15,53831762a81d41238460f62be69537c2,0.096,,,
399,2026-05-19,SZ000538,-0.02497859112918377,EXP_LinearModel_Alpha158_csi300_custom_step0_s_20260519_15,53831762a81d41238460f62be69537c2,0.096,,,
400,2026-05-19,SZ000425,-0.05077032744884491,EXP_LinearModel_Alpha158_csi300_custom_step0_s_20260519_15,53831762a81d41238460f62be69537c2,0.096,,,
401,2026-05-19,SZ000408,-0.020887281745672226,EXP_LinearModel_Alpha158_csi300_custom_step0_s_20260519_15,53831762a81d41238460f62be69537c2,0.096,,,
402,2026-05-19,SZ000338,0.07395616173744202,EXP_LinearModel_Alpha158_csi300_custom_step0_s_20260519_15,53831762a81d41238460f62be69537c2,0.096,,,
403,2026-05-19,SZ000333,0.020917359739542007,EXP_LinearModel_Alpha158_csi300_custom_step0_s_20260519_15,53831762a81d41238460f62be69537c2,0.096,,,
404,2026-05-19,SZ000301,0.032704420387744904,EXP_LinearModel_Alpha158_csi300_custom_step0_s_20260519_15,53831762a81d41238460f62be69537c2,0.096,,,
405,2026-05-19,SZ000596,-0.055427297949790955,EXP_LinearModel_Alpha158_csi300_custom_step0_s_20260519_15,53831762a81d41238460f62be69537c2,0.096,,,
406,2026-05-19,SZ000166,-0.02598392218351364,EXP_LinearModel_Alpha158_csi300_custom_step0_s_20260519_15,53831762a81d41238460f62be69537c2,0.096,,,
407,2026-05-19,SZ000100,-0.031192969530820847,EXP_LinearModel_Alpha158_csi300_custom_step0_s_20260519_15,53831762a81d41238460f62be69537c2,0.096,,,
408,2026-05-19,SZ000063,-0.07810008525848389,EXP_LinearModel_Alpha158_csi300_custom_step0_s_20260519_15,53831762a81d41238460f62be69537c2,0.096,,,
409,2026-05-19,SZ000002,-0.03727637231349945,EXP_LinearModel_Alpha158_csi300_custom_step0_s_20260519_15,53831762a81d41238460f62be69537c2,0.096,,,
410,2026-05-19,SZ000001,-0.00017914152704179287,EXP_LinearModel_Alpha158_csi300_custom_step0_s_20260519_15,53831762a81d41238460f62be69537c2,0.096,,,
411,2026-05-19,SH688981,-0.01351819559931755,EXP_LinearModel_Alpha158_csi300_custom_step0_s_20260519_15,53831762a81d41238460f62be69537c2,0.096,,,
412,2026-05-19,SH688506,-0.05808384343981743,EXP_LinearModel_Alpha158_csi300_custom_step0_s_20260519_15,53831762a81d41238460f62be69537c2,0.096,,,
413,2026-05-19,SH688472,-0.012583369389176369,EXP_LinearModel_Alpha158_csi300_custom_step0_s_20260519_15,53831762a81d41238460f62be69537c2,0.096,,,
414,2026-05-19,SZ000157,-0.09024893492460251,EXP_LinearModel_Alpha158_csi300_custom_step0_s_20260519_15,53831762a81d41238460f62be69537c2,0.096,,,
415,2026-05-19,SH688396,-0.0020501650869846344,EXP_LinearModel_Alpha158_csi300_custom_step0_s_20260519_15,53831762a81d41238460f62be69537c2,0.096,,,
416,2026-05-19,SZ000617,-0.022464578971266747,EXP_LinearModel_Alpha158_csi300_custom_step0_s_20260519_15,53831762a81d41238460f62be69537c2,0.096,,,
417,2026-05-19,SZ000630,-0.10498562455177307,EXP_LinearModel_Alpha158_csi300_custom_step0_s_20260519_15,53831762a81d41238460f62be69537c2,0.096,,,
418,2026-05-19,SZ000977,-0.09596102684736252,EXP_LinearModel_Alpha158_csi300_custom_step0_s_20260519_15,53831762a81d41238460f62be69537c2,0.096,,,
419,2026-05-19,SZ000975,-0.04029184952378273,EXP_LinearModel_Alpha158_csi300_custom_step0_s_20260519_15,53831762a81d41238460f62be69537c2,0.096,,,
420,2026-05-19,SZ000963,-0.035113126039505005,EXP_LinearModel_Alpha158_csi300_custom_step0_s_20260519_15,53831762a81d41238460f62be69537c2,0.096,,,
421,2026-05-19,SZ000938,0.009657654911279678,EXP_LinearModel_Alpha158_csi300_custom_step0_s_20260519_15,53831762a81d41238460f62be69537c2,0.096,,,
422,2026-05-19,SZ000895,0.0007348536164499819,EXP_LinearModel_Alpha158_csi300_custom_step0_s_20260519_15,53831762a81d41238460f62be69537c2,0.096,,,
423,2026-05-19,SZ000876,0.027568139135837555,EXP_LinearModel_Alpha158_csi300_custom_step0_s_20260519_15,53831762a81d41238460f62be69537c2,0.096,,,
424,2026-05-19,SZ000858,0.04250834882259369,EXP_LinearModel_Alpha158_csi300_custom_step0_s_20260519_15,53831762a81d41238460f62be69537c2,0.096,,,
425,2026-05-19,SZ000625,-0.003483382984995842,EXP_LinearModel_Alpha158_csi300_custom_step0_s_20260519_15,53831762a81d41238460f62be69537c2,0.096,,,
426,2026-05-19,SZ000807,-0.035346608608961105,EXP_LinearModel_Alpha158_csi300_custom_step0_s_20260519_15,53831762a81d41238460f62be69537c2,0.096,,,
427,2026-05-19,SZ000786,-0.04276540130376816,EXP_LinearModel_Alpha158_csi300_custom_step0_s_20260519_15,53831762a81d41238460f62be69537c2,0.096,,,
428,2026-05-19,SZ000776,-0.03687423840165138,EXP_LinearModel_Alpha158_csi300_custom_step0_s_20260519_15,53831762a81d41238460f62be69537c2,0.096,,,
429,2026-05-19,SZ000768,-0.07596676051616669,EXP_LinearModel_Alpha158_csi300_custom_step0_s_20260519_15,53831762a81d41238460f62be69537c2,0.096,,,
430,2026-05-19,SZ000725,0.0181521438062191,EXP_LinearModel_Alpha158_csi300_custom_step0_s_20260519_15,53831762a81d41238460f62be69537c2,0.096,,,
431,2026-05-19,SZ000708,0.003735392354428768,EXP_LinearModel_Alpha158_csi300_custom_step0_s_20260519_15,53831762a81d41238460f62be69537c2,0.096,,,
432,2026-05-19,SZ000661,-0.09625488519668579,EXP_LinearModel_Alpha158_csi300_custom_step0_s_20260519_15,53831762a81d41238460f62be69537c2,0.096,,,
433,2026-05-19,SZ000651,0.07071944326162338,EXP_LinearModel_Alpha158_csi300_custom_step0_s_20260519_15,53831762a81d41238460f62be69537c2,0.096,,,
434,2026-05-19,SZ000792,-0.06861604005098343,EXP_LinearModel_Alpha158_csi300_custom_step0_s_20260519_15,53831762a81d41238460f62be69537c2,0.096,,,
435,2026-05-19,SH600845,-0.0020537986420094967,EXP_LinearModel_Alpha158_csi300_custom_step0_s_20260519_15,53831762a81d41238460f62be69537c2,0.096,,,
436,2026-05-19,SH688303,-0.07917395979166031,EXP_LinearModel_Alpha158_csi300_custom_step0_s_20260519_15,53831762a81d41238460f62be69537c2,0.096,,,
437,2026-05-19,SH688256,0.02083449997007847,EXP_LinearModel_Alpha158_csi300_custom_step0_s_20260519_15,53831762a81d41238460f62be69537c2,0.096,,,
438,2026-05-19,SH603369,-0.01764930970966816,EXP_LinearModel_Alpha158_csi300_custom_step0_s_20260519_15,53831762a81d41238460f62be69537c2,0.096,,,
439,2026-05-19,SH603296,-0.07003236562013626,EXP_LinearModel_Alpha158_csi300_custom_step0_s_20260519_15,53831762a81d41238460f62be69537c2,0.096,,,
440,2026-05-19,SH603288,-0.12066806107759476,EXP_LinearModel_Alpha158_csi300_custom_step0_s_20260519_15,53831762a81d41238460f62be69537c2,0.096,,,
441,2026-05-19,SH603260,-0.03590859845280647,EXP_LinearModel_Alpha158_csi300_custom_step0_s_20260519_15,53831762a81d41238460f62be69537c2,0.096,,,
442,2026-05-19,SH603259,0.020593667402863503,EXP_LinearModel_Alpha158_csi300_custom_step0_s_20260519_15,53831762a81d41238460f62be69537c2,0.096,,,
443,2026-05-19,SH603195,-0.002985874190926552,EXP_LinearModel_Alpha158_csi300_custom_step0_s_20260519_15,53831762a81d41238460f62be69537c2,0.096,,,
444,2026-05-19,SH603019,-0.055573299527168274,EXP_LinearModel_Alpha158_csi300_custom_step0_s_20260519_15,53831762a81d41238460f62be69537c2,0.096,,,
445,2026-05-19,SH603392,-0.09536145627498627,EXP_LinearModel_Alpha158_csi300_custom_step0_s_20260519_15,53831762a81d41238460f62be69537c2,0.096,,,
446,2026-05-19,SH601998,-0.04112842679023743,EXP_LinearModel_Alpha158_csi300_custom_step0_s_20260519_15,53831762a81d41238460f62be69537c2,0.096,,,
447,2026-05-19,SH601988,0.048503294587135315,EXP_LinearModel_Alpha158_csi300_custom_step0_s_20260519_15,53831762a81d41238460f62be69537c2,0.096,,,
448,2026-05-19,SH601985,0.04779132455587387,EXP_LinearModel_Alpha158_csi300_custom_step0_s_20260519_15,53831762a81d41238460f62be69537c2,0.096,,,
449,2026-05-19,SH601939,0.04840398579835892,EXP_LinearModel_Alpha158_csi300_custom_step0_s_20260519_15,53831762a81d41238460f62be69537c2,0.096,,,
450,2026-05-19,SH601919,-0.03597722947597504,EXP_LinearModel_Alpha158_csi300_custom_step0_s_20260519_15,53831762a81d41238460f62be69537c2,0.096,,,
451,2026-05-19,SH601916,0.13332527875900269,EXP_LinearModel_Alpha158_csi300_custom_step0_s_20260519_15,53831762a81d41238460f62be69537c2,0.096,,,
452,2026-05-19,SH601901,-0.0036676423624157906,EXP_LinearModel_Alpha158_csi300_custom_step0_s_20260519_15,53831762a81d41238460f62be69537c2,0.096,,,
453,2026-05-19,SH601899,-0.051404036581516266,EXP_LinearModel_Alpha158_csi300_custom_step0_s_20260519_15,53831762a81d41238460f62be69537c2,0.096,,,
454,2026-05-19,SH601995,-0.016329381614923477,EXP_LinearModel_Alpha158_csi300_custom_step0_s_20260519_15,53831762a81d41238460f62be69537c2,0.096,,,
455,2026-05-19,SH688271,-0.03050064668059349,EXP_LinearModel_Alpha158_csi300_custom_step0_s_20260519_15,53831762a81d41238460f62be69537c2,0.096,,,
456,2026-05-19,SH603501,-0.0511845201253891,EXP_LinearModel_Alpha158_csi300_custom_step0_s_20260519_15,53831762a81d41238460f62be69537c2,0.096,,,
457,2026-05-19,SH603893,0.031005222350358963,EXP_LinearModel_Alpha158_csi300_custom_step0_s_20260519_15,53831762a81d41238460f62be69537c2,0.096,,,
458,2026-05-19,SH688223,-0.09784761816263199,EXP_LinearModel_Alpha158_csi300_custom_step0_s_20260519_15,53831762a81d41238460f62be69537c2,0.096,,,
459,2026-05-19,SH688187,-0.13681729137897491,EXP_LinearModel_Alpha158_csi300_custom_step0_s_20260519_15,53831762a81d41238460f62be69537c2,0.096,,,
460,2026-05-19,SH688169,-0.16264289617538452,EXP_LinearModel_Alpha158_csi300_custom_step0_s_20260519_15,53831762a81d41238460f62be69537c2,0.096,,,
461,2026-05-19,SH688126,0.25593075156211853,EXP_LinearModel_Alpha158_csi300_custom_step0_s_20260519_15,53831762a81d41238460f62be69537c2,0.096,,,
462,2026-05-19,SH688111,-0.12722454965114594,EXP_LinearModel_Alpha158_csi300_custom_step0_s_20260519_15,53831762a81d41238460f62be69537c2,0.096,,,
463,2026-05-19,SH688082,-0.05048235505819321,EXP_LinearModel_Alpha158_csi300_custom_step0_s_20260519_15,53831762a81d41238460f62be69537c2,0.096,,,
464,2026-05-19,SH688047,-0.04395875707268715,EXP_LinearModel_Alpha158_csi300_custom_step0_s_20260519_15,53831762a81d41238460f62be69537c2,0.096,,,
465,2026-05-19,SH603799,-0.10787592083215714,EXP_LinearModel_Alpha158_csi300_custom_step0_s_20260519_15,53831762a81d41238460f62be69537c2,0.096,,,
466,2026-05-19,SH688041,-0.042237214744091034,EXP_LinearModel_Alpha158_csi300_custom_step0_s_20260519_15,53831762a81d41238460f62be69537c2,0.096,,,
467,2026-05-19,SH688012,-0.10958173871040344,EXP_LinearModel_Alpha158_csi300_custom_step0_s_20260519_15,53831762a81d41238460f62be69537c2,0.096,,,
468,2026-05-19,SH688009,-6.627605762332678e-05,EXP_LinearModel_Alpha158_csi300_custom_step0_s_20260519_15,53831762a81d41238460f62be69537c2,0.096,,,
469,2026-05-19,SH688008,0.02818002551794052,EXP_LinearModel_Alpha158_csi300_custom_step0_s_20260519_15,53831762a81d41238460f62be69537c2,0.096,,,
470,2026-05-19,SH605499,-0.06440669298171997,EXP_LinearModel_Alpha158_csi300_custom_step0_s_20260519_15,53831762a81d41238460f62be69537c2,0.096,,,
471,2026-05-19,SH605117,-0.023750707507133484,EXP_LinearModel_Alpha158_csi300_custom_step0_s_20260519_15,53831762a81d41238460f62be69537c2,0.096,,,
472,2026-05-19,SH603993,-0.061232924461364746,EXP_LinearModel_Alpha158_csi300_custom_step0_s_20260519_15,53831762a81d41238460f62be69537c2,0.096,,,
473,2026-05-19,SH603986,-0.06944206357002258,EXP_LinearModel_Alpha158_csi300_custom_step0_s_20260519_15,53831762a81d41238460f62be69537c2,0.096,,,
474,2026-05-19,SH688036,-0.05388963595032692,EXP_LinearModel_Alpha158_csi300_custom_step0_s_20260519_15,53831762a81d41238460f62be69537c2,0.096,,,
475,2026-05-19,SH600809,-0.043233443051576614,EXP_LinearModel_Alpha158_csi300_custom_step0_s_20260519_15,53831762a81d41238460f62be69537c2,0.096,,,
476,2026-05-19,SH600803,0.007851765491068363,EXP_LinearModel_Alpha158_csi300_custom_step0_s_20260519_15,53831762a81d41238460f62be69537c2,0.096,,,
477,2026-05-19,SH600795,0.05184591934084892,EXP_LinearModel_Alpha158_csi300_custom_step0_s_20260519_15,53831762a81d41238460f62be69537c2,0.096,,,
478,2026-05-19,SZ002938,-0.1633322387933731,EXP_LinearModel_Alpha158_csi300_custom_step0_s_20260519_15,348603c2f7c842829c4f1dca2e56d0f0,0.082,,,
479,2026-05-19,SZ002920,-0.004172989632934332,EXP_LinearModel_Alpha158_csi300_custom_step0_s_20260519_15,348603c2f7c842829c4f1dca2e56d0f0,0.082,,,
480,2026-05-19,SZ002916,-0.11671268939971924,EXP_LinearModel_Alpha158_csi300_custom_step0_s_20260519_15,348603c2f7c842829c4f1dca2e56d0f0,0.082,,,
481,2026-05-19,SZ002736,-0.0351300872862339,EXP_LinearModel_Alpha158_csi300_custom_step0_s_20260519_15,348603c2f7c842829c4f1dca2e56d0f0,0.082,,,
482,2026-05-19,SZ002714,-0.03878143057227135,EXP_LinearModel_Alpha158_csi300_custom_step0_s_20260519_15,348603c2f7c842829c4f1dca2e56d0f0,0.082,,,
483,2026-05-19,SZ002709,0.0006641983054578304,EXP_LinearModel_Alpha158_csi300_custom_step0_s_20260519_15,348603c2f7c842829c4f1dca2e56d0f0,0.082,,,
484,2026-05-19,SZ002648,0.03303952142596245,EXP_LinearModel_Alpha158_csi300_custom_step0_s_20260519_15,348603c2f7c842829c4f1dca2e56d0f0,0.082,,,
485,2026-05-19,SZ003816,0.03716696798801422,EXP_LinearModel_Alpha158_csi300_custom_step0_s_20260519_15,348603c2f7c842829c4f1dca2e56d0f0,0.082,,,
486,2026-05-19,SZ002625,-0.07163599878549576,EXP_LinearModel_Alpha158_csi300_custom_step0_s_20260519_15,348603c2f7c842829c4f1dca2e56d0f0,0.082,,,
487,2026-05-19,SZ002600,-0.05571587383747101,EXP_LinearModel_Alpha158_csi300_custom_step0_s_20260519_15,348603c2f7c842829c4f1dca2e56d0f0,0.082,,,
488,2026-05-19,SZ002594,-0.04494398459792137,EXP_LinearModel_Alpha158_csi300_custom_step0_s_20260519_15,348603c2f7c842829c4f1dca2e56d0f0,0.082,,,
489,2026-05-19,SZ002493,0.020512886345386505,EXP_LinearModel_Alpha158_csi300_custom_step0_s_20260519_15,348603c2f7c842829c4f1dca2e56d0f0,0.082,,,
490,2026-05-19,SZ002475,-0.07255869358778,EXP_LinearModel_Alpha158_csi300_custom_step0_s_20260519_15,348603c2f7c842829c4f1dca2e56d0f0,0.082,,,
491,2026-05-19,SZ002466,0.012839503586292267,EXP_LinearModel_Alpha158_csi300_custom_step0_s_20260519_15,348603c2f7c842829c4f1dca2e56d0f0,0.082,,,
492,2026-05-19,SZ002463,-0.005146989598870277,EXP_LinearModel_Alpha158_csi300_custom_step0_s_20260519_15,348603c2f7c842829c4f1dca2e56d0f0,0.082,,,
493,2026-05-19,SZ002460,-0.003193641547113657,EXP_LinearModel_Alpha158_csi300_custom_step0_s_20260519_15,348603c2f7c842829c4f1dca2e56d0f0,0.082,,,
494,2026-05-19,SZ002601,-0.0007625478319823742,EXP_LinearModel_Alpha158_csi300_custom_step0_s_20260519_15,348603c2f7c842829c4f1dca2e56d0f0,0.082,,,
495,2026-05-19,SZ002459,-0.003800745354965329,EXP_LinearModel_Alpha158_csi300_custom_step0_s_20260519_15,348603c2f7c842829c4f1dca2e56d0f0,0.082,,,
496,2026-05-19,SZ300014,-0.0637519508600235,EXP_LinearModel_Alpha158_csi300_custom_step0_s_20260519_15,348603c2f7c842829c4f1dca2e56d0f0,0.082,,,
497,2026-05-19,SZ300033,-0.03641996905207634,EXP_LinearModel_Alpha158_csi300_custom_step0_s_20260519_15,348603c2f7c842829c4f1dca2e56d0f0,0.082,,,
498,2026-05-19,SZ300498,-0.0356973260641098,EXP_LinearModel_Alpha158_csi300_custom_step0_s_20260519_15,348603c2f7c842829c4f1dca2e56d0f0,0.082,,,
499,2026-05-19,SZ300476,-0.07801471650600433,EXP_LinearModel_Alpha158_csi300_custom_step0_s_20260519_15,348603c2f7c842829c4f1dca2e56d0f0,0.082,,,
500,2026-05-19,SZ300442,,EXP_LinearModel_Alpha158_csi300_custom_step0_s_20260519_15,348603c2f7c842829c4f1dca2e56d0f0,0.082,,,
501,2026-05-19,SZ300433,-0.0934561938047409,EXP_LinearModel_Alpha158_csi300_custom_step0_s_20260519_15,348603c2f7c842829c4f1dca2e56d0f0,0.082,,,
502,2026-05-19,SZ300418,-0.1038455069065094,EXP_LinearModel_Alpha158_csi300_custom_step0_s_20260519_15,348603c2f7c842829c4f1dca2e56d0f0,0.082,,,
503,2026-05-19,SZ300413,-0.06779322028160095,EXP_LinearModel_Alpha158_csi300_custom_step0_s_20260519_15,348603c2f7c842829c4f1dca2e56d0f0,0.082,,,
504,2026-05-19,SZ300408,-0.09346548467874527,EXP_LinearModel_Alpha158_csi300_custom_step0_s_20260519_15,348603c2f7c842829c4f1dca2e56d0f0,0.082,,,
505,2026-05-19,SZ300015,-0.0071329232305288315,EXP_LinearModel_Alpha158_csi300_custom_step0_s_20260519_15,348603c2f7c842829c4f1dca2e56d0f0,0.082,,,
506,2026-05-19,SZ300394,-0.012482823804020882,EXP_LinearModel_Alpha158_csi300_custom_step0_s_20260519_15,348603c2f7c842829c4f1dca2e56d0f0,0.082,,,
507,2026-05-19,SZ300316,-0.02762795239686966,EXP_LinearModel_Alpha158_csi300_custom_step0_s_20260519_15,348603c2f7c842829c4f1dca2e56d0f0,0.082,,,
508,2026-05-19,SZ300308,-0.030119162052869797,EXP_LinearModel_Alpha158_csi300_custom_step0_s_20260519_15,348603c2f7c842829c4f1dca2e56d0f0,0.082,,,
509,2026-05-19,SZ300274,-0.08831370621919632,EXP_LinearModel_Alpha158_csi300_custom_step0_s_20260519_15,348603c2f7c842829c4f1dca2e56d0f0,0.082,,,
510,2026-05-19,SZ300251,-0.1555415689945221,EXP_LinearModel_Alpha158_csi300_custom_step0_s_20260519_15,348603c2f7c842829c4f1dca2e56d0f0,0.082,,,
511,2026-05-19,SZ300124,-0.0067858388647437096,EXP_LinearModel_Alpha158_csi300_custom_step0_s_20260519_15,348603c2f7c842829c4f1dca2e56d0f0,0.082,,,
512,2026-05-19,SZ300122,-0.09593124687671661,EXP_LinearModel_Alpha158_csi300_custom_step0_s_20260519_15,348603c2f7c842829c4f1dca2e56d0f0,0.082,,,
513,2026-05-19,SZ300059,-0.0580391101539135,EXP_LinearModel_Alpha158_csi300_custom_step0_s_20260519_15,348603c2f7c842829c4f1dca2e56d0f0,0.082,,,
514,2026-05-19,SZ300347,-0.032820433378219604,EXP_LinearModel_Alpha158_csi300_custom_step0_s_20260519_15,348603c2f7c842829c4f1dca2e56d0f0,0.082,,,
515,2026-05-19,SZ300502,-0.042218346148729324,EXP_LinearModel_Alpha158_csi300_custom_step0_s_20260519_15,348603c2f7c842829c4f1dca2e56d0f0,0.082,,,
516,2026-05-19,SZ002422,0.02100354991853237,EXP_LinearModel_Alpha158_csi300_custom_step0_s_20260519_15,348603c2f7c842829c4f1dca2e56d0f0,0.082,,,
517,2026-05-19,SZ002384,-0.04633720591664314,EXP_LinearModel_Alpha158_csi300_custom_step0_s_20260519_15,348603c2f7c842829c4f1dca2e56d0f0,0.082,,,
518,2026-05-19,SZ000983,-0.028034193441271782,EXP_LinearModel_Alpha158_csi300_custom_step0_s_20260519_15,348603c2f7c842829c4f1dca2e56d0f0,0.082,,,
519,2026-05-19,SZ000977,-0.03992743417620659,EXP_LinearModel_Alpha158_csi300_custom_step0_s_20260519_15,348603c2f7c842829c4f1dca2e56d0f0,0.082,,,
520,2026-05-19,SZ000975,-0.011478262953460217,EXP_LinearModel_Alpha158_csi300_custom_step0_s_20260519_15,348603c2f7c842829c4f1dca2e56d0f0,0.082,,,
521,2026-05-19,SZ000963,-0.04884675517678261,EXP_LinearModel_Alpha158_csi300_custom_step0_s_20260519_15,348603c2f7c842829c4f1dca2e56d0f0,0.082,,,
522,2026-05-19,SZ000938,-0.0089400140568614,EXP_LinearModel_Alpha158_csi300_custom_step0_s_20260519_15,348603c2f7c842829c4f1dca2e56d0f0,0.082,,,
523,2026-05-19,SZ000895,-0.018141303211450577,EXP_LinearModel_Alpha158_csi300_custom_step0_s_20260519_15,348603c2f7c842829c4f1dca2e56d0f0,0.082,,,
524,2026-05-19,SZ000876,-0.021715885028243065,EXP_LinearModel_Alpha158_csi300_custom_step0_s_20260519_15,348603c2f7c842829c4f1dca2e56d0f0,0.082,,,
525,2026-05-19,SZ000999,-0.04793843254446983,EXP_LinearModel_Alpha158_csi300_custom_step0_s_20260519_15,348603c2f7c842829c4f1dca2e56d0f0,0.082,,,
526,2026-05-19,SZ000858,0.0016269441694021225,EXP_LinearModel_Alpha158_csi300_custom_step0_s_20260519_15,348603c2f7c842829c4f1dca2e56d0f0,0.082,,,
527,2026-05-19,SZ000792,-0.03969644755125046,EXP_LinearModel_Alpha158_csi300_custom_step0_s_20260519_15,348603c2f7c842829c4f1dca2e56d0f0,0.082,,,
528,2026-05-19,SZ000786,-0.00018582376651465893,EXP_LinearModel_Alpha158_csi300_custom_step0_s_20260519_15,348603c2f7c842829c4f1dca2e56d0f0,0.082,,,
529,2026-05-19,SZ000776,-0.0008650110103189945,EXP_LinearModel_Alpha158_csi300_custom_step0_s_20260519_15,348603c2f7c842829c4f1dca2e56d0f0,0.082,,,
530,2026-05-19,SZ000768,-0.0453968346118927,EXP_LinearModel_Alpha158_csi300_custom_step0_s_20260519_15,348603c2f7c842829c4f1dca2e56d0f0,0.082,,,
531,2026-05-19,SZ000725,0.018390322104096413,EXP_LinearModel_Alpha158_csi300_custom_step0_s_20260519_15,348603c2f7c842829c4f1dca2e56d0f0,0.082,,,
532,2026-05-19,SZ000708,-0.009643017314374447,EXP_LinearModel_Alpha158_csi300_custom_step0_s_20260519_15,348603c2f7c842829c4f1dca2e56d0f0,0.082,,,
533,2026-05-19,SZ000661,-0.04872401803731918,EXP_LinearModel_Alpha158_csi300_custom_step0_s_20260519_15,348603c2f7c842829c4f1dca2e56d0f0,0.082,,,
534,2026-05-19,SZ000807,-0.06231842190027237,EXP_LinearModel_Alpha158_csi300_custom_step0_s_20260519_15,348603c2f7c842829c4f1dca2e56d0f0,0.082,,,
535,2026-05-19,SZ002415,-0.03500731289386749,EXP_LinearModel_Alpha158_csi300_custom_step0_s_20260519_15,348603c2f7c842829c4f1dca2e56d0f0,0.082,,,
536,2026-05-19,SZ001391,-0.04248929023742676,EXP_LinearModel_Alpha158_csi300_custom_step0_s_20260519_15,348603c2f7c842829c4f1dca2e56d0f0,0.082,,,
537,2026-05-19,SZ001979,-0.0422520637512207,EXP_LinearModel_Alpha158_csi300_custom_step0_s_20260519_15,348603c2f7c842829c4f1dca2e56d0f0,0.082,,,
538,2026-05-19,SZ002371,-0.0557997040450573,EXP_LinearModel_Alpha158_csi300_custom_step0_s_20260519_15,348603c2f7c842829c4f1dca2e56d0f0,0.082,,,
539,2026-05-19,SZ002352,-0.04476859048008919,EXP_LinearModel_Alpha158_csi300_custom_step0_s_20260519_15,348603c2f7c842829c4f1dca2e56d0f0,0.082,,,
540,2026-05-19,SZ002311,-0.0454782135784626,EXP_LinearModel_Alpha158_csi300_custom_step0_s_20260519_15,348603c2f7c842829c4f1dca2e56d0f0,0.082,,,
541,2026-05-19,SZ002304,-0.06337400525808334,EXP_LinearModel_Alpha158_csi300_custom_step0_s_20260519_15,348603c2f7c842829c4f1dca2e56d0f0,0.082,,,
542,2026-05-19,SZ002252,-0.007953033782541752,EXP_LinearModel_Alpha158_csi300_custom_step0_s_20260519_15,348603c2f7c842829c4f1dca2e56d0f0,0.082,,,
543,2026-05-19,SZ002241,-0.0008684929925948381,EXP_LinearModel_Alpha158_csi300_custom_step0_s_20260519_15,348603c2f7c842829c4f1dca2e56d0f0,0.082,,,
544,2026-05-19,SZ002236,-0.005227246321737766,EXP_LinearModel_Alpha158_csi300_custom_step0_s_20260519_15,348603c2f7c842829c4f1dca2e56d0f0,0.082,,,
545,2026-05-19,SZ001965,0.09071599692106247,EXP_LinearModel_Alpha158_csi300_custom_step0_s_20260519_15,348603c2f7c842829c4f1dca2e56d0f0,0.082,,,
546,2026-05-19,SZ002230,-0.04669473320245743,EXP_LinearModel_Alpha158_csi300_custom_step0_s_20260519_15,348603c2f7c842829c4f1dca2e56d0f0,0.082,,,
547,2026-05-19,SZ002142,-0.011992303654551506,EXP_LinearModel_Alpha158_csi300_custom_step0_s_20260519_15,348603c2f7c842829c4f1dca2e56d0f0,0.082,,,
548,2026-05-19,SZ002074,-0.029376570135354996,EXP_LinearModel_Alpha158_csi300_custom_step0_s_20260519_15,348603c2f7c842829c4f1dca2e56d0f0,0.082,,,
549,2026-05-19,SZ002050,-0.013586331158876419,EXP_LinearModel_Alpha158_csi300_custom_step0_s_20260519_15,348603c2f7c842829c4f1dca2e56d0f0,0.082,,,
550,2026-05-19,SZ002049,0.012137548997998238,EXP_LinearModel_Alpha158_csi300_custom_step0_s_20260519_15,348603c2f7c842829c4f1dca2e56d0f0,0.082,,,
551,2026-05-19,SZ002028,-0.01397078949958086,EXP_LinearModel_Alpha158_csi300_custom_step0_s_20260519_15,348603c2f7c842829c4f1dca2e56d0f0,0.082,,,
552,2026-05-19,SZ002027,-0.019489413127303123,EXP_LinearModel_Alpha158_csi300_custom_step0_s_20260519_15,348603c2f7c842829c4f1dca2e56d0f0,0.082,,,
553,2026-05-19,SZ002001,0.018730774521827698,EXP_LinearModel_Alpha158_csi300_custom_step0_s_20260519_15,348603c2f7c842829c4f1dca2e56d0f0,0.082,,,
554,2026-05-19,SZ002179,-0.03601553663611412,EXP_LinearModel_Alpha158_csi300_custom_step0_s_20260519_15,348603c2f7c842829c4f1dca2e56d0f0,0.082,,,
555,2026-05-19,SH688981,-0.04405407239590713,EXP_DEnsembleModel_Alpha158_csi300_custom_step0_s_20260519_15,d60c69a62a3446588f3652c3aedde5c1,0.047,,,
556,2026-05-19,SZ300628,0.010799976997077465,EXP_LinearModel_Alpha158_csi300_custom_step0_s_20260519_15,348603c2f7c842829c4f1dca2e56d0f0,0.082,,,
557,2026-05-19,SZ300750,0.024222925305366516,EXP_LinearModel_Alpha158_csi300_custom_step0_s_20260519_15,348603c2f7c842829c4f1dca2e56d0f0,0.082,,,
558,2026-05-19,SH600415,0.0021195784211158752,EXP_LinearModel_Alpha158_csi300_custom_step0_s_20260519_15,53831762a81d41238460f62be69537c2,0.096,,,
559,2026-05-19,SH600406,-0.08815715461969376,EXP_LinearModel_Alpha158_csi300_custom_step0_s_20260519_15,53831762a81d41238460f62be69537c2,0.096,,,
560,2026-05-19,SH600377,0.01814517192542553,EXP_LinearModel_Alpha158_csi300_custom_step0_s_20260519_15,53831762a81d41238460f62be69537c2,0.096,,,
561,2026-05-19,SH600372,-0.06914816796779633,EXP_LinearModel_Alpha158_csi300_custom_step0_s_20260519_15,53831762a81d41238460f62be69537c2,0.096,,,
562,2026-05-19,SH600362,-0.10474136471748352,EXP_LinearModel_Alpha158_csi300_custom_step0_s_20260519_15,53831762a81d41238460f62be69537c2,0.096,,,
563,2026-05-19,SH600346,-0.05264848470687866,EXP_LinearModel_Alpha158_csi300_custom_step0_s_20260519_15,53831762a81d41238460f62be69537c2,0.096,,,
564,2026-05-19,SH600309,0.0048423768021166325,EXP_LinearModel_Alpha158_csi300_custom_step0_s_20260519_15,53831762a81d41238460f62be69537c2,0.096,,,
565,2026-05-19,SH600426,0.007939262315630913,EXP_LinearModel_Alpha158_csi300_custom_step0_s_20260519_15,53831762a81d41238460f62be69537c2,0.096,,,
566,2026-05-19,SH600276,-0.05960895121097565,EXP_LinearModel_Alpha158_csi300_custom_step0_s_20260519_15,53831762a81d41238460f62be69537c2,0.096,,,
567,2026-05-19,SH600219,-0.018674876540899277,EXP_LinearModel_Alpha158_csi300_custom_step0_s_20260519_15,53831762a81d41238460f62be69537c2,0.096,,,
568,2026-05-19,SH600196,-0.09090553224086761,EXP_LinearModel_Alpha158_csi300_custom_step0_s_20260519_15,53831762a81d41238460f62be69537c2,0.096,,,
569,2026-05-19,SH600188,0.05549732968211174,EXP_LinearModel_Alpha158_csi300_custom_step0_s_20260519_15,53831762a81d41238460f62be69537c2,0.096,,,
570,2026-05-19,SH600183,-0.13528020679950714,EXP_LinearModel_Alpha158_csi300_custom_step0_s_20260519_15,53831762a81d41238460f62be69537c2,0.096,,,
571,2026-05-19,SH600176,0.037803150713443756,EXP_LinearModel_Alpha158_csi300_custom_step0_s_20260519_15,53831762a81d41238460f62be69537c2,0.096,,,
572,2026-05-19,SH600161,0.009613284841179848,EXP_LinearModel_Alpha158_csi300_custom_step0_s_20260519_15,53831762a81d41238460f62be69537c2,0.096,,,
573,2026-05-19,SH600160,-0.04815778136253357,EXP_LinearModel_Alpha158_csi300_custom_step0_s_20260519_15,53831762a81d41238460f62be69537c2,0.096,,,
574,2026-05-19,SH600233,0.02328263781964779,EXP_LinearModel_Alpha158_csi300_custom_step0_s_20260519_15,53831762a81d41238460f62be69537c2,0.096,,,
575,2026-05-19,SH600150,0.01246787142008543,EXP_LinearModel_Alpha158_csi300_custom_step0_s_20260519_15,53831762a81d41238460f62be69537c2,0.096,,,
576,2026-05-19,SH600436,-0.020548023283481598,EXP_LinearModel_Alpha158_csi300_custom_step0_s_20260519_15,53831762a81d41238460f62be69537c2,0.096,,,
577,2026-05-19,SH600460,-0.014006199315190315,EXP_LinearModel_Alpha158_csi300_custom_step0_s_20260519_15,53831762a81d41238460f62be69537c2,0.096,,,
578,2026-05-19,SH600760,-0.08675327897071838,EXP_LinearModel_Alpha158_csi300_custom_step0_s_20260519_15,53831762a81d41238460f62be69537c2,0.096,,,
579,2026-05-19,SH600741,-0.06550204008817673,EXP_LinearModel_Alpha158_csi300_custom_step0_s_20260519_15,53831762a81d41238460f62be69537c2,0.096,,,
580,2026-05-19,SH600690,-0.007994668558239937,EXP_LinearModel_Alpha158_csi300_custom_step0_s_20260519_15,53831762a81d41238460f62be69537c2,0.096,,,
581,2026-05-19,SH600674,0.0640556737780571,EXP_LinearModel_Alpha158_csi300_custom_step0_s_20260519_15,53831762a81d41238460f62be69537c2,0.096,,,
582,2026-05-19,SH600660,-0.04476696997880936,EXP_LinearModel_Alpha158_csi300_custom_step0_s_20260519_15,53831762a81d41238460f62be69537c2,0.096,,,
583,2026-05-19,SH600600,-0.021895814687013626,EXP_LinearModel_Alpha158_csi300_custom_step0_s_20260519_15,53831762a81d41238460f62be69537c2,0.096,,,
584,2026-05-19,SH600588,-0.06124770641326904,EXP_LinearModel_Alpha158_csi300_custom_step0_s_20260519_15,53831762a81d41238460f62be69537c2,0.096,,,
585,2026-05-19,SH600438,0.04868519306182861,EXP_LinearModel_Alpha158_csi300_custom_step0_s_20260519_15,53831762a81d41238460f62be69537c2,0.096,,,
586,2026-05-19,SH600585,-0.10721620917320251,EXP_LinearModel_Alpha158_csi300_custom_step0_s_20260519_15,53831762a81d41238460f62be69537c2,0.096,,,
587,2026-05-19,SH600570,-0.09795732796192169,EXP_LinearModel_Alpha158_csi300_custom_step0_s_20260519_15,53831762a81d41238460f62be69537c2,0.096,,,
588,2026-05-19,SH600547,-0.08954271674156189,EXP_LinearModel_Alpha158_csi300_custom_step0_s_20260519_15,53831762a81d41238460f62be69537c2,0.096,,,
589,2026-05-19,SH600522,0.016450513154268265,EXP_LinearModel_Alpha158_csi300_custom_step0_s_20260519_15,53831762a81d41238460f62be69537c2,0.096,,,
590,2026-05-19,SH600519,-0.042992379516363144,EXP_LinearModel_Alpha158_csi300_custom_step0_s_20260519_15,53831762a81d41238460f62be69537c2,0.096,,,
591,2026-05-19,SH600515,-0.02775968424975872,EXP_LinearModel_Alpha158_csi300_custom_step0_s_20260519_15,53831762a81d41238460f62be69537c2,0.096,,,
592,2026-05-19,SH600489,-0.08718861639499664,EXP_LinearModel_Alpha158_csi300_custom_step0_s_20260519_15,53831762a81d41238460f62be69537c2,0.096,,,
593,2026-05-19,SH600482,-0.06236385926604271,EXP_LinearModel_Alpha158_csi300_custom_step0_s_20260519_15,53831762a81d41238460f62be69537c2,0.096,,,
594,2026-05-19,SH600584,0.022096887230873108,EXP_LinearModel_Alpha158_csi300_custom_step0_s_20260519_15,53831762a81d41238460f62be69537c2,0.096,,,
595,2026-05-19,SZ300661,-0.057374559342861176,EXP_LinearModel_Alpha158_csi300_custom_step0_s_20260519_15,348603c2f7c842829c4f1dca2e56d0f0,0.082,,,
596,2026-05-19,SH600115,-0.17736735939979553,EXP_LinearModel_Alpha158_csi300_custom_step0_s_20260519_15,53831762a81d41238460f62be69537c2,0.096,,,
597,2026-05-19,SH600104,-0.014772798866033554,EXP_LinearModel_Alpha158_csi300_custom_step0_s_20260519_15,53831762a81d41238460f62be69537c2,0.096,,,
598,2026-05-19,SH600011,0.0691874772310257,EXP_LinearModel_Alpha158_csi300_custom_step0_s_20260519_15,53831762a81d41238460f62be69537c2,0.096,,,
599,2026-05-19,SH600010,-0.06833326071500778,EXP_LinearModel_Alpha158_csi300_custom_step0_s_20260519_15,53831762a81d41238460f62be69537c2,0.096,,,
600,2026-05-19,SH600009,-0.04798044264316559,EXP_LinearModel_Alpha158_csi300_custom_step0_s_20260519_15,53831762a81d41238460f62be69537c2,0.096,,,
601,2026-05-19,SH600000,0.025703812018036842,EXP_LinearModel_Alpha158_csi300_custom_step0_s_20260519_15,53831762a81d41238460f62be69537c2,0.096,,,
602,2026-05-19,SZ302132,-0.034419670701026917,EXP_LinearModel_Alpha158_csi300_custom_step0_s_20260519_15,348603c2f7c842829c4f1dca2e56d0f0,0.082,,,
603,2026-05-19,SZ301269,-0.03313853219151497,EXP_LinearModel_Alpha158_csi300_custom_step0_s_20260519_15,348603c2f7c842829c4f1dca2e56d0f0,0.082,,,
604,2026-05-19,SZ301236,-0.07108405232429504,EXP_LinearModel_Alpha158_csi300_custom_step0_s_20260519_15,348603c2f7c842829c4f1dca2e56d0f0,0.082,,,
605,2026-05-19,SH600015,0.018833596259355545,EXP_LinearModel_Alpha158_csi300_custom_step0_s_20260519_15,53831762a81d41238460f62be69537c2,0.096,,,
606,2026-05-19,SZ300999,-0.08013857156038284,EXP_LinearModel_Alpha158_csi300_custom_step0_s_20260519_15,348603c2f7c842829c4f1dca2e56d0f0,0.082,,,
607,2026-05-19,SZ300896,-0.05505678802728653,EXP_LinearModel_Alpha158_csi300_custom_step0_s_20260519_15,348603c2f7c842829c4f1dca2e56d0f0,0.082,,,
608,2026-05-19,SZ300866,-0.00934210792183876,EXP_LinearModel_Alpha158_csi300_custom_step0_s_20260519_15,348603c2f7c842829c4f1dca2e56d0f0,0.082,,,
609,2026-05-19,SZ300832,-0.0564190112054348,EXP_LinearModel_Alpha158_csi300_custom_step0_s_20260519_15,348603c2f7c842829c4f1dca2e56d0f0,0.082,,,
610,2026-05-19,SZ300803,-0.1035197302699089,EXP_LinearModel_Alpha158_csi300_custom_step0_s_20260519_15,348603c2f7c842829c4f1dca2e56d0f0,0.082,,,
611,2026-05-19,SZ300782,-0.1305595487356186,EXP_LinearModel_Alpha158_csi300_custom_step0_s_20260519_15,348603c2f7c842829c4f1dca2e56d0f0,0.082,,,
612,2026-05-19,SZ300760,-0.08712297677993774,EXP_LinearModel_Alpha158_csi300_custom_step0_s_20260519_15,348603c2f7c842829c4f1dca2e56d0f0,0.082,,,
613,2026-05-19,SZ300759,-0.03597072884440422,EXP_LinearModel_Alpha158_csi300_custom_step0_s_20260519_15,348603c2f7c842829c4f1dca2e56d0f0,0.082,,,
614,2026-05-19,SZ300979,0.022804424166679382,EXP_LinearModel_Alpha158_csi300_custom_step0_s_20260519_15,348603c2f7c842829c4f1dca2e56d0f0,0.082,,,
615,2026-05-19,SH600111,-0.048861872404813766,EXP_LinearModel_Alpha158_csi300_custom_step0_s_20260519_15,53831762a81d41238460f62be69537c2,0.096,,,
616,2026-05-19,SH600016,0.04854867607355118,EXP_LinearModel_Alpha158_csi300_custom_step0_s_20260519_15,53831762a81d41238460f62be69537c2,0.096,,,
617,2026-05-19,SH600019,0.022428112104535103,EXP_LinearModel_Alpha158_csi300_custom_step0_s_20260519_15,53831762a81d41238460f62be69537c2,0.096,,,
618,2026-05-19,SH600089,-0.06667736917734146,EXP_LinearModel_Alpha158_csi300_custom_step0_s_20260519_15,53831762a81d41238460f62be69537c2,0.096,,,
619,2026-05-19,SH600085,-0.0035649165511131287,EXP_LinearModel_Alpha158_csi300_custom_step0_s_20260519_15,53831762a81d41238460f62be69537c2,0.096,,,
620,2026-05-19,SH600066,-0.03019162081182003,EXP_LinearModel_Alpha158_csi300_custom_step0_s_20260519_15,53831762a81d41238460f62be69537c2,0.096,,,
621,2026-05-19,SH600061,-1.1232797987759113e-05,EXP_LinearModel_Alpha158_csi300_custom_step0_s_20260519_15,53831762a81d41238460f62be69537c2,0.096,,,
622,2026-05-19,SH600050,-0.01401444524526596,EXP_LinearModel_Alpha158_csi300_custom_step0_s_20260519_15,53831762a81d41238460f62be69537c2,0.096,,,
623,2026-05-19,SH600048,-0.0313730351626873,EXP_LinearModel_Alpha158_csi300_custom_step0_s_20260519_15,53831762a81d41238460f62be69537c2,0.096,,,
624,2026-05-19,SH600039,0.15340596437454224,EXP_LinearModel_Alpha158_csi300_custom_step0_s_20260519_15,53831762a81d41238460f62be69537c2,0.096,,,
625,2026-05-19,SH600018,0.10910894721746445,EXP_LinearModel_Alpha158_csi300_custom_step0_s_20260519_15,53831762a81d41238460f62be69537c2,0.096,,,
626,2026-05-19,SH600036,-0.02621135674417019,EXP_LinearModel_Alpha158_csi300_custom_step0_s_20260519_15,53831762a81d41238460f62be69537c2,0.096,,,
627,2026-05-19,SH600030,-0.04535221308469772,EXP_LinearModel_Alpha158_csi300_custom_step0_s_20260519_15,53831762a81d41238460f62be69537c2,0.096,,,
628,2026-05-19,SH600029,-0.1518896371126175,EXP_LinearModel_Alpha158_csi300_custom_step0_s_20260519_15,53831762a81d41238460f62be69537c2,0.096,,,
629,2026-05-19,SH600028,-0.08510331809520721,EXP_LinearModel_Alpha158_csi300_custom_step0_s_20260519_15,53831762a81d41238460f62be69537c2,0.096,,,
630,2026-05-19,SH600027,0.0517546683549881,EXP_LinearModel_Alpha158_csi300_custom_step0_s_20260519_15,53831762a81d41238460f62be69537c2,0.096,,,
631,2026-05-19,SH600026,0.006350080482661724,EXP_LinearModel_Alpha158_csi300_custom_step0_s_20260519_15,53831762a81d41238460f62be69537c2,0.096,,,
632,2026-05-19,SH600025,0.0802939236164093,EXP_LinearModel_Alpha158_csi300_custom_step0_s_20260519_15,53831762a81d41238460f62be69537c2,0.096,,,
633,2026-05-19,SH600023,0.1200043112039566,EXP_LinearModel_Alpha158_csi300_custom_step0_s_20260519_15,53831762a81d41238460f62be69537c2,0.096,,,
634,2026-05-19,SH600031,-0.06345494091510773,EXP_LinearModel_Alpha158_csi300_custom_step0_s_20260519_15,53831762a81d41238460f62be69537c2,0.096,,,
635,2026-05-19,SH688506,0.12089646094318499,EXP_DEnsembleModel_Alpha158_csi300_custom_step0_s_20260519_15,d60c69a62a3446588f3652c3aedde5c1,0.047,,,
636,2026-05-19,SH688472,0.14454494573985918,EXP_DEnsembleModel_Alpha158_csi300_custom_step0_s_20260519_15,d60c69a62a3446588f3652c3aedde5c1,0.047,,,
637,2026-05-19,SH688396,0.04097421829194755,EXP_DEnsembleModel_Alpha158_csi300_custom_step0_s_20260519_15,d60c69a62a3446588f3652c3aedde5c1,0.047,,,
638,2026-05-19,SH600809,-0.04028917013001611,EXP_DEnsembleModel_Alpha158_csi300_custom_step0_s_20260519_15,6780a4e0278e44e3862701c3913272db,0.08,,,
639,2026-05-19,SH600803,0.05540391366153852,EXP_DEnsembleModel_Alpha158_csi300_custom_step0_s_20260519_15,6780a4e0278e44e3862701c3913272db,0.08,,,
640,2026-05-19,SH600795,0.05552543918881954,EXP_DEnsembleModel_Alpha158_csi300_custom_step0_s_20260519_15,6780a4e0278e44e3862701c3913272db,0.08,,,
641,2026-05-19,SH600760,-0.17308111611569318,EXP_DEnsembleModel_Alpha158_csi300_custom_step0_s_20260519_15,6780a4e0278e44e3862701c3913272db,0.08,,,
642,2026-05-19,SH600741,-0.029333180504221804,EXP_DEnsembleModel_Alpha158_csi300_custom_step0_s_20260519_15,6780a4e0278e44e3862701c3913272db,0.08,,,
643,2026-05-19,SH600690,0.08744224932329699,EXP_DEnsembleModel_Alpha158_csi300_custom_step0_s_20260519_15,6780a4e0278e44e3862701c3913272db,0.08,,,
644,2026-05-19,SH600674,0.08190908974694092,EXP_DEnsembleModel_Alpha158_csi300_custom_step0_s_20260519_15,6780a4e0278e44e3862701c3913272db,0.08,,,
645,2026-05-19,SH600660,-0.031673461754291164,EXP_DEnsembleModel_Alpha158_csi300_custom_step0_s_20260519_15,6780a4e0278e44e3862701c3913272db,0.08,,,
646,2026-05-19,SH600600,0.05442849478465775,EXP_DEnsembleModel_Alpha158_csi300_custom_step0_s_20260519_15,6780a4e0278e44e3862701c3913272db,0.08,,,
647,2026-05-19,SH600588,-0.10272920768736746,EXP_DEnsembleModel_Alpha158_csi300_custom_step0_s_20260519_15,6780a4e0278e44e3862701c3913272db,0.08,,,
648,2026-05-19,SH600585,-0.0854902256404219,EXP_DEnsembleModel_Alpha158_csi300_custom_step0_s_20260519_15,6780a4e0278e44e3862701c3913272db,0.08,,,
649,2026-05-19,SH600584,-0.06303366588702068,EXP_DEnsembleModel_Alpha158_csi300_custom_step0_s_20260519_15,6780a4e0278e44e3862701c3913272db,0.08,,,
650,2026-05-19,SH600570,-0.11159778145782191,EXP_DEnsembleModel_Alpha158_csi300_custom_step0_s_20260519_15,6780a4e0278e44e3862701c3913272db,0.08,,,
651,2026-05-19,SH600547,0.002001964228653373,EXP_DEnsembleModel_Alpha158_csi300_custom_step0_s_20260519_15,6780a4e0278e44e3862701c3913272db,0.08,,,
652,2026-05-19,SH600522,-0.17294464980799543,EXP_DEnsembleModel_Alpha158_csi300_custom_step0_s_20260519_15,6780a4e0278e44e3862701c3913272db,0.08,,,
653,2026-05-19,SH600845,0.04297089273691843,EXP_DEnsembleModel_Alpha158_csi300_custom_step0_s_20260519_15,6780a4e0278e44e3862701c3913272db,0.08,,,
654,2026-05-19,SH600875,-0.0364262253317555,EXP_DEnsembleModel_Alpha158_csi300_custom_step0_s_20260519_15,6780a4e0278e44e3862701c3913272db,0.08,,,
655,2026-05-19,SH600886,0.031906081804106735,EXP_DEnsembleModel_Alpha158_csi300_custom_step0_s_20260519_15,6780a4e0278e44e3862701c3913272db,0.08,,,
656,2026-05-19,SH600887,0.04573804520163293,EXP_DEnsembleModel_Alpha158_csi300_custom_step0_s_20260519_15,6780a4e0278e44e3862701c3913272db,0.08,,,
657,2026-05-19,SH601018,-0.023912941816895166,EXP_DEnsembleModel_Alpha158_csi300_custom_step0_s_20260519_15,6780a4e0278e44e3862701c3913272db,0.08,,,
658,2026-05-19,SH601012,-0.03349444754928966,EXP_DEnsembleModel_Alpha158_csi300_custom_step0_s_20260519_15,6780a4e0278e44e3862701c3913272db,0.08,,,
659,2026-05-19,SH601009,0.05942504996641382,EXP_DEnsembleModel_Alpha158_csi300_custom_step0_s_20260519_15,6780a4e0278e44e3862701c3913272db,0.08,,,
660,2026-05-19,SH601006,0.12384110990660104,EXP_DEnsembleModel_Alpha158_csi300_custom_step0_s_20260519_15,6780a4e0278e44e3862701c3913272db,0.08,,,
661,2026-05-19,SH600999,-0.007758301053947416,EXP_DEnsembleModel_Alpha158_csi300_custom_step0_s_20260519_15,6780a4e0278e44e3862701c3913272db,0.08,,,
662,2026-05-19,SH600989,-0.01568338087056002,EXP_DEnsembleModel_Alpha158_csi300_custom_step0_s_20260519_15,6780a4e0278e44e3862701c3913272db,0.08,,,
663,2026-05-19,SH600958,-0.03412602374909787,EXP_DEnsembleModel_Alpha158_csi300_custom_step0_s_20260519_15,6780a4e0278e44e3862701c3913272db,0.08,,,
664,2026-05-19,SH600519,-0.011007097031030795,EXP_DEnsembleModel_Alpha158_csi300_custom_step0_s_20260519_15,6780a4e0278e44e3862701c3913272db,0.08,,,
665,2026-05-19,SH600941,0.024991782877775964,EXP_DEnsembleModel_Alpha158_csi300_custom_step0_s_20260519_15,6780a4e0278e44e3862701c3913272db,0.08,,,
666,2026-05-19,SH600930,-0.03438701912394995,EXP_DEnsembleModel_Alpha158_csi300_custom_step0_s_20260519_15,6780a4e0278e44e3862701c3913272db,0.08,,,
667,2026-05-19,SH600926,-0.026831337086714733,EXP_DEnsembleModel_Alpha158_csi300_custom_step0_s_20260519_15,6780a4e0278e44e3862701c3913272db,0.08,,,
668,2026-05-19,SH600919,0.13643197508074628,EXP_DEnsembleModel_Alpha158_csi300_custom_step0_s_20260519_15,6780a4e0278e44e3862701c3913272db,0.08,,,
669,2026-05-19,SH600918,0.02674351769779722,EXP_DEnsembleModel_Alpha158_csi300_custom_step0_s_20260519_15,6780a4e0278e44e3862701c3913272db,0.08,,,
670,2026-05-19,SH600905,0.08630205077199295,EXP_DEnsembleModel_Alpha158_csi300_custom_step0_s_20260519_15,6780a4e0278e44e3862701c3913272db,0.08,,,
671,2026-05-19,SH600900,0.11793751415506003,EXP_DEnsembleModel_Alpha158_csi300_custom_step0_s_20260519_15,6780a4e0278e44e3862701c3913272db,0.08,,,
672,2026-05-19,SH600893,-0.03940484019457367,EXP_DEnsembleModel_Alpha158_csi300_custom_step0_s_20260519_15,6780a4e0278e44e3862701c3913272db,0.08,,,
673,2026-05-19,SH600938,0.09533540689331711,EXP_DEnsembleModel_Alpha158_csi300_custom_step0_s_20260519_15,6780a4e0278e44e3862701c3913272db,0.08,,,
674,2026-05-19,SH600515,-0.07424179352839376,EXP_DEnsembleModel_Alpha158_csi300_custom_step0_s_20260519_15,6780a4e0278e44e3862701c3913272db,0.08,,,
675,2026-05-19,SH600489,-0.08574053252408627,EXP_DEnsembleModel_Alpha158_csi300_custom_step0_s_20260519_15,6780a4e0278e44e3862701c3913272db,0.08,,,
676,2026-05-19,SH600482,-0.09721482796834938,EXP_DEnsembleModel_Alpha158_csi300_custom_step0_s_20260519_15,6780a4e0278e44e3862701c3913272db,0.08,,,
677,2026-05-19,SH600150,0.06994833914781952,EXP_DEnsembleModel_Alpha158_csi300_custom_step0_s_20260519_15,6780a4e0278e44e3862701c3913272db,0.08,,,
678,2026-05-19,SH600115,-0.16290046618419665,EXP_DEnsembleModel_Alpha158_csi300_custom_step0_s_20260519_15,6780a4e0278e44e3862701c3913272db,0.08,,,
679,2026-05-19,SH600111,-0.019258160117446785,EXP_DEnsembleModel_Alpha158_csi300_custom_step0_s_20260519_15,6780a4e0278e44e3862701c3913272db,0.08,,,
680,2026-05-19,SH600104,-0.00887511310763156,EXP_DEnsembleModel_Alpha158_csi300_custom_step0_s_20260519_15,6780a4e0278e44e3862701c3913272db,0.08,,,
681,2026-05-19,SH600089,-0.1078373836272223,EXP_DEnsembleModel_Alpha158_csi300_custom_step0_s_20260519_15,6780a4e0278e44e3862701c3913272db,0.08,,,
682,2026-05-19,SH600085,-0.04294352369755016,EXP_DEnsembleModel_Alpha158_csi300_custom_step0_s_20260519_15,6780a4e0278e44e3862701c3913272db,0.08,,,
683,2026-05-19,SH600066,-0.06613928662060539,EXP_DEnsembleModel_Alpha158_csi300_custom_step0_s_20260519_15,6780a4e0278e44e3862701c3913272db,0.08,,,
684,2026-05-19,SH600160,-0.001433393334614527,EXP_DEnsembleModel_Alpha158_csi300_custom_step0_s_20260519_15,6780a4e0278e44e3862701c3913272db,0.08,,,
685,2026-05-19,SH600061,-0.1049657616828029,EXP_DEnsembleModel_Alpha158_csi300_custom_step0_s_20260519_15,6780a4e0278e44e3862701c3913272db,0.08,,,
686,2026-05-19,SH600048,-0.15435941968207026,EXP_DEnsembleModel_Alpha158_csi300_custom_step0_s_20260519_15,6780a4e0278e44e3862701c3913272db,0.08,,,
687,2026-05-19,SH600039,0.05292005724478172,EXP_DEnsembleModel_Alpha158_csi300_custom_step0_s_20260519_15,6780a4e0278e44e3862701c3913272db,0.08,,,
688,2026-05-19,SH600036,-0.010507400154057045,EXP_DEnsembleModel_Alpha158_csi300_custom_step0_s_20260519_15,6780a4e0278e44e3862701c3913272db,0.08,,,
689,2026-05-19,SH600031,-0.12321659333272054,EXP_DEnsembleModel_Alpha158_csi300_custom_step0_s_20260519_15,6780a4e0278e44e3862701c3913272db,0.08,,,
690,2026-05-19,SH600030,-0.06380902829634692,EXP_DEnsembleModel_Alpha158_csi300_custom_step0_s_20260519_15,6780a4e0278e44e3862701c3913272db,0.08,,,
691,2026-05-19,SH600029,-0.14541851414037268,EXP_DEnsembleModel_Alpha158_csi300_custom_step0_s_20260519_15,6780a4e0278e44e3862701c3913272db,0.08,,,
692,2026-05-19,SH600028,-0.03603121120729314,EXP_DEnsembleModel_Alpha158_csi300_custom_step0_s_20260519_15,6780a4e0278e44e3862701c3913272db,0.08,,,
693,2026-05-19,SH600050,-0.06511744188570605,EXP_DEnsembleModel_Alpha158_csi300_custom_step0_s_20260519_15,6780a4e0278e44e3862701c3913272db,0.08,,,
694,2026-05-19,SH601021,-0.19559018046142157,EXP_DEnsembleModel_Alpha158_csi300_custom_step0_s_20260519_15,6780a4e0278e44e3862701c3913272db,0.08,,,
695,2026-05-19,SH600161,-0.08572029108560966,EXP_DEnsembleModel_Alpha158_csi300_custom_step0_s_20260519_15,6780a4e0278e44e3862701c3913272db,0.08,,,
696,2026-05-19,SH600183,-0.32088541573737656,EXP_DEnsembleModel_Alpha158_csi300_custom_step0_s_20260519_15,6780a4e0278e44e3862701c3913272db,0.08,,,
697,2026-05-19,SH600460,-0.06303983017069265,EXP_DEnsembleModel_Alpha158_csi300_custom_step0_s_20260519_15,6780a4e0278e44e3862701c3913272db,0.08,,,
698,2026-05-19,SH600438,-0.10166196086774952,EXP_DEnsembleModel_Alpha158_csi300_custom_step0_s_20260519_15,6780a4e0278e44e3862701c3913272db,0.08,,,
699,2026-05-19,SH600436,0.025695475115104647,EXP_DEnsembleModel_Alpha158_csi300_custom_step0_s_20260519_15,6780a4e0278e44e3862701c3913272db,0.08,,,
700,2026-05-19,SH600426,-0.12432521644717721,EXP_DEnsembleModel_Alpha158_csi300_custom_step0_s_20260519_15,6780a4e0278e44e3862701c3913272db,0.08,,,
701,2026-05-19,SH600415,-0.014054945932465228,EXP_DEnsembleModel_Alpha158_csi300_custom_step0_s_20260519_15,6780a4e0278e44e3862701c3913272db,0.08,,,
702,2026-05-19,SH600406,-0.07253854556198751,EXP_DEnsembleModel_Alpha158_csi300_custom_step0_s_20260519_15,6780a4e0278e44e3862701c3913272db,0.08,,,
703,2026-05-19,SH600377,0.09617848798943593,EXP_DEnsembleModel_Alpha158_csi300_custom_step0_s_20260519_15,6780a4e0278e44e3862701c3913272db,0.08,,,
704,2026-05-19,SH600176,0.12665709203746103,EXP_DEnsembleModel_Alpha158_csi300_custom_step0_s_20260519_15,6780a4e0278e44e3862701c3913272db,0.08,,,
705,2026-05-19,SH600372,-0.07411726765256856,EXP_DEnsembleModel_Alpha158_csi300_custom_step0_s_20260519_15,6780a4e0278e44e3862701c3913272db,0.08,,,
706,2026-05-19,SH600346,-0.1496876601902641,EXP_DEnsembleModel_Alpha158_csi300_custom_step0_s_20260519_15,6780a4e0278e44e3862701c3913272db,0.08,,,
707,2026-05-19,SH600309,0.07319679580139246,EXP_DEnsembleModel_Alpha158_csi300_custom_step0_s_20260519_15,6780a4e0278e44e3862701c3913272db,0.08,,,
708,2026-05-19,SH600276,-0.10234636000271205,EXP_DEnsembleModel_Alpha158_csi300_custom_step0_s_20260519_15,6780a4e0278e44e3862701c3913272db,0.08,,,
709,2026-05-19,SH600233,0.029558278849116548,EXP_DEnsembleModel_Alpha158_csi300_custom_step0_s_20260519_15,6780a4e0278e44e3862701c3913272db,0.08,,,
710,2026-05-19,SH600219,-0.01790820299420012,EXP_DEnsembleModel_Alpha158_csi300_custom_step0_s_20260519_15,6780a4e0278e44e3862701c3913272db,0.08,,,
711,2026-05-19,SH600196,-0.10120504991960685,EXP_DEnsembleModel_Alpha158_csi300_custom_step0_s_20260519_15,6780a4e0278e44e3862701c3913272db,0.08,,,
712,2026-05-19,SH600188,-0.054529558184832475,EXP_DEnsembleModel_Alpha158_csi300_custom_step0_s_20260519_15,6780a4e0278e44e3862701c3913272db,0.08,,,
713,2026-05-19,SH600362,-0.10007730997328844,EXP_DEnsembleModel_Alpha158_csi300_custom_step0_s_20260519_15,6780a4e0278e44e3862701c3913272db,0.08,,,
714,2026-05-19,SH601058,-0.0961300123331301,EXP_DEnsembleModel_Alpha158_csi300_custom_step0_s_20260519_15,6780a4e0278e44e3862701c3913272db,0.08,,,
715,2026-05-19,SH601059,0.03480507385753488,EXP_DEnsembleModel_Alpha158_csi300_custom_step0_s_20260519_15,6780a4e0278e44e3862701c3913272db,0.08,,,
716,2026-05-19,SH601066,-0.09884550020692569,EXP_DEnsembleModel_Alpha158_csi300_custom_step0_s_20260519_15,6780a4e0278e44e3862701c3913272db,0.08,,,
717,2026-05-19,SH601898,-0.04300649276982115,EXP_DEnsembleModel_Alpha158_csi300_custom_step0_s_20260519_15,6780a4e0278e44e3862701c3913272db,0.08,,,
718,2026-05-19,SH601888,-0.07749465796811934,EXP_DEnsembleModel_Alpha158_csi300_custom_step0_s_20260519_15,6780a4e0278e44e3862701c3913272db,0.08,,,
719,2026-05-19,SH601881,-0.08550128707048164,EXP_DEnsembleModel_Alpha158_csi300_custom_step0_s_20260519_15,6780a4e0278e44e3862701c3913272db,0.08,,,
720,2026-05-19,SH601878,-0.006237524897821083,EXP_DEnsembleModel_Alpha158_csi300_custom_step0_s_20260519_15,6780a4e0278e44e3862701c3913272db,0.08,,,
721,2026-05-19,SH601877,-0.05090872991266748,EXP_DEnsembleModel_Alpha158_csi300_custom_step0_s_20260519_15,6780a4e0278e44e3862701c3913272db,0.08,,,
722,2026-05-19,SH601872,-0.0948756065090465,EXP_DEnsembleModel_Alpha158_csi300_custom_step0_s_20260519_15,6780a4e0278e44e3862701c3913272db,0.08,,,
723,2026-05-19,SH601868,0.0027763117384968397,EXP_DEnsembleModel_Alpha158_csi300_custom_step0_s_20260519_15,6780a4e0278e44e3862701c3913272db,0.08,,,
724,2026-05-19,SH601899,-0.0664516468734231,EXP_DEnsembleModel_Alpha158_csi300_custom_step0_s_20260519_15,6780a4e0278e44e3862701c3913272db,0.08,,,
725,2026-05-19,SH601857,0.06306808868590479,EXP_DEnsembleModel_Alpha158_csi300_custom_step0_s_20260519_15,6780a4e0278e44e3862701c3913272db,0.08,,,
726,2026-05-19,SH601825,0.12083541549144834,EXP_DEnsembleModel_Alpha158_csi300_custom_step0_s_20260519_15,6780a4e0278e44e3862701c3913272db,0.08,,,
727,2026-05-19,SH601818,0.06644825142356701,EXP_DEnsembleModel_Alpha158_csi300_custom_step0_s_20260519_15,6780a4e0278e44e3862701c3913272db,0.08,,,
728,2026-05-19,SH601816,0.06309576387682052,EXP_DEnsembleModel_Alpha158_csi300_custom_step0_s_20260519_15,6780a4e0278e44e3862701c3913272db,0.08,,,
729,2026-05-19,SH601808,-0.0621877176726232,EXP_DEnsembleModel_Alpha158_csi300_custom_step0_s_20260519_15,6780a4e0278e44e3862701c3913272db,0.08,,,
730,2026-05-19,SH601800,-0.03953236715506931,EXP_DEnsembleModel_Alpha158_csi300_custom_step0_s_20260519_15,6780a4e0278e44e3862701c3913272db,0.08,,,
731,2026-05-19,SH601788,-0.1295024178242509,EXP_DEnsembleModel_Alpha158_csi300_custom_step0_s_20260519_15,6780a4e0278e44e3862701c3913272db,0.08,,,
732,2026-05-19,SH601766,0.033789504548107786,EXP_DEnsembleModel_Alpha158_csi300_custom_step0_s_20260519_15,6780a4e0278e44e3862701c3913272db,0.08,,,
733,2026-05-19,SH601838,0.021878854489169593,EXP_DEnsembleModel_Alpha158_csi300_custom_step0_s_20260519_15,6780a4e0278e44e3862701c3913272db,0.08,,,
734,2026-05-19,SH601728,0.03153905705002702,EXP_DEnsembleModel_Alpha158_csi300_custom_step0_s_20260519_15,6780a4e0278e44e3862701c3913272db,0.08,,,
735,2026-05-19,SH601901,-0.028441613059680376,EXP_DEnsembleModel_Alpha158_csi300_custom_step0_s_20260519_15,6780a4e0278e44e3862701c3913272db,0.08,,,
736,2026-05-19,SH601919,0.040233692126981344,EXP_DEnsembleModel_Alpha158_csi300_custom_step0_s_20260519_15,6780a4e0278e44e3862701c3913272db,0.08,,,
737,2026-05-19,SH603893,0.09648593083460971,EXP_DEnsembleModel_Alpha158_csi300_custom_step0_s_20260519_15,6780a4e0278e44e3862701c3913272db,0.08,,,
738,2026-05-19,SH603799,-0.09701429749708591,EXP_DEnsembleModel_Alpha158_csi300_custom_step0_s_20260519_15,6780a4e0278e44e3862701c3913272db,0.08,,,
739,2026-05-19,SH603501,-0.07339724566762897,EXP_DEnsembleModel_Alpha158_csi300_custom_step0_s_20260519_15,6780a4e0278e44e3862701c3913272db,0.08,,,
740,2026-05-19,SH603392,-0.11602055341304841,EXP_DEnsembleModel_Alpha158_csi300_custom_step0_s_20260519_15,6780a4e0278e44e3862701c3913272db,0.08,,,
741,2026-05-19,SH603369,-0.0812671468991805,EXP_DEnsembleModel_Alpha158_csi300_custom_step0_s_20260519_15,6780a4e0278e44e3862701c3913272db,0.08,,,
742,2026-05-19,SH603296,0.1177052731365079,EXP_DEnsembleModel_Alpha158_csi300_custom_step0_s_20260519_15,6780a4e0278e44e3862701c3913272db,0.08,,,
743,2026-05-19,SH603288,-0.0846175999770197,EXP_DEnsembleModel_Alpha158_csi300_custom_step0_s_20260519_15,6780a4e0278e44e3862701c3913272db,0.08,,,
744,2026-05-19,SH601916,0.10714263147051106,EXP_DEnsembleModel_Alpha158_csi300_custom_step0_s_20260519_15,6780a4e0278e44e3862701c3913272db,0.08,,,
745,2026-05-19,SH603260,-0.04469334396699239,EXP_DEnsembleModel_Alpha158_csi300_custom_step0_s_20260519_15,6780a4e0278e44e3862701c3913272db,0.08,,,
746,2026-05-19,SH603195,0.00831284488581495,EXP_DEnsembleModel_Alpha158_csi300_custom_step0_s_20260519_15,6780a4e0278e44e3862701c3913272db,0.08,,,
747,2026-05-19,SH603019,-0.1100075798942027,EXP_DEnsembleModel_Alpha158_csi300_custom_step0_s_20260519_15,6780a4e0278e44e3862701c3913272db,0.08,,,
748,2026-05-19,SH601998,0.04627221371755591,EXP_DEnsembleModel_Alpha158_csi300_custom_step0_s_20260519_15,6780a4e0278e44e3862701c3913272db,0.08,,,
749,2026-05-19,SH601995,0.06858123834241527,EXP_DEnsembleModel_Alpha158_csi300_custom_step0_s_20260519_15,6780a4e0278e44e3862701c3913272db,0.08,,,
750,2026-05-19,SH601988,0.1605276737688551,EXP_DEnsembleModel_Alpha158_csi300_custom_step0_s_20260519_15,6780a4e0278e44e3862701c3913272db,0.08,,,
751,2026-05-19,SH601985,0.14898889327040152,EXP_DEnsembleModel_Alpha158_csi300_custom_step0_s_20260519_15,6780a4e0278e44e3862701c3913272db,0.08,,,
752,2026-05-19,SH601939,0.12975230022890788,EXP_DEnsembleModel_Alpha158_csi300_custom_step0_s_20260519_15,6780a4e0278e44e3862701c3913272db,0.08,,,
753,2026-05-19,SH603259,-0.020800041938199287,EXP_DEnsembleModel_Alpha158_csi300_custom_step0_s_20260519_15,6780a4e0278e44e3862701c3913272db,0.08,,,
754,2026-05-19,SH600027,-0.021515812119987692,EXP_DEnsembleModel_Alpha158_csi300_custom_step0_s_20260519_15,6780a4e0278e44e3862701c3913272db,0.08,,,
755,2026-05-19,SH601698,-0.017849008312563856,EXP_DEnsembleModel_Alpha158_csi300_custom_step0_s_20260519_15,6780a4e0278e44e3862701c3913272db,0.08,,,
756,2026-05-19,SH601688,-0.14528560040025432,EXP_DEnsembleModel_Alpha158_csi300_custom_step0_s_20260519_15,6780a4e0278e44e3862701c3913272db,0.08,,,
757,2026-05-19,SH601238,-0.02553006097592602,EXP_DEnsembleModel_Alpha158_csi300_custom_step0_s_20260519_15,6780a4e0278e44e3862701c3913272db,0.08,,,
758,2026-05-19,SH601236,-0.05227093456559798,EXP_DEnsembleModel_Alpha158_csi300_custom_step0_s_20260519_15,6780a4e0278e44e3862701c3913272db,0.08,,,
759,2026-05-19,SH601229,0.03230438092250438,EXP_DEnsembleModel_Alpha158_csi300_custom_step0_s_20260519_15,6780a4e0278e44e3862701c3913272db,0.08,,,
760,2026-05-19,SH601225,0.03285730311346554,EXP_DEnsembleModel_Alpha158_csi300_custom_step0_s_20260519_15,6780a4e0278e44e3862701c3913272db,0.08,,,
761,2026-05-19,SH601211,-0.04247517375477003,EXP_DEnsembleModel_Alpha158_csi300_custom_step0_s_20260519_15,6780a4e0278e44e3862701c3913272db,0.08,,,
762,2026-05-19,SH601186,-0.00859060025018808,EXP_DEnsembleModel_Alpha158_csi300_custom_step0_s_20260519_15,6780a4e0278e44e3862701c3913272db,0.08,,,
763,2026-05-19,SH601169,0.016889931053947444,EXP_DEnsembleModel_Alpha158_csi300_custom_step0_s_20260519_15,6780a4e0278e44e3862701c3913272db,0.08,,,
764,2026-05-19,SH601288,0.08821618748772793,EXP_DEnsembleModel_Alpha158_csi300_custom_step0_s_20260519_15,6780a4e0278e44e3862701c3913272db,0.08,,,
765,2026-05-19,SH601166,-0.0038963543768879357,EXP_DEnsembleModel_Alpha158_csi300_custom_step0_s_20260519_15,6780a4e0278e44e3862701c3913272db,0.08,,,
766,2026-05-19,SH601136,-0.06922071256259583,EXP_DEnsembleModel_Alpha158_csi300_custom_step0_s_20260519_15,6780a4e0278e44e3862701c3913272db,0.08,,,
767,2026-05-19,SH601127,-0.09326295397494239,EXP_DEnsembleModel_Alpha158_csi300_custom_step0_s_20260519_15,6780a4e0278e44e3862701c3913272db,0.08,,,
768,2026-05-19,SH601117,-0.08914610997037917,EXP_DEnsembleModel_Alpha158_csi300_custom_step0_s_20260519_15,6780a4e0278e44e3862701c3913272db,0.08,,,
769,2026-05-19,SH601111,-0.16694116451011634,EXP_DEnsembleModel_Alpha158_csi300_custom_step0_s_20260519_15,6780a4e0278e44e3862701c3913272db,0.08,,,
770,2026-05-19,SH601100,-0.06562506741679953,EXP_DEnsembleModel_Alpha158_csi300_custom_step0_s_20260519_15,6780a4e0278e44e3862701c3913272db,0.08,,,
771,2026-05-19,SH601088,0.054354088861442905,EXP_DEnsembleModel_Alpha158_csi300_custom_step0_s_20260519_15,6780a4e0278e44e3862701c3913272db,0.08,,,
772,2026-05-19,SH601077,0.06250649559480186,EXP_DEnsembleModel_Alpha158_csi300_custom_step0_s_20260519_15,6780a4e0278e44e3862701c3913272db,0.08,,,
773,2026-05-19,SH601138,-0.17353787540692922,EXP_DEnsembleModel_Alpha158_csi300_custom_step0_s_20260519_15,6780a4e0278e44e3862701c3913272db,0.08,,,
774,2026-05-19,SH601689,-0.16249449862296328,EXP_DEnsembleModel_Alpha158_csi300_custom_step0_s_20260519_15,6780a4e0278e44e3862701c3913272db,0.08,,,
775,2026-05-19,SH601298,0.1215704960621876,EXP_DEnsembleModel_Alpha158_csi300_custom_step0_s_20260519_15,6780a4e0278e44e3862701c3913272db,0.08,,,
776,2026-05-19,SH601319,-0.057132612707997535,EXP_DEnsembleModel_Alpha158_csi300_custom_step0_s_20260519_15,6780a4e0278e44e3862701c3913272db,0.08,,,
777,2026-05-19,SH601669,-0.06541002949194748,EXP_DEnsembleModel_Alpha158_csi300_custom_step0_s_20260519_15,6780a4e0278e44e3862701c3913272db,0.08,,,
778,2026-05-19,SH601668,0.08875416399658137,EXP_DEnsembleModel_Alpha158_csi300_custom_step0_s_20260519_15,6780a4e0278e44e3862701c3913272db,0.08,,,
779,2026-05-19,SH601658,0.042094535093271115,EXP_DEnsembleModel_Alpha158_csi300_custom_step0_s_20260519_15,6780a4e0278e44e3862701c3913272db,0.08,,,
780,2026-05-19,SH601633,-0.07482073227887905,EXP_DEnsembleModel_Alpha158_csi300_custom_step0_s_20260519_15,6780a4e0278e44e3862701c3913272db,0.08,,,
781,2026-05-19,SH601628,-0.13316093183510144,EXP_DEnsembleModel_Alpha158_csi300_custom_step0_s_20260519_15,6780a4e0278e44e3862701c3913272db,0.08,,,
782,2026-05-19,SH601618,0.01325230195882284,EXP_DEnsembleModel_Alpha158_csi300_custom_step0_s_20260519_15,6780a4e0278e44e3862701c3913272db,0.08,,,
783,2026-05-19,SH601607,0.025499301326091958,EXP_DEnsembleModel_Alpha158_csi300_custom_step0_s_20260519_15,6780a4e0278e44e3862701c3913272db,0.08,,,
784,2026-05-19,SH601318,-0.10161474940529838,EXP_DEnsembleModel_Alpha158_csi300_custom_step0_s_20260519_15,6780a4e0278e44e3862701c3913272db,0.08,,,
785,2026-05-19,SH601601,-0.07501524207216391,EXP_DEnsembleModel_Alpha158_csi300_custom_step0_s_20260519_15,6780a4e0278e44e3862701c3913272db,0.08,,,
786,2026-05-19,SH601456,-0.005450989424140726,EXP_DEnsembleModel_Alpha158_csi300_custom_step0_s_20260519_15,6780a4e0278e44e3862701c3913272db,0.08,,,
787,2026-05-19,SH601398,0.13360068312055154,EXP_DEnsembleModel_Alpha158_csi300_custom_step0_s_20260519_15,6780a4e0278e44e3862701c3913272db,0.08,,,
788,2026-05-19,SH601390,-0.029151376912669346,EXP_DEnsembleModel_Alpha158_csi300_custom_step0_s_20260519_15,6780a4e0278e44e3862701c3913272db,0.08,,,
789,2026-05-19,SH601377,-0.08110725652096006,EXP_DEnsembleModel_Alpha158_csi300_custom_step0_s_20260519_15,6780a4e0278e44e3862701c3913272db,0.08,,,
790,2026-05-19,SH601360,-0.1155380502877838,EXP_DEnsembleModel_Alpha158_csi300_custom_step0_s_20260519_15,6780a4e0278e44e3862701c3913272db,0.08,,,
791,2026-05-19,SH601336,-0.1413455981922222,EXP_DEnsembleModel_Alpha158_csi300_custom_step0_s_20260519_15,6780a4e0278e44e3862701c3913272db,0.08,,,
792,2026-05-19,SH601328,0.0977119719314478,EXP_DEnsembleModel_Alpha158_csi300_custom_step0_s_20260519_15,6780a4e0278e44e3862701c3913272db,0.08,,,
793,2026-05-19,SH601600,-0.09808932914372925,EXP_DEnsembleModel_Alpha158_csi300_custom_step0_s_20260519_15,6780a4e0278e44e3862701c3913272db,0.08,,,
794,2026-05-19,SH600026,-0.10333923605488526,EXP_DEnsembleModel_Alpha158_csi300_custom_step0_s_20260519_15,6780a4e0278e44e3862701c3913272db,0.08,,,
795,2026-05-19,SH600025,-0.009508559357641168,EXP_DEnsembleModel_Alpha158_csi300_custom_step0_s_20260519_15,6780a4e0278e44e3862701c3913272db,0.08,,,
796,2026-05-19,SH600023,0.18937463145090147,EXP_DEnsembleModel_Alpha158_csi300_custom_step0_s_20260519_15,6780a4e0278e44e3862701c3913272db,0.08,,,
797,2026-05-19,SZ000651,0.07950330400925891,EXP_DEnsembleModel_Alpha158_csi300_custom_step0_s_20260519_15,18c81d93d60d41c1947c51e56e96210e,0.056,,,
798,2026-05-19,SZ000630,-0.03309853338992216,EXP_DEnsembleModel_Alpha158_csi300_custom_step0_s_20260519_15,18c81d93d60d41c1947c51e56e96210e,0.056,,,
799,2026-05-19,SZ000625,-0.046899050255991746,EXP_DEnsembleModel_Alpha158_csi300_custom_step0_s_20260519_15,18c81d93d60d41c1947c51e56e96210e,0.056,,,
800,2026-05-19,SZ000617,-0.03413796358633462,EXP_DEnsembleModel_Alpha158_csi300_custom_step0_s_20260519_15,18c81d93d60d41c1947c51e56e96210e,0.056,,,
801,2026-05-19,SZ000596,-0.0761133314887187,EXP_DEnsembleModel_Alpha158_csi300_custom_step0_s_20260519_15,18c81d93d60d41c1947c51e56e96210e,0.056,,,
802,2026-05-19,SZ000568,-0.08502265726624401,EXP_DEnsembleModel_Alpha158_csi300_custom_step0_s_20260519_15,18c81d93d60d41c1947c51e56e96210e,0.056,,,
803,2026-05-19,SZ000538,0.026254439295822156,EXP_DEnsembleModel_Alpha158_csi300_custom_step0_s_20260519_15,18c81d93d60d41c1947c51e56e96210e,0.056,,,
804,2026-05-19,SZ000661,-0.07633765834302954,EXP_DEnsembleModel_Alpha158_csi300_custom_step0_s_20260519_15,18c81d93d60d41c1947c51e56e96210e,0.056,,,
805,2026-05-19,SZ000425,-0.01890584352016761,EXP_DEnsembleModel_Alpha158_csi300_custom_step0_s_20260519_15,18c81d93d60d41c1947c51e56e96210e,0.056,,,
806,2026-05-19,SZ000338,0.07803806312199764,EXP_DEnsembleModel_Alpha158_csi300_custom_step0_s_20260519_15,18c81d93d60d41c1947c51e56e96210e,0.056,,,
807,2026-05-19,SZ000333,0.079415310415152,EXP_DEnsembleModel_Alpha158_csi300_custom_step0_s_20260519_15,18c81d93d60d41c1947c51e56e96210e,0.056,,,
808,2026-05-19,SZ000301,-0.026151623746939707,EXP_DEnsembleModel_Alpha158_csi300_custom_step0_s_20260519_15,18c81d93d60d41c1947c51e56e96210e,0.056,,,
809,2026-05-19,SZ000166,0.0007601418229265574,EXP_DEnsembleModel_Alpha158_csi300_custom_step0_s_20260519_15,18c81d93d60d41c1947c51e56e96210e,0.056,,,
810,2026-05-19,SZ000157,0.0716843976452127,EXP_DEnsembleModel_Alpha158_csi300_custom_step0_s_20260519_15,18c81d93d60d41c1947c51e56e96210e,0.056,,,
811,2026-05-19,SZ000100,0.011443267995206485,EXP_DEnsembleModel_Alpha158_csi300_custom_step0_s_20260519_15,18c81d93d60d41c1947c51e56e96210e,0.056,,,
812,2026-05-19,SZ000063,-0.08008462653587856,EXP_DEnsembleModel_Alpha158_csi300_custom_step0_s_20260519_15,18c81d93d60d41c1947c51e56e96210e,0.056,,,
813,2026-05-19,SZ000408,-0.024549557166090627,EXP_DEnsembleModel_Alpha158_csi300_custom_step0_s_20260519_15,18c81d93d60d41c1947c51e56e96210e,0.056,,,
814,2026-05-19,SZ000002,-0.09510408756419296,EXP_DEnsembleModel_Alpha158_csi300_custom_step0_s_20260519_15,18c81d93d60d41c1947c51e56e96210e,0.056,,,
815,2026-05-19,SZ000708,0.04528083164817077,EXP_DEnsembleModel_Alpha158_csi300_custom_step0_s_20260519_15,18c81d93d60d41c1947c51e56e96210e,0.056,,,
816,2026-05-19,SZ000768,-0.03365139848620037,EXP_DEnsembleModel_Alpha158_csi300_custom_step0_s_20260519_15,18c81d93d60d41c1947c51e56e96210e,0.056,,,
817,2026-05-19,SZ001979,-0.1477247495719464,EXP_DEnsembleModel_Alpha158_csi300_custom_step0_s_20260519_15,18c81d93d60d41c1947c51e56e96210e,0.056,,,
818,2026-05-19,SZ001965,0.09184314269172184,EXP_DEnsembleModel_Alpha158_csi300_custom_step0_s_20260519_15,18c81d93d60d41c1947c51e56e96210e,0.056,,,
819,2026-05-19,SZ001391,0.039966478646796325,EXP_DEnsembleModel_Alpha158_csi300_custom_step0_s_20260519_15,18c81d93d60d41c1947c51e56e96210e,0.056,,,
820,2026-05-19,SZ000999,-0.01487874790649848,EXP_DEnsembleModel_Alpha158_csi300_custom_step0_s_20260519_15,18c81d93d60d41c1947c51e56e96210e,0.056,,,
821,2026-05-19,SZ000983,-0.08869185498090816,EXP_DEnsembleModel_Alpha158_csi300_custom_step0_s_20260519_15,18c81d93d60d41c1947c51e56e96210e,0.056,,,
822,2026-05-19,SZ000977,-0.05216230966008723,EXP_DEnsembleModel_Alpha158_csi300_custom_step0_s_20260519_15,18c81d93d60d41c1947c51e56e96210e,0.056,,,
823,2026-05-19,SZ000975,0.06365501198782876,EXP_DEnsembleModel_Alpha158_csi300_custom_step0_s_20260519_15,18c81d93d60d41c1947c51e56e96210e,0.056,,,
824,2026-05-19,SZ000725,0.04380932746450528,EXP_DEnsembleModel_Alpha158_csi300_custom_step0_s_20260519_15,18c81d93d60d41c1947c51e56e96210e,0.056,,,
825,2026-05-19,SZ000963,-0.01943190053014963,EXP_DEnsembleModel_Alpha158_csi300_custom_step0_s_20260519_15,18c81d93d60d41c1947c51e56e96210e,0.056,,,
826,2026-05-19,SZ000895,0.056145108119725,EXP_DEnsembleModel_Alpha158_csi300_custom_step0_s_20260519_15,18c81d93d60d41c1947c51e56e96210e,0.056,,,
827,2026-05-19,SZ000876,-0.04461212421002303,EXP_DEnsembleModel_Alpha158_csi300_custom_step0_s_20260519_15,18c81d93d60d41c1947c51e56e96210e,0.056,,,
828,2026-05-19,SZ000858,0.015012464612034888,EXP_DEnsembleModel_Alpha158_csi300_custom_step0_s_20260519_15,18c81d93d60d41c1947c51e56e96210e,0.056,,,
829,2026-05-19,SZ000807,-0.03092742887476871,EXP_DEnsembleModel_Alpha158_csi300_custom_step0_s_20260519_15,18c81d93d60d41c1947c51e56e96210e,0.056,,,
830,2026-05-19,SZ000792,-0.08638271395956713,EXP_DEnsembleModel_Alpha158_csi300_custom_step0_s_20260519_15,18c81d93d60d41c1947c51e56e96210e,0.056,,,
831,2026-05-19,SZ000786,-0.04531057409870866,EXP_DEnsembleModel_Alpha158_csi300_custom_step0_s_20260519_15,18c81d93d60d41c1947c51e56e96210e,0.056,,,
832,2026-05-19,SZ000776,-0.020639382977151028,EXP_DEnsembleModel_Alpha158_csi300_custom_step0_s_20260519_15,18c81d93d60d41c1947c51e56e96210e,0.056,,,
833,2026-05-19,SZ000938,-0.11657484697939317,EXP_DEnsembleModel_Alpha158_csi300_custom_step0_s_20260519_15,18c81d93d60d41c1947c51e56e96210e,0.056,,,
834,2026-05-19,SZ002001,0.12794397690614295,EXP_DEnsembleModel_Alpha158_csi300_custom_step0_s_20260519_15,18c81d93d60d41c1947c51e56e96210e,0.056,,,
835,2026-05-19,SZ000001,0.036977529895079984,EXP_DEnsembleModel_Alpha158_csi300_custom_step0_s_20260519_15,18c81d93d60d41c1947c51e56e96210e,0.056,,,
836,2026-05-19,SH688506,-0.08282675860130563,EXP_DEnsembleModel_Alpha158_csi300_custom_step0_s_20260519_15,18c81d93d60d41c1947c51e56e96210e,0.056,,,
837,2026-05-19,SH603986,-0.38776045631436834,EXP_DEnsembleModel_Alpha158_csi300_custom_step0_s_20260519_15,18c81d93d60d41c1947c51e56e96210e,0.056,,,
838,2026-05-19,SH603893,0.018508773108802053,EXP_DEnsembleModel_Alpha158_csi300_custom_step0_s_20260519_15,18c81d93d60d41c1947c51e56e96210e,0.056,,,
839,2026-05-19,SH603799,-0.020624771717525255,EXP_DEnsembleModel_Alpha158_csi300_custom_step0_s_20260519_15,18c81d93d60d41c1947c51e56e96210e,0.056,,,
840,2026-05-19,SH603501,-0.06720007487684902,EXP_DEnsembleModel_Alpha158_csi300_custom_step0_s_20260519_15,18c81d93d60d41c1947c51e56e96210e,0.056,,,
841,2026-05-19,SH603392,-0.08983994858284851,EXP_DEnsembleModel_Alpha158_csi300_custom_step0_s_20260519_15,18c81d93d60d41c1947c51e56e96210e,0.056,,,
842,2026-05-19,SH603369,-0.11176340728074007,EXP_DEnsembleModel_Alpha158_csi300_custom_step0_s_20260519_15,18c81d93d60d41c1947c51e56e96210e,0.056,,,
843,2026-05-19,SH603296,0.06465186674519678,EXP_DEnsembleModel_Alpha158_csi300_custom_step0_s_20260519_15,18c81d93d60d41c1947c51e56e96210e,0.056,,,
844,2026-05-19,SH603993,0.015928528373118117,EXP_DEnsembleModel_Alpha158_csi300_custom_step0_s_20260519_15,18c81d93d60d41c1947c51e56e96210e,0.056,,,
845,2026-05-19,SH603288,-0.058007227617187664,EXP_DEnsembleModel_Alpha158_csi300_custom_step0_s_20260519_15,18c81d93d60d41c1947c51e56e96210e,0.056,,,
846,2026-05-19,SH603259,-0.03365308788566589,EXP_DEnsembleModel_Alpha158_csi300_custom_step0_s_20260519_15,18c81d93d60d41c1947c51e56e96210e,0.056,,,
847,2026-05-19,SH603195,0.003336151413775618,EXP_DEnsembleModel_Alpha158_csi300_custom_step0_s_20260519_15,18c81d93d60d41c1947c51e56e96210e,0.056,,,
848,2026-05-19,SH603019,-0.04423489404969681,EXP_DEnsembleModel_Alpha158_csi300_custom_step0_s_20260519_15,18c81d93d60d41c1947c51e56e96210e,0.056,,,
849,2026-05-19,SH601998,0.07133337771588211,EXP_DEnsembleModel_Alpha158_csi300_custom_step0_s_20260519_15,18c81d93d60d41c1947c51e56e96210e,0.056,,,
850,2026-05-19,SH601995,0.04431272868147082,EXP_DEnsembleModel_Alpha158_csi300_custom_step0_s_20260519_15,18c81d93d60d41c1947c51e56e96210e,0.056,,,
851,2026-05-19,SH601988,0.16482630086399339,EXP_DEnsembleModel_Alpha158_csi300_custom_step0_s_20260519_15,18c81d93d60d41c1947c51e56e96210e,0.056,,,
852,2026-05-19,SH601985,0.12606200690305575,EXP_DEnsembleModel_Alpha158_csi300_custom_step0_s_20260519_15,18c81d93d60d41c1947c51e56e96210e,0.056,,,
853,2026-05-19,SH603260,-0.05548340772397465,EXP_DEnsembleModel_Alpha158_csi300_custom_step0_s_20260519_15,18c81d93d60d41c1947c51e56e96210e,0.056,,,
854,2026-05-19,SH688981,-0.07641181911945927,EXP_DEnsembleModel_Alpha158_csi300_custom_step0_s_20260519_15,18c81d93d60d41c1947c51e56e96210e,0.056,,,
855,2026-05-19,SH605117,-0.04679965858289366,EXP_DEnsembleModel_Alpha158_csi300_custom_step0_s_20260519_15,18c81d93d60d41c1947c51e56e96210e,0.056,,,
856,2026-05-19,SH688008,-0.004175245246954945,EXP_DEnsembleModel_Alpha158_csi300_custom_step0_s_20260519_15,18c81d93d60d41c1947c51e56e96210e,0.056,,,
857,2026-05-19,SH688472,-0.04771039898354592,EXP_DEnsembleModel_Alpha158_csi300_custom_step0_s_20260519_15,18c81d93d60d41c1947c51e56e96210e,0.056,,,
858,2026-05-19,SH688396,-0.12994219078083152,EXP_DEnsembleModel_Alpha158_csi300_custom_step0_s_20260519_15,18c81d93d60d41c1947c51e56e96210e,0.056,,,
859,2026-05-19,SH688303,-0.062299700745290156,EXP_DEnsembleModel_Alpha158_csi300_custom_step0_s_20260519_15,18c81d93d60d41c1947c51e56e96210e,0.056,,,
860,2026-05-19,SH688271,0.003560637318429406,EXP_DEnsembleModel_Alpha158_csi300_custom_step0_s_20260519_15,18c81d93d60d41c1947c51e56e96210e,0.056,,,
861,2026-05-19,SH688256,-0.06625677932231709,EXP_DEnsembleModel_Alpha158_csi300_custom_step0_s_20260519_15,18c81d93d60d41c1947c51e56e96210e,0.056,,,
862,2026-05-19,SH688223,-0.028335303170392317,EXP_DEnsembleModel_Alpha158_csi300_custom_step0_s_20260519_15,18c81d93d60d41c1947c51e56e96210e,0.056,,,
863,2026-05-19,SH688187,-0.033935282684624965,EXP_DEnsembleModel_Alpha158_csi300_custom_step0_s_20260519_15,18c81d93d60d41c1947c51e56e96210e,0.056,,,
864,2026-05-19,SH605499,0.03736547770913642,EXP_DEnsembleModel_Alpha158_csi300_custom_step0_s_20260519_15,18c81d93d60d41c1947c51e56e96210e,0.056,,,
865,2026-05-19,SH688169,-0.17023571848034147,EXP_DEnsembleModel_Alpha158_csi300_custom_step0_s_20260519_15,18c81d93d60d41c1947c51e56e96210e,0.056,,,
866,2026-05-19,SH688111,-0.17421168683211483,EXP_DEnsembleModel_Alpha158_csi300_custom_step0_s_20260519_15,18c81d93d60d41c1947c51e56e96210e,0.056,,,
867,2026-05-19,SH688082,-0.10901766404751079,EXP_DEnsembleModel_Alpha158_csi300_custom_step0_s_20260519_15,18c81d93d60d41c1947c51e56e96210e,0.056,,,
868,2026-05-19,SH688047,0.0654436142286279,EXP_DEnsembleModel_Alpha158_csi300_custom_step0_s_20260519_15,18c81d93d60d41c1947c51e56e96210e,0.056,,,
869,2026-05-19,SH688041,0.18885789135522016,EXP_DEnsembleModel_Alpha158_csi300_custom_step0_s_20260519_15,18c81d93d60d41c1947c51e56e96210e,0.056,,,
870,2026-05-19,SH688036,-0.03379989989464772,EXP_DEnsembleModel_Alpha158_csi300_custom_step0_s_20260519_15,18c81d93d60d41c1947c51e56e96210e,0.056,,,
871,2026-05-19,SH688012,-0.33359252970530934,EXP_DEnsembleModel_Alpha158_csi300_custom_step0_s_20260519_15,18c81d93d60d41c1947c51e56e96210e,0.056,,,
872,2026-05-19,SH688009,0.007074056358519217,EXP_DEnsembleModel_Alpha158_csi300_custom_step0_s_20260519_15,18c81d93d60d41c1947c51e56e96210e,0.056,,,
873,2026-05-19,SH688126,-0.25669548229159006,EXP_DEnsembleModel_Alpha158_csi300_custom_step0_s_20260519_15,18c81d93d60d41c1947c51e56e96210e,0.056,,,
874,2026-05-19,SH603986,-0.2511066536460395,EXP_DEnsembleModel_Alpha158_csi300_custom_step0_s_20260519_15,6780a4e0278e44e3862701c3913272db,0.08,,,
875,2026-05-19,SZ002027,-0.06824473060626048,EXP_DEnsembleModel_Alpha158_csi300_custom_step0_s_20260519_15,18c81d93d60d41c1947c51e56e96210e,0.056,,,
876,2026-05-19,SZ002049,-0.014531020785851473,EXP_DEnsembleModel_Alpha158_csi300_custom_step0_s_20260519_15,18c81d93d60d41c1947c51e56e96210e,0.056,,,
877,2026-05-19,SZ300750,0.023019723767227652,EXP_DEnsembleModel_Alpha158_csi300_custom_step0_s_20260519_15,18c81d93d60d41c1947c51e56e96210e,0.056,,,
878,2026-05-19,SZ300661,-0.3758135797270593,EXP_DEnsembleModel_Alpha158_csi300_custom_step0_s_20260519_15,18c81d93d60d41c1947c51e56e96210e,0.056,,,
879,2026-05-19,SZ300628,-0.10041909052012217,EXP_DEnsembleModel_Alpha158_csi300_custom_step0_s_20260519_15,18c81d93d60d41c1947c51e56e96210e,0.056,,,
880,2026-05-19,SZ300502,0.21431885119548763,EXP_DEnsembleModel_Alpha158_csi300_custom_step0_s_20260519_15,18c81d93d60d41c1947c51e56e96210e,0.056,,,
881,2026-05-19,SZ300498,-0.0550762120842838,EXP_DEnsembleModel_Alpha158_csi300_custom_step0_s_20260519_15,18c81d93d60d41c1947c51e56e96210e,0.056,,,
882,2026-05-19,SZ300476,0.07182373219147394,EXP_DEnsembleModel_Alpha158_csi300_custom_step0_s_20260519_15,18c81d93d60d41c1947c51e56e96210e,0.056,,,
883,2026-05-19,SZ300442,-0.11638274062927845,EXP_DEnsembleModel_Alpha158_csi300_custom_step0_s_20260519_15,18c81d93d60d41c1947c51e56e96210e,0.056,,,
884,2026-05-19,SZ300759,-0.03315099390401018,EXP_DEnsembleModel_Alpha158_csi300_custom_step0_s_20260519_15,18c81d93d60d41c1947c51e56e96210e,0.056,,,
885,2026-05-19,SZ300433,-0.011795841924318028,EXP_DEnsembleModel_Alpha158_csi300_custom_step0_s_20260519_15,18c81d93d60d41c1947c51e56e96210e,0.056,,,
886,2026-05-19,SZ300413,-0.02628983619873566,EXP_DEnsembleModel_Alpha158_csi300_custom_step0_s_20260519_15,18c81d93d60d41c1947c51e56e96210e,0.056,,,
887,2026-05-19,SZ300408,-0.14215160994621076,EXP_DEnsembleModel_Alpha158_csi300_custom_step0_s_20260519_15,18c81d93d60d41c1947c51e56e96210e,0.056,,,
888,2026-05-19,SZ300394,0.12307139627616104,EXP_DEnsembleModel_Alpha158_csi300_custom_step0_s_20260519_15,18c81d93d60d41c1947c51e56e96210e,0.056,,,
889,2026-05-19,SZ300347,0.029413136151105752,EXP_DEnsembleModel_Alpha158_csi300_custom_step0_s_20260519_15,18c81d93d60d41c1947c51e56e96210e,0.056,,,
890,2026-05-19,SZ300316,-0.1433229647507305,EXP_DEnsembleModel_Alpha158_csi300_custom_step0_s_20260519_15,18c81d93d60d41c1947c51e56e96210e,0.056,,,
891,2026-05-19,SZ300308,0.018783020895219982,EXP_DEnsembleModel_Alpha158_csi300_custom_step0_s_20260519_15,18c81d93d60d41c1947c51e56e96210e,0.056,,,
892,2026-05-19,SZ300274,-0.10702013411097983,EXP_DEnsembleModel_Alpha158_csi300_custom_step0_s_20260519_15,18c81d93d60d41c1947c51e56e96210e,0.056,,,
893,2026-05-19,SZ300418,-0.13460566363251547,EXP_DEnsembleModel_Alpha158_csi300_custom_step0_s_20260519_15,18c81d93d60d41c1947c51e56e96210e,0.056,,,
894,2026-05-19,SZ300251,-0.0609704558677473,EXP_DEnsembleModel_Alpha158_csi300_custom_step0_s_20260519_15,18c81d93d60d41c1947c51e56e96210e,0.056,,,
895,2026-05-19,SZ300760,-0.13082348750127615,EXP_DEnsembleModel_Alpha158_csi300_custom_step0_s_20260519_15,18c81d93d60d41c1947c51e56e96210e,0.056,,,
896,2026-05-19,SZ300803,-0.18271887506990775,EXP_DEnsembleModel_Alpha158_csi300_custom_step0_s_20260519_15,18c81d93d60d41c1947c51e56e96210e,0.056,,,
897,2026-05-19,SH600019,-0.017779437995616217,EXP_DEnsembleModel_Alpha158_csi300_custom_step0_s_20260519_15,6780a4e0278e44e3862701c3913272db,0.08,,,
898,2026-05-19,SH600018,0.16158725871421858,EXP_DEnsembleModel_Alpha158_csi300_custom_step0_s_20260519_15,6780a4e0278e44e3862701c3913272db,0.08,,,
899,2026-05-19,SH600016,0.011939955235009205,EXP_DEnsembleModel_Alpha158_csi300_custom_step0_s_20260519_15,6780a4e0278e44e3862701c3913272db,0.08,,,
900,2026-05-19,SH600015,0.023797098848404852,EXP_DEnsembleModel_Alpha158_csi300_custom_step0_s_20260519_15,6780a4e0278e44e3862701c3913272db,0.08,,,
901,2026-05-19,SH600011,-0.02550419768289733,EXP_DEnsembleModel_Alpha158_csi300_custom_step0_s_20260519_15,6780a4e0278e44e3862701c3913272db,0.08,,,
902,2026-05-19,SH600010,-0.0961770622655016,EXP_DEnsembleModel_Alpha158_csi300_custom_step0_s_20260519_15,6780a4e0278e44e3862701c3913272db,0.08,,,
903,2026-05-19,SH600009,-0.06754801829185594,EXP_DEnsembleModel_Alpha158_csi300_custom_step0_s_20260519_15,6780a4e0278e44e3862701c3913272db,0.08,,,
904,2026-05-19,SZ300782,-0.15863300719981055,EXP_DEnsembleModel_Alpha158_csi300_custom_step0_s_20260519_15,18c81d93d60d41c1947c51e56e96210e,0.056,,,
905,2026-05-19,SH600000,0.017466333954480304,EXP_DEnsembleModel_Alpha158_csi300_custom_step0_s_20260519_15,6780a4e0278e44e3862701c3913272db,0.08,,,
906,2026-05-19,SZ301269,-0.057581044894914314,EXP_DEnsembleModel_Alpha158_csi300_custom_step0_s_20260519_15,18c81d93d60d41c1947c51e56e96210e,0.056,,,
907,2026-05-19,SZ301236,-0.14679751211183067,EXP_DEnsembleModel_Alpha158_csi300_custom_step0_s_20260519_15,18c81d93d60d41c1947c51e56e96210e,0.056,,,
908,2026-05-19,SZ300999,0.015208422672768595,EXP_DEnsembleModel_Alpha158_csi300_custom_step0_s_20260519_15,18c81d93d60d41c1947c51e56e96210e,0.056,,,
909,2026-05-19,SZ300979,0.04685205219995116,EXP_DEnsembleModel_Alpha158_csi300_custom_step0_s_20260519_15,18c81d93d60d41c1947c51e56e96210e,0.056,,,
910,2026-05-19,SZ300896,-0.05041214132192391,EXP_DEnsembleModel_Alpha158_csi300_custom_step0_s_20260519_15,18c81d93d60d41c1947c51e56e96210e,0.056,,,
911,2026-05-19,SZ300866,-0.020777871607666264,EXP_DEnsembleModel_Alpha158_csi300_custom_step0_s_20260519_15,18c81d93d60d41c1947c51e56e96210e,0.056,,,
912,2026-05-19,SZ300832,-0.03817603962070362,EXP_DEnsembleModel_Alpha158_csi300_custom_step0_s_20260519_15,18c81d93d60d41c1947c51e56e96210e,0.056,,,
913,2026-05-19,SZ302132,-0.06972037661218507,EXP_DEnsembleModel_Alpha158_csi300_custom_step0_s_20260519_15,18c81d93d60d41c1947c51e56e96210e,0.056,,,
914,2026-05-19,SZ002028,0.03678846237287564,EXP_DEnsembleModel_Alpha158_csi300_custom_step0_s_20260519_15,18c81d93d60d41c1947c51e56e96210e,0.056,,,
915,2026-05-19,SZ300124,-0.025436108864727237,EXP_DEnsembleModel_Alpha158_csi300_custom_step0_s_20260519_15,18c81d93d60d41c1947c51e56e96210e,0.056,,,
916,2026-05-19,SZ300059,-0.15181497743912623,EXP_DEnsembleModel_Alpha158_csi300_custom_step0_s_20260519_15,18c81d93d60d41c1947c51e56e96210e,0.056,,,
917,2026-05-19,SZ002459,0.05528932505289018,EXP_DEnsembleModel_Alpha158_csi300_custom_step0_s_20260519_15,18c81d93d60d41c1947c51e56e96210e,0.056,,,
918,2026-05-19,SZ002422,-0.051373839796617186,EXP_DEnsembleModel_Alpha158_csi300_custom_step0_s_20260519_15,18c81d93d60d41c1947c51e56e96210e,0.056,,,
919,2026-05-19,SZ002415,-0.08870645176462101,EXP_DEnsembleModel_Alpha158_csi300_custom_step0_s_20260519_15,18c81d93d60d41c1947c51e56e96210e,0.056,,,
920,2026-05-19,SZ002384,0.01131080769261442,EXP_DEnsembleModel_Alpha158_csi300_custom_step0_s_20260519_15,18c81d93d60d41c1947c51e56e96210e,0.056,,,
921,2026-05-19,SZ002371,-0.23508439141720108,EXP_DEnsembleModel_Alpha158_csi300_custom_step0_s_20260519_15,18c81d93d60d41c1947c51e56e96210e,0.056,,,
922,2026-05-19,SZ002352,0.026505942537680998,EXP_DEnsembleModel_Alpha158_csi300_custom_step0_s_20260519_15,18c81d93d60d41c1947c51e56e96210e,0.056,,,
923,2026-05-19,SZ002311,0.03408164698569337,EXP_DEnsembleModel_Alpha158_csi300_custom_step0_s_20260519_15,18c81d93d60d41c1947c51e56e96210e,0.056,,,
924,2026-05-19,SZ002460,0.04313684618966911,EXP_DEnsembleModel_Alpha158_csi300_custom_step0_s_20260519_15,18c81d93d60d41c1947c51e56e96210e,0.056,,,
925,2026-05-19,SZ002304,-0.028287098350654856,EXP_DEnsembleModel_Alpha158_csi300_custom_step0_s_20260519_15,18c81d93d60d41c1947c51e56e96210e,0.056,,,
926,2026-05-19,SZ002241,-0.03699429362631647,EXP_DEnsembleModel_Alpha158_csi300_custom_step0_s_20260519_15,18c81d93d60d41c1947c51e56e96210e,0.056,,,
927,2026-05-19,SZ002236,-0.07923260835047168,EXP_DEnsembleModel_Alpha158_csi300_custom_step0_s_20260519_15,18c81d93d60d41c1947c51e56e96210e,0.056,,,
928,2026-05-19,SZ002230,-0.10297671247524741,EXP_DEnsembleModel_Alpha158_csi300_custom_step0_s_20260519_15,18c81d93d60d41c1947c51e56e96210e,0.056,,,
929,2026-05-19,SZ002179,-0.03903883217056704,EXP_DEnsembleModel_Alpha158_csi300_custom_step0_s_20260519_15,18c81d93d60d41c1947c51e56e96210e,0.056,,,
930,2026-05-19,SZ002142,0.0014772118747141307,EXP_DEnsembleModel_Alpha158_csi300_custom_step0_s_20260519_15,18c81d93d60d41c1947c51e56e96210e,0.056,,,
931,2026-05-19,SZ002074,-0.0763930641243947,EXP_DEnsembleModel_Alpha158_csi300_custom_step0_s_20260519_15,18c81d93d60d41c1947c51e56e96210e,0.056,,,
932,2026-05-19,SZ002050,-0.08749702797161642,EXP_DEnsembleModel_Alpha158_csi300_custom_step0_s_20260519_15,18c81d93d60d41c1947c51e56e96210e,0.056,,,
933,2026-05-19,SZ002252,0.03316794422469241,EXP_DEnsembleModel_Alpha158_csi300_custom_step0_s_20260519_15,18c81d93d60d41c1947c51e56e96210e,0.056,,,
934,2026-05-19,SZ300122,-0.09412966553543027,EXP_DEnsembleModel_Alpha158_csi300_custom_step0_s_20260519_15,18c81d93d60d41c1947c51e56e96210e,0.056,,,
935,2026-05-19,SZ002463,0.09349722588022917,EXP_DEnsembleModel_Alpha158_csi300_custom_step0_s_20260519_15,18c81d93d60d41c1947c51e56e96210e,0.056,,,
936,2026-05-19,SZ002475,0.10189708462574161,EXP_DEnsembleModel_Alpha158_csi300_custom_step0_s_20260519_15,18c81d93d60d41c1947c51e56e96210e,0.056,,,
937,2026-05-19,SZ300033,-0.06577777111111362,EXP_DEnsembleModel_Alpha158_csi300_custom_step0_s_20260519_15,18c81d93d60d41c1947c51e56e96210e,0.056,,,
938,2026-05-19,SZ300015,-0.06379628888147922,EXP_DEnsembleModel_Alpha158_csi300_custom_step0_s_20260519_15,18c81d93d60d41c1947c51e56e96210e,0.056,,,
939,2026-05-19,SZ300014,-0.09731817757967363,EXP_DEnsembleModel_Alpha158_csi300_custom_step0_s_20260519_15,18c81d93d60d41c1947c51e56e96210e,0.056,,,
940,2026-05-19,SZ003816,0.06533892544477805,EXP_DEnsembleModel_Alpha158_csi300_custom_step0_s_20260519_15,18c81d93d60d41c1947c51e56e96210e,0.056,,,
941,2026-05-19,SZ002938,-0.48387148462705304,EXP_DEnsembleModel_Alpha158_csi300_custom_step0_s_20260519_15,18c81d93d60d41c1947c51e56e96210e,0.056,,,
942,2026-05-19,SZ002920,0.05269807324502073,EXP_DEnsembleModel_Alpha158_csi300_custom_step0_s_20260519_15,18c81d93d60d41c1947c51e56e96210e,0.056,,,
943,2026-05-19,SZ002916,0.07092353929560387,EXP_DEnsembleModel_Alpha158_csi300_custom_step0_s_20260519_15,18c81d93d60d41c1947c51e56e96210e,0.056,,,
944,2026-05-19,SZ002466,0.18580011988396664,EXP_DEnsembleModel_Alpha158_csi300_custom_step0_s_20260519_15,18c81d93d60d41c1947c51e56e96210e,0.056,,,
945,2026-05-19,SZ002736,-0.017110576856076355,EXP_DEnsembleModel_Alpha158_csi300_custom_step0_s_20260519_15,18c81d93d60d41c1947c51e56e96210e,0.056,,,
946,2026-05-19,SZ002709,0.21973212119089902,EXP_DEnsembleModel_Alpha158_csi300_custom_step0_s_20260519_15,18c81d93d60d41c1947c51e56e96210e,0.056,,,
947,2026-05-19,SZ002648,0.01452821281233844,EXP_DEnsembleModel_Alpha158_csi300_custom_step0_s_20260519_15,18c81d93d60d41c1947c51e56e96210e,0.056,,,
948,2026-05-19,SZ002625,-0.07535078196980824,EXP_DEnsembleModel_Alpha158_csi300_custom_step0_s_20260519_15,18c81d93d60d41c1947c51e56e96210e,0.056,,,
949,2026-05-19,SZ002601,0.03817136735781462,EXP_DEnsembleModel_Alpha158_csi300_custom_step0_s_20260519_15,18c81d93d60d41c1947c51e56e96210e,0.056,,,
950,2026-05-19,SZ002600,0.011790267575217882,EXP_DEnsembleModel_Alpha158_csi300_custom_step0_s_20260519_15,18c81d93d60d41c1947c51e56e96210e,0.056,,,
951,2026-05-19,SZ002594,-0.0784175891961464,EXP_DEnsembleModel_Alpha158_csi300_custom_step0_s_20260519_15,18c81d93d60d41c1947c51e56e96210e,0.056,,,
952,2026-05-19,SZ002493,0.02217865234365504,EXP_DEnsembleModel_Alpha158_csi300_custom_step0_s_20260519_15,18c81d93d60d41c1947c51e56e96210e,0.056,,,
953,2026-05-19,SZ002714,0.029102552020839268,EXP_DEnsembleModel_Alpha158_csi300_custom_step0_s_20260519_15,18c81d93d60d41c1947c51e56e96210e,0.056,,,
954,2026-05-19,SZ000983,-0.06911817938089371,EXP_LinearModel_Alpha158_csi300_custom_step0_s_20260519_15,53831762a81d41238460f62be69537c2,0.096,,,
955,2026-05-19,SH603993,-0.104126029651483,EXP_DEnsembleModel_Alpha158_csi300_custom_step0_s_20260519_15,6780a4e0278e44e3862701c3913272db,0.08,,,
956,2026-05-19,SH605499,-0.02381897988300347,EXP_DEnsembleModel_Alpha158_csi300_custom_step0_s_20260519_15,6780a4e0278e44e3862701c3913272db,0.08,,,
957,2026-05-19,SH601012,0.03014619499707265,EXP_DEnsembleModel_Alpha158_csi300_custom_step0_s_20260519_15,d60c69a62a3446588f3652c3aedde5c1,0.047,,,
958,2026-05-19,SH601009,-0.012828011034133058,EXP_DEnsembleModel_Alpha158_csi300_custom_step0_s_20260519_15,d60c69a62a3446588f3652c3aedde5c1,0.047,,,
959,2026-05-19,SH601006,0.04451609122813887,EXP_DEnsembleModel_Alpha158_csi300_custom_step0_s_20260519_15,d60c69a62a3446588f3652c3aedde5c1,0.047,,,
960,2026-05-19,SH600999,0.046775558346943136,EXP_DEnsembleModel_Alpha158_csi300_custom_step0_s_20260519_15,d60c69a62a3446588f3652c3aedde5c1,0.047,,,
961,2026-05-19,SH600989,0.10726722308884853,EXP_DEnsembleModel_Alpha158_csi300_custom_step0_s_20260519_15,d60c69a62a3446588f3652c3aedde5c1,0.047,,,
962,2026-05-19,SH600958,0.028638926047007716,EXP_DEnsembleModel_Alpha158_csi300_custom_step0_s_20260519_15,d60c69a62a3446588f3652c3aedde5c1,0.047,,,
963,2026-05-19,SH600941,-0.061736237542743704,EXP_DEnsembleModel_Alpha158_csi300_custom_step0_s_20260519_15,d60c69a62a3446588f3652c3aedde5c1,0.047,,,
964,2026-05-19,SH600938,0.06230016492792804,EXP_DEnsembleModel_Alpha158_csi300_custom_step0_s_20260519_15,d60c69a62a3446588f3652c3aedde5c1,0.047,,,
965,2026-05-19,SH600930,-0.004614221136097414,EXP_DEnsembleModel_Alpha158_csi300_custom_step0_s_20260519_15,d60c69a62a3446588f3652c3aedde5c1,0.047,,,
966,2026-05-19,SH600926,-0.09428060794224506,EXP_DEnsembleModel_Alpha158_csi300_custom_step0_s_20260519_15,d60c69a62a3446588f3652c3aedde5c1,0.047,,,
967,2026-05-19,SH600919,0.08320478993738335,EXP_DEnsembleModel_Alpha158_csi300_custom_step0_s_20260519_15,d60c69a62a3446588f3652c3aedde5c1,0.047,,,
968,2026-05-19,SH600918,-0.03614552233436451,EXP_DEnsembleModel_Alpha158_csi300_custom_step0_s_20260519_15,d60c69a62a3446588f3652c3aedde5c1,0.047,,,
969,2026-05-19,SH600905,0.025974173776246712,EXP_DEnsembleModel_Alpha158_csi300_custom_step0_s_20260519_15,d60c69a62a3446588f3652c3aedde5c1,0.047,,,
970,2026-05-19,SH600900,0.030170622034847615,EXP_DEnsembleModel_Alpha158_csi300_custom_step0_s_20260519_15,d60c69a62a3446588f3652c3aedde5c1,0.047,,,
971,2026-05-19,SH600893,-0.12234096634710132,EXP_DEnsembleModel_Alpha158_csi300_custom_step0_s_20260519_15,d60c69a62a3446588f3652c3aedde5c1,0.047,,,
972,2026-05-19,SH601018,-0.028789579028593863,EXP_DEnsembleModel_Alpha158_csi300_custom_step0_s_20260519_15,d60c69a62a3446588f3652c3aedde5c1,0.047,,,
973,2026-05-19,SH601021,-0.07017007668820294,EXP_DEnsembleModel_Alpha158_csi300_custom_step0_s_20260519_15,d60c69a62a3446588f3652c3aedde5c1,0.047,,,
974,2026-05-19,SH601058,-0.057030088763582086,EXP_DEnsembleModel_Alpha158_csi300_custom_step0_s_20260519_15,d60c69a62a3446588f3652c3aedde5c1,0.047,,,
975,2026-05-19,SH601059,-0.007276924669006638,EXP_DEnsembleModel_Alpha158_csi300_custom_step0_s_20260519_15,d60c69a62a3446588f3652c3aedde5c1,0.047,,,
976,2026-05-19,SH601236,-0.04475540381335893,EXP_DEnsembleModel_Alpha158_csi300_custom_step0_s_20260519_15,d60c69a62a3446588f3652c3aedde5c1,0.047,,,
977,2026-05-19,SH601229,-0.062413252686766015,EXP_DEnsembleModel_Alpha158_csi300_custom_step0_s_20260519_15,d60c69a62a3446588f3652c3aedde5c1,0.047,,,
978,2026-05-19,SH601225,0.014425347422748716,EXP_DEnsembleModel_Alpha158_csi300_custom_step0_s_20260519_15,d60c69a62a3446588f3652c3aedde5c1,0.047,,,
979,2026-05-19,SH601211,-0.06689404518379159,EXP_DEnsembleModel_Alpha158_csi300_custom_step0_s_20260519_15,d60c69a62a3446588f3652c3aedde5c1,0.047,,,
980,2026-05-19,SH601186,-0.02972749881425674,EXP_DEnsembleModel_Alpha158_csi300_custom_step0_s_20260519_15,d60c69a62a3446588f3652c3aedde5c1,0.047,,,
981,2026-05-19,SH601169,-0.10903787701210345,EXP_DEnsembleModel_Alpha158_csi300_custom_step0_s_20260519_15,d60c69a62a3446588f3652c3aedde5c1,0.047,,,
982,2026-05-19,SH601166,-0.06521069888977485,EXP_DEnsembleModel_Alpha158_csi300_custom_step0_s_20260519_15,d60c69a62a3446588f3652c3aedde5c1,0.047,,,
983,2026-05-19,SH600887,0.060024211783679546,EXP_DEnsembleModel_Alpha158_csi300_custom_step0_s_20260519_15,d60c69a62a3446588f3652c3aedde5c1,0.047,,,
984,2026-05-19,SH601138,0.09306198289110111,EXP_DEnsembleModel_Alpha158_csi300_custom_step0_s_20260519_15,d60c69a62a3446588f3652c3aedde5c1,0.047,,,
985,2026-05-19,SH601127,0.0781874076217544,EXP_DEnsembleModel_Alpha158_csi300_custom_step0_s_20260519_15,d60c69a62a3446588f3652c3aedde5c1,0.047,,,
986,2026-05-19,SH601117,0.007745494984640894,EXP_DEnsembleModel_Alpha158_csi300_custom_step0_s_20260519_15,d60c69a62a3446588f3652c3aedde5c1,0.047,,,
987,2026-05-19,SH601111,0.01529766198121252,EXP_DEnsembleModel_Alpha158_csi300_custom_step0_s_20260519_15,d60c69a62a3446588f3652c3aedde5c1,0.047,,,
988,2026-05-19,SH601100,-0.06449102075500605,EXP_DEnsembleModel_Alpha158_csi300_custom_step0_s_20260519_15,d60c69a62a3446588f3652c3aedde5c1,0.047,,,
989,2026-05-19,SH601088,-0.023591662375707395,EXP_DEnsembleModel_Alpha158_csi300_custom_step0_s_20260519_15,d60c69a62a3446588f3652c3aedde5c1,0.047,,,
990,2026-05-19,SH601077,-0.08962772662579335,EXP_DEnsembleModel_Alpha158_csi300_custom_step0_s_20260519_15,d60c69a62a3446588f3652c3aedde5c1,0.047,,,
991,2026-05-19,SH601066,0.0500334186606567,EXP_DEnsembleModel_Alpha158_csi300_custom_step0_s_20260519_15,d60c69a62a3446588f3652c3aedde5c1,0.047,,,
992,2026-05-19,SH601136,0.02167288943933358,EXP_DEnsembleModel_Alpha158_csi300_custom_step0_s_20260519_15,d60c69a62a3446588f3652c3aedde5c1,0.047,,,
993,2026-05-19,SH600886,-0.005365136096558817,EXP_DEnsembleModel_Alpha158_csi300_custom_step0_s_20260519_15,d60c69a62a3446588f3652c3aedde5c1,0.047,,,
994,2026-05-19,SH600875,0.11437226706795775,EXP_DEnsembleModel_Alpha158_csi300_custom_step0_s_20260519_15,d60c69a62a3446588f3652c3aedde5c1,0.047,,,
995,2026-05-19,SH600845,0.15960793537178594,EXP_DEnsembleModel_Alpha158_csi300_custom_step0_s_20260519_15,d60c69a62a3446588f3652c3aedde5c1,0.047,,,
996,2026-05-19,SH600438,0.0031817751464806444,EXP_DEnsembleModel_Alpha158_csi300_custom_step0_s_20260519_15,d60c69a62a3446588f3652c3aedde5c1,0.047,,,
997,2026-05-19,SH600436,0.030588850868266817,EXP_DEnsembleModel_Alpha158_csi300_custom_step0_s_20260519_15,d60c69a62a3446588f3652c3aedde5c1,0.047,,,
998,2026-05-19,SH600426,0.07302999822256584,EXP_DEnsembleModel_Alpha158_csi300_custom_step0_s_20260519_15,d60c69a62a3446588f3652c3aedde5c1,0.047,,,
999,2026-05-19,SH600415,0.09109473719926259,EXP_DEnsembleModel_Alpha158_csi300_custom_step0_s_20260519_15,d60c69a62a3446588f3652c3aedde5c1,0.047,,,
1000,2026-05-19,SH600406,-0.0006728731346028199,EXP_DEnsembleModel_Alpha158_csi300_custom_step0_s_20260519_15,d60c69a62a3446588f3652c3aedde5c1,0.047,,,
1001,2026-05-19,SH600377,0.10503212291036503,EXP_DEnsembleModel_Alpha158_csi300_custom_step0_s_20260519_15,d60c69a62a3446588f3652c3aedde5c1,0.047,,,
1002,2026-05-19,SH600372,0.04370818630712558,EXP_DEnsembleModel_Alpha158_csi300_custom_step0_s_20260519_15,d60c69a62a3446588f3652c3aedde5c1,0.047,,,
1003,2026-05-19,SH600460,0.024198379196964378,EXP_DEnsembleModel_Alpha158_csi300_custom_step0_s_20260519_15,d60c69a62a3446588f3652c3aedde5c1,0.047,,,
1004,2026-05-19,SH600362,0.020873825650249707,EXP_DEnsembleModel_Alpha158_csi300_custom_step0_s_20260519_15,d60c69a62a3446588f3652c3aedde5c1,0.047,,,
1005,2026-05-19,SH600309,0.033419155322564405,EXP_DEnsembleModel_Alpha158_csi300_custom_step0_s_20260519_15,d60c69a62a3446588f3652c3aedde5c1,0.047,,,
1006,2026-05-19,SH600276,-0.07005371759523121,EXP_DEnsembleModel_Alpha158_csi300_custom_step0_s_20260519_15,d60c69a62a3446588f3652c3aedde5c1,0.047,,,
1007,2026-05-19,SH600233,0.07081837477721904,EXP_DEnsembleModel_Alpha158_csi300_custom_step0_s_20260519_15,d60c69a62a3446588f3652c3aedde5c1,0.047,,,
1008,2026-05-19,SH600219,0.09172101832715675,EXP_DEnsembleModel_Alpha158_csi300_custom_step0_s_20260519_15,d60c69a62a3446588f3652c3aedde5c1,0.047,,,
1009,2026-05-19,SH600196,-0.0483760053989657,EXP_DEnsembleModel_Alpha158_csi300_custom_step0_s_20260519_15,d60c69a62a3446588f3652c3aedde5c1,0.047,,,
1010,2026-05-19,SH600188,0.09069533612190753,EXP_DEnsembleModel_Alpha158_csi300_custom_step0_s_20260519_15,d60c69a62a3446588f3652c3aedde5c1,0.047,,,
1011,2026-05-19,SH600183,-0.14923693867870055,EXP_DEnsembleModel_Alpha158_csi300_custom_step0_s_20260519_15,d60c69a62a3446588f3652c3aedde5c1,0.047,,,
1012,2026-05-19,SH600346,0.1430095563222952,EXP_DEnsembleModel_Alpha158_csi300_custom_step0_s_20260519_15,d60c69a62a3446588f3652c3aedde5c1,0.047,,,
1013,2026-05-19,SH601238,-0.05712722237277519,EXP_DEnsembleModel_Alpha158_csi300_custom_step0_s_20260519_15,d60c69a62a3446588f3652c3aedde5c1,0.047,,,
1014,2026-05-19,SH600482,-0.0667887326775815,EXP_DEnsembleModel_Alpha158_csi300_custom_step0_s_20260519_15,d60c69a62a3446588f3652c3aedde5c1,0.047,,,
1015,2026-05-19,SH600515,-0.06364054130223946,EXP_DEnsembleModel_Alpha158_csi300_custom_step0_s_20260519_15,d60c69a62a3446588f3652c3aedde5c1,0.047,,,
1016,2026-05-19,SH600809,0.047902731045706214,EXP_DEnsembleModel_Alpha158_csi300_custom_step0_s_20260519_15,d60c69a62a3446588f3652c3aedde5c1,0.047,,,
1017,2026-05-19,SH600803,-0.013295961220271279,EXP_DEnsembleModel_Alpha158_csi300_custom_step0_s_20260519_15,d60c69a62a3446588f3652c3aedde5c1,0.047,,,
1018,2026-05-19,SH600795,0.061949896637353126,EXP_DEnsembleModel_Alpha158_csi300_custom_step0_s_20260519_15,d60c69a62a3446588f3652c3aedde5c1,0.047,,,
1019,2026-05-19,SH600760,-0.06263053647246038,EXP_DEnsembleModel_Alpha158_csi300_custom_step0_s_20260519_15,d60c69a62a3446588f3652c3aedde5c1,0.047,,,
1020,2026-05-19,SH600741,-0.006645406326759569,EXP_DEnsembleModel_Alpha158_csi300_custom_step0_s_20260519_15,d60c69a62a3446588f3652c3aedde5c1,0.047,,,
1021,2026-05-19,SH600690,-0.013430901464134627,EXP_DEnsembleModel_Alpha158_csi300_custom_step0_s_20260519_15,d60c69a62a3446588f3652c3aedde5c1,0.047,,,
1022,2026-05-19,SH600674,0.10601815277407689,EXP_DEnsembleModel_Alpha158_csi300_custom_step0_s_20260519_15,d60c69a62a3446588f3652c3aedde5c1,0.047,,,
1023,2026-05-19,SH600489,0.08989880458699495,EXP_DEnsembleModel_Alpha158_csi300_custom_step0_s_20260519_15,d60c69a62a3446588f3652c3aedde5c1,0.047,,,
1024,2026-05-19,SH600660,-0.05149898493773687,EXP_DEnsembleModel_Alpha158_csi300_custom_step0_s_20260519_15,d60c69a62a3446588f3652c3aedde5c1,0.047,,,
1025,2026-05-19,SH600588,-0.08211338832270908,EXP_DEnsembleModel_Alpha158_csi300_custom_step0_s_20260519_15,d60c69a62a3446588f3652c3aedde5c1,0.047,,,
1026,2026-05-19,SH600585,-0.09976804065952298,EXP_DEnsembleModel_Alpha158_csi300_custom_step0_s_20260519_15,d60c69a62a3446588f3652c3aedde5c1,0.047,,,
1027,2026-05-19,SH600584,0.1573441412114556,EXP_DEnsembleModel_Alpha158_csi300_custom_step0_s_20260519_15,d60c69a62a3446588f3652c3aedde5c1,0.047,,,
1028,2026-05-19,SH600570,0.08937347841908926,EXP_DEnsembleModel_Alpha158_csi300_custom_step0_s_20260519_15,d60c69a62a3446588f3652c3aedde5c1,0.047,,,
1029,2026-05-19,SH600547,0.13687872948836352,EXP_DEnsembleModel_Alpha158_csi300_custom_step0_s_20260519_15,d60c69a62a3446588f3652c3aedde5c1,0.047,,,
1030,2026-05-19,SH600522,-0.0648991322629504,EXP_DEnsembleModel_Alpha158_csi300_custom_step0_s_20260519_15,d60c69a62a3446588f3652c3aedde5c1,0.047,,,
1031,2026-05-19,SH600519,-0.10531006338052294,EXP_DEnsembleModel_Alpha158_csi300_custom_step0_s_20260519_15,d60c69a62a3446588f3652c3aedde5c1,0.047,,,
1032,2026-05-19,SH600600,-0.037051207460214806,EXP_DEnsembleModel_Alpha158_csi300_custom_step0_s_20260519_15,d60c69a62a3446588f3652c3aedde5c1,0.047,,,
1033,2026-05-19,SH601288,-0.01218762432748435,EXP_DEnsembleModel_Alpha158_csi300_custom_step0_s_20260519_15,d60c69a62a3446588f3652c3aedde5c1,0.047,,,
1034,2026-05-19,SH601298,0.0309289003077706,EXP_DEnsembleModel_Alpha158_csi300_custom_step0_s_20260519_15,d60c69a62a3446588f3652c3aedde5c1,0.047,,,
1035,2026-05-19,SH601318,-0.05349692937325518,EXP_DEnsembleModel_Alpha158_csi300_custom_step0_s_20260519_15,d60c69a62a3446588f3652c3aedde5c1,0.047,,,
1036,2026-05-19,SH603799,-0.00703982091601454,EXP_DEnsembleModel_Alpha158_csi300_custom_step0_s_20260519_15,d60c69a62a3446588f3652c3aedde5c1,0.047,,,
1037,2026-05-19,SH603501,0.04046003938119149,EXP_DEnsembleModel_Alpha158_csi300_custom_step0_s_20260519_15,d60c69a62a3446588f3652c3aedde5c1,0.047,,,
1038,2026-05-19,SH603392,-0.04378359780478982,EXP_DEnsembleModel_Alpha158_csi300_custom_step0_s_20260519_15,d60c69a62a3446588f3652c3aedde5c1,0.047,,,
1039,2026-05-19,SH603369,0.033321504508883194,EXP_DEnsembleModel_Alpha158_csi300_custom_step0_s_20260519_15,d60c69a62a3446588f3652c3aedde5c1,0.047,,,
1040,2026-05-19,SH603296,0.22422588736550814,EXP_DEnsembleModel_Alpha158_csi300_custom_step0_s_20260519_15,d60c69a62a3446588f3652c3aedde5c1,0.047,,,
1041,2026-05-19,SH603288,0.007628646457047064,EXP_DEnsembleModel_Alpha158_csi300_custom_step0_s_20260519_15,d60c69a62a3446588f3652c3aedde5c1,0.047,,,
1042,2026-05-19,SH603260,0.039899251934942065,EXP_DEnsembleModel_Alpha158_csi300_custom_step0_s_20260519_15,d60c69a62a3446588f3652c3aedde5c1,0.047,,,
1043,2026-05-19,SH603893,0.08261915014799015,EXP_DEnsembleModel_Alpha158_csi300_custom_step0_s_20260519_15,d60c69a62a3446588f3652c3aedde5c1,0.047,,,
1044,2026-05-19,SH603259,0.07105589261712285,EXP_DEnsembleModel_Alpha158_csi300_custom_step0_s_20260519_15,d60c69a62a3446588f3652c3aedde5c1,0.047,,,
1045,2026-05-19,SH603019,0.07828109121085582,EXP_DEnsembleModel_Alpha158_csi300_custom_step0_s_20260519_15,d60c69a62a3446588f3652c3aedde5c1,0.047,,,
1046,2026-05-19,SH601998,-0.043787559775858347,EXP_DEnsembleModel_Alpha158_csi300_custom_step0_s_20260519_15,d60c69a62a3446588f3652c3aedde5c1,0.047,,,
1047,2026-05-19,SH601995,0.062130006016539195,EXP_DEnsembleModel_Alpha158_csi300_custom_step0_s_20260519_15,d60c69a62a3446588f3652c3aedde5c1,0.047,,,
1048,2026-05-19,SH601988,-0.05589442902579258,EXP_DEnsembleModel_Alpha158_csi300_custom_step0_s_20260519_15,d60c69a62a3446588f3652c3aedde5c1,0.047,,,
1049,2026-05-19,SH601985,0.12134163359269812,EXP_DEnsembleModel_Alpha158_csi300_custom_step0_s_20260519_15,d60c69a62a3446588f3652c3aedde5c1,0.047,,,
1050,2026-05-19,SH601939,0.07090915265748653,EXP_DEnsembleModel_Alpha158_csi300_custom_step0_s_20260519_15,d60c69a62a3446588f3652c3aedde5c1,0.047,,,
1051,2026-05-19,SH601919,-0.07460224882430276,EXP_DEnsembleModel_Alpha158_csi300_custom_step0_s_20260519_15,d60c69a62a3446588f3652c3aedde5c1,0.047,,,
1052,2026-05-19,SH603195,0.09182725807743526,EXP_DEnsembleModel_Alpha158_csi300_custom_step0_s_20260519_15,d60c69a62a3446588f3652c3aedde5c1,0.047,,,
1053,2026-05-19,SH601916,-0.013764369218622084,EXP_DEnsembleModel_Alpha158_csi300_custom_step0_s_20260519_15,d60c69a62a3446588f3652c3aedde5c1,0.047,,,
1054,2026-05-19,SH603986,-0.016023764213981374,EXP_DEnsembleModel_Alpha158_csi300_custom_step0_s_20260519_15,d60c69a62a3446588f3652c3aedde5c1,0.047,,,
1055,2026-05-19,SH605117,0.2456701053738861,EXP_DEnsembleModel_Alpha158_csi300_custom_step0_s_20260519_15,d60c69a62a3446588f3652c3aedde5c1,0.047,,,
1056,2026-05-19,SH688303,0.055792878033757896,EXP_DEnsembleModel_Alpha158_csi300_custom_step0_s_20260519_15,d60c69a62a3446588f3652c3aedde5c1,0.047,,,
1057,2026-05-19,SH688271,-0.08203456499903357,EXP_DEnsembleModel_Alpha158_csi300_custom_step0_s_20260519_15,d60c69a62a3446588f3652c3aedde5c1,0.047,,,
1058,2026-05-19,SH688256,-0.10156065252979025,EXP_DEnsembleModel_Alpha158_csi300_custom_step0_s_20260519_15,d60c69a62a3446588f3652c3aedde5c1,0.047,,,
1059,2026-05-19,SH688223,-0.05683883588880082,EXP_DEnsembleModel_Alpha158_csi300_custom_step0_s_20260519_15,d60c69a62a3446588f3652c3aedde5c1,0.047,,,
1060,2026-05-19,SH688187,-0.12475569608646925,EXP_DEnsembleModel_Alpha158_csi300_custom_step0_s_20260519_15,d60c69a62a3446588f3652c3aedde5c1,0.047,,,
1061,2026-05-19,SH688169,-0.03122368486263641,EXP_DEnsembleModel_Alpha158_csi300_custom_step0_s_20260519_15,d60c69a62a3446588f3652c3aedde5c1,0.047,,,
1062,2026-05-19,SH688126,0.2060672306408117,EXP_DEnsembleModel_Alpha158_csi300_custom_step0_s_20260519_15,d60c69a62a3446588f3652c3aedde5c1,0.047,,,
1063,2026-05-19,SH603993,0.08426435001190441,EXP_DEnsembleModel_Alpha158_csi300_custom_step0_s_20260519_15,d60c69a62a3446588f3652c3aedde5c1,0.047,,,
1064,2026-05-19,SH688111,0.017864508985221312,EXP_DEnsembleModel_Alpha158_csi300_custom_step0_s_20260519_15,d60c69a62a3446588f3652c3aedde5c1,0.047,,,
1065,2026-05-19,SH688047,-0.17550758430900104,EXP_DEnsembleModel_Alpha158_csi300_custom_step0_s_20260519_15,d60c69a62a3446588f3652c3aedde5c1,0.047,,,
1066,2026-05-19,SH688041,-0.08625694651099934,EXP_DEnsembleModel_Alpha158_csi300_custom_step0_s_20260519_15,d60c69a62a3446588f3652c3aedde5c1,0.047,,,
1067,2026-05-19,SH688036,0.25454875185411036,EXP_DEnsembleModel_Alpha158_csi300_custom_step0_s_20260519_15,d60c69a62a3446588f3652c3aedde5c1,0.047,,,
1068,2026-05-19,SH688012,0.34829253107065045,EXP_DEnsembleModel_Alpha158_csi300_custom_step0_s_20260519_15,d60c69a62a3446588f3652c3aedde5c1,0.047,,,
1069,2026-05-19,SH688009,-0.011287596120883878,EXP_DEnsembleModel_Alpha158_csi300_custom_step0_s_20260519_15,d60c69a62a3446588f3652c3aedde5c1,0.047,,,
1070,2026-05-19,SH688008,-0.16424131400930783,EXP_DEnsembleModel_Alpha158_csi300_custom_step0_s_20260519_15,d60c69a62a3446588f3652c3aedde5c1,0.047,,,
1071,2026-05-19,SH605499,0.11101909852656323,EXP_DEnsembleModel_Alpha158_csi300_custom_step0_s_20260519_15,d60c69a62a3446588f3652c3aedde5c1,0.047,,,
1072,2026-05-19,SH688082,-0.002818155697029727,EXP_DEnsembleModel_Alpha158_csi300_custom_step0_s_20260519_15,d60c69a62a3446588f3652c3aedde5c1,0.047,,,
1073,2026-05-19,SH600176,-0.0528371962503128,EXP_DEnsembleModel_Alpha158_csi300_custom_step0_s_20260519_15,d60c69a62a3446588f3652c3aedde5c1,0.047,,,
1074,2026-05-19,SH601901,0.08378484399668948,EXP_DEnsembleModel_Alpha158_csi300_custom_step0_s_20260519_15,d60c69a62a3446588f3652c3aedde5c1,0.047,,,
1075,2026-05-19,SH601898,0.047370858531824024,EXP_DEnsembleModel_Alpha158_csi300_custom_step0_s_20260519_15,d60c69a62a3446588f3652c3aedde5c1,0.047,,,
1076,2026-05-19,SH601668,-0.05762198747003633,EXP_DEnsembleModel_Alpha158_csi300_custom_step0_s_20260519_15,d60c69a62a3446588f3652c3aedde5c1,0.047,,,
1077,2026-05-19,SH601658,-0.07648596674068674,EXP_DEnsembleModel_Alpha158_csi300_custom_step0_s_20260519_15,d60c69a62a3446588f3652c3aedde5c1,0.047,,,
1078,2026-05-19,SH601633,-0.0033449786911264085,EXP_DEnsembleModel_Alpha158_csi300_custom_step0_s_20260519_15,d60c69a62a3446588f3652c3aedde5c1,0.047,,,
1079,2026-05-19,SH601628,-0.059270226034672746,EXP_DEnsembleModel_Alpha158_csi300_custom_step0_s_20260519_15,d60c69a62a3446588f3652c3aedde5c1,0.047,,,
1080,2026-05-19,SH601618,-0.013422327690640544,EXP_DEnsembleModel_Alpha158_csi300_custom_step0_s_20260519_15,d60c69a62a3446588f3652c3aedde5c1,0.047,,,
1081,2026-05-19,SH601607,-0.003740661270350975,EXP_DEnsembleModel_Alpha158_csi300_custom_step0_s_20260519_15,d60c69a62a3446588f3652c3aedde5c1,0.047,,,
1082,2026-05-19,SH601601,-0.019344401963178666,EXP_DEnsembleModel_Alpha158_csi300_custom_step0_s_20260519_15,d60c69a62a3446588f3652c3aedde5c1,0.047,,,
1083,2026-05-19,SH601669,0.01244329973755322,EXP_DEnsembleModel_Alpha158_csi300_custom_step0_s_20260519_15,d60c69a62a3446588f3652c3aedde5c1,0.047,,,
1084,2026-05-19,SH601600,0.06442497362052695,EXP_DEnsembleModel_Alpha158_csi300_custom_step0_s_20260519_15,d60c69a62a3446588f3652c3aedde5c1,0.047,,,
1085,2026-05-19,SH601398,-0.043252962008693156,EXP_DEnsembleModel_Alpha158_csi300_custom_step0_s_20260519_15,d60c69a62a3446588f3652c3aedde5c1,0.047,,,
1086,2026-05-19,SH601390,-0.04292304164092911,EXP_DEnsembleModel_Alpha158_csi300_custom_step0_s_20260519_15,d60c69a62a3446588f3652c3aedde5c1,0.047,,,
1087,2026-05-19,SH601377,0.06531330930046382,EXP_DEnsembleModel_Alpha158_csi300_custom_step0_s_20260519_15,d60c69a62a3446588f3652c3aedde5c1,0.047,,,
1088,2026-05-19,SH601360,0.051949068296094615,EXP_DEnsembleModel_Alpha158_csi300_custom_step0_s_20260519_15,d60c69a62a3446588f3652c3aedde5c1,0.047,,,
1089,2026-05-19,SH601336,-0.05053274098575732,EXP_DEnsembleModel_Alpha158_csi300_custom_step0_s_20260519_15,d60c69a62a3446588f3652c3aedde5c1,0.047,,,
1090,2026-05-19,SH601328,-0.07540882908015777,EXP_DEnsembleModel_Alpha158_csi300_custom_step0_s_20260519_15,d60c69a62a3446588f3652c3aedde5c1,0.047,,,
1091,2026-05-19,SH601319,-0.013982878421818286,EXP_DEnsembleModel_Alpha158_csi300_custom_step0_s_20260519_15,d60c69a62a3446588f3652c3aedde5c1,0.047,,,
1092,2026-05-19,SH601456,0.012151083617634484,EXP_DEnsembleModel_Alpha158_csi300_custom_step0_s_20260519_15,d60c69a62a3446588f3652c3aedde5c1,0.047,,,
1093,2026-05-19,SH601899,0.06334333280873966,EXP_DEnsembleModel_Alpha158_csi300_custom_step0_s_20260519_15,d60c69a62a3446588f3652c3aedde5c1,0.047,,,
1094,2026-05-19,SH601688,-0.003921276421943295,EXP_DEnsembleModel_Alpha158_csi300_custom_step0_s_20260519_15,d60c69a62a3446588f3652c3aedde5c1,0.047,,,
1095,2026-05-19,SH601698,0.11668661196235745,EXP_DEnsembleModel_Alpha158_csi300_custom_step0_s_20260519_15,d60c69a62a3446588f3652c3aedde5c1,0.047,,,
1096,2026-05-19,SH601888,0.04870563882175269,EXP_DEnsembleModel_Alpha158_csi300_custom_step0_s_20260519_15,d60c69a62a3446588f3652c3aedde5c1,0.047,,,
1097,2026-05-19,SH601881,0.023926343943870016,EXP_DEnsembleModel_Alpha158_csi300_custom_step0_s_20260519_15,d60c69a62a3446588f3652c3aedde5c1,0.047,,,
1098,2026-05-19,SH601878,0.03760076820293636,EXP_DEnsembleModel_Alpha158_csi300_custom_step0_s_20260519_15,d60c69a62a3446588f3652c3aedde5c1,0.047,,,
1099,2026-05-19,SH601877,-0.0377687885381315,EXP_DEnsembleModel_Alpha158_csi300_custom_step0_s_20260519_15,d60c69a62a3446588f3652c3aedde5c1,0.047,,,
1100,2026-05-19,SH601872,0.021446173574133715,EXP_DEnsembleModel_Alpha158_csi300_custom_step0_s_20260519_15,d60c69a62a3446588f3652c3aedde5c1,0.047,,,
1101,2026-05-19,SH601868,-0.13686623528105732,EXP_DEnsembleModel_Alpha158_csi300_custom_step0_s_20260519_15,d60c69a62a3446588f3652c3aedde5c1,0.047,,,
1102,2026-05-19,SH601857,0.03906291085369228,EXP_DEnsembleModel_Alpha158_csi300_custom_step0_s_20260519_15,d60c69a62a3446588f3652c3aedde5c1,0.047,,,
1103,2026-05-19,SH601689,0.09414494147983715,EXP_DEnsembleModel_Alpha158_csi300_custom_step0_s_20260519_15,d60c69a62a3446588f3652c3aedde5c1,0.047,,,
1104,2026-05-19,SH601838,0.10476137101610891,EXP_DEnsembleModel_Alpha158_csi300_custom_step0_s_20260519_15,d60c69a62a3446588f3652c3aedde5c1,0.047,,,
1105,2026-05-19,SH601818,-0.053991837514776896,EXP_DEnsembleModel_Alpha158_csi300_custom_step0_s_20260519_15,d60c69a62a3446588f3652c3aedde5c1,0.047,,,
1106,2026-05-19,SH601816,-0.050536788118934695,EXP_DEnsembleModel_Alpha158_csi300_custom_step0_s_20260519_15,d60c69a62a3446588f3652c3aedde5c1,0.047,,,
1107,2026-05-19,SH601808,-0.006781161406038959,EXP_DEnsembleModel_Alpha158_csi300_custom_step0_s_20260519_15,d60c69a62a3446588f3652c3aedde5c1,0.047,,,
1108,2026-05-19,SH601800,-0.07376423302290001,EXP_DEnsembleModel_Alpha158_csi300_custom_step0_s_20260519_15,d60c69a62a3446588f3652c3aedde5c1,0.047,,,
1109,2026-05-19,SH601788,0.0057440063431598316,EXP_DEnsembleModel_Alpha158_csi300_custom_step0_s_20260519_15,d60c69a62a3446588f3652c3aedde5c1,0.047,,,
1110,2026-05-19,SH601766,-0.06216025945540457,EXP_DEnsembleModel_Alpha158_csi300_custom_step0_s_20260519_15,d60c69a62a3446588f3652c3aedde5c1,0.047,,,
1111,2026-05-19,SH601728,0.028689225647320873,EXP_DEnsembleModel_Alpha158_csi300_custom_step0_s_20260519_15,d60c69a62a3446588f3652c3aedde5c1,0.047,,,
1112,2026-05-19,SH601825,-0.05314140738886039,EXP_DEnsembleModel_Alpha158_csi300_custom_step0_s_20260519_15,d60c69a62a3446588f3652c3aedde5c1,0.047,,,
1113,2026-05-19,SH600161,-0.05549877379323396,EXP_DEnsembleModel_Alpha158_csi300_custom_step0_s_20260519_15,d60c69a62a3446588f3652c3aedde5c1,0.047,,,
1114,2026-05-19,SH600160,0.1306349896444643,EXP_DEnsembleModel_Alpha158_csi300_custom_step0_s_20260519_15,d60c69a62a3446588f3652c3aedde5c1,0.047,,,
1115,2026-05-19,SH600150,0.1429226207345364,EXP_DEnsembleModel_Alpha158_csi300_custom_step0_s_20260519_15,d60c69a62a3446588f3652c3aedde5c1,0.047,,,
1116,2026-05-19,SZ001965,0.027604369976013152,EXP_DEnsembleModel_Alpha158_csi300_custom_step0_s_20260519_15,6780a4e0278e44e3862701c3913272db,0.08,,,
1117,2026-05-19,SZ001391,0.03305168340473258,EXP_DEnsembleModel_Alpha158_csi300_custom_step0_s_20260519_15,6780a4e0278e44e3862701c3913272db,0.08,,,
1118,2026-05-19,SZ000999,-0.046059760860728355,EXP_DEnsembleModel_Alpha158_csi300_custom_step0_s_20260519_15,6780a4e0278e44e3862701c3913272db,0.08,,,
1119,2026-05-19,SZ000983,-0.06995331933438169,EXP_DEnsembleModel_Alpha158_csi300_custom_step0_s_20260519_15,6780a4e0278e44e3862701c3913272db,0.08,,,
1120,2026-05-19,SZ000977,-0.054820220701483756,EXP_DEnsembleModel_Alpha158_csi300_custom_step0_s_20260519_15,6780a4e0278e44e3862701c3913272db,0.08,,,
1121,2026-05-19,SZ000975,-0.02634640348805264,EXP_DEnsembleModel_Alpha158_csi300_custom_step0_s_20260519_15,6780a4e0278e44e3862701c3913272db,0.08,,,
1122,2026-05-19,SZ000963,-0.09579356020870626,EXP_DEnsembleModel_Alpha158_csi300_custom_step0_s_20260519_15,6780a4e0278e44e3862701c3913272db,0.08,,,
1123,2026-05-19,SZ001979,-0.09291404405135258,EXP_DEnsembleModel_Alpha158_csi300_custom_step0_s_20260519_15,6780a4e0278e44e3862701c3913272db,0.08,,,
1124,2026-05-19,SZ000938,-0.018993509330522667,EXP_DEnsembleModel_Alpha158_csi300_custom_step0_s_20260519_15,6780a4e0278e44e3862701c3913272db,0.08,,,
1125,2026-05-19,SZ000876,-0.023949734158770105,EXP_DEnsembleModel_Alpha158_csi300_custom_step0_s_20260519_15,6780a4e0278e44e3862701c3913272db,0.08,,,
1126,2026-05-19,SZ000858,0.04351864568212867,EXP_DEnsembleModel_Alpha158_csi300_custom_step0_s_20260519_15,6780a4e0278e44e3862701c3913272db,0.08,,,
1127,2026-05-19,SZ000807,-0.0029595873277566465,EXP_DEnsembleModel_Alpha158_csi300_custom_step0_s_20260519_15,6780a4e0278e44e3862701c3913272db,0.08,,,
1128,2026-05-19,SZ000792,-0.00850058489590499,EXP_DEnsembleModel_Alpha158_csi300_custom_step0_s_20260519_15,6780a4e0278e44e3862701c3913272db,0.08,,,
1129,2026-05-19,SZ000786,-0.10124827127557766,EXP_DEnsembleModel_Alpha158_csi300_custom_step0_s_20260519_15,6780a4e0278e44e3862701c3913272db,0.08,,,
1130,2026-05-19,SZ000776,-0.05942507223808512,EXP_DEnsembleModel_Alpha158_csi300_custom_step0_s_20260519_15,6780a4e0278e44e3862701c3913272db,0.08,,,
1131,2026-05-19,SZ000768,-0.09448122394500438,EXP_DEnsembleModel_Alpha158_csi300_custom_step0_s_20260519_15,6780a4e0278e44e3862701c3913272db,0.08,,,
1132,2026-05-19,SZ000895,0.06545682429369166,EXP_DEnsembleModel_Alpha158_csi300_custom_step0_s_20260519_15,6780a4e0278e44e3862701c3913272db,0.08,,,
1133,2026-05-19,SZ000725,0.10569437366633648,EXP_DEnsembleModel_Alpha158_csi300_custom_step0_s_20260519_15,6780a4e0278e44e3862701c3913272db,0.08,,,
1134,2026-05-19,SZ002001,0.056337997246218734,EXP_DEnsembleModel_Alpha158_csi300_custom_step0_s_20260519_15,6780a4e0278e44e3862701c3913272db,0.08,,,
1135,2026-05-19,SZ002028,-0.020451960631090327,EXP_DEnsembleModel_Alpha158_csi300_custom_step0_s_20260519_15,6780a4e0278e44e3862701c3913272db,0.08,,,
1136,2026-05-19,SZ002422,0.0033846691305512286,EXP_DEnsembleModel_Alpha158_csi300_custom_step0_s_20260519_15,6780a4e0278e44e3862701c3913272db,0.08,,,
1137,2026-05-19,SZ002415,-0.11102441112340074,EXP_DEnsembleModel_Alpha158_csi300_custom_step0_s_20260519_15,6780a4e0278e44e3862701c3913272db,0.08,,,
1138,2026-05-19,SZ002384,0.19571332037564118,EXP_DEnsembleModel_Alpha158_csi300_custom_step0_s_20260519_15,6780a4e0278e44e3862701c3913272db,0.08,,,
1139,2026-05-19,SZ002371,-0.15168672801614583,EXP_DEnsembleModel_Alpha158_csi300_custom_step0_s_20260519_15,6780a4e0278e44e3862701c3913272db,0.08,,,
1140,2026-05-19,SZ002352,-0.05113886389798589,EXP_DEnsembleModel_Alpha158_csi300_custom_step0_s_20260519_15,6780a4e0278e44e3862701c3913272db,0.08,,,
1141,2026-05-19,SZ002311,0.012320352489474459,EXP_DEnsembleModel_Alpha158_csi300_custom_step0_s_20260519_15,6780a4e0278e44e3862701c3913272db,0.08,,,
1142,2026-05-19,SZ002304,-0.07622994438556281,EXP_DEnsembleModel_Alpha158_csi300_custom_step0_s_20260519_15,6780a4e0278e44e3862701c3913272db,0.08,,,
1143,2026-05-19,SZ002027,-0.06499141015728035,EXP_DEnsembleModel_Alpha158_csi300_custom_step0_s_20260519_15,6780a4e0278e44e3862701c3913272db,0.08,,,
1144,2026-05-19,SZ002252,-0.04416290912190476,EXP_DEnsembleModel_Alpha158_csi300_custom_step0_s_20260519_15,6780a4e0278e44e3862701c3913272db,0.08,,,
1145,2026-05-19,SZ002236,-0.12334413566113915,EXP_DEnsembleModel_Alpha158_csi300_custom_step0_s_20260519_15,6780a4e0278e44e3862701c3913272db,0.08,,,
1146,2026-05-19,SZ002230,-0.05333468999582323,EXP_DEnsembleModel_Alpha158_csi300_custom_step0_s_20260519_15,6780a4e0278e44e3862701c3913272db,0.08,,,
1147,2026-05-19,SZ002179,-0.18103891973139105,EXP_DEnsembleModel_Alpha158_csi300_custom_step0_s_20260519_15,6780a4e0278e44e3862701c3913272db,0.08,,,
1148,2026-05-19,SZ002142,0.01096779693671561,EXP_DEnsembleModel_Alpha158_csi300_custom_step0_s_20260519_15,6780a4e0278e44e3862701c3913272db,0.08,,,
1149,2026-05-19,SZ002074,-0.049785946787055765,EXP_DEnsembleModel_Alpha158_csi300_custom_step0_s_20260519_15,6780a4e0278e44e3862701c3913272db,0.08,,,
1150,2026-05-19,SZ002050,-0.10357367719110626,EXP_DEnsembleModel_Alpha158_csi300_custom_step0_s_20260519_15,6780a4e0278e44e3862701c3913272db,0.08,,,
1151,2026-05-19,SZ002049,-0.02425281299313088,EXP_DEnsembleModel_Alpha158_csi300_custom_step0_s_20260519_15,6780a4e0278e44e3862701c3913272db,0.08,,,
1152,2026-05-19,SZ002241,0.003351970665831681,EXP_DEnsembleModel_Alpha158_csi300_custom_step0_s_20260519_15,6780a4e0278e44e3862701c3913272db,0.08,,,
1153,2026-05-19,SZ002459,-0.018953896864010764,EXP_DEnsembleModel_Alpha158_csi300_custom_step0_s_20260519_15,6780a4e0278e44e3862701c3913272db,0.08,,,
1154,2026-05-19,SZ000708,0.012557674691517461,EXP_DEnsembleModel_Alpha158_csi300_custom_step0_s_20260519_15,6780a4e0278e44e3862701c3913272db,0.08,,,
1155,2026-05-19,SZ000651,0.10679859150604053,EXP_DEnsembleModel_Alpha158_csi300_custom_step0_s_20260519_15,6780a4e0278e44e3862701c3913272db,0.08,,,
1156,2026-05-19,SH688396,-0.1039590575299543,EXP_DEnsembleModel_Alpha158_csi300_custom_step0_s_20260519_15,6780a4e0278e44e3862701c3913272db,0.08,,,
1157,2026-05-19,SH688303,-0.0532732686633324,EXP_DEnsembleModel_Alpha158_csi300_custom_step0_s_20260519_15,6780a4e0278e44e3862701c3913272db,0.08,,,
1158,2026-05-19,SH688271,-0.09043137838819296,EXP_DEnsembleModel_Alpha158_csi300_custom_step0_s_20260519_15,6780a4e0278e44e3862701c3913272db,0.08,,,
1159,2026-05-19,SH688256,0.030143356217223166,EXP_DEnsembleModel_Alpha158_csi300_custom_step0_s_20260519_15,6780a4e0278e44e3862701c3913272db,0.08,,,
1160,2026-05-19,SH688223,-0.07390471290612093,EXP_DEnsembleModel_Alpha158_csi300_custom_step0_s_20260519_15,6780a4e0278e44e3862701c3913272db,0.08,,,
1161,2026-05-19,SH688187,-0.05332293188493933,EXP_DEnsembleModel_Alpha158_csi300_custom_step0_s_20260519_15,6780a4e0278e44e3862701c3913272db,0.08,,,
1162,2026-05-19,SH688169,-0.15091678923537638,EXP_DEnsembleModel_Alpha158_csi300_custom_step0_s_20260519_15,6780a4e0278e44e3862701c3913272db,0.08,,,
1163,2026-05-19,SH688472,-0.05592460315491422,EXP_DEnsembleModel_Alpha158_csi300_custom_step0_s_20260519_15,6780a4e0278e44e3862701c3913272db,0.08,,,
1164,2026-05-19,SH688126,-0.18412265434010555,EXP_DEnsembleModel_Alpha158_csi300_custom_step0_s_20260519_15,6780a4e0278e44e3862701c3913272db,0.08,,,
1165,2026-05-19,SH688082,-0.06818152024078569,EXP_DEnsembleModel_Alpha158_csi300_custom_step0_s_20260519_15,6780a4e0278e44e3862701c3913272db,0.08,,,
1166,2026-05-19,SH688047,0.0052362125729693695,EXP_DEnsembleModel_Alpha158_csi300_custom_step0_s_20260519_15,6780a4e0278e44e3862701c3913272db,0.08,,,
1167,2026-05-19,SH688041,0.21403859816247664,EXP_DEnsembleModel_Alpha158_csi300_custom_step0_s_20260519_15,6780a4e0278e44e3862701c3913272db,0.08,,,
1168,2026-05-19,SH688036,0.03824351173128514,EXP_DEnsembleModel_Alpha158_csi300_custom_step0_s_20260519_15,6780a4e0278e44e3862701c3913272db,0.08,,,
1169,2026-05-19,SH688012,-0.1887689845894951,EXP_DEnsembleModel_Alpha158_csi300_custom_step0_s_20260519_15,6780a4e0278e44e3862701c3913272db,0.08,,,
1170,2026-05-19,SH688009,-0.029641341923220436,EXP_DEnsembleModel_Alpha158_csi300_custom_step0_s_20260519_15,6780a4e0278e44e3862701c3913272db,0.08,,,
1171,2026-05-19,SH688008,0.025296967626157334,EXP_DEnsembleModel_Alpha158_csi300_custom_step0_s_20260519_15,6780a4e0278e44e3862701c3913272db,0.08,,,
1172,2026-05-19,SH688111,-0.170801455997339,EXP_DEnsembleModel_Alpha158_csi300_custom_step0_s_20260519_15,6780a4e0278e44e3862701c3913272db,0.08,,,
1173,2026-05-19,SZ000661,-0.10417815805548428,EXP_DEnsembleModel_Alpha158_csi300_custom_step0_s_20260519_15,6780a4e0278e44e3862701c3913272db,0.08,,,
1174,2026-05-19,SH688506,-0.046998808795393844,EXP_DEnsembleModel_Alpha158_csi300_custom_step0_s_20260519_15,6780a4e0278e44e3862701c3913272db,0.08,,,
1175,2026-05-19,SZ000001,-0.012741039740807371,EXP_DEnsembleModel_Alpha158_csi300_custom_step0_s_20260519_15,6780a4e0278e44e3862701c3913272db,0.08,,,
1176,2026-05-19,SZ000630,-0.061889440384698326,EXP_DEnsembleModel_Alpha158_csi300_custom_step0_s_20260519_15,6780a4e0278e44e3862701c3913272db,0.08,,,
1177,2026-05-19,SZ000625,-0.007968886930177966,EXP_DEnsembleModel_Alpha158_csi300_custom_step0_s_20260519_15,6780a4e0278e44e3862701c3913272db,0.08,,,
1178,2026-05-19,SZ000617,-0.029447566653082874,EXP_DEnsembleModel_Alpha158_csi300_custom_step0_s_20260519_15,6780a4e0278e44e3862701c3913272db,0.08,,,
1179,2026-05-19,SZ000596,-0.05702458350824605,EXP_DEnsembleModel_Alpha158_csi300_custom_step0_s_20260519_15,6780a4e0278e44e3862701c3913272db,0.08,,,
1180,2026-05-19,SZ000568,-0.06336006632520504,EXP_DEnsembleModel_Alpha158_csi300_custom_step0_s_20260519_15,6780a4e0278e44e3862701c3913272db,0.08,,,
1181,2026-05-19,SZ000538,-0.007273678828691379,EXP_DEnsembleModel_Alpha158_csi300_custom_step0_s_20260519_15,6780a4e0278e44e3862701c3913272db,0.08,,,
1182,2026-05-19,SZ000425,-0.09285856783949935,EXP_DEnsembleModel_Alpha158_csi300_custom_step0_s_20260519_15,6780a4e0278e44e3862701c3913272db,0.08,,,
1183,2026-05-19,SH688981,-0.09434947320981478,EXP_DEnsembleModel_Alpha158_csi300_custom_step0_s_20260519_15,6780a4e0278e44e3862701c3913272db,0.08,,,
1184,2026-05-19,SZ000408,-0.059626404313898436,EXP_DEnsembleModel_Alpha158_csi300_custom_step0_s_20260519_15,6780a4e0278e44e3862701c3913272db,0.08,,,
1185,2026-05-19,SZ000333,0.09964328351652332,EXP_DEnsembleModel_Alpha158_csi300_custom_step0_s_20260519_15,6780a4e0278e44e3862701c3913272db,0.08,,,
1186,2026-05-19,SZ000301,-0.011159564801968756,EXP_DEnsembleModel_Alpha158_csi300_custom_step0_s_20260519_15,6780a4e0278e44e3862701c3913272db,0.08,,,
1187,2026-05-19,SZ000166,-0.06579288794514077,EXP_DEnsembleModel_Alpha158_csi300_custom_step0_s_20260519_15,6780a4e0278e44e3862701c3913272db,0.08,,,
1188,2026-05-19,SZ000157,-0.040403978209253434,EXP_DEnsembleModel_Alpha158_csi300_custom_step0_s_20260519_15,6780a4e0278e44e3862701c3913272db,0.08,,,
1189,2026-05-19,SZ000100,-0.011794092834680057,EXP_DEnsembleModel_Alpha158_csi300_custom_step0_s_20260519_15,6780a4e0278e44e3862701c3913272db,0.08,,,
1190,2026-05-19,SZ000063,-0.08812092602968656,EXP_DEnsembleModel_Alpha158_csi300_custom_step0_s_20260519_15,6780a4e0278e44e3862701c3913272db,0.08,,,
1191,2026-05-19,SZ000002,-0.10818862026714912,EXP_DEnsembleModel_Alpha158_csi300_custom_step0_s_20260519_15,6780a4e0278e44e3862701c3913272db,0.08,,,
1192,2026-05-19,SZ000338,0.17114848515960865,EXP_DEnsembleModel_Alpha158_csi300_custom_step0_s_20260519_15,6780a4e0278e44e3862701c3913272db,0.08,,,
1193,2026-05-19,SH605117,-0.0644449876761521,EXP_DEnsembleModel_Alpha158_csi300_custom_step0_s_20260519_15,6780a4e0278e44e3862701c3913272db,0.08,,,
1194,2026-05-19,SZ002460,0.02085350927288144,EXP_DEnsembleModel_Alpha158_csi300_custom_step0_s_20260519_15,6780a4e0278e44e3862701c3913272db,0.08,,,
1195,2026-05-19,SZ002466,0.1457759141057028,EXP_DEnsembleModel_Alpha158_csi300_custom_step0_s_20260519_15,6780a4e0278e44e3862701c3913272db,0.08,,,
1196,2026-05-19,SH600018,0.06186551743166748,EXP_DEnsembleModel_Alpha158_csi300_custom_step0_s_20260519_15,d60c69a62a3446588f3652c3aedde5c1,0.047,,,
1197,2026-05-19,SH600016,-0.058030506020006055,EXP_DEnsembleModel_Alpha158_csi300_custom_step0_s_20260519_15,d60c69a62a3446588f3652c3aedde5c1,0.047,,,
1198,2026-05-19,SH600015,-0.05827788621928158,EXP_DEnsembleModel_Alpha158_csi300_custom_step0_s_20260519_15,d60c69a62a3446588f3652c3aedde5c1,0.047,,,
1199,2026-05-19,SH600011,0.09150907878997516,EXP_DEnsembleModel_Alpha158_csi300_custom_step0_s_20260519_15,d60c69a62a3446588f3652c3aedde5c1,0.047,,,
1200,2026-05-19,SH600010,0.012947698385387027,EXP_DEnsembleModel_Alpha158_csi300_custom_step0_s_20260519_15,d60c69a62a3446588f3652c3aedde5c1,0.047,,,
1201,2026-05-19,SH600009,-0.08300749789310237,EXP_DEnsembleModel_Alpha158_csi300_custom_step0_s_20260519_15,d60c69a62a3446588f3652c3aedde5c1,0.047,,,
1202,2026-05-19,SH600000,-0.07520482087863309,EXP_DEnsembleModel_Alpha158_csi300_custom_step0_s_20260519_15,d60c69a62a3446588f3652c3aedde5c1,0.047,,,
1203,2026-05-19,SH600019,-0.02211058319340514,EXP_DEnsembleModel_Alpha158_csi300_custom_step0_s_20260519_15,d60c69a62a3446588f3652c3aedde5c1,0.047,,,
1204,2026-05-19,SZ302132,-0.1398850390420087,EXP_DEnsembleModel_Alpha158_csi300_custom_step0_s_20260519_15,6780a4e0278e44e3862701c3913272db,0.08,,,
1205,2026-05-19,SZ301236,-0.1302021158572172,EXP_DEnsembleModel_Alpha158_csi300_custom_step0_s_20260519_15,6780a4e0278e44e3862701c3913272db,0.08,,,
1206,2026-05-19,SZ300999,-0.06128021050957959,EXP_DEnsembleModel_Alpha158_csi300_custom_step0_s_20260519_15,6780a4e0278e44e3862701c3913272db,0.08,,,
1207,2026-05-19,SZ300979,0.0040721761447003605,EXP_DEnsembleModel_Alpha158_csi300_custom_step0_s_20260519_15,6780a4e0278e44e3862701c3913272db,0.08,,,
1208,2026-05-19,SZ300896,-0.14398953380327387,EXP_DEnsembleModel_Alpha158_csi300_custom_step0_s_20260519_15,6780a4e0278e44e3862701c3913272db,0.08,,,
1209,2026-05-19,SZ300866,0.054320602101252176,EXP_DEnsembleModel_Alpha158_csi300_custom_step0_s_20260519_15,6780a4e0278e44e3862701c3913272db,0.08,,,
1210,2026-05-19,SZ300832,-0.0881931758666588,EXP_DEnsembleModel_Alpha158_csi300_custom_step0_s_20260519_15,6780a4e0278e44e3862701c3913272db,0.08,,,
1211,2026-05-19,SZ300803,-0.21786321793456126,EXP_DEnsembleModel_Alpha158_csi300_custom_step0_s_20260519_15,6780a4e0278e44e3862701c3913272db,0.08,,,
1212,2026-05-19,SZ301269,-0.12183160371166382,EXP_DEnsembleModel_Alpha158_csi300_custom_step0_s_20260519_15,6780a4e0278e44e3862701c3913272db,0.08,,,
1213,2026-05-19,SZ300782,-0.1531287333440149,EXP_DEnsembleModel_Alpha158_csi300_custom_step0_s_20260519_15,6780a4e0278e44e3862701c3913272db,0.08,,,
1214,2026-05-19,SH600023,0.12204227404785967,EXP_DEnsembleModel_Alpha158_csi300_custom_step0_s_20260519_15,d60c69a62a3446588f3652c3aedde5c1,0.047,,,
1215,2026-05-19,SH600026,0.0825978299661779,EXP_DEnsembleModel_Alpha158_csi300_custom_step0_s_20260519_15,d60c69a62a3446588f3652c3aedde5c1,0.047,,,
1216,2026-05-19,SH600115,-0.016943580828408036,EXP_DEnsembleModel_Alpha158_csi300_custom_step0_s_20260519_15,d60c69a62a3446588f3652c3aedde5c1,0.047,,,
1217,2026-05-19,SH600111,0.03938934549590089,EXP_DEnsembleModel_Alpha158_csi300_custom_step0_s_20260519_15,d60c69a62a3446588f3652c3aedde5c1,0.047,,,
1218,2026-05-19,SH600104,-0.057891140097501105,EXP_DEnsembleModel_Alpha158_csi300_custom_step0_s_20260519_15,d60c69a62a3446588f3652c3aedde5c1,0.047,,,
1219,2026-05-19,SH600089,-0.021300738359068004,EXP_DEnsembleModel_Alpha158_csi300_custom_step0_s_20260519_15,d60c69a62a3446588f3652c3aedde5c1,0.047,,,
1220,2026-05-19,SH600085,-0.07225157666086703,EXP_DEnsembleModel_Alpha158_csi300_custom_step0_s_20260519_15,d60c69a62a3446588f3652c3aedde5c1,0.047,,,
1221,2026-05-19,SH600066,0.05680751784997517,EXP_DEnsembleModel_Alpha158_csi300_custom_step0_s_20260519_15,d60c69a62a3446588f3652c3aedde5c1,0.047,,,
1222,2026-05-19,SH600061,0.030575476235083072,EXP_DEnsembleModel_Alpha158_csi300_custom_step0_s_20260519_15,d60c69a62a3446588f3652c3aedde5c1,0.047,,,
1223,2026-05-19,SH600025,-0.015190497793967427,EXP_DEnsembleModel_Alpha158_csi300_custom_step0_s_20260519_15,d60c69a62a3446588f3652c3aedde5c1,0.047,,,
1224,2026-05-19,SH600050,-0.09739462535883821,EXP_DEnsembleModel_Alpha158_csi300_custom_step0_s_20260519_15,d60c69a62a3446588f3652c3aedde5c1,0.047,,,
1225,2026-05-19,SH600039,-0.09330517322385938,EXP_DEnsembleModel_Alpha158_csi300_custom_step0_s_20260519_15,d60c69a62a3446588f3652c3aedde5c1,0.047,,,
1226,2026-05-19,SH600036,-0.06708226295671824,EXP_DEnsembleModel_Alpha158_csi300_custom_step0_s_20260519_15,d60c69a62a3446588f3652c3aedde5c1,0.047,,,
1227,2026-05-19,SH600031,0.0634897112585159,EXP_DEnsembleModel_Alpha158_csi300_custom_step0_s_20260519_15,d60c69a62a3446588f3652c3aedde5c1,0.047,,,
1228,2026-05-19,SH600030,0.05129188145665202,EXP_DEnsembleModel_Alpha158_csi300_custom_step0_s_20260519_15,d60c69a62a3446588f3652c3aedde5c1,0.047,,,
1229,2026-05-19,SH600029,0.006933624944957451,EXP_DEnsembleModel_Alpha158_csi300_custom_step0_s_20260519_15,d60c69a62a3446588f3652c3aedde5c1,0.047,,,
1230,2026-05-19,SH600028,-0.11196273591508081,EXP_DEnsembleModel_Alpha158_csi300_custom_step0_s_20260519_15,d60c69a62a3446588f3652c3aedde5c1,0.047,,,
1231,2026-05-19,SH600027,0.10710419882542506,EXP_DEnsembleModel_Alpha158_csi300_custom_step0_s_20260519_15,d60c69a62a3446588f3652c3aedde5c1,0.047,,,
1232,2026-05-19,SH600048,-0.03244245580561632,EXP_DEnsembleModel_Alpha158_csi300_custom_step0_s_20260519_15,d60c69a62a3446588f3652c3aedde5c1,0.047,,,
1233,2026-05-19,SZ002463,0.05035055121018245,EXP_DEnsembleModel_Alpha158_csi300_custom_step0_s_20260519_15,6780a4e0278e44e3862701c3913272db,0.08,,,
1234,2026-05-19,SZ300760,-0.08467985774614366,EXP_DEnsembleModel_Alpha158_csi300_custom_step0_s_20260519_15,6780a4e0278e44e3862701c3913272db,0.08,,,
1235,2026-05-19,SZ300750,-0.03138695742081624,EXP_DEnsembleModel_Alpha158_csi300_custom_step0_s_20260519_15,6780a4e0278e44e3862701c3913272db,0.08,,,
1236,2026-05-19,SZ300015,0.04451211956394208,EXP_DEnsembleModel_Alpha158_csi300_custom_step0_s_20260519_15,6780a4e0278e44e3862701c3913272db,0.08,,,
1237,2026-05-19,SZ300014,-0.0763124422655497,EXP_DEnsembleModel_Alpha158_csi300_custom_step0_s_20260519_15,6780a4e0278e44e3862701c3913272db,0.08,,,
1238,2026-05-19,SZ003816,-0.015063468695334568,EXP_DEnsembleModel_Alpha158_csi300_custom_step0_s_20260519_15,6780a4e0278e44e3862701c3913272db,0.08,,,
1239,2026-05-19,SZ002938,-0.32189204092583906,EXP_DEnsembleModel_Alpha158_csi300_custom_step0_s_20260519_15,6780a4e0278e44e3862701c3913272db,0.08,,,
1240,2026-05-19,SZ002920,0.042530404460872924,EXP_DEnsembleModel_Alpha158_csi300_custom_step0_s_20260519_15,6780a4e0278e44e3862701c3913272db,0.08,,,
1241,2026-05-19,SZ002916,0.03324423805320856,EXP_DEnsembleModel_Alpha158_csi300_custom_step0_s_20260519_15,6780a4e0278e44e3862701c3913272db,0.08,,,
1242,2026-05-19,SZ002736,-0.10121689664852204,EXP_DEnsembleModel_Alpha158_csi300_custom_step0_s_20260519_15,6780a4e0278e44e3862701c3913272db,0.08,,,
1243,2026-05-19,SZ300033,-0.06162606977134818,EXP_DEnsembleModel_Alpha158_csi300_custom_step0_s_20260519_15,6780a4e0278e44e3862701c3913272db,0.08,,,
1244,2026-05-19,SZ002714,-0.023727144916916933,EXP_DEnsembleModel_Alpha158_csi300_custom_step0_s_20260519_15,6780a4e0278e44e3862701c3913272db,0.08,,,
1245,2026-05-19,SZ002648,-0.0644675624139596,EXP_DEnsembleModel_Alpha158_csi300_custom_step0_s_20260519_15,6780a4e0278e44e3862701c3913272db,0.08,,,
1246,2026-05-19,SZ002625,-0.13971298349895378,EXP_DEnsembleModel_Alpha158_csi300_custom_step0_s_20260519_15,6780a4e0278e44e3862701c3913272db,0.08,,,
1247,2026-05-19,SZ002601,-0.027413980233109005,EXP_DEnsembleModel_Alpha158_csi300_custom_step0_s_20260519_15,6780a4e0278e44e3862701c3913272db,0.08,,,
1248,2026-05-19,SZ002600,-0.01574439981589042,EXP_DEnsembleModel_Alpha158_csi300_custom_step0_s_20260519_15,6780a4e0278e44e3862701c3913272db,0.08,,,
1249,2026-05-19,SZ002594,-0.06314904248913847,EXP_DEnsembleModel_Alpha158_csi300_custom_step0_s_20260519_15,6780a4e0278e44e3862701c3913272db,0.08,,,
1250,2026-05-19,SZ002493,-0.0223974525926803,EXP_DEnsembleModel_Alpha158_csi300_custom_step0_s_20260519_15,6780a4e0278e44e3862701c3913272db,0.08,,,
1251,2026-05-19,SZ002475,0.2583248922652978,EXP_DEnsembleModel_Alpha158_csi300_custom_step0_s_20260519_15,6780a4e0278e44e3862701c3913272db,0.08,,,
1252,2026-05-19,SZ002709,0.1470504233815311,EXP_DEnsembleModel_Alpha158_csi300_custom_step0_s_20260519_15,6780a4e0278e44e3862701c3913272db,0.08,,,
1253,2026-05-19,SZ300759,-0.08511614805674238,EXP_DEnsembleModel_Alpha158_csi300_custom_step0_s_20260519_15,6780a4e0278e44e3862701c3913272db,0.08,,,
1254,2026-05-19,SZ300059,-0.16276946475417214,EXP_DEnsembleModel_Alpha158_csi300_custom_step0_s_20260519_15,6780a4e0278e44e3862701c3913272db,0.08,,,
1255,2026-05-19,SZ300124,-0.11567797717434246,EXP_DEnsembleModel_Alpha158_csi300_custom_step0_s_20260519_15,6780a4e0278e44e3862701c3913272db,0.08,,,
1256,2026-05-19,SZ300661,-0.2610667875303015,EXP_DEnsembleModel_Alpha158_csi300_custom_step0_s_20260519_15,6780a4e0278e44e3862701c3913272db,0.08,,,
1257,2026-05-19,SZ300628,-0.1292542520596965,EXP_DEnsembleModel_Alpha158_csi300_custom_step0_s_20260519_15,6780a4e0278e44e3862701c3913272db,0.08,,,
1258,2026-05-19,SZ300502,0.10997449109737809,EXP_DEnsembleModel_Alpha158_csi300_custom_step0_s_20260519_15,6780a4e0278e44e3862701c3913272db,0.08,,,
1259,2026-05-19,SZ300498,0.04858614135664177,EXP_DEnsembleModel_Alpha158_csi300_custom_step0_s_20260519_15,6780a4e0278e44e3862701c3913272db,0.08,,,
1260,2026-05-19,SZ300476,0.17583473008539185,EXP_DEnsembleModel_Alpha158_csi300_custom_step0_s_20260519_15,6780a4e0278e44e3862701c3913272db,0.08,,,
1261,2026-05-19,SZ300442,-0.1414635077888944,EXP_DEnsembleModel_Alpha158_csi300_custom_step0_s_20260519_15,6780a4e0278e44e3862701c3913272db,0.08,,,
1262,2026-05-19,SZ300433,-0.08811487551886522,EXP_DEnsembleModel_Alpha158_csi300_custom_step0_s_20260519_15,6780a4e0278e44e3862701c3913272db,0.08,,,
1263,2026-05-19,SZ300122,-0.14352987815069695,EXP_DEnsembleModel_Alpha158_csi300_custom_step0_s_20260519_15,6780a4e0278e44e3862701c3913272db,0.08,,,
1264,2026-05-19,SZ300418,-0.132241208432232,EXP_DEnsembleModel_Alpha158_csi300_custom_step0_s_20260519_15,6780a4e0278e44e3862701c3913272db,0.08,,,
1265,2026-05-19,SZ300408,0.008180402231560241,EXP_DEnsembleModel_Alpha158_csi300_custom_step0_s_20260519_15,6780a4e0278e44e3862701c3913272db,0.08,,,
1266,2026-05-19,SZ300394,0.056917534549610155,EXP_DEnsembleModel_Alpha158_csi300_custom_step0_s_20260519_15,6780a4e0278e44e3862701c3913272db,0.08,,,
1267,2026-05-19,SZ300347,0.05079919446922148,EXP_DEnsembleModel_Alpha158_csi300_custom_step0_s_20260519_15,6780a4e0278e44e3862701c3913272db,0.08,,,
1268,2026-05-19,SZ300316,-0.16468523272859645,EXP_DEnsembleModel_Alpha158_csi300_custom_step0_s_20260519_15,6780a4e0278e44e3862701c3913272db,0.08,,,
1269,2026-05-19,SZ300308,0.09771130212039289,EXP_DEnsembleModel_Alpha158_csi300_custom_step0_s_20260519_15,6780a4e0278e44e3862701c3913272db,0.08,,,
1270,2026-05-19,SZ300274,-0.06216208826595738,EXP_DEnsembleModel_Alpha158_csi300_custom_step0_s_20260519_15,6780a4e0278e44e3862701c3913272db,0.08,,,
1271,2026-05-19,SZ300251,-0.07941530658307834,EXP_DEnsembleModel_Alpha158_csi300_custom_step0_s_20260519_15,6780a4e0278e44e3862701c3913272db,0.08,,,
1272,2026-05-19,SZ300413,-0.12031167527812309,EXP_DEnsembleModel_Alpha158_csi300_custom_step0_s_20260519_15,6780a4e0278e44e3862701c3913272db,0.08,,,
1273,2026-05-19,SH601939,0.12138366256030997,EXP_DEnsembleModel_Alpha158_csi300_custom_step0_s_20260519_15,18c81d93d60d41c1947c51e56e96210e,0.056,,,
1274,2026-05-19,SZ000999,-0.05494189262390137,EXP_LinearModel_Alpha158_csi300_custom_step0_s_20260519_15,53831762a81d41238460f62be69537c2,0.096,,,
1275,2026-05-19,SZ001965,0.10555791109800339,EXP_LinearModel_Alpha158_csi300_custom_step0_s_20260519_15,53831762a81d41238460f62be69537c2,0.096,,,
1276,2026-05-19,SH688111,-0.0450252927839756,EXP_XGBModel_Alpha158_csi300_custom_step0_s_20260519_15,4f3d23122f1945449b35dec26f90fe48,0.044,,,
1277,2026-05-19,SH688082,-0.11859104782342911,EXP_XGBModel_Alpha158_csi300_custom_step0_s_20260519_15,4f3d23122f1945449b35dec26f90fe48,0.044,,,
1278,2026-05-19,SH688047,0.1539084017276764,EXP_XGBModel_Alpha158_csi300_custom_step0_s_20260519_15,4f3d23122f1945449b35dec26f90fe48,0.044,,,
1279,2026-05-19,SH688041,0.31251275539398193,EXP_XGBModel_Alpha158_csi300_custom_step0_s_20260519_15,4f3d23122f1945449b35dec26f90fe48,0.044,,,
1280,2026-05-19,SH688036,-0.027521323412656784,EXP_XGBModel_Alpha158_csi300_custom_step0_s_20260519_15,4f3d23122f1945449b35dec26f90fe48,0.044,,,
1281,2026-05-19,SH688012,-0.6625310778617859,EXP_XGBModel_Alpha158_csi300_custom_step0_s_20260519_15,4f3d23122f1945449b35dec26f90fe48,0.044,,,
1282,2026-05-19,SH688009,-0.00888949166983366,EXP_XGBModel_Alpha158_csi300_custom_step0_s_20260519_15,4f3d23122f1945449b35dec26f90fe48,0.044,,,
1283,2026-05-19,SH688008,-0.44722065329551697,EXP_XGBModel_Alpha158_csi300_custom_step0_s_20260519_15,4f3d23122f1945449b35dec26f90fe48,0.044,,,
1284,2026-05-19,SH605499,0.006561475805938244,EXP_XGBModel_Alpha158_csi300_custom_step0_s_20260519_15,4f3d23122f1945449b35dec26f90fe48,0.044,,,
1285,2026-05-19,SH605117,-0.010838240385055542,EXP_XGBModel_Alpha158_csi300_custom_step0_s_20260519_15,4f3d23122f1945449b35dec26f90fe48,0.044,,,
1286,2026-05-19,SH603993,-0.0615956149995327,EXP_XGBModel_Alpha158_csi300_custom_step0_s_20260519_15,4f3d23122f1945449b35dec26f90fe48,0.044,,,
1287,2026-05-19,SH603986,-0.22567817568778992,EXP_XGBModel_Alpha158_csi300_custom_step0_s_20260519_15,4f3d23122f1945449b35dec26f90fe48,0.044,,,
1288,2026-05-19,SH603893,-0.009372244589030743,EXP_XGBModel_Alpha158_csi300_custom_step0_s_20260519_15,4f3d23122f1945449b35dec26f90fe48,0.044,,,
1289,2026-05-19,SH603799,-0.002453913912177086,EXP_XGBModel_Alpha158_csi300_custom_step0_s_20260519_15,4f3d23122f1945449b35dec26f90fe48,0.044,,,
1290,2026-05-19,SH603501,0.033967290073633194,EXP_XGBModel_Alpha158_csi300_custom_step0_s_20260519_15,4f3d23122f1945449b35dec26f90fe48,0.044,,,
1291,2026-05-19,SH688126,-0.5844985842704773,EXP_XGBModel_Alpha158_csi300_custom_step0_s_20260519_15,4f3d23122f1945449b35dec26f90fe48,0.044,,,
1292,2026-05-19,SH688169,-0.09598185122013092,EXP_XGBModel_Alpha158_csi300_custom_step0_s_20260519_15,4f3d23122f1945449b35dec26f90fe48,0.044,,,
1293,2026-05-19,SH688187,-0.012470542453229427,EXP_XGBModel_Alpha158_csi300_custom_step0_s_20260519_15,4f3d23122f1945449b35dec26f90fe48,0.044,,,
1294,2026-05-19,SH688223,-0.0428573340177536,EXP_XGBModel_Alpha158_csi300_custom_step0_s_20260519_15,4f3d23122f1945449b35dec26f90fe48,0.044,,,
1295,2026-05-19,SZ000338,0.011075721122324467,EXP_XGBModel_Alpha158_csi300_custom_step0_s_20260519_15,4f3d23122f1945449b35dec26f90fe48,0.044,,,
1296,2026-05-19,SZ000333,0.04281128570437431,EXP_XGBModel_Alpha158_csi300_custom_step0_s_20260519_15,4f3d23122f1945449b35dec26f90fe48,0.044,,,
1297,2026-05-19,SZ000301,-0.0053062159568071365,EXP_XGBModel_Alpha158_csi300_custom_step0_s_20260519_15,4f3d23122f1945449b35dec26f90fe48,0.044,,,
1298,2026-05-19,SZ000166,-0.02549569308757782,EXP_XGBModel_Alpha158_csi300_custom_step0_s_20260519_15,4f3d23122f1945449b35dec26f90fe48,0.044,,,
1299,2026-05-19,SZ000157,-0.06087832897901535,EXP_XGBModel_Alpha158_csi300_custom_step0_s_20260519_15,4f3d23122f1945449b35dec26f90fe48,0.044,,,
1300,2026-05-19,SZ000100,0.0019554125610738993,EXP_XGBModel_Alpha158_csi300_custom_step0_s_20260519_15,4f3d23122f1945449b35dec26f90fe48,0.044,,,
1301,2026-05-19,SZ000063,-0.03289606794714928,EXP_XGBModel_Alpha158_csi300_custom_step0_s_20260519_15,4f3d23122f1945449b35dec26f90fe48,0.044,,,
1302,2026-05-19,SH603392,-0.052342746406793594,EXP_XGBModel_Alpha158_csi300_custom_step0_s_20260519_15,4f3d23122f1945449b35dec26f90fe48,0.044,,,
1303,2026-05-19,SZ000002,-0.04406227543950081,EXP_XGBModel_Alpha158_csi300_custom_step0_s_20260519_15,4f3d23122f1945449b35dec26f90fe48,0.044,,,
1304,2026-05-19,SH688981,-0.011922908946871758,EXP_XGBModel_Alpha158_csi300_custom_step0_s_20260519_15,4f3d23122f1945449b35dec26f90fe48,0.044,,,
1305,2026-05-19,SH688506,-0.05592638626694679,EXP_XGBModel_Alpha158_csi300_custom_step0_s_20260519_15,4f3d23122f1945449b35dec26f90fe48,0.044,,,
1306,2026-05-19,SH688472,-0.02316264808177948,EXP_XGBModel_Alpha158_csi300_custom_step0_s_20260519_15,4f3d23122f1945449b35dec26f90fe48,0.044,,,
1307,2026-05-19,SH688396,0.0019451738335192204,EXP_XGBModel_Alpha158_csi300_custom_step0_s_20260519_15,4f3d23122f1945449b35dec26f90fe48,0.044,,,
1308,2026-05-19,SH688303,-0.030334504321217537,EXP_XGBModel_Alpha158_csi300_custom_step0_s_20260519_15,4f3d23122f1945449b35dec26f90fe48,0.044,,,
1309,2026-05-19,SH688271,-0.039661671966314316,EXP_XGBModel_Alpha158_csi300_custom_step0_s_20260519_15,4f3d23122f1945449b35dec26f90fe48,0.044,,,
1310,2026-05-19,SH688256,-0.027661096304655075,EXP_XGBModel_Alpha158_csi300_custom_step0_s_20260519_15,4f3d23122f1945449b35dec26f90fe48,0.044,,,
1311,2026-05-19,SZ000001,0.00682171992957592,EXP_XGBModel_Alpha158_csi300_custom_step0_s_20260519_15,4f3d23122f1945449b35dec26f90fe48,0.044,,,
1312,2026-05-19,SH603369,-0.017498735338449478,EXP_XGBModel_Alpha158_csi300_custom_step0_s_20260519_15,4f3d23122f1945449b35dec26f90fe48,0.044,,,
1313,2026-05-19,SH603296,0.03471832349896431,EXP_XGBModel_Alpha158_csi300_custom_step0_s_20260519_15,4f3d23122f1945449b35dec26f90fe48,0.044,,,
1314,2026-05-19,SH603288,-0.017623795196413994,EXP_XGBModel_Alpha158_csi300_custom_step0_s_20260519_15,4f3d23122f1945449b35dec26f90fe48,0.044,,,
1315,2026-05-19,SH601857,0.015642428770661354,EXP_XGBModel_Alpha158_csi300_custom_step0_s_20260519_15,4f3d23122f1945449b35dec26f90fe48,0.044,,,
1316,2026-05-19,SH601838,0.029035167768597603,EXP_XGBModel_Alpha158_csi300_custom_step0_s_20260519_15,4f3d23122f1945449b35dec26f90fe48,0.044,,,
1317,2026-05-19,SH601825,0.03481427580118179,EXP_XGBModel_Alpha158_csi300_custom_step0_s_20260519_15,4f3d23122f1945449b35dec26f90fe48,0.044,,,
1318,2026-05-19,SH601818,0.03823861852288246,EXP_XGBModel_Alpha158_csi300_custom_step0_s_20260519_15,4f3d23122f1945449b35dec26f90fe48,0.044,,,
1319,2026-05-19,SH601816,0.034395575523376465,EXP_XGBModel_Alpha158_csi300_custom_step0_s_20260519_15,4f3d23122f1945449b35dec26f90fe48,0.044,,,
1320,2026-05-19,SH601808,-0.005302352365106344,EXP_XGBModel_Alpha158_csi300_custom_step0_s_20260519_15,4f3d23122f1945449b35dec26f90fe48,0.044,,,
1321,2026-05-19,SH601800,-0.033113203942775726,EXP_XGBModel_Alpha158_csi300_custom_step0_s_20260519_15,4f3d23122f1945449b35dec26f90fe48,0.044,,,
1322,2026-05-19,SH601868,-0.03985362499952316,EXP_XGBModel_Alpha158_csi300_custom_step0_s_20260519_15,4f3d23122f1945449b35dec26f90fe48,0.044,,,
1323,2026-05-19,SH601788,-0.03710413724184036,EXP_XGBModel_Alpha158_csi300_custom_step0_s_20260519_15,4f3d23122f1945449b35dec26f90fe48,0.044,,,
1324,2026-05-19,SH601728,-0.10074897110462189,EXP_XGBModel_Alpha158_csi300_custom_step0_s_20260519_15,4f3d23122f1945449b35dec26f90fe48,0.044,,,
1325,2026-05-19,SH601698,-0.05104007571935654,EXP_XGBModel_Alpha158_csi300_custom_step0_s_20260519_15,4f3d23122f1945449b35dec26f90fe48,0.044,,,
1326,2026-05-19,SH601689,-0.04722379893064499,EXP_XGBModel_Alpha158_csi300_custom_step0_s_20260519_15,4f3d23122f1945449b35dec26f90fe48,0.044,,,
1327,2026-05-19,SH601688,-0.08430714905261993,EXP_XGBModel_Alpha158_csi300_custom_step0_s_20260519_15,4f3d23122f1945449b35dec26f90fe48,0.044,,,
1328,2026-05-19,SH601669,-0.027149155735969543,EXP_XGBModel_Alpha158_csi300_custom_step0_s_20260519_15,4f3d23122f1945449b35dec26f90fe48,0.044,,,
1329,2026-05-19,SH601668,0.04258554056286812,EXP_XGBModel_Alpha158_csi300_custom_step0_s_20260519_15,4f3d23122f1945449b35dec26f90fe48,0.044,,,
1330,2026-05-19,SH601658,0.03433934971690178,EXP_XGBModel_Alpha158_csi300_custom_step0_s_20260519_15,4f3d23122f1945449b35dec26f90fe48,0.044,,,
1331,2026-05-19,SH601766,0.014152090065181255,EXP_XGBModel_Alpha158_csi300_custom_step0_s_20260519_15,4f3d23122f1945449b35dec26f90fe48,0.044,,,
1332,2026-05-19,SZ000408,-0.05134618282318115,EXP_XGBModel_Alpha158_csi300_custom_step0_s_20260519_15,4f3d23122f1945449b35dec26f90fe48,0.044,,,
1333,2026-05-19,SH601872,-0.059690047055482864,EXP_XGBModel_Alpha158_csi300_custom_step0_s_20260519_15,4f3d23122f1945449b35dec26f90fe48,0.044,,,
1334,2026-05-19,SH601878,0.002566360868513584,EXP_XGBModel_Alpha158_csi300_custom_step0_s_20260519_15,4f3d23122f1945449b35dec26f90fe48,0.044,,,
1335,2026-05-19,SH603260,-0.03807618096470833,EXP_XGBModel_Alpha158_csi300_custom_step0_s_20260519_15,4f3d23122f1945449b35dec26f90fe48,0.044,,,
1336,2026-05-19,SH603259,-0.022756488993763924,EXP_XGBModel_Alpha158_csi300_custom_step0_s_20260519_15,4f3d23122f1945449b35dec26f90fe48,0.044,,,
1337,2026-05-19,SH603195,-0.009445947594940662,EXP_XGBModel_Alpha158_csi300_custom_step0_s_20260519_15,4f3d23122f1945449b35dec26f90fe48,0.044,,,
1338,2026-05-19,SH603019,-0.06982006132602692,EXP_XGBModel_Alpha158_csi300_custom_step0_s_20260519_15,4f3d23122f1945449b35dec26f90fe48,0.044,,,
1339,2026-05-19,SH601998,0.020343206822872162,EXP_XGBModel_Alpha158_csi300_custom_step0_s_20260519_15,4f3d23122f1945449b35dec26f90fe48,0.044,,,
1340,2026-05-19,SH601995,0.07502742856740952,EXP_XGBModel_Alpha158_csi300_custom_step0_s_20260519_15,4f3d23122f1945449b35dec26f90fe48,0.044,,,
1341,2026-05-19,SH601988,0.08014707267284393,EXP_XGBModel_Alpha158_csi300_custom_step0_s_20260519_15,4f3d23122f1945449b35dec26f90fe48,0.044,,,
1342,2026-05-19,SH601877,-0.03647250309586525,EXP_XGBModel_Alpha158_csi300_custom_step0_s_20260519_15,4f3d23122f1945449b35dec26f90fe48,0.044,,,
1343,2026-05-19,SH601985,0.07750581949949265,EXP_XGBModel_Alpha158_csi300_custom_step0_s_20260519_15,4f3d23122f1945449b35dec26f90fe48,0.044,,,
1344,2026-05-19,SH601919,0.01930703967809677,EXP_XGBModel_Alpha158_csi300_custom_step0_s_20260519_15,4f3d23122f1945449b35dec26f90fe48,0.044,,,
1345,2026-05-19,SH601916,0.06399143487215042,EXP_XGBModel_Alpha158_csi300_custom_step0_s_20260519_15,4f3d23122f1945449b35dec26f90fe48,0.044,,,
1346,2026-05-19,SH601901,-0.01381540298461914,EXP_XGBModel_Alpha158_csi300_custom_step0_s_20260519_15,4f3d23122f1945449b35dec26f90fe48,0.044,,,
1347,2026-05-19,SH601899,-0.032654739916324615,EXP_XGBModel_Alpha158_csi300_custom_step0_s_20260519_15,4f3d23122f1945449b35dec26f90fe48,0.044,,,
1348,2026-05-19,SH601898,-0.07788704335689545,EXP_XGBModel_Alpha158_csi300_custom_step0_s_20260519_15,4f3d23122f1945449b35dec26f90fe48,0.044,,,
1349,2026-05-19,SH601888,-0.04569782316684723,EXP_XGBModel_Alpha158_csi300_custom_step0_s_20260519_15,4f3d23122f1945449b35dec26f90fe48,0.044,,,
1350,2026-05-19,SH601881,-0.019044671207666397,EXP_XGBModel_Alpha158_csi300_custom_step0_s_20260519_15,4f3d23122f1945449b35dec26f90fe48,0.044,,,
1351,2026-05-19,SH601939,0.08567590266466141,EXP_XGBModel_Alpha158_csi300_custom_step0_s_20260519_15,4f3d23122f1945449b35dec26f90fe48,0.044,,,
1352,2026-05-19,SZ000425,-0.07189004123210907,EXP_XGBModel_Alpha158_csi300_custom_step0_s_20260519_15,4f3d23122f1945449b35dec26f90fe48,0.044,,,
1353,2026-05-19,SZ000538,0.0047983694821596146,EXP_XGBModel_Alpha158_csi300_custom_step0_s_20260519_15,4f3d23122f1945449b35dec26f90fe48,0.044,,,
1354,2026-05-19,SZ000568,-0.024400761350989342,EXP_XGBModel_Alpha158_csi300_custom_step0_s_20260519_15,4f3d23122f1945449b35dec26f90fe48,0.044,,,
1355,2026-05-19,SZ002709,-0.04651179909706116,EXP_XGBModel_Alpha158_csi300_custom_step0_s_20260519_15,4f3d23122f1945449b35dec26f90fe48,0.044,,,
1356,2026-05-19,SZ002648,-0.02646128460764885,EXP_XGBModel_Alpha158_csi300_custom_step0_s_20260519_15,4f3d23122f1945449b35dec26f90fe48,0.044,,,
1357,2026-05-19,SZ002625,-0.03438571095466614,EXP_XGBModel_Alpha158_csi300_custom_step0_s_20260519_15,4f3d23122f1945449b35dec26f90fe48,0.044,,,
1358,2026-05-19,SZ002601,-0.011227977462112904,EXP_XGBModel_Alpha158_csi300_custom_step0_s_20260519_15,4f3d23122f1945449b35dec26f90fe48,0.044,,,
1359,2026-05-19,SZ002600,-0.056607436388731,EXP_XGBModel_Alpha158_csi300_custom_step0_s_20260519_15,4f3d23122f1945449b35dec26f90fe48,0.044,,,
1360,2026-05-19,SZ002594,-0.037568867206573486,EXP_XGBModel_Alpha158_csi300_custom_step0_s_20260519_15,4f3d23122f1945449b35dec26f90fe48,0.044,,,
1361,2026-05-19,SZ002493,-0.017317742109298706,EXP_XGBModel_Alpha158_csi300_custom_step0_s_20260519_15,4f3d23122f1945449b35dec26f90fe48,0.044,,,
1362,2026-05-19,SZ002714,-0.02906840480864048,EXP_XGBModel_Alpha158_csi300_custom_step0_s_20260519_15,4f3d23122f1945449b35dec26f90fe48,0.044,,,
1363,2026-05-19,SZ002475,0.0669793039560318,EXP_XGBModel_Alpha158_csi300_custom_step0_s_20260519_15,4f3d23122f1945449b35dec26f90fe48,0.044,,,
1364,2026-05-19,SZ002463,-0.008899517357349396,EXP_XGBModel_Alpha158_csi300_custom_step0_s_20260519_15,4f3d23122f1945449b35dec26f90fe48,0.044,,,
1365,2026-05-19,SZ002460,-0.04202812537550926,EXP_XGBModel_Alpha158_csi300_custom_step0_s_20260519_15,4f3d23122f1945449b35dec26f90fe48,0.044,,,
1366,2026-05-19,SZ002459,-0.022845009341835976,EXP_XGBModel_Alpha158_csi300_custom_step0_s_20260519_15,4f3d23122f1945449b35dec26f90fe48,0.044,,,
1367,2026-05-19,SZ002422,-0.027737300843000412,EXP_XGBModel_Alpha158_csi300_custom_step0_s_20260519_15,4f3d23122f1945449b35dec26f90fe48,0.044,,,
1368,2026-05-19,SZ002415,-0.05383682623505592,EXP_XGBModel_Alpha158_csi300_custom_step0_s_20260519_15,4f3d23122f1945449b35dec26f90fe48,0.044,,,
1369,2026-05-19,SZ002384,0.10107193887233734,EXP_XGBModel_Alpha158_csi300_custom_step0_s_20260519_15,4f3d23122f1945449b35dec26f90fe48,0.044,,,
1370,2026-05-19,SZ002371,-0.1251877099275589,EXP_XGBModel_Alpha158_csi300_custom_step0_s_20260519_15,4f3d23122f1945449b35dec26f90fe48,0.044,,,
1371,2026-05-19,SZ002466,0.04056372120976448,EXP_XGBModel_Alpha158_csi300_custom_step0_s_20260519_15,4f3d23122f1945449b35dec26f90fe48,0.044,,,
1372,2026-05-19,SZ002352,-0.013002417981624603,EXP_XGBModel_Alpha158_csi300_custom_step0_s_20260519_15,4f3d23122f1945449b35dec26f90fe48,0.044,,,
1373,2026-05-19,SZ002736,-0.028100071474909782,EXP_XGBModel_Alpha158_csi300_custom_step0_s_20260519_15,4f3d23122f1945449b35dec26f90fe48,0.044,,,
1374,2026-05-19,SZ002920,0.00731442729011178,EXP_XGBModel_Alpha158_csi300_custom_step0_s_20260519_15,4f3d23122f1945449b35dec26f90fe48,0.044,,,
1375,2026-05-19,SZ300413,-0.03699350357055664,EXP_XGBModel_Alpha158_csi300_custom_step0_s_20260519_15,4f3d23122f1945449b35dec26f90fe48,0.044,,,
1376,2026-05-19,SZ300408,-0.14802934229373932,EXP_XGBModel_Alpha158_csi300_custom_step0_s_20260519_15,4f3d23122f1945449b35dec26f90fe48,0.044,,,
1377,2026-05-19,SZ300394,0.07319478690624237,EXP_XGBModel_Alpha158_csi300_custom_step0_s_20260519_15,4f3d23122f1945449b35dec26f90fe48,0.044,,,
1378,2026-05-19,SZ300347,-0.028043031692504883,EXP_XGBModel_Alpha158_csi300_custom_step0_s_20260519_15,4f3d23122f1945449b35dec26f90fe48,0.044,,,
1379,2026-05-19,SZ300316,-0.05034533515572548,EXP_XGBModel_Alpha158_csi300_custom_step0_s_20260519_15,4f3d23122f1945449b35dec26f90fe48,0.044,,,
1380,2026-05-19,SZ300308,0.316402405500412,EXP_XGBModel_Alpha158_csi300_custom_step0_s_20260519_15,4f3d23122f1945449b35dec26f90fe48,0.044,,,
1381,2026-05-19,SZ300274,-0.06784907728433609,EXP_XGBModel_Alpha158_csi300_custom_step0_s_20260519_15,4f3d23122f1945449b35dec26f90fe48,0.044,,,
1382,2026-05-19,SZ002916,0.10827233642339706,EXP_XGBModel_Alpha158_csi300_custom_step0_s_20260519_15,4f3d23122f1945449b35dec26f90fe48,0.044,,,
1383,2026-05-19,SZ300251,-0.043421581387519836,EXP_XGBModel_Alpha158_csi300_custom_step0_s_20260519_15,4f3d23122f1945449b35dec26f90fe48,0.044,,,
1384,2026-05-19,SZ300122,-0.04266972094774246,EXP_XGBModel_Alpha158_csi300_custom_step0_s_20260519_15,4f3d23122f1945449b35dec26f90fe48,0.044,,,
1385,2026-05-19,SZ300059,-0.0343865305185318,EXP_XGBModel_Alpha158_csi300_custom_step0_s_20260519_15,4f3d23122f1945449b35dec26f90fe48,0.044,,,
1386,2026-05-19,SZ300033,-0.049487434327602386,EXP_XGBModel_Alpha158_csi300_custom_step0_s_20260519_15,4f3d23122f1945449b35dec26f90fe48,0.044,,,
1387,2026-05-19,SZ300015,-0.016864269971847534,EXP_XGBModel_Alpha158_csi300_custom_step0_s_20260519_15,4f3d23122f1945449b35dec26f90fe48,0.044,,,
1388,2026-05-19,SZ300014,-0.03776535019278526,EXP_XGBModel_Alpha158_csi300_custom_step0_s_20260519_15,4f3d23122f1945449b35dec26f90fe48,0.044,,,
1389,2026-05-19,SZ003816,0.02693648636341095,EXP_XGBModel_Alpha158_csi300_custom_step0_s_20260519_15,4f3d23122f1945449b35dec26f90fe48,0.044,,,
1390,2026-05-19,SZ002938,-0.5669073462486267,EXP_XGBModel_Alpha158_csi300_custom_step0_s_20260519_15,4f3d23122f1945449b35dec26f90fe48,0.044,,,
1391,2026-05-19,SZ300124,-0.00447719544172287,EXP_XGBModel_Alpha158_csi300_custom_step0_s_20260519_15,4f3d23122f1945449b35dec26f90fe48,0.044,,,
1392,2026-05-19,SH601633,-0.031027445569634438,EXP_XGBModel_Alpha158_csi300_custom_step0_s_20260519_15,4f3d23122f1945449b35dec26f90fe48,0.044,,,
1393,2026-05-19,SZ002311,-0.019894879311323166,EXP_XGBModel_Alpha158_csi300_custom_step0_s_20260519_15,4f3d23122f1945449b35dec26f90fe48,0.044,,,
1394,2026-05-19,SZ002252,-0.027807088568806648,EXP_XGBModel_Alpha158_csi300_custom_step0_s_20260519_15,4f3d23122f1945449b35dec26f90fe48,0.044,,,
1395,2026-05-19,SZ000895,0.013886124826967716,EXP_XGBModel_Alpha158_csi300_custom_step0_s_20260519_15,4f3d23122f1945449b35dec26f90fe48,0.044,,,
1396,2026-05-19,SZ000876,-0.004149136133491993,EXP_XGBModel_Alpha158_csi300_custom_step0_s_20260519_15,4f3d23122f1945449b35dec26f90fe48,0.044,,,
1397,2026-05-19,SZ000858,0.07448741048574448,EXP_XGBModel_Alpha158_csi300_custom_step0_s_20260519_15,4f3d23122f1945449b35dec26f90fe48,0.044,,,
1398,2026-05-19,SZ000807,0.03610750287771225,EXP_XGBModel_Alpha158_csi300_custom_step0_s_20260519_15,4f3d23122f1945449b35dec26f90fe48,0.044,,,
1399,2026-05-19,SZ000792,-0.04968732222914696,EXP_XGBModel_Alpha158_csi300_custom_step0_s_20260519_15,4f3d23122f1945449b35dec26f90fe48,0.044,,,
1400,2026-05-19,SZ000786,-0.03967328742146492,EXP_XGBModel_Alpha158_csi300_custom_step0_s_20260519_15,4f3d23122f1945449b35dec26f90fe48,0.044,,,
1401,2026-05-19,SZ000776,-0.05506856366991997,EXP_XGBModel_Alpha158_csi300_custom_step0_s_20260519_15,4f3d23122f1945449b35dec26f90fe48,0.044,,,
1402,2026-05-19,SZ000938,-0.08380568772554398,EXP_XGBModel_Alpha158_csi300_custom_step0_s_20260519_15,4f3d23122f1945449b35dec26f90fe48,0.044,,,
1403,2026-05-19,SZ000768,-0.037158504128456116,EXP_XGBModel_Alpha158_csi300_custom_step0_s_20260519_15,4f3d23122f1945449b35dec26f90fe48,0.044,,,
1404,2026-05-19,SZ000708,-0.01805146038532257,EXP_XGBModel_Alpha158_csi300_custom_step0_s_20260519_15,4f3d23122f1945449b35dec26f90fe48,0.044,,,
1405,2026-05-19,SZ000661,-0.0432276651263237,EXP_XGBModel_Alpha158_csi300_custom_step0_s_20260519_15,4f3d23122f1945449b35dec26f90fe48,0.044,,,
1406,2026-05-19,SZ000651,0.0384126640856266,EXP_XGBModel_Alpha158_csi300_custom_step0_s_20260519_15,4f3d23122f1945449b35dec26f90fe48,0.044,,,
1407,2026-05-19,SZ000630,-0.030994588509202003,EXP_XGBModel_Alpha158_csi300_custom_step0_s_20260519_15,4f3d23122f1945449b35dec26f90fe48,0.044,,,
1408,2026-05-19,SZ000625,0.020027248188853264,EXP_XGBModel_Alpha158_csi300_custom_step0_s_20260519_15,4f3d23122f1945449b35dec26f90fe48,0.044,,,
1409,2026-05-19,SZ000617,-0.00995993334800005,EXP_XGBModel_Alpha158_csi300_custom_step0_s_20260519_15,4f3d23122f1945449b35dec26f90fe48,0.044,,,
1410,2026-05-19,SZ000596,-0.033040083944797516,EXP_XGBModel_Alpha158_csi300_custom_step0_s_20260519_15,4f3d23122f1945449b35dec26f90fe48,0.044,,,
1411,2026-05-19,SZ000725,0.06804755330085754,EXP_XGBModel_Alpha158_csi300_custom_step0_s_20260519_15,4f3d23122f1945449b35dec26f90fe48,0.044,,,
1412,2026-05-19,SZ002304,-0.03881502151489258,EXP_XGBModel_Alpha158_csi300_custom_step0_s_20260519_15,4f3d23122f1945449b35dec26f90fe48,0.044,,,
1413,2026-05-19,SZ000963,-0.04436199367046356,EXP_XGBModel_Alpha158_csi300_custom_step0_s_20260519_15,4f3d23122f1945449b35dec26f90fe48,0.044,,,
1414,2026-05-19,SZ000977,0.07196162641048431,EXP_XGBModel_Alpha158_csi300_custom_step0_s_20260519_15,4f3d23122f1945449b35dec26f90fe48,0.044,,,
1415,2026-05-19,SZ002241,0.049455177038908005,EXP_XGBModel_Alpha158_csi300_custom_step0_s_20260519_15,4f3d23122f1945449b35dec26f90fe48,0.044,,,
1416,2026-05-19,SZ002236,-0.02022472769021988,EXP_XGBModel_Alpha158_csi300_custom_step0_s_20260519_15,4f3d23122f1945449b35dec26f90fe48,0.044,,,
1417,2026-05-19,SZ002230,0.0037723726127296686,EXP_XGBModel_Alpha158_csi300_custom_step0_s_20260519_15,4f3d23122f1945449b35dec26f90fe48,0.044,,,
1418,2026-05-19,SZ002179,-0.047521524131298065,EXP_XGBModel_Alpha158_csi300_custom_step0_s_20260519_15,4f3d23122f1945449b35dec26f90fe48,0.044,,,
1419,2026-05-19,SZ002142,-0.001538121490739286,EXP_XGBModel_Alpha158_csi300_custom_step0_s_20260519_15,4f3d23122f1945449b35dec26f90fe48,0.044,,,
1420,2026-05-19,SZ002074,-0.022232554852962494,EXP_XGBModel_Alpha158_csi300_custom_step0_s_20260519_15,4f3d23122f1945449b35dec26f90fe48,0.044,,,
1421,2026-05-19,SZ002050,-0.038436729460954666,EXP_XGBModel_Alpha158_csi300_custom_step0_s_20260519_15,4f3d23122f1945449b35dec26f90fe48,0.044,,,
1422,2026-05-19,SZ000975,-0.06732690334320068,EXP_XGBModel_Alpha158_csi300_custom_step0_s_20260519_15,4f3d23122f1945449b35dec26f90fe48,0.044,,,
1423,2026-05-19,SZ002049,-0.035941462963819504,EXP_XGBModel_Alpha158_csi300_custom_step0_s_20260519_15,4f3d23122f1945449b35dec26f90fe48,0.044,,,
1424,2026-05-19,SZ002027,-0.05752338096499443,EXP_XGBModel_Alpha158_csi300_custom_step0_s_20260519_15,4f3d23122f1945449b35dec26f90fe48,0.044,,,
1425,2026-05-19,SZ002001,-0.007988529279828072,EXP_XGBModel_Alpha158_csi300_custom_step0_s_20260519_15,4f3d23122f1945449b35dec26f90fe48,0.044,,,
1426,2026-05-19,SZ001979,-0.03213674575090408,EXP_XGBModel_Alpha158_csi300_custom_step0_s_20260519_15,4f3d23122f1945449b35dec26f90fe48,0.044,,,
1427,2026-05-19,SZ001965,-0.007736569736152887,EXP_XGBModel_Alpha158_csi300_custom_step0_s_20260519_15,4f3d23122f1945449b35dec26f90fe48,0.044,,,
1428,2026-05-19,SZ001391,0.019362539052963257,EXP_XGBModel_Alpha158_csi300_custom_step0_s_20260519_15,4f3d23122f1945449b35dec26f90fe48,0.044,,,
1429,2026-05-19,SZ000999,-0.014709790237247944,EXP_XGBModel_Alpha158_csi300_custom_step0_s_20260519_15,4f3d23122f1945449b35dec26f90fe48,0.044,,,
1430,2026-05-19,SZ000983,-0.03539157658815384,EXP_XGBModel_Alpha158_csi300_custom_step0_s_20260519_15,4f3d23122f1945449b35dec26f90fe48,0.044,,,
1431,2026-05-19,SZ002028,-0.025713784620165825,EXP_XGBModel_Alpha158_csi300_custom_step0_s_20260519_15,4f3d23122f1945449b35dec26f90fe48,0.044,,,
1432,2026-05-19,SZ300418,-0.05064736679196358,EXP_XGBModel_Alpha158_csi300_custom_step0_s_20260519_15,4f3d23122f1945449b35dec26f90fe48,0.044,,,
1433,2026-05-19,SH601628,-0.05589086934924126,EXP_XGBModel_Alpha158_csi300_custom_step0_s_20260519_15,4f3d23122f1945449b35dec26f90fe48,0.044,,,
1434,2026-05-19,SH601607,0.030093582347035408,EXP_XGBModel_Alpha158_csi300_custom_step0_s_20260519_15,4f3d23122f1945449b35dec26f90fe48,0.044,,,
1435,2026-05-19,SH600050,-0.04801689460873604,EXP_XGBModel_Alpha158_csi300_custom_step0_s_20260519_15,4f3d23122f1945449b35dec26f90fe48,0.044,,,
1436,2026-05-19,SH600048,-0.040736716240644455,EXP_XGBModel_Alpha158_csi300_custom_step0_s_20260519_15,4f3d23122f1945449b35dec26f90fe48,0.044,,,
1437,2026-05-19,SH600039,0.27736401557922363,EXP_XGBModel_Alpha158_csi300_custom_step0_s_20260519_15,4f3d23122f1945449b35dec26f90fe48,0.044,,,
1438,2026-05-19,SH600036,0.005996981635689735,EXP_XGBModel_Alpha158_csi300_custom_step0_s_20260519_15,4f3d23122f1945449b35dec26f90fe48,0.044,,,
1439,2026-05-19,SH600031,-0.06703060865402222,EXP_XGBModel_Alpha158_csi300_custom_step0_s_20260519_15,4f3d23122f1945449b35dec26f90fe48,0.044,,,
1440,2026-05-19,SH600030,0.01984027586877346,EXP_XGBModel_Alpha158_csi300_custom_step0_s_20260519_15,4f3d23122f1945449b35dec26f90fe48,0.044,,,
1441,2026-05-19,SH600029,-0.055270615965127945,EXP_XGBModel_Alpha158_csi300_custom_step0_s_20260519_15,4f3d23122f1945449b35dec26f90fe48,0.044,,,
1442,2026-05-19,SH600028,-0.016892826184630394,EXP_XGBModel_Alpha158_csi300_custom_step0_s_20260519_15,4f3d23122f1945449b35dec26f90fe48,0.044,,,
1443,2026-05-19,SH600027,-0.007058562245219946,EXP_XGBModel_Alpha158_csi300_custom_step0_s_20260519_15,4f3d23122f1945449b35dec26f90fe48,0.044,,,
1444,2026-05-19,SH600026,-0.05569550767540932,EXP_XGBModel_Alpha158_csi300_custom_step0_s_20260519_15,4f3d23122f1945449b35dec26f90fe48,0.044,,,
1445,2026-05-19,SH600025,-0.07718972861766815,EXP_XGBModel_Alpha158_csi300_custom_step0_s_20260519_15,4f3d23122f1945449b35dec26f90fe48,0.044,,,
1446,2026-05-19,SH600023,0.375459760427475,EXP_XGBModel_Alpha158_csi300_custom_step0_s_20260519_15,4f3d23122f1945449b35dec26f90fe48,0.044,,,
1447,2026-05-19,SH600019,-0.01364342961460352,EXP_XGBModel_Alpha158_csi300_custom_step0_s_20260519_15,4f3d23122f1945449b35dec26f90fe48,0.044,,,
1448,2026-05-19,SH600018,0.08275812119245529,EXP_XGBModel_Alpha158_csi300_custom_step0_s_20260519_15,4f3d23122f1945449b35dec26f90fe48,0.044,,,
1449,2026-05-19,SH600016,0.0002155276306439191,EXP_XGBModel_Alpha158_csi300_custom_step0_s_20260519_15,4f3d23122f1945449b35dec26f90fe48,0.044,,,
1450,2026-05-19,SH600061,-0.04993396997451782,EXP_XGBModel_Alpha158_csi300_custom_step0_s_20260519_15,4f3d23122f1945449b35dec26f90fe48,0.044,,,
1451,2026-05-19,SH600066,-0.020276948809623718,EXP_XGBModel_Alpha158_csi300_custom_step0_s_20260519_15,4f3d23122f1945449b35dec26f90fe48,0.044,,,
1452,2026-05-19,SH600085,-0.013970284722745419,EXP_XGBModel_Alpha158_csi300_custom_step0_s_20260519_15,4f3d23122f1945449b35dec26f90fe48,0.044,,,
1453,2026-05-19,SH600089,-0.040073223412036896,EXP_XGBModel_Alpha158_csi300_custom_step0_s_20260519_15,4f3d23122f1945449b35dec26f90fe48,0.044,,,
1454,2026-05-19,SH600362,-0.09316085278987885,EXP_XGBModel_Alpha158_csi300_custom_step0_s_20260519_15,4f3d23122f1945449b35dec26f90fe48,0.044,,,
1455,2026-05-19,SH600346,-0.059867702424526215,EXP_XGBModel_Alpha158_csi300_custom_step0_s_20260519_15,4f3d23122f1945449b35dec26f90fe48,0.044,,,
1456,2026-05-19,SH600309,-0.005253316834568977,EXP_XGBModel_Alpha158_csi300_custom_step0_s_20260519_15,4f3d23122f1945449b35dec26f90fe48,0.044,,,
1457,2026-05-19,SH600276,-0.04140352085232735,EXP_XGBModel_Alpha158_csi300_custom_step0_s_20260519_15,4f3d23122f1945449b35dec26f90fe48,0.044,,,
1458,2026-05-19,SH600233,-0.030537595972418785,EXP_XGBModel_Alpha158_csi300_custom_step0_s_20260519_15,4f3d23122f1945449b35dec26f90fe48,0.044,,,
1459,2026-05-19,SH600219,-0.021383309736847878,EXP_XGBModel_Alpha158_csi300_custom_step0_s_20260519_15,4f3d23122f1945449b35dec26f90fe48,0.044,,,
1460,2026-05-19,SH600196,-0.045561566948890686,EXP_XGBModel_Alpha158_csi300_custom_step0_s_20260519_15,4f3d23122f1945449b35dec26f90fe48,0.044,,,
1461,2026-05-19,SH600015,0.01137255597859621,EXP_XGBModel_Alpha158_csi300_custom_step0_s_20260519_15,4f3d23122f1945449b35dec26f90fe48,0.044,,,
1462,2026-05-19,SH600188,-0.07385706156492233,EXP_XGBModel_Alpha158_csi300_custom_step0_s_20260519_15,4f3d23122f1945449b35dec26f90fe48,0.044,,,
1463,2026-05-19,SH600176,0.035035815089941025,EXP_XGBModel_Alpha158_csi300_custom_step0_s_20260519_15,4f3d23122f1945449b35dec26f90fe48,0.044,,,
1464,2026-05-19,SH600161,-0.0375242605805397,EXP_XGBModel_Alpha158_csi300_custom_step0_s_20260519_15,4f3d23122f1945449b35dec26f90fe48,0.044,,,
1465,2026-05-19,SH600160,-0.04555340111255646,EXP_XGBModel_Alpha158_csi300_custom_step0_s_20260519_15,4f3d23122f1945449b35dec26f90fe48,0.044,,,
1466,2026-05-19,SH600150,0.07811777293682098,EXP_XGBModel_Alpha158_csi300_custom_step0_s_20260519_15,4f3d23122f1945449b35dec26f90fe48,0.044,,,
1467,2026-05-19,SH600115,-0.058263443410396576,EXP_XGBModel_Alpha158_csi300_custom_step0_s_20260519_15,4f3d23122f1945449b35dec26f90fe48,0.044,,,
1468,2026-05-19,SH600111,-0.019409287720918655,EXP_XGBModel_Alpha158_csi300_custom_step0_s_20260519_15,4f3d23122f1945449b35dec26f90fe48,0.044,,,
1469,2026-05-19,SH600104,-0.010802481323480606,EXP_XGBModel_Alpha158_csi300_custom_step0_s_20260519_15,4f3d23122f1945449b35dec26f90fe48,0.044,,,
1470,2026-05-19,SH600183,-0.3937276005744934,EXP_XGBModel_Alpha158_csi300_custom_step0_s_20260519_15,4f3d23122f1945449b35dec26f90fe48,0.044,,,
1471,2026-05-19,SH600011,-0.02486167475581169,EXP_XGBModel_Alpha158_csi300_custom_step0_s_20260519_15,4f3d23122f1945449b35dec26f90fe48,0.044,,,
1472,2026-05-19,SH600010,-0.03883957490324974,EXP_XGBModel_Alpha158_csi300_custom_step0_s_20260519_15,4f3d23122f1945449b35dec26f90fe48,0.044,,,
1473,2026-05-19,SH600009,-0.03176631033420563,EXP_XGBModel_Alpha158_csi300_custom_step0_s_20260519_15,4f3d23122f1945449b35dec26f90fe48,0.044,,,
1474,2026-05-19,SZ300433,-0.15793456137180328,EXP_LinearModel_Alpha158_csi300_custom_step0_s_20260519_15,568045ee65e54326802578af282c16af,0.089,,,
1475,2026-05-19,SZ300418,0.04932321608066559,EXP_LinearModel_Alpha158_csi300_custom_step0_s_20260519_15,568045ee65e54326802578af282c16af,0.089,,,
1476,2026-05-19,SZ300413,0.09416592121124268,EXP_LinearModel_Alpha158_csi300_custom_step0_s_20260519_15,568045ee65e54326802578af282c16af,0.089,,,
1477,2026-05-19,SZ300408,0.14288634061813354,EXP_LinearModel_Alpha158_csi300_custom_step0_s_20260519_15,568045ee65e54326802578af282c16af,0.089,,,
1478,2026-05-19,SZ300394,-0.053716134279966354,EXP_LinearModel_Alpha158_csi300_custom_step0_s_20260519_15,568045ee65e54326802578af282c16af,0.089,,,
1479,2026-05-19,SZ300347,0.16058780252933502,EXP_LinearModel_Alpha158_csi300_custom_step0_s_20260519_15,568045ee65e54326802578af282c16af,0.089,,,
1480,2026-05-19,SZ300316,-0.030943172052502632,EXP_LinearModel_Alpha158_csi300_custom_step0_s_20260519_15,568045ee65e54326802578af282c16af,0.089,,,
1481,2026-05-19,SZ300442,,EXP_LinearModel_Alpha158_csi300_custom_step0_s_20260519_15,568045ee65e54326802578af282c16af,0.089,,,
1482,2026-05-19,SZ300308,0.2170100212097168,EXP_LinearModel_Alpha158_csi300_custom_step0_s_20260519_15,568045ee65e54326802578af282c16af,0.089,,,
1483,2026-05-19,SZ300251,0.3089298605918884,EXP_LinearModel_Alpha158_csi300_custom_step0_s_20260519_15,568045ee65e54326802578af282c16af,0.089,,,
1484,2026-05-19,SZ300124,0.06807393580675125,EXP_LinearModel_Alpha158_csi300_custom_step0_s_20260519_15,568045ee65e54326802578af282c16af,0.089,,,
1485,2026-05-19,SZ300122,-0.00903977733105421,EXP_LinearModel_Alpha158_csi300_custom_step0_s_20260519_15,568045ee65e54326802578af282c16af,0.089,,,
1486,2026-05-19,SZ300059,0.026872025802731514,EXP_LinearModel_Alpha158_csi300_custom_step0_s_20260519_15,568045ee65e54326802578af282c16af,0.089,,,
1487,2026-05-19,SZ300033,0.09013070166110992,EXP_LinearModel_Alpha158_csi300_custom_step0_s_20260519_15,568045ee65e54326802578af282c16af,0.089,,,
1488,2026-05-19,SZ300015,-0.012549888342618942,EXP_LinearModel_Alpha158_csi300_custom_step0_s_20260519_15,568045ee65e54326802578af282c16af,0.089,,,
1489,2026-05-19,SZ300014,0.05294898897409439,EXP_LinearModel_Alpha158_csi300_custom_step0_s_20260519_15,568045ee65e54326802578af282c16af,0.089,,,
1490,2026-05-19,SZ300274,0.0784686952829361,EXP_LinearModel_Alpha158_csi300_custom_step0_s_20260519_15,568045ee65e54326802578af282c16af,0.089,,,
1491,2026-05-19,SH600372,-0.03010421060025692,EXP_XGBModel_Alpha158_csi300_custom_step0_s_20260519_15,4f3d23122f1945449b35dec26f90fe48,0.044,,,
1492,2026-05-19,SZ300476,0.14187054336071014,EXP_LinearModel_Alpha158_csi300_custom_step0_s_20260519_15,568045ee65e54326802578af282c16af,0.089,,,
1493,2026-05-19,SZ300502,0.0711386501789093,EXP_LinearModel_Alpha158_csi300_custom_step0_s_20260519_15,568045ee65e54326802578af282c16af,0.089,,,
1494,2026-05-19,SH600000,0.011451839469373226,EXP_XGBModel_Alpha158_csi300_custom_step0_s_20260519_15,4f3d23122f1945449b35dec26f90fe48,0.044,,,
1495,2026-05-19,SZ302132,-0.09716424345970154,EXP_LinearModel_Alpha158_csi300_custom_step0_s_20260519_15,568045ee65e54326802578af282c16af,0.089,,,
1496,2026-05-19,SZ301269,0.18523041903972626,EXP_LinearModel_Alpha158_csi300_custom_step0_s_20260519_15,568045ee65e54326802578af282c16af,0.089,,,
1497,2026-05-19,SZ301236,0.019947493448853493,EXP_LinearModel_Alpha158_csi300_custom_step0_s_20260519_15,568045ee65e54326802578af282c16af,0.089,,,
1498,2026-05-19,SZ300999,0.03378063440322876,EXP_LinearModel_Alpha158_csi300_custom_step0_s_20260519_15,568045ee65e54326802578af282c16af,0.089,,,
1499,2026-05-19,SZ300979,-0.11721447110176086,EXP_LinearModel_Alpha158_csi300_custom_step0_s_20260519_15,568045ee65e54326802578af282c16af,0.089,,,
1500,2026-05-19,SZ300896,0.00586029514670372,EXP_LinearModel_Alpha158_csi300_custom_step0_s_20260519_15,568045ee65e54326802578af282c16af,0.089,,,
1501,2026-05-19,SZ300498,0.03187329322099686,EXP_LinearModel_Alpha158_csi300_custom_step0_s_20260519_15,568045ee65e54326802578af282c16af,0.089,,,
1502,2026-05-19,SZ300866,0.10533559322357178,EXP_LinearModel_Alpha158_csi300_custom_step0_s_20260519_15,568045ee65e54326802578af282c16af,0.089,,,
1503,2026-05-19,SZ300803,-0.05470260977745056,EXP_LinearModel_Alpha158_csi300_custom_step0_s_20260519_15,568045ee65e54326802578af282c16af,0.089,,,
1504,2026-05-19,SZ300782,-0.026633094996213913,EXP_LinearModel_Alpha158_csi300_custom_step0_s_20260519_15,568045ee65e54326802578af282c16af,0.089,,,
1505,2026-05-19,SZ300760,-0.033889416605234146,EXP_LinearModel_Alpha158_csi300_custom_step0_s_20260519_15,568045ee65e54326802578af282c16af,0.089,,,
1506,2026-05-19,SZ300759,0.05986274406313896,EXP_LinearModel_Alpha158_csi300_custom_step0_s_20260519_15,568045ee65e54326802578af282c16af,0.089,,,
1507,2026-05-19,SZ300750,0.053536899387836456,EXP_LinearModel_Alpha158_csi300_custom_step0_s_20260519_15,568045ee65e54326802578af282c16af,0.089,,,
1508,2026-05-19,SZ300661,0.00726032629609108,EXP_LinearModel_Alpha158_csi300_custom_step0_s_20260519_15,568045ee65e54326802578af282c16af,0.089,,,
1509,2026-05-19,SZ300628,0.11960984021425247,EXP_LinearModel_Alpha158_csi300_custom_step0_s_20260519_15,568045ee65e54326802578af282c16af,0.089,,,
1510,2026-05-19,SZ300832,0.02954065054655075,EXP_LinearModel_Alpha158_csi300_custom_step0_s_20260519_15,568045ee65e54326802578af282c16af,0.089,,,
1511,2026-05-19,SH600377,0.024930160492658615,EXP_XGBModel_Alpha158_csi300_custom_step0_s_20260519_15,4f3d23122f1945449b35dec26f90fe48,0.044,,,
1512,2026-05-19,SH600406,-0.04357072338461876,EXP_XGBModel_Alpha158_csi300_custom_step0_s_20260519_15,4f3d23122f1945449b35dec26f90fe48,0.044,,,
1513,2026-05-19,SH600415,-0.022374209016561508,EXP_XGBModel_Alpha158_csi300_custom_step0_s_20260519_15,4f3d23122f1945449b35dec26f90fe48,0.044,,,
1514,2026-05-19,SH601166,0.016027195379137993,EXP_XGBModel_Alpha158_csi300_custom_step0_s_20260519_15,4f3d23122f1945449b35dec26f90fe48,0.044,,,
1515,2026-05-19,SH601138,-0.09213265776634216,EXP_XGBModel_Alpha158_csi300_custom_step0_s_20260519_15,4f3d23122f1945449b35dec26f90fe48,0.044,,,
1516,2026-05-19,SH601136,-0.031193695962429047,EXP_XGBModel_Alpha158_csi300_custom_step0_s_20260519_15,4f3d23122f1945449b35dec26f90fe48,0.044,,,
1517,2026-05-19,SH601127,-0.04205155745148659,EXP_XGBModel_Alpha158_csi300_custom_step0_s_20260519_15,4f3d23122f1945449b35dec26f90fe48,0.044,,,
1518,2026-05-19,SH601117,-0.048637572675943375,EXP_XGBModel_Alpha158_csi300_custom_step0_s_20260519_15,4f3d23122f1945449b35dec26f90fe48,0.044,,,
1519,2026-05-19,SH601111,-0.08672892302274704,EXP_XGBModel_Alpha158_csi300_custom_step0_s_20260519_15,4f3d23122f1945449b35dec26f90fe48,0.044,,,
1520,2026-05-19,SH601100,-0.018352912738919258,EXP_XGBModel_Alpha158_csi300_custom_step0_s_20260519_15,4f3d23122f1945449b35dec26f90fe48,0.044,,,
1521,2026-05-19,SH601169,0.016758689656853676,EXP_XGBModel_Alpha158_csi300_custom_step0_s_20260519_15,4f3d23122f1945449b35dec26f90fe48,0.044,,,
1522,2026-05-19,SH601088,0.010979601182043552,EXP_XGBModel_Alpha158_csi300_custom_step0_s_20260519_15,4f3d23122f1945449b35dec26f90fe48,0.044,,,
1523,2026-05-19,SH601066,-0.02603226900100708,EXP_XGBModel_Alpha158_csi300_custom_step0_s_20260519_15,4f3d23122f1945449b35dec26f90fe48,0.044,,,
1524,2026-05-19,SH601059,0.06725539267063141,EXP_XGBModel_Alpha158_csi300_custom_step0_s_20260519_15,4f3d23122f1945449b35dec26f90fe48,0.044,,,
1525,2026-05-19,SH601058,-0.049603771418333054,EXP_XGBModel_Alpha158_csi300_custom_step0_s_20260519_15,4f3d23122f1945449b35dec26f90fe48,0.044,,,
1526,2026-05-19,SH601021,-0.04687739163637161,EXP_XGBModel_Alpha158_csi300_custom_step0_s_20260519_15,4f3d23122f1945449b35dec26f90fe48,0.044,,,
1527,2026-05-19,SH601018,-0.004606139846146107,EXP_XGBModel_Alpha158_csi300_custom_step0_s_20260519_15,4f3d23122f1945449b35dec26f90fe48,0.044,,,
1528,2026-05-19,SH601012,-0.015016889199614525,EXP_XGBModel_Alpha158_csi300_custom_step0_s_20260519_15,4f3d23122f1945449b35dec26f90fe48,0.044,,,
1529,2026-05-19,SH601009,0.0085930610075593,EXP_XGBModel_Alpha158_csi300_custom_step0_s_20260519_15,4f3d23122f1945449b35dec26f90fe48,0.044,,,
1530,2026-05-19,SH601077,0.00464898394420743,EXP_XGBModel_Alpha158_csi300_custom_step0_s_20260519_15,4f3d23122f1945449b35dec26f90fe48,0.044,,,
1531,2026-05-19,SH601006,0.05876685306429863,EXP_XGBModel_Alpha158_csi300_custom_step0_s_20260519_15,4f3d23122f1945449b35dec26f90fe48,0.044,,,
1532,2026-05-19,SH601186,0.0027169035747647285,EXP_XGBModel_Alpha158_csi300_custom_step0_s_20260519_15,4f3d23122f1945449b35dec26f90fe48,0.044,,,
1533,2026-05-19,SH601225,0.005410396493971348,EXP_XGBModel_Alpha158_csi300_custom_step0_s_20260519_15,4f3d23122f1945449b35dec26f90fe48,0.044,,,
1534,2026-05-19,SH601601,-0.0613505057990551,EXP_XGBModel_Alpha158_csi300_custom_step0_s_20260519_15,4f3d23122f1945449b35dec26f90fe48,0.044,,,
1535,2026-05-19,SH601600,-0.05247782915830612,EXP_XGBModel_Alpha158_csi300_custom_step0_s_20260519_15,4f3d23122f1945449b35dec26f90fe48,0.044,,,
1536,2026-05-19,SH601456,-0.004844533279538155,EXP_XGBModel_Alpha158_csi300_custom_step0_s_20260519_15,4f3d23122f1945449b35dec26f90fe48,0.044,,,
1537,2026-05-19,SH601398,0.05787963792681694,EXP_XGBModel_Alpha158_csi300_custom_step0_s_20260519_15,4f3d23122f1945449b35dec26f90fe48,0.044,,,
1538,2026-05-19,SH601390,-0.004931786097586155,EXP_XGBModel_Alpha158_csi300_custom_step0_s_20260519_15,4f3d23122f1945449b35dec26f90fe48,0.044,,,
1539,2026-05-19,SH601377,-0.04513373225927353,EXP_XGBModel_Alpha158_csi300_custom_step0_s_20260519_15,4f3d23122f1945449b35dec26f90fe48,0.044,,,
1540,2026-05-19,SH601360,-0.03590140864253044,EXP_XGBModel_Alpha158_csi300_custom_step0_s_20260519_15,4f3d23122f1945449b35dec26f90fe48,0.044,,,
1541,2026-05-19,SH601211,-0.03123468905687332,EXP_XGBModel_Alpha158_csi300_custom_step0_s_20260519_15,4f3d23122f1945449b35dec26f90fe48,0.044,,,
1542,2026-05-19,SH601336,-0.068242147564888,EXP_XGBModel_Alpha158_csi300_custom_step0_s_20260519_15,4f3d23122f1945449b35dec26f90fe48,0.044,,,
1543,2026-05-19,SH601319,-0.034333109855651855,EXP_XGBModel_Alpha158_csi300_custom_step0_s_20260519_15,4f3d23122f1945449b35dec26f90fe48,0.044,,,
1544,2026-05-19,SH601318,-0.06157726049423218,EXP_XGBModel_Alpha158_csi300_custom_step0_s_20260519_15,4f3d23122f1945449b35dec26f90fe48,0.044,,,
1545,2026-05-19,SH601298,0.06869141757488251,EXP_XGBModel_Alpha158_csi300_custom_step0_s_20260519_15,4f3d23122f1945449b35dec26f90fe48,0.044,,,
1546,2026-05-19,SH601288,0.041180986911058426,EXP_XGBModel_Alpha158_csi300_custom_step0_s_20260519_15,4f3d23122f1945449b35dec26f90fe48,0.044,,,
1547,2026-05-19,SH601238,-0.01874578557908535,EXP_XGBModel_Alpha158_csi300_custom_step0_s_20260519_15,4f3d23122f1945449b35dec26f90fe48,0.044,,,
1548,2026-05-19,SH601236,-0.010042666457593441,EXP_XGBModel_Alpha158_csi300_custom_step0_s_20260519_15,4f3d23122f1945449b35dec26f90fe48,0.044,,,
1549,2026-05-19,SH601229,0.009955973364412785,EXP_XGBModel_Alpha158_csi300_custom_step0_s_20260519_15,4f3d23122f1945449b35dec26f90fe48,0.044,,,
1550,2026-05-19,SH601328,0.03714624419808388,EXP_XGBModel_Alpha158_csi300_custom_step0_s_20260519_15,4f3d23122f1945449b35dec26f90fe48,0.044,,,
1551,2026-05-19,SH601618,0.00979752466082573,EXP_XGBModel_Alpha158_csi300_custom_step0_s_20260519_15,4f3d23122f1945449b35dec26f90fe48,0.044,,,
1552,2026-05-19,SH600999,-0.03261224180459976,EXP_XGBModel_Alpha158_csi300_custom_step0_s_20260519_15,4f3d23122f1945449b35dec26f90fe48,0.044,,,
1553,2026-05-19,SH600958,-0.01863250508904457,EXP_XGBModel_Alpha158_csi300_custom_step0_s_20260519_15,4f3d23122f1945449b35dec26f90fe48,0.044,,,
1554,2026-05-19,SH600660,-0.015807753428816795,EXP_XGBModel_Alpha158_csi300_custom_step0_s_20260519_15,4f3d23122f1945449b35dec26f90fe48,0.044,,,
1555,2026-05-19,SH600600,0.03193702921271324,EXP_XGBModel_Alpha158_csi300_custom_step0_s_20260519_15,4f3d23122f1945449b35dec26f90fe48,0.044,,,
1556,2026-05-19,SH600588,-0.041864801198244095,EXP_XGBModel_Alpha158_csi300_custom_step0_s_20260519_15,4f3d23122f1945449b35dec26f90fe48,0.044,,,
1557,2026-05-19,SH600585,-0.04918912425637245,EXP_XGBModel_Alpha158_csi300_custom_step0_s_20260519_15,4f3d23122f1945449b35dec26f90fe48,0.044,,,
1558,2026-05-19,SH600584,-0.15407893061637878,EXP_XGBModel_Alpha158_csi300_custom_step0_s_20260519_15,4f3d23122f1945449b35dec26f90fe48,0.044,,,
1559,2026-05-19,SH600570,-0.05054797604680061,EXP_XGBModel_Alpha158_csi300_custom_step0_s_20260519_15,4f3d23122f1945449b35dec26f90fe48,0.044,,,
1560,2026-05-19,SH600547,-0.06821911782026291,EXP_XGBModel_Alpha158_csi300_custom_step0_s_20260519_15,4f3d23122f1945449b35dec26f90fe48,0.044,,,
1561,2026-05-19,SH600674,0.06776826828718185,EXP_XGBModel_Alpha158_csi300_custom_step0_s_20260519_15,4f3d23122f1945449b35dec26f90fe48,0.044,,,
1562,2026-05-19,SH600522,-0.022848913446068764,EXP_XGBModel_Alpha158_csi300_custom_step0_s_20260519_15,4f3d23122f1945449b35dec26f90fe48,0.044,,,
1563,2026-05-19,SH600515,-0.04036534205079079,EXP_XGBModel_Alpha158_csi300_custom_step0_s_20260519_15,4f3d23122f1945449b35dec26f90fe48,0.044,,,
1564,2026-05-19,SH600489,-0.09173252433538437,EXP_XGBModel_Alpha158_csi300_custom_step0_s_20260519_15,4f3d23122f1945449b35dec26f90fe48,0.044,,,
1565,2026-05-19,SH600482,-0.01585615985095501,EXP_XGBModel_Alpha158_csi300_custom_step0_s_20260519_15,4f3d23122f1945449b35dec26f90fe48,0.044,,,
1566,2026-05-19,SH600460,-0.09892185777425766,EXP_XGBModel_Alpha158_csi300_custom_step0_s_20260519_15,4f3d23122f1945449b35dec26f90fe48,0.044,,,
1567,2026-05-19,SH600438,-0.0310988612473011,EXP_XGBModel_Alpha158_csi300_custom_step0_s_20260519_15,4f3d23122f1945449b35dec26f90fe48,0.044,,,
1568,2026-05-19,SH600436,-0.004254144616425037,EXP_XGBModel_Alpha158_csi300_custom_step0_s_20260519_15,4f3d23122f1945449b35dec26f90fe48,0.044,,,
1569,2026-05-19,SH600426,-0.04876047000288963,EXP_XGBModel_Alpha158_csi300_custom_step0_s_20260519_15,4f3d23122f1945449b35dec26f90fe48,0.044,,,
1570,2026-05-19,SH600519,-0.005587523803114891,EXP_XGBModel_Alpha158_csi300_custom_step0_s_20260519_15,4f3d23122f1945449b35dec26f90fe48,0.044,,,
1571,2026-05-19,SH600989,-0.003919222857803106,EXP_XGBModel_Alpha158_csi300_custom_step0_s_20260519_15,4f3d23122f1945449b35dec26f90fe48,0.044,,,
1572,2026-05-19,SH600690,0.03553617745637894,EXP_XGBModel_Alpha158_csi300_custom_step0_s_20260519_15,4f3d23122f1945449b35dec26f90fe48,0.044,,,
1573,2026-05-19,SH600760,-0.05203289911150932,EXP_XGBModel_Alpha158_csi300_custom_step0_s_20260519_15,4f3d23122f1945449b35dec26f90fe48,0.044,,,
1574,2026-05-19,SH600941,0.11441004276275635,EXP_XGBModel_Alpha158_csi300_custom_step0_s_20260519_15,4f3d23122f1945449b35dec26f90fe48,0.044,,,
1575,2026-05-19,SH600938,0.010727145709097385,EXP_XGBModel_Alpha158_csi300_custom_step0_s_20260519_15,4f3d23122f1945449b35dec26f90fe48,0.044,,,
1576,2026-05-19,SH600930,-0.046701885759830475,EXP_XGBModel_Alpha158_csi300_custom_step0_s_20260519_15,4f3d23122f1945449b35dec26f90fe48,0.044,,,
1577,2026-05-19,SH600926,0.0009473758400417864,EXP_XGBModel_Alpha158_csi300_custom_step0_s_20260519_15,4f3d23122f1945449b35dec26f90fe48,0.044,,,
1578,2026-05-19,SH600919,0.07538967579603195,EXP_XGBModel_Alpha158_csi300_custom_step0_s_20260519_15,4f3d23122f1945449b35dec26f90fe48,0.044,,,
1579,2026-05-19,SH600918,0.002088782610371709,EXP_XGBModel_Alpha158_csi300_custom_step0_s_20260519_15,4f3d23122f1945449b35dec26f90fe48,0.044,,,
1580,2026-05-19,SH600905,0.19389842450618744,EXP_XGBModel_Alpha158_csi300_custom_step0_s_20260519_15,4f3d23122f1945449b35dec26f90fe48,0.044,,,
1581,2026-05-19,SH600741,-0.005456084385514259,EXP_XGBModel_Alpha158_csi300_custom_step0_s_20260519_15,4f3d23122f1945449b35dec26f90fe48,0.044,,,
1582,2026-05-19,SH600900,0.07887445390224457,EXP_XGBModel_Alpha158_csi300_custom_step0_s_20260519_15,4f3d23122f1945449b35dec26f90fe48,0.044,,,
1583,2026-05-19,SH600887,0.025660265237092972,EXP_XGBModel_Alpha158_csi300_custom_step0_s_20260519_15,4f3d23122f1945449b35dec26f90fe48,0.044,,,
1584,2026-05-19,SH600886,-0.031064512208104134,EXP_XGBModel_Alpha158_csi300_custom_step0_s_20260519_15,4f3d23122f1945449b35dec26f90fe48,0.044,,,
1585,2026-05-19,SH600875,-0.009691200219094753,EXP_XGBModel_Alpha158_csi300_custom_step0_s_20260519_15,4f3d23122f1945449b35dec26f90fe48,0.044,,,
1586,2026-05-19,SH600845,0.02385581098496914,EXP_XGBModel_Alpha158_csi300_custom_step0_s_20260519_15,4f3d23122f1945449b35dec26f90fe48,0.044,,,
1587,2026-05-19,SH600809,-0.035848695784807205,EXP_XGBModel_Alpha158_csi300_custom_step0_s_20260519_15,4f3d23122f1945449b35dec26f90fe48,0.044,,,
1588,2026-05-19,SH600803,0.02531462535262108,EXP_XGBModel_Alpha158_csi300_custom_step0_s_20260519_15,4f3d23122f1945449b35dec26f90fe48,0.044,,,
1589,2026-05-19,SH600795,-0.06168749928474426,EXP_XGBModel_Alpha158_csi300_custom_step0_s_20260519_15,4f3d23122f1945449b35dec26f90fe48,0.044,,,
1590,2026-05-19,SH600893,-0.05812211334705353,EXP_XGBModel_Alpha158_csi300_custom_step0_s_20260519_15,4f3d23122f1945449b35dec26f90fe48,0.044,,,
1591,2026-05-19,SZ300433,-0.04127034544944763,EXP_XGBModel_Alpha158_csi300_custom_step0_s_20260519_15,4f3d23122f1945449b35dec26f90fe48,0.044,,,
1592,2026-05-19,SZ300442,-0.028581177815794945,EXP_XGBModel_Alpha158_csi300_custom_step0_s_20260519_15,4f3d23122f1945449b35dec26f90fe48,0.044,,,
1593,2026-05-19,SZ300476,0.026227321475744247,EXP_XGBModel_Alpha158_csi300_custom_step0_s_20260519_15,4f3d23122f1945449b35dec26f90fe48,0.044,,,
1594,2026-05-19,SZ000333,0.016674073413014412,EXP_XGBModel_Alpha158_csi300_custom_step0_s_20260519_15,e0070c9cce404396920a7c9465f6b908,0.057,,,
1595,2026-05-19,SZ000301,0.004692321643233299,EXP_XGBModel_Alpha158_csi300_custom_step0_s_20260519_15,e0070c9cce404396920a7c9465f6b908,0.057,,,
1596,2026-05-19,SZ000166,-0.028758257627487183,EXP_XGBModel_Alpha158_csi300_custom_step0_s_20260519_15,e0070c9cce404396920a7c9465f6b908,0.057,,,
1597,2026-05-19,SZ000157,0.04487975686788559,EXP_XGBModel_Alpha158_csi300_custom_step0_s_20260519_15,e0070c9cce404396920a7c9465f6b908,0.057,,,
1598,2026-05-19,SZ000100,-0.023647528141736984,EXP_XGBModel_Alpha158_csi300_custom_step0_s_20260519_15,e0070c9cce404396920a7c9465f6b908,0.057,,,
1599,2026-05-19,SZ000063,0.0057573867961764336,EXP_XGBModel_Alpha158_csi300_custom_step0_s_20260519_15,e0070c9cce404396920a7c9465f6b908,0.057,,,
1600,2026-05-19,SZ000002,-0.06449510157108307,EXP_XGBModel_Alpha158_csi300_custom_step0_s_20260519_15,e0070c9cce404396920a7c9465f6b908,0.057,,,
1601,2026-05-19,SZ000001,-0.024622507393360138,EXP_XGBModel_Alpha158_csi300_custom_step0_s_20260519_15,e0070c9cce404396920a7c9465f6b908,0.057,,,
1602,2026-05-19,SH688981,-0.26834285259246826,EXP_XGBModel_Alpha158_csi300_custom_step0_s_20260519_15,e0070c9cce404396920a7c9465f6b908,0.057,,,
1603,2026-05-19,SH688506,0.03525790944695473,EXP_XGBModel_Alpha158_csi300_custom_step0_s_20260519_15,e0070c9cce404396920a7c9465f6b908,0.057,,,
1604,2026-05-19,SH688472,0.022196145728230476,EXP_XGBModel_Alpha158_csi300_custom_step0_s_20260519_15,e0070c9cce404396920a7c9465f6b908,0.057,,,
1605,2026-05-19,SH688396,0.028600534424185753,EXP_XGBModel_Alpha158_csi300_custom_step0_s_20260519_15,e0070c9cce404396920a7c9465f6b908,0.057,,,
1606,2026-05-19,SH688303,-0.03001726232469082,EXP_XGBModel_Alpha158_csi300_custom_step0_s_20260519_15,e0070c9cce404396920a7c9465f6b908,0.057,,,
1607,2026-05-19,SH688271,-0.026732580736279488,EXP_XGBModel_Alpha158_csi300_custom_step0_s_20260519_15,e0070c9cce404396920a7c9465f6b908,0.057,,,
1608,2026-05-19,SH688256,0.030327776446938515,EXP_XGBModel_Alpha158_csi300_custom_step0_s_20260519_15,e0070c9cce404396920a7c9465f6b908,0.057,,,
1609,2026-05-19,SZ000338,0.4362002909183502,EXP_XGBModel_Alpha158_csi300_custom_step0_s_20260519_15,e0070c9cce404396920a7c9465f6b908,0.057,,,
1610,2026-05-19,SZ000408,0.011165295727550983,EXP_XGBModel_Alpha158_csi300_custom_step0_s_20260519_15,e0070c9cce404396920a7c9465f6b908,0.057,,,
1611,2026-05-19,SZ000425,-0.05712641775608063,EXP_XGBModel_Alpha158_csi300_custom_step0_s_20260519_15,e0070c9cce404396920a7c9465f6b908,0.057,,,
1612,2026-05-19,SZ000538,-0.0392477847635746,EXP_XGBModel_Alpha158_csi300_custom_step0_s_20260519_15,e0070c9cce404396920a7c9465f6b908,0.057,,,
1613,2026-05-19,SZ000876,-0.025924034416675568,EXP_XGBModel_Alpha158_csi300_custom_step0_s_20260519_15,e0070c9cce404396920a7c9465f6b908,0.057,,,
1614,2026-05-19,SZ000858,0.04892333969473839,EXP_XGBModel_Alpha158_csi300_custom_step0_s_20260519_15,e0070c9cce404396920a7c9465f6b908,0.057,,,
1615,2026-05-19,SZ000807,0.03517240285873413,EXP_XGBModel_Alpha158_csi300_custom_step0_s_20260519_15,e0070c9cce404396920a7c9465f6b908,0.057,,,
1616,2026-05-19,SZ000792,-0.04154067486524582,EXP_XGBModel_Alpha158_csi300_custom_step0_s_20260519_15,e0070c9cce404396920a7c9465f6b908,0.057,,,
1617,2026-05-19,SZ000786,-0.026140084490180016,EXP_XGBModel_Alpha158_csi300_custom_step0_s_20260519_15,e0070c9cce404396920a7c9465f6b908,0.057,,,
1618,2026-05-19,SZ000776,-0.044075075536966324,EXP_XGBModel_Alpha158_csi300_custom_step0_s_20260519_15,e0070c9cce404396920a7c9465f6b908,0.057,,,
1619,2026-05-19,SZ000768,-0.05552022159099579,EXP_XGBModel_Alpha158_csi300_custom_step0_s_20260519_15,e0070c9cce404396920a7c9465f6b908,0.057,,,
1620,2026-05-19,SH688223,-0.18144361674785614,EXP_XGBModel_Alpha158_csi300_custom_step0_s_20260519_15,e0070c9cce404396920a7c9465f6b908,0.057,,,
1621,2026-05-19,SZ000725,0.026679757982492447,EXP_XGBModel_Alpha158_csi300_custom_step0_s_20260519_15,e0070c9cce404396920a7c9465f6b908,0.057,,,
1622,2026-05-19,SZ000661,-0.025324873626232147,EXP_XGBModel_Alpha158_csi300_custom_step0_s_20260519_15,e0070c9cce404396920a7c9465f6b908,0.057,,,
1623,2026-05-19,SZ000651,-0.0027605812065303326,EXP_XGBModel_Alpha158_csi300_custom_step0_s_20260519_15,e0070c9cce404396920a7c9465f6b908,0.057,,,
1624,2026-05-19,SZ000630,-0.1442444920539856,EXP_XGBModel_Alpha158_csi300_custom_step0_s_20260519_15,e0070c9cce404396920a7c9465f6b908,0.057,,,
1625,2026-05-19,SZ000625,0.2615129053592682,EXP_XGBModel_Alpha158_csi300_custom_step0_s_20260519_15,e0070c9cce404396920a7c9465f6b908,0.057,,,
1626,2026-05-19,SZ000617,0.04401114955544472,EXP_XGBModel_Alpha158_csi300_custom_step0_s_20260519_15,e0070c9cce404396920a7c9465f6b908,0.057,,,
1627,2026-05-19,SZ000596,0.008818968199193478,EXP_XGBModel_Alpha158_csi300_custom_step0_s_20260519_15,e0070c9cce404396920a7c9465f6b908,0.057,,,
1628,2026-05-19,SZ000568,-0.018973125144839287,EXP_XGBModel_Alpha158_csi300_custom_step0_s_20260519_15,e0070c9cce404396920a7c9465f6b908,0.057,,,
1629,2026-05-19,SZ000708,-0.02348179928958416,EXP_XGBModel_Alpha158_csi300_custom_step0_s_20260519_15,e0070c9cce404396920a7c9465f6b908,0.057,,,
1630,2026-05-19,SH688187,-0.07593610882759094,EXP_XGBModel_Alpha158_csi300_custom_step0_s_20260519_15,e0070c9cce404396920a7c9465f6b908,0.057,,,
1631,2026-05-19,SH688169,0.0701231136918068,EXP_XGBModel_Alpha158_csi300_custom_step0_s_20260519_15,e0070c9cce404396920a7c9465f6b908,0.057,,,
1632,2026-05-19,SH688126,0.026065463200211525,EXP_XGBModel_Alpha158_csi300_custom_step0_s_20260519_15,e0070c9cce404396920a7c9465f6b908,0.057,,,
1633,2026-05-19,SH603259,-0.0074629588052630424,EXP_XGBModel_Alpha158_csi300_custom_step0_s_20260519_15,e0070c9cce404396920a7c9465f6b908,0.057,,,
1634,2026-05-19,SH603195,0.02559826150536537,EXP_XGBModel_Alpha158_csi300_custom_step0_s_20260519_15,e0070c9cce404396920a7c9465f6b908,0.057,,,
1635,2026-05-19,SH603019,-0.02272275649011135,EXP_XGBModel_Alpha158_csi300_custom_step0_s_20260519_15,e0070c9cce404396920a7c9465f6b908,0.057,,,
1636,2026-05-19,SH601998,-0.01965991221368313,EXP_XGBModel_Alpha158_csi300_custom_step0_s_20260519_15,e0070c9cce404396920a7c9465f6b908,0.057,,,
1637,2026-05-19,SH601995,0.0106946537271142,EXP_XGBModel_Alpha158_csi300_custom_step0_s_20260519_15,e0070c9cce404396920a7c9465f6b908,0.057,,,
1638,2026-05-19,SH601988,-0.0233475212007761,EXP_XGBModel_Alpha158_csi300_custom_step0_s_20260519_15,e0070c9cce404396920a7c9465f6b908,0.057,,,
1639,2026-05-19,SH601985,0.020508242771029472,EXP_XGBModel_Alpha158_csi300_custom_step0_s_20260519_15,e0070c9cce404396920a7c9465f6b908,0.057,,,
1640,2026-05-19,SH603260,0.001390774268656969,EXP_XGBModel_Alpha158_csi300_custom_step0_s_20260519_15,e0070c9cce404396920a7c9465f6b908,0.057,,,
1641,2026-05-19,SH601939,0.0046737464144825935,EXP_XGBModel_Alpha158_csi300_custom_step0_s_20260519_15,e0070c9cce404396920a7c9465f6b908,0.057,,,
1642,2026-05-19,SH601916,-0.01665784791111946,EXP_XGBModel_Alpha158_csi300_custom_step0_s_20260519_15,e0070c9cce404396920a7c9465f6b908,0.057,,,
1643,2026-05-19,SH601901,-0.0026282232720404863,EXP_XGBModel_Alpha158_csi300_custom_step0_s_20260519_15,e0070c9cce404396920a7c9465f6b908,0.057,,,
1644,2026-05-19,SH601899,0.023832110688090324,EXP_XGBModel_Alpha158_csi300_custom_step0_s_20260519_15,e0070c9cce404396920a7c9465f6b908,0.057,,,
1645,2026-05-19,SH601898,-0.08883875608444214,EXP_XGBModel_Alpha158_csi300_custom_step0_s_20260519_15,e0070c9cce404396920a7c9465f6b908,0.057,,,
1646,2026-05-19,SH601888,0.029387297108769417,EXP_XGBModel_Alpha158_csi300_custom_step0_s_20260519_15,e0070c9cce404396920a7c9465f6b908,0.057,,,
1647,2026-05-19,SH601881,-0.01536374818533659,EXP_XGBModel_Alpha158_csi300_custom_step0_s_20260519_15,e0070c9cce404396920a7c9465f6b908,0.057,,,
1648,2026-05-19,SH601878,-0.001927533419802785,EXP_XGBModel_Alpha158_csi300_custom_step0_s_20260519_15,e0070c9cce404396920a7c9465f6b908,0.057,,,
1649,2026-05-19,SH601919,-0.038194846361875534,EXP_XGBModel_Alpha158_csi300_custom_step0_s_20260519_15,e0070c9cce404396920a7c9465f6b908,0.057,,,
1650,2026-05-19,SZ000895,-0.02734219655394554,EXP_XGBModel_Alpha158_csi300_custom_step0_s_20260519_15,e0070c9cce404396920a7c9465f6b908,0.057,,,
1651,2026-05-19,SH603288,0.004780878312885761,EXP_XGBModel_Alpha158_csi300_custom_step0_s_20260519_15,e0070c9cce404396920a7c9465f6b908,0.057,,,
1652,2026-05-19,SH603369,0.0195542611181736,EXP_XGBModel_Alpha158_csi300_custom_step0_s_20260519_15,e0070c9cce404396920a7c9465f6b908,0.057,,,
1653,2026-05-19,SH688111,0.011807742528617382,EXP_XGBModel_Alpha158_csi300_custom_step0_s_20260519_15,e0070c9cce404396920a7c9465f6b908,0.057,,,
1654,2026-05-19,SH688082,-0.08759695291519165,EXP_XGBModel_Alpha158_csi300_custom_step0_s_20260519_15,e0070c9cce404396920a7c9465f6b908,0.057,,,
1655,2026-05-19,SH688047,-0.5193095207214355,EXP_XGBModel_Alpha158_csi300_custom_step0_s_20260519_15,e0070c9cce404396920a7c9465f6b908,0.057,,,
1656,2026-05-19,SH688041,-0.2383297085762024,EXP_XGBModel_Alpha158_csi300_custom_step0_s_20260519_15,e0070c9cce404396920a7c9465f6b908,0.057,,,
1657,2026-05-19,SH688036,0.10695145279169083,EXP_XGBModel_Alpha158_csi300_custom_step0_s_20260519_15,e0070c9cce404396920a7c9465f6b908,0.057,,,
1658,2026-05-19,SH688012,0.12117049843072891,EXP_XGBModel_Alpha158_csi300_custom_step0_s_20260519_15,e0070c9cce404396920a7c9465f6b908,0.057,,,
1659,2026-05-19,SH688009,-0.013155900873243809,EXP_XGBModel_Alpha158_csi300_custom_step0_s_20260519_15,e0070c9cce404396920a7c9465f6b908,0.057,,,
1660,2026-05-19,SH603296,0.2915564775466919,EXP_XGBModel_Alpha158_csi300_custom_step0_s_20260519_15,e0070c9cce404396920a7c9465f6b908,0.057,,,
1661,2026-05-19,SH688008,-0.45231539011001587,EXP_XGBModel_Alpha158_csi300_custom_step0_s_20260519_15,e0070c9cce404396920a7c9465f6b908,0.057,,,
1662,2026-05-19,SH605117,0.21241970360279083,EXP_XGBModel_Alpha158_csi300_custom_step0_s_20260519_15,e0070c9cce404396920a7c9465f6b908,0.057,,,
1663,2026-05-19,SH603993,0.07058452069759369,EXP_XGBModel_Alpha158_csi300_custom_step0_s_20260519_15,e0070c9cce404396920a7c9465f6b908,0.057,,,
1664,2026-05-19,SH603986,0.28452345728874207,EXP_XGBModel_Alpha158_csi300_custom_step0_s_20260519_15,e0070c9cce404396920a7c9465f6b908,0.057,,,
1665,2026-05-19,SH603893,0.030256669968366623,EXP_XGBModel_Alpha158_csi300_custom_step0_s_20260519_15,e0070c9cce404396920a7c9465f6b908,0.057,,,
1666,2026-05-19,SH603799,-0.049661021679639816,EXP_XGBModel_Alpha158_csi300_custom_step0_s_20260519_15,e0070c9cce404396920a7c9465f6b908,0.057,,,
1667,2026-05-19,SH603501,0.049898941069841385,EXP_XGBModel_Alpha158_csi300_custom_step0_s_20260519_15,e0070c9cce404396920a7c9465f6b908,0.057,,,
1668,2026-05-19,SH603392,-0.01969321072101593,EXP_XGBModel_Alpha158_csi300_custom_step0_s_20260519_15,e0070c9cce404396920a7c9465f6b908,0.057,,,
1669,2026-05-19,SH605499,0.05316157266497612,EXP_XGBModel_Alpha158_csi300_custom_step0_s_20260519_15,e0070c9cce404396920a7c9465f6b908,0.057,,,
1670,2026-05-19,SZ000938,0.026025356724858284,EXP_XGBModel_Alpha158_csi300_custom_step0_s_20260519_15,e0070c9cce404396920a7c9465f6b908,0.057,,,
1671,2026-05-19,SZ000963,-0.00948404986411333,EXP_XGBModel_Alpha158_csi300_custom_step0_s_20260519_15,e0070c9cce404396920a7c9465f6b908,0.057,,,
1672,2026-05-19,SZ000975,0.10735870897769928,EXP_XGBModel_Alpha158_csi300_custom_step0_s_20260519_15,e0070c9cce404396920a7c9465f6b908,0.057,,,
1673,2026-05-19,SZ300408,0.1846216917037964,EXP_XGBModel_Alpha158_csi300_custom_step0_s_20260519_15,e0070c9cce404396920a7c9465f6b908,0.057,,,
1674,2026-05-19,SZ300394,0.07087060064077377,EXP_XGBModel_Alpha158_csi300_custom_step0_s_20260519_15,e0070c9cce404396920a7c9465f6b908,0.057,,,
1675,2026-05-19,SZ300347,0.5142325162887573,EXP_XGBModel_Alpha158_csi300_custom_step0_s_20260519_15,e0070c9cce404396920a7c9465f6b908,0.057,,,
1676,2026-05-19,SZ300316,-0.16647173464298248,EXP_XGBModel_Alpha158_csi300_custom_step0_s_20260519_15,e0070c9cce404396920a7c9465f6b908,0.057,,,
1677,2026-05-19,SZ300308,0.5239062309265137,EXP_XGBModel_Alpha158_csi300_custom_step0_s_20260519_15,e0070c9cce404396920a7c9465f6b908,0.057,,,
1678,2026-05-19,SZ300274,0.0829768255352974,EXP_XGBModel_Alpha158_csi300_custom_step0_s_20260519_15,e0070c9cce404396920a7c9465f6b908,0.057,,,
1679,2026-05-19,SZ300251,0.3256947696208954,EXP_XGBModel_Alpha158_csi300_custom_step0_s_20260519_15,e0070c9cce404396920a7c9465f6b908,0.057,,,
1680,2026-05-19,SZ300413,-0.03510995954275131,EXP_XGBModel_Alpha158_csi300_custom_step0_s_20260519_15,e0070c9cce404396920a7c9465f6b908,0.057,,,
1681,2026-05-19,SZ300124,-0.057432740926742554,EXP_XGBModel_Alpha158_csi300_custom_step0_s_20260519_15,e0070c9cce404396920a7c9465f6b908,0.057,,,
1682,2026-05-19,SZ300059,-0.014011149294674397,EXP_XGBModel_Alpha158_csi300_custom_step0_s_20260519_15,e0070c9cce404396920a7c9465f6b908,0.057,,,
1683,2026-05-19,SZ300033,-0.15725095570087433,EXP_XGBModel_Alpha158_csi300_custom_step0_s_20260519_15,e0070c9cce404396920a7c9465f6b908,0.057,,,
1684,2026-05-19,SZ300015,-0.011021950282156467,EXP_XGBModel_Alpha158_csi300_custom_step0_s_20260519_15,e0070c9cce404396920a7c9465f6b908,0.057,,,
1685,2026-05-19,SZ300014,-0.03873525559902191,EXP_XGBModel_Alpha158_csi300_custom_step0_s_20260519_15,e0070c9cce404396920a7c9465f6b908,0.057,,,
1686,2026-05-19,SZ003816,0.015478965826332569,EXP_XGBModel_Alpha158_csi300_custom_step0_s_20260519_15,e0070c9cce404396920a7c9465f6b908,0.057,,,
1687,2026-05-19,SZ002938,-0.29869887232780457,EXP_XGBModel_Alpha158_csi300_custom_step0_s_20260519_15,e0070c9cce404396920a7c9465f6b908,0.057,,,
1688,2026-05-19,SZ002920,-0.04111466556787491,EXP_XGBModel_Alpha158_csi300_custom_step0_s_20260519_15,e0070c9cce404396920a7c9465f6b908,0.057,,,
1689,2026-05-19,SZ300122,-0.019219310954213142,EXP_XGBModel_Alpha158_csi300_custom_step0_s_20260519_15,e0070c9cce404396920a7c9465f6b908,0.057,,,
1690,2026-05-19,SZ002916,0.23756450414657593,EXP_XGBModel_Alpha158_csi300_custom_step0_s_20260519_15,e0070c9cce404396920a7c9465f6b908,0.057,,,
1691,2026-05-19,SZ300418,-0.021944131702184677,EXP_XGBModel_Alpha158_csi300_custom_step0_s_20260519_15,e0070c9cce404396920a7c9465f6b908,0.057,,,
1692,2026-05-19,SZ300442,-0.03919193148612976,EXP_XGBModel_Alpha158_csi300_custom_step0_s_20260519_15,e0070c9cce404396920a7c9465f6b908,0.057,,,
1693,2026-05-19,SZ301236,0.023294899612665176,EXP_XGBModel_Alpha158_csi300_custom_step0_s_20260519_15,e0070c9cce404396920a7c9465f6b908,0.057,,,
1694,2026-05-19,SZ300999,-0.02530514821410179,EXP_XGBModel_Alpha158_csi300_custom_step0_s_20260519_15,e0070c9cce404396920a7c9465f6b908,0.057,,,
1695,2026-05-19,SZ300979,-0.04122563451528549,EXP_XGBModel_Alpha158_csi300_custom_step0_s_20260519_15,e0070c9cce404396920a7c9465f6b908,0.057,,,
1696,2026-05-19,SZ300896,0.06296207010746002,EXP_XGBModel_Alpha158_csi300_custom_step0_s_20260519_15,e0070c9cce404396920a7c9465f6b908,0.057,,,
1697,2026-05-19,SZ300866,0.09052286297082901,EXP_XGBModel_Alpha158_csi300_custom_step0_s_20260519_15,e0070c9cce404396920a7c9465f6b908,0.057,,,
1698,2026-05-19,SZ300832,-0.007849875837564468,EXP_XGBModel_Alpha158_csi300_custom_step0_s_20260519_15,e0070c9cce404396920a7c9465f6b908,0.057,,,
1699,2026-05-19,SZ300803,-0.0005749944248236716,EXP_XGBModel_Alpha158_csi300_custom_step0_s_20260519_15,e0070c9cce404396920a7c9465f6b908,0.057,,,
1700,2026-05-19,SZ300433,0.1887589395046234,EXP_XGBModel_Alpha158_csi300_custom_step0_s_20260519_15,e0070c9cce404396920a7c9465f6b908,0.057,,,
1701,2026-05-19,SZ300782,-0.04614333435893059,EXP_XGBModel_Alpha158_csi300_custom_step0_s_20260519_15,e0070c9cce404396920a7c9465f6b908,0.057,,,
1702,2026-05-19,SZ300759,0.0011304186191409826,EXP_XGBModel_Alpha158_csi300_custom_step0_s_20260519_15,e0070c9cce404396920a7c9465f6b908,0.057,,,
1703,2026-05-19,SZ300750,-0.02212335541844368,EXP_XGBModel_Alpha158_csi300_custom_step0_s_20260519_15,e0070c9cce404396920a7c9465f6b908,0.057,,,
1704,2026-05-19,SZ300661,0.13010093569755554,EXP_XGBModel_Alpha158_csi300_custom_step0_s_20260519_15,e0070c9cce404396920a7c9465f6b908,0.057,,,
1705,2026-05-19,SZ300628,-0.020674381405115128,EXP_XGBModel_Alpha158_csi300_custom_step0_s_20260519_15,e0070c9cce404396920a7c9465f6b908,0.057,,,
1706,2026-05-19,SZ300502,0.03160807490348816,EXP_XGBModel_Alpha158_csi300_custom_step0_s_20260519_15,e0070c9cce404396920a7c9465f6b908,0.057,,,
1707,2026-05-19,SZ300498,-0.010277028195559978,EXP_XGBModel_Alpha158_csi300_custom_step0_s_20260519_15,e0070c9cce404396920a7c9465f6b908,0.057,,,
1708,2026-05-19,SZ300476,-0.15445230901241302,EXP_XGBModel_Alpha158_csi300_custom_step0_s_20260519_15,e0070c9cce404396920a7c9465f6b908,0.057,,,
1709,2026-05-19,SZ300760,-0.006995753850787878,EXP_XGBModel_Alpha158_csi300_custom_step0_s_20260519_15,e0070c9cce404396920a7c9465f6b908,0.057,,,
1710,2026-05-19,SH601877,-0.031215162947773933,EXP_XGBModel_Alpha158_csi300_custom_step0_s_20260519_15,e0070c9cce404396920a7c9465f6b908,0.057,,,
1711,2026-05-19,SZ002736,-0.026966290548443794,EXP_XGBModel_Alpha158_csi300_custom_step0_s_20260519_15,e0070c9cce404396920a7c9465f6b908,0.057,,,
1712,2026-05-19,SZ002709,0.2911454439163208,EXP_XGBModel_Alpha158_csi300_custom_step0_s_20260519_15,e0070c9cce404396920a7c9465f6b908,0.057,,,
1713,2026-05-19,SZ002236,-0.009363673627376556,EXP_XGBModel_Alpha158_csi300_custom_step0_s_20260519_15,e0070c9cce404396920a7c9465f6b908,0.057,,,
1714,2026-05-19,SZ002230,0.0034331551287323236,EXP_XGBModel_Alpha158_csi300_custom_step0_s_20260519_15,e0070c9cce404396920a7c9465f6b908,0.057,,,
1715,2026-05-19,SZ002179,-0.02507025934755802,EXP_XGBModel_Alpha158_csi300_custom_step0_s_20260519_15,e0070c9cce404396920a7c9465f6b908,0.057,,,
1716,2026-05-19,SZ002142,-0.008076506666839123,EXP_XGBModel_Alpha158_csi300_custom_step0_s_20260519_15,e0070c9cce404396920a7c9465f6b908,0.057,,,
1717,2026-05-19,SZ002074,-0.024464139714837074,EXP_XGBModel_Alpha158_csi300_custom_step0_s_20260519_15,e0070c9cce404396920a7c9465f6b908,0.057,,,
1718,2026-05-19,SZ002050,-0.06379454582929611,EXP_XGBModel_Alpha158_csi300_custom_step0_s_20260519_15,e0070c9cce404396920a7c9465f6b908,0.057,,,
1719,2026-05-19,SZ002049,0.02594606950879097,EXP_XGBModel_Alpha158_csi300_custom_step0_s_20260519_15,e0070c9cce404396920a7c9465f6b908,0.057,,,
1720,2026-05-19,SZ002241,0.027257341891527176,EXP_XGBModel_Alpha158_csi300_custom_step0_s_20260519_15,e0070c9cce404396920a7c9465f6b908,0.057,,,
1721,2026-05-19,SZ002028,-0.08750467747449875,EXP_XGBModel_Alpha158_csi300_custom_step0_s_20260519_15,e0070c9cce404396920a7c9465f6b908,0.057,,,
1722,2026-05-19,SZ002001,0.045618463307619095,EXP_XGBModel_Alpha158_csi300_custom_step0_s_20260519_15,e0070c9cce404396920a7c9465f6b908,0.057,,,
1723,2026-05-19,SZ001979,-0.013914192095398903,EXP_XGBModel_Alpha158_csi300_custom_step0_s_20260519_15,e0070c9cce404396920a7c9465f6b908,0.057,,,
1724,2026-05-19,SZ001965,0.01474000234156847,EXP_XGBModel_Alpha158_csi300_custom_step0_s_20260519_15,e0070c9cce404396920a7c9465f6b908,0.057,,,
1725,2026-05-19,SZ001391,-0.024436768144369125,EXP_XGBModel_Alpha158_csi300_custom_step0_s_20260519_15,e0070c9cce404396920a7c9465f6b908,0.057,,,
1726,2026-05-19,SZ000999,-0.019064990803599358,EXP_XGBModel_Alpha158_csi300_custom_step0_s_20260519_15,e0070c9cce404396920a7c9465f6b908,0.057,,,
1727,2026-05-19,SZ000983,0.0060671912506222725,EXP_XGBModel_Alpha158_csi300_custom_step0_s_20260519_15,e0070c9cce404396920a7c9465f6b908,0.057,,,
1728,2026-05-19,SZ000977,-0.4414917230606079,EXP_XGBModel_Alpha158_csi300_custom_step0_s_20260519_15,e0070c9cce404396920a7c9465f6b908,0.057,,,
1729,2026-05-19,SZ002027,-0.05824001505970955,EXP_XGBModel_Alpha158_csi300_custom_step0_s_20260519_15,e0070c9cce404396920a7c9465f6b908,0.057,,,
1730,2026-05-19,SZ002714,-0.03514666482806206,EXP_XGBModel_Alpha158_csi300_custom_step0_s_20260519_15,e0070c9cce404396920a7c9465f6b908,0.057,,,
1731,2026-05-19,SZ002252,-0.03275509551167488,EXP_XGBModel_Alpha158_csi300_custom_step0_s_20260519_15,e0070c9cce404396920a7c9465f6b908,0.057,,,
1732,2026-05-19,SZ002311,-0.011726967059075832,EXP_XGBModel_Alpha158_csi300_custom_step0_s_20260519_15,e0070c9cce404396920a7c9465f6b908,0.057,,,
1733,2026-05-19,SZ002648,0.0065101198852062225,EXP_XGBModel_Alpha158_csi300_custom_step0_s_20260519_15,e0070c9cce404396920a7c9465f6b908,0.057,,,
1734,2026-05-19,SZ002625,-0.015453885309398174,EXP_XGBModel_Alpha158_csi300_custom_step0_s_20260519_15,e0070c9cce404396920a7c9465f6b908,0.057,,,
1735,2026-05-19,SZ002601,-0.046418216079473495,EXP_XGBModel_Alpha158_csi300_custom_step0_s_20260519_15,e0070c9cce404396920a7c9465f6b908,0.057,,,
1736,2026-05-19,SZ002600,0.171571284532547,EXP_XGBModel_Alpha158_csi300_custom_step0_s_20260519_15,e0070c9cce404396920a7c9465f6b908,0.057,,,
1737,2026-05-19,SZ002594,0.00582810677587986,EXP_XGBModel_Alpha158_csi300_custom_step0_s_20260519_15,e0070c9cce404396920a7c9465f6b908,0.057,,,
1738,2026-05-19,SZ002493,0.12550313770771027,EXP_XGBModel_Alpha158_csi300_custom_step0_s_20260519_15,e0070c9cce404396920a7c9465f6b908,0.057,,,
1739,2026-05-19,SZ002475,-0.0449475534260273,EXP_XGBModel_Alpha158_csi300_custom_step0_s_20260519_15,e0070c9cce404396920a7c9465f6b908,0.057,,,
1740,2026-05-19,SZ002304,-0.04367860406637192,EXP_XGBModel_Alpha158_csi300_custom_step0_s_20260519_15,e0070c9cce404396920a7c9465f6b908,0.057,,,
1741,2026-05-19,SZ002466,0.24153092503547668,EXP_XGBModel_Alpha158_csi300_custom_step0_s_20260519_15,e0070c9cce404396920a7c9465f6b908,0.057,,,
1742,2026-05-19,SZ002460,-0.010325921699404716,EXP_XGBModel_Alpha158_csi300_custom_step0_s_20260519_15,e0070c9cce404396920a7c9465f6b908,0.057,,,
1743,2026-05-19,SZ002459,-0.10926787555217743,EXP_XGBModel_Alpha158_csi300_custom_step0_s_20260519_15,e0070c9cce404396920a7c9465f6b908,0.057,,,
1744,2026-05-19,SZ002422,-0.051023565232753754,EXP_XGBModel_Alpha158_csi300_custom_step0_s_20260519_15,e0070c9cce404396920a7c9465f6b908,0.057,,,
1745,2026-05-19,SZ002415,-0.001636521890759468,EXP_XGBModel_Alpha158_csi300_custom_step0_s_20260519_15,e0070c9cce404396920a7c9465f6b908,0.057,,,
1746,2026-05-19,SZ002384,0.3471924364566803,EXP_XGBModel_Alpha158_csi300_custom_step0_s_20260519_15,e0070c9cce404396920a7c9465f6b908,0.057,,,
1747,2026-05-19,SZ002371,-0.0051976777613162994,EXP_XGBModel_Alpha158_csi300_custom_step0_s_20260519_15,e0070c9cce404396920a7c9465f6b908,0.057,,,
1748,2026-05-19,SZ002352,-0.02973814681172371,EXP_XGBModel_Alpha158_csi300_custom_step0_s_20260519_15,e0070c9cce404396920a7c9465f6b908,0.057,,,
1749,2026-05-19,SZ002463,-0.12425681948661804,EXP_XGBModel_Alpha158_csi300_custom_step0_s_20260519_15,e0070c9cce404396920a7c9465f6b908,0.057,,,
1750,2026-05-19,SH601872,-0.05951017886400223,EXP_XGBModel_Alpha158_csi300_custom_step0_s_20260519_15,e0070c9cce404396920a7c9465f6b908,0.057,,,
1751,2026-05-19,SH601868,-0.19642579555511475,EXP_XGBModel_Alpha158_csi300_custom_step0_s_20260519_15,e0070c9cce404396920a7c9465f6b908,0.057,,,
1752,2026-05-19,SH601857,-0.009116043336689472,EXP_XGBModel_Alpha158_csi300_custom_step0_s_20260519_15,e0070c9cce404396920a7c9465f6b908,0.057,,,
1753,2026-05-19,SH600346,0.03483336791396141,EXP_XGBModel_Alpha158_csi300_custom_step0_s_20260519_15,e0070c9cce404396920a7c9465f6b908,0.057,,,
1754,2026-05-19,SH600309,0.007565096952021122,EXP_XGBModel_Alpha158_csi300_custom_step0_s_20260519_15,e0070c9cce404396920a7c9465f6b908,0.057,,,
1755,2026-05-19,SH600276,-0.0669177770614624,EXP_XGBModel_Alpha158_csi300_custom_step0_s_20260519_15,e0070c9cce404396920a7c9465f6b908,0.057,,,
1756,2026-05-19,SH600233,-0.00732348021119833,EXP_XGBModel_Alpha158_csi300_custom_step0_s_20260519_15,e0070c9cce404396920a7c9465f6b908,0.057,,,
1757,2026-05-19,SH600219,-0.03726113587617874,EXP_XGBModel_Alpha158_csi300_custom_step0_s_20260519_15,e0070c9cce404396920a7c9465f6b908,0.057,,,
1758,2026-05-19,SH600196,-0.018459372222423553,EXP_XGBModel_Alpha158_csi300_custom_step0_s_20260519_15,e0070c9cce404396920a7c9465f6b908,0.057,,,
1759,2026-05-19,SH600188,-0.013885720632970333,EXP_XGBModel_Alpha158_csi300_custom_step0_s_20260519_15,e0070c9cce404396920a7c9465f6b908,0.057,,,
1760,2026-05-19,SH600362,0.29906773567199707,EXP_XGBModel_Alpha158_csi300_custom_step0_s_20260519_15,e0070c9cce404396920a7c9465f6b908,0.057,,,
1761,2026-05-19,SH600183,-0.23364178836345673,EXP_XGBModel_Alpha158_csi300_custom_step0_s_20260519_15,e0070c9cce404396920a7c9465f6b908,0.057,,,
1762,2026-05-19,SH600161,-0.03627318516373634,EXP_XGBModel_Alpha158_csi300_custom_step0_s_20260519_15,e0070c9cce404396920a7c9465f6b908,0.057,,,
1763,2026-05-19,SH600160,0.08028598874807358,EXP_XGBModel_Alpha158_csi300_custom_step0_s_20260519_15,e0070c9cce404396920a7c9465f6b908,0.057,,,
1764,2026-05-19,SH600150,0.046245891600847244,EXP_XGBModel_Alpha158_csi300_custom_step0_s_20260519_15,e0070c9cce404396920a7c9465f6b908,0.057,,,
1765,2026-05-19,SH600115,-0.06412645429372787,EXP_XGBModel_Alpha158_csi300_custom_step0_s_20260519_15,e0070c9cce404396920a7c9465f6b908,0.057,,,
1766,2026-05-19,SH600111,-0.007037261500954628,EXP_XGBModel_Alpha158_csi300_custom_step0_s_20260519_15,e0070c9cce404396920a7c9465f6b908,0.057,,,
1767,2026-05-19,SH600104,-0.04070563241839409,EXP_XGBModel_Alpha158_csi300_custom_step0_s_20260519_15,e0070c9cce404396920a7c9465f6b908,0.057,,,
1768,2026-05-19,SH600089,-0.005804874002933502,EXP_XGBModel_Alpha158_csi300_custom_step0_s_20260519_15,e0070c9cce404396920a7c9465f6b908,0.057,,,
1769,2026-05-19,SH600176,-0.43682390451431274,EXP_XGBModel_Alpha158_csi300_custom_step0_s_20260519_15,e0070c9cce404396920a7c9465f6b908,0.057,,,
1770,2026-05-19,SH600085,-0.03588877618312836,EXP_XGBModel_Alpha158_csi300_custom_step0_s_20260519_15,e0070c9cce404396920a7c9465f6b908,0.057,,,
1771,2026-05-19,SH600372,-0.08168326318264008,EXP_XGBModel_Alpha158_csi300_custom_step0_s_20260519_15,e0070c9cce404396920a7c9465f6b908,0.057,,,
1772,2026-05-19,SH600406,-0.010990908369421959,EXP_XGBModel_Alpha158_csi300_custom_step0_s_20260519_15,e0070c9cce404396920a7c9465f6b908,0.057,,,
1773,2026-05-19,SH600600,-0.012517283670604229,EXP_XGBModel_Alpha158_csi300_custom_step0_s_20260519_15,e0070c9cce404396920a7c9465f6b908,0.057,,,
1774,2026-05-19,SH600588,-0.0374162420630455,EXP_XGBModel_Alpha158_csi300_custom_step0_s_20260519_15,e0070c9cce404396920a7c9465f6b908,0.057,,,
1775,2026-05-19,SH600585,-0.0667131245136261,EXP_XGBModel_Alpha158_csi300_custom_step0_s_20260519_15,e0070c9cce404396920a7c9465f6b908,0.057,,,
1776,2026-05-19,SH600584,0.22278505563735962,EXP_XGBModel_Alpha158_csi300_custom_step0_s_20260519_15,e0070c9cce404396920a7c9465f6b908,0.057,,,
1777,2026-05-19,SH600570,0.007131722290068865,EXP_XGBModel_Alpha158_csi300_custom_step0_s_20260519_15,e0070c9cce404396920a7c9465f6b908,0.057,,,
1778,2026-05-19,SH600547,-0.026722900569438934,EXP_XGBModel_Alpha158_csi300_custom_step0_s_20260519_15,e0070c9cce404396920a7c9465f6b908,0.057,,,
1779,2026-05-19,SH600522,-0.10313961654901505,EXP_XGBModel_Alpha158_csi300_custom_step0_s_20260519_15,e0070c9cce404396920a7c9465f6b908,0.057,,,
1780,2026-05-19,SH600377,0.0167758259922266,EXP_XGBModel_Alpha158_csi300_custom_step0_s_20260519_15,e0070c9cce404396920a7c9465f6b908,0.057,,,
1781,2026-05-19,SH600519,-0.05289466679096222,EXP_XGBModel_Alpha158_csi300_custom_step0_s_20260519_15,e0070c9cce404396920a7c9465f6b908,0.057,,,
1782,2026-05-19,SH600489,0.037626173347234726,EXP_XGBModel_Alpha158_csi300_custom_step0_s_20260519_15,e0070c9cce404396920a7c9465f6b908,0.057,,,
1783,2026-05-19,SH600482,-0.4578661024570465,EXP_XGBModel_Alpha158_csi300_custom_step0_s_20260519_15,e0070c9cce404396920a7c9465f6b908,0.057,,,
1784,2026-05-19,SH600460,0.08251692354679108,EXP_XGBModel_Alpha158_csi300_custom_step0_s_20260519_15,e0070c9cce404396920a7c9465f6b908,0.057,,,
1785,2026-05-19,SH600438,-0.07914435863494873,EXP_XGBModel_Alpha158_csi300_custom_step0_s_20260519_15,e0070c9cce404396920a7c9465f6b908,0.057,,,
1786,2026-05-19,SH600436,-0.01400913204997778,EXP_XGBModel_Alpha158_csi300_custom_step0_s_20260519_15,e0070c9cce404396920a7c9465f6b908,0.057,,,
1787,2026-05-19,SH600426,0.11930408328771591,EXP_XGBModel_Alpha158_csi300_custom_step0_s_20260519_15,e0070c9cce404396920a7c9465f6b908,0.057,,,
1788,2026-05-19,SH600415,0.07835078239440918,EXP_XGBModel_Alpha158_csi300_custom_step0_s_20260519_15,e0070c9cce404396920a7c9465f6b908,0.057,,,
1789,2026-05-19,SH600515,-0.0566101148724556,EXP_XGBModel_Alpha158_csi300_custom_step0_s_20260519_15,e0070c9cce404396920a7c9465f6b908,0.057,,,
1790,2026-05-19,SH600660,-0.025724750012159348,EXP_XGBModel_Alpha158_csi300_custom_step0_s_20260519_15,e0070c9cce404396920a7c9465f6b908,0.057,,,
1791,2026-05-19,SH600066,0.021812478080391884,EXP_XGBModel_Alpha158_csi300_custom_step0_s_20260519_15,e0070c9cce404396920a7c9465f6b908,0.057,,,
1792,2026-05-19,SH600050,0.011677257716655731,EXP_XGBModel_Alpha158_csi300_custom_step0_s_20260519_15,e0070c9cce404396920a7c9465f6b908,0.057,,,
1793,2026-05-19,SZ301269,-0.028870273381471634,EXP_XGBModel_Alpha158_csi300_custom_step0_s_20260519_15,4f3d23122f1945449b35dec26f90fe48,0.044,,,
1794,2026-05-19,SZ301236,-0.012325955554842949,EXP_XGBModel_Alpha158_csi300_custom_step0_s_20260519_15,4f3d23122f1945449b35dec26f90fe48,0.044,,,
1795,2026-05-19,SZ300999,-0.020212601870298386,EXP_XGBModel_Alpha158_csi300_custom_step0_s_20260519_15,4f3d23122f1945449b35dec26f90fe48,0.044,,,
1796,2026-05-19,SZ300979,0.013242949731647968,EXP_XGBModel_Alpha158_csi300_custom_step0_s_20260519_15,4f3d23122f1945449b35dec26f90fe48,0.044,,,
1797,2026-05-19,SZ300896,-0.039282556623220444,EXP_XGBModel_Alpha158_csi300_custom_step0_s_20260519_15,4f3d23122f1945449b35dec26f90fe48,0.044,,,
1798,2026-05-19,SZ300866,-0.04807520657777786,EXP_XGBModel_Alpha158_csi300_custom_step0_s_20260519_15,4f3d23122f1945449b35dec26f90fe48,0.044,,,
1799,2026-05-19,SZ300832,-0.03296896070241928,EXP_XGBModel_Alpha158_csi300_custom_step0_s_20260519_15,4f3d23122f1945449b35dec26f90fe48,0.044,,,
1800,2026-05-19,SZ302132,-0.0933651551604271,EXP_XGBModel_Alpha158_csi300_custom_step0_s_20260519_15,4f3d23122f1945449b35dec26f90fe48,0.044,,,
1801,2026-05-19,SZ300803,-0.1618034541606903,EXP_XGBModel_Alpha158_csi300_custom_step0_s_20260519_15,4f3d23122f1945449b35dec26f90fe48,0.044,,,
1802,2026-05-19,SZ300760,-0.03112265095114708,EXP_XGBModel_Alpha158_csi300_custom_step0_s_20260519_15,4f3d23122f1945449b35dec26f90fe48,0.044,,,
1803,2026-05-19,SZ300759,-0.027997205033898354,EXP_XGBModel_Alpha158_csi300_custom_step0_s_20260519_15,4f3d23122f1945449b35dec26f90fe48,0.044,,,
1804,2026-05-19,SZ300750,-0.031160488724708557,EXP_XGBModel_Alpha158_csi300_custom_step0_s_20260519_15,4f3d23122f1945449b35dec26f90fe48,0.044,,,
1805,2026-05-19,SZ300661,-0.26794058084487915,EXP_XGBModel_Alpha158_csi300_custom_step0_s_20260519_15,4f3d23122f1945449b35dec26f90fe48,0.044,,,
1806,2026-05-19,SZ300628,-0.03807849809527397,EXP_XGBModel_Alpha158_csi300_custom_step0_s_20260519_15,4f3d23122f1945449b35dec26f90fe48,0.044,,,
1807,2026-05-19,SZ300502,0.08091066032648087,EXP_XGBModel_Alpha158_csi300_custom_step0_s_20260519_15,4f3d23122f1945449b35dec26f90fe48,0.044,,,
1808,2026-05-19,SZ300498,-0.008359542116522789,EXP_XGBModel_Alpha158_csi300_custom_step0_s_20260519_15,4f3d23122f1945449b35dec26f90fe48,0.044,,,
1809,2026-05-19,SZ300782,-0.2811349928379059,EXP_XGBModel_Alpha158_csi300_custom_step0_s_20260519_15,4f3d23122f1945449b35dec26f90fe48,0.044,,,
1810,2026-05-19,SH600061,0.06315530836582184,EXP_XGBModel_Alpha158_csi300_custom_step0_s_20260519_15,e0070c9cce404396920a7c9465f6b908,0.057,,,
1811,2026-05-19,SH600000,-0.05535713955760002,EXP_XGBModel_Alpha158_csi300_custom_step0_s_20260519_15,e0070c9cce404396920a7c9465f6b908,0.057,,,
1812,2026-05-19,SH600010,-0.008329356089234352,EXP_XGBModel_Alpha158_csi300_custom_step0_s_20260519_15,e0070c9cce404396920a7c9465f6b908,0.057,,,
1813,2026-05-19,SH600048,-0.006206563673913479,EXP_XGBModel_Alpha158_csi300_custom_step0_s_20260519_15,e0070c9cce404396920a7c9465f6b908,0.057,,,
1814,2026-05-19,SH600039,-0.018972311168909073,EXP_XGBModel_Alpha158_csi300_custom_step0_s_20260519_15,e0070c9cce404396920a7c9465f6b908,0.057,,,
1815,2026-05-19,SH600036,-0.01621546410024166,EXP_XGBModel_Alpha158_csi300_custom_step0_s_20260519_15,e0070c9cce404396920a7c9465f6b908,0.057,,,
1816,2026-05-19,SH600031,-0.022466197609901428,EXP_XGBModel_Alpha158_csi300_custom_step0_s_20260519_15,e0070c9cce404396920a7c9465f6b908,0.057,,,
1817,2026-05-19,SH600030,0.01565501093864441,EXP_XGBModel_Alpha158_csi300_custom_step0_s_20260519_15,e0070c9cce404396920a7c9465f6b908,0.057,,,
1818,2026-05-19,SH600029,-0.0024709259159862995,EXP_XGBModel_Alpha158_csi300_custom_step0_s_20260519_15,e0070c9cce404396920a7c9465f6b908,0.057,,,
1819,2026-05-19,SH600028,-0.0502660796046257,EXP_XGBModel_Alpha158_csi300_custom_step0_s_20260519_15,e0070c9cce404396920a7c9465f6b908,0.057,,,
1820,2026-05-19,SH600009,-0.05832185223698616,EXP_XGBModel_Alpha158_csi300_custom_step0_s_20260519_15,e0070c9cce404396920a7c9465f6b908,0.057,,,
1821,2026-05-19,SH600027,0.1668931096792221,EXP_XGBModel_Alpha158_csi300_custom_step0_s_20260519_15,e0070c9cce404396920a7c9465f6b908,0.057,,,
1822,2026-05-19,SH600025,-0.003605855628848076,EXP_XGBModel_Alpha158_csi300_custom_step0_s_20260519_15,e0070c9cce404396920a7c9465f6b908,0.057,,,
1823,2026-05-19,SH600023,-0.05396139621734619,EXP_XGBModel_Alpha158_csi300_custom_step0_s_20260519_15,e0070c9cce404396920a7c9465f6b908,0.057,,,
1824,2026-05-19,SH600019,-0.049802038818597794,EXP_XGBModel_Alpha158_csi300_custom_step0_s_20260519_15,e0070c9cce404396920a7c9465f6b908,0.057,,,
1825,2026-05-19,SH600018,0.011231842450797558,EXP_XGBModel_Alpha158_csi300_custom_step0_s_20260519_15,e0070c9cce404396920a7c9465f6b908,0.057,,,
1826,2026-05-19,SH600016,-0.04388268291950226,EXP_XGBModel_Alpha158_csi300_custom_step0_s_20260519_15,e0070c9cce404396920a7c9465f6b908,0.057,,,
1827,2026-05-19,SH600015,-0.02748236060142517,EXP_XGBModel_Alpha158_csi300_custom_step0_s_20260519_15,e0070c9cce404396920a7c9465f6b908,0.057,,,
1828,2026-05-19,SH600011,0.06093034893274307,EXP_XGBModel_Alpha158_csi300_custom_step0_s_20260519_15,e0070c9cce404396920a7c9465f6b908,0.057,,,
1829,2026-05-19,SH600026,-0.007162720430642366,EXP_XGBModel_Alpha158_csi300_custom_step0_s_20260519_15,e0070c9cce404396920a7c9465f6b908,0.057,,,
1830,2026-05-19,SZ003816,0.11531791090965271,EXP_LinearModel_Alpha158_csi300_custom_step0_s_20260519_15,568045ee65e54326802578af282c16af,0.089,,,
1831,2026-05-19,SH600674,0.038709137588739395,EXP_XGBModel_Alpha158_csi300_custom_step0_s_20260519_15,e0070c9cce404396920a7c9465f6b908,0.057,,,
1832,2026-05-19,SH600741,-0.017438389360904694,EXP_XGBModel_Alpha158_csi300_custom_step0_s_20260519_15,e0070c9cce404396920a7c9465f6b908,0.057,,,
1833,2026-05-19,SH601600,-0.036539580672979355,EXP_XGBModel_Alpha158_csi300_custom_step0_s_20260519_15,e0070c9cce404396920a7c9465f6b908,0.057,,,
1834,2026-05-19,SH601456,-0.0038321453612297773,EXP_XGBModel_Alpha158_csi300_custom_step0_s_20260519_15,e0070c9cce404396920a7c9465f6b908,0.057,,,
1835,2026-05-19,SH601398,-0.02208339050412178,EXP_XGBModel_Alpha158_csi300_custom_step0_s_20260519_15,e0070c9cce404396920a7c9465f6b908,0.057,,,
1836,2026-05-19,SH601390,-0.02727680839598179,EXP_XGBModel_Alpha158_csi300_custom_step0_s_20260519_15,e0070c9cce404396920a7c9465f6b908,0.057,,,
1837,2026-05-19,SH601377,0.012326042167842388,EXP_XGBModel_Alpha158_csi300_custom_step0_s_20260519_15,e0070c9cce404396920a7c9465f6b908,0.057,,,
1838,2026-05-19,SH601360,0.01938510313630104,EXP_XGBModel_Alpha158_csi300_custom_step0_s_20260519_15,e0070c9cce404396920a7c9465f6b908,0.057,,,
1839,2026-05-19,SH601336,0.07135046273469925,EXP_XGBModel_Alpha158_csi300_custom_step0_s_20260519_15,e0070c9cce404396920a7c9465f6b908,0.057,,,
1840,2026-05-19,SH601601,-0.03821950405836105,EXP_XGBModel_Alpha158_csi300_custom_step0_s_20260519_15,e0070c9cce404396920a7c9465f6b908,0.057,,,
1841,2026-05-19,SH601328,-0.04465419799089432,EXP_XGBModel_Alpha158_csi300_custom_step0_s_20260519_15,e0070c9cce404396920a7c9465f6b908,0.057,,,
1842,2026-05-19,SH601318,-0.06485168635845184,EXP_XGBModel_Alpha158_csi300_custom_step0_s_20260519_15,e0070c9cce404396920a7c9465f6b908,0.057,,,
1843,2026-05-19,SH601298,0.011971193365752697,EXP_XGBModel_Alpha158_csi300_custom_step0_s_20260519_15,e0070c9cce404396920a7c9465f6b908,0.057,,,
1844,2026-05-19,SH601288,-0.02931659296154976,EXP_XGBModel_Alpha158_csi300_custom_step0_s_20260519_15,e0070c9cce404396920a7c9465f6b908,0.057,,,
1845,2026-05-19,SH601238,-0.047888923436403275,EXP_XGBModel_Alpha158_csi300_custom_step0_s_20260519_15,e0070c9cce404396920a7c9465f6b908,0.057,,,
1846,2026-05-19,SH601236,-0.03555343300104141,EXP_XGBModel_Alpha158_csi300_custom_step0_s_20260519_15,e0070c9cce404396920a7c9465f6b908,0.057,,,
1847,2026-05-19,SH601229,-0.043900713324546814,EXP_XGBModel_Alpha158_csi300_custom_step0_s_20260519_15,e0070c9cce404396920a7c9465f6b908,0.057,,,
1848,2026-05-19,SH601225,-0.018111761659383774,EXP_XGBModel_Alpha158_csi300_custom_step0_s_20260519_15,e0070c9cce404396920a7c9465f6b908,0.057,,,
1849,2026-05-19,SH601319,-0.03879616782069206,EXP_XGBModel_Alpha158_csi300_custom_step0_s_20260519_15,e0070c9cce404396920a7c9465f6b908,0.057,,,
1850,2026-05-19,SH601211,-0.0532977320253849,EXP_XGBModel_Alpha158_csi300_custom_step0_s_20260519_15,e0070c9cce404396920a7c9465f6b908,0.057,,,
1851,2026-05-19,SH601607,-0.01382156927138567,EXP_XGBModel_Alpha158_csi300_custom_step0_s_20260519_15,e0070c9cce404396920a7c9465f6b908,0.057,,,
1852,2026-05-19,SH601628,-0.030474834144115448,EXP_XGBModel_Alpha158_csi300_custom_step0_s_20260519_15,e0070c9cce404396920a7c9465f6b908,0.057,,,
1853,2026-05-19,SH601838,0.014481418766081333,EXP_XGBModel_Alpha158_csi300_custom_step0_s_20260519_15,e0070c9cce404396920a7c9465f6b908,0.057,,,
1854,2026-05-19,SH601825,-0.023018356412649155,EXP_XGBModel_Alpha158_csi300_custom_step0_s_20260519_15,e0070c9cce404396920a7c9465f6b908,0.057,,,
1855,2026-05-19,SH601818,-0.042744141072034836,EXP_XGBModel_Alpha158_csi300_custom_step0_s_20260519_15,e0070c9cce404396920a7c9465f6b908,0.057,,,
1856,2026-05-19,SH601816,-0.04242211580276489,EXP_XGBModel_Alpha158_csi300_custom_step0_s_20260519_15,e0070c9cce404396920a7c9465f6b908,0.057,,,
1857,2026-05-19,SH601808,-0.008593563921749592,EXP_XGBModel_Alpha158_csi300_custom_step0_s_20260519_15,e0070c9cce404396920a7c9465f6b908,0.057,,,
1858,2026-05-19,SH601800,-0.05706444010138512,EXP_XGBModel_Alpha158_csi300_custom_step0_s_20260519_15,e0070c9cce404396920a7c9465f6b908,0.057,,,
1859,2026-05-19,SH601788,-0.027098435908555984,EXP_XGBModel_Alpha158_csi300_custom_step0_s_20260519_15,e0070c9cce404396920a7c9465f6b908,0.057,,,
1860,2026-05-19,SH601618,-0.027545055374503136,EXP_XGBModel_Alpha158_csi300_custom_step0_s_20260519_15,e0070c9cce404396920a7c9465f6b908,0.057,,,
1861,2026-05-19,SH601766,-0.06984734535217285,EXP_XGBModel_Alpha158_csi300_custom_step0_s_20260519_15,e0070c9cce404396920a7c9465f6b908,0.057,,,
1862,2026-05-19,SH601698,0.06897549331188202,EXP_XGBModel_Alpha158_csi300_custom_step0_s_20260519_15,e0070c9cce404396920a7c9465f6b908,0.057,,,
1863,2026-05-19,SH601689,0.019032565876841545,EXP_XGBModel_Alpha158_csi300_custom_step0_s_20260519_15,e0070c9cce404396920a7c9465f6b908,0.057,,,
1864,2026-05-19,SH601688,-0.011801890097558498,EXP_XGBModel_Alpha158_csi300_custom_step0_s_20260519_15,e0070c9cce404396920a7c9465f6b908,0.057,,,
1865,2026-05-19,SH601669,0.001234857365489006,EXP_XGBModel_Alpha158_csi300_custom_step0_s_20260519_15,e0070c9cce404396920a7c9465f6b908,0.057,,,
1866,2026-05-19,SH601668,-0.029861291870474815,EXP_XGBModel_Alpha158_csi300_custom_step0_s_20260519_15,e0070c9cce404396920a7c9465f6b908,0.057,,,
1867,2026-05-19,SH601658,-0.029581343755126,EXP_XGBModel_Alpha158_csi300_custom_step0_s_20260519_15,e0070c9cce404396920a7c9465f6b908,0.057,,,
1868,2026-05-19,SH601633,-0.01325905229896307,EXP_XGBModel_Alpha158_csi300_custom_step0_s_20260519_15,e0070c9cce404396920a7c9465f6b908,0.057,,,
1869,2026-05-19,SH601728,-0.00929257832467556,EXP_XGBModel_Alpha158_csi300_custom_step0_s_20260519_15,e0070c9cce404396920a7c9465f6b908,0.057,,,
1870,2026-05-19,SH600690,-0.012554125860333443,EXP_XGBModel_Alpha158_csi300_custom_step0_s_20260519_15,e0070c9cce404396920a7c9465f6b908,0.057,,,
1871,2026-05-19,SH601186,-0.026086224243044853,EXP_XGBModel_Alpha158_csi300_custom_step0_s_20260519_15,e0070c9cce404396920a7c9465f6b908,0.057,,,
1872,2026-05-19,SH601166,-0.05440499261021614,EXP_XGBModel_Alpha158_csi300_custom_step0_s_20260519_15,e0070c9cce404396920a7c9465f6b908,0.057,,,
1873,2026-05-19,SH600938,-0.00444613816216588,EXP_XGBModel_Alpha158_csi300_custom_step0_s_20260519_15,e0070c9cce404396920a7c9465f6b908,0.057,,,
1874,2026-05-19,SH600930,0.0043059284798800945,EXP_XGBModel_Alpha158_csi300_custom_step0_s_20260519_15,e0070c9cce404396920a7c9465f6b908,0.057,,,
1875,2026-05-19,SH600926,-0.040676578879356384,EXP_XGBModel_Alpha158_csi300_custom_step0_s_20260519_15,e0070c9cce404396920a7c9465f6b908,0.057,,,
1876,2026-05-19,SH600919,-0.0014730000402778387,EXP_XGBModel_Alpha158_csi300_custom_step0_s_20260519_15,e0070c9cce404396920a7c9465f6b908,0.057,,,
1877,2026-05-19,SH600918,-0.030772021040320396,EXP_XGBModel_Alpha158_csi300_custom_step0_s_20260519_15,e0070c9cce404396920a7c9465f6b908,0.057,,,
1878,2026-05-19,SH600905,0.0054357899352908134,EXP_XGBModel_Alpha158_csi300_custom_step0_s_20260519_15,e0070c9cce404396920a7c9465f6b908,0.057,,,
1879,2026-05-19,SH600900,0.003282946301624179,EXP_XGBModel_Alpha158_csi300_custom_step0_s_20260519_15,e0070c9cce404396920a7c9465f6b908,0.057,,,
1880,2026-05-19,SH600941,0.014681094326078892,EXP_XGBModel_Alpha158_csi300_custom_step0_s_20260519_15,e0070c9cce404396920a7c9465f6b908,0.057,,,
1881,2026-05-19,SH600893,-0.11724203079938889,EXP_XGBModel_Alpha158_csi300_custom_step0_s_20260519_15,e0070c9cce404396920a7c9465f6b908,0.057,,,
1882,2026-05-19,SH600886,-0.0277547650039196,EXP_XGBModel_Alpha158_csi300_custom_step0_s_20260519_15,e0070c9cce404396920a7c9465f6b908,0.057,,,
1883,2026-05-19,SH600875,-0.047041114419698715,EXP_XGBModel_Alpha158_csi300_custom_step0_s_20260519_15,e0070c9cce404396920a7c9465f6b908,0.057,,,
1884,2026-05-19,SH600845,0.018849104642868042,EXP_XGBModel_Alpha158_csi300_custom_step0_s_20260519_15,e0070c9cce404396920a7c9465f6b908,0.057,,,
1885,2026-05-19,SH600809,0.031062902882695198,EXP_XGBModel_Alpha158_csi300_custom_step0_s_20260519_15,e0070c9cce404396920a7c9465f6b908,0.057,,,
1886,2026-05-19,SH600803,-0.026067273691296577,EXP_XGBModel_Alpha158_csi300_custom_step0_s_20260519_15,e0070c9cce404396920a7c9465f6b908,0.057,,,
1887,2026-05-19,SH600795,0.027555329725146294,EXP_XGBModel_Alpha158_csi300_custom_step0_s_20260519_15,e0070c9cce404396920a7c9465f6b908,0.057,,,
1888,2026-05-19,SH600760,-0.019285166636109352,EXP_XGBModel_Alpha158_csi300_custom_step0_s_20260519_15,e0070c9cce404396920a7c9465f6b908,0.057,,,
1889,2026-05-19,SH600887,0.015359627082943916,EXP_XGBModel_Alpha158_csi300_custom_step0_s_20260519_15,e0070c9cce404396920a7c9465f6b908,0.057,,,
1890,2026-05-19,SH601169,-0.046970296651124954,EXP_XGBModel_Alpha158_csi300_custom_step0_s_20260519_15,e0070c9cce404396920a7c9465f6b908,0.057,,,
1891,2026-05-19,SH600958,-0.011088874191045761,EXP_XGBModel_Alpha158_csi300_custom_step0_s_20260519_15,e0070c9cce404396920a7c9465f6b908,0.057,,,
1892,2026-05-19,SH600999,0.016835372895002365,EXP_XGBModel_Alpha158_csi300_custom_step0_s_20260519_15,e0070c9cce404396920a7c9465f6b908,0.057,,,
1893,2026-05-19,SH601138,0.07499948889017105,EXP_XGBModel_Alpha158_csi300_custom_step0_s_20260519_15,e0070c9cce404396920a7c9465f6b908,0.057,,,
1894,2026-05-19,SH601136,-0.014747164212167263,EXP_XGBModel_Alpha158_csi300_custom_step0_s_20260519_15,e0070c9cce404396920a7c9465f6b908,0.057,,,
1895,2026-05-19,SH601127,-0.03033982776105404,EXP_XGBModel_Alpha158_csi300_custom_step0_s_20260519_15,e0070c9cce404396920a7c9465f6b908,0.057,,,
1896,2026-05-19,SH601117,-0.0011699202004820108,EXP_XGBModel_Alpha158_csi300_custom_step0_s_20260519_15,e0070c9cce404396920a7c9465f6b908,0.057,,,
1897,2026-05-19,SH601111,0.22524379193782806,EXP_XGBModel_Alpha158_csi300_custom_step0_s_20260519_15,e0070c9cce404396920a7c9465f6b908,0.057,,,
1898,2026-05-19,SH601100,-0.04093322157859802,EXP_XGBModel_Alpha158_csi300_custom_step0_s_20260519_15,e0070c9cce404396920a7c9465f6b908,0.057,,,
1899,2026-05-19,SH601088,-0.013704543001949787,EXP_XGBModel_Alpha158_csi300_custom_step0_s_20260519_15,e0070c9cce404396920a7c9465f6b908,0.057,,,
1900,2026-05-19,SH600989,-0.018476851284503937,EXP_XGBModel_Alpha158_csi300_custom_step0_s_20260519_15,e0070c9cce404396920a7c9465f6b908,0.057,,,
1901,2026-05-19,SH601077,-0.030778666958212852,EXP_XGBModel_Alpha158_csi300_custom_step0_s_20260519_15,e0070c9cce404396920a7c9465f6b908,0.057,,,
1902,2026-05-19,SH601059,0.014682701788842678,EXP_XGBModel_Alpha158_csi300_custom_step0_s_20260519_15,e0070c9cce404396920a7c9465f6b908,0.057,,,
1903,2026-05-19,SH601058,-0.02200409211218357,EXP_XGBModel_Alpha158_csi300_custom_step0_s_20260519_15,e0070c9cce404396920a7c9465f6b908,0.057,,,
1904,2026-05-19,SH601021,-0.02212386392056942,EXP_XGBModel_Alpha158_csi300_custom_step0_s_20260519_15,e0070c9cce404396920a7c9465f6b908,0.057,,,
1905,2026-05-19,SH601018,-0.03172851726412773,EXP_XGBModel_Alpha158_csi300_custom_step0_s_20260519_15,e0070c9cce404396920a7c9465f6b908,0.057,,,
1906,2026-05-19,SH601012,0.019186444580554962,EXP_XGBModel_Alpha158_csi300_custom_step0_s_20260519_15,e0070c9cce404396920a7c9465f6b908,0.057,,,
1907,2026-05-19,SH601009,-0.010928786359727383,EXP_XGBModel_Alpha158_csi300_custom_step0_s_20260519_15,e0070c9cce404396920a7c9465f6b908,0.057,,,
1908,2026-05-19,SH601006,0.005015166010707617,EXP_XGBModel_Alpha158_csi300_custom_step0_s_20260519_15,e0070c9cce404396920a7c9465f6b908,0.057,,,
1909,2026-05-19,SH601066,0.022977279499173164,EXP_XGBModel_Alpha158_csi300_custom_step0_s_20260519_15,e0070c9cce404396920a7c9465f6b908,0.057,,,
1910,2026-05-19,SZ002938,0.10787691175937653,EXP_LinearModel_Alpha158_csi300_custom_step0_s_20260519_15,568045ee65e54326802578af282c16af,0.089,,,
1911,2026-05-19,SZ002920,-0.1296297162771225,EXP_LinearModel_Alpha158_csi300_custom_step0_s_20260519_15,568045ee65e54326802578af282c16af,0.089,,,
1912,2026-05-19,SZ002916,0.14505138993263245,EXP_LinearModel_Alpha158_csi300_custom_step0_s_20260519_15,568045ee65e54326802578af282c16af,0.089,,,
1913,2026-05-19,SH601872,0.03791038319468498,EXP_LinearModel_Alpha158_csi300_custom_step0_s_20260519_15,014f4a6d08ca40b592fa5564e3d0eba3,0.036,,,
1914,2026-05-19,SH601868,0.04001758247613907,EXP_LinearModel_Alpha158_csi300_custom_step0_s_20260519_15,014f4a6d08ca40b592fa5564e3d0eba3,0.036,,,
1915,2026-05-19,SH601857,0.07404595613479614,EXP_LinearModel_Alpha158_csi300_custom_step0_s_20260519_15,014f4a6d08ca40b592fa5564e3d0eba3,0.036,,,
1916,2026-05-19,SH601838,0.03923983871936798,EXP_LinearModel_Alpha158_csi300_custom_step0_s_20260519_15,014f4a6d08ca40b592fa5564e3d0eba3,0.036,,,
1917,2026-05-19,SH601825,0.007872814312577248,EXP_LinearModel_Alpha158_csi300_custom_step0_s_20260519_15,014f4a6d08ca40b592fa5564e3d0eba3,0.036,,,
1918,2026-05-19,SH601818,0.07239916920661926,EXP_LinearModel_Alpha158_csi300_custom_step0_s_20260519_15,014f4a6d08ca40b592fa5564e3d0eba3,0.036,,,
1919,2026-05-19,SH601816,-0.00997626781463623,EXP_LinearModel_Alpha158_csi300_custom_step0_s_20260519_15,014f4a6d08ca40b592fa5564e3d0eba3,0.036,,,
1920,2026-05-19,SH601808,-0.03151221573352814,EXP_LinearModel_Alpha158_csi300_custom_step0_s_20260519_15,014f4a6d08ca40b592fa5564e3d0eba3,0.036,,,
1921,2026-05-19,SH601800,-0.042173996567726135,EXP_LinearModel_Alpha158_csi300_custom_step0_s_20260519_15,014f4a6d08ca40b592fa5564e3d0eba3,0.036,,,
1922,2026-05-19,SH601788,-0.041804082691669464,EXP_LinearModel_Alpha158_csi300_custom_step0_s_20260519_15,014f4a6d08ca40b592fa5564e3d0eba3,0.036,,,
1923,2026-05-19,SH601766,-0.0069399322383105755,EXP_LinearModel_Alpha158_csi300_custom_step0_s_20260519_15,014f4a6d08ca40b592fa5564e3d0eba3,0.036,,,
1924,2026-05-19,SH601728,0.02410793863236904,EXP_LinearModel_Alpha158_csi300_custom_step0_s_20260519_15,014f4a6d08ca40b592fa5564e3d0eba3,0.036,,,
1925,2026-05-19,SH601698,0.09387924522161484,EXP_LinearModel_Alpha158_csi300_custom_step0_s_20260519_15,014f4a6d08ca40b592fa5564e3d0eba3,0.036,,,
1926,2026-05-19,SH601689,-0.09057963639497757,EXP_LinearModel_Alpha158_csi300_custom_step0_s_20260519_15,014f4a6d08ca40b592fa5564e3d0eba3,0.036,,,
1927,2026-05-19,SH601688,0.004630815237760544,EXP_LinearModel_Alpha158_csi300_custom_step0_s_20260519_15,014f4a6d08ca40b592fa5564e3d0eba3,0.036,,,
1928,2026-05-19,SH601877,0.023421626538038254,EXP_LinearModel_Alpha158_csi300_custom_step0_s_20260519_15,014f4a6d08ca40b592fa5564e3d0eba3,0.036,,,
1929,2026-05-19,SH601878,-0.05145733803510666,EXP_LinearModel_Alpha158_csi300_custom_step0_s_20260519_15,014f4a6d08ca40b592fa5564e3d0eba3,0.036,,,
1930,2026-05-19,SH601881,0.02527373842895031,EXP_LinearModel_Alpha158_csi300_custom_step0_s_20260519_15,014f4a6d08ca40b592fa5564e3d0eba3,0.036,,,
1931,2026-05-19,SH601888,-0.026818422600626945,EXP_LinearModel_Alpha158_csi300_custom_step0_s_20260519_15,014f4a6d08ca40b592fa5564e3d0eba3,0.036,,,
1932,2026-05-19,SH603296,-0.038291189819574356,EXP_LinearModel_Alpha158_csi300_custom_step0_s_20260519_15,014f4a6d08ca40b592fa5564e3d0eba3,0.036,,,
1933,2026-05-19,SH603288,-0.09058057516813278,EXP_LinearModel_Alpha158_csi300_custom_step0_s_20260519_15,014f4a6d08ca40b592fa5564e3d0eba3,0.036,,,
1934,2026-05-19,SH603260,0.01490703783929348,EXP_LinearModel_Alpha158_csi300_custom_step0_s_20260519_15,014f4a6d08ca40b592fa5564e3d0eba3,0.036,,,
1935,2026-05-19,SH603259,0.06927425414323807,EXP_LinearModel_Alpha158_csi300_custom_step0_s_20260519_15,014f4a6d08ca40b592fa5564e3d0eba3,0.036,,,
1936,2026-05-19,SH603195,0.041953131556510925,EXP_LinearModel_Alpha158_csi300_custom_step0_s_20260519_15,014f4a6d08ca40b592fa5564e3d0eba3,0.036,,,
1937,2026-05-19,SH603019,0.024530895054340363,EXP_LinearModel_Alpha158_csi300_custom_step0_s_20260519_15,014f4a6d08ca40b592fa5564e3d0eba3,0.036,,,
1938,2026-05-19,SH601998,-0.07571995258331299,EXP_LinearModel_Alpha158_csi300_custom_step0_s_20260519_15,014f4a6d08ca40b592fa5564e3d0eba3,0.036,,,
1939,2026-05-19,SH601669,-0.045765552669763565,EXP_LinearModel_Alpha158_csi300_custom_step0_s_20260519_15,014f4a6d08ca40b592fa5564e3d0eba3,0.036,,,
1940,2026-05-19,SH601995,0.004256911110132933,EXP_LinearModel_Alpha158_csi300_custom_step0_s_20260519_15,014f4a6d08ca40b592fa5564e3d0eba3,0.036,,,
1941,2026-05-19,SH601985,0.06798997521400452,EXP_LinearModel_Alpha158_csi300_custom_step0_s_20260519_15,014f4a6d08ca40b592fa5564e3d0eba3,0.036,,,
1942,2026-05-19,SH601939,0.0266881063580513,EXP_LinearModel_Alpha158_csi300_custom_step0_s_20260519_15,014f4a6d08ca40b592fa5564e3d0eba3,0.036,,,
1943,2026-05-19,SH601919,-0.016524257138371468,EXP_LinearModel_Alpha158_csi300_custom_step0_s_20260519_15,014f4a6d08ca40b592fa5564e3d0eba3,0.036,,,
1944,2026-05-19,SH601916,0.06768474727869034,EXP_LinearModel_Alpha158_csi300_custom_step0_s_20260519_15,014f4a6d08ca40b592fa5564e3d0eba3,0.036,,,
1945,2026-05-19,SH601901,-0.01120868418365717,EXP_LinearModel_Alpha158_csi300_custom_step0_s_20260519_15,014f4a6d08ca40b592fa5564e3d0eba3,0.036,,,
1946,2026-05-19,SH601899,0.045576274394989014,EXP_LinearModel_Alpha158_csi300_custom_step0_s_20260519_15,014f4a6d08ca40b592fa5564e3d0eba3,0.036,,,
1947,2026-05-19,SH601898,0.07712790369987488,EXP_LinearModel_Alpha158_csi300_custom_step0_s_20260519_15,014f4a6d08ca40b592fa5564e3d0eba3,0.036,,,
1948,2026-05-19,SH601988,0.0180932879447937,EXP_LinearModel_Alpha158_csi300_custom_step0_s_20260519_15,014f4a6d08ca40b592fa5564e3d0eba3,0.036,,,
1949,2026-05-19,SH601668,0.08132411539554596,EXP_LinearModel_Alpha158_csi300_custom_step0_s_20260519_15,014f4a6d08ca40b592fa5564e3d0eba3,0.036,,,
1950,2026-05-19,SH601658,0.0014819644857198,EXP_LinearModel_Alpha158_csi300_custom_step0_s_20260519_15,014f4a6d08ca40b592fa5564e3d0eba3,0.036,,,
1951,2026-05-19,SH601633,-0.021101083606481552,EXP_LinearModel_Alpha158_csi300_custom_step0_s_20260519_15,014f4a6d08ca40b592fa5564e3d0eba3,0.036,,,
1952,2026-05-19,SH601211,-0.04115426167845726,EXP_LinearModel_Alpha158_csi300_custom_step0_s_20260519_15,014f4a6d08ca40b592fa5564e3d0eba3,0.036,,,
1953,2026-05-19,SH601186,0.002206450793892145,EXP_LinearModel_Alpha158_csi300_custom_step0_s_20260519_15,014f4a6d08ca40b592fa5564e3d0eba3,0.036,,,
1954,2026-05-19,SH601169,-0.07396209239959717,EXP_LinearModel_Alpha158_csi300_custom_step0_s_20260519_15,014f4a6d08ca40b592fa5564e3d0eba3,0.036,,,
1955,2026-05-19,SH601166,-0.015843281522393227,EXP_LinearModel_Alpha158_csi300_custom_step0_s_20260519_15,014f4a6d08ca40b592fa5564e3d0eba3,0.036,,,
1956,2026-05-19,SH601138,0.05658538267016411,EXP_LinearModel_Alpha158_csi300_custom_step0_s_20260519_15,014f4a6d08ca40b592fa5564e3d0eba3,0.036,,,
1957,2026-05-19,SH601136,-0.04197566956281662,EXP_LinearModel_Alpha158_csi300_custom_step0_s_20260519_15,014f4a6d08ca40b592fa5564e3d0eba3,0.036,,,
1958,2026-05-19,SH601127,-0.06439841538667679,EXP_LinearModel_Alpha158_csi300_custom_step0_s_20260519_15,014f4a6d08ca40b592fa5564e3d0eba3,0.036,,,
1959,2026-05-19,SH601225,0.08639626950025558,EXP_LinearModel_Alpha158_csi300_custom_step0_s_20260519_15,014f4a6d08ca40b592fa5564e3d0eba3,0.036,,,
1960,2026-05-19,SH601117,0.01632252149283886,EXP_LinearModel_Alpha158_csi300_custom_step0_s_20260519_15,014f4a6d08ca40b592fa5564e3d0eba3,0.036,,,
1961,2026-05-19,SH601100,-0.03143695369362831,EXP_LinearModel_Alpha158_csi300_custom_step0_s_20260519_15,014f4a6d08ca40b592fa5564e3d0eba3,0.036,,,
1962,2026-05-19,SH601088,0.034104812890291214,EXP_LinearModel_Alpha158_csi300_custom_step0_s_20260519_15,014f4a6d08ca40b592fa5564e3d0eba3,0.036,,,
1963,2026-05-19,SH601077,-0.022887255996465683,EXP_LinearModel_Alpha158_csi300_custom_step0_s_20260519_15,014f4a6d08ca40b592fa5564e3d0eba3,0.036,,,
1964,2026-05-19,SH601066,-0.07472727447748184,EXP_LinearModel_Alpha158_csi300_custom_step0_s_20260519_15,014f4a6d08ca40b592fa5564e3d0eba3,0.036,,,
1965,2026-05-19,SH601059,-0.014474421739578247,EXP_LinearModel_Alpha158_csi300_custom_step0_s_20260519_15,014f4a6d08ca40b592fa5564e3d0eba3,0.036,,,
1966,2026-05-19,SH601058,-0.08821596950292587,EXP_LinearModel_Alpha158_csi300_custom_step0_s_20260519_15,014f4a6d08ca40b592fa5564e3d0eba3,0.036,,,
1967,2026-05-19,SH601021,0.022282136604189873,EXP_LinearModel_Alpha158_csi300_custom_step0_s_20260519_15,014f4a6d08ca40b592fa5564e3d0eba3,0.036,,,
1968,2026-05-19,SH601111,-0.013233115896582603,EXP_LinearModel_Alpha158_csi300_custom_step0_s_20260519_15,014f4a6d08ca40b592fa5564e3d0eba3,0.036,,,
1969,2026-05-19,SH603369,0.00497022969648242,EXP_LinearModel_Alpha158_csi300_custom_step0_s_20260519_15,014f4a6d08ca40b592fa5564e3d0eba3,0.036,,,
1970,2026-05-19,SH601229,0.001861034194007516,EXP_LinearModel_Alpha158_csi300_custom_step0_s_20260519_15,014f4a6d08ca40b592fa5564e3d0eba3,0.036,,,
1971,2026-05-19,SH601238,-0.013906534761190414,EXP_LinearModel_Alpha158_csi300_custom_step0_s_20260519_15,014f4a6d08ca40b592fa5564e3d0eba3,0.036,,,
1972,2026-05-19,SH601628,-0.03815385326743126,EXP_LinearModel_Alpha158_csi300_custom_step0_s_20260519_15,014f4a6d08ca40b592fa5564e3d0eba3,0.036,,,
1973,2026-05-19,SH601618,0.016157347708940506,EXP_LinearModel_Alpha158_csi300_custom_step0_s_20260519_15,014f4a6d08ca40b592fa5564e3d0eba3,0.036,,,
1974,2026-05-19,SH601607,-0.023504702374339104,EXP_LinearModel_Alpha158_csi300_custom_step0_s_20260519_15,014f4a6d08ca40b592fa5564e3d0eba3,0.036,,,
1975,2026-05-19,SH601601,-0.04158544912934303,EXP_LinearModel_Alpha158_csi300_custom_step0_s_20260519_15,014f4a6d08ca40b592fa5564e3d0eba3,0.036,,,
1976,2026-05-19,SH601600,0.06181103736162186,EXP_LinearModel_Alpha158_csi300_custom_step0_s_20260519_15,014f4a6d08ca40b592fa5564e3d0eba3,0.036,,,
1977,2026-05-19,SH601456,-0.06652374565601349,EXP_LinearModel_Alpha158_csi300_custom_step0_s_20260519_15,014f4a6d08ca40b592fa5564e3d0eba3,0.036,,,
1978,2026-05-19,SH601398,0.011304865591228008,EXP_LinearModel_Alpha158_csi300_custom_step0_s_20260519_15,014f4a6d08ca40b592fa5564e3d0eba3,0.036,,,
1979,2026-05-19,SH601236,-0.022562939673662186,EXP_LinearModel_Alpha158_csi300_custom_step0_s_20260519_15,014f4a6d08ca40b592fa5564e3d0eba3,0.036,,,
1980,2026-05-19,SH601390,0.024610375985503197,EXP_LinearModel_Alpha158_csi300_custom_step0_s_20260519_15,014f4a6d08ca40b592fa5564e3d0eba3,0.036,,,
1981,2026-05-19,SH601360,-0.08747567236423492,EXP_LinearModel_Alpha158_csi300_custom_step0_s_20260519_15,014f4a6d08ca40b592fa5564e3d0eba3,0.036,,,
1982,2026-05-19,SH601336,0.0032360004261136055,EXP_LinearModel_Alpha158_csi300_custom_step0_s_20260519_15,014f4a6d08ca40b592fa5564e3d0eba3,0.036,,,
1983,2026-05-19,SH601328,0.06187859922647476,EXP_LinearModel_Alpha158_csi300_custom_step0_s_20260519_15,014f4a6d08ca40b592fa5564e3d0eba3,0.036,,,
1984,2026-05-19,SH601319,0.05132965371012688,EXP_LinearModel_Alpha158_csi300_custom_step0_s_20260519_15,014f4a6d08ca40b592fa5564e3d0eba3,0.036,,,
1985,2026-05-19,SH601318,0.024255845695734024,EXP_LinearModel_Alpha158_csi300_custom_step0_s_20260519_15,014f4a6d08ca40b592fa5564e3d0eba3,0.036,,,
1986,2026-05-19,SH601298,0.08367171138525009,EXP_LinearModel_Alpha158_csi300_custom_step0_s_20260519_15,014f4a6d08ca40b592fa5564e3d0eba3,0.036,,,
1987,2026-05-19,SH601288,0.08706405758857727,EXP_LinearModel_Alpha158_csi300_custom_step0_s_20260519_15,014f4a6d08ca40b592fa5564e3d0eba3,0.036,,,
1988,2026-05-19,SH601377,-0.006103917025029659,EXP_LinearModel_Alpha158_csi300_custom_step0_s_20260519_15,014f4a6d08ca40b592fa5564e3d0eba3,0.036,,,
1989,2026-05-19,SH603392,-0.041529227048158646,EXP_LinearModel_Alpha158_csi300_custom_step0_s_20260519_15,014f4a6d08ca40b592fa5564e3d0eba3,0.036,,,
1990,2026-05-19,SH603501,-0.0423976294696331,EXP_LinearModel_Alpha158_csi300_custom_step0_s_20260519_15,014f4a6d08ca40b592fa5564e3d0eba3,0.036,,,
1991,2026-05-19,SH603799,0.01653718203306198,EXP_LinearModel_Alpha158_csi300_custom_step0_s_20260519_15,014f4a6d08ca40b592fa5564e3d0eba3,0.036,,,
1992,2026-05-19,SZ000975,0.05723034590482712,EXP_LinearModel_Alpha158_csi300_custom_step0_s_20260519_15,014f4a6d08ca40b592fa5564e3d0eba3,0.036,,,
1993,2026-05-19,SZ000963,-0.003312712535262108,EXP_LinearModel_Alpha158_csi300_custom_step0_s_20260519_15,014f4a6d08ca40b592fa5564e3d0eba3,0.036,,,
1994,2026-05-19,SZ000938,0.041846275329589844,EXP_LinearModel_Alpha158_csi300_custom_step0_s_20260519_15,014f4a6d08ca40b592fa5564e3d0eba3,0.036,,,
1995,2026-05-19,SZ000895,0.007611474953591824,EXP_LinearModel_Alpha158_csi300_custom_step0_s_20260519_15,014f4a6d08ca40b592fa5564e3d0eba3,0.036,,,
1996,2026-05-19,SZ000876,0.04673932120203972,EXP_LinearModel_Alpha158_csi300_custom_step0_s_20260519_15,014f4a6d08ca40b592fa5564e3d0eba3,0.036,,,
1997,2026-05-19,SZ000858,-0.03966304659843445,EXP_LinearModel_Alpha158_csi300_custom_step0_s_20260519_15,014f4a6d08ca40b592fa5564e3d0eba3,0.036,,,
1998,2026-05-19,SZ000807,0.048551496118307114,EXP_LinearModel_Alpha158_csi300_custom_step0_s_20260519_15,014f4a6d08ca40b592fa5564e3d0eba3,0.036,,,
1999,2026-05-19,SZ000977,-0.04475114867091179,EXP_LinearModel_Alpha158_csi300_custom_step0_s_20260519_15,014f4a6d08ca40b592fa5564e3d0eba3,0.036,,,
2000,2026-05-19,SZ000792,-0.025219924747943878,EXP_LinearModel_Alpha158_csi300_custom_step0_s_20260519_15,014f4a6d08ca40b592fa5564e3d0eba3,0.036,,,
2001,2026-05-19,SZ000776,-0.032800544053316116,EXP_LinearModel_Alpha158_csi300_custom_step0_s_20260519_15,014f4a6d08ca40b592fa5564e3d0eba3,0.036,,,
2002,2026-05-19,SZ000768,0.016323745250701904,EXP_LinearModel_Alpha158_csi300_custom_step0_s_20260519_15,014f4a6d08ca40b592fa5564e3d0eba3,0.036,,,
2003,2026-05-19,SZ000725,0.06264705955982208,EXP_LinearModel_Alpha158_csi300_custom_step0_s_20260519_15,014f4a6d08ca40b592fa5564e3d0eba3,0.036,,,
2004,2026-05-19,SZ000708,0.02558901160955429,EXP_LinearModel_Alpha158_csi300_custom_step0_s_20260519_15,014f4a6d08ca40b592fa5564e3d0eba3,0.036,,,
2005,2026-05-19,SZ000661,-0.01465190201997757,EXP_LinearModel_Alpha158_csi300_custom_step0_s_20260519_15,014f4a6d08ca40b592fa5564e3d0eba3,0.036,,,
2006,2026-05-19,SZ000651,0.0283967237919569,EXP_LinearModel_Alpha158_csi300_custom_step0_s_20260519_15,014f4a6d08ca40b592fa5564e3d0eba3,0.036,,,
2007,2026-05-19,SZ000630,0.06436076015233994,EXP_LinearModel_Alpha158_csi300_custom_step0_s_20260519_15,014f4a6d08ca40b592fa5564e3d0eba3,0.036,,,
2008,2026-05-19,SZ000786,0.04364363104104996,EXP_LinearModel_Alpha158_csi300_custom_step0_s_20260519_15,014f4a6d08ca40b592fa5564e3d0eba3,0.036,,,
2009,2026-05-19,SZ000625,-0.0053628478199243546,EXP_LinearModel_Alpha158_csi300_custom_step0_s_20260519_15,014f4a6d08ca40b592fa5564e3d0eba3,0.036,,,
2010,2026-05-19,SZ000983,-0.032976604998111725,EXP_LinearModel_Alpha158_csi300_custom_step0_s_20260519_15,014f4a6d08ca40b592fa5564e3d0eba3,0.036,,,
2011,2026-05-19,SZ001391,-0.03616434708237648,EXP_LinearModel_Alpha158_csi300_custom_step0_s_20260519_15,014f4a6d08ca40b592fa5564e3d0eba3,0.036,,,
2012,2026-05-19,SZ002311,-0.014819512143731117,EXP_LinearModel_Alpha158_csi300_custom_step0_s_20260519_15,014f4a6d08ca40b592fa5564e3d0eba3,0.036,,,
2013,2026-05-19,SZ002304,-0.06697145849466324,EXP_LinearModel_Alpha158_csi300_custom_step0_s_20260519_15,014f4a6d08ca40b592fa5564e3d0eba3,0.036,,,
2014,2026-05-19,SZ002252,-0.005948621314018965,EXP_LinearModel_Alpha158_csi300_custom_step0_s_20260519_15,014f4a6d08ca40b592fa5564e3d0eba3,0.036,,,
2015,2026-05-19,SZ002241,0.005912340246140957,EXP_LinearModel_Alpha158_csi300_custom_step0_s_20260519_15,014f4a6d08ca40b592fa5564e3d0eba3,0.036,,,
2016,2026-05-19,SZ002236,0.00996016338467598,EXP_LinearModel_Alpha158_csi300_custom_step0_s_20260519_15,014f4a6d08ca40b592fa5564e3d0eba3,0.036,,,
2017,2026-05-19,SZ002230,-0.0007924456149339676,EXP_LinearModel_Alpha158_csi300_custom_step0_s_20260519_15,014f4a6d08ca40b592fa5564e3d0eba3,0.036,,,
2018,2026-05-19,SZ002179,-0.025831079110503197,EXP_LinearModel_Alpha158_csi300_custom_step0_s_20260519_15,014f4a6d08ca40b592fa5564e3d0eba3,0.036,,,
2019,2026-05-19,SZ000999,-0.06510413438081741,EXP_LinearModel_Alpha158_csi300_custom_step0_s_20260519_15,014f4a6d08ca40b592fa5564e3d0eba3,0.036,,,
2020,2026-05-19,SZ002142,-0.012849115766584873,EXP_LinearModel_Alpha158_csi300_custom_step0_s_20260519_15,014f4a6d08ca40b592fa5564e3d0eba3,0.036,,,
2021,2026-05-19,SZ002050,-0.012241370044648647,EXP_LinearModel_Alpha158_csi300_custom_step0_s_20260519_15,014f4a6d08ca40b592fa5564e3d0eba3,0.036,,,
2022,2026-05-19,SZ002049,0.028701066970825195,EXP_LinearModel_Alpha158_csi300_custom_step0_s_20260519_15,014f4a6d08ca40b592fa5564e3d0eba3,0.036,,,
2023,2026-05-19,SZ002028,-0.01083883922547102,EXP_LinearModel_Alpha158_csi300_custom_step0_s_20260519_15,014f4a6d08ca40b592fa5564e3d0eba3,0.036,,,
2024,2026-05-19,SZ002027,-0.06780452281236649,EXP_LinearModel_Alpha158_csi300_custom_step0_s_20260519_15,014f4a6d08ca40b592fa5564e3d0eba3,0.036,,,
2025,2026-05-19,SZ002001,0.04820818454027176,EXP_LinearModel_Alpha158_csi300_custom_step0_s_20260519_15,014f4a6d08ca40b592fa5564e3d0eba3,0.036,,,
2026,2026-05-19,SZ001979,0.03801139071583748,EXP_LinearModel_Alpha158_csi300_custom_step0_s_20260519_15,014f4a6d08ca40b592fa5564e3d0eba3,0.036,,,
2027,2026-05-19,SZ001965,0.1354917585849762,EXP_LinearModel_Alpha158_csi300_custom_step0_s_20260519_15,014f4a6d08ca40b592fa5564e3d0eba3,0.036,,,
2028,2026-05-19,SZ002074,-0.018898241221904755,EXP_LinearModel_Alpha158_csi300_custom_step0_s_20260519_15,014f4a6d08ca40b592fa5564e3d0eba3,0.036,,,
2029,2026-05-19,SH601018,0.03764946013689041,EXP_LinearModel_Alpha158_csi300_custom_step0_s_20260519_15,014f4a6d08ca40b592fa5564e3d0eba3,0.036,,,
2030,2026-05-19,SZ000617,-0.07088378071784973,EXP_LinearModel_Alpha158_csi300_custom_step0_s_20260519_15,014f4a6d08ca40b592fa5564e3d0eba3,0.036,,,
2031,2026-05-19,SZ000568,-0.0077970284037292,EXP_LinearModel_Alpha158_csi300_custom_step0_s_20260519_15,014f4a6d08ca40b592fa5564e3d0eba3,0.036,,,
2032,2026-05-19,SH688187,-0.10752552002668381,EXP_LinearModel_Alpha158_csi300_custom_step0_s_20260519_15,014f4a6d08ca40b592fa5564e3d0eba3,0.036,,,
2033,2026-05-19,SH688169,-0.12487831711769104,EXP_LinearModel_Alpha158_csi300_custom_step0_s_20260519_15,014f4a6d08ca40b592fa5564e3d0eba3,0.036,,,
2034,2026-05-19,SH688126,0.26509860157966614,EXP_LinearModel_Alpha158_csi300_custom_step0_s_20260519_15,014f4a6d08ca40b592fa5564e3d0eba3,0.036,,,
2035,2026-05-19,SH688111,-0.05461223050951958,EXP_LinearModel_Alpha158_csi300_custom_step0_s_20260519_15,014f4a6d08ca40b592fa5564e3d0eba3,0.036,,,
2036,2026-05-19,SH688082,-0.08319132775068283,EXP_LinearModel_Alpha158_csi300_custom_step0_s_20260519_15,014f4a6d08ca40b592fa5564e3d0eba3,0.036,,,
2037,2026-05-19,SH688047,0.061903368681669235,EXP_LinearModel_Alpha158_csi300_custom_step0_s_20260519_15,014f4a6d08ca40b592fa5564e3d0eba3,0.036,,,
2038,2026-05-19,SH688041,0.047656264156103134,EXP_LinearModel_Alpha158_csi300_custom_step0_s_20260519_15,014f4a6d08ca40b592fa5564e3d0eba3,0.036,,,
2039,2026-05-19,SH688223,-0.005473678465932608,EXP_LinearModel_Alpha158_csi300_custom_step0_s_20260519_15,014f4a6d08ca40b592fa5564e3d0eba3,0.036,,,
2040,2026-05-19,SH688036,-0.04945690184831619,EXP_LinearModel_Alpha158_csi300_custom_step0_s_20260519_15,014f4a6d08ca40b592fa5564e3d0eba3,0.036,,,
2041,2026-05-19,SH688009,0.03720640763640404,EXP_LinearModel_Alpha158_csi300_custom_step0_s_20260519_15,014f4a6d08ca40b592fa5564e3d0eba3,0.036,,,
2042,2026-05-19,SH688008,0.03620070964097977,EXP_LinearModel_Alpha158_csi300_custom_step0_s_20260519_15,014f4a6d08ca40b592fa5564e3d0eba3,0.036,,,
2043,2026-05-19,SH605499,-0.047958407551050186,EXP_LinearModel_Alpha158_csi300_custom_step0_s_20260519_15,014f4a6d08ca40b592fa5564e3d0eba3,0.036,,,
2044,2026-05-19,SH605117,0.058220889419317245,EXP_LinearModel_Alpha158_csi300_custom_step0_s_20260519_15,014f4a6d08ca40b592fa5564e3d0eba3,0.036,,,
2045,2026-05-19,SH603993,0.11781968921422958,EXP_LinearModel_Alpha158_csi300_custom_step0_s_20260519_15,014f4a6d08ca40b592fa5564e3d0eba3,0.036,,,
2046,2026-05-19,SH603986,-0.039545878767967224,EXP_LinearModel_Alpha158_csi300_custom_step0_s_20260519_15,014f4a6d08ca40b592fa5564e3d0eba3,0.036,,,
2047,2026-05-19,SH603893,0.08885315805673599,EXP_LinearModel_Alpha158_csi300_custom_step0_s_20260519_15,014f4a6d08ca40b592fa5564e3d0eba3,0.036,,,
2048,2026-05-19,SH688012,-0.12322781980037689,EXP_LinearModel_Alpha158_csi300_custom_step0_s_20260519_15,014f4a6d08ca40b592fa5564e3d0eba3,0.036,,,
2049,2026-05-19,SZ000596,-0.005700643174350262,EXP_LinearModel_Alpha158_csi300_custom_step0_s_20260519_15,014f4a6d08ca40b592fa5564e3d0eba3,0.036,,,
2050,2026-05-19,SH688256,0.023330356925725937,EXP_LinearModel_Alpha158_csi300_custom_step0_s_20260519_15,014f4a6d08ca40b592fa5564e3d0eba3,0.036,,,
2051,2026-05-19,SH688303,-0.0026685581542551517,EXP_LinearModel_Alpha158_csi300_custom_step0_s_20260519_15,014f4a6d08ca40b592fa5564e3d0eba3,0.036,,,
2052,2026-05-19,SZ000538,-0.08170413225889206,EXP_LinearModel_Alpha158_csi300_custom_step0_s_20260519_15,014f4a6d08ca40b592fa5564e3d0eba3,0.036,,,
2053,2026-05-19,SZ000425,0.05433616042137146,EXP_LinearModel_Alpha158_csi300_custom_step0_s_20260519_15,014f4a6d08ca40b592fa5564e3d0eba3,0.036,,,
2054,2026-05-19,SZ000408,0.15785187482833862,EXP_LinearModel_Alpha158_csi300_custom_step0_s_20260519_15,014f4a6d08ca40b592fa5564e3d0eba3,0.036,,,
2055,2026-05-19,SZ000338,0.09948983043432236,EXP_LinearModel_Alpha158_csi300_custom_step0_s_20260519_15,014f4a6d08ca40b592fa5564e3d0eba3,0.036,,,
2056,2026-05-19,SZ000333,0.017086178064346313,EXP_LinearModel_Alpha158_csi300_custom_step0_s_20260519_15,014f4a6d08ca40b592fa5564e3d0eba3,0.036,,,
2057,2026-05-19,SZ000301,0.1548193097114563,EXP_LinearModel_Alpha158_csi300_custom_step0_s_20260519_15,014f4a6d08ca40b592fa5564e3d0eba3,0.036,,,
2058,2026-05-19,SZ000166,-0.011825472116470337,EXP_LinearModel_Alpha158_csi300_custom_step0_s_20260519_15,014f4a6d08ca40b592fa5564e3d0eba3,0.036,,,
2059,2026-05-19,SH688271,0.03409025818109512,EXP_LinearModel_Alpha158_csi300_custom_step0_s_20260519_15,014f4a6d08ca40b592fa5564e3d0eba3,0.036,,,
2060,2026-05-19,SZ000157,-0.012548098340630531,EXP_LinearModel_Alpha158_csi300_custom_step0_s_20260519_15,014f4a6d08ca40b592fa5564e3d0eba3,0.036,,,
2061,2026-05-19,SZ000063,-0.0136039974167943,EXP_LinearModel_Alpha158_csi300_custom_step0_s_20260519_15,014f4a6d08ca40b592fa5564e3d0eba3,0.036,,,
2062,2026-05-19,SZ000002,0.06723414361476898,EXP_LinearModel_Alpha158_csi300_custom_step0_s_20260519_15,014f4a6d08ca40b592fa5564e3d0eba3,0.036,,,
2063,2026-05-19,SZ000001,-0.06351622194051743,EXP_LinearModel_Alpha158_csi300_custom_step0_s_20260519_15,014f4a6d08ca40b592fa5564e3d0eba3,0.036,,,
2064,2026-05-19,SH688981,0.01772400178015232,EXP_LinearModel_Alpha158_csi300_custom_step0_s_20260519_15,014f4a6d08ca40b592fa5564e3d0eba3,0.036,,,
2065,2026-05-19,SH688506,0.008765381760895252,EXP_LinearModel_Alpha158_csi300_custom_step0_s_20260519_15,014f4a6d08ca40b592fa5564e3d0eba3,0.036,,,
2066,2026-05-19,SH688472,0.020492278039455414,EXP_LinearModel_Alpha158_csi300_custom_step0_s_20260519_15,014f4a6d08ca40b592fa5564e3d0eba3,0.036,,,
2067,2026-05-19,SH688396,0.037514444440603256,EXP_LinearModel_Alpha158_csi300_custom_step0_s_20260519_15,014f4a6d08ca40b592fa5564e3d0eba3,0.036,,,
2068,2026-05-19,SZ000100,0.033589884638786316,EXP_LinearModel_Alpha158_csi300_custom_step0_s_20260519_15,014f4a6d08ca40b592fa5564e3d0eba3,0.036,,,
2069,2026-05-19,SH601012,0.0461503230035305,EXP_LinearModel_Alpha158_csi300_custom_step0_s_20260519_15,014f4a6d08ca40b592fa5564e3d0eba3,0.036,,,
2070,2026-05-19,SH601009,-0.0351923368871212,EXP_LinearModel_Alpha158_csi300_custom_step0_s_20260519_15,014f4a6d08ca40b592fa5564e3d0eba3,0.036,,,
2071,2026-05-19,SH601006,0.04306405782699585,EXP_LinearModel_Alpha158_csi300_custom_step0_s_20260519_15,014f4a6d08ca40b592fa5564e3d0eba3,0.036,,,
2072,2026-05-19,SZ300476,-0.004685786087065935,EXP_LinearModel_Alpha158_csi300_custom_step0_s_20260519_15,53831762a81d41238460f62be69537c2,0.096,,,
2073,2026-05-19,SZ300442,,EXP_LinearModel_Alpha158_csi300_custom_step0_s_20260519_15,53831762a81d41238460f62be69537c2,0.096,,,
2074,2026-05-19,SZ300433,-0.20555222034454346,EXP_LinearModel_Alpha158_csi300_custom_step0_s_20260519_15,53831762a81d41238460f62be69537c2,0.096,,,
2075,2026-05-19,SZ300418,-0.14775271713733673,EXP_LinearModel_Alpha158_csi300_custom_step0_s_20260519_15,53831762a81d41238460f62be69537c2,0.096,,,
2076,2026-05-19,SZ300413,-0.1036008894443512,EXP_LinearModel_Alpha158_csi300_custom_step0_s_20260519_15,53831762a81d41238460f62be69537c2,0.096,,,
2077,2026-05-19,SZ300408,0.02186109870672226,EXP_LinearModel_Alpha158_csi300_custom_step0_s_20260519_15,53831762a81d41238460f62be69537c2,0.096,,,
2078,2026-05-19,SZ300394,0.005101567134261131,EXP_LinearModel_Alpha158_csi300_custom_step0_s_20260519_15,53831762a81d41238460f62be69537c2,0.096,,,
2079,2026-05-19,SZ300498,-0.02507392130792141,EXP_LinearModel_Alpha158_csi300_custom_step0_s_20260519_15,53831762a81d41238460f62be69537c2,0.096,,,
2080,2026-05-19,SZ300347,-0.0506146065890789,EXP_LinearModel_Alpha158_csi300_custom_step0_s_20260519_15,53831762a81d41238460f62be69537c2,0.096,,,
2081,2026-05-19,SZ300308,0.000667557877022773,EXP_LinearModel_Alpha158_csi300_custom_step0_s_20260519_15,53831762a81d41238460f62be69537c2,0.096,,,
2082,2026-05-19,SZ300274,-0.1795586794614792,EXP_LinearModel_Alpha158_csi300_custom_step0_s_20260519_15,53831762a81d41238460f62be69537c2,0.096,,,
2083,2026-05-19,SZ300251,-0.28139710426330566,EXP_LinearModel_Alpha158_csi300_custom_step0_s_20260519_15,53831762a81d41238460f62be69537c2,0.096,,,
2084,2026-05-19,SZ300124,-0.04404041916131973,EXP_LinearModel_Alpha158_csi300_custom_step0_s_20260519_15,53831762a81d41238460f62be69537c2,0.096,,,
2085,2026-05-19,SZ300122,-0.07074243575334549,EXP_LinearModel_Alpha158_csi300_custom_step0_s_20260519_15,53831762a81d41238460f62be69537c2,0.096,,,
2086,2026-05-19,SZ300059,-0.07617516070604324,EXP_LinearModel_Alpha158_csi300_custom_step0_s_20260519_15,53831762a81d41238460f62be69537c2,0.096,,,
2087,2026-05-19,SZ300033,-0.049984026700258255,EXP_LinearModel_Alpha158_csi300_custom_step0_s_20260519_15,53831762a81d41238460f62be69537c2,0.096,,,
2088,2026-05-19,SZ300316,-0.06022137403488159,EXP_LinearModel_Alpha158_csi300_custom_step0_s_20260519_15,53831762a81d41238460f62be69537c2,0.096,,,
2089,2026-05-19,SZ300015,-0.03494767099618912,EXP_LinearModel_Alpha158_csi300_custom_step0_s_20260519_15,53831762a81d41238460f62be69537c2,0.096,,,
2090,2026-05-19,SZ300502,-0.048629242926836014,EXP_LinearModel_Alpha158_csi300_custom_step0_s_20260519_15,53831762a81d41238460f62be69537c2,0.096,,,
2091,2026-05-19,SZ300661,0.02047751098871231,EXP_LinearModel_Alpha158_csi300_custom_step0_s_20260519_15,53831762a81d41238460f62be69537c2,0.096,,,
2092,2026-05-19,SH600010,0.04062904417514801,EXP_LinearModel_Alpha158_csi300_custom_step0_s_20260519_15,014f4a6d08ca40b592fa5564e3d0eba3,0.036,,,
2093,2026-05-19,SH600009,-0.05276869237422943,EXP_LinearModel_Alpha158_csi300_custom_step0_s_20260519_15,014f4a6d08ca40b592fa5564e3d0eba3,0.036,,,
2094,2026-05-19,SH600000,-0.0023183906450867653,EXP_LinearModel_Alpha158_csi300_custom_step0_s_20260519_15,014f4a6d08ca40b592fa5564e3d0eba3,0.036,,,
2095,2026-05-19,SZ302132,-0.06115826964378357,EXP_LinearModel_Alpha158_csi300_custom_step0_s_20260519_15,53831762a81d41238460f62be69537c2,0.096,,,
2096,2026-05-19,SZ301269,-0.03273266926407814,EXP_LinearModel_Alpha158_csi300_custom_step0_s_20260519_15,53831762a81d41238460f62be69537c2,0.096,,,
2097,2026-05-19,SZ301236,-0.11850114166736603,EXP_LinearModel_Alpha158_csi300_custom_step0_s_20260519_15,53831762a81d41238460f62be69537c2,0.096,,,
2098,2026-05-19,SZ300999,-0.09308794140815735,EXP_LinearModel_Alpha158_csi300_custom_step0_s_20260519_15,53831762a81d41238460f62be69537c2,0.096,,,
2099,2026-05-19,SZ300628,0.01636468805372715,EXP_LinearModel_Alpha158_csi300_custom_step0_s_20260519_15,53831762a81d41238460f62be69537c2,0.096,,,
2100,2026-05-19,SZ300979,0.03472293168306351,EXP_LinearModel_Alpha158_csi300_custom_step0_s_20260519_15,53831762a81d41238460f62be69537c2,0.096,,,
2101,2026-05-19,SZ300866,0.02096318081021309,EXP_LinearModel_Alpha158_csi300_custom_step0_s_20260519_15,53831762a81d41238460f62be69537c2,0.096,,,
2102,2026-05-19,SZ300832,-0.0657152310013771,EXP_LinearModel_Alpha158_csi300_custom_step0_s_20260519_15,53831762a81d41238460f62be69537c2,0.096,,,
2103,2026-05-19,SZ300803,-0.10538312047719955,EXP_LinearModel_Alpha158_csi300_custom_step0_s_20260519_15,53831762a81d41238460f62be69537c2,0.096,,,
2104,2026-05-19,SZ300782,-0.21958963572978973,EXP_LinearModel_Alpha158_csi300_custom_step0_s_20260519_15,53831762a81d41238460f62be69537c2,0.096,,,
2105,2026-05-19,SZ300760,-0.051810573786497116,EXP_LinearModel_Alpha158_csi300_custom_step0_s_20260519_15,53831762a81d41238460f62be69537c2,0.096,,,
2106,2026-05-19,SZ300759,-0.020220190286636353,EXP_LinearModel_Alpha158_csi300_custom_step0_s_20260519_15,53831762a81d41238460f62be69537c2,0.096,,,
2107,2026-05-19,SZ300750,-0.02554341033101082,EXP_LinearModel_Alpha158_csi300_custom_step0_s_20260519_15,53831762a81d41238460f62be69537c2,0.096,,,
2108,2026-05-19,SZ300896,-0.09849187731742859,EXP_LinearModel_Alpha158_csi300_custom_step0_s_20260519_15,53831762a81d41238460f62be69537c2,0.096,,,
2109,2026-05-19,SH600011,0.03961189463734627,EXP_LinearModel_Alpha158_csi300_custom_step0_s_20260519_15,014f4a6d08ca40b592fa5564e3d0eba3,0.036,,,
2110,2026-05-19,SZ300014,-0.04394054785370827,EXP_LinearModel_Alpha158_csi300_custom_step0_s_20260519_15,53831762a81d41238460f62be69537c2,0.096,,,
2111,2026-05-19,SZ002938,-0.11476512253284454,EXP_LinearModel_Alpha158_csi300_custom_step0_s_20260519_15,53831762a81d41238460f62be69537c2,0.096,,,
2112,2026-05-19,SZ002352,-0.0794273093342781,EXP_LinearModel_Alpha158_csi300_custom_step0_s_20260519_15,53831762a81d41238460f62be69537c2,0.096,,,
2113,2026-05-19,SZ002311,0.006543327122926712,EXP_LinearModel_Alpha158_csi300_custom_step0_s_20260519_15,53831762a81d41238460f62be69537c2,0.096,,,
2114,2026-05-19,SZ002304,-0.03210299834609032,EXP_LinearModel_Alpha158_csi300_custom_step0_s_20260519_15,53831762a81d41238460f62be69537c2,0.096,,,
2115,2026-05-19,SZ002252,-0.016182955354452133,EXP_LinearModel_Alpha158_csi300_custom_step0_s_20260519_15,53831762a81d41238460f62be69537c2,0.096,,,
2116,2026-05-19,SZ002241,-0.026458263397216797,EXP_LinearModel_Alpha158_csi300_custom_step0_s_20260519_15,53831762a81d41238460f62be69537c2,0.096,,,
2117,2026-05-19,SZ002236,0.001408751355484128,EXP_LinearModel_Alpha158_csi300_custom_step0_s_20260519_15,53831762a81d41238460f62be69537c2,0.096,,,
2118,2026-05-19,SZ002230,-0.07184004783630371,EXP_LinearModel_Alpha158_csi300_custom_step0_s_20260519_15,53831762a81d41238460f62be69537c2,0.096,,,
2119,2026-05-19,SZ002371,-0.034342799335718155,EXP_LinearModel_Alpha158_csi300_custom_step0_s_20260519_15,53831762a81d41238460f62be69537c2,0.096,,,
2120,2026-05-19,SZ002179,-0.06489089131355286,EXP_LinearModel_Alpha158_csi300_custom_step0_s_20260519_15,53831762a81d41238460f62be69537c2,0.096,,,
2121,2026-05-19,SZ002074,-0.07911021262407303,EXP_LinearModel_Alpha158_csi300_custom_step0_s_20260519_15,53831762a81d41238460f62be69537c2,0.096,,,
2122,2026-05-19,SZ002050,-0.03583909198641777,EXP_LinearModel_Alpha158_csi300_custom_step0_s_20260519_15,53831762a81d41238460f62be69537c2,0.096,,,
2123,2026-05-19,SZ002049,0.010034383274614811,EXP_LinearModel_Alpha158_csi300_custom_step0_s_20260519_15,53831762a81d41238460f62be69537c2,0.096,,,
2124,2026-05-19,SZ002028,-0.03565145656466484,EXP_LinearModel_Alpha158_csi300_custom_step0_s_20260519_15,53831762a81d41238460f62be69537c2,0.096,,,
2125,2026-05-19,SZ002027,-0.024507323279976845,EXP_LinearModel_Alpha158_csi300_custom_step0_s_20260519_15,53831762a81d41238460f62be69537c2,0.096,,,
2126,2026-05-19,SZ002001,0.03887909650802612,EXP_LinearModel_Alpha158_csi300_custom_step0_s_20260519_15,53831762a81d41238460f62be69537c2,0.096,,,
2127,2026-05-19,SZ001979,-0.034893184900283813,EXP_LinearModel_Alpha158_csi300_custom_step0_s_20260519_15,53831762a81d41238460f62be69537c2,0.096,,,
2128,2026-05-19,SZ002142,0.0140058733522892,EXP_LinearModel_Alpha158_csi300_custom_step0_s_20260519_15,53831762a81d41238460f62be69537c2,0.096,,,
2129,2026-05-19,SZ003816,0.04580499604344368,EXP_LinearModel_Alpha158_csi300_custom_step0_s_20260519_15,53831762a81d41238460f62be69537c2,0.096,,,
2130,2026-05-19,SZ002384,0.0985674113035202,EXP_LinearModel_Alpha158_csi300_custom_step0_s_20260519_15,53831762a81d41238460f62be69537c2,0.096,,,
2131,2026-05-19,SZ002422,0.009411197155714035,EXP_LinearModel_Alpha158_csi300_custom_step0_s_20260519_15,53831762a81d41238460f62be69537c2,0.096,,,
2132,2026-05-19,SZ002920,-0.0036410978063941,EXP_LinearModel_Alpha158_csi300_custom_step0_s_20260519_15,53831762a81d41238460f62be69537c2,0.096,,,
2133,2026-05-19,SZ002916,-0.048191945999860764,EXP_LinearModel_Alpha158_csi300_custom_step0_s_20260519_15,53831762a81d41238460f62be69537c2,0.096,,,
2134,2026-05-19,SZ002736,-0.03029780462384224,EXP_LinearModel_Alpha158_csi300_custom_step0_s_20260519_15,53831762a81d41238460f62be69537c2,0.096,,,
2135,2026-05-19,SZ002714,-0.04134661704301834,EXP_LinearModel_Alpha158_csi300_custom_step0_s_20260519_15,53831762a81d41238460f62be69537c2,0.096,,,
2136,2026-05-19,SZ002709,0.06122291833162308,EXP_LinearModel_Alpha158_csi300_custom_step0_s_20260519_15,53831762a81d41238460f62be69537c2,0.096,,,
2137,2026-05-19,SZ002648,0.10016626119613647,EXP_LinearModel_Alpha158_csi300_custom_step0_s_20260519_15,53831762a81d41238460f62be69537c2,0.096,,,
2138,2026-05-19,SZ002625,-0.08728262782096863,EXP_LinearModel_Alpha158_csi300_custom_step0_s_20260519_15,53831762a81d41238460f62be69537c2,0.096,,,
2139,2026-05-19,SZ002415,-0.02810380980372429,EXP_LinearModel_Alpha158_csi300_custom_step0_s_20260519_15,53831762a81d41238460f62be69537c2,0.096,,,
2140,2026-05-19,SZ002601,-0.045447248965501785,EXP_LinearModel_Alpha158_csi300_custom_step0_s_20260519_15,53831762a81d41238460f62be69537c2,0.096,,,
2141,2026-05-19,SZ002594,-0.023570625111460686,EXP_LinearModel_Alpha158_csi300_custom_step0_s_20260519_15,53831762a81d41238460f62be69537c2,0.096,,,
2142,2026-05-19,SZ002493,0.020891865715384483,EXP_LinearModel_Alpha158_csi300_custom_step0_s_20260519_15,53831762a81d41238460f62be69537c2,0.096,,,
2143,2026-05-19,SZ002475,-0.04141310229897499,EXP_LinearModel_Alpha158_csi300_custom_step0_s_20260519_15,53831762a81d41238460f62be69537c2,0.096,,,
2144,2026-05-19,SZ002466,0.05739114060997963,EXP_LinearModel_Alpha158_csi300_custom_step0_s_20260519_15,53831762a81d41238460f62be69537c2,0.096,,,
2145,2026-05-19,SZ002463,0.0870768129825592,EXP_LinearModel_Alpha158_csi300_custom_step0_s_20260519_15,53831762a81d41238460f62be69537c2,0.096,,,
2146,2026-05-19,SZ002460,0.0352158360183239,EXP_LinearModel_Alpha158_csi300_custom_step0_s_20260519_15,53831762a81d41238460f62be69537c2,0.096,,,
2147,2026-05-19,SZ002459,-0.0119452103972435,EXP_LinearModel_Alpha158_csi300_custom_step0_s_20260519_15,53831762a81d41238460f62be69537c2,0.096,,,
2148,2026-05-19,SZ002600,-0.14183750748634338,EXP_LinearModel_Alpha158_csi300_custom_step0_s_20260519_15,53831762a81d41238460f62be69537c2,0.096,,,
2149,2026-05-19,SZ002352,-0.12167811393737793,EXP_LinearModel_Alpha158_csi300_custom_step0_s_20260519_15,014f4a6d08ca40b592fa5564e3d0eba3,0.036,,,
2150,2026-05-19,SH600015,0.041756924241781235,EXP_LinearModel_Alpha158_csi300_custom_step0_s_20260519_15,014f4a6d08ca40b592fa5564e3d0eba3,0.036,,,
2151,2026-05-19,SH600018,0.1187533587217331,EXP_LinearModel_Alpha158_csi300_custom_step0_s_20260519_15,014f4a6d08ca40b592fa5564e3d0eba3,0.036,,,
2152,2026-05-19,SH600741,-0.07609047740697861,EXP_LinearModel_Alpha158_csi300_custom_step0_s_20260519_15,014f4a6d08ca40b592fa5564e3d0eba3,0.036,,,
2153,2026-05-19,SH600690,-0.017175592482089996,EXP_LinearModel_Alpha158_csi300_custom_step0_s_20260519_15,014f4a6d08ca40b592fa5564e3d0eba3,0.036,,,
2154,2026-05-19,SH600674,0.01632862724363804,EXP_LinearModel_Alpha158_csi300_custom_step0_s_20260519_15,014f4a6d08ca40b592fa5564e3d0eba3,0.036,,,
2155,2026-05-19,SH600660,-0.024861667305231094,EXP_LinearModel_Alpha158_csi300_custom_step0_s_20260519_15,014f4a6d08ca40b592fa5564e3d0eba3,0.036,,,
2156,2026-05-19,SH600600,-0.09419326484203339,EXP_LinearModel_Alpha158_csi300_custom_step0_s_20260519_15,014f4a6d08ca40b592fa5564e3d0eba3,0.036,,,
2157,2026-05-19,SH600588,0.010175869800150394,EXP_LinearModel_Alpha158_csi300_custom_step0_s_20260519_15,014f4a6d08ca40b592fa5564e3d0eba3,0.036,,,
2158,2026-05-19,SH600585,-0.022210871800780296,EXP_LinearModel_Alpha158_csi300_custom_step0_s_20260519_15,014f4a6d08ca40b592fa5564e3d0eba3,0.036,,,
2159,2026-05-19,SH600760,0.014369530603289604,EXP_LinearModel_Alpha158_csi300_custom_step0_s_20260519_15,014f4a6d08ca40b592fa5564e3d0eba3,0.036,,,
2160,2026-05-19,SH600584,-0.04302100092172623,EXP_LinearModel_Alpha158_csi300_custom_step0_s_20260519_15,014f4a6d08ca40b592fa5564e3d0eba3,0.036,,,
2161,2026-05-19,SH600547,0.0486135333776474,EXP_LinearModel_Alpha158_csi300_custom_step0_s_20260519_15,014f4a6d08ca40b592fa5564e3d0eba3,0.036,,,
2162,2026-05-19,SH600522,-0.026822758838534355,EXP_LinearModel_Alpha158_csi300_custom_step0_s_20260519_15,014f4a6d08ca40b592fa5564e3d0eba3,0.036,,,
2163,2026-05-19,SH600519,-0.06827779859304428,EXP_LinearModel_Alpha158_csi300_custom_step0_s_20260519_15,014f4a6d08ca40b592fa5564e3d0eba3,0.036,,,
2164,2026-05-19,SH600515,-0.00978781096637249,EXP_LinearModel_Alpha158_csi300_custom_step0_s_20260519_15,014f4a6d08ca40b592fa5564e3d0eba3,0.036,,,
2165,2026-05-19,SH600489,0.03755147382616997,EXP_LinearModel_Alpha158_csi300_custom_step0_s_20260519_15,014f4a6d08ca40b592fa5564e3d0eba3,0.036,,,
2166,2026-05-19,SH600482,0.01542777568101883,EXP_LinearModel_Alpha158_csi300_custom_step0_s_20260519_15,014f4a6d08ca40b592fa5564e3d0eba3,0.036,,,
2167,2026-05-19,SH600460,-0.008830001577734947,EXP_LinearModel_Alpha158_csi300_custom_step0_s_20260519_15,014f4a6d08ca40b592fa5564e3d0eba3,0.036,,,
2168,2026-05-19,SH600570,-0.02733391895890236,EXP_LinearModel_Alpha158_csi300_custom_step0_s_20260519_15,014f4a6d08ca40b592fa5564e3d0eba3,0.036,,,
2169,2026-05-19,SH600438,0.1228281557559967,EXP_LinearModel_Alpha158_csi300_custom_step0_s_20260519_15,014f4a6d08ca40b592fa5564e3d0eba3,0.036,,,
2170,2026-05-19,SH600795,0.009189617820084095,EXP_LinearModel_Alpha158_csi300_custom_step0_s_20260519_15,014f4a6d08ca40b592fa5564e3d0eba3,0.036,,,
2171,2026-05-19,SH600809,-0.009845498017966747,EXP_LinearModel_Alpha158_csi300_custom_step0_s_20260519_15,014f4a6d08ca40b592fa5564e3d0eba3,0.036,,,
2172,2026-05-19,SH600999,0.05369053781032562,EXP_LinearModel_Alpha158_csi300_custom_step0_s_20260519_15,014f4a6d08ca40b592fa5564e3d0eba3,0.036,,,
2173,2026-05-19,SH600989,0.028900546953082085,EXP_LinearModel_Alpha158_csi300_custom_step0_s_20260519_15,014f4a6d08ca40b592fa5564e3d0eba3,0.036,,,
2174,2026-05-19,SH600958,,EXP_LinearModel_Alpha158_csi300_custom_step0_s_20260519_15,014f4a6d08ca40b592fa5564e3d0eba3,0.036,,,
2175,2026-05-19,SH600941,0.04537389799952507,EXP_LinearModel_Alpha158_csi300_custom_step0_s_20260519_15,014f4a6d08ca40b592fa5564e3d0eba3,0.036,,,
2176,2026-05-19,SH600938,0.07517053931951523,EXP_LinearModel_Alpha158_csi300_custom_step0_s_20260519_15,014f4a6d08ca40b592fa5564e3d0eba3,0.036,,,
2177,2026-05-19,SH600930,0.01645069196820259,EXP_LinearModel_Alpha158_csi300_custom_step0_s_20260519_15,014f4a6d08ca40b592fa5564e3d0eba3,0.036,,,
2178,2026-05-19,SH600926,-0.053755395114421844,EXP_LinearModel_Alpha158_csi300_custom_step0_s_20260519_15,014f4a6d08ca40b592fa5564e3d0eba3,0.036,,,
2179,2026-05-19,SH600803,0.07602306455373764,EXP_LinearModel_Alpha158_csi300_custom_step0_s_20260519_15,014f4a6d08ca40b592fa5564e3d0eba3,0.036,,,
2180,2026-05-19,SH600919,0.03019345924258232,EXP_LinearModel_Alpha158_csi300_custom_step0_s_20260519_15,014f4a6d08ca40b592fa5564e3d0eba3,0.036,,,
2181,2026-05-19,SH600905,-0.04142758622765541,EXP_LinearModel_Alpha158_csi300_custom_step0_s_20260519_15,014f4a6d08ca40b592fa5564e3d0eba3,0.036,,,
2182,2026-05-19,SH600900,-0.013295239768922329,EXP_LinearModel_Alpha158_csi300_custom_step0_s_20260519_15,014f4a6d08ca40b592fa5564e3d0eba3,0.036,,,
2183,2026-05-19,SH600893,0.05526743829250336,EXP_LinearModel_Alpha158_csi300_custom_step0_s_20260519_15,014f4a6d08ca40b592fa5564e3d0eba3,0.036,,,
2184,2026-05-19,SH600887,0.040933623909950256,EXP_LinearModel_Alpha158_csi300_custom_step0_s_20260519_15,014f4a6d08ca40b592fa5564e3d0eba3,0.036,,,
2185,2026-05-19,SH600886,-0.00759892538189888,EXP_LinearModel_Alpha158_csi300_custom_step0_s_20260519_15,014f4a6d08ca40b592fa5564e3d0eba3,0.036,,,
2186,2026-05-19,SH600875,0.018131760880351067,EXP_LinearModel_Alpha158_csi300_custom_step0_s_20260519_15,014f4a6d08ca40b592fa5564e3d0eba3,0.036,,,
2187,2026-05-19,SH600845,0.008013996295630932,EXP_LinearModel_Alpha158_csi300_custom_step0_s_20260519_15,014f4a6d08ca40b592fa5564e3d0eba3,0.036,,,
2188,2026-05-19,SH600918,-0.040349699556827545,EXP_LinearModel_Alpha158_csi300_custom_step0_s_20260519_15,014f4a6d08ca40b592fa5564e3d0eba3,0.036,,,
2189,2026-05-19,SH600016,-0.020051803439855576,EXP_LinearModel_Alpha158_csi300_custom_step0_s_20260519_15,014f4a6d08ca40b592fa5564e3d0eba3,0.036,,,
2190,2026-05-19,SH600436,-0.00363272987306118,EXP_LinearModel_Alpha158_csi300_custom_step0_s_20260519_15,014f4a6d08ca40b592fa5564e3d0eba3,0.036,,,
2191,2026-05-19,SH600415,-0.019948024302721024,EXP_LinearModel_Alpha158_csi300_custom_step0_s_20260519_15,014f4a6d08ca40b592fa5564e3d0eba3,0.036,,,
2192,2026-05-19,SH600085,-0.06498270481824875,EXP_LinearModel_Alpha158_csi300_custom_step0_s_20260519_15,014f4a6d08ca40b592fa5564e3d0eba3,0.036,,,
2193,2026-05-19,SH600066,-0.04488963633775711,EXP_LinearModel_Alpha158_csi300_custom_step0_s_20260519_15,014f4a6d08ca40b592fa5564e3d0eba3,0.036,,,
2194,2026-05-19,SH600061,0.03463824465870857,EXP_LinearModel_Alpha158_csi300_custom_step0_s_20260519_15,014f4a6d08ca40b592fa5564e3d0eba3,0.036,,,
2195,2026-05-19,SH600050,-0.043035708367824554,EXP_LinearModel_Alpha158_csi300_custom_step0_s_20260519_15,014f4a6d08ca40b592fa5564e3d0eba3,0.036,,,
2196,2026-05-19,SH600048,0.02280038222670555,EXP_LinearModel_Alpha158_csi300_custom_step0_s_20260519_15,014f4a6d08ca40b592fa5564e3d0eba3,0.036,,,
2197,2026-05-19,SH600039,0.09353815764188766,EXP_LinearModel_Alpha158_csi300_custom_step0_s_20260519_15,014f4a6d08ca40b592fa5564e3d0eba3,0.036,,,
2198,2026-05-19,SH600036,-0.08118163794279099,EXP_LinearModel_Alpha158_csi300_custom_step0_s_20260519_15,014f4a6d08ca40b592fa5564e3d0eba3,0.036,,,
2199,2026-05-19,SH600089,-0.006782145239412785,EXP_LinearModel_Alpha158_csi300_custom_step0_s_20260519_15,014f4a6d08ca40b592fa5564e3d0eba3,0.036,,,
2200,2026-05-19,SH600031,0.0349976122379303,EXP_LinearModel_Alpha158_csi300_custom_step0_s_20260519_15,014f4a6d08ca40b592fa5564e3d0eba3,0.036,,,
2201,2026-05-19,SH600029,-0.051450274884700775,EXP_LinearModel_Alpha158_csi300_custom_step0_s_20260519_15,014f4a6d08ca40b592fa5564e3d0eba3,0.036,,,
2202,2026-05-19,SH600028,-0.041242748498916626,EXP_LinearModel_Alpha158_csi300_custom_step0_s_20260519_15,014f4a6d08ca40b592fa5564e3d0eba3,0.036,,,
2203,2026-05-19,SH600027,0.006211612373590469,EXP_LinearModel_Alpha158_csi300_custom_step0_s_20260519_15,014f4a6d08ca40b592fa5564e3d0eba3,0.036,,,
2204,2026-05-19,SH600026,0.006185623817145824,EXP_LinearModel_Alpha158_csi300_custom_step0_s_20260519_15,014f4a6d08ca40b592fa5564e3d0eba3,0.036,,,
2205,2026-05-19,SH600025,0.0927952378988266,EXP_LinearModel_Alpha158_csi300_custom_step0_s_20260519_15,014f4a6d08ca40b592fa5564e3d0eba3,0.036,,,
2206,2026-05-19,SH600023,0.07489040493965149,EXP_LinearModel_Alpha158_csi300_custom_step0_s_20260519_15,014f4a6d08ca40b592fa5564e3d0eba3,0.036,,,
2207,2026-05-19,SH600019,0.016873164102435112,EXP_LinearModel_Alpha158_csi300_custom_step0_s_20260519_15,014f4a6d08ca40b592fa5564e3d0eba3,0.036,,,
2208,2026-05-19,SH600030,-0.010350658558309078,EXP_LinearModel_Alpha158_csi300_custom_step0_s_20260519_15,014f4a6d08ca40b592fa5564e3d0eba3,0.036,,,
2209,2026-05-19,SH600426,0.09708893299102783,EXP_LinearModel_Alpha158_csi300_custom_step0_s_20260519_15,014f4a6d08ca40b592fa5564e3d0eba3,0.036,,,
2210,2026-05-19,SH600104,-0.042315565049648285,EXP_LinearModel_Alpha158_csi300_custom_step0_s_20260519_15,014f4a6d08ca40b592fa5564e3d0eba3,0.036,,,
2211,2026-05-19,SH600115,-0.05098588764667511,EXP_LinearModel_Alpha158_csi300_custom_step0_s_20260519_15,014f4a6d08ca40b592fa5564e3d0eba3,0.036,,,
2212,2026-05-19,SH600406,-0.03780367225408554,EXP_LinearModel_Alpha158_csi300_custom_step0_s_20260519_15,014f4a6d08ca40b592fa5564e3d0eba3,0.036,,,
2213,2026-05-19,SH600377,0.06149282678961754,EXP_LinearModel_Alpha158_csi300_custom_step0_s_20260519_15,014f4a6d08ca40b592fa5564e3d0eba3,0.036,,,
2214,2026-05-19,SH600372,0.013942900113761425,EXP_LinearModel_Alpha158_csi300_custom_step0_s_20260519_15,014f4a6d08ca40b592fa5564e3d0eba3,0.036,,,
2215,2026-05-19,SH600362,-0.013279560022056103,EXP_LinearModel_Alpha158_csi300_custom_step0_s_20260519_15,014f4a6d08ca40b592fa5564e3d0eba3,0.036,,,
2216,2026-05-19,SH600346,0.022296583279967308,EXP_LinearModel_Alpha158_csi300_custom_step0_s_20260519_15,014f4a6d08ca40b592fa5564e3d0eba3,0.036,,,
2217,2026-05-19,SH600309,0.07655958831310272,EXP_LinearModel_Alpha158_csi300_custom_step0_s_20260519_15,014f4a6d08ca40b592fa5564e3d0eba3,0.036,,,
2218,2026-05-19,SH600276,0.0336124412715435,EXP_LinearModel_Alpha158_csi300_custom_step0_s_20260519_15,014f4a6d08ca40b592fa5564e3d0eba3,0.036,,,
2219,2026-05-19,SH600111,0.08157597482204437,EXP_LinearModel_Alpha158_csi300_custom_step0_s_20260519_15,014f4a6d08ca40b592fa5564e3d0eba3,0.036,,,
2220,2026-05-19,SH600233,0.043160565197467804,EXP_LinearModel_Alpha158_csi300_custom_step0_s_20260519_15,014f4a6d08ca40b592fa5564e3d0eba3,0.036,,,
2221,2026-05-19,SH600196,-0.040172602981328964,EXP_LinearModel_Alpha158_csi300_custom_step0_s_20260519_15,014f4a6d08ca40b592fa5564e3d0eba3,0.036,,,
2222,2026-05-19,SH600188,0.04692757502198219,EXP_LinearModel_Alpha158_csi300_custom_step0_s_20260519_15,014f4a6d08ca40b592fa5564e3d0eba3,0.036,,,
2223,2026-05-19,SH600183,-0.13817936182022095,EXP_LinearModel_Alpha158_csi300_custom_step0_s_20260519_15,014f4a6d08ca40b592fa5564e3d0eba3,0.036,,,
2224,2026-05-19,SH600176,0.14102353155612946,EXP_LinearModel_Alpha158_csi300_custom_step0_s_20260519_15,014f4a6d08ca40b592fa5564e3d0eba3,0.036,,,
2225,2026-05-19,SH600161,0.05166091024875641,EXP_LinearModel_Alpha158_csi300_custom_step0_s_20260519_15,014f4a6d08ca40b592fa5564e3d0eba3,0.036,,,
2226,2026-05-19,SH600160,0.05008576437830925,EXP_LinearModel_Alpha158_csi300_custom_step0_s_20260519_15,014f4a6d08ca40b592fa5564e3d0eba3,0.036,,,
2227,2026-05-19,SH600150,0.15931694209575653,EXP_LinearModel_Alpha158_csi300_custom_step0_s_20260519_15,014f4a6d08ca40b592fa5564e3d0eba3,0.036,,,
2228,2026-05-19,SH600219,0.04714114964008331,EXP_LinearModel_Alpha158_csi300_custom_step0_s_20260519_15,014f4a6d08ca40b592fa5564e3d0eba3,0.036,,,
2229,2026-05-19,SZ001391,0.012548189610242844,EXP_LinearModel_Alpha158_csi300_custom_step0_s_20260519_15,53831762a81d41238460f62be69537c2,0.096,,,
2230,2026-05-19,SZ002371,-0.04850202426314354,EXP_LinearModel_Alpha158_csi300_custom_step0_s_20260519_15,014f4a6d08ca40b592fa5564e3d0eba3,0.036,,,
2231,2026-05-19,SZ002415,-0.018013974651694298,EXP_LinearModel_Alpha158_csi300_custom_step0_s_20260519_15,014f4a6d08ca40b592fa5564e3d0eba3,0.036,,,
2232,2026-05-19,SH603288,-0.12409093230962753,EXP_LinearModel_Alpha158_csi300_custom_step0_s_20260519_15,568045ee65e54326802578af282c16af,0.089,,,
2233,2026-05-19,SH603260,0.07581201195716858,EXP_LinearModel_Alpha158_csi300_custom_step0_s_20260519_15,568045ee65e54326802578af282c16af,0.089,,,
2234,2026-05-19,SH603259,0.03324281424283981,EXP_LinearModel_Alpha158_csi300_custom_step0_s_20260519_15,568045ee65e54326802578af282c16af,0.089,,,
2235,2026-05-19,SH603195,0.14743050932884216,EXP_LinearModel_Alpha158_csi300_custom_step0_s_20260519_15,568045ee65e54326802578af282c16af,0.089,,,
2236,2026-05-19,SH603019,0.02622673287987709,EXP_LinearModel_Alpha158_csi300_custom_step0_s_20260519_15,568045ee65e54326802578af282c16af,0.089,,,
2237,2026-05-19,SH601998,-0.05051784962415695,EXP_LinearModel_Alpha158_csi300_custom_step0_s_20260519_15,568045ee65e54326802578af282c16af,0.089,,,
2238,2026-05-19,SH601995,0.07331088930368423,EXP_LinearModel_Alpha158_csi300_custom_step0_s_20260519_15,568045ee65e54326802578af282c16af,0.089,,,
2239,2026-05-19,SH601988,-0.01876358687877655,EXP_LinearModel_Alpha158_csi300_custom_step0_s_20260519_15,568045ee65e54326802578af282c16af,0.089,,,
2240,2026-05-19,SH601985,0.04928870499134064,EXP_LinearModel_Alpha158_csi300_custom_step0_s_20260519_15,568045ee65e54326802578af282c16af,0.089,,,
2241,2026-05-19,SH601939,0.020110510289669037,EXP_LinearModel_Alpha158_csi300_custom_step0_s_20260519_15,568045ee65e54326802578af282c16af,0.089,,,
2242,2026-05-19,SH601919,-0.08502502739429474,EXP_LinearModel_Alpha158_csi300_custom_step0_s_20260519_15,568045ee65e54326802578af282c16af,0.089,,,
2243,2026-05-19,SH601916,0.06509236991405487,EXP_LinearModel_Alpha158_csi300_custom_step0_s_20260519_15,568045ee65e54326802578af282c16af,0.089,,,
2244,2026-05-19,SH601901,-0.02269383892416954,EXP_LinearModel_Alpha158_csi300_custom_step0_s_20260519_15,568045ee65e54326802578af282c16af,0.089,,,
2245,2026-05-19,SH601899,0.008103691972792149,EXP_LinearModel_Alpha158_csi300_custom_step0_s_20260519_15,568045ee65e54326802578af282c16af,0.089,,,
2246,2026-05-19,SH601898,0.040487028658390045,EXP_LinearModel_Alpha158_csi300_custom_step0_s_20260519_15,568045ee65e54326802578af282c16af,0.089,,,
2247,2026-05-19,SH603296,-0.1611749827861786,EXP_LinearModel_Alpha158_csi300_custom_step0_s_20260519_15,568045ee65e54326802578af282c16af,0.089,,,
2248,2026-05-19,SH603369,0.07675936073064804,EXP_LinearModel_Alpha158_csi300_custom_step0_s_20260519_15,568045ee65e54326802578af282c16af,0.089,,,
2249,2026-05-19,SH603392,-0.10505658388137817,EXP_LinearModel_Alpha158_csi300_custom_step0_s_20260519_15,568045ee65e54326802578af282c16af,0.089,,,
2250,2026-05-19,SH603501,-0.02874767780303955,EXP_LinearModel_Alpha158_csi300_custom_step0_s_20260519_15,568045ee65e54326802578af282c16af,0.089,,,
2251,2026-05-19,SH688169,-0.05452173203229904,EXP_LinearModel_Alpha158_csi300_custom_step0_s_20260519_15,568045ee65e54326802578af282c16af,0.089,,,
2252,2026-05-19,SH688126,0.0757293850183487,EXP_LinearModel_Alpha158_csi300_custom_step0_s_20260519_15,568045ee65e54326802578af282c16af,0.089,,,
2253,2026-05-19,SH688111,0.017308417707681656,EXP_LinearModel_Alpha158_csi300_custom_step0_s_20260519_15,568045ee65e54326802578af282c16af,0.089,,,
2254,2026-05-19,SH688082,0.01358485221862793,EXP_LinearModel_Alpha158_csi300_custom_step0_s_20260519_15,568045ee65e54326802578af282c16af,0.089,,,
2255,2026-05-19,SH688047,0.02415238693356514,EXP_LinearModel_Alpha158_csi300_custom_step0_s_20260519_15,568045ee65e54326802578af282c16af,0.089,,,
2256,2026-05-19,SH688041,-0.031170375645160675,EXP_LinearModel_Alpha158_csi300_custom_step0_s_20260519_15,568045ee65e54326802578af282c16af,0.089,,,
2257,2026-05-19,SH688036,0.09119691699743271,EXP_LinearModel_Alpha158_csi300_custom_step0_s_20260519_15,568045ee65e54326802578af282c16af,0.089,,,
2258,2026-05-19,SH601888,0.06401459872722626,EXP_LinearModel_Alpha158_csi300_custom_step0_s_20260519_15,568045ee65e54326802578af282c16af,0.089,,,
2259,2026-05-19,SH688012,0.005179464817047119,EXP_LinearModel_Alpha158_csi300_custom_step0_s_20260519_15,568045ee65e54326802578af282c16af,0.089,,,
2260,2026-05-19,SH688008,-0.023358002305030823,EXP_LinearModel_Alpha158_csi300_custom_step0_s_20260519_15,568045ee65e54326802578af282c16af,0.089,,,
2261,2026-05-19,SH605499,0.1275804042816162,EXP_LinearModel_Alpha158_csi300_custom_step0_s_20260519_15,568045ee65e54326802578af282c16af,0.089,,,
2262,2026-05-19,SH605117,0.10460788756608963,EXP_LinearModel_Alpha158_csi300_custom_step0_s_20260519_15,568045ee65e54326802578af282c16af,0.089,,,
2263,2026-05-19,SH603993,0.01602495089173317,EXP_LinearModel_Alpha158_csi300_custom_step0_s_20260519_15,568045ee65e54326802578af282c16af,0.089,,,
2264,2026-05-19,SH603986,-0.03314411640167236,EXP_LinearModel_Alpha158_csi300_custom_step0_s_20260519_15,568045ee65e54326802578af282c16af,0.089,,,
2265,2026-05-19,SH603893,0.16125957667827606,EXP_LinearModel_Alpha158_csi300_custom_step0_s_20260519_15,568045ee65e54326802578af282c16af,0.089,,,
2266,2026-05-19,SH603799,0.07556232810020447,EXP_LinearModel_Alpha158_csi300_custom_step0_s_20260519_15,568045ee65e54326802578af282c16af,0.089,,,
2267,2026-05-19,SH688009,-0.030578438192605972,EXP_LinearModel_Alpha158_csi300_custom_step0_s_20260519_15,568045ee65e54326802578af282c16af,0.089,,,
2268,2026-05-19,SH601881,0.00441766157746315,EXP_LinearModel_Alpha158_csi300_custom_step0_s_20260519_15,568045ee65e54326802578af282c16af,0.089,,,
2269,2026-05-19,SH601878,-0.029967498034238815,EXP_LinearModel_Alpha158_csi300_custom_step0_s_20260519_15,568045ee65e54326802578af282c16af,0.089,,,
2270,2026-05-19,SH601877,-0.08922436088323593,EXP_LinearModel_Alpha158_csi300_custom_step0_s_20260519_15,568045ee65e54326802578af282c16af,0.089,,,
2271,2026-05-19,SH601618,0.03984535485506058,EXP_LinearModel_Alpha158_csi300_custom_step0_s_20260519_15,568045ee65e54326802578af282c16af,0.089,,,
2272,2026-05-19,SH601607,-0.00204049376770854,EXP_LinearModel_Alpha158_csi300_custom_step0_s_20260519_15,568045ee65e54326802578af282c16af,0.089,,,
2273,2026-05-19,SH601601,0.002002216875553131,EXP_LinearModel_Alpha158_csi300_custom_step0_s_20260519_15,568045ee65e54326802578af282c16af,0.089,,,
2274,2026-05-19,SH601600,-0.02325669676065445,EXP_LinearModel_Alpha158_csi300_custom_step0_s_20260519_15,568045ee65e54326802578af282c16af,0.089,,,
2275,2026-05-19,SH601456,-0.023679710924625397,EXP_LinearModel_Alpha158_csi300_custom_step0_s_20260519_15,568045ee65e54326802578af282c16af,0.089,,,
2276,2026-05-19,SH601398,-0.03607014939188957,EXP_LinearModel_Alpha158_csi300_custom_step0_s_20260519_15,568045ee65e54326802578af282c16af,0.089,,,
2277,2026-05-19,SH601390,-0.036986615508794785,EXP_LinearModel_Alpha158_csi300_custom_step0_s_20260519_15,568045ee65e54326802578af282c16af,0.089,,,
2278,2026-05-19,SH601628,0.029020382091403008,EXP_LinearModel_Alpha158_csi300_custom_step0_s_20260519_15,568045ee65e54326802578af282c16af,0.089,,,
2279,2026-05-19,SH601377,-0.0027940962463617325,EXP_LinearModel_Alpha158_csi300_custom_step0_s_20260519_15,568045ee65e54326802578af282c16af,0.089,,,
2280,2026-05-19,SH601336,0.06152917817234993,EXP_LinearModel_Alpha158_csi300_custom_step0_s_20260519_15,568045ee65e54326802578af282c16af,0.089,,,
2281,2026-05-19,SH601328,-0.059498269110918045,EXP_LinearModel_Alpha158_csi300_custom_step0_s_20260519_15,568045ee65e54326802578af282c16af,0.089,,,
2282,2026-05-19,SH601319,0.029881015419960022,EXP_LinearModel_Alpha158_csi300_custom_step0_s_20260519_15,568045ee65e54326802578af282c16af,0.089,,,
2283,2026-05-19,SH601318,0.042154598981142044,EXP_LinearModel_Alpha158_csi300_custom_step0_s_20260519_15,568045ee65e54326802578af282c16af,0.089,,,
2284,2026-05-19,SH601298,0.052538830786943436,EXP_LinearModel_Alpha158_csi300_custom_step0_s_20260519_15,568045ee65e54326802578af282c16af,0.089,,,
2285,2026-05-19,SH601288,0.007216896861791611,EXP_LinearModel_Alpha158_csi300_custom_step0_s_20260519_15,568045ee65e54326802578af282c16af,0.089,,,
2286,2026-05-19,SH601238,-0.012992827221751213,EXP_LinearModel_Alpha158_csi300_custom_step0_s_20260519_15,568045ee65e54326802578af282c16af,0.089,,,
2287,2026-05-19,SH601360,0.027202174067497253,EXP_LinearModel_Alpha158_csi300_custom_step0_s_20260519_15,568045ee65e54326802578af282c16af,0.089,,,
2288,2026-05-19,SH688187,-0.16644279658794403,EXP_LinearModel_Alpha158_csi300_custom_step0_s_20260519_15,568045ee65e54326802578af282c16af,0.089,,,
2289,2026-05-19,SH601633,-0.05313028022646904,EXP_LinearModel_Alpha158_csi300_custom_step0_s_20260519_15,568045ee65e54326802578af282c16af,0.089,,,
2290,2026-05-19,SH601668,-0.03175368532538414,EXP_LinearModel_Alpha158_csi300_custom_step0_s_20260519_15,568045ee65e54326802578af282c16af,0.089,,,
2291,2026-05-19,SH601872,0.009791126474738121,EXP_LinearModel_Alpha158_csi300_custom_step0_s_20260519_15,568045ee65e54326802578af282c16af,0.089,,,
2292,2026-05-19,SH601868,0.04298514872789383,EXP_LinearModel_Alpha158_csi300_custom_step0_s_20260519_15,568045ee65e54326802578af282c16af,0.089,,,
2293,2026-05-19,SH601857,0.05080469697713852,EXP_LinearModel_Alpha158_csi300_custom_step0_s_20260519_15,568045ee65e54326802578af282c16af,0.089,,,
2294,2026-05-19,SH601838,0.04915037378668785,EXP_LinearModel_Alpha158_csi300_custom_step0_s_20260519_15,568045ee65e54326802578af282c16af,0.089,,,
2295,2026-05-19,SH601825,-0.09730885177850723,EXP_LinearModel_Alpha158_csi300_custom_step0_s_20260519_15,568045ee65e54326802578af282c16af,0.089,,,
2296,2026-05-19,SH601818,-0.03494437411427498,EXP_LinearModel_Alpha158_csi300_custom_step0_s_20260519_15,568045ee65e54326802578af282c16af,0.089,,,
2297,2026-05-19,SH601816,-0.028690282255411148,EXP_LinearModel_Alpha158_csi300_custom_step0_s_20260519_15,568045ee65e54326802578af282c16af,0.089,,,
2298,2026-05-19,SH601658,-0.03414617478847504,EXP_LinearModel_Alpha158_csi300_custom_step0_s_20260519_15,568045ee65e54326802578af282c16af,0.089,,,
2299,2026-05-19,SH601808,0.11019313335418701,EXP_LinearModel_Alpha158_csi300_custom_step0_s_20260519_15,568045ee65e54326802578af282c16af,0.089,,,
2300,2026-05-19,SH601788,-0.08295370638370514,EXP_LinearModel_Alpha158_csi300_custom_step0_s_20260519_15,568045ee65e54326802578af282c16af,0.089,,,
2301,2026-05-19,SH601766,-0.05630393326282501,EXP_LinearModel_Alpha158_csi300_custom_step0_s_20260519_15,568045ee65e54326802578af282c16af,0.089,,,
2302,2026-05-19,SH601728,-0.013217180967330933,EXP_LinearModel_Alpha158_csi300_custom_step0_s_20260519_15,568045ee65e54326802578af282c16af,0.089,,,
2303,2026-05-19,SH601698,0.22135990858078003,EXP_LinearModel_Alpha158_csi300_custom_step0_s_20260519_15,568045ee65e54326802578af282c16af,0.089,,,
2304,2026-05-19,SH601689,0.05959203839302063,EXP_LinearModel_Alpha158_csi300_custom_step0_s_20260519_15,568045ee65e54326802578af282c16af,0.089,,,
2305,2026-05-19,SH601688,0.0544564351439476,EXP_LinearModel_Alpha158_csi300_custom_step0_s_20260519_15,568045ee65e54326802578af282c16af,0.089,,,
2306,2026-05-19,SH601669,0.014471419155597687,EXP_LinearModel_Alpha158_csi300_custom_step0_s_20260519_15,568045ee65e54326802578af282c16af,0.089,,,
2307,2026-05-19,SH601800,-0.15927863121032715,EXP_LinearModel_Alpha158_csi300_custom_step0_s_20260519_15,568045ee65e54326802578af282c16af,0.089,,,
2308,2026-05-19,SH688223,0.004754252731800079,EXP_LinearModel_Alpha158_csi300_custom_step0_s_20260519_15,568045ee65e54326802578af282c16af,0.089,,,
2309,2026-05-19,SH688256,-0.12741325795650482,EXP_LinearModel_Alpha158_csi300_custom_step0_s_20260519_15,568045ee65e54326802578af282c16af,0.089,,,
2310,2026-05-19,SH688271,-0.022340737283229828,EXP_LinearModel_Alpha158_csi300_custom_step0_s_20260519_15,568045ee65e54326802578af282c16af,0.089,,,
2311,2026-05-19,SZ002304,-0.10502097010612488,EXP_LinearModel_Alpha158_csi300_custom_step0_s_20260519_15,568045ee65e54326802578af282c16af,0.089,,,
2312,2026-05-19,SZ002252,0.005993662402033806,EXP_LinearModel_Alpha158_csi300_custom_step0_s_20260519_15,568045ee65e54326802578af282c16af,0.089,,,
2313,2026-05-19,SZ002241,0.10475482046604156,EXP_LinearModel_Alpha158_csi300_custom_step0_s_20260519_15,568045ee65e54326802578af282c16af,0.089,,,
2314,2026-05-19,SZ002236,-0.009385031647980213,EXP_LinearModel_Alpha158_csi300_custom_step0_s_20260519_15,568045ee65e54326802578af282c16af,0.089,,,
2315,2026-05-19,SZ002230,0.06367120146751404,EXP_LinearModel_Alpha158_csi300_custom_step0_s_20260519_15,568045ee65e54326802578af282c16af,0.089,,,
2316,2026-05-19,SZ002179,0.027758268639445305,EXP_LinearModel_Alpha158_csi300_custom_step0_s_20260519_15,568045ee65e54326802578af282c16af,0.089,,,
2317,2026-05-19,SZ002142,0.05608557164669037,EXP_LinearModel_Alpha158_csi300_custom_step0_s_20260519_15,568045ee65e54326802578af282c16af,0.089,,,
2318,2026-05-19,SZ002311,-0.0882083922624588,EXP_LinearModel_Alpha158_csi300_custom_step0_s_20260519_15,568045ee65e54326802578af282c16af,0.089,,,
2319,2026-05-19,SZ002074,-0.10398761928081512,EXP_LinearModel_Alpha158_csi300_custom_step0_s_20260519_15,568045ee65e54326802578af282c16af,0.089,,,
2320,2026-05-19,SZ002049,0.07043691724538803,EXP_LinearModel_Alpha158_csi300_custom_step0_s_20260519_15,568045ee65e54326802578af282c16af,0.089,,,
2321,2026-05-19,SZ002028,-0.1581922173500061,EXP_LinearModel_Alpha158_csi300_custom_step0_s_20260519_15,568045ee65e54326802578af282c16af,0.089,,,
2322,2026-05-19,SZ002027,-0.026622075587511063,EXP_LinearModel_Alpha158_csi300_custom_step0_s_20260519_15,568045ee65e54326802578af282c16af,0.089,,,
2323,2026-05-19,SZ002001,-0.05216152220964432,EXP_LinearModel_Alpha158_csi300_custom_step0_s_20260519_15,568045ee65e54326802578af282c16af,0.089,,,
2324,2026-05-19,SZ001979,0.03680187463760376,EXP_LinearModel_Alpha158_csi300_custom_step0_s_20260519_15,568045ee65e54326802578af282c16af,0.089,,,
2325,2026-05-19,SZ001965,0.10732664167881012,EXP_LinearModel_Alpha158_csi300_custom_step0_s_20260519_15,568045ee65e54326802578af282c16af,0.089,,,
2326,2026-05-19,SZ001391,-0.12042409181594849,EXP_LinearModel_Alpha158_csi300_custom_step0_s_20260519_15,568045ee65e54326802578af282c16af,0.089,,,
2327,2026-05-19,SZ002050,0.10594651848077774,EXP_LinearModel_Alpha158_csi300_custom_step0_s_20260519_15,568045ee65e54326802578af282c16af,0.089,,,
2328,2026-05-19,SZ000999,-0.09645264595746994,EXP_LinearModel_Alpha158_csi300_custom_step0_s_20260519_15,568045ee65e54326802578af282c16af,0.089,,,
2329,2026-05-19,SZ002352,-0.12557031214237213,EXP_LinearModel_Alpha158_csi300_custom_step0_s_20260519_15,568045ee65e54326802578af282c16af,0.089,,,
2330,2026-05-19,SZ002384,0.22892192006111145,EXP_LinearModel_Alpha158_csi300_custom_step0_s_20260519_15,568045ee65e54326802578af282c16af,0.089,,,
2331,2026-05-19,SZ002736,-0.11232027411460876,EXP_LinearModel_Alpha158_csi300_custom_step0_s_20260519_15,568045ee65e54326802578af282c16af,0.089,,,
2332,2026-05-19,SZ002714,-0.011065283790230751,EXP_LinearModel_Alpha158_csi300_custom_step0_s_20260519_15,568045ee65e54326802578af282c16af,0.089,,,
2333,2026-05-19,SZ002709,0.07225663959980011,EXP_LinearModel_Alpha158_csi300_custom_step0_s_20260519_15,568045ee65e54326802578af282c16af,0.089,,,
2334,2026-05-19,SZ002648,-0.11078592389822006,EXP_LinearModel_Alpha158_csi300_custom_step0_s_20260519_15,568045ee65e54326802578af282c16af,0.089,,,
2335,2026-05-19,SZ002625,0.013568595051765442,EXP_LinearModel_Alpha158_csi300_custom_step0_s_20260519_15,568045ee65e54326802578af282c16af,0.089,,,
2336,2026-05-19,SZ002601,-0.03306557983160019,EXP_LinearModel_Alpha158_csi300_custom_step0_s_20260519_15,568045ee65e54326802578af282c16af,0.089,,,
2337,2026-05-19,SZ002600,0.0014175176620483398,EXP_LinearModel_Alpha158_csi300_custom_step0_s_20260519_15,568045ee65e54326802578af282c16af,0.089,,,
2338,2026-05-19,SZ002371,0.059761304408311844,EXP_LinearModel_Alpha158_csi300_custom_step0_s_20260519_15,568045ee65e54326802578af282c16af,0.089,,,
2339,2026-05-19,SZ002594,0.025283079594373703,EXP_LinearModel_Alpha158_csi300_custom_step0_s_20260519_15,568045ee65e54326802578af282c16af,0.089,,,
2340,2026-05-19,SZ002475,0.21293166279792786,EXP_LinearModel_Alpha158_csi300_custom_step0_s_20260519_15,568045ee65e54326802578af282c16af,0.089,,,
2341,2026-05-19,SZ002466,0.20527318120002747,EXP_LinearModel_Alpha158_csi300_custom_step0_s_20260519_15,568045ee65e54326802578af282c16af,0.089,,,
2342,2026-05-19,SZ002463,0.10328347980976105,EXP_LinearModel_Alpha158_csi300_custom_step0_s_20260519_15,568045ee65e54326802578af282c16af,0.089,,,
2343,2026-05-19,SZ002460,0.06522663682699203,EXP_LinearModel_Alpha158_csi300_custom_step0_s_20260519_15,568045ee65e54326802578af282c16af,0.089,,,
2344,2026-05-19,SZ002459,-0.03349924460053444,EXP_LinearModel_Alpha158_csi300_custom_step0_s_20260519_15,568045ee65e54326802578af282c16af,0.089,,,
2345,2026-05-19,SZ002422,0.09708287566900253,EXP_LinearModel_Alpha158_csi300_custom_step0_s_20260519_15,568045ee65e54326802578af282c16af,0.089,,,
2346,2026-05-19,SZ002415,0.1112547218799591,EXP_LinearModel_Alpha158_csi300_custom_step0_s_20260519_15,568045ee65e54326802578af282c16af,0.089,,,
2347,2026-05-19,SZ002493,0.14069531857967377,EXP_LinearModel_Alpha158_csi300_custom_step0_s_20260519_15,568045ee65e54326802578af282c16af,0.089,,,
2348,2026-05-19,SH601236,-0.11150556802749634,EXP_LinearModel_Alpha158_csi300_custom_step0_s_20260519_15,568045ee65e54326802578af282c16af,0.089,,,
2349,2026-05-19,SZ000983,-0.010872225277125835,EXP_LinearModel_Alpha158_csi300_custom_step0_s_20260519_15,568045ee65e54326802578af282c16af,0.089,,,
2350,2026-05-19,SZ000975,-0.13066263496875763,EXP_LinearModel_Alpha158_csi300_custom_step0_s_20260519_15,568045ee65e54326802578af282c16af,0.089,,,
2351,2026-05-19,SZ000425,-0.004533233121037483,EXP_LinearModel_Alpha158_csi300_custom_step0_s_20260519_15,568045ee65e54326802578af282c16af,0.089,,,
2352,2026-05-19,SZ000408,0.11339074373245239,EXP_LinearModel_Alpha158_csi300_custom_step0_s_20260519_15,568045ee65e54326802578af282c16af,0.089,,,
2353,2026-05-19,SZ000338,-0.01651664450764656,EXP_LinearModel_Alpha158_csi300_custom_step0_s_20260519_15,568045ee65e54326802578af282c16af,0.089,,,
2354,2026-05-19,SZ000333,0.09115320444107056,EXP_LinearModel_Alpha158_csi300_custom_step0_s_20260519_15,568045ee65e54326802578af282c16af,0.089,,,
2355,2026-05-19,SZ000301,0.3004036247730255,EXP_LinearModel_Alpha158_csi300_custom_step0_s_20260519_15,568045ee65e54326802578af282c16af,0.089,,,
2356,2026-05-19,SZ000166,-0.04341728240251541,EXP_LinearModel_Alpha158_csi300_custom_step0_s_20260519_15,568045ee65e54326802578af282c16af,0.089,,,
2357,2026-05-19,SZ000157,0.06468689441680908,EXP_LinearModel_Alpha158_csi300_custom_step0_s_20260519_15,568045ee65e54326802578af282c16af,0.089,,,
2358,2026-05-19,SZ000538,-0.09899818897247314,EXP_LinearModel_Alpha158_csi300_custom_step0_s_20260519_15,568045ee65e54326802578af282c16af,0.089,,,
2359,2026-05-19,SZ000100,-0.007510365918278694,EXP_LinearModel_Alpha158_csi300_custom_step0_s_20260519_15,568045ee65e54326802578af282c16af,0.089,,,
2360,2026-05-19,SZ000002,0.05037320405244827,EXP_LinearModel_Alpha158_csi300_custom_step0_s_20260519_15,568045ee65e54326802578af282c16af,0.089,,,
2361,2026-05-19,SZ000001,-0.10608001798391342,EXP_LinearModel_Alpha158_csi300_custom_step0_s_20260519_15,568045ee65e54326802578af282c16af,0.089,,,
2362,2026-05-19,SH688981,0.12206685543060303,EXP_LinearModel_Alpha158_csi300_custom_step0_s_20260519_15,568045ee65e54326802578af282c16af,0.089,,,
2363,2026-05-19,SH688506,0.012338913977146149,EXP_LinearModel_Alpha158_csi300_custom_step0_s_20260519_15,568045ee65e54326802578af282c16af,0.089,,,
2364,2026-05-19,SH688472,0.02397744543850422,EXP_LinearModel_Alpha158_csi300_custom_step0_s_20260519_15,568045ee65e54326802578af282c16af,0.089,,,
2365,2026-05-19,SH688396,0.16567657887935638,EXP_LinearModel_Alpha158_csi300_custom_step0_s_20260519_15,568045ee65e54326802578af282c16af,0.089,,,
2366,2026-05-19,SH688303,-0.008410259149968624,EXP_LinearModel_Alpha158_csi300_custom_step0_s_20260519_15,568045ee65e54326802578af282c16af,0.089,,,
2367,2026-05-19,SZ000063,0.07837771624326706,EXP_LinearModel_Alpha158_csi300_custom_step0_s_20260519_15,568045ee65e54326802578af282c16af,0.089,,,
2368,2026-05-19,SZ000977,0.020967785269021988,EXP_LinearModel_Alpha158_csi300_custom_step0_s_20260519_15,568045ee65e54326802578af282c16af,0.089,,,
2369,2026-05-19,SZ000568,-0.0038350168615579605,EXP_LinearModel_Alpha158_csi300_custom_step0_s_20260519_15,568045ee65e54326802578af282c16af,0.089,,,
2370,2026-05-19,SZ000617,-0.09925759583711624,EXP_LinearModel_Alpha158_csi300_custom_step0_s_20260519_15,568045ee65e54326802578af282c16af,0.089,,,
2371,2026-05-19,SZ000963,-0.05090855062007904,EXP_LinearModel_Alpha158_csi300_custom_step0_s_20260519_15,568045ee65e54326802578af282c16af,0.089,,,
2372,2026-05-19,SZ000938,0.014371268451213837,EXP_LinearModel_Alpha158_csi300_custom_step0_s_20260519_15,568045ee65e54326802578af282c16af,0.089,,,
2373,2026-05-19,SZ000895,-0.04842803254723549,EXP_LinearModel_Alpha158_csi300_custom_step0_s_20260519_15,568045ee65e54326802578af282c16af,0.089,,,
2374,2026-05-19,SZ000876,0.044439204037189484,EXP_LinearModel_Alpha158_csi300_custom_step0_s_20260519_15,568045ee65e54326802578af282c16af,0.089,,,
2375,2026-05-19,SZ000858,-0.14894503355026245,EXP_LinearModel_Alpha158_csi300_custom_step0_s_20260519_15,568045ee65e54326802578af282c16af,0.089,,,
2376,2026-05-19,SZ000807,-0.09606779366731644,EXP_LinearModel_Alpha158_csi300_custom_step0_s_20260519_15,568045ee65e54326802578af282c16af,0.089,,,
2377,2026-05-19,SZ000792,-0.06685463339090347,EXP_LinearModel_Alpha158_csi300_custom_step0_s_20260519_15,568045ee65e54326802578af282c16af,0.089,,,
2378,2026-05-19,SZ000596,0.10075245797634125,EXP_LinearModel_Alpha158_csi300_custom_step0_s_20260519_15,568045ee65e54326802578af282c16af,0.089,,,
2379,2026-05-19,SZ000786,0.0026320964097976685,EXP_LinearModel_Alpha158_csi300_custom_step0_s_20260519_15,568045ee65e54326802578af282c16af,0.089,,,
2380,2026-05-19,SZ000768,0.018903546035289764,EXP_LinearModel_Alpha158_csi300_custom_step0_s_20260519_15,568045ee65e54326802578af282c16af,0.089,,,
2381,2026-05-19,SZ000725,0.07990024238824844,EXP_LinearModel_Alpha158_csi300_custom_step0_s_20260519_15,568045ee65e54326802578af282c16af,0.089,,,
2382,2026-05-19,SZ000708,-0.05474760755896568,EXP_LinearModel_Alpha158_csi300_custom_step0_s_20260519_15,568045ee65e54326802578af282c16af,0.089,,,
2383,2026-05-19,SZ000661,0.02451665699481964,EXP_LinearModel_Alpha158_csi300_custom_step0_s_20260519_15,568045ee65e54326802578af282c16af,0.089,,,
2384,2026-05-19,SZ000651,0.034641534090042114,EXP_LinearModel_Alpha158_csi300_custom_step0_s_20260519_15,568045ee65e54326802578af282c16af,0.089,,,
2385,2026-05-19,SZ000630,-0.0033823587000370026,EXP_LinearModel_Alpha158_csi300_custom_step0_s_20260519_15,568045ee65e54326802578af282c16af,0.089,,,
2386,2026-05-19,SZ000625,-0.051783956587314606,EXP_LinearModel_Alpha158_csi300_custom_step0_s_20260519_15,568045ee65e54326802578af282c16af,0.089,,,
2387,2026-05-19,SZ000776,0.04507959634065628,EXP_LinearModel_Alpha158_csi300_custom_step0_s_20260519_15,568045ee65e54326802578af282c16af,0.089,,,
2388,2026-05-19,SH601229,-0.027788380160927773,EXP_LinearModel_Alpha158_csi300_custom_step0_s_20260519_15,568045ee65e54326802578af282c16af,0.089,,,
2389,2026-05-19,SH601225,0.037039704620838165,EXP_LinearModel_Alpha158_csi300_custom_step0_s_20260519_15,568045ee65e54326802578af282c16af,0.089,,,
2390,2026-05-19,SH601211,-0.044251084327697754,EXP_LinearModel_Alpha158_csi300_custom_step0_s_20260519_15,568045ee65e54326802578af282c16af,0.089,,,
2391,2026-05-19,SH600009,-0.07012061029672623,EXP_LinearModel_Alpha158_csi300_custom_step0_s_20260519_15,568045ee65e54326802578af282c16af,0.089,,,
2392,2026-05-19,SH600000,-0.0952359139919281,EXP_LinearModel_Alpha158_csi300_custom_step0_s_20260519_15,568045ee65e54326802578af282c16af,0.089,,,
2393,2026-05-19,SZ302132,0.018569720908999443,EXP_LinearModel_Alpha158_csi300_custom_step0_s_20260519_15,014f4a6d08ca40b592fa5564e3d0eba3,0.036,,,
2394,2026-05-19,SZ301269,0.039215922355651855,EXP_LinearModel_Alpha158_csi300_custom_step0_s_20260519_15,014f4a6d08ca40b592fa5564e3d0eba3,0.036,,,
2395,2026-05-19,SZ301236,-0.07168105989694595,EXP_LinearModel_Alpha158_csi300_custom_step0_s_20260519_15,014f4a6d08ca40b592fa5564e3d0eba3,0.036,,,
2396,2026-05-19,SZ300999,-0.04051339626312256,EXP_LinearModel_Alpha158_csi300_custom_step0_s_20260519_15,014f4a6d08ca40b592fa5564e3d0eba3,0.036,,,
2397,2026-05-19,SZ300979,0.07067636400461197,EXP_LinearModel_Alpha158_csi300_custom_step0_s_20260519_15,014f4a6d08ca40b592fa5564e3d0eba3,0.036,,,
2398,2026-05-19,SH600010,0.03667102009057999,EXP_LinearModel_Alpha158_csi300_custom_step0_s_20260519_15,568045ee65e54326802578af282c16af,0.089,,,
2399,2026-05-19,SZ300896,-0.02586134523153305,EXP_LinearModel_Alpha158_csi300_custom_step0_s_20260519_15,014f4a6d08ca40b592fa5564e3d0eba3,0.036,,,
2400,2026-05-19,SZ300832,-0.06776907294988632,EXP_LinearModel_Alpha158_csi300_custom_step0_s_20260519_15,014f4a6d08ca40b592fa5564e3d0eba3,0.036,,,
2401,2026-05-19,SZ300803,-0.052153199911117554,EXP_LinearModel_Alpha158_csi300_custom_step0_s_20260519_15,014f4a6d08ca40b592fa5564e3d0eba3,0.036,,,
2402,2026-05-19,SZ300782,-0.20067203044891357,EXP_LinearModel_Alpha158_csi300_custom_step0_s_20260519_15,014f4a6d08ca40b592fa5564e3d0eba3,0.036,,,
2403,2026-05-19,SZ300760,-0.028561033308506012,EXP_LinearModel_Alpha158_csi300_custom_step0_s_20260519_15,014f4a6d08ca40b592fa5564e3d0eba3,0.036,,,
2404,2026-05-19,SZ300759,-0.046970151364803314,EXP_LinearModel_Alpha158_csi300_custom_step0_s_20260519_15,014f4a6d08ca40b592fa5564e3d0eba3,0.036,,,
2405,2026-05-19,SZ300750,-0.009812608361244202,EXP_LinearModel_Alpha158_csi300_custom_step0_s_20260519_15,014f4a6d08ca40b592fa5564e3d0eba3,0.036,,,
2406,2026-05-19,SZ300661,0.003785201348364353,EXP_LinearModel_Alpha158_csi300_custom_step0_s_20260519_15,014f4a6d08ca40b592fa5564e3d0eba3,0.036,,,
2407,2026-05-19,SZ300866,0.03831625357270241,EXP_LinearModel_Alpha158_csi300_custom_step0_s_20260519_15,014f4a6d08ca40b592fa5564e3d0eba3,0.036,,,
2408,2026-05-19,SZ300628,0.03488640859723091,EXP_LinearModel_Alpha158_csi300_custom_step0_s_20260519_15,014f4a6d08ca40b592fa5564e3d0eba3,0.036,,,
2409,2026-05-19,SH600011,-0.0013033896684646606,EXP_LinearModel_Alpha158_csi300_custom_step0_s_20260519_15,568045ee65e54326802578af282c16af,0.089,,,
2410,2026-05-19,SH600016,-0.038692351430654526,EXP_LinearModel_Alpha158_csi300_custom_step0_s_20260519_15,568045ee65e54326802578af282c16af,0.089,,,
2411,2026-05-19,SH600066,0.10072294622659683,EXP_LinearModel_Alpha158_csi300_custom_step0_s_20260519_15,568045ee65e54326802578af282c16af,0.089,,,
2412,2026-05-19,SH600061,-0.022225558757781982,EXP_LinearModel_Alpha158_csi300_custom_step0_s_20260519_15,568045ee65e54326802578af282c16af,0.089,,,
2413,2026-05-19,SH600050,-0.04186813533306122,EXP_LinearModel_Alpha158_csi300_custom_step0_s_20260519_15,568045ee65e54326802578af282c16af,0.089,,,
2414,2026-05-19,SH600048,0.05703820288181305,EXP_LinearModel_Alpha158_csi300_custom_step0_s_20260519_15,568045ee65e54326802578af282c16af,0.089,,,
2415,2026-05-19,SH600039,-0.06123051792383194,EXP_LinearModel_Alpha158_csi300_custom_step0_s_20260519_15,568045ee65e54326802578af282c16af,0.089,,,
2416,2026-05-19,SH600036,-0.18964076042175293,EXP_LinearModel_Alpha158_csi300_custom_step0_s_20260519_15,568045ee65e54326802578af282c16af,0.089,,,
2417,2026-05-19,SH600031,-0.007924431003630161,EXP_LinearModel_Alpha158_csi300_custom_step0_s_20260519_15,568045ee65e54326802578af282c16af,0.089,,,
2418,2026-05-19,SH600015,-0.031835392117500305,EXP_LinearModel_Alpha158_csi300_custom_step0_s_20260519_15,568045ee65e54326802578af282c16af,0.089,,,
2419,2026-05-19,SH600030,0.09399625658988953,EXP_LinearModel_Alpha158_csi300_custom_step0_s_20260519_15,568045ee65e54326802578af282c16af,0.089,,,
2420,2026-05-19,SH600028,-0.029647253453731537,EXP_LinearModel_Alpha158_csi300_custom_step0_s_20260519_15,568045ee65e54326802578af282c16af,0.089,,,
2421,2026-05-19,SH600027,0.11538290977478027,EXP_LinearModel_Alpha158_csi300_custom_step0_s_20260519_15,568045ee65e54326802578af282c16af,0.089,,,
2422,2026-05-19,SH600026,-0.08557874709367752,EXP_LinearModel_Alpha158_csi300_custom_step0_s_20260519_15,568045ee65e54326802578af282c16af,0.089,,,
2423,2026-05-19,SH600025,0.022410064935684204,EXP_LinearModel_Alpha158_csi300_custom_step0_s_20260519_15,568045ee65e54326802578af282c16af,0.089,,,
2424,2026-05-19,SH600023,0.04557886719703674,EXP_LinearModel_Alpha158_csi300_custom_step0_s_20260519_15,568045ee65e54326802578af282c16af,0.089,,,
2425,2026-05-19,SH600019,-0.053922925144433975,EXP_LinearModel_Alpha158_csi300_custom_step0_s_20260519_15,568045ee65e54326802578af282c16af,0.089,,,
2426,2026-05-19,SH600018,0.1059642881155014,EXP_LinearModel_Alpha158_csi300_custom_step0_s_20260519_15,568045ee65e54326802578af282c16af,0.089,,,
2427,2026-05-19,SH600029,0.045603036880493164,EXP_LinearModel_Alpha158_csi300_custom_step0_s_20260519_15,568045ee65e54326802578af282c16af,0.089,,,
2428,2026-05-19,SH600085,-0.056781407445669174,EXP_LinearModel_Alpha158_csi300_custom_step0_s_20260519_15,568045ee65e54326802578af282c16af,0.089,,,
2429,2026-05-19,SZ300502,0.047419145703315735,EXP_LinearModel_Alpha158_csi300_custom_step0_s_20260519_15,014f4a6d08ca40b592fa5564e3d0eba3,0.036,,,
2430,2026-05-19,SZ300476,0.11131130158901215,EXP_LinearModel_Alpha158_csi300_custom_step0_s_20260519_15,014f4a6d08ca40b592fa5564e3d0eba3,0.036,,,
2431,2026-05-19,SZ002916,0.06412633508443832,EXP_LinearModel_Alpha158_csi300_custom_step0_s_20260519_15,014f4a6d08ca40b592fa5564e3d0eba3,0.036,,,
2432,2026-05-19,SZ002736,-0.002882912755012512,EXP_LinearModel_Alpha158_csi300_custom_step0_s_20260519_15,014f4a6d08ca40b592fa5564e3d0eba3,0.036,,,
2433,2026-05-19,SZ002714,-0.026385439559817314,EXP_LinearModel_Alpha158_csi300_custom_step0_s_20260519_15,014f4a6d08ca40b592fa5564e3d0eba3,0.036,,,
2434,2026-05-19,SZ002709,0.15523049235343933,EXP_LinearModel_Alpha158_csi300_custom_step0_s_20260519_15,014f4a6d08ca40b592fa5564e3d0eba3,0.036,,,
2435,2026-05-19,SZ002648,0.10474824905395508,EXP_LinearModel_Alpha158_csi300_custom_step0_s_20260519_15,014f4a6d08ca40b592fa5564e3d0eba3,0.036,,,
2436,2026-05-19,SZ002625,-0.0267287977039814,EXP_LinearModel_Alpha158_csi300_custom_step0_s_20260519_15,014f4a6d08ca40b592fa5564e3d0eba3,0.036,,,
2437,2026-05-19,SZ002601,0.07028000056743622,EXP_LinearModel_Alpha158_csi300_custom_step0_s_20260519_15,014f4a6d08ca40b592fa5564e3d0eba3,0.036,,,
2438,2026-05-19,SZ002920,0.024469666182994843,EXP_LinearModel_Alpha158_csi300_custom_step0_s_20260519_15,014f4a6d08ca40b592fa5564e3d0eba3,0.036,,,
2439,2026-05-19,SZ002600,-0.11969024688005447,EXP_LinearModel_Alpha158_csi300_custom_step0_s_20260519_15,014f4a6d08ca40b592fa5564e3d0eba3,0.036,,,
2440,2026-05-19,SZ002493,0.1865045726299286,EXP_LinearModel_Alpha158_csi300_custom_step0_s_20260519_15,014f4a6d08ca40b592fa5564e3d0eba3,0.036,,,
2441,2026-05-19,SZ002475,0.12513476610183716,EXP_LinearModel_Alpha158_csi300_custom_step0_s_20260519_15,014f4a6d08ca40b592fa5564e3d0eba3,0.036,,,
2442,2026-05-19,SZ002466,0.21306359767913818,EXP_LinearModel_Alpha158_csi300_custom_step0_s_20260519_15,014f4a6d08ca40b592fa5564e3d0eba3,0.036,,,
2443,2026-05-19,SZ002463,0.16605721414089203,EXP_LinearModel_Alpha158_csi300_custom_step0_s_20260519_15,014f4a6d08ca40b592fa5564e3d0eba3,0.036,,,
2444,2026-05-19,SZ002460,0.08479420840740204,EXP_LinearModel_Alpha158_csi300_custom_step0_s_20260519_15,014f4a6d08ca40b592fa5564e3d0eba3,0.036,,,
2445,2026-05-19,SZ002459,-0.011462750844657421,EXP_LinearModel_Alpha158_csi300_custom_step0_s_20260519_15,014f4a6d08ca40b592fa5564e3d0eba3,0.036,,,
2446,2026-05-19,SZ002422,-0.03344413638114929,EXP_LinearModel_Alpha158_csi300_custom_step0_s_20260519_15,014f4a6d08ca40b592fa5564e3d0eba3,0.036,,,
2447,2026-05-19,SZ002594,-0.057377830147743225,EXP_LinearModel_Alpha158_csi300_custom_step0_s_20260519_15,014f4a6d08ca40b592fa5564e3d0eba3,0.036,,,
2448,2026-05-19,SZ300498,-0.04817851632833481,EXP_LinearModel_Alpha158_csi300_custom_step0_s_20260519_15,014f4a6d08ca40b592fa5564e3d0eba3,0.036,,,
2449,2026-05-19,SZ002938,-0.04136937856674194,EXP_LinearModel_Alpha158_csi300_custom_step0_s_20260519_15,014f4a6d08ca40b592fa5564e3d0eba3,0.036,,,
2450,2026-05-19,SZ300014,-0.012418839149177074,EXP_LinearModel_Alpha158_csi300_custom_step0_s_20260519_15,014f4a6d08ca40b592fa5564e3d0eba3,0.036,,,
2451,2026-05-19,SZ300442,,EXP_LinearModel_Alpha158_csi300_custom_step0_s_20260519_15,014f4a6d08ca40b592fa5564e3d0eba3,0.036,,,
2452,2026-05-19,SZ300433,-0.24811787903308868,EXP_LinearModel_Alpha158_csi300_custom_step0_s_20260519_15,014f4a6d08ca40b592fa5564e3d0eba3,0.036,,,
2453,2026-05-19,SZ300418,-0.04505904018878937,EXP_LinearModel_Alpha158_csi300_custom_step0_s_20260519_15,014f4a6d08ca40b592fa5564e3d0eba3,0.036,,,
2454,2026-05-19,SZ300413,-0.005407903343439102,EXP_LinearModel_Alpha158_csi300_custom_step0_s_20260519_15,014f4a6d08ca40b592fa5564e3d0eba3,0.036,,,
2455,2026-05-19,SZ300408,0.03598508983850479,EXP_LinearModel_Alpha158_csi300_custom_step0_s_20260519_15,014f4a6d08ca40b592fa5564e3d0eba3,0.036,,,
2456,2026-05-19,SZ300394,-0.02296699397265911,EXP_LinearModel_Alpha158_csi300_custom_step0_s_20260519_15,014f4a6d08ca40b592fa5564e3d0eba3,0.036,,,
2457,2026-05-19,SZ300347,-0.015252180397510529,EXP_LinearModel_Alpha158_csi300_custom_step0_s_20260519_15,014f4a6d08ca40b592fa5564e3d0eba3,0.036,,,
2458,2026-05-19,SZ003816,0.0560915470123291,EXP_LinearModel_Alpha158_csi300_custom_step0_s_20260519_15,014f4a6d08ca40b592fa5564e3d0eba3,0.036,,,
2459,2026-05-19,SZ300316,-0.1036100834608078,EXP_LinearModel_Alpha158_csi300_custom_step0_s_20260519_15,014f4a6d08ca40b592fa5564e3d0eba3,0.036,,,
2460,2026-05-19,SZ300274,-0.20179873704910278,EXP_LinearModel_Alpha158_csi300_custom_step0_s_20260519_15,014f4a6d08ca40b592fa5564e3d0eba3,0.036,,,
2461,2026-05-19,SZ300251,-0.057829976081848145,EXP_LinearModel_Alpha158_csi300_custom_step0_s_20260519_15,014f4a6d08ca40b592fa5564e3d0eba3,0.036,,,
2462,2026-05-19,SZ300124,-0.07690620422363281,EXP_LinearModel_Alpha158_csi300_custom_step0_s_20260519_15,014f4a6d08ca40b592fa5564e3d0eba3,0.036,,,
2463,2026-05-19,SZ300122,-0.03732128068804741,EXP_LinearModel_Alpha158_csi300_custom_step0_s_20260519_15,014f4a6d08ca40b592fa5564e3d0eba3,0.036,,,
2464,2026-05-19,SZ300059,-0.05296631529927254,EXP_LinearModel_Alpha158_csi300_custom_step0_s_20260519_15,014f4a6d08ca40b592fa5564e3d0eba3,0.036,,,
2465,2026-05-19,SZ300033,0.013098657131195068,EXP_LinearModel_Alpha158_csi300_custom_step0_s_20260519_15,014f4a6d08ca40b592fa5564e3d0eba3,0.036,,,
2466,2026-05-19,SZ300015,-0.0004090166185051203,EXP_LinearModel_Alpha158_csi300_custom_step0_s_20260519_15,014f4a6d08ca40b592fa5564e3d0eba3,0.036,,,
2467,2026-05-19,SZ300308,0.06310750544071198,EXP_LinearModel_Alpha158_csi300_custom_step0_s_20260519_15,014f4a6d08ca40b592fa5564e3d0eba3,0.036,,,
2468,2026-05-19,SZ002384,0.18447072803974152,EXP_LinearModel_Alpha158_csi300_custom_step0_s_20260519_15,014f4a6d08ca40b592fa5564e3d0eba3,0.036,,,
2469,2026-05-19,SH600089,-0.07970701903104782,EXP_LinearModel_Alpha158_csi300_custom_step0_s_20260519_15,568045ee65e54326802578af282c16af,0.089,,,
2470,2026-05-19,SH600111,0.06813793629407883,EXP_LinearModel_Alpha158_csi300_custom_step0_s_20260519_15,568045ee65e54326802578af282c16af,0.089,,,
2471,2026-05-19,SH600989,-0.04721086844801903,EXP_LinearModel_Alpha158_csi300_custom_step0_s_20260519_15,568045ee65e54326802578af282c16af,0.089,,,
2472,2026-05-19,SH600958,,EXP_LinearModel_Alpha158_csi300_custom_step0_s_20260519_15,568045ee65e54326802578af282c16af,0.089,,,
2473,2026-05-19,SH600941,0.08230064064264297,EXP_LinearModel_Alpha158_csi300_custom_step0_s_20260519_15,568045ee65e54326802578af282c16af,0.089,,,
2474,2026-05-19,SH600938,0.06393412500619888,EXP_LinearModel_Alpha158_csi300_custom_step0_s_20260519_15,568045ee65e54326802578af282c16af,0.089,,,
2475,2026-05-19,SH600930,-0.024401972070336342,EXP_LinearModel_Alpha158_csi300_custom_step0_s_20260519_15,568045ee65e54326802578af282c16af,0.089,,,
2476,2026-05-19,SH600926,-0.0800352543592453,EXP_LinearModel_Alpha158_csi300_custom_step0_s_20260519_15,568045ee65e54326802578af282c16af,0.089,,,
2477,2026-05-19,SH600919,0.05602359026670456,EXP_LinearModel_Alpha158_csi300_custom_step0_s_20260519_15,568045ee65e54326802578af282c16af,0.089,,,
2478,2026-05-19,SH600999,-0.05380019545555115,EXP_LinearModel_Alpha158_csi300_custom_step0_s_20260519_15,568045ee65e54326802578af282c16af,0.089,,,
2479,2026-05-19,SH600918,-0.05697883665561676,EXP_LinearModel_Alpha158_csi300_custom_step0_s_20260519_15,568045ee65e54326802578af282c16af,0.089,,,
2480,2026-05-19,SH600900,-0.036387309432029724,EXP_LinearModel_Alpha158_csi300_custom_step0_s_20260519_15,568045ee65e54326802578af282c16af,0.089,,,
2481,2026-05-19,SH600893,-0.05634869635105133,EXP_LinearModel_Alpha158_csi300_custom_step0_s_20260519_15,568045ee65e54326802578af282c16af,0.089,,,
2482,2026-05-19,SH600887,-0.013129708357155323,EXP_LinearModel_Alpha158_csi300_custom_step0_s_20260519_15,568045ee65e54326802578af282c16af,0.089,,,
2483,2026-05-19,SH600886,-0.11852243542671204,EXP_LinearModel_Alpha158_csi300_custom_step0_s_20260519_15,568045ee65e54326802578af282c16af,0.089,,,
2484,2026-05-19,SH600875,-0.08216598629951477,EXP_LinearModel_Alpha158_csi300_custom_step0_s_20260519_15,568045ee65e54326802578af282c16af,0.089,,,
2485,2026-05-19,SH600845,0.06865472346544266,EXP_LinearModel_Alpha158_csi300_custom_step0_s_20260519_15,568045ee65e54326802578af282c16af,0.089,,,
2486,2026-05-19,SH600809,0.06623991578817368,EXP_LinearModel_Alpha158_csi300_custom_step0_s_20260519_15,568045ee65e54326802578af282c16af,0.089,,,
2487,2026-05-19,SH600905,-0.008624061942100525,EXP_LinearModel_Alpha158_csi300_custom_step0_s_20260519_15,568045ee65e54326802578af282c16af,0.089,,,
2488,2026-05-19,SH600803,-0.009352590888738632,EXP_LinearModel_Alpha158_csi300_custom_step0_s_20260519_15,568045ee65e54326802578af282c16af,0.089,,,
2489,2026-05-19,SH601006,0.07533738762140274,EXP_LinearModel_Alpha158_csi300_custom_step0_s_20260519_15,568045ee65e54326802578af282c16af,0.089,,,
2490,2026-05-19,SH601012,0.007907375693321228,EXP_LinearModel_Alpha158_csi300_custom_step0_s_20260519_15,568045ee65e54326802578af282c16af,0.089,,,
2491,2026-05-19,SH601186,-0.07301002740859985,EXP_LinearModel_Alpha158_csi300_custom_step0_s_20260519_15,568045ee65e54326802578af282c16af,0.089,,,
2492,2026-05-19,SH601169,-0.1292797029018402,EXP_LinearModel_Alpha158_csi300_custom_step0_s_20260519_15,568045ee65e54326802578af282c16af,0.089,,,
2493,2026-05-19,SH601166,-0.06654533743858337,EXP_LinearModel_Alpha158_csi300_custom_step0_s_20260519_15,568045ee65e54326802578af282c16af,0.089,,,
2494,2026-05-19,SH601138,0.15998633205890656,EXP_LinearModel_Alpha158_csi300_custom_step0_s_20260519_15,568045ee65e54326802578af282c16af,0.089,,,
2495,2026-05-19,SH601136,-0.02335008978843689,EXP_LinearModel_Alpha158_csi300_custom_step0_s_20260519_15,568045ee65e54326802578af282c16af,0.089,,,
2496,2026-05-19,SH601127,-0.08989087492227554,EXP_LinearModel_Alpha158_csi300_custom_step0_s_20260519_15,568045ee65e54326802578af282c16af,0.089,,,
2497,2026-05-19,SH601117,0.005918074399232864,EXP_LinearModel_Alpha158_csi300_custom_step0_s_20260519_15,568045ee65e54326802578af282c16af,0.089,,,
2498,2026-05-19,SH601009,0.01966721937060356,EXP_LinearModel_Alpha158_csi300_custom_step0_s_20260519_15,568045ee65e54326802578af282c16af,0.089,,,
2499,2026-05-19,SH601111,0.005240435712039471,EXP_LinearModel_Alpha158_csi300_custom_step0_s_20260519_15,568045ee65e54326802578af282c16af,0.089,,,
2500,2026-05-19,SH601088,0.0001568906009197235,EXP_LinearModel_Alpha158_csi300_custom_step0_s_20260519_15,568045ee65e54326802578af282c16af,0.089,,,
2501,2026-05-19,SH601077,-0.11088631302118301,EXP_LinearModel_Alpha158_csi300_custom_step0_s_20260519_15,568045ee65e54326802578af282c16af,0.089,,,
2502,2026-05-19,SH601066,-0.009052226319909096,EXP_LinearModel_Alpha158_csi300_custom_step0_s_20260519_15,568045ee65e54326802578af282c16af,0.089,,,
2503,2026-05-19,SH601059,-0.047326020896434784,EXP_LinearModel_Alpha158_csi300_custom_step0_s_20260519_15,568045ee65e54326802578af282c16af,0.089,,,
2504,2026-05-19,SH601058,0.006615491583943367,EXP_LinearModel_Alpha158_csi300_custom_step0_s_20260519_15,568045ee65e54326802578af282c16af,0.089,,,
2505,2026-05-19,SH601021,0.05643397569656372,EXP_LinearModel_Alpha158_csi300_custom_step0_s_20260519_15,568045ee65e54326802578af282c16af,0.089,,,
2506,2026-05-19,SH601018,-0.07273495197296143,EXP_LinearModel_Alpha158_csi300_custom_step0_s_20260519_15,568045ee65e54326802578af282c16af,0.089,,,
2507,2026-05-19,SH601100,-0.020564910024404526,EXP_LinearModel_Alpha158_csi300_custom_step0_s_20260519_15,568045ee65e54326802578af282c16af,0.089,,,
2508,2026-05-19,SH600104,-0.029495973140001297,EXP_LinearModel_Alpha158_csi300_custom_step0_s_20260519_15,568045ee65e54326802578af282c16af,0.089,,,
2509,2026-05-19,SH600795,-0.057011544704437256,EXP_LinearModel_Alpha158_csi300_custom_step0_s_20260519_15,568045ee65e54326802578af282c16af,0.089,,,
2510,2026-05-19,SH600741,-0.1490289270877838,EXP_LinearModel_Alpha158_csi300_custom_step0_s_20260519_15,568045ee65e54326802578af282c16af,0.089,,,
2511,2026-05-19,SH600377,0.0674520879983902,EXP_LinearModel_Alpha158_csi300_custom_step0_s_20260519_15,568045ee65e54326802578af282c16af,0.089,,,
2512,2026-05-19,SH600372,0.03426235541701317,EXP_LinearModel_Alpha158_csi300_custom_step0_s_20260519_15,568045ee65e54326802578af282c16af,0.089,,,
2513,2026-05-19,SH600362,-0.12536093592643738,EXP_LinearModel_Alpha158_csi300_custom_step0_s_20260519_15,568045ee65e54326802578af282c16af,0.089,,,
2514,2026-05-19,SH600346,-0.08476440608501434,EXP_LinearModel_Alpha158_csi300_custom_step0_s_20260519_15,568045ee65e54326802578af282c16af,0.089,,,
2515,2026-05-19,SH600309,0.04540109634399414,EXP_LinearModel_Alpha158_csi300_custom_step0_s_20260519_15,568045ee65e54326802578af282c16af,0.089,,,
2516,2026-05-19,SH600276,-0.06472517549991608,EXP_LinearModel_Alpha158_csi300_custom_step0_s_20260519_15,568045ee65e54326802578af282c16af,0.089,,,
2517,2026-05-19,SH600233,-0.10152596235275269,EXP_LinearModel_Alpha158_csi300_custom_step0_s_20260519_15,568045ee65e54326802578af282c16af,0.089,,,
2518,2026-05-19,SH600406,-0.057841379195451736,EXP_LinearModel_Alpha158_csi300_custom_step0_s_20260519_15,568045ee65e54326802578af282c16af,0.089,,,
2519,2026-05-19,SH600219,0.022867899388074875,EXP_LinearModel_Alpha158_csi300_custom_step0_s_20260519_15,568045ee65e54326802578af282c16af,0.089,,,
2520,2026-05-19,SH600188,0.06717681884765625,EXP_LinearModel_Alpha158_csi300_custom_step0_s_20260519_15,568045ee65e54326802578af282c16af,0.089,,,
2521,2026-05-19,SH600183,-0.020054318010807037,EXP_LinearModel_Alpha158_csi300_custom_step0_s_20260519_15,568045ee65e54326802578af282c16af,0.089,,,
2522,2026-05-19,SH600176,0.044557735323905945,EXP_LinearModel_Alpha158_csi300_custom_step0_s_20260519_15,568045ee65e54326802578af282c16af,0.089,,,
2523,2026-05-19,SH600161,-0.03382647782564163,EXP_LinearModel_Alpha158_csi300_custom_step0_s_20260519_15,568045ee65e54326802578af282c16af,0.089,,,
2524,2026-05-19,SH600160,-0.003842376172542572,EXP_LinearModel_Alpha158_csi300_custom_step0_s_20260519_15,568045ee65e54326802578af282c16af,0.089,,,
2525,2026-05-19,SH600150,0.2899821102619171,EXP_LinearModel_Alpha158_csi300_custom_step0_s_20260519_15,568045ee65e54326802578af282c16af,0.089,,,
2526,2026-05-19,SH600115,0.09575995057821274,EXP_LinearModel_Alpha158_csi300_custom_step0_s_20260519_15,568045ee65e54326802578af282c16af,0.089,,,
2527,2026-05-19,SH600196,-0.058949220925569534,EXP_LinearModel_Alpha158_csi300_custom_step0_s_20260519_15,568045ee65e54326802578af282c16af,0.089,,,
2528,2026-05-19,SH600760,-0.02985316514968872,EXP_LinearModel_Alpha158_csi300_custom_step0_s_20260519_15,568045ee65e54326802578af282c16af,0.089,,,
2529,2026-05-19,SH600415,-0.0008265301585197449,EXP_LinearModel_Alpha158_csi300_custom_step0_s_20260519_15,568045ee65e54326802578af282c16af,0.089,,,
2530,2026-05-19,SH600436,-0.01321578398346901,EXP_LinearModel_Alpha158_csi300_custom_step0_s_20260519_15,568045ee65e54326802578af282c16af,0.089,,,
2531,2026-05-19,SH600690,0.002679765224456787,EXP_LinearModel_Alpha158_csi300_custom_step0_s_20260519_15,568045ee65e54326802578af282c16af,0.089,,,
2532,2026-05-19,SH600674,-0.022080115973949432,EXP_LinearModel_Alpha158_csi300_custom_step0_s_20260519_15,568045ee65e54326802578af282c16af,0.089,,,
2533,2026-05-19,SH600660,-0.04575957730412483,EXP_LinearModel_Alpha158_csi300_custom_step0_s_20260519_15,568045ee65e54326802578af282c16af,0.089,,,
2534,2026-05-19,SH600600,-0.11730305105447769,EXP_LinearModel_Alpha158_csi300_custom_step0_s_20260519_15,568045ee65e54326802578af282c16af,0.089,,,
2535,2026-05-19,SH600588,-0.011003756895661354,EXP_LinearModel_Alpha158_csi300_custom_step0_s_20260519_15,568045ee65e54326802578af282c16af,0.089,,,
2536,2026-05-19,SH600585,-0.0593736357986927,EXP_LinearModel_Alpha158_csi300_custom_step0_s_20260519_15,568045ee65e54326802578af282c16af,0.089,,,
2537,2026-05-19,SH600584,0.05577332526445389,EXP_LinearModel_Alpha158_csi300_custom_step0_s_20260519_15,568045ee65e54326802578af282c16af,0.089,,,
2538,2026-05-19,SH600426,0.019752921536564827,EXP_LinearModel_Alpha158_csi300_custom_step0_s_20260519_15,568045ee65e54326802578af282c16af,0.089,,,
2539,2026-05-19,SH600570,0.06457757949829102,EXP_LinearModel_Alpha158_csi300_custom_step0_s_20260519_15,568045ee65e54326802578af282c16af,0.089,,,
2540,2026-05-19,SH600522,0.11326475441455841,EXP_LinearModel_Alpha158_csi300_custom_step0_s_20260519_15,568045ee65e54326802578af282c16af,0.089,,,
2541,2026-05-19,SH600519,-0.10840349644422531,EXP_LinearModel_Alpha158_csi300_custom_step0_s_20260519_15,568045ee65e54326802578af282c16af,0.089,,,
2542,2026-05-19,SH600515,0.025703508406877518,EXP_LinearModel_Alpha158_csi300_custom_step0_s_20260519_15,568045ee65e54326802578af282c16af,0.089,,,
2543,2026-05-19,SH600489,-0.01957136206328869,EXP_LinearModel_Alpha158_csi300_custom_step0_s_20260519_15,568045ee65e54326802578af282c16af,0.089,,,
2544,2026-05-19,SH600482,-0.051602210849523544,EXP_LinearModel_Alpha158_csi300_custom_step0_s_20260519_15,568045ee65e54326802578af282c16af,0.089,,,
2545,2026-05-19,SH600460,0.011783003807067871,EXP_LinearModel_Alpha158_csi300_custom_step0_s_20260519_15,568045ee65e54326802578af282c16af,0.089,,,
2546,2026-05-19,SH600438,0.026029065251350403,EXP_LinearModel_Alpha158_csi300_custom_step0_s_20260519_15,568045ee65e54326802578af282c16af,0.089,,,
2547,2026-05-19,SH600547,-0.0057695042341947556,EXP_LinearModel_Alpha158_csi300_custom_step0_s_20260519_15,568045ee65e54326802578af282c16af,0.089,,,
2548,2026-05-19,SH601919,0.07167036181788755,EXP_DEnsembleModel_Alpha158_csi300_custom_step0_s_20260519_15,18c81d93d60d41c1947c51e56e96210e,0.056,,,
2549,2026-05-19,SH601916,0.13145920628278054,EXP_DEnsembleModel_Alpha158_csi300_custom_step0_s_20260519_15,18c81d93d60d41c1947c51e56e96210e,0.056,,,
2550,2026-05-19,SH601901,0.01027973993596538,EXP_DEnsembleModel_Alpha158_csi300_custom_step0_s_20260519_15,18c81d93d60d41c1947c51e56e96210e,0.056,,,
2551,2026-05-19,SZ002493,-0.0018312168314194622,EXP_CatBoostModel_Alpha158_csi300_custom_step0_s_20260519_18,9b6d9ece7f3d4435840fef9eb77a5a22,0.027,,,
2552,2026-05-19,SZ002475,0.0007477091192699457,EXP_CatBoostModel_Alpha158_csi300_custom_step0_s_20260519_18,9b6d9ece7f3d4435840fef9eb77a5a22,0.027,,,
2553,2026-05-19,SZ002466,0.0007477091192699457,EXP_CatBoostModel_Alpha158_csi300_custom_step0_s_20260519_18,9b6d9ece7f3d4435840fef9eb77a5a22,0.027,,,
2554,2026-05-19,SZ002463,9.063046413660737e-05,EXP_CatBoostModel_Alpha158_csi300_custom_step0_s_20260519_18,9b6d9ece7f3d4435840fef9eb77a5a22,0.027,,,
2555,2026-05-19,SZ002460,-0.0018312168314194622,EXP_CatBoostModel_Alpha158_csi300_custom_step0_s_20260519_18,9b6d9ece7f3d4435840fef9eb77a5a22,0.027,,,
2556,2026-05-19,SZ002459,-0.0024882954865528004,EXP_CatBoostModel_Alpha158_csi300_custom_step0_s_20260519_18,9b6d9ece7f3d4435840fef9eb77a5a22,0.027,,,
2557,2026-05-19,SZ002422,-0.0024882954865528004,EXP_CatBoostModel_Alpha158_csi300_custom_step0_s_20260519_18,9b6d9ece7f3d4435840fef9eb77a5a22,0.027,,,
2558,2026-05-19,SZ002415,-0.0018312168314194622,EXP_CatBoostModel_Alpha158_csi300_custom_step0_s_20260519_18,9b6d9ece7f3d4435840fef9eb77a5a22,0.027,,,
2559,2026-05-19,SZ002384,0.008310363289839775,EXP_CatBoostModel_Alpha158_csi300_custom_step0_s_20260519_18,9b6d9ece7f3d4435840fef9eb77a5a22,0.027,,,
2560,2026-05-19,SZ002371,0.00827699726794023,EXP_CatBoostModel_Alpha158_csi300_custom_step0_s_20260519_18,9b6d9ece7f3d4435840fef9eb77a5a22,0.027,,,
2561,2026-05-19,SZ002352,-0.0018312168314194622,EXP_CatBoostModel_Alpha158_csi300_custom_step0_s_20260519_18,9b6d9ece7f3d4435840fef9eb77a5a22,0.027,,,
2562,2026-05-19,SZ002311,-0.0018312168314194622,EXP_CatBoostModel_Alpha158_csi300_custom_step0_s_20260519_18,9b6d9ece7f3d4435840fef9eb77a5a22,0.027,,,
2563,2026-05-19,SZ002304,-0.0018312168314194622,EXP_CatBoostModel_Alpha158_csi300_custom_step0_s_20260519_18,9b6d9ece7f3d4435840fef9eb77a5a22,0.027,,,
2564,2026-05-19,SZ002252,-0.0018312168314194622,EXP_CatBoostModel_Alpha158_csi300_custom_step0_s_20260519_18,9b6d9ece7f3d4435840fef9eb77a5a22,0.027,,,
2565,2026-05-19,SZ002241,0.002383787577490321,EXP_CatBoostModel_Alpha158_csi300_custom_step0_s_20260519_18,9b6d9ece7f3d4435840fef9eb77a5a22,0.027,,,
2566,2026-05-19,SZ002594,-0.0018312168314194622,EXP_CatBoostModel_Alpha158_csi300_custom_step0_s_20260519_18,9b6d9ece7f3d4435840fef9eb77a5a22,0.027,,,
2567,2026-05-19,SZ002600,-0.0024882954865528004,EXP_CatBoostModel_Alpha158_csi300_custom_step0_s_20260519_18,9b6d9ece7f3d4435840fef9eb77a5a22,0.027,,,
2568,2026-05-19,SZ002601,-0.0018312168314194622,EXP_CatBoostModel_Alpha158_csi300_custom_step0_s_20260519_18,9b6d9ece7f3d4435840fef9eb77a5a22,0.027,,,
2569,2026-05-19,SZ002625,-0.0018312168314194622,EXP_CatBoostModel_Alpha158_csi300_custom_step0_s_20260519_18,9b6d9ece7f3d4435840fef9eb77a5a22,0.027,,,
2570,2026-05-19,SZ300274,-0.0013977384104782234,EXP_CatBoostModel_Alpha158_csi300_custom_step0_s_20260519_18,9b6d9ece7f3d4435840fef9eb77a5a22,0.027,,,
2571,2026-05-19,SZ300251,-0.0024882954865528004,EXP_CatBoostModel_Alpha158_csi300_custom_step0_s_20260519_18,9b6d9ece7f3d4435840fef9eb77a5a22,0.027,,,
2572,2026-05-19,SZ300124,-0.0018312168314194622,EXP_CatBoostModel_Alpha158_csi300_custom_step0_s_20260519_18,9b6d9ece7f3d4435840fef9eb77a5a22,0.027,,,
2573,2026-05-19,SZ300122,-0.0018312168314194622,EXP_CatBoostModel_Alpha158_csi300_custom_step0_s_20260519_18,9b6d9ece7f3d4435840fef9eb77a5a22,0.027,,,
2574,2026-05-19,SZ300059,-0.0018312168314194622,EXP_CatBoostModel_Alpha158_csi300_custom_step0_s_20260519_18,9b6d9ece7f3d4435840fef9eb77a5a22,0.027,,,
2575,2026-05-19,SZ300033,-0.0018312168314194622,EXP_CatBoostModel_Alpha158_csi300_custom_step0_s_20260519_18,9b6d9ece7f3d4435840fef9eb77a5a22,0.027,,,
2576,2026-05-19,SZ300015,-0.0024882954865528004,EXP_CatBoostModel_Alpha158_csi300_custom_step0_s_20260519_18,9b6d9ece7f3d4435840fef9eb77a5a22,0.027,,,
2577,2026-05-19,SZ002236,0.0002695080739567845,EXP_CatBoostModel_Alpha158_csi300_custom_step0_s_20260519_18,9b6d9ece7f3d4435840fef9eb77a5a22,0.027,,,
2578,2026-05-19,SZ300014,-0.0018312168314194622,EXP_CatBoostModel_Alpha158_csi300_custom_step0_s_20260519_18,9b6d9ece7f3d4435840fef9eb77a5a22,0.027,,,
2579,2026-05-19,SZ002938,0.008105533638736716,EXP_CatBoostModel_Alpha158_csi300_custom_step0_s_20260519_18,9b6d9ece7f3d4435840fef9eb77a5a22,0.027,,,
2580,2026-05-19,SZ002920,0.0011176056885541395,EXP_CatBoostModel_Alpha158_csi300_custom_step0_s_20260519_18,9b6d9ece7f3d4435840fef9eb77a5a22,0.027,,,
2581,2026-05-19,SZ002916,0.0007477091192699457,EXP_CatBoostModel_Alpha158_csi300_custom_step0_s_20260519_18,9b6d9ece7f3d4435840fef9eb77a5a22,0.027,,,
2582,2026-05-19,SZ002736,-0.0018312168314194622,EXP_CatBoostModel_Alpha158_csi300_custom_step0_s_20260519_18,9b6d9ece7f3d4435840fef9eb77a5a22,0.027,,,
2583,2026-05-19,SZ002714,-0.0018312168314194622,EXP_CatBoostModel_Alpha158_csi300_custom_step0_s_20260519_18,9b6d9ece7f3d4435840fef9eb77a5a22,0.027,,,
2584,2026-05-19,SZ002709,0.0007477091192699457,EXP_CatBoostModel_Alpha158_csi300_custom_step0_s_20260519_18,9b6d9ece7f3d4435840fef9eb77a5a22,0.027,,,
2585,2026-05-19,SZ002648,-0.0018312168314194622,EXP_CatBoostModel_Alpha158_csi300_custom_step0_s_20260519_18,9b6d9ece7f3d4435840fef9eb77a5a22,0.027,,,
2586,2026-05-19,SZ003816,-0.000740659755344885,EXP_CatBoostModel_Alpha158_csi300_custom_step0_s_20260519_18,9b6d9ece7f3d4435840fef9eb77a5a22,0.027,,,
2587,2026-05-19,SZ002230,-0.0024882954865528004,EXP_CatBoostModel_Alpha158_csi300_custom_step0_s_20260519_18,9b6d9ece7f3d4435840fef9eb77a5a22,0.027,,,
2588,2026-05-19,SZ002179,-0.0024882954865528004,EXP_CatBoostModel_Alpha158_csi300_custom_step0_s_20260519_18,9b6d9ece7f3d4435840fef9eb77a5a22,0.027,,,
2589,2026-05-19,SZ002142,0.0002695080739567845,EXP_CatBoostModel_Alpha158_csi300_custom_step0_s_20260519_18,9b6d9ece7f3d4435840fef9eb77a5a22,0.027,,,
2590,2026-05-19,SZ000786,-0.0018312168314194622,EXP_CatBoostModel_Alpha158_csi300_custom_step0_s_20260519_18,9b6d9ece7f3d4435840fef9eb77a5a22,0.027,,,
2591,2026-05-19,SZ000776,-0.0018312168314194622,EXP_CatBoostModel_Alpha158_csi300_custom_step0_s_20260519_18,9b6d9ece7f3d4435840fef9eb77a5a22,0.027,,,
2592,2026-05-19,SZ000768,-0.0024882954865528004,EXP_CatBoostModel_Alpha158_csi300_custom_step0_s_20260519_18,9b6d9ece7f3d4435840fef9eb77a5a22,0.027,,,
2593,2026-05-19,SZ000725,0.002383787577490321,EXP_CatBoostModel_Alpha158_csi300_custom_step0_s_20260519_18,9b6d9ece7f3d4435840fef9eb77a5a22,0.027,,,
2594,2026-05-19,SZ000708,-0.0018312168314194622,EXP_CatBoostModel_Alpha158_csi300_custom_step0_s_20260519_18,9b6d9ece7f3d4435840fef9eb77a5a22,0.027,,,
2595,2026-05-19,SZ000661,-0.0018312168314194622,EXP_CatBoostModel_Alpha158_csi300_custom_step0_s_20260519_18,9b6d9ece7f3d4435840fef9eb77a5a22,0.027,,,
2596,2026-05-19,SZ000651,0.002383787577490321,EXP_CatBoostModel_Alpha158_csi300_custom_step0_s_20260519_18,9b6d9ece7f3d4435840fef9eb77a5a22,0.027,,,
2597,2026-05-19,SZ000792,-0.0018312168314194622,EXP_CatBoostModel_Alpha158_csi300_custom_step0_s_20260519_18,9b6d9ece7f3d4435840fef9eb77a5a22,0.027,,,
2598,2026-05-19,SZ000630,-0.0018312168314194622,EXP_CatBoostModel_Alpha158_csi300_custom_step0_s_20260519_18,9b6d9ece7f3d4435840fef9eb77a5a22,0.027,,,
2599,2026-05-19,SZ000617,-0.0024882954865528004,EXP_CatBoostModel_Alpha158_csi300_custom_step0_s_20260519_18,9b6d9ece7f3d4435840fef9eb77a5a22,0.027,,,
2600,2026-05-19,SZ000596,-0.0018312168314194622,EXP_CatBoostModel_Alpha158_csi300_custom_step0_s_20260519_18,9b6d9ece7f3d4435840fef9eb77a5a22,0.027,,,
2601,2026-05-19,SZ000568,-0.0018312168314194622,EXP_CatBoostModel_Alpha158_csi300_custom_step0_s_20260519_18,9b6d9ece7f3d4435840fef9eb77a5a22,0.027,,,
2602,2026-05-19,SZ000538,0.0002695080739567845,EXP_CatBoostModel_Alpha158_csi300_custom_step0_s_20260519_18,9b6d9ece7f3d4435840fef9eb77a5a22,0.027,,,
2603,2026-05-19,SZ000425,-0.0018312168314194622,EXP_CatBoostModel_Alpha158_csi300_custom_step0_s_20260519_18,9b6d9ece7f3d4435840fef9eb77a5a22,0.027,,,
2604,2026-05-19,SZ000408,-0.0018312168314194622,EXP_CatBoostModel_Alpha158_csi300_custom_step0_s_20260519_18,9b6d9ece7f3d4435840fef9eb77a5a22,0.027,,,
2605,2026-05-19,SZ000338,0.0007477091192699457,EXP_CatBoostModel_Alpha158_csi300_custom_step0_s_20260519_18,9b6d9ece7f3d4435840fef9eb77a5a22,0.027,,,
2606,2026-05-19,SZ000625,-0.0024882954865528004,EXP_CatBoostModel_Alpha158_csi300_custom_step0_s_20260519_18,9b6d9ece7f3d4435840fef9eb77a5a22,0.027,,,
2607,2026-05-19,SZ300308,0.006627252697600946,EXP_CatBoostModel_Alpha158_csi300_custom_step0_s_20260519_18,9b6d9ece7f3d4435840fef9eb77a5a22,0.027,,,
2608,2026-05-19,SZ000807,-0.0018312168314194622,EXP_CatBoostModel_Alpha158_csi300_custom_step0_s_20260519_18,9b6d9ece7f3d4435840fef9eb77a5a22,0.027,,,
2609,2026-05-19,SZ000876,-0.0018312168314194622,EXP_CatBoostModel_Alpha158_csi300_custom_step0_s_20260519_18,9b6d9ece7f3d4435840fef9eb77a5a22,0.027,,,
2610,2026-05-19,SZ002074,-0.0018312168314194622,EXP_CatBoostModel_Alpha158_csi300_custom_step0_s_20260519_18,9b6d9ece7f3d4435840fef9eb77a5a22,0.027,,,
2611,2026-05-19,SZ002050,-0.0018312168314194622,EXP_CatBoostModel_Alpha158_csi300_custom_step0_s_20260519_18,9b6d9ece7f3d4435840fef9eb77a5a22,0.027,,,
2612,2026-05-19,SZ002049,-0.0024882954865528004,EXP_CatBoostModel_Alpha158_csi300_custom_step0_s_20260519_18,9b6d9ece7f3d4435840fef9eb77a5a22,0.027,,,
2613,2026-05-19,SZ002028,-0.0018312168314194622,EXP_CatBoostModel_Alpha158_csi300_custom_step0_s_20260519_18,9b6d9ece7f3d4435840fef9eb77a5a22,0.027,,,
2614,2026-05-19,SZ002027,-0.0024882954865528004,EXP_CatBoostModel_Alpha158_csi300_custom_step0_s_20260519_18,9b6d9ece7f3d4435840fef9eb77a5a22,0.027,,,
2615,2026-05-19,SZ002001,-0.0018312168314194622,EXP_CatBoostModel_Alpha158_csi300_custom_step0_s_20260519_18,9b6d9ece7f3d4435840fef9eb77a5a22,0.027,,,
2616,2026-05-19,SZ001979,-0.0024882954865528004,EXP_CatBoostModel_Alpha158_csi300_custom_step0_s_20260519_18,9b6d9ece7f3d4435840fef9eb77a5a22,0.027,,,
2617,2026-05-19,SZ000858,-0.0024882954865528004,EXP_CatBoostModel_Alpha158_csi300_custom_step0_s_20260519_18,9b6d9ece7f3d4435840fef9eb77a5a22,0.027,,,
2618,2026-05-19,SZ001965,-0.000740659755344885,EXP_CatBoostModel_Alpha158_csi300_custom_step0_s_20260519_18,9b6d9ece7f3d4435840fef9eb77a5a22,0.027,,,
2619,2026-05-19,SZ000999,0.0002695080739567845,EXP_CatBoostModel_Alpha158_csi300_custom_step0_s_20260519_18,9b6d9ece7f3d4435840fef9eb77a5a22,0.027,,,
2620,2026-05-19,SZ000983,-0.0018312168314194622,EXP_CatBoostModel_Alpha158_csi300_custom_step0_s_20260519_18,9b6d9ece7f3d4435840fef9eb77a5a22,0.027,,,
2621,2026-05-19,SZ000977,-0.0018312168314194622,EXP_CatBoostModel_Alpha158_csi300_custom_step0_s_20260519_18,9b6d9ece7f3d4435840fef9eb77a5a22,0.027,,,
2622,2026-05-19,SZ000975,-0.0018312168314194622,EXP_CatBoostModel_Alpha158_csi300_custom_step0_s_20260519_18,9b6d9ece7f3d4435840fef9eb77a5a22,0.027,,,
2623,2026-05-19,SZ000963,-0.0018312168314194622,EXP_CatBoostModel_Alpha158_csi300_custom_step0_s_20260519_18,9b6d9ece7f3d4435840fef9eb77a5a22,0.027,,,
2624,2026-05-19,SZ000938,-0.0018312168314194622,EXP_CatBoostModel_Alpha158_csi300_custom_step0_s_20260519_18,9b6d9ece7f3d4435840fef9eb77a5a22,0.027,,,
2625,2026-05-19,SZ000895,0.0002695080739567845,EXP_CatBoostModel_Alpha158_csi300_custom_step0_s_20260519_18,9b6d9ece7f3d4435840fef9eb77a5a22,0.027,,,
2626,2026-05-19,SZ001391,-0.0003875705811765539,EXP_CatBoostModel_Alpha158_csi300_custom_step0_s_20260519_18,9b6d9ece7f3d4435840fef9eb77a5a22,0.027,,,
2627,2026-05-19,SZ300316,-0.0024882954865528004,EXP_CatBoostModel_Alpha158_csi300_custom_step0_s_20260519_18,9b6d9ece7f3d4435840fef9eb77a5a22,0.027,,,
2628,2026-05-19,SZ300347,0.0007477091192699457,EXP_CatBoostModel_Alpha158_csi300_custom_step0_s_20260519_18,9b6d9ece7f3d4435840fef9eb77a5a22,0.027,,,
2629,2026-05-19,SZ300394,-0.0024882954865528004,EXP_CatBoostModel_Alpha158_csi300_custom_step0_s_20260519_18,9b6d9ece7f3d4435840fef9eb77a5a22,0.027,,,
2630,2026-05-19,SH600188,0.011353909722645519,EXP_CatBoostModel_Alpha158_csi300_custom_step0_s_20260519_18,df9df857e94448428cd0ec8c30138e49,0.067,,,
2631,2026-05-19,SH600183,-0.0013217737300175786,EXP_CatBoostModel_Alpha158_csi300_custom_step0_s_20260519_18,df9df857e94448428cd0ec8c30138e49,0.067,,,
2632,2026-05-19,SH600176,-0.1399360913405611,EXP_CatBoostModel_Alpha158_csi300_custom_step0_s_20260519_18,df9df857e94448428cd0ec8c30138e49,0.067,,,
2633,2026-05-19,SH600161,-0.017430737888342287,EXP_CatBoostModel_Alpha158_csi300_custom_step0_s_20260519_18,df9df857e94448428cd0ec8c30138e49,0.067,,,
2634,2026-05-19,SH600160,-0.0128357700014966,EXP_CatBoostModel_Alpha158_csi300_custom_step0_s_20260519_18,df9df857e94448428cd0ec8c30138e49,0.067,,,
2635,2026-05-19,SH600150,0.060068448806980965,EXP_CatBoostModel_Alpha158_csi300_custom_step0_s_20260519_18,df9df857e94448428cd0ec8c30138e49,0.067,,,
2636,2026-05-19,SH600115,-0.007771134065548922,EXP_CatBoostModel_Alpha158_csi300_custom_step0_s_20260519_18,df9df857e94448428cd0ec8c30138e49,0.067,,,
2637,2026-05-19,SH600196,-0.016833668191500808,EXP_CatBoostModel_Alpha158_csi300_custom_step0_s_20260519_18,df9df857e94448428cd0ec8c30138e49,0.067,,,
2638,2026-05-19,SH600111,-0.010109307844371038,EXP_CatBoostModel_Alpha158_csi300_custom_step0_s_20260519_18,df9df857e94448428cd0ec8c30138e49,0.067,,,
2639,2026-05-19,SH600089,-0.01712547799132015,EXP_CatBoostModel_Alpha158_csi300_custom_step0_s_20260519_18,df9df857e94448428cd0ec8c30138e49,0.067,,,
2640,2026-05-19,SH600085,-0.02547475478974964,EXP_CatBoostModel_Alpha158_csi300_custom_step0_s_20260519_18,df9df857e94448428cd0ec8c30138e49,0.067,,,
2641,2026-05-19,SH600066,-0.005155137843171879,EXP_CatBoostModel_Alpha158_csi300_custom_step0_s_20260519_18,df9df857e94448428cd0ec8c30138e49,0.067,,,
2642,2026-05-19,SH600061,-0.016225260773482627,EXP_CatBoostModel_Alpha158_csi300_custom_step0_s_20260519_18,df9df857e94448428cd0ec8c30138e49,0.067,,,
2643,2026-05-19,SH600050,-0.004385128398862348,EXP_CatBoostModel_Alpha158_csi300_custom_step0_s_20260519_18,df9df857e94448428cd0ec8c30138e49,0.067,,,
2644,2026-05-19,SH600048,-0.009625316706693221,EXP_CatBoostModel_Alpha158_csi300_custom_step0_s_20260519_18,df9df857e94448428cd0ec8c30138e49,0.067,,,
2645,2026-05-19,SH600039,-0.016673452045680257,EXP_CatBoostModel_Alpha158_csi300_custom_step0_s_20260519_18,df9df857e94448428cd0ec8c30138e49,0.067,,,
2646,2026-05-19,SH600104,-0.01649663854972295,EXP_CatBoostModel_Alpha158_csi300_custom_step0_s_20260519_18,df9df857e94448428cd0ec8c30138e49,0.067,,,
2647,2026-05-19,SH600036,-0.028766525128763796,EXP_CatBoostModel_Alpha158_csi300_custom_step0_s_20260519_18,df9df857e94448428cd0ec8c30138e49,0.067,,,
2648,2026-05-19,SH600219,0.012718690227507677,EXP_CatBoostModel_Alpha158_csi300_custom_step0_s_20260519_18,df9df857e94448428cd0ec8c30138e49,0.067,,,
2649,2026-05-19,SH600276,-0.017662745696990112,EXP_CatBoostModel_Alpha158_csi300_custom_step0_s_20260519_18,df9df857e94448428cd0ec8c30138e49,0.067,,,
2650,2026-05-19,SH600522,-0.02972195014776466,EXP_CatBoostModel_Alpha158_csi300_custom_step0_s_20260519_18,df9df857e94448428cd0ec8c30138e49,0.067,,,
2651,2026-05-19,SH600519,-0.025082385416620934,EXP_CatBoostModel_Alpha158_csi300_custom_step0_s_20260519_18,df9df857e94448428cd0ec8c30138e49,0.067,,,
2652,2026-05-19,SH600515,-0.017866773291655983,EXP_CatBoostModel_Alpha158_csi300_custom_step0_s_20260519_18,df9df857e94448428cd0ec8c30138e49,0.067,,,
2653,2026-05-19,SH600489,0.013301752780033066,EXP_CatBoostModel_Alpha158_csi300_custom_step0_s_20260519_18,df9df857e94448428cd0ec8c30138e49,0.067,,,
2654,2026-05-19,SH600482,0.009652415540605705,EXP_CatBoostModel_Alpha158_csi300_custom_step0_s_20260519_18,df9df857e94448428cd0ec8c30138e49,0.067,,,
2655,2026-05-19,SH600460,0.050342477555700045,EXP_CatBoostModel_Alpha158_csi300_custom_step0_s_20260519_18,df9df857e94448428cd0ec8c30138e49,0.067,,,
2656,2026-05-19,SH600438,-0.0085905358722357,EXP_CatBoostModel_Alpha158_csi300_custom_step0_s_20260519_18,df9df857e94448428cd0ec8c30138e49,0.067,,,
2657,2026-05-19,SH600233,0.00474075611129253,EXP_CatBoostModel_Alpha158_csi300_custom_step0_s_20260519_18,df9df857e94448428cd0ec8c30138e49,0.067,,,
2658,2026-05-19,SH600436,0.005409717788479408,EXP_CatBoostModel_Alpha158_csi300_custom_step0_s_20260519_18,df9df857e94448428cd0ec8c30138e49,0.067,,,
2659,2026-05-19,SH600415,-0.004557839671215746,EXP_CatBoostModel_Alpha158_csi300_custom_step0_s_20260519_18,df9df857e94448428cd0ec8c30138e49,0.067,,,
2660,2026-05-19,SH600406,-0.003373373987626592,EXP_CatBoostModel_Alpha158_csi300_custom_step0_s_20260519_18,df9df857e94448428cd0ec8c30138e49,0.067,,,
2661,2026-05-19,SH600377,0.009770520195842304,EXP_CatBoostModel_Alpha158_csi300_custom_step0_s_20260519_18,df9df857e94448428cd0ec8c30138e49,0.067,,,
2662,2026-05-19,SH600372,-0.01219584258385104,EXP_CatBoostModel_Alpha158_csi300_custom_step0_s_20260519_18,df9df857e94448428cd0ec8c30138e49,0.067,,,
2663,2026-05-19,SH600362,-0.012451279223507907,EXP_CatBoostModel_Alpha158_csi300_custom_step0_s_20260519_18,df9df857e94448428cd0ec8c30138e49,0.067,,,
2664,2026-05-19,SH600346,0.0420803651694978,EXP_CatBoostModel_Alpha158_csi300_custom_step0_s_20260519_18,df9df857e94448428cd0ec8c30138e49,0.067,,,
2665,2026-05-19,SH600309,-0.005319806711722142,EXP_CatBoostModel_Alpha158_csi300_custom_step0_s_20260519_18,df9df857e94448428cd0ec8c30138e49,0.067,,,
2666,2026-05-19,SH600426,-0.0042942548750212,EXP_CatBoostModel_Alpha158_csi300_custom_step0_s_20260519_18,df9df857e94448428cd0ec8c30138e49,0.067,,,
2667,2026-05-19,SZ000333,0.003934980462127143,EXP_CatBoostModel_Alpha158_csi300_custom_step0_s_20260519_18,9b6d9ece7f3d4435840fef9eb77a5a22,0.027,,,
2668,2026-05-19,SH600031,-0.008938426473914558,EXP_CatBoostModel_Alpha158_csi300_custom_step0_s_20260519_18,df9df857e94448428cd0ec8c30138e49,0.067,,,
2669,2026-05-19,SH600029,-0.01567031078093519,EXP_CatBoostModel_Alpha158_csi300_custom_step0_s_20260519_18,df9df857e94448428cd0ec8c30138e49,0.067,,,
2670,2026-05-19,SZ300832,-0.0024882954865528004,EXP_CatBoostModel_Alpha158_csi300_custom_step0_s_20260519_18,9b6d9ece7f3d4435840fef9eb77a5a22,0.027,,,
2671,2026-05-19,SZ300803,-0.0018312168314194622,EXP_CatBoostModel_Alpha158_csi300_custom_step0_s_20260519_18,9b6d9ece7f3d4435840fef9eb77a5a22,0.027,,,
2672,2026-05-19,SZ300782,9.063046413660737e-05,EXP_CatBoostModel_Alpha158_csi300_custom_step0_s_20260519_18,9b6d9ece7f3d4435840fef9eb77a5a22,0.027,,,
2673,2026-05-19,SZ300760,-0.0018312168314194622,EXP_CatBoostModel_Alpha158_csi300_custom_step0_s_20260519_18,9b6d9ece7f3d4435840fef9eb77a5a22,0.027,,,
2674,2026-05-19,SZ300759,-0.0018312168314194622,EXP_CatBoostModel_Alpha158_csi300_custom_step0_s_20260519_18,9b6d9ece7f3d4435840fef9eb77a5a22,0.027,,,
2675,2026-05-19,SZ300750,-0.0018312168314194622,EXP_CatBoostModel_Alpha158_csi300_custom_step0_s_20260519_18,9b6d9ece7f3d4435840fef9eb77a5a22,0.027,,,
2676,2026-05-19,SZ300661,0.00827699726794023,EXP_CatBoostModel_Alpha158_csi300_custom_step0_s_20260519_18,9b6d9ece7f3d4435840fef9eb77a5a22,0.027,,,
2677,2026-05-19,SZ300866,-0.0018312168314194622,EXP_CatBoostModel_Alpha158_csi300_custom_step0_s_20260519_18,9b6d9ece7f3d4435840fef9eb77a5a22,0.027,,,
2678,2026-05-19,SZ300628,-0.0024882954865528004,EXP_CatBoostModel_Alpha158_csi300_custom_step0_s_20260519_18,9b6d9ece7f3d4435840fef9eb77a5a22,0.027,,,
2679,2026-05-19,SZ300498,-0.0018312168314194622,EXP_CatBoostModel_Alpha158_csi300_custom_step0_s_20260519_18,9b6d9ece7f3d4435840fef9eb77a5a22,0.027,,,
2680,2026-05-19,SZ300476,9.063046413660737e-05,EXP_CatBoostModel_Alpha158_csi300_custom_step0_s_20260519_18,9b6d9ece7f3d4435840fef9eb77a5a22,0.027,,,
2681,2026-05-19,SZ300442,-0.0024882954865528004,EXP_CatBoostModel_Alpha158_csi300_custom_step0_s_20260519_18,9b6d9ece7f3d4435840fef9eb77a5a22,0.027,,,
2682,2026-05-19,SZ300433,0.007852465588171173,EXP_CatBoostModel_Alpha158_csi300_custom_step0_s_20260519_18,9b6d9ece7f3d4435840fef9eb77a5a22,0.027,,,
2683,2026-05-19,SZ300418,-0.0024882954865528004,EXP_CatBoostModel_Alpha158_csi300_custom_step0_s_20260519_18,9b6d9ece7f3d4435840fef9eb77a5a22,0.027,,,
2684,2026-05-19,SZ300413,-0.0018312168314194622,EXP_CatBoostModel_Alpha158_csi300_custom_step0_s_20260519_18,9b6d9ece7f3d4435840fef9eb77a5a22,0.027,,,
2685,2026-05-19,SZ300408,0.008105533638736716,EXP_CatBoostModel_Alpha158_csi300_custom_step0_s_20260519_18,9b6d9ece7f3d4435840fef9eb77a5a22,0.027,,,
2686,2026-05-19,SZ300502,9.063046413660737e-05,EXP_CatBoostModel_Alpha158_csi300_custom_step0_s_20260519_18,9b6d9ece7f3d4435840fef9eb77a5a22,0.027,,,
2687,2026-05-19,SH600030,-0.01001816775752079,EXP_CatBoostModel_Alpha158_csi300_custom_step0_s_20260519_18,df9df857e94448428cd0ec8c30138e49,0.067,,,
2688,2026-05-19,SZ300896,-0.0024882954865528004,EXP_CatBoostModel_Alpha158_csi300_custom_step0_s_20260519_18,9b6d9ece7f3d4435840fef9eb77a5a22,0.027,,,
2689,2026-05-19,SZ300999,-0.0018312168314194622,EXP_CatBoostModel_Alpha158_csi300_custom_step0_s_20260519_18,9b6d9ece7f3d4435840fef9eb77a5a22,0.027,,,
2690,2026-05-19,SH600028,-0.02364711606115407,EXP_CatBoostModel_Alpha158_csi300_custom_step0_s_20260519_18,df9df857e94448428cd0ec8c30138e49,0.067,,,
2691,2026-05-19,SH600027,0.03138589795668047,EXP_CatBoostModel_Alpha158_csi300_custom_step0_s_20260519_18,df9df857e94448428cd0ec8c30138e49,0.067,,,
2692,2026-05-19,SH600026,0.0019067942019341695,EXP_CatBoostModel_Alpha158_csi300_custom_step0_s_20260519_18,df9df857e94448428cd0ec8c30138e49,0.067,,,
2693,2026-05-19,SH600025,-0.003830194597043315,EXP_CatBoostModel_Alpha158_csi300_custom_step0_s_20260519_18,df9df857e94448428cd0ec8c30138e49,0.067,,,
2694,2026-05-19,SH600023,0.0394420925373371,EXP_CatBoostModel_Alpha158_csi300_custom_step0_s_20260519_18,df9df857e94448428cd0ec8c30138e49,0.067,,,
2695,2026-05-19,SH600019,-0.023581903885638678,EXP_CatBoostModel_Alpha158_csi300_custom_step0_s_20260519_18,df9df857e94448428cd0ec8c30138e49,0.067,,,
2696,2026-05-19,SH600018,0.004819619803311681,EXP_CatBoostModel_Alpha158_csi300_custom_step0_s_20260519_18,df9df857e94448428cd0ec8c30138e49,0.067,,,
2697,2026-05-19,SZ300979,0.0011176056885541395,EXP_CatBoostModel_Alpha158_csi300_custom_step0_s_20260519_18,9b6d9ece7f3d4435840fef9eb77a5a22,0.027,,,
2698,2026-05-19,SH600016,-0.02026407303072669,EXP_CatBoostModel_Alpha158_csi300_custom_step0_s_20260519_18,df9df857e94448428cd0ec8c30138e49,0.067,,,
2699,2026-05-19,SH600011,0.010689662372306417,EXP_CatBoostModel_Alpha158_csi300_custom_step0_s_20260519_18,df9df857e94448428cd0ec8c30138e49,0.067,,,
2700,2026-05-19,SH600010,-0.00535198581798478,EXP_CatBoostModel_Alpha158_csi300_custom_step0_s_20260519_18,df9df857e94448428cd0ec8c30138e49,0.067,,,
2701,2026-05-19,SH600009,-0.020717844827758198,EXP_CatBoostModel_Alpha158_csi300_custom_step0_s_20260519_18,df9df857e94448428cd0ec8c30138e49,0.067,,,
2702,2026-05-19,SH600000,-0.028505632073231545,EXP_CatBoostModel_Alpha158_csi300_custom_step0_s_20260519_18,df9df857e94448428cd0ec8c30138e49,0.067,,,
2703,2026-05-19,SZ302132,-0.0018312168314194622,EXP_CatBoostModel_Alpha158_csi300_custom_step0_s_20260519_18,9b6d9ece7f3d4435840fef9eb77a5a22,0.027,,,
2704,2026-05-19,SZ301269,-0.0018312168314194622,EXP_CatBoostModel_Alpha158_csi300_custom_step0_s_20260519_18,9b6d9ece7f3d4435840fef9eb77a5a22,0.027,,,
2705,2026-05-19,SZ301236,-0.0024882954865528004,EXP_CatBoostModel_Alpha158_csi300_custom_step0_s_20260519_18,9b6d9ece7f3d4435840fef9eb77a5a22,0.027,,,
2706,2026-05-19,SH600015,-0.03579057881813711,EXP_CatBoostModel_Alpha158_csi300_custom_step0_s_20260519_18,df9df857e94448428cd0ec8c30138e49,0.067,,,
2707,2026-05-19,SH600547,0.08172494301525712,EXP_CatBoostModel_Alpha158_csi300_custom_step0_s_20260519_18,df9df857e94448428cd0ec8c30138e49,0.067,,,
2708,2026-05-19,SZ000301,-0.0018312168314194622,EXP_CatBoostModel_Alpha158_csi300_custom_step0_s_20260519_18,9b6d9ece7f3d4435840fef9eb77a5a22,0.027,,,
2709,2026-05-19,SZ000157,-0.0018312168314194622,EXP_CatBoostModel_Alpha158_csi300_custom_step0_s_20260519_18,9b6d9ece7f3d4435840fef9eb77a5a22,0.027,,,
2710,2026-05-19,SH601100,-0.0018312168314194622,EXP_CatBoostModel_Alpha158_csi300_custom_step0_s_20260519_18,9b6d9ece7f3d4435840fef9eb77a5a22,0.027,,,
2711,2026-05-19,SH601088,-0.0024882954865528004,EXP_CatBoostModel_Alpha158_csi300_custom_step0_s_20260519_18,9b6d9ece7f3d4435840fef9eb77a5a22,0.027,,,
2712,2026-05-19,SH601077,-0.0018312168314194622,EXP_CatBoostModel_Alpha158_csi300_custom_step0_s_20260519_18,9b6d9ece7f3d4435840fef9eb77a5a22,0.027,,,
2713,2026-05-19,SH601066,-0.0018312168314194622,EXP_CatBoostModel_Alpha158_csi300_custom_step0_s_20260519_18,9b6d9ece7f3d4435840fef9eb77a5a22,0.027,,,
2714,2026-05-19,SH601059,0.0006741184397854367,EXP_CatBoostModel_Alpha158_csi300_custom_step0_s_20260519_18,9b6d9ece7f3d4435840fef9eb77a5a22,0.027,,,
2715,2026-05-19,SH601058,-0.0018312168314194622,EXP_CatBoostModel_Alpha158_csi300_custom_step0_s_20260519_18,9b6d9ece7f3d4435840fef9eb77a5a22,0.027,,,
2716,2026-05-19,SH601021,-0.0018312168314194622,EXP_CatBoostModel_Alpha158_csi300_custom_step0_s_20260519_18,9b6d9ece7f3d4435840fef9eb77a5a22,0.027,,,
2717,2026-05-19,SH601018,0.0002695080739567845,EXP_CatBoostModel_Alpha158_csi300_custom_step0_s_20260519_18,9b6d9ece7f3d4435840fef9eb77a5a22,0.027,,,
2718,2026-05-19,SH601012,-0.0018312168314194622,EXP_CatBoostModel_Alpha158_csi300_custom_step0_s_20260519_18,9b6d9ece7f3d4435840fef9eb77a5a22,0.027,,,
2719,2026-05-19,SH601009,0.0011176056885541395,EXP_CatBoostModel_Alpha158_csi300_custom_step0_s_20260519_18,9b6d9ece7f3d4435840fef9eb77a5a22,0.027,,,
2720,2026-05-19,SH601006,0.002383787577490321,EXP_CatBoostModel_Alpha158_csi300_custom_step0_s_20260519_18,9b6d9ece7f3d4435840fef9eb77a5a22,0.027,,,
2721,2026-05-19,SH600999,-0.005096144354695025,EXP_CatBoostModel_Alpha158_csi300_custom_step0_s_20260519_18,9b6d9ece7f3d4435840fef9eb77a5a22,0.027,,,
2722,2026-05-19,SH600989,-0.0018312168314194622,EXP_CatBoostModel_Alpha158_csi300_custom_step0_s_20260519_18,9b6d9ece7f3d4435840fef9eb77a5a22,0.027,,,
2723,2026-05-19,SH600958,-0.0018312168314194622,EXP_CatBoostModel_Alpha158_csi300_custom_step0_s_20260519_18,9b6d9ece7f3d4435840fef9eb77a5a22,0.027,,,
2724,2026-05-19,SH600941,0.0011636223034602684,EXP_CatBoostModel_Alpha158_csi300_custom_step0_s_20260519_18,9b6d9ece7f3d4435840fef9eb77a5a22,0.027,,,
2725,2026-05-19,SH601111,-0.0018312168314194622,EXP_CatBoostModel_Alpha158_csi300_custom_step0_s_20260519_18,9b6d9ece7f3d4435840fef9eb77a5a22,0.027,,,
2726,2026-05-19,SH601117,-0.0018312168314194622,EXP_CatBoostModel_Alpha158_csi300_custom_step0_s_20260519_18,9b6d9ece7f3d4435840fef9eb77a5a22,0.027,,,
2727,2026-05-19,SH601127,-0.0024882954865528004,EXP_CatBoostModel_Alpha158_csi300_custom_step0_s_20260519_18,9b6d9ece7f3d4435840fef9eb77a5a22,0.027,,,
2728,2026-05-19,SH601136,-0.0018312168314194622,EXP_CatBoostModel_Alpha158_csi300_custom_step0_s_20260519_18,9b6d9ece7f3d4435840fef9eb77a5a22,0.027,,,
2729,2026-05-19,SH601360,-0.0018312168314194622,EXP_CatBoostModel_Alpha158_csi300_custom_step0_s_20260519_18,9b6d9ece7f3d4435840fef9eb77a5a22,0.027,,,
2730,2026-05-19,SH601336,-0.0018312168314194622,EXP_CatBoostModel_Alpha158_csi300_custom_step0_s_20260519_18,9b6d9ece7f3d4435840fef9eb77a5a22,0.027,,,
2731,2026-05-19,SH601328,0.0011176056885541395,EXP_CatBoostModel_Alpha158_csi300_custom_step0_s_20260519_18,9b6d9ece7f3d4435840fef9eb77a5a22,0.027,,,
2732,2026-05-19,SH601319,-0.0024882954865528004,EXP_CatBoostModel_Alpha158_csi300_custom_step0_s_20260519_18,9b6d9ece7f3d4435840fef9eb77a5a22,0.027,,,
2733,2026-05-19,SH601318,-0.0018312168314194622,EXP_CatBoostModel_Alpha158_csi300_custom_step0_s_20260519_18,9b6d9ece7f3d4435840fef9eb77a5a22,0.027,,,
2734,2026-05-19,SH601298,0.002383787577490321,EXP_CatBoostModel_Alpha158_csi300_custom_step0_s_20260519_18,9b6d9ece7f3d4435840fef9eb77a5a22,0.027,,,
2735,2026-05-19,SH601288,0.0011176056885541395,EXP_CatBoostModel_Alpha158_csi300_custom_step0_s_20260519_18,9b6d9ece7f3d4435840fef9eb77a5a22,0.027,,,
2736,2026-05-19,SH600938,-0.0018312168314194622,EXP_CatBoostModel_Alpha158_csi300_custom_step0_s_20260519_18,9b6d9ece7f3d4435840fef9eb77a5a22,0.027,,,
2737,2026-05-19,SH601238,-0.0018312168314194622,EXP_CatBoostModel_Alpha158_csi300_custom_step0_s_20260519_18,9b6d9ece7f3d4435840fef9eb77a5a22,0.027,,,
2738,2026-05-19,SH601229,0.0011176056885541395,EXP_CatBoostModel_Alpha158_csi300_custom_step0_s_20260519_18,9b6d9ece7f3d4435840fef9eb77a5a22,0.027,,,
2739,2026-05-19,SH601225,-0.0018312168314194622,EXP_CatBoostModel_Alpha158_csi300_custom_step0_s_20260519_18,9b6d9ece7f3d4435840fef9eb77a5a22,0.027,,,
2740,2026-05-19,SH601211,-0.0018312168314194622,EXP_CatBoostModel_Alpha158_csi300_custom_step0_s_20260519_18,9b6d9ece7f3d4435840fef9eb77a5a22,0.027,,,
2741,2026-05-19,SH601186,-0.0003875705811765539,EXP_CatBoostModel_Alpha158_csi300_custom_step0_s_20260519_18,9b6d9ece7f3d4435840fef9eb77a5a22,0.027,,,
2742,2026-05-19,SH601169,0.0011176056885541395,EXP_CatBoostModel_Alpha158_csi300_custom_step0_s_20260519_18,9b6d9ece7f3d4435840fef9eb77a5a22,0.027,,,
2743,2026-05-19,SH601166,0.0011176056885541395,EXP_CatBoostModel_Alpha158_csi300_custom_step0_s_20260519_18,9b6d9ece7f3d4435840fef9eb77a5a22,0.027,,,
2744,2026-05-19,SH601138,-0.0018312168314194622,EXP_CatBoostModel_Alpha158_csi300_custom_step0_s_20260519_18,9b6d9ece7f3d4435840fef9eb77a5a22,0.027,,,
2745,2026-05-19,SH601236,-0.0018312168314194622,EXP_CatBoostModel_Alpha158_csi300_custom_step0_s_20260519_18,9b6d9ece7f3d4435840fef9eb77a5a22,0.027,,,
2746,2026-05-19,SH600930,-0.0024882954865528004,EXP_CatBoostModel_Alpha158_csi300_custom_step0_s_20260519_18,9b6d9ece7f3d4435840fef9eb77a5a22,0.027,,,
2747,2026-05-19,SH600926,0.0002695080739567845,EXP_CatBoostModel_Alpha158_csi300_custom_step0_s_20260519_18,9b6d9ece7f3d4435840fef9eb77a5a22,0.027,,,
2748,2026-05-19,SH600919,0.002383787577490321,EXP_CatBoostModel_Alpha158_csi300_custom_step0_s_20260519_18,9b6d9ece7f3d4435840fef9eb77a5a22,0.027,,,
2749,2026-05-19,SH600570,-0.0018312168314194622,EXP_CatBoostModel_Alpha158_csi300_custom_step0_s_20260519_18,9b6d9ece7f3d4435840fef9eb77a5a22,0.027,,,
2750,2026-05-19,SH600547,0.00432613056966694,EXP_CatBoostModel_Alpha158_csi300_custom_step0_s_20260519_18,9b6d9ece7f3d4435840fef9eb77a5a22,0.027,,,
2751,2026-05-19,SH600522,0.008105533638736716,EXP_CatBoostModel_Alpha158_csi300_custom_step0_s_20260519_18,9b6d9ece7f3d4435840fef9eb77a5a22,0.027,,,
2752,2026-05-19,SH600519,0.0002695080739567845,EXP_CatBoostModel_Alpha158_csi300_custom_step0_s_20260519_18,9b6d9ece7f3d4435840fef9eb77a5a22,0.027,,,
2753,2026-05-19,SH600515,-0.0018312168314194622,EXP_CatBoostModel_Alpha158_csi300_custom_step0_s_20260519_18,9b6d9ece7f3d4435840fef9eb77a5a22,0.027,,,
2754,2026-05-19,SH600489,-0.0018312168314194622,EXP_CatBoostModel_Alpha158_csi300_custom_step0_s_20260519_18,9b6d9ece7f3d4435840fef9eb77a5a22,0.027,,,
2755,2026-05-19,SH600482,-0.0018312168314194622,EXP_CatBoostModel_Alpha158_csi300_custom_step0_s_20260519_18,9b6d9ece7f3d4435840fef9eb77a5a22,0.027,,,
2756,2026-05-19,SH600584,0.007619918612806893,EXP_CatBoostModel_Alpha158_csi300_custom_step0_s_20260519_18,9b6d9ece7f3d4435840fef9eb77a5a22,0.027,,,
2757,2026-05-19,SH600460,-0.0013977384104782234,EXP_CatBoostModel_Alpha158_csi300_custom_step0_s_20260519_18,9b6d9ece7f3d4435840fef9eb77a5a22,0.027,,,
2758,2026-05-19,SH600436,-0.0018312168314194622,EXP_CatBoostModel_Alpha158_csi300_custom_step0_s_20260519_18,9b6d9ece7f3d4435840fef9eb77a5a22,0.027,,,
2759,2026-05-19,SH600426,-0.0024882954865528004,EXP_CatBoostModel_Alpha158_csi300_custom_step0_s_20260519_18,9b6d9ece7f3d4435840fef9eb77a5a22,0.027,,,
2760,2026-05-19,SH600415,-0.0013977384104782234,EXP_CatBoostModel_Alpha158_csi300_custom_step0_s_20260519_18,9b6d9ece7f3d4435840fef9eb77a5a22,0.027,,,
2761,2026-05-19,SH600406,-0.0018312168314194622,EXP_CatBoostModel_Alpha158_csi300_custom_step0_s_20260519_18,9b6d9ece7f3d4435840fef9eb77a5a22,0.027,,,
2762,2026-05-19,SH600377,0.002383787577490321,EXP_CatBoostModel_Alpha158_csi300_custom_step0_s_20260519_18,9b6d9ece7f3d4435840fef9eb77a5a22,0.027,,,
2763,2026-05-19,SH600372,-0.0024882954865528004,EXP_CatBoostModel_Alpha158_csi300_custom_step0_s_20260519_18,9b6d9ece7f3d4435840fef9eb77a5a22,0.027,,,
2764,2026-05-19,SH600362,-0.0018312168314194622,EXP_CatBoostModel_Alpha158_csi300_custom_step0_s_20260519_18,9b6d9ece7f3d4435840fef9eb77a5a22,0.027,,,
2765,2026-05-19,SH600438,-0.0018312168314194622,EXP_CatBoostModel_Alpha158_csi300_custom_step0_s_20260519_18,9b6d9ece7f3d4435840fef9eb77a5a22,0.027,,,
2766,2026-05-19,SH601377,-0.0018312168314194622,EXP_CatBoostModel_Alpha158_csi300_custom_step0_s_20260519_18,9b6d9ece7f3d4435840fef9eb77a5a22,0.027,,,
2767,2026-05-19,SH600585,-0.0018312168314194622,EXP_CatBoostModel_Alpha158_csi300_custom_step0_s_20260519_18,9b6d9ece7f3d4435840fef9eb77a5a22,0.027,,,
2768,2026-05-19,SH600600,0.0012748694110593013,EXP_CatBoostModel_Alpha158_csi300_custom_step0_s_20260519_18,9b6d9ece7f3d4435840fef9eb77a5a22,0.027,,,
2769,2026-05-19,SH600918,0.0002695080739567845,EXP_CatBoostModel_Alpha158_csi300_custom_step0_s_20260519_18,9b6d9ece7f3d4435840fef9eb77a5a22,0.027,,,
2770,2026-05-19,SH600905,0.003974073774708951,EXP_CatBoostModel_Alpha158_csi300_custom_step0_s_20260519_18,9b6d9ece7f3d4435840fef9eb77a5a22,0.027,,,
2771,2026-05-19,SH600900,0.0006741184397854367,EXP_CatBoostModel_Alpha158_csi300_custom_step0_s_20260519_18,9b6d9ece7f3d4435840fef9eb77a5a22,0.027,,,
2772,2026-05-19,SH600893,-0.0018312168314194622,EXP_CatBoostModel_Alpha158_csi300_custom_step0_s_20260519_18,9b6d9ece7f3d4435840fef9eb77a5a22,0.027,,,
2773,2026-05-19,SH600887,0.002383787577490321,EXP_CatBoostModel_Alpha158_csi300_custom_step0_s_20260519_18,9b6d9ece7f3d4435840fef9eb77a5a22,0.027,,,
2774,2026-05-19,SH600886,0.002383787577490321,EXP_CatBoostModel_Alpha158_csi300_custom_step0_s_20260519_18,9b6d9ece7f3d4435840fef9eb77a5a22,0.027,,,
2775,2026-05-19,SH600875,-0.0018312168314194622,EXP_CatBoostModel_Alpha158_csi300_custom_step0_s_20260519_18,9b6d9ece7f3d4435840fef9eb77a5a22,0.027,,,
2776,2026-05-19,SH600588,-0.0018312168314194622,EXP_CatBoostModel_Alpha158_csi300_custom_step0_s_20260519_18,9b6d9ece7f3d4435840fef9eb77a5a22,0.027,,,
2777,2026-05-19,SH600845,-0.00232478619602815,EXP_CatBoostModel_Alpha158_csi300_custom_step0_s_20260519_18,9b6d9ece7f3d4435840fef9eb77a5a22,0.027,,,
2778,2026-05-19,SH600803,0.0002695080739567845,EXP_CatBoostModel_Alpha158_csi300_custom_step0_s_20260519_18,9b6d9ece7f3d4435840fef9eb77a5a22,0.027,,,
2779,2026-05-19,SH600795,-0.0013977384104782234,EXP_CatBoostModel_Alpha158_csi300_custom_step0_s_20260519_18,9b6d9ece7f3d4435840fef9eb77a5a22,0.027,,,
2780,2026-05-19,SH600760,-0.0018312168314194622,EXP_CatBoostModel_Alpha158_csi300_custom_step0_s_20260519_18,9b6d9ece7f3d4435840fef9eb77a5a22,0.027,,,
2781,2026-05-19,SH600741,-0.0018312168314194622,EXP_CatBoostModel_Alpha158_csi300_custom_step0_s_20260519_18,9b6d9ece7f3d4435840fef9eb77a5a22,0.027,,,
2782,2026-05-19,SH600690,0.002383787577490321,EXP_CatBoostModel_Alpha158_csi300_custom_step0_s_20260519_18,9b6d9ece7f3d4435840fef9eb77a5a22,0.027,,,
2783,2026-05-19,SH600674,0.002383787577490321,EXP_CatBoostModel_Alpha158_csi300_custom_step0_s_20260519_18,9b6d9ece7f3d4435840fef9eb77a5a22,0.027,,,
2784,2026-05-19,SH600660,-0.0018312168314194622,EXP_CatBoostModel_Alpha158_csi300_custom_step0_s_20260519_18,9b6d9ece7f3d4435840fef9eb77a5a22,0.027,,,
2785,2026-05-19,SH600809,-0.0018312168314194622,EXP_CatBoostModel_Alpha158_csi300_custom_step0_s_20260519_18,9b6d9ece7f3d4435840fef9eb77a5a22,0.027,,,
2786,2026-05-19,SH601390,-0.0018312168314194622,EXP_CatBoostModel_Alpha158_csi300_custom_step0_s_20260519_18,9b6d9ece7f3d4435840fef9eb77a5a22,0.027,,,
2787,2026-05-19,SH601398,0.003974073774708951,EXP_CatBoostModel_Alpha158_csi300_custom_step0_s_20260519_18,9b6d9ece7f3d4435840fef9eb77a5a22,0.027,,,
2788,2026-05-19,SH601456,-0.0018312168314194622,EXP_CatBoostModel_Alpha158_csi300_custom_step0_s_20260519_18,9b6d9ece7f3d4435840fef9eb77a5a22,0.027,,,
2789,2026-05-19,SH688012,-0.04286504401670596,EXP_CatBoostModel_Alpha158_csi300_custom_step0_s_20260519_18,9b6d9ece7f3d4435840fef9eb77a5a22,0.027,,,
2790,2026-05-19,SH688009,0.0002695080739567845,EXP_CatBoostModel_Alpha158_csi300_custom_step0_s_20260519_18,9b6d9ece7f3d4435840fef9eb77a5a22,0.027,,,
2791,2026-05-19,SH688008,0.05453689992445587,EXP_CatBoostModel_Alpha158_csi300_custom_step0_s_20260519_18,9b6d9ece7f3d4435840fef9eb77a5a22,0.027,,,
2792,2026-05-19,SH605499,-0.0018312168314194622,EXP_CatBoostModel_Alpha158_csi300_custom_step0_s_20260519_18,9b6d9ece7f3d4435840fef9eb77a5a22,0.027,,,
2793,2026-05-19,SH605117,-0.000740659755344885,EXP_CatBoostModel_Alpha158_csi300_custom_step0_s_20260519_18,9b6d9ece7f3d4435840fef9eb77a5a22,0.027,,,
2794,2026-05-19,SH603993,-0.0018312168314194622,EXP_CatBoostModel_Alpha158_csi300_custom_step0_s_20260519_18,9b6d9ece7f3d4435840fef9eb77a5a22,0.027,,,
2795,2026-05-19,SH603986,0.00827699726794023,EXP_CatBoostModel_Alpha158_csi300_custom_step0_s_20260519_18,9b6d9ece7f3d4435840fef9eb77a5a22,0.027,,,
2796,2026-05-19,SH688036,-0.0013977384104782234,EXP_CatBoostModel_Alpha158_csi300_custom_step0_s_20260519_18,9b6d9ece7f3d4435840fef9eb77a5a22,0.027,,,
2797,2026-05-19,SH603893,-0.0013977384104782234,EXP_CatBoostModel_Alpha158_csi300_custom_step0_s_20260519_18,9b6d9ece7f3d4435840fef9eb77a5a22,0.027,,,
2798,2026-05-19,SH603501,0.002383787577490321,EXP_CatBoostModel_Alpha158_csi300_custom_step0_s_20260519_18,9b6d9ece7f3d4435840fef9eb77a5a22,0.027,,,
2799,2026-05-19,SH603392,-0.0024882954865528004,EXP_CatBoostModel_Alpha158_csi300_custom_step0_s_20260519_18,9b6d9ece7f3d4435840fef9eb77a5a22,0.027,,,
2800,2026-05-19,SH603369,-0.0018312168314194622,EXP_CatBoostModel_Alpha158_csi300_custom_step0_s_20260519_18,9b6d9ece7f3d4435840fef9eb77a5a22,0.027,,,
2801,2026-05-19,SH603296,-0.0024882954865528004,EXP_CatBoostModel_Alpha158_csi300_custom_step0_s_20260519_18,9b6d9ece7f3d4435840fef9eb77a5a22,0.027,,,
2802,2026-05-19,SH603288,-0.0018312168314194622,EXP_CatBoostModel_Alpha158_csi300_custom_step0_s_20260519_18,9b6d9ece7f3d4435840fef9eb77a5a22,0.027,,,
2803,2026-05-19,SH603260,-0.0018312168314194622,EXP_CatBoostModel_Alpha158_csi300_custom_step0_s_20260519_18,9b6d9ece7f3d4435840fef9eb77a5a22,0.027,,,
2804,2026-05-19,SH603259,-0.0018312168314194622,EXP_CatBoostModel_Alpha158_csi300_custom_step0_s_20260519_18,9b6d9ece7f3d4435840fef9eb77a5a22,0.027,,,
2805,2026-05-19,SH603799,-0.0018312168314194622,EXP_CatBoostModel_Alpha158_csi300_custom_step0_s_20260519_18,9b6d9ece7f3d4435840fef9eb77a5a22,0.027,,,
2806,2026-05-19,SH603195,0.0002695080739567845,EXP_CatBoostModel_Alpha158_csi300_custom_step0_s_20260519_18,9b6d9ece7f3d4435840fef9eb77a5a22,0.027,,,
2807,2026-05-19,SH688041,0.0005762454900664307,EXP_CatBoostModel_Alpha158_csi300_custom_step0_s_20260519_18,9b6d9ece7f3d4435840fef9eb77a5a22,0.027,,,
2808,2026-05-19,SH688082,0.006364096713556342,EXP_CatBoostModel_Alpha158_csi300_custom_step0_s_20260519_18,9b6d9ece7f3d4435840fef9eb77a5a22,0.027,,,
2809,2026-05-19,SZ000100,0.002383787577490321,EXP_CatBoostModel_Alpha158_csi300_custom_step0_s_20260519_18,9b6d9ece7f3d4435840fef9eb77a5a22,0.027,,,
2810,2026-05-19,SZ000063,-0.0018312168314194622,EXP_CatBoostModel_Alpha158_csi300_custom_step0_s_20260519_18,9b6d9ece7f3d4435840fef9eb77a5a22,0.027,,,
2811,2026-05-19,SZ000002,-0.0018312168314194622,EXP_CatBoostModel_Alpha158_csi300_custom_step0_s_20260519_18,9b6d9ece7f3d4435840fef9eb77a5a22,0.027,,,
2812,2026-05-19,SZ000001,-0.0018312168314194622,EXP_CatBoostModel_Alpha158_csi300_custom_step0_s_20260519_18,9b6d9ece7f3d4435840fef9eb77a5a22,0.027,,,
2813,2026-05-19,SH688981,-0.0018312168314194622,EXP_CatBoostModel_Alpha158_csi300_custom_step0_s_20260519_18,9b6d9ece7f3d4435840fef9eb77a5a22,0.027,,,
2814,2026-05-19,SH688506,0.0007477091192699457,EXP_CatBoostModel_Alpha158_csi300_custom_step0_s_20260519_18,9b6d9ece7f3d4435840fef9eb77a5a22,0.027,,,
2815,2026-05-19,SH688472,-0.0018312168314194622,EXP_CatBoostModel_Alpha158_csi300_custom_step0_s_20260519_18,9b6d9ece7f3d4435840fef9eb77a5a22,0.027,,,
2816,2026-05-19,SH688047,0.0007477091192699457,EXP_CatBoostModel_Alpha158_csi300_custom_step0_s_20260519_18,9b6d9ece7f3d4435840fef9eb77a5a22,0.027,,,
2817,2026-05-19,SH688396,0.007619918612806893,EXP_CatBoostModel_Alpha158_csi300_custom_step0_s_20260519_18,9b6d9ece7f3d4435840fef9eb77a5a22,0.027,,,
2818,2026-05-19,SH688271,-0.0018312168314194622,EXP_CatBoostModel_Alpha158_csi300_custom_step0_s_20260519_18,9b6d9ece7f3d4435840fef9eb77a5a22,0.027,,,
2819,2026-05-19,SH688256,0.008105533638736716,EXP_CatBoostModel_Alpha158_csi300_custom_step0_s_20260519_18,9b6d9ece7f3d4435840fef9eb77a5a22,0.027,,,
2820,2026-05-19,SH688223,-0.0018312168314194622,EXP_CatBoostModel_Alpha158_csi300_custom_step0_s_20260519_18,9b6d9ece7f3d4435840fef9eb77a5a22,0.027,,,
2821,2026-05-19,SH688187,-0.0024882954865528004,EXP_CatBoostModel_Alpha158_csi300_custom_step0_s_20260519_18,9b6d9ece7f3d4435840fef9eb77a5a22,0.027,,,
2822,2026-05-19,SH688169,-0.0013977384104782234,EXP_CatBoostModel_Alpha158_csi300_custom_step0_s_20260519_18,9b6d9ece7f3d4435840fef9eb77a5a22,0.027,,,
2823,2026-05-19,SH688126,0.015381753736841457,EXP_CatBoostModel_Alpha158_csi300_custom_step0_s_20260519_18,9b6d9ece7f3d4435840fef9eb77a5a22,0.027,,,
2824,2026-05-19,SH688111,-0.0018312168314194622,EXP_CatBoostModel_Alpha158_csi300_custom_step0_s_20260519_18,9b6d9ece7f3d4435840fef9eb77a5a22,0.027,,,
2825,2026-05-19,SH688303,-0.0018312168314194622,EXP_CatBoostModel_Alpha158_csi300_custom_step0_s_20260519_18,9b6d9ece7f3d4435840fef9eb77a5a22,0.027,,,
2826,2026-05-19,SZ000166,-0.0018312168314194622,EXP_CatBoostModel_Alpha158_csi300_custom_step0_s_20260519_18,9b6d9ece7f3d4435840fef9eb77a5a22,0.027,,,
2827,2026-05-19,SH603019,-0.0018312168314194622,EXP_CatBoostModel_Alpha158_csi300_custom_step0_s_20260519_18,9b6d9ece7f3d4435840fef9eb77a5a22,0.027,,,
2828,2026-05-19,SH601995,0.002383787577490321,EXP_CatBoostModel_Alpha158_csi300_custom_step0_s_20260519_18,9b6d9ece7f3d4435840fef9eb77a5a22,0.027,,,
2829,2026-05-19,SH601800,-0.0024882954865528004,EXP_CatBoostModel_Alpha158_csi300_custom_step0_s_20260519_18,9b6d9ece7f3d4435840fef9eb77a5a22,0.027,,,
2830,2026-05-19,SH601788,-0.0018312168314194622,EXP_CatBoostModel_Alpha158_csi300_custom_step0_s_20260519_18,9b6d9ece7f3d4435840fef9eb77a5a22,0.027,,,
2831,2026-05-19,SH601766,0.002383787577490321,EXP_CatBoostModel_Alpha158_csi300_custom_step0_s_20260519_18,9b6d9ece7f3d4435840fef9eb77a5a22,0.027,,,
2832,2026-05-19,SH601728,0.006364096713556342,EXP_CatBoostModel_Alpha158_csi300_custom_step0_s_20260519_18,9b6d9ece7f3d4435840fef9eb77a5a22,0.027,,,
2833,2026-05-19,SH601698,-0.0018312168314194622,EXP_CatBoostModel_Alpha158_csi300_custom_step0_s_20260519_18,9b6d9ece7f3d4435840fef9eb77a5a22,0.027,,,
2834,2026-05-19,SH601689,-0.000740659755344885,EXP_CatBoostModel_Alpha158_csi300_custom_step0_s_20260519_18,9b6d9ece7f3d4435840fef9eb77a5a22,0.027,,,
2835,2026-05-19,SH601688,-0.0018312168314194622,EXP_CatBoostModel_Alpha158_csi300_custom_step0_s_20260519_18,9b6d9ece7f3d4435840fef9eb77a5a22,0.027,,,
2836,2026-05-19,SH601808,-0.0003875705811765539,EXP_CatBoostModel_Alpha158_csi300_custom_step0_s_20260519_18,9b6d9ece7f3d4435840fef9eb77a5a22,0.027,,,
2837,2026-05-19,SH601669,-0.0018312168314194622,EXP_CatBoostModel_Alpha158_csi300_custom_step0_s_20260519_18,9b6d9ece7f3d4435840fef9eb77a5a22,0.027,,,
2838,2026-05-19,SH601658,0.0011176056885541395,EXP_CatBoostModel_Alpha158_csi300_custom_step0_s_20260519_18,9b6d9ece7f3d4435840fef9eb77a5a22,0.027,,,
2839,2026-05-19,SH601633,-0.0024882954865528004,EXP_CatBoostModel_Alpha158_csi300_custom_step0_s_20260519_18,9b6d9ece7f3d4435840fef9eb77a5a22,0.027,,,
2840,2026-05-19,SH601628,-0.0018312168314194622,EXP_CatBoostModel_Alpha158_csi300_custom_step0_s_20260519_18,9b6d9ece7f3d4435840fef9eb77a5a22,0.027,,,
2841,2026-05-19,SH601618,0.0002695080739567845,EXP_CatBoostModel_Alpha158_csi300_custom_step0_s_20260519_18,9b6d9ece7f3d4435840fef9eb77a5a22,0.027,,,
2842,2026-05-19,SH601607,0.003974073774708951,EXP_CatBoostModel_Alpha158_csi300_custom_step0_s_20260519_18,9b6d9ece7f3d4435840fef9eb77a5a22,0.027,,,
2843,2026-05-19,SH601601,-0.0018312168314194622,EXP_CatBoostModel_Alpha158_csi300_custom_step0_s_20260519_18,9b6d9ece7f3d4435840fef9eb77a5a22,0.027,,,
2844,2026-05-19,SH601600,-0.0018312168314194622,EXP_CatBoostModel_Alpha158_csi300_custom_step0_s_20260519_18,9b6d9ece7f3d4435840fef9eb77a5a22,0.027,,,
2845,2026-05-19,SH601668,0.0012748694110593013,EXP_CatBoostModel_Alpha158_csi300_custom_step0_s_20260519_18,9b6d9ece7f3d4435840fef9eb77a5a22,0.027,,,
2846,2026-05-19,SH601998,-0.0018312168314194622,EXP_CatBoostModel_Alpha158_csi300_custom_step0_s_20260519_18,9b6d9ece7f3d4435840fef9eb77a5a22,0.027,,,
2847,2026-05-19,SH601816,0.0006741184397854367,EXP_CatBoostModel_Alpha158_csi300_custom_step0_s_20260519_18,9b6d9ece7f3d4435840fef9eb77a5a22,0.027,,,
2848,2026-05-19,SH601825,0.003934980462127143,EXP_CatBoostModel_Alpha158_csi300_custom_step0_s_20260519_18,9b6d9ece7f3d4435840fef9eb77a5a22,0.027,,,
2849,2026-05-19,SH601988,0.0028260622956961237,EXP_CatBoostModel_Alpha158_csi300_custom_step0_s_20260519_18,9b6d9ece7f3d4435840fef9eb77a5a22,0.027,,,
2850,2026-05-19,SH601985,0.002383787577490321,EXP_CatBoostModel_Alpha158_csi300_custom_step0_s_20260519_18,9b6d9ece7f3d4435840fef9eb77a5a22,0.027,,,
2851,2026-05-19,SH601939,0.002383787577490321,EXP_CatBoostModel_Alpha158_csi300_custom_step0_s_20260519_18,9b6d9ece7f3d4435840fef9eb77a5a22,0.027,,,
2852,2026-05-19,SH601919,0.002383787577490321,EXP_CatBoostModel_Alpha158_csi300_custom_step0_s_20260519_18,9b6d9ece7f3d4435840fef9eb77a5a22,0.027,,,
2853,2026-05-19,SH601916,0.003974073774708951,EXP_CatBoostModel_Alpha158_csi300_custom_step0_s_20260519_18,9b6d9ece7f3d4435840fef9eb77a5a22,0.027,,,
2854,2026-05-19,SH601901,-0.0018312168314194622,EXP_CatBoostModel_Alpha158_csi300_custom_step0_s_20260519_18,9b6d9ece7f3d4435840fef9eb77a5a22,0.027,,,
2855,2026-05-19,SH601899,-0.0018312168314194622,EXP_CatBoostModel_Alpha158_csi300_custom_step0_s_20260519_18,9b6d9ece7f3d4435840fef9eb77a5a22,0.027,,,
2856,2026-05-19,SH601818,0.003974073774708951,EXP_CatBoostModel_Alpha158_csi300_custom_step0_s_20260519_18,9b6d9ece7f3d4435840fef9eb77a5a22,0.027,,,
2857,2026-05-19,SH601898,-0.0018312168314194622,EXP_CatBoostModel_Alpha158_csi300_custom_step0_s_20260519_18,9b6d9ece7f3d4435840fef9eb77a5a22,0.027,,,
2858,2026-05-19,SH601881,-0.0018312168314194622,EXP_CatBoostModel_Alpha158_csi300_custom_step0_s_20260519_18,9b6d9ece7f3d4435840fef9eb77a5a22,0.027,,,
2859,2026-05-19,SH601878,0.0002695080739567845,EXP_CatBoostModel_Alpha158_csi300_custom_step0_s_20260519_18,9b6d9ece7f3d4435840fef9eb77a5a22,0.027,,,
2860,2026-05-19,SH601877,-0.0024882954865528004,EXP_CatBoostModel_Alpha158_csi300_custom_step0_s_20260519_18,9b6d9ece7f3d4435840fef9eb77a5a22,0.027,,,
2861,2026-05-19,SH601872,-0.0018312168314194622,EXP_CatBoostModel_Alpha158_csi300_custom_step0_s_20260519_18,9b6d9ece7f3d4435840fef9eb77a5a22,0.027,,,
2862,2026-05-19,SH601868,-0.0024882954865528004,EXP_CatBoostModel_Alpha158_csi300_custom_step0_s_20260519_18,9b6d9ece7f3d4435840fef9eb77a5a22,0.027,,,
2863,2026-05-19,SH601857,-0.0018312168314194622,EXP_CatBoostModel_Alpha158_csi300_custom_step0_s_20260519_18,9b6d9ece7f3d4435840fef9eb77a5a22,0.027,,,
2864,2026-05-19,SH601838,0.002383787577490321,EXP_CatBoostModel_Alpha158_csi300_custom_step0_s_20260519_18,9b6d9ece7f3d4435840fef9eb77a5a22,0.027,,,
2865,2026-05-19,SH601888,-0.0018312168314194622,EXP_CatBoostModel_Alpha158_csi300_custom_step0_s_20260519_18,9b6d9ece7f3d4435840fef9eb77a5a22,0.027,,,
2866,2026-05-19,SH600570,0.0024427655017620273,EXP_CatBoostModel_Alpha158_csi300_custom_step0_s_20260519_18,df9df857e94448428cd0ec8c30138e49,0.067,,,
2867,2026-05-19,SH600584,0.10532011897200226,EXP_CatBoostModel_Alpha158_csi300_custom_step0_s_20260519_18,df9df857e94448428cd0ec8c30138e49,0.067,,,
2868,2026-05-19,SH600585,-0.021136171514648115,EXP_CatBoostModel_Alpha158_csi300_custom_step0_s_20260519_18,df9df857e94448428cd0ec8c30138e49,0.067,,,
2869,2026-05-19,SZ300251,0.22015690029968057,EXP_CatBoostModel_Alpha158_csi300_custom_step0_s_20260519_18,df9df857e94448428cd0ec8c30138e49,0.067,,,
2870,2026-05-19,SZ300124,-0.0359156763014685,EXP_CatBoostModel_Alpha158_csi300_custom_step0_s_20260519_18,df9df857e94448428cd0ec8c30138e49,0.067,,,
2871,2026-05-19,SZ300122,-0.011009449459227723,EXP_CatBoostModel_Alpha158_csi300_custom_step0_s_20260519_18,df9df857e94448428cd0ec8c30138e49,0.067,,,
2872,2026-05-19,SZ300059,-0.013385562930660568,EXP_CatBoostModel_Alpha158_csi300_custom_step0_s_20260519_18,df9df857e94448428cd0ec8c30138e49,0.067,,,
2873,2026-05-19,SZ300033,-0.005804249237429023,EXP_CatBoostModel_Alpha158_csi300_custom_step0_s_20260519_18,df9df857e94448428cd0ec8c30138e49,0.067,,,
2874,2026-05-19,SZ300015,-0.00769638650504592,EXP_CatBoostModel_Alpha158_csi300_custom_step0_s_20260519_18,df9df857e94448428cd0ec8c30138e49,0.067,,,
2875,2026-05-19,SZ300014,-0.001304693988315728,EXP_CatBoostModel_Alpha158_csi300_custom_step0_s_20260519_18,df9df857e94448428cd0ec8c30138e49,0.067,,,
2876,2026-05-19,SZ003816,0.0051269640841185675,EXP_CatBoostModel_Alpha158_csi300_custom_step0_s_20260519_18,df9df857e94448428cd0ec8c30138e49,0.067,,,
2877,2026-05-19,SZ002938,0.043681049639075674,EXP_CatBoostModel_Alpha158_csi300_custom_step0_s_20260519_18,df9df857e94448428cd0ec8c30138e49,0.067,,,
2878,2026-05-19,SZ002920,-0.021972738922078645,EXP_CatBoostModel_Alpha158_csi300_custom_step0_s_20260519_18,df9df857e94448428cd0ec8c30138e49,0.067,,,
2879,2026-05-19,SZ002916,-0.0013531566790703441,EXP_CatBoostModel_Alpha158_csi300_custom_step0_s_20260519_18,df9df857e94448428cd0ec8c30138e49,0.067,,,
2880,2026-05-19,SZ002736,0.009176234576835104,EXP_CatBoostModel_Alpha158_csi300_custom_step0_s_20260519_18,df9df857e94448428cd0ec8c30138e49,0.067,,,
2881,2026-05-19,SZ002714,-0.011205434091833314,EXP_CatBoostModel_Alpha158_csi300_custom_step0_s_20260519_18,df9df857e94448428cd0ec8c30138e49,0.067,,,
2882,2026-05-19,SZ002709,0.06340046856944702,EXP_CatBoostModel_Alpha158_csi300_custom_step0_s_20260519_18,df9df857e94448428cd0ec8c30138e49,0.067,,,
2883,2026-05-19,SZ002648,-0.002253439985500662,EXP_CatBoostModel_Alpha158_csi300_custom_step0_s_20260519_18,df9df857e94448428cd0ec8c30138e49,0.067,,,
2884,2026-05-19,SZ300274,0.05187018139403647,EXP_CatBoostModel_Alpha158_csi300_custom_step0_s_20260519_18,df9df857e94448428cd0ec8c30138e49,0.067,,,
2885,2026-05-19,SZ300308,0.056757427100152885,EXP_CatBoostModel_Alpha158_csi300_custom_step0_s_20260519_18,df9df857e94448428cd0ec8c30138e49,0.067,,,
2886,2026-05-19,SZ300316,0.014618160762278613,EXP_CatBoostModel_Alpha158_csi300_custom_step0_s_20260519_18,df9df857e94448428cd0ec8c30138e49,0.067,,,
2887,2026-05-19,SZ300347,0.05227902898527744,EXP_CatBoostModel_Alpha158_csi300_custom_step0_s_20260519_18,df9df857e94448428cd0ec8c30138e49,0.067,,,
2888,2026-05-19,SZ300803,-0.03635636419788713,EXP_CatBoostModel_Alpha158_csi300_custom_step0_s_20260519_18,df9df857e94448428cd0ec8c30138e49,0.067,,,
2889,2026-05-19,SZ300782,0.013153693778790465,EXP_CatBoostModel_Alpha158_csi300_custom_step0_s_20260519_18,df9df857e94448428cd0ec8c30138e49,0.067,,,
2890,2026-05-19,SZ300760,-0.00819846318015245,EXP_CatBoostModel_Alpha158_csi300_custom_step0_s_20260519_18,df9df857e94448428cd0ec8c30138e49,0.067,,,
2891,2026-05-19,SZ300759,0.0015414390394529068,EXP_CatBoostModel_Alpha158_csi300_custom_step0_s_20260519_18,df9df857e94448428cd0ec8c30138e49,0.067,,,
2892,2026-05-19,SZ300750,-0.002607132167114215,EXP_CatBoostModel_Alpha158_csi300_custom_step0_s_20260519_18,df9df857e94448428cd0ec8c30138e49,0.067,,,
2893,2026-05-19,SZ300661,0.0057692907289085245,EXP_CatBoostModel_Alpha158_csi300_custom_step0_s_20260519_18,df9df857e94448428cd0ec8c30138e49,0.067,,,
2894,2026-05-19,SZ300628,0.007959093907876882,EXP_CatBoostModel_Alpha158_csi300_custom_step0_s_20260519_18,df9df857e94448428cd0ec8c30138e49,0.067,,,
2895,2026-05-19,SZ002625,-0.004557386737855905,EXP_CatBoostModel_Alpha158_csi300_custom_step0_s_20260519_18,df9df857e94448428cd0ec8c30138e49,0.067,,,
2896,2026-05-19,SZ300502,0.07593514856989689,EXP_CatBoostModel_Alpha158_csi300_custom_step0_s_20260519_18,df9df857e94448428cd0ec8c30138e49,0.067,,,
2897,2026-05-19,SZ300476,0.06311764315324334,EXP_CatBoostModel_Alpha158_csi300_custom_step0_s_20260519_18,df9df857e94448428cd0ec8c30138e49,0.067,,,
2898,2026-05-19,SZ300442,0.004094291775252865,EXP_CatBoostModel_Alpha158_csi300_custom_step0_s_20260519_18,df9df857e94448428cd0ec8c30138e49,0.067,,,
2899,2026-05-19,SZ300433,-0.12012229648147872,EXP_CatBoostModel_Alpha158_csi300_custom_step0_s_20260519_18,df9df857e94448428cd0ec8c30138e49,0.067,,,
2900,2026-05-19,SZ300418,-0.010768823093685802,EXP_CatBoostModel_Alpha158_csi300_custom_step0_s_20260519_18,df9df857e94448428cd0ec8c30138e49,0.067,,,
2901,2026-05-19,SZ300413,-0.02403650345076989,EXP_CatBoostModel_Alpha158_csi300_custom_step0_s_20260519_18,df9df857e94448428cd0ec8c30138e49,0.067,,,
2902,2026-05-19,SZ300408,0.14412387902772023,EXP_CatBoostModel_Alpha158_csi300_custom_step0_s_20260519_18,df9df857e94448428cd0ec8c30138e49,0.067,,,
2903,2026-05-19,SZ300394,0.015073575878352771,EXP_CatBoostModel_Alpha158_csi300_custom_step0_s_20260519_18,df9df857e94448428cd0ec8c30138e49,0.067,,,
2904,2026-05-19,SZ300498,0.015478609529603036,EXP_CatBoostModel_Alpha158_csi300_custom_step0_s_20260519_18,df9df857e94448428cd0ec8c30138e49,0.067,,,
2905,2026-05-19,SZ002601,-0.020940861898702232,EXP_CatBoostModel_Alpha158_csi300_custom_step0_s_20260519_18,df9df857e94448428cd0ec8c30138e49,0.067,,,
2906,2026-05-19,SZ002600,0.036408682874436084,EXP_CatBoostModel_Alpha158_csi300_custom_step0_s_20260519_18,df9df857e94448428cd0ec8c30138e49,0.067,,,
2907,2026-05-19,SZ002594,-0.007533947951845516,EXP_CatBoostModel_Alpha158_csi300_custom_step0_s_20260519_18,df9df857e94448428cd0ec8c30138e49,0.067,,,
2908,2026-05-19,SZ002050,0.01913652841510981,EXP_CatBoostModel_Alpha158_csi300_custom_step0_s_20260519_18,df9df857e94448428cd0ec8c30138e49,0.067,,,
2909,2026-05-19,SZ002049,0.021439412142912676,EXP_CatBoostModel_Alpha158_csi300_custom_step0_s_20260519_18,df9df857e94448428cd0ec8c30138e49,0.067,,,
2910,2026-05-19,SZ002028,-0.022762645502770733,EXP_CatBoostModel_Alpha158_csi300_custom_step0_s_20260519_18,df9df857e94448428cd0ec8c30138e49,0.067,,,
2911,2026-05-19,SZ002027,-0.01745308406799569,EXP_CatBoostModel_Alpha158_csi300_custom_step0_s_20260519_18,df9df857e94448428cd0ec8c30138e49,0.067,,,
2912,2026-05-19,SZ002001,0.00927701407849479,EXP_CatBoostModel_Alpha158_csi300_custom_step0_s_20260519_18,df9df857e94448428cd0ec8c30138e49,0.067,,,
2913,2026-05-19,SZ001979,-0.008620746600390637,EXP_CatBoostModel_Alpha158_csi300_custom_step0_s_20260519_18,df9df857e94448428cd0ec8c30138e49,0.067,,,
2914,2026-05-19,SZ001965,0.004578685199698495,EXP_CatBoostModel_Alpha158_csi300_custom_step0_s_20260519_18,df9df857e94448428cd0ec8c30138e49,0.067,,,
2915,2026-05-19,SZ002074,-0.008819583311805577,EXP_CatBoostModel_Alpha158_csi300_custom_step0_s_20260519_18,df9df857e94448428cd0ec8c30138e49,0.067,,,
2916,2026-05-19,SZ001391,-0.003661692577949261,EXP_CatBoostModel_Alpha158_csi300_custom_step0_s_20260519_18,df9df857e94448428cd0ec8c30138e49,0.067,,,
2917,2026-05-19,SZ000983,-0.0044856954669290775,EXP_CatBoostModel_Alpha158_csi300_custom_step0_s_20260519_18,df9df857e94448428cd0ec8c30138e49,0.067,,,
2918,2026-05-19,SZ000977,-0.09076739016327931,EXP_CatBoostModel_Alpha158_csi300_custom_step0_s_20260519_18,df9df857e94448428cd0ec8c30138e49,0.067,,,
2919,2026-05-19,SZ000975,0.0692836717316256,EXP_CatBoostModel_Alpha158_csi300_custom_step0_s_20260519_18,df9df857e94448428cd0ec8c30138e49,0.067,,,
2920,2026-05-19,SZ000963,0.02478217634248588,EXP_CatBoostModel_Alpha158_csi300_custom_step0_s_20260519_18,df9df857e94448428cd0ec8c30138e49,0.067,,,
2921,2026-05-19,SZ000938,-0.11916719755467792,EXP_CatBoostModel_Alpha158_csi300_custom_step0_s_20260519_18,df9df857e94448428cd0ec8c30138e49,0.067,,,
2922,2026-05-19,SZ000895,-0.021061375475161615,EXP_CatBoostModel_Alpha158_csi300_custom_step0_s_20260519_18,df9df857e94448428cd0ec8c30138e49,0.067,,,
2923,2026-05-19,SZ000876,-0.015604253748271832,EXP_CatBoostModel_Alpha158_csi300_custom_step0_s_20260519_18,df9df857e94448428cd0ec8c30138e49,0.067,,,
2924,2026-05-19,SZ000999,-0.015577751811738403,EXP_CatBoostModel_Alpha158_csi300_custom_step0_s_20260519_18,df9df857e94448428cd0ec8c30138e49,0.067,,,
2925,2026-05-19,SZ300832,0.0072812790686193896,EXP_CatBoostModel_Alpha158_csi300_custom_step0_s_20260519_18,df9df857e94448428cd0ec8c30138e49,0.067,,,
2926,2026-05-19,SZ002142,-0.00725835554229434,EXP_CatBoostModel_Alpha158_csi300_custom_step0_s_20260519_18,df9df857e94448428cd0ec8c30138e49,0.067,,,
2927,2026-05-19,SZ002230,-2.4061308628819413e-05,EXP_CatBoostModel_Alpha158_csi300_custom_step0_s_20260519_18,df9df857e94448428cd0ec8c30138e49,0.067,,,
2928,2026-05-19,SZ002493,-0.005130056305884052,EXP_CatBoostModel_Alpha158_csi300_custom_step0_s_20260519_18,df9df857e94448428cd0ec8c30138e49,0.067,,,
2929,2026-05-19,SZ002475,0.04708037782066296,EXP_CatBoostModel_Alpha158_csi300_custom_step0_s_20260519_18,df9df857e94448428cd0ec8c30138e49,0.067,,,
2930,2026-05-19,SZ002466,0.04838664413740974,EXP_CatBoostModel_Alpha158_csi300_custom_step0_s_20260519_18,df9df857e94448428cd0ec8c30138e49,0.067,,,
2931,2026-05-19,SZ002463,0.015848281307963754,EXP_CatBoostModel_Alpha158_csi300_custom_step0_s_20260519_18,df9df857e94448428cd0ec8c30138e49,0.067,,,
2932,2026-05-19,SZ002460,-3.822035670795473e-05,EXP_CatBoostModel_Alpha158_csi300_custom_step0_s_20260519_18,df9df857e94448428cd0ec8c30138e49,0.067,,,
2933,2026-05-19,SZ002459,-0.013429679446345325,EXP_CatBoostModel_Alpha158_csi300_custom_step0_s_20260519_18,df9df857e94448428cd0ec8c30138e49,0.067,,,
2934,2026-05-19,SZ002422,-0.011946044294736743,EXP_CatBoostModel_Alpha158_csi300_custom_step0_s_20260519_18,df9df857e94448428cd0ec8c30138e49,0.067,,,
2935,2026-05-19,SZ002179,0.009401131938370687,EXP_CatBoostModel_Alpha158_csi300_custom_step0_s_20260519_18,df9df857e94448428cd0ec8c30138e49,0.067,,,
2936,2026-05-19,SZ002415,-0.0016078937238515278,EXP_CatBoostModel_Alpha158_csi300_custom_step0_s_20260519_18,df9df857e94448428cd0ec8c30138e49,0.067,,,
2937,2026-05-19,SZ002371,0.07880164086841542,EXP_CatBoostModel_Alpha158_csi300_custom_step0_s_20260519_18,df9df857e94448428cd0ec8c30138e49,0.067,,,
2938,2026-05-19,SZ002352,-0.029946561976261655,EXP_CatBoostModel_Alpha158_csi300_custom_step0_s_20260519_18,df9df857e94448428cd0ec8c30138e49,0.067,,,
2939,2026-05-19,SZ002311,-0.017726965272368906,EXP_CatBoostModel_Alpha158_csi300_custom_step0_s_20260519_18,df9df857e94448428cd0ec8c30138e49,0.067,,,
2940,2026-05-19,SZ002304,-0.022667908706745798,EXP_CatBoostModel_Alpha158_csi300_custom_step0_s_20260519_18,df9df857e94448428cd0ec8c30138e49,0.067,,,
2941,2026-05-19,SZ002252,-0.02036499609961979,EXP_CatBoostModel_Alpha158_csi300_custom_step0_s_20260519_18,df9df857e94448428cd0ec8c30138e49,0.067,,,
2942,2026-05-19,SZ002241,0.010031806899466521,EXP_CatBoostModel_Alpha158_csi300_custom_step0_s_20260519_18,df9df857e94448428cd0ec8c30138e49,0.067,,,
2943,2026-05-19,SZ002236,-0.01697545453382319,EXP_CatBoostModel_Alpha158_csi300_custom_step0_s_20260519_18,df9df857e94448428cd0ec8c30138e49,0.067,,,
2944,2026-05-19,SZ002384,0.06770944188102349,EXP_CatBoostModel_Alpha158_csi300_custom_step0_s_20260519_18,df9df857e94448428cd0ec8c30138e49,0.067,,,
2945,2026-05-19,SZ300866,0.058627765319499106,EXP_CatBoostModel_Alpha158_csi300_custom_step0_s_20260519_18,df9df857e94448428cd0ec8c30138e49,0.067,,,
2946,2026-05-19,SZ300896,-0.014157863444835127,EXP_CatBoostModel_Alpha158_csi300_custom_step0_s_20260519_18,df9df857e94448428cd0ec8c30138e49,0.067,,,
2947,2026-05-19,SZ300979,-0.015004276878647242,EXP_CatBoostModel_Alpha158_csi300_custom_step0_s_20260519_18,df9df857e94448428cd0ec8c30138e49,0.067,,,
2948,2026-05-19,SH600519,-2.6181950547923836e-10,EXP_LGBModel_Alpha158_csi300_custom_step0_s_20260519_18,0f09a33f74ab4b66aee89fe90422ab97,0.072,,,
2949,2026-05-19,SH600515,-0.002534382098025488,EXP_LGBModel_Alpha158_csi300_custom_step0_s_20260519_18,0f09a33f74ab4b66aee89fe90422ab97,0.072,,,
2950,2026-05-19,SH600489,-2.6181950547923836e-10,EXP_LGBModel_Alpha158_csi300_custom_step0_s_20260519_18,0f09a33f74ab4b66aee89fe90422ab97,0.072,,,
2951,2026-05-19,SH600482,-0.002534382098025488,EXP_LGBModel_Alpha158_csi300_custom_step0_s_20260519_18,0f09a33f74ab4b66aee89fe90422ab97,0.072,,,
2952,2026-05-19,SH600460,0.00042866724244429986,EXP_LGBModel_Alpha158_csi300_custom_step0_s_20260519_18,0f09a33f74ab4b66aee89fe90422ab97,0.072,,,
2953,2026-05-19,SH600438,-0.002534382098025488,EXP_LGBModel_Alpha158_csi300_custom_step0_s_20260519_18,0f09a33f74ab4b66aee89fe90422ab97,0.072,,,
2954,2026-05-19,SH600436,-2.6181950547923836e-10,EXP_LGBModel_Alpha158_csi300_custom_step0_s_20260519_18,0f09a33f74ab4b66aee89fe90422ab97,0.072,,,
2955,2026-05-19,SH600522,-0.00326391307289959,EXP_LGBModel_Alpha158_csi300_custom_step0_s_20260519_18,0f09a33f74ab4b66aee89fe90422ab97,0.072,,,
2956,2026-05-19,SH600426,-2.6181950547923836e-10,EXP_LGBModel_Alpha158_csi300_custom_step0_s_20260519_18,0f09a33f74ab4b66aee89fe90422ab97,0.072,,,
2957,2026-05-19,SH600406,-2.6181950547923836e-10,EXP_LGBModel_Alpha158_csi300_custom_step0_s_20260519_18,0f09a33f74ab4b66aee89fe90422ab97,0.072,,,
2958,2026-05-19,SH600377,0.002568324417190581,EXP_LGBModel_Alpha158_csi300_custom_step0_s_20260519_18,0f09a33f74ab4b66aee89fe90422ab97,0.072,,,
2959,2026-05-19,SH600372,-0.002534382098025488,EXP_LGBModel_Alpha158_csi300_custom_step0_s_20260519_18,0f09a33f74ab4b66aee89fe90422ab97,0.072,,,
2960,2026-05-19,SH600362,-0.002534382098025488,EXP_LGBModel_Alpha158_csi300_custom_step0_s_20260519_18,0f09a33f74ab4b66aee89fe90422ab97,0.072,,,
2961,2026-05-19,SH600346,-0.002534382098025488,EXP_LGBModel_Alpha158_csi300_custom_step0_s_20260519_18,0f09a33f74ab4b66aee89fe90422ab97,0.072,,,
2962,2026-05-19,SH600309,-2.6181950547923836e-10,EXP_LGBModel_Alpha158_csi300_custom_step0_s_20260519_18,0f09a33f74ab4b66aee89fe90422ab97,0.072,,,
2963,2026-05-19,SH600276,-0.002534382098025488,EXP_LGBModel_Alpha158_csi300_custom_step0_s_20260519_18,0f09a33f74ab4b66aee89fe90422ab97,0.072,,,
2964,2026-05-19,SH600415,0.00042866724244429986,EXP_LGBModel_Alpha158_csi300_custom_step0_s_20260519_18,0f09a33f74ab4b66aee89fe90422ab97,0.072,,,
2965,2026-05-19,SH600233,-0.002534382098025488,EXP_LGBModel_Alpha158_csi300_custom_step0_s_20260519_18,0f09a33f74ab4b66aee89fe90422ab97,0.072,,,
2966,2026-05-19,SH600547,0.00399916983706269,EXP_LGBModel_Alpha158_csi300_custom_step0_s_20260519_18,0f09a33f74ab4b66aee89fe90422ab97,0.072,,,
2967,2026-05-19,SH600584,-0.00326391307289959,EXP_LGBModel_Alpha158_csi300_custom_step0_s_20260519_18,0f09a33f74ab4b66aee89fe90422ab97,0.072,,,
2968,2026-05-19,SH600893,-0.002534382098025488,EXP_LGBModel_Alpha158_csi300_custom_step0_s_20260519_18,0f09a33f74ab4b66aee89fe90422ab97,0.072,,,
2969,2026-05-19,SH600887,-2.6181950547923836e-10,EXP_LGBModel_Alpha158_csi300_custom_step0_s_20260519_18,0f09a33f74ab4b66aee89fe90422ab97,0.072,,,
2970,2026-05-19,SH600886,-2.6181950547923836e-10,EXP_LGBModel_Alpha158_csi300_custom_step0_s_20260519_18,0f09a33f74ab4b66aee89fe90422ab97,0.072,,,
2971,2026-05-19,SH600875,-0.002534382098025488,EXP_LGBModel_Alpha158_csi300_custom_step0_s_20260519_18,0f09a33f74ab4b66aee89fe90422ab97,0.072,,,
2972,2026-05-19,SH600845,-0.0013244237817131572,EXP_LGBModel_Alpha158_csi300_custom_step0_s_20260519_18,0f09a33f74ab4b66aee89fe90422ab97,0.072,,,
2973,2026-05-19,SH600809,-0.002534382098025488,EXP_LGBModel_Alpha158_csi300_custom_step0_s_20260519_18,0f09a33f74ab4b66aee89fe90422ab97,0.072,,,
2974,2026-05-19,SH600803,0.002568324417190581,EXP_LGBModel_Alpha158_csi300_custom_step0_s_20260519_18,0f09a33f74ab4b66aee89fe90422ab97,0.072,,,
2975,2026-05-19,SH600570,-0.002534382098025488,EXP_LGBModel_Alpha158_csi300_custom_step0_s_20260519_18,0f09a33f74ab4b66aee89fe90422ab97,0.072,,,
2976,2026-05-19,SH600795,0.00042866724244429986,EXP_LGBModel_Alpha158_csi300_custom_step0_s_20260519_18,0f09a33f74ab4b66aee89fe90422ab97,0.072,,,
2977,2026-05-19,SH600741,-2.6181950547923836e-10,EXP_LGBModel_Alpha158_csi300_custom_step0_s_20260519_18,0f09a33f74ab4b66aee89fe90422ab97,0.072,,,
2978,2026-05-19,SH600690,0.002568324417190581,EXP_LGBModel_Alpha158_csi300_custom_step0_s_20260519_18,0f09a33f74ab4b66aee89fe90422ab97,0.072,,,
2979,2026-05-19,SH600674,-2.6181950547923836e-10,EXP_LGBModel_Alpha158_csi300_custom_step0_s_20260519_18,0f09a33f74ab4b66aee89fe90422ab97,0.072,,,
2980,2026-05-19,SH600660,-0.002534382098025488,EXP_LGBModel_Alpha158_csi300_custom_step0_s_20260519_18,0f09a33f74ab4b66aee89fe90422ab97,0.072,,,
2981,2026-05-19,SH600600,0.002568324417190581,EXP_LGBModel_Alpha158_csi300_custom_step0_s_20260519_18,0f09a33f74ab4b66aee89fe90422ab97,0.072,,,
2982,2026-05-19,SH600588,-0.002534382098025488,EXP_LGBModel_Alpha158_csi300_custom_step0_s_20260519_18,0f09a33f74ab4b66aee89fe90422ab97,0.072,,,
2983,2026-05-19,SH600585,-0.002534382098025488,EXP_LGBModel_Alpha158_csi300_custom_step0_s_20260519_18,0f09a33f74ab4b66aee89fe90422ab97,0.072,,,
2984,2026-05-19,SH600760,-0.002534382098025488,EXP_LGBModel_Alpha158_csi300_custom_step0_s_20260519_18,0f09a33f74ab4b66aee89fe90422ab97,0.072,,,
2985,2026-05-19,SZ000858,0.04030237414803744,EXP_CatBoostModel_Alpha158_csi300_custom_step0_s_20260519_18,df9df857e94448428cd0ec8c30138e49,0.067,,,
2986,2026-05-19,SH600219,-2.6181950547923836e-10,EXP_LGBModel_Alpha158_csi300_custom_step0_s_20260519_18,0f09a33f74ab4b66aee89fe90422ab97,0.072,,,
2987,2026-05-19,SH600188,-0.002534382098025488,EXP_LGBModel_Alpha158_csi300_custom_step0_s_20260519_18,0f09a33f74ab4b66aee89fe90422ab97,0.072,,,
2988,2026-05-19,SH600027,-2.6181950547923836e-10,EXP_LGBModel_Alpha158_csi300_custom_step0_s_20260519_18,0f09a33f74ab4b66aee89fe90422ab97,0.072,,,
2989,2026-05-19,SH600026,-0.002534382098025488,EXP_LGBModel_Alpha158_csi300_custom_step0_s_20260519_18,0f09a33f74ab4b66aee89fe90422ab97,0.072,,,
2990,2026-05-19,SH600025,-2.6181950547923836e-10,EXP_LGBModel_Alpha158_csi300_custom_step0_s_20260519_18,0f09a33f74ab4b66aee89fe90422ab97,0.072,,,
2991,2026-05-19,SH600023,0.0020771554568820346,EXP_LGBModel_Alpha158_csi300_custom_step0_s_20260519_18,0f09a33f74ab4b66aee89fe90422ab97,0.072,,,
2992,2026-05-19,SH600019,-2.6181950547923836e-10,EXP_LGBModel_Alpha158_csi300_custom_step0_s_20260519_18,0f09a33f74ab4b66aee89fe90422ab97,0.072,,,
2993,2026-05-19,SH600018,0.002568324417190581,EXP_LGBModel_Alpha158_csi300_custom_step0_s_20260519_18,0f09a33f74ab4b66aee89fe90422ab97,0.072,,,
2994,2026-05-19,SH600016,-2.6181950547923836e-10,EXP_LGBModel_Alpha158_csi300_custom_step0_s_20260519_18,0f09a33f74ab4b66aee89fe90422ab97,0.072,,,
2995,2026-05-19,SH600028,-2.6181950547923836e-10,EXP_LGBModel_Alpha158_csi300_custom_step0_s_20260519_18,0f09a33f74ab4b66aee89fe90422ab97,0.072,,,
2996,2026-05-19,SH600015,-2.6181950547923836e-10,EXP_LGBModel_Alpha158_csi300_custom_step0_s_20260519_18,0f09a33f74ab4b66aee89fe90422ab97,0.072,,,
2997,2026-05-19,SH600010,-0.002534382098025488,EXP_LGBModel_Alpha158_csi300_custom_step0_s_20260519_18,0f09a33f74ab4b66aee89fe90422ab97,0.072,,,
2998,2026-05-19,SH600009,-0.002534382098025488,EXP_LGBModel_Alpha158_csi300_custom_step0_s_20260519_18,0f09a33f74ab4b66aee89fe90422ab97,0.072,,,
2999,2026-05-19,SH600000,-2.6181950547923836e-10,EXP_LGBModel_Alpha158_csi300_custom_step0_s_20260519_18,0f09a33f74ab4b66aee89fe90422ab97,0.072,,,
3000,2026-05-19,SZ302132,-0.024546472034189422,EXP_CatBoostModel_Alpha158_csi300_custom_step0_s_20260519_18,df9df857e94448428cd0ec8c30138e49,0.067,,,
3001,2026-05-19,SZ301269,0.007665271788740531,EXP_CatBoostModel_Alpha158_csi300_custom_step0_s_20260519_18,df9df857e94448428cd0ec8c30138e49,0.067,,,
3002,2026-05-19,SZ301236,0.0053341324904449304,EXP_CatBoostModel_Alpha158_csi300_custom_step0_s_20260519_18,df9df857e94448428cd0ec8c30138e49,0.067,,,
3003,2026-05-19,SZ300999,-0.010253092590486549,EXP_CatBoostModel_Alpha158_csi300_custom_step0_s_20260519_18,df9df857e94448428cd0ec8c30138e49,0.067,,,
3004,2026-05-19,SH600011,0.00042866724244429986,EXP_LGBModel_Alpha158_csi300_custom_step0_s_20260519_18,0f09a33f74ab4b66aee89fe90422ab97,0.072,,,
3005,2026-05-19,SH600196,-0.002534382098025488,EXP_LGBModel_Alpha158_csi300_custom_step0_s_20260519_18,0f09a33f74ab4b66aee89fe90422ab97,0.072,,,
3006,2026-05-19,SH600029,-0.002534382098025488,EXP_LGBModel_Alpha158_csi300_custom_step0_s_20260519_18,0f09a33f74ab4b66aee89fe90422ab97,0.072,,,
3007,2026-05-19,SH600031,-0.002534382098025488,EXP_LGBModel_Alpha158_csi300_custom_step0_s_20260519_18,0f09a33f74ab4b66aee89fe90422ab97,0.072,,,
3008,2026-05-19,SH600183,-0.00326391307289959,EXP_LGBModel_Alpha158_csi300_custom_step0_s_20260519_18,0f09a33f74ab4b66aee89fe90422ab97,0.072,,,
3009,2026-05-19,SH600176,0.00399916983706269,EXP_LGBModel_Alpha158_csi300_custom_step0_s_20260519_18,0f09a33f74ab4b66aee89fe90422ab97,0.072,,,
3010,2026-05-19,SH600161,-2.6181950547923836e-10,EXP_LGBModel_Alpha158_csi300_custom_step0_s_20260519_18,0f09a33f74ab4b66aee89fe90422ab97,0.072,,,
3011,2026-05-19,SH600160,-0.0006979604627668624,EXP_LGBModel_Alpha158_csi300_custom_step0_s_20260519_18,0f09a33f74ab4b66aee89fe90422ab97,0.072,,,
3012,2026-05-19,SH600150,0.00399916983706269,EXP_LGBModel_Alpha158_csi300_custom_step0_s_20260519_18,0f09a33f74ab4b66aee89fe90422ab97,0.072,,,
3013,2026-05-19,SH600115,-0.002534382098025488,EXP_LGBModel_Alpha158_csi300_custom_step0_s_20260519_18,0f09a33f74ab4b66aee89fe90422ab97,0.072,,,
3014,2026-05-19,SH600111,-0.002534382098025488,EXP_LGBModel_Alpha158_csi300_custom_step0_s_20260519_18,0f09a33f74ab4b66aee89fe90422ab97,0.072,,,
3015,2026-05-19,SH600030,-2.6181950547923836e-10,EXP_LGBModel_Alpha158_csi300_custom_step0_s_20260519_18,0f09a33f74ab4b66aee89fe90422ab97,0.072,,,
3016,2026-05-19,SH600104,-2.6181950547923836e-10,EXP_LGBModel_Alpha158_csi300_custom_step0_s_20260519_18,0f09a33f74ab4b66aee89fe90422ab97,0.072,,,
3017,2026-05-19,SH600085,-2.6181950547923836e-10,EXP_LGBModel_Alpha158_csi300_custom_step0_s_20260519_18,0f09a33f74ab4b66aee89fe90422ab97,0.072,,,
3018,2026-05-19,SH600066,-2.6181950547923836e-10,EXP_LGBModel_Alpha158_csi300_custom_step0_s_20260519_18,0f09a33f74ab4b66aee89fe90422ab97,0.072,,,
3019,2026-05-19,SH600061,-2.6181950547923836e-10,EXP_LGBModel_Alpha158_csi300_custom_step0_s_20260519_18,0f09a33f74ab4b66aee89fe90422ab97,0.072,,,
3020,2026-05-19,SH600050,0.00042866724244429986,EXP_LGBModel_Alpha158_csi300_custom_step0_s_20260519_18,0f09a33f74ab4b66aee89fe90422ab97,0.072,,,
3021,2026-05-19,SH600048,-0.002534382098025488,EXP_LGBModel_Alpha158_csi300_custom_step0_s_20260519_18,0f09a33f74ab4b66aee89fe90422ab97,0.072,,,
3022,2026-05-19,SH600039,-2.6181950547923836e-10,EXP_LGBModel_Alpha158_csi300_custom_step0_s_20260519_18,0f09a33f74ab4b66aee89fe90422ab97,0.072,,,
3023,2026-05-19,SH600036,-2.6181950547923836e-10,EXP_LGBModel_Alpha158_csi300_custom_step0_s_20260519_18,0f09a33f74ab4b66aee89fe90422ab97,0.072,,,
3024,2026-05-19,SH600089,-0.002534382098025488,EXP_LGBModel_Alpha158_csi300_custom_step0_s_20260519_18,0f09a33f74ab4b66aee89fe90422ab97,0.072,,,
3025,2026-05-19,SZ000807,0.028120672627669815,EXP_CatBoostModel_Alpha158_csi300_custom_step0_s_20260519_18,df9df857e94448428cd0ec8c30138e49,0.067,,,
3026,2026-05-19,SZ000792,0.04844550446327869,EXP_CatBoostModel_Alpha158_csi300_custom_step0_s_20260519_18,df9df857e94448428cd0ec8c30138e49,0.067,,,
3027,2026-05-19,SZ000786,-0.019042268872698737,EXP_CatBoostModel_Alpha158_csi300_custom_step0_s_20260519_18,df9df857e94448428cd0ec8c30138e49,0.067,,,
3028,2026-05-19,SH601336,-0.018030716828618194,EXP_CatBoostModel_Alpha158_csi300_custom_step0_s_20260519_18,df9df857e94448428cd0ec8c30138e49,0.067,,,
3029,2026-05-19,SH601328,-0.016052974302628663,EXP_CatBoostModel_Alpha158_csi300_custom_step0_s_20260519_18,df9df857e94448428cd0ec8c30138e49,0.067,,,
3030,2026-05-19,SH601319,-0.018337479656001233,EXP_CatBoostModel_Alpha158_csi300_custom_step0_s_20260519_18,df9df857e94448428cd0ec8c30138e49,0.067,,,
3031,2026-05-19,SH601318,-0.019035869118309335,EXP_CatBoostModel_Alpha158_csi300_custom_step0_s_20260519_18,df9df857e94448428cd0ec8c30138e49,0.067,,,
3032,2026-05-19,SH601298,-0.008410126931077582,EXP_CatBoostModel_Alpha158_csi300_custom_step0_s_20260519_18,df9df857e94448428cd0ec8c30138e49,0.067,,,
3033,2026-05-19,SH601288,-0.017916400903065732,EXP_CatBoostModel_Alpha158_csi300_custom_step0_s_20260519_18,df9df857e94448428cd0ec8c30138e49,0.067,,,
3034,2026-05-19,SH601238,-0.01057525598002349,EXP_CatBoostModel_Alpha158_csi300_custom_step0_s_20260519_18,df9df857e94448428cd0ec8c30138e49,0.067,,,
3035,2026-05-19,SH601360,0.007982873257227314,EXP_CatBoostModel_Alpha158_csi300_custom_step0_s_20260519_18,df9df857e94448428cd0ec8c30138e49,0.067,,,
3036,2026-05-19,SH601236,-0.009028674144975867,EXP_CatBoostModel_Alpha158_csi300_custom_step0_s_20260519_18,df9df857e94448428cd0ec8c30138e49,0.067,,,
3037,2026-05-19,SH601225,-0.009490603388092236,EXP_CatBoostModel_Alpha158_csi300_custom_step0_s_20260519_18,df9df857e94448428cd0ec8c30138e49,0.067,,,
3038,2026-05-19,SH601211,-0.01919340767132321,EXP_CatBoostModel_Alpha158_csi300_custom_step0_s_20260519_18,df9df857e94448428cd0ec8c30138e49,0.067,,,
3039,2026-05-19,SH601186,-0.015896737307818265,EXP_CatBoostModel_Alpha158_csi300_custom_step0_s_20260519_18,df9df857e94448428cd0ec8c30138e49,0.067,,,
3040,2026-05-19,SH601169,-0.028879199801342858,EXP_CatBoostModel_Alpha158_csi300_custom_step0_s_20260519_18,df9df857e94448428cd0ec8c30138e49,0.067,,,
3041,2026-05-19,SH601166,-0.026995634456935723,EXP_CatBoostModel_Alpha158_csi300_custom_step0_s_20260519_18,df9df857e94448428cd0ec8c30138e49,0.067,,,
3042,2026-05-19,SH601138,0.013097517004120875,EXP_CatBoostModel_Alpha158_csi300_custom_step0_s_20260519_18,df9df857e94448428cd0ec8c30138e49,0.067,,,
3043,2026-05-19,SH601136,-0.013677845324586517,EXP_CatBoostModel_Alpha158_csi300_custom_step0_s_20260519_18,df9df857e94448428cd0ec8c30138e49,0.067,,,
3044,2026-05-19,SH601229,-0.022663979280383374,EXP_CatBoostModel_Alpha158_csi300_custom_step0_s_20260519_18,df9df857e94448428cd0ec8c30138e49,0.067,,,
3045,2026-05-19,SH601127,-0.01927943024169574,EXP_CatBoostModel_Alpha158_csi300_custom_step0_s_20260519_18,df9df857e94448428cd0ec8c30138e49,0.067,,,
3046,2026-05-19,SH601377,-0.0010254175318097536,EXP_CatBoostModel_Alpha158_csi300_custom_step0_s_20260519_18,df9df857e94448428cd0ec8c30138e49,0.067,,,
3047,2026-05-19,SH601398,-0.01185894628352151,EXP_CatBoostModel_Alpha158_csi300_custom_step0_s_20260519_18,df9df857e94448428cd0ec8c30138e49,0.067,,,
3048,2026-05-19,SH601788,-0.03929124086479049,EXP_CatBoostModel_Alpha158_csi300_custom_step0_s_20260519_18,df9df857e94448428cd0ec8c30138e49,0.067,,,
3049,2026-05-19,SH601766,-0.030117756187593527,EXP_CatBoostModel_Alpha158_csi300_custom_step0_s_20260519_18,df9df857e94448428cd0ec8c30138e49,0.067,,,
3050,2026-05-19,SH601728,-0.03341697109986643,EXP_CatBoostModel_Alpha158_csi300_custom_step0_s_20260519_18,df9df857e94448428cd0ec8c30138e49,0.067,,,
3051,2026-05-19,SH601698,0.040668752241222975,EXP_CatBoostModel_Alpha158_csi300_custom_step0_s_20260519_18,df9df857e94448428cd0ec8c30138e49,0.067,,,
3052,2026-05-19,SH601689,-0.020621059784498134,EXP_CatBoostModel_Alpha158_csi300_custom_step0_s_20260519_18,df9df857e94448428cd0ec8c30138e49,0.067,,,
3053,2026-05-19,SH601688,-0.0071249193331830276,EXP_CatBoostModel_Alpha158_csi300_custom_step0_s_20260519_18,df9df857e94448428cd0ec8c30138e49,0.067,,,
3054,2026-05-19,SH601669,-0.0015539784237578135,EXP_CatBoostModel_Alpha158_csi300_custom_step0_s_20260519_18,df9df857e94448428cd0ec8c30138e49,0.067,,,
3055,2026-05-19,SH601390,-0.01038817837738246,EXP_CatBoostModel_Alpha158_csi300_custom_step0_s_20260519_18,df9df857e94448428cd0ec8c30138e49,0.067,,,
3056,2026-05-19,SH601668,-0.019599939088998344,EXP_CatBoostModel_Alpha158_csi300_custom_step0_s_20260519_18,df9df857e94448428cd0ec8c30138e49,0.067,,,
3057,2026-05-19,SH601633,-0.01743042951568325,EXP_CatBoostModel_Alpha158_csi300_custom_step0_s_20260519_18,df9df857e94448428cd0ec8c30138e49,0.067,,,
3058,2026-05-19,SH601628,-0.012353132677284528,EXP_CatBoostModel_Alpha158_csi300_custom_step0_s_20260519_18,df9df857e94448428cd0ec8c30138e49,0.067,,,
3059,2026-05-19,SH601618,-0.010110821627321458,EXP_CatBoostModel_Alpha158_csi300_custom_step0_s_20260519_18,df9df857e94448428cd0ec8c30138e49,0.067,,,
3060,2026-05-19,SH601607,-0.017258158599093285,EXP_CatBoostModel_Alpha158_csi300_custom_step0_s_20260519_18,df9df857e94448428cd0ec8c30138e49,0.067,,,
3061,2026-05-19,SH601601,-0.014997718875708931,EXP_CatBoostModel_Alpha158_csi300_custom_step0_s_20260519_18,df9df857e94448428cd0ec8c30138e49,0.067,,,
3062,2026-05-19,SH601600,-0.0061965011220121565,EXP_CatBoostModel_Alpha158_csi300_custom_step0_s_20260519_18,df9df857e94448428cd0ec8c30138e49,0.067,,,
3063,2026-05-19,SH601456,-0.009611587870266584,EXP_CatBoostModel_Alpha158_csi300_custom_step0_s_20260519_18,df9df857e94448428cd0ec8c30138e49,0.067,,,
3064,2026-05-19,SH601658,-0.022878724479150906,EXP_CatBoostModel_Alpha158_csi300_custom_step0_s_20260519_18,df9df857e94448428cd0ec8c30138e49,0.067,,,
3065,2026-05-19,SH601800,-0.00550518096066409,EXP_CatBoostModel_Alpha158_csi300_custom_step0_s_20260519_18,df9df857e94448428cd0ec8c30138e49,0.067,,,
3066,2026-05-19,SH601117,-0.013018397007222824,EXP_CatBoostModel_Alpha158_csi300_custom_step0_s_20260519_18,df9df857e94448428cd0ec8c30138e49,0.067,,,
3067,2026-05-19,SH601100,0.0023305223507913055,EXP_CatBoostModel_Alpha158_csi300_custom_step0_s_20260519_18,df9df857e94448428cd0ec8c30138e49,0.067,,,
3068,2026-05-19,SH600900,0.0038822445125562804,EXP_CatBoostModel_Alpha158_csi300_custom_step0_s_20260519_18,df9df857e94448428cd0ec8c30138e49,0.067,,,
3069,2026-05-19,SH600893,0.005953738182756696,EXP_CatBoostModel_Alpha158_csi300_custom_step0_s_20260519_18,df9df857e94448428cd0ec8c30138e49,0.067,,,
3070,2026-05-19,SH600887,0.011457331439805308,EXP_CatBoostModel_Alpha158_csi300_custom_step0_s_20260519_18,df9df857e94448428cd0ec8c30138e49,0.067,,,
3071,2026-05-19,SH600886,-0.009690975868612678,EXP_CatBoostModel_Alpha158_csi300_custom_step0_s_20260519_18,df9df857e94448428cd0ec8c30138e49,0.067,,,
3072,2026-05-19,SH600875,-0.005600388262930291,EXP_CatBoostModel_Alpha158_csi300_custom_step0_s_20260519_18,df9df857e94448428cd0ec8c30138e49,0.067,,,
3073,2026-05-19,SH600845,0.010113983345694352,EXP_CatBoostModel_Alpha158_csi300_custom_step0_s_20260519_18,df9df857e94448428cd0ec8c30138e49,0.067,,,
3074,2026-05-19,SH600809,-0.01886255081823583,EXP_CatBoostModel_Alpha158_csi300_custom_step0_s_20260519_18,df9df857e94448428cd0ec8c30138e49,0.067,,,
3075,2026-05-19,SH600905,0.0071169650245158705,EXP_CatBoostModel_Alpha158_csi300_custom_step0_s_20260519_18,df9df857e94448428cd0ec8c30138e49,0.067,,,
3076,2026-05-19,SH600803,-0.007370275335694058,EXP_CatBoostModel_Alpha158_csi300_custom_step0_s_20260519_18,df9df857e94448428cd0ec8c30138e49,0.067,,,
3077,2026-05-19,SH600760,-0.014411058525484848,EXP_CatBoostModel_Alpha158_csi300_custom_step0_s_20260519_18,df9df857e94448428cd0ec8c30138e49,0.067,,,
3078,2026-05-19,SH600741,0.011789586203034278,EXP_CatBoostModel_Alpha158_csi300_custom_step0_s_20260519_18,df9df857e94448428cd0ec8c30138e49,0.067,,,
3079,2026-05-19,SH600690,-0.00694721727410788,EXP_CatBoostModel_Alpha158_csi300_custom_step0_s_20260519_18,df9df857e94448428cd0ec8c30138e49,0.067,,,
3080,2026-05-19,SH600674,0.011402203728219432,EXP_CatBoostModel_Alpha158_csi300_custom_step0_s_20260519_18,df9df857e94448428cd0ec8c30138e49,0.067,,,
3081,2026-05-19,SH600660,-0.012586941871428878,EXP_CatBoostModel_Alpha158_csi300_custom_step0_s_20260519_18,df9df857e94448428cd0ec8c30138e49,0.067,,,
3082,2026-05-19,SH600600,-0.010764287072377341,EXP_CatBoostModel_Alpha158_csi300_custom_step0_s_20260519_18,df9df857e94448428cd0ec8c30138e49,0.067,,,
3083,2026-05-19,SH600588,-0.015008690929278302,EXP_CatBoostModel_Alpha158_csi300_custom_step0_s_20260519_18,df9df857e94448428cd0ec8c30138e49,0.067,,,
3084,2026-05-19,SH600795,0.009781813440869331,EXP_CatBoostModel_Alpha158_csi300_custom_step0_s_20260519_18,df9df857e94448428cd0ec8c30138e49,0.067,,,
3085,2026-05-19,SH601111,-0.010515163165605666,EXP_CatBoostModel_Alpha158_csi300_custom_step0_s_20260519_18,df9df857e94448428cd0ec8c30138e49,0.067,,,
3086,2026-05-19,SH600918,-0.01418829479695179,EXP_CatBoostModel_Alpha158_csi300_custom_step0_s_20260519_18,df9df857e94448428cd0ec8c30138e49,0.067,,,
3087,2026-05-19,SH600926,-0.03034054566982936,EXP_CatBoostModel_Alpha158_csi300_custom_step0_s_20260519_18,df9df857e94448428cd0ec8c30138e49,0.067,,,
3088,2026-05-19,SH601088,-0.014702993436080093,EXP_CatBoostModel_Alpha158_csi300_custom_step0_s_20260519_18,df9df857e94448428cd0ec8c30138e49,0.067,,,
3089,2026-05-19,SH601077,-0.014618906327301017,EXP_CatBoostModel_Alpha158_csi300_custom_step0_s_20260519_18,df9df857e94448428cd0ec8c30138e49,0.067,,,
3090,2026-05-19,SH601066,-0.004010568828803889,EXP_CatBoostModel_Alpha158_csi300_custom_step0_s_20260519_18,df9df857e94448428cd0ec8c30138e49,0.067,,,
3091,2026-05-19,SH601059,0.03986299725364564,EXP_CatBoostModel_Alpha158_csi300_custom_step0_s_20260519_18,df9df857e94448428cd0ec8c30138e49,0.067,,,
3092,2026-05-19,SH601058,-0.011013296167409458,EXP_CatBoostModel_Alpha158_csi300_custom_step0_s_20260519_18,df9df857e94448428cd0ec8c30138e49,0.067,,,
3093,2026-05-19,SH601021,-0.018719097282698747,EXP_CatBoostModel_Alpha158_csi300_custom_step0_s_20260519_18,df9df857e94448428cd0ec8c30138e49,0.067,,,
3094,2026-05-19,SH601018,-0.01833732708952007,EXP_CatBoostModel_Alpha158_csi300_custom_step0_s_20260519_18,df9df857e94448428cd0ec8c30138e49,0.067,,,
3095,2026-05-19,SH600919,0.0011822033136273406,EXP_CatBoostModel_Alpha158_csi300_custom_step0_s_20260519_18,df9df857e94448428cd0ec8c30138e49,0.067,,,
3096,2026-05-19,SH601012,0.013301752780033066,EXP_CatBoostModel_Alpha158_csi300_custom_step0_s_20260519_18,df9df857e94448428cd0ec8c30138e49,0.067,,,
3097,2026-05-19,SH601006,-0.0014186594861539553,EXP_CatBoostModel_Alpha158_csi300_custom_step0_s_20260519_18,df9df857e94448428cd0ec8c30138e49,0.067,,,
3098,2026-05-19,SH600999,0.0035991760049817775,EXP_CatBoostModel_Alpha158_csi300_custom_step0_s_20260519_18,df9df857e94448428cd0ec8c30138e49,0.067,,,
3099,2026-05-19,SH600989,-0.0043891660393180106,EXP_CatBoostModel_Alpha158_csi300_custom_step0_s_20260519_18,df9df857e94448428cd0ec8c30138e49,0.067,,,
3100,2026-05-19,SH600958,0.00047470916793796537,EXP_CatBoostModel_Alpha158_csi300_custom_step0_s_20260519_18,df9df857e94448428cd0ec8c30138e49,0.067,,,
3101,2026-05-19,SH600941,-0.0012970495673280897,EXP_CatBoostModel_Alpha158_csi300_custom_step0_s_20260519_18,df9df857e94448428cd0ec8c30138e49,0.067,,,
3102,2026-05-19,SH600938,-0.0062625073624587016,EXP_CatBoostModel_Alpha158_csi300_custom_step0_s_20260519_18,df9df857e94448428cd0ec8c30138e49,0.067,,,
3103,2026-05-19,SH600930,-0.0004383520329654566,EXP_CatBoostModel_Alpha158_csi300_custom_step0_s_20260519_18,df9df857e94448428cd0ec8c30138e49,0.067,,,
3104,2026-05-19,SH601009,-0.007293375981025117,EXP_CatBoostModel_Alpha158_csi300_custom_step0_s_20260519_18,df9df857e94448428cd0ec8c30138e49,0.067,,,
3105,2026-05-19,SH600346,-0.0018312168314194622,EXP_CatBoostModel_Alpha158_csi300_custom_step0_s_20260519_18,9b6d9ece7f3d4435840fef9eb77a5a22,0.027,,,
3106,2026-05-19,SH601808,-0.015002066294467773,EXP_CatBoostModel_Alpha158_csi300_custom_step0_s_20260519_18,df9df857e94448428cd0ec8c30138e49,0.067,,,
3107,2026-05-19,SH601818,-0.023595327929721542,EXP_CatBoostModel_Alpha158_csi300_custom_step0_s_20260519_18,df9df857e94448428cd0ec8c30138e49,0.067,,,
3108,2026-05-19,SZ000063,0.007959093907876882,EXP_CatBoostModel_Alpha158_csi300_custom_step0_s_20260519_18,df9df857e94448428cd0ec8c30138e49,0.067,,,
3109,2026-05-19,SZ000002,-0.012687782478073681,EXP_CatBoostModel_Alpha158_csi300_custom_step0_s_20260519_18,df9df857e94448428cd0ec8c30138e49,0.067,,,
3110,2026-05-19,SZ000001,-0.01881109722193514,EXP_CatBoostModel_Alpha158_csi300_custom_step0_s_20260519_18,df9df857e94448428cd0ec8c30138e49,0.067,,,
3111,2026-05-19,SH688981,-0.08589791152081902,EXP_CatBoostModel_Alpha158_csi300_custom_step0_s_20260519_18,df9df857e94448428cd0ec8c30138e49,0.067,,,
3112,2026-05-19,SH688506,0.12128353150850404,EXP_CatBoostModel_Alpha158_csi300_custom_step0_s_20260519_18,df9df857e94448428cd0ec8c30138e49,0.067,,,
3113,2026-05-19,SH688472,0.009075658308817439,EXP_CatBoostModel_Alpha158_csi300_custom_step0_s_20260519_18,df9df857e94448428cd0ec8c30138e49,0.067,,,
3114,2026-05-19,SH688396,-0.036347896150723466,EXP_CatBoostModel_Alpha158_csi300_custom_step0_s_20260519_18,df9df857e94448428cd0ec8c30138e49,0.067,,,
3115,2026-05-19,SZ000100,-0.0063121022317834535,EXP_CatBoostModel_Alpha158_csi300_custom_step0_s_20260519_18,df9df857e94448428cd0ec8c30138e49,0.067,,,
3116,2026-05-19,SH688303,-0.009999532426409422,EXP_CatBoostModel_Alpha158_csi300_custom_step0_s_20260519_18,df9df857e94448428cd0ec8c30138e49,0.067,,,
3117,2026-05-19,SH688256,-0.06323820940572268,EXP_CatBoostModel_Alpha158_csi300_custom_step0_s_20260519_18,df9df857e94448428cd0ec8c30138e49,0.067,,,
3118,2026-05-19,SH688223,-0.023613983547764252,EXP_CatBoostModel_Alpha158_csi300_custom_step0_s_20260519_18,df9df857e94448428cd0ec8c30138e49,0.067,,,
3119,2026-05-19,SH688187,-0.019130029761906243,EXP_CatBoostModel_Alpha158_csi300_custom_step0_s_20260519_18,df9df857e94448428cd0ec8c30138e49,0.067,,,
3120,2026-05-19,SH688169,-0.03752528719656178,EXP_CatBoostModel_Alpha158_csi300_custom_step0_s_20260519_18,df9df857e94448428cd0ec8c30138e49,0.067,,,
3121,2026-05-19,SH688126,0.022694890885289837,EXP_CatBoostModel_Alpha158_csi300_custom_step0_s_20260519_18,df9df857e94448428cd0ec8c30138e49,0.067,,,
3122,2026-05-19,SH688111,0.0006881923327393639,EXP_CatBoostModel_Alpha158_csi300_custom_step0_s_20260519_18,df9df857e94448428cd0ec8c30138e49,0.067,,,
3123,2026-05-19,SH688082,0.0521592988312404,EXP_CatBoostModel_Alpha158_csi300_custom_step0_s_20260519_18,df9df857e94448428cd0ec8c30138e49,0.067,,,
3124,2026-05-19,SH688271,-0.00838481522337309,EXP_CatBoostModel_Alpha158_csi300_custom_step0_s_20260519_18,df9df857e94448428cd0ec8c30138e49,0.067,,,
3125,2026-05-19,SH688047,-0.10564268022768541,EXP_CatBoostModel_Alpha158_csi300_custom_step0_s_20260519_18,df9df857e94448428cd0ec8c30138e49,0.067,,,
3126,2026-05-19,SZ000157,0.0031502361203871094,EXP_CatBoostModel_Alpha158_csi300_custom_step0_s_20260519_18,df9df857e94448428cd0ec8c30138e49,0.067,,,
3127,2026-05-19,SZ000301,0.02309728688239298,EXP_CatBoostModel_Alpha158_csi300_custom_step0_s_20260519_18,df9df857e94448428cd0ec8c30138e49,0.067,,,
3128,2026-05-19,SZ000776,-0.010339892225122823,EXP_CatBoostModel_Alpha158_csi300_custom_step0_s_20260519_18,df9df857e94448428cd0ec8c30138e49,0.067,,,
3129,2026-05-19,SZ000768,-0.017411555546869142,EXP_CatBoostModel_Alpha158_csi300_custom_step0_s_20260519_18,df9df857e94448428cd0ec8c30138e49,0.067,,,
3130,2026-05-19,SZ000725,0.012850256860472618,EXP_CatBoostModel_Alpha158_csi300_custom_step0_s_20260519_18,df9df857e94448428cd0ec8c30138e49,0.067,,,
3131,2026-05-19,SZ000708,0.005250492588023005,EXP_CatBoostModel_Alpha158_csi300_custom_step0_s_20260519_18,df9df857e94448428cd0ec8c30138e49,0.067,,,
3132,2026-05-19,SZ000661,-0.01229450870890663,EXP_CatBoostModel_Alpha158_csi300_custom_step0_s_20260519_18,df9df857e94448428cd0ec8c30138e49,0.067,,,
3133,2026-05-19,SZ000651,0.008848341994494248,EXP_CatBoostModel_Alpha158_csi300_custom_step0_s_20260519_18,df9df857e94448428cd0ec8c30138e49,0.067,,,
3134,2026-05-19,SZ000630,-0.007900218240915507,EXP_CatBoostModel_Alpha158_csi300_custom_step0_s_20260519_18,df9df857e94448428cd0ec8c30138e49,0.067,,,
3135,2026-05-19,SZ000166,-0.017875928865104206,EXP_CatBoostModel_Alpha158_csi300_custom_step0_s_20260519_18,df9df857e94448428cd0ec8c30138e49,0.067,,,
3136,2026-05-19,SZ000625,-0.004039944582805749,EXP_CatBoostModel_Alpha158_csi300_custom_step0_s_20260519_18,df9df857e94448428cd0ec8c30138e49,0.067,,,
3137,2026-05-19,SZ000596,-0.01011326601907523,EXP_CatBoostModel_Alpha158_csi300_custom_step0_s_20260519_18,df9df857e94448428cd0ec8c30138e49,0.067,,,
3138,2026-05-19,SZ000568,-0.015656567197586634,EXP_CatBoostModel_Alpha158_csi300_custom_step0_s_20260519_18,df9df857e94448428cd0ec8c30138e49,0.067,,,
3139,2026-05-19,SZ000538,-0.03292248568395958,EXP_CatBoostModel_Alpha158_csi300_custom_step0_s_20260519_18,df9df857e94448428cd0ec8c30138e49,0.067,,,
3140,2026-05-19,SZ000425,-0.012329171813815357,EXP_CatBoostModel_Alpha158_csi300_custom_step0_s_20260519_18,df9df857e94448428cd0ec8c30138e49,0.067,,,
3141,2026-05-19,SZ000408,-0.004231696332376834,EXP_CatBoostModel_Alpha158_csi300_custom_step0_s_20260519_18,df9df857e94448428cd0ec8c30138e49,0.067,,,
3142,2026-05-19,SZ000338,0.08921880223257968,EXP_CatBoostModel_Alpha158_csi300_custom_step0_s_20260519_18,df9df857e94448428cd0ec8c30138e49,0.067,,,
3143,2026-05-19,SZ000333,0.0045604814657426865,EXP_CatBoostModel_Alpha158_csi300_custom_step0_s_20260519_18,df9df857e94448428cd0ec8c30138e49,0.067,,,
3144,2026-05-19,SZ000617,0.016545788649732128,EXP_CatBoostModel_Alpha158_csi300_custom_step0_s_20260519_18,df9df857e94448428cd0ec8c30138e49,0.067,,,
3145,2026-05-19,SH601816,-0.016647551597039706,EXP_CatBoostModel_Alpha158_csi300_custom_step0_s_20260519_18,df9df857e94448428cd0ec8c30138e49,0.067,,,
3146,2026-05-19,SH688041,-0.12668006868697582,EXP_CatBoostModel_Alpha158_csi300_custom_step0_s_20260519_18,df9df857e94448428cd0ec8c30138e49,0.067,,,
3147,2026-05-19,SH688012,0.12272709012139928,EXP_CatBoostModel_Alpha158_csi300_custom_step0_s_20260519_18,df9df857e94448428cd0ec8c30138e49,0.067,,,
3148,2026-05-19,SH601985,0.011141675025135302,EXP_CatBoostModel_Alpha158_csi300_custom_step0_s_20260519_18,df9df857e94448428cd0ec8c30138e49,0.067,,,
3149,2026-05-19,SH601939,0.007806958038717991,EXP_CatBoostModel_Alpha158_csi300_custom_step0_s_20260519_18,df9df857e94448428cd0ec8c30138e49,0.067,,,
3150,2026-05-19,SH601919,-0.02297608367869688,EXP_CatBoostModel_Alpha158_csi300_custom_step0_s_20260519_18,df9df857e94448428cd0ec8c30138e49,0.067,,,
3151,2026-05-19,SH601916,-0.005052566795341133,EXP_CatBoostModel_Alpha158_csi300_custom_step0_s_20260519_18,df9df857e94448428cd0ec8c30138e49,0.067,,,
3152,2026-05-19,SH601901,-9.543632535313073e-05,EXP_CatBoostModel_Alpha158_csi300_custom_step0_s_20260519_18,df9df857e94448428cd0ec8c30138e49,0.067,,,
3153,2026-05-19,SH601899,-0.005870818748825882,EXP_CatBoostModel_Alpha158_csi300_custom_step0_s_20260519_18,df9df857e94448428cd0ec8c30138e49,0.067,,,
3154,2026-05-19,SH601898,-0.013234127325032811,EXP_CatBoostModel_Alpha158_csi300_custom_step0_s_20260519_18,df9df857e94448428cd0ec8c30138e49,0.067,,,
3155,2026-05-19,SH601988,-0.009786059624974395,EXP_CatBoostModel_Alpha158_csi300_custom_step0_s_20260519_18,df9df857e94448428cd0ec8c30138e49,0.067,,,
3156,2026-05-19,SH601888,-0.01735417364045223,EXP_CatBoostModel_Alpha158_csi300_custom_step0_s_20260519_18,df9df857e94448428cd0ec8c30138e49,0.067,,,
3157,2026-05-19,SH601878,-0.005329112840144008,EXP_CatBoostModel_Alpha158_csi300_custom_step0_s_20260519_18,df9df857e94448428cd0ec8c30138e49,0.067,,,
3158,2026-05-19,SH601877,-0.00024411674551400926,EXP_CatBoostModel_Alpha158_csi300_custom_step0_s_20260519_18,df9df857e94448428cd0ec8c30138e49,0.067,,,
3159,2026-05-19,SH601872,-0.01980656735376084,EXP_CatBoostModel_Alpha158_csi300_custom_step0_s_20260519_18,df9df857e94448428cd0ec8c30138e49,0.067,,,
3160,2026-05-19,SH601868,-0.0017047416104356,EXP_CatBoostModel_Alpha158_csi300_custom_step0_s_20260519_18,df9df857e94448428cd0ec8c30138e49,0.067,,,
3161,2026-05-19,SH601857,-0.012674778151640101,EXP_CatBoostModel_Alpha158_csi300_custom_step0_s_20260519_18,df9df857e94448428cd0ec8c30138e49,0.067,,,
3162,2026-05-19,SH601838,0.010286412727348739,EXP_CatBoostModel_Alpha158_csi300_custom_step0_s_20260519_18,df9df857e94448428cd0ec8c30138e49,0.067,,,
3163,2026-05-19,SH601825,-0.012076900682127049,EXP_CatBoostModel_Alpha158_csi300_custom_step0_s_20260519_18,df9df857e94448428cd0ec8c30138e49,0.067,,,
3164,2026-05-19,SH601881,-0.012585651430715526,EXP_CatBoostModel_Alpha158_csi300_custom_step0_s_20260519_18,df9df857e94448428cd0ec8c30138e49,0.067,,,
3165,2026-05-19,SH688036,0.01413945214810245,EXP_CatBoostModel_Alpha158_csi300_custom_step0_s_20260519_18,df9df857e94448428cd0ec8c30138e49,0.067,,,
3166,2026-05-19,SH601995,0.005318725687689956,EXP_CatBoostModel_Alpha158_csi300_custom_step0_s_20260519_18,df9df857e94448428cd0ec8c30138e49,0.067,,,
3167,2026-05-19,SH603019,-0.006571110628198944,EXP_CatBoostModel_Alpha158_csi300_custom_step0_s_20260519_18,df9df857e94448428cd0ec8c30138e49,0.067,,,
3168,2026-05-19,SH688009,-0.017350847901281562,EXP_CatBoostModel_Alpha158_csi300_custom_step0_s_20260519_18,df9df857e94448428cd0ec8c30138e49,0.067,,,
3169,2026-05-19,SH688008,-0.0674274202946644,EXP_CatBoostModel_Alpha158_csi300_custom_step0_s_20260519_18,df9df857e94448428cd0ec8c30138e49,0.067,,,
3170,2026-05-19,SH605499,0.001386609825373847,EXP_CatBoostModel_Alpha158_csi300_custom_step0_s_20260519_18,df9df857e94448428cd0ec8c30138e49,0.067,,,
3171,2026-05-19,SH605117,0.06525214034471943,EXP_CatBoostModel_Alpha158_csi300_custom_step0_s_20260519_18,df9df857e94448428cd0ec8c30138e49,0.067,,,
3172,2026-05-19,SH603993,-0.007834128581401307,EXP_CatBoostModel_Alpha158_csi300_custom_step0_s_20260519_18,df9df857e94448428cd0ec8c30138e49,0.067,,,
3173,2026-05-19,SH603986,0.019110744043450204,EXP_CatBoostModel_Alpha158_csi300_custom_step0_s_20260519_18,df9df857e94448428cd0ec8c30138e49,0.067,,,
3174,2026-05-19,SH603893,0.008214395156255194,EXP_CatBoostModel_Alpha158_csi300_custom_step0_s_20260519_18,df9df857e94448428cd0ec8c30138e49,0.067,,,
3175,2026-05-19,SH601998,-0.01864614285123498,EXP_CatBoostModel_Alpha158_csi300_custom_step0_s_20260519_18,df9df857e94448428cd0ec8c30138e49,0.067,,,
3176,2026-05-19,SH603799,-0.004677346818353664,EXP_CatBoostModel_Alpha158_csi300_custom_step0_s_20260519_18,df9df857e94448428cd0ec8c30138e49,0.067,,,
3177,2026-05-19,SH603392,-0.017159304979341254,EXP_CatBoostModel_Alpha158_csi300_custom_step0_s_20260519_18,df9df857e94448428cd0ec8c30138e49,0.067,,,
3178,2026-05-19,SH603369,0.0056323586034855945,EXP_CatBoostModel_Alpha158_csi300_custom_step0_s_20260519_18,df9df857e94448428cd0ec8c30138e49,0.067,,,
3179,2026-05-19,SH603296,0.023493298924937105,EXP_CatBoostModel_Alpha158_csi300_custom_step0_s_20260519_18,df9df857e94448428cd0ec8c30138e49,0.067,,,
3180,2026-05-19,SH603288,-0.00042769475259178647,EXP_CatBoostModel_Alpha158_csi300_custom_step0_s_20260519_18,df9df857e94448428cd0ec8c30138e49,0.067,,,
3181,2026-05-19,SH603260,-0.010088467026611616,EXP_CatBoostModel_Alpha158_csi300_custom_step0_s_20260519_18,df9df857e94448428cd0ec8c30138e49,0.067,,,
3182,2026-05-19,SH603259,-0.004509141110511893,EXP_CatBoostModel_Alpha158_csi300_custom_step0_s_20260519_18,df9df857e94448428cd0ec8c30138e49,0.067,,,
3183,2026-05-19,SH603195,0.010815242545303536,EXP_CatBoostModel_Alpha158_csi300_custom_step0_s_20260519_18,df9df857e94448428cd0ec8c30138e49,0.067,,,
3184,2026-05-19,SH603501,0.005687975263282441,EXP_CatBoostModel_Alpha158_csi300_custom_step0_s_20260519_18,df9df857e94448428cd0ec8c30138e49,0.067,,,
3185,2026-05-19,SH600309,-0.0018312168314194622,EXP_CatBoostModel_Alpha158_csi300_custom_step0_s_20260519_18,9b6d9ece7f3d4435840fef9eb77a5a22,0.027,,,
3186,2026-05-19,SH600276,-0.0018312168314194622,EXP_CatBoostModel_Alpha158_csi300_custom_step0_s_20260519_18,9b6d9ece7f3d4435840fef9eb77a5a22,0.027,,,
3187,2026-05-19,SH600233,-0.0018312168314194622,EXP_CatBoostModel_Alpha158_csi300_custom_step0_s_20260519_18,9b6d9ece7f3d4435840fef9eb77a5a22,0.027,,,
3188,2026-05-19,SZ000807,-0.00103072757771097,EXP_CatBoostModel_Alpha158_csi300_custom_step0_s_20260519_18,36d18220d0a34bf3965d2d3aad8610ff,0.042,,,
3189,2026-05-19,SZ000792,-0.00015935669501669126,EXP_CatBoostModel_Alpha158_csi300_custom_step0_s_20260519_18,36d18220d0a34bf3965d2d3aad8610ff,0.042,,,
3190,2026-05-19,SZ000786,-0.00015935669501669126,EXP_CatBoostModel_Alpha158_csi300_custom_step0_s_20260519_18,36d18220d0a34bf3965d2d3aad8610ff,0.042,,,
3191,2026-05-19,SZ000776,-0.00015935669501669126,EXP_CatBoostModel_Alpha158_csi300_custom_step0_s_20260519_18,36d18220d0a34bf3965d2d3aad8610ff,0.042,,,
3192,2026-05-19,SZ000768,-0.00103072757771097,EXP_CatBoostModel_Alpha158_csi300_custom_step0_s_20260519_18,36d18220d0a34bf3965d2d3aad8610ff,0.042,,,
3193,2026-05-19,SZ000725,-0.00103072757771097,EXP_CatBoostModel_Alpha158_csi300_custom_step0_s_20260519_18,36d18220d0a34bf3965d2d3aad8610ff,0.042,,,
3194,2026-05-19,SZ000708,-0.00015935669501669126,EXP_CatBoostModel_Alpha158_csi300_custom_step0_s_20260519_18,36d18220d0a34bf3965d2d3aad8610ff,0.042,,,
3195,2026-05-19,SZ000661,0.00381602678080387,EXP_CatBoostModel_Alpha158_csi300_custom_step0_s_20260519_18,36d18220d0a34bf3965d2d3aad8610ff,0.042,,,
3196,2026-05-19,SZ000651,-0.00015935669501669126,EXP_CatBoostModel_Alpha158_csi300_custom_step0_s_20260519_18,36d18220d0a34bf3965d2d3aad8610ff,0.042,,,
3197,2026-05-19,SZ000630,-0.00015935669501669126,EXP_CatBoostModel_Alpha158_csi300_custom_step0_s_20260519_18,36d18220d0a34bf3965d2d3aad8610ff,0.042,,,
3198,2026-05-19,SZ000625,-0.00103072757771097,EXP_CatBoostModel_Alpha158_csi300_custom_step0_s_20260519_18,36d18220d0a34bf3965d2d3aad8610ff,0.042,,,
3199,2026-05-19,SZ000617,-0.00015935669501669126,EXP_CatBoostModel_Alpha158_csi300_custom_step0_s_20260519_18,36d18220d0a34bf3965d2d3aad8610ff,0.042,,,
3200,2026-05-19,SZ000596,-0.00015935669501669126,EXP_CatBoostModel_Alpha158_csi300_custom_step0_s_20260519_18,36d18220d0a34bf3965d2d3aad8610ff,0.042,,,
3201,2026-05-19,SZ000568,-0.00015935669501669126,EXP_CatBoostModel_Alpha158_csi300_custom_step0_s_20260519_18,36d18220d0a34bf3965d2d3aad8610ff,0.042,,,
3202,2026-05-19,SZ000538,0.001523233053896535,EXP_CatBoostModel_Alpha158_csi300_custom_step0_s_20260519_18,36d18220d0a34bf3965d2d3aad8610ff,0.042,,,
3203,2026-05-19,SZ000858,-0.00015935669501669126,EXP_CatBoostModel_Alpha158_csi300_custom_step0_s_20260519_18,36d18220d0a34bf3965d2d3aad8610ff,0.042,,,
3204,2026-05-19,SZ000876,-0.004000843848259385,EXP_CatBoostModel_Alpha158_csi300_custom_step0_s_20260519_18,36d18220d0a34bf3965d2d3aad8610ff,0.042,,,
3205,2026-05-19,SZ000895,-0.00015935669501669126,EXP_CatBoostModel_Alpha158_csi300_custom_step0_s_20260519_18,36d18220d0a34bf3965d2d3aad8610ff,0.042,,,
3206,2026-05-19,SZ000938,-0.004000843848259385,EXP_CatBoostModel_Alpha158_csi300_custom_step0_s_20260519_18,36d18220d0a34bf3965d2d3aad8610ff,0.042,,,
3207,2026-05-19,SZ002179,0.0003841655595070889,EXP_CatBoostModel_Alpha158_csi300_custom_step0_s_20260519_18,36d18220d0a34bf3965d2d3aad8610ff,0.042,,,
3208,2026-05-19,SZ002142,-0.00103072757771097,EXP_CatBoostModel_Alpha158_csi300_custom_step0_s_20260519_18,36d18220d0a34bf3965d2d3aad8610ff,0.042,,,
3209,2026-05-19,SZ002074,-0.00015935669501669126,EXP_CatBoostModel_Alpha158_csi300_custom_step0_s_20260519_18,36d18220d0a34bf3965d2d3aad8610ff,0.042,,,
3210,2026-05-19,SZ002050,-0.00015935669501669126,EXP_CatBoostModel_Alpha158_csi300_custom_step0_s_20260519_18,36d18220d0a34bf3965d2d3aad8610ff,0.042,,,
3211,2026-05-19,SZ002049,-0.00103072757771097,EXP_CatBoostModel_Alpha158_csi300_custom_step0_s_20260519_18,36d18220d0a34bf3965d2d3aad8610ff,0.042,,,
3212,2026-05-19,SZ002028,-0.00103072757771097,EXP_CatBoostModel_Alpha158_csi300_custom_step0_s_20260519_18,36d18220d0a34bf3965d2d3aad8610ff,0.042,,,
3213,2026-05-19,SZ002027,-0.00015935669501669126,EXP_CatBoostModel_Alpha158_csi300_custom_step0_s_20260519_18,36d18220d0a34bf3965d2d3aad8610ff,0.042,,,
3214,2026-05-19,SZ000425,-0.00015935669501669126,EXP_CatBoostModel_Alpha158_csi300_custom_step0_s_20260519_18,36d18220d0a34bf3965d2d3aad8610ff,0.042,,,
3215,2026-05-19,SZ002001,-0.00015935669501669126,EXP_CatBoostModel_Alpha158_csi300_custom_step0_s_20260519_18,36d18220d0a34bf3965d2d3aad8610ff,0.042,,,
3216,2026-05-19,SZ001965,-0.00103072757771097,EXP_CatBoostModel_Alpha158_csi300_custom_step0_s_20260519_18,36d18220d0a34bf3965d2d3aad8610ff,0.042,,,
3217,2026-05-19,SZ001391,0.0005407947479279376,EXP_CatBoostModel_Alpha158_csi300_custom_step0_s_20260519_18,36d18220d0a34bf3965d2d3aad8610ff,0.042,,,
3218,2026-05-19,SZ000999,0.0003841655595070889,EXP_CatBoostModel_Alpha158_csi300_custom_step0_s_20260519_18,36d18220d0a34bf3965d2d3aad8610ff,0.042,,,
3219,2026-05-19,SZ000983,-0.00103072757771097,EXP_CatBoostModel_Alpha158_csi300_custom_step0_s_20260519_18,36d18220d0a34bf3965d2d3aad8610ff,0.042,,,
3220,2026-05-19,SZ000977,-0.00103072757771097,EXP_CatBoostModel_Alpha158_csi300_custom_step0_s_20260519_18,36d18220d0a34bf3965d2d3aad8610ff,0.042,,,
3221,2026-05-19,SZ000975,-0.00015935669501669126,EXP_CatBoostModel_Alpha158_csi300_custom_step0_s_20260519_18,36d18220d0a34bf3965d2d3aad8610ff,0.042,,,
3222,2026-05-19,SZ000963,-0.00015935669501669126,EXP_CatBoostModel_Alpha158_csi300_custom_step0_s_20260519_18,36d18220d0a34bf3965d2d3aad8610ff,0.042,,,
3223,2026-05-19,SZ001979,-0.00103072757771097,EXP_CatBoostModel_Alpha158_csi300_custom_step0_s_20260519_18,36d18220d0a34bf3965d2d3aad8610ff,0.042,,,
3224,2026-05-19,SZ000408,-0.00015935669501669126,EXP_CatBoostModel_Alpha158_csi300_custom_step0_s_20260519_18,36d18220d0a34bf3965d2d3aad8610ff,0.042,,,
3225,2026-05-19,SZ000338,-0.00015935669501669126,EXP_CatBoostModel_Alpha158_csi300_custom_step0_s_20260519_18,36d18220d0a34bf3965d2d3aad8610ff,0.042,,,
3226,2026-05-19,SZ000333,-0.00015935669501669126,EXP_CatBoostModel_Alpha158_csi300_custom_step0_s_20260519_18,36d18220d0a34bf3965d2d3aad8610ff,0.042,,,
3227,2026-05-19,SH688047,-0.00103072757771097,EXP_CatBoostModel_Alpha158_csi300_custom_step0_s_20260519_18,36d18220d0a34bf3965d2d3aad8610ff,0.042,,,
3228,2026-05-19,SH688041,-0.00103072757771097,EXP_CatBoostModel_Alpha158_csi300_custom_step0_s_20260519_18,36d18220d0a34bf3965d2d3aad8610ff,0.042,,,
3229,2026-05-19,SH688036,-0.004000843848259385,EXP_CatBoostModel_Alpha158_csi300_custom_step0_s_20260519_18,36d18220d0a34bf3965d2d3aad8610ff,0.042,,,
3230,2026-05-19,SH688012,0.0017447881137249298,EXP_CatBoostModel_Alpha158_csi300_custom_step0_s_20260519_18,36d18220d0a34bf3965d2d3aad8610ff,0.042,,,
3231,2026-05-19,SH688009,-0.00103072757771097,EXP_CatBoostModel_Alpha158_csi300_custom_step0_s_20260519_18,36d18220d0a34bf3965d2d3aad8610ff,0.042,,,
3232,2026-05-19,SH688008,-0.004000843848259385,EXP_CatBoostModel_Alpha158_csi300_custom_step0_s_20260519_18,36d18220d0a34bf3965d2d3aad8610ff,0.042,,,
3233,2026-05-19,SH605499,-0.00103072757771097,EXP_CatBoostModel_Alpha158_csi300_custom_step0_s_20260519_18,36d18220d0a34bf3965d2d3aad8610ff,0.042,,,
3234,2026-05-19,SH688082,-0.00103072757771097,EXP_CatBoostModel_Alpha158_csi300_custom_step0_s_20260519_18,36d18220d0a34bf3965d2d3aad8610ff,0.042,,,
3235,2026-05-19,SH605117,-0.00015935669501669126,EXP_CatBoostModel_Alpha158_csi300_custom_step0_s_20260519_18,36d18220d0a34bf3965d2d3aad8610ff,0.042,,,
3236,2026-05-19,SH603986,-0.00103072757771097,EXP_CatBoostModel_Alpha158_csi300_custom_step0_s_20260519_18,36d18220d0a34bf3965d2d3aad8610ff,0.042,,,
3237,2026-05-19,SH603893,-0.004000843848259385,EXP_CatBoostModel_Alpha158_csi300_custom_step0_s_20260519_18,36d18220d0a34bf3965d2d3aad8610ff,0.042,,,
3238,2026-05-19,SH603799,-0.00015935669501669126,EXP_CatBoostModel_Alpha158_csi300_custom_step0_s_20260519_18,36d18220d0a34bf3965d2d3aad8610ff,0.042,,,
3239,2026-05-19,SH603501,-0.00103072757771097,EXP_CatBoostModel_Alpha158_csi300_custom_step0_s_20260519_18,36d18220d0a34bf3965d2d3aad8610ff,0.042,,,
3240,2026-05-19,SH603392,-0.00015935669501669126,EXP_CatBoostModel_Alpha158_csi300_custom_step0_s_20260519_18,36d18220d0a34bf3965d2d3aad8610ff,0.042,,,
3241,2026-05-19,SH603369,-0.00015935669501669126,EXP_CatBoostModel_Alpha158_csi300_custom_step0_s_20260519_18,36d18220d0a34bf3965d2d3aad8610ff,0.042,,,
3242,2026-05-19,SH603296,-0.00015935669501669126,EXP_CatBoostModel_Alpha158_csi300_custom_step0_s_20260519_18,36d18220d0a34bf3965d2d3aad8610ff,0.042,,,
3243,2026-05-19,SH603993,-0.00015935669501669126,EXP_CatBoostModel_Alpha158_csi300_custom_step0_s_20260519_18,36d18220d0a34bf3965d2d3aad8610ff,0.042,,,
3244,2026-05-19,SZ002230,-0.00103072757771097,EXP_CatBoostModel_Alpha158_csi300_custom_step0_s_20260519_18,36d18220d0a34bf3965d2d3aad8610ff,0.042,,,
3245,2026-05-19,SH688111,-0.004000843848259385,EXP_CatBoostModel_Alpha158_csi300_custom_step0_s_20260519_18,36d18220d0a34bf3965d2d3aad8610ff,0.042,,,
3246,2026-05-19,SH688169,-0.00015935669501669126,EXP_CatBoostModel_Alpha158_csi300_custom_step0_s_20260519_18,36d18220d0a34bf3965d2d3aad8610ff,0.042,,,
3247,2026-05-19,SZ000301,-0.00103072757771097,EXP_CatBoostModel_Alpha158_csi300_custom_step0_s_20260519_18,36d18220d0a34bf3965d2d3aad8610ff,0.042,,,
3248,2026-05-19,SZ000166,-0.004665691932438464,EXP_CatBoostModel_Alpha158_csi300_custom_step0_s_20260519_18,36d18220d0a34bf3965d2d3aad8610ff,0.042,,,
3249,2026-05-19,SZ000157,-0.00015935669501669126,EXP_CatBoostModel_Alpha158_csi300_custom_step0_s_20260519_18,36d18220d0a34bf3965d2d3aad8610ff,0.042,,,
3250,2026-05-19,SZ000100,0.0022776394808905536,EXP_CatBoostModel_Alpha158_csi300_custom_step0_s_20260519_18,36d18220d0a34bf3965d2d3aad8610ff,0.042,,,
3251,2026-05-19,SZ000063,-0.004000843848259385,EXP_CatBoostModel_Alpha158_csi300_custom_step0_s_20260519_18,36d18220d0a34bf3965d2d3aad8610ff,0.042,,,
3252,2026-05-19,SZ000002,-0.00103072757771097,EXP_CatBoostModel_Alpha158_csi300_custom_step0_s_20260519_18,36d18220d0a34bf3965d2d3aad8610ff,0.042,,,
3253,2026-05-19,SZ000001,0.00381602678080387,EXP_CatBoostModel_Alpha158_csi300_custom_step0_s_20260519_18,36d18220d0a34bf3965d2d3aad8610ff,0.042,,,
3254,2026-05-19,SH688126,0.01071254606611818,EXP_CatBoostModel_Alpha158_csi300_custom_step0_s_20260519_18,36d18220d0a34bf3965d2d3aad8610ff,0.042,,,
3255,2026-05-19,SH688981,-0.004000843848259385,EXP_CatBoostModel_Alpha158_csi300_custom_step0_s_20260519_18,36d18220d0a34bf3965d2d3aad8610ff,0.042,,,
3256,2026-05-19,SH688472,-0.00015935669501669126,EXP_CatBoostModel_Alpha158_csi300_custom_step0_s_20260519_18,36d18220d0a34bf3965d2d3aad8610ff,0.042,,,
3257,2026-05-19,SH688396,-0.004000843848259385,EXP_CatBoostModel_Alpha158_csi300_custom_step0_s_20260519_18,36d18220d0a34bf3965d2d3aad8610ff,0.042,,,
3258,2026-05-19,SH688303,-0.00015935669501669126,EXP_CatBoostModel_Alpha158_csi300_custom_step0_s_20260519_18,36d18220d0a34bf3965d2d3aad8610ff,0.042,,,
3259,2026-05-19,SH688271,0.0022776394808905536,EXP_CatBoostModel_Alpha158_csi300_custom_step0_s_20260519_18,36d18220d0a34bf3965d2d3aad8610ff,0.042,,,
3260,2026-05-19,SH688256,-0.00103072757771097,EXP_CatBoostModel_Alpha158_csi300_custom_step0_s_20260519_18,36d18220d0a34bf3965d2d3aad8610ff,0.042,,,
3261,2026-05-19,SH688223,-0.00015935669501669126,EXP_CatBoostModel_Alpha158_csi300_custom_step0_s_20260519_18,36d18220d0a34bf3965d2d3aad8610ff,0.042,,,
3262,2026-05-19,SH688187,0.0003841655595070889,EXP_CatBoostModel_Alpha158_csi300_custom_step0_s_20260519_18,36d18220d0a34bf3965d2d3aad8610ff,0.042,,,
3263,2026-05-19,SH688506,-0.00015935669501669126,EXP_CatBoostModel_Alpha158_csi300_custom_step0_s_20260519_18,36d18220d0a34bf3965d2d3aad8610ff,0.042,,,
3264,2026-05-19,SZ002236,-0.00103072757771097,EXP_CatBoostModel_Alpha158_csi300_custom_step0_s_20260519_18,36d18220d0a34bf3965d2d3aad8610ff,0.042,,,
3265,2026-05-19,SZ002241,-0.004000843848259385,EXP_CatBoostModel_Alpha158_csi300_custom_step0_s_20260519_18,36d18220d0a34bf3965d2d3aad8610ff,0.042,,,
3266,2026-05-19,SZ002252,0.001523233053896535,EXP_CatBoostModel_Alpha158_csi300_custom_step0_s_20260519_18,36d18220d0a34bf3965d2d3aad8610ff,0.042,,,
3267,2026-05-19,SZ300979,-0.00015935669501669126,EXP_CatBoostModel_Alpha158_csi300_custom_step0_s_20260519_18,36d18220d0a34bf3965d2d3aad8610ff,0.042,,,
3268,2026-05-19,SZ300896,-0.00015935669501669126,EXP_CatBoostModel_Alpha158_csi300_custom_step0_s_20260519_18,36d18220d0a34bf3965d2d3aad8610ff,0.042,,,
3269,2026-05-19,SZ300866,-0.00015935669501669126,EXP_CatBoostModel_Alpha158_csi300_custom_step0_s_20260519_18,36d18220d0a34bf3965d2d3aad8610ff,0.042,,,
3270,2026-05-19,SZ300832,-0.00103072757771097,EXP_CatBoostModel_Alpha158_csi300_custom_step0_s_20260519_18,36d18220d0a34bf3965d2d3aad8610ff,0.042,,,
3271,2026-05-19,SZ300803,-0.00015935669501669126,EXP_CatBoostModel_Alpha158_csi300_custom_step0_s_20260519_18,36d18220d0a34bf3965d2d3aad8610ff,0.042,,,
3272,2026-05-19,SZ300782,-0.00015935669501669126,EXP_CatBoostModel_Alpha158_csi300_custom_step0_s_20260519_18,36d18220d0a34bf3965d2d3aad8610ff,0.042,,,
3273,2026-05-19,SZ300760,-0.00103072757771097,EXP_CatBoostModel_Alpha158_csi300_custom_step0_s_20260519_18,36d18220d0a34bf3965d2d3aad8610ff,0.042,,,
3274,2026-05-19,SZ300999,0.0005511298514854046,EXP_CatBoostModel_Alpha158_csi300_custom_step0_s_20260519_18,36d18220d0a34bf3965d2d3aad8610ff,0.042,,,
3275,2026-05-19,SZ300759,-0.00015935669501669126,EXP_CatBoostModel_Alpha158_csi300_custom_step0_s_20260519_18,36d18220d0a34bf3965d2d3aad8610ff,0.042,,,
3276,2026-05-19,SZ300661,-0.00103072757771097,EXP_CatBoostModel_Alpha158_csi300_custom_step0_s_20260519_18,36d18220d0a34bf3965d2d3aad8610ff,0.042,,,
3277,2026-05-19,SZ300628,-0.004000843848259385,EXP_CatBoostModel_Alpha158_csi300_custom_step0_s_20260519_18,36d18220d0a34bf3965d2d3aad8610ff,0.042,,,
3278,2026-05-19,SZ300502,-0.00015935669501669126,EXP_CatBoostModel_Alpha158_csi300_custom_step0_s_20260519_18,36d18220d0a34bf3965d2d3aad8610ff,0.042,,,
3279,2026-05-19,SZ300498,-0.00015935669501669126,EXP_CatBoostModel_Alpha158_csi300_custom_step0_s_20260519_18,36d18220d0a34bf3965d2d3aad8610ff,0.042,,,
3280,2026-05-19,SZ300476,-0.00015935669501669126,EXP_CatBoostModel_Alpha158_csi300_custom_step0_s_20260519_18,36d18220d0a34bf3965d2d3aad8610ff,0.042,,,
3281,2026-05-19,SZ300442,-0.00015935669501669126,EXP_CatBoostModel_Alpha158_csi300_custom_step0_s_20260519_18,36d18220d0a34bf3965d2d3aad8610ff,0.042,,,
3282,2026-05-19,SZ300433,-0.00015935669501669126,EXP_CatBoostModel_Alpha158_csi300_custom_step0_s_20260519_18,36d18220d0a34bf3965d2d3aad8610ff,0.042,,,
3283,2026-05-19,SZ300750,-0.00103072757771097,EXP_CatBoostModel_Alpha158_csi300_custom_step0_s_20260519_18,36d18220d0a34bf3965d2d3aad8610ff,0.042,,,
3284,2026-05-19,SZ300418,-0.00103072757771097,EXP_CatBoostModel_Alpha158_csi300_custom_step0_s_20260519_18,36d18220d0a34bf3965d2d3aad8610ff,0.042,,,
3285,2026-05-19,SZ301236,-0.004000843848259385,EXP_CatBoostModel_Alpha158_csi300_custom_step0_s_20260519_18,36d18220d0a34bf3965d2d3aad8610ff,0.042,,,
3286,2026-05-19,SZ302132,-0.00015935669501669126,EXP_CatBoostModel_Alpha158_csi300_custom_step0_s_20260519_18,36d18220d0a34bf3965d2d3aad8610ff,0.042,,,
3287,2026-05-19,SH600031,-0.004845379778449883,EXP_CatBoostModel_Alpha158_csi300_custom_step0_s_20260519_18,3154864ea9b841418c1607efb18e7f01,0.058,,,
3288,2026-05-19,SH600030,-0.0029978172675043445,EXP_CatBoostModel_Alpha158_csi300_custom_step0_s_20260519_18,3154864ea9b841418c1607efb18e7f01,0.058,,,
3289,2026-05-19,SH600029,-0.0029978172675043445,EXP_CatBoostModel_Alpha158_csi300_custom_step0_s_20260519_18,3154864ea9b841418c1607efb18e7f01,0.058,,,
3290,2026-05-19,SH600028,-0.00020550097717799857,EXP_CatBoostModel_Alpha158_csi300_custom_step0_s_20260519_18,3154864ea9b841418c1607efb18e7f01,0.058,,,
3291,2026-05-19,SH600027,0.0012341639278038781,EXP_CatBoostModel_Alpha158_csi300_custom_step0_s_20260519_18,3154864ea9b841418c1607efb18e7f01,0.058,,,
3292,2026-05-19,SH600026,-0.0029978172675043445,EXP_CatBoostModel_Alpha158_csi300_custom_step0_s_20260519_18,3154864ea9b841418c1607efb18e7f01,0.058,,,
3293,2026-05-19,SH600025,0.002074431890035852,EXP_CatBoostModel_Alpha158_csi300_custom_step0_s_20260519_18,3154864ea9b841418c1607efb18e7f01,0.058,,,
3294,2026-05-19,SZ301269,-0.00103072757771097,EXP_CatBoostModel_Alpha158_csi300_custom_step0_s_20260519_18,36d18220d0a34bf3965d2d3aad8610ff,0.042,,,
3295,2026-05-19,SH600023,0.010120771334881935,EXP_CatBoostModel_Alpha158_csi300_custom_step0_s_20260519_18,3154864ea9b841418c1607efb18e7f01,0.058,,,
3296,2026-05-19,SH600018,0.003977948886716414,EXP_CatBoostModel_Alpha158_csi300_custom_step0_s_20260519_18,3154864ea9b841418c1607efb18e7f01,0.058,,,
3297,2026-05-19,SH600016,-0.002112159426550652,EXP_CatBoostModel_Alpha158_csi300_custom_step0_s_20260519_18,3154864ea9b841418c1607efb18e7f01,0.058,,,
3298,2026-05-19,SH600015,0.0013572581612627914,EXP_CatBoostModel_Alpha158_csi300_custom_step0_s_20260519_18,3154864ea9b841418c1607efb18e7f01,0.058,,,
3299,2026-05-19,SH600011,-0.0006445775075426261,EXP_CatBoostModel_Alpha158_csi300_custom_step0_s_20260519_18,3154864ea9b841418c1607efb18e7f01,0.058,,,
3300,2026-05-19,SH600010,-0.0029978172675043445,EXP_CatBoostModel_Alpha158_csi300_custom_step0_s_20260519_18,3154864ea9b841418c1607efb18e7f01,0.058,,,
3301,2026-05-19,SH600009,-0.00358380281337617,EXP_CatBoostModel_Alpha158_csi300_custom_step0_s_20260519_18,3154864ea9b841418c1607efb18e7f01,0.058,,,
3302,2026-05-19,SH600000,0.0013572581612627914,EXP_CatBoostModel_Alpha158_csi300_custom_step0_s_20260519_18,3154864ea9b841418c1607efb18e7f01,0.058,,,
3303,2026-05-19,SH600019,-0.0024434338016966163,EXP_CatBoostModel_Alpha158_csi300_custom_step0_s_20260519_18,3154864ea9b841418c1607efb18e7f01,0.058,,,
3304,2026-05-19,SH603288,-0.00015935669501669126,EXP_CatBoostModel_Alpha158_csi300_custom_step0_s_20260519_18,36d18220d0a34bf3965d2d3aad8610ff,0.042,,,
3305,2026-05-19,SZ300413,-0.00103072757771097,EXP_CatBoostModel_Alpha158_csi300_custom_step0_s_20260519_18,36d18220d0a34bf3965d2d3aad8610ff,0.042,,,
3306,2026-05-19,SZ300394,-0.00015935669501669126,EXP_CatBoostModel_Alpha158_csi300_custom_step0_s_20260519_18,36d18220d0a34bf3965d2d3aad8610ff,0.042,,,
3307,2026-05-19,SZ002601,-0.00015935669501669126,EXP_CatBoostModel_Alpha158_csi300_custom_step0_s_20260519_18,36d18220d0a34bf3965d2d3aad8610ff,0.042,,,
3308,2026-05-19,SZ002600,-0.00015935669501669126,EXP_CatBoostModel_Alpha158_csi300_custom_step0_s_20260519_18,36d18220d0a34bf3965d2d3aad8610ff,0.042,,,
3309,2026-05-19,SZ002594,-0.004000843848259385,EXP_CatBoostModel_Alpha158_csi300_custom_step0_s_20260519_18,36d18220d0a34bf3965d2d3aad8610ff,0.042,,,
3310,2026-05-19,SZ002493,-0.00015935669501669126,EXP_CatBoostModel_Alpha158_csi300_custom_step0_s_20260519_18,36d18220d0a34bf3965d2d3aad8610ff,0.042,,,
3311,2026-05-19,SZ002475,-0.004000843848259385,EXP_CatBoostModel_Alpha158_csi300_custom_step0_s_20260519_18,36d18220d0a34bf3965d2d3aad8610ff,0.042,,,
3312,2026-05-19,SZ002466,-0.00015935669501669126,EXP_CatBoostModel_Alpha158_csi300_custom_step0_s_20260519_18,36d18220d0a34bf3965d2d3aad8610ff,0.042,,,
3313,2026-05-19,SZ002463,-0.00015935669501669126,EXP_CatBoostModel_Alpha158_csi300_custom_step0_s_20260519_18,36d18220d0a34bf3965d2d3aad8610ff,0.042,,,
3314,2026-05-19,SZ002625,-0.00015935669501669126,EXP_CatBoostModel_Alpha158_csi300_custom_step0_s_20260519_18,36d18220d0a34bf3965d2d3aad8610ff,0.042,,,
3315,2026-05-19,SZ002460,-0.00015935669501669126,EXP_CatBoostModel_Alpha158_csi300_custom_step0_s_20260519_18,36d18220d0a34bf3965d2d3aad8610ff,0.042,,,
3316,2026-05-19,SZ002422,-0.00103072757771097,EXP_CatBoostModel_Alpha158_csi300_custom_step0_s_20260519_18,36d18220d0a34bf3965d2d3aad8610ff,0.042,,,
3317,2026-05-19,SZ002415,-0.00103072757771097,EXP_CatBoostModel_Alpha158_csi300_custom_step0_s_20260519_18,36d18220d0a34bf3965d2d3aad8610ff,0.042,,,
3318,2026-05-19,SZ002384,-0.00103072757771097,EXP_CatBoostModel_Alpha158_csi300_custom_step0_s_20260519_18,36d18220d0a34bf3965d2d3aad8610ff,0.042,,,
3319,2026-05-19,SZ002371,-0.00103072757771097,EXP_CatBoostModel_Alpha158_csi300_custom_step0_s_20260519_18,36d18220d0a34bf3965d2d3aad8610ff,0.042,,,
3320,2026-05-19,SZ002352,0.001523233053896535,EXP_CatBoostModel_Alpha158_csi300_custom_step0_s_20260519_18,36d18220d0a34bf3965d2d3aad8610ff,0.042,,,
3321,2026-05-19,SZ002311,-0.00015935669501669126,EXP_CatBoostModel_Alpha158_csi300_custom_step0_s_20260519_18,36d18220d0a34bf3965d2d3aad8610ff,0.042,,,
3322,2026-05-19,SZ002304,-0.00015935669501669126,EXP_CatBoostModel_Alpha158_csi300_custom_step0_s_20260519_18,36d18220d0a34bf3965d2d3aad8610ff,0.042,,,
3323,2026-05-19,SZ002459,-0.00015935669501669126,EXP_CatBoostModel_Alpha158_csi300_custom_step0_s_20260519_18,36d18220d0a34bf3965d2d3aad8610ff,0.042,,,
3324,2026-05-19,SZ300408,-0.00103072757771097,EXP_CatBoostModel_Alpha158_csi300_custom_step0_s_20260519_18,36d18220d0a34bf3965d2d3aad8610ff,0.042,,,
3325,2026-05-19,SZ002648,-0.00015935669501669126,EXP_CatBoostModel_Alpha158_csi300_custom_step0_s_20260519_18,36d18220d0a34bf3965d2d3aad8610ff,0.042,,,
3326,2026-05-19,SZ002714,-0.00015935669501669126,EXP_CatBoostModel_Alpha158_csi300_custom_step0_s_20260519_18,36d18220d0a34bf3965d2d3aad8610ff,0.042,,,
3327,2026-05-19,SZ300347,-0.00015935669501669126,EXP_CatBoostModel_Alpha158_csi300_custom_step0_s_20260519_18,36d18220d0a34bf3965d2d3aad8610ff,0.042,,,
3328,2026-05-19,SZ300316,-0.00103072757771097,EXP_CatBoostModel_Alpha158_csi300_custom_step0_s_20260519_18,36d18220d0a34bf3965d2d3aad8610ff,0.042,,,
3329,2026-05-19,SZ300308,-0.00015935669501669126,EXP_CatBoostModel_Alpha158_csi300_custom_step0_s_20260519_18,36d18220d0a34bf3965d2d3aad8610ff,0.042,,,
3330,2026-05-19,SZ300274,0.0003841655595070889,EXP_CatBoostModel_Alpha158_csi300_custom_step0_s_20260519_18,36d18220d0a34bf3965d2d3aad8610ff,0.042,,,
3331,2026-05-19,SZ300251,-0.00103072757771097,EXP_CatBoostModel_Alpha158_csi300_custom_step0_s_20260519_18,36d18220d0a34bf3965d2d3aad8610ff,0.042,,,
3332,2026-05-19,SZ300124,-0.00015935669501669126,EXP_CatBoostModel_Alpha158_csi300_custom_step0_s_20260519_18,36d18220d0a34bf3965d2d3aad8610ff,0.042,,,
3333,2026-05-19,SZ300122,0.0003841655595070889,EXP_CatBoostModel_Alpha158_csi300_custom_step0_s_20260519_18,36d18220d0a34bf3965d2d3aad8610ff,0.042,,,
3334,2026-05-19,SZ002709,-0.00015935669501669126,EXP_CatBoostModel_Alpha158_csi300_custom_step0_s_20260519_18,36d18220d0a34bf3965d2d3aad8610ff,0.042,,,
3335,2026-05-19,SZ300059,-0.004000843848259385,EXP_CatBoostModel_Alpha158_csi300_custom_step0_s_20260519_18,36d18220d0a34bf3965d2d3aad8610ff,0.042,,,
3336,2026-05-19,SZ300015,-0.00015935669501669126,EXP_CatBoostModel_Alpha158_csi300_custom_step0_s_20260519_18,36d18220d0a34bf3965d2d3aad8610ff,0.042,,,
3337,2026-05-19,SZ300014,-0.00103072757771097,EXP_CatBoostModel_Alpha158_csi300_custom_step0_s_20260519_18,36d18220d0a34bf3965d2d3aad8610ff,0.042,,,
3338,2026-05-19,SZ003816,-0.00103072757771097,EXP_CatBoostModel_Alpha158_csi300_custom_step0_s_20260519_18,36d18220d0a34bf3965d2d3aad8610ff,0.042,,,
3339,2026-05-19,SZ002938,-0.00103072757771097,EXP_CatBoostModel_Alpha158_csi300_custom_step0_s_20260519_18,36d18220d0a34bf3965d2d3aad8610ff,0.042,,,
3340,2026-05-19,SZ002920,-0.00015935669501669126,EXP_CatBoostModel_Alpha158_csi300_custom_step0_s_20260519_18,36d18220d0a34bf3965d2d3aad8610ff,0.042,,,
3341,2026-05-19,SZ002916,-0.00015935669501669126,EXP_CatBoostModel_Alpha158_csi300_custom_step0_s_20260519_18,36d18220d0a34bf3965d2d3aad8610ff,0.042,,,
3342,2026-05-19,SZ002736,-0.00103072757771097,EXP_CatBoostModel_Alpha158_csi300_custom_step0_s_20260519_18,36d18220d0a34bf3965d2d3aad8610ff,0.042,,,
3343,2026-05-19,SZ300033,-0.00015935669501669126,EXP_CatBoostModel_Alpha158_csi300_custom_step0_s_20260519_18,36d18220d0a34bf3965d2d3aad8610ff,0.042,,,
3344,2026-05-19,SH603260,-0.00015935669501669126,EXP_CatBoostModel_Alpha158_csi300_custom_step0_s_20260519_18,36d18220d0a34bf3965d2d3aad8610ff,0.042,,,
3345,2026-05-19,SH603259,-0.00015935669501669126,EXP_CatBoostModel_Alpha158_csi300_custom_step0_s_20260519_18,36d18220d0a34bf3965d2d3aad8610ff,0.042,,,
3346,2026-05-19,SH603195,0.0003841655595070889,EXP_CatBoostModel_Alpha158_csi300_custom_step0_s_20260519_18,36d18220d0a34bf3965d2d3aad8610ff,0.042,,,
3347,2026-05-19,SH600585,-0.00015935669501669126,EXP_CatBoostModel_Alpha158_csi300_custom_step0_s_20260519_18,36d18220d0a34bf3965d2d3aad8610ff,0.042,,,
3348,2026-05-19,SH600584,-0.00103072757771097,EXP_CatBoostModel_Alpha158_csi300_custom_step0_s_20260519_18,36d18220d0a34bf3965d2d3aad8610ff,0.042,,,
3349,2026-05-19,SH600570,-0.004000843848259385,EXP_CatBoostModel_Alpha158_csi300_custom_step0_s_20260519_18,36d18220d0a34bf3965d2d3aad8610ff,0.042,,,
3350,2026-05-19,SH600547,-0.00015935669501669126,EXP_CatBoostModel_Alpha158_csi300_custom_step0_s_20260519_18,36d18220d0a34bf3965d2d3aad8610ff,0.042,,,
3351,2026-05-19,SH600522,-0.00103072757771097,EXP_CatBoostModel_Alpha158_csi300_custom_step0_s_20260519_18,36d18220d0a34bf3965d2d3aad8610ff,0.042,,,
3352,2026-05-19,SH600519,-0.00015935669501669126,EXP_CatBoostModel_Alpha158_csi300_custom_step0_s_20260519_18,36d18220d0a34bf3965d2d3aad8610ff,0.042,,,
3353,2026-05-19,SH600515,-0.00103072757771097,EXP_CatBoostModel_Alpha158_csi300_custom_step0_s_20260519_18,36d18220d0a34bf3965d2d3aad8610ff,0.042,,,
3354,2026-05-19,SH600588,-0.00103072757771097,EXP_CatBoostModel_Alpha158_csi300_custom_step0_s_20260519_18,36d18220d0a34bf3965d2d3aad8610ff,0.042,,,
3355,2026-05-19,SH600489,-0.00015935669501669126,EXP_CatBoostModel_Alpha158_csi300_custom_step0_s_20260519_18,36d18220d0a34bf3965d2d3aad8610ff,0.042,,,
3356,2026-05-19,SH600460,-0.004000843848259385,EXP_CatBoostModel_Alpha158_csi300_custom_step0_s_20260519_18,36d18220d0a34bf3965d2d3aad8610ff,0.042,,,
3357,2026-05-19,SH600438,-0.00015935669501669126,EXP_CatBoostModel_Alpha158_csi300_custom_step0_s_20260519_18,36d18220d0a34bf3965d2d3aad8610ff,0.042,,,
3358,2026-05-19,SH600436,-0.00015935669501669126,EXP_CatBoostModel_Alpha158_csi300_custom_step0_s_20260519_18,36d18220d0a34bf3965d2d3aad8610ff,0.042,,,
3359,2026-05-19,SH600426,-0.00015935669501669126,EXP_CatBoostModel_Alpha158_csi300_custom_step0_s_20260519_18,36d18220d0a34bf3965d2d3aad8610ff,0.042,,,
3360,2026-05-19,SH600415,-0.004000843848259385,EXP_CatBoostModel_Alpha158_csi300_custom_step0_s_20260519_18,36d18220d0a34bf3965d2d3aad8610ff,0.042,,,
3361,2026-05-19,SH600406,0.0022776394808905536,EXP_CatBoostModel_Alpha158_csi300_custom_step0_s_20260519_18,36d18220d0a34bf3965d2d3aad8610ff,0.042,,,
3362,2026-05-19,SH600377,-0.00103072757771097,EXP_CatBoostModel_Alpha158_csi300_custom_step0_s_20260519_18,36d18220d0a34bf3965d2d3aad8610ff,0.042,,,
3363,2026-05-19,SH600482,-0.00103072757771097,EXP_CatBoostModel_Alpha158_csi300_custom_step0_s_20260519_18,36d18220d0a34bf3965d2d3aad8610ff,0.042,,,
3364,2026-05-19,SH600372,-0.00015935669501669126,EXP_CatBoostModel_Alpha158_csi300_custom_step0_s_20260519_18,36d18220d0a34bf3965d2d3aad8610ff,0.042,,,
3365,2026-05-19,SH600600,0.001523233053896535,EXP_CatBoostModel_Alpha158_csi300_custom_step0_s_20260519_18,36d18220d0a34bf3965d2d3aad8610ff,0.042,,,
3366,2026-05-19,SH600674,0.0022776394808905536,EXP_CatBoostModel_Alpha158_csi300_custom_step0_s_20260519_18,36d18220d0a34bf3965d2d3aad8610ff,0.042,,,
3367,2026-05-19,SH600926,0.001523233053896535,EXP_CatBoostModel_Alpha158_csi300_custom_step0_s_20260519_18,36d18220d0a34bf3965d2d3aad8610ff,0.042,,,
3368,2026-05-19,SH600919,0.0022776394808905536,EXP_CatBoostModel_Alpha158_csi300_custom_step0_s_20260519_18,36d18220d0a34bf3965d2d3aad8610ff,0.042,,,
3369,2026-05-19,SH600918,0.001523233053896535,EXP_CatBoostModel_Alpha158_csi300_custom_step0_s_20260519_18,36d18220d0a34bf3965d2d3aad8610ff,0.042,,,
3370,2026-05-19,SH600905,0.0022776394808905536,EXP_CatBoostModel_Alpha158_csi300_custom_step0_s_20260519_18,36d18220d0a34bf3965d2d3aad8610ff,0.042,,,
3371,2026-05-19,SH600900,0.002843719626262547,EXP_CatBoostModel_Alpha158_csi300_custom_step0_s_20260519_18,36d18220d0a34bf3965d2d3aad8610ff,0.042,,,
3372,2026-05-19,SH600893,-0.00103072757771097,EXP_CatBoostModel_Alpha158_csi300_custom_step0_s_20260519_18,36d18220d0a34bf3965d2d3aad8610ff,0.042,,,
3373,2026-05-19,SH600887,-0.00015935669501669126,EXP_CatBoostModel_Alpha158_csi300_custom_step0_s_20260519_18,36d18220d0a34bf3965d2d3aad8610ff,0.042,,,
3374,2026-05-19,SH600660,0.001523233053896535,EXP_CatBoostModel_Alpha158_csi300_custom_step0_s_20260519_18,36d18220d0a34bf3965d2d3aad8610ff,0.042,,,
3375,2026-05-19,SH600886,0.0022776394808905536,EXP_CatBoostModel_Alpha158_csi300_custom_step0_s_20260519_18,36d18220d0a34bf3965d2d3aad8610ff,0.042,,,
3376,2026-05-19,SH600845,-0.004000843848259385,EXP_CatBoostModel_Alpha158_csi300_custom_step0_s_20260519_18,36d18220d0a34bf3965d2d3aad8610ff,0.042,,,
3377,2026-05-19,SH600809,-0.00015935669501669126,EXP_CatBoostModel_Alpha158_csi300_custom_step0_s_20260519_18,36d18220d0a34bf3965d2d3aad8610ff,0.042,,,
3378,2026-05-19,SH600803,-0.00015935669501669126,EXP_CatBoostModel_Alpha158_csi300_custom_step0_s_20260519_18,36d18220d0a34bf3965d2d3aad8610ff,0.042,,,
3379,2026-05-19,SH600795,0.0022776394808905536,EXP_CatBoostModel_Alpha158_csi300_custom_step0_s_20260519_18,36d18220d0a34bf3965d2d3aad8610ff,0.042,,,
3380,2026-05-19,SH600760,-0.004000843848259385,EXP_CatBoostModel_Alpha158_csi300_custom_step0_s_20260519_18,36d18220d0a34bf3965d2d3aad8610ff,0.042,,,
3381,2026-05-19,SH600741,-0.00015935669501669126,EXP_CatBoostModel_Alpha158_csi300_custom_step0_s_20260519_18,36d18220d0a34bf3965d2d3aad8610ff,0.042,,,
3382,2026-05-19,SH600690,0.001523233053896535,EXP_CatBoostModel_Alpha158_csi300_custom_step0_s_20260519_18,36d18220d0a34bf3965d2d3aad8610ff,0.042,,,
3383,2026-05-19,SH600875,-0.00015935669501669126,EXP_CatBoostModel_Alpha158_csi300_custom_step0_s_20260519_18,36d18220d0a34bf3965d2d3aad8610ff,0.042,,,
3384,2026-05-19,SH600930,-0.004000843848259385,EXP_CatBoostModel_Alpha158_csi300_custom_step0_s_20260519_18,36d18220d0a34bf3965d2d3aad8610ff,0.042,,,
3385,2026-05-19,SH600362,-0.00015935669501669126,EXP_CatBoostModel_Alpha158_csi300_custom_step0_s_20260519_18,36d18220d0a34bf3965d2d3aad8610ff,0.042,,,
3386,2026-05-19,SH600309,-0.00015935669501669126,EXP_CatBoostModel_Alpha158_csi300_custom_step0_s_20260519_18,36d18220d0a34bf3965d2d3aad8610ff,0.042,,,
3387,2026-05-19,SH600036,-0.00015935669501669126,EXP_CatBoostModel_Alpha158_csi300_custom_step0_s_20260519_18,36d18220d0a34bf3965d2d3aad8610ff,0.042,,,
3388,2026-05-19,SH600031,-0.00015935669501669126,EXP_CatBoostModel_Alpha158_csi300_custom_step0_s_20260519_18,36d18220d0a34bf3965d2d3aad8610ff,0.042,,,
3389,2026-05-19,SH600030,-0.004000843848259385,EXP_CatBoostModel_Alpha158_csi300_custom_step0_s_20260519_18,36d18220d0a34bf3965d2d3aad8610ff,0.042,,,
3390,2026-05-19,SH600029,-0.00103072757771097,EXP_CatBoostModel_Alpha158_csi300_custom_step0_s_20260519_18,36d18220d0a34bf3965d2d3aad8610ff,0.042,,,
3391,2026-05-19,SH600028,-0.00015935669501669126,EXP_CatBoostModel_Alpha158_csi300_custom_step0_s_20260519_18,36d18220d0a34bf3965d2d3aad8610ff,0.042,,,
3392,2026-05-19,SH600027,-0.00103072757771097,EXP_CatBoostModel_Alpha158_csi300_custom_step0_s_20260519_18,36d18220d0a34bf3965d2d3aad8610ff,0.042,,,
3393,2026-05-19,SH600026,-0.00015935669501669126,EXP_CatBoostModel_Alpha158_csi300_custom_step0_s_20260519_18,36d18220d0a34bf3965d2d3aad8610ff,0.042,,,
3394,2026-05-19,SH600039,0.0003841655595070889,EXP_CatBoostModel_Alpha158_csi300_custom_step0_s_20260519_18,36d18220d0a34bf3965d2d3aad8610ff,0.042,,,
3395,2026-05-19,SH600025,0.0022776394808905536,EXP_CatBoostModel_Alpha158_csi300_custom_step0_s_20260519_18,36d18220d0a34bf3965d2d3aad8610ff,0.042,,,
3396,2026-05-19,SH600019,0.001523233053896535,EXP_CatBoostModel_Alpha158_csi300_custom_step0_s_20260519_18,36d18220d0a34bf3965d2d3aad8610ff,0.042,,,
3397,2026-05-19,SH600018,0.0022776394808905536,EXP_CatBoostModel_Alpha158_csi300_custom_step0_s_20260519_18,36d18220d0a34bf3965d2d3aad8610ff,0.042,,,
3398,2026-05-19,SH600016,0.001523233053896535,EXP_CatBoostModel_Alpha158_csi300_custom_step0_s_20260519_18,36d18220d0a34bf3965d2d3aad8610ff,0.042,,,
3399,2026-05-19,SH600015,0.0003841655595070889,EXP_CatBoostModel_Alpha158_csi300_custom_step0_s_20260519_18,36d18220d0a34bf3965d2d3aad8610ff,0.042,,,
3400,2026-05-19,SH600011,-0.00103072757771097,EXP_CatBoostModel_Alpha158_csi300_custom_step0_s_20260519_18,36d18220d0a34bf3965d2d3aad8610ff,0.042,,,
3401,2026-05-19,SH600010,-0.00103072757771097,EXP_CatBoostModel_Alpha158_csi300_custom_step0_s_20260519_18,36d18220d0a34bf3965d2d3aad8610ff,0.042,,,
3402,2026-05-19,SH600009,0.001523233053896535,EXP_CatBoostModel_Alpha158_csi300_custom_step0_s_20260519_18,36d18220d0a34bf3965d2d3aad8610ff,0.042,,,
3403,2026-05-19,SH600023,0.0003841655595070889,EXP_CatBoostModel_Alpha158_csi300_custom_step0_s_20260519_18,36d18220d0a34bf3965d2d3aad8610ff,0.042,,,
3404,2026-05-19,SH600346,-0.00015935669501669126,EXP_CatBoostModel_Alpha158_csi300_custom_step0_s_20260519_18,36d18220d0a34bf3965d2d3aad8610ff,0.042,,,
3405,2026-05-19,SH600048,-0.00103072757771097,EXP_CatBoostModel_Alpha158_csi300_custom_step0_s_20260519_18,36d18220d0a34bf3965d2d3aad8610ff,0.042,,,
3406,2026-05-19,SH600061,-0.00103072757771097,EXP_CatBoostModel_Alpha158_csi300_custom_step0_s_20260519_18,36d18220d0a34bf3965d2d3aad8610ff,0.042,,,
3407,2026-05-19,SH600276,-0.00015935669501669126,EXP_CatBoostModel_Alpha158_csi300_custom_step0_s_20260519_18,36d18220d0a34bf3965d2d3aad8610ff,0.042,,,
3408,2026-05-19,SH600233,-0.00015935669501669126,EXP_CatBoostModel_Alpha158_csi300_custom_step0_s_20260519_18,36d18220d0a34bf3965d2d3aad8610ff,0.042,,,
3409,2026-05-19,SH600219,0.0003841655595070889,EXP_CatBoostModel_Alpha158_csi300_custom_step0_s_20260519_18,36d18220d0a34bf3965d2d3aad8610ff,0.042,,,
3410,2026-05-19,SH600196,-0.00103072757771097,EXP_CatBoostModel_Alpha158_csi300_custom_step0_s_20260519_18,36d18220d0a34bf3965d2d3aad8610ff,0.042,,,
3411,2026-05-19,SH600188,-0.00015935669501669126,EXP_CatBoostModel_Alpha158_csi300_custom_step0_s_20260519_18,36d18220d0a34bf3965d2d3aad8610ff,0.042,,,
3412,2026-05-19,SH600183,-0.00103072757771097,EXP_CatBoostModel_Alpha158_csi300_custom_step0_s_20260519_18,36d18220d0a34bf3965d2d3aad8610ff,0.042,,,
3413,2026-05-19,SH600176,-0.00103072757771097,EXP_CatBoostModel_Alpha158_csi300_custom_step0_s_20260519_18,36d18220d0a34bf3965d2d3aad8610ff,0.042,,,
3414,2026-05-19,SH600050,-0.00103072757771097,EXP_CatBoostModel_Alpha158_csi300_custom_step0_s_20260519_18,36d18220d0a34bf3965d2d3aad8610ff,0.042,,,
3415,2026-05-19,SH600161,-0.00015935669501669126,EXP_CatBoostModel_Alpha158_csi300_custom_step0_s_20260519_18,36d18220d0a34bf3965d2d3aad8610ff,0.042,,,
3416,2026-05-19,SH600150,-0.00015935669501669126,EXP_CatBoostModel_Alpha158_csi300_custom_step0_s_20260519_18,36d18220d0a34bf3965d2d3aad8610ff,0.042,,,
3417,2026-05-19,SH600115,-0.00103072757771097,EXP_CatBoostModel_Alpha158_csi300_custom_step0_s_20260519_18,36d18220d0a34bf3965d2d3aad8610ff,0.042,,,
3418,2026-05-19,SH600111,-0.00015935669501669126,EXP_CatBoostModel_Alpha158_csi300_custom_step0_s_20260519_18,36d18220d0a34bf3965d2d3aad8610ff,0.042,,,
3419,2026-05-19,SH600104,-0.00015935669501669126,EXP_CatBoostModel_Alpha158_csi300_custom_step0_s_20260519_18,36d18220d0a34bf3965d2d3aad8610ff,0.042,,,
3420,2026-05-19,SH600089,-0.004000843848259385,EXP_CatBoostModel_Alpha158_csi300_custom_step0_s_20260519_18,36d18220d0a34bf3965d2d3aad8610ff,0.042,,,
3421,2026-05-19,SH600085,0.001523233053896535,EXP_CatBoostModel_Alpha158_csi300_custom_step0_s_20260519_18,36d18220d0a34bf3965d2d3aad8610ff,0.042,,,
3422,2026-05-19,SH600066,-0.00103072757771097,EXP_CatBoostModel_Alpha158_csi300_custom_step0_s_20260519_18,36d18220d0a34bf3965d2d3aad8610ff,0.042,,,
3423,2026-05-19,SH600160,-0.00015935669501669126,EXP_CatBoostModel_Alpha158_csi300_custom_step0_s_20260519_18,36d18220d0a34bf3965d2d3aad8610ff,0.042,,,
3424,2026-05-19,SH600036,-0.002112159426550652,EXP_CatBoostModel_Alpha158_csi300_custom_step0_s_20260519_18,3154864ea9b841418c1607efb18e7f01,0.058,,,
3425,2026-05-19,SH600938,-0.00103072757771097,EXP_CatBoostModel_Alpha158_csi300_custom_step0_s_20260519_18,36d18220d0a34bf3965d2d3aad8610ff,0.042,,,
3426,2026-05-19,SH600958,-0.004000843848259385,EXP_CatBoostModel_Alpha158_csi300_custom_step0_s_20260519_18,36d18220d0a34bf3965d2d3aad8610ff,0.042,,,
3427,2026-05-19,SH601818,0.001523233053896535,EXP_CatBoostModel_Alpha158_csi300_custom_step0_s_20260519_18,36d18220d0a34bf3965d2d3aad8610ff,0.042,,,
3428,2026-05-19,SH601816,0.002843719626262547,EXP_CatBoostModel_Alpha158_csi300_custom_step0_s_20260519_18,36d18220d0a34bf3965d2d3aad8610ff,0.042,,,
3429,2026-05-19,SH601808,-0.00103072757771097,EXP_CatBoostModel_Alpha158_csi300_custom_step0_s_20260519_18,36d18220d0a34bf3965d2d3aad8610ff,0.042,,,
3430,2026-05-19,SH601800,-0.00015935669501669126,EXP_CatBoostModel_Alpha158_csi300_custom_step0_s_20260519_18,36d18220d0a34bf3965d2d3aad8610ff,0.042,,,
3431,2026-05-19,SH601788,0.001523233053896535,EXP_CatBoostModel_Alpha158_csi300_custom_step0_s_20260519_18,36d18220d0a34bf3965d2d3aad8610ff,0.042,,,
3432,2026-05-19,SH601766,-0.00103072757771097,EXP_CatBoostModel_Alpha158_csi300_custom_step0_s_20260519_18,36d18220d0a34bf3965d2d3aad8610ff,0.042,,,
3433,2026-05-19,SH601728,0.0003841655595070889,EXP_CatBoostModel_Alpha158_csi300_custom_step0_s_20260519_18,36d18220d0a34bf3965d2d3aad8610ff,0.042,,,
3434,2026-05-19,SH601825,-0.00103072757771097,EXP_CatBoostModel_Alpha158_csi300_custom_step0_s_20260519_18,36d18220d0a34bf3965d2d3aad8610ff,0.042,,,
3435,2026-05-19,SH601698,-0.00015935669501669126,EXP_CatBoostModel_Alpha158_csi300_custom_step0_s_20260519_18,36d18220d0a34bf3965d2d3aad8610ff,0.042,,,
3436,2026-05-19,SH601688,-0.004000843848259385,EXP_CatBoostModel_Alpha158_csi300_custom_step0_s_20260519_18,36d18220d0a34bf3965d2d3aad8610ff,0.042,,,
3437,2026-05-19,SH601669,0.0005665969785977985,EXP_CatBoostModel_Alpha158_csi300_custom_step0_s_20260519_18,36d18220d0a34bf3965d2d3aad8610ff,0.042,,,
3438,2026-05-19,SH601668,0.002843719626262547,EXP_CatBoostModel_Alpha158_csi300_custom_step0_s_20260519_18,36d18220d0a34bf3965d2d3aad8610ff,0.042,,,
3439,2026-05-19,SH601658,0.001523233053896535,EXP_CatBoostModel_Alpha158_csi300_custom_step0_s_20260519_18,36d18220d0a34bf3965d2d3aad8610ff,0.042,,,
3440,2026-05-19,SH601633,-0.00015935669501669126,EXP_CatBoostModel_Alpha158_csi300_custom_step0_s_20260519_18,36d18220d0a34bf3965d2d3aad8610ff,0.042,,,
3441,2026-05-19,SH601628,-0.00015935669501669126,EXP_CatBoostModel_Alpha158_csi300_custom_step0_s_20260519_18,36d18220d0a34bf3965d2d3aad8610ff,0.042,,,
3442,2026-05-19,SH601618,0.001523233053896535,EXP_CatBoostModel_Alpha158_csi300_custom_step0_s_20260519_18,36d18220d0a34bf3965d2d3aad8610ff,0.042,,,
3443,2026-05-19,SH601689,-0.00015935669501669126,EXP_CatBoostModel_Alpha158_csi300_custom_step0_s_20260519_18,36d18220d0a34bf3965d2d3aad8610ff,0.042,,,
3444,2026-05-19,SH601607,0.001523233053896535,EXP_CatBoostModel_Alpha158_csi300_custom_step0_s_20260519_18,36d18220d0a34bf3965d2d3aad8610ff,0.042,,,
3445,2026-05-19,SH601838,-0.00103072757771097,EXP_CatBoostModel_Alpha158_csi300_custom_step0_s_20260519_18,36d18220d0a34bf3965d2d3aad8610ff,0.042,,,
3446,2026-05-19,SH601868,-0.00103072757771097,EXP_CatBoostModel_Alpha158_csi300_custom_step0_s_20260519_18,36d18220d0a34bf3965d2d3aad8610ff,0.042,,,
3447,2026-05-19,SH603019,-0.00015935669501669126,EXP_CatBoostModel_Alpha158_csi300_custom_step0_s_20260519_18,36d18220d0a34bf3965d2d3aad8610ff,0.042,,,
3448,2026-05-19,SH601998,0.001523233053896535,EXP_CatBoostModel_Alpha158_csi300_custom_step0_s_20260519_18,36d18220d0a34bf3965d2d3aad8610ff,0.042,,,
3449,2026-05-19,SH601995,-0.004000843848259385,EXP_CatBoostModel_Alpha158_csi300_custom_step0_s_20260519_18,36d18220d0a34bf3965d2d3aad8610ff,0.042,,,
3450,2026-05-19,SH601988,0.0022776394808905536,EXP_CatBoostModel_Alpha158_csi300_custom_step0_s_20260519_18,36d18220d0a34bf3965d2d3aad8610ff,0.042,,,
3451,2026-05-19,SH601985,0.0022776394808905536,EXP_CatBoostModel_Alpha158_csi300_custom_step0_s_20260519_18,36d18220d0a34bf3965d2d3aad8610ff,0.042,,,
3452,2026-05-19,SH601939,0.0022776394808905536,EXP_CatBoostModel_Alpha158_csi300_custom_step0_s_20260519_18,36d18220d0a34bf3965d2d3aad8610ff,0.042,,,
3453,2026-05-19,SH601919,-0.00015935669501669126,EXP_CatBoostModel_Alpha158_csi300_custom_step0_s_20260519_18,36d18220d0a34bf3965d2d3aad8610ff,0.042,,,
3454,2026-05-19,SH601857,-0.00103072757771097,EXP_CatBoostModel_Alpha158_csi300_custom_step0_s_20260519_18,36d18220d0a34bf3965d2d3aad8610ff,0.042,,,
3455,2026-05-19,SH601916,0.00674001654315685,EXP_CatBoostModel_Alpha158_csi300_custom_step0_s_20260519_18,36d18220d0a34bf3965d2d3aad8610ff,0.042,,,
3456,2026-05-19,SH601899,-0.00015935669501669126,EXP_CatBoostModel_Alpha158_csi300_custom_step0_s_20260519_18,36d18220d0a34bf3965d2d3aad8610ff,0.042,,,
3457,2026-05-19,SH601898,-0.00103072757771097,EXP_CatBoostModel_Alpha158_csi300_custom_step0_s_20260519_18,36d18220d0a34bf3965d2d3aad8610ff,0.042,,,
3458,2026-05-19,SH601888,-0.00103072757771097,EXP_CatBoostModel_Alpha158_csi300_custom_step0_s_20260519_18,36d18220d0a34bf3965d2d3aad8610ff,0.042,,,
3459,2026-05-19,SH601881,0.0022776394808905536,EXP_CatBoostModel_Alpha158_csi300_custom_step0_s_20260519_18,36d18220d0a34bf3965d2d3aad8610ff,0.042,,,
3460,2026-05-19,SH601878,0.001523233053896535,EXP_CatBoostModel_Alpha158_csi300_custom_step0_s_20260519_18,36d18220d0a34bf3965d2d3aad8610ff,0.042,,,
3461,2026-05-19,SH601877,-0.00103072757771097,EXP_CatBoostModel_Alpha158_csi300_custom_step0_s_20260519_18,36d18220d0a34bf3965d2d3aad8610ff,0.042,,,
3462,2026-05-19,SH601872,-0.00103072757771097,EXP_CatBoostModel_Alpha158_csi300_custom_step0_s_20260519_18,36d18220d0a34bf3965d2d3aad8610ff,0.042,,,
3463,2026-05-19,SH601901,0.002843719626262547,EXP_CatBoostModel_Alpha158_csi300_custom_step0_s_20260519_18,36d18220d0a34bf3965d2d3aad8610ff,0.042,,,
3464,2026-05-19,SH600941,0.0022776394808905536,EXP_CatBoostModel_Alpha158_csi300_custom_step0_s_20260519_18,36d18220d0a34bf3965d2d3aad8610ff,0.042,,,
3465,2026-05-19,SH601601,-0.00015935669501669126,EXP_CatBoostModel_Alpha158_csi300_custom_step0_s_20260519_18,36d18220d0a34bf3965d2d3aad8610ff,0.042,,,
3466,2026-05-19,SH601456,0.001523233053896535,EXP_CatBoostModel_Alpha158_csi300_custom_step0_s_20260519_18,36d18220d0a34bf3965d2d3aad8610ff,0.042,,,
3467,2026-05-19,SH601127,-0.00015935669501669126,EXP_CatBoostModel_Alpha158_csi300_custom_step0_s_20260519_18,36d18220d0a34bf3965d2d3aad8610ff,0.042,,,
3468,2026-05-19,SH601117,-0.00103072757771097,EXP_CatBoostModel_Alpha158_csi300_custom_step0_s_20260519_18,36d18220d0a34bf3965d2d3aad8610ff,0.042,,,
3469,2026-05-19,SH601111,-0.00103072757771097,EXP_CatBoostModel_Alpha158_csi300_custom_step0_s_20260519_18,36d18220d0a34bf3965d2d3aad8610ff,0.042,,,
3470,2026-05-19,SH601100,-0.00015935669501669126,EXP_CatBoostModel_Alpha158_csi300_custom_step0_s_20260519_18,36d18220d0a34bf3965d2d3aad8610ff,0.042,,,
3471,2026-05-19,SH601088,-0.00103072757771097,EXP_CatBoostModel_Alpha158_csi300_custom_step0_s_20260519_18,36d18220d0a34bf3965d2d3aad8610ff,0.042,,,
3472,2026-05-19,SH601077,-0.00103072757771097,EXP_CatBoostModel_Alpha158_csi300_custom_step0_s_20260519_18,36d18220d0a34bf3965d2d3aad8610ff,0.042,,,
3473,2026-05-19,SH601066,0.0003841655595070889,EXP_CatBoostModel_Alpha158_csi300_custom_step0_s_20260519_18,36d18220d0a34bf3965d2d3aad8610ff,0.042,,,
3474,2026-05-19,SH601136,0.001523233053896535,EXP_CatBoostModel_Alpha158_csi300_custom_step0_s_20260519_18,36d18220d0a34bf3965d2d3aad8610ff,0.042,,,
3475,2026-05-19,SH601059,0.0022776394808905536,EXP_CatBoostModel_Alpha158_csi300_custom_step0_s_20260519_18,36d18220d0a34bf3965d2d3aad8610ff,0.042,,,
3476,2026-05-19,SH601021,-0.00103072757771097,EXP_CatBoostModel_Alpha158_csi300_custom_step0_s_20260519_18,36d18220d0a34bf3965d2d3aad8610ff,0.042,,,
3477,2026-05-19,SH601018,-0.00103072757771097,EXP_CatBoostModel_Alpha158_csi300_custom_step0_s_20260519_18,36d18220d0a34bf3965d2d3aad8610ff,0.042,,,
3478,2026-05-19,SH601012,-0.00103072757771097,EXP_CatBoostModel_Alpha158_csi300_custom_step0_s_20260519_18,36d18220d0a34bf3965d2d3aad8610ff,0.042,,,
3479,2026-05-19,SH601009,-0.00103072757771097,EXP_CatBoostModel_Alpha158_csi300_custom_step0_s_20260519_18,36d18220d0a34bf3965d2d3aad8610ff,0.042,,,
3480,2026-05-19,SH601006,0.0022776394808905536,EXP_CatBoostModel_Alpha158_csi300_custom_step0_s_20260519_18,36d18220d0a34bf3965d2d3aad8610ff,0.042,,,
3481,2026-05-19,SH600999,0.0022776394808905536,EXP_CatBoostModel_Alpha158_csi300_custom_step0_s_20260519_18,36d18220d0a34bf3965d2d3aad8610ff,0.042,,,
3482,2026-05-19,SH600989,-0.00015935669501669126,EXP_CatBoostModel_Alpha158_csi300_custom_step0_s_20260519_18,36d18220d0a34bf3965d2d3aad8610ff,0.042,,,
3483,2026-05-19,SH601058,0.0003841655595070889,EXP_CatBoostModel_Alpha158_csi300_custom_step0_s_20260519_18,36d18220d0a34bf3965d2d3aad8610ff,0.042,,,
3484,2026-05-19,SH601600,-0.00103072757771097,EXP_CatBoostModel_Alpha158_csi300_custom_step0_s_20260519_18,36d18220d0a34bf3965d2d3aad8610ff,0.042,,,
3485,2026-05-19,SH601138,-0.00015935669501669126,EXP_CatBoostModel_Alpha158_csi300_custom_step0_s_20260519_18,36d18220d0a34bf3965d2d3aad8610ff,0.042,,,
3486,2026-05-19,SH601169,0.00381602678080387,EXP_CatBoostModel_Alpha158_csi300_custom_step0_s_20260519_18,36d18220d0a34bf3965d2d3aad8610ff,0.042,,,
3487,2026-05-19,SH601398,0.001523233053896535,EXP_CatBoostModel_Alpha158_csi300_custom_step0_s_20260519_18,36d18220d0a34bf3965d2d3aad8610ff,0.042,,,
3488,2026-05-19,SH601390,-0.00103072757771097,EXP_CatBoostModel_Alpha158_csi300_custom_step0_s_20260519_18,36d18220d0a34bf3965d2d3aad8610ff,0.042,,,
3489,2026-05-19,SH601377,0.001523233053896535,EXP_CatBoostModel_Alpha158_csi300_custom_step0_s_20260519_18,36d18220d0a34bf3965d2d3aad8610ff,0.042,,,
3490,2026-05-19,SH601360,-0.004000843848259385,EXP_CatBoostModel_Alpha158_csi300_custom_step0_s_20260519_18,36d18220d0a34bf3965d2d3aad8610ff,0.042,,,
3491,2026-05-19,SH601336,-0.00015935669501669126,EXP_CatBoostModel_Alpha158_csi300_custom_step0_s_20260519_18,36d18220d0a34bf3965d2d3aad8610ff,0.042,,,
3492,2026-05-19,SH601328,0.001523233053896535,EXP_CatBoostModel_Alpha158_csi300_custom_step0_s_20260519_18,36d18220d0a34bf3965d2d3aad8610ff,0.042,,,
3493,2026-05-19,SH601319,-0.00103072757771097,EXP_CatBoostModel_Alpha158_csi300_custom_step0_s_20260519_18,36d18220d0a34bf3965d2d3aad8610ff,0.042,,,
3494,2026-05-19,SH601166,-0.00015935669501669126,EXP_CatBoostModel_Alpha158_csi300_custom_step0_s_20260519_18,36d18220d0a34bf3965d2d3aad8610ff,0.042,,,
3495,2026-05-19,SH601318,-0.00015935669501669126,EXP_CatBoostModel_Alpha158_csi300_custom_step0_s_20260519_18,36d18220d0a34bf3965d2d3aad8610ff,0.042,,,
3496,2026-05-19,SH601288,-0.00015935669501669126,EXP_CatBoostModel_Alpha158_csi300_custom_step0_s_20260519_18,36d18220d0a34bf3965d2d3aad8610ff,0.042,,,
3497,2026-05-19,SH601238,-0.00103072757771097,EXP_CatBoostModel_Alpha158_csi300_custom_step0_s_20260519_18,36d18220d0a34bf3965d2d3aad8610ff,0.042,,,
3498,2026-05-19,SH601236,-0.00103072757771097,EXP_CatBoostModel_Alpha158_csi300_custom_step0_s_20260519_18,36d18220d0a34bf3965d2d3aad8610ff,0.042,,,
3499,2026-05-19,SH601229,-0.00015935669501669126,EXP_CatBoostModel_Alpha158_csi300_custom_step0_s_20260519_18,36d18220d0a34bf3965d2d3aad8610ff,0.042,,,
3500,2026-05-19,SH601225,-0.00103072757771097,EXP_CatBoostModel_Alpha158_csi300_custom_step0_s_20260519_18,36d18220d0a34bf3965d2d3aad8610ff,0.042,,,
3501,2026-05-19,SH601211,-0.00015935669501669126,EXP_CatBoostModel_Alpha158_csi300_custom_step0_s_20260519_18,36d18220d0a34bf3965d2d3aad8610ff,0.042,,,
3502,2026-05-19,SH601186,0.001523233053896535,EXP_CatBoostModel_Alpha158_csi300_custom_step0_s_20260519_18,36d18220d0a34bf3965d2d3aad8610ff,0.042,,,
3503,2026-05-19,SH601298,0.0022776394808905536,EXP_CatBoostModel_Alpha158_csi300_custom_step0_s_20260519_18,36d18220d0a34bf3965d2d3aad8610ff,0.042,,,
3504,2026-05-19,SH600900,-2.6181950547923836e-10,EXP_LGBModel_Alpha158_csi300_custom_step0_s_20260519_18,0f09a33f74ab4b66aee89fe90422ab97,0.072,,,
3505,2026-05-19,SH600039,0.0013538020897574544,EXP_CatBoostModel_Alpha158_csi300_custom_step0_s_20260519_18,3154864ea9b841418c1607efb18e7f01,0.058,,,
3506,2026-05-19,SH600050,-0.0034316016637071633,EXP_CatBoostModel_Alpha158_csi300_custom_step0_s_20260519_18,3154864ea9b841418c1607efb18e7f01,0.058,,,
3507,2026-05-19,SZ002142,0.0009126435410995147,EXP_CatBoostModel_Alpha158_csi300_custom_step0_s_20260519_18,3154864ea9b841418c1607efb18e7f01,0.058,,,
3508,2026-05-19,SZ002074,-0.002312547472720401,EXP_CatBoostModel_Alpha158_csi300_custom_step0_s_20260519_18,3154864ea9b841418c1607efb18e7f01,0.058,,,
3509,2026-05-19,SZ002050,-0.0006445775075426261,EXP_CatBoostModel_Alpha158_csi300_custom_step0_s_20260519_18,3154864ea9b841418c1607efb18e7f01,0.058,,,
3510,2026-05-19,SZ002049,-0.0006445775075426261,EXP_CatBoostModel_Alpha158_csi300_custom_step0_s_20260519_18,3154864ea9b841418c1607efb18e7f01,0.058,,,
3511,2026-05-19,SZ002028,-0.0011721784610408473,EXP_CatBoostModel_Alpha158_csi300_custom_step0_s_20260519_18,3154864ea9b841418c1607efb18e7f01,0.058,,,
3512,2026-05-19,SZ002027,-0.0018574482558247909,EXP_CatBoostModel_Alpha158_csi300_custom_step0_s_20260519_18,3154864ea9b841418c1607efb18e7f01,0.058,,,
3513,2026-05-19,SZ002001,-0.002312547472720401,EXP_CatBoostModel_Alpha158_csi300_custom_step0_s_20260519_18,3154864ea9b841418c1607efb18e7f01,0.058,,,
3514,2026-05-19,SZ001979,-0.004845379778449883,EXP_CatBoostModel_Alpha158_csi300_custom_step0_s_20260519_18,3154864ea9b841418c1607efb18e7f01,0.058,,,
3515,2026-05-19,SZ001965,-0.0006445775075426261,EXP_CatBoostModel_Alpha158_csi300_custom_step0_s_20260519_18,3154864ea9b841418c1607efb18e7f01,0.058,,,
3516,2026-05-19,SZ001391,0.003977948886716414,EXP_CatBoostModel_Alpha158_csi300_custom_step0_s_20260519_18,3154864ea9b841418c1607efb18e7f01,0.058,,,
3517,2026-05-19,SZ000999,-0.0008409040858948832,EXP_CatBoostModel_Alpha158_csi300_custom_step0_s_20260519_18,3154864ea9b841418c1607efb18e7f01,0.058,,,
3518,2026-05-19,SZ000983,-0.0029978172675043445,EXP_CatBoostModel_Alpha158_csi300_custom_step0_s_20260519_18,3154864ea9b841418c1607efb18e7f01,0.058,,,
3519,2026-05-19,SZ000977,-0.0029978172675043445,EXP_CatBoostModel_Alpha158_csi300_custom_step0_s_20260519_18,3154864ea9b841418c1607efb18e7f01,0.058,,,
3520,2026-05-19,SZ000975,-0.0011721784610408473,EXP_CatBoostModel_Alpha158_csi300_custom_step0_s_20260519_18,3154864ea9b841418c1607efb18e7f01,0.058,,,
3521,2026-05-19,SZ000963,-0.0011721784610408473,EXP_CatBoostModel_Alpha158_csi300_custom_step0_s_20260519_18,3154864ea9b841418c1607efb18e7f01,0.058,,,
3522,2026-05-19,SZ002179,-0.002312547472720401,EXP_CatBoostModel_Alpha158_csi300_custom_step0_s_20260519_18,3154864ea9b841418c1607efb18e7f01,0.058,,,
3523,2026-05-19,SZ002230,0.0014121175080262396,EXP_CatBoostModel_Alpha158_csi300_custom_step0_s_20260519_18,3154864ea9b841418c1607efb18e7f01,0.058,,,
3524,2026-05-19,SZ002236,0.001597913335883458,EXP_CatBoostModel_Alpha158_csi300_custom_step0_s_20260519_18,3154864ea9b841418c1607efb18e7f01,0.058,,,
3525,2026-05-19,SZ002241,0.0013572581612627914,EXP_CatBoostModel_Alpha158_csi300_custom_step0_s_20260519_18,3154864ea9b841418c1607efb18e7f01,0.058,,,
3526,2026-05-19,SZ002600,-0.002312547472720401,EXP_CatBoostModel_Alpha158_csi300_custom_step0_s_20260519_18,3154864ea9b841418c1607efb18e7f01,0.058,,,
3527,2026-05-19,SZ002594,-0.002312547472720401,EXP_CatBoostModel_Alpha158_csi300_custom_step0_s_20260519_18,3154864ea9b841418c1607efb18e7f01,0.058,,,
3528,2026-05-19,SZ002493,-0.004845379778449883,EXP_CatBoostModel_Alpha158_csi300_custom_step0_s_20260519_18,3154864ea9b841418c1607efb18e7f01,0.058,,,
3529,2026-05-19,SZ002475,0.008306279073369099,EXP_CatBoostModel_Alpha158_csi300_custom_step0_s_20260519_18,3154864ea9b841418c1607efb18e7f01,0.058,,,
3530,2026-05-19,SZ002466,0.007669402982019661,EXP_CatBoostModel_Alpha158_csi300_custom_step0_s_20260519_18,3154864ea9b841418c1607efb18e7f01,0.058,,,
3531,2026-05-19,SZ002463,-0.0029978172675043445,EXP_CatBoostModel_Alpha158_csi300_custom_step0_s_20260519_18,3154864ea9b841418c1607efb18e7f01,0.058,,,
3532,2026-05-19,SZ002460,-0.004845379778449883,EXP_CatBoostModel_Alpha158_csi300_custom_step0_s_20260519_18,3154864ea9b841418c1607efb18e7f01,0.058,,,
3533,2026-05-19,SZ000938,-0.0011721784610408473,EXP_CatBoostModel_Alpha158_csi300_custom_step0_s_20260519_18,3154864ea9b841418c1607efb18e7f01,0.058,,,
3534,2026-05-19,SZ002459,-0.003705010766770329,EXP_CatBoostModel_Alpha158_csi300_custom_step0_s_20260519_18,3154864ea9b841418c1607efb18e7f01,0.058,,,
3535,2026-05-19,SZ002415,-0.0029978172675043445,EXP_CatBoostModel_Alpha158_csi300_custom_step0_s_20260519_18,3154864ea9b841418c1607efb18e7f01,0.058,,,
3536,2026-05-19,SZ002384,0.029396733147148187,EXP_CatBoostModel_Alpha158_csi300_custom_step0_s_20260519_18,3154864ea9b841418c1607efb18e7f01,0.058,,,
3537,2026-05-19,SZ002371,-0.0006445775075426261,EXP_CatBoostModel_Alpha158_csi300_custom_step0_s_20260519_18,3154864ea9b841418c1607efb18e7f01,0.058,,,
3538,2026-05-19,SZ002352,-0.00358380281337617,EXP_CatBoostModel_Alpha158_csi300_custom_step0_s_20260519_18,3154864ea9b841418c1607efb18e7f01,0.058,,,
3539,2026-05-19,SZ002311,-0.0029978172675043445,EXP_CatBoostModel_Alpha158_csi300_custom_step0_s_20260519_18,3154864ea9b841418c1607efb18e7f01,0.058,,,
3540,2026-05-19,SZ002304,-0.0011721784610408473,EXP_CatBoostModel_Alpha158_csi300_custom_step0_s_20260519_18,3154864ea9b841418c1607efb18e7f01,0.058,,,
3541,2026-05-19,SZ002252,-0.00358380281337617,EXP_CatBoostModel_Alpha158_csi300_custom_step0_s_20260519_18,3154864ea9b841418c1607efb18e7f01,0.058,,,
3542,2026-05-19,SZ002422,-0.0018574482558247909,EXP_CatBoostModel_Alpha158_csi300_custom_step0_s_20260519_18,3154864ea9b841418c1607efb18e7f01,0.058,,,
3543,2026-05-19,SZ000895,0.004182209304950545,EXP_CatBoostModel_Alpha158_csi300_custom_step0_s_20260519_18,3154864ea9b841418c1607efb18e7f01,0.058,,,
3544,2026-05-19,SZ000876,0.000271748496346686,EXP_CatBoostModel_Alpha158_csi300_custom_step0_s_20260519_18,3154864ea9b841418c1607efb18e7f01,0.058,,,
3545,2026-05-19,SZ000858,-0.0011721784610408473,EXP_CatBoostModel_Alpha158_csi300_custom_step0_s_20260519_18,3154864ea9b841418c1607efb18e7f01,0.058,,,
3546,2026-05-19,SZ000166,-0.0024434338016966163,EXP_CatBoostModel_Alpha158_csi300_custom_step0_s_20260519_18,3154864ea9b841418c1607efb18e7f01,0.058,,,
3547,2026-05-19,SZ000157,-0.002312547472720401,EXP_CatBoostModel_Alpha158_csi300_custom_step0_s_20260519_18,3154864ea9b841418c1607efb18e7f01,0.058,,,
3548,2026-05-19,SZ000100,0.003941554130329879,EXP_CatBoostModel_Alpha158_csi300_custom_step0_s_20260519_18,3154864ea9b841418c1607efb18e7f01,0.058,,,
3549,2026-05-19,SZ000063,-0.0018574482558247909,EXP_CatBoostModel_Alpha158_csi300_custom_step0_s_20260519_18,3154864ea9b841418c1607efb18e7f01,0.058,,,
3550,2026-05-19,SZ000002,-0.004845379778449883,EXP_CatBoostModel_Alpha158_csi300_custom_step0_s_20260519_18,3154864ea9b841418c1607efb18e7f01,0.058,,,
3551,2026-05-19,SZ000001,-0.00358380281337617,EXP_CatBoostModel_Alpha158_csi300_custom_step0_s_20260519_18,3154864ea9b841418c1607efb18e7f01,0.058,,,
3552,2026-05-19,SH688981,-0.0011721784610408473,EXP_CatBoostModel_Alpha158_csi300_custom_step0_s_20260519_18,3154864ea9b841418c1607efb18e7f01,0.058,,,
3553,2026-05-19,SZ000301,-0.0029978172675043445,EXP_CatBoostModel_Alpha158_csi300_custom_step0_s_20260519_18,3154864ea9b841418c1607efb18e7f01,0.058,,,
3554,2026-05-19,SH688506,-0.002312547472720401,EXP_CatBoostModel_Alpha158_csi300_custom_step0_s_20260519_18,3154864ea9b841418c1607efb18e7f01,0.058,,,
3555,2026-05-19,SH688396,-0.00016679834923722644,EXP_CatBoostModel_Alpha158_csi300_custom_step0_s_20260519_18,3154864ea9b841418c1607efb18e7f01,0.058,,,
3556,2026-05-19,SH688303,-0.0029978172675043445,EXP_CatBoostModel_Alpha158_csi300_custom_step0_s_20260519_18,3154864ea9b841418c1607efb18e7f01,0.058,,,
3557,2026-05-19,SH688271,0.000271748496346686,EXP_CatBoostModel_Alpha158_csi300_custom_step0_s_20260519_18,3154864ea9b841418c1607efb18e7f01,0.058,,,
3558,2026-05-19,SH688256,-0.019318889515648946,EXP_CatBoostModel_Alpha158_csi300_custom_step0_s_20260519_18,3154864ea9b841418c1607efb18e7f01,0.058,,,
3559,2026-05-19,SH688223,-0.004845379778449883,EXP_CatBoostModel_Alpha158_csi300_custom_step0_s_20260519_18,3154864ea9b841418c1607efb18e7f01,0.058,,,
3560,2026-05-19,SH688187,-0.0034316016637071633,EXP_CatBoostModel_Alpha158_csi300_custom_step0_s_20260519_18,3154864ea9b841418c1607efb18e7f01,0.058,,,
3561,2026-05-19,SH688169,0.00011510973681711596,EXP_CatBoostModel_Alpha158_csi300_custom_step0_s_20260519_18,3154864ea9b841418c1607efb18e7f01,0.058,,,
3562,2026-05-19,SH688472,-0.002312547472720401,EXP_CatBoostModel_Alpha158_csi300_custom_step0_s_20260519_18,3154864ea9b841418c1607efb18e7f01,0.058,,,
3563,2026-05-19,SZ002601,-0.0018574482558247909,EXP_CatBoostModel_Alpha158_csi300_custom_step0_s_20260519_18,3154864ea9b841418c1607efb18e7f01,0.058,,,
3564,2026-05-19,SZ000333,0.003977948886716414,EXP_CatBoostModel_Alpha158_csi300_custom_step0_s_20260519_18,3154864ea9b841418c1607efb18e7f01,0.058,,,
3565,2026-05-19,SZ000408,-0.003705010766770329,EXP_CatBoostModel_Alpha158_csi300_custom_step0_s_20260519_18,3154864ea9b841418c1607efb18e7f01,0.058,,,
3566,2026-05-19,SZ000807,-0.0011721784610408473,EXP_CatBoostModel_Alpha158_csi300_custom_step0_s_20260519_18,3154864ea9b841418c1607efb18e7f01,0.058,,,
3567,2026-05-19,SZ000792,-0.004845379778449883,EXP_CatBoostModel_Alpha158_csi300_custom_step0_s_20260519_18,3154864ea9b841418c1607efb18e7f01,0.058,,,
3568,2026-05-19,SZ000786,-0.00358380281337617,EXP_CatBoostModel_Alpha158_csi300_custom_step0_s_20260519_18,3154864ea9b841418c1607efb18e7f01,0.058,,,
3569,2026-05-19,SZ000776,-0.004845379778449883,EXP_CatBoostModel_Alpha158_csi300_custom_step0_s_20260519_18,3154864ea9b841418c1607efb18e7f01,0.058,,,
3570,2026-05-19,SZ000768,-0.004845379778449883,EXP_CatBoostModel_Alpha158_csi300_custom_step0_s_20260519_18,3154864ea9b841418c1607efb18e7f01,0.058,,,
3571,2026-05-19,SZ000725,0.0034940834204693055,EXP_CatBoostModel_Alpha158_csi300_custom_step0_s_20260519_18,3154864ea9b841418c1607efb18e7f01,0.058,,,
3572,2026-05-19,SZ000708,-0.002312547472720401,EXP_CatBoostModel_Alpha158_csi300_custom_step0_s_20260519_18,3154864ea9b841418c1607efb18e7f01,0.058,,,
3573,2026-05-19,SZ000338,0.004536276936177334,EXP_CatBoostModel_Alpha158_csi300_custom_step0_s_20260519_18,3154864ea9b841418c1607efb18e7f01,0.058,,,
3574,2026-05-19,SZ000661,-0.00358380281337617,EXP_CatBoostModel_Alpha158_csi300_custom_step0_s_20260519_18,3154864ea9b841418c1607efb18e7f01,0.058,,,
3575,2026-05-19,SZ000630,-0.004845379778449883,EXP_CatBoostModel_Alpha158_csi300_custom_step0_s_20260519_18,3154864ea9b841418c1607efb18e7f01,0.058,,,
3576,2026-05-19,SZ000625,-0.0011721784610408473,EXP_CatBoostModel_Alpha158_csi300_custom_step0_s_20260519_18,3154864ea9b841418c1607efb18e7f01,0.058,,,
3577,2026-05-19,SZ000617,-0.0011721784610408473,EXP_CatBoostModel_Alpha158_csi300_custom_step0_s_20260519_18,3154864ea9b841418c1607efb18e7f01,0.058,,,
3578,2026-05-19,SZ000596,-0.0011721784610408473,EXP_CatBoostModel_Alpha158_csi300_custom_step0_s_20260519_18,3154864ea9b841418c1607efb18e7f01,0.058,,,
3579,2026-05-19,SZ000568,-0.0011721784610408473,EXP_CatBoostModel_Alpha158_csi300_custom_step0_s_20260519_18,3154864ea9b841418c1607efb18e7f01,0.058,,,
3580,2026-05-19,SZ000538,-0.002112159426550652,EXP_CatBoostModel_Alpha158_csi300_custom_step0_s_20260519_18,3154864ea9b841418c1607efb18e7f01,0.058,,,
3581,2026-05-19,SZ000425,-0.003705010766770329,EXP_CatBoostModel_Alpha158_csi300_custom_step0_s_20260519_18,3154864ea9b841418c1607efb18e7f01,0.058,,,
3582,2026-05-19,SZ000651,0.0013572581612627914,EXP_CatBoostModel_Alpha158_csi300_custom_step0_s_20260519_18,3154864ea9b841418c1607efb18e7f01,0.058,,,
3583,2026-05-19,SZ002625,-0.0029978172675043445,EXP_CatBoostModel_Alpha158_csi300_custom_step0_s_20260519_18,3154864ea9b841418c1607efb18e7f01,0.058,,,
3584,2026-05-19,SZ002648,5.892524988375869e-06,EXP_CatBoostModel_Alpha158_csi300_custom_step0_s_20260519_18,3154864ea9b841418c1607efb18e7f01,0.058,,,
3585,2026-05-19,SZ002709,0.007669402982019661,EXP_CatBoostModel_Alpha158_csi300_custom_step0_s_20260519_18,3154864ea9b841418c1607efb18e7f01,0.058,,,
3586,2026-05-19,SH600030,-0.0018312168314194622,EXP_CatBoostModel_Alpha158_csi300_custom_step0_s_20260519_18,9b6d9ece7f3d4435840fef9eb77a5a22,0.027,,,
3587,2026-05-19,SH600029,-0.0018312168314194622,EXP_CatBoostModel_Alpha158_csi300_custom_step0_s_20260519_18,9b6d9ece7f3d4435840fef9eb77a5a22,0.027,,,
3588,2026-05-19,SH600028,0.0002695080739567845,EXP_CatBoostModel_Alpha158_csi300_custom_step0_s_20260519_18,9b6d9ece7f3d4435840fef9eb77a5a22,0.027,,,
3589,2026-05-19,SH600027,-0.0013977384104782234,EXP_CatBoostModel_Alpha158_csi300_custom_step0_s_20260519_18,9b6d9ece7f3d4435840fef9eb77a5a22,0.027,,,
3590,2026-05-19,SH600026,-0.0018312168314194622,EXP_CatBoostModel_Alpha158_csi300_custom_step0_s_20260519_18,9b6d9ece7f3d4435840fef9eb77a5a22,0.027,,,
3591,2026-05-19,SH600025,-0.0040344553337330336,EXP_CatBoostModel_Alpha158_csi300_custom_step0_s_20260519_18,9b6d9ece7f3d4435840fef9eb77a5a22,0.027,,,
3592,2026-05-19,SH600023,0.006364096713556342,EXP_CatBoostModel_Alpha158_csi300_custom_step0_s_20260519_18,9b6d9ece7f3d4435840fef9eb77a5a22,0.027,,,
3593,2026-05-19,SH600031,-0.0018312168314194622,EXP_CatBoostModel_Alpha158_csi300_custom_step0_s_20260519_18,9b6d9ece7f3d4435840fef9eb77a5a22,0.027,,,
3594,2026-05-19,SH600019,-0.0018312168314194622,EXP_CatBoostModel_Alpha158_csi300_custom_step0_s_20260519_18,9b6d9ece7f3d4435840fef9eb77a5a22,0.027,,,
3595,2026-05-19,SH600016,0.0011176056885541395,EXP_CatBoostModel_Alpha158_csi300_custom_step0_s_20260519_18,9b6d9ece7f3d4435840fef9eb77a5a22,0.027,,,
3596,2026-05-19,SH600015,0.0026687985731909617,EXP_CatBoostModel_Alpha158_csi300_custom_step0_s_20260519_18,9b6d9ece7f3d4435840fef9eb77a5a22,0.027,,,
3597,2026-05-19,SH600011,-0.0024882954865528004,EXP_CatBoostModel_Alpha158_csi300_custom_step0_s_20260519_18,9b6d9ece7f3d4435840fef9eb77a5a22,0.027,,,
3598,2026-05-19,SH600010,-0.0018312168314194622,EXP_CatBoostModel_Alpha158_csi300_custom_step0_s_20260519_18,9b6d9ece7f3d4435840fef9eb77a5a22,0.027,,,
3599,2026-05-19,SH600009,-0.0018312168314194622,EXP_CatBoostModel_Alpha158_csi300_custom_step0_s_20260519_18,9b6d9ece7f3d4435840fef9eb77a5a22,0.027,,,
3600,2026-05-19,SH600000,0.0011176056885541395,EXP_CatBoostModel_Alpha158_csi300_custom_step0_s_20260519_18,9b6d9ece7f3d4435840fef9eb77a5a22,0.027,,,
3601,2026-05-19,SZ302132,-0.004845379778449883,EXP_CatBoostModel_Alpha158_csi300_custom_step0_s_20260519_18,3154864ea9b841418c1607efb18e7f01,0.058,,,
3602,2026-05-19,SH600018,0.002383787577490321,EXP_CatBoostModel_Alpha158_csi300_custom_step0_s_20260519_18,9b6d9ece7f3d4435840fef9eb77a5a22,0.027,,,
3603,2026-05-19,SZ301269,-0.0011721784610408473,EXP_CatBoostModel_Alpha158_csi300_custom_step0_s_20260519_18,3154864ea9b841418c1607efb18e7f01,0.058,,,
3604,2026-05-19,SH600036,0.0011176056885541395,EXP_CatBoostModel_Alpha158_csi300_custom_step0_s_20260519_18,9b6d9ece7f3d4435840fef9eb77a5a22,0.027,,,
3605,2026-05-19,SH600048,-0.0018312168314194622,EXP_CatBoostModel_Alpha158_csi300_custom_step0_s_20260519_18,9b6d9ece7f3d4435840fef9eb77a5a22,0.027,,,
3606,2026-05-19,SH600219,-0.0018312168314194622,EXP_CatBoostModel_Alpha158_csi300_custom_step0_s_20260519_18,9b6d9ece7f3d4435840fef9eb77a5a22,0.027,,,
3607,2026-05-19,SH600196,-0.0018312168314194622,EXP_CatBoostModel_Alpha158_csi300_custom_step0_s_20260519_18,9b6d9ece7f3d4435840fef9eb77a5a22,0.027,,,
3608,2026-05-19,SH600188,-0.0018312168314194622,EXP_CatBoostModel_Alpha158_csi300_custom_step0_s_20260519_18,9b6d9ece7f3d4435840fef9eb77a5a22,0.027,,,
3609,2026-05-19,SH600183,0.008105533638736716,EXP_CatBoostModel_Alpha158_csi300_custom_step0_s_20260519_18,9b6d9ece7f3d4435840fef9eb77a5a22,0.027,,,
3610,2026-05-19,SH600176,0.0007477091192699457,EXP_CatBoostModel_Alpha158_csi300_custom_step0_s_20260519_18,9b6d9ece7f3d4435840fef9eb77a5a22,0.027,,,
3611,2026-05-19,SH600161,-0.0018312168314194622,EXP_CatBoostModel_Alpha158_csi300_custom_step0_s_20260519_18,9b6d9ece7f3d4435840fef9eb77a5a22,0.027,,,
3612,2026-05-19,SH600160,-0.0024882954865528004,EXP_CatBoostModel_Alpha158_csi300_custom_step0_s_20260519_18,9b6d9ece7f3d4435840fef9eb77a5a22,0.027,,,
3613,2026-05-19,SH600039,0.0011176056885541395,EXP_CatBoostModel_Alpha158_csi300_custom_step0_s_20260519_18,9b6d9ece7f3d4435840fef9eb77a5a22,0.027,,,
3614,2026-05-19,SH600150,0.0007477091192699457,EXP_CatBoostModel_Alpha158_csi300_custom_step0_s_20260519_18,9b6d9ece7f3d4435840fef9eb77a5a22,0.027,,,
3615,2026-05-19,SH600111,-0.0018312168314194622,EXP_CatBoostModel_Alpha158_csi300_custom_step0_s_20260519_18,9b6d9ece7f3d4435840fef9eb77a5a22,0.027,,,
3616,2026-05-19,SH600104,-0.0018312168314194622,EXP_CatBoostModel_Alpha158_csi300_custom_step0_s_20260519_18,9b6d9ece7f3d4435840fef9eb77a5a22,0.027,,,
3617,2026-05-19,SH600089,-0.0024882954865528004,EXP_CatBoostModel_Alpha158_csi300_custom_step0_s_20260519_18,9b6d9ece7f3d4435840fef9eb77a5a22,0.027,,,
3618,2026-05-19,SH600085,-0.0018312168314194622,EXP_CatBoostModel_Alpha158_csi300_custom_step0_s_20260519_18,9b6d9ece7f3d4435840fef9eb77a5a22,0.027,,,
3619,2026-05-19,SH600066,-0.0018312168314194622,EXP_CatBoostModel_Alpha158_csi300_custom_step0_s_20260519_18,9b6d9ece7f3d4435840fef9eb77a5a22,0.027,,,
3620,2026-05-19,SH600061,-0.0018312168314194622,EXP_CatBoostModel_Alpha158_csi300_custom_step0_s_20260519_18,9b6d9ece7f3d4435840fef9eb77a5a22,0.027,,,
3621,2026-05-19,SH600050,-0.0013977384104782234,EXP_CatBoostModel_Alpha158_csi300_custom_step0_s_20260519_18,9b6d9ece7f3d4435840fef9eb77a5a22,0.027,,,
3622,2026-05-19,SH600115,-0.0018312168314194622,EXP_CatBoostModel_Alpha158_csi300_custom_step0_s_20260519_18,9b6d9ece7f3d4435840fef9eb77a5a22,0.027,,,
3623,2026-05-19,SH688126,-0.007480133870332221,EXP_CatBoostModel_Alpha158_csi300_custom_step0_s_20260519_18,3154864ea9b841418c1607efb18e7f01,0.058,,,
3624,2026-05-19,SZ301236,-0.0018574482558247909,EXP_CatBoostModel_Alpha158_csi300_custom_step0_s_20260519_18,3154864ea9b841418c1607efb18e7f01,0.058,,,
3625,2026-05-19,SZ300979,0.0013538020897574544,EXP_CatBoostModel_Alpha158_csi300_custom_step0_s_20260519_18,3154864ea9b841418c1607efb18e7f01,0.058,,,
3626,2026-05-19,SZ300316,-0.002312547472720401,EXP_CatBoostModel_Alpha158_csi300_custom_step0_s_20260519_18,3154864ea9b841418c1607efb18e7f01,0.058,,,
3627,2026-05-19,SZ300308,-0.019318889515648946,EXP_CatBoostModel_Alpha158_csi300_custom_step0_s_20260519_18,3154864ea9b841418c1607efb18e7f01,0.058,,,
3628,2026-05-19,SZ300274,-0.0006445775075426261,EXP_CatBoostModel_Alpha158_csi300_custom_step0_s_20260519_18,3154864ea9b841418c1607efb18e7f01,0.058,,,
3629,2026-05-19,SZ300251,-0.0011721784610408473,EXP_CatBoostModel_Alpha158_csi300_custom_step0_s_20260519_18,3154864ea9b841418c1607efb18e7f01,0.058,,,
3630,2026-05-19,SZ300124,-0.0011721784610408473,EXP_CatBoostModel_Alpha158_csi300_custom_step0_s_20260519_18,3154864ea9b841418c1607efb18e7f01,0.058,,,
3631,2026-05-19,SZ300122,-0.0029978172675043445,EXP_CatBoostModel_Alpha158_csi300_custom_step0_s_20260519_18,3154864ea9b841418c1607efb18e7f01,0.058,,,
3632,2026-05-19,SZ300059,-0.004845379778449883,EXP_CatBoostModel_Alpha158_csi300_custom_step0_s_20260519_18,3154864ea9b841418c1607efb18e7f01,0.058,,,
3633,2026-05-19,SZ300347,-0.0011721784610408473,EXP_CatBoostModel_Alpha158_csi300_custom_step0_s_20260519_18,3154864ea9b841418c1607efb18e7f01,0.058,,,
3634,2026-05-19,SZ300033,-0.004845379778449883,EXP_CatBoostModel_Alpha158_csi300_custom_step0_s_20260519_18,3154864ea9b841418c1607efb18e7f01,0.058,,,
3635,2026-05-19,SZ300014,-0.0029978172675043445,EXP_CatBoostModel_Alpha158_csi300_custom_step0_s_20260519_18,3154864ea9b841418c1607efb18e7f01,0.058,,,
3636,2026-05-19,SZ003816,0.0006911623197723192,EXP_CatBoostModel_Alpha158_csi300_custom_step0_s_20260519_18,3154864ea9b841418c1607efb18e7f01,0.058,,,
3637,2026-05-19,SZ002938,-0.004175960998897668,EXP_CatBoostModel_Alpha158_csi300_custom_step0_s_20260519_18,3154864ea9b841418c1607efb18e7f01,0.058,,,
3638,2026-05-19,SZ002920,0.0019958924228438294,EXP_CatBoostModel_Alpha158_csi300_custom_step0_s_20260519_18,3154864ea9b841418c1607efb18e7f01,0.058,,,
3639,2026-05-19,SZ002916,0.008306279073369099,EXP_CatBoostModel_Alpha158_csi300_custom_step0_s_20260519_18,3154864ea9b841418c1607efb18e7f01,0.058,,,
3640,2026-05-19,SZ002736,-0.002312547472720401,EXP_CatBoostModel_Alpha158_csi300_custom_step0_s_20260519_18,3154864ea9b841418c1607efb18e7f01,0.058,,,
3641,2026-05-19,SZ002714,-0.0011721784610408473,EXP_CatBoostModel_Alpha158_csi300_custom_step0_s_20260519_18,3154864ea9b841418c1607efb18e7f01,0.058,,,
3642,2026-05-19,SZ300015,-0.0022912326520276097,EXP_CatBoostModel_Alpha158_csi300_custom_step0_s_20260519_18,3154864ea9b841418c1607efb18e7f01,0.058,,,
3643,2026-05-19,SZ300999,-0.0024434338016966163,EXP_CatBoostModel_Alpha158_csi300_custom_step0_s_20260519_18,3154864ea9b841418c1607efb18e7f01,0.058,,,
3644,2026-05-19,SZ300394,-0.0029978172675043445,EXP_CatBoostModel_Alpha158_csi300_custom_step0_s_20260519_18,3154864ea9b841418c1607efb18e7f01,0.058,,,
3645,2026-05-19,SZ300413,-0.002312547472720401,EXP_CatBoostModel_Alpha158_csi300_custom_step0_s_20260519_18,3154864ea9b841418c1607efb18e7f01,0.058,,,
3646,2026-05-19,SZ300896,-0.004845379778449883,EXP_CatBoostModel_Alpha158_csi300_custom_step0_s_20260519_18,3154864ea9b841418c1607efb18e7f01,0.058,,,
3647,2026-05-19,SZ300866,-0.0011721784610408473,EXP_CatBoostModel_Alpha158_csi300_custom_step0_s_20260519_18,3154864ea9b841418c1607efb18e7f01,0.058,,,
3648,2026-05-19,SZ300832,-0.0006445775075426261,EXP_CatBoostModel_Alpha158_csi300_custom_step0_s_20260519_18,3154864ea9b841418c1607efb18e7f01,0.058,,,
3649,2026-05-19,SZ300803,-0.0029978172675043445,EXP_CatBoostModel_Alpha158_csi300_custom_step0_s_20260519_18,3154864ea9b841418c1607efb18e7f01,0.058,,,
3650,2026-05-19,SZ300782,-0.010694134036207817,EXP_CatBoostModel_Alpha158_csi300_custom_step0_s_20260519_18,3154864ea9b841418c1607efb18e7f01,0.058,,,
3651,2026-05-19,SZ300760,-0.0029978172675043445,EXP_CatBoostModel_Alpha158_csi300_custom_step0_s_20260519_18,3154864ea9b841418c1607efb18e7f01,0.058,,,
3652,2026-05-19,SZ300759,-0.002312547472720401,EXP_CatBoostModel_Alpha158_csi300_custom_step0_s_20260519_18,3154864ea9b841418c1607efb18e7f01,0.058,,,
3653,2026-05-19,SZ300408,0.01965463692209853,EXP_CatBoostModel_Alpha158_csi300_custom_step0_s_20260519_18,3154864ea9b841418c1607efb18e7f01,0.058,,,
3654,2026-05-19,SZ300750,-0.0029978172675043445,EXP_CatBoostModel_Alpha158_csi300_custom_step0_s_20260519_18,3154864ea9b841418c1607efb18e7f01,0.058,,,
3655,2026-05-19,SZ300628,-0.002312547472720401,EXP_CatBoostModel_Alpha158_csi300_custom_step0_s_20260519_18,3154864ea9b841418c1607efb18e7f01,0.058,,,
3656,2026-05-19,SZ300502,-0.0018574482558247909,EXP_CatBoostModel_Alpha158_csi300_custom_step0_s_20260519_18,3154864ea9b841418c1607efb18e7f01,0.058,,,
3657,2026-05-19,SZ300498,-0.0011721784610408473,EXP_CatBoostModel_Alpha158_csi300_custom_step0_s_20260519_18,3154864ea9b841418c1607efb18e7f01,0.058,,,
3658,2026-05-19,SZ300476,-0.003705010766770329,EXP_CatBoostModel_Alpha158_csi300_custom_step0_s_20260519_18,3154864ea9b841418c1607efb18e7f01,0.058,,,
3659,2026-05-19,SZ300442,-0.0029978172675043445,EXP_CatBoostModel_Alpha158_csi300_custom_step0_s_20260519_18,3154864ea9b841418c1607efb18e7f01,0.058,,,
3660,2026-05-19,SZ300433,-0.0036929522853630277,EXP_CatBoostModel_Alpha158_csi300_custom_step0_s_20260519_18,3154864ea9b841418c1607efb18e7f01,0.058,,,
3661,2026-05-19,SZ300418,-0.0018574482558247909,EXP_CatBoostModel_Alpha158_csi300_custom_step0_s_20260519_18,3154864ea9b841418c1607efb18e7f01,0.058,,,
3662,2026-05-19,SZ300661,-0.029138419935246077,EXP_CatBoostModel_Alpha158_csi300_custom_step0_s_20260519_18,3154864ea9b841418c1607efb18e7f01,0.058,,,
3663,2026-05-19,SH688111,-0.0029978172675043445,EXP_CatBoostModel_Alpha158_csi300_custom_step0_s_20260519_18,3154864ea9b841418c1607efb18e7f01,0.058,,,
3664,2026-05-19,SH688082,-0.0006445775075426261,EXP_CatBoostModel_Alpha158_csi300_custom_step0_s_20260519_18,3154864ea9b841418c1607efb18e7f01,0.058,,,
3665,2026-05-19,SH688047,-0.0034316016637071633,EXP_CatBoostModel_Alpha158_csi300_custom_step0_s_20260519_18,3154864ea9b841418c1607efb18e7f01,0.058,,,
3666,2026-05-19,SH600919,0.0034940834204693055,EXP_CatBoostModel_Alpha158_csi300_custom_step0_s_20260519_18,3154864ea9b841418c1607efb18e7f01,0.058,,,
3667,2026-05-19,SH600918,0.0018359206828886289,EXP_CatBoostModel_Alpha158_csi300_custom_step0_s_20260519_18,3154864ea9b841418c1607efb18e7f01,0.058,,,
3668,2026-05-19,SH600905,-0.006064118492695286,EXP_CatBoostModel_Alpha158_csi300_custom_step0_s_20260519_18,3154864ea9b841418c1607efb18e7f01,0.058,,,
3669,2026-05-19,SH600900,0.002074431890035852,EXP_CatBoostModel_Alpha158_csi300_custom_step0_s_20260519_18,3154864ea9b841418c1607efb18e7f01,0.058,,,
3670,2026-05-19,SH600893,-0.0029978172675043445,EXP_CatBoostModel_Alpha158_csi300_custom_step0_s_20260519_18,3154864ea9b841418c1607efb18e7f01,0.058,,,
3671,2026-05-19,SH600887,0.0006819897590972924,EXP_CatBoostModel_Alpha158_csi300_custom_step0_s_20260519_18,3154864ea9b841418c1607efb18e7f01,0.058,,,
3672,2026-05-19,SH600886,0.002074431890035852,EXP_CatBoostModel_Alpha158_csi300_custom_step0_s_20260519_18,3154864ea9b841418c1607efb18e7f01,0.058,,,
3673,2026-05-19,SH600926,0.00032665799522768927,EXP_CatBoostModel_Alpha158_csi300_custom_step0_s_20260519_18,3154864ea9b841418c1607efb18e7f01,0.058,,,
3674,2026-05-19,SH600875,0.0006911623197723192,EXP_CatBoostModel_Alpha158_csi300_custom_step0_s_20260519_18,3154864ea9b841418c1607efb18e7f01,0.058,,,
3675,2026-05-19,SH600809,-0.0018574482558247909,EXP_CatBoostModel_Alpha158_csi300_custom_step0_s_20260519_18,3154864ea9b841418c1607efb18e7f01,0.058,,,
3676,2026-05-19,SH600803,0.000671988366478848,EXP_CatBoostModel_Alpha158_csi300_custom_step0_s_20260519_18,3154864ea9b841418c1607efb18e7f01,0.058,,,
3677,2026-05-19,SH600795,7.259622123043487e-05,EXP_CatBoostModel_Alpha158_csi300_custom_step0_s_20260519_18,3154864ea9b841418c1607efb18e7f01,0.058,,,
3678,2026-05-19,SH600760,-0.0029978172675043445,EXP_CatBoostModel_Alpha158_csi300_custom_step0_s_20260519_18,3154864ea9b841418c1607efb18e7f01,0.058,,,
3679,2026-05-19,SH600741,-0.002312547472720401,EXP_CatBoostModel_Alpha158_csi300_custom_step0_s_20260519_18,3154864ea9b841418c1607efb18e7f01,0.058,,,
3680,2026-05-19,SH600690,0.0037347385950899726,EXP_CatBoostModel_Alpha158_csi300_custom_step0_s_20260519_18,3154864ea9b841418c1607efb18e7f01,0.058,,,
3681,2026-05-19,SH600674,0.0034940834204693055,EXP_CatBoostModel_Alpha158_csi300_custom_step0_s_20260519_18,3154864ea9b841418c1607efb18e7f01,0.058,,,
3682,2026-05-19,SH600845,0.0013572581612627914,EXP_CatBoostModel_Alpha158_csi300_custom_step0_s_20260519_18,3154864ea9b841418c1607efb18e7f01,0.058,,,
3683,2026-05-19,SH600660,-0.00358380281337617,EXP_CatBoostModel_Alpha158_csi300_custom_step0_s_20260519_18,3154864ea9b841418c1607efb18e7f01,0.058,,,
3684,2026-05-19,SH600930,-0.0029978172675043445,EXP_CatBoostModel_Alpha158_csi300_custom_step0_s_20260519_18,3154864ea9b841418c1607efb18e7f01,0.058,,,
3685,2026-05-19,SH600941,0.002074431890035852,EXP_CatBoostModel_Alpha158_csi300_custom_step0_s_20260519_18,3154864ea9b841418c1607efb18e7f01,0.058,,,
3686,2026-05-19,SH601117,-0.002312547472720401,EXP_CatBoostModel_Alpha158_csi300_custom_step0_s_20260519_18,3154864ea9b841418c1607efb18e7f01,0.058,,,
3687,2026-05-19,SH601111,-0.0018574482558247909,EXP_CatBoostModel_Alpha158_csi300_custom_step0_s_20260519_18,3154864ea9b841418c1607efb18e7f01,0.058,,,
3688,2026-05-19,SH601100,-0.002312547472720401,EXP_CatBoostModel_Alpha158_csi300_custom_step0_s_20260519_18,3154864ea9b841418c1607efb18e7f01,0.058,,,
3689,2026-05-19,SH601088,0.0032754582888394066,EXP_CatBoostModel_Alpha158_csi300_custom_step0_s_20260519_18,3154864ea9b841418c1607efb18e7f01,0.058,,,
3690,2026-05-19,SH601077,-0.0011721784610408473,EXP_CatBoostModel_Alpha158_csi300_custom_step0_s_20260519_18,3154864ea9b841418c1607efb18e7f01,0.058,,,
3691,2026-05-19,SH601066,-0.0029978172675043445,EXP_CatBoostModel_Alpha158_csi300_custom_step0_s_20260519_18,3154864ea9b841418c1607efb18e7f01,0.058,,,
3692,2026-05-19,SH601059,0.002074431890035852,EXP_CatBoostModel_Alpha158_csi300_custom_step0_s_20260519_18,3154864ea9b841418c1607efb18e7f01,0.058,,,
3693,2026-05-19,SH600938,-0.0029978172675043445,EXP_CatBoostModel_Alpha158_csi300_custom_step0_s_20260519_18,3154864ea9b841418c1607efb18e7f01,0.058,,,
3694,2026-05-19,SH601058,-0.0029978172675043445,EXP_CatBoostModel_Alpha158_csi300_custom_step0_s_20260519_18,3154864ea9b841418c1607efb18e7f01,0.058,,,
3695,2026-05-19,SH601018,0.001597913335883458,EXP_CatBoostModel_Alpha158_csi300_custom_step0_s_20260519_18,3154864ea9b841418c1607efb18e7f01,0.058,,,
3696,2026-05-19,SH601012,-0.0011721784610408473,EXP_CatBoostModel_Alpha158_csi300_custom_step0_s_20260519_18,3154864ea9b841418c1607efb18e7f01,0.058,,,
3697,2026-05-19,SH601009,0.002236547597464496,EXP_CatBoostModel_Alpha158_csi300_custom_step0_s_20260519_18,3154864ea9b841418c1607efb18e7f01,0.058,,,
3698,2026-05-19,SH601006,0.003977948886716414,EXP_CatBoostModel_Alpha158_csi300_custom_step0_s_20260519_18,3154864ea9b841418c1607efb18e7f01,0.058,,,
3699,2026-05-19,SH600999,0.002074431890035852,EXP_CatBoostModel_Alpha158_csi300_custom_step0_s_20260519_18,3154864ea9b841418c1607efb18e7f01,0.058,,,
3700,2026-05-19,SH600989,-0.0029978172675043445,EXP_CatBoostModel_Alpha158_csi300_custom_step0_s_20260519_18,3154864ea9b841418c1607efb18e7f01,0.058,,,
3701,2026-05-19,SH600958,-0.0018574482558247909,EXP_CatBoostModel_Alpha158_csi300_custom_step0_s_20260519_18,3154864ea9b841418c1607efb18e7f01,0.058,,,
3702,2026-05-19,SH601021,-0.0016739132111393633,EXP_CatBoostModel_Alpha158_csi300_custom_step0_s_20260519_18,3154864ea9b841418c1607efb18e7f01,0.058,,,
3703,2026-05-19,SH601127,-0.0011721784610408473,EXP_CatBoostModel_Alpha158_csi300_custom_step0_s_20260519_18,3154864ea9b841418c1607efb18e7f01,0.058,,,
3704,2026-05-19,SH600600,0.0018359206828886289,EXP_CatBoostModel_Alpha158_csi300_custom_step0_s_20260519_18,3154864ea9b841418c1607efb18e7f01,0.058,,,
3705,2026-05-19,SH600585,-0.002312547472720401,EXP_CatBoostModel_Alpha158_csi300_custom_step0_s_20260519_18,3154864ea9b841418c1607efb18e7f01,0.058,,,
3706,2026-05-19,SH600233,0.0006911623197723192,EXP_CatBoostModel_Alpha158_csi300_custom_step0_s_20260519_18,3154864ea9b841418c1607efb18e7f01,0.058,,,
3707,2026-05-19,SH600219,-0.002312547472720401,EXP_CatBoostModel_Alpha158_csi300_custom_step0_s_20260519_18,3154864ea9b841418c1607efb18e7f01,0.058,,,
3708,2026-05-19,SH600196,-0.002312547472720401,EXP_CatBoostModel_Alpha158_csi300_custom_step0_s_20260519_18,3154864ea9b841418c1607efb18e7f01,0.058,,,
3709,2026-05-19,SH600188,-0.0029978172675043445,EXP_CatBoostModel_Alpha158_csi300_custom_step0_s_20260519_18,3154864ea9b841418c1607efb18e7f01,0.058,,,
3710,2026-05-19,SH600183,-0.019318889515648946,EXP_CatBoostModel_Alpha158_csi300_custom_step0_s_20260519_18,3154864ea9b841418c1607efb18e7f01,0.058,,,
3711,2026-05-19,SH600176,0.003417222745190572,EXP_CatBoostModel_Alpha158_csi300_custom_step0_s_20260519_18,3154864ea9b841418c1607efb18e7f01,0.058,,,
3712,2026-05-19,SH600161,-0.002312547472720401,EXP_CatBoostModel_Alpha158_csi300_custom_step0_s_20260519_18,3154864ea9b841418c1607efb18e7f01,0.058,,,
3713,2026-05-19,SH600276,-0.002312547472720401,EXP_CatBoostModel_Alpha158_csi300_custom_step0_s_20260519_18,3154864ea9b841418c1607efb18e7f01,0.058,,,
3714,2026-05-19,SH600160,-0.0022912326520276097,EXP_CatBoostModel_Alpha158_csi300_custom_step0_s_20260519_18,3154864ea9b841418c1607efb18e7f01,0.058,,,
3715,2026-05-19,SH600115,-0.003705010766770329,EXP_CatBoostModel_Alpha158_csi300_custom_step0_s_20260519_18,3154864ea9b841418c1607efb18e7f01,0.058,,,
3716,2026-05-19,SH600111,-0.004845379778449883,EXP_CatBoostModel_Alpha158_csi300_custom_step0_s_20260519_18,3154864ea9b841418c1607efb18e7f01,0.058,,,
3717,2026-05-19,SH600104,-0.0011721784610408473,EXP_CatBoostModel_Alpha158_csi300_custom_step0_s_20260519_18,3154864ea9b841418c1607efb18e7f01,0.058,,,
3718,2026-05-19,SH600089,-0.004845379778449883,EXP_CatBoostModel_Alpha158_csi300_custom_step0_s_20260519_18,3154864ea9b841418c1607efb18e7f01,0.058,,,
3719,2026-05-19,SH600085,-0.0024434338016966163,EXP_CatBoostModel_Alpha158_csi300_custom_step0_s_20260519_18,3154864ea9b841418c1607efb18e7f01,0.058,,,
3720,2026-05-19,SH600066,-0.0011721784610408473,EXP_CatBoostModel_Alpha158_csi300_custom_step0_s_20260519_18,3154864ea9b841418c1607efb18e7f01,0.058,,,
3721,2026-05-19,SH600061,-0.0029978172675043445,EXP_CatBoostModel_Alpha158_csi300_custom_step0_s_20260519_18,3154864ea9b841418c1607efb18e7f01,0.058,,,
3722,2026-05-19,SH600150,-0.004845379778449883,EXP_CatBoostModel_Alpha158_csi300_custom_step0_s_20260519_18,3154864ea9b841418c1607efb18e7f01,0.058,,,
3723,2026-05-19,SH600588,-0.0029978172675043445,EXP_CatBoostModel_Alpha158_csi300_custom_step0_s_20260519_18,3154864ea9b841418c1607efb18e7f01,0.058,,,
3724,2026-05-19,SH600309,-0.002312547472720401,EXP_CatBoostModel_Alpha158_csi300_custom_step0_s_20260519_18,3154864ea9b841418c1607efb18e7f01,0.058,,,
3725,2026-05-19,SH600362,-0.004845379778449883,EXP_CatBoostModel_Alpha158_csi300_custom_step0_s_20260519_18,3154864ea9b841418c1607efb18e7f01,0.058,,,
3726,2026-05-19,SH600584,-0.00016679834923722644,EXP_CatBoostModel_Alpha158_csi300_custom_step0_s_20260519_18,3154864ea9b841418c1607efb18e7f01,0.058,,,
3727,2026-05-19,SH600570,0.000271748496346686,EXP_CatBoostModel_Alpha158_csi300_custom_step0_s_20260519_18,3154864ea9b841418c1607efb18e7f01,0.058,,,
3728,2026-05-19,SH600547,-0.002312547472720401,EXP_CatBoostModel_Alpha158_csi300_custom_step0_s_20260519_18,3154864ea9b841418c1607efb18e7f01,0.058,,,
3729,2026-05-19,SH600522,-0.031764164443779414,EXP_CatBoostModel_Alpha158_csi300_custom_step0_s_20260519_18,3154864ea9b841418c1607efb18e7f01,0.058,,,
3730,2026-05-19,SH600519,-0.0008409040858948832,EXP_CatBoostModel_Alpha158_csi300_custom_step0_s_20260519_18,3154864ea9b841418c1607efb18e7f01,0.058,,,
3731,2026-05-19,SH600515,-0.002312547472720401,EXP_CatBoostModel_Alpha158_csi300_custom_step0_s_20260519_18,3154864ea9b841418c1607efb18e7f01,0.058,,,
3732,2026-05-19,SH600489,-0.004845379778449883,EXP_CatBoostModel_Alpha158_csi300_custom_step0_s_20260519_18,3154864ea9b841418c1607efb18e7f01,0.058,,,
3733,2026-05-19,SH600346,-0.002312547472720401,EXP_CatBoostModel_Alpha158_csi300_custom_step0_s_20260519_18,3154864ea9b841418c1607efb18e7f01,0.058,,,
3734,2026-05-19,SH600482,-0.0029978172675043445,EXP_CatBoostModel_Alpha158_csi300_custom_step0_s_20260519_18,3154864ea9b841418c1607efb18e7f01,0.058,,,
3735,2026-05-19,SH600438,-0.002312547472720401,EXP_CatBoostModel_Alpha158_csi300_custom_step0_s_20260519_18,3154864ea9b841418c1607efb18e7f01,0.058,,,
3736,2026-05-19,SH600436,-0.0011721784610408473,EXP_CatBoostModel_Alpha158_csi300_custom_step0_s_20260519_18,3154864ea9b841418c1607efb18e7f01,0.058,,,
3737,2026-05-19,SH600426,-0.0022912326520276097,EXP_CatBoostModel_Alpha158_csi300_custom_step0_s_20260519_18,3154864ea9b841418c1607efb18e7f01,0.058,,,
3738,2026-05-19,SH600415,0.00011510973681711596,EXP_CatBoostModel_Alpha158_csi300_custom_step0_s_20260519_18,3154864ea9b841418c1607efb18e7f01,0.058,,,
3739,2026-05-19,SH600406,0.0003081432527332214,EXP_CatBoostModel_Alpha158_csi300_custom_step0_s_20260519_18,3154864ea9b841418c1607efb18e7f01,0.058,,,
3740,2026-05-19,SH600377,0.003977948886716414,EXP_CatBoostModel_Alpha158_csi300_custom_step0_s_20260519_18,3154864ea9b841418c1607efb18e7f01,0.058,,,
3741,2026-05-19,SH600372,-0.003705010766770329,EXP_CatBoostModel_Alpha158_csi300_custom_step0_s_20260519_18,3154864ea9b841418c1607efb18e7f01,0.058,,,
3742,2026-05-19,SH600460,0.0012341639278038781,EXP_CatBoostModel_Alpha158_csi300_custom_step0_s_20260519_18,3154864ea9b841418c1607efb18e7f01,0.058,,,
3743,2026-05-19,SH600048,-0.004845379778449883,EXP_CatBoostModel_Alpha158_csi300_custom_step0_s_20260519_18,3154864ea9b841418c1607efb18e7f01,0.058,,,
3744,2026-05-19,SH601136,-0.00358380281337617,EXP_CatBoostModel_Alpha158_csi300_custom_step0_s_20260519_18,3154864ea9b841418c1607efb18e7f01,0.058,,,
3745,2026-05-19,SH601166,-0.002112159426550652,EXP_CatBoostModel_Alpha158_csi300_custom_step0_s_20260519_18,3154864ea9b841418c1607efb18e7f01,0.058,,,
3746,2026-05-19,SH601998,0.000271748496346686,EXP_CatBoostModel_Alpha158_csi300_custom_step0_s_20260519_18,3154864ea9b841418c1607efb18e7f01,0.058,,,
3747,2026-05-19,SH601995,0.0023787949918890883,EXP_CatBoostModel_Alpha158_csi300_custom_step0_s_20260519_18,3154864ea9b841418c1607efb18e7f01,0.058,,,
3748,2026-05-19,SH601988,0.003977948886716414,EXP_CatBoostModel_Alpha158_csi300_custom_step0_s_20260519_18,3154864ea9b841418c1607efb18e7f01,0.058,,,
3749,2026-05-19,SH601985,0.003977948886716414,EXP_CatBoostModel_Alpha158_csi300_custom_step0_s_20260519_18,3154864ea9b841418c1607efb18e7f01,0.058,,,
3750,2026-05-19,SH601939,0.0033026804845509147,EXP_CatBoostModel_Alpha158_csi300_custom_step0_s_20260519_18,3154864ea9b841418c1607efb18e7f01,0.058,,,
3751,2026-05-19,SH601919,0.0013572581612627914,EXP_CatBoostModel_Alpha158_csi300_custom_step0_s_20260519_18,3154864ea9b841418c1607efb18e7f01,0.058,,,
3752,2026-05-19,SH601916,0.0033026804845509147,EXP_CatBoostModel_Alpha158_csi300_custom_step0_s_20260519_18,3154864ea9b841418c1607efb18e7f01,0.058,,,
3753,2026-05-19,SH603019,-0.002312547472720401,EXP_CatBoostModel_Alpha158_csi300_custom_step0_s_20260519_18,3154864ea9b841418c1607efb18e7f01,0.058,,,
3754,2026-05-19,SH601901,0.004182209304950545,EXP_CatBoostModel_Alpha158_csi300_custom_step0_s_20260519_18,3154864ea9b841418c1607efb18e7f01,0.058,,,
3755,2026-05-19,SH601898,-0.0029978172675043445,EXP_CatBoostModel_Alpha158_csi300_custom_step0_s_20260519_18,3154864ea9b841418c1607efb18e7f01,0.058,,,
3756,2026-05-19,SH601888,-0.0011721784610408473,EXP_CatBoostModel_Alpha158_csi300_custom_step0_s_20260519_18,3154864ea9b841418c1607efb18e7f01,0.058,,,
3757,2026-05-19,SH601881,-0.00358380281337617,EXP_CatBoostModel_Alpha158_csi300_custom_step0_s_20260519_18,3154864ea9b841418c1607efb18e7f01,0.058,,,
3758,2026-05-19,SH601878,0.0019313242820285157,EXP_CatBoostModel_Alpha158_csi300_custom_step0_s_20260519_18,3154864ea9b841418c1607efb18e7f01,0.058,,,
3759,2026-05-19,SH601877,0.000271748496346686,EXP_CatBoostModel_Alpha158_csi300_custom_step0_s_20260519_18,3154864ea9b841418c1607efb18e7f01,0.058,,,
3760,2026-05-19,SH601872,-0.0029978172675043445,EXP_CatBoostModel_Alpha158_csi300_custom_step0_s_20260519_18,3154864ea9b841418c1607efb18e7f01,0.058,,,
3761,2026-05-19,SH601868,-0.0029978172675043445,EXP_CatBoostModel_Alpha158_csi300_custom_step0_s_20260519_18,3154864ea9b841418c1607efb18e7f01,0.058,,,
3762,2026-05-19,SH601899,-0.004845379778449883,EXP_CatBoostModel_Alpha158_csi300_custom_step0_s_20260519_18,3154864ea9b841418c1607efb18e7f01,0.058,,,
3763,2026-05-19,SH601857,5.892524988375869e-06,EXP_CatBoostModel_Alpha158_csi300_custom_step0_s_20260519_18,3154864ea9b841418c1607efb18e7f01,0.058,,,
3764,2026-05-19,SH603195,-0.0013245551681647608,EXP_CatBoostModel_Alpha158_csi300_custom_step0_s_20260519_18,3154864ea9b841418c1607efb18e7f01,0.058,,,
3765,2026-05-19,SH603260,-0.003705010766770329,EXP_CatBoostModel_Alpha158_csi300_custom_step0_s_20260519_18,3154864ea9b841418c1607efb18e7f01,0.058,,,
3766,2026-05-19,SH688041,0.008306279073369099,EXP_CatBoostModel_Alpha158_csi300_custom_step0_s_20260519_18,3154864ea9b841418c1607efb18e7f01,0.058,,,
3767,2026-05-19,SH688036,-0.0006445775075426261,EXP_CatBoostModel_Alpha158_csi300_custom_step0_s_20260519_18,3154864ea9b841418c1607efb18e7f01,0.058,,,
3768,2026-05-19,SH688012,-0.00016679834923722644,EXP_CatBoostModel_Alpha158_csi300_custom_step0_s_20260519_18,3154864ea9b841418c1607efb18e7f01,0.058,,,
3769,2026-05-19,SH688009,-0.00020550097717799857,EXP_CatBoostModel_Alpha158_csi300_custom_step0_s_20260519_18,3154864ea9b841418c1607efb18e7f01,0.058,,,
3770,2026-05-19,SH688008,-0.004138995854761367,EXP_CatBoostModel_Alpha158_csi300_custom_step0_s_20260519_18,3154864ea9b841418c1607efb18e7f01,0.058,,,
3771,2026-05-19,SH605499,-0.0011721784610408473,EXP_CatBoostModel_Alpha158_csi300_custom_step0_s_20260519_18,3154864ea9b841418c1607efb18e7f01,0.058,,,
3772,2026-05-19,SH605117,-0.021042949409406823,EXP_CatBoostModel_Alpha158_csi300_custom_step0_s_20260519_18,3154864ea9b841418c1607efb18e7f01,0.058,,,
3773,2026-05-19,SH603259,-0.004845379778449883,EXP_CatBoostModel_Alpha158_csi300_custom_step0_s_20260519_18,3154864ea9b841418c1607efb18e7f01,0.058,,,
3774,2026-05-19,SH603993,-0.004845379778449883,EXP_CatBoostModel_Alpha158_csi300_custom_step0_s_20260519_18,3154864ea9b841418c1607efb18e7f01,0.058,,,
3775,2026-05-19,SH603893,0.00011510973681711596,EXP_CatBoostModel_Alpha158_csi300_custom_step0_s_20260519_18,3154864ea9b841418c1607efb18e7f01,0.058,,,
3776,2026-05-19,SH603799,-0.004845379778449883,EXP_CatBoostModel_Alpha158_csi300_custom_step0_s_20260519_18,3154864ea9b841418c1607efb18e7f01,0.058,,,
3777,2026-05-19,SH603501,0.0013572581612627914,EXP_CatBoostModel_Alpha158_csi300_custom_step0_s_20260519_18,3154864ea9b841418c1607efb18e7f01,0.058,,,
3778,2026-05-19,SH603392,-0.004845379778449883,EXP_CatBoostModel_Alpha158_csi300_custom_step0_s_20260519_18,3154864ea9b841418c1607efb18e7f01,0.058,,,
3779,2026-05-19,SH603369,-0.002312547472720401,EXP_CatBoostModel_Alpha158_csi300_custom_step0_s_20260519_18,3154864ea9b841418c1607efb18e7f01,0.058,,,
3780,2026-05-19,SH603296,-0.0011721784610408473,EXP_CatBoostModel_Alpha158_csi300_custom_step0_s_20260519_18,3154864ea9b841418c1607efb18e7f01,0.058,,,
3781,2026-05-19,SH603288,-0.002312547472720401,EXP_CatBoostModel_Alpha158_csi300_custom_step0_s_20260519_18,3154864ea9b841418c1607efb18e7f01,0.058,,,
3782,2026-05-19,SH603986,-0.019318889515648946,EXP_CatBoostModel_Alpha158_csi300_custom_step0_s_20260519_18,3154864ea9b841418c1607efb18e7f01,0.058,,,
3783,2026-05-19,SH601138,-0.0029978172675043445,EXP_CatBoostModel_Alpha158_csi300_custom_step0_s_20260519_18,3154864ea9b841418c1607efb18e7f01,0.058,,,
3784,2026-05-19,SH601838,-0.000890770771961942,EXP_CatBoostModel_Alpha158_csi300_custom_step0_s_20260519_18,3154864ea9b841418c1607efb18e7f01,0.058,,,
3785,2026-05-19,SH601818,0.00272341141916392,EXP_CatBoostModel_Alpha158_csi300_custom_step0_s_20260519_18,3154864ea9b841418c1607efb18e7f01,0.058,,,
3786,2026-05-19,SH601390,-0.0024434338016966163,EXP_CatBoostModel_Alpha158_csi300_custom_step0_s_20260519_18,3154864ea9b841418c1607efb18e7f01,0.058,,,
3787,2026-05-19,SH601377,0.000271748496346686,EXP_CatBoostModel_Alpha158_csi300_custom_step0_s_20260519_18,3154864ea9b841418c1607efb18e7f01,0.058,,,
3788,2026-05-19,SH601360,-0.0029978172675043445,EXP_CatBoostModel_Alpha158_csi300_custom_step0_s_20260519_18,3154864ea9b841418c1607efb18e7f01,0.058,,,
3789,2026-05-19,SH601336,-0.004845379778449883,EXP_CatBoostModel_Alpha158_csi300_custom_step0_s_20260519_18,3154864ea9b841418c1607efb18e7f01,0.058,,,
3790,2026-05-19,SH601328,0.0019958924228438294,EXP_CatBoostModel_Alpha158_csi300_custom_step0_s_20260519_18,3154864ea9b841418c1607efb18e7f01,0.058,,,
3791,2026-05-19,SH601319,-0.0005335441994598095,EXP_CatBoostModel_Alpha158_csi300_custom_step0_s_20260519_18,3154864ea9b841418c1607efb18e7f01,0.058,,,
3792,2026-05-19,SH601318,-0.003705010766770329,EXP_CatBoostModel_Alpha158_csi300_custom_step0_s_20260519_18,3154864ea9b841418c1607efb18e7f01,0.058,,,
3793,2026-05-19,SH601398,0.003977948886716414,EXP_CatBoostModel_Alpha158_csi300_custom_step0_s_20260519_18,3154864ea9b841418c1607efb18e7f01,0.058,,,
3794,2026-05-19,SH601298,0.0033026804845509147,EXP_CatBoostModel_Alpha158_csi300_custom_step0_s_20260519_18,3154864ea9b841418c1607efb18e7f01,0.058,,,
3795,2026-05-19,SH601238,-0.0011721784610408473,EXP_CatBoostModel_Alpha158_csi300_custom_step0_s_20260519_18,3154864ea9b841418c1607efb18e7f01,0.058,,,
3796,2026-05-19,SH601236,-0.00358380281337617,EXP_CatBoostModel_Alpha158_csi300_custom_step0_s_20260519_18,3154864ea9b841418c1607efb18e7f01,0.058,,,
3797,2026-05-19,SH601229,0.0006819897590972924,EXP_CatBoostModel_Alpha158_csi300_custom_step0_s_20260519_18,3154864ea9b841418c1607efb18e7f01,0.058,,,
3798,2026-05-19,SH601225,-0.0029978172675043445,EXP_CatBoostModel_Alpha158_csi300_custom_step0_s_20260519_18,3154864ea9b841418c1607efb18e7f01,0.058,,,
3799,2026-05-19,SH601211,-0.002312547472720401,EXP_CatBoostModel_Alpha158_csi300_custom_step0_s_20260519_18,3154864ea9b841418c1607efb18e7f01,0.058,,,
3800,2026-05-19,SH601186,-0.002112159426550652,EXP_CatBoostModel_Alpha158_csi300_custom_step0_s_20260519_18,3154864ea9b841418c1607efb18e7f01,0.058,,,
3801,2026-05-19,SH601169,-0.002112159426550652,EXP_CatBoostModel_Alpha158_csi300_custom_step0_s_20260519_18,3154864ea9b841418c1607efb18e7f01,0.058,,,
3802,2026-05-19,SH601288,0.0023787949918890883,EXP_CatBoostModel_Alpha158_csi300_custom_step0_s_20260519_18,3154864ea9b841418c1607efb18e7f01,0.058,,,
3803,2026-05-19,SH601825,0.003977948886716414,EXP_CatBoostModel_Alpha158_csi300_custom_step0_s_20260519_18,3154864ea9b841418c1607efb18e7f01,0.058,,,
3804,2026-05-19,SH601456,-0.0001757222135138868,EXP_CatBoostModel_Alpha158_csi300_custom_step0_s_20260519_18,3154864ea9b841418c1607efb18e7f01,0.058,,,
3805,2026-05-19,SH601601,-0.002312547472720401,EXP_CatBoostModel_Alpha158_csi300_custom_step0_s_20260519_18,3154864ea9b841418c1607efb18e7f01,0.058,,,
3806,2026-05-19,SH601816,0.003977948886716414,EXP_CatBoostModel_Alpha158_csi300_custom_step0_s_20260519_18,3154864ea9b841418c1607efb18e7f01,0.058,,,
3807,2026-05-19,SH601808,-0.00020550097717799857,EXP_CatBoostModel_Alpha158_csi300_custom_step0_s_20260519_18,3154864ea9b841418c1607efb18e7f01,0.058,,,
3808,2026-05-19,SH601800,-0.002312547472720401,EXP_CatBoostModel_Alpha158_csi300_custom_step0_s_20260519_18,3154864ea9b841418c1607efb18e7f01,0.058,,,
3809,2026-05-19,SH601788,-0.00358380281337617,EXP_CatBoostModel_Alpha158_csi300_custom_step0_s_20260519_18,3154864ea9b841418c1607efb18e7f01,0.058,,,
3810,2026-05-19,SH601766,0.003398679821329419,EXP_CatBoostModel_Alpha158_csi300_custom_step0_s_20260519_18,3154864ea9b841418c1607efb18e7f01,0.058,,,
3811,2026-05-19,SH601728,-0.00017874824178541412,EXP_CatBoostModel_Alpha158_csi300_custom_step0_s_20260519_18,3154864ea9b841418c1607efb18e7f01,0.058,,,
3812,2026-05-19,SH601698,-0.004845379778449883,EXP_CatBoostModel_Alpha158_csi300_custom_step0_s_20260519_18,3154864ea9b841418c1607efb18e7f01,0.058,,,
3813,2026-05-19,SH601600,-0.0011721784610408473,EXP_CatBoostModel_Alpha158_csi300_custom_step0_s_20260519_18,3154864ea9b841418c1607efb18e7f01,0.058,,,
3814,2026-05-19,SH601689,-0.0006445775075426261,EXP_CatBoostModel_Alpha158_csi300_custom_step0_s_20260519_18,3154864ea9b841418c1607efb18e7f01,0.058,,,
3815,2026-05-19,SH601669,0.0003081432527332214,EXP_CatBoostModel_Alpha158_csi300_custom_step0_s_20260519_18,3154864ea9b841418c1607efb18e7f01,0.058,,,
3816,2026-05-19,SH601668,0.003398679821329419,EXP_CatBoostModel_Alpha158_csi300_custom_step0_s_20260519_18,3154864ea9b841418c1607efb18e7f01,0.058,,,
3817,2026-05-19,SH601658,0.00032665799522768927,EXP_CatBoostModel_Alpha158_csi300_custom_step0_s_20260519_18,3154864ea9b841418c1607efb18e7f01,0.058,,,
3818,2026-05-19,SH601633,-0.0011721784610408473,EXP_CatBoostModel_Alpha158_csi300_custom_step0_s_20260519_18,3154864ea9b841418c1607efb18e7f01,0.058,,,
3819,2026-05-19,SH601628,-0.004845379778449883,EXP_CatBoostModel_Alpha158_csi300_custom_step0_s_20260519_18,3154864ea9b841418c1607efb18e7f01,0.058,,,
3820,2026-05-19,SH601618,0.0018359206828886289,EXP_CatBoostModel_Alpha158_csi300_custom_step0_s_20260519_18,3154864ea9b841418c1607efb18e7f01,0.058,,,
3821,2026-05-19,SH601607,0.0036393349959500856,EXP_CatBoostModel_Alpha158_csi300_custom_step0_s_20260519_18,3154864ea9b841418c1607efb18e7f01,0.058,,,
3822,2026-05-19,SH601688,-0.0029978172675043445,EXP_CatBoostModel_Alpha158_csi300_custom_step0_s_20260519_18,3154864ea9b841418c1607efb18e7f01,0.058,,,
3823,2026-05-19,SH600905,0.002568324417190581,EXP_LGBModel_Alpha158_csi300_custom_step0_s_20260519_18,0f09a33f74ab4b66aee89fe90422ab97,0.072,,,
3824,2026-05-19,SH600918,-2.6181950547923836e-10,EXP_LGBModel_Alpha158_csi300_custom_step0_s_20260519_18,0f09a33f74ab4b66aee89fe90422ab97,0.072,,,
3825,2026-05-19,SH600919,0.002568324417190581,EXP_LGBModel_Alpha158_csi300_custom_step0_s_20260519_18,0f09a33f74ab4b66aee89fe90422ab97,0.072,,,
3826,2026-05-19,SH600160,-0.022335686801330596,EXP_DEnsembleModel_Alpha158_csi300_custom_step0_s_20260519_15,d50276ee8c5d4fc4a32190810507d66a,0.055,,,
3827,2026-05-19,SH600150,0.06376593773533813,EXP_DEnsembleModel_Alpha158_csi300_custom_step0_s_20260519_15,d50276ee8c5d4fc4a32190810507d66a,0.055,,,
3828,2026-05-19,SH600115,-0.0887497634112169,EXP_DEnsembleModel_Alpha158_csi300_custom_step0_s_20260519_15,d50276ee8c5d4fc4a32190810507d66a,0.055,,,
3829,2026-05-19,SH600111,0.004678153537560862,EXP_DEnsembleModel_Alpha158_csi300_custom_step0_s_20260519_15,d50276ee8c5d4fc4a32190810507d66a,0.055,,,
3830,2026-05-19,SH600104,0.01763914117720093,EXP_DEnsembleModel_Alpha158_csi300_custom_step0_s_20260519_15,d50276ee8c5d4fc4a32190810507d66a,0.055,,,
3831,2026-05-19,SH600089,-0.07878712793907076,EXP_DEnsembleModel_Alpha158_csi300_custom_step0_s_20260519_15,d50276ee8c5d4fc4a32190810507d66a,0.055,,,
3832,2026-05-19,SH600085,-0.01645575393534605,EXP_DEnsembleModel_Alpha158_csi300_custom_step0_s_20260519_15,d50276ee8c5d4fc4a32190810507d66a,0.055,,,
3833,2026-05-19,SH600066,-0.024573498187251984,EXP_DEnsembleModel_Alpha158_csi300_custom_step0_s_20260519_15,d50276ee8c5d4fc4a32190810507d66a,0.055,,,
3834,2026-05-19,SH600061,-0.1190939573345906,EXP_DEnsembleModel_Alpha158_csi300_custom_step0_s_20260519_15,d50276ee8c5d4fc4a32190810507d66a,0.055,,,
3835,2026-05-19,SH600050,0.04685633733578179,EXP_DEnsembleModel_Alpha158_csi300_custom_step0_s_20260519_15,d50276ee8c5d4fc4a32190810507d66a,0.055,,,
3836,2026-05-19,SH600048,-0.1203435042792882,EXP_DEnsembleModel_Alpha158_csi300_custom_step0_s_20260519_15,d50276ee8c5d4fc4a32190810507d66a,0.055,,,
3837,2026-05-19,SH600039,-0.019897080344249495,EXP_DEnsembleModel_Alpha158_csi300_custom_step0_s_20260519_15,d50276ee8c5d4fc4a32190810507d66a,0.055,,,
3838,2026-05-19,SH600036,0.02294048906299264,EXP_DEnsembleModel_Alpha158_csi300_custom_step0_s_20260519_15,d50276ee8c5d4fc4a32190810507d66a,0.055,,,
3839,2026-05-19,SH600031,-0.05047838726485374,EXP_DEnsembleModel_Alpha158_csi300_custom_step0_s_20260519_15,d50276ee8c5d4fc4a32190810507d66a,0.055,,,
3840,2026-05-19,SH600030,-0.09132213199091713,EXP_DEnsembleModel_Alpha158_csi300_custom_step0_s_20260519_15,d50276ee8c5d4fc4a32190810507d66a,0.055,,,
3841,2026-05-19,SH600161,-0.006657333593634139,EXP_DEnsembleModel_Alpha158_csi300_custom_step0_s_20260519_15,d50276ee8c5d4fc4a32190810507d66a,0.055,,,
3842,2026-05-19,SH600176,0.07580905768373575,EXP_DEnsembleModel_Alpha158_csi300_custom_step0_s_20260519_15,d50276ee8c5d4fc4a32190810507d66a,0.055,,,
3843,2026-05-19,SH600183,-0.2494377317713493,EXP_DEnsembleModel_Alpha158_csi300_custom_step0_s_20260519_15,d50276ee8c5d4fc4a32190810507d66a,0.055,,,
3844,2026-05-19,SH600188,-0.05852349322510314,EXP_DEnsembleModel_Alpha158_csi300_custom_step0_s_20260519_15,d50276ee8c5d4fc4a32190810507d66a,0.055,,,
3845,2026-05-19,SH600482,-0.055551858385529625,EXP_DEnsembleModel_Alpha158_csi300_custom_step0_s_20260519_15,d50276ee8c5d4fc4a32190810507d66a,0.055,,,
3846,2026-05-19,SH600460,-0.11428257650911995,EXP_DEnsembleModel_Alpha158_csi300_custom_step0_s_20260519_15,d50276ee8c5d4fc4a32190810507d66a,0.055,,,
3847,2026-05-19,SH600438,-0.07179202327504841,EXP_DEnsembleModel_Alpha158_csi300_custom_step0_s_20260519_15,d50276ee8c5d4fc4a32190810507d66a,0.055,,,
3848,2026-05-19,SH600436,-0.03959967388844874,EXP_DEnsembleModel_Alpha158_csi300_custom_step0_s_20260519_15,d50276ee8c5d4fc4a32190810507d66a,0.055,,,
3849,2026-05-19,SH600426,-0.08987607893963184,EXP_DEnsembleModel_Alpha158_csi300_custom_step0_s_20260519_15,d50276ee8c5d4fc4a32190810507d66a,0.055,,,
3850,2026-05-19,SH600415,-0.08292413663587904,EXP_DEnsembleModel_Alpha158_csi300_custom_step0_s_20260519_15,d50276ee8c5d4fc4a32190810507d66a,0.055,,,
3851,2026-05-19,SH600406,0.0249099983450008,EXP_DEnsembleModel_Alpha158_csi300_custom_step0_s_20260519_15,d50276ee8c5d4fc4a32190810507d66a,0.055,,,
3852,2026-05-19,SH600029,-0.09158748834877371,EXP_DEnsembleModel_Alpha158_csi300_custom_step0_s_20260519_15,d50276ee8c5d4fc4a32190810507d66a,0.055,,,
3853,2026-05-19,SH600377,0.06307487360200564,EXP_DEnsembleModel_Alpha158_csi300_custom_step0_s_20260519_15,d50276ee8c5d4fc4a32190810507d66a,0.055,,,
3854,2026-05-19,SH600362,-0.04378415731227127,EXP_DEnsembleModel_Alpha158_csi300_custom_step0_s_20260519_15,d50276ee8c5d4fc4a32190810507d66a,0.055,,,
3855,2026-05-19,SH600346,-0.09284637463612731,EXP_DEnsembleModel_Alpha158_csi300_custom_step0_s_20260519_15,d50276ee8c5d4fc4a32190810507d66a,0.055,,,
3856,2026-05-19,SH600309,0.030157075811220728,EXP_DEnsembleModel_Alpha158_csi300_custom_step0_s_20260519_15,d50276ee8c5d4fc4a32190810507d66a,0.055,,,
3857,2026-05-19,SH600276,-0.026961952165140433,EXP_DEnsembleModel_Alpha158_csi300_custom_step0_s_20260519_15,d50276ee8c5d4fc4a32190810507d66a,0.055,,,
3858,2026-05-19,SH600233,-0.017303252963167003,EXP_DEnsembleModel_Alpha158_csi300_custom_step0_s_20260519_15,d50276ee8c5d4fc4a32190810507d66a,0.055,,,
3859,2026-05-19,SH600219,0.02134257786462314,EXP_DEnsembleModel_Alpha158_csi300_custom_step0_s_20260519_15,d50276ee8c5d4fc4a32190810507d66a,0.055,,,
3860,2026-05-19,SH600196,-0.0626959648381237,EXP_DEnsembleModel_Alpha158_csi300_custom_step0_s_20260519_15,d50276ee8c5d4fc4a32190810507d66a,0.055,,,
3861,2026-05-19,SH600372,0.016004807862740597,EXP_DEnsembleModel_Alpha158_csi300_custom_step0_s_20260519_15,d50276ee8c5d4fc4a32190810507d66a,0.055,,,
3862,2026-05-19,SH600028,0.020229437931849,EXP_DEnsembleModel_Alpha158_csi300_custom_step0_s_20260519_15,d50276ee8c5d4fc4a32190810507d66a,0.055,,,
3863,2026-05-19,SH600027,0.0607218701529224,EXP_DEnsembleModel_Alpha158_csi300_custom_step0_s_20260519_15,d50276ee8c5d4fc4a32190810507d66a,0.055,,,
3864,2026-05-19,SH600026,-0.09993407197816462,EXP_DEnsembleModel_Alpha158_csi300_custom_step0_s_20260519_15,d50276ee8c5d4fc4a32190810507d66a,0.055,,,
3865,2026-05-19,SZ300760,0.00789377810455585,EXP_LGBModel_Alpha158_csi300_custom_step0_s_20260519_18,fced4fa636db4af18515b2d55d369804,0.076,,,
3866,2026-05-19,SZ300759,-0.0007177640918859689,EXP_LGBModel_Alpha158_csi300_custom_step0_s_20260519_18,fced4fa636db4af18515b2d55d369804,0.076,,,
3867,2026-05-19,SZ300750,0.0035219975303875063,EXP_LGBModel_Alpha158_csi300_custom_step0_s_20260519_18,fced4fa636db4af18515b2d55d369804,0.076,,,
3868,2026-05-19,SZ300661,0.00671379928877665,EXP_LGBModel_Alpha158_csi300_custom_step0_s_20260519_18,fced4fa636db4af18515b2d55d369804,0.076,,,
3869,2026-05-19,SZ300628,0.036347605783353,EXP_LGBModel_Alpha158_csi300_custom_step0_s_20260519_18,fced4fa636db4af18515b2d55d369804,0.076,,,
3870,2026-05-19,SZ300502,0.08432867644355316,EXP_LGBModel_Alpha158_csi300_custom_step0_s_20260519_18,fced4fa636db4af18515b2d55d369804,0.076,,,
3871,2026-05-19,SZ300498,0.018375178958578743,EXP_LGBModel_Alpha158_csi300_custom_step0_s_20260519_18,fced4fa636db4af18515b2d55d369804,0.076,,,
3872,2026-05-19,SZ300782,-0.0002792370722203459,EXP_LGBModel_Alpha158_csi300_custom_step0_s_20260519_18,fced4fa636db4af18515b2d55d369804,0.076,,,
3873,2026-05-19,SZ300476,0.08697459769505186,EXP_LGBModel_Alpha158_csi300_custom_step0_s_20260519_18,fced4fa636db4af18515b2d55d369804,0.076,,,
3874,2026-05-19,SZ300433,-0.0150768053581364,EXP_LGBModel_Alpha158_csi300_custom_step0_s_20260519_18,fced4fa636db4af18515b2d55d369804,0.076,,,
3875,2026-05-19,SZ300418,0.013962430156236869,EXP_LGBModel_Alpha158_csi300_custom_step0_s_20260519_18,fced4fa636db4af18515b2d55d369804,0.076,,,
3876,2026-05-19,SZ300413,-0.04157476315113894,EXP_LGBModel_Alpha158_csi300_custom_step0_s_20260519_18,fced4fa636db4af18515b2d55d369804,0.076,,,
3877,2026-05-19,SZ300408,0.05086124398061579,EXP_LGBModel_Alpha158_csi300_custom_step0_s_20260519_18,fced4fa636db4af18515b2d55d369804,0.076,,,
3878,2026-05-19,SZ300394,0.009638593006753068,EXP_LGBModel_Alpha158_csi300_custom_step0_s_20260519_18,fced4fa636db4af18515b2d55d369804,0.076,,,
3879,2026-05-19,SZ300347,0.019290665757771875,EXP_LGBModel_Alpha158_csi300_custom_step0_s_20260519_18,fced4fa636db4af18515b2d55d369804,0.076,,,
3880,2026-05-19,SZ300316,0.0038170715879668445,EXP_LGBModel_Alpha158_csi300_custom_step0_s_20260519_18,fced4fa636db4af18515b2d55d369804,0.076,,,
3881,2026-05-19,SZ300442,-0.012216646733632298,EXP_LGBModel_Alpha158_csi300_custom_step0_s_20260519_18,fced4fa636db4af18515b2d55d369804,0.076,,,
3882,2026-05-19,SH600489,0.10001939604494832,EXP_DEnsembleModel_Alpha158_csi300_custom_step0_s_20260519_15,d50276ee8c5d4fc4a32190810507d66a,0.055,,,
3883,2026-05-19,SZ300803,0.0045509826661653645,EXP_LGBModel_Alpha158_csi300_custom_step0_s_20260519_18,fced4fa636db4af18515b2d55d369804,0.076,,,
3884,2026-05-19,SZ300866,0.117589701305709,EXP_LGBModel_Alpha158_csi300_custom_step0_s_20260519_18,fced4fa636db4af18515b2d55d369804,0.076,,,
3885,2026-05-19,SH600025,0.13937810424198488,EXP_DEnsembleModel_Alpha158_csi300_custom_step0_s_20260519_15,d50276ee8c5d4fc4a32190810507d66a,0.055,,,
3886,2026-05-19,SH600023,0.054641027598686616,EXP_DEnsembleModel_Alpha158_csi300_custom_step0_s_20260519_15,d50276ee8c5d4fc4a32190810507d66a,0.055,,,
3887,2026-05-19,SH600019,0.015140631302247609,EXP_DEnsembleModel_Alpha158_csi300_custom_step0_s_20260519_15,d50276ee8c5d4fc4a32190810507d66a,0.055,,,
3888,2026-05-19,SH600018,0.15579354197589748,EXP_DEnsembleModel_Alpha158_csi300_custom_step0_s_20260519_15,d50276ee8c5d4fc4a32190810507d66a,0.055,,,
3889,2026-05-19,SH600016,0.005709444539501197,EXP_DEnsembleModel_Alpha158_csi300_custom_step0_s_20260519_15,d50276ee8c5d4fc4a32190810507d66a,0.055,,,
3890,2026-05-19,SH600015,0.013411547850540457,EXP_DEnsembleModel_Alpha158_csi300_custom_step0_s_20260519_15,d50276ee8c5d4fc4a32190810507d66a,0.055,,,
3891,2026-05-19,SH600011,0.07924427542536523,EXP_DEnsembleModel_Alpha158_csi300_custom_step0_s_20260519_15,d50276ee8c5d4fc4a32190810507d66a,0.055,,,
3892,2026-05-19,SZ300832,0.022366836018370383,EXP_LGBModel_Alpha158_csi300_custom_step0_s_20260519_18,fced4fa636db4af18515b2d55d369804,0.076,,,
3893,2026-05-19,SH600010,-0.05696084447735917,EXP_DEnsembleModel_Alpha158_csi300_custom_step0_s_20260519_15,d50276ee8c5d4fc4a32190810507d66a,0.055,,,
3894,2026-05-19,SH600000,-0.00926410475038218,EXP_DEnsembleModel_Alpha158_csi300_custom_step0_s_20260519_15,d50276ee8c5d4fc4a32190810507d66a,0.055,,,
3895,2026-05-19,SZ302132,-0.01536961203089856,EXP_LGBModel_Alpha158_csi300_custom_step0_s_20260519_18,fced4fa636db4af18515b2d55d369804,0.076,,,
3896,2026-05-19,SZ301269,0.03024520122089889,EXP_LGBModel_Alpha158_csi300_custom_step0_s_20260519_18,fced4fa636db4af18515b2d55d369804,0.076,,,
3897,2026-05-19,SZ301236,0.020228289188498474,EXP_LGBModel_Alpha158_csi300_custom_step0_s_20260519_18,fced4fa636db4af18515b2d55d369804,0.076,,,
3898,2026-05-19,SZ300999,0.00648381134487843,EXP_LGBModel_Alpha158_csi300_custom_step0_s_20260519_18,fced4fa636db4af18515b2d55d369804,0.076,,,
3899,2026-05-19,SZ300979,-0.02578731726814354,EXP_LGBModel_Alpha158_csi300_custom_step0_s_20260519_18,fced4fa636db4af18515b2d55d369804,0.076,,,
3900,2026-05-19,SZ300896,-0.00874061814296696,EXP_LGBModel_Alpha158_csi300_custom_step0_s_20260519_18,fced4fa636db4af18515b2d55d369804,0.076,,,
3901,2026-05-19,SH600009,-0.061155244263705125,EXP_DEnsembleModel_Alpha158_csi300_custom_step0_s_20260519_15,d50276ee8c5d4fc4a32190810507d66a,0.055,,,
3902,2026-05-19,SH600515,-0.07908675974472902,EXP_DEnsembleModel_Alpha158_csi300_custom_step0_s_20260519_15,d50276ee8c5d4fc4a32190810507d66a,0.055,,,
3903,2026-05-19,SH600519,-0.019490965870516585,EXP_DEnsembleModel_Alpha158_csi300_custom_step0_s_20260519_15,d50276ee8c5d4fc4a32190810507d66a,0.055,,,
3904,2026-05-19,SH600522,-0.16692158551966196,EXP_DEnsembleModel_Alpha158_csi300_custom_step0_s_20260519_15,d50276ee8c5d4fc4a32190810507d66a,0.055,,,
3905,2026-05-19,SH601298,0.0947092427507917,EXP_DEnsembleModel_Alpha158_csi300_custom_step0_s_20260519_15,d50276ee8c5d4fc4a32190810507d66a,0.055,,,
3906,2026-05-19,SH601288,0.05321122732765874,EXP_DEnsembleModel_Alpha158_csi300_custom_step0_s_20260519_15,d50276ee8c5d4fc4a32190810507d66a,0.055,,,
3907,2026-05-19,SH601238,-0.04585628845336807,EXP_DEnsembleModel_Alpha158_csi300_custom_step0_s_20260519_15,d50276ee8c5d4fc4a32190810507d66a,0.055,,,
3908,2026-05-19,SH601236,-0.03635026944876291,EXP_DEnsembleModel_Alpha158_csi300_custom_step0_s_20260519_15,d50276ee8c5d4fc4a32190810507d66a,0.055,,,
3909,2026-05-19,SH601229,-0.04379386401669029,EXP_DEnsembleModel_Alpha158_csi300_custom_step0_s_20260519_15,d50276ee8c5d4fc4a32190810507d66a,0.055,,,
3910,2026-05-19,SH601225,0.013649077368838063,EXP_DEnsembleModel_Alpha158_csi300_custom_step0_s_20260519_15,d50276ee8c5d4fc4a32190810507d66a,0.055,,,
3911,2026-05-19,SH601211,-0.018394959407816065,EXP_DEnsembleModel_Alpha158_csi300_custom_step0_s_20260519_15,d50276ee8c5d4fc4a32190810507d66a,0.055,,,
3912,2026-05-19,SH601318,-0.1361545364812404,EXP_DEnsembleModel_Alpha158_csi300_custom_step0_s_20260519_15,d50276ee8c5d4fc4a32190810507d66a,0.055,,,
3913,2026-05-19,SH601186,0.03400597917687631,EXP_DEnsembleModel_Alpha158_csi300_custom_step0_s_20260519_15,d50276ee8c5d4fc4a32190810507d66a,0.055,,,
3914,2026-05-19,SH601166,0.014995112814097303,EXP_DEnsembleModel_Alpha158_csi300_custom_step0_s_20260519_15,d50276ee8c5d4fc4a32190810507d66a,0.055,,,
3915,2026-05-19,SH601138,-0.08177715296340082,EXP_DEnsembleModel_Alpha158_csi300_custom_step0_s_20260519_15,d50276ee8c5d4fc4a32190810507d66a,0.055,,,
3916,2026-05-19,SH601136,-0.03646114868447332,EXP_DEnsembleModel_Alpha158_csi300_custom_step0_s_20260519_15,d50276ee8c5d4fc4a32190810507d66a,0.055,,,
3917,2026-05-19,SH601127,-0.0580709447372993,EXP_DEnsembleModel_Alpha158_csi300_custom_step0_s_20260519_15,d50276ee8c5d4fc4a32190810507d66a,0.055,,,
3918,2026-05-19,SH601117,-0.04099778073010628,EXP_DEnsembleModel_Alpha158_csi300_custom_step0_s_20260519_15,d50276ee8c5d4fc4a32190810507d66a,0.055,,,
3919,2026-05-19,SH601111,-0.07777732807813513,EXP_DEnsembleModel_Alpha158_csi300_custom_step0_s_20260519_15,d50276ee8c5d4fc4a32190810507d66a,0.055,,,
3920,2026-05-19,SH601100,-0.07610584577967856,EXP_DEnsembleModel_Alpha158_csi300_custom_step0_s_20260519_15,d50276ee8c5d4fc4a32190810507d66a,0.055,,,
3921,2026-05-19,SH601169,0.039111936109826745,EXP_DEnsembleModel_Alpha158_csi300_custom_step0_s_20260519_15,d50276ee8c5d4fc4a32190810507d66a,0.055,,,
3922,2026-05-19,SH601088,0.030953287469111534,EXP_DEnsembleModel_Alpha158_csi300_custom_step0_s_20260519_15,d50276ee8c5d4fc4a32190810507d66a,0.055,,,
3923,2026-05-19,SH601319,0.008002428522767181,EXP_DEnsembleModel_Alpha158_csi300_custom_step0_s_20260519_15,d50276ee8c5d4fc4a32190810507d66a,0.055,,,
3924,2026-05-19,SH601336,-0.0724308303692774,EXP_DEnsembleModel_Alpha158_csi300_custom_step0_s_20260519_15,d50276ee8c5d4fc4a32190810507d66a,0.055,,,
3925,2026-05-19,SH601689,-0.044992092163401776,EXP_DEnsembleModel_Alpha158_csi300_custom_step0_s_20260519_15,d50276ee8c5d4fc4a32190810507d66a,0.055,,,
3926,2026-05-19,SH601688,-0.10154725059356354,EXP_DEnsembleModel_Alpha158_csi300_custom_step0_s_20260519_15,d50276ee8c5d4fc4a32190810507d66a,0.055,,,
3927,2026-05-19,SH601669,-0.016967183562635265,EXP_DEnsembleModel_Alpha158_csi300_custom_step0_s_20260519_15,d50276ee8c5d4fc4a32190810507d66a,0.055,,,
3928,2026-05-19,SH601668,0.09711933572586634,EXP_DEnsembleModel_Alpha158_csi300_custom_step0_s_20260519_15,d50276ee8c5d4fc4a32190810507d66a,0.055,,,
3929,2026-05-19,SH601658,0.010430030611608796,EXP_DEnsembleModel_Alpha158_csi300_custom_step0_s_20260519_15,d50276ee8c5d4fc4a32190810507d66a,0.055,,,
3930,2026-05-19,SH601633,-0.08123229293613861,EXP_DEnsembleModel_Alpha158_csi300_custom_step0_s_20260519_15,d50276ee8c5d4fc4a32190810507d66a,0.055,,,
3931,2026-05-19,SH601628,-0.04740792224146848,EXP_DEnsembleModel_Alpha158_csi300_custom_step0_s_20260519_15,d50276ee8c5d4fc4a32190810507d66a,0.055,,,
3932,2026-05-19,SH601328,0.06582047746452484,EXP_DEnsembleModel_Alpha158_csi300_custom_step0_s_20260519_15,d50276ee8c5d4fc4a32190810507d66a,0.055,,,
3933,2026-05-19,SH601618,0.014313350039403889,EXP_DEnsembleModel_Alpha158_csi300_custom_step0_s_20260519_15,d50276ee8c5d4fc4a32190810507d66a,0.055,,,
3934,2026-05-19,SH601601,-0.032776853576165124,EXP_DEnsembleModel_Alpha158_csi300_custom_step0_s_20260519_15,d50276ee8c5d4fc4a32190810507d66a,0.055,,,
3935,2026-05-19,SH601600,-0.07122531961923768,EXP_DEnsembleModel_Alpha158_csi300_custom_step0_s_20260519_15,d50276ee8c5d4fc4a32190810507d66a,0.055,,,
3936,2026-05-19,SH601456,0.006218201652335764,EXP_DEnsembleModel_Alpha158_csi300_custom_step0_s_20260519_15,d50276ee8c5d4fc4a32190810507d66a,0.055,,,
3937,2026-05-19,SH601398,0.09871814158223138,EXP_DEnsembleModel_Alpha158_csi300_custom_step0_s_20260519_15,d50276ee8c5d4fc4a32190810507d66a,0.055,,,
3938,2026-05-19,SH601390,0.028743177300613997,EXP_DEnsembleModel_Alpha158_csi300_custom_step0_s_20260519_15,d50276ee8c5d4fc4a32190810507d66a,0.055,,,
3939,2026-05-19,SH601377,-0.0372637876694276,EXP_DEnsembleModel_Alpha158_csi300_custom_step0_s_20260519_15,d50276ee8c5d4fc4a32190810507d66a,0.055,,,
3940,2026-05-19,SH601360,-0.12277608264210361,EXP_DEnsembleModel_Alpha158_csi300_custom_step0_s_20260519_15,d50276ee8c5d4fc4a32190810507d66a,0.055,,,
3941,2026-05-19,SH601607,0.006747897375320813,EXP_DEnsembleModel_Alpha158_csi300_custom_step0_s_20260519_15,d50276ee8c5d4fc4a32190810507d66a,0.055,,,
3942,2026-05-19,SZ300308,0.02165999452198188,EXP_LGBModel_Alpha158_csi300_custom_step0_s_20260519_18,fced4fa636db4af18515b2d55d369804,0.076,,,
3943,2026-05-19,SH601077,0.0001102669176876554,EXP_DEnsembleModel_Alpha158_csi300_custom_step0_s_20260519_15,d50276ee8c5d4fc4a32190810507d66a,0.055,,,
3944,2026-05-19,SH601059,0.07897183928311403,EXP_DEnsembleModel_Alpha158_csi300_custom_step0_s_20260519_15,d50276ee8c5d4fc4a32190810507d66a,0.055,,,
3945,2026-05-19,SH600875,-0.04740531657608562,EXP_DEnsembleModel_Alpha158_csi300_custom_step0_s_20260519_15,d50276ee8c5d4fc4a32190810507d66a,0.055,,,
3946,2026-05-19,SH600845,0.051874096759952325,EXP_DEnsembleModel_Alpha158_csi300_custom_step0_s_20260519_15,d50276ee8c5d4fc4a32190810507d66a,0.055,,,
3947,2026-05-19,SH600809,-0.11670243801484692,EXP_DEnsembleModel_Alpha158_csi300_custom_step0_s_20260519_15,d50276ee8c5d4fc4a32190810507d66a,0.055,,,
3948,2026-05-19,SH600803,0.06659442786928199,EXP_DEnsembleModel_Alpha158_csi300_custom_step0_s_20260519_15,d50276ee8c5d4fc4a32190810507d66a,0.055,,,
3949,2026-05-19,SH600795,0.1402207239544839,EXP_DEnsembleModel_Alpha158_csi300_custom_step0_s_20260519_15,d50276ee8c5d4fc4a32190810507d66a,0.055,,,
3950,2026-05-19,SH600760,-0.08778484402641792,EXP_DEnsembleModel_Alpha158_csi300_custom_step0_s_20260519_15,d50276ee8c5d4fc4a32190810507d66a,0.055,,,
3951,2026-05-19,SH600741,0.013647855135188644,EXP_DEnsembleModel_Alpha158_csi300_custom_step0_s_20260519_15,d50276ee8c5d4fc4a32190810507d66a,0.055,,,
3952,2026-05-19,SH600886,0.10562803397560208,EXP_DEnsembleModel_Alpha158_csi300_custom_step0_s_20260519_15,d50276ee8c5d4fc4a32190810507d66a,0.055,,,
3953,2026-05-19,SH600690,0.09171789201254057,EXP_DEnsembleModel_Alpha158_csi300_custom_step0_s_20260519_15,d50276ee8c5d4fc4a32190810507d66a,0.055,,,
3954,2026-05-19,SH600660,-0.027268506967341,EXP_DEnsembleModel_Alpha158_csi300_custom_step0_s_20260519_15,d50276ee8c5d4fc4a32190810507d66a,0.055,,,
3955,2026-05-19,SH600600,0.04587781830988943,EXP_DEnsembleModel_Alpha158_csi300_custom_step0_s_20260519_15,d50276ee8c5d4fc4a32190810507d66a,0.055,,,
3956,2026-05-19,SH600588,-0.0973081553552233,EXP_DEnsembleModel_Alpha158_csi300_custom_step0_s_20260519_15,d50276ee8c5d4fc4a32190810507d66a,0.055,,,
3957,2026-05-19,SH600585,-0.026666411401993658,EXP_DEnsembleModel_Alpha158_csi300_custom_step0_s_20260519_15,d50276ee8c5d4fc4a32190810507d66a,0.055,,,
3958,2026-05-19,SH600584,-0.13425915217692047,EXP_DEnsembleModel_Alpha158_csi300_custom_step0_s_20260519_15,d50276ee8c5d4fc4a32190810507d66a,0.055,,,
3959,2026-05-19,SH600570,-0.13751964385100826,EXP_DEnsembleModel_Alpha158_csi300_custom_step0_s_20260519_15,d50276ee8c5d4fc4a32190810507d66a,0.055,,,
3960,2026-05-19,SH600547,0.0643854771918569,EXP_DEnsembleModel_Alpha158_csi300_custom_step0_s_20260519_15,d50276ee8c5d4fc4a32190810507d66a,0.055,,,
3961,2026-05-19,SH600674,0.1313025268069111,EXP_DEnsembleModel_Alpha158_csi300_custom_step0_s_20260519_15,d50276ee8c5d4fc4a32190810507d66a,0.055,,,
3962,2026-05-19,SH601066,-0.08345452780421306,EXP_DEnsembleModel_Alpha158_csi300_custom_step0_s_20260519_15,d50276ee8c5d4fc4a32190810507d66a,0.055,,,
3963,2026-05-19,SH600887,0.07299042736700663,EXP_DEnsembleModel_Alpha158_csi300_custom_step0_s_20260519_15,d50276ee8c5d4fc4a32190810507d66a,0.055,,,
3964,2026-05-19,SH600900,0.14233906299978458,EXP_DEnsembleModel_Alpha158_csi300_custom_step0_s_20260519_15,d50276ee8c5d4fc4a32190810507d66a,0.055,,,
3965,2026-05-19,SH601058,-0.06333073915400703,EXP_DEnsembleModel_Alpha158_csi300_custom_step0_s_20260519_15,d50276ee8c5d4fc4a32190810507d66a,0.055,,,
3966,2026-05-19,SH601021,-0.1457074595067349,EXP_DEnsembleModel_Alpha158_csi300_custom_step0_s_20260519_15,d50276ee8c5d4fc4a32190810507d66a,0.055,,,
3967,2026-05-19,SH601018,0.027426825590068458,EXP_DEnsembleModel_Alpha158_csi300_custom_step0_s_20260519_15,d50276ee8c5d4fc4a32190810507d66a,0.055,,,
3968,2026-05-19,SH601012,-0.013152165370164686,EXP_DEnsembleModel_Alpha158_csi300_custom_step0_s_20260519_15,d50276ee8c5d4fc4a32190810507d66a,0.055,,,
3969,2026-05-19,SH601009,0.005985037173035379,EXP_DEnsembleModel_Alpha158_csi300_custom_step0_s_20260519_15,d50276ee8c5d4fc4a32190810507d66a,0.055,,,
3970,2026-05-19,SH601006,0.19279396922382144,EXP_DEnsembleModel_Alpha158_csi300_custom_step0_s_20260519_15,d50276ee8c5d4fc4a32190810507d66a,0.055,,,
3971,2026-05-19,SH600999,0.10743405718184301,EXP_DEnsembleModel_Alpha158_csi300_custom_step0_s_20260519_15,d50276ee8c5d4fc4a32190810507d66a,0.055,,,
3972,2026-05-19,SH600893,-0.030017634369344206,EXP_DEnsembleModel_Alpha158_csi300_custom_step0_s_20260519_15,d50276ee8c5d4fc4a32190810507d66a,0.055,,,
3973,2026-05-19,SH600989,0.0007128681445406382,EXP_DEnsembleModel_Alpha158_csi300_custom_step0_s_20260519_15,d50276ee8c5d4fc4a32190810507d66a,0.055,,,
3974,2026-05-19,SH600941,0.11605383572893489,EXP_DEnsembleModel_Alpha158_csi300_custom_step0_s_20260519_15,d50276ee8c5d4fc4a32190810507d66a,0.055,,,
3975,2026-05-19,SH600938,0.058002236937713274,EXP_DEnsembleModel_Alpha158_csi300_custom_step0_s_20260519_15,d50276ee8c5d4fc4a32190810507d66a,0.055,,,
3976,2026-05-19,SH600930,0.008870652425551257,EXP_DEnsembleModel_Alpha158_csi300_custom_step0_s_20260519_15,d50276ee8c5d4fc4a32190810507d66a,0.055,,,
3977,2026-05-19,SH600926,-0.00725747197208255,EXP_DEnsembleModel_Alpha158_csi300_custom_step0_s_20260519_15,d50276ee8c5d4fc4a32190810507d66a,0.055,,,
3978,2026-05-19,SH600919,0.13888064133701714,EXP_DEnsembleModel_Alpha158_csi300_custom_step0_s_20260519_15,d50276ee8c5d4fc4a32190810507d66a,0.055,,,
3979,2026-05-19,SH600918,-0.005179834833559966,EXP_DEnsembleModel_Alpha158_csi300_custom_step0_s_20260519_15,d50276ee8c5d4fc4a32190810507d66a,0.055,,,
3980,2026-05-19,SH600905,0.1058088269746477,EXP_DEnsembleModel_Alpha158_csi300_custom_step0_s_20260519_15,d50276ee8c5d4fc4a32190810507d66a,0.055,,,
3981,2026-05-19,SH600958,-0.0655508810261639,EXP_DEnsembleModel_Alpha158_csi300_custom_step0_s_20260519_15,d50276ee8c5d4fc4a32190810507d66a,0.055,,,
3982,2026-05-19,SZ300274,0.04202260782381673,EXP_LGBModel_Alpha158_csi300_custom_step0_s_20260519_18,fced4fa636db4af18515b2d55d369804,0.076,,,
3983,2026-05-19,SZ300251,0.025623478244201227,EXP_LGBModel_Alpha158_csi300_custom_step0_s_20260519_18,fced4fa636db4af18515b2d55d369804,0.076,,,
3984,2026-05-19,SZ300124,0.028991093254362596,EXP_LGBModel_Alpha158_csi300_custom_step0_s_20260519_18,fced4fa636db4af18515b2d55d369804,0.076,,,
3985,2026-05-19,SH605117,0.1334879804324653,EXP_LGBModel_Alpha158_csi300_custom_step0_s_20260519_18,fced4fa636db4af18515b2d55d369804,0.076,,,
3986,2026-05-19,SH603993,0.01839345504264975,EXP_LGBModel_Alpha158_csi300_custom_step0_s_20260519_18,fced4fa636db4af18515b2d55d369804,0.076,,,
3987,2026-05-19,SH603986,0.03924689194764993,EXP_LGBModel_Alpha158_csi300_custom_step0_s_20260519_18,fced4fa636db4af18515b2d55d369804,0.076,,,
3988,2026-05-19,SH603893,0.014889891725039489,EXP_LGBModel_Alpha158_csi300_custom_step0_s_20260519_18,fced4fa636db4af18515b2d55d369804,0.076,,,
3989,2026-05-19,SH603799,-0.0008096880132672337,EXP_LGBModel_Alpha158_csi300_custom_step0_s_20260519_18,fced4fa636db4af18515b2d55d369804,0.076,,,
3990,2026-05-19,SH603501,0.017998998945876848,EXP_LGBModel_Alpha158_csi300_custom_step0_s_20260519_18,fced4fa636db4af18515b2d55d369804,0.076,,,
3991,2026-05-19,SH603392,-0.00844711828971284,EXP_LGBModel_Alpha158_csi300_custom_step0_s_20260519_18,fced4fa636db4af18515b2d55d369804,0.076,,,
3992,2026-05-19,SH605499,0.008353203500526495,EXP_LGBModel_Alpha158_csi300_custom_step0_s_20260519_18,fced4fa636db4af18515b2d55d369804,0.076,,,
3993,2026-05-19,SH603369,0.0076790515852605806,EXP_LGBModel_Alpha158_csi300_custom_step0_s_20260519_18,fced4fa636db4af18515b2d55d369804,0.076,,,
3994,2026-05-19,SH603288,-0.005528078164913751,EXP_LGBModel_Alpha158_csi300_custom_step0_s_20260519_18,fced4fa636db4af18515b2d55d369804,0.076,,,
3995,2026-05-19,SH603260,0.005213191931934632,EXP_LGBModel_Alpha158_csi300_custom_step0_s_20260519_18,fced4fa636db4af18515b2d55d369804,0.076,,,
3996,2026-05-19,SH603259,0.0036235206669103675,EXP_LGBModel_Alpha158_csi300_custom_step0_s_20260519_18,fced4fa636db4af18515b2d55d369804,0.076,,,
3997,2026-05-19,SH603195,0.023416418724086906,EXP_LGBModel_Alpha158_csi300_custom_step0_s_20260519_18,fced4fa636db4af18515b2d55d369804,0.076,,,
3998,2026-05-19,SH603019,0.017741124756295867,EXP_LGBModel_Alpha158_csi300_custom_step0_s_20260519_18,fced4fa636db4af18515b2d55d369804,0.076,,,
3999,2026-05-19,SH601998,-0.02013346078599454,EXP_LGBModel_Alpha158_csi300_custom_step0_s_20260519_18,fced4fa636db4af18515b2d55d369804,0.076,,,
4000,2026-05-19,SH601995,0.030554527168794546,EXP_LGBModel_Alpha158_csi300_custom_step0_s_20260519_18,fced4fa636db4af18515b2d55d369804,0.076,,,
4001,2026-05-19,SH603296,0.053697868101484365,EXP_LGBModel_Alpha158_csi300_custom_step0_s_20260519_18,fced4fa636db4af18515b2d55d369804,0.076,,,
4002,2026-05-19,SH601988,-0.00891341657307036,EXP_LGBModel_Alpha158_csi300_custom_step0_s_20260519_18,fced4fa636db4af18515b2d55d369804,0.076,,,
4003,2026-05-19,SH688008,0.0023300711764865723,EXP_LGBModel_Alpha158_csi300_custom_step0_s_20260519_18,fced4fa636db4af18515b2d55d369804,0.076,,,
4004,2026-05-19,SH688012,0.014199078976034663,EXP_LGBModel_Alpha158_csi300_custom_step0_s_20260519_18,fced4fa636db4af18515b2d55d369804,0.076,,,
4005,2026-05-19,SH688981,0.001731948411039759,EXP_LGBModel_Alpha158_csi300_custom_step0_s_20260519_18,fced4fa636db4af18515b2d55d369804,0.076,,,
4006,2026-05-19,SH688506,0.021594018382785782,EXP_LGBModel_Alpha158_csi300_custom_step0_s_20260519_18,fced4fa636db4af18515b2d55d369804,0.076,,,
4007,2026-05-19,SH688472,0.05668535585501863,EXP_LGBModel_Alpha158_csi300_custom_step0_s_20260519_18,fced4fa636db4af18515b2d55d369804,0.076,,,
4008,2026-05-19,SH688396,0.012440557902542018,EXP_LGBModel_Alpha158_csi300_custom_step0_s_20260519_18,fced4fa636db4af18515b2d55d369804,0.076,,,
4009,2026-05-19,SH688303,0.006944740263427589,EXP_LGBModel_Alpha158_csi300_custom_step0_s_20260519_18,fced4fa636db4af18515b2d55d369804,0.076,,,
4010,2026-05-19,SH688271,-0.032214236737700734,EXP_LGBModel_Alpha158_csi300_custom_step0_s_20260519_18,fced4fa636db4af18515b2d55d369804,0.076,,,
4011,2026-05-19,SH688256,0.011897847923110322,EXP_LGBModel_Alpha158_csi300_custom_step0_s_20260519_18,fced4fa636db4af18515b2d55d369804,0.076,,,
4012,2026-05-19,SH688009,-0.015226813509260487,EXP_LGBModel_Alpha158_csi300_custom_step0_s_20260519_18,fced4fa636db4af18515b2d55d369804,0.076,,,
4013,2026-05-19,SH688223,0.0013339513706657371,EXP_LGBModel_Alpha158_csi300_custom_step0_s_20260519_18,fced4fa636db4af18515b2d55d369804,0.076,,,
4014,2026-05-19,SH688169,-0.004562740463208834,EXP_LGBModel_Alpha158_csi300_custom_step0_s_20260519_18,fced4fa636db4af18515b2d55d369804,0.076,,,
4015,2026-05-19,SH688126,0.011257280234691646,EXP_LGBModel_Alpha158_csi300_custom_step0_s_20260519_18,fced4fa636db4af18515b2d55d369804,0.076,,,
4016,2026-05-19,SH688111,0.008909400685382346,EXP_LGBModel_Alpha158_csi300_custom_step0_s_20260519_18,fced4fa636db4af18515b2d55d369804,0.076,,,
4017,2026-05-19,SH688082,0.021417682336080913,EXP_LGBModel_Alpha158_csi300_custom_step0_s_20260519_18,fced4fa636db4af18515b2d55d369804,0.076,,,
4018,2026-05-19,SH688047,0.0011286051945643908,EXP_LGBModel_Alpha158_csi300_custom_step0_s_20260519_18,fced4fa636db4af18515b2d55d369804,0.076,,,
4019,2026-05-19,SH688041,0.0034741973983211123,EXP_LGBModel_Alpha158_csi300_custom_step0_s_20260519_18,fced4fa636db4af18515b2d55d369804,0.076,,,
4020,2026-05-19,SH688036,0.0276935945247603,EXP_LGBModel_Alpha158_csi300_custom_step0_s_20260519_18,fced4fa636db4af18515b2d55d369804,0.076,,,
4021,2026-05-19,SH688187,-0.0078540631033822,EXP_LGBModel_Alpha158_csi300_custom_step0_s_20260519_18,fced4fa636db4af18515b2d55d369804,0.076,,,
4022,2026-05-19,SZ000001,-0.01602817940830325,EXP_LGBModel_Alpha158_csi300_custom_step0_s_20260519_18,fced4fa636db4af18515b2d55d369804,0.076,,,
4023,2026-05-19,SH601985,0.03388513480316127,EXP_LGBModel_Alpha158_csi300_custom_step0_s_20260519_18,fced4fa636db4af18515b2d55d369804,0.076,,,
4024,2026-05-19,SH601919,-0.019863281679092886,EXP_LGBModel_Alpha158_csi300_custom_step0_s_20260519_18,fced4fa636db4af18515b2d55d369804,0.076,,,
4025,2026-05-19,SH601698,0.035081552203570315,EXP_LGBModel_Alpha158_csi300_custom_step0_s_20260519_18,fced4fa636db4af18515b2d55d369804,0.076,,,
4026,2026-05-19,SH601689,0.04357319134093558,EXP_LGBModel_Alpha158_csi300_custom_step0_s_20260519_18,fced4fa636db4af18515b2d55d369804,0.076,,,
4027,2026-05-19,SH601688,-0.0027204577076899075,EXP_LGBModel_Alpha158_csi300_custom_step0_s_20260519_18,fced4fa636db4af18515b2d55d369804,0.076,,,
4028,2026-05-19,SH601669,0.00933769513406102,EXP_LGBModel_Alpha158_csi300_custom_step0_s_20260519_18,fced4fa636db4af18515b2d55d369804,0.076,,,
4029,2026-05-19,SH601668,-0.026788344627863128,EXP_LGBModel_Alpha158_csi300_custom_step0_s_20260519_18,fced4fa636db4af18515b2d55d369804,0.076,,,
4030,2026-05-19,SH601658,-0.030267786394405333,EXP_LGBModel_Alpha158_csi300_custom_step0_s_20260519_18,fced4fa636db4af18515b2d55d369804,0.076,,,
4031,2026-05-19,SH601633,-0.005528078164913751,EXP_LGBModel_Alpha158_csi300_custom_step0_s_20260519_18,fced4fa636db4af18515b2d55d369804,0.076,,,
4032,2026-05-19,SH601728,0.009396891826791813,EXP_LGBModel_Alpha158_csi300_custom_step0_s_20260519_18,fced4fa636db4af18515b2d55d369804,0.076,,,
4033,2026-05-19,SH601628,-0.00869052174884904,EXP_LGBModel_Alpha158_csi300_custom_step0_s_20260519_18,fced4fa636db4af18515b2d55d369804,0.076,,,
4034,2026-05-19,SH601607,-0.001627191859067089,EXP_LGBModel_Alpha158_csi300_custom_step0_s_20260519_18,fced4fa636db4af18515b2d55d369804,0.076,,,
4035,2026-05-19,SH601601,0.004626227146441766,EXP_LGBModel_Alpha158_csi300_custom_step0_s_20260519_18,fced4fa636db4af18515b2d55d369804,0.076,,,
4036,2026-05-19,SH601600,0.006087791993923711,EXP_LGBModel_Alpha158_csi300_custom_step0_s_20260519_18,fced4fa636db4af18515b2d55d369804,0.076,,,
4037,2026-05-19,SH601456,-0.008487665486303385,EXP_LGBModel_Alpha158_csi300_custom_step0_s_20260519_18,fced4fa636db4af18515b2d55d369804,0.076,,,
4038,2026-05-19,SH601398,-0.016251305036089098,EXP_LGBModel_Alpha158_csi300_custom_step0_s_20260519_18,fced4fa636db4af18515b2d55d369804,0.076,,,
4039,2026-05-19,SH601390,-0.0068240840258181334,EXP_LGBModel_Alpha158_csi300_custom_step0_s_20260519_18,fced4fa636db4af18515b2d55d369804,0.076,,,
4040,2026-05-19,SH601377,0.003327887000847251,EXP_LGBModel_Alpha158_csi300_custom_step0_s_20260519_18,fced4fa636db4af18515b2d55d369804,0.076,,,
4041,2026-05-19,SH601618,0.003298352689068482,EXP_LGBModel_Alpha158_csi300_custom_step0_s_20260519_18,fced4fa636db4af18515b2d55d369804,0.076,,,
4042,2026-05-19,SH601939,0.011377561913529972,EXP_LGBModel_Alpha158_csi300_custom_step0_s_20260519_18,fced4fa636db4af18515b2d55d369804,0.076,,,
4043,2026-05-19,SH601766,-0.03840049465488142,EXP_LGBModel_Alpha158_csi300_custom_step0_s_20260519_18,fced4fa636db4af18515b2d55d369804,0.076,,,
4044,2026-05-19,SH601800,-0.02371327281340769,EXP_LGBModel_Alpha158_csi300_custom_step0_s_20260519_18,fced4fa636db4af18515b2d55d369804,0.076,,,
4045,2026-05-19,SH601916,-0.019455066973428147,EXP_LGBModel_Alpha158_csi300_custom_step0_s_20260519_18,fced4fa636db4af18515b2d55d369804,0.076,,,
4046,2026-05-19,SH601901,0.009316424479664243,EXP_LGBModel_Alpha158_csi300_custom_step0_s_20260519_18,fced4fa636db4af18515b2d55d369804,0.076,,,
4047,2026-05-19,SH601899,0.009718120230151292,EXP_LGBModel_Alpha158_csi300_custom_step0_s_20260519_18,fced4fa636db4af18515b2d55d369804,0.076,,,
4048,2026-05-19,SH601898,0.009420840059975552,EXP_LGBModel_Alpha158_csi300_custom_step0_s_20260519_18,fced4fa636db4af18515b2d55d369804,0.076,,,
4049,2026-05-19,SH601888,0.0028601146132217867,EXP_LGBModel_Alpha158_csi300_custom_step0_s_20260519_18,fced4fa636db4af18515b2d55d369804,0.076,,,
4050,2026-05-19,SH601881,-0.011045361383354827,EXP_LGBModel_Alpha158_csi300_custom_step0_s_20260519_18,fced4fa636db4af18515b2d55d369804,0.076,,,
4051,2026-05-19,SH601878,0.007254194467028524,EXP_LGBModel_Alpha158_csi300_custom_step0_s_20260519_18,fced4fa636db4af18515b2d55d369804,0.076,,,
4052,2026-05-19,SH601788,-0.011085319797567885,EXP_LGBModel_Alpha158_csi300_custom_step0_s_20260519_18,fced4fa636db4af18515b2d55d369804,0.076,,,
4053,2026-05-19,SH601877,0.014214555767807627,EXP_LGBModel_Alpha158_csi300_custom_step0_s_20260519_18,fced4fa636db4af18515b2d55d369804,0.076,,,
4054,2026-05-19,SH601868,-0.0037651713004876975,EXP_LGBModel_Alpha158_csi300_custom_step0_s_20260519_18,fced4fa636db4af18515b2d55d369804,0.076,,,
4055,2026-05-19,SH601857,-0.002890547007174545,EXP_LGBModel_Alpha158_csi300_custom_step0_s_20260519_18,fced4fa636db4af18515b2d55d369804,0.076,,,
4056,2026-05-19,SH601838,0.021986209170543985,EXP_LGBModel_Alpha158_csi300_custom_step0_s_20260519_18,fced4fa636db4af18515b2d55d369804,0.076,,,
4057,2026-05-19,SH601825,-0.02304382300384558,EXP_LGBModel_Alpha158_csi300_custom_step0_s_20260519_18,fced4fa636db4af18515b2d55d369804,0.076,,,
4058,2026-05-19,SH601818,-0.012089220155432567,EXP_LGBModel_Alpha158_csi300_custom_step0_s_20260519_18,fced4fa636db4af18515b2d55d369804,0.076,,,
4059,2026-05-19,SH601816,-0.012771005842179474,EXP_LGBModel_Alpha158_csi300_custom_step0_s_20260519_18,fced4fa636db4af18515b2d55d369804,0.076,,,
4060,2026-05-19,SH601808,-0.002098574812479104,EXP_LGBModel_Alpha158_csi300_custom_step0_s_20260519_18,fced4fa636db4af18515b2d55d369804,0.076,,,
4061,2026-05-19,SH601872,0.0023338658327531994,EXP_LGBModel_Alpha158_csi300_custom_step0_s_20260519_18,fced4fa636db4af18515b2d55d369804,0.076,,,
4062,2026-05-19,SH601698,-0.013903566782595028,EXP_DEnsembleModel_Alpha158_csi300_custom_step0_s_20260519_15,d50276ee8c5d4fc4a32190810507d66a,0.055,,,
4063,2026-05-19,SZ000002,-0.020822324408613015,EXP_LGBModel_Alpha158_csi300_custom_step0_s_20260519_18,fced4fa636db4af18515b2d55d369804,0.076,,,
4064,2026-05-19,SZ000100,-0.027794416863938184,EXP_LGBModel_Alpha158_csi300_custom_step0_s_20260519_18,fced4fa636db4af18515b2d55d369804,0.076,,,
4065,2026-05-19,SZ002463,0.02651745281100544,EXP_LGBModel_Alpha158_csi300_custom_step0_s_20260519_18,fced4fa636db4af18515b2d55d369804,0.076,,,
4066,2026-05-19,SZ002460,0.030309127875127184,EXP_LGBModel_Alpha158_csi300_custom_step0_s_20260519_18,fced4fa636db4af18515b2d55d369804,0.076,,,
4067,2026-05-19,SZ002459,0.003965469613641481,EXP_LGBModel_Alpha158_csi300_custom_step0_s_20260519_18,fced4fa636db4af18515b2d55d369804,0.076,,,
4068,2026-05-19,SZ002422,0.014740020463897514,EXP_LGBModel_Alpha158_csi300_custom_step0_s_20260519_18,fced4fa636db4af18515b2d55d369804,0.076,,,
4069,2026-05-19,SZ002415,0.011490408986590272,EXP_LGBModel_Alpha158_csi300_custom_step0_s_20260519_18,fced4fa636db4af18515b2d55d369804,0.076,,,
4070,2026-05-19,SZ002384,-0.0016504154752935323,EXP_LGBModel_Alpha158_csi300_custom_step0_s_20260519_18,fced4fa636db4af18515b2d55d369804,0.076,,,
4071,2026-05-19,SZ002371,0.04956818443567719,EXP_LGBModel_Alpha158_csi300_custom_step0_s_20260519_18,fced4fa636db4af18515b2d55d369804,0.076,,,
4072,2026-05-19,SZ002466,0.06701922096678439,EXP_LGBModel_Alpha158_csi300_custom_step0_s_20260519_18,fced4fa636db4af18515b2d55d369804,0.076,,,
4073,2026-05-19,SZ002352,-0.026958988339667374,EXP_LGBModel_Alpha158_csi300_custom_step0_s_20260519_18,fced4fa636db4af18515b2d55d369804,0.076,,,
4074,2026-05-19,SZ002304,-0.0169050413663356,EXP_LGBModel_Alpha158_csi300_custom_step0_s_20260519_18,fced4fa636db4af18515b2d55d369804,0.076,,,
4075,2026-05-19,SZ002252,-0.023906896541368516,EXP_LGBModel_Alpha158_csi300_custom_step0_s_20260519_18,fced4fa636db4af18515b2d55d369804,0.076,,,
4076,2026-05-19,SZ002241,0.02900798967009743,EXP_LGBModel_Alpha158_csi300_custom_step0_s_20260519_18,fced4fa636db4af18515b2d55d369804,0.076,,,
4077,2026-05-19,SZ002236,0.0204661090433575,EXP_LGBModel_Alpha158_csi300_custom_step0_s_20260519_18,fced4fa636db4af18515b2d55d369804,0.076,,,
4078,2026-05-19,SZ002230,0.03055948152485446,EXP_LGBModel_Alpha158_csi300_custom_step0_s_20260519_18,fced4fa636db4af18515b2d55d369804,0.076,,,
4079,2026-05-19,SZ002179,0.0017690061485730359,EXP_LGBModel_Alpha158_csi300_custom_step0_s_20260519_18,fced4fa636db4af18515b2d55d369804,0.076,,,
4080,2026-05-19,SZ002142,0.018894061053853235,EXP_LGBModel_Alpha158_csi300_custom_step0_s_20260519_18,fced4fa636db4af18515b2d55d369804,0.076,,,
4081,2026-05-19,SZ002311,-0.012102043248725856,EXP_LGBModel_Alpha158_csi300_custom_step0_s_20260519_18,fced4fa636db4af18515b2d55d369804,0.076,,,
4082,2026-05-19,SZ002074,-0.007617493245037814,EXP_LGBModel_Alpha158_csi300_custom_step0_s_20260519_18,fced4fa636db4af18515b2d55d369804,0.076,,,
4083,2026-05-19,SZ002475,0.03734420958541414,EXP_LGBModel_Alpha158_csi300_custom_step0_s_20260519_18,fced4fa636db4af18515b2d55d369804,0.076,,,
4084,2026-05-19,SZ002594,0.013460669804156715,EXP_LGBModel_Alpha158_csi300_custom_step0_s_20260519_18,fced4fa636db4af18515b2d55d369804,0.076,,,
4085,2026-05-19,SZ300122,-0.01231377412689677,EXP_LGBModel_Alpha158_csi300_custom_step0_s_20260519_18,fced4fa636db4af18515b2d55d369804,0.076,,,
4086,2026-05-19,SZ300059,0.0008317340403656895,EXP_LGBModel_Alpha158_csi300_custom_step0_s_20260519_18,fced4fa636db4af18515b2d55d369804,0.076,,,
4087,2026-05-19,SZ300033,0.005898524726526886,EXP_LGBModel_Alpha158_csi300_custom_step0_s_20260519_18,fced4fa636db4af18515b2d55d369804,0.076,,,
4088,2026-05-19,SZ300015,0.00047229361645983846,EXP_LGBModel_Alpha158_csi300_custom_step0_s_20260519_18,fced4fa636db4af18515b2d55d369804,0.076,,,
4089,2026-05-19,SZ300014,0.01236961826260691,EXP_LGBModel_Alpha158_csi300_custom_step0_s_20260519_18,fced4fa636db4af18515b2d55d369804,0.076,,,
4090,2026-05-19,SZ003816,0.023461655669468524,EXP_LGBModel_Alpha158_csi300_custom_step0_s_20260519_18,fced4fa636db4af18515b2d55d369804,0.076,,,
4091,2026-05-19,SZ002938,0.030599625807641216,EXP_LGBModel_Alpha158_csi300_custom_step0_s_20260519_18,fced4fa636db4af18515b2d55d369804,0.076,,,
4092,2026-05-19,SZ002493,0.016949096298027353,EXP_LGBModel_Alpha158_csi300_custom_step0_s_20260519_18,fced4fa636db4af18515b2d55d369804,0.076,,,
4093,2026-05-19,SZ002920,-0.030434504139777257,EXP_LGBModel_Alpha158_csi300_custom_step0_s_20260519_18,fced4fa636db4af18515b2d55d369804,0.076,,,
4094,2026-05-19,SZ002736,-0.0068825198858136465,EXP_LGBModel_Alpha158_csi300_custom_step0_s_20260519_18,fced4fa636db4af18515b2d55d369804,0.076,,,
4095,2026-05-19,SZ002714,0.008497303711884188,EXP_LGBModel_Alpha158_csi300_custom_step0_s_20260519_18,fced4fa636db4af18515b2d55d369804,0.076,,,
4096,2026-05-19,SZ002709,0.1024472335250347,EXP_LGBModel_Alpha158_csi300_custom_step0_s_20260519_18,fced4fa636db4af18515b2d55d369804,0.076,,,
4097,2026-05-19,SZ002648,-0.011379458241895055,EXP_LGBModel_Alpha158_csi300_custom_step0_s_20260519_18,fced4fa636db4af18515b2d55d369804,0.076,,,
4098,2026-05-19,SZ002625,0.014315870284428982,EXP_LGBModel_Alpha158_csi300_custom_step0_s_20260519_18,fced4fa636db4af18515b2d55d369804,0.076,,,
4099,2026-05-19,SZ002601,-0.013290013409528664,EXP_LGBModel_Alpha158_csi300_custom_step0_s_20260519_18,fced4fa636db4af18515b2d55d369804,0.076,,,
4100,2026-05-19,SZ002600,-0.0019007948763759366,EXP_LGBModel_Alpha158_csi300_custom_step0_s_20260519_18,fced4fa636db4af18515b2d55d369804,0.076,,,
4101,2026-05-19,SZ002916,0.002439483299091494,EXP_LGBModel_Alpha158_csi300_custom_step0_s_20260519_18,fced4fa636db4af18515b2d55d369804,0.076,,,
4102,2026-05-19,SZ000063,0.030951929696918786,EXP_LGBModel_Alpha158_csi300_custom_step0_s_20260519_18,fced4fa636db4af18515b2d55d369804,0.076,,,
4103,2026-05-19,SZ002050,-0.000874688054389507,EXP_LGBModel_Alpha158_csi300_custom_step0_s_20260519_18,fced4fa636db4af18515b2d55d369804,0.076,,,
4104,2026-05-19,SZ002028,0.001122484571672432,EXP_LGBModel_Alpha158_csi300_custom_step0_s_20260519_18,fced4fa636db4af18515b2d55d369804,0.076,,,
4105,2026-05-19,SZ000708,-0.002966974224509787,EXP_LGBModel_Alpha158_csi300_custom_step0_s_20260519_18,fced4fa636db4af18515b2d55d369804,0.076,,,
4106,2026-05-19,SZ000661,-0.007360922946157156,EXP_LGBModel_Alpha158_csi300_custom_step0_s_20260519_18,fced4fa636db4af18515b2d55d369804,0.076,,,
4107,2026-05-19,SZ000651,0.004058848184440259,EXP_LGBModel_Alpha158_csi300_custom_step0_s_20260519_18,fced4fa636db4af18515b2d55d369804,0.076,,,
4108,2026-05-19,SZ000630,0.005735721239016245,EXP_LGBModel_Alpha158_csi300_custom_step0_s_20260519_18,fced4fa636db4af18515b2d55d369804,0.076,,,
4109,2026-05-19,SZ000625,0.005880323809801621,EXP_LGBModel_Alpha158_csi300_custom_step0_s_20260519_18,fced4fa636db4af18515b2d55d369804,0.076,,,
4110,2026-05-19,SZ000617,0.0028018216572158893,EXP_LGBModel_Alpha158_csi300_custom_step0_s_20260519_18,fced4fa636db4af18515b2d55d369804,0.076,,,
4111,2026-05-19,SZ000596,0.0007129000298308507,EXP_LGBModel_Alpha158_csi300_custom_step0_s_20260519_18,fced4fa636db4af18515b2d55d369804,0.076,,,
4112,2026-05-19,SZ000725,0.026077721548553052,EXP_LGBModel_Alpha158_csi300_custom_step0_s_20260519_18,fced4fa636db4af18515b2d55d369804,0.076,,,
4113,2026-05-19,SZ000568,-0.0029940560212589956,EXP_LGBModel_Alpha158_csi300_custom_step0_s_20260519_18,fced4fa636db4af18515b2d55d369804,0.076,,,
4114,2026-05-19,SZ000425,-0.017954212912246158,EXP_LGBModel_Alpha158_csi300_custom_step0_s_20260519_18,fced4fa636db4af18515b2d55d369804,0.076,,,
4115,2026-05-19,SZ000408,0.011709263491405709,EXP_LGBModel_Alpha158_csi300_custom_step0_s_20260519_18,fced4fa636db4af18515b2d55d369804,0.076,,,
4116,2026-05-19,SZ000338,0.09111341098696177,EXP_LGBModel_Alpha158_csi300_custom_step0_s_20260519_18,fced4fa636db4af18515b2d55d369804,0.076,,,
4117,2026-05-19,SZ000333,0.01758727501057957,EXP_LGBModel_Alpha158_csi300_custom_step0_s_20260519_18,fced4fa636db4af18515b2d55d369804,0.076,,,
4118,2026-05-19,SZ000301,0.0436425085684145,EXP_LGBModel_Alpha158_csi300_custom_step0_s_20260519_18,fced4fa636db4af18515b2d55d369804,0.076,,,
4119,2026-05-19,SZ000166,-0.012876278321749155,EXP_LGBModel_Alpha158_csi300_custom_step0_s_20260519_18,fced4fa636db4af18515b2d55d369804,0.076,,,
4120,2026-05-19,SZ000157,-0.0007890603680865951,EXP_LGBModel_Alpha158_csi300_custom_step0_s_20260519_18,fced4fa636db4af18515b2d55d369804,0.076,,,
4121,2026-05-19,SZ000538,-0.020640930095245452,EXP_LGBModel_Alpha158_csi300_custom_step0_s_20260519_18,fced4fa636db4af18515b2d55d369804,0.076,,,
4122,2026-05-19,SZ002049,0.014534447662781499,EXP_LGBModel_Alpha158_csi300_custom_step0_s_20260519_18,fced4fa636db4af18515b2d55d369804,0.076,,,
4123,2026-05-19,SZ000768,-0.007919931985978866,EXP_LGBModel_Alpha158_csi300_custom_step0_s_20260519_18,fced4fa636db4af18515b2d55d369804,0.076,,,
4124,2026-05-19,SZ000786,-0.004426299710962042,EXP_LGBModel_Alpha158_csi300_custom_step0_s_20260519_18,fced4fa636db4af18515b2d55d369804,0.076,,,
4125,2026-05-19,SZ002027,-0.010139895486374683,EXP_LGBModel_Alpha158_csi300_custom_step0_s_20260519_18,fced4fa636db4af18515b2d55d369804,0.076,,,
4126,2026-05-19,SZ002001,0.02032194916753348,EXP_LGBModel_Alpha158_csi300_custom_step0_s_20260519_18,fced4fa636db4af18515b2d55d369804,0.076,,,
4127,2026-05-19,SZ001979,0.032372331923216056,EXP_LGBModel_Alpha158_csi300_custom_step0_s_20260519_18,fced4fa636db4af18515b2d55d369804,0.076,,,
4128,2026-05-19,SZ001965,0.02309366455362503,EXP_LGBModel_Alpha158_csi300_custom_step0_s_20260519_18,fced4fa636db4af18515b2d55d369804,0.076,,,
4129,2026-05-19,SZ001391,-0.005621711891823664,EXP_LGBModel_Alpha158_csi300_custom_step0_s_20260519_18,fced4fa636db4af18515b2d55d369804,0.076,,,
4130,2026-05-19,SZ000999,-0.008076313373468704,EXP_LGBModel_Alpha158_csi300_custom_step0_s_20260519_18,fced4fa636db4af18515b2d55d369804,0.076,,,
4131,2026-05-19,SZ000983,0.014520918537531614,EXP_LGBModel_Alpha158_csi300_custom_step0_s_20260519_18,fced4fa636db4af18515b2d55d369804,0.076,,,
4132,2026-05-19,SZ000776,0.008324365567451229,EXP_LGBModel_Alpha158_csi300_custom_step0_s_20260519_18,fced4fa636db4af18515b2d55d369804,0.076,,,
4133,2026-05-19,SZ000977,-0.0007919621266373501,EXP_LGBModel_Alpha158_csi300_custom_step0_s_20260519_18,fced4fa636db4af18515b2d55d369804,0.076,,,
4134,2026-05-19,SZ000963,0.0014283066124117507,EXP_LGBModel_Alpha158_csi300_custom_step0_s_20260519_18,fced4fa636db4af18515b2d55d369804,0.076,,,
4135,2026-05-19,SZ000938,0.006819530157612184,EXP_LGBModel_Alpha158_csi300_custom_step0_s_20260519_18,fced4fa636db4af18515b2d55d369804,0.076,,,
4136,2026-05-19,SZ000895,-0.030594681791839107,EXP_LGBModel_Alpha158_csi300_custom_step0_s_20260519_18,fced4fa636db4af18515b2d55d369804,0.076,,,
4137,2026-05-19,SZ000876,-0.02296018656548747,EXP_LGBModel_Alpha158_csi300_custom_step0_s_20260519_18,fced4fa636db4af18515b2d55d369804,0.076,,,
4138,2026-05-19,SZ000858,0.005142660761177375,EXP_LGBModel_Alpha158_csi300_custom_step0_s_20260519_18,fced4fa636db4af18515b2d55d369804,0.076,,,
4139,2026-05-19,SZ000807,0.0008127316079980709,EXP_LGBModel_Alpha158_csi300_custom_step0_s_20260519_18,fced4fa636db4af18515b2d55d369804,0.076,,,
4140,2026-05-19,SZ000792,0.015600776955381788,EXP_LGBModel_Alpha158_csi300_custom_step0_s_20260519_18,fced4fa636db4af18515b2d55d369804,0.076,,,
4141,2026-05-19,SZ000975,0.015847557979436763,EXP_LGBModel_Alpha158_csi300_custom_step0_s_20260519_18,fced4fa636db4af18515b2d55d369804,0.076,,,
4142,2026-05-19,SH601360,0.015204734724445876,EXP_LGBModel_Alpha158_csi300_custom_step0_s_20260519_18,fced4fa636db4af18515b2d55d369804,0.076,,,
4143,2026-05-19,SH601728,0.060654763394457335,EXP_DEnsembleModel_Alpha158_csi300_custom_step0_s_20260519_15,d50276ee8c5d4fc4a32190810507d66a,0.055,,,
4144,2026-05-19,SH601788,-0.07848789634315148,EXP_DEnsembleModel_Alpha158_csi300_custom_step0_s_20260519_15,d50276ee8c5d4fc4a32190810507d66a,0.055,,,
4145,2026-05-19,SH600460,-0.1479547499050034,EXP_DEnsembleModel_Alpha158_csi300_custom_step0_s_20260519_15,18c81d93d60d41c1947c51e56e96210e,0.056,,,
4146,2026-05-19,SH600438,-0.06039076687744346,EXP_DEnsembleModel_Alpha158_csi300_custom_step0_s_20260519_15,18c81d93d60d41c1947c51e56e96210e,0.056,,,
4147,2026-05-19,SH600436,-0.026372464863157398,EXP_DEnsembleModel_Alpha158_csi300_custom_step0_s_20260519_15,18c81d93d60d41c1947c51e56e96210e,0.056,,,
4148,2026-05-19,SH600426,-0.09915152247115717,EXP_DEnsembleModel_Alpha158_csi300_custom_step0_s_20260519_15,18c81d93d60d41c1947c51e56e96210e,0.056,,,
4149,2026-05-19,SH600415,-0.07455082716131191,EXP_DEnsembleModel_Alpha158_csi300_custom_step0_s_20260519_15,18c81d93d60d41c1947c51e56e96210e,0.056,,,
4150,2026-05-19,SH600406,-0.05336385921395381,EXP_DEnsembleModel_Alpha158_csi300_custom_step0_s_20260519_15,18c81d93d60d41c1947c51e56e96210e,0.056,,,
4151,2026-05-19,SH600377,0.04531846974743022,EXP_DEnsembleModel_Alpha158_csi300_custom_step0_s_20260519_15,18c81d93d60d41c1947c51e56e96210e,0.056,,,
4152,2026-05-19,SH600372,0.030709420541308298,EXP_DEnsembleModel_Alpha158_csi300_custom_step0_s_20260519_15,18c81d93d60d41c1947c51e56e96210e,0.056,,,
4153,2026-05-19,SH600362,-0.04805143076383866,EXP_DEnsembleModel_Alpha158_csi300_custom_step0_s_20260519_15,18c81d93d60d41c1947c51e56e96210e,0.056,,,
4154,2026-05-19,SH600346,-0.07793638029035209,EXP_DEnsembleModel_Alpha158_csi300_custom_step0_s_20260519_15,18c81d93d60d41c1947c51e56e96210e,0.056,,,
4155,2026-05-19,SH600309,0.07853389181923864,EXP_DEnsembleModel_Alpha158_csi300_custom_step0_s_20260519_15,18c81d93d60d41c1947c51e56e96210e,0.056,,,
4156,2026-05-19,SH600276,-0.04573818098239413,EXP_DEnsembleModel_Alpha158_csi300_custom_step0_s_20260519_15,18c81d93d60d41c1947c51e56e96210e,0.056,,,
4157,2026-05-19,SH600233,-0.033935876067745854,EXP_DEnsembleModel_Alpha158_csi300_custom_step0_s_20260519_15,18c81d93d60d41c1947c51e56e96210e,0.056,,,
4158,2026-05-19,SH600219,0.04908606170422002,EXP_DEnsembleModel_Alpha158_csi300_custom_step0_s_20260519_15,18c81d93d60d41c1947c51e56e96210e,0.056,,,
4159,2026-05-19,SH600196,-0.05354147638401697,EXP_DEnsembleModel_Alpha158_csi300_custom_step0_s_20260519_15,18c81d93d60d41c1947c51e56e96210e,0.056,,,
4160,2026-05-19,SH600482,-0.027431330722103155,EXP_DEnsembleModel_Alpha158_csi300_custom_step0_s_20260519_15,18c81d93d60d41c1947c51e56e96210e,0.056,,,
4161,2026-05-19,SH600489,0.058582450473050905,EXP_DEnsembleModel_Alpha158_csi300_custom_step0_s_20260519_15,18c81d93d60d41c1947c51e56e96210e,0.056,,,
4162,2026-05-19,SH600515,-0.0776198330381791,EXP_DEnsembleModel_Alpha158_csi300_custom_step0_s_20260519_15,18c81d93d60d41c1947c51e56e96210e,0.056,,,
4163,2026-05-19,SH600519,0.013917232915243298,EXP_DEnsembleModel_Alpha158_csi300_custom_step0_s_20260519_15,18c81d93d60d41c1947c51e56e96210e,0.056,,,
4164,2026-05-19,SH600845,-0.000264270648037566,EXP_DEnsembleModel_Alpha158_csi300_custom_step0_s_20260519_15,18c81d93d60d41c1947c51e56e96210e,0.056,,,
4165,2026-05-19,SH600809,-0.10158595922376178,EXP_DEnsembleModel_Alpha158_csi300_custom_step0_s_20260519_15,18c81d93d60d41c1947c51e56e96210e,0.056,,,
4166,2026-05-19,SH600803,0.06610141702107379,EXP_DEnsembleModel_Alpha158_csi300_custom_step0_s_20260519_15,18c81d93d60d41c1947c51e56e96210e,0.056,,,
4167,2026-05-19,SH600795,0.055639043069297935,EXP_DEnsembleModel_Alpha158_csi300_custom_step0_s_20260519_15,18c81d93d60d41c1947c51e56e96210e,0.056,,,
4168,2026-05-19,SH600760,-0.11781139266982375,EXP_DEnsembleModel_Alpha158_csi300_custom_step0_s_20260519_15,18c81d93d60d41c1947c51e56e96210e,0.056,,,
4169,2026-05-19,SH600741,0.002033284605602486,EXP_DEnsembleModel_Alpha158_csi300_custom_step0_s_20260519_15,18c81d93d60d41c1947c51e56e96210e,0.056,,,
4170,2026-05-19,SH600690,0.12029310789410123,EXP_DEnsembleModel_Alpha158_csi300_custom_step0_s_20260519_15,18c81d93d60d41c1947c51e56e96210e,0.056,,,
4171,2026-05-19,SH600188,-0.10572676579894445,EXP_DEnsembleModel_Alpha158_csi300_custom_step0_s_20260519_15,18c81d93d60d41c1947c51e56e96210e,0.056,,,
4172,2026-05-19,SH600674,0.043581154983882486,EXP_DEnsembleModel_Alpha158_csi300_custom_step0_s_20260519_15,18c81d93d60d41c1947c51e56e96210e,0.056,,,
4173,2026-05-19,SH600600,0.04943963005367625,EXP_DEnsembleModel_Alpha158_csi300_custom_step0_s_20260519_15,18c81d93d60d41c1947c51e56e96210e,0.056,,,
4174,2026-05-19,SH600588,-0.09530287803699453,EXP_DEnsembleModel_Alpha158_csi300_custom_step0_s_20260519_15,18c81d93d60d41c1947c51e56e96210e,0.056,,,
4175,2026-05-19,SH600585,-0.05311265544118883,EXP_DEnsembleModel_Alpha158_csi300_custom_step0_s_20260519_15,18c81d93d60d41c1947c51e56e96210e,0.056,,,
4176,2026-05-19,SH600584,-0.15571104826545046,EXP_DEnsembleModel_Alpha158_csi300_custom_step0_s_20260519_15,18c81d93d60d41c1947c51e56e96210e,0.056,,,
4177,2026-05-19,SH600570,-0.11629475674459479,EXP_DEnsembleModel_Alpha158_csi300_custom_step0_s_20260519_15,18c81d93d60d41c1947c51e56e96210e,0.056,,,
4178,2026-05-19,SH600547,0.0850605999890216,EXP_DEnsembleModel_Alpha158_csi300_custom_step0_s_20260519_15,18c81d93d60d41c1947c51e56e96210e,0.056,,,
4179,2026-05-19,SH600522,0.0061569077222839415,EXP_DEnsembleModel_Alpha158_csi300_custom_step0_s_20260519_15,18c81d93d60d41c1947c51e56e96210e,0.056,,,
4180,2026-05-19,SH600660,-0.0012478104681149312,EXP_DEnsembleModel_Alpha158_csi300_custom_step0_s_20260519_15,18c81d93d60d41c1947c51e56e96210e,0.056,,,
4181,2026-05-19,SH600183,-0.2441804787410817,EXP_DEnsembleModel_Alpha158_csi300_custom_step0_s_20260519_15,18c81d93d60d41c1947c51e56e96210e,0.056,,,
4182,2026-05-19,SH600176,0.04941579956395934,EXP_DEnsembleModel_Alpha158_csi300_custom_step0_s_20260519_15,18c81d93d60d41c1947c51e56e96210e,0.056,,,
4183,2026-05-19,SH600161,-0.015799172366764553,EXP_DEnsembleModel_Alpha158_csi300_custom_step0_s_20260519_15,18c81d93d60d41c1947c51e56e96210e,0.056,,,
4184,2026-05-19,SH600023,0.11061733148858831,EXP_DEnsembleModel_Alpha158_csi300_custom_step0_s_20260519_15,18c81d93d60d41c1947c51e56e96210e,0.056,,,
4185,2026-05-19,SH600019,0.008296641936002956,EXP_DEnsembleModel_Alpha158_csi300_custom_step0_s_20260519_15,18c81d93d60d41c1947c51e56e96210e,0.056,,,
4186,2026-05-19,SH600018,0.13936752757375095,EXP_DEnsembleModel_Alpha158_csi300_custom_step0_s_20260519_15,18c81d93d60d41c1947c51e56e96210e,0.056,,,
4187,2026-05-19,SH600016,0.04967345544692511,EXP_DEnsembleModel_Alpha158_csi300_custom_step0_s_20260519_15,18c81d93d60d41c1947c51e56e96210e,0.056,,,
4188,2026-05-19,SH600015,0.05417525852296084,EXP_DEnsembleModel_Alpha158_csi300_custom_step0_s_20260519_15,18c81d93d60d41c1947c51e56e96210e,0.056,,,
4189,2026-05-19,SH600011,0.10860365164480228,EXP_DEnsembleModel_Alpha158_csi300_custom_step0_s_20260519_15,18c81d93d60d41c1947c51e56e96210e,0.056,,,
4190,2026-05-19,SH600010,-0.09022627209127429,EXP_DEnsembleModel_Alpha158_csi300_custom_step0_s_20260519_15,18c81d93d60d41c1947c51e56e96210e,0.056,,,
4191,2026-05-19,SH600025,0.027338024295071824,EXP_DEnsembleModel_Alpha158_csi300_custom_step0_s_20260519_15,18c81d93d60d41c1947c51e56e96210e,0.056,,,
4192,2026-05-19,SH600009,-0.015605988644678274,EXP_DEnsembleModel_Alpha158_csi300_custom_step0_s_20260519_15,18c81d93d60d41c1947c51e56e96210e,0.056,,,
4193,2026-05-19,SZ302132,-0.08396186229161115,EXP_DEnsembleModel_Alpha158_csi300_custom_step0_s_20260519_15,d50276ee8c5d4fc4a32190810507d66a,0.055,,,
4194,2026-05-19,SZ301269,-0.06415575175440753,EXP_DEnsembleModel_Alpha158_csi300_custom_step0_s_20260519_15,d50276ee8c5d4fc4a32190810507d66a,0.055,,,
4195,2026-05-19,SZ301236,-0.08053323451848565,EXP_DEnsembleModel_Alpha158_csi300_custom_step0_s_20260519_15,d50276ee8c5d4fc4a32190810507d66a,0.055,,,
4196,2026-05-19,SZ300999,-0.018125735694660926,EXP_DEnsembleModel_Alpha158_csi300_custom_step0_s_20260519_15,d50276ee8c5d4fc4a32190810507d66a,0.055,,,
4197,2026-05-19,SZ300979,0.03459580323954574,EXP_DEnsembleModel_Alpha158_csi300_custom_step0_s_20260519_15,d50276ee8c5d4fc4a32190810507d66a,0.055,,,
4198,2026-05-19,SZ300896,-0.06067699598854414,EXP_DEnsembleModel_Alpha158_csi300_custom_step0_s_20260519_15,d50276ee8c5d4fc4a32190810507d66a,0.055,,,
4199,2026-05-19,SZ300866,0.06747737424407127,EXP_DEnsembleModel_Alpha158_csi300_custom_step0_s_20260519_15,d50276ee8c5d4fc4a32190810507d66a,0.055,,,
4200,2026-05-19,SH600000,-0.018671238479068927,EXP_DEnsembleModel_Alpha158_csi300_custom_step0_s_20260519_15,18c81d93d60d41c1947c51e56e96210e,0.056,,,
4201,2026-05-19,SH600875,-0.011706990353868667,EXP_DEnsembleModel_Alpha158_csi300_custom_step0_s_20260519_15,18c81d93d60d41c1947c51e56e96210e,0.056,,,
4202,2026-05-19,SH600026,-0.07526602368515378,EXP_DEnsembleModel_Alpha158_csi300_custom_step0_s_20260519_15,18c81d93d60d41c1947c51e56e96210e,0.056,,,
4203,2026-05-19,SH600028,-0.006793511622001526,EXP_DEnsembleModel_Alpha158_csi300_custom_step0_s_20260519_15,18c81d93d60d41c1947c51e56e96210e,0.056,,,
4204,2026-05-19,SH600160,-0.009824947296851209,EXP_DEnsembleModel_Alpha158_csi300_custom_step0_s_20260519_15,18c81d93d60d41c1947c51e56e96210e,0.056,,,
4205,2026-05-19,SH600150,0.06301412258064137,EXP_DEnsembleModel_Alpha158_csi300_custom_step0_s_20260519_15,18c81d93d60d41c1947c51e56e96210e,0.056,,,
4206,2026-05-19,SH600115,-0.16078861857015617,EXP_DEnsembleModel_Alpha158_csi300_custom_step0_s_20260519_15,18c81d93d60d41c1947c51e56e96210e,0.056,,,
4207,2026-05-19,SH600111,0.021732180639418106,EXP_DEnsembleModel_Alpha158_csi300_custom_step0_s_20260519_15,18c81d93d60d41c1947c51e56e96210e,0.056,,,
4208,2026-05-19,SH600104,0.026846884531258847,EXP_DEnsembleModel_Alpha158_csi300_custom_step0_s_20260519_15,18c81d93d60d41c1947c51e56e96210e,0.056,,,
4209,2026-05-19,SH600089,-0.07362664758565612,EXP_DEnsembleModel_Alpha158_csi300_custom_step0_s_20260519_15,18c81d93d60d41c1947c51e56e96210e,0.056,,,
4210,2026-05-19,SH600085,0.010326620038581865,EXP_DEnsembleModel_Alpha158_csi300_custom_step0_s_20260519_15,18c81d93d60d41c1947c51e56e96210e,0.056,,,
4211,2026-05-19,SH600027,0.09857463062945494,EXP_DEnsembleModel_Alpha158_csi300_custom_step0_s_20260519_15,18c81d93d60d41c1947c51e56e96210e,0.056,,,
4212,2026-05-19,SH600066,-0.03622383079296685,EXP_DEnsembleModel_Alpha158_csi300_custom_step0_s_20260519_15,18c81d93d60d41c1947c51e56e96210e,0.056,,,
4213,2026-05-19,SH600050,0.024452995098017478,EXP_DEnsembleModel_Alpha158_csi300_custom_step0_s_20260519_15,18c81d93d60d41c1947c51e56e96210e,0.056,,,
4214,2026-05-19,SH600048,-0.1657705022475918,EXP_DEnsembleModel_Alpha158_csi300_custom_step0_s_20260519_15,18c81d93d60d41c1947c51e56e96210e,0.056,,,
4215,2026-05-19,SH600039,0.10712655227740654,EXP_DEnsembleModel_Alpha158_csi300_custom_step0_s_20260519_15,18c81d93d60d41c1947c51e56e96210e,0.056,,,
4216,2026-05-19,SH600036,0.04462041948872641,EXP_DEnsembleModel_Alpha158_csi300_custom_step0_s_20260519_15,18c81d93d60d41c1947c51e56e96210e,0.056,,,
4217,2026-05-19,SH600031,-0.07820450042996398,EXP_DEnsembleModel_Alpha158_csi300_custom_step0_s_20260519_15,18c81d93d60d41c1947c51e56e96210e,0.056,,,
4218,2026-05-19,SH600030,-0.1000145425670043,EXP_DEnsembleModel_Alpha158_csi300_custom_step0_s_20260519_15,18c81d93d60d41c1947c51e56e96210e,0.056,,,
4219,2026-05-19,SH600029,-0.09453736437884887,EXP_DEnsembleModel_Alpha158_csi300_custom_step0_s_20260519_15,18c81d93d60d41c1947c51e56e96210e,0.056,,,
4220,2026-05-19,SH600061,-0.07866848185522225,EXP_DEnsembleModel_Alpha158_csi300_custom_step0_s_20260519_15,18c81d93d60d41c1947c51e56e96210e,0.056,,,
4221,2026-05-19,SH600886,-0.0005710405633801682,EXP_DEnsembleModel_Alpha158_csi300_custom_step0_s_20260519_15,18c81d93d60d41c1947c51e56e96210e,0.056,,,
4222,2026-05-19,SH600887,0.06993421102872914,EXP_DEnsembleModel_Alpha158_csi300_custom_step0_s_20260519_15,18c81d93d60d41c1947c51e56e96210e,0.056,,,
4223,2026-05-19,SH600893,-0.02868722600219271,EXP_DEnsembleModel_Alpha158_csi300_custom_step0_s_20260519_15,18c81d93d60d41c1947c51e56e96210e,0.056,,,
4224,2026-05-19,SH601688,-0.15667940693095908,EXP_DEnsembleModel_Alpha158_csi300_custom_step0_s_20260519_15,18c81d93d60d41c1947c51e56e96210e,0.056,,,
4225,2026-05-19,SH601669,-0.01363532624608409,EXP_DEnsembleModel_Alpha158_csi300_custom_step0_s_20260519_15,18c81d93d60d41c1947c51e56e96210e,0.056,,,
4226,2026-05-19,SH601668,0.11812925334731111,EXP_DEnsembleModel_Alpha158_csi300_custom_step0_s_20260519_15,18c81d93d60d41c1947c51e56e96210e,0.056,,,
4227,2026-05-19,SH601658,0.06409386211327174,EXP_DEnsembleModel_Alpha158_csi300_custom_step0_s_20260519_15,18c81d93d60d41c1947c51e56e96210e,0.056,,,
4228,2026-05-19,SH601633,-0.023805257531000962,EXP_DEnsembleModel_Alpha158_csi300_custom_step0_s_20260519_15,18c81d93d60d41c1947c51e56e96210e,0.056,,,
4229,2026-05-19,SH601628,-0.04593948246530355,EXP_DEnsembleModel_Alpha158_csi300_custom_step0_s_20260519_15,18c81d93d60d41c1947c51e56e96210e,0.056,,,
4230,2026-05-19,SH601618,0.03743939935716172,EXP_DEnsembleModel_Alpha158_csi300_custom_step0_s_20260519_15,18c81d93d60d41c1947c51e56e96210e,0.056,,,
4231,2026-05-19,SH601689,-0.10936173739362792,EXP_DEnsembleModel_Alpha158_csi300_custom_step0_s_20260519_15,18c81d93d60d41c1947c51e56e96210e,0.056,,,
4232,2026-05-19,SH601607,0.05812109960773293,EXP_DEnsembleModel_Alpha158_csi300_custom_step0_s_20260519_15,18c81d93d60d41c1947c51e56e96210e,0.056,,,
4233,2026-05-19,SH601600,-0.03595398176147485,EXP_DEnsembleModel_Alpha158_csi300_custom_step0_s_20260519_15,18c81d93d60d41c1947c51e56e96210e,0.056,,,
4234,2026-05-19,SH601456,0.01873839105970794,EXP_DEnsembleModel_Alpha158_csi300_custom_step0_s_20260519_15,18c81d93d60d41c1947c51e56e96210e,0.056,,,
4235,2026-05-19,SH601398,0.13714867476166315,EXP_DEnsembleModel_Alpha158_csi300_custom_step0_s_20260519_15,18c81d93d60d41c1947c51e56e96210e,0.056,,,
4236,2026-05-19,SH601390,0.016253881878561156,EXP_DEnsembleModel_Alpha158_csi300_custom_step0_s_20260519_15,18c81d93d60d41c1947c51e56e96210e,0.056,,,
4237,2026-05-19,SH601377,-0.018047399496812916,EXP_DEnsembleModel_Alpha158_csi300_custom_step0_s_20260519_15,18c81d93d60d41c1947c51e56e96210e,0.056,,,
4238,2026-05-19,SH601360,-0.1442512314526435,EXP_DEnsembleModel_Alpha158_csi300_custom_step0_s_20260519_15,18c81d93d60d41c1947c51e56e96210e,0.056,,,
4239,2026-05-19,SH601336,-0.10198332328594235,EXP_DEnsembleModel_Alpha158_csi300_custom_step0_s_20260519_15,18c81d93d60d41c1947c51e56e96210e,0.056,,,
4240,2026-05-19,SH601601,-0.03904826963557075,EXP_DEnsembleModel_Alpha158_csi300_custom_step0_s_20260519_15,18c81d93d60d41c1947c51e56e96210e,0.056,,,
4241,2026-05-19,SH601328,0.12555949808577596,EXP_DEnsembleModel_Alpha158_csi300_custom_step0_s_20260519_15,18c81d93d60d41c1947c51e56e96210e,0.056,,,
4242,2026-05-19,SH601698,-0.008514704325943548,EXP_DEnsembleModel_Alpha158_csi300_custom_step0_s_20260519_15,18c81d93d60d41c1947c51e56e96210e,0.056,,,
4243,2026-05-19,SH601766,0.056154906981824265,EXP_DEnsembleModel_Alpha158_csi300_custom_step0_s_20260519_15,18c81d93d60d41c1947c51e56e96210e,0.056,,,
4244,2026-05-19,SH601899,0.030872094412682002,EXP_DEnsembleModel_Alpha158_csi300_custom_step0_s_20260519_15,18c81d93d60d41c1947c51e56e96210e,0.056,,,
4245,2026-05-19,SH601898,-0.0541391314858466,EXP_DEnsembleModel_Alpha158_csi300_custom_step0_s_20260519_15,18c81d93d60d41c1947c51e56e96210e,0.056,,,
4246,2026-05-19,SH601888,-0.03317257778627315,EXP_DEnsembleModel_Alpha158_csi300_custom_step0_s_20260519_15,18c81d93d60d41c1947c51e56e96210e,0.056,,,
4247,2026-05-19,SH601881,-0.030896594542324973,EXP_DEnsembleModel_Alpha158_csi300_custom_step0_s_20260519_15,18c81d93d60d41c1947c51e56e96210e,0.056,,,
4248,2026-05-19,SH601878,-0.020067018004125244,EXP_DEnsembleModel_Alpha158_csi300_custom_step0_s_20260519_15,18c81d93d60d41c1947c51e56e96210e,0.056,,,
4249,2026-05-19,SH601877,-0.004676409937358889,EXP_DEnsembleModel_Alpha158_csi300_custom_step0_s_20260519_15,18c81d93d60d41c1947c51e56e96210e,0.056,,,
4250,2026-05-19,SH601872,-0.0952392556653582,EXP_DEnsembleModel_Alpha158_csi300_custom_step0_s_20260519_15,18c81d93d60d41c1947c51e56e96210e,0.056,,,
4251,2026-05-19,SH601728,0.0983285656400744,EXP_DEnsembleModel_Alpha158_csi300_custom_step0_s_20260519_15,18c81d93d60d41c1947c51e56e96210e,0.056,,,
4252,2026-05-19,SH601868,0.01128678546550169,EXP_DEnsembleModel_Alpha158_csi300_custom_step0_s_20260519_15,18c81d93d60d41c1947c51e56e96210e,0.056,,,
4253,2026-05-19,SH601838,0.023733534273762635,EXP_DEnsembleModel_Alpha158_csi300_custom_step0_s_20260519_15,18c81d93d60d41c1947c51e56e96210e,0.056,,,
4254,2026-05-19,SH601825,0.10267045333104378,EXP_DEnsembleModel_Alpha158_csi300_custom_step0_s_20260519_15,18c81d93d60d41c1947c51e56e96210e,0.056,,,
4255,2026-05-19,SH601818,0.09289694185404611,EXP_DEnsembleModel_Alpha158_csi300_custom_step0_s_20260519_15,18c81d93d60d41c1947c51e56e96210e,0.056,,,
4256,2026-05-19,SH601816,0.02483440591455504,EXP_DEnsembleModel_Alpha158_csi300_custom_step0_s_20260519_15,18c81d93d60d41c1947c51e56e96210e,0.056,,,
4257,2026-05-19,SH601808,0.03401745806681474,EXP_DEnsembleModel_Alpha158_csi300_custom_step0_s_20260519_15,18c81d93d60d41c1947c51e56e96210e,0.056,,,
4258,2026-05-19,SH601800,-0.012399070740921204,EXP_DEnsembleModel_Alpha158_csi300_custom_step0_s_20260519_15,18c81d93d60d41c1947c51e56e96210e,0.056,,,
4259,2026-05-19,SH601788,-0.029243560518012798,EXP_DEnsembleModel_Alpha158_csi300_custom_step0_s_20260519_15,18c81d93d60d41c1947c51e56e96210e,0.056,,,
4260,2026-05-19,SH601857,0.03972909754824331,EXP_DEnsembleModel_Alpha158_csi300_custom_step0_s_20260519_15,18c81d93d60d41c1947c51e56e96210e,0.056,,,
4261,2026-05-19,SZ300832,-0.04161309166357081,EXP_DEnsembleModel_Alpha158_csi300_custom_step0_s_20260519_15,d50276ee8c5d4fc4a32190810507d66a,0.055,,,
4262,2026-05-19,SH601319,-0.03312263546902968,EXP_DEnsembleModel_Alpha158_csi300_custom_step0_s_20260519_15,18c81d93d60d41c1947c51e56e96210e,0.056,,,
4263,2026-05-19,SH601298,0.08646334028876092,EXP_DEnsembleModel_Alpha158_csi300_custom_step0_s_20260519_15,18c81d93d60d41c1947c51e56e96210e,0.056,,,
4264,2026-05-19,SH601021,-0.14604520548590516,EXP_DEnsembleModel_Alpha158_csi300_custom_step0_s_20260519_15,18c81d93d60d41c1947c51e56e96210e,0.056,,,
4265,2026-05-19,SH601018,0.030102410523730416,EXP_DEnsembleModel_Alpha158_csi300_custom_step0_s_20260519_15,18c81d93d60d41c1947c51e56e96210e,0.056,,,
4266,2026-05-19,SH601012,0.01084242017055464,EXP_DEnsembleModel_Alpha158_csi300_custom_step0_s_20260519_15,18c81d93d60d41c1947c51e56e96210e,0.056,,,
4267,2026-05-19,SH601009,0.02104706118824693,EXP_DEnsembleModel_Alpha158_csi300_custom_step0_s_20260519_15,18c81d93d60d41c1947c51e56e96210e,0.056,,,
4268,2026-05-19,SH601006,0.17961229147024793,EXP_DEnsembleModel_Alpha158_csi300_custom_step0_s_20260519_15,18c81d93d60d41c1947c51e56e96210e,0.056,,,
4269,2026-05-19,SH600999,0.005520675699584624,EXP_DEnsembleModel_Alpha158_csi300_custom_step0_s_20260519_15,18c81d93d60d41c1947c51e56e96210e,0.056,,,
4270,2026-05-19,SH600989,0.00010633294152344863,EXP_DEnsembleModel_Alpha158_csi300_custom_step0_s_20260519_15,18c81d93d60d41c1947c51e56e96210e,0.056,,,
4271,2026-05-19,SH601058,-0.07818024946728394,EXP_DEnsembleModel_Alpha158_csi300_custom_step0_s_20260519_15,18c81d93d60d41c1947c51e56e96210e,0.056,,,
4272,2026-05-19,SH600958,-0.0669417483266283,EXP_DEnsembleModel_Alpha158_csi300_custom_step0_s_20260519_15,18c81d93d60d41c1947c51e56e96210e,0.056,,,
4273,2026-05-19,SH600938,0.0886213555099353,EXP_DEnsembleModel_Alpha158_csi300_custom_step0_s_20260519_15,18c81d93d60d41c1947c51e56e96210e,0.056,,,
4274,2026-05-19,SH600930,-0.025982178366157613,EXP_DEnsembleModel_Alpha158_csi300_custom_step0_s_20260519_15,18c81d93d60d41c1947c51e56e96210e,0.056,,,
4275,2026-05-19,SH600926,0.03944971252833158,EXP_DEnsembleModel_Alpha158_csi300_custom_step0_s_20260519_15,18c81d93d60d41c1947c51e56e96210e,0.056,,,
4276,2026-05-19,SH600919,0.1294404869917619,EXP_DEnsembleModel_Alpha158_csi300_custom_step0_s_20260519_15,18c81d93d60d41c1947c51e56e96210e,0.056,,,
4277,2026-05-19,SH600918,0.04522407912214141,EXP_DEnsembleModel_Alpha158_csi300_custom_step0_s_20260519_15,18c81d93d60d41c1947c51e56e96210e,0.056,,,
4278,2026-05-19,SH600905,0.08408145171881427,EXP_DEnsembleModel_Alpha158_csi300_custom_step0_s_20260519_15,18c81d93d60d41c1947c51e56e96210e,0.056,,,
4279,2026-05-19,SH600900,0.10603749351056319,EXP_DEnsembleModel_Alpha158_csi300_custom_step0_s_20260519_15,18c81d93d60d41c1947c51e56e96210e,0.056,,,
4280,2026-05-19,SH600941,0.15275136296644715,EXP_DEnsembleModel_Alpha158_csi300_custom_step0_s_20260519_15,18c81d93d60d41c1947c51e56e96210e,0.056,,,
4281,2026-05-19,SH601318,-0.084385674738852,EXP_DEnsembleModel_Alpha158_csi300_custom_step0_s_20260519_15,18c81d93d60d41c1947c51e56e96210e,0.056,,,
4282,2026-05-19,SH601059,0.06418544864515821,EXP_DEnsembleModel_Alpha158_csi300_custom_step0_s_20260519_15,18c81d93d60d41c1947c51e56e96210e,0.056,,,
4283,2026-05-19,SH601077,0.046386466728217925,EXP_DEnsembleModel_Alpha158_csi300_custom_step0_s_20260519_15,18c81d93d60d41c1947c51e56e96210e,0.056,,,
4284,2026-05-19,SH601288,0.07991197400168434,EXP_DEnsembleModel_Alpha158_csi300_custom_step0_s_20260519_15,18c81d93d60d41c1947c51e56e96210e,0.056,,,
4285,2026-05-19,SH601238,-0.05992457310030908,EXP_DEnsembleModel_Alpha158_csi300_custom_step0_s_20260519_15,18c81d93d60d41c1947c51e56e96210e,0.056,,,
4286,2026-05-19,SH601236,-0.016040360066905908,EXP_DEnsembleModel_Alpha158_csi300_custom_step0_s_20260519_15,18c81d93d60d41c1947c51e56e96210e,0.056,,,
4287,2026-05-19,SH601229,-0.00907141136320932,EXP_DEnsembleModel_Alpha158_csi300_custom_step0_s_20260519_15,18c81d93d60d41c1947c51e56e96210e,0.056,,,
4288,2026-05-19,SH601225,0.02465819145727062,EXP_DEnsembleModel_Alpha158_csi300_custom_step0_s_20260519_15,18c81d93d60d41c1947c51e56e96210e,0.056,,,
4289,2026-05-19,SH601211,-0.02329608491920441,EXP_DEnsembleModel_Alpha158_csi300_custom_step0_s_20260519_15,18c81d93d60d41c1947c51e56e96210e,0.056,,,
4290,2026-05-19,SH601186,0.0361346417796476,EXP_DEnsembleModel_Alpha158_csi300_custom_step0_s_20260519_15,18c81d93d60d41c1947c51e56e96210e,0.056,,,
4291,2026-05-19,SH601066,-0.09412675117409273,EXP_DEnsembleModel_Alpha158_csi300_custom_step0_s_20260519_15,18c81d93d60d41c1947c51e56e96210e,0.056,,,
4292,2026-05-19,SH601169,0.05566288455085931,EXP_DEnsembleModel_Alpha158_csi300_custom_step0_s_20260519_15,18c81d93d60d41c1947c51e56e96210e,0.056,,,
4293,2026-05-19,SH601138,-0.08235474623697525,EXP_DEnsembleModel_Alpha158_csi300_custom_step0_s_20260519_15,18c81d93d60d41c1947c51e56e96210e,0.056,,,
4294,2026-05-19,SH601136,-0.02594260126905391,EXP_DEnsembleModel_Alpha158_csi300_custom_step0_s_20260519_15,18c81d93d60d41c1947c51e56e96210e,0.056,,,
4295,2026-05-19,SH601127,-0.0805872648471113,EXP_DEnsembleModel_Alpha158_csi300_custom_step0_s_20260519_15,18c81d93d60d41c1947c51e56e96210e,0.056,,,
4296,2026-05-19,SH601117,-0.03699704751940069,EXP_DEnsembleModel_Alpha158_csi300_custom_step0_s_20260519_15,18c81d93d60d41c1947c51e56e96210e,0.056,,,
4297,2026-05-19,SH601111,-0.1482750495971111,EXP_DEnsembleModel_Alpha158_csi300_custom_step0_s_20260519_15,18c81d93d60d41c1947c51e56e96210e,0.056,,,
4298,2026-05-19,SH601100,-0.10188930982937196,EXP_DEnsembleModel_Alpha158_csi300_custom_step0_s_20260519_15,18c81d93d60d41c1947c51e56e96210e,0.056,,,
4299,2026-05-19,SH601088,0.031538425450957974,EXP_DEnsembleModel_Alpha158_csi300_custom_step0_s_20260519_15,18c81d93d60d41c1947c51e56e96210e,0.056,,,
4300,2026-05-19,SH601166,0.045161213040216565,EXP_DEnsembleModel_Alpha158_csi300_custom_step0_s_20260519_15,18c81d93d60d41c1947c51e56e96210e,0.056,,,
4301,2026-05-19,SZ300803,-0.15596448001320568,EXP_DEnsembleModel_Alpha158_csi300_custom_step0_s_20260519_15,d50276ee8c5d4fc4a32190810507d66a,0.055,,,
4302,2026-05-19,SZ300782,-0.062215354375091354,EXP_DEnsembleModel_Alpha158_csi300_custom_step0_s_20260519_15,d50276ee8c5d4fc4a32190810507d66a,0.055,,,
4303,2026-05-19,SZ300760,-0.09613392591263226,EXP_DEnsembleModel_Alpha158_csi300_custom_step0_s_20260519_15,d50276ee8c5d4fc4a32190810507d66a,0.055,,,
4304,2026-05-19,SH688506,-0.0823035710936434,EXP_DEnsembleModel_Alpha158_csi300_custom_step0_s_20260519_15,d50276ee8c5d4fc4a32190810507d66a,0.055,,,
4305,2026-05-19,SH688472,-0.015467534241758294,EXP_DEnsembleModel_Alpha158_csi300_custom_step0_s_20260519_15,d50276ee8c5d4fc4a32190810507d66a,0.055,,,
4306,2026-05-19,SH688396,-0.1330796699587398,EXP_DEnsembleModel_Alpha158_csi300_custom_step0_s_20260519_15,d50276ee8c5d4fc4a32190810507d66a,0.055,,,
4307,2026-05-19,SH688303,-0.1013192082821697,EXP_DEnsembleModel_Alpha158_csi300_custom_step0_s_20260519_15,d50276ee8c5d4fc4a32190810507d66a,0.055,,,
4308,2026-05-19,SH688271,-0.0005397938008256032,EXP_DEnsembleModel_Alpha158_csi300_custom_step0_s_20260519_15,d50276ee8c5d4fc4a32190810507d66a,0.055,,,
4309,2026-05-19,SH688256,-0.10270418630771037,EXP_DEnsembleModel_Alpha158_csi300_custom_step0_s_20260519_15,d50276ee8c5d4fc4a32190810507d66a,0.055,,,
4310,2026-05-19,SH688223,-0.04508516561183231,EXP_DEnsembleModel_Alpha158_csi300_custom_step0_s_20260519_15,d50276ee8c5d4fc4a32190810507d66a,0.055,,,
4311,2026-05-19,SH688981,-0.12435786263015046,EXP_DEnsembleModel_Alpha158_csi300_custom_step0_s_20260519_15,d50276ee8c5d4fc4a32190810507d66a,0.055,,,
4312,2026-05-19,SH688187,0.038381255461494776,EXP_DEnsembleModel_Alpha158_csi300_custom_step0_s_20260519_15,d50276ee8c5d4fc4a32190810507d66a,0.055,,,
4313,2026-05-19,SH688126,-0.23225982874602183,EXP_DEnsembleModel_Alpha158_csi300_custom_step0_s_20260519_15,d50276ee8c5d4fc4a32190810507d66a,0.055,,,
4314,2026-05-19,SH688111,-0.15143884466111393,EXP_DEnsembleModel_Alpha158_csi300_custom_step0_s_20260519_15,d50276ee8c5d4fc4a32190810507d66a,0.055,,,
4315,2026-05-19,SH688082,-0.190807720407989,EXP_DEnsembleModel_Alpha158_csi300_custom_step0_s_20260519_15,d50276ee8c5d4fc4a32190810507d66a,0.055,,,
4316,2026-05-19,SH688047,-0.06467459523089282,EXP_DEnsembleModel_Alpha158_csi300_custom_step0_s_20260519_15,d50276ee8c5d4fc4a32190810507d66a,0.055,,,
4317,2026-05-19,SH688041,0.033952315455443416,EXP_DEnsembleModel_Alpha158_csi300_custom_step0_s_20260519_15,d50276ee8c5d4fc4a32190810507d66a,0.055,,,
4318,2026-05-19,SH688036,-0.06284436187742092,EXP_DEnsembleModel_Alpha158_csi300_custom_step0_s_20260519_15,d50276ee8c5d4fc4a32190810507d66a,0.055,,,
4319,2026-05-19,SH688012,-0.33111264917661526,EXP_DEnsembleModel_Alpha158_csi300_custom_step0_s_20260519_15,d50276ee8c5d4fc4a32190810507d66a,0.055,,,
4320,2026-05-19,SH688169,-0.10439037714930598,EXP_DEnsembleModel_Alpha158_csi300_custom_step0_s_20260519_15,d50276ee8c5d4fc4a32190810507d66a,0.055,,,
4321,2026-05-19,SH688009,-0.00457357435773508,EXP_DEnsembleModel_Alpha158_csi300_custom_step0_s_20260519_15,d50276ee8c5d4fc4a32190810507d66a,0.055,,,
4322,2026-05-19,SZ000001,0.0323934381959413,EXP_DEnsembleModel_Alpha158_csi300_custom_step0_s_20260519_15,d50276ee8c5d4fc4a32190810507d66a,0.055,,,
4323,2026-05-19,SZ000063,-0.001353423008750648,EXP_DEnsembleModel_Alpha158_csi300_custom_step0_s_20260519_15,d50276ee8c5d4fc4a32190810507d66a,0.055,,,
4324,2026-05-19,SZ000661,-0.048082286396118674,EXP_DEnsembleModel_Alpha158_csi300_custom_step0_s_20260519_15,d50276ee8c5d4fc4a32190810507d66a,0.055,,,
4325,2026-05-19,SZ000651,0.09572469421580017,EXP_DEnsembleModel_Alpha158_csi300_custom_step0_s_20260519_15,d50276ee8c5d4fc4a32190810507d66a,0.055,,,
4326,2026-05-19,SZ000630,-0.02238657864532136,EXP_DEnsembleModel_Alpha158_csi300_custom_step0_s_20260519_15,d50276ee8c5d4fc4a32190810507d66a,0.055,,,
4327,2026-05-19,SZ000625,-0.04066978722311985,EXP_DEnsembleModel_Alpha158_csi300_custom_step0_s_20260519_15,d50276ee8c5d4fc4a32190810507d66a,0.055,,,
4328,2026-05-19,SZ000617,-0.046064804440006865,EXP_DEnsembleModel_Alpha158_csi300_custom_step0_s_20260519_15,d50276ee8c5d4fc4a32190810507d66a,0.055,,,
4329,2026-05-19,SZ000596,-0.06537521689430244,EXP_DEnsembleModel_Alpha158_csi300_custom_step0_s_20260519_15,d50276ee8c5d4fc4a32190810507d66a,0.055,,,
4330,2026-05-19,SZ000568,-0.08270575447537915,EXP_DEnsembleModel_Alpha158_csi300_custom_step0_s_20260519_15,d50276ee8c5d4fc4a32190810507d66a,0.055,,,
4331,2026-05-19,SZ000002,-0.05418153288177518,EXP_DEnsembleModel_Alpha158_csi300_custom_step0_s_20260519_15,d50276ee8c5d4fc4a32190810507d66a,0.055,,,
4332,2026-05-19,SZ000538,0.0025475527744576484,EXP_DEnsembleModel_Alpha158_csi300_custom_step0_s_20260519_15,d50276ee8c5d4fc4a32190810507d66a,0.055,,,
4333,2026-05-19,SZ000408,-0.02854928203694343,EXP_DEnsembleModel_Alpha158_csi300_custom_step0_s_20260519_15,d50276ee8c5d4fc4a32190810507d66a,0.055,,,
4334,2026-05-19,SZ000338,0.05870240617629421,EXP_DEnsembleModel_Alpha158_csi300_custom_step0_s_20260519_15,d50276ee8c5d4fc4a32190810507d66a,0.055,,,
4335,2026-05-19,SZ000333,0.06822275303892877,EXP_DEnsembleModel_Alpha158_csi300_custom_step0_s_20260519_15,d50276ee8c5d4fc4a32190810507d66a,0.055,,,
4336,2026-05-19,SZ000301,-0.02745193714409605,EXP_DEnsembleModel_Alpha158_csi300_custom_step0_s_20260519_15,d50276ee8c5d4fc4a32190810507d66a,0.055,,,
4337,2026-05-19,SZ000166,-0.06676974499655187,EXP_DEnsembleModel_Alpha158_csi300_custom_step0_s_20260519_15,d50276ee8c5d4fc4a32190810507d66a,0.055,,,
4338,2026-05-19,SZ000157,0.10428160659194627,EXP_DEnsembleModel_Alpha158_csi300_custom_step0_s_20260519_15,d50276ee8c5d4fc4a32190810507d66a,0.055,,,
4339,2026-05-19,SZ000100,0.03070068713938022,EXP_DEnsembleModel_Alpha158_csi300_custom_step0_s_20260519_15,d50276ee8c5d4fc4a32190810507d66a,0.055,,,
4340,2026-05-19,SZ000425,0.018003285611460307,EXP_DEnsembleModel_Alpha158_csi300_custom_step0_s_20260519_15,d50276ee8c5d4fc4a32190810507d66a,0.055,,,
4341,2026-05-19,SZ000708,-0.011127802294070448,EXP_DEnsembleModel_Alpha158_csi300_custom_step0_s_20260519_15,d50276ee8c5d4fc4a32190810507d66a,0.055,,,
4342,2026-05-19,SH688008,0.1078512522928949,EXP_DEnsembleModel_Alpha158_csi300_custom_step0_s_20260519_15,d50276ee8c5d4fc4a32190810507d66a,0.055,,,
4343,2026-05-19,SH605117,-0.03367125118146676,EXP_DEnsembleModel_Alpha158_csi300_custom_step0_s_20260519_15,d50276ee8c5d4fc4a32190810507d66a,0.055,,,
4344,2026-05-19,SH601901,-0.02873359784574342,EXP_DEnsembleModel_Alpha158_csi300_custom_step0_s_20260519_15,d50276ee8c5d4fc4a32190810507d66a,0.055,,,
4345,2026-05-19,SH601899,0.0015671129333537763,EXP_DEnsembleModel_Alpha158_csi300_custom_step0_s_20260519_15,d50276ee8c5d4fc4a32190810507d66a,0.055,,,
4346,2026-05-19,SH601898,-0.05033240372034237,EXP_DEnsembleModel_Alpha158_csi300_custom_step0_s_20260519_15,d50276ee8c5d4fc4a32190810507d66a,0.055,,,
4347,2026-05-19,SH601888,-0.05250887033961555,EXP_DEnsembleModel_Alpha158_csi300_custom_step0_s_20260519_15,d50276ee8c5d4fc4a32190810507d66a,0.055,,,
4348,2026-05-19,SH601881,-0.06677808618165107,EXP_DEnsembleModel_Alpha158_csi300_custom_step0_s_20260519_15,d50276ee8c5d4fc4a32190810507d66a,0.055,,,
4349,2026-05-19,SH601878,-0.05127254363071146,EXP_DEnsembleModel_Alpha158_csi300_custom_step0_s_20260519_15,d50276ee8c5d4fc4a32190810507d66a,0.055,,,
4350,2026-05-19,SH601877,0.08564898982608463,EXP_DEnsembleModel_Alpha158_csi300_custom_step0_s_20260519_15,d50276ee8c5d4fc4a32190810507d66a,0.055,,,
4351,2026-05-19,SH601916,0.12821822601625987,EXP_DEnsembleModel_Alpha158_csi300_custom_step0_s_20260519_15,d50276ee8c5d4fc4a32190810507d66a,0.055,,,
4352,2026-05-19,SH601872,-0.08474802500397872,EXP_DEnsembleModel_Alpha158_csi300_custom_step0_s_20260519_15,d50276ee8c5d4fc4a32190810507d66a,0.055,,,
4353,2026-05-19,SH601857,0.04969990728174972,EXP_DEnsembleModel_Alpha158_csi300_custom_step0_s_20260519_15,d50276ee8c5d4fc4a32190810507d66a,0.055,,,
4354,2026-05-19,SH601838,0.01900013441681421,EXP_DEnsembleModel_Alpha158_csi300_custom_step0_s_20260519_15,d50276ee8c5d4fc4a32190810507d66a,0.055,,,
4355,2026-05-19,SH601825,0.07296548273847321,EXP_DEnsembleModel_Alpha158_csi300_custom_step0_s_20260519_15,d50276ee8c5d4fc4a32190810507d66a,0.055,,,
4356,2026-05-19,SH601818,0.06533954740725692,EXP_DEnsembleModel_Alpha158_csi300_custom_step0_s_20260519_15,d50276ee8c5d4fc4a32190810507d66a,0.055,,,
4357,2026-05-19,SH601816,0.0615383712971394,EXP_DEnsembleModel_Alpha158_csi300_custom_step0_s_20260519_15,d50276ee8c5d4fc4a32190810507d66a,0.055,,,
4358,2026-05-19,SH601808,0.006739557710543992,EXP_DEnsembleModel_Alpha158_csi300_custom_step0_s_20260519_15,d50276ee8c5d4fc4a32190810507d66a,0.055,,,
4359,2026-05-19,SH601800,-0.032574521520433906,EXP_DEnsembleModel_Alpha158_csi300_custom_step0_s_20260519_15,d50276ee8c5d4fc4a32190810507d66a,0.055,,,
4360,2026-05-19,SH601868,-0.023728870224542516,EXP_DEnsembleModel_Alpha158_csi300_custom_step0_s_20260519_15,d50276ee8c5d4fc4a32190810507d66a,0.055,,,
4361,2026-05-19,SH605499,-0.048236500993294,EXP_DEnsembleModel_Alpha158_csi300_custom_step0_s_20260519_15,d50276ee8c5d4fc4a32190810507d66a,0.055,,,
4362,2026-05-19,SH601919,0.055965505741082056,EXP_DEnsembleModel_Alpha158_csi300_custom_step0_s_20260519_15,d50276ee8c5d4fc4a32190810507d66a,0.055,,,
4363,2026-05-19,SH601985,0.11837936953246948,EXP_DEnsembleModel_Alpha158_csi300_custom_step0_s_20260519_15,d50276ee8c5d4fc4a32190810507d66a,0.055,,,
4364,2026-05-19,SH603993,-0.015178608471927469,EXP_DEnsembleModel_Alpha158_csi300_custom_step0_s_20260519_15,d50276ee8c5d4fc4a32190810507d66a,0.055,,,
4365,2026-05-19,SH603986,-0.25968151556936975,EXP_DEnsembleModel_Alpha158_csi300_custom_step0_s_20260519_15,d50276ee8c5d4fc4a32190810507d66a,0.055,,,
4366,2026-05-19,SH603893,0.07224343081245914,EXP_DEnsembleModel_Alpha158_csi300_custom_step0_s_20260519_15,d50276ee8c5d4fc4a32190810507d66a,0.055,,,
4367,2026-05-19,SH603799,-0.06391045074278263,EXP_DEnsembleModel_Alpha158_csi300_custom_step0_s_20260519_15,d50276ee8c5d4fc4a32190810507d66a,0.055,,,
4368,2026-05-19,SH603501,-0.11883499537539417,EXP_DEnsembleModel_Alpha158_csi300_custom_step0_s_20260519_15,d50276ee8c5d4fc4a32190810507d66a,0.055,,,
4369,2026-05-19,SH603392,-0.0961611315809343,EXP_DEnsembleModel_Alpha158_csi300_custom_step0_s_20260519_15,d50276ee8c5d4fc4a32190810507d66a,0.055,,,
4370,2026-05-19,SH603369,-0.06046116974963723,EXP_DEnsembleModel_Alpha158_csi300_custom_step0_s_20260519_15,d50276ee8c5d4fc4a32190810507d66a,0.055,,,
4371,2026-05-19,SH601939,0.09306483075939563,EXP_DEnsembleModel_Alpha158_csi300_custom_step0_s_20260519_15,d50276ee8c5d4fc4a32190810507d66a,0.055,,,
4372,2026-05-19,SH603296,0.12104167520874136,EXP_DEnsembleModel_Alpha158_csi300_custom_step0_s_20260519_15,d50276ee8c5d4fc4a32190810507d66a,0.055,,,
4373,2026-05-19,SH603260,-0.0630989614826751,EXP_DEnsembleModel_Alpha158_csi300_custom_step0_s_20260519_15,d50276ee8c5d4fc4a32190810507d66a,0.055,,,
4374,2026-05-19,SH603259,-0.01864370413817977,EXP_DEnsembleModel_Alpha158_csi300_custom_step0_s_20260519_15,d50276ee8c5d4fc4a32190810507d66a,0.055,,,
4375,2026-05-19,SH603195,0.03594966587762416,EXP_DEnsembleModel_Alpha158_csi300_custom_step0_s_20260519_15,d50276ee8c5d4fc4a32190810507d66a,0.055,,,
4376,2026-05-19,SH603019,-0.016471104218606564,EXP_DEnsembleModel_Alpha158_csi300_custom_step0_s_20260519_15,d50276ee8c5d4fc4a32190810507d66a,0.055,,,
4377,2026-05-19,SH601998,0.02500178819132969,EXP_DEnsembleModel_Alpha158_csi300_custom_step0_s_20260519_15,d50276ee8c5d4fc4a32190810507d66a,0.055,,,
4378,2026-05-19,SH601995,0.03908896245352349,EXP_DEnsembleModel_Alpha158_csi300_custom_step0_s_20260519_15,d50276ee8c5d4fc4a32190810507d66a,0.055,,,
4379,2026-05-19,SH601988,0.14658147386830753,EXP_DEnsembleModel_Alpha158_csi300_custom_step0_s_20260519_15,d50276ee8c5d4fc4a32190810507d66a,0.055,,,
4380,2026-05-19,SH603288,-0.0951970564915426,EXP_DEnsembleModel_Alpha158_csi300_custom_step0_s_20260519_15,d50276ee8c5d4fc4a32190810507d66a,0.055,,,
4381,2026-05-19,SH601766,0.0007168642609685665,EXP_DEnsembleModel_Alpha158_csi300_custom_step0_s_20260519_15,d50276ee8c5d4fc4a32190810507d66a,0.055,,,
4382,2026-05-19,SZ000725,0.038306303502081404,EXP_DEnsembleModel_Alpha158_csi300_custom_step0_s_20260519_15,d50276ee8c5d4fc4a32190810507d66a,0.055,,,
4383,2026-05-19,SZ000776,-0.024786799924461207,EXP_DEnsembleModel_Alpha158_csi300_custom_step0_s_20260519_15,d50276ee8c5d4fc4a32190810507d66a,0.055,,,
4384,2026-05-19,SZ300059,-0.14380273761801357,EXP_DEnsembleModel_Alpha158_csi300_custom_step0_s_20260519_15,d50276ee8c5d4fc4a32190810507d66a,0.055,,,
4385,2026-05-19,SZ300033,-0.04881213367895926,EXP_DEnsembleModel_Alpha158_csi300_custom_step0_s_20260519_15,d50276ee8c5d4fc4a32190810507d66a,0.055,,,
4386,2026-05-19,SZ300015,-0.02249650321141171,EXP_DEnsembleModel_Alpha158_csi300_custom_step0_s_20260519_15,d50276ee8c5d4fc4a32190810507d66a,0.055,,,
4387,2026-05-19,SZ300014,-0.03459024517521306,EXP_DEnsembleModel_Alpha158_csi300_custom_step0_s_20260519_15,d50276ee8c5d4fc4a32190810507d66a,0.055,,,
4388,2026-05-19,SZ003816,-0.007176298427351163,EXP_DEnsembleModel_Alpha158_csi300_custom_step0_s_20260519_15,d50276ee8c5d4fc4a32190810507d66a,0.055,,,
4389,2026-05-19,SZ002938,-0.3294788073521791,EXP_DEnsembleModel_Alpha158_csi300_custom_step0_s_20260519_15,d50276ee8c5d4fc4a32190810507d66a,0.055,,,
4390,2026-05-19,SZ002920,0.044669109585783316,EXP_DEnsembleModel_Alpha158_csi300_custom_step0_s_20260519_15,d50276ee8c5d4fc4a32190810507d66a,0.055,,,
4391,2026-05-19,SZ300122,-0.0674588904992735,EXP_DEnsembleModel_Alpha158_csi300_custom_step0_s_20260519_15,d50276ee8c5d4fc4a32190810507d66a,0.055,,,
4392,2026-05-19,SZ002916,-0.08783136840493365,EXP_DEnsembleModel_Alpha158_csi300_custom_step0_s_20260519_15,d50276ee8c5d4fc4a32190810507d66a,0.055,,,
4393,2026-05-19,SZ002714,-0.002956871509322579,EXP_DEnsembleModel_Alpha158_csi300_custom_step0_s_20260519_15,d50276ee8c5d4fc4a32190810507d66a,0.055,,,
4394,2026-05-19,SZ002709,0.11181804465477126,EXP_DEnsembleModel_Alpha158_csi300_custom_step0_s_20260519_15,d50276ee8c5d4fc4a32190810507d66a,0.055,,,
4395,2026-05-19,SZ002648,0.019074512227131336,EXP_DEnsembleModel_Alpha158_csi300_custom_step0_s_20260519_15,d50276ee8c5d4fc4a32190810507d66a,0.055,,,
4396,2026-05-19,SZ002625,-0.08028980366942126,EXP_DEnsembleModel_Alpha158_csi300_custom_step0_s_20260519_15,d50276ee8c5d4fc4a32190810507d66a,0.055,,,
4397,2026-05-19,SZ002601,0.08960742541129352,EXP_DEnsembleModel_Alpha158_csi300_custom_step0_s_20260519_15,d50276ee8c5d4fc4a32190810507d66a,0.055,,,
4398,2026-05-19,SZ002600,0.08180325452057381,EXP_DEnsembleModel_Alpha158_csi300_custom_step0_s_20260519_15,d50276ee8c5d4fc4a32190810507d66a,0.055,,,
4399,2026-05-19,SZ002594,-0.042100611723819605,EXP_DEnsembleModel_Alpha158_csi300_custom_step0_s_20260519_15,d50276ee8c5d4fc4a32190810507d66a,0.055,,,
4400,2026-05-19,SZ002736,-0.04600696917665487,EXP_DEnsembleModel_Alpha158_csi300_custom_step0_s_20260519_15,d50276ee8c5d4fc4a32190810507d66a,0.055,,,
4401,2026-05-19,SZ002493,0.07270607184247206,EXP_DEnsembleModel_Alpha158_csi300_custom_step0_s_20260519_15,d50276ee8c5d4fc4a32190810507d66a,0.055,,,
4402,2026-05-19,SZ300124,-0.022620644205648775,EXP_DEnsembleModel_Alpha158_csi300_custom_step0_s_20260519_15,d50276ee8c5d4fc4a32190810507d66a,0.055,,,
4403,2026-05-19,SZ300274,-0.14754504921537898,EXP_DEnsembleModel_Alpha158_csi300_custom_step0_s_20260519_15,d50276ee8c5d4fc4a32190810507d66a,0.055,,,
4404,2026-05-19,SZ300759,-0.03709018453407594,EXP_DEnsembleModel_Alpha158_csi300_custom_step0_s_20260519_15,d50276ee8c5d4fc4a32190810507d66a,0.055,,,
4405,2026-05-19,SZ300750,0.002009713115642501,EXP_DEnsembleModel_Alpha158_csi300_custom_step0_s_20260519_15,d50276ee8c5d4fc4a32190810507d66a,0.055,,,
4406,2026-05-19,SZ300661,-0.179898515728988,EXP_DEnsembleModel_Alpha158_csi300_custom_step0_s_20260519_15,d50276ee8c5d4fc4a32190810507d66a,0.055,,,
4407,2026-05-19,SZ300628,-0.06275283391211407,EXP_DEnsembleModel_Alpha158_csi300_custom_step0_s_20260519_15,d50276ee8c5d4fc4a32190810507d66a,0.055,,,
4408,2026-05-19,SZ300502,0.16453756076030895,EXP_DEnsembleModel_Alpha158_csi300_custom_step0_s_20260519_15,d50276ee8c5d4fc4a32190810507d66a,0.055,,,
4409,2026-05-19,SZ300498,-0.05286949809138837,EXP_DEnsembleModel_Alpha158_csi300_custom_step0_s_20260519_15,d50276ee8c5d4fc4a32190810507d66a,0.055,,,
4410,2026-05-19,SZ300476,0.09948969412482696,EXP_DEnsembleModel_Alpha158_csi300_custom_step0_s_20260519_15,d50276ee8c5d4fc4a32190810507d66a,0.055,,,
4411,2026-05-19,SZ300251,-0.051408049344106053,EXP_DEnsembleModel_Alpha158_csi300_custom_step0_s_20260519_15,d50276ee8c5d4fc4a32190810507d66a,0.055,,,
4412,2026-05-19,SZ300442,-0.013330177147141041,EXP_DEnsembleModel_Alpha158_csi300_custom_step0_s_20260519_15,d50276ee8c5d4fc4a32190810507d66a,0.055,,,
4413,2026-05-19,SZ300418,-0.08514920825281001,EXP_DEnsembleModel_Alpha158_csi300_custom_step0_s_20260519_15,d50276ee8c5d4fc4a32190810507d66a,0.055,,,
4414,2026-05-19,SZ300413,-0.04148311281296343,EXP_DEnsembleModel_Alpha158_csi300_custom_step0_s_20260519_15,d50276ee8c5d4fc4a32190810507d66a,0.055,,,
4415,2026-05-19,SZ300408,-0.1912885982708804,EXP_DEnsembleModel_Alpha158_csi300_custom_step0_s_20260519_15,d50276ee8c5d4fc4a32190810507d66a,0.055,,,
4416,2026-05-19,SZ300394,0.005982303694678203,EXP_DEnsembleModel_Alpha158_csi300_custom_step0_s_20260519_15,d50276ee8c5d4fc4a32190810507d66a,0.055,,,
4417,2026-05-19,SZ300347,0.049671631123316004,EXP_DEnsembleModel_Alpha158_csi300_custom_step0_s_20260519_15,d50276ee8c5d4fc4a32190810507d66a,0.055,,,
4418,2026-05-19,SZ300316,-0.11251384959835249,EXP_DEnsembleModel_Alpha158_csi300_custom_step0_s_20260519_15,d50276ee8c5d4fc4a32190810507d66a,0.055,,,
4419,2026-05-19,SZ300308,0.0317884851067382,EXP_DEnsembleModel_Alpha158_csi300_custom_step0_s_20260519_15,d50276ee8c5d4fc4a32190810507d66a,0.055,,,
4420,2026-05-19,SZ300433,-0.019816853698705696,EXP_DEnsembleModel_Alpha158_csi300_custom_step0_s_20260519_15,d50276ee8c5d4fc4a32190810507d66a,0.055,,,
4421,2026-05-19,SZ000768,-0.05339534697117888,EXP_DEnsembleModel_Alpha158_csi300_custom_step0_s_20260519_15,d50276ee8c5d4fc4a32190810507d66a,0.055,,,
4422,2026-05-19,SZ002475,0.028294497395984084,EXP_DEnsembleModel_Alpha158_csi300_custom_step0_s_20260519_15,d50276ee8c5d4fc4a32190810507d66a,0.055,,,
4423,2026-05-19,SZ002463,0.007557255220282946,EXP_DEnsembleModel_Alpha158_csi300_custom_step0_s_20260519_15,d50276ee8c5d4fc4a32190810507d66a,0.055,,,
4424,2026-05-19,SZ002001,0.06998301862462412,EXP_DEnsembleModel_Alpha158_csi300_custom_step0_s_20260519_15,d50276ee8c5d4fc4a32190810507d66a,0.055,,,
4425,2026-05-19,SZ001979,-0.08096741163907129,EXP_DEnsembleModel_Alpha158_csi300_custom_step0_s_20260519_15,d50276ee8c5d4fc4a32190810507d66a,0.055,,,
4426,2026-05-19,SZ001965,-0.0054567250023822836,EXP_DEnsembleModel_Alpha158_csi300_custom_step0_s_20260519_15,d50276ee8c5d4fc4a32190810507d66a,0.055,,,
4427,2026-05-19,SZ001391,0.02928040713742384,EXP_DEnsembleModel_Alpha158_csi300_custom_step0_s_20260519_15,d50276ee8c5d4fc4a32190810507d66a,0.055,,,
4428,2026-05-19,SZ000999,-0.0150477636023436,EXP_DEnsembleModel_Alpha158_csi300_custom_step0_s_20260519_15,d50276ee8c5d4fc4a32190810507d66a,0.055,,,
4429,2026-05-19,SZ000983,-0.09514477920679774,EXP_DEnsembleModel_Alpha158_csi300_custom_step0_s_20260519_15,d50276ee8c5d4fc4a32190810507d66a,0.055,,,
4430,2026-05-19,SZ000977,-0.05623171032105075,EXP_DEnsembleModel_Alpha158_csi300_custom_step0_s_20260519_15,d50276ee8c5d4fc4a32190810507d66a,0.055,,,
4431,2026-05-19,SZ002027,-0.0989021897050862,EXP_DEnsembleModel_Alpha158_csi300_custom_step0_s_20260519_15,d50276ee8c5d4fc4a32190810507d66a,0.055,,,
4432,2026-05-19,SZ000975,0.038039639870858934,EXP_DEnsembleModel_Alpha158_csi300_custom_step0_s_20260519_15,d50276ee8c5d4fc4a32190810507d66a,0.055,,,
4433,2026-05-19,SZ000938,-0.05508968110773731,EXP_DEnsembleModel_Alpha158_csi300_custom_step0_s_20260519_15,d50276ee8c5d4fc4a32190810507d66a,0.055,,,
4434,2026-05-19,SZ000895,0.025872389898098837,EXP_DEnsembleModel_Alpha158_csi300_custom_step0_s_20260519_15,d50276ee8c5d4fc4a32190810507d66a,0.055,,,
4435,2026-05-19,SZ000876,-0.058317448626668746,EXP_DEnsembleModel_Alpha158_csi300_custom_step0_s_20260519_15,d50276ee8c5d4fc4a32190810507d66a,0.055,,,
4436,2026-05-19,SZ000858,0.018004029502452598,EXP_DEnsembleModel_Alpha158_csi300_custom_step0_s_20260519_15,d50276ee8c5d4fc4a32190810507d66a,0.055,,,
4437,2026-05-19,SZ000807,-0.0334957905415569,EXP_DEnsembleModel_Alpha158_csi300_custom_step0_s_20260519_15,d50276ee8c5d4fc4a32190810507d66a,0.055,,,
4438,2026-05-19,SZ000792,-0.0584161579359943,EXP_DEnsembleModel_Alpha158_csi300_custom_step0_s_20260519_15,d50276ee8c5d4fc4a32190810507d66a,0.055,,,
4439,2026-05-19,SZ000786,-0.07388591524819083,EXP_DEnsembleModel_Alpha158_csi300_custom_step0_s_20260519_15,d50276ee8c5d4fc4a32190810507d66a,0.055,,,
4440,2026-05-19,SZ000963,-0.0025632247714349136,EXP_DEnsembleModel_Alpha158_csi300_custom_step0_s_20260519_15,d50276ee8c5d4fc4a32190810507d66a,0.055,,,
4441,2026-05-19,SZ002466,0.14497210909754854,EXP_DEnsembleModel_Alpha158_csi300_custom_step0_s_20260519_15,d50276ee8c5d4fc4a32190810507d66a,0.055,,,
4442,2026-05-19,SZ002028,-0.003148752134133419,EXP_DEnsembleModel_Alpha158_csi300_custom_step0_s_20260519_15,d50276ee8c5d4fc4a32190810507d66a,0.055,,,
4443,2026-05-19,SZ002050,-0.06291804727332598,EXP_DEnsembleModel_Alpha158_csi300_custom_step0_s_20260519_15,d50276ee8c5d4fc4a32190810507d66a,0.055,,,
4444,2026-05-19,SZ002460,0.04733688995841092,EXP_DEnsembleModel_Alpha158_csi300_custom_step0_s_20260519_15,d50276ee8c5d4fc4a32190810507d66a,0.055,,,
4445,2026-05-19,SZ002459,0.03402879536065341,EXP_DEnsembleModel_Alpha158_csi300_custom_step0_s_20260519_15,d50276ee8c5d4fc4a32190810507d66a,0.055,,,
4446,2026-05-19,SZ002422,0.02319720160765107,EXP_DEnsembleModel_Alpha158_csi300_custom_step0_s_20260519_15,d50276ee8c5d4fc4a32190810507d66a,0.055,,,
4447,2026-05-19,SZ002415,-0.03571721166351193,EXP_DEnsembleModel_Alpha158_csi300_custom_step0_s_20260519_15,d50276ee8c5d4fc4a32190810507d66a,0.055,,,
4448,2026-05-19,SZ002384,-0.05475771877148535,EXP_DEnsembleModel_Alpha158_csi300_custom_step0_s_20260519_15,d50276ee8c5d4fc4a32190810507d66a,0.055,,,
4449,2026-05-19,SZ002371,-0.218391161504199,EXP_DEnsembleModel_Alpha158_csi300_custom_step0_s_20260519_15,d50276ee8c5d4fc4a32190810507d66a,0.055,,,
4450,2026-05-19,SZ002352,-0.025772438394253257,EXP_DEnsembleModel_Alpha158_csi300_custom_step0_s_20260519_15,d50276ee8c5d4fc4a32190810507d66a,0.055,,,
4451,2026-05-19,SZ002049,-0.04311859641258204,EXP_DEnsembleModel_Alpha158_csi300_custom_step0_s_20260519_15,d50276ee8c5d4fc4a32190810507d66a,0.055,,,
4452,2026-05-19,SZ002311,-0.0037558415910295706,EXP_DEnsembleModel_Alpha158_csi300_custom_step0_s_20260519_15,d50276ee8c5d4fc4a32190810507d66a,0.055,,,
4453,2026-05-19,SZ002252,0.009221558799599645,EXP_DEnsembleModel_Alpha158_csi300_custom_step0_s_20260519_15,d50276ee8c5d4fc4a32190810507d66a,0.055,,,
4454,2026-05-19,SZ002241,-0.0792552328994271,EXP_DEnsembleModel_Alpha158_csi300_custom_step0_s_20260519_15,d50276ee8c5d4fc4a32190810507d66a,0.055,,,
4455,2026-05-19,SZ002236,-0.11463126500315936,EXP_DEnsembleModel_Alpha158_csi300_custom_step0_s_20260519_15,d50276ee8c5d4fc4a32190810507d66a,0.055,,,
4456,2026-05-19,SZ002230,-0.0637418432580827,EXP_DEnsembleModel_Alpha158_csi300_custom_step0_s_20260519_15,d50276ee8c5d4fc4a32190810507d66a,0.055,,,
4457,2026-05-19,SZ002179,-0.009881268884095152,EXP_DEnsembleModel_Alpha158_csi300_custom_step0_s_20260519_15,d50276ee8c5d4fc4a32190810507d66a,0.055,,,
4458,2026-05-19,SZ002142,-0.017013415217846845,EXP_DEnsembleModel_Alpha158_csi300_custom_step0_s_20260519_15,d50276ee8c5d4fc4a32190810507d66a,0.055,,,
4459,2026-05-19,SZ002074,-0.055443963288596874,EXP_DEnsembleModel_Alpha158_csi300_custom_step0_s_20260519_15,d50276ee8c5d4fc4a32190810507d66a,0.055,,,
4460,2026-05-19,SZ002304,-0.04317081560446597,EXP_DEnsembleModel_Alpha158_csi300_custom_step0_s_20260519_15,d50276ee8c5d4fc4a32190810507d66a,0.055,,,
4461,2026-05-19,SZ301269,0.07484869658946991,EXP_XGBModel_Alpha158_csi300_custom_step0_s_20260519_15,e0070c9cce404396920a7c9465f6b908,0.057,,,
4462,2026-05-19,SH601336,-0.016876176918463496,EXP_LGBModel_Alpha158_csi300_custom_step0_s_20260519_18,fced4fa636db4af18515b2d55d369804,0.076,,,
4463,2026-05-19,SH601319,-0.010598038113269212,EXP_LGBModel_Alpha158_csi300_custom_step0_s_20260519_18,fced4fa636db4af18515b2d55d369804,0.076,,,
4464,2026-05-19,SZ300782,-0.00326391307289959,EXP_LGBModel_Alpha158_csi300_custom_step0_s_20260519_18,0f09a33f74ab4b66aee89fe90422ab97,0.072,,,
4465,2026-05-19,SZ300760,-0.002534382098025488,EXP_LGBModel_Alpha158_csi300_custom_step0_s_20260519_18,0f09a33f74ab4b66aee89fe90422ab97,0.072,,,
4466,2026-05-19,SZ300759,-0.002534382098025488,EXP_LGBModel_Alpha158_csi300_custom_step0_s_20260519_18,0f09a33f74ab4b66aee89fe90422ab97,0.072,,,
4467,2026-05-19,SZ300750,-0.002534382098025488,EXP_LGBModel_Alpha158_csi300_custom_step0_s_20260519_18,0f09a33f74ab4b66aee89fe90422ab97,0.072,,,
4468,2026-05-19,SZ300661,-0.00326391307289959,EXP_LGBModel_Alpha158_csi300_custom_step0_s_20260519_18,0f09a33f74ab4b66aee89fe90422ab97,0.072,,,
4469,2026-05-19,SZ300628,-0.002534382098025488,EXP_LGBModel_Alpha158_csi300_custom_step0_s_20260519_18,0f09a33f74ab4b66aee89fe90422ab97,0.072,,,
4470,2026-05-19,SZ300502,0.00399916983706269,EXP_LGBModel_Alpha158_csi300_custom_step0_s_20260519_18,0f09a33f74ab4b66aee89fe90422ab97,0.072,,,
4471,2026-05-19,SZ300498,-0.002534382098025488,EXP_LGBModel_Alpha158_csi300_custom_step0_s_20260519_18,0f09a33f74ab4b66aee89fe90422ab97,0.072,,,
4472,2026-05-19,SZ300476,0.00399916983706269,EXP_LGBModel_Alpha158_csi300_custom_step0_s_20260519_18,0f09a33f74ab4b66aee89fe90422ab97,0.072,,,
4473,2026-05-19,SZ300442,-0.002534382098025488,EXP_LGBModel_Alpha158_csi300_custom_step0_s_20260519_18,0f09a33f74ab4b66aee89fe90422ab97,0.072,,,
4474,2026-05-19,SZ300433,-0.00326391307289959,EXP_LGBModel_Alpha158_csi300_custom_step0_s_20260519_18,0f09a33f74ab4b66aee89fe90422ab97,0.072,,,
4475,2026-05-19,SZ300418,-0.002534382098025488,EXP_LGBModel_Alpha158_csi300_custom_step0_s_20260519_18,0f09a33f74ab4b66aee89fe90422ab97,0.072,,,
4476,2026-05-19,SZ300413,-2.6181950547923836e-10,EXP_LGBModel_Alpha158_csi300_custom_step0_s_20260519_18,0f09a33f74ab4b66aee89fe90422ab97,0.072,,,
4477,2026-05-19,SZ300408,-2.6181950547923836e-10,EXP_LGBModel_Alpha158_csi300_custom_step0_s_20260519_18,0f09a33f74ab4b66aee89fe90422ab97,0.072,,,
4478,2026-05-19,SZ300394,0.00042866724244429986,EXP_LGBModel_Alpha158_csi300_custom_step0_s_20260519_18,0f09a33f74ab4b66aee89fe90422ab97,0.072,,,
4479,2026-05-19,SZ300803,-0.002534382098025488,EXP_LGBModel_Alpha158_csi300_custom_step0_s_20260519_18,0f09a33f74ab4b66aee89fe90422ab97,0.072,,,
4480,2026-05-19,SZ300832,-0.002534382098025488,EXP_LGBModel_Alpha158_csi300_custom_step0_s_20260519_18,0f09a33f74ab4b66aee89fe90422ab97,0.072,,,
4481,2026-05-19,SZ300866,-0.002534382098025488,EXP_LGBModel_Alpha158_csi300_custom_step0_s_20260519_18,0f09a33f74ab4b66aee89fe90422ab97,0.072,,,
4482,2026-05-19,SZ300896,-0.002534382098025488,EXP_LGBModel_Alpha158_csi300_custom_step0_s_20260519_18,0f09a33f74ab4b66aee89fe90422ab97,0.072,,,
4483,2026-05-19,SH600026,-0.004132033081038649,EXP_LGBModel_Alpha158_csi300_custom_step0_s_20260519_18,fe508552529a4a3d84df19ea1cd13b2a,0.015,,,
4484,2026-05-19,SH600025,-4.1089627725711704e-10,EXP_LGBModel_Alpha158_csi300_custom_step0_s_20260519_18,fe508552529a4a3d84df19ea1cd13b2a,0.015,,,
4485,2026-05-19,SH600023,0.003651060350701972,EXP_LGBModel_Alpha158_csi300_custom_step0_s_20260519_18,fe508552529a4a3d84df19ea1cd13b2a,0.015,,,
4486,2026-05-19,SH600019,-0.01208342287138071,EXP_LGBModel_Alpha158_csi300_custom_step0_s_20260519_18,fe508552529a4a3d84df19ea1cd13b2a,0.015,,,
4487,2026-05-19,SH600018,0.006598145156703973,EXP_LGBModel_Alpha158_csi300_custom_step0_s_20260519_18,fe508552529a4a3d84df19ea1cd13b2a,0.015,,,
4488,2026-05-19,SH600016,-0.0022936434140750426,EXP_LGBModel_Alpha158_csi300_custom_step0_s_20260519_18,fe508552529a4a3d84df19ea1cd13b2a,0.015,,,
4489,2026-05-19,SH600015,-0.00020865586622207402,EXP_LGBModel_Alpha158_csi300_custom_step0_s_20260519_18,fe508552529a4a3d84df19ea1cd13b2a,0.015,,,
4490,2026-05-19,SZ300347,0.00399916983706269,EXP_LGBModel_Alpha158_csi300_custom_step0_s_20260519_18,0f09a33f74ab4b66aee89fe90422ab97,0.072,,,
4491,2026-05-19,SH600011,-0.005168781921288315,EXP_LGBModel_Alpha158_csi300_custom_step0_s_20260519_18,fe508552529a4a3d84df19ea1cd13b2a,0.015,,,
4492,2026-05-19,SH600009,-0.0067314187708819,EXP_LGBModel_Alpha158_csi300_custom_step0_s_20260519_18,fe508552529a4a3d84df19ea1cd13b2a,0.015,,,
4493,2026-05-19,SH600000,-0.0022936434140750426,EXP_LGBModel_Alpha158_csi300_custom_step0_s_20260519_18,fe508552529a4a3d84df19ea1cd13b2a,0.015,,,
4494,2026-05-19,SZ302132,-2.6181950547923836e-10,EXP_LGBModel_Alpha158_csi300_custom_step0_s_20260519_18,0f09a33f74ab4b66aee89fe90422ab97,0.072,,,
4495,2026-05-19,SZ301269,-0.002534382098025488,EXP_LGBModel_Alpha158_csi300_custom_step0_s_20260519_18,0f09a33f74ab4b66aee89fe90422ab97,0.072,,,
4496,2026-05-19,SZ301236,-0.002534382098025488,EXP_LGBModel_Alpha158_csi300_custom_step0_s_20260519_18,0f09a33f74ab4b66aee89fe90422ab97,0.072,,,
4497,2026-05-19,SZ300999,-2.6181950547923836e-10,EXP_LGBModel_Alpha158_csi300_custom_step0_s_20260519_18,0f09a33f74ab4b66aee89fe90422ab97,0.072,,,
4498,2026-05-19,SZ300979,-2.6181950547923836e-10,EXP_LGBModel_Alpha158_csi300_custom_step0_s_20260519_18,0f09a33f74ab4b66aee89fe90422ab97,0.072,,,
4499,2026-05-19,SH600010,-0.013555354454504613,EXP_LGBModel_Alpha158_csi300_custom_step0_s_20260519_18,fe508552529a4a3d84df19ea1cd13b2a,0.015,,,
4500,2026-05-19,SZ300316,-0.002534382098025488,EXP_LGBModel_Alpha158_csi300_custom_step0_s_20260519_18,0f09a33f74ab4b66aee89fe90422ab97,0.072,,,
4501,2026-05-19,SZ300308,-0.00326391307289959,EXP_LGBModel_Alpha158_csi300_custom_step0_s_20260519_18,0f09a33f74ab4b66aee89fe90422ab97,0.072,,,
4502,2026-05-19,SZ300274,0.0020771554568820346,EXP_LGBModel_Alpha158_csi300_custom_step0_s_20260519_18,0f09a33f74ab4b66aee89fe90422ab97,0.072,,,
4503,2026-05-19,SZ002475,0.00399916983706269,EXP_LGBModel_Alpha158_csi300_custom_step0_s_20260519_18,0f09a33f74ab4b66aee89fe90422ab97,0.072,,,
4504,2026-05-19,SZ002466,0.00399916983706269,EXP_LGBModel_Alpha158_csi300_custom_step0_s_20260519_18,0f09a33f74ab4b66aee89fe90422ab97,0.072,,,
4505,2026-05-19,SZ002463,0.00399916983706269,EXP_LGBModel_Alpha158_csi300_custom_step0_s_20260519_18,0f09a33f74ab4b66aee89fe90422ab97,0.072,,,
4506,2026-05-19,SZ002460,-0.002534382098025488,EXP_LGBModel_Alpha158_csi300_custom_step0_s_20260519_18,0f09a33f74ab4b66aee89fe90422ab97,0.072,,,
4507,2026-05-19,SZ002459,-0.002534382098025488,EXP_LGBModel_Alpha158_csi300_custom_step0_s_20260519_18,0f09a33f74ab4b66aee89fe90422ab97,0.072,,,
4508,2026-05-19,SZ002422,-0.0006979604627668624,EXP_LGBModel_Alpha158_csi300_custom_step0_s_20260519_18,0f09a33f74ab4b66aee89fe90422ab97,0.072,,,
4509,2026-05-19,SZ002415,-0.002534382098025488,EXP_LGBModel_Alpha158_csi300_custom_step0_s_20260519_18,0f09a33f74ab4b66aee89fe90422ab97,0.072,,,
4510,2026-05-19,SZ002493,-0.002534382098025488,EXP_LGBModel_Alpha158_csi300_custom_step0_s_20260519_18,0f09a33f74ab4b66aee89fe90422ab97,0.072,,,
4511,2026-05-19,SZ002384,0.00399916983706269,EXP_LGBModel_Alpha158_csi300_custom_step0_s_20260519_18,0f09a33f74ab4b66aee89fe90422ab97,0.072,,,
4512,2026-05-19,SZ002352,-2.6181950547923836e-10,EXP_LGBModel_Alpha158_csi300_custom_step0_s_20260519_18,0f09a33f74ab4b66aee89fe90422ab97,0.072,,,
4513,2026-05-19,SZ002311,-0.002534382098025488,EXP_LGBModel_Alpha158_csi300_custom_step0_s_20260519_18,0f09a33f74ab4b66aee89fe90422ab97,0.072,,,
4514,2026-05-19,SZ002304,-0.002534382098025488,EXP_LGBModel_Alpha158_csi300_custom_step0_s_20260519_18,0f09a33f74ab4b66aee89fe90422ab97,0.072,,,
4515,2026-05-19,SZ002252,-2.6181950547923836e-10,EXP_LGBModel_Alpha158_csi300_custom_step0_s_20260519_18,0f09a33f74ab4b66aee89fe90422ab97,0.072,,,
4516,2026-05-19,SZ002241,-2.6181950547923836e-10,EXP_LGBModel_Alpha158_csi300_custom_step0_s_20260519_18,0f09a33f74ab4b66aee89fe90422ab97,0.072,,,
4517,2026-05-19,SZ002236,-0.002534382098025488,EXP_LGBModel_Alpha158_csi300_custom_step0_s_20260519_18,0f09a33f74ab4b66aee89fe90422ab97,0.072,,,
4518,2026-05-19,SZ002230,0.00042866724244429986,EXP_LGBModel_Alpha158_csi300_custom_step0_s_20260519_18,0f09a33f74ab4b66aee89fe90422ab97,0.072,,,
4519,2026-05-19,SZ002371,-2.6181950547923836e-10,EXP_LGBModel_Alpha158_csi300_custom_step0_s_20260519_18,0f09a33f74ab4b66aee89fe90422ab97,0.072,,,
4520,2026-05-19,SH600027,0.0002739043443626668,EXP_LGBModel_Alpha158_csi300_custom_step0_s_20260519_18,fe508552529a4a3d84df19ea1cd13b2a,0.015,,,
4521,2026-05-19,SZ002594,-0.002534382098025488,EXP_LGBModel_Alpha158_csi300_custom_step0_s_20260519_18,0f09a33f74ab4b66aee89fe90422ab97,0.072,,,
4522,2026-05-19,SZ002601,-2.6181950547923836e-10,EXP_LGBModel_Alpha158_csi300_custom_step0_s_20260519_18,0f09a33f74ab4b66aee89fe90422ab97,0.072,,,
4523,2026-05-19,SZ300251,-0.002534382098025488,EXP_LGBModel_Alpha158_csi300_custom_step0_s_20260519_18,0f09a33f74ab4b66aee89fe90422ab97,0.072,,,
4524,2026-05-19,SZ300124,-0.002534382098025488,EXP_LGBModel_Alpha158_csi300_custom_step0_s_20260519_18,0f09a33f74ab4b66aee89fe90422ab97,0.072,,,
4525,2026-05-19,SZ300122,-2.6181950547923836e-10,EXP_LGBModel_Alpha158_csi300_custom_step0_s_20260519_18,0f09a33f74ab4b66aee89fe90422ab97,0.072,,,
4526,2026-05-19,SZ300059,-0.002534382098025488,EXP_LGBModel_Alpha158_csi300_custom_step0_s_20260519_18,0f09a33f74ab4b66aee89fe90422ab97,0.072,,,
4527,2026-05-19,SZ300033,-0.002534382098025488,EXP_LGBModel_Alpha158_csi300_custom_step0_s_20260519_18,0f09a33f74ab4b66aee89fe90422ab97,0.072,,,
4528,2026-05-19,SZ300015,-0.002534382098025488,EXP_LGBModel_Alpha158_csi300_custom_step0_s_20260519_18,0f09a33f74ab4b66aee89fe90422ab97,0.072,,,
4529,2026-05-19,SZ300014,-0.002534382098025488,EXP_LGBModel_Alpha158_csi300_custom_step0_s_20260519_18,0f09a33f74ab4b66aee89fe90422ab97,0.072,,,
4530,2026-05-19,SZ002600,-0.002534382098025488,EXP_LGBModel_Alpha158_csi300_custom_step0_s_20260519_18,0f09a33f74ab4b66aee89fe90422ab97,0.072,,,
4531,2026-05-19,SZ003816,-2.6181950547923836e-10,EXP_LGBModel_Alpha158_csi300_custom_step0_s_20260519_18,0f09a33f74ab4b66aee89fe90422ab97,0.072,,,
4532,2026-05-19,SZ002920,-2.6181950547923836e-10,EXP_LGBModel_Alpha158_csi300_custom_step0_s_20260519_18,0f09a33f74ab4b66aee89fe90422ab97,0.072,,,
4533,2026-05-19,SZ002916,0.00399916983706269,EXP_LGBModel_Alpha158_csi300_custom_step0_s_20260519_18,0f09a33f74ab4b66aee89fe90422ab97,0.072,,,
4534,2026-05-19,SZ002736,-2.6181950547923836e-10,EXP_LGBModel_Alpha158_csi300_custom_step0_s_20260519_18,0f09a33f74ab4b66aee89fe90422ab97,0.072,,,
4535,2026-05-19,SZ002714,-0.002534382098025488,EXP_LGBModel_Alpha158_csi300_custom_step0_s_20260519_18,0f09a33f74ab4b66aee89fe90422ab97,0.072,,,
4536,2026-05-19,SZ002709,0.00399916983706269,EXP_LGBModel_Alpha158_csi300_custom_step0_s_20260519_18,0f09a33f74ab4b66aee89fe90422ab97,0.072,,,
4537,2026-05-19,SZ002648,-2.6181950547923836e-10,EXP_LGBModel_Alpha158_csi300_custom_step0_s_20260519_18,0f09a33f74ab4b66aee89fe90422ab97,0.072,,,
4538,2026-05-19,SZ002625,-0.002534382098025488,EXP_LGBModel_Alpha158_csi300_custom_step0_s_20260519_18,0f09a33f74ab4b66aee89fe90422ab97,0.072,,,
4539,2026-05-19,SZ002938,-0.00326391307289959,EXP_LGBModel_Alpha158_csi300_custom_step0_s_20260519_18,0f09a33f74ab4b66aee89fe90422ab97,0.072,,,
4540,2026-05-19,SH600028,0.007805891488023764,EXP_LGBModel_Alpha158_csi300_custom_step0_s_20260519_18,fe508552529a4a3d84df19ea1cd13b2a,0.015,,,
4541,2026-05-19,SH600029,-0.0061794444541254006,EXP_LGBModel_Alpha158_csi300_custom_step0_s_20260519_18,fe508552529a4a3d84df19ea1cd13b2a,0.015,,,
4542,2026-05-19,SH600030,-0.0032670169635421195,EXP_LGBModel_Alpha158_csi300_custom_step0_s_20260519_18,fe508552529a4a3d84df19ea1cd13b2a,0.015,,,
4543,2026-05-19,SH600887,0.009861683608330646,EXP_LGBModel_Alpha158_csi300_custom_step0_s_20260519_18,fe508552529a4a3d84df19ea1cd13b2a,0.015,,,
4544,2026-05-19,SH600886,0.0009163086009227132,EXP_LGBModel_Alpha158_csi300_custom_step0_s_20260519_18,fe508552529a4a3d84df19ea1cd13b2a,0.015,,,
4545,2026-05-19,SH600875,-0.007993394463864352,EXP_LGBModel_Alpha158_csi300_custom_step0_s_20260519_18,fe508552529a4a3d84df19ea1cd13b2a,0.015,,,
4546,2026-05-19,SH600845,0.0012228405596915318,EXP_LGBModel_Alpha158_csi300_custom_step0_s_20260519_18,fe508552529a4a3d84df19ea1cd13b2a,0.015,,,
4547,2026-05-19,SH600809,-0.01428413982247594,EXP_LGBModel_Alpha158_csi300_custom_step0_s_20260519_18,fe508552529a4a3d84df19ea1cd13b2a,0.015,,,
4548,2026-05-19,SH600803,0.007908628067646754,EXP_LGBModel_Alpha158_csi300_custom_step0_s_20260519_18,fe508552529a4a3d84df19ea1cd13b2a,0.015,,,
4549,2026-05-19,SH600795,0.0006888473466339399,EXP_LGBModel_Alpha158_csi300_custom_step0_s_20260519_18,fe508552529a4a3d84df19ea1cd13b2a,0.015,,,
4550,2026-05-19,SH600893,-0.014086333815968115,EXP_LGBModel_Alpha158_csi300_custom_step0_s_20260519_18,fe508552529a4a3d84df19ea1cd13b2a,0.015,,,
4551,2026-05-19,SH600760,-0.016232040410794936,EXP_LGBModel_Alpha158_csi300_custom_step0_s_20260519_18,fe508552529a4a3d84df19ea1cd13b2a,0.015,,,
4552,2026-05-19,SH600690,0.012076520482779955,EXP_LGBModel_Alpha158_csi300_custom_step0_s_20260519_18,fe508552529a4a3d84df19ea1cd13b2a,0.015,,,
4553,2026-05-19,SH600674,0.0029060527662181012,EXP_LGBModel_Alpha158_csi300_custom_step0_s_20260519_18,fe508552529a4a3d84df19ea1cd13b2a,0.015,,,
4554,2026-05-19,SH600660,-0.012111738420986425,EXP_LGBModel_Alpha158_csi300_custom_step0_s_20260519_18,fe508552529a4a3d84df19ea1cd13b2a,0.015,,,
4555,2026-05-19,SH600600,-4.1089627725711704e-10,EXP_LGBModel_Alpha158_csi300_custom_step0_s_20260519_18,fe508552529a4a3d84df19ea1cd13b2a,0.015,,,
4556,2026-05-19,SH600588,-0.008508481567114635,EXP_LGBModel_Alpha158_csi300_custom_step0_s_20260519_18,fe508552529a4a3d84df19ea1cd13b2a,0.015,,,
4557,2026-05-19,SH600585,-0.013874687748199988,EXP_LGBModel_Alpha158_csi300_custom_step0_s_20260519_18,fe508552529a4a3d84df19ea1cd13b2a,0.015,,,
4558,2026-05-19,SH600584,-0.011705138094340851,EXP_LGBModel_Alpha158_csi300_custom_step0_s_20260519_18,fe508552529a4a3d84df19ea1cd13b2a,0.015,,,
4559,2026-05-19,SH600741,-0.0022428350018055434,EXP_LGBModel_Alpha158_csi300_custom_step0_s_20260519_18,fe508552529a4a3d84df19ea1cd13b2a,0.015,,,
4560,2026-05-19,SH600570,-0.006291943996085816,EXP_LGBModel_Alpha158_csi300_custom_step0_s_20260519_18,fe508552529a4a3d84df19ea1cd13b2a,0.015,,,
4561,2026-05-19,SH600900,-4.1089627725711704e-10,EXP_LGBModel_Alpha158_csi300_custom_step0_s_20260519_18,fe508552529a4a3d84df19ea1cd13b2a,0.015,,,
4562,2026-05-19,SH600918,0.005967987673107103,EXP_LGBModel_Alpha158_csi300_custom_step0_s_20260519_18,fe508552529a4a3d84df19ea1cd13b2a,0.015,,,
4563,2026-05-19,SH601066,-0.005352004511395088,EXP_LGBModel_Alpha158_csi300_custom_step0_s_20260519_18,fe508552529a4a3d84df19ea1cd13b2a,0.015,,,
4564,2026-05-19,SH601059,-4.1089627725711704e-10,EXP_LGBModel_Alpha158_csi300_custom_step0_s_20260519_18,fe508552529a4a3d84df19ea1cd13b2a,0.015,,,
4565,2026-05-19,SH601058,-0.014440775533975658,EXP_LGBModel_Alpha158_csi300_custom_step0_s_20260519_18,fe508552529a4a3d84df19ea1cd13b2a,0.015,,,
4566,2026-05-19,SH601021,-0.01411464936557383,EXP_LGBModel_Alpha158_csi300_custom_step0_s_20260519_18,fe508552529a4a3d84df19ea1cd13b2a,0.015,,,
4567,2026-05-19,SH601018,-0.002486014606124194,EXP_LGBModel_Alpha158_csi300_custom_step0_s_20260519_18,fe508552529a4a3d84df19ea1cd13b2a,0.015,,,
4568,2026-05-19,SH601012,0.0005309789505672251,EXP_LGBModel_Alpha158_csi300_custom_step0_s_20260519_18,fe508552529a4a3d84df19ea1cd13b2a,0.015,,,
4569,2026-05-19,SH601009,0.005777482627397234,EXP_LGBModel_Alpha158_csi300_custom_step0_s_20260519_18,fe508552529a4a3d84df19ea1cd13b2a,0.015,,,
4570,2026-05-19,SH600905,0.004385830062839322,EXP_LGBModel_Alpha158_csi300_custom_step0_s_20260519_18,fe508552529a4a3d84df19ea1cd13b2a,0.015,,,
4571,2026-05-19,SH601006,0.0020849871369566916,EXP_LGBModel_Alpha158_csi300_custom_step0_s_20260519_18,fe508552529a4a3d84df19ea1cd13b2a,0.015,,,
4572,2026-05-19,SH600989,-0.00971226811857744,EXP_LGBModel_Alpha158_csi300_custom_step0_s_20260519_18,fe508552529a4a3d84df19ea1cd13b2a,0.015,,,
4573,2026-05-19,SH600958,-0.0043605041701034785,EXP_LGBModel_Alpha158_csi300_custom_step0_s_20260519_18,fe508552529a4a3d84df19ea1cd13b2a,0.015,,,
4574,2026-05-19,SH600941,0.0029060527662181012,EXP_LGBModel_Alpha158_csi300_custom_step0_s_20260519_18,fe508552529a4a3d84df19ea1cd13b2a,0.015,,,
4575,2026-05-19,SH600938,-0.00573650490913744,EXP_LGBModel_Alpha158_csi300_custom_step0_s_20260519_18,fe508552529a4a3d84df19ea1cd13b2a,0.015,,,
4576,2026-05-19,SH600930,-0.014086333815968115,EXP_LGBModel_Alpha158_csi300_custom_step0_s_20260519_18,fe508552529a4a3d84df19ea1cd13b2a,0.015,,,
4577,2026-05-19,SH600926,-0.0010627590223292157,EXP_LGBModel_Alpha158_csi300_custom_step0_s_20260519_18,fe508552529a4a3d84df19ea1cd13b2a,0.015,,,
4578,2026-05-19,SH600919,0.005578739096021512,EXP_LGBModel_Alpha158_csi300_custom_step0_s_20260519_18,fe508552529a4a3d84df19ea1cd13b2a,0.015,,,
4579,2026-05-19,SH600999,-0.0021543154466477734,EXP_LGBModel_Alpha158_csi300_custom_step0_s_20260519_18,fe508552529a4a3d84df19ea1cd13b2a,0.015,,,
4580,2026-05-19,SZ002179,-0.002534382098025488,EXP_LGBModel_Alpha158_csi300_custom_step0_s_20260519_18,0f09a33f74ab4b66aee89fe90422ab97,0.072,,,
4581,2026-05-19,SH600547,0.039663354739692847,EXP_LGBModel_Alpha158_csi300_custom_step0_s_20260519_18,fe508552529a4a3d84df19ea1cd13b2a,0.015,,,
4582,2026-05-19,SH600519,-0.0022936434140750426,EXP_LGBModel_Alpha158_csi300_custom_step0_s_20260519_18,fe508552529a4a3d84df19ea1cd13b2a,0.015,,,
4583,2026-05-19,SH600176,0.039663354739692847,EXP_LGBModel_Alpha158_csi300_custom_step0_s_20260519_18,fe508552529a4a3d84df19ea1cd13b2a,0.015,,,
4584,2026-05-19,SH600161,-0.0046001876644004925,EXP_LGBModel_Alpha158_csi300_custom_step0_s_20260519_18,fe508552529a4a3d84df19ea1cd13b2a,0.015,,,
4585,2026-05-19,SH600160,-0.009651001382783998,EXP_LGBModel_Alpha158_csi300_custom_step0_s_20260519_18,fe508552529a4a3d84df19ea1cd13b2a,0.015,,,
4586,2026-05-19,SH600150,0.039663354739692847,EXP_LGBModel_Alpha158_csi300_custom_step0_s_20260519_18,fe508552529a4a3d84df19ea1cd13b2a,0.015,,,
4587,2026-05-19,SH600115,-0.016443686478563063,EXP_LGBModel_Alpha158_csi300_custom_step0_s_20260519_18,fe508552529a4a3d84df19ea1cd13b2a,0.015,,,
4588,2026-05-19,SH600111,-0.011226317341515378,EXP_LGBModel_Alpha158_csi300_custom_step0_s_20260519_18,fe508552529a4a3d84df19ea1cd13b2a,0.015,,,
4589,2026-05-19,SH600104,-0.009952191764899303,EXP_LGBModel_Alpha158_csi300_custom_step0_s_20260519_18,fe508552529a4a3d84df19ea1cd13b2a,0.015,,,
4590,2026-05-19,SH600183,0.00959080397336369,EXP_LGBModel_Alpha158_csi300_custom_step0_s_20260519_18,fe508552529a4a3d84df19ea1cd13b2a,0.015,,,
4591,2026-05-19,SH600089,-0.016443686478563063,EXP_LGBModel_Alpha158_csi300_custom_step0_s_20260519_18,fe508552529a4a3d84df19ea1cd13b2a,0.015,,,
4592,2026-05-19,SH600066,-0.008508481567114635,EXP_LGBModel_Alpha158_csi300_custom_step0_s_20260519_18,fe508552529a4a3d84df19ea1cd13b2a,0.015,,,
4593,2026-05-19,SH600061,-0.009517695911261028,EXP_LGBModel_Alpha158_csi300_custom_step0_s_20260519_18,fe508552529a4a3d84df19ea1cd13b2a,0.015,,,
4594,2026-05-19,SH600050,-0.006391622891876124,EXP_LGBModel_Alpha158_csi300_custom_step0_s_20260519_18,fe508552529a4a3d84df19ea1cd13b2a,0.015,,,
4595,2026-05-19,SH600048,-0.016443686478563063,EXP_LGBModel_Alpha158_csi300_custom_step0_s_20260519_18,fe508552529a4a3d84df19ea1cd13b2a,0.015,,,
4596,2026-05-19,SH600039,-4.1089627725711704e-10,EXP_LGBModel_Alpha158_csi300_custom_step0_s_20260519_18,fe508552529a4a3d84df19ea1cd13b2a,0.015,,,
4597,2026-05-19,SH600036,-0.0022936434140750426,EXP_LGBModel_Alpha158_csi300_custom_step0_s_20260519_18,fe508552529a4a3d84df19ea1cd13b2a,0.015,,,
4598,2026-05-19,SH600031,-0.009152973207508224,EXP_LGBModel_Alpha158_csi300_custom_step0_s_20260519_18,fe508552529a4a3d84df19ea1cd13b2a,0.015,,,
4599,2026-05-19,SH600085,-0.013903003297805703,EXP_LGBModel_Alpha158_csi300_custom_step0_s_20260519_18,fe508552529a4a3d84df19ea1cd13b2a,0.015,,,
4600,2026-05-19,SH600522,-0.016253244272569706,EXP_LGBModel_Alpha158_csi300_custom_step0_s_20260519_18,fe508552529a4a3d84df19ea1cd13b2a,0.015,,,
4601,2026-05-19,SH600188,-0.01428413982247594,EXP_LGBModel_Alpha158_csi300_custom_step0_s_20260519_18,fe508552529a4a3d84df19ea1cd13b2a,0.015,,,
4602,2026-05-19,SH600219,-0.00014045124350236328,EXP_LGBModel_Alpha158_csi300_custom_step0_s_20260519_18,fe508552529a4a3d84df19ea1cd13b2a,0.015,,,
4603,2026-05-19,SH600515,-0.01208342287138071,EXP_LGBModel_Alpha158_csi300_custom_step0_s_20260519_18,fe508552529a4a3d84df19ea1cd13b2a,0.015,,,
4604,2026-05-19,SH600489,-0.003158480425384534,EXP_LGBModel_Alpha158_csi300_custom_step0_s_20260519_18,fe508552529a4a3d84df19ea1cd13b2a,0.015,,,
4605,2026-05-19,SH600482,-0.009651001382783998,EXP_LGBModel_Alpha158_csi300_custom_step0_s_20260519_18,fe508552529a4a3d84df19ea1cd13b2a,0.015,,,
4606,2026-05-19,SH600460,0.002428219380114163,EXP_LGBModel_Alpha158_csi300_custom_step0_s_20260519_18,fe508552529a4a3d84df19ea1cd13b2a,0.015,,,
4607,2026-05-19,SH600438,-0.006823936094518989,EXP_LGBModel_Alpha158_csi300_custom_step0_s_20260519_18,fe508552529a4a3d84df19ea1cd13b2a,0.015,,,
4608,2026-05-19,SH600436,-0.005874313241016567,EXP_LGBModel_Alpha158_csi300_custom_step0_s_20260519_18,fe508552529a4a3d84df19ea1cd13b2a,0.015,,,
4609,2026-05-19,SH600426,-0.006046812449442985,EXP_LGBModel_Alpha158_csi300_custom_step0_s_20260519_18,fe508552529a4a3d84df19ea1cd13b2a,0.015,,,
4610,2026-05-19,SH600196,-0.012111738420986425,EXP_LGBModel_Alpha158_csi300_custom_step0_s_20260519_18,fe508552529a4a3d84df19ea1cd13b2a,0.015,,,
4611,2026-05-19,SH600415,0.00696915621712768,EXP_LGBModel_Alpha158_csi300_custom_step0_s_20260519_18,fe508552529a4a3d84df19ea1cd13b2a,0.015,,,
4612,2026-05-19,SH600377,0.01767030857989782,EXP_LGBModel_Alpha158_csi300_custom_step0_s_20260519_18,fe508552529a4a3d84df19ea1cd13b2a,0.015,,,
4613,2026-05-19,SH600372,-0.009152973207508224,EXP_LGBModel_Alpha158_csi300_custom_step0_s_20260519_18,fe508552529a4a3d84df19ea1cd13b2a,0.015,,,
4614,2026-05-19,SH600362,-0.005620149543056183,EXP_LGBModel_Alpha158_csi300_custom_step0_s_20260519_18,fe508552529a4a3d84df19ea1cd13b2a,0.015,,,
4615,2026-05-19,SH600346,-4.1089627725711704e-10,EXP_LGBModel_Alpha158_csi300_custom_step0_s_20260519_18,fe508552529a4a3d84df19ea1cd13b2a,0.015,,,
4616,2026-05-19,SH600309,-0.004922493967385778,EXP_LGBModel_Alpha158_csi300_custom_step0_s_20260519_18,fe508552529a4a3d84df19ea1cd13b2a,0.015,,,
4617,2026-05-19,SH600276,-0.016443686478563063,EXP_LGBModel_Alpha158_csi300_custom_step0_s_20260519_18,fe508552529a4a3d84df19ea1cd13b2a,0.015,,,
4618,2026-05-19,SH600233,-0.01139580779841749,EXP_LGBModel_Alpha158_csi300_custom_step0_s_20260519_18,fe508552529a4a3d84df19ea1cd13b2a,0.015,,,
4619,2026-05-19,SH600406,-0.016249114271246652,EXP_LGBModel_Alpha158_csi300_custom_step0_s_20260519_18,fe508552529a4a3d84df19ea1cd13b2a,0.015,,,
4620,2026-05-19,SZ002142,-2.6181950547923836e-10,EXP_LGBModel_Alpha158_csi300_custom_step0_s_20260519_18,0f09a33f74ab4b66aee89fe90422ab97,0.072,,,
4621,2026-05-19,SZ002074,-0.002534382098025488,EXP_LGBModel_Alpha158_csi300_custom_step0_s_20260519_18,0f09a33f74ab4b66aee89fe90422ab97,0.072,,,
4622,2026-05-19,SZ002050,-0.002534382098025488,EXP_LGBModel_Alpha158_csi300_custom_step0_s_20260519_18,0f09a33f74ab4b66aee89fe90422ab97,0.072,,,
4623,2026-05-19,SH601766,-2.6181950547923836e-10,EXP_LGBModel_Alpha158_csi300_custom_step0_s_20260519_18,0f09a33f74ab4b66aee89fe90422ab97,0.072,,,
4624,2026-05-19,SH601728,0.0020771554568820346,EXP_LGBModel_Alpha158_csi300_custom_step0_s_20260519_18,0f09a33f74ab4b66aee89fe90422ab97,0.072,,,
4625,2026-05-19,SH601698,-0.002534382098025488,EXP_LGBModel_Alpha158_csi300_custom_step0_s_20260519_18,0f09a33f74ab4b66aee89fe90422ab97,0.072,,,
4626,2026-05-19,SH601689,-0.002534382098025488,EXP_LGBModel_Alpha158_csi300_custom_step0_s_20260519_18,0f09a33f74ab4b66aee89fe90422ab97,0.072,,,
4627,2026-05-19,SH601688,-2.6181950547923836e-10,EXP_LGBModel_Alpha158_csi300_custom_step0_s_20260519_18,0f09a33f74ab4b66aee89fe90422ab97,0.072,,,
4628,2026-05-19,SH601669,-0.002534382098025488,EXP_LGBModel_Alpha158_csi300_custom_step0_s_20260519_18,0f09a33f74ab4b66aee89fe90422ab97,0.072,,,
4629,2026-05-19,SH601668,-2.6181950547923836e-10,EXP_LGBModel_Alpha158_csi300_custom_step0_s_20260519_18,0f09a33f74ab4b66aee89fe90422ab97,0.072,,,
4630,2026-05-19,SH601788,-0.002534382098025488,EXP_LGBModel_Alpha158_csi300_custom_step0_s_20260519_18,0f09a33f74ab4b66aee89fe90422ab97,0.072,,,
4631,2026-05-19,SH601658,-2.6181950547923836e-10,EXP_LGBModel_Alpha158_csi300_custom_step0_s_20260519_18,0f09a33f74ab4b66aee89fe90422ab97,0.072,,,
4632,2026-05-19,SH601628,-0.002534382098025488,EXP_LGBModel_Alpha158_csi300_custom_step0_s_20260519_18,0f09a33f74ab4b66aee89fe90422ab97,0.072,,,
4633,2026-05-19,SH601618,-2.6181950547923836e-10,EXP_LGBModel_Alpha158_csi300_custom_step0_s_20260519_18,0f09a33f74ab4b66aee89fe90422ab97,0.072,,,
4634,2026-05-19,SH601607,-2.6181950547923836e-10,EXP_LGBModel_Alpha158_csi300_custom_step0_s_20260519_18,0f09a33f74ab4b66aee89fe90422ab97,0.072,,,
4635,2026-05-19,SH601601,-0.002534382098025488,EXP_LGBModel_Alpha158_csi300_custom_step0_s_20260519_18,0f09a33f74ab4b66aee89fe90422ab97,0.072,,,
4636,2026-05-19,SH601600,-0.002534382098025488,EXP_LGBModel_Alpha158_csi300_custom_step0_s_20260519_18,0f09a33f74ab4b66aee89fe90422ab97,0.072,,,
4637,2026-05-19,SH601456,-2.6181950547923836e-10,EXP_LGBModel_Alpha158_csi300_custom_step0_s_20260519_18,0f09a33f74ab4b66aee89fe90422ab97,0.072,,,
4638,2026-05-19,SH601398,0.002568324417190581,EXP_LGBModel_Alpha158_csi300_custom_step0_s_20260519_18,0f09a33f74ab4b66aee89fe90422ab97,0.072,,,
4639,2026-05-19,SH601633,-2.6181950547923836e-10,EXP_LGBModel_Alpha158_csi300_custom_step0_s_20260519_18,0f09a33f74ab4b66aee89fe90422ab97,0.072,,,
4640,2026-05-19,SH601390,-2.6181950547923836e-10,EXP_LGBModel_Alpha158_csi300_custom_step0_s_20260519_18,0f09a33f74ab4b66aee89fe90422ab97,0.072,,,
4641,2026-05-19,SH601800,-0.002534382098025488,EXP_LGBModel_Alpha158_csi300_custom_step0_s_20260519_18,0f09a33f74ab4b66aee89fe90422ab97,0.072,,,
4642,2026-05-19,SH601816,0.002568324417190581,EXP_LGBModel_Alpha158_csi300_custom_step0_s_20260519_18,0f09a33f74ab4b66aee89fe90422ab97,0.072,,,
4643,2026-05-19,SH601939,0.002568324417190581,EXP_LGBModel_Alpha158_csi300_custom_step0_s_20260519_18,0f09a33f74ab4b66aee89fe90422ab97,0.072,,,
4644,2026-05-19,SH601919,-2.6181950547923836e-10,EXP_LGBModel_Alpha158_csi300_custom_step0_s_20260519_18,0f09a33f74ab4b66aee89fe90422ab97,0.072,,,
4645,2026-05-19,SH601916,0.002568324417190581,EXP_LGBModel_Alpha158_csi300_custom_step0_s_20260519_18,0f09a33f74ab4b66aee89fe90422ab97,0.072,,,
4646,2026-05-19,SH601901,-2.6181950547923836e-10,EXP_LGBModel_Alpha158_csi300_custom_step0_s_20260519_18,0f09a33f74ab4b66aee89fe90422ab97,0.072,,,
4647,2026-05-19,SH601899,-0.002534382098025488,EXP_LGBModel_Alpha158_csi300_custom_step0_s_20260519_18,0f09a33f74ab4b66aee89fe90422ab97,0.072,,,
4648,2026-05-19,SH601898,-0.002534382098025488,EXP_LGBModel_Alpha158_csi300_custom_step0_s_20260519_18,0f09a33f74ab4b66aee89fe90422ab97,0.072,,,
4649,2026-05-19,SH601888,-2.6181950547923836e-10,EXP_LGBModel_Alpha158_csi300_custom_step0_s_20260519_18,0f09a33f74ab4b66aee89fe90422ab97,0.072,,,
4650,2026-05-19,SH601808,-2.6181950547923836e-10,EXP_LGBModel_Alpha158_csi300_custom_step0_s_20260519_18,0f09a33f74ab4b66aee89fe90422ab97,0.072,,,
4651,2026-05-19,SH601881,-2.6181950547923836e-10,EXP_LGBModel_Alpha158_csi300_custom_step0_s_20260519_18,0f09a33f74ab4b66aee89fe90422ab97,0.072,,,
4652,2026-05-19,SH601877,-2.6181950547923836e-10,EXP_LGBModel_Alpha158_csi300_custom_step0_s_20260519_18,0f09a33f74ab4b66aee89fe90422ab97,0.072,,,
4653,2026-05-19,SH601872,-0.002534382098025488,EXP_LGBModel_Alpha158_csi300_custom_step0_s_20260519_18,0f09a33f74ab4b66aee89fe90422ab97,0.072,,,
4654,2026-05-19,SH601868,-0.002534382098025488,EXP_LGBModel_Alpha158_csi300_custom_step0_s_20260519_18,0f09a33f74ab4b66aee89fe90422ab97,0.072,,,
4655,2026-05-19,SH601857,-0.002534382098025488,EXP_LGBModel_Alpha158_csi300_custom_step0_s_20260519_18,0f09a33f74ab4b66aee89fe90422ab97,0.072,,,
4656,2026-05-19,SH601838,-2.6181950547923836e-10,EXP_LGBModel_Alpha158_csi300_custom_step0_s_20260519_18,0f09a33f74ab4b66aee89fe90422ab97,0.072,,,
4657,2026-05-19,SH601825,0.002568324417190581,EXP_LGBModel_Alpha158_csi300_custom_step0_s_20260519_18,0f09a33f74ab4b66aee89fe90422ab97,0.072,,,
4658,2026-05-19,SH601818,-2.6181950547923836e-10,EXP_LGBModel_Alpha158_csi300_custom_step0_s_20260519_18,0f09a33f74ab4b66aee89fe90422ab97,0.072,,,
4659,2026-05-19,SH601878,0.002568324417190581,EXP_LGBModel_Alpha158_csi300_custom_step0_s_20260519_18,0f09a33f74ab4b66aee89fe90422ab97,0.072,,,
4660,2026-05-19,SH601985,0.002568324417190581,EXP_LGBModel_Alpha158_csi300_custom_step0_s_20260519_18,0f09a33f74ab4b66aee89fe90422ab97,0.072,,,
4661,2026-05-19,SH601377,-2.6181950547923836e-10,EXP_LGBModel_Alpha158_csi300_custom_step0_s_20260519_18,0f09a33f74ab4b66aee89fe90422ab97,0.072,,,
4662,2026-05-19,SH601336,-0.002534382098025488,EXP_LGBModel_Alpha158_csi300_custom_step0_s_20260519_18,0f09a33f74ab4b66aee89fe90422ab97,0.072,,,
4663,2026-05-19,SH601077,-2.6181950547923836e-10,EXP_LGBModel_Alpha158_csi300_custom_step0_s_20260519_18,0f09a33f74ab4b66aee89fe90422ab97,0.072,,,
4664,2026-05-19,SH601066,-2.6181950547923836e-10,EXP_LGBModel_Alpha158_csi300_custom_step0_s_20260519_18,0f09a33f74ab4b66aee89fe90422ab97,0.072,,,
4665,2026-05-19,SH601059,-2.6181950547923836e-10,EXP_LGBModel_Alpha158_csi300_custom_step0_s_20260519_18,0f09a33f74ab4b66aee89fe90422ab97,0.072,,,
4666,2026-05-19,SH601058,-2.6181950547923836e-10,EXP_LGBModel_Alpha158_csi300_custom_step0_s_20260519_18,0f09a33f74ab4b66aee89fe90422ab97,0.072,,,
4667,2026-05-19,SH601021,-0.002534382098025488,EXP_LGBModel_Alpha158_csi300_custom_step0_s_20260519_18,0f09a33f74ab4b66aee89fe90422ab97,0.072,,,
4668,2026-05-19,SH601018,0.002568324417190581,EXP_LGBModel_Alpha158_csi300_custom_step0_s_20260519_18,0f09a33f74ab4b66aee89fe90422ab97,0.072,,,
4669,2026-05-19,SH601012,-2.6181950547923836e-10,EXP_LGBModel_Alpha158_csi300_custom_step0_s_20260519_18,0f09a33f74ab4b66aee89fe90422ab97,0.072,,,
4670,2026-05-19,SH601088,-0.002534382098025488,EXP_LGBModel_Alpha158_csi300_custom_step0_s_20260519_18,0f09a33f74ab4b66aee89fe90422ab97,0.072,,,
4671,2026-05-19,SH601009,-2.6181950547923836e-10,EXP_LGBModel_Alpha158_csi300_custom_step0_s_20260519_18,0f09a33f74ab4b66aee89fe90422ab97,0.072,,,
4672,2026-05-19,SH600999,-2.6181950547923836e-10,EXP_LGBModel_Alpha158_csi300_custom_step0_s_20260519_18,0f09a33f74ab4b66aee89fe90422ab97,0.072,,,
4673,2026-05-19,SH600989,-0.002534382098025488,EXP_LGBModel_Alpha158_csi300_custom_step0_s_20260519_18,0f09a33f74ab4b66aee89fe90422ab97,0.072,,,
4674,2026-05-19,SH600958,-0.002534382098025488,EXP_LGBModel_Alpha158_csi300_custom_step0_s_20260519_18,0f09a33f74ab4b66aee89fe90422ab97,0.072,,,
4675,2026-05-19,SH600941,-2.6181950547923836e-10,EXP_LGBModel_Alpha158_csi300_custom_step0_s_20260519_18,0f09a33f74ab4b66aee89fe90422ab97,0.072,,,
4676,2026-05-19,SH600938,-2.6181950547923836e-10,EXP_LGBModel_Alpha158_csi300_custom_step0_s_20260519_18,0f09a33f74ab4b66aee89fe90422ab97,0.072,,,
4677,2026-05-19,SH600930,-0.002534382098025488,EXP_LGBModel_Alpha158_csi300_custom_step0_s_20260519_18,0f09a33f74ab4b66aee89fe90422ab97,0.072,,,
4678,2026-05-19,SH600926,-0.002534382098025488,EXP_LGBModel_Alpha158_csi300_custom_step0_s_20260519_18,0f09a33f74ab4b66aee89fe90422ab97,0.072,,,
4679,2026-05-19,SH601006,0.002568324417190581,EXP_LGBModel_Alpha158_csi300_custom_step0_s_20260519_18,0f09a33f74ab4b66aee89fe90422ab97,0.072,,,
4680,2026-05-19,SH601360,-0.002534382098025488,EXP_LGBModel_Alpha158_csi300_custom_step0_s_20260519_18,0f09a33f74ab4b66aee89fe90422ab97,0.072,,,
4681,2026-05-19,SH601100,-0.002534382098025488,EXP_LGBModel_Alpha158_csi300_custom_step0_s_20260519_18,0f09a33f74ab4b66aee89fe90422ab97,0.072,,,
4682,2026-05-19,SH601117,-0.002534382098025488,EXP_LGBModel_Alpha158_csi300_custom_step0_s_20260519_18,0f09a33f74ab4b66aee89fe90422ab97,0.072,,,
4683,2026-05-19,SH601328,0.002568324417190581,EXP_LGBModel_Alpha158_csi300_custom_step0_s_20260519_18,0f09a33f74ab4b66aee89fe90422ab97,0.072,,,
4684,2026-05-19,SH601319,-0.0006979604627668624,EXP_LGBModel_Alpha158_csi300_custom_step0_s_20260519_18,0f09a33f74ab4b66aee89fe90422ab97,0.072,,,
4685,2026-05-19,SH601318,-0.0006979604627668624,EXP_LGBModel_Alpha158_csi300_custom_step0_s_20260519_18,0f09a33f74ab4b66aee89fe90422ab97,0.072,,,
4686,2026-05-19,SH601298,0.002568324417190581,EXP_LGBModel_Alpha158_csi300_custom_step0_s_20260519_18,0f09a33f74ab4b66aee89fe90422ab97,0.072,,,
4687,2026-05-19,SH601288,0.002568324417190581,EXP_LGBModel_Alpha158_csi300_custom_step0_s_20260519_18,0f09a33f74ab4b66aee89fe90422ab97,0.072,,,
4688,2026-05-19,SH601238,-2.6181950547923836e-10,EXP_LGBModel_Alpha158_csi300_custom_step0_s_20260519_18,0f09a33f74ab4b66aee89fe90422ab97,0.072,,,
4689,2026-05-19,SH601236,-0.002534382098025488,EXP_LGBModel_Alpha158_csi300_custom_step0_s_20260519_18,0f09a33f74ab4b66aee89fe90422ab97,0.072,,,
4690,2026-05-19,SH601111,-0.002534382098025488,EXP_LGBModel_Alpha158_csi300_custom_step0_s_20260519_18,0f09a33f74ab4b66aee89fe90422ab97,0.072,,,
4691,2026-05-19,SH601229,-2.6181950547923836e-10,EXP_LGBModel_Alpha158_csi300_custom_step0_s_20260519_18,0f09a33f74ab4b66aee89fe90422ab97,0.072,,,
4692,2026-05-19,SH601211,-2.6181950547923836e-10,EXP_LGBModel_Alpha158_csi300_custom_step0_s_20260519_18,0f09a33f74ab4b66aee89fe90422ab97,0.072,,,
4693,2026-05-19,SH601186,-2.6181950547923836e-10,EXP_LGBModel_Alpha158_csi300_custom_step0_s_20260519_18,0f09a33f74ab4b66aee89fe90422ab97,0.072,,,
4694,2026-05-19,SH601169,-2.6181950547923836e-10,EXP_LGBModel_Alpha158_csi300_custom_step0_s_20260519_18,0f09a33f74ab4b66aee89fe90422ab97,0.072,,,
4695,2026-05-19,SH601166,-2.6181950547923836e-10,EXP_LGBModel_Alpha158_csi300_custom_step0_s_20260519_18,0f09a33f74ab4b66aee89fe90422ab97,0.072,,,
4696,2026-05-19,SH601138,0.00399916983706269,EXP_LGBModel_Alpha158_csi300_custom_step0_s_20260519_18,0f09a33f74ab4b66aee89fe90422ab97,0.072,,,
4697,2026-05-19,SH601136,-2.6181950547923836e-10,EXP_LGBModel_Alpha158_csi300_custom_step0_s_20260519_18,0f09a33f74ab4b66aee89fe90422ab97,0.072,,,
4698,2026-05-19,SH601127,-0.0006979604627668624,EXP_LGBModel_Alpha158_csi300_custom_step0_s_20260519_18,0f09a33f74ab4b66aee89fe90422ab97,0.072,,,
4699,2026-05-19,SH601225,-2.6181950547923836e-10,EXP_LGBModel_Alpha158_csi300_custom_step0_s_20260519_18,0f09a33f74ab4b66aee89fe90422ab97,0.072,,,
4700,2026-05-19,SH601077,-0.0017912652877155517,EXP_LGBModel_Alpha158_csi300_custom_step0_s_20260519_18,fe508552529a4a3d84df19ea1cd13b2a,0.015,,,
4701,2026-05-19,SH601988,0.002568324417190581,EXP_LGBModel_Alpha158_csi300_custom_step0_s_20260519_18,0f09a33f74ab4b66aee89fe90422ab97,0.072,,,
4702,2026-05-19,SH601998,-2.6181950547923836e-10,EXP_LGBModel_Alpha158_csi300_custom_step0_s_20260519_18,0f09a33f74ab4b66aee89fe90422ab97,0.072,,,
4703,2026-05-19,SZ000768,-0.002534382098025488,EXP_LGBModel_Alpha158_csi300_custom_step0_s_20260519_18,0f09a33f74ab4b66aee89fe90422ab97,0.072,,,
4704,2026-05-19,SZ000725,-2.6181950547923836e-10,EXP_LGBModel_Alpha158_csi300_custom_step0_s_20260519_18,0f09a33f74ab4b66aee89fe90422ab97,0.072,,,
4705,2026-05-19,SZ000708,-2.6181950547923836e-10,EXP_LGBModel_Alpha158_csi300_custom_step0_s_20260519_18,0f09a33f74ab4b66aee89fe90422ab97,0.072,,,
4706,2026-05-19,SZ000661,-0.002534382098025488,EXP_LGBModel_Alpha158_csi300_custom_step0_s_20260519_18,0f09a33f74ab4b66aee89fe90422ab97,0.072,,,
4707,2026-05-19,SZ000651,0.002388955466893429,EXP_LGBModel_Alpha158_csi300_custom_step0_s_20260519_18,0f09a33f74ab4b66aee89fe90422ab97,0.072,,,
4708,2026-05-19,SZ000630,-0.002534382098025488,EXP_LGBModel_Alpha158_csi300_custom_step0_s_20260519_18,0f09a33f74ab4b66aee89fe90422ab97,0.072,,,
4709,2026-05-19,SZ000625,-0.0006979604627668624,EXP_LGBModel_Alpha158_csi300_custom_step0_s_20260519_18,0f09a33f74ab4b66aee89fe90422ab97,0.072,,,
4710,2026-05-19,SZ000776,-2.6181950547923836e-10,EXP_LGBModel_Alpha158_csi300_custom_step0_s_20260519_18,0f09a33f74ab4b66aee89fe90422ab97,0.072,,,
4711,2026-05-19,SZ000617,-2.6181950547923836e-10,EXP_LGBModel_Alpha158_csi300_custom_step0_s_20260519_18,0f09a33f74ab4b66aee89fe90422ab97,0.072,,,
4712,2026-05-19,SZ000568,-0.002534382098025488,EXP_LGBModel_Alpha158_csi300_custom_step0_s_20260519_18,0f09a33f74ab4b66aee89fe90422ab97,0.072,,,
4713,2026-05-19,SZ000538,-2.6181950547923836e-10,EXP_LGBModel_Alpha158_csi300_custom_step0_s_20260519_18,0f09a33f74ab4b66aee89fe90422ab97,0.072,,,
4714,2026-05-19,SZ000425,-0.002534382098025488,EXP_LGBModel_Alpha158_csi300_custom_step0_s_20260519_18,0f09a33f74ab4b66aee89fe90422ab97,0.072,,,
4715,2026-05-19,SZ000408,-0.002534382098025488,EXP_LGBModel_Alpha158_csi300_custom_step0_s_20260519_18,0f09a33f74ab4b66aee89fe90422ab97,0.072,,,
4716,2026-05-19,SZ000338,0.00399916983706269,EXP_LGBModel_Alpha158_csi300_custom_step0_s_20260519_18,0f09a33f74ab4b66aee89fe90422ab97,0.072,,,
4717,2026-05-19,SZ000333,0.002568324417190581,EXP_LGBModel_Alpha158_csi300_custom_step0_s_20260519_18,0f09a33f74ab4b66aee89fe90422ab97,0.072,,,
4718,2026-05-19,SZ000301,-0.002534382098025488,EXP_LGBModel_Alpha158_csi300_custom_step0_s_20260519_18,0f09a33f74ab4b66aee89fe90422ab97,0.072,,,
4719,2026-05-19,SZ000596,-0.002534382098025488,EXP_LGBModel_Alpha158_csi300_custom_step0_s_20260519_18,0f09a33f74ab4b66aee89fe90422ab97,0.072,,,
4720,2026-05-19,SZ000166,-0.0006979604627668624,EXP_LGBModel_Alpha158_csi300_custom_step0_s_20260519_18,0f09a33f74ab4b66aee89fe90422ab97,0.072,,,
4721,2026-05-19,SZ000786,-0.002534382098025488,EXP_LGBModel_Alpha158_csi300_custom_step0_s_20260519_18,0f09a33f74ab4b66aee89fe90422ab97,0.072,,,
4722,2026-05-19,SZ000807,-0.002534382098025488,EXP_LGBModel_Alpha158_csi300_custom_step0_s_20260519_18,0f09a33f74ab4b66aee89fe90422ab97,0.072,,,
4723,2026-05-19,SZ002049,0.00042866724244429986,EXP_LGBModel_Alpha158_csi300_custom_step0_s_20260519_18,0f09a33f74ab4b66aee89fe90422ab97,0.072,,,
4724,2026-05-19,SZ002028,-2.6181950547923836e-10,EXP_LGBModel_Alpha158_csi300_custom_step0_s_20260519_18,0f09a33f74ab4b66aee89fe90422ab97,0.072,,,
4725,2026-05-19,SZ002027,-0.002534382098025488,EXP_LGBModel_Alpha158_csi300_custom_step0_s_20260519_18,0f09a33f74ab4b66aee89fe90422ab97,0.072,,,
4726,2026-05-19,SZ002001,-2.6181950547923836e-10,EXP_LGBModel_Alpha158_csi300_custom_step0_s_20260519_18,0f09a33f74ab4b66aee89fe90422ab97,0.072,,,
4727,2026-05-19,SZ001979,0.00042866724244429986,EXP_LGBModel_Alpha158_csi300_custom_step0_s_20260519_18,0f09a33f74ab4b66aee89fe90422ab97,0.072,,,
4728,2026-05-19,SZ001965,-2.6181950547923836e-10,EXP_LGBModel_Alpha158_csi300_custom_step0_s_20260519_18,0f09a33f74ab4b66aee89fe90422ab97,0.072,,,
4729,2026-05-19,SZ001391,0.002568324417190581,EXP_LGBModel_Alpha158_csi300_custom_step0_s_20260519_18,0f09a33f74ab4b66aee89fe90422ab97,0.072,,,
4730,2026-05-19,SZ000792,-0.0006979604627668624,EXP_LGBModel_Alpha158_csi300_custom_step0_s_20260519_18,0f09a33f74ab4b66aee89fe90422ab97,0.072,,,
4731,2026-05-19,SZ000999,-2.6181950547923836e-10,EXP_LGBModel_Alpha158_csi300_custom_step0_s_20260519_18,0f09a33f74ab4b66aee89fe90422ab97,0.072,,,
4732,2026-05-19,SZ000977,-0.002534382098025488,EXP_LGBModel_Alpha158_csi300_custom_step0_s_20260519_18,0f09a33f74ab4b66aee89fe90422ab97,0.072,,,
4733,2026-05-19,SZ000975,-2.6181950547923836e-10,EXP_LGBModel_Alpha158_csi300_custom_step0_s_20260519_18,0f09a33f74ab4b66aee89fe90422ab97,0.072,,,
4734,2026-05-19,SZ000963,-0.002534382098025488,EXP_LGBModel_Alpha158_csi300_custom_step0_s_20260519_18,0f09a33f74ab4b66aee89fe90422ab97,0.072,,,
4735,2026-05-19,SZ000938,0.00399916983706269,EXP_LGBModel_Alpha158_csi300_custom_step0_s_20260519_18,0f09a33f74ab4b66aee89fe90422ab97,0.072,,,
4736,2026-05-19,SZ000895,-2.6181950547923836e-10,EXP_LGBModel_Alpha158_csi300_custom_step0_s_20260519_18,0f09a33f74ab4b66aee89fe90422ab97,0.072,,,
4737,2026-05-19,SZ000876,-2.6181950547923836e-10,EXP_LGBModel_Alpha158_csi300_custom_step0_s_20260519_18,0f09a33f74ab4b66aee89fe90422ab97,0.072,,,
4738,2026-05-19,SZ000858,-2.6181950547923836e-10,EXP_LGBModel_Alpha158_csi300_custom_step0_s_20260519_18,0f09a33f74ab4b66aee89fe90422ab97,0.072,,,
4739,2026-05-19,SZ000983,-2.6181950547923836e-10,EXP_LGBModel_Alpha158_csi300_custom_step0_s_20260519_18,0f09a33f74ab4b66aee89fe90422ab97,0.072,,,
4740,2026-05-19,SH601995,0.002568324417190581,EXP_LGBModel_Alpha158_csi300_custom_step0_s_20260519_18,0f09a33f74ab4b66aee89fe90422ab97,0.072,,,
4741,2026-05-19,SZ000157,-0.002534382098025488,EXP_LGBModel_Alpha158_csi300_custom_step0_s_20260519_18,0f09a33f74ab4b66aee89fe90422ab97,0.072,,,
4742,2026-05-19,SZ000063,-0.002534382098025488,EXP_LGBModel_Alpha158_csi300_custom_step0_s_20260519_18,0f09a33f74ab4b66aee89fe90422ab97,0.072,,,
4743,2026-05-19,SH688008,0.00399916983706269,EXP_LGBModel_Alpha158_csi300_custom_step0_s_20260519_18,0f09a33f74ab4b66aee89fe90422ab97,0.072,,,
4744,2026-05-19,SH605499,-0.0006979604627668624,EXP_LGBModel_Alpha158_csi300_custom_step0_s_20260519_18,0f09a33f74ab4b66aee89fe90422ab97,0.072,,,
4745,2026-05-19,SH605117,-0.002534382098025488,EXP_LGBModel_Alpha158_csi300_custom_step0_s_20260519_18,0f09a33f74ab4b66aee89fe90422ab97,0.072,,,
4746,2026-05-19,SH603993,-0.002534382098025488,EXP_LGBModel_Alpha158_csi300_custom_step0_s_20260519_18,0f09a33f74ab4b66aee89fe90422ab97,0.072,,,
4747,2026-05-19,SH603986,-0.00326391307289959,EXP_LGBModel_Alpha158_csi300_custom_step0_s_20260519_18,0f09a33f74ab4b66aee89fe90422ab97,0.072,,,
4748,2026-05-19,SH603893,0.00042866724244429986,EXP_LGBModel_Alpha158_csi300_custom_step0_s_20260519_18,0f09a33f74ab4b66aee89fe90422ab97,0.072,,,
4749,2026-05-19,SH603799,-0.002534382098025488,EXP_LGBModel_Alpha158_csi300_custom_step0_s_20260519_18,0f09a33f74ab4b66aee89fe90422ab97,0.072,,,
4750,2026-05-19,SH688009,-2.6181950547923836e-10,EXP_LGBModel_Alpha158_csi300_custom_step0_s_20260519_18,0f09a33f74ab4b66aee89fe90422ab97,0.072,,,
4751,2026-05-19,SH603501,-2.6181950547923836e-10,EXP_LGBModel_Alpha158_csi300_custom_step0_s_20260519_18,0f09a33f74ab4b66aee89fe90422ab97,0.072,,,
4752,2026-05-19,SH603369,-0.002534382098025488,EXP_LGBModel_Alpha158_csi300_custom_step0_s_20260519_18,0f09a33f74ab4b66aee89fe90422ab97,0.072,,,
4753,2026-05-19,SH603296,-0.0006979604627668624,EXP_LGBModel_Alpha158_csi300_custom_step0_s_20260519_18,0f09a33f74ab4b66aee89fe90422ab97,0.072,,,
4754,2026-05-19,SH603288,-2.6181950547923836e-10,EXP_LGBModel_Alpha158_csi300_custom_step0_s_20260519_18,0f09a33f74ab4b66aee89fe90422ab97,0.072,,,
4755,2026-05-19,SH603260,-0.002534382098025488,EXP_LGBModel_Alpha158_csi300_custom_step0_s_20260519_18,0f09a33f74ab4b66aee89fe90422ab97,0.072,,,
4756,2026-05-19,SH603259,-0.002534382098025488,EXP_LGBModel_Alpha158_csi300_custom_step0_s_20260519_18,0f09a33f74ab4b66aee89fe90422ab97,0.072,,,
4757,2026-05-19,SH603195,-2.6181950547923836e-10,EXP_LGBModel_Alpha158_csi300_custom_step0_s_20260519_18,0f09a33f74ab4b66aee89fe90422ab97,0.072,,,
4758,2026-05-19,SH603019,-0.002534382098025488,EXP_LGBModel_Alpha158_csi300_custom_step0_s_20260519_18,0f09a33f74ab4b66aee89fe90422ab97,0.072,,,
4759,2026-05-19,SH603392,-0.002534382098025488,EXP_LGBModel_Alpha158_csi300_custom_step0_s_20260519_18,0f09a33f74ab4b66aee89fe90422ab97,0.072,,,
4760,2026-05-19,SZ000100,0.002568324417190581,EXP_LGBModel_Alpha158_csi300_custom_step0_s_20260519_18,0f09a33f74ab4b66aee89fe90422ab97,0.072,,,
4761,2026-05-19,SH688012,-0.00326391307289959,EXP_LGBModel_Alpha158_csi300_custom_step0_s_20260519_18,0f09a33f74ab4b66aee89fe90422ab97,0.072,,,
4762,2026-05-19,SH688041,0.00399916983706269,EXP_LGBModel_Alpha158_csi300_custom_step0_s_20260519_18,0f09a33f74ab4b66aee89fe90422ab97,0.072,,,
4763,2026-05-19,SZ000002,-0.002534382098025488,EXP_LGBModel_Alpha158_csi300_custom_step0_s_20260519_18,0f09a33f74ab4b66aee89fe90422ab97,0.072,,,
4764,2026-05-19,SZ000001,-2.6181950547923836e-10,EXP_LGBModel_Alpha158_csi300_custom_step0_s_20260519_18,0f09a33f74ab4b66aee89fe90422ab97,0.072,,,
4765,2026-05-19,SH688981,-2.6181950547923836e-10,EXP_LGBModel_Alpha158_csi300_custom_step0_s_20260519_18,0f09a33f74ab4b66aee89fe90422ab97,0.072,,,
4766,2026-05-19,SH688506,-2.6181950547923836e-10,EXP_LGBModel_Alpha158_csi300_custom_step0_s_20260519_18,0f09a33f74ab4b66aee89fe90422ab97,0.072,,,
4767,2026-05-19,SH688472,-0.002534382098025488,EXP_LGBModel_Alpha158_csi300_custom_step0_s_20260519_18,0f09a33f74ab4b66aee89fe90422ab97,0.072,,,
4768,2026-05-19,SH688396,-2.6181950547923836e-10,EXP_LGBModel_Alpha158_csi300_custom_step0_s_20260519_18,0f09a33f74ab4b66aee89fe90422ab97,0.072,,,
4769,2026-05-19,SH688303,-0.002534382098025488,EXP_LGBModel_Alpha158_csi300_custom_step0_s_20260519_18,0f09a33f74ab4b66aee89fe90422ab97,0.072,,,
4770,2026-05-19,SH688036,0.00042866724244429986,EXP_LGBModel_Alpha158_csi300_custom_step0_s_20260519_18,0f09a33f74ab4b66aee89fe90422ab97,0.072,,,
4771,2026-05-19,SH688271,0.00042866724244429986,EXP_LGBModel_Alpha158_csi300_custom_step0_s_20260519_18,0f09a33f74ab4b66aee89fe90422ab97,0.072,,,
4772,2026-05-19,SH688223,-0.002534382098025488,EXP_LGBModel_Alpha158_csi300_custom_step0_s_20260519_18,0f09a33f74ab4b66aee89fe90422ab97,0.072,,,
4773,2026-05-19,SH688187,-2.6181950547923836e-10,EXP_LGBModel_Alpha158_csi300_custom_step0_s_20260519_18,0f09a33f74ab4b66aee89fe90422ab97,0.072,,,
4774,2026-05-19,SH688169,0.00042866724244429986,EXP_LGBModel_Alpha158_csi300_custom_step0_s_20260519_18,0f09a33f74ab4b66aee89fe90422ab97,0.072,,,
4775,2026-05-19,SH688126,-0.00326391307289959,EXP_LGBModel_Alpha158_csi300_custom_step0_s_20260519_18,0f09a33f74ab4b66aee89fe90422ab97,0.072,,,
4776,2026-05-19,SH688111,-0.002534382098025488,EXP_LGBModel_Alpha158_csi300_custom_step0_s_20260519_18,0f09a33f74ab4b66aee89fe90422ab97,0.072,,,
4777,2026-05-19,SH688082,0.00042866724244429986,EXP_LGBModel_Alpha158_csi300_custom_step0_s_20260519_18,0f09a33f74ab4b66aee89fe90422ab97,0.072,,,
4778,2026-05-19,SH688047,-2.6181950547923836e-10,EXP_LGBModel_Alpha158_csi300_custom_step0_s_20260519_18,0f09a33f74ab4b66aee89fe90422ab97,0.072,,,
4779,2026-05-19,SH688256,-2.6181950547923836e-10,EXP_LGBModel_Alpha158_csi300_custom_step0_s_20260519_18,0f09a33f74ab4b66aee89fe90422ab97,0.072,,,
4780,2026-05-19,SH601328,-0.026648499532090447,EXP_LGBModel_Alpha158_csi300_custom_step0_s_20260519_18,fced4fa636db4af18515b2d55d369804,0.076,,,
4781,2026-05-19,SH601088,-0.004329775574975058,EXP_LGBModel_Alpha158_csi300_custom_step0_s_20260519_18,fe508552529a4a3d84df19ea1cd13b2a,0.015,,,
4782,2026-05-19,SH601111,-0.016443686478563063,EXP_LGBModel_Alpha158_csi300_custom_step0_s_20260519_18,fe508552529a4a3d84df19ea1cd13b2a,0.015,,,
4783,2026-05-19,SH600025,-0.023148802445625696,EXP_LGBModel_Alpha158_csi300_custom_step0_s_20260519_18,fced4fa636db4af18515b2d55d369804,0.076,,,
4784,2026-05-19,SH600023,0.0158155200546469,EXP_LGBModel_Alpha158_csi300_custom_step0_s_20260519_18,fced4fa636db4af18515b2d55d369804,0.076,,,
4785,2026-05-19,SH600019,-0.026190510805066288,EXP_LGBModel_Alpha158_csi300_custom_step0_s_20260519_18,fced4fa636db4af18515b2d55d369804,0.076,,,
4786,2026-05-19,SH600018,0.002167958533182086,EXP_LGBModel_Alpha158_csi300_custom_step0_s_20260519_18,fced4fa636db4af18515b2d55d369804,0.076,,,
4787,2026-05-19,SH600016,-0.01219114332169786,EXP_LGBModel_Alpha158_csi300_custom_step0_s_20260519_18,fced4fa636db4af18515b2d55d369804,0.076,,,
4788,2026-05-19,SH600015,-0.027853207072608435,EXP_LGBModel_Alpha158_csi300_custom_step0_s_20260519_18,fced4fa636db4af18515b2d55d369804,0.076,,,
4789,2026-05-19,SH600011,0.024882488389062304,EXP_LGBModel_Alpha158_csi300_custom_step0_s_20260519_18,fced4fa636db4af18515b2d55d369804,0.076,,,
4790,2026-05-19,SH600010,-0.0059687725540681445,EXP_LGBModel_Alpha158_csi300_custom_step0_s_20260519_18,fced4fa636db4af18515b2d55d369804,0.076,,,
4791,2026-05-19,SH600009,-0.020810151619568937,EXP_LGBModel_Alpha158_csi300_custom_step0_s_20260519_18,fced4fa636db4af18515b2d55d369804,0.076,,,
4792,2026-05-19,SH600000,-0.04127545867406666,EXP_LGBModel_Alpha158_csi300_custom_step0_s_20260519_18,fced4fa636db4af18515b2d55d369804,0.076,,,
4793,2026-05-19,SZ302132,-0.016232040410794936,EXP_LGBModel_Alpha158_csi300_custom_step0_s_20260519_18,fe508552529a4a3d84df19ea1cd13b2a,0.015,,,
4794,2026-05-19,SZ301269,-0.009669100002425123,EXP_LGBModel_Alpha158_csi300_custom_step0_s_20260519_18,fe508552529a4a3d84df19ea1cd13b2a,0.015,,,
4795,2026-05-19,SZ301236,-0.007495366288588577,EXP_LGBModel_Alpha158_csi300_custom_step0_s_20260519_18,fe508552529a4a3d84df19ea1cd13b2a,0.015,,,
4796,2026-05-19,SZ300999,-0.005352004511395088,EXP_LGBModel_Alpha158_csi300_custom_step0_s_20260519_18,fe508552529a4a3d84df19ea1cd13b2a,0.015,,,
4797,2026-05-19,SZ300979,-4.1089627725711704e-10,EXP_LGBModel_Alpha158_csi300_custom_step0_s_20260519_18,fe508552529a4a3d84df19ea1cd13b2a,0.015,,,
4798,2026-05-19,SH600026,0.005393724058457269,EXP_LGBModel_Alpha158_csi300_custom_step0_s_20260519_18,fced4fa636db4af18515b2d55d369804,0.076,,,
4799,2026-05-19,SH600027,0.015772391951464362,EXP_LGBModel_Alpha158_csi300_custom_step0_s_20260519_18,fced4fa636db4af18515b2d55d369804,0.076,,,
4800,2026-05-19,SH600028,-0.03634423741177627,EXP_LGBModel_Alpha158_csi300_custom_step0_s_20260519_18,fced4fa636db4af18515b2d55d369804,0.076,,,
4801,2026-05-19,SH600029,-0.00705553224729872,EXP_LGBModel_Alpha158_csi300_custom_step0_s_20260519_18,fced4fa636db4af18515b2d55d369804,0.076,,,
4802,2026-05-19,SH600161,-0.019651278466756423,EXP_LGBModel_Alpha158_csi300_custom_step0_s_20260519_18,fced4fa636db4af18515b2d55d369804,0.076,,,
4803,2026-05-19,SH600160,0.0073945289349380714,EXP_LGBModel_Alpha158_csi300_custom_step0_s_20260519_18,fced4fa636db4af18515b2d55d369804,0.076,,,
4804,2026-05-19,SH600150,0.048788419580155305,EXP_LGBModel_Alpha158_csi300_custom_step0_s_20260519_18,fced4fa636db4af18515b2d55d369804,0.076,,,
4805,2026-05-19,SH600115,-0.015433406375190691,EXP_LGBModel_Alpha158_csi300_custom_step0_s_20260519_18,fced4fa636db4af18515b2d55d369804,0.076,,,
4806,2026-05-19,SH600111,-0.0013443823941458313,EXP_LGBModel_Alpha158_csi300_custom_step0_s_20260519_18,fced4fa636db4af18515b2d55d369804,0.076,,,
4807,2026-05-19,SH600104,-0.018127177413719265,EXP_LGBModel_Alpha158_csi300_custom_step0_s_20260519_18,fced4fa636db4af18515b2d55d369804,0.076,,,
4808,2026-05-19,SH600089,0.0005314688682860325,EXP_LGBModel_Alpha158_csi300_custom_step0_s_20260519_18,fced4fa636db4af18515b2d55d369804,0.076,,,
4809,2026-05-19,SZ300896,-0.013555354454504613,EXP_LGBModel_Alpha158_csi300_custom_step0_s_20260519_18,fe508552529a4a3d84df19ea1cd13b2a,0.015,,,
4810,2026-05-19,SH600085,-0.01945099848145982,EXP_LGBModel_Alpha158_csi300_custom_step0_s_20260519_18,fced4fa636db4af18515b2d55d369804,0.076,,,
4811,2026-05-19,SH600061,-0.0038397546822397316,EXP_LGBModel_Alpha158_csi300_custom_step0_s_20260519_18,fced4fa636db4af18515b2d55d369804,0.076,,,
4812,2026-05-19,SH600050,-0.0032591178473172075,EXP_LGBModel_Alpha158_csi300_custom_step0_s_20260519_18,fced4fa636db4af18515b2d55d369804,0.076,,,
4813,2026-05-19,SH600048,0.01057107444315732,EXP_LGBModel_Alpha158_csi300_custom_step0_s_20260519_18,fced4fa636db4af18515b2d55d369804,0.076,,,
4814,2026-05-19,SH600039,-0.00992399919473436,EXP_LGBModel_Alpha158_csi300_custom_step0_s_20260519_18,fced4fa636db4af18515b2d55d369804,0.076,,,
4815,2026-05-19,SH600036,-0.020999800027443203,EXP_LGBModel_Alpha158_csi300_custom_step0_s_20260519_18,fced4fa636db4af18515b2d55d369804,0.076,,,
4816,2026-05-19,SH600031,-1.3121552980908512e-06,EXP_LGBModel_Alpha158_csi300_custom_step0_s_20260519_18,fced4fa636db4af18515b2d55d369804,0.076,,,
4817,2026-05-19,SH600030,0.0051682189406902345,EXP_LGBModel_Alpha158_csi300_custom_step0_s_20260519_18,fced4fa636db4af18515b2d55d369804,0.076,,,
4818,2026-05-19,SH600066,-0.006036526275061115,EXP_LGBModel_Alpha158_csi300_custom_step0_s_20260519_18,fced4fa636db4af18515b2d55d369804,0.076,,,
4819,2026-05-19,SZ300866,-0.014086333815968115,EXP_LGBModel_Alpha158_csi300_custom_step0_s_20260519_18,fe508552529a4a3d84df19ea1cd13b2a,0.015,,,
4820,2026-05-19,SZ300832,-0.0046675759193803065,EXP_LGBModel_Alpha158_csi300_custom_step0_s_20260519_18,fe508552529a4a3d84df19ea1cd13b2a,0.015,,,
4821,2026-05-19,SZ300803,-0.005920050329857198,EXP_LGBModel_Alpha158_csi300_custom_step0_s_20260519_18,fe508552529a4a3d84df19ea1cd13b2a,0.015,,,
4822,2026-05-19,SZ300124,-0.0026883086597053662,EXP_LGBModel_Alpha158_csi300_custom_step0_s_20260519_18,fe508552529a4a3d84df19ea1cd13b2a,0.015,,,
4823,2026-05-19,SZ300122,-0.016232040410794936,EXP_LGBModel_Alpha158_csi300_custom_step0_s_20260519_18,fe508552529a4a3d84df19ea1cd13b2a,0.015,,,
4824,2026-05-19,SZ300059,-0.009824403401577812,EXP_LGBModel_Alpha158_csi300_custom_step0_s_20260519_18,fe508552529a4a3d84df19ea1cd13b2a,0.015,,,
4825,2026-05-19,SZ300033,-0.002919583022798375,EXP_LGBModel_Alpha158_csi300_custom_step0_s_20260519_18,fe508552529a4a3d84df19ea1cd13b2a,0.015,,,
4826,2026-05-19,SZ300015,-0.016443686478563063,EXP_LGBModel_Alpha158_csi300_custom_step0_s_20260519_18,fe508552529a4a3d84df19ea1cd13b2a,0.015,,,
4827,2026-05-19,SZ300014,-0.009152973207508224,EXP_LGBModel_Alpha158_csi300_custom_step0_s_20260519_18,fe508552529a4a3d84df19ea1cd13b2a,0.015,,,
4828,2026-05-19,SZ003816,0.002428219380114163,EXP_LGBModel_Alpha158_csi300_custom_step0_s_20260519_18,fe508552529a4a3d84df19ea1cd13b2a,0.015,,,
4829,2026-05-19,SZ300251,-0.012111738420986425,EXP_LGBModel_Alpha158_csi300_custom_step0_s_20260519_18,fe508552529a4a3d84df19ea1cd13b2a,0.015,,,
4830,2026-05-19,SZ002938,-4.1089627725711704e-10,EXP_LGBModel_Alpha158_csi300_custom_step0_s_20260519_18,fe508552529a4a3d84df19ea1cd13b2a,0.015,,,
4831,2026-05-19,SZ002916,0.020991516420493697,EXP_LGBModel_Alpha158_csi300_custom_step0_s_20260519_18,fe508552529a4a3d84df19ea1cd13b2a,0.015,,,
4832,2026-05-19,SZ002736,-0.012111738420986425,EXP_LGBModel_Alpha158_csi300_custom_step0_s_20260519_18,fe508552529a4a3d84df19ea1cd13b2a,0.015,,,
4833,2026-05-19,SZ002714,-0.008203350354005802,EXP_LGBModel_Alpha158_csi300_custom_step0_s_20260519_18,fe508552529a4a3d84df19ea1cd13b2a,0.015,,,
4834,2026-05-19,SZ002709,0.020991516420493697,EXP_LGBModel_Alpha158_csi300_custom_step0_s_20260519_18,fe508552529a4a3d84df19ea1cd13b2a,0.015,,,
4835,2026-05-19,SZ002648,-0.016443686478563063,EXP_LGBModel_Alpha158_csi300_custom_step0_s_20260519_18,fe508552529a4a3d84df19ea1cd13b2a,0.015,,,
4836,2026-05-19,SZ002625,-0.016249114271246652,EXP_LGBModel_Alpha158_csi300_custom_step0_s_20260519_18,fe508552529a4a3d84df19ea1cd13b2a,0.015,,,
4837,2026-05-19,SZ002601,-0.00887478054807539,EXP_LGBModel_Alpha158_csi300_custom_step0_s_20260519_18,fe508552529a4a3d84df19ea1cd13b2a,0.015,,,
4838,2026-05-19,SZ002920,0.01096568805286333,EXP_LGBModel_Alpha158_csi300_custom_step0_s_20260519_18,fe508552529a4a3d84df19ea1cd13b2a,0.015,,,
4839,2026-05-19,SH600176,0.002439483299091494,EXP_LGBModel_Alpha158_csi300_custom_step0_s_20260519_18,fced4fa636db4af18515b2d55d369804,0.076,,,
4840,2026-05-19,SZ300274,-0.0010639405829998567,EXP_LGBModel_Alpha158_csi300_custom_step0_s_20260519_18,fe508552529a4a3d84df19ea1cd13b2a,0.015,,,
4841,2026-05-19,SZ300316,-0.009996305408451757,EXP_LGBModel_Alpha158_csi300_custom_step0_s_20260519_18,fe508552529a4a3d84df19ea1cd13b2a,0.015,,,
4842,2026-05-19,SZ300782,-5.171310353572509e-05,EXP_LGBModel_Alpha158_csi300_custom_step0_s_20260519_18,fe508552529a4a3d84df19ea1cd13b2a,0.015,,,
4843,2026-05-19,SZ300760,-0.012111738420986425,EXP_LGBModel_Alpha158_csi300_custom_step0_s_20260519_18,fe508552529a4a3d84df19ea1cd13b2a,0.015,,,
4844,2026-05-19,SZ300759,-0.011955102709486706,EXP_LGBModel_Alpha158_csi300_custom_step0_s_20260519_18,fe508552529a4a3d84df19ea1cd13b2a,0.015,,,
4845,2026-05-19,SZ300750,-0.003460602886969061,EXP_LGBModel_Alpha158_csi300_custom_step0_s_20260519_18,fe508552529a4a3d84df19ea1cd13b2a,0.015,,,
4846,2026-05-19,SZ300661,0.018671837908302874,EXP_LGBModel_Alpha158_csi300_custom_step0_s_20260519_18,fe508552529a4a3d84df19ea1cd13b2a,0.015,,,
4847,2026-05-19,SZ300628,-0.011398994279365929,EXP_LGBModel_Alpha158_csi300_custom_step0_s_20260519_18,fe508552529a4a3d84df19ea1cd13b2a,0.015,,,
4848,2026-05-19,SZ300502,0.026535402347042526,EXP_LGBModel_Alpha158_csi300_custom_step0_s_20260519_18,fe508552529a4a3d84df19ea1cd13b2a,0.015,,,
4849,2026-05-19,SZ300308,-4.1089627725711704e-10,EXP_LGBModel_Alpha158_csi300_custom_step0_s_20260519_18,fe508552529a4a3d84df19ea1cd13b2a,0.015,,,
4850,2026-05-19,SZ300498,-0.001471931994020178,EXP_LGBModel_Alpha158_csi300_custom_step0_s_20260519_18,fe508552529a4a3d84df19ea1cd13b2a,0.015,,,
4851,2026-05-19,SZ300442,-0.0101819807442475,EXP_LGBModel_Alpha158_csi300_custom_step0_s_20260519_18,fe508552529a4a3d84df19ea1cd13b2a,0.015,,,
4852,2026-05-19,SZ300433,-0.014148589021616892,EXP_LGBModel_Alpha158_csi300_custom_step0_s_20260519_18,fe508552529a4a3d84df19ea1cd13b2a,0.015,,,
4853,2026-05-19,SZ300418,-0.014086333815968115,EXP_LGBModel_Alpha158_csi300_custom_step0_s_20260519_18,fe508552529a4a3d84df19ea1cd13b2a,0.015,,,
4854,2026-05-19,SZ300413,-0.006405292602480069,EXP_LGBModel_Alpha158_csi300_custom_step0_s_20260519_18,fe508552529a4a3d84df19ea1cd13b2a,0.015,,,
4855,2026-05-19,SZ300408,-4.1089627725711704e-10,EXP_LGBModel_Alpha158_csi300_custom_step0_s_20260519_18,fe508552529a4a3d84df19ea1cd13b2a,0.015,,,
4856,2026-05-19,SZ300394,-0.008201004696427715,EXP_LGBModel_Alpha158_csi300_custom_step0_s_20260519_18,fe508552529a4a3d84df19ea1cd13b2a,0.015,,,
4857,2026-05-19,SZ300347,0.0285225391354745,EXP_LGBModel_Alpha158_csi300_custom_step0_s_20260519_18,fe508552529a4a3d84df19ea1cd13b2a,0.015,,,
4858,2026-05-19,SZ300476,0.039663354739692847,EXP_LGBModel_Alpha158_csi300_custom_step0_s_20260519_18,fe508552529a4a3d84df19ea1cd13b2a,0.015,,,
4859,2026-05-19,SH600183,0.0032148363741946124,EXP_LGBModel_Alpha158_csi300_custom_step0_s_20260519_18,fced4fa636db4af18515b2d55d369804,0.076,,,
4860,2026-05-19,SH600188,0.045043543521991386,EXP_LGBModel_Alpha158_csi300_custom_step0_s_20260519_18,fced4fa636db4af18515b2d55d369804,0.076,,,
4861,2026-05-19,SH600196,-0.01903883293073368,EXP_LGBModel_Alpha158_csi300_custom_step0_s_20260519_18,fced4fa636db4af18515b2d55d369804,0.076,,,
4862,2026-05-19,SH601059,-0.0013382523043715718,EXP_LGBModel_Alpha158_csi300_custom_step0_s_20260519_18,fced4fa636db4af18515b2d55d369804,0.076,,,
4863,2026-05-19,SH601058,-0.011268213193422597,EXP_LGBModel_Alpha158_csi300_custom_step0_s_20260519_18,fced4fa636db4af18515b2d55d369804,0.076,,,
4864,2026-05-19,SH601021,-0.024090354361575285,EXP_LGBModel_Alpha158_csi300_custom_step0_s_20260519_18,fced4fa636db4af18515b2d55d369804,0.076,,,
4865,2026-05-19,SH601018,-0.01420983954191975,EXP_LGBModel_Alpha158_csi300_custom_step0_s_20260519_18,fced4fa636db4af18515b2d55d369804,0.076,,,
4866,2026-05-19,SH601012,0.004808059391497901,EXP_LGBModel_Alpha158_csi300_custom_step0_s_20260519_18,fced4fa636db4af18515b2d55d369804,0.076,,,
4867,2026-05-19,SH601009,-0.006306403078957,EXP_LGBModel_Alpha158_csi300_custom_step0_s_20260519_18,fced4fa636db4af18515b2d55d369804,0.076,,,
4868,2026-05-19,SH601006,0.023865024411718977,EXP_LGBModel_Alpha158_csi300_custom_step0_s_20260519_18,fced4fa636db4af18515b2d55d369804,0.076,,,
4869,2026-05-19,SH601066,0.006634563121688896,EXP_LGBModel_Alpha158_csi300_custom_step0_s_20260519_18,fced4fa636db4af18515b2d55d369804,0.076,,,
4870,2026-05-19,SH600999,0.017436901533896633,EXP_LGBModel_Alpha158_csi300_custom_step0_s_20260519_18,fced4fa636db4af18515b2d55d369804,0.076,,,
4871,2026-05-19,SH600958,0.0053822898017718,EXP_LGBModel_Alpha158_csi300_custom_step0_s_20260519_18,fced4fa636db4af18515b2d55d369804,0.076,,,
4872,2026-05-19,SH600941,-0.005368455475142633,EXP_LGBModel_Alpha158_csi300_custom_step0_s_20260519_18,fced4fa636db4af18515b2d55d369804,0.076,,,
4873,2026-05-19,SH600938,-0.0027846593864174715,EXP_LGBModel_Alpha158_csi300_custom_step0_s_20260519_18,fced4fa636db4af18515b2d55d369804,0.076,,,
4874,2026-05-19,SH600930,0.009111239584900906,EXP_LGBModel_Alpha158_csi300_custom_step0_s_20260519_18,fced4fa636db4af18515b2d55d369804,0.076,,,
4875,2026-05-19,SH600926,-0.0455749387851754,EXP_LGBModel_Alpha158_csi300_custom_step0_s_20260519_18,fced4fa636db4af18515b2d55d369804,0.076,,,
4876,2026-05-19,SH600919,0.0299409659916453,EXP_LGBModel_Alpha158_csi300_custom_step0_s_20260519_18,fced4fa636db4af18515b2d55d369804,0.076,,,
4877,2026-05-19,SH600918,-0.010923314595550657,EXP_LGBModel_Alpha158_csi300_custom_step0_s_20260519_18,fced4fa636db4af18515b2d55d369804,0.076,,,
4878,2026-05-19,SH600989,-0.007610925189630448,EXP_LGBModel_Alpha158_csi300_custom_step0_s_20260519_18,fced4fa636db4af18515b2d55d369804,0.076,,,
4879,2026-05-19,SH600905,-0.009523676414840879,EXP_LGBModel_Alpha158_csi300_custom_step0_s_20260519_18,fced4fa636db4af18515b2d55d369804,0.076,,,
4880,2026-05-19,SH601077,-0.033091750112266415,EXP_LGBModel_Alpha158_csi300_custom_step0_s_20260519_18,fced4fa636db4af18515b2d55d369804,0.076,,,
4881,2026-05-19,SH601100,0.011213457927698876,EXP_LGBModel_Alpha158_csi300_custom_step0_s_20260519_18,fced4fa636db4af18515b2d55d369804,0.076,,,
4882,2026-05-19,SH601318,-0.016578948973960055,EXP_LGBModel_Alpha158_csi300_custom_step0_s_20260519_18,fced4fa636db4af18515b2d55d369804,0.076,,,
4883,2026-05-19,SH601298,0.01302110377883544,EXP_LGBModel_Alpha158_csi300_custom_step0_s_20260519_18,fced4fa636db4af18515b2d55d369804,0.076,,,
4884,2026-05-19,SH601288,-0.02537741950318571,EXP_LGBModel_Alpha158_csi300_custom_step0_s_20260519_18,fced4fa636db4af18515b2d55d369804,0.076,,,
4885,2026-05-19,SH601238,-0.008843427987972993,EXP_LGBModel_Alpha158_csi300_custom_step0_s_20260519_18,fced4fa636db4af18515b2d55d369804,0.076,,,
4886,2026-05-19,SH601236,-0.017846235384429462,EXP_LGBModel_Alpha158_csi300_custom_step0_s_20260519_18,fced4fa636db4af18515b2d55d369804,0.076,,,
4887,2026-05-19,SH601229,-0.04108796124378386,EXP_LGBModel_Alpha158_csi300_custom_step0_s_20260519_18,fced4fa636db4af18515b2d55d369804,0.076,,,
4888,2026-05-19,SH601225,-0.019759559600868254,EXP_LGBModel_Alpha158_csi300_custom_step0_s_20260519_18,fced4fa636db4af18515b2d55d369804,0.076,,,
4889,2026-05-19,SH601088,-0.03293552961391936,EXP_LGBModel_Alpha158_csi300_custom_step0_s_20260519_18,fced4fa636db4af18515b2d55d369804,0.076,,,
4890,2026-05-19,SH601211,-0.025884064619646416,EXP_LGBModel_Alpha158_csi300_custom_step0_s_20260519_18,fced4fa636db4af18515b2d55d369804,0.076,,,
4891,2026-05-19,SH601169,-0.037742266203389954,EXP_LGBModel_Alpha158_csi300_custom_step0_s_20260519_18,fced4fa636db4af18515b2d55d369804,0.076,,,
4892,2026-05-19,SH601166,-0.03216137635257841,EXP_LGBModel_Alpha158_csi300_custom_step0_s_20260519_18,fced4fa636db4af18515b2d55d369804,0.076,,,
4893,2026-05-19,SH601138,0.038982014524555735,EXP_LGBModel_Alpha158_csi300_custom_step0_s_20260519_18,fced4fa636db4af18515b2d55d369804,0.076,,,
4894,2026-05-19,SH601136,-0.002380916437109454,EXP_LGBModel_Alpha158_csi300_custom_step0_s_20260519_18,fced4fa636db4af18515b2d55d369804,0.076,,,
4895,2026-05-19,SH601127,0.005822030853795725,EXP_LGBModel_Alpha158_csi300_custom_step0_s_20260519_18,fced4fa636db4af18515b2d55d369804,0.076,,,
4896,2026-05-19,SH601117,-0.010689390306359405,EXP_LGBModel_Alpha158_csi300_custom_step0_s_20260519_18,fced4fa636db4af18515b2d55d369804,0.076,,,
4897,2026-05-19,SH601111,-0.004200972992332502,EXP_LGBModel_Alpha158_csi300_custom_step0_s_20260519_18,fced4fa636db4af18515b2d55d369804,0.076,,,
4898,2026-05-19,SH601186,-0.03366575094752833,EXP_LGBModel_Alpha158_csi300_custom_step0_s_20260519_18,fced4fa636db4af18515b2d55d369804,0.076,,,
4899,2026-05-19,SZ002600,-0.012018635031124207,EXP_LGBModel_Alpha158_csi300_custom_step0_s_20260519_18,fe508552529a4a3d84df19ea1cd13b2a,0.015,,,
4900,2026-05-19,SH600900,0.014187700751940889,EXP_LGBModel_Alpha158_csi300_custom_step0_s_20260519_18,fced4fa636db4af18515b2d55d369804,0.076,,,
4901,2026-05-19,SH600887,0.002698751363584501,EXP_LGBModel_Alpha158_csi300_custom_step0_s_20260519_18,fced4fa636db4af18515b2d55d369804,0.076,,,
4902,2026-05-19,SH600489,0.005558607532602984,EXP_LGBModel_Alpha158_csi300_custom_step0_s_20260519_18,fced4fa636db4af18515b2d55d369804,0.076,,,
4903,2026-05-19,SH600482,0.009459543273777847,EXP_LGBModel_Alpha158_csi300_custom_step0_s_20260519_18,fced4fa636db4af18515b2d55d369804,0.076,,,
4904,2026-05-19,SH600460,0.011545807642453818,EXP_LGBModel_Alpha158_csi300_custom_step0_s_20260519_18,fced4fa636db4af18515b2d55d369804,0.076,,,
4905,2026-05-19,SH600438,-0.003741924377703089,EXP_LGBModel_Alpha158_csi300_custom_step0_s_20260519_18,fced4fa636db4af18515b2d55d369804,0.076,,,
4906,2026-05-19,SH600436,0.007085953451991519,EXP_LGBModel_Alpha158_csi300_custom_step0_s_20260519_18,fced4fa636db4af18515b2d55d369804,0.076,,,
4907,2026-05-19,SH600426,0.001865908490062317,EXP_LGBModel_Alpha158_csi300_custom_step0_s_20260519_18,fced4fa636db4af18515b2d55d369804,0.076,,,
4908,2026-05-19,SH600415,0.018166859326019996,EXP_LGBModel_Alpha158_csi300_custom_step0_s_20260519_18,fced4fa636db4af18515b2d55d369804,0.076,,,
4909,2026-05-19,SH600515,-0.026663422634710783,EXP_LGBModel_Alpha158_csi300_custom_step0_s_20260519_18,fced4fa636db4af18515b2d55d369804,0.076,,,
4910,2026-05-19,SH600406,0.0004152586866410235,EXP_LGBModel_Alpha158_csi300_custom_step0_s_20260519_18,fced4fa636db4af18515b2d55d369804,0.076,,,
4911,2026-05-19,SH600372,0.0003292544317956853,EXP_LGBModel_Alpha158_csi300_custom_step0_s_20260519_18,fced4fa636db4af18515b2d55d369804,0.076,,,
4912,2026-05-19,SH600362,-0.006305249973538198,EXP_LGBModel_Alpha158_csi300_custom_step0_s_20260519_18,fced4fa636db4af18515b2d55d369804,0.076,,,
4913,2026-05-19,SH600346,0.001865908490062317,EXP_LGBModel_Alpha158_csi300_custom_step0_s_20260519_18,fced4fa636db4af18515b2d55d369804,0.076,,,
4914,2026-05-19,SH600309,0.002750053878618963,EXP_LGBModel_Alpha158_csi300_custom_step0_s_20260519_18,fced4fa636db4af18515b2d55d369804,0.076,,,
4915,2026-05-19,SH600276,-0.019906095826425125,EXP_LGBModel_Alpha158_csi300_custom_step0_s_20260519_18,fced4fa636db4af18515b2d55d369804,0.076,,,
4916,2026-05-19,SH600233,0.008062204703673524,EXP_LGBModel_Alpha158_csi300_custom_step0_s_20260519_18,fced4fa636db4af18515b2d55d369804,0.076,,,
4917,2026-05-19,SH600219,0.013474730793396294,EXP_LGBModel_Alpha158_csi300_custom_step0_s_20260519_18,fced4fa636db4af18515b2d55d369804,0.076,,,
4918,2026-05-19,SH600377,0.030047809282796014,EXP_LGBModel_Alpha158_csi300_custom_step0_s_20260519_18,fced4fa636db4af18515b2d55d369804,0.076,,,
4919,2026-05-19,SH600893,-0.023680508117889437,EXP_LGBModel_Alpha158_csi300_custom_step0_s_20260519_18,fced4fa636db4af18515b2d55d369804,0.076,,,
4920,2026-05-19,SH600519,-0.04595308093927773,EXP_LGBModel_Alpha158_csi300_custom_step0_s_20260519_18,fced4fa636db4af18515b2d55d369804,0.076,,,
4921,2026-05-19,SH600547,0.04886571569047796,EXP_LGBModel_Alpha158_csi300_custom_step0_s_20260519_18,fced4fa636db4af18515b2d55d369804,0.076,,,
4922,2026-05-19,SH600886,-0.026814572320951396,EXP_LGBModel_Alpha158_csi300_custom_step0_s_20260519_18,fced4fa636db4af18515b2d55d369804,0.076,,,
4923,2026-05-19,SH600875,0.037108309949582564,EXP_LGBModel_Alpha158_csi300_custom_step0_s_20260519_18,fced4fa636db4af18515b2d55d369804,0.076,,,
4924,2026-05-19,SH600845,0.03993789396714155,EXP_LGBModel_Alpha158_csi300_custom_step0_s_20260519_18,fced4fa636db4af18515b2d55d369804,0.076,,,
4925,2026-05-19,SH600809,-0.0030032030124167385,EXP_LGBModel_Alpha158_csi300_custom_step0_s_20260519_18,fced4fa636db4af18515b2d55d369804,0.076,,,
4926,2026-05-19,SH600803,-0.00799522545708493,EXP_LGBModel_Alpha158_csi300_custom_step0_s_20260519_18,fced4fa636db4af18515b2d55d369804,0.076,,,
4927,2026-05-19,SH600795,0.03487483866193986,EXP_LGBModel_Alpha158_csi300_custom_step0_s_20260519_18,fced4fa636db4af18515b2d55d369804,0.076,,,
4928,2026-05-19,SH600760,-0.006691944722628615,EXP_LGBModel_Alpha158_csi300_custom_step0_s_20260519_18,fced4fa636db4af18515b2d55d369804,0.076,,,
4929,2026-05-19,SH600522,0.005839970440257026,EXP_LGBModel_Alpha158_csi300_custom_step0_s_20260519_18,fced4fa636db4af18515b2d55d369804,0.076,,,
4930,2026-05-19,SH600741,-0.0008879544950805406,EXP_LGBModel_Alpha158_csi300_custom_step0_s_20260519_18,fced4fa636db4af18515b2d55d369804,0.076,,,
4931,2026-05-19,SH600674,0.030386014168886387,EXP_LGBModel_Alpha158_csi300_custom_step0_s_20260519_18,fced4fa636db4af18515b2d55d369804,0.076,,,
4932,2026-05-19,SH600660,-0.016018287021522776,EXP_LGBModel_Alpha158_csi300_custom_step0_s_20260519_18,fced4fa636db4af18515b2d55d369804,0.076,,,
4933,2026-05-19,SH600600,-0.015033339202973806,EXP_LGBModel_Alpha158_csi300_custom_step0_s_20260519_18,fced4fa636db4af18515b2d55d369804,0.076,,,
4934,2026-05-19,SH600588,-0.027626862257849535,EXP_LGBModel_Alpha158_csi300_custom_step0_s_20260519_18,fced4fa636db4af18515b2d55d369804,0.076,,,
4935,2026-05-19,SH600585,-0.026128351788066738,EXP_LGBModel_Alpha158_csi300_custom_step0_s_20260519_18,fced4fa636db4af18515b2d55d369804,0.076,,,
4936,2026-05-19,SH600584,0.0161626206235421,EXP_LGBModel_Alpha158_csi300_custom_step0_s_20260519_18,fced4fa636db4af18515b2d55d369804,0.076,,,
4937,2026-05-19,SH600570,0.024341529120903732,EXP_LGBModel_Alpha158_csi300_custom_step0_s_20260519_18,fced4fa636db4af18515b2d55d369804,0.076,,,
4938,2026-05-19,SH600690,-0.01393138599656439,EXP_LGBModel_Alpha158_csi300_custom_step0_s_20260519_18,fced4fa636db4af18515b2d55d369804,0.076,,,
4939,2026-05-19,SZ002594,-0.01411464936557383,EXP_LGBModel_Alpha158_csi300_custom_step0_s_20260519_18,fe508552529a4a3d84df19ea1cd13b2a,0.015,,,
4940,2026-05-19,SZ002493,-0.009223406396927973,EXP_LGBModel_Alpha158_csi300_custom_step0_s_20260519_18,fe508552529a4a3d84df19ea1cd13b2a,0.015,,,
4941,2026-05-19,SZ002475,0.03478155712158434,EXP_LGBModel_Alpha158_csi300_custom_step0_s_20260519_18,fe508552529a4a3d84df19ea1cd13b2a,0.015,,,
4942,2026-05-19,SH601919,0.010265980730241703,EXP_LGBModel_Alpha158_csi300_custom_step0_s_20260519_18,fe508552529a4a3d84df19ea1cd13b2a,0.015,,,
4943,2026-05-19,SH601916,0.006598145156703973,EXP_LGBModel_Alpha158_csi300_custom_step0_s_20260519_18,fe508552529a4a3d84df19ea1cd13b2a,0.015,,,
4944,2026-05-19,SH601901,0.0016887209139659356,EXP_LGBModel_Alpha158_csi300_custom_step0_s_20260519_18,fe508552529a4a3d84df19ea1cd13b2a,0.015,,,
4945,2026-05-19,SH601899,-0.009152973207508224,EXP_LGBModel_Alpha158_csi300_custom_step0_s_20260519_18,fe508552529a4a3d84df19ea1cd13b2a,0.015,,,
4946,2026-05-19,SH601898,-0.016443686478563063,EXP_LGBModel_Alpha158_csi300_custom_step0_s_20260519_18,fe508552529a4a3d84df19ea1cd13b2a,0.015,,,
4947,2026-05-19,SH601888,-0.004245745946392947,EXP_LGBModel_Alpha158_csi300_custom_step0_s_20260519_18,fe508552529a4a3d84df19ea1cd13b2a,0.015,,,
4948,2026-05-19,SH601881,-0.009754385758391475,EXP_LGBModel_Alpha158_csi300_custom_step0_s_20260519_18,fe508552529a4a3d84df19ea1cd13b2a,0.015,,,
4949,2026-05-19,SH601939,0.019755296127750788,EXP_LGBModel_Alpha158_csi300_custom_step0_s_20260519_18,fe508552529a4a3d84df19ea1cd13b2a,0.015,,,
4950,2026-05-19,SH601878,0.003543991447440037,EXP_LGBModel_Alpha158_csi300_custom_step0_s_20260519_18,fe508552529a4a3d84df19ea1cd13b2a,0.015,,,
4951,2026-05-19,SH601872,-0.013555354454504613,EXP_LGBModel_Alpha158_csi300_custom_step0_s_20260519_18,fe508552529a4a3d84df19ea1cd13b2a,0.015,,,
4952,2026-05-19,SH601868,-0.0034505623842618774,EXP_LGBModel_Alpha158_csi300_custom_step0_s_20260519_18,fe508552529a4a3d84df19ea1cd13b2a,0.015,,,
4953,2026-05-19,SH601857,-0.01235578798612269,EXP_LGBModel_Alpha158_csi300_custom_step0_s_20260519_18,fe508552529a4a3d84df19ea1cd13b2a,0.015,,,
4954,2026-05-19,SH601838,0.0034937515481685433,EXP_LGBModel_Alpha158_csi300_custom_step0_s_20260519_18,fe508552529a4a3d84df19ea1cd13b2a,0.015,,,
4955,2026-05-19,SH601825,0.01392164070404813,EXP_LGBModel_Alpha158_csi300_custom_step0_s_20260519_18,fe508552529a4a3d84df19ea1cd13b2a,0.015,,,
4956,2026-05-19,SH601818,0.014967690312688789,EXP_LGBModel_Alpha158_csi300_custom_step0_s_20260519_18,fe508552529a4a3d84df19ea1cd13b2a,0.015,,,
4957,2026-05-19,SH601816,0.006149368809355953,EXP_LGBModel_Alpha158_csi300_custom_step0_s_20260519_18,fe508552529a4a3d84df19ea1cd13b2a,0.015,,,
4958,2026-05-19,SH601877,-0.014246203326659247,EXP_LGBModel_Alpha158_csi300_custom_step0_s_20260519_18,fe508552529a4a3d84df19ea1cd13b2a,0.015,,,
4959,2026-05-19,SH601808,-0.001622695499799353,EXP_LGBModel_Alpha158_csi300_custom_step0_s_20260519_18,fe508552529a4a3d84df19ea1cd13b2a,0.015,,,
4960,2026-05-19,SH601985,0.005735998579438814,EXP_LGBModel_Alpha158_csi300_custom_step0_s_20260519_18,fe508552529a4a3d84df19ea1cd13b2a,0.015,,,
4961,2026-05-19,SH601995,0.0034937515481685433,EXP_LGBModel_Alpha158_csi300_custom_step0_s_20260519_18,fe508552529a4a3d84df19ea1cd13b2a,0.015,,,
4962,2026-05-19,SH605499,-0.010833577849110342,EXP_LGBModel_Alpha158_csi300_custom_step0_s_20260519_18,fe508552529a4a3d84df19ea1cd13b2a,0.015,,,
4963,2026-05-19,SH605117,-0.003904353482616891,EXP_LGBModel_Alpha158_csi300_custom_step0_s_20260519_18,fe508552529a4a3d84df19ea1cd13b2a,0.015,,,
4964,2026-05-19,SH603993,-0.013555354454504613,EXP_LGBModel_Alpha158_csi300_custom_step0_s_20260519_18,fe508552529a4a3d84df19ea1cd13b2a,0.015,,,
4965,2026-05-19,SH603986,-0.016253244272569706,EXP_LGBModel_Alpha158_csi300_custom_step0_s_20260519_18,fe508552529a4a3d84df19ea1cd13b2a,0.015,,,
4966,2026-05-19,SH603893,0.008730409566288518,EXP_LGBModel_Alpha158_csi300_custom_step0_s_20260519_18,fe508552529a4a3d84df19ea1cd13b2a,0.015,,,
4967,2026-05-19,SH603799,0.0005309789505672251,EXP_LGBModel_Alpha158_csi300_custom_step0_s_20260519_18,fe508552529a4a3d84df19ea1cd13b2a,0.015,,,
4968,2026-05-19,SH603501,0.0016900141639332991,EXP_LGBModel_Alpha158_csi300_custom_step0_s_20260519_18,fe508552529a4a3d84df19ea1cd13b2a,0.015,,,
4969,2026-05-19,SH601988,0.007514454168522963,EXP_LGBModel_Alpha158_csi300_custom_step0_s_20260519_18,fe508552529a4a3d84df19ea1cd13b2a,0.015,,,
4970,2026-05-19,SH603392,-0.016443686478563063,EXP_LGBModel_Alpha158_csi300_custom_step0_s_20260519_18,fe508552529a4a3d84df19ea1cd13b2a,0.015,,,
4971,2026-05-19,SH603296,-0.003991582248432563,EXP_LGBModel_Alpha158_csi300_custom_step0_s_20260519_18,fe508552529a4a3d84df19ea1cd13b2a,0.015,,,
4972,2026-05-19,SH603288,-0.002357353073491226,EXP_LGBModel_Alpha158_csi300_custom_step0_s_20260519_18,fe508552529a4a3d84df19ea1cd13b2a,0.015,,,
4973,2026-05-19,SH603260,-0.0072515310803750125,EXP_LGBModel_Alpha158_csi300_custom_step0_s_20260519_18,fe508552529a4a3d84df19ea1cd13b2a,0.015,,,
4974,2026-05-19,SH603259,-0.011955102709486706,EXP_LGBModel_Alpha158_csi300_custom_step0_s_20260519_18,fe508552529a4a3d84df19ea1cd13b2a,0.015,,,
4975,2026-05-19,SH603195,0.0029494902971865878,EXP_LGBModel_Alpha158_csi300_custom_step0_s_20260519_18,fe508552529a4a3d84df19ea1cd13b2a,0.015,,,
4976,2026-05-19,SH603019,-0.007942379952529648,EXP_LGBModel_Alpha158_csi300_custom_step0_s_20260519_18,fe508552529a4a3d84df19ea1cd13b2a,0.015,,,
4977,2026-05-19,SH601998,-0.016232040410794936,EXP_LGBModel_Alpha158_csi300_custom_step0_s_20260519_18,fe508552529a4a3d84df19ea1cd13b2a,0.015,,,
4978,2026-05-19,SH603369,-0.007893327834555519,EXP_LGBModel_Alpha158_csi300_custom_step0_s_20260519_18,fe508552529a4a3d84df19ea1cd13b2a,0.015,,,
4979,2026-05-19,SH688008,-0.0024939693631709048,EXP_LGBModel_Alpha158_csi300_custom_step0_s_20260519_18,fe508552529a4a3d84df19ea1cd13b2a,0.015,,,
4980,2026-05-19,SH601800,-0.0017912652877155517,EXP_LGBModel_Alpha158_csi300_custom_step0_s_20260519_18,fe508552529a4a3d84df19ea1cd13b2a,0.015,,,
4981,2026-05-19,SH601766,-0.0004831036615367911,EXP_LGBModel_Alpha158_csi300_custom_step0_s_20260519_18,fe508552529a4a3d84df19ea1cd13b2a,0.015,,,
4982,2026-05-19,SH601319,-0.014086333815968115,EXP_LGBModel_Alpha158_csi300_custom_step0_s_20260519_18,fe508552529a4a3d84df19ea1cd13b2a,0.015,,,
4983,2026-05-19,SH601318,-0.016232040410794936,EXP_LGBModel_Alpha158_csi300_custom_step0_s_20260519_18,fe508552529a4a3d84df19ea1cd13b2a,0.015,,,
4984,2026-05-19,SH601298,0.004042054779626077,EXP_LGBModel_Alpha158_csi300_custom_step0_s_20260519_18,fe508552529a4a3d84df19ea1cd13b2a,0.015,,,
4985,2026-05-19,SH601288,0.012350968278094673,EXP_LGBModel_Alpha158_csi300_custom_step0_s_20260519_18,fe508552529a4a3d84df19ea1cd13b2a,0.015,,,
4986,2026-05-19,SH601238,-0.00619364653471194,EXP_LGBModel_Alpha158_csi300_custom_step0_s_20260519_18,fe508552529a4a3d84df19ea1cd13b2a,0.015,,,
4987,2026-05-19,SH601236,-0.012111738420986425,EXP_LGBModel_Alpha158_csi300_custom_step0_s_20260519_18,fe508552529a4a3d84df19ea1cd13b2a,0.015,,,
4988,2026-05-19,SH601229,-0.0022936434140750426,EXP_LGBModel_Alpha158_csi300_custom_step0_s_20260519_18,fe508552529a4a3d84df19ea1cd13b2a,0.015,,,
4989,2026-05-19,SH601328,-0.00020865586622207402,EXP_LGBModel_Alpha158_csi300_custom_step0_s_20260519_18,fe508552529a4a3d84df19ea1cd13b2a,0.015,,,
4990,2026-05-19,SH601225,-0.01428413982247594,EXP_LGBModel_Alpha158_csi300_custom_step0_s_20260519_18,fe508552529a4a3d84df19ea1cd13b2a,0.015,,,
4991,2026-05-19,SH601186,-0.0004831036615367911,EXP_LGBModel_Alpha158_csi300_custom_step0_s_20260519_18,fe508552529a4a3d84df19ea1cd13b2a,0.015,,,
4992,2026-05-19,SH601169,0.007134943573748075,EXP_LGBModel_Alpha158_csi300_custom_step0_s_20260519_18,fe508552529a4a3d84df19ea1cd13b2a,0.015,,,
4993,2026-05-19,SH601166,-0.0022936434140750426,EXP_LGBModel_Alpha158_csi300_custom_step0_s_20260519_18,fe508552529a4a3d84df19ea1cd13b2a,0.015,,,
4994,2026-05-19,SH601138,0.023713882684726295,EXP_LGBModel_Alpha158_csi300_custom_step0_s_20260519_18,fe508552529a4a3d84df19ea1cd13b2a,0.015,,,
4995,2026-05-19,SH601136,-0.005352004511395088,EXP_LGBModel_Alpha158_csi300_custom_step0_s_20260519_18,fe508552529a4a3d84df19ea1cd13b2a,0.015,,,
4996,2026-05-19,SH601127,-0.004516899729578349,EXP_LGBModel_Alpha158_csi300_custom_step0_s_20260519_18,fe508552529a4a3d84df19ea1cd13b2a,0.015,,,
4997,2026-05-19,SH601117,-0.008508481567114635,EXP_LGBModel_Alpha158_csi300_custom_step0_s_20260519_18,fe508552529a4a3d84df19ea1cd13b2a,0.015,,,
4998,2026-05-19,SH601211,-0.0024694883564915977,EXP_LGBModel_Alpha158_csi300_custom_step0_s_20260519_18,fe508552529a4a3d84df19ea1cd13b2a,0.015,,,
4999,2026-05-19,SH601788,-0.004085726009838793,EXP_LGBModel_Alpha158_csi300_custom_step0_s_20260519_18,fe508552529a4a3d84df19ea1cd13b2a,0.015,,,
5000,2026-05-19,SH601336,-0.012111738420986425,EXP_LGBModel_Alpha158_csi300_custom_step0_s_20260519_18,fe508552529a4a3d84df19ea1cd13b2a,0.015,,,
5001,2026-05-19,SH601377,-0.0032670169635421195,EXP_LGBModel_Alpha158_csi300_custom_step0_s_20260519_18,fe508552529a4a3d84df19ea1cd13b2a,0.015,,,
5002,2026-05-19,SH601728,-0.006391622891876124,EXP_LGBModel_Alpha158_csi300_custom_step0_s_20260519_18,fe508552529a4a3d84df19ea1cd13b2a,0.015,,,
5003,2026-05-19,SH601698,-0.011226317341515378,EXP_LGBModel_Alpha158_csi300_custom_step0_s_20260519_18,fe508552529a4a3d84df19ea1cd13b2a,0.015,,,
5004,2026-05-19,SH601689,-0.007514784966673625,EXP_LGBModel_Alpha158_csi300_custom_step0_s_20260519_18,fe508552529a4a3d84df19ea1cd13b2a,0.015,,,
5005,2026-05-19,SH601688,-0.016249114271246652,EXP_LGBModel_Alpha158_csi300_custom_step0_s_20260519_18,fe508552529a4a3d84df19ea1cd13b2a,0.015,,,
5006,2026-05-19,SH601669,-0.005352004511395088,EXP_LGBModel_Alpha158_csi300_custom_step0_s_20260519_18,fe508552529a4a3d84df19ea1cd13b2a,0.015,,,
5007,2026-05-19,SH601668,0.003982903515623944,EXP_LGBModel_Alpha158_csi300_custom_step0_s_20260519_18,fe508552529a4a3d84df19ea1cd13b2a,0.015,,,
5008,2026-05-19,SH601658,0.007805891488023764,EXP_LGBModel_Alpha158_csi300_custom_step0_s_20260519_18,fe508552529a4a3d84df19ea1cd13b2a,0.015,,,
5009,2026-05-19,SH601360,-0.01175729670297888,EXP_LGBModel_Alpha158_csi300_custom_step0_s_20260519_18,fe508552529a4a3d84df19ea1cd13b2a,0.015,,,
5010,2026-05-19,SH601633,-0.004245745946392947,EXP_LGBModel_Alpha158_csi300_custom_step0_s_20260519_18,fe508552529a4a3d84df19ea1cd13b2a,0.015,,,
5011,2026-05-19,SH601618,0.008428076915325041,EXP_LGBModel_Alpha158_csi300_custom_step0_s_20260519_18,fe508552529a4a3d84df19ea1cd13b2a,0.015,,,
5012,2026-05-19,SH601607,0.01250760107047085,EXP_LGBModel_Alpha158_csi300_custom_step0_s_20260519_18,fe508552529a4a3d84df19ea1cd13b2a,0.015,,,
5013,2026-05-19,SH601601,-0.013343708386736486,EXP_LGBModel_Alpha158_csi300_custom_step0_s_20260519_18,fe508552529a4a3d84df19ea1cd13b2a,0.015,,,
5014,2026-05-19,SH601600,-0.0032599492428387264,EXP_LGBModel_Alpha158_csi300_custom_step0_s_20260519_18,fe508552529a4a3d84df19ea1cd13b2a,0.015,,,
5015,2026-05-19,SH601456,-0.005429797418820656,EXP_LGBModel_Alpha158_csi300_custom_step0_s_20260519_18,fe508552529a4a3d84df19ea1cd13b2a,0.015,,,
5016,2026-05-19,SH601398,0.007514454168522963,EXP_LGBModel_Alpha158_csi300_custom_step0_s_20260519_18,fe508552529a4a3d84df19ea1cd13b2a,0.015,,,
5017,2026-05-19,SH601390,-0.002357353073491226,EXP_LGBModel_Alpha158_csi300_custom_step0_s_20260519_18,fe508552529a4a3d84df19ea1cd13b2a,0.015,,,
5018,2026-05-19,SH601628,-0.00715006226292082,EXP_LGBModel_Alpha158_csi300_custom_step0_s_20260519_18,fe508552529a4a3d84df19ea1cd13b2a,0.015,,,
5019,2026-05-19,SH601100,-0.01175729670297888,EXP_LGBModel_Alpha158_csi300_custom_step0_s_20260519_18,fe508552529a4a3d84df19ea1cd13b2a,0.015,,,
5020,2026-05-19,SH688009,0.012964779368101385,EXP_LGBModel_Alpha158_csi300_custom_step0_s_20260519_18,fe508552529a4a3d84df19ea1cd13b2a,0.015,,,
5021,2026-05-19,SH688036,0.0031126479721289447,EXP_LGBModel_Alpha158_csi300_custom_step0_s_20260519_18,fe508552529a4a3d84df19ea1cd13b2a,0.015,,,
5022,2026-05-19,SZ002028,-0.0055939241614553666,EXP_LGBModel_Alpha158_csi300_custom_step0_s_20260519_18,fe508552529a4a3d84df19ea1cd13b2a,0.015,,,
5023,2026-05-19,SZ002027,-0.009597750046891756,EXP_LGBModel_Alpha158_csi300_custom_step0_s_20260519_18,fe508552529a4a3d84df19ea1cd13b2a,0.015,,,
5024,2026-05-19,SZ002001,-0.006823936094518989,EXP_LGBModel_Alpha158_csi300_custom_step0_s_20260519_18,fe508552529a4a3d84df19ea1cd13b2a,0.015,,,
5025,2026-05-19,SZ001979,-0.006151128904519685,EXP_LGBModel_Alpha158_csi300_custom_step0_s_20260519_18,fe508552529a4a3d84df19ea1cd13b2a,0.015,,,
5026,2026-05-19,SZ001965,0.002428219380114163,EXP_LGBModel_Alpha158_csi300_custom_step0_s_20260519_18,fe508552529a4a3d84df19ea1cd13b2a,0.015,,,
5027,2026-05-19,SZ001391,0.0022777129458837414,EXP_LGBModel_Alpha158_csi300_custom_step0_s_20260519_18,fe508552529a4a3d84df19ea1cd13b2a,0.015,,,
5028,2026-05-19,SZ000999,0.0005338167564176068,EXP_LGBModel_Alpha158_csi300_custom_step0_s_20260519_18,fe508552529a4a3d84df19ea1cd13b2a,0.015,,,
5029,2026-05-19,SZ002049,-0.007514784966673625,EXP_LGBModel_Alpha158_csi300_custom_step0_s_20260519_18,fe508552529a4a3d84df19ea1cd13b2a,0.015,,,
5030,2026-05-19,SZ000983,-0.009500622050809312,EXP_LGBModel_Alpha158_csi300_custom_step0_s_20260519_18,fe508552529a4a3d84df19ea1cd13b2a,0.015,,,
5031,2026-05-19,SZ000975,0.0005309789505672251,EXP_LGBModel_Alpha158_csi300_custom_step0_s_20260519_18,fe508552529a4a3d84df19ea1cd13b2a,0.015,,,
5032,2026-05-19,SZ000963,-0.0054807246636673105,EXP_LGBModel_Alpha158_csi300_custom_step0_s_20260519_18,fe508552529a4a3d84df19ea1cd13b2a,0.015,,,
5033,2026-05-19,SZ000938,0.028682786293789408,EXP_LGBModel_Alpha158_csi300_custom_step0_s_20260519_18,fe508552529a4a3d84df19ea1cd13b2a,0.015,,,
5034,2026-05-19,SZ000895,-0.0002723655256382574,EXP_LGBModel_Alpha158_csi300_custom_step0_s_20260519_18,fe508552529a4a3d84df19ea1cd13b2a,0.015,,,
5035,2026-05-19,SZ000876,-0.002799862855110421,EXP_LGBModel_Alpha158_csi300_custom_step0_s_20260519_18,fe508552529a4a3d84df19ea1cd13b2a,0.015,,,
5036,2026-05-19,SZ000858,-0.0017912652877155517,EXP_LGBModel_Alpha158_csi300_custom_step0_s_20260519_18,fe508552529a4a3d84df19ea1cd13b2a,0.015,,,
5037,2026-05-19,SZ000807,0.0005309789505672251,EXP_LGBModel_Alpha158_csi300_custom_step0_s_20260519_18,fe508552529a4a3d84df19ea1cd13b2a,0.015,,,
5038,2026-05-19,SZ000977,-0.0101819807442475,EXP_LGBModel_Alpha158_csi300_custom_step0_s_20260519_18,fe508552529a4a3d84df19ea1cd13b2a,0.015,,,
5039,2026-05-19,SZ000792,-0.0036894597868480363,EXP_LGBModel_Alpha158_csi300_custom_step0_s_20260519_18,fe508552529a4a3d84df19ea1cd13b2a,0.015,,,
5040,2026-05-19,SZ002050,-0.014246203326659247,EXP_LGBModel_Alpha158_csi300_custom_step0_s_20260519_18,fe508552529a4a3d84df19ea1cd13b2a,0.015,,,
5041,2026-05-19,SZ002142,0.0004029589843351774,EXP_LGBModel_Alpha158_csi300_custom_step0_s_20260519_18,fe508552529a4a3d84df19ea1cd13b2a,0.015,,,
5042,2026-05-19,SZ002466,0.0300883822065591,EXP_LGBModel_Alpha158_csi300_custom_step0_s_20260519_18,fe508552529a4a3d84df19ea1cd13b2a,0.015,,,
5043,2026-05-19,SZ002463,0.020991516420493697,EXP_LGBModel_Alpha158_csi300_custom_step0_s_20260519_18,fe508552529a4a3d84df19ea1cd13b2a,0.015,,,
5044,2026-05-19,SZ002460,-0.0016285677055198973,EXP_LGBModel_Alpha158_csi300_custom_step0_s_20260519_18,fe508552529a4a3d84df19ea1cd13b2a,0.015,,,
5045,2026-05-19,SZ002459,-0.005248620135787609,EXP_LGBModel_Alpha158_csi300_custom_step0_s_20260519_18,fe508552529a4a3d84df19ea1cd13b2a,0.015,,,
5046,2026-05-19,SZ002422,-0.00971226811857744,EXP_LGBModel_Alpha158_csi300_custom_step0_s_20260519_18,fe508552529a4a3d84df19ea1cd13b2a,0.015,,,
5047,2026-05-19,SZ002415,-0.011226317341515378,EXP_LGBModel_Alpha158_csi300_custom_step0_s_20260519_18,fe508552529a4a3d84df19ea1cd13b2a,0.015,,,
5048,2026-05-19,SZ002384,-4.1089627725711704e-10,EXP_LGBModel_Alpha158_csi300_custom_step0_s_20260519_18,fe508552529a4a3d84df19ea1cd13b2a,0.015,,,
5049,2026-05-19,SZ002074,-0.011226317341515378,EXP_LGBModel_Alpha158_csi300_custom_step0_s_20260519_18,fe508552529a4a3d84df19ea1cd13b2a,0.015,,,
5050,2026-05-19,SZ002371,0.018671837908302874,EXP_LGBModel_Alpha158_csi300_custom_step0_s_20260519_18,fe508552529a4a3d84df19ea1cd13b2a,0.015,,,
5051,2026-05-19,SZ002311,-0.00971226811857744,EXP_LGBModel_Alpha158_csi300_custom_step0_s_20260519_18,fe508552529a4a3d84df19ea1cd13b2a,0.015,,,
5052,2026-05-19,SZ002304,-0.004034099878624818,EXP_LGBModel_Alpha158_csi300_custom_step0_s_20260519_18,fe508552529a4a3d84df19ea1cd13b2a,0.015,,,
5053,2026-05-19,SZ002252,-0.014440775533975658,EXP_LGBModel_Alpha158_csi300_custom_step0_s_20260519_18,fe508552529a4a3d84df19ea1cd13b2a,0.015,,,
5054,2026-05-19,SZ002241,0.0047165925187563525,EXP_LGBModel_Alpha158_csi300_custom_step0_s_20260519_18,fe508552529a4a3d84df19ea1cd13b2a,0.015,,,
5055,2026-05-19,SZ002236,-0.0038253255907218656,EXP_LGBModel_Alpha158_csi300_custom_step0_s_20260519_18,fe508552529a4a3d84df19ea1cd13b2a,0.015,,,
5056,2026-05-19,SZ002230,-0.006218538029059521,EXP_LGBModel_Alpha158_csi300_custom_step0_s_20260519_18,fe508552529a4a3d84df19ea1cd13b2a,0.015,,,
5057,2026-05-19,SZ002179,-0.014086333815968115,EXP_LGBModel_Alpha158_csi300_custom_step0_s_20260519_18,fe508552529a4a3d84df19ea1cd13b2a,0.015,,,
5058,2026-05-19,SZ002352,-0.009754385758391475,EXP_LGBModel_Alpha158_csi300_custom_step0_s_20260519_18,fe508552529a4a3d84df19ea1cd13b2a,0.015,,,
5059,2026-05-19,SH688012,-0.0025456820558103525,EXP_LGBModel_Alpha158_csi300_custom_step0_s_20260519_18,fe508552529a4a3d84df19ea1cd13b2a,0.015,,,
5060,2026-05-19,SZ000786,-0.007821492456990408,EXP_LGBModel_Alpha158_csi300_custom_step0_s_20260519_18,fe508552529a4a3d84df19ea1cd13b2a,0.015,,,
5061,2026-05-19,SZ000768,-0.014440775533975658,EXP_LGBModel_Alpha158_csi300_custom_step0_s_20260519_18,fe508552529a4a3d84df19ea1cd13b2a,0.015,,,
5062,2026-05-19,SZ000001,-0.005352004511395088,EXP_LGBModel_Alpha158_csi300_custom_step0_s_20260519_18,fe508552529a4a3d84df19ea1cd13b2a,0.015,,,
5063,2026-05-19,SH688981,0.0008514919360597568,EXP_LGBModel_Alpha158_csi300_custom_step0_s_20260519_18,fe508552529a4a3d84df19ea1cd13b2a,0.015,,,
5064,2026-05-19,SH688506,0.014892745592698766,EXP_LGBModel_Alpha158_csi300_custom_step0_s_20260519_18,fe508552529a4a3d84df19ea1cd13b2a,0.015,,,
5065,2026-05-19,SH688472,-0.014086333815968115,EXP_LGBModel_Alpha158_csi300_custom_step0_s_20260519_18,fe508552529a4a3d84df19ea1cd13b2a,0.015,,,
5066,2026-05-19,SH688396,0.018671837908302874,EXP_LGBModel_Alpha158_csi300_custom_step0_s_20260519_18,fe508552529a4a3d84df19ea1cd13b2a,0.015,,,
5067,2026-05-19,SH688303,-0.0072515310803750125,EXP_LGBModel_Alpha158_csi300_custom_step0_s_20260519_18,fe508552529a4a3d84df19ea1cd13b2a,0.015,,,
5068,2026-05-19,SH688271,-0.007269831149454928,EXP_LGBModel_Alpha158_csi300_custom_step0_s_20260519_18,fe508552529a4a3d84df19ea1cd13b2a,0.015,,,
5069,2026-05-19,SZ000002,-0.014440775533975658,EXP_LGBModel_Alpha158_csi300_custom_step0_s_20260519_18,fe508552529a4a3d84df19ea1cd13b2a,0.015,,,
5070,2026-05-19,SH688256,-0.011653425401701403,EXP_LGBModel_Alpha158_csi300_custom_step0_s_20260519_18,fe508552529a4a3d84df19ea1cd13b2a,0.015,,,
5071,2026-05-19,SH688187,-0.00985585457584567,EXP_LGBModel_Alpha158_csi300_custom_step0_s_20260519_18,fe508552529a4a3d84df19ea1cd13b2a,0.015,,,
5072,2026-05-19,SH688169,-0.004490678593153632,EXP_LGBModel_Alpha158_csi300_custom_step0_s_20260519_18,fe508552529a4a3d84df19ea1cd13b2a,0.015,,,
5073,2026-05-19,SH688126,-0.0025456820558103525,EXP_LGBModel_Alpha158_csi300_custom_step0_s_20260519_18,fe508552529a4a3d84df19ea1cd13b2a,0.015,,,
5074,2026-05-19,SH688111,-0.016443686478563063,EXP_LGBModel_Alpha158_csi300_custom_step0_s_20260519_18,fe508552529a4a3d84df19ea1cd13b2a,0.015,,,
5075,2026-05-19,SH688082,-0.00854593792762762,EXP_LGBModel_Alpha158_csi300_custom_step0_s_20260519_18,fe508552529a4a3d84df19ea1cd13b2a,0.015,,,
5076,2026-05-19,SH688047,0.006950262763854685,EXP_LGBModel_Alpha158_csi300_custom_step0_s_20260519_18,fe508552529a4a3d84df19ea1cd13b2a,0.015,,,
5077,2026-05-19,SH688041,0.016109718802385185,EXP_LGBModel_Alpha158_csi300_custom_step0_s_20260519_18,fe508552529a4a3d84df19ea1cd13b2a,0.015,,,
5078,2026-05-19,SH688223,-0.0037986234494313278,EXP_LGBModel_Alpha158_csi300_custom_step0_s_20260519_18,fe508552529a4a3d84df19ea1cd13b2a,0.015,,,
5079,2026-05-19,SZ000776,-0.005248620135787609,EXP_LGBModel_Alpha158_csi300_custom_step0_s_20260519_18,fe508552529a4a3d84df19ea1cd13b2a,0.015,,,
5080,2026-05-19,SZ000063,-0.011846733024250263,EXP_LGBModel_Alpha158_csi300_custom_step0_s_20260519_18,fe508552529a4a3d84df19ea1cd13b2a,0.015,,,
5081,2026-05-19,SZ000157,-0.01101467127374725,EXP_LGBModel_Alpha158_csi300_custom_step0_s_20260519_18,fe508552529a4a3d84df19ea1cd13b2a,0.015,,,
5082,2026-05-19,SZ000725,0.0012228405596915318,EXP_LGBModel_Alpha158_csi300_custom_step0_s_20260519_18,fe508552529a4a3d84df19ea1cd13b2a,0.015,,,
5083,2026-05-19,SZ000708,-0.006334097367318026,EXP_LGBModel_Alpha158_csi300_custom_step0_s_20260519_18,fe508552529a4a3d84df19ea1cd13b2a,0.015,,,
5084,2026-05-19,SZ000661,-0.010279372133654457,EXP_LGBModel_Alpha158_csi300_custom_step0_s_20260519_18,fe508552529a4a3d84df19ea1cd13b2a,0.015,,,
5085,2026-05-19,SZ000651,0.0034937515481685433,EXP_LGBModel_Alpha158_csi300_custom_step0_s_20260519_18,fe508552529a4a3d84df19ea1cd13b2a,0.015,,,
5086,2026-05-19,SZ000630,-0.009152973207508224,EXP_LGBModel_Alpha158_csi300_custom_step0_s_20260519_18,fe508552529a4a3d84df19ea1cd13b2a,0.015,,,
5087,2026-05-19,SZ000625,-0.0020029113554836803,EXP_LGBModel_Alpha158_csi300_custom_step0_s_20260519_18,fe508552529a4a3d84df19ea1cd13b2a,0.015,,,
5088,2026-05-19,SZ000617,-0.011226317341515378,EXP_LGBModel_Alpha158_csi300_custom_step0_s_20260519_18,fe508552529a4a3d84df19ea1cd13b2a,0.015,,,
5089,2026-05-19,SZ000100,0.002826016177341275,EXP_LGBModel_Alpha158_csi300_custom_step0_s_20260519_18,fe508552529a4a3d84df19ea1cd13b2a,0.015,,,
5090,2026-05-19,SZ000596,-0.011955102709486706,EXP_LGBModel_Alpha158_csi300_custom_step0_s_20260519_18,fe508552529a4a3d84df19ea1cd13b2a,0.015,,,
5091,2026-05-19,SZ000538,-0.0022936434140750426,EXP_LGBModel_Alpha158_csi300_custom_step0_s_20260519_18,fe508552529a4a3d84df19ea1cd13b2a,0.015,,,
5092,2026-05-19,SZ000425,-0.01175729670297888,EXP_LGBModel_Alpha158_csi300_custom_step0_s_20260519_18,fe508552529a4a3d84df19ea1cd13b2a,0.015,,,
5093,2026-05-19,SZ000408,-0.0017980581624220092,EXP_LGBModel_Alpha158_csi300_custom_step0_s_20260519_18,fe508552529a4a3d84df19ea1cd13b2a,0.015,,,
5094,2026-05-19,SZ000338,0.039663354739692847,EXP_LGBModel_Alpha158_csi300_custom_step0_s_20260519_18,fe508552529a4a3d84df19ea1cd13b2a,0.015,,,
5095,2026-05-19,SZ000333,0.0029060527662181012,EXP_LGBModel_Alpha158_csi300_custom_step0_s_20260519_18,fe508552529a4a3d84df19ea1cd13b2a,0.015,,,
5096,2026-05-19,SZ000301,-0.005352004511395088,EXP_LGBModel_Alpha158_csi300_custom_step0_s_20260519_18,fe508552529a4a3d84df19ea1cd13b2a,0.015,,,
5097,2026-05-19,SZ000166,-0.005465140269325605,EXP_LGBModel_Alpha158_csi300_custom_step0_s_20260519_18,fe508552529a4a3d84df19ea1cd13b2a,0.015,,,
5098,2026-05-19,SZ000568,-0.0022428350018055434,EXP_LGBModel_Alpha158_csi300_custom_step0_s_20260519_18,fe508552529a4a3d84df19ea1cd13b2a,0.015,,,
5099,2026-05-19,SZ302132,-0.030073080211877823,EXP_XGBModel_Alpha158_csi300_custom_step0_s_20260519_15,e0070c9cce404396920a7c9465f6b908,0.057,,,
